model,factorial_cell,seed,target,prediction,residual,plotted_y,test_mae,test_rmse,test_r2,test_pearson
EvolveGCN-H,h32_k4,123,0.11020000278949738,0.29995664954185486,0.18975664675235748,0.18975664675235748,0.0975723499059677,0.11518685155360059,-0.02486996102740413,-0.10346089350968064
EvolveGCN-H,h32_k4,123,0.2766000032424927,0.27213507890701294,-0.004464924335479736,-0.004464924335479736,0.0975723499059677,0.11518685155360059,-0.02486996102740413,-0.10346089350968064
EvolveGCN-H,h32_k4,123,0.4758000075817108,0.2995128631591797,-0.17628714442253113,-0.17628714442253113,0.0975723499059677,0.11518685155360059,-0.02486996102740413,-0.10346089350968064
EvolveGCN-H,h32_k4,123,0.17579999566078186,0.29293692111968994,0.11713692545890808,0.11713692545890808,0.0975723499059677,0.11518685155360059,-0.02486996102740413,-0.10346089350968064
EvolveGCN-H,h32_k4,123,0.4918000102043152,0.2774334251880646,-0.2143665850162506,-0.2143665850162506,0.0975723499059677,0.11518685155360059,-0.02486996102740413,-0.10346089350968064
EvolveGCN-H,h32_k4,123,0.12020000070333481,0.3036711513996124,0.18347115069627762,0.18347115069627762,0.0975723499059677,0.11518685155360059,-0.02486996102740413,-0.10346089350968064
EvolveGCN-H,h32_k4,123,0.3601999878883362,0.2905076742172241,-0.06969231367111206,-0.06969231367111206,0.0975723499059677,0.11518685155360059,-0.02486996102740413,-0.10346089350968064
EvolveGCN-H,h32_k4,123,0.29820001125335693,0.2830312252044678,-0.01516878604888916,-0.01516878604888916,0.0975723499059677,0.11518685155360059,-0.02486996102740413,-0.10346089350968064
EvolveGCN-H,h32_k4,123,0.20739999413490295,0.3030335009098053,0.09563350677490234,0.09563350677490234,0.0975723499059677,0.11518685155360059,-0.02486996102740413,-0.10346089350968064
EvolveGCN-H,h32_k4,123,0.3529999852180481,0.2884998321533203,-0.06450015306472778,-0.06450015306472778,0.0975723499059677,0.11518685155360059,-0.02486996102740413,-0.10346089350968064
EvolveGCN-H,h32_k4,123,0.15060000121593475,0.2928907871246338,0.14229078590869904,0.14229078590869904,0.0975723499059677,0.11518685155360059,-0.02486996102740413,-0.10346089350968064
EvolveGCN-H,h32_k4,123,0.10859999805688858,0.29562920331954956,0.18702920526266098,0.18702920526266098,0.0975723499059677,0.11518685155360059,-0.02486996102740413,-0.10346089350968064
EvolveGCN-H,h32_k4,123,0.4625999927520752,0.28351789712905884,-0.17908209562301636,-0.17908209562301636,0.0975723499059677,0.11518685155360059,-0.02486996102740413,-0.10346089350968064
EvolveGCN-H,h32_k4,123,0.2754000127315521,0.2884370982646942,0.01303708553314209,0.01303708553314209,0.0975723499059677,0.11518685155360059,-0.02486996102740413,-0.10346089350968064
EvolveGCN-H,h32_k4,123,0.19419999420642853,0.30627983808517456,0.11207984387874603,0.11207984387874603,0.0975723499059677,0.11518685155360059,-0.02486996102740413,-0.10346089350968064
EvolveGCN-H,h32_k4,123,0.40779998898506165,0.298012375831604,-0.10978761315345764,-0.10978761315345764,0.0975723499059677,0.11518685155360059,-0.02486996102740413,-0.10346089350968064
EvolveGCN-H,h32_k4,123,0.11940000206232071,0.2942411005496979,0.17484109848737717,0.17484109848737717,0.0975723499059677,0.11518685155360059,-0.02486996102740413,-0.10346089350968064
EvolveGCN-H,h32_k4,123,0.38499999046325684,0.2873522639274597,-0.09764772653579712,-0.09764772653579712,0.0975723499059677,0.11518685155360059,-0.02486996102740413,-0.10346089350968064
EvolveGCN-H,h32_k4,123,0.16699999570846558,0.29454144835472107,0.1275414526462555,0.1275414526462555,0.0975723499059677,0.11518685155360059,-0.02486996102740413,-0.10346089350968064
EvolveGCN-H,h32_k4,123,0.27619999647140503,0.30577147006988525,0.029571473598480225,0.029571473598480225,0.0975723499059677,0.11518685155360059,-0.02486996102740413,-0.10346089350968064
EvolveGCN-H,h32_k4,123,0.4578000009059906,0.2878521978855133,-0.1699478030204773,-0.1699478030204773,0.0975723499059677,0.11518685155360059,-0.02486996102740413,-0.10346089350968064
EvolveGCN-H,h32_k4,123,0.4941999912261963,0.28930240869522095,-0.20489758253097534,-0.20489758253097534,0.0975723499059677,0.11518685155360059,-0.02486996102740413,-0.10346089350968064
EvolveGCN-H,h32_k4,123,0.24379999935626984,0.2839708924293518,0.04017089307308197,0.04017089307308197,0.0975723499059677,0.11518685155360059,-0.02486996102740413,-0.10346089350968064
EvolveGCN-H,h32_k4,123,0.10700000077486038,0.298811137676239,0.19181113690137863,0.19181113690137863,0.0975723499059677,0.11518685155360059,-0.02486996102740413,-0.10346089350968064
EvolveGCN-H,h32_k4,123,0.18979999423027039,0.2943093776702881,0.1045093834400177,0.1045093834400177,0.0975723499059677,0.11518685155360059,-0.02486996102740413,-0.10346089350968064
EvolveGCN-H,h32_k4,123,0.2978000044822693,0.29999110102653503,0.002191096544265747,0.002191096544265747,0.0975723499059677,0.11518685155360059,-0.02486996102740413,-0.10346089350968064
EvolveGCN-H,h32_k4,123,0.35339999198913574,0.2953370213508606,-0.058062970638275146,-0.058062970638275146,0.0975723499059677,0.11518685155360059,-0.02486996102740413,-0.10346089350968064
EvolveGCN-H,h32_k4,123,0.10899999737739563,0.2924799919128418,0.18347999453544617,0.18347999453544617,0.0975723499059677,0.11518685155360059,-0.02486996102740413,-0.10346089350968064
EvolveGCN-H,h32_k4,123,0.16019999980926514,0.2757418751716614,0.11554187536239624,0.11554187536239624,0.0975723499059677,0.11518685155360059,-0.02486996102740413,-0.10346089350968064
EvolveGCN-H,h32_k4,123,0.29019999504089355,0.2839115262031555,-0.006288468837738037,-0.006288468837738037,0.0975723499059677,0.11518685155360059,-0.02486996102740413,-0.10346089350968064
EvolveGCN-H,h32_k4,123,0.17739999294281006,0.2916296422481537,0.11422964930534363,0.11422964930534363,0.0975723499059677,0.11518685155360059,-0.02486996102740413,-0.10346089350968064
EvolveGCN-H,h32_k4,123,0.2101999968290329,0.3023097515106201,0.09210975468158722,0.09210975468158722,0.0975723499059677,0.11518685155360059,-0.02486996102740413,-0.10346089350968064
EvolveGCN-H,h32_k4,123,0.26339998841285706,0.2922503650188446,0.02885037660598755,0.02885037660598755,0.0975723499059677,0.11518685155360059,-0.02486996102740413,-0.10346089350968064
EvolveGCN-H,h32_k4,123,0.4189999997615814,0.2865728735923767,-0.1324271261692047,-0.1324271261692047,0.0975723499059677,0.11518685155360059,-0.02486996102740413,-0.10346089350968064
EvolveGCN-H,h32_k4,123,0.1738000065088272,0.29553619027137756,0.12173618376255035,0.12173618376255035,0.0975723499059677,0.11518685155360059,-0.02486996102740413,-0.10346089350968064
EvolveGCN-H,h32_k4,123,0.4138000011444092,0.28252941370010376,-0.13127058744430542,-0.13127058744430542,0.0975723499059677,0.11518685155360059,-0.02486996102740413,-0.10346089350968064
EvolveGCN-H,h32_k4,123,0.11500000208616257,0.3006253242492676,0.185625322163105,0.185625322163105,0.0975723499059677,0.11518685155360059,-0.02486996102740413,-0.10346089350968064
EvolveGCN-H,h32_k4,123,0.3693999946117401,0.31090715527534485,-0.058492839336395264,-0.058492839336395264,0.0975723499059677,0.11518685155360059,-0.02486996102740413,-0.10346089350968064
EvolveGCN-H,h32_k4,123,0.10419999808073044,0.3021545112133026,0.19795451313257217,0.19795451313257217,0.0975723499059677,0.11518685155360059,-0.02486996102740413,-0.10346089350968064
EvolveGCN-H,h32_k4,123,0.23980000615119934,0.29267361760139465,0.05287361145019531,0.05287361145019531,0.0975723499059677,0.11518685155360059,-0.02486996102740413,-0.10346089350968064
EvolveGCN-H,h32_k4,123,0.272599995136261,0.27474725246429443,0.0021472573280334473,0.0021472573280334473,0.0975723499059677,0.11518685155360059,-0.02486996102740413,-0.10346089350968064
EvolveGCN-H,h32_k4,123,0.38420000672340393,0.2934879660606384,-0.0907120406627655,-0.0907120406627655,0.0975723499059677,0.11518685155360059,-0.02486996102740413,-0.10346089350968064
EvolveGCN-H,h32_k4,123,0.4569999873638153,0.28157979249954224,-0.17542019486427307,-0.17542019486427307,0.0975723499059677,0.11518685155360059,-0.02486996102740413,-0.10346089350968064
EvolveGCN-H,h32_k4,123,0.41620001196861267,0.2886313199996948,-0.12756869196891785,-0.12756869196891785,0.0975723499059677,0.11518685155360059,-0.02486996102740413,-0.10346089350968064
EvolveGCN-H,h32_k4,123,0.2770000100135803,0.2875902056694031,0.010590195655822754,0.010590195655822754,0.0975723499059677,0.11518685155360059,-0.02486996102740413,-0.10346089350968064
EvolveGCN-H,h32_k4,123,0.3578000068664551,0.268029123544693,-0.08977088332176208,-0.08977088332176208,0.0975723499059677,0.11518685155360059,-0.02486996102740413,-0.10346089350968064
EvolveGCN-H,h32_k4,123,0.4406000077724457,0.2912476062774658,-0.14935240149497986,-0.14935240149497986,0.0975723499059677,0.11518685155360059,-0.02486996102740413,-0.10346089350968064
EvolveGCN-H,h32_k4,123,0.3418000042438507,0.291340708732605,-0.05045929551124573,-0.05045929551124573,0.0975723499059677,0.11518685155360059,-0.02486996102740413,-0.10346089350968064
EvolveGCN-H,h32_k4,123,0.1462000012397766,0.2910333275794983,0.14483332633972168,0.14483332633972168,0.0975723499059677,0.11518685155360059,-0.02486996102740413,-0.10346089350968064
EvolveGCN-H,h32_k4,123,0.3357999920845032,0.2741680443286896,-0.0616319477558136,-0.0616319477558136,0.0975723499059677,0.11518685155360059,-0.02486996102740413,-0.10346089350968064
EvolveGCN-H,h32_k4,123,0.41019999980926514,0.30087411403656006,-0.10932588577270508,-0.10932588577270508,0.0975723499059677,0.11518685155360059,-0.02486996102740413,-0.10346089350968064
EvolveGCN-H,h32_k4,123,0.24500000476837158,0.29177048802375793,0.04677048325538635,0.04677048325538635,0.0975723499059677,0.11518685155360059,-0.02486996102740413,-0.10346089350968064
EvolveGCN-H,h32_k4,123,0.19820000231266022,0.26742395758628845,0.06922395527362823,0.06922395527362823,0.0975723499059677,0.11518685155360059,-0.02486996102740413,-0.10346089350968064
EvolveGCN-H,h32_k4,123,0.46459999680519104,0.2962978482246399,-0.16830214858055115,-0.16830214858055115,0.0975723499059677,0.11518685155360059,-0.02486996102740413,-0.10346089350968064
EvolveGCN-H,h32_k4,123,0.3901999890804291,0.2859373092651367,-0.10426267981529236,-0.10426267981529236,0.0975723499059677,0.11518685155360059,-0.02486996102740413,-0.10346089350968064
EvolveGCN-H,h32_k4,123,0.241799995303154,0.293038010597229,0.05123801529407501,0.05123801529407501,0.0975723499059677,0.11518685155360059,-0.02486996102740413,-0.10346089350968064
EvolveGCN-H,h32_k4,123,0.32339999079704285,0.29719626903533936,-0.02620372176170349,-0.02620372176170349,0.0975723499059677,0.11518685155360059,-0.02486996102740413,-0.10346089350968064
EvolveGCN-H,h32_k4,123,0.23819999396800995,0.29898175597190857,0.06078176200389862,0.06078176200389862,0.0975723499059677,0.11518685155360059,-0.02486996102740413,-0.10346089350968064
EvolveGCN-H,h32_k4,123,0.4729999899864197,0.3048068583011627,-0.16819313168525696,-0.16819313168525696,0.0975723499059677,0.11518685155360059,-0.02486996102740413,-0.10346089350968064
EvolveGCN-H,h32_k4,123,0.4302000105381012,0.27983585000038147,-0.15036416053771973,-0.15036416053771973,0.0975723499059677,0.11518685155360059,-0.02486996102740413,-0.10346089350968064
EvolveGCN-H,h32_k4,123,0.35580000281333923,0.29086336493492126,-0.06493663787841797,-0.06493663787841797,0.0975723499059677,0.11518685155360059,-0.02486996102740413,-0.10346089350968064
EvolveGCN-H,h32_k4,123,0.43059998750686646,0.3011969029903412,-0.12940308451652527,-0.12940308451652527,0.0975723499059677,0.11518685155360059,-0.02486996102740413,-0.10346089350968064
EvolveGCN-H,h32_k4,123,0.2750000059604645,0.27911561727523804,0.00411561131477356,0.00411561131477356,0.0975723499059677,0.11518685155360059,-0.02486996102740413,-0.10346089350968064
EvolveGCN-H,h32_k4,123,0.41499999165534973,0.2956744134426117,-0.11932557821273804,-0.11932557821273804,0.0975723499059677,0.11518685155360059,-0.02486996102740413,-0.10346089350968064
EvolveGCN-H,h32_k4,123,0.3061999976634979,0.2960224449634552,-0.010177552700042725,-0.010177552700042725,0.0975723499059677,0.11518685155360059,-0.02486996102740413,-0.10346089350968064
EvolveGCN-H,h32_k4,123,0.22059999406337738,0.27922213077545166,0.05862213671207428,0.05862213671207428,0.0975723499059677,0.11518685155360059,-0.02486996102740413,-0.10346089350968064
EvolveGCN-H,h32_k4,123,0.4410000145435333,0.29722052812576294,-0.14377948641777039,-0.14377948641777039,0.0975723499059677,0.11518685155360059,-0.02486996102740413,-0.10346089350968064
EvolveGCN-H,h32_k4,123,0.34540000557899475,0.30818408727645874,-0.03721591830253601,-0.03721591830253601,0.0975723499059677,0.11518685155360059,-0.02486996102740413,-0.10346089350968064
EvolveGCN-H,h32_k4,123,0.19020000100135803,0.29505455493927,0.10485455393791199,0.10485455393791199,0.0975723499059677,0.11518685155360059,-0.02486996102740413,-0.10346089350968064
EvolveGCN-H,h32_k4,123,0.20340000092983246,0.27801886200904846,0.074618861079216,0.074618861079216,0.0975723499059677,0.11518685155360059,-0.02486996102740413,-0.10346089350968064
EvolveGCN-H,h32_k4,123,0.2937999963760376,0.29803887009620667,0.004238873720169067,0.004238873720169067,0.0975723499059677,0.11518685155360059,-0.02486996102740413,-0.10346089350968064
EvolveGCN-H,h32_k4,123,0.2502000033855438,0.2891319990158081,0.03893199563026428,0.03893199563026428,0.0975723499059677,0.11518685155360059,-0.02486996102740413,-0.10346089350968064
EvolveGCN-H,h32_k4,123,0.2962000072002411,0.2987915277481079,0.0025915205478668213,0.0025915205478668213,0.0975723499059677,0.11518685155360059,-0.02486996102740413,-0.10346089350968064
EvolveGCN-H,h32_k4,123,0.3709999918937683,0.31379568576812744,-0.05720430612564087,-0.05720430612564087,0.0975723499059677,0.11518685155360059,-0.02486996102740413,-0.10346089350968064
EvolveGCN-H,h32_k4,123,0.17980000376701355,0.2947002649307251,0.11490026116371155,0.11490026116371155,0.0975723499059677,0.11518685155360059,-0.02486996102740413,-0.10346089350968064
Static GCN,h32_k4,123,0.11020000278949738,0.2952245771884918,0.18502457439899445,0.18502457439899445,0.09743845760822296,0.11379488619848535,-0.00024972444718751596,0.004551534001146711
Static GCN,h32_k4,123,0.2766000032424927,0.2942425012588501,0.017642498016357422,0.017642498016357422,0.09743845760822296,0.11379488619848535,-0.00024972444718751596,0.004551534001146711
Static GCN,h32_k4,123,0.4758000075817108,0.2952245771884918,-0.180575430393219,-0.180575430393219,0.09743845760822296,0.11379488619848535,-0.00024972444718751596,0.004551534001146711
Static GCN,h32_k4,123,0.17579999566078186,0.2952245771884918,0.11942458152770996,0.11942458152770996,0.09743845760822296,0.11379488619848535,-0.00024972444718751596,0.004551534001146711
Static GCN,h32_k4,123,0.4918000102043152,0.2952245771884918,-0.19657543301582336,-0.19657543301582336,0.09743845760822296,0.11379488619848535,-0.00024972444718751596,0.004551534001146711
Static GCN,h32_k4,123,0.12020000070333481,0.2952245771884918,0.175024576485157,0.175024576485157,0.09743845760822296,0.11379488619848535,-0.00024972444718751596,0.004551534001146711
Static GCN,h32_k4,123,0.3601999878883362,0.2952245771884918,-0.06497541069984436,-0.06497541069984436,0.09743845760822296,0.11379488619848535,-0.00024972444718751596,0.004551534001146711
Static GCN,h32_k4,123,0.29820001125335693,0.29386162757873535,-0.004338383674621582,-0.004338383674621582,0.09743845760822296,0.11379488619848535,-0.00024972444718751596,0.004551534001146711
Static GCN,h32_k4,123,0.20739999413490295,0.2952245771884918,0.08782458305358887,0.08782458305358887,0.09743845760822296,0.11379488619848535,-0.00024972444718751596,0.004551534001146711
Static GCN,h32_k4,123,0.3529999852180481,0.2952245771884918,-0.057775408029556274,-0.057775408029556274,0.09743845760822296,0.11379488619848535,-0.00024972444718751596,0.004551534001146711
Static GCN,h32_k4,123,0.15060000121593475,0.2952245771884918,0.14462457597255707,0.14462457597255707,0.09743845760822296,0.11379488619848535,-0.00024972444718751596,0.004551534001146711
Static GCN,h32_k4,123,0.10859999805688858,0.29939740896224976,0.19079741090536118,0.19079741090536118,0.09743845760822296,0.11379488619848535,-0.00024972444718751596,0.004551534001146711
Static GCN,h32_k4,123,0.4625999927520752,0.2952245771884918,-0.16737541556358337,-0.16737541556358337,0.09743845760822296,0.11379488619848535,-0.00024972444718751596,0.004551534001146711
Static GCN,h32_k4,123,0.2754000127315521,0.2944602370262146,0.019060224294662476,0.019060224294662476,0.09743845760822296,0.11379488619848535,-0.00024972444718751596,0.004551534001146711
Static GCN,h32_k4,123,0.19419999420642853,0.2952245771884918,0.1010245829820633,0.1010245829820633,0.09743845760822296,0.11379488619848535,-0.00024972444718751596,0.004551534001146711
Static GCN,h32_k4,123,0.40779998898506165,0.2952245771884918,-0.11257541179656982,-0.11257541179656982,0.09743845760822296,0.11379488619848535,-0.00024972444718751596,0.004551534001146711
Static GCN,h32_k4,123,0.11940000206232071,0.2952245771884918,0.1758245751261711,0.1758245751261711,0.09743845760822296,0.11379488619848535,-0.00024972444718751596,0.004551534001146711
Static GCN,h32_k4,123,0.38499999046325684,0.3049277067184448,-0.08007228374481201,-0.08007228374481201,0.09743845760822296,0.11379488619848535,-0.00024972444718751596,0.004551534001146711
Static GCN,h32_k4,123,0.16699999570846558,0.2930843234062195,0.1260843276977539,0.1260843276977539,0.09743845760822296,0.11379488619848535,-0.00024972444718751596,0.004551534001146711
Static GCN,h32_k4,123,0.27619999647140503,0.2952245771884918,0.019024580717086792,0.019024580717086792,0.09743845760822296,0.11379488619848535,-0.00024972444718751596,0.004551534001146711
Static GCN,h32_k4,123,0.4578000009059906,0.2952245771884918,-0.16257542371749878,-0.16257542371749878,0.09743845760822296,0.11379488619848535,-0.00024972444718751596,0.004551534001146711
Static GCN,h32_k4,123,0.4941999912261963,0.2952245771884918,-0.19897541403770447,-0.19897541403770447,0.09743845760822296,0.11379488619848535,-0.00024972444718751596,0.004551534001146711
Static GCN,h32_k4,123,0.24379999935626984,0.2952245771884918,0.051424577832221985,0.051424577832221985,0.09743845760822296,0.11379488619848535,-0.00024972444718751596,0.004551534001146711
Static GCN,h32_k4,123,0.10700000077486038,0.2952245771884918,0.18822457641363144,0.18822457641363144,0.09743845760822296,0.11379488619848535,-0.00024972444718751596,0.004551534001146711
Static GCN,h32_k4,123,0.18979999423027039,0.2952245771884918,0.10542458295822144,0.10542458295822144,0.09743845760822296,0.11379488619848535,-0.00024972444718751596,0.004551534001146711
Static GCN,h32_k4,123,0.2978000044822693,0.2952245771884918,-0.002575427293777466,-0.002575427293777466,0.09743845760822296,0.11379488619848535,-0.00024972444718751596,0.004551534001146711
Static GCN,h32_k4,123,0.35339999198913574,0.2952245771884918,-0.05817541480064392,-0.05817541480064392,0.09743845760822296,0.11379488619848535,-0.00024972444718751596,0.004551534001146711
Static GCN,h32_k4,123,0.10899999737739563,0.29509228467941284,0.1860922873020172,0.1860922873020172,0.09743845760822296,0.11379488619848535,-0.00024972444718751596,0.004551534001146711
Static GCN,h32_k4,123,0.16019999980926514,0.2952245771884918,0.13502457737922668,0.13502457737922668,0.09743845760822296,0.11379488619848535,-0.00024972444718751596,0.004551534001146711
Static GCN,h32_k4,123,0.29019999504089355,0.2952245771884918,0.005024582147598267,0.005024582147598267,0.09743845760822296,0.11379488619848535,-0.00024972444718751596,0.004551534001146711
Static GCN,h32_k4,123,0.17739999294281006,0.29674196243286133,0.11934196949005127,0.11934196949005127,0.09743845760822296,0.11379488619848535,-0.00024972444718751596,0.004551534001146711
Static GCN,h32_k4,123,0.2101999968290329,0.2952245771884918,0.08502458035945892,0.08502458035945892,0.09743845760822296,0.11379488619848535,-0.00024972444718751596,0.004551534001146711
Static GCN,h32_k4,123,0.26339998841285706,0.2952245771884918,0.031824588775634766,0.031824588775634766,0.09743845760822296,0.11379488619848535,-0.00024972444718751596,0.004551534001146711
Static GCN,h32_k4,123,0.4189999997615814,0.2952245771884918,-0.1237754225730896,-0.1237754225730896,0.09743845760822296,0.11379488619848535,-0.00024972444718751596,0.004551534001146711
Static GCN,h32_k4,123,0.1738000065088272,0.2943251132965088,0.12052510678768158,0.12052510678768158,0.09743845760822296,0.11379488619848535,-0.00024972444718751596,0.004551534001146711
Static GCN,h32_k4,123,0.4138000011444092,0.2952245771884918,-0.11857542395591736,-0.11857542395591736,0.09743845760822296,0.11379488619848535,-0.00024972444718751596,0.004551534001146711
Static GCN,h32_k4,123,0.11500000208616257,0.2969149947166443,0.18191499263048172,0.18191499263048172,0.09743845760822296,0.11379488619848535,-0.00024972444718751596,0.004551534001146711
Static GCN,h32_k4,123,0.3693999946117401,0.29493826627731323,-0.07446172833442688,-0.07446172833442688,0.09743845760822296,0.11379488619848535,-0.00024972444718751596,0.004551534001146711
Static GCN,h32_k4,123,0.10419999808073044,0.2952245771884918,0.19102457910776138,0.19102457910776138,0.09743845760822296,0.11379488619848535,-0.00024972444718751596,0.004551534001146711
Static GCN,h32_k4,123,0.23980000615119934,0.2952245771884918,0.05542457103729248,0.05542457103729248,0.09743845760822296,0.11379488619848535,-0.00024972444718751596,0.004551534001146711
Static GCN,h32_k4,123,0.272599995136261,0.2952245771884918,0.022624582052230835,0.022624582052230835,0.09743845760822296,0.11379488619848535,-0.00024972444718751596,0.004551534001146711
Static GCN,h32_k4,123,0.38420000672340393,0.2952245771884918,-0.08897542953491211,-0.08897542953491211,0.09743845760822296,0.11379488619848535,-0.00024972444718751596,0.004551534001146711
Static GCN,h32_k4,123,0.4569999873638153,0.2952245771884918,-0.1617754101753235,-0.1617754101753235,0.09743845760822296,0.11379488619848535,-0.00024972444718751596,0.004551534001146711
Static GCN,h32_k4,123,0.41620001196861267,0.2952245771884918,-0.12097543478012085,-0.12097543478012085,0.09743845760822296,0.11379488619848535,-0.00024972444718751596,0.004551534001146711
Static GCN,h32_k4,123,0.2770000100135803,0.29391974210739136,0.016919732093811035,0.016919732093811035,0.09743845760822296,0.11379488619848535,-0.00024972444718751596,0.004551534001146711
Static GCN,h32_k4,123,0.3578000068664551,0.2952245771884918,-0.06257542967796326,-0.06257542967796326,0.09743845760822296,0.11379488619848535,-0.00024972444718751596,0.004551534001146711
Static GCN,h32_k4,123,0.4406000077724457,0.2952245771884918,-0.14537543058395386,-0.14537543058395386,0.09743845760822296,0.11379488619848535,-0.00024972444718751596,0.004551534001146711
Static GCN,h32_k4,123,0.3418000042438507,0.2952245771884918,-0.04657542705535889,-0.04657542705535889,0.09743845760822296,0.11379488619848535,-0.00024972444718751596,0.004551534001146711
Static GCN,h32_k4,123,0.1462000012397766,0.2952245771884918,0.1490245759487152,0.1490245759487152,0.09743845760822296,0.11379488619848535,-0.00024972444718751596,0.004551534001146711
Static GCN,h32_k4,123,0.3357999920845032,0.2946989834308624,-0.04110100865364075,-0.04110100865364075,0.09743845760822296,0.11379488619848535,-0.00024972444718751596,0.004551534001146711
Static GCN,h32_k4,123,0.41019999980926514,0.2952245771884918,-0.11497542262077332,-0.11497542262077332,0.09743845760822296,0.11379488619848535,-0.00024972444718751596,0.004551534001146711
Static GCN,h32_k4,123,0.24500000476837158,0.2962016463279724,0.05120164155960083,0.05120164155960083,0.09743845760822296,0.11379488619848535,-0.00024972444718751596,0.004551534001146711
Static GCN,h32_k4,123,0.19820000231266022,0.2952245771884918,0.0970245748758316,0.0970245748758316,0.09743845760822296,0.11379488619848535,-0.00024972444718751596,0.004551534001146711
Static GCN,h32_k4,123,0.46459999680519104,0.2952245771884918,-0.16937541961669922,-0.16937541961669922,0.09743845760822296,0.11379488619848535,-0.00024972444718751596,0.004551534001146711
Static GCN,h32_k4,123,0.3901999890804291,0.2952245771884918,-0.09497541189193726,-0.09497541189193726,0.09743845760822296,0.11379488619848535,-0.00024972444718751596,0.004551534001146711
Static GCN,h32_k4,123,0.241799995303154,0.2952245771884918,0.05342458188533783,0.05342458188533783,0.09743845760822296,0.11379488619848535,-0.00024972444718751596,0.004551534001146711
Static GCN,h32_k4,123,0.32339999079704285,0.2952245771884918,-0.028175413608551025,-0.028175413608551025,0.09743845760822296,0.11379488619848535,-0.00024972444718751596,0.004551534001146711
Static GCN,h32_k4,123,0.23819999396800995,0.2940850555896759,0.055885061621665955,0.055885061621665955,0.09743845760822296,0.11379488619848535,-0.00024972444718751596,0.004551534001146711
Static GCN,h32_k4,123,0.4729999899864197,0.2952245771884918,-0.17777541279792786,-0.17777541279792786,0.09743845760822296,0.11379488619848535,-0.00024972444718751596,0.004551534001146711
Static GCN,h32_k4,123,0.4302000105381012,0.2952245771884918,-0.13497543334960938,-0.13497543334960938,0.09743845760822296,0.11379488619848535,-0.00024972444718751596,0.004551534001146711
Static GCN,h32_k4,123,0.35580000281333923,0.2952245771884918,-0.06057542562484741,-0.06057542562484741,0.09743845760822296,0.11379488619848535,-0.00024972444718751596,0.004551534001146711
Static GCN,h32_k4,123,0.43059998750686646,0.2952245771884918,-0.13537541031837463,-0.13537541031837463,0.09743845760822296,0.11379488619848535,-0.00024972444718751596,0.004551534001146711
Static GCN,h32_k4,123,0.2750000059604645,0.2952245771884918,0.020224571228027344,0.020224571228027344,0.09743845760822296,0.11379488619848535,-0.00024972444718751596,0.004551534001146711
Static GCN,h32_k4,123,0.41499999165534973,0.2952245771884918,-0.11977541446685791,-0.11977541446685791,0.09743845760822296,0.11379488619848535,-0.00024972444718751596,0.004551534001146711
Static GCN,h32_k4,123,0.3061999976634979,0.2952245771884918,-0.010975420475006104,-0.010975420475006104,0.09743845760822296,0.11379488619848535,-0.00024972444718751596,0.004551534001146711
Static GCN,h32_k4,123,0.22059999406337738,0.2952245771884918,0.07462458312511444,0.07462458312511444,0.09743845760822296,0.11379488619848535,-0.00024972444718751596,0.004551534001146711
Static GCN,h32_k4,123,0.4410000145435333,0.2952245771884918,-0.1457754373550415,-0.1457754373550415,0.09743845760822296,0.11379488619848535,-0.00024972444718751596,0.004551534001146711
Static GCN,h32_k4,123,0.34540000557899475,0.2952245771884918,-0.05017542839050293,-0.05017542839050293,0.09743845760822296,0.11379488619848535,-0.00024972444718751596,0.004551534001146711
Static GCN,h32_k4,123,0.19020000100135803,0.2952245771884918,0.10502457618713379,0.10502457618713379,0.09743845760822296,0.11379488619848535,-0.00024972444718751596,0.004551534001146711
Static GCN,h32_k4,123,0.20340000092983246,0.2952245771884918,0.09182457625865936,0.09182457625865936,0.09743845760822296,0.11379488619848535,-0.00024972444718751596,0.004551534001146711
Static GCN,h32_k4,123,0.2937999963760376,0.2952245771884918,0.0014245808124542236,0.0014245808124542236,0.09743845760822296,0.11379488619848535,-0.00024972444718751596,0.004551534001146711
Static GCN,h32_k4,123,0.2502000033855438,0.2953685522079468,0.045168548822402954,0.045168548822402954,0.09743845760822296,0.11379488619848535,-0.00024972444718751596,0.004551534001146711
Static GCN,h32_k4,123,0.2962000072002411,0.2952245771884918,-0.0009754300117492676,-0.0009754300117492676,0.09743845760822296,0.11379488619848535,-0.00024972444718751596,0.004551534001146711
Static GCN,h32_k4,123,0.3709999918937683,0.2952245771884918,-0.07577541470527649,-0.07577541470527649,0.09743845760822296,0.11379488619848535,-0.00024972444718751596,0.004551534001146711
Static GCN,h32_k4,123,0.17980000376701355,0.2952245771884918,0.11542457342147827,0.11542457342147827,0.09743845760822296,0.11379488619848535,-0.00024972444718751596,0.004551534001146711
EvolveGCN-H,h32_k6,123,0.11020000278949738,0.2967697083950043,0.1865697056055069,0.1865697056055069,0.09740386386712392,0.1150432499514738,-0.022316175985089615,-0.10998760245544505
EvolveGCN-H,h32_k6,123,0.2766000032424927,0.2745700478553772,-0.0020299553871154785,-0.0020299553871154785,0.09740386386712392,0.1150432499514738,-0.022316175985089615,-0.10998760245544505
EvolveGCN-H,h32_k6,123,0.4758000075817108,0.2975475788116455,-0.1782524287700653,-0.1782524287700653,0.09740386386712392,0.1150432499514738,-0.022316175985089615,-0.10998760245544505
EvolveGCN-H,h32_k6,123,0.17579999566078186,0.2929282784461975,0.11712828278541565,0.11712828278541565,0.09740386386712392,0.1150432499514738,-0.022316175985089615,-0.10998760245544505
EvolveGCN-H,h32_k6,123,0.4918000102043152,0.28013497591018677,-0.21166503429412842,-0.21166503429412842,0.09740386386712392,0.1150432499514738,-0.022316175985089615,-0.10998760245544505
EvolveGCN-H,h32_k6,123,0.12020000070333481,0.30136385560035706,0.18116385489702225,0.18116385489702225,0.09740386386712392,0.1150432499514738,-0.022316175985089615,-0.10998760245544505
EvolveGCN-H,h32_k6,123,0.3601999878883362,0.289642333984375,-0.07055765390396118,-0.07055765390396118,0.09740386386712392,0.1150432499514738,-0.022316175985089615,-0.10998760245544505
EvolveGCN-H,h32_k6,123,0.29820001125335693,0.28448668122291565,-0.013713330030441284,-0.013713330030441284,0.09740386386712392,0.1150432499514738,-0.022316175985089615,-0.10998760245544505
EvolveGCN-H,h32_k6,123,0.20739999413490295,0.3027653396129608,0.09536534547805786,0.09536534547805786,0.09740386386712392,0.1150432499514738,-0.022316175985089615,-0.10998760245544505
EvolveGCN-H,h32_k6,123,0.3529999852180481,0.29155251383781433,-0.061447471380233765,-0.061447471380233765,0.09740386386712392,0.1150432499514738,-0.022316175985089615,-0.10998760245544505
EvolveGCN-H,h32_k6,123,0.15060000121593475,0.293077677488327,0.14247767627239227,0.14247767627239227,0.09740386386712392,0.1150432499514738,-0.022316175985089615,-0.10998760245544505
EvolveGCN-H,h32_k6,123,0.10859999805688858,0.2956153154373169,0.18701531738042831,0.18701531738042831,0.09740386386712392,0.1150432499514738,-0.022316175985089615,-0.10998760245544505
EvolveGCN-H,h32_k6,123,0.4625999927520752,0.284359872341156,-0.1782401204109192,-0.1782401204109192,0.09740386386712392,0.1150432499514738,-0.022316175985089615,-0.10998760245544505
EvolveGCN-H,h32_k6,123,0.2754000127315521,0.2885732054710388,0.013173192739486694,0.013173192739486694,0.09740386386712392,0.1150432499514738,-0.022316175985089615,-0.10998760245544505
EvolveGCN-H,h32_k6,123,0.19419999420642853,0.30357831716537476,0.10937832295894623,0.10937832295894623,0.09740386386712392,0.1150432499514738,-0.022316175985089615,-0.10998760245544505
EvolveGCN-H,h32_k6,123,0.40779998898506165,0.2970103323459625,-0.11078965663909912,-0.11078965663909912,0.09740386386712392,0.1150432499514738,-0.022316175985089615,-0.10998760245544505
EvolveGCN-H,h32_k6,123,0.11940000206232071,0.2951870262622833,0.17578702419996262,0.17578702419996262,0.09740386386712392,0.1150432499514738,-0.022316175985089615,-0.10998760245544505
EvolveGCN-H,h32_k6,123,0.38499999046325684,0.28883057832717896,-0.09616941213607788,-0.09616941213607788,0.09740386386712392,0.1150432499514738,-0.022316175985089615,-0.10998760245544505
EvolveGCN-H,h32_k6,123,0.16699999570846558,0.2969484031200409,0.12994840741157532,0.12994840741157532,0.09740386386712392,0.1150432499514738,-0.022316175985089615,-0.10998760245544505
EvolveGCN-H,h32_k6,123,0.27619999647140503,0.30352815985679626,0.027328163385391235,0.027328163385391235,0.09740386386712392,0.1150432499514738,-0.022316175985089615,-0.10998760245544505
EvolveGCN-H,h32_k6,123,0.4578000009059906,0.28902721405029297,-0.16877278685569763,-0.16877278685569763,0.09740386386712392,0.1150432499514738,-0.022316175985089615,-0.10998760245544505
EvolveGCN-H,h32_k6,123,0.4941999912261963,0.28942543268203735,-0.20477455854415894,-0.20477455854415894,0.09740386386712392,0.1150432499514738,-0.022316175985089615,-0.10998760245544505
EvolveGCN-H,h32_k6,123,0.24379999935626984,0.28374454379081726,0.039944544434547424,0.039944544434547424,0.09740386386712392,0.1150432499514738,-0.022316175985089615,-0.10998760245544505
EvolveGCN-H,h32_k6,123,0.10700000077486038,0.2978881597518921,0.1908881589770317,0.1908881589770317,0.09740386386712392,0.1150432499514738,-0.022316175985089615,-0.10998760245544505
EvolveGCN-H,h32_k6,123,0.18979999423027039,0.293780654668808,0.1039806604385376,0.1039806604385376,0.09740386386712392,0.1150432499514738,-0.022316175985089615,-0.10998760245544505
EvolveGCN-H,h32_k6,123,0.2978000044822693,0.30082476139068604,0.003024756908416748,0.003024756908416748,0.09740386386712392,0.1150432499514738,-0.022316175985089615,-0.10998760245544505
EvolveGCN-H,h32_k6,123,0.35339999198913574,0.2948615849018097,-0.05853840708732605,-0.05853840708732605,0.09740386386712392,0.1150432499514738,-0.022316175985089615,-0.10998760245544505
EvolveGCN-H,h32_k6,123,0.10899999737739563,0.2929587960243225,0.18395879864692688,0.18395879864692688,0.09740386386712392,0.1150432499514738,-0.022316175985089615,-0.10998760245544505
EvolveGCN-H,h32_k6,123,0.16019999980926514,0.2765718400478363,0.11637184023857117,0.11637184023857117,0.09740386386712392,0.1150432499514738,-0.022316175985089615,-0.10998760245544505
EvolveGCN-H,h32_k6,123,0.29019999504089355,0.28724920749664307,-0.0029507875442504883,-0.0029507875442504883,0.09740386386712392,0.1150432499514738,-0.022316175985089615,-0.10998760245544505
EvolveGCN-H,h32_k6,123,0.17739999294281006,0.2900278568267822,0.11262786388397217,0.11262786388397217,0.09740386386712392,0.1150432499514738,-0.022316175985089615,-0.10998760245544505
EvolveGCN-H,h32_k6,123,0.2101999968290329,0.3028366267681122,0.09263662993907928,0.09263662993907928,0.09740386386712392,0.1150432499514738,-0.022316175985089615,-0.10998760245544505
EvolveGCN-H,h32_k6,123,0.26339998841285706,0.29210835695266724,0.02870836853981018,0.02870836853981018,0.09740386386712392,0.1150432499514738,-0.022316175985089615,-0.10998760245544505
EvolveGCN-H,h32_k6,123,0.4189999997615814,0.28607141971588135,-0.13292858004570007,-0.13292858004570007,0.09740386386712392,0.1150432499514738,-0.022316175985089615,-0.10998760245544505
EvolveGCN-H,h32_k6,123,0.1738000065088272,0.2963962256908417,0.12259621918201447,0.12259621918201447,0.09740386386712392,0.1150432499514738,-0.022316175985089615,-0.10998760245544505
EvolveGCN-H,h32_k6,123,0.4138000011444092,0.2834228277206421,-0.1303771734237671,-0.1303771734237671,0.09740386386712392,0.1150432499514738,-0.022316175985089615,-0.10998760245544505
EvolveGCN-H,h32_k6,123,0.11500000208616257,0.2990565299987793,0.18405652791261673,0.18405652791261673,0.09740386386712392,0.1150432499514738,-0.022316175985089615,-0.10998760245544505
EvolveGCN-H,h32_k6,123,0.3693999946117401,0.3110988140106201,-0.058301180601119995,-0.058301180601119995,0.09740386386712392,0.1150432499514738,-0.022316175985089615,-0.10998760245544505
EvolveGCN-H,h32_k6,123,0.10419999808073044,0.30205032229423523,0.1978503242135048,0.1978503242135048,0.09740386386712392,0.1150432499514738,-0.022316175985089615,-0.10998760245544505
EvolveGCN-H,h32_k6,123,0.23980000615119934,0.2924707531929016,0.05267074704170227,0.05267074704170227,0.09740386386712392,0.1150432499514738,-0.022316175985089615,-0.10998760245544505
EvolveGCN-H,h32_k6,123,0.272599995136261,0.27617722749710083,0.0035772323608398438,0.0035772323608398438,0.09740386386712392,0.1150432499514738,-0.022316175985089615,-0.10998760245544505
EvolveGCN-H,h32_k6,123,0.38420000672340393,0.29315969347953796,-0.09104031324386597,-0.09104031324386597,0.09740386386712392,0.1150432499514738,-0.022316175985089615,-0.10998760245544505
EvolveGCN-H,h32_k6,123,0.4569999873638153,0.28312215209007263,-0.17387783527374268,-0.17387783527374268,0.09740386386712392,0.1150432499514738,-0.022316175985089615,-0.10998760245544505
EvolveGCN-H,h32_k6,123,0.41620001196861267,0.28821519017219543,-0.12798482179641724,-0.12798482179641724,0.09740386386712392,0.1150432499514738,-0.022316175985089615,-0.10998760245544505
EvolveGCN-H,h32_k6,123,0.2770000100135803,0.28814953565597534,0.01114952564239502,0.01114952564239502,0.09740386386712392,0.1150432499514738,-0.022316175985089615,-0.10998760245544505
EvolveGCN-H,h32_k6,123,0.3578000068664551,0.270793080329895,-0.08700692653656006,-0.08700692653656006,0.09740386386712392,0.1150432499514738,-0.022316175985089615,-0.10998760245544505
EvolveGCN-H,h32_k6,123,0.4406000077724457,0.2922506630420685,-0.1483493447303772,-0.1483493447303772,0.09740386386712392,0.1150432499514738,-0.022316175985089615,-0.10998760245544505
EvolveGCN-H,h32_k6,123,0.3418000042438507,0.2929854393005371,-0.0488145649433136,-0.0488145649433136,0.09740386386712392,0.1150432499514738,-0.022316175985089615,-0.10998760245544505
EvolveGCN-H,h32_k6,123,0.1462000012397766,0.29105809330940247,0.14485809206962585,0.14485809206962585,0.09740386386712392,0.1150432499514738,-0.022316175985089615,-0.10998760245544505
EvolveGCN-H,h32_k6,123,0.3357999920845032,0.2761307954788208,-0.05966919660568237,-0.05966919660568237,0.09740386386712392,0.1150432499514738,-0.022316175985089615,-0.10998760245544505
EvolveGCN-H,h32_k6,123,0.41019999980926514,0.2964993119239807,-0.11370068788528442,-0.11370068788528442,0.09740386386712392,0.1150432499514738,-0.022316175985089615,-0.10998760245544505
EvolveGCN-H,h32_k6,123,0.24500000476837158,0.29187989234924316,0.04687988758087158,0.04687988758087158,0.09740386386712392,0.1150432499514738,-0.022316175985089615,-0.10998760245544505
EvolveGCN-H,h32_k6,123,0.19820000231266022,0.27319133281707764,0.07499133050441742,0.07499133050441742,0.09740386386712392,0.1150432499514738,-0.022316175985089615,-0.10998760245544505
EvolveGCN-H,h32_k6,123,0.46459999680519104,0.29621878266334534,-0.1683812141418457,-0.1683812141418457,0.09740386386712392,0.1150432499514738,-0.022316175985089615,-0.10998760245544505
EvolveGCN-H,h32_k6,123,0.3901999890804291,0.2872273325920105,-0.10297265648841858,-0.10297265648841858,0.09740386386712392,0.1150432499514738,-0.022316175985089615,-0.10998760245544505
EvolveGCN-H,h32_k6,123,0.241799995303154,0.2945064604282379,0.05270646512508392,0.05270646512508392,0.09740386386712392,0.1150432499514738,-0.022316175985089615,-0.10998760245544505
EvolveGCN-H,h32_k6,123,0.32339999079704285,0.2956845164299011,-0.027715474367141724,-0.027715474367141724,0.09740386386712392,0.1150432499514738,-0.022316175985089615,-0.10998760245544505
EvolveGCN-H,h32_k6,123,0.23819999396800995,0.2975804805755615,0.059380486607551575,0.059380486607551575,0.09740386386712392,0.1150432499514738,-0.022316175985089615,-0.10998760245544505
EvolveGCN-H,h32_k6,123,0.4729999899864197,0.30370718240737915,-0.16929280757904053,-0.16929280757904053,0.09740386386712392,0.1150432499514738,-0.022316175985089615,-0.10998760245544505
EvolveGCN-H,h32_k6,123,0.4302000105381012,0.2813328504562378,-0.1488671600818634,-0.1488671600818634,0.09740386386712392,0.1150432499514738,-0.022316175985089615,-0.10998760245544505
EvolveGCN-H,h32_k6,123,0.35580000281333923,0.29128560423851013,-0.0645143985748291,-0.0645143985748291,0.09740386386712392,0.1150432499514738,-0.022316175985089615,-0.10998760245544505
EvolveGCN-H,h32_k6,123,0.43059998750686646,0.29796820878982544,-0.13263177871704102,-0.13263177871704102,0.09740386386712392,0.1150432499514738,-0.022316175985089615,-0.10998760245544505
EvolveGCN-H,h32_k6,123,0.2750000059604645,0.2791055738925934,0.004105567932128906,0.004105567932128906,0.09740386386712392,0.1150432499514738,-0.022316175985089615,-0.10998760245544505
EvolveGCN-H,h32_k6,123,0.41499999165534973,0.29269304871559143,-0.1223069429397583,-0.1223069429397583,0.09740386386712392,0.1150432499514738,-0.022316175985089615,-0.10998760245544505
EvolveGCN-H,h32_k6,123,0.3061999976634979,0.2963176369667053,-0.009882360696792603,-0.009882360696792603,0.09740386386712392,0.1150432499514738,-0.022316175985089615,-0.10998760245544505
EvolveGCN-H,h32_k6,123,0.22059999406337738,0.28055447340011597,0.059954479336738586,0.059954479336738586,0.09740386386712392,0.1150432499514738,-0.022316175985089615,-0.10998760245544505
EvolveGCN-H,h32_k6,123,0.4410000145435333,0.29695063829421997,-0.14404937624931335,-0.14404937624931335,0.09740386386712392,0.1150432499514738,-0.022316175985089615,-0.10998760245544505
EvolveGCN-H,h32_k6,123,0.34540000557899475,0.3049289584159851,-0.040471047163009644,-0.040471047163009644,0.09740386386712392,0.1150432499514738,-0.022316175985089615,-0.10998760245544505
EvolveGCN-H,h32_k6,123,0.19020000100135803,0.2945546805858612,0.10435467958450317,0.10435467958450317,0.09740386386712392,0.1150432499514738,-0.022316175985089615,-0.10998760245544505
EvolveGCN-H,h32_k6,123,0.20340000092983246,0.27610471844673157,0.07270471751689911,0.07270471751689911,0.09740386386712392,0.1150432499514738,-0.022316175985089615,-0.10998760245544505
EvolveGCN-H,h32_k6,123,0.2937999963760376,0.29704779386520386,0.0032477974891662598,0.0032477974891662598,0.09740386386712392,0.1150432499514738,-0.022316175985089615,-0.10998760245544505
EvolveGCN-H,h32_k6,123,0.2502000033855438,0.286388635635376,0.03618863224983215,0.03618863224983215,0.09740386386712392,0.1150432499514738,-0.022316175985089615,-0.10998760245544505
EvolveGCN-H,h32_k6,123,0.2962000072002411,0.29627111554145813,7.110834121704102e-05,7.110834121704102e-05,0.09740386386712392,0.1150432499514738,-0.022316175985089615,-0.10998760245544505
EvolveGCN-H,h32_k6,123,0.3709999918937683,0.31074059009552,-0.06025940179824829,-0.06025940179824829,0.09740386386712392,0.1150432499514738,-0.022316175985089615,-0.10998760245544505
EvolveGCN-H,h32_k6,123,0.17980000376701355,0.2949722111225128,0.11517220735549927,0.11517220735549927,0.09740386386712392,0.1150432499514738,-0.022316175985089615,-0.10998760245544505
Static GCN,h32_k6,123,0.11020000278949738,0.32294437289237976,0.21274437010288239,0.21274437010288239,0.09607514441013336,0.11299919824292774,0.013689462905464578,0.11734874142872403
Static GCN,h32_k6,123,0.2766000032424927,0.2764577865600586,-0.00014221668243408203,-0.00014221668243408203,0.09607514441013336,0.11299919824292774,0.013689462905464578,0.11734874142872403
Static GCN,h32_k6,123,0.4758000075817108,0.30659374594688416,-0.16920626163482666,-0.16920626163482666,0.09607514441013336,0.11299919824292774,0.013689462905464578,0.11734874142872403
Static GCN,h32_k6,123,0.17579999566078186,0.291497141122818,0.11569714546203613,0.11569714546203613,0.09607514441013336,0.11299919824292774,0.013689462905464578,0.11734874142872403
Static GCN,h32_k6,123,0.4918000102043152,0.2869056761264801,-0.20489433407783508,-0.20489433407783508,0.09607514441013336,0.11299919824292774,0.013689462905464578,0.11734874142872403
Static GCN,h32_k6,123,0.12020000070333481,0.2947419583797455,0.17454195767641068,0.17454195767641068,0.09607514441013336,0.11299919824292774,0.013689462905464578,0.11734874142872403
Static GCN,h32_k6,123,0.3601999878883362,0.306394100189209,-0.0538058876991272,-0.0538058876991272,0.09607514441013336,0.11299919824292774,0.013689462905464578,0.11734874142872403
Static GCN,h32_k6,123,0.29820001125335693,0.278211385011673,-0.01998862624168396,-0.01998862624168396,0.09607514441013336,0.11299919824292774,0.013689462905464578,0.11734874142872403
Static GCN,h32_k6,123,0.20739999413490295,0.28622984886169434,0.07882985472679138,0.07882985472679138,0.09607514441013336,0.11299919824292774,0.013689462905464578,0.11734874142872403
Static GCN,h32_k6,123,0.3529999852180481,0.28420355916023254,-0.06879642605781555,-0.06879642605781555,0.09607514441013336,0.11299919824292774,0.013689462905464578,0.11734874142872403
Static GCN,h32_k6,123,0.15060000121593475,0.30367040634155273,0.15307040512561798,0.15307040512561798,0.09607514441013336,0.11299919824292774,0.013689462905464578,0.11734874142872403
Static GCN,h32_k6,123,0.10859999805688858,0.24125167727470398,0.1326516792178154,0.1326516792178154,0.09607514441013336,0.11299919824292774,0.013689462905464578,0.11734874142872403
Static GCN,h32_k6,123,0.4625999927520752,0.2871806025505066,-0.1754193902015686,-0.1754193902015686,0.09607514441013336,0.11299919824292774,0.013689462905464578,0.11734874142872403
Static GCN,h32_k6,123,0.2754000127315521,0.29629018902778625,0.02089017629623413,0.02089017629623413,0.09607514441013336,0.11299919824292774,0.013689462905464578,0.11734874142872403
Static GCN,h32_k6,123,0.19419999420642853,0.301038920879364,0.10683892667293549,0.10683892667293549,0.09607514441013336,0.11299919824292774,0.013689462905464578,0.11734874142872403
Static GCN,h32_k6,123,0.40779998898506165,0.2987399101257324,-0.10906007885932922,-0.10906007885932922,0.09607514441013336,0.11299919824292774,0.013689462905464578,0.11734874142872403
Static GCN,h32_k6,123,0.11940000206232071,0.300042986869812,0.1806429848074913,0.1806429848074913,0.09607514441013336,0.11299919824292774,0.013689462905464578,0.11734874142872403
Static GCN,h32_k6,123,0.38499999046325684,0.2802414000034332,-0.10475859045982361,-0.10475859045982361,0.09607514441013336,0.11299919824292774,0.013689462905464578,0.11734874142872403
Static GCN,h32_k6,123,0.16699999570846558,0.30164024233818054,0.13464024662971497,0.13464024662971497,0.09607514441013336,0.11299919824292774,0.013689462905464578,0.11734874142872403
Static GCN,h32_k6,123,0.27619999647140503,0.3097781836986542,0.033578187227249146,0.033578187227249146,0.09607514441013336,0.11299919824292774,0.013689462905464578,0.11734874142872403
Static GCN,h32_k6,123,0.4578000009059906,0.29551827907562256,-0.16228172183036804,-0.16228172183036804,0.09607514441013336,0.11299919824292774,0.013689462905464578,0.11734874142872403
Static GCN,h32_k6,123,0.4941999912261963,0.2992973327636719,-0.19490265846252441,-0.19490265846252441,0.09607514441013336,0.11299919824292774,0.013689462905464578,0.11734874142872403
Static GCN,h32_k6,123,0.24379999935626984,0.27763307094573975,0.03383307158946991,0.03383307158946991,0.09607514441013336,0.11299919824292774,0.013689462905464578,0.11734874142872403
Static GCN,h32_k6,123,0.10700000077486038,0.299008309841156,0.19200830906629562,0.19200830906629562,0.09607514441013336,0.11299919824292774,0.013689462905464578,0.11734874142872403
Static GCN,h32_k6,123,0.18979999423027039,0.3065914213657379,0.11679142713546753,0.11679142713546753,0.09607514441013336,0.11299919824292774,0.013689462905464578,0.11734874142872403
Static GCN,h32_k6,123,0.2978000044822693,0.3214430809020996,0.023643076419830322,0.023643076419830322,0.09607514441013336,0.11299919824292774,0.013689462905464578,0.11734874142872403
Static GCN,h32_k6,123,0.35339999198913574,0.30652564764022827,-0.04687434434890747,-0.04687434434890747,0.09607514441013336,0.11299919824292774,0.013689462905464578,0.11734874142872403
Static GCN,h32_k6,123,0.10899999737739563,0.30311501026153564,0.19411501288414001,0.19411501288414001,0.09607514441013336,0.11299919824292774,0.013689462905464578,0.11734874142872403
Static GCN,h32_k6,123,0.16019999980926514,0.29641246795654297,0.13621246814727783,0.13621246814727783,0.09607514441013336,0.11299919824292774,0.013689462905464578,0.11734874142872403
Static GCN,h32_k6,123,0.29019999504089355,0.28620803356170654,-0.003991961479187012,-0.003991961479187012,0.09607514441013336,0.11299919824292774,0.013689462905464578,0.11734874142872403
Static GCN,h32_k6,123,0.17739999294281006,0.2891099154949188,0.11170992255210876,0.11170992255210876,0.09607514441013336,0.11299919824292774,0.013689462905464578,0.11734874142872403
Static GCN,h32_k6,123,0.2101999968290329,0.29179874062538147,0.08159874379634857,0.08159874379634857,0.09607514441013336,0.11299919824292774,0.013689462905464578,0.11734874142872403
Static GCN,h32_k6,123,0.26339998841285706,0.2822449803352356,0.01884499192237854,0.01884499192237854,0.09607514441013336,0.11299919824292774,0.013689462905464578,0.11734874142872403
Static GCN,h32_k6,123,0.4189999997615814,0.3231339454650879,-0.09586605429649353,-0.09586605429649353,0.09607514441013336,0.11299919824292774,0.013689462905464578,0.11734874142872403
Static GCN,h32_k6,123,0.1738000065088272,0.2859402000904083,0.11214019358158112,0.11214019358158112,0.09607514441013336,0.11299919824292774,0.013689462905464578,0.11734874142872403
Static GCN,h32_k6,123,0.4138000011444092,0.2986912131309509,-0.11510878801345825,-0.11510878801345825,0.09607514441013336,0.11299919824292774,0.013689462905464578,0.11734874142872403
Static GCN,h32_k6,123,0.11500000208616257,0.2893918752670288,0.17439187318086624,0.17439187318086624,0.09607514441013336,0.11299919824292774,0.013689462905464578,0.11734874142872403
Static GCN,h32_k6,123,0.3693999946117401,0.2860952317714691,-0.083304762840271,-0.083304762840271,0.09607514441013336,0.11299919824292774,0.013689462905464578,0.11734874142872403
Static GCN,h32_k6,123,0.10419999808073044,0.30788955092430115,0.2036895528435707,0.2036895528435707,0.09607514441013336,0.11299919824292774,0.013689462905464578,0.11734874142872403
Static GCN,h32_k6,123,0.23980000615119934,0.2967348098754883,0.05693480372428894,0.05693480372428894,0.09607514441013336,0.11299919824292774,0.013689462905464578,0.11734874142872403
Static GCN,h32_k6,123,0.272599995136261,0.29370686411857605,0.021106868982315063,0.021106868982315063,0.09607514441013336,0.11299919824292774,0.013689462905464578,0.11734874142872403
Static GCN,h32_k6,123,0.38420000672340393,0.29324644804000854,-0.09095355868339539,-0.09095355868339539,0.09607514441013336,0.11299919824292774,0.013689462905464578,0.11734874142872403
Static GCN,h32_k6,123,0.4569999873638153,0.3030509948730469,-0.15394899249076843,-0.15394899249076843,0.09607514441013336,0.11299919824292774,0.013689462905464578,0.11734874142872403
Static GCN,h32_k6,123,0.41620001196861267,0.2917836904525757,-0.12441632151603699,-0.12441632151603699,0.09607514441013336,0.11299919824292774,0.013689462905464578,0.11734874142872403
Static GCN,h32_k6,123,0.2770000100135803,0.2835667133331299,0.0065667033195495605,0.0065667033195495605,0.09607514441013336,0.11299919824292774,0.013689462905464578,0.11734874142872403
Static GCN,h32_k6,123,0.3578000068664551,0.29102271795272827,-0.0667772889137268,-0.0667772889137268,0.09607514441013336,0.11299919824292774,0.013689462905464578,0.11734874142872403
Static GCN,h32_k6,123,0.4406000077724457,0.28910085558891296,-0.15149915218353271,-0.15149915218353271,0.09607514441013336,0.11299919824292774,0.013689462905464578,0.11734874142872403
Static GCN,h32_k6,123,0.3418000042438507,0.29693281650543213,-0.04486718773841858,-0.04486718773841858,0.09607514441013336,0.11299919824292774,0.013689462905464578,0.11734874142872403
Static GCN,h32_k6,123,0.1462000012397766,0.29510682821273804,0.14890682697296143,0.14890682697296143,0.09607514441013336,0.11299919824292774,0.013689462905464578,0.11734874142872403
Static GCN,h32_k6,123,0.3357999920845032,0.28851521015167236,-0.04728478193283081,-0.04728478193283081,0.09607514441013336,0.11299919824292774,0.013689462905464578,0.11734874142872403
Static GCN,h32_k6,123,0.41019999980926514,0.2925102710723877,-0.11768972873687744,-0.11768972873687744,0.09607514441013336,0.11299919824292774,0.013689462905464578,0.11734874142872403
Static GCN,h32_k6,123,0.24500000476837158,0.27367717027664185,0.028677165508270264,0.028677165508270264,0.09607514441013336,0.11299919824292774,0.013689462905464578,0.11734874142872403
Static GCN,h32_k6,123,0.19820000231266022,0.2634332776069641,0.0652332752943039,0.0652332752943039,0.09607514441013336,0.11299919824292774,0.013689462905464578,0.11734874142872403
Static GCN,h32_k6,123,0.46459999680519104,0.30112719535827637,-0.16347280144691467,-0.16347280144691467,0.09607514441013336,0.11299919824292774,0.013689462905464578,0.11734874142872403
Static GCN,h32_k6,123,0.3901999890804291,0.2902389466762543,-0.0999610424041748,-0.0999610424041748,0.09607514441013336,0.11299919824292774,0.013689462905464578,0.11734874142872403
Static GCN,h32_k6,123,0.241799995303154,0.30051037669181824,0.058710381388664246,0.058710381388664246,0.09607514441013336,0.11299919824292774,0.013689462905464578,0.11734874142872403
Static GCN,h32_k6,123,0.32339999079704285,0.2930598855018616,-0.030340105295181274,-0.030340105295181274,0.09607514441013336,0.11299919824292774,0.013689462905464578,0.11734874142872403
Static GCN,h32_k6,123,0.23819999396800995,0.2732713222503662,0.03507132828235626,0.03507132828235626,0.09607514441013336,0.11299919824292774,0.013689462905464578,0.11734874142872403
Static GCN,h32_k6,123,0.4729999899864197,0.30019673705101013,-0.17280325293540955,-0.17280325293540955,0.09607514441013336,0.11299919824292774,0.013689462905464578,0.11734874142872403
Static GCN,h32_k6,123,0.4302000105381012,0.30319714546203613,-0.12700286507606506,-0.12700286507606506,0.09607514441013336,0.11299919824292774,0.013689462905464578,0.11734874142872403
Static GCN,h32_k6,123,0.35580000281333923,0.2950393259525299,-0.060760676860809326,-0.060760676860809326,0.09607514441013336,0.11299919824292774,0.013689462905464578,0.11734874142872403
Static GCN,h32_k6,123,0.43059998750686646,0.2789507508277893,-0.15164923667907715,-0.15164923667907715,0.09607514441013336,0.11299919824292774,0.013689462905464578,0.11734874142872403
Static GCN,h32_k6,123,0.2750000059604645,0.2906789779663086,0.015678972005844116,0.015678972005844116,0.09607514441013336,0.11299919824292774,0.013689462905464578,0.11734874142872403
Static GCN,h32_k6,123,0.41499999165534973,0.29305940866470337,-0.12194058299064636,-0.12194058299064636,0.09607514441013336,0.11299919824292774,0.013689462905464578,0.11734874142872403
Static GCN,h32_k6,123,0.3061999976634979,0.3046474754810333,-0.0015525221824645996,-0.0015525221824645996,0.09607514441013336,0.11299919824292774,0.013689462905464578,0.11734874142872403
Static GCN,h32_k6,123,0.22059999406337738,0.29053911566734314,0.06993912160396576,0.06993912160396576,0.09607514441013336,0.11299919824292774,0.013689462905464578,0.11734874142872403
Static GCN,h32_k6,123,0.4410000145435333,0.30459481477737427,-0.13640519976615906,-0.13640519976615906,0.09607514441013336,0.11299919824292774,0.013689462905464578,0.11734874142872403
Static GCN,h32_k6,123,0.34540000557899475,0.3136148452758789,-0.031785160303115845,-0.031785160303115845,0.09607514441013336,0.11299919824292774,0.013689462905464578,0.11734874142872403
Static GCN,h32_k6,123,0.19020000100135803,0.29774603247642517,0.10754603147506714,0.10754603147506714,0.09607514441013336,0.11299919824292774,0.013689462905464578,0.11734874142872403
Static GCN,h32_k6,123,0.20340000092983246,0.28814423084259033,0.08474422991275787,0.08474422991275787,0.09607514441013336,0.11299919824292774,0.013689462905464578,0.11734874142872403
Static GCN,h32_k6,123,0.2937999963760376,0.31757646799087524,0.023776471614837646,0.023776471614837646,0.09607514441013336,0.11299919824292774,0.013689462905464578,0.11734874142872403
Static GCN,h32_k6,123,0.2502000033855438,0.31083163619041443,0.060631632804870605,0.060631632804870605,0.09607514441013336,0.11299919824292774,0.013689462905464578,0.11734874142872403
Static GCN,h32_k6,123,0.2962000072002411,0.3018801212310791,0.005680114030838013,0.005680114030838013,0.09607514441013336,0.11299919824292774,0.013689462905464578,0.11734874142872403
Static GCN,h32_k6,123,0.3709999918937683,0.3079560697078705,-0.06304392218589783,-0.06304392218589783,0.09607514441013336,0.11299919824292774,0.013689462905464578,0.11734874142872403
Static GCN,h32_k6,123,0.17980000376701355,0.28657084703445435,0.1067708432674408,0.1067708432674408,0.09607514441013336,0.11299919824292774,0.013689462905464578,0.11734874142872403
EvolveGCN-H,h32_k8,123,0.11020000278949738,0.3250575661659241,0.2148575633764267,0.2148575633764267,0.09924482007821402,0.11675728841112959,-0.05300625110331092,-0.11775060121440831
EvolveGCN-H,h32_k8,123,0.2766000032424927,0.26354140043258667,-0.013058602809906006,-0.013058602809906006,0.09924482007821402,0.11675728841112959,-0.05300625110331092,-0.11775060121440831
EvolveGCN-H,h32_k8,123,0.4758000075817108,0.3127330243587494,-0.16306698322296143,-0.16306698322296143,0.09924482007821402,0.11675728841112959,-0.05300625110331092,-0.11775060121440831
EvolveGCN-H,h32_k8,123,0.17579999566078186,0.30996596813201904,0.13416597247123718,0.13416597247123718,0.09924482007821402,0.11675728841112959,-0.05300625110331092,-0.11775060121440831
EvolveGCN-H,h32_k8,123,0.4918000102043152,0.26554688811302185,-0.22625312209129333,-0.22625312209129333,0.09924482007821402,0.11675728841112959,-0.05300625110331092,-0.11775060121440831
EvolveGCN-H,h32_k8,123,0.12020000070333481,0.2947959303855896,0.1745959296822548,0.1745959296822548,0.09924482007821402,0.11675728841112959,-0.05300625110331092,-0.11775060121440831
EvolveGCN-H,h32_k8,123,0.3601999878883362,0.2946352958679199,-0.06556469202041626,-0.06556469202041626,0.09924482007821402,0.11675728841112959,-0.05300625110331092,-0.11775060121440831
EvolveGCN-H,h32_k8,123,0.29820001125335693,0.29732924699783325,-0.0008707642555236816,-0.0008707642555236816,0.09924482007821402,0.11675728841112959,-0.05300625110331092,-0.11775060121440831
EvolveGCN-H,h32_k8,123,0.20739999413490295,0.3212226629257202,0.11382266879081726,0.11382266879081726,0.09924482007821402,0.11675728841112959,-0.05300625110331092,-0.11775060121440831
EvolveGCN-H,h32_k8,123,0.3529999852180481,0.30264848470687866,-0.050351500511169434,-0.050351500511169434,0.09924482007821402,0.11675728841112959,-0.05300625110331092,-0.11775060121440831
EvolveGCN-H,h32_k8,123,0.15060000121593475,0.27343088388442993,0.12283088266849518,0.12283088266849518,0.09924482007821402,0.11675728841112959,-0.05300625110331092,-0.11775060121440831
EvolveGCN-H,h32_k8,123,0.10859999805688858,0.2919427156448364,0.18334271758794785,0.18334271758794785,0.09924482007821402,0.11675728841112959,-0.05300625110331092,-0.11775060121440831
EvolveGCN-H,h32_k8,123,0.4625999927520752,0.2889972925186157,-0.17360270023345947,-0.17360270023345947,0.09924482007821402,0.11675728841112959,-0.05300625110331092,-0.11775060121440831
EvolveGCN-H,h32_k8,123,0.2754000127315521,0.31277403235435486,0.037374019622802734,0.037374019622802734,0.09924482007821402,0.11675728841112959,-0.05300625110331092,-0.11775060121440831
EvolveGCN-H,h32_k8,123,0.19419999420642853,0.3095550835132599,0.11535508930683136,0.11535508930683136,0.09924482007821402,0.11675728841112959,-0.05300625110331092,-0.11775060121440831
EvolveGCN-H,h32_k8,123,0.40779998898506165,0.28459978103637695,-0.12320020794868469,-0.12320020794868469,0.09924482007821402,0.11675728841112959,-0.05300625110331092,-0.11775060121440831
EvolveGCN-H,h32_k8,123,0.11940000206232071,0.30330777168273926,0.18390776962041855,0.18390776962041855,0.09924482007821402,0.11675728841112959,-0.05300625110331092,-0.11775060121440831
EvolveGCN-H,h32_k8,123,0.38499999046325684,0.28471851348876953,-0.1002814769744873,-0.1002814769744873,0.09924482007821402,0.11675728841112959,-0.05300625110331092,-0.11775060121440831
EvolveGCN-H,h32_k8,123,0.16699999570846558,0.316058874130249,0.14905887842178345,0.14905887842178345,0.09924482007821402,0.11675728841112959,-0.05300625110331092,-0.11775060121440831
EvolveGCN-H,h32_k8,123,0.27619999647140503,0.3035356402397156,0.027335643768310547,0.027335643768310547,0.09924482007821402,0.11675728841112959,-0.05300625110331092,-0.11775060121440831
EvolveGCN-H,h32_k8,123,0.4578000009059906,0.28019702434539795,-0.17760297656059265,-0.17760297656059265,0.09924482007821402,0.11675728841112959,-0.05300625110331092,-0.11775060121440831
EvolveGCN-H,h32_k8,123,0.4941999912261963,0.2888144850730896,-0.2053855061531067,-0.2053855061531067,0.09924482007821402,0.11675728841112959,-0.05300625110331092,-0.11775060121440831
EvolveGCN-H,h32_k8,123,0.24379999935626984,0.2737042307853699,0.029904231429100037,0.029904231429100037,0.09924482007821402,0.11675728841112959,-0.05300625110331092,-0.11775060121440831
EvolveGCN-H,h32_k8,123,0.10700000077486038,0.2903730273246765,0.18337302654981613,0.18337302654981613,0.09924482007821402,0.11675728841112959,-0.05300625110331092,-0.11775060121440831
EvolveGCN-H,h32_k8,123,0.18979999423027039,0.2867809534072876,0.09698095917701721,0.09698095917701721,0.09924482007821402,0.11675728841112959,-0.05300625110331092,-0.11775060121440831
EvolveGCN-H,h32_k8,123,0.2978000044822693,0.3138929009437561,0.016092896461486816,0.016092896461486816,0.09924482007821402,0.11675728841112959,-0.05300625110331092,-0.11775060121440831
EvolveGCN-H,h32_k8,123,0.35339999198913574,0.28192710876464844,-0.0714728832244873,-0.0714728832244873,0.09924482007821402,0.11675728841112959,-0.05300625110331092,-0.11775060121440831
EvolveGCN-H,h32_k8,123,0.10899999737739563,0.3071213364601135,0.1981213390827179,0.1981213390827179,0.09924482007821402,0.11675728841112959,-0.05300625110331092,-0.11775060121440831
EvolveGCN-H,h32_k8,123,0.16019999980926514,0.28842222690582275,0.12822222709655762,0.12822222709655762,0.09924482007821402,0.11675728841112959,-0.05300625110331092,-0.11775060121440831
EvolveGCN-H,h32_k8,123,0.29019999504089355,0.28790199756622314,-0.00229799747467041,-0.00229799747467041,0.09924482007821402,0.11675728841112959,-0.05300625110331092,-0.11775060121440831
EvolveGCN-H,h32_k8,123,0.17739999294281006,0.3029205799102783,0.12552058696746826,0.12552058696746826,0.09924482007821402,0.11675728841112959,-0.05300625110331092,-0.11775060121440831
EvolveGCN-H,h32_k8,123,0.2101999968290329,0.3193027377128601,0.10910274088382721,0.10910274088382721,0.09924482007821402,0.11675728841112959,-0.05300625110331092,-0.11775060121440831
EvolveGCN-H,h32_k8,123,0.26339998841285706,0.3018430471420288,0.03844305872917175,0.03844305872917175,0.09924482007821402,0.11675728841112959,-0.05300625110331092,-0.11775060121440831
EvolveGCN-H,h32_k8,123,0.4189999997615814,0.3080434799194336,-0.11095651984214783,-0.11095651984214783,0.09924482007821402,0.11675728841112959,-0.05300625110331092,-0.11775060121440831
EvolveGCN-H,h32_k8,123,0.1738000065088272,0.31603574752807617,0.14223574101924896,0.14223574101924896,0.09924482007821402,0.11675728841112959,-0.05300625110331092,-0.11775060121440831
EvolveGCN-H,h32_k8,123,0.4138000011444092,0.2918732166290283,-0.12192678451538086,-0.12192678451538086,0.09924482007821402,0.11675728841112959,-0.05300625110331092,-0.11775060121440831
EvolveGCN-H,h32_k8,123,0.11500000208616257,0.30944520235061646,0.1944452002644539,0.1944452002644539,0.09924482007821402,0.11675728841112959,-0.05300625110331092,-0.11775060121440831
EvolveGCN-H,h32_k8,123,0.3693999946117401,0.32227176427841187,-0.04712823033332825,-0.04712823033332825,0.09924482007821402,0.11675728841112959,-0.05300625110331092,-0.11775060121440831
EvolveGCN-H,h32_k8,123,0.10419999808073044,0.28786700963974,0.18366701155900955,0.18366701155900955,0.09924482007821402,0.11675728841112959,-0.05300625110331092,-0.11775060121440831
EvolveGCN-H,h32_k8,123,0.23980000615119934,0.28495872020721436,0.045158714056015015,0.045158714056015015,0.09924482007821402,0.11675728841112959,-0.05300625110331092,-0.11775060121440831
EvolveGCN-H,h32_k8,123,0.272599995136261,0.26433274149894714,-0.008267253637313843,-0.008267253637313843,0.09924482007821402,0.11675728841112959,-0.05300625110331092,-0.11775060121440831
EvolveGCN-H,h32_k8,123,0.38420000672340393,0.30226755142211914,-0.08193245530128479,-0.08193245530128479,0.09924482007821402,0.11675728841112959,-0.05300625110331092,-0.11775060121440831
EvolveGCN-H,h32_k8,123,0.4569999873638153,0.27692797780036926,-0.18007200956344604,-0.18007200956344604,0.09924482007821402,0.11675728841112959,-0.05300625110331092,-0.11775060121440831
EvolveGCN-H,h32_k8,123,0.41620001196861267,0.2970546782016754,-0.11914533376693726,-0.11914533376693726,0.09924482007821402,0.11675728841112959,-0.05300625110331092,-0.11775060121440831
EvolveGCN-H,h32_k8,123,0.2770000100135803,0.28929227590560913,0.012292265892028809,0.012292265892028809,0.09924482007821402,0.11675728841112959,-0.05300625110331092,-0.11775060121440831
EvolveGCN-H,h32_k8,123,0.3578000068664551,0.28089261054992676,-0.07690739631652832,-0.07690739631652832,0.09924482007821402,0.11675728841112959,-0.05300625110331092,-0.11775060121440831
EvolveGCN-H,h32_k8,123,0.4406000077724457,0.29105305671691895,-0.14954695105552673,-0.14954695105552673,0.09924482007821402,0.11675728841112959,-0.05300625110331092,-0.11775060121440831
EvolveGCN-H,h32_k8,123,0.3418000042438507,0.28998470306396484,-0.051815301179885864,-0.051815301179885864,0.09924482007821402,0.11675728841112959,-0.05300625110331092,-0.11775060121440831
EvolveGCN-H,h32_k8,123,0.1462000012397766,0.2738986015319824,0.1276986002922058,0.1276986002922058,0.09924482007821402,0.11675728841112959,-0.05300625110331092,-0.11775060121440831
EvolveGCN-H,h32_k8,123,0.3357999920845032,0.2761252224445343,-0.05967476963996887,-0.05967476963996887,0.09924482007821402,0.11675728841112959,-0.05300625110331092,-0.11775060121440831
EvolveGCN-H,h32_k8,123,0.41019999980926514,0.2955934703350067,-0.11460652947425842,-0.11460652947425842,0.09924482007821402,0.11675728841112959,-0.05300625110331092,-0.11775060121440831
EvolveGCN-H,h32_k8,123,0.24500000476837158,0.3052760362625122,0.060276031494140625,0.060276031494140625,0.09924482007821402,0.11675728841112959,-0.05300625110331092,-0.11775060121440831
EvolveGCN-H,h32_k8,123,0.19820000231266022,0.2673506438732147,0.0691506415605545,0.0691506415605545,0.09924482007821402,0.11675728841112959,-0.05300625110331092,-0.11775060121440831
EvolveGCN-H,h32_k8,123,0.46459999680519104,0.30751222372055054,-0.1570877730846405,-0.1570877730846405,0.09924482007821402,0.11675728841112959,-0.05300625110331092,-0.11775060121440831
EvolveGCN-H,h32_k8,123,0.3901999890804291,0.297770619392395,-0.09242936968803406,-0.09242936968803406,0.09924482007821402,0.11675728841112959,-0.05300625110331092,-0.11775060121440831
EvolveGCN-H,h32_k8,123,0.241799995303154,0.2992595434188843,0.057459548115730286,0.057459548115730286,0.09924482007821402,0.11675728841112959,-0.05300625110331092,-0.11775060121440831
EvolveGCN-H,h32_k8,123,0.32339999079704285,0.308149516582489,-0.015250474214553833,-0.015250474214553833,0.09924482007821402,0.11675728841112959,-0.05300625110331092,-0.11775060121440831
EvolveGCN-H,h32_k8,123,0.23819999396800995,0.30195340514183044,0.0637534111738205,0.0637534111738205,0.09924482007821402,0.11675728841112959,-0.05300625110331092,-0.11775060121440831
EvolveGCN-H,h32_k8,123,0.4729999899864197,0.3121322989463806,-0.16086769104003906,-0.16086769104003906,0.09924482007821402,0.11675728841112959,-0.05300625110331092,-0.11775060121440831
EvolveGCN-H,h32_k8,123,0.4302000105381012,0.2838099002838135,-0.14639011025428772,-0.14639011025428772,0.09924482007821402,0.11675728841112959,-0.05300625110331092,-0.11775060121440831
EvolveGCN-H,h32_k8,123,0.35580000281333923,0.2951545715332031,-0.06064543128013611,-0.06064543128013611,0.09924482007821402,0.11675728841112959,-0.05300625110331092,-0.11775060121440831
EvolveGCN-H,h32_k8,123,0.43059998750686646,0.30284130573272705,-0.1277586817741394,-0.1277586817741394,0.09924482007821402,0.11675728841112959,-0.05300625110331092,-0.11775060121440831
EvolveGCN-H,h32_k8,123,0.2750000059604645,0.2728744149208069,-0.0021255910396575928,-0.0021255910396575928,0.09924482007821402,0.11675728841112959,-0.05300625110331092,-0.11775060121440831
EvolveGCN-H,h32_k8,123,0.41499999165534973,0.2856214642524719,-0.1293785274028778,-0.1293785274028778,0.09924482007821402,0.11675728841112959,-0.05300625110331092,-0.11775060121440831
EvolveGCN-H,h32_k8,123,0.3061999976634979,0.3191845417022705,0.012984544038772583,0.012984544038772583,0.09924482007821402,0.11675728841112959,-0.05300625110331092,-0.11775060121440831
EvolveGCN-H,h32_k8,123,0.22059999406337738,0.26150184869766235,0.04090185463428497,0.04090185463428497,0.09924482007821402,0.11675728841112959,-0.05300625110331092,-0.11775060121440831
EvolveGCN-H,h32_k8,123,0.4410000145435333,0.29204005002975464,-0.1489599645137787,-0.1489599645137787,0.09924482007821402,0.11675728841112959,-0.05300625110331092,-0.11775060121440831
EvolveGCN-H,h32_k8,123,0.34540000557899475,0.30342698097229004,-0.04197302460670471,-0.04197302460670471,0.09924482007821402,0.11675728841112959,-0.05300625110331092,-0.11775060121440831
EvolveGCN-H,h32_k8,123,0.19020000100135803,0.31033653020858765,0.12013652920722961,0.12013652920722961,0.09924482007821402,0.11675728841112959,-0.05300625110331092,-0.11775060121440831
EvolveGCN-H,h32_k8,123,0.20340000092983246,0.2734873592853546,0.07008735835552216,0.07008735835552216,0.09924482007821402,0.11675728841112959,-0.05300625110331092,-0.11775060121440831
EvolveGCN-H,h32_k8,123,0.2937999963760376,0.3094715476036072,0.01567155122756958,0.01567155122756958,0.09924482007821402,0.11675728841112959,-0.05300625110331092,-0.11775060121440831
EvolveGCN-H,h32_k8,123,0.2502000033855438,0.3108714818954468,0.060671478509902954,0.060671478509902954,0.09924482007821402,0.11675728841112959,-0.05300625110331092,-0.11775060121440831
EvolveGCN-H,h32_k8,123,0.2962000072002411,0.30684781074523926,0.010647803544998169,0.010647803544998169,0.09924482007821402,0.11675728841112959,-0.05300625110331092,-0.11775060121440831
EvolveGCN-H,h32_k8,123,0.3709999918937683,0.3190862238407135,-0.05191376805305481,-0.05191376805305481,0.09924482007821402,0.11675728841112959,-0.05300625110331092,-0.11775060121440831
EvolveGCN-H,h32_k8,123,0.17980000376701355,0.3237456679344177,0.14394566416740417,0.14394566416740417,0.09924482007821402,0.11675728841112959,-0.05300625110331092,-0.11775060121440831
Static GCN,h32_k8,123,0.11020000278949738,0.2981101870536804,0.18791018426418304,0.18791018426418304,0.09758658031622569,0.11386256652535626,-0.0014398897045555525,-0.042412321857963994
Static GCN,h32_k8,123,0.2766000032424927,0.29562216997146606,0.01902216672897339,0.01902216672897339,0.09758658031622569,0.11386256652535626,-0.0014398897045555525,-0.042412321857963994
Static GCN,h32_k8,123,0.4758000075817108,0.2977014183998108,-0.17809858918190002,-0.17809858918190002,0.09758658031622569,0.11386256652535626,-0.0014398897045555525,-0.042412321857963994
Static GCN,h32_k8,123,0.17579999566078186,0.29562216997146606,0.1198221743106842,0.1198221743106842,0.09758658031622569,0.11386256652535626,-0.0014398897045555525,-0.042412321857963994
Static GCN,h32_k8,123,0.4918000102043152,0.2957457900047302,-0.19605422019958496,-0.19605422019958496,0.09758658031622569,0.11386256652535626,-0.0014398897045555525,-0.042412321857963994
Static GCN,h32_k8,123,0.12020000070333481,0.2974347472190857,0.17723474651575089,0.17723474651575089,0.09758658031622569,0.11386256652535626,-0.0014398897045555525,-0.042412321857963994
Static GCN,h32_k8,123,0.3601999878883362,0.29562216997146606,-0.06457781791687012,-0.06457781791687012,0.09758658031622569,0.11386256652535626,-0.0014398897045555525,-0.042412321857963994
Static GCN,h32_k8,123,0.29820001125335693,0.29562216997146606,-0.002577841281890869,-0.002577841281890869,0.09758658031622569,0.11386256652535626,-0.0014398897045555525,-0.042412321857963994
Static GCN,h32_k8,123,0.20739999413490295,0.29562216997146606,0.08822217583656311,0.08822217583656311,0.09758658031622569,0.11386256652535626,-0.0014398897045555525,-0.042412321857963994
Static GCN,h32_k8,123,0.3529999852180481,0.29562216997146606,-0.05737781524658203,-0.05737781524658203,0.09758658031622569,0.11386256652535626,-0.0014398897045555525,-0.042412321857963994
Static GCN,h32_k8,123,0.15060000121593475,0.29562216997146606,0.1450221687555313,0.1450221687555313,0.09758658031622569,0.11386256652535626,-0.0014398897045555525,-0.042412321857963994
Static GCN,h32_k8,123,0.10859999805688858,0.2961229681968689,0.18752297013998032,0.18752297013998032,0.09758658031622569,0.11386256652535626,-0.0014398897045555525,-0.042412321857963994
Static GCN,h32_k8,123,0.4625999927520752,0.29562216997146606,-0.16697782278060913,-0.16697782278060913,0.09758658031622569,0.11386256652535626,-0.0014398897045555525,-0.042412321857963994
Static GCN,h32_k8,123,0.2754000127315521,0.29562216997146606,0.02022215723991394,0.02022215723991394,0.09758658031622569,0.11386256652535626,-0.0014398897045555525,-0.042412321857963994
Static GCN,h32_k8,123,0.19419999420642853,0.29373860359191895,0.09953860938549042,0.09953860938549042,0.09758658031622569,0.11386256652535626,-0.0014398897045555525,-0.042412321857963994
Static GCN,h32_k8,123,0.40779998898506165,0.29562216997146606,-0.11217781901359558,-0.11217781901359558,0.09758658031622569,0.11386256652535626,-0.0014398897045555525,-0.042412321857963994
Static GCN,h32_k8,123,0.11940000206232071,0.29562216997146606,0.17622216790914536,0.17622216790914536,0.09758658031622569,0.11386256652535626,-0.0014398897045555525,-0.042412321857963994
Static GCN,h32_k8,123,0.38499999046325684,0.296411395072937,-0.08858859539031982,-0.08858859539031982,0.09758658031622569,0.11386256652535626,-0.0014398897045555525,-0.042412321857963994
Static GCN,h32_k8,123,0.16699999570846558,0.2944868803024292,0.12748688459396362,0.12748688459396362,0.09758658031622569,0.11386256652535626,-0.0014398897045555525,-0.042412321857963994
Static GCN,h32_k8,123,0.27619999647140503,0.29438865184783936,0.018188655376434326,0.018188655376434326,0.09758658031622569,0.11386256652535626,-0.0014398897045555525,-0.042412321857963994
Static GCN,h32_k8,123,0.4578000009059906,0.2937406599521637,-0.1640593409538269,-0.1640593409538269,0.09758658031622569,0.11386256652535626,-0.0014398897045555525,-0.042412321857963994
Static GCN,h32_k8,123,0.4941999912261963,0.295750230550766,-0.1984497606754303,-0.1984497606754303,0.09758658031622569,0.11386256652535626,-0.0014398897045555525,-0.042412321857963994
Static GCN,h32_k8,123,0.24379999935626984,0.29562216997146606,0.05182217061519623,0.05182217061519623,0.09758658031622569,0.11386256652535626,-0.0014398897045555525,-0.042412321857963994
Static GCN,h32_k8,123,0.10700000077486038,0.29444044828414917,0.1874404475092888,0.1874404475092888,0.09758658031622569,0.11386256652535626,-0.0014398897045555525,-0.042412321857963994
Static GCN,h32_k8,123,0.18979999423027039,0.2940746545791626,0.10427466034889221,0.10427466034889221,0.09758658031622569,0.11386256652535626,-0.0014398897045555525,-0.042412321857963994
Static GCN,h32_k8,123,0.2978000044822693,0.2939274311065674,-0.0038725733757019043,-0.0038725733757019043,0.09758658031622569,0.11386256652535626,-0.0014398897045555525,-0.042412321857963994
Static GCN,h32_k8,123,0.35339999198913574,0.29562216997146606,-0.05777782201766968,-0.05777782201766968,0.09758658031622569,0.11386256652535626,-0.0014398897045555525,-0.042412321857963994
Static GCN,h32_k8,123,0.10899999737739563,0.29562216997146606,0.18662217259407043,0.18662217259407043,0.09758658031622569,0.11386256652535626,-0.0014398897045555525,-0.042412321857963994
Static GCN,h32_k8,123,0.16019999980926514,0.2948167622089386,0.13461676239967346,0.13461676239967346,0.09758658031622569,0.11386256652535626,-0.0014398897045555525,-0.042412321857963994
Static GCN,h32_k8,123,0.29019999504089355,0.29562216997146606,0.00542217493057251,0.00542217493057251,0.09758658031622569,0.11386256652535626,-0.0014398897045555525,-0.042412321857963994
Static GCN,h32_k8,123,0.17739999294281006,0.29562216997146606,0.118222177028656,0.118222177028656,0.09758658031622569,0.11386256652535626,-0.0014398897045555525,-0.042412321857963994
Static GCN,h32_k8,123,0.2101999968290329,0.29838770627975464,0.08818770945072174,0.08818770945072174,0.09758658031622569,0.11386256652535626,-0.0014398897045555525,-0.042412321857963994
Static GCN,h32_k8,123,0.26339998841285706,0.29562216997146606,0.03222218155860901,0.03222218155860901,0.09758658031622569,0.11386256652535626,-0.0014398897045555525,-0.042412321857963994
Static GCN,h32_k8,123,0.4189999997615814,0.2947625517845154,-0.12423744797706604,-0.12423744797706604,0.09758658031622569,0.11386256652535626,-0.0014398897045555525,-0.042412321857963994
Static GCN,h32_k8,123,0.1738000065088272,0.29648512601852417,0.12268511950969696,0.12268511950969696,0.09758658031622569,0.11386256652535626,-0.0014398897045555525,-0.042412321857963994
Static GCN,h32_k8,123,0.4138000011444092,0.29562216997146606,-0.11817783117294312,-0.11817783117294312,0.09758658031622569,0.11386256652535626,-0.0014398897045555525,-0.042412321857963994
Static GCN,h32_k8,123,0.11500000208616257,0.29562216997146606,0.1806221678853035,0.1806221678853035,0.09758658031622569,0.11386256652535626,-0.0014398897045555525,-0.042412321857963994
Static GCN,h32_k8,123,0.3693999946117401,0.29711785912513733,-0.07228213548660278,-0.07228213548660278,0.09758658031622569,0.11386256652535626,-0.0014398897045555525,-0.042412321857963994
Static GCN,h32_k8,123,0.10419999808073044,0.29562216997146606,0.19142217189073563,0.19142217189073563,0.09758658031622569,0.11386256652535626,-0.0014398897045555525,-0.042412321857963994
Static GCN,h32_k8,123,0.23980000615119934,0.2957296073436737,0.055929601192474365,0.055929601192474365,0.09758658031622569,0.11386256652535626,-0.0014398897045555525,-0.042412321857963994
Static GCN,h32_k8,123,0.272599995136261,0.29562216997146606,0.023022174835205078,0.023022174835205078,0.09758658031622569,0.11386256652535626,-0.0014398897045555525,-0.042412321857963994
Static GCN,h32_k8,123,0.38420000672340393,0.29562216997146606,-0.08857783675193787,-0.08857783675193787,0.09758658031622569,0.11386256652535626,-0.0014398897045555525,-0.042412321857963994
Static GCN,h32_k8,123,0.4569999873638153,0.29562216997146606,-0.16137781739234924,-0.16137781739234924,0.09758658031622569,0.11386256652535626,-0.0014398897045555525,-0.042412321857963994
Static GCN,h32_k8,123,0.41620001196861267,0.29562216997146606,-0.1205778419971466,-0.1205778419971466,0.09758658031622569,0.11386256652535626,-0.0014398897045555525,-0.042412321857963994
Static GCN,h32_k8,123,0.2770000100135803,0.2962731122970581,0.019273102283477783,0.019273102283477783,0.09758658031622569,0.11386256652535626,-0.0014398897045555525,-0.042412321857963994
Static GCN,h32_k8,123,0.3578000068664551,0.29562216997146606,-0.062177836894989014,-0.062177836894989014,0.09758658031622569,0.11386256652535626,-0.0014398897045555525,-0.042412321857963994
Static GCN,h32_k8,123,0.4406000077724457,0.29562216997146606,-0.14497783780097961,-0.14497783780097961,0.09758658031622569,0.11386256652535626,-0.0014398897045555525,-0.042412321857963994
Static GCN,h32_k8,123,0.3418000042438507,0.2938382625579834,-0.04796174168586731,-0.04796174168586731,0.09758658031622569,0.11386256652535626,-0.0014398897045555525,-0.042412321857963994
Static GCN,h32_k8,123,0.1462000012397766,0.2966107428073883,0.1504107415676117,0.1504107415676117,0.09758658031622569,0.11386256652535626,-0.0014398897045555525,-0.042412321857963994
Static GCN,h32_k8,123,0.3357999920845032,0.29562216997146606,-0.04017782211303711,-0.04017782211303711,0.09758658031622569,0.11386256652535626,-0.0014398897045555525,-0.042412321857963994
Static GCN,h32_k8,123,0.41019999980926514,0.29562216997146606,-0.11457782983779907,-0.11457782983779907,0.09758658031622569,0.11386256652535626,-0.0014398897045555525,-0.042412321857963994
Static GCN,h32_k8,123,0.24500000476837158,0.29562216997146606,0.05062216520309448,0.05062216520309448,0.09758658031622569,0.11386256652535626,-0.0014398897045555525,-0.042412321857963994
Static GCN,h32_k8,123,0.19820000231266022,0.29562216997146606,0.09742216765880585,0.09742216765880585,0.09758658031622569,0.11386256652535626,-0.0014398897045555525,-0.042412321857963994
Static GCN,h32_k8,123,0.46459999680519104,0.2937881350517273,-0.17081186175346375,-0.17081186175346375,0.09758658031622569,0.11386256652535626,-0.0014398897045555525,-0.042412321857963994
Static GCN,h32_k8,123,0.3901999890804291,0.29598432779312134,-0.09421566128730774,-0.09421566128730774,0.09758658031622569,0.11386256652535626,-0.0014398897045555525,-0.042412321857963994
Static GCN,h32_k8,123,0.241799995303154,0.2968844473361969,0.05508445203304291,0.05508445203304291,0.09758658031622569,0.11386256652535626,-0.0014398897045555525,-0.042412321857963994
Static GCN,h32_k8,123,0.32339999079704285,0.29684513807296753,-0.026554852724075317,-0.026554852724075317,0.09758658031622569,0.11386256652535626,-0.0014398897045555525,-0.042412321857963994
Static GCN,h32_k8,123,0.23819999396800995,0.29758310317993164,0.05938310921192169,0.05938310921192169,0.09758658031622569,0.11386256652535626,-0.0014398897045555525,-0.042412321857963994
Static GCN,h32_k8,123,0.4729999899864197,0.29562216997146606,-0.1773778200149536,-0.1773778200149536,0.09758658031622569,0.11386256652535626,-0.0014398897045555525,-0.042412321857963994
Static GCN,h32_k8,123,0.4302000105381012,0.2973881959915161,-0.13281181454658508,-0.13281181454658508,0.09758658031622569,0.11386256652535626,-0.0014398897045555525,-0.042412321857963994
Static GCN,h32_k8,123,0.35580000281333923,0.29562216997146606,-0.06017783284187317,-0.06017783284187317,0.09758658031622569,0.11386256652535626,-0.0014398897045555525,-0.042412321857963994
Static GCN,h32_k8,123,0.43059998750686646,0.29395657777786255,-0.1366434097290039,-0.1366434097290039,0.09758658031622569,0.11386256652535626,-0.0014398897045555525,-0.042412321857963994
Static GCN,h32_k8,123,0.2750000059604645,0.29562216997146606,0.020622164011001587,0.020622164011001587,0.09758658031622569,0.11386256652535626,-0.0014398897045555525,-0.042412321857963994
Static GCN,h32_k8,123,0.41499999165534973,0.30215609073638916,-0.11284390091896057,-0.11284390091896057,0.09758658031622569,0.11386256652535626,-0.0014398897045555525,-0.042412321857963994
Static GCN,h32_k8,123,0.3061999976634979,0.2945943772792816,-0.011605620384216309,-0.011605620384216309,0.09758658031622569,0.11386256652535626,-0.0014398897045555525,-0.042412321857963994
Static GCN,h32_k8,123,0.22059999406337738,0.29626139998435974,0.07566140592098236,0.07566140592098236,0.09758658031622569,0.11386256652535626,-0.0014398897045555525,-0.042412321857963994
Static GCN,h32_k8,123,0.4410000145435333,0.2942694127559662,-0.14673060178756714,-0.14673060178756714,0.09758658031622569,0.11386256652535626,-0.0014398897045555525,-0.042412321857963994
Static GCN,h32_k8,123,0.34540000557899475,0.29435044527053833,-0.05104956030845642,-0.05104956030845642,0.09758658031622569,0.11386256652535626,-0.0014398897045555525,-0.042412321857963994
Static GCN,h32_k8,123,0.19020000100135803,0.29796668887138367,0.10776668787002563,0.10776668787002563,0.09758658031622569,0.11386256652535626,-0.0014398897045555525,-0.042412321857963994
Static GCN,h32_k8,123,0.20340000092983246,0.29429876804351807,0.09089876711368561,0.09089876711368561,0.09758658031622569,0.11386256652535626,-0.0014398897045555525,-0.042412321857963994
Static GCN,h32_k8,123,0.2937999963760376,0.2937861382961273,-1.385807991027832e-05,-1.385807991027832e-05,0.09758658031622569,0.11386256652535626,-0.0014398897045555525,-0.042412321857963994
Static GCN,h32_k8,123,0.2502000033855438,0.2941943407058716,0.04399433732032776,0.04399433732032776,0.09758658031622569,0.11386256652535626,-0.0014398897045555525,-0.042412321857963994
Static GCN,h32_k8,123,0.2962000072002411,0.2970699667930603,0.0008699595928192139,0.0008699595928192139,0.09758658031622569,0.11386256652535626,-0.0014398897045555525,-0.042412321857963994
Static GCN,h32_k8,123,0.3709999918937683,0.2963823080062866,-0.07461768388748169,-0.07461768388748169,0.09758658031622569,0.11386256652535626,-0.0014398897045555525,-0.042412321857963994
Static GCN,h32_k8,123,0.17980000376701355,0.29670923948287964,0.11690923571586609,0.11690923571586609,0.09758658031622569,0.11386256652535626,-0.0014398897045555525,-0.042412321857963994
EvolveGCN-H,h32_k12,123,0.11020000278949738,0.28960341215133667,0.1794034093618393,0.1794034093618393,0.0974668699502945,0.1155289764431577,-0.03096708476368004,-0.10433265774010873
EvolveGCN-H,h32_k12,123,0.2766000032424927,0.26705655455589294,-0.009543448686599731,-0.009543448686599731,0.0974668699502945,0.1155289764431577,-0.03096708476368004,-0.10433265774010873
EvolveGCN-H,h32_k12,123,0.4758000075817108,0.29303714632987976,-0.18276286125183105,-0.18276286125183105,0.0974668699502945,0.1155289764431577,-0.03096708476368004,-0.10433265774010873
EvolveGCN-H,h32_k12,123,0.17579999566078186,0.2931928038597107,0.11739280819892883,0.11739280819892883,0.0974668699502945,0.1155289764431577,-0.03096708476368004,-0.10433265774010873
EvolveGCN-H,h32_k12,123,0.4918000102043152,0.2735409736633301,-0.2182590365409851,-0.2182590365409851,0.0974668699502945,0.1155289764431577,-0.03096708476368004,-0.10433265774010873
EvolveGCN-H,h32_k12,123,0.12020000070333481,0.2994092106819153,0.17920920997858047,0.17920920997858047,0.0974668699502945,0.1155289764431577,-0.03096708476368004,-0.10433265774010873
EvolveGCN-H,h32_k12,123,0.3601999878883362,0.28504884243011475,-0.07515114545822144,-0.07515114545822144,0.0974668699502945,0.1155289764431577,-0.03096708476368004,-0.10433265774010873
EvolveGCN-H,h32_k12,123,0.29820001125335693,0.27956998348236084,-0.018630027770996094,-0.018630027770996094,0.0974668699502945,0.1155289764431577,-0.03096708476368004,-0.10433265774010873
EvolveGCN-H,h32_k12,123,0.20739999413490295,0.2999524474143982,0.09255245327949524,0.09255245327949524,0.0974668699502945,0.1155289764431577,-0.03096708476368004,-0.10433265774010873
EvolveGCN-H,h32_k12,123,0.3529999852180481,0.283765971660614,-0.06923401355743408,-0.06923401355743408,0.0974668699502945,0.1155289764431577,-0.03096708476368004,-0.10433265774010873
EvolveGCN-H,h32_k12,123,0.15060000121593475,0.293130099773407,0.14253009855747223,0.14253009855747223,0.0974668699502945,0.1155289764431577,-0.03096708476368004,-0.10433265774010873
EvolveGCN-H,h32_k12,123,0.10859999805688858,0.2904883027076721,0.18188830465078354,0.18188830465078354,0.0974668699502945,0.1155289764431577,-0.03096708476368004,-0.10433265774010873
EvolveGCN-H,h32_k12,123,0.4625999927520752,0.27739113569259644,-0.18520885705947876,-0.18520885705947876,0.0974668699502945,0.1155289764431577,-0.03096708476368004,-0.10433265774010873
EvolveGCN-H,h32_k12,123,0.2754000127315521,0.2813824713230133,0.005982458591461182,0.005982458591461182,0.0974668699502945,0.1155289764431577,-0.03096708476368004,-0.10433265774010873
EvolveGCN-H,h32_k12,123,0.19419999420642853,0.3004782199859619,0.10627822577953339,0.10627822577953339,0.0974668699502945,0.1155289764431577,-0.03096708476368004,-0.10433265774010873
EvolveGCN-H,h32_k12,123,0.40779998898506165,0.293369859457016,-0.11443012952804565,-0.11443012952804565,0.0974668699502945,0.1155289764431577,-0.03096708476368004,-0.10433265774010873
EvolveGCN-H,h32_k12,123,0.11940000206232071,0.2900550067424774,0.1706550046801567,0.1706550046801567,0.0974668699502945,0.1155289764431577,-0.03096708476368004,-0.10433265774010873
EvolveGCN-H,h32_k12,123,0.38499999046325684,0.28397876024246216,-0.10102123022079468,-0.10102123022079468,0.0974668699502945,0.1155289764431577,-0.03096708476368004,-0.10433265774010873
EvolveGCN-H,h32_k12,123,0.16699999570846558,0.2912476062774658,0.12424761056900024,0.12424761056900024,0.0974668699502945,0.1155289764431577,-0.03096708476368004,-0.10433265774010873
EvolveGCN-H,h32_k12,123,0.27619999647140503,0.3020862638950348,0.02588626742362976,0.02588626742362976,0.0974668699502945,0.1155289764431577,-0.03096708476368004,-0.10433265774010873
EvolveGCN-H,h32_k12,123,0.4578000009059906,0.28594714403152466,-0.17185285687446594,-0.17185285687446594,0.0974668699502945,0.1155289764431577,-0.03096708476368004,-0.10433265774010873
EvolveGCN-H,h32_k12,123,0.4941999912261963,0.28276506066322327,-0.21143493056297302,-0.21143493056297302,0.0974668699502945,0.1155289764431577,-0.03096708476368004,-0.10433265774010873
EvolveGCN-H,h32_k12,123,0.24379999935626984,0.274495005607605,0.030695006251335144,0.030695006251335144,0.0974668699502945,0.1155289764431577,-0.03096708476368004,-0.10433265774010873
EvolveGCN-H,h32_k12,123,0.10700000077486038,0.29581567645072937,0.188815675675869,0.188815675675869,0.0974668699502945,0.1155289764431577,-0.03096708476368004,-0.10433265774010873
EvolveGCN-H,h32_k12,123,0.18979999423027039,0.29214856028556824,0.10234856605529785,0.10234856605529785,0.0974668699502945,0.1155289764431577,-0.03096708476368004,-0.10433265774010873
EvolveGCN-H,h32_k12,123,0.2978000044822693,0.2987203896045685,0.0009203851222991943,0.0009203851222991943,0.0974668699502945,0.1155289764431577,-0.03096708476368004,-0.10433265774010873
EvolveGCN-H,h32_k12,123,0.35339999198913574,0.2911493480205536,-0.06225064396858215,-0.06225064396858215,0.0974668699502945,0.1155289764431577,-0.03096708476368004,-0.10433265774010873
EvolveGCN-H,h32_k12,123,0.10899999737739563,0.2886170744895935,0.17961707711219788,0.17961707711219788,0.0974668699502945,0.1155289764431577,-0.03096708476368004,-0.10433265774010873
EvolveGCN-H,h32_k12,123,0.16019999980926514,0.2676147222518921,0.10741472244262695,0.10741472244262695,0.0974668699502945,0.1155289764431577,-0.03096708476368004,-0.10433265774010873
EvolveGCN-H,h32_k12,123,0.29019999504089355,0.2835150957107544,-0.00668489933013916,-0.00668489933013916,0.0974668699502945,0.1155289764431577,-0.03096708476368004,-0.10433265774010873
EvolveGCN-H,h32_k12,123,0.17739999294281006,0.28029748797416687,0.10289749503135681,0.10289749503135681,0.0974668699502945,0.1155289764431577,-0.03096708476368004,-0.10433265774010873
EvolveGCN-H,h32_k12,123,0.2101999968290329,0.2991846203804016,0.08898462355136871,0.08898462355136871,0.0974668699502945,0.1155289764431577,-0.03096708476368004,-0.10433265774010873
EvolveGCN-H,h32_k12,123,0.26339998841285706,0.28610169887542725,0.02270171046257019,0.02270171046257019,0.0974668699502945,0.1155289764431577,-0.03096708476368004,-0.10433265774010873
EvolveGCN-H,h32_k12,123,0.4189999997615814,0.27741438150405884,-0.14158561825752258,-0.14158561825752258,0.0974668699502945,0.1155289764431577,-0.03096708476368004,-0.10433265774010873
EvolveGCN-H,h32_k12,123,0.1738000065088272,0.2909448742866516,0.1171448677778244,0.1171448677778244,0.0974668699502945,0.1155289764431577,-0.03096708476368004,-0.10433265774010873
EvolveGCN-H,h32_k12,123,0.4138000011444092,0.27741432189941406,-0.13638567924499512,-0.13638567924499512,0.0974668699502945,0.1155289764431577,-0.03096708476368004,-0.10433265774010873
EvolveGCN-H,h32_k12,123,0.11500000208616257,0.29652053117752075,0.18152052909135818,0.18152052909135818,0.0974668699502945,0.1155289764431577,-0.03096708476368004,-0.10433265774010873
EvolveGCN-H,h32_k12,123,0.3693999946117401,0.31143033504486084,-0.05796965956687927,-0.05796965956687927,0.0974668699502945,0.1155289764431577,-0.03096708476368004,-0.10433265774010873
EvolveGCN-H,h32_k12,123,0.10419999808073044,0.29688745737075806,0.19268745929002762,0.19268745929002762,0.0974668699502945,0.1155289764431577,-0.03096708476368004,-0.10433265774010873
EvolveGCN-H,h32_k12,123,0.23980000615119934,0.28803589940071106,0.04823589324951172,0.04823589324951172,0.0974668699502945,0.1155289764431577,-0.03096708476368004,-0.10433265774010873
EvolveGCN-H,h32_k12,123,0.272599995136261,0.2715069651603699,-0.0010930299758911133,-0.0010930299758911133,0.0974668699502945,0.1155289764431577,-0.03096708476368004,-0.10433265774010873
EvolveGCN-H,h32_k12,123,0.38420000672340393,0.2884887456893921,-0.09571126103401184,-0.09571126103401184,0.0974668699502945,0.1155289764431577,-0.03096708476368004,-0.10433265774010873
EvolveGCN-H,h32_k12,123,0.4569999873638153,0.275376558303833,-0.1816234290599823,-0.1816234290599823,0.0974668699502945,0.1155289764431577,-0.03096708476368004,-0.10433265774010873
EvolveGCN-H,h32_k12,123,0.41620001196861267,0.28106144070625305,-0.13513857126235962,-0.13513857126235962,0.0974668699502945,0.1155289764431577,-0.03096708476368004,-0.10433265774010873
EvolveGCN-H,h32_k12,123,0.2770000100135803,0.28224509954452515,0.005245089530944824,0.005245089530944824,0.0974668699502945,0.1155289764431577,-0.03096708476368004,-0.10433265774010873
EvolveGCN-H,h32_k12,123,0.3578000068664551,0.2606247067451477,-0.09717530012130737,-0.09717530012130737,0.0974668699502945,0.1155289764431577,-0.03096708476368004,-0.10433265774010873
EvolveGCN-H,h32_k12,123,0.4406000077724457,0.2889583110809326,-0.15164169669151306,-0.15164169669151306,0.0974668699502945,0.1155289764431577,-0.03096708476368004,-0.10433265774010873
EvolveGCN-H,h32_k12,123,0.3418000042438507,0.2889838218688965,-0.052816182374954224,-0.052816182374954224,0.0974668699502945,0.1155289764431577,-0.03096708476368004,-0.10433265774010873
EvolveGCN-H,h32_k12,123,0.1462000012397766,0.2861166000366211,0.13991659879684448,0.13991659879684448,0.0974668699502945,0.1155289764431577,-0.03096708476368004,-0.10433265774010873
EvolveGCN-H,h32_k12,123,0.3357999920845032,0.2691430151462555,-0.06665697693824768,-0.06665697693824768,0.0974668699502945,0.1155289764431577,-0.03096708476368004,-0.10433265774010873
EvolveGCN-H,h32_k12,123,0.41019999980926514,0.29262644052505493,-0.1175735592842102,-0.1175735592842102,0.0974668699502945,0.1155289764431577,-0.03096708476368004,-0.10433265774010873
EvolveGCN-H,h32_k12,123,0.24500000476837158,0.2855796813964844,0.04057967662811279,0.04057967662811279,0.0974668699502945,0.1155289764431577,-0.03096708476368004,-0.10433265774010873
EvolveGCN-H,h32_k12,123,0.19820000231266022,0.26689672470092773,0.06869672238826752,0.06869672238826752,0.0974668699502945,0.1155289764431577,-0.03096708476368004,-0.10433265774010873
EvolveGCN-H,h32_k12,123,0.46459999680519104,0.2913341522216797,-0.17326584458351135,-0.17326584458351135,0.0974668699502945,0.1155289764431577,-0.03096708476368004,-0.10433265774010873
EvolveGCN-H,h32_k12,123,0.3901999890804291,0.2803543508052826,-0.10984563827514648,-0.10984563827514648,0.0974668699502945,0.1155289764431577,-0.03096708476368004,-0.10433265774010873
EvolveGCN-H,h32_k12,123,0.241799995303154,0.29016372561454773,0.04836373031139374,0.04836373031139374,0.0974668699502945,0.1155289764431577,-0.03096708476368004,-0.10433265774010873
EvolveGCN-H,h32_k12,123,0.32339999079704285,0.2907755970954895,-0.032624393701553345,-0.032624393701553345,0.0974668699502945,0.1155289764431577,-0.03096708476368004,-0.10433265774010873
EvolveGCN-H,h32_k12,123,0.23819999396800995,0.29335758090019226,0.05515758693218231,0.05515758693218231,0.0974668699502945,0.1155289764431577,-0.03096708476368004,-0.10433265774010873
EvolveGCN-H,h32_k12,123,0.4729999899864197,0.30196696519851685,-0.17103302478790283,-0.17103302478790283,0.0974668699502945,0.1155289764431577,-0.03096708476368004,-0.10433265774010873
EvolveGCN-H,h32_k12,123,0.4302000105381012,0.27309948205947876,-0.15710052847862244,-0.15710052847862244,0.0974668699502945,0.1155289764431577,-0.03096708476368004,-0.10433265774010873
EvolveGCN-H,h32_k12,123,0.35580000281333923,0.2901916205883026,-0.06560838222503662,-0.06560838222503662,0.0974668699502945,0.1155289764431577,-0.03096708476368004,-0.10433265774010873
EvolveGCN-H,h32_k12,123,0.43059998750686646,0.2910715341567993,-0.13952845335006714,-0.13952845335006714,0.0974668699502945,0.1155289764431577,-0.03096708476368004,-0.10433265774010873
EvolveGCN-H,h32_k12,123,0.2750000059604645,0.271573007106781,-0.0034269988536834717,-0.0034269988536834717,0.0974668699502945,0.1155289764431577,-0.03096708476368004,-0.10433265774010873
EvolveGCN-H,h32_k12,123,0.41499999165534973,0.29016348719596863,-0.1248365044593811,-0.1248365044593811,0.0974668699502945,0.1155289764431577,-0.03096708476368004,-0.10433265774010873
EvolveGCN-H,h32_k12,123,0.3061999976634979,0.29092928767204285,-0.015270709991455078,-0.015270709991455078,0.0974668699502945,0.1155289764431577,-0.03096708476368004,-0.10433265774010873
EvolveGCN-H,h32_k12,123,0.22059999406337738,0.27287769317626953,0.05227769911289215,0.05227769911289215,0.0974668699502945,0.1155289764431577,-0.03096708476368004,-0.10433265774010873
EvolveGCN-H,h32_k12,123,0.4410000145435333,0.28988468647003174,-0.1511153280735016,-0.1511153280735016,0.0974668699502945,0.1155289764431577,-0.03096708476368004,-0.10433265774010873
EvolveGCN-H,h32_k12,123,0.34540000557899475,0.3046838343143463,-0.04071617126464844,-0.04071617126464844,0.0974668699502945,0.1155289764431577,-0.03096708476368004,-0.10433265774010873
EvolveGCN-H,h32_k12,123,0.19020000100135803,0.2869653105735779,0.09676530957221985,0.09676530957221985,0.0974668699502945,0.1155289764431577,-0.03096708476368004,-0.10433265774010873
EvolveGCN-H,h32_k12,123,0.20340000092983246,0.2659551501274109,0.06255514919757843,0.06255514919757843,0.0974668699502945,0.1155289764431577,-0.03096708476368004,-0.10433265774010873
EvolveGCN-H,h32_k12,123,0.2937999963760376,0.2917156219482422,-0.00208437442779541,-0.00208437442779541,0.0974668699502945,0.1155289764431577,-0.03096708476368004,-0.10433265774010873
EvolveGCN-H,h32_k12,123,0.2502000033855438,0.2775575518608093,0.027357548475265503,0.027357548475265503,0.0974668699502945,0.1155289764431577,-0.03096708476368004,-0.10433265774010873
EvolveGCN-H,h32_k12,123,0.2962000072002411,0.29113084077835083,-0.005069166421890259,-0.005069166421890259,0.0974668699502945,0.1155289764431577,-0.03096708476368004,-0.10433265774010873
EvolveGCN-H,h32_k12,123,0.3709999918937683,0.30934938788414,-0.061650604009628296,-0.061650604009628296,0.0974668699502945,0.1155289764431577,-0.03096708476368004,-0.10433265774010873
EvolveGCN-H,h32_k12,123,0.17980000376701355,0.2878791093826294,0.10807910561561584,0.10807910561561584,0.0974668699502945,0.1155289764431577,-0.03096708476368004,-0.10433265774010873
Static GCN,h32_k12,123,0.11020000278949738,0.2973439693450928,0.1871439665555954,0.1871439665555954,0.09732251067956289,0.1139835144374115,-0.003568532980047223,-0.05109381601225733
Static GCN,h32_k12,123,0.2766000032424927,0.2861526608467102,0.00955265760421753,0.00955265760421753,0.09732251067956289,0.1139835144374115,-0.003568532980047223,-0.05109381601225733
Static GCN,h32_k12,123,0.4758000075817108,0.2882884740829468,-0.18751153349876404,-0.18751153349876404,0.09732251067956289,0.1139835144374115,-0.003568532980047223,-0.05109381601225733
Static GCN,h32_k12,123,0.17579999566078186,0.2883658707141876,0.11256587505340576,0.11256587505340576,0.09732251067956289,0.1139835144374115,-0.003568532980047223,-0.05109381601225733
Static GCN,h32_k12,123,0.4918000102043152,0.2880629301071167,-0.2037370800971985,-0.2037370800971985,0.09732251067956289,0.1139835144374115,-0.003568532980047223,-0.05109381601225733
Static GCN,h32_k12,123,0.12020000070333481,0.291971355676651,0.1717713549733162,0.1717713549733162,0.09732251067956289,0.1139835144374115,-0.003568532980047223,-0.05109381601225733
Static GCN,h32_k12,123,0.3601999878883362,0.2893005609512329,-0.07089942693710327,-0.07089942693710327,0.09732251067956289,0.1139835144374115,-0.003568532980047223,-0.05109381601225733
Static GCN,h32_k12,123,0.29820001125335693,0.2861115336418152,-0.012088477611541748,-0.012088477611541748,0.09732251067956289,0.1139835144374115,-0.003568532980047223,-0.05109381601225733
Static GCN,h32_k12,123,0.20739999413490295,0.2908756732940674,0.08347567915916443,0.08347567915916443,0.09732251067956289,0.1139835144374115,-0.003568532980047223,-0.05109381601225733
Static GCN,h32_k12,123,0.3529999852180481,0.28861507773399353,-0.06438490748405457,-0.06438490748405457,0.09732251067956289,0.1139835144374115,-0.003568532980047223,-0.05109381601225733
Static GCN,h32_k12,123,0.15060000121593475,0.28960341215133667,0.13900341093540192,0.13900341093540192,0.09732251067956289,0.1139835144374115,-0.003568532980047223,-0.05109381601225733
Static GCN,h32_k12,123,0.10859999805688858,0.2890782654285431,0.1804782673716545,0.1804782673716545,0.09732251067956289,0.1139835144374115,-0.003568532980047223,-0.05109381601225733
Static GCN,h32_k12,123,0.4625999927520752,0.2882785201072693,-0.1743214726448059,-0.1743214726448059,0.09732251067956289,0.1139835144374115,-0.003568532980047223,-0.05109381601225733
Static GCN,h32_k12,123,0.2754000127315521,0.28989219665527344,0.014492183923721313,0.014492183923721313,0.09732251067956289,0.1139835144374115,-0.003568532980047223,-0.05109381601225733
Static GCN,h32_k12,123,0.19419999420642853,0.29085057973861694,0.09665058553218842,0.09665058553218842,0.09732251067956289,0.1139835144374115,-0.003568532980047223,-0.05109381601225733
Static GCN,h32_k12,123,0.40779998898506165,0.2916538417339325,-0.11614614725112915,-0.11614614725112915,0.09732251067956289,0.1139835144374115,-0.003568532980047223,-0.05109381601225733
Static GCN,h32_k12,123,0.11940000206232071,0.29145023226737976,0.17205023020505905,0.17205023020505905,0.09732251067956289,0.1139835144374115,-0.003568532980047223,-0.05109381601225733
Static GCN,h32_k12,123,0.38499999046325684,0.2867239713668823,-0.09827601909637451,-0.09827601909637451,0.09732251067956289,0.1139835144374115,-0.003568532980047223,-0.05109381601225733
Static GCN,h32_k12,123,0.16699999570846558,0.2862577736377716,0.11925777792930603,0.11925777792930603,0.09732251067956289,0.1139835144374115,-0.003568532980047223,-0.05109381601225733
Static GCN,h32_k12,123,0.27619999647140503,0.28747496008872986,0.011274963617324829,0.011274963617324829,0.09732251067956289,0.1139835144374115,-0.003568532980047223,-0.05109381601225733
Static GCN,h32_k12,123,0.4578000009059906,0.2902824878692627,-0.1675175130367279,-0.1675175130367279,0.09732251067956289,0.1139835144374115,-0.003568532980047223,-0.05109381601225733
Static GCN,h32_k12,123,0.4941999912261963,0.29025089740753174,-0.20394909381866455,-0.20394909381866455,0.09732251067956289,0.1139835144374115,-0.003568532980047223,-0.05109381601225733
Static GCN,h32_k12,123,0.24379999935626984,0.2869594991207123,0.043159499764442444,0.043159499764442444,0.09732251067956289,0.1139835144374115,-0.003568532980047223,-0.05109381601225733
Static GCN,h32_k12,123,0.10700000077486038,0.2920088768005371,0.18500887602567673,0.18500887602567673,0.09732251067956289,0.1139835144374115,-0.003568532980047223,-0.05109381601225733
Static GCN,h32_k12,123,0.18979999423027039,0.2921641170978546,0.10236412286758423,0.10236412286758423,0.09732251067956289,0.1139835144374115,-0.003568532980047223,-0.05109381601225733
Static GCN,h32_k12,123,0.2978000044822693,0.2913282513618469,-0.006471753120422363,-0.006471753120422363,0.09732251067956289,0.1139835144374115,-0.003568532980047223,-0.05109381601225733
Static GCN,h32_k12,123,0.35339999198913574,0.2889624238014221,-0.06443756818771362,-0.06443756818771362,0.09732251067956289,0.1139835144374115,-0.003568532980047223,-0.05109381601225733
Static GCN,h32_k12,123,0.10899999737739563,0.2893516421318054,0.1803516447544098,0.1803516447544098,0.09732251067956289,0.1139835144374115,-0.003568532980047223,-0.05109381601225733
Static GCN,h32_k12,123,0.16019999980926514,0.28845611214637756,0.12825611233711243,0.12825611233711243,0.09732251067956289,0.1139835144374115,-0.003568532980047223,-0.05109381601225733
Static GCN,h32_k12,123,0.29019999504089355,0.291251540184021,0.0010515451431274414,0.0010515451431274414,0.09732251067956289,0.1139835144374115,-0.003568532980047223,-0.05109381601225733
Static GCN,h32_k12,123,0.17739999294281006,0.2861687242984772,0.10876873135566711,0.10876873135566711,0.09732251067956289,0.1139835144374115,-0.003568532980047223,-0.05109381601225733
Static GCN,h32_k12,123,0.2101999968290329,0.29124370217323303,0.08104370534420013,0.08104370534420013,0.09732251067956289,0.1139835144374115,-0.003568532980047223,-0.05109381601225733
Static GCN,h32_k12,123,0.26339998841285706,0.289109468460083,0.025709480047225952,0.025709480047225952,0.09732251067956289,0.1139835144374115,-0.003568532980047223,-0.05109381601225733
Static GCN,h32_k12,123,0.4189999997615814,0.2892491817474365,-0.1297508180141449,-0.1297508180141449,0.09732251067956289,0.1139835144374115,-0.003568532980047223,-0.05109381601225733
Static GCN,h32_k12,123,0.1738000065088272,0.2886117100715637,0.11481170356273651,0.11481170356273651,0.09732251067956289,0.1139835144374115,-0.003568532980047223,-0.05109381601225733
Static GCN,h32_k12,123,0.4138000011444092,0.2920382618904114,-0.1217617392539978,-0.1217617392539978,0.09732251067956289,0.1139835144374115,-0.003568532980047223,-0.05109381601225733
Static GCN,h32_k12,123,0.11500000208616257,0.28863441944122314,0.17363441735506058,0.17363441735506058,0.09732251067956289,0.1139835144374115,-0.003568532980047223,-0.05109381601225733
Static GCN,h32_k12,123,0.3693999946117401,0.29232972860336304,-0.07707026600837708,-0.07707026600837708,0.09732251067956289,0.1139835144374115,-0.003568532980047223,-0.05109381601225733
Static GCN,h32_k12,123,0.10419999808073044,0.2908773720264435,0.18667737394571304,0.18667737394571304,0.09732251067956289,0.1139835144374115,-0.003568532980047223,-0.05109381601225733
Static GCN,h32_k12,123,0.23980000615119934,0.28870904445648193,0.04890903830528259,0.04890903830528259,0.09732251067956289,0.1139835144374115,-0.003568532980047223,-0.05109381601225733
Static GCN,h32_k12,123,0.272599995136261,0.2924053370952606,0.019805341958999634,0.019805341958999634,0.09732251067956289,0.1139835144374115,-0.003568532980047223,-0.05109381601225733
Static GCN,h32_k12,123,0.38420000672340393,0.2917077839374542,-0.09249222278594971,-0.09249222278594971,0.09732251067956289,0.1139835144374115,-0.003568532980047223,-0.05109381601225733
Static GCN,h32_k12,123,0.4569999873638153,0.2903152108192444,-0.16668477654457092,-0.16668477654457092,0.09732251067956289,0.1139835144374115,-0.003568532980047223,-0.05109381601225733
Static GCN,h32_k12,123,0.41620001196861267,0.2872532308101654,-0.12894678115844727,-0.12894678115844727,0.09732251067956289,0.1139835144374115,-0.003568532980047223,-0.05109381601225733
Static GCN,h32_k12,123,0.2770000100135803,0.2866281270980835,0.009628117084503174,0.009628117084503174,0.09732251067956289,0.1139835144374115,-0.003568532980047223,-0.05109381601225733
Static GCN,h32_k12,123,0.3578000068664551,0.2897951602935791,-0.06800484657287598,-0.06800484657287598,0.09732251067956289,0.1139835144374115,-0.003568532980047223,-0.05109381601225733
Static GCN,h32_k12,123,0.4406000077724457,0.2885725200176239,-0.15202748775482178,-0.15202748775482178,0.09732251067956289,0.1139835144374115,-0.003568532980047223,-0.05109381601225733
Static GCN,h32_k12,123,0.3418000042438507,0.28911659121513367,-0.05268341302871704,-0.05268341302871704,0.09732251067956289,0.1139835144374115,-0.003568532980047223,-0.05109381601225733
Static GCN,h32_k12,123,0.1462000012397766,0.2894279658794403,0.1432279646396637,0.1432279646396637,0.09732251067956289,0.1139835144374115,-0.003568532980047223,-0.05109381601225733
Static GCN,h32_k12,123,0.3357999920845032,0.2890913188457489,-0.04670867323875427,-0.04670867323875427,0.09732251067956289,0.1139835144374115,-0.003568532980047223,-0.05109381601225733
Static GCN,h32_k12,123,0.41019999980926514,0.29014772176742554,-0.1200522780418396,-0.1200522780418396,0.09732251067956289,0.1139835144374115,-0.003568532980047223,-0.05109381601225733
Static GCN,h32_k12,123,0.24500000476837158,0.2859783470630646,0.04097834229469299,0.04097834229469299,0.09732251067956289,0.1139835144374115,-0.003568532980047223,-0.05109381601225733
Static GCN,h32_k12,123,0.19820000231266022,0.28597286343574524,0.08777286112308502,0.08777286112308502,0.09732251067956289,0.1139835144374115,-0.003568532980047223,-0.05109381601225733
Static GCN,h32_k12,123,0.46459999680519104,0.29166924953460693,-0.1729307472705841,-0.1729307472705841,0.09732251067956289,0.1139835144374115,-0.003568532980047223,-0.05109381601225733
Static GCN,h32_k12,123,0.3901999890804291,0.29133349657058716,-0.09886649250984192,-0.09886649250984192,0.09732251067956289,0.1139835144374115,-0.003568532980047223,-0.05109381601225733
Static GCN,h32_k12,123,0.241799995303154,0.28823864459991455,0.04643864929676056,0.04643864929676056,0.09732251067956289,0.1139835144374115,-0.003568532980047223,-0.05109381601225733
Static GCN,h32_k12,123,0.32339999079704285,0.28662633895874023,-0.03677365183830261,-0.03677365183830261,0.09732251067956289,0.1139835144374115,-0.003568532980047223,-0.05109381601225733
Static GCN,h32_k12,123,0.23819999396800995,0.2871023416519165,0.048902347683906555,0.048902347683906555,0.09732251067956289,0.1139835144374115,-0.003568532980047223,-0.05109381601225733
Static GCN,h32_k12,123,0.4729999899864197,0.28774964809417725,-0.18525034189224243,-0.18525034189224243,0.09732251067956289,0.1139835144374115,-0.003568532980047223,-0.05109381601225733
Static GCN,h32_k12,123,0.4302000105381012,0.2895958721637726,-0.1406041383743286,-0.1406041383743286,0.09732251067956289,0.1139835144374115,-0.003568532980047223,-0.05109381601225733
Static GCN,h32_k12,123,0.35580000281333923,0.2885647416114807,-0.06723526120185852,-0.06723526120185852,0.09732251067956289,0.1139835144374115,-0.003568532980047223,-0.05109381601225733
Static GCN,h32_k12,123,0.43059998750686646,0.28720822930336,-0.14339175820350647,-0.14339175820350647,0.09732251067956289,0.1139835144374115,-0.003568532980047223,-0.05109381601225733
Static GCN,h32_k12,123,0.2750000059604645,0.28922000527381897,0.014219999313354492,0.014219999313354492,0.09732251067956289,0.1139835144374115,-0.003568532980047223,-0.05109381601225733
Static GCN,h32_k12,123,0.41499999165534973,0.2895065248012543,-0.12549346685409546,-0.12549346685409546,0.09732251067956289,0.1139835144374115,-0.003568532980047223,-0.05109381601225733
Static GCN,h32_k12,123,0.3061999976634979,0.28865933418273926,-0.017540663480758667,-0.017540663480758667,0.09732251067956289,0.1139835144374115,-0.003568532980047223,-0.05109381601225733
Static GCN,h32_k12,123,0.22059999406337738,0.2906014621257782,0.07000146806240082,0.07000146806240082,0.09732251067956289,0.1139835144374115,-0.003568532980047223,-0.05109381601225733
Static GCN,h32_k12,123,0.4410000145435333,0.2896622121334076,-0.15133780241012573,-0.15133780241012573,0.09732251067956289,0.1139835144374115,-0.003568532980047223,-0.05109381601225733
Static GCN,h32_k12,123,0.34540000557899475,0.29048025608062744,-0.05491974949836731,-0.05491974949836731,0.09732251067956289,0.1139835144374115,-0.003568532980047223,-0.05109381601225733
Static GCN,h32_k12,123,0.19020000100135803,0.28870272636413574,0.09850272536277771,0.09850272536277771,0.09732251067956289,0.1139835144374115,-0.003568532980047223,-0.05109381601225733
Static GCN,h32_k12,123,0.20340000092983246,0.2870580852031708,0.08365808427333832,0.08365808427333832,0.09732251067956289,0.1139835144374115,-0.003568532980047223,-0.05109381601225733
Static GCN,h32_k12,123,0.2937999963760376,0.2901011109352112,-0.003698885440826416,-0.003698885440826416,0.09732251067956289,0.1139835144374115,-0.003568532980047223,-0.05109381601225733
Static GCN,h32_k12,123,0.2502000033855438,0.2877270579338074,0.03752705454826355,0.03752705454826355,0.09732251067956289,0.1139835144374115,-0.003568532980047223,-0.05109381601225733
Static GCN,h32_k12,123,0.2962000072002411,0.287565678358078,-0.008634328842163086,-0.008634328842163086,0.09732251067956289,0.1139835144374115,-0.003568532980047223,-0.05109381601225733
Static GCN,h32_k12,123,0.3709999918937683,0.290372371673584,-0.08062762022018433,-0.08062762022018433,0.09732251067956289,0.1139835144374115,-0.003568532980047223,-0.05109381601225733
Static GCN,h32_k12,123,0.17980000376701355,0.28763294219970703,0.10783293843269348,0.10783293843269348,0.09732251067956289,0.1139835144374115,-0.003568532980047223,-0.05109381601225733
EvolveGCN-H,h64_k4,123,0.11020000278949738,0.29794996976852417,0.1877499669790268,0.1877499669790268,0.0977921324968338,0.11606312281279031,-0.04052244290047491,-0.10361351101662139
EvolveGCN-H,h64_k4,123,0.2766000032424927,0.2710963487625122,-0.005503654479980469,-0.005503654479980469,0.0977921324968338,0.11606312281279031,-0.04052244290047491,-0.10361351101662139
EvolveGCN-H,h64_k4,123,0.4758000075817108,0.3067046105861664,-0.16909539699554443,-0.16909539699554443,0.0977921324968338,0.11606312281279031,-0.04052244290047491,-0.10361351101662139
EvolveGCN-H,h64_k4,123,0.17579999566078186,0.3091905415058136,0.13339054584503174,0.13339054584503174,0.0977921324968338,0.11606312281279031,-0.04052244290047491,-0.10361351101662139
EvolveGCN-H,h64_k4,123,0.4918000102043152,0.2812718451023102,-0.210528165102005,-0.210528165102005,0.0977921324968338,0.11606312281279031,-0.04052244290047491,-0.10361351101662139
EvolveGCN-H,h64_k4,123,0.12020000070333481,0.31538063287734985,0.19518063217401505,0.19518063217401505,0.0977921324968338,0.11606312281279031,-0.04052244290047491,-0.10361351101662139
EvolveGCN-H,h64_k4,123,0.3601999878883362,0.29982200264930725,-0.06037798523902893,-0.06037798523902893,0.0977921324968338,0.11606312281279031,-0.04052244290047491,-0.10361351101662139
EvolveGCN-H,h64_k4,123,0.29820001125335693,0.28101617097854614,-0.01718384027481079,-0.01718384027481079,0.0977921324968338,0.11606312281279031,-0.04052244290047491,-0.10361351101662139
EvolveGCN-H,h64_k4,123,0.20739999413490295,0.3085624873638153,0.10116249322891235,0.10116249322891235,0.0977921324968338,0.11606312281279031,-0.04052244290047491,-0.10361351101662139
EvolveGCN-H,h64_k4,123,0.3529999852180481,0.29324156045913696,-0.05975842475891113,-0.05975842475891113,0.0977921324968338,0.11606312281279031,-0.04052244290047491,-0.10361351101662139
EvolveGCN-H,h64_k4,123,0.15060000121593475,0.3028821349143982,0.15228213369846344,0.15228213369846344,0.0977921324968338,0.11606312281279031,-0.04052244290047491,-0.10361351101662139
EvolveGCN-H,h64_k4,123,0.10859999805688858,0.29629653692245483,0.18769653886556625,0.18769653886556625,0.0977921324968338,0.11606312281279031,-0.04052244290047491,-0.10361351101662139
EvolveGCN-H,h64_k4,123,0.4625999927520752,0.28506866097450256,-0.17753133177757263,-0.17753133177757263,0.0977921324968338,0.11606312281279031,-0.04052244290047491,-0.10361351101662139
EvolveGCN-H,h64_k4,123,0.2754000127315521,0.28649941086769104,0.011099398136138916,0.011099398136138916,0.0977921324968338,0.11606312281279031,-0.04052244290047491,-0.10361351101662139
EvolveGCN-H,h64_k4,123,0.19419999420642853,0.3141067922115326,0.11990679800510406,0.11990679800510406,0.0977921324968338,0.11606312281279031,-0.04052244290047491,-0.10361351101662139
EvolveGCN-H,h64_k4,123,0.40779998898506165,0.30414170026779175,-0.1036582887172699,-0.1036582887172699,0.0977921324968338,0.11606312281279031,-0.04052244290047491,-0.10361351101662139
EvolveGCN-H,h64_k4,123,0.11940000206232071,0.3034103810787201,0.18401037901639938,0.18401037901639938,0.0977921324968338,0.11606312281279031,-0.04052244290047491,-0.10361351101662139
EvolveGCN-H,h64_k4,123,0.38499999046325684,0.2898637354373932,-0.09513625502586365,-0.09513625502586365,0.0977921324968338,0.11606312281279031,-0.04052244290047491,-0.10361351101662139
EvolveGCN-H,h64_k4,123,0.16699999570846558,0.2949046194553375,0.12790462374687195,0.12790462374687195,0.0977921324968338,0.11606312281279031,-0.04052244290047491,-0.10361351101662139
EvolveGCN-H,h64_k4,123,0.27619999647140503,0.3172362148761749,0.0410362184047699,0.0410362184047699,0.0977921324968338,0.11606312281279031,-0.04052244290047491,-0.10361351101662139
EvolveGCN-H,h64_k4,123,0.4578000009059906,0.2962143123149872,-0.16158568859100342,-0.16158568859100342,0.0977921324968338,0.11606312281279031,-0.04052244290047491,-0.10361351101662139
EvolveGCN-H,h64_k4,123,0.4941999912261963,0.29538220167160034,-0.19881778955459595,-0.19881778955459595,0.0977921324968338,0.11606312281279031,-0.04052244290047491,-0.10361351101662139
EvolveGCN-H,h64_k4,123,0.24379999935626984,0.28086408972740173,0.0370640903711319,0.0370640903711319,0.0977921324968338,0.11606312281279031,-0.04052244290047491,-0.10361351101662139
EvolveGCN-H,h64_k4,123,0.10700000077486038,0.30917102098464966,0.20217102020978928,0.20217102020978928,0.0977921324968338,0.11606312281279031,-0.04052244290047491,-0.10361351101662139
EvolveGCN-H,h64_k4,123,0.18979999423027039,0.30787214636802673,0.11807215213775635,0.11807215213775635,0.0977921324968338,0.11606312281279031,-0.04052244290047491,-0.10361351101662139
EvolveGCN-H,h64_k4,123,0.2978000044822693,0.30779755115509033,0.009997546672821045,0.009997546672821045,0.0977921324968338,0.11606312281279031,-0.04052244290047491,-0.10361351101662139
EvolveGCN-H,h64_k4,123,0.35339999198913574,0.30010029673576355,-0.05329969525337219,-0.05329969525337219,0.0977921324968338,0.11606312281279031,-0.04052244290047491,-0.10361351101662139
EvolveGCN-H,h64_k4,123,0.10899999737739563,0.2962668240070343,0.18726682662963867,0.18726682662963867,0.0977921324968338,0.11606312281279031,-0.04052244290047491,-0.10361351101662139
EvolveGCN-H,h64_k4,123,0.16019999980926514,0.27555057406425476,0.11535057425498962,0.11535057425498962,0.0977921324968338,0.11606312281279031,-0.04052244290047491,-0.10361351101662139
EvolveGCN-H,h64_k4,123,0.29019999504089355,0.2964983284473419,0.006298333406448364,0.006298333406448364,0.0977921324968338,0.11606312281279031,-0.04052244290047491,-0.10361351101662139
EvolveGCN-H,h64_k4,123,0.17739999294281006,0.2873779237270355,0.10997793078422546,0.10997793078422546,0.0977921324968338,0.11606312281279031,-0.04052244290047491,-0.10361351101662139
EvolveGCN-H,h64_k4,123,0.2101999968290329,0.31673744320869446,0.10653744637966156,0.10653744637966156,0.0977921324968338,0.11606312281279031,-0.04052244290047491,-0.10361351101662139
EvolveGCN-H,h64_k4,123,0.26339998841285706,0.2984432578086853,0.03504326939582825,0.03504326939582825,0.0977921324968338,0.11606312281279031,-0.04052244290047491,-0.10361351101662139
EvolveGCN-H,h64_k4,123,0.4189999997615814,0.27529528737068176,-0.14370471239089966,-0.14370471239089966,0.0977921324968338,0.11606312281279031,-0.04052244290047491,-0.10361351101662139
EvolveGCN-H,h64_k4,123,0.1738000065088272,0.2973691523075104,0.12356914579868317,0.12356914579868317,0.0977921324968338,0.11606312281279031,-0.04052244290047491,-0.10361351101662139
EvolveGCN-H,h64_k4,123,0.4138000011444092,0.28395557403564453,-0.12984442710876465,-0.12984442710876465,0.0977921324968338,0.11606312281279031,-0.04052244290047491,-0.10361351101662139
EvolveGCN-H,h64_k4,123,0.11500000208616257,0.30947014689445496,0.1944701448082924,0.1944701448082924,0.0977921324968338,0.11606312281279031,-0.04052244290047491,-0.10361351101662139
EvolveGCN-H,h64_k4,123,0.3693999946117401,0.32071223855018616,-0.048687756061553955,-0.048687756061553955,0.0977921324968338,0.11606312281279031,-0.04052244290047491,-0.10361351101662139
EvolveGCN-H,h64_k4,123,0.10419999808073044,0.31772491335868835,0.21352491527795792,0.21352491527795792,0.0977921324968338,0.11606312281279031,-0.04052244290047491,-0.10361351101662139
EvolveGCN-H,h64_k4,123,0.23980000615119934,0.29781296849250793,0.058012962341308594,0.058012962341308594,0.0977921324968338,0.11606312281279031,-0.04052244290047491,-0.10361351101662139
EvolveGCN-H,h64_k4,123,0.272599995136261,0.2819003760814667,0.009300380945205688,0.009300380945205688,0.0977921324968338,0.11606312281279031,-0.04052244290047491,-0.10361351101662139
EvolveGCN-H,h64_k4,123,0.38420000672340393,0.2985481917858124,-0.08565181493759155,-0.08565181493759155,0.0977921324968338,0.11606312281279031,-0.04052244290047491,-0.10361351101662139
EvolveGCN-H,h64_k4,123,0.4569999873638153,0.27933740615844727,-0.17766258120536804,-0.17766258120536804,0.0977921324968338,0.11606312281279031,-0.04052244290047491,-0.10361351101662139
EvolveGCN-H,h64_k4,123,0.41620001196861267,0.29152482748031616,-0.12467518448829651,-0.12467518448829651,0.0977921324968338,0.11606312281279031,-0.04052244290047491,-0.10361351101662139
EvolveGCN-H,h64_k4,123,0.2770000100135803,0.2871316373348236,0.010131627321243286,0.010131627321243286,0.0977921324968338,0.11606312281279031,-0.04052244290047491,-0.10361351101662139
EvolveGCN-H,h64_k4,123,0.3578000068664551,0.260600745677948,-0.09719926118850708,-0.09719926118850708,0.0977921324968338,0.11606312281279031,-0.04052244290047491,-0.10361351101662139
EvolveGCN-H,h64_k4,123,0.4406000077724457,0.29656028747558594,-0.14403972029685974,-0.14403972029685974,0.0977921324968338,0.11606312281279031,-0.04052244290047491,-0.10361351101662139
EvolveGCN-H,h64_k4,123,0.3418000042438507,0.2990860641002655,-0.042713940143585205,-0.042713940143585205,0.0977921324968338,0.11606312281279031,-0.04052244290047491,-0.10361351101662139
EvolveGCN-H,h64_k4,123,0.1462000012397766,0.2925235331058502,0.1463235318660736,0.1463235318660736,0.0977921324968338,0.11606312281279031,-0.04052244290047491,-0.10361351101662139
EvolveGCN-H,h64_k4,123,0.3357999920845032,0.2721249461174011,-0.06367504596710205,-0.06367504596710205,0.0977921324968338,0.11606312281279031,-0.04052244290047491,-0.10361351101662139
EvolveGCN-H,h64_k4,123,0.41019999980926514,0.3016650974750519,-0.10853490233421326,-0.10853490233421326,0.0977921324968338,0.11606312281279031,-0.04052244290047491,-0.10361351101662139
EvolveGCN-H,h64_k4,123,0.24500000476837158,0.2873295545578003,0.04232954978942871,0.04232954978942871,0.0977921324968338,0.11606312281279031,-0.04052244290047491,-0.10361351101662139
EvolveGCN-H,h64_k4,123,0.19820000231266022,0.2646998465061188,0.06649984419345856,0.06649984419345856,0.0977921324968338,0.11606312281279031,-0.04052244290047491,-0.10361351101662139
EvolveGCN-H,h64_k4,123,0.46459999680519104,0.3003488779067993,-0.16425111889839172,-0.16425111889839172,0.0977921324968338,0.11606312281279031,-0.04052244290047491,-0.10361351101662139
EvolveGCN-H,h64_k4,123,0.3901999890804291,0.2908029854297638,-0.09939700365066528,-0.09939700365066528,0.0977921324968338,0.11606312281279031,-0.04052244290047491,-0.10361351101662139
EvolveGCN-H,h64_k4,123,0.241799995303154,0.29704049229621887,0.05524049699306488,0.05524049699306488,0.0977921324968338,0.11606312281279031,-0.04052244290047491,-0.10361351101662139
EvolveGCN-H,h64_k4,123,0.32339999079704285,0.3054654598236084,-0.017934530973434448,-0.017934530973434448,0.0977921324968338,0.11606312281279031,-0.04052244290047491,-0.10361351101662139
EvolveGCN-H,h64_k4,123,0.23819999396800995,0.3033730983734131,0.06517310440540314,0.06517310440540314,0.0977921324968338,0.11606312281279031,-0.04052244290047491,-0.10361351101662139
EvolveGCN-H,h64_k4,123,0.4729999899864197,0.3092564642429352,-0.1637435257434845,-0.1637435257434845,0.0977921324968338,0.11606312281279031,-0.04052244290047491,-0.10361351101662139
EvolveGCN-H,h64_k4,123,0.4302000105381012,0.2829063832759857,-0.14729362726211548,-0.14729362726211548,0.0977921324968338,0.11606312281279031,-0.04052244290047491,-0.10361351101662139
EvolveGCN-H,h64_k4,123,0.35580000281333923,0.3031824827194214,-0.05261752009391785,-0.05261752009391785,0.0977921324968338,0.11606312281279031,-0.04052244290047491,-0.10361351101662139
EvolveGCN-H,h64_k4,123,0.43059998750686646,0.3001198470592499,-0.13048014044761658,-0.13048014044761658,0.0977921324968338,0.11606312281279031,-0.04052244290047491,-0.10361351101662139
EvolveGCN-H,h64_k4,123,0.2750000059604645,0.27717408537864685,0.002174079418182373,0.002174079418182373,0.0977921324968338,0.11606312281279031,-0.04052244290047491,-0.10361351101662139
EvolveGCN-H,h64_k4,123,0.41499999165534973,0.3030526340007782,-0.11194735765457153,-0.11194735765457153,0.0977921324968338,0.11606312281279031,-0.04052244290047491,-0.10361351101662139
EvolveGCN-H,h64_k4,123,0.3061999976634979,0.3023558557033539,-0.003844141960144043,-0.003844141960144043,0.0977921324968338,0.11606312281279031,-0.04052244290047491,-0.10361351101662139
EvolveGCN-H,h64_k4,123,0.22059999406337738,0.2816721796989441,0.06107218563556671,0.06107218563556671,0.0977921324968338,0.11606312281279031,-0.04052244290047491,-0.10361351101662139
EvolveGCN-H,h64_k4,123,0.4410000145435333,0.29517602920532227,-0.14582398533821106,-0.14582398533821106,0.0977921324968338,0.11606312281279031,-0.04052244290047491,-0.10361351101662139
EvolveGCN-H,h64_k4,123,0.34540000557899475,0.32550936937332153,-0.019890636205673218,-0.019890636205673218,0.0977921324968338,0.11606312281279031,-0.04052244290047491,-0.10361351101662139
EvolveGCN-H,h64_k4,123,0.19020000100135803,0.29398873448371887,0.10378873348236084,0.10378873348236084,0.0977921324968338,0.11606312281279031,-0.04052244290047491,-0.10361351101662139
EvolveGCN-H,h64_k4,123,0.20340000092983246,0.2734629213809967,0.07006292045116425,0.07006292045116425,0.0977921324968338,0.11606312281279031,-0.04052244290047491,-0.10361351101662139
EvolveGCN-H,h64_k4,123,0.2937999963760376,0.30606064200401306,0.012260645627975464,0.012260645627975464,0.0977921324968338,0.11606312281279031,-0.04052244290047491,-0.10361351101662139
EvolveGCN-H,h64_k4,123,0.2502000033855438,0.27889737486839294,0.02869737148284912,0.02869737148284912,0.0977921324968338,0.11606312281279031,-0.04052244290047491,-0.10361351101662139
EvolveGCN-H,h64_k4,123,0.2962000072002411,0.30658474564552307,0.010384738445281982,0.010384738445281982,0.0977921324968338,0.11606312281279031,-0.04052244290047491,-0.10361351101662139
EvolveGCN-H,h64_k4,123,0.3709999918937683,0.3301524221897125,-0.040847569704055786,-0.040847569704055786,0.0977921324968338,0.11606312281279031,-0.04052244290047491,-0.10361351101662139
EvolveGCN-H,h64_k4,123,0.17980000376701355,0.29505762457847595,0.1152576208114624,0.1152576208114624,0.0977921324968338,0.11606312281279031,-0.04052244290047491,-0.10361351101662139
Static GCN,h64_k4,123,0.11020000278949738,0.3008320927619934,0.19063208997249603,0.19063208997249603,0.09796162148316702,0.11436187355740077,-0.010242121106118107,-0.052321257023754626
Static GCN,h64_k4,123,0.2766000032424927,0.28403452038764954,0.00743451714515686,0.00743451714515686,0.09796162148316702,0.11436187355740077,-0.010242121106118107,-0.052321257023754626
Static GCN,h64_k4,123,0.4758000075817108,0.3008320927619934,-0.1749679148197174,-0.1749679148197174,0.09796162148316702,0.11436187355740077,-0.010242121106118107,-0.052321257023754626
Static GCN,h64_k4,123,0.17579999566078186,0.2815167307853699,0.10571673512458801,0.10571673512458801,0.09796162148316702,0.11436187355740077,-0.010242121106118107,-0.052321257023754626
Static GCN,h64_k4,123,0.4918000102043152,0.2889653444290161,-0.20283466577529907,-0.20283466577529907,0.09796162148316702,0.11436187355740077,-0.010242121106118107,-0.052321257023754626
Static GCN,h64_k4,123,0.12020000070333481,0.3008320927619934,0.1806320920586586,0.1806320920586586,0.09796162148316702,0.11436187355740077,-0.010242121106118107,-0.052321257023754626
Static GCN,h64_k4,123,0.3601999878883362,0.3008320927619934,-0.05936789512634277,-0.05936789512634277,0.09796162148316702,0.11436187355740077,-0.010242121106118107,-0.052321257023754626
Static GCN,h64_k4,123,0.29820001125335693,0.3008320927619934,0.0026320815086364746,0.0026320815086364746,0.09796162148316702,0.11436187355740077,-0.010242121106118107,-0.052321257023754626
Static GCN,h64_k4,123,0.20739999413490295,0.3008320927619934,0.09343209862709045,0.09343209862709045,0.09796162148316702,0.11436187355740077,-0.010242121106118107,-0.052321257023754626
Static GCN,h64_k4,123,0.3529999852180481,0.29568028450012207,-0.057319700717926025,-0.057319700717926025,0.09796162148316702,0.11436187355740077,-0.010242121106118107,-0.052321257023754626
Static GCN,h64_k4,123,0.15060000121593475,0.28368228673934937,0.1330822855234146,0.1330822855234146,0.09796162148316702,0.11436187355740077,-0.010242121106118107,-0.052321257023754626
Static GCN,h64_k4,123,0.10859999805688858,0.3008320927619934,0.19223209470510483,0.19223209470510483,0.09796162148316702,0.11436187355740077,-0.010242121106118107,-0.052321257023754626
Static GCN,h64_k4,123,0.4625999927520752,0.283621609210968,-0.17897838354110718,-0.17897838354110718,0.09796162148316702,0.11436187355740077,-0.010242121106118107,-0.052321257023754626
Static GCN,h64_k4,123,0.2754000127315521,0.3008320927619934,0.025432080030441284,0.025432080030441284,0.09796162148316702,0.11436187355740077,-0.010242121106118107,-0.052321257023754626
Static GCN,h64_k4,123,0.19419999420642853,0.3008320927619934,0.10663209855556488,0.10663209855556488,0.09796162148316702,0.11436187355740077,-0.010242121106118107,-0.052321257023754626
Static GCN,h64_k4,123,0.40779998898506165,0.3008320927619934,-0.10696789622306824,-0.10696789622306824,0.09796162148316702,0.11436187355740077,-0.010242121106118107,-0.052321257023754626
Static GCN,h64_k4,123,0.11940000206232071,0.29520678520202637,0.17580678313970566,0.17580678313970566,0.09796162148316702,0.11436187355740077,-0.010242121106118107,-0.052321257023754626
Static GCN,h64_k4,123,0.38499999046325684,0.3008320927619934,-0.08416789770126343,-0.08416789770126343,0.09796162148316702,0.11436187355740077,-0.010242121106118107,-0.052321257023754626
Static GCN,h64_k4,123,0.16699999570846558,0.3008320927619934,0.13383209705352783,0.13383209705352783,0.09796162148316702,0.11436187355740077,-0.010242121106118107,-0.052321257023754626
Static GCN,h64_k4,123,0.27619999647140503,0.3008320927619934,0.02463209629058838,0.02463209629058838,0.09796162148316702,0.11436187355740077,-0.010242121106118107,-0.052321257023754626
Static GCN,h64_k4,123,0.4578000009059906,0.3008320927619934,-0.1569679081439972,-0.1569679081439972,0.09796162148316702,0.11436187355740077,-0.010242121106118107,-0.052321257023754626
Static GCN,h64_k4,123,0.4941999912261963,0.3008320927619934,-0.19336789846420288,-0.19336789846420288,0.09796162148316702,0.11436187355740077,-0.010242121106118107,-0.052321257023754626
Static GCN,h64_k4,123,0.24379999935626984,0.2844786047935486,0.04067860543727875,0.04067860543727875,0.09796162148316702,0.11436187355740077,-0.010242121106118107,-0.052321257023754626
Static GCN,h64_k4,123,0.10700000077486038,0.3008320927619934,0.19383209198713303,0.19383209198713303,0.09796162148316702,0.11436187355740077,-0.010242121106118107,-0.052321257023754626
Static GCN,h64_k4,123,0.18979999423027039,0.3008320927619934,0.11103209853172302,0.11103209853172302,0.09796162148316702,0.11436187355740077,-0.010242121106118107,-0.052321257023754626
Static GCN,h64_k4,123,0.2978000044822693,0.3008320927619934,0.003032088279724121,0.003032088279724121,0.09796162148316702,0.11436187355740077,-0.010242121106118107,-0.052321257023754626
Static GCN,h64_k4,123,0.35339999198913574,0.3008320927619934,-0.052567899227142334,-0.052567899227142334,0.09796162148316702,0.11436187355740077,-0.010242121106118107,-0.052321257023754626
Static GCN,h64_k4,123,0.10899999737739563,0.30077266693115234,0.1917726695537567,0.1917726695537567,0.09796162148316702,0.11436187355740077,-0.010242121106118107,-0.052321257023754626
Static GCN,h64_k4,123,0.16019999980926514,0.3008320927619934,0.14063209295272827,0.14063209295272827,0.09796162148316702,0.11436187355740077,-0.010242121106118107,-0.052321257023754626
Static GCN,h64_k4,123,0.29019999504089355,0.2855919301509857,-0.004608064889907837,-0.004608064889907837,0.09796162148316702,0.11436187355740077,-0.010242121106118107,-0.052321257023754626
Static GCN,h64_k4,123,0.17739999294281006,0.3008320927619934,0.12343209981918335,0.12343209981918335,0.09796162148316702,0.11436187355740077,-0.010242121106118107,-0.052321257023754626
Static GCN,h64_k4,123,0.2101999968290329,0.3008320927619934,0.09063209593296051,0.09063209593296051,0.09796162148316702,0.11436187355740077,-0.010242121106118107,-0.052321257023754626
Static GCN,h64_k4,123,0.26339998841285706,0.2920840382575989,0.02868404984474182,0.02868404984474182,0.09796162148316702,0.11436187355740077,-0.010242121106118107,-0.052321257023754626
Static GCN,h64_k4,123,0.4189999997615814,0.3008320927619934,-0.11816790699958801,-0.11816790699958801,0.09796162148316702,0.11436187355740077,-0.010242121106118107,-0.052321257023754626
Static GCN,h64_k4,123,0.1738000065088272,0.3008320927619934,0.1270320862531662,0.1270320862531662,0.09796162148316702,0.11436187355740077,-0.010242121106118107,-0.052321257023754626
Static GCN,h64_k4,123,0.4138000011444092,0.29688507318496704,-0.11691492795944214,-0.11691492795944214,0.09796162148316702,0.11436187355740077,-0.010242121106118107,-0.052321257023754626
Static GCN,h64_k4,123,0.11500000208616257,0.2813897728919983,0.16638977080583572,0.16638977080583572,0.09796162148316702,0.11436187355740077,-0.010242121106118107,-0.052321257023754626
Static GCN,h64_k4,123,0.3693999946117401,0.3008320927619934,-0.0685679018497467,-0.0685679018497467,0.09796162148316702,0.11436187355740077,-0.010242121106118107,-0.052321257023754626
Static GCN,h64_k4,123,0.10419999808073044,0.3008320927619934,0.19663209468126297,0.19663209468126297,0.09796162148316702,0.11436187355740077,-0.010242121106118107,-0.052321257023754626
Static GCN,h64_k4,123,0.23980000615119934,0.3008320927619934,0.06103208661079407,0.06103208661079407,0.09796162148316702,0.11436187355740077,-0.010242121106118107,-0.052321257023754626
Static GCN,h64_k4,123,0.272599995136261,0.28640639781951904,0.013806402683258057,0.013806402683258057,0.09796162148316702,0.11436187355740077,-0.010242121106118107,-0.052321257023754626
Static GCN,h64_k4,123,0.38420000672340393,0.2835836708545685,-0.10061633586883545,-0.10061633586883545,0.09796162148316702,0.11436187355740077,-0.010242121106118107,-0.052321257023754626
Static GCN,h64_k4,123,0.4569999873638153,0.3008320927619934,-0.1561678946018219,-0.1561678946018219,0.09796162148316702,0.11436187355740077,-0.010242121106118107,-0.052321257023754626
Static GCN,h64_k4,123,0.41620001196861267,0.28359347581863403,-0.13260653614997864,-0.13260653614997864,0.09796162148316702,0.11436187355740077,-0.010242121106118107,-0.052321257023754626
Static GCN,h64_k4,123,0.2770000100135803,0.3008320927619934,0.023832082748413086,0.023832082748413086,0.09796162148316702,0.11436187355740077,-0.010242121106118107,-0.052321257023754626
Static GCN,h64_k4,123,0.3578000068664551,0.28283441066741943,-0.07496559619903564,-0.07496559619903564,0.09796162148316702,0.11436187355740077,-0.010242121106118107,-0.052321257023754626
Static GCN,h64_k4,123,0.4406000077724457,0.28744056820869446,-0.15315943956375122,-0.15315943956375122,0.09796162148316702,0.11436187355740077,-0.010242121106118107,-0.052321257023754626
Static GCN,h64_k4,123,0.3418000042438507,0.3008320927619934,-0.0409679114818573,-0.0409679114818573,0.09796162148316702,0.11436187355740077,-0.010242121106118107,-0.052321257023754626
Static GCN,h64_k4,123,0.1462000012397766,0.3008320927619934,0.1546320915222168,0.1546320915222168,0.09796162148316702,0.11436187355740077,-0.010242121106118107,-0.052321257023754626
Static GCN,h64_k4,123,0.3357999920845032,0.3008320927619934,-0.034967899322509766,-0.034967899322509766,0.09796162148316702,0.11436187355740077,-0.010242121106118107,-0.052321257023754626
Static GCN,h64_k4,123,0.41019999980926514,0.3008320927619934,-0.10936790704727173,-0.10936790704727173,0.09796162148316702,0.11436187355740077,-0.010242121106118107,-0.052321257023754626
Static GCN,h64_k4,123,0.24500000476837158,0.3008320927619934,0.055832087993621826,0.055832087993621826,0.09796162148316702,0.11436187355740077,-0.010242121106118107,-0.052321257023754626
Static GCN,h64_k4,123,0.19820000231266022,0.3008320927619934,0.10263209044933319,0.10263209044933319,0.09796162148316702,0.11436187355740077,-0.010242121106118107,-0.052321257023754626
Static GCN,h64_k4,123,0.46459999680519104,0.3008320927619934,-0.16376790404319763,-0.16376790404319763,0.09796162148316702,0.11436187355740077,-0.010242121106118107,-0.052321257023754626
Static GCN,h64_k4,123,0.3901999890804291,0.3008320927619934,-0.08936789631843567,-0.08936789631843567,0.09796162148316702,0.11436187355740077,-0.010242121106118107,-0.052321257023754626
Static GCN,h64_k4,123,0.241799995303154,0.3008320927619934,0.059032097458839417,0.059032097458839417,0.09796162148316702,0.11436187355740077,-0.010242121106118107,-0.052321257023754626
Static GCN,h64_k4,123,0.32339999079704285,0.3008320927619934,-0.02256789803504944,-0.02256789803504944,0.09796162148316702,0.11436187355740077,-0.010242121106118107,-0.052321257023754626
Static GCN,h64_k4,123,0.23819999396800995,0.3008320927619934,0.06263209879398346,0.06263209879398346,0.09796162148316702,0.11436187355740077,-0.010242121106118107,-0.052321257023754626
Static GCN,h64_k4,123,0.4729999899864197,0.3008320927619934,-0.17216789722442627,-0.17216789722442627,0.09796162148316702,0.11436187355740077,-0.010242121106118107,-0.052321257023754626
Static GCN,h64_k4,123,0.4302000105381012,0.3008320927619934,-0.1293679177761078,-0.1293679177761078,0.09796162148316702,0.11436187355740077,-0.010242121106118107,-0.052321257023754626
Static GCN,h64_k4,123,0.35580000281333923,0.28551048040390015,-0.07028952240943909,-0.07028952240943909,0.09796162148316702,0.11436187355740077,-0.010242121106118107,-0.052321257023754626
Static GCN,h64_k4,123,0.43059998750686646,0.3008320927619934,-0.12976789474487305,-0.12976789474487305,0.09796162148316702,0.11436187355740077,-0.010242121106118107,-0.052321257023754626
Static GCN,h64_k4,123,0.2750000059604645,0.3008320927619934,0.02583208680152893,0.02583208680152893,0.09796162148316702,0.11436187355740077,-0.010242121106118107,-0.052321257023754626
Static GCN,h64_k4,123,0.41499999165534973,0.3008320927619934,-0.11416789889335632,-0.11416789889335632,0.09796162148316702,0.11436187355740077,-0.010242121106118107,-0.052321257023754626
Static GCN,h64_k4,123,0.3061999976634979,0.3008320927619934,-0.005367904901504517,-0.005367904901504517,0.09796162148316702,0.11436187355740077,-0.010242121106118107,-0.052321257023754626
Static GCN,h64_k4,123,0.22059999406337738,0.3008320927619934,0.08023209869861603,0.08023209869861603,0.09796162148316702,0.11436187355740077,-0.010242121106118107,-0.052321257023754626
Static GCN,h64_k4,123,0.4410000145435333,0.3008320927619934,-0.14016792178153992,-0.14016792178153992,0.09796162148316702,0.11436187355740077,-0.010242121106118107,-0.052321257023754626
Static GCN,h64_k4,123,0.34540000557899475,0.3008320927619934,-0.04456791281700134,-0.04456791281700134,0.09796162148316702,0.11436187355740077,-0.010242121106118107,-0.052321257023754626
Static GCN,h64_k4,123,0.19020000100135803,0.3008320927619934,0.11063209176063538,0.11063209176063538,0.09796162148316702,0.11436187355740077,-0.010242121106118107,-0.052321257023754626
Static GCN,h64_k4,123,0.20340000092983246,0.3008320927619934,0.09743209183216095,0.09743209183216095,0.09796162148316702,0.11436187355740077,-0.010242121106118107,-0.052321257023754626
Static GCN,h64_k4,123,0.2937999963760376,0.3008320927619934,0.0070320963859558105,0.0070320963859558105,0.09796162148316702,0.11436187355740077,-0.010242121106118107,-0.052321257023754626
Static GCN,h64_k4,123,0.2502000033855438,0.3008320927619934,0.050632089376449585,0.050632089376449585,0.09796162148316702,0.11436187355740077,-0.010242121106118107,-0.052321257023754626
Static GCN,h64_k4,123,0.2962000072002411,0.3008320927619934,0.004632085561752319,0.004632085561752319,0.09796162148316702,0.11436187355740077,-0.010242121106118107,-0.052321257023754626
Static GCN,h64_k4,123,0.3709999918937683,0.3008320927619934,-0.0701678991317749,-0.0701678991317749,0.09796162148316702,0.11436187355740077,-0.010242121106118107,-0.052321257023754626
Static GCN,h64_k4,123,0.17980000376701355,0.3008320927619934,0.12103208899497986,0.12103208899497986,0.09796162148316702,0.11436187355740077,-0.010242121106118107,-0.052321257023754626
EvolveGCN-H,h64_k6,123,0.11020000278949738,0.29360952973365784,0.18340952694416046,0.18340952694416046,0.09758303026358287,0.11615094361192303,-0.042097690611103245,-0.11065228731816482
EvolveGCN-H,h64_k6,123,0.2766000032424927,0.2646496593952179,-0.01195034384727478,-0.01195034384727478,0.09758303026358287,0.11615094361192303,-0.042097690611103245,-0.11065228731816482
EvolveGCN-H,h64_k6,123,0.4758000075817108,0.2985665500164032,-0.17723345756530762,-0.17723345756530762,0.09758303026358287,0.11615094361192303,-0.042097690611103245,-0.11065228731816482
EvolveGCN-H,h64_k6,123,0.17579999566078186,0.30267763137817383,0.12687763571739197,0.12687763571739197,0.09758303026358287,0.11615094361192303,-0.042097690611103245,-0.11065228731816482
EvolveGCN-H,h64_k6,123,0.4918000102043152,0.27347737550735474,-0.21832263469696045,-0.21832263469696045,0.09758303026358287,0.11615094361192303,-0.042097690611103245,-0.11065228731816482
EvolveGCN-H,h64_k6,123,0.12020000070333481,0.30821335315704346,0.18801335245370865,0.18801335245370865,0.09758303026358287,0.11615094361192303,-0.042097690611103245,-0.11065228731816482
EvolveGCN-H,h64_k6,123,0.3601999878883362,0.29343512654304504,-0.06676486134529114,-0.06676486134529114,0.09758303026358287,0.11615094361192303,-0.042097690611103245,-0.11065228731816482
EvolveGCN-H,h64_k6,123,0.29820001125335693,0.27409565448760986,-0.02410435676574707,-0.02410435676574707,0.09758303026358287,0.11615094361192303,-0.042097690611103245,-0.11065228731816482
EvolveGCN-H,h64_k6,123,0.20739999413490295,0.30141958594322205,0.09401959180831909,0.09401959180831909,0.09758303026358287,0.11615094361192303,-0.042097690611103245,-0.11065228731816482
EvolveGCN-H,h64_k6,123,0.3529999852180481,0.28498998284339905,-0.06801000237464905,-0.06801000237464905,0.09758303026358287,0.11615094361192303,-0.042097690611103245,-0.11065228731816482
EvolveGCN-H,h64_k6,123,0.15060000121593475,0.2966068983078003,0.14600689709186554,0.14600689709186554,0.09758303026358287,0.11615094361192303,-0.042097690611103245,-0.11065228731816482
EvolveGCN-H,h64_k6,123,0.10859999805688858,0.2889963984489441,0.1803964003920555,0.1803964003920555,0.09758303026358287,0.11615094361192303,-0.042097690611103245,-0.11065228731816482
EvolveGCN-H,h64_k6,123,0.4625999927520752,0.2771616280078888,-0.1854383647441864,-0.1854383647441864,0.09758303026358287,0.11615094361192303,-0.042097690611103245,-0.11065228731816482
EvolveGCN-H,h64_k6,123,0.2754000127315521,0.28130993247032166,0.005909919738769531,0.005909919738769531,0.09758303026358287,0.11615094361192303,-0.042097690611103245,-0.11065228731816482
EvolveGCN-H,h64_k6,123,0.19419999420642853,0.30815157294273376,0.11395157873630524,0.11395157873630524,0.09758303026358287,0.11615094361192303,-0.042097690611103245,-0.11065228731816482
EvolveGCN-H,h64_k6,123,0.40779998898506165,0.297527551651001,-0.11027243733406067,-0.11027243733406067,0.09758303026358287,0.11615094361192303,-0.042097690611103245,-0.11065228731816482
EvolveGCN-H,h64_k6,123,0.11940000206232071,0.29842934012413025,0.17902933806180954,0.17902933806180954,0.09758303026358287,0.11615094361192303,-0.042097690611103245,-0.11065228731816482
EvolveGCN-H,h64_k6,123,0.38499999046325684,0.28247353434562683,-0.10252645611763,-0.10252645611763,0.09758303026358287,0.11615094361192303,-0.042097690611103245,-0.11065228731816482
EvolveGCN-H,h64_k6,123,0.16699999570846558,0.285637229681015,0.11863723397254944,0.11863723397254944,0.09758303026358287,0.11615094361192303,-0.042097690611103245,-0.11065228731816482
EvolveGCN-H,h64_k6,123,0.27619999647140503,0.30983713269233704,0.03363713622093201,0.03363713622093201,0.09758303026358287,0.11615094361192303,-0.042097690611103245,-0.11065228731816482
EvolveGCN-H,h64_k6,123,0.4578000009059906,0.2890527546405792,-0.16874724626541138,-0.16874724626541138,0.09758303026358287,0.11615094361192303,-0.042097690611103245,-0.11065228731816482
EvolveGCN-H,h64_k6,123,0.4941999912261963,0.28870031237602234,-0.20549967885017395,-0.20549967885017395,0.09758303026358287,0.11615094361192303,-0.042097690611103245,-0.11065228731816482
EvolveGCN-H,h64_k6,123,0.24379999935626984,0.27454879879951477,0.030748799443244934,0.030748799443244934,0.09758303026358287,0.11615094361192303,-0.042097690611103245,-0.11065228731816482
EvolveGCN-H,h64_k6,123,0.10700000077486038,0.3018674850463867,0.19486748427152634,0.19486748427152634,0.09758303026358287,0.11615094361192303,-0.042097690611103245,-0.11065228731816482
EvolveGCN-H,h64_k6,123,0.18979999423027039,0.29928162693977356,0.10948163270950317,0.10948163270950317,0.09758303026358287,0.11615094361192303,-0.042097690611103245,-0.11065228731816482
EvolveGCN-H,h64_k6,123,0.2978000044822693,0.3010566532611847,0.0032566487789154053,0.0032566487789154053,0.09758303026358287,0.11615094361192303,-0.042097690611103245,-0.11065228731816482
EvolveGCN-H,h64_k6,123,0.35339999198913574,0.2907606065273285,-0.06263938546180725,-0.06263938546180725,0.09758303026358287,0.11615094361192303,-0.042097690611103245,-0.11065228731816482
EvolveGCN-H,h64_k6,123,0.10899999737739563,0.2893166244029999,0.18031662702560425,0.18031662702560425,0.09758303026358287,0.11615094361192303,-0.042097690611103245,-0.11065228731816482
EvolveGCN-H,h64_k6,123,0.16019999980926514,0.26742738485336304,0.1072273850440979,0.1072273850440979,0.09758303026358287,0.11615094361192303,-0.042097690611103245,-0.11065228731816482
EvolveGCN-H,h64_k6,123,0.29019999504089355,0.28902140259742737,-0.0011785924434661865,-0.0011785924434661865,0.09758303026358287,0.11615094361192303,-0.042097690611103245,-0.11065228731816482
EvolveGCN-H,h64_k6,123,0.17739999294281006,0.2793872356414795,0.10198724269866943,0.10198724269866943,0.09758303026358287,0.11615094361192303,-0.042097690611103245,-0.11065228731816482
EvolveGCN-H,h64_k6,123,0.2101999968290329,0.3077942728996277,0.09759427607059479,0.09759427607059479,0.09758303026358287,0.11615094361192303,-0.042097690611103245,-0.11065228731816482
EvolveGCN-H,h64_k6,123,0.26339998841285706,0.2878377139568329,0.02443772554397583,0.02443772554397583,0.09758303026358287,0.11615094361192303,-0.042097690611103245,-0.11065228731816482
EvolveGCN-H,h64_k6,123,0.4189999997615814,0.2688775956630707,-0.15012240409851074,-0.15012240409851074,0.09758303026358287,0.11615094361192303,-0.042097690611103245,-0.11065228731816482
EvolveGCN-H,h64_k6,123,0.1738000065088272,0.2909815013408661,0.11718149483203888,0.11718149483203888,0.09758303026358287,0.11615094361192303,-0.042097690611103245,-0.11065228731816482
EvolveGCN-H,h64_k6,123,0.4138000011444092,0.27692440152168274,-0.13687559962272644,-0.13687559962272644,0.09758303026358287,0.11615094361192303,-0.042097690611103245,-0.11065228731816482
EvolveGCN-H,h64_k6,123,0.11500000208616257,0.297009140253067,0.18200913816690445,0.18200913816690445,0.09758303026358287,0.11615094361192303,-0.042097690611103245,-0.11065228731816482
EvolveGCN-H,h64_k6,123,0.3693999946117401,0.3100210130214691,-0.059378981590270996,-0.059378981590270996,0.09758303026358287,0.11615094361192303,-0.042097690611103245,-0.11065228731816482
EvolveGCN-H,h64_k6,123,0.10419999808073044,0.3096696138381958,0.20546961575746536,0.20546961575746536,0.09758303026358287,0.11615094361192303,-0.042097690611103245,-0.11065228731816482
EvolveGCN-H,h64_k6,123,0.23980000615119934,0.2898646295070648,0.05006462335586548,0.05006462335586548,0.09758303026358287,0.11615094361192303,-0.042097690611103245,-0.11065228731816482
EvolveGCN-H,h64_k6,123,0.272599995136261,0.27740955352783203,0.004809558391571045,0.004809558391571045,0.09758303026358287,0.11615094361192303,-0.042097690611103245,-0.11065228731816482
EvolveGCN-H,h64_k6,123,0.38420000672340393,0.2917763888835907,-0.09242361783981323,-0.09242361783981323,0.09758303026358287,0.11615094361192303,-0.042097690611103245,-0.11065228731816482
EvolveGCN-H,h64_k6,123,0.4569999873638153,0.2728271484375,-0.1841728389263153,-0.1841728389263153,0.09758303026358287,0.11615094361192303,-0.042097690611103245,-0.11065228731816482
EvolveGCN-H,h64_k6,123,0.41620001196861267,0.2853609025478363,-0.13083910942077637,-0.13083910942077637,0.09758303026358287,0.11615094361192303,-0.042097690611103245,-0.11065228731816482
EvolveGCN-H,h64_k6,123,0.2770000100135803,0.2787311375141144,0.0017311275005340576,0.0017311275005340576,0.09758303026358287,0.11615094361192303,-0.042097690611103245,-0.11065228731816482
EvolveGCN-H,h64_k6,123,0.3578000068664551,0.2567928731441498,-0.1010071337223053,-0.1010071337223053,0.09758303026358287,0.11615094361192303,-0.042097690611103245,-0.11065228731816482
EvolveGCN-H,h64_k6,123,0.4406000077724457,0.28542375564575195,-0.15517625212669373,-0.15517625212669373,0.09758303026358287,0.11615094361192303,-0.042097690611103245,-0.11065228731816482
EvolveGCN-H,h64_k6,123,0.3418000042438507,0.28889310359954834,-0.05290690064430237,-0.05290690064430237,0.09758303026358287,0.11615094361192303,-0.042097690611103245,-0.11065228731816482
EvolveGCN-H,h64_k6,123,0.1462000012397766,0.28539618849754333,0.13919618725776672,0.13919618725776672,0.09758303026358287,0.11615094361192303,-0.042097690611103245,-0.11065228731816482
EvolveGCN-H,h64_k6,123,0.3357999920845032,0.2662390172481537,-0.06956097483634949,-0.06956097483634949,0.09758303026358287,0.11615094361192303,-0.042097690611103245,-0.11065228731816482
EvolveGCN-H,h64_k6,123,0.41019999980926514,0.2947268784046173,-0.11547312140464783,-0.11547312140464783,0.09758303026358287,0.11615094361192303,-0.042097690611103245,-0.11065228731816482
EvolveGCN-H,h64_k6,123,0.24500000476837158,0.2811260223388672,0.036126017570495605,0.036126017570495605,0.09758303026358287,0.11615094361192303,-0.042097690611103245,-0.11065228731816482
EvolveGCN-H,h64_k6,123,0.19820000231266022,0.2574765086174011,0.059276506304740906,0.059276506304740906,0.09758303026358287,0.11615094361192303,-0.042097690611103245,-0.11065228731816482
EvolveGCN-H,h64_k6,123,0.46459999680519104,0.2920801639556885,-0.17251983284950256,-0.17251983284950256,0.09758303026358287,0.11615094361192303,-0.042097690611103245,-0.11065228731816482
EvolveGCN-H,h64_k6,123,0.3901999890804291,0.28286847472190857,-0.10733151435852051,-0.10733151435852051,0.09758303026358287,0.11615094361192303,-0.042097690611103245,-0.11065228731816482
EvolveGCN-H,h64_k6,123,0.241799995303154,0.2858417332172394,0.04404173791408539,0.04404173791408539,0.09758303026358287,0.11615094361192303,-0.042097690611103245,-0.11065228731816482
EvolveGCN-H,h64_k6,123,0.32339999079704285,0.2968212962150574,-0.026578694581985474,-0.026578694581985474,0.09758303026358287,0.11615094361192303,-0.042097690611103245,-0.11065228731816482
EvolveGCN-H,h64_k6,123,0.23819999396800995,0.29600900411605835,0.0578090101480484,0.0578090101480484,0.09758303026358287,0.11615094361192303,-0.042097690611103245,-0.11065228731816482
EvolveGCN-H,h64_k6,123,0.4729999899864197,0.3034786283969879,-0.16952136158943176,-0.16952136158943176,0.09758303026358287,0.11615094361192303,-0.042097690611103245,-0.11065228731816482
EvolveGCN-H,h64_k6,123,0.4302000105381012,0.27556172013282776,-0.15463829040527344,-0.15463829040527344,0.09758303026358287,0.11615094361192303,-0.042097690611103245,-0.11065228731816482
EvolveGCN-H,h64_k6,123,0.35580000281333923,0.29420414566993713,-0.0615958571434021,-0.0615958571434021,0.09758303026358287,0.11615094361192303,-0.042097690611103245,-0.11065228731816482
EvolveGCN-H,h64_k6,123,0.43059998750686646,0.29293808341026306,-0.1376619040966034,-0.1376619040966034,0.09758303026358287,0.11615094361192303,-0.042097690611103245,-0.11065228731816482
EvolveGCN-H,h64_k6,123,0.2750000059604645,0.27197954058647156,-0.00302046537399292,-0.00302046537399292,0.09758303026358287,0.11615094361192303,-0.042097690611103245,-0.11065228731816482
EvolveGCN-H,h64_k6,123,0.41499999165534973,0.2973386347293854,-0.11766135692596436,-0.11766135692596436,0.09758303026358287,0.11615094361192303,-0.042097690611103245,-0.11065228731816482
EvolveGCN-H,h64_k6,123,0.3061999976634979,0.2941567897796631,-0.012043207883834839,-0.012043207883834839,0.09758303026358287,0.11615094361192303,-0.042097690611103245,-0.11065228731816482
EvolveGCN-H,h64_k6,123,0.22059999406337738,0.2740287482738495,0.05342875421047211,0.05342875421047211,0.09758303026358287,0.11615094361192303,-0.042097690611103245,-0.11065228731816482
EvolveGCN-H,h64_k6,123,0.4410000145435333,0.2860548496246338,-0.15494516491889954,-0.15494516491889954,0.09758303026358287,0.11615094361192303,-0.042097690611103245,-0.11065228731816482
EvolveGCN-H,h64_k6,123,0.34540000557899475,0.31930699944496155,-0.026093006134033203,-0.026093006134033203,0.09758303026358287,0.11615094361192303,-0.042097690611103245,-0.11065228731816482
EvolveGCN-H,h64_k6,123,0.19020000100135803,0.28832533955574036,0.09812533855438232,0.09812533855438232,0.09758303026358287,0.11615094361192303,-0.042097690611103245,-0.11065228731816482
EvolveGCN-H,h64_k6,123,0.20340000092983246,0.2681771218776703,0.06477712094783783,0.06477712094783783,0.09758303026358287,0.11615094361192303,-0.042097690611103245,-0.11065228731816482
EvolveGCN-H,h64_k6,123,0.2937999963760376,0.30057039856910706,0.006770402193069458,0.006770402193069458,0.09758303026358287,0.11615094361192303,-0.042097690611103245,-0.11065228731816482
EvolveGCN-H,h64_k6,123,0.2502000033855438,0.2750196158885956,0.024819612503051758,0.024819612503051758,0.09758303026358287,0.11615094361192303,-0.042097690611103245,-0.11065228731816482
EvolveGCN-H,h64_k6,123,0.2962000072002411,0.30115020275115967,0.004950195550918579,0.004950195550918579,0.09758303026358287,0.11615094361192303,-0.042097690611103245,-0.11065228731816482
EvolveGCN-H,h64_k6,123,0.3709999918937683,0.3232061564922333,-0.047793835401535034,-0.047793835401535034,0.09758303026358287,0.11615094361192303,-0.042097690611103245,-0.11065228731816482
EvolveGCN-H,h64_k6,123,0.17980000376701355,0.2861051559448242,0.10630515217781067,0.10630515217781067,0.09758303026358287,0.11615094361192303,-0.042097690611103245,-0.11065228731816482
Static GCN,h64_k6,123,0.11020000278949738,0.29917576909065247,0.1889757663011551,0.1889757663011551,0.09805974860986073,0.11404794841738845,-0.004703472397888486,-0.04742252192991157
Static GCN,h64_k6,123,0.2766000032424927,0.29917576909065247,0.02257576584815979,0.02257576584815979,0.09805974860986073,0.11404794841738845,-0.004703472397888486,-0.04742252192991157
Static GCN,h64_k6,123,0.4758000075817108,0.29917576909065247,-0.17662423849105835,-0.17662423849105835,0.09805974860986073,0.11404794841738845,-0.004703472397888486,-0.04742252192991157
Static GCN,h64_k6,123,0.17579999566078186,0.3011736571788788,0.12537366151809692,0.12537366151809692,0.09805974860986073,0.11404794841738845,-0.004703472397888486,-0.04742252192991157
Static GCN,h64_k6,123,0.4918000102043152,0.2908843755722046,-0.2009156346321106,-0.2009156346321106,0.09805974860986073,0.11404794841738845,-0.004703472397888486,-0.04742252192991157
Static GCN,h64_k6,123,0.12020000070333481,0.29659247398376465,0.17639247328042984,0.17639247328042984,0.09805974860986073,0.11404794841738845,-0.004703472397888486,-0.04742252192991157
Static GCN,h64_k6,123,0.3601999878883362,0.29917576909065247,-0.061024218797683716,-0.061024218797683716,0.09805974860986073,0.11404794841738845,-0.004703472397888486,-0.04742252192991157
Static GCN,h64_k6,123,0.29820001125335693,0.29917576909065247,0.0009757578372955322,0.0009757578372955322,0.09805974860986073,0.11404794841738845,-0.004703472397888486,-0.04742252192991157
Static GCN,h64_k6,123,0.20739999413490295,0.29917576909065247,0.09177577495574951,0.09177577495574951,0.09805974860986073,0.11404794841738845,-0.004703472397888486,-0.04742252192991157
Static GCN,h64_k6,123,0.3529999852180481,0.2953733205795288,-0.05762666463851929,-0.05762666463851929,0.09805974860986073,0.11404794841738845,-0.004703472397888486,-0.04742252192991157
Static GCN,h64_k6,123,0.15060000121593475,0.29917576909065247,0.1485757678747177,0.1485757678747177,0.09805974860986073,0.11404794841738845,-0.004703472397888486,-0.04742252192991157
Static GCN,h64_k6,123,0.10859999805688858,0.29917576909065247,0.19057577103376389,0.19057577103376389,0.09805974860986073,0.11404794841738845,-0.004703472397888486,-0.04742252192991157
Static GCN,h64_k6,123,0.4625999927520752,0.2955581545829773,-0.1670418381690979,-0.1670418381690979,0.09805974860986073,0.11404794841738845,-0.004703472397888486,-0.04742252192991157
Static GCN,h64_k6,123,0.2754000127315521,0.29917576909065247,0.023775756359100342,0.023775756359100342,0.09805974860986073,0.11404794841738845,-0.004703472397888486,-0.04742252192991157
Static GCN,h64_k6,123,0.19419999420642853,0.29917576909065247,0.10497577488422394,0.10497577488422394,0.09805974860986073,0.11404794841738845,-0.004703472397888486,-0.04742252192991157
Static GCN,h64_k6,123,0.40779998898506165,0.29917576909065247,-0.10862421989440918,-0.10862421989440918,0.09805974860986073,0.11404794841738845,-0.004703472397888486,-0.04742252192991157
Static GCN,h64_k6,123,0.11940000206232071,0.29917576909065247,0.17977576702833176,0.17977576702833176,0.09805974860986073,0.11404794841738845,-0.004703472397888486,-0.04742252192991157
Static GCN,h64_k6,123,0.38499999046325684,0.29917576909065247,-0.08582422137260437,-0.08582422137260437,0.09805974860986073,0.11404794841738845,-0.004703472397888486,-0.04742252192991157
Static GCN,h64_k6,123,0.16699999570846558,0.29917576909065247,0.1321757733821869,0.1321757733821869,0.09805974860986073,0.11404794841738845,-0.004703472397888486,-0.04742252192991157
Static GCN,h64_k6,123,0.27619999647140503,0.29917576909065247,0.022975772619247437,0.022975772619247437,0.09805974860986073,0.11404794841738845,-0.004703472397888486,-0.04742252192991157
Static GCN,h64_k6,123,0.4578000009059906,0.29917576909065247,-0.15862423181533813,-0.15862423181533813,0.09805974860986073,0.11404794841738845,-0.004703472397888486,-0.04742252192991157
Static GCN,h64_k6,123,0.4941999912261963,0.29917576909065247,-0.19502422213554382,-0.19502422213554382,0.09805974860986073,0.11404794841738845,-0.004703472397888486,-0.04742252192991157
Static GCN,h64_k6,123,0.24379999935626984,0.29917576909065247,0.05537576973438263,0.05537576973438263,0.09805974860986073,0.11404794841738845,-0.004703472397888486,-0.04742252192991157
Static GCN,h64_k6,123,0.10700000077486038,0.29917576909065247,0.19217576831579208,0.19217576831579208,0.09805974860986073,0.11404794841738845,-0.004703472397888486,-0.04742252192991157
Static GCN,h64_k6,123,0.18979999423027039,0.29917576909065247,0.10937577486038208,0.10937577486038208,0.09805974860986073,0.11404794841738845,-0.004703472397888486,-0.04742252192991157
Static GCN,h64_k6,123,0.2978000044822693,0.29917576909065247,0.0013757646083831787,0.0013757646083831787,0.09805974860986073,0.11404794841738845,-0.004703472397888486,-0.04742252192991157
Static GCN,h64_k6,123,0.35339999198913574,0.29845255613327026,-0.05494743585586548,-0.05494743585586548,0.09805974860986073,0.11404794841738845,-0.004703472397888486,-0.04742252192991157
Static GCN,h64_k6,123,0.10899999737739563,0.29797056317329407,0.18897056579589844,0.18897056579589844,0.09805974860986073,0.11404794841738845,-0.004703472397888486,-0.04742252192991157
Static GCN,h64_k6,123,0.16019999980926514,0.29917576909065247,0.13897576928138733,0.13897576928138733,0.09805974860986073,0.11404794841738845,-0.004703472397888486,-0.04742252192991157
Static GCN,h64_k6,123,0.29019999504089355,0.30064278841018677,0.010442793369293213,0.010442793369293213,0.09805974860986073,0.11404794841738845,-0.004703472397888486,-0.04742252192991157
Static GCN,h64_k6,123,0.17739999294281006,0.29917576909065247,0.12177577614784241,0.12177577614784241,0.09805974860986073,0.11404794841738845,-0.004703472397888486,-0.04742252192991157
Static GCN,h64_k6,123,0.2101999968290329,0.29917576909065247,0.08897577226161957,0.08897577226161957,0.09805974860986073,0.11404794841738845,-0.004703472397888486,-0.04742252192991157
Static GCN,h64_k6,123,0.26339998841285706,0.29831376671791077,0.03491377830505371,0.03491377830505371,0.09805974860986073,0.11404794841738845,-0.004703472397888486,-0.04742252192991157
Static GCN,h64_k6,123,0.4189999997615814,0.29917576909065247,-0.11982423067092896,-0.11982423067092896,0.09805974860986073,0.11404794841738845,-0.004703472397888486,-0.04742252192991157
Static GCN,h64_k6,123,0.1738000065088272,0.29917576909065247,0.12537576258182526,0.12537576258182526,0.09805974860986073,0.11404794841738845,-0.004703472397888486,-0.04742252192991157
Static GCN,h64_k6,123,0.4138000011444092,0.2987269461154938,-0.1150730550289154,-0.1150730550289154,0.09805974860986073,0.11404794841738845,-0.004703472397888486,-0.04742252192991157
Static GCN,h64_k6,123,0.11500000208616257,0.28392475843429565,0.1689247563481331,0.1689247563481331,0.09805974860986073,0.11404794841738845,-0.004703472397888486,-0.04742252192991157
Static GCN,h64_k6,123,0.3693999946117401,0.29917576909065247,-0.07022422552108765,-0.07022422552108765,0.09805974860986073,0.11404794841738845,-0.004703472397888486,-0.04742252192991157
Static GCN,h64_k6,123,0.10419999808073044,0.29917576909065247,0.19497577100992203,0.19497577100992203,0.09805974860986073,0.11404794841738845,-0.004703472397888486,-0.04742252192991157
Static GCN,h64_k6,123,0.23980000615119934,0.29917576909065247,0.059375762939453125,0.059375762939453125,0.09805974860986073,0.11404794841738845,-0.004703472397888486,-0.04742252192991157
Static GCN,h64_k6,123,0.272599995136261,0.29917576909065247,0.02657577395439148,0.02657577395439148,0.09805974860986073,0.11404794841738845,-0.004703472397888486,-0.04742252192991157
Static GCN,h64_k6,123,0.38420000672340393,0.29721736907958984,-0.08698263764381409,-0.08698263764381409,0.09805974860986073,0.11404794841738845,-0.004703472397888486,-0.04742252192991157
Static GCN,h64_k6,123,0.4569999873638153,0.29917576909065247,-0.15782421827316284,-0.15782421827316284,0.09805974860986073,0.11404794841738845,-0.004703472397888486,-0.04742252192991157
Static GCN,h64_k6,123,0.41620001196861267,0.29760849475860596,-0.11859151721000671,-0.11859151721000671,0.09805974860986073,0.11404794841738845,-0.004703472397888486,-0.04742252192991157
Static GCN,h64_k6,123,0.2770000100135803,0.29917576909065247,0.022175759077072144,0.022175759077072144,0.09805974860986073,0.11404794841738845,-0.004703472397888486,-0.04742252192991157
Static GCN,h64_k6,123,0.3578000068664551,0.30052709579467773,-0.057272911071777344,-0.057272911071777344,0.09805974860986073,0.11404794841738845,-0.004703472397888486,-0.04742252192991157
Static GCN,h64_k6,123,0.4406000077724457,0.300622820854187,-0.13997718691825867,-0.13997718691825867,0.09805974860986073,0.11404794841738845,-0.004703472397888486,-0.04742252192991157
Static GCN,h64_k6,123,0.3418000042438507,0.29840147495269775,-0.043398529291152954,-0.043398529291152954,0.09805974860986073,0.11404794841738845,-0.004703472397888486,-0.04742252192991157
Static GCN,h64_k6,123,0.1462000012397766,0.29917576909065247,0.15297576785087585,0.15297576785087585,0.09805974860986073,0.11404794841738845,-0.004703472397888486,-0.04742252192991157
Static GCN,h64_k6,123,0.3357999920845032,0.29917576909065247,-0.03662422299385071,-0.03662422299385071,0.09805974860986073,0.11404794841738845,-0.004703472397888486,-0.04742252192991157
Static GCN,h64_k6,123,0.41019999980926514,0.29917576909065247,-0.11102423071861267,-0.11102423071861267,0.09805974860986073,0.11404794841738845,-0.004703472397888486,-0.04742252192991157
Static GCN,h64_k6,123,0.24500000476837158,0.29917576909065247,0.054175764322280884,0.054175764322280884,0.09805974860986073,0.11404794841738845,-0.004703472397888486,-0.04742252192991157
Static GCN,h64_k6,123,0.19820000231266022,0.29597020149230957,0.09777019917964935,0.09777019917964935,0.09805974860986073,0.11404794841738845,-0.004703472397888486,-0.04742252192991157
Static GCN,h64_k6,123,0.46459999680519104,0.29917576909065247,-0.16542422771453857,-0.16542422771453857,0.09805974860986073,0.11404794841738845,-0.004703472397888486,-0.04742252192991157
Static GCN,h64_k6,123,0.3901999890804291,0.282859206199646,-0.10734078288078308,-0.10734078288078308,0.09805974860986073,0.11404794841738845,-0.004703472397888486,-0.04742252192991157
Static GCN,h64_k6,123,0.241799995303154,0.29917576909065247,0.057375773787498474,0.057375773787498474,0.09805974860986073,0.11404794841738845,-0.004703472397888486,-0.04742252192991157
Static GCN,h64_k6,123,0.32339999079704285,0.29917576909065247,-0.02422422170639038,-0.02422422170639038,0.09805974860986073,0.11404794841738845,-0.004703472397888486,-0.04742252192991157
Static GCN,h64_k6,123,0.23819999396800995,0.29917576909065247,0.06097577512264252,0.06097577512264252,0.09805974860986073,0.11404794841738845,-0.004703472397888486,-0.04742252192991157
Static GCN,h64_k6,123,0.4729999899864197,0.29917576909065247,-0.1738242208957672,-0.1738242208957672,0.09805974860986073,0.11404794841738845,-0.004703472397888486,-0.04742252192991157
Static GCN,h64_k6,123,0.4302000105381012,0.29917576909065247,-0.13102424144744873,-0.13102424144744873,0.09805974860986073,0.11404794841738845,-0.004703472397888486,-0.04742252192991157
Static GCN,h64_k6,123,0.35580000281333923,0.2973245084285736,-0.058475494384765625,-0.058475494384765625,0.09805974860986073,0.11404794841738845,-0.004703472397888486,-0.04742252192991157
Static GCN,h64_k6,123,0.43059998750686646,0.29917576909065247,-0.131424218416214,-0.131424218416214,0.09805974860986073,0.11404794841738845,-0.004703472397888486,-0.04742252192991157
Static GCN,h64_k6,123,0.2750000059604645,0.2969035506248474,0.021903544664382935,0.021903544664382935,0.09805974860986073,0.11404794841738845,-0.004703472397888486,-0.04742252192991157
Static GCN,h64_k6,123,0.41499999165534973,0.29917576909065247,-0.11582422256469727,-0.11582422256469727,0.09805974860986073,0.11404794841738845,-0.004703472397888486,-0.04742252192991157
Static GCN,h64_k6,123,0.3061999976634979,0.29917576909065247,-0.007024228572845459,-0.007024228572845459,0.09805974860986073,0.11404794841738845,-0.004703472397888486,-0.04742252192991157
Static GCN,h64_k6,123,0.22059999406337738,0.30062612891197205,0.08002613484859467,0.08002613484859467,0.09805974860986073,0.11404794841738845,-0.004703472397888486,-0.04742252192991157
Static GCN,h64_k6,123,0.4410000145435333,0.29917576909065247,-0.14182424545288086,-0.14182424545288086,0.09805974860986073,0.11404794841738845,-0.004703472397888486,-0.04742252192991157
Static GCN,h64_k6,123,0.34540000557899475,0.29917576909065247,-0.046224236488342285,-0.046224236488342285,0.09805974860986073,0.11404794841738845,-0.004703472397888486,-0.04742252192991157
Static GCN,h64_k6,123,0.19020000100135803,0.29917576909065247,0.10897576808929443,0.10897576808929443,0.09805974860986073,0.11404794841738845,-0.004703472397888486,-0.04742252192991157
Static GCN,h64_k6,123,0.20340000092983246,0.29917576909065247,0.09577576816082001,0.09577576816082001,0.09805974860986073,0.11404794841738845,-0.004703472397888486,-0.04742252192991157
Static GCN,h64_k6,123,0.2937999963760376,0.29917576909065247,0.005375772714614868,0.005375772714614868,0.09805974860986073,0.11404794841738845,-0.004703472397888486,-0.04742252192991157
Static GCN,h64_k6,123,0.2502000033855438,0.29917576909065247,0.04897576570510864,0.04897576570510864,0.09805974860986073,0.11404794841738845,-0.004703472397888486,-0.04742252192991157
Static GCN,h64_k6,123,0.2962000072002411,0.2983108460903168,0.0021108388900756836,0.0021108388900756836,0.09805974860986073,0.11404794841738845,-0.004703472397888486,-0.04742252192991157
Static GCN,h64_k6,123,0.3709999918937683,0.2967004179954529,-0.07429957389831543,-0.07429957389831543,0.09805974860986073,0.11404794841738845,-0.004703472397888486,-0.04742252192991157
Static GCN,h64_k6,123,0.17980000376701355,0.29917576909065247,0.11937576532363892,0.11937576532363892,0.09805974860986073,0.11404794841738845,-0.004703472397888486,-0.04742252192991157
EvolveGCN-H,h64_k8,123,0.11020000278949738,0.2980634868144989,0.18786348402500153,0.18786348402500153,0.09715090890725454,0.11527576105986659,-0.026452708498044153,-0.061257574640552176
EvolveGCN-H,h64_k8,123,0.2766000032424927,0.268879771232605,-0.007720232009887695,-0.007720232009887695,0.09715090890725454,0.11527576105986659,-0.026452708498044153,-0.061257574640552176
EvolveGCN-H,h64_k8,123,0.4758000075817108,0.3006244897842407,-0.1751755177974701,-0.1751755177974701,0.09715090890725454,0.11527576105986659,-0.026452708498044153,-0.061257574640552176
EvolveGCN-H,h64_k8,123,0.17579999566078186,0.2990689277648926,0.12326893210411072,0.12326893210411072,0.09715090890725454,0.11527576105986659,-0.026452708498044153,-0.061257574640552176
EvolveGCN-H,h64_k8,123,0.4918000102043152,0.2792001962661743,-0.21259981393814087,-0.21259981393814087,0.09715090890725454,0.11527576105986659,-0.026452708498044153,-0.061257574640552176
EvolveGCN-H,h64_k8,123,0.12020000070333481,0.31275543570518494,0.19255543500185013,0.19255543500185013,0.09715090890725454,0.11527576105986659,-0.026452708498044153,-0.061257574640552176
EvolveGCN-H,h64_k8,123,0.3601999878883362,0.29438796639442444,-0.06581202149391174,-0.06581202149391174,0.09715090890725454,0.11527576105986659,-0.026452708498044153,-0.061257574640552176
EvolveGCN-H,h64_k8,123,0.29820001125335693,0.27839696407318115,-0.01980304718017578,-0.01980304718017578,0.09715090890725454,0.11527576105986659,-0.026452708498044153,-0.061257574640552176
EvolveGCN-H,h64_k8,123,0.20739999413490295,0.30609557032585144,0.09869557619094849,0.09869557619094849,0.09715090890725454,0.11527576105986659,-0.026452708498044153,-0.061257574640552176
EvolveGCN-H,h64_k8,123,0.3529999852180481,0.2894393801689148,-0.0635606050491333,-0.0635606050491333,0.09715090890725454,0.11527576105986659,-0.026452708498044153,-0.061257574640552176
EvolveGCN-H,h64_k8,123,0.15060000121593475,0.3012642562389374,0.15066425502300262,0.15066425502300262,0.09715090890725454,0.11527576105986659,-0.026452708498044153,-0.061257574640552176
EvolveGCN-H,h64_k8,123,0.10859999805688858,0.29560768604278564,0.18700768798589706,0.18700768798589706,0.09715090890725454,0.11527576105986659,-0.026452708498044153,-0.061257574640552176
EvolveGCN-H,h64_k8,123,0.4625999927520752,0.2845880389213562,-0.178011953830719,-0.178011953830719,0.09715090890725454,0.11527576105986659,-0.026452708498044153,-0.061257574640552176
EvolveGCN-H,h64_k8,123,0.2754000127315521,0.28628233075141907,0.010882318019866943,0.010882318019866943,0.09715090890725454,0.11527576105986659,-0.026452708498044153,-0.061257574640552176
EvolveGCN-H,h64_k8,123,0.19419999420642853,0.31183624267578125,0.11763624846935272,0.11763624846935272,0.09715090890725454,0.11527576105986659,-0.026452708498044153,-0.061257574640552176
EvolveGCN-H,h64_k8,123,0.40779998898506165,0.30343037843704224,-0.10436961054801941,-0.10436961054801941,0.09715090890725454,0.11527576105986659,-0.026452708498044153,-0.061257574640552176
EvolveGCN-H,h64_k8,123,0.11940000206232071,0.30022603273391724,0.18082603067159653,0.18082603067159653,0.09715090890725454,0.11527576105986659,-0.026452708498044153,-0.061257574640552176
EvolveGCN-H,h64_k8,123,0.38499999046325684,0.2877182960510254,-0.09728169441223145,-0.09728169441223145,0.09715090890725454,0.11527576105986659,-0.026452708498044153,-0.061257574640552176
EvolveGCN-H,h64_k8,123,0.16699999570846558,0.29017341136932373,0.12317341566085815,0.12317341566085815,0.09715090890725454,0.11527576105986659,-0.026452708498044153,-0.061257574640552176
EvolveGCN-H,h64_k8,123,0.27619999647140503,0.3139384090900421,0.037738412618637085,0.037738412618637085,0.09715090890725454,0.11527576105986659,-0.026452708498044153,-0.061257574640552176
EvolveGCN-H,h64_k8,123,0.4578000009059906,0.2930203974246979,-0.16477960348129272,-0.16477960348129272,0.09715090890725454,0.11527576105986659,-0.026452708498044153,-0.061257574640552176
EvolveGCN-H,h64_k8,123,0.4941999912261963,0.2929680347442627,-0.2012319564819336,-0.2012319564819336,0.09715090890725454,0.11527576105986659,-0.026452708498044153,-0.061257574640552176
EvolveGCN-H,h64_k8,123,0.24379999935626984,0.2801504135131836,0.03635041415691376,0.03635041415691376,0.09715090890725454,0.11527576105986659,-0.026452708498044153,-0.061257574640552176
EvolveGCN-H,h64_k8,123,0.10700000077486038,0.30754512548446655,0.20054512470960617,0.20054512470960617,0.09715090890725454,0.11527576105986659,-0.026452708498044153,-0.061257574640552176
EvolveGCN-H,h64_k8,123,0.18979999423027039,0.30072540044784546,0.11092540621757507,0.11092540621757507,0.09715090890725454,0.11527576105986659,-0.026452708498044153,-0.061257574640552176
EvolveGCN-H,h64_k8,123,0.2978000044822693,0.3005880117416382,0.0027880072593688965,0.0027880072593688965,0.09715090890725454,0.11527576105986659,-0.026452708498044153,-0.061257574640552176
EvolveGCN-H,h64_k8,123,0.35339999198913574,0.30050167441368103,-0.05289831757545471,-0.05289831757545471,0.09715090890725454,0.11527576105986659,-0.026452708498044153,-0.061257574640552176
EvolveGCN-H,h64_k8,123,0.10899999737739563,0.29601556062698364,0.187015563249588,0.187015563249588,0.09715090890725454,0.11527576105986659,-0.026452708498044153,-0.061257574640552176
EvolveGCN-H,h64_k8,123,0.16019999980926514,0.26707592606544495,0.10687592625617981,0.10687592625617981,0.09715090890725454,0.11527576105986659,-0.026452708498044153,-0.061257574640552176
EvolveGCN-H,h64_k8,123,0.29019999504089355,0.2895908057689667,-0.0006091892719268799,-0.0006091892719268799,0.09715090890725454,0.11527576105986659,-0.026452708498044153,-0.061257574640552176
EvolveGCN-H,h64_k8,123,0.17739999294281006,0.28810811042785645,0.11070811748504639,0.11070811748504639,0.09715090890725454,0.11527576105986659,-0.026452708498044153,-0.061257574640552176
EvolveGCN-H,h64_k8,123,0.2101999968290329,0.3086530566215515,0.09845305979251862,0.09845305979251862,0.09715090890725454,0.11527576105986659,-0.026452708498044153,-0.061257574640552176
EvolveGCN-H,h64_k8,123,0.26339998841285706,0.29264798760414124,0.02924799919128418,0.02924799919128418,0.09715090890725454,0.11527576105986659,-0.026452708498044153,-0.061257574640552176
EvolveGCN-H,h64_k8,123,0.4189999997615814,0.27481597661972046,-0.14418402314186096,-0.14418402314186096,0.09715090890725454,0.11527576105986659,-0.026452708498044153,-0.061257574640552176
EvolveGCN-H,h64_k8,123,0.1738000065088272,0.2942858934402466,0.12048588693141937,0.12048588693141937,0.09715090890725454,0.11527576105986659,-0.026452708498044153,-0.061257574640552176
EvolveGCN-H,h64_k8,123,0.4138000011444092,0.2819872200489044,-0.13181278109550476,-0.13181278109550476,0.09715090890725454,0.11527576105986659,-0.026452708498044153,-0.061257574640552176
EvolveGCN-H,h64_k8,123,0.11500000208616257,0.30529719591140747,0.1902971938252449,0.1902971938252449,0.09715090890725454,0.11527576105986659,-0.026452708498044153,-0.061257574640552176
EvolveGCN-H,h64_k8,123,0.3693999946117401,0.31564903259277344,-0.053750962018966675,-0.053750962018966675,0.09715090890725454,0.11527576105986659,-0.026452708498044153,-0.061257574640552176
EvolveGCN-H,h64_k8,123,0.10419999808073044,0.30641287565231323,0.2022128775715828,0.2022128775715828,0.09715090890725454,0.11527576105986659,-0.026452708498044153,-0.061257574640552176
EvolveGCN-H,h64_k8,123,0.23980000615119934,0.2916891574859619,0.05188915133476257,0.05188915133476257,0.09715090890725454,0.11527576105986659,-0.026452708498044153,-0.061257574640552176
EvolveGCN-H,h64_k8,123,0.272599995136261,0.2789652943611145,0.006365299224853516,0.006365299224853516,0.09715090890725454,0.11527576105986659,-0.026452708498044153,-0.061257574640552176
EvolveGCN-H,h64_k8,123,0.38420000672340393,0.2962653636932373,-0.08793464303016663,-0.08793464303016663,0.09715090890725454,0.11527576105986659,-0.026452708498044153,-0.061257574640552176
EvolveGCN-H,h64_k8,123,0.4569999873638153,0.280579149723053,-0.17642083764076233,-0.17642083764076233,0.09715090890725454,0.11527576105986659,-0.026452708498044153,-0.061257574640552176
EvolveGCN-H,h64_k8,123,0.41620001196861267,0.29063844680786133,-0.12556156516075134,-0.12556156516075134,0.09715090890725454,0.11527576105986659,-0.026452708498044153,-0.061257574640552176
EvolveGCN-H,h64_k8,123,0.2770000100135803,0.28756457567214966,0.010564565658569336,0.010564565658569336,0.09715090890725454,0.11527576105986659,-0.026452708498044153,-0.061257574640552176
EvolveGCN-H,h64_k8,123,0.3578000068664551,0.26025325059890747,-0.09754675626754761,-0.09754675626754761,0.09715090890725454,0.11527576105986659,-0.026452708498044153,-0.061257574640552176
EvolveGCN-H,h64_k8,123,0.4406000077724457,0.2970544993877411,-0.1435455083847046,-0.1435455083847046,0.09715090890725454,0.11527576105986659,-0.026452708498044153,-0.061257574640552176
EvolveGCN-H,h64_k8,123,0.3418000042438507,0.2935042679309845,-0.04829573631286621,-0.04829573631286621,0.09715090890725454,0.11527576105986659,-0.026452708498044153,-0.061257574640552176
EvolveGCN-H,h64_k8,123,0.1462000012397766,0.2921856641769409,0.1459856629371643,0.1459856629371643,0.09715090890725454,0.11527576105986659,-0.026452708498044153,-0.061257574640552176
EvolveGCN-H,h64_k8,123,0.3357999920845032,0.2732836902141571,-0.06251630187034607,-0.06251630187034607,0.09715090890725454,0.11527576105986659,-0.026452708498044153,-0.061257574640552176
EvolveGCN-H,h64_k8,123,0.41019999980926514,0.2996312975883484,-0.11056870222091675,-0.11056870222091675,0.09715090890725454,0.11527576105986659,-0.026452708498044153,-0.061257574640552176
EvolveGCN-H,h64_k8,123,0.24500000476837158,0.28479209542274475,0.03979209065437317,0.03979209065437317,0.09715090890725454,0.11527576105986659,-0.026452708498044153,-0.061257574640552176
EvolveGCN-H,h64_k8,123,0.19820000231266022,0.26367655396461487,0.06547655165195465,0.06547655165195465,0.09715090890725454,0.11527576105986659,-0.026452708498044153,-0.061257574640552176
EvolveGCN-H,h64_k8,123,0.46459999680519104,0.30038508772850037,-0.16421490907669067,-0.16421490907669067,0.09715090890725454,0.11527576105986659,-0.026452708498044153,-0.061257574640552176
EvolveGCN-H,h64_k8,123,0.3901999890804291,0.2881544828414917,-0.10204550623893738,-0.10204550623893738,0.09715090890725454,0.11527576105986659,-0.026452708498044153,-0.061257574640552176
EvolveGCN-H,h64_k8,123,0.241799995303154,0.2938632369041443,0.052063241600990295,0.052063241600990295,0.09715090890725454,0.11527576105986659,-0.026452708498044153,-0.061257574640552176
EvolveGCN-H,h64_k8,123,0.32339999079704285,0.2996864318847656,-0.02371355891227722,-0.02371355891227722,0.09715090890725454,0.11527576105986659,-0.026452708498044153,-0.061257574640552176
EvolveGCN-H,h64_k8,123,0.23819999396800995,0.2996222674846649,0.06142227351665497,0.06142227351665497,0.09715090890725454,0.11527576105986659,-0.026452708498044153,-0.061257574640552176
EvolveGCN-H,h64_k8,123,0.4729999899864197,0.3114650249481201,-0.16153496503829956,-0.16153496503829956,0.09715090890725454,0.11527576105986659,-0.026452708498044153,-0.061257574640552176
EvolveGCN-H,h64_k8,123,0.4302000105381012,0.28283098340034485,-0.14736902713775635,-0.14736902713775635,0.09715090890725454,0.11527576105986659,-0.026452708498044153,-0.061257574640552176
EvolveGCN-H,h64_k8,123,0.35580000281333923,0.2984731197357178,-0.05732688307762146,-0.05732688307762146,0.09715090890725454,0.11527576105986659,-0.026452708498044153,-0.061257574640552176
EvolveGCN-H,h64_k8,123,0.43059998750686646,0.299841046333313,-0.13075894117355347,-0.13075894117355347,0.09715090890725454,0.11527576105986659,-0.026452708498044153,-0.061257574640552176
EvolveGCN-H,h64_k8,123,0.2750000059604645,0.2761487662792206,0.0011487603187561035,0.0011487603187561035,0.09715090890725454,0.11527576105986659,-0.026452708498044153,-0.061257574640552176
EvolveGCN-H,h64_k8,123,0.41499999165534973,0.3014942705631256,-0.11350572109222412,-0.11350572109222412,0.09715090890725454,0.11527576105986659,-0.026452708498044153,-0.061257574640552176
EvolveGCN-H,h64_k8,123,0.3061999976634979,0.29786717891693115,-0.008332818746566772,-0.008332818746566772,0.09715090890725454,0.11527576105986659,-0.026452708498044153,-0.061257574640552176
EvolveGCN-H,h64_k8,123,0.22059999406337738,0.28016397356987,0.059563979506492615,0.059563979506492615,0.09715090890725454,0.11527576105986659,-0.026452708498044153,-0.061257574640552176
EvolveGCN-H,h64_k8,123,0.4410000145435333,0.29422706365585327,-0.14677295088768005,-0.14677295088768005,0.09715090890725454,0.11527576105986659,-0.026452708498044153,-0.061257574640552176
EvolveGCN-H,h64_k8,123,0.34540000557899475,0.3192640244960785,-0.02613598108291626,-0.02613598108291626,0.09715090890725454,0.11527576105986659,-0.026452708498044153,-0.061257574640552176
EvolveGCN-H,h64_k8,123,0.19020000100135803,0.2924739122390747,0.10227391123771667,0.10227391123771667,0.09715090890725454,0.11527576105986659,-0.026452708498044153,-0.061257574640552176
EvolveGCN-H,h64_k8,123,0.20340000092983246,0.2744157910346985,0.07101579010486603,0.07101579010486603,0.09715090890725454,0.11527576105986659,-0.026452708498044153,-0.061257574640552176
EvolveGCN-H,h64_k8,123,0.2937999963760376,0.3024407625198364,0.008640766143798828,0.008640766143798828,0.09715090890725454,0.11527576105986659,-0.026452708498044153,-0.061257574640552176
EvolveGCN-H,h64_k8,123,0.2502000033855438,0.28019052743911743,0.02999052405357361,0.02999052405357361,0.09715090890725454,0.11527576105986659,-0.026452708498044153,-0.061257574640552176
EvolveGCN-H,h64_k8,123,0.2962000072002411,0.3064027428627014,0.010202735662460327,0.010202735662460327,0.09715090890725454,0.11527576105986659,-0.026452708498044153,-0.061257574640552176
EvolveGCN-H,h64_k8,123,0.3709999918937683,0.32578086853027344,-0.04521912336349487,-0.04521912336349487,0.09715090890725454,0.11527576105986659,-0.026452708498044153,-0.061257574640552176
EvolveGCN-H,h64_k8,123,0.17980000376701355,0.2905837297439575,0.11078372597694397,0.11078372597694397,0.09715090890725454,0.11527576105986659,-0.026452708498044153,-0.061257574640552176
Static GCN,h64_k8,123,0.11020000278949738,0.3153436779975891,0.20514367520809174,0.20514367520809174,0.09774443527062734,0.11451923878624852,-0.013024278412259394,-0.023024760096730715
Static GCN,h64_k8,123,0.2766000032424927,0.28351056575775146,0.006910562515258789,0.006910562515258789,0.09774443527062734,0.11451923878624852,-0.013024278412259394,-0.023024760096730715
Static GCN,h64_k8,123,0.4758000075817108,0.28351056575775146,-0.19228944182395935,-0.19228944182395935,0.09774443527062734,0.11451923878624852,-0.013024278412259394,-0.023024760096730715
Static GCN,h64_k8,123,0.17579999566078186,0.28351056575775146,0.1077105700969696,0.1077105700969696,0.09774443527062734,0.11451923878624852,-0.013024278412259394,-0.023024760096730715
Static GCN,h64_k8,123,0.4918000102043152,0.28351056575775146,-0.20828944444656372,-0.20828944444656372,0.09774443527062734,0.11451923878624852,-0.013024278412259394,-0.023024760096730715
Static GCN,h64_k8,123,0.12020000070333481,0.2869378924369812,0.1667378917336464,0.1667378917336464,0.09774443527062734,0.11451923878624852,-0.013024278412259394,-0.023024760096730715
Static GCN,h64_k8,123,0.3601999878883362,0.28351056575775146,-0.07668942213058472,-0.07668942213058472,0.09774443527062734,0.11451923878624852,-0.013024278412259394,-0.023024760096730715
Static GCN,h64_k8,123,0.29820001125335693,0.28351056575775146,-0.014689445495605469,-0.014689445495605469,0.09774443527062734,0.11451923878624852,-0.013024278412259394,-0.023024760096730715
Static GCN,h64_k8,123,0.20739999413490295,0.28351056575775146,0.07611057162284851,0.07611057162284851,0.09774443527062734,0.11451923878624852,-0.013024278412259394,-0.023024760096730715
Static GCN,h64_k8,123,0.3529999852180481,0.28351056575775146,-0.06948941946029663,-0.06948941946029663,0.09774443527062734,0.11451923878624852,-0.013024278412259394,-0.023024760096730715
Static GCN,h64_k8,123,0.15060000121593475,0.28351056575775146,0.1329105645418167,0.1329105645418167,0.09774443527062734,0.11451923878624852,-0.013024278412259394,-0.023024760096730715
Static GCN,h64_k8,123,0.10859999805688858,0.28351056575775146,0.17491056770086288,0.17491056770086288,0.09774443527062734,0.11451923878624852,-0.013024278412259394,-0.023024760096730715
Static GCN,h64_k8,123,0.4625999927520752,0.28351056575775146,-0.17908942699432373,-0.17908942699432373,0.09774443527062734,0.11451923878624852,-0.013024278412259394,-0.023024760096730715
Static GCN,h64_k8,123,0.2754000127315521,0.2931009531021118,0.017700940370559692,0.017700940370559692,0.09774443527062734,0.11451923878624852,-0.013024278412259394,-0.023024760096730715
Static GCN,h64_k8,123,0.19419999420642853,0.28353530168533325,0.08933530747890472,0.08933530747890472,0.09774443527062734,0.11451923878624852,-0.013024278412259394,-0.023024760096730715
Static GCN,h64_k8,123,0.40779998898506165,0.28351056575775146,-0.12428942322731018,-0.12428942322731018,0.09774443527062734,0.11451923878624852,-0.013024278412259394,-0.023024760096730715
Static GCN,h64_k8,123,0.11940000206232071,0.28351056575775146,0.16411056369543076,0.16411056369543076,0.09774443527062734,0.11451923878624852,-0.013024278412259394,-0.023024760096730715
Static GCN,h64_k8,123,0.38499999046325684,0.28351056575775146,-0.10148942470550537,-0.10148942470550537,0.09774443527062734,0.11451923878624852,-0.013024278412259394,-0.023024760096730715
Static GCN,h64_k8,123,0.16699999570846558,0.28351056575775146,0.11651057004928589,0.11651057004928589,0.09774443527062734,0.11451923878624852,-0.013024278412259394,-0.023024760096730715
Static GCN,h64_k8,123,0.27619999647140503,0.28351056575775146,0.0073105692863464355,0.0073105692863464355,0.09774443527062734,0.11451923878624852,-0.013024278412259394,-0.023024760096730715
Static GCN,h64_k8,123,0.4578000009059906,0.28351056575775146,-0.17428943514823914,-0.17428943514823914,0.09774443527062734,0.11451923878624852,-0.013024278412259394,-0.023024760096730715
Static GCN,h64_k8,123,0.4941999912261963,0.28351056575775146,-0.21068942546844482,-0.21068942546844482,0.09774443527062734,0.11451923878624852,-0.013024278412259394,-0.023024760096730715
Static GCN,h64_k8,123,0.24379999935626984,0.28351056575775146,0.03971056640148163,0.03971056640148163,0.09774443527062734,0.11451923878624852,-0.013024278412259394,-0.023024760096730715
Static GCN,h64_k8,123,0.10700000077486038,0.28351056575775146,0.17651056498289108,0.17651056498289108,0.09774443527062734,0.11451923878624852,-0.013024278412259394,-0.023024760096730715
Static GCN,h64_k8,123,0.18979999423027039,0.28351056575775146,0.09371057152748108,0.09371057152748108,0.09774443527062734,0.11451923878624852,-0.013024278412259394,-0.023024760096730715
Static GCN,h64_k8,123,0.2978000044822693,0.3069469928741455,0.00914698839187622,0.00914698839187622,0.09774443527062734,0.11451923878624852,-0.013024278412259394,-0.023024760096730715
Static GCN,h64_k8,123,0.35339999198913574,0.30127817392349243,-0.05212181806564331,-0.05212181806564331,0.09774443527062734,0.11451923878624852,-0.013024278412259394,-0.023024760096730715
Static GCN,h64_k8,123,0.10899999737739563,0.28351056575775146,0.17451056838035583,0.17451056838035583,0.09774443527062734,0.11451923878624852,-0.013024278412259394,-0.023024760096730715
Static GCN,h64_k8,123,0.16019999980926514,0.28351056575775146,0.12331056594848633,0.12331056594848633,0.09774443527062734,0.11451923878624852,-0.013024278412259394,-0.023024760096730715
Static GCN,h64_k8,123,0.29019999504089355,0.28351056575775146,-0.00668942928314209,-0.00668942928314209,0.09774443527062734,0.11451923878624852,-0.013024278412259394,-0.023024760096730715
Static GCN,h64_k8,123,0.17739999294281006,0.28351056575775146,0.1061105728149414,0.1061105728149414,0.09774443527062734,0.11451923878624852,-0.013024278412259394,-0.023024760096730715
Static GCN,h64_k8,123,0.2101999968290329,0.2921185791492462,0.08191858232021332,0.08191858232021332,0.09774443527062734,0.11451923878624852,-0.013024278412259394,-0.023024760096730715
Static GCN,h64_k8,123,0.26339998841285706,0.28351056575775146,0.02011057734489441,0.02011057734489441,0.09774443527062734,0.11451923878624852,-0.013024278412259394,-0.023024760096730715
Static GCN,h64_k8,123,0.4189999997615814,0.33477041125297546,-0.08422958850860596,-0.08422958850860596,0.09774443527062734,0.11451923878624852,-0.013024278412259394,-0.023024760096730715
Static GCN,h64_k8,123,0.1738000065088272,0.28351056575775146,0.10971055924892426,0.10971055924892426,0.09774443527062734,0.11451923878624852,-0.013024278412259394,-0.023024760096730715
Static GCN,h64_k8,123,0.4138000011444092,0.28351056575775146,-0.13028943538665771,-0.13028943538665771,0.09774443527062734,0.11451923878624852,-0.013024278412259394,-0.023024760096730715
Static GCN,h64_k8,123,0.11500000208616257,0.28351056575775146,0.1685105636715889,0.1685105636715889,0.09774443527062734,0.11451923878624852,-0.013024278412259394,-0.023024760096730715
Static GCN,h64_k8,123,0.3693999946117401,0.28351056575775146,-0.08588942885398865,-0.08588942885398865,0.09774443527062734,0.11451923878624852,-0.013024278412259394,-0.023024760096730715
Static GCN,h64_k8,123,0.10419999808073044,0.2878936529159546,0.18369365483522415,0.18369365483522415,0.09774443527062734,0.11451923878624852,-0.013024278412259394,-0.023024760096730715
Static GCN,h64_k8,123,0.23980000615119934,0.28351056575775146,0.043710559606552124,0.043710559606552124,0.09774443527062734,0.11451923878624852,-0.013024278412259394,-0.023024760096730715
Static GCN,h64_k8,123,0.272599995136261,0.28351056575775146,0.010910570621490479,0.010910570621490479,0.09774443527062734,0.11451923878624852,-0.013024278412259394,-0.023024760096730715
Static GCN,h64_k8,123,0.38420000672340393,0.28351056575775146,-0.10068944096565247,-0.10068944096565247,0.09774443527062734,0.11451923878624852,-0.013024278412259394,-0.023024760096730715
Static GCN,h64_k8,123,0.4569999873638153,0.28351056575775146,-0.17348942160606384,-0.17348942160606384,0.09774443527062734,0.11451923878624852,-0.013024278412259394,-0.023024760096730715
Static GCN,h64_k8,123,0.41620001196861267,0.28351056575775146,-0.1326894462108612,-0.1326894462108612,0.09774443527062734,0.11451923878624852,-0.013024278412259394,-0.023024760096730715
Static GCN,h64_k8,123,0.2770000100135803,0.28351056575775146,0.006510555744171143,0.006510555744171143,0.09774443527062734,0.11451923878624852,-0.013024278412259394,-0.023024760096730715
Static GCN,h64_k8,123,0.3578000068664551,0.28351056575775146,-0.07428944110870361,-0.07428944110870361,0.09774443527062734,0.11451923878624852,-0.013024278412259394,-0.023024760096730715
Static GCN,h64_k8,123,0.4406000077724457,0.28351056575775146,-0.1570894420146942,-0.1570894420146942,0.09774443527062734,0.11451923878624852,-0.013024278412259394,-0.023024760096730715
Static GCN,h64_k8,123,0.3418000042438507,0.28351056575775146,-0.05828943848609924,-0.05828943848609924,0.09774443527062734,0.11451923878624852,-0.013024278412259394,-0.023024760096730715
Static GCN,h64_k8,123,0.1462000012397766,0.28351056575775146,0.13731056451797485,0.13731056451797485,0.09774443527062734,0.11451923878624852,-0.013024278412259394,-0.023024760096730715
Static GCN,h64_k8,123,0.3357999920845032,0.28351056575775146,-0.05228942632675171,-0.05228942632675171,0.09774443527062734,0.11451923878624852,-0.013024278412259394,-0.023024760096730715
Static GCN,h64_k8,123,0.41019999980926514,0.28351056575775146,-0.12668943405151367,-0.12668943405151367,0.09774443527062734,0.11451923878624852,-0.013024278412259394,-0.023024760096730715
Static GCN,h64_k8,123,0.24500000476837158,0.28351056575775146,0.03851056098937988,0.03851056098937988,0.09774443527062734,0.11451923878624852,-0.013024278412259394,-0.023024760096730715
Static GCN,h64_k8,123,0.19820000231266022,0.28351056575775146,0.08531056344509125,0.08531056344509125,0.09774443527062734,0.11451923878624852,-0.013024278412259394,-0.023024760096730715
Static GCN,h64_k8,123,0.46459999680519104,0.28351056575775146,-0.18108943104743958,-0.18108943104743958,0.09774443527062734,0.11451923878624852,-0.013024278412259394,-0.023024760096730715
Static GCN,h64_k8,123,0.3901999890804291,0.29485517740249634,-0.09534481167793274,-0.09534481167793274,0.09774443527062734,0.11451923878624852,-0.013024278412259394,-0.023024760096730715
Static GCN,h64_k8,123,0.241799995303154,0.28351056575775146,0.04171057045459747,0.04171057045459747,0.09774443527062734,0.11451923878624852,-0.013024278412259394,-0.023024760096730715
Static GCN,h64_k8,123,0.32339999079704285,0.28351056575775146,-0.03988942503929138,-0.03988942503929138,0.09774443527062734,0.11451923878624852,-0.013024278412259394,-0.023024760096730715
Static GCN,h64_k8,123,0.23819999396800995,0.28351056575775146,0.045310571789741516,0.045310571789741516,0.09774443527062734,0.11451923878624852,-0.013024278412259394,-0.023024760096730715
Static GCN,h64_k8,123,0.4729999899864197,0.28351056575775146,-0.1894894242286682,-0.1894894242286682,0.09774443527062734,0.11451923878624852,-0.013024278412259394,-0.023024760096730715
Static GCN,h64_k8,123,0.4302000105381012,0.28351056575775146,-0.14668944478034973,-0.14668944478034973,0.09774443527062734,0.11451923878624852,-0.013024278412259394,-0.023024760096730715
Static GCN,h64_k8,123,0.35580000281333923,0.28351056575775146,-0.07228943705558777,-0.07228943705558777,0.09774443527062734,0.11451923878624852,-0.013024278412259394,-0.023024760096730715
Static GCN,h64_k8,123,0.43059998750686646,0.28351056575775146,-0.147089421749115,-0.147089421749115,0.09774443527062734,0.11451923878624852,-0.013024278412259394,-0.023024760096730715
Static GCN,h64_k8,123,0.2750000059604645,0.2926839590072632,0.017683953046798706,0.017683953046798706,0.09774443527062734,0.11451923878624852,-0.013024278412259394,-0.023024760096730715
Static GCN,h64_k8,123,0.41499999165534973,0.28351056575775146,-0.13148942589759827,-0.13148942589759827,0.09774443527062734,0.11451923878624852,-0.013024278412259394,-0.023024760096730715
Static GCN,h64_k8,123,0.3061999976634979,0.28351056575775146,-0.02268943190574646,-0.02268943190574646,0.09774443527062734,0.11451923878624852,-0.013024278412259394,-0.023024760096730715
Static GCN,h64_k8,123,0.22059999406337738,0.2885245084762573,0.06792451441287994,0.06792451441287994,0.09774443527062734,0.11451923878624852,-0.013024278412259394,-0.023024760096730715
Static GCN,h64_k8,123,0.4410000145435333,0.28351056575775146,-0.15748944878578186,-0.15748944878578186,0.09774443527062734,0.11451923878624852,-0.013024278412259394,-0.023024760096730715
Static GCN,h64_k8,123,0.34540000557899475,0.28351056575775146,-0.061889439821243286,-0.061889439821243286,0.09774443527062734,0.11451923878624852,-0.013024278412259394,-0.023024760096730715
Static GCN,h64_k8,123,0.19020000100135803,0.28351056575775146,0.09331056475639343,0.09331056475639343,0.09774443527062734,0.11451923878624852,-0.013024278412259394,-0.023024760096730715
Static GCN,h64_k8,123,0.20340000092983246,0.28351056575775146,0.080110564827919,0.080110564827919,0.09774443527062734,0.11451923878624852,-0.013024278412259394,-0.023024760096730715
Static GCN,h64_k8,123,0.2937999963760376,0.28351056575775146,-0.010289430618286133,-0.010289430618286133,0.09774443527062734,0.11451923878624852,-0.013024278412259394,-0.023024760096730715
Static GCN,h64_k8,123,0.2502000033855438,0.31605517864227295,0.06585517525672913,0.06585517525672913,0.09774443527062734,0.11451923878624852,-0.013024278412259394,-0.023024760096730715
Static GCN,h64_k8,123,0.2962000072002411,0.28351056575775146,-0.012689441442489624,-0.012689441442489624,0.09774443527062734,0.11451923878624852,-0.013024278412259394,-0.023024760096730715
Static GCN,h64_k8,123,0.3709999918937683,0.2946607172489166,-0.07633927464485168,-0.07633927464485168,0.09774443527062734,0.11451923878624852,-0.013024278412259394,-0.023024760096730715
Static GCN,h64_k8,123,0.17980000376701355,0.2933198809623718,0.11351987719535828,0.11351987719535828,0.09774443527062734,0.11451923878624852,-0.013024278412259394,-0.023024760096730715
EvolveGCN-H,h64_k12,123,0.11020000278949738,0.29828089475631714,0.18808089196681976,0.18808089196681976,0.09739923775196076,0.11582858454243179,-0.03632135387340352,-0.0987009674611756
EvolveGCN-H,h64_k12,123,0.2766000032424927,0.2672789990901947,-0.009321004152297974,-0.009321004152297974,0.09739923775196076,0.11582858454243179,-0.03632135387340352,-0.0987009674611756
EvolveGCN-H,h64_k12,123,0.4758000075817108,0.3019587993621826,-0.1738412082195282,-0.1738412082195282,0.09739923775196076,0.11582858454243179,-0.03632135387340352,-0.0987009674611756
EvolveGCN-H,h64_k12,123,0.17579999566078186,0.2964545488357544,0.12065455317497253,0.12065455317497253,0.09739923775196076,0.11582858454243179,-0.03632135387340352,-0.0987009674611756
EvolveGCN-H,h64_k12,123,0.4918000102043152,0.277118980884552,-0.21468102931976318,-0.21468102931976318,0.09739923775196076,0.11582858454243179,-0.03632135387340352,-0.0987009674611756
EvolveGCN-H,h64_k12,123,0.12020000070333481,0.3080612123012543,0.18786121159791946,0.18786121159791946,0.09739923775196076,0.11582858454243179,-0.03632135387340352,-0.0987009674611756
EvolveGCN-H,h64_k12,123,0.3601999878883362,0.29220256209373474,-0.06799742579460144,-0.06799742579460144,0.09739923775196076,0.11582858454243179,-0.03632135387340352,-0.0987009674611756
EvolveGCN-H,h64_k12,123,0.29820001125335693,0.2775893211364746,-0.020610690116882324,-0.020610690116882324,0.09739923775196076,0.11582858454243179,-0.03632135387340352,-0.0987009674611756
EvolveGCN-H,h64_k12,123,0.20739999413490295,0.3075009286403656,0.10010093450546265,0.10010093450546265,0.09739923775196076,0.11582858454243179,-0.03632135387340352,-0.0987009674611756
EvolveGCN-H,h64_k12,123,0.3529999852180481,0.28765586018562317,-0.06534412503242493,-0.06534412503242493,0.09739923775196076,0.11582858454243179,-0.03632135387340352,-0.0987009674611756
EvolveGCN-H,h64_k12,123,0.15060000121593475,0.29565829038619995,0.1450582891702652,0.1450582891702652,0.09739923775196076,0.11582858454243179,-0.03632135387340352,-0.0987009674611756
EvolveGCN-H,h64_k12,123,0.10859999805688858,0.2958076298236847,0.1872076317667961,0.1872076317667961,0.09739923775196076,0.11582858454243179,-0.03632135387340352,-0.0987009674611756
EvolveGCN-H,h64_k12,123,0.4625999927520752,0.2813178598880768,-0.1812821328639984,-0.1812821328639984,0.09739923775196076,0.11582858454243179,-0.03632135387340352,-0.0987009674611756
EvolveGCN-H,h64_k12,123,0.2754000127315521,0.2828294038772583,0.007429391145706177,0.007429391145706177,0.09739923775196076,0.11582858454243179,-0.03632135387340352,-0.0987009674611756
EvolveGCN-H,h64_k12,123,0.19419999420642853,0.30726248025894165,0.11306248605251312,0.11306248605251312,0.09739923775196076,0.11582858454243179,-0.03632135387340352,-0.0987009674611756
EvolveGCN-H,h64_k12,123,0.40779998898506165,0.29920899868011475,-0.1085909903049469,-0.1085909903049469,0.09739923775196076,0.11582858454243179,-0.03632135387340352,-0.0987009674611756
EvolveGCN-H,h64_k12,123,0.11940000206232071,0.2994391918182373,0.1800391897559166,0.1800391897559166,0.09739923775196076,0.11582858454243179,-0.03632135387340352,-0.0987009674611756
EvolveGCN-H,h64_k12,123,0.38499999046325684,0.2839730978012085,-0.10102689266204834,-0.10102689266204834,0.09739923775196076,0.11582858454243179,-0.03632135387340352,-0.0987009674611756
EvolveGCN-H,h64_k12,123,0.16699999570846558,0.29246583580970764,0.12546584010124207,0.12546584010124207,0.09739923775196076,0.11582858454243179,-0.03632135387340352,-0.0987009674611756
EvolveGCN-H,h64_k12,123,0.27619999647140503,0.31076791882514954,0.03456792235374451,0.03456792235374451,0.09739923775196076,0.11582858454243179,-0.03632135387340352,-0.0987009674611756
EvolveGCN-H,h64_k12,123,0.4578000009059906,0.29027724266052246,-0.16752275824546814,-0.16752275824546814,0.09739923775196076,0.11582858454243179,-0.03632135387340352,-0.0987009674611756
EvolveGCN-H,h64_k12,123,0.4941999912261963,0.28841495513916016,-0.20578503608703613,-0.20578503608703613,0.09739923775196076,0.11582858454243179,-0.03632135387340352,-0.0987009674611756
EvolveGCN-H,h64_k12,123,0.24379999935626984,0.27299636602401733,0.029196366667747498,0.029196366667747498,0.09739923775196076,0.11582858454243179,-0.03632135387340352,-0.0987009674611756
EvolveGCN-H,h64_k12,123,0.10700000077486038,0.3034893274307251,0.19648932665586472,0.19648932665586472,0.09739923775196076,0.11582858454243179,-0.03632135387340352,-0.0987009674611756
EvolveGCN-H,h64_k12,123,0.18979999423027039,0.2965858578681946,0.1067858636379242,0.1067858636379242,0.09739923775196076,0.11582858454243179,-0.03632135387340352,-0.0987009674611756
EvolveGCN-H,h64_k12,123,0.2978000044822693,0.29778239130973816,-1.761317253112793e-05,-1.761317253112793e-05,0.09739923775196076,0.11582858454243179,-0.03632135387340352,-0.0987009674611756
EvolveGCN-H,h64_k12,123,0.35339999198913574,0.29446813464164734,-0.0589318573474884,-0.0589318573474884,0.09739923775196076,0.11582858454243179,-0.03632135387340352,-0.0987009674611756
EvolveGCN-H,h64_k12,123,0.10899999737739563,0.2922016978263855,0.18320170044898987,0.18320170044898987,0.09739923775196076,0.11582858454243179,-0.03632135387340352,-0.0987009674611756
EvolveGCN-H,h64_k12,123,0.16019999980926514,0.2679396867752075,0.10773968696594238,0.10773968696594238,0.09739923775196076,0.11582858454243179,-0.03632135387340352,-0.0987009674611756
EvolveGCN-H,h64_k12,123,0.29019999504089355,0.29214051365852356,0.0019405186176300049,0.0019405186176300049,0.09739923775196076,0.11582858454243179,-0.03632135387340352,-0.0987009674611756
EvolveGCN-H,h64_k12,123,0.17739999294281006,0.2842576801776886,0.10685768723487854,0.10685768723487854,0.09739923775196076,0.11582858454243179,-0.03632135387340352,-0.0987009674611756
EvolveGCN-H,h64_k12,123,0.2101999968290329,0.30615001916885376,0.09595002233982086,0.09595002233982086,0.09739923775196076,0.11582858454243179,-0.03632135387340352,-0.0987009674611756
EvolveGCN-H,h64_k12,123,0.26339998841285706,0.2914486527442932,0.028048664331436157,0.028048664331436157,0.09739923775196076,0.11582858454243179,-0.03632135387340352,-0.0987009674611756
EvolveGCN-H,h64_k12,123,0.4189999997615814,0.2727372646331787,-0.1462627351284027,-0.1462627351284027,0.09739923775196076,0.11582858454243179,-0.03632135387340352,-0.0987009674611756
EvolveGCN-H,h64_k12,123,0.1738000065088272,0.29079580307006836,0.11699579656124115,0.11699579656124115,0.09739923775196076,0.11582858454243179,-0.03632135387340352,-0.0987009674611756
EvolveGCN-H,h64_k12,123,0.4138000011444092,0.27940359711647034,-0.13439640402793884,-0.13439640402793884,0.09739923775196076,0.11582858454243179,-0.03632135387340352,-0.0987009674611756
EvolveGCN-H,h64_k12,123,0.11500000208616257,0.30088210105895996,0.1858820989727974,0.1858820989727974,0.09739923775196076,0.11582858454243179,-0.03632135387340352,-0.0987009674611756
EvolveGCN-H,h64_k12,123,0.3693999946117401,0.31769299507141113,-0.05170699954032898,-0.05170699954032898,0.09739923775196076,0.11582858454243179,-0.03632135387340352,-0.0987009674611756
EvolveGCN-H,h64_k12,123,0.10419999808073044,0.305694043636322,0.20149404555559158,0.20149404555559158,0.09739923775196076,0.11582858454243179,-0.03632135387340352,-0.0987009674611756
EvolveGCN-H,h64_k12,123,0.23980000615119934,0.29121023416519165,0.05141022801399231,0.05141022801399231,0.09739923775196076,0.11582858454243179,-0.03632135387340352,-0.0987009674611756
EvolveGCN-H,h64_k12,123,0.272599995136261,0.27554720640182495,0.002947211265563965,0.002947211265563965,0.09739923775196076,0.11582858454243179,-0.03632135387340352,-0.0987009674611756
EvolveGCN-H,h64_k12,123,0.38420000672340393,0.2933131456375122,-0.09088686108589172,-0.09088686108589172,0.09739923775196076,0.11582858454243179,-0.03632135387340352,-0.0987009674611756
EvolveGCN-H,h64_k12,123,0.4569999873638153,0.27871838212013245,-0.17828160524368286,-0.17828160524368286,0.09739923775196076,0.11582858454243179,-0.03632135387340352,-0.0987009674611756
EvolveGCN-H,h64_k12,123,0.41620001196861267,0.284762442111969,-0.13143756985664368,-0.13143756985664368,0.09739923775196076,0.11582858454243179,-0.03632135387340352,-0.0987009674611756
EvolveGCN-H,h64_k12,123,0.2770000100135803,0.2851848304271698,0.008184820413589478,0.008184820413589478,0.09739923775196076,0.11582858454243179,-0.03632135387340352,-0.0987009674611756
EvolveGCN-H,h64_k12,123,0.3578000068664551,0.25477370619773865,-0.10302630066871643,-0.10302630066871643,0.09739923775196076,0.11582858454243179,-0.03632135387340352,-0.0987009674611756
EvolveGCN-H,h64_k12,123,0.4406000077724457,0.29203277826309204,-0.14856722950935364,-0.14856722950935364,0.09739923775196076,0.11582858454243179,-0.03632135387340352,-0.0987009674611756
EvolveGCN-H,h64_k12,123,0.3418000042438507,0.2914179563522339,-0.05038204789161682,-0.05038204789161682,0.09739923775196076,0.11582858454243179,-0.03632135387340352,-0.0987009674611756
EvolveGCN-H,h64_k12,123,0.1462000012397766,0.29242902994155884,0.14622902870178223,0.14622902870178223,0.09739923775196076,0.11582858454243179,-0.03632135387340352,-0.0987009674611756
EvolveGCN-H,h64_k12,123,0.3357999920845032,0.2712116241455078,-0.06458836793899536,-0.06458836793899536,0.09739923775196076,0.11582858454243179,-0.03632135387340352,-0.0987009674611756
EvolveGCN-H,h64_k12,123,0.41019999980926514,0.2953115701675415,-0.11488842964172363,-0.11488842964172363,0.09739923775196076,0.11582858454243179,-0.03632135387340352,-0.0987009674611756
EvolveGCN-H,h64_k12,123,0.24500000476837158,0.2858443260192871,0.04084432125091553,0.04084432125091553,0.09739923775196076,0.11582858454243179,-0.03632135387340352,-0.0987009674611756
EvolveGCN-H,h64_k12,123,0.19820000231266022,0.26208436489105225,0.06388436257839203,0.06388436257839203,0.09739923775196076,0.11582858454243179,-0.03632135387340352,-0.0987009674611756
EvolveGCN-H,h64_k12,123,0.46459999680519104,0.2925228476524353,-0.17207714915275574,-0.17207714915275574,0.09739923775196076,0.11582858454243179,-0.03632135387340352,-0.0987009674611756
EvolveGCN-H,h64_k12,123,0.3901999890804291,0.2835248112678528,-0.1066751778125763,-0.1066751778125763,0.09739923775196076,0.11582858454243179,-0.03632135387340352,-0.0987009674611756
EvolveGCN-H,h64_k12,123,0.241799995303154,0.29185888171195984,0.05005888640880585,0.05005888640880585,0.09739923775196076,0.11582858454243179,-0.03632135387340352,-0.0987009674611756
EvolveGCN-H,h64_k12,123,0.32339999079704285,0.2965259552001953,-0.026874035596847534,-0.026874035596847534,0.09739923775196076,0.11582858454243179,-0.03632135387340352,-0.0987009674611756
EvolveGCN-H,h64_k12,123,0.23819999396800995,0.29789358377456665,0.0596935898065567,0.0596935898065567,0.09739923775196076,0.11582858454243179,-0.03632135387340352,-0.0987009674611756
EvolveGCN-H,h64_k12,123,0.4729999899864197,0.3058757483959198,-0.16712424159049988,-0.16712424159049988,0.09739923775196076,0.11582858454243179,-0.03632135387340352,-0.0987009674611756
EvolveGCN-H,h64_k12,123,0.4302000105381012,0.27807319164276123,-0.15212681889533997,-0.15212681889533997,0.09739923775196076,0.11582858454243179,-0.03632135387340352,-0.0987009674611756
EvolveGCN-H,h64_k12,123,0.35580000281333923,0.2927117347717285,-0.06308826804161072,-0.06308826804161072,0.09739923775196076,0.11582858454243179,-0.03632135387340352,-0.0987009674611756
EvolveGCN-H,h64_k12,123,0.43059998750686646,0.2964218258857727,-0.13417816162109375,-0.13417816162109375,0.09739923775196076,0.11582858454243179,-0.03632135387340352,-0.0987009674611756
EvolveGCN-H,h64_k12,123,0.2750000059604645,0.27264973521232605,-0.0023502707481384277,-0.0023502707481384277,0.09739923775196076,0.11582858454243179,-0.03632135387340352,-0.0987009674611756
EvolveGCN-H,h64_k12,123,0.41499999165534973,0.29928848147392273,-0.115711510181427,-0.115711510181427,0.09739923775196076,0.11582858454243179,-0.03632135387340352,-0.0987009674611756
EvolveGCN-H,h64_k12,123,0.3061999976634979,0.2952684164047241,-0.010931581258773804,-0.010931581258773804,0.09739923775196076,0.11582858454243179,-0.03632135387340352,-0.0987009674611756
EvolveGCN-H,h64_k12,123,0.22059999406337738,0.2756690979003906,0.055069103837013245,0.055069103837013245,0.09739923775196076,0.11582858454243179,-0.03632135387340352,-0.0987009674611756
EvolveGCN-H,h64_k12,123,0.4410000145435333,0.2911539673805237,-0.14984604716300964,-0.14984604716300964,0.09739923775196076,0.11582858454243179,-0.03632135387340352,-0.0987009674611756
EvolveGCN-H,h64_k12,123,0.34540000557899475,0.3148937225341797,-0.030506283044815063,-0.030506283044815063,0.09739923775196076,0.11582858454243179,-0.03632135387340352,-0.0987009674611756
EvolveGCN-H,h64_k12,123,0.19020000100135803,0.2895664870738983,0.09936648607254028,0.09936648607254028,0.09739923775196076,0.11582858454243179,-0.03632135387340352,-0.0987009674611756
EvolveGCN-H,h64_k12,123,0.20340000092983246,0.266994446516037,0.06359444558620453,0.06359444558620453,0.09739923775196076,0.11582858454243179,-0.03632135387340352,-0.0987009674611756
EvolveGCN-H,h64_k12,123,0.2937999963760376,0.29772648215293884,0.003926485776901245,0.003926485776901245,0.09739923775196076,0.11582858454243179,-0.03632135387340352,-0.0987009674611756
EvolveGCN-H,h64_k12,123,0.2502000033855438,0.2751476764678955,0.024947673082351685,0.024947673082351685,0.09739923775196076,0.11582858454243179,-0.03632135387340352,-0.0987009674611756
EvolveGCN-H,h64_k12,123,0.2962000072002411,0.3022240996360779,0.006024092435836792,0.006024092435836792,0.09739923775196076,0.11582858454243179,-0.03632135387340352,-0.0987009674611756
EvolveGCN-H,h64_k12,123,0.3709999918937683,0.3255871832370758,-0.045412808656692505,-0.045412808656692505,0.09739923775196076,0.11582858454243179,-0.03632135387340352,-0.0987009674611756
EvolveGCN-H,h64_k12,123,0.17980000376701355,0.29217231273651123,0.11237230896949768,0.11237230896949768,0.09739923775196076,0.11582858454243179,-0.03632135387340352,-0.0987009674611756
Static GCN,h64_k12,123,0.11020000278949738,0.2982318103313446,0.18803180754184723,0.18803180754184723,0.09807179391384124,0.11407940443154262,-0.005257771278217138,-0.020073845113325158
Static GCN,h64_k12,123,0.2766000032424927,0.29191476106643677,0.015314757823944092,0.015314757823944092,0.09807179391384124,0.11407940443154262,-0.005257771278217138,-0.020073845113325158
Static GCN,h64_k12,123,0.4758000075817108,0.2952354848384857,-0.1805645227432251,-0.1805645227432251,0.09807179391384124,0.11407940443154262,-0.005257771278217138,-0.020073845113325158
Static GCN,h64_k12,123,0.17579999566078186,0.28939491510391235,0.1135949194431305,0.1135949194431305,0.09807179391384124,0.11407940443154262,-0.005257771278217138,-0.020073845113325158
Static GCN,h64_k12,123,0.4918000102043152,0.29611527919769287,-0.19568473100662231,-0.19568473100662231,0.09807179391384124,0.11407940443154262,-0.005257771278217138,-0.020073845113325158
Static GCN,h64_k12,123,0.12020000070333481,0.29537856578826904,0.17517856508493423,0.17517856508493423,0.09807179391384124,0.11407940443154262,-0.005257771278217138,-0.020073845113325158
Static GCN,h64_k12,123,0.3601999878883362,0.2877488136291504,-0.07245117425918579,-0.07245117425918579,0.09807179391384124,0.11407940443154262,-0.005257771278217138,-0.020073845113325158
Static GCN,h64_k12,123,0.29820001125335693,0.27021342515945435,-0.027986586093902588,-0.027986586093902588,0.09807179391384124,0.11407940443154262,-0.005257771278217138,-0.020073845113325158
Static GCN,h64_k12,123,0.20739999413490295,0.2917669415473938,0.08436694741249084,0.08436694741249084,0.09807179391384124,0.11407940443154262,-0.005257771278217138,-0.020073845113325158
Static GCN,h64_k12,123,0.3529999852180481,0.2911476492881775,-0.061852335929870605,-0.061852335929870605,0.09807179391384124,0.11407940443154262,-0.005257771278217138,-0.020073845113325158
Static GCN,h64_k12,123,0.15060000121593475,0.2812230587005615,0.13062305748462677,0.13062305748462677,0.09807179391384124,0.11407940443154262,-0.005257771278217138,-0.020073845113325158
Static GCN,h64_k12,123,0.10859999805688858,0.2924085259437561,0.18380852788686752,0.18380852788686752,0.09807179391384124,0.11407940443154262,-0.005257771278217138,-0.020073845113325158
Static GCN,h64_k12,123,0.4625999927520752,0.29168301820755005,-0.17091697454452515,-0.17091697454452515,0.09807179391384124,0.11407940443154262,-0.005257771278217138,-0.020073845113325158
Static GCN,h64_k12,123,0.2754000127315521,0.29301726818084717,0.017617255449295044,0.017617255449295044,0.09807179391384124,0.11407940443154262,-0.005257771278217138,-0.020073845113325158
Static GCN,h64_k12,123,0.19419999420642853,0.2982318103313446,0.10403181612491608,0.10403181612491608,0.09807179391384124,0.11407940443154262,-0.005257771278217138,-0.020073845113325158
Static GCN,h64_k12,123,0.40779998898506165,0.29223066568374634,-0.11556932330131531,-0.11556932330131531,0.09807179391384124,0.11407940443154262,-0.005257771278217138,-0.020073845113325158
Static GCN,h64_k12,123,0.11940000206232071,0.29206445813179016,0.17266445606946945,0.17266445606946945,0.09807179391384124,0.11407940443154262,-0.005257771278217138,-0.020073845113325158
Static GCN,h64_k12,123,0.38499999046325684,0.29338425397872925,-0.09161573648452759,-0.09161573648452759,0.09807179391384124,0.11407940443154262,-0.005257771278217138,-0.020073845113325158
Static GCN,h64_k12,123,0.16699999570846558,0.2982318103313446,0.13123181462287903,0.13123181462287903,0.09807179391384124,0.11407940443154262,-0.005257771278217138,-0.020073845113325158
Static GCN,h64_k12,123,0.27619999647140503,0.2982318103313446,0.022031813859939575,0.022031813859939575,0.09807179391384124,0.11407940443154262,-0.005257771278217138,-0.020073845113325158
Static GCN,h64_k12,123,0.4578000009059906,0.2982318103313446,-0.159568190574646,-0.159568190574646,0.09807179391384124,0.11407940443154262,-0.005257771278217138,-0.020073845113325158
Static GCN,h64_k12,123,0.4941999912261963,0.29794952273368835,-0.19625046849250793,-0.19625046849250793,0.09807179391384124,0.11407940443154262,-0.005257771278217138,-0.020073845113325158
Static GCN,h64_k12,123,0.24379999935626984,0.289794385433197,0.045994386076927185,0.045994386076927185,0.09807179391384124,0.11407940443154262,-0.005257771278217138,-0.020073845113325158
Static GCN,h64_k12,123,0.10700000077486038,0.2982318103313446,0.19123180955648422,0.19123180955648422,0.09807179391384124,0.11407940443154262,-0.005257771278217138,-0.020073845113325158
Static GCN,h64_k12,123,0.18979999423027039,0.2928144037723541,0.10301440954208374,0.10301440954208374,0.09807179391384124,0.11407940443154262,-0.005257771278217138,-0.020073845113325158
Static GCN,h64_k12,123,0.2978000044822693,0.2982318103313446,0.0004318058490753174,0.0004318058490753174,0.09807179391384124,0.11407940443154262,-0.005257771278217138,-0.020073845113325158
Static GCN,h64_k12,123,0.35339999198913574,0.2972496747970581,-0.05615031719207764,-0.05615031719207764,0.09807179391384124,0.11407940443154262,-0.005257771278217138,-0.020073845113325158
Static GCN,h64_k12,123,0.10899999737739563,0.288848340511322,0.1798483431339264,0.1798483431339264,0.09807179391384124,0.11407940443154262,-0.005257771278217138,-0.020073845113325158
Static GCN,h64_k12,123,0.16019999980926514,0.2982318103313446,0.13803181052207947,0.13803181052207947,0.09807179391384124,0.11407940443154262,-0.005257771278217138,-0.020073845113325158
Static GCN,h64_k12,123,0.29019999504089355,0.29116976261138916,0.0009697675704956055,0.0009697675704956055,0.09807179391384124,0.11407940443154262,-0.005257771278217138,-0.020073845113325158
Static GCN,h64_k12,123,0.17739999294281006,0.29467886686325073,0.11727887392044067,0.11727887392044067,0.09807179391384124,0.11407940443154262,-0.005257771278217138,-0.020073845113325158
Static GCN,h64_k12,123,0.2101999968290329,0.2982318103313446,0.0880318135023117,0.0880318135023117,0.09807179391384124,0.11407940443154262,-0.005257771278217138,-0.020073845113325158
Static GCN,h64_k12,123,0.26339998841285706,0.29464608430862427,0.031246095895767212,0.031246095895767212,0.09807179391384124,0.11407940443154262,-0.005257771278217138,-0.020073845113325158
Static GCN,h64_k12,123,0.4189999997615814,0.2982318103313446,-0.12076818943023682,-0.12076818943023682,0.09807179391384124,0.11407940443154262,-0.005257771278217138,-0.020073845113325158
Static GCN,h64_k12,123,0.1738000065088272,0.29399532079696655,0.12019531428813934,0.12019531428813934,0.09807179391384124,0.11407940443154262,-0.005257771278217138,-0.020073845113325158
Static GCN,h64_k12,123,0.4138000011444092,0.28576910495758057,-0.1280308961868286,-0.1280308961868286,0.09807179391384124,0.11407940443154262,-0.005257771278217138,-0.020073845113325158
Static GCN,h64_k12,123,0.11500000208616257,0.28888988494873047,0.1738898828625679,0.1738898828625679,0.09807179391384124,0.11407940443154262,-0.005257771278217138,-0.020073845113325158
Static GCN,h64_k12,123,0.3693999946117401,0.2982318103313446,-0.07116818428039551,-0.07116818428039551,0.09807179391384124,0.11407940443154262,-0.005257771278217138,-0.020073845113325158
Static GCN,h64_k12,123,0.10419999808073044,0.2965973913669586,0.19239739328622818,0.19239739328622818,0.09807179391384124,0.11407940443154262,-0.005257771278217138,-0.020073845113325158
Static GCN,h64_k12,123,0.23980000615119934,0.29579174518585205,0.05599173903465271,0.05599173903465271,0.09807179391384124,0.11407940443154262,-0.005257771278217138,-0.020073845113325158
Static GCN,h64_k12,123,0.272599995136261,0.276252806186676,0.003652811050415039,0.003652811050415039,0.09807179391384124,0.11407940443154262,-0.005257771278217138,-0.020073845113325158
Static GCN,h64_k12,123,0.38420000672340393,0.27559715509414673,-0.1086028516292572,-0.1086028516292572,0.09807179391384124,0.11407940443154262,-0.005257771278217138,-0.020073845113325158
Static GCN,h64_k12,123,0.4569999873638153,0.29561054706573486,-0.16138944029808044,-0.16138944029808044,0.09807179391384124,0.11407940443154262,-0.005257771278217138,-0.020073845113325158
Static GCN,h64_k12,123,0.41620001196861267,0.2885543704032898,-0.12764564156532288,-0.12764564156532288,0.09807179391384124,0.11407940443154262,-0.005257771278217138,-0.020073845113325158
Static GCN,h64_k12,123,0.2770000100135803,0.29429394006729126,0.017293930053710938,0.017293930053710938,0.09807179391384124,0.11407940443154262,-0.005257771278217138,-0.020073845113325158
Static GCN,h64_k12,123,0.3578000068664551,0.2680623531341553,-0.0897376537322998,-0.0897376537322998,0.09807179391384124,0.11407940443154262,-0.005257771278217138,-0.020073845113325158
Static GCN,h64_k12,123,0.4406000077724457,0.2982318103313446,-0.14236819744110107,-0.14236819744110107,0.09807179391384124,0.11407940443154262,-0.005257771278217138,-0.020073845113325158
Static GCN,h64_k12,123,0.3418000042438507,0.29486143589019775,-0.046938568353652954,-0.046938568353652954,0.09807179391384124,0.11407940443154262,-0.005257771278217138,-0.020073845113325158
Static GCN,h64_k12,123,0.1462000012397766,0.29574108123779297,0.14954107999801636,0.14954107999801636,0.09807179391384124,0.11407940443154262,-0.005257771278217138,-0.020073845113325158
Static GCN,h64_k12,123,0.3357999920845032,0.2936995327472687,-0.0421004593372345,-0.0421004593372345,0.09807179391384124,0.11407940443154262,-0.005257771278217138,-0.020073845113325158
Static GCN,h64_k12,123,0.41019999980926514,0.28445112705230713,-0.125748872756958,-0.125748872756958,0.09807179391384124,0.11407940443154262,-0.005257771278217138,-0.020073845113325158
Static GCN,h64_k12,123,0.24500000476837158,0.2931225895881653,0.0481225848197937,0.0481225848197937,0.09807179391384124,0.11407940443154262,-0.005257771278217138,-0.020073845113325158
Static GCN,h64_k12,123,0.19820000231266022,0.29432350397109985,0.09612350165843964,0.09612350165843964,0.09807179391384124,0.11407940443154262,-0.005257771278217138,-0.020073845113325158
Static GCN,h64_k12,123,0.46459999680519104,0.29702451825141907,-0.16757547855377197,-0.16757547855377197,0.09807179391384124,0.11407940443154262,-0.005257771278217138,-0.020073845113325158
Static GCN,h64_k12,123,0.3901999890804291,0.2982318103313446,-0.09196817874908447,-0.09196817874908447,0.09807179391384124,0.11407940443154262,-0.005257771278217138,-0.020073845113325158
Static GCN,h64_k12,123,0.241799995303154,0.2976416349411011,0.05584163963794708,0.05584163963794708,0.09807179391384124,0.11407940443154262,-0.005257771278217138,-0.020073845113325158
Static GCN,h64_k12,123,0.32339999079704285,0.29619723558425903,-0.027202755212783813,-0.027202755212783813,0.09807179391384124,0.11407940443154262,-0.005257771278217138,-0.020073845113325158
Static GCN,h64_k12,123,0.23819999396800995,0.29168587923049927,0.05348588526248932,0.05348588526248932,0.09807179391384124,0.11407940443154262,-0.005257771278217138,-0.020073845113325158
Static GCN,h64_k12,123,0.4729999899864197,0.29423946142196655,-0.17876052856445312,-0.17876052856445312,0.09807179391384124,0.11407940443154262,-0.005257771278217138,-0.020073845113325158
Static GCN,h64_k12,123,0.4302000105381012,0.2972673773765564,-0.1329326331615448,-0.1329326331615448,0.09807179391384124,0.11407940443154262,-0.005257771278217138,-0.020073845113325158
Static GCN,h64_k12,123,0.35580000281333923,0.28415054082870483,-0.0716494619846344,-0.0716494619846344,0.09807179391384124,0.11407940443154262,-0.005257771278217138,-0.020073845113325158
Static GCN,h64_k12,123,0.43059998750686646,0.29461127519607544,-0.13598871231079102,-0.13598871231079102,0.09807179391384124,0.11407940443154262,-0.005257771278217138,-0.020073845113325158
Static GCN,h64_k12,123,0.2750000059604645,0.29021698236465454,0.015216976404190063,0.015216976404190063,0.09807179391384124,0.11407940443154262,-0.005257771278217138,-0.020073845113325158
Static GCN,h64_k12,123,0.41499999165534973,0.2982318103313446,-0.11676818132400513,-0.11676818132400513,0.09807179391384124,0.11407940443154262,-0.005257771278217138,-0.020073845113325158
Static GCN,h64_k12,123,0.3061999976634979,0.29739463329315186,-0.00880536437034607,-0.00880536437034607,0.09807179391384124,0.11407940443154262,-0.005257771278217138,-0.020073845113325158
Static GCN,h64_k12,123,0.22059999406337738,0.2982318103313446,0.07763181626796722,0.07763181626796722,0.09807179391384124,0.11407940443154262,-0.005257771278217138,-0.020073845113325158
Static GCN,h64_k12,123,0.4410000145435333,0.29750996828079224,-0.1434900462627411,-0.1434900462627411,0.09807179391384124,0.11407940443154262,-0.005257771278217138,-0.020073845113325158
Static GCN,h64_k12,123,0.34540000557899475,0.2964794635772705,-0.04892054200172424,-0.04892054200172424,0.09807179391384124,0.11407940443154262,-0.005257771278217138,-0.020073845113325158
Static GCN,h64_k12,123,0.19020000100135803,0.2933560609817505,0.10315605998039246,0.10315605998039246,0.09807179391384124,0.11407940443154262,-0.005257771278217138,-0.020073845113325158
Static GCN,h64_k12,123,0.20340000092983246,0.2982318103313446,0.09483180940151215,0.09483180940151215,0.09807179391384124,0.11407940443154262,-0.005257771278217138,-0.020073845113325158
Static GCN,h64_k12,123,0.2937999963760376,0.2977942228317261,0.0039942264556884766,0.0039942264556884766,0.09807179391384124,0.11407940443154262,-0.005257771278217138,-0.020073845113325158
Static GCN,h64_k12,123,0.2502000033855438,0.29714447259902954,0.04694446921348572,0.04694446921348572,0.09807179391384124,0.11407940443154262,-0.005257771278217138,-0.020073845113325158
Static GCN,h64_k12,123,0.2962000072002411,0.2936728000640869,-0.002527207136154175,-0.002527207136154175,0.09807179391384124,0.11407940443154262,-0.005257771278217138,-0.020073845113325158
Static GCN,h64_k12,123,0.3709999918937683,0.2966316342353821,-0.07436835765838623,-0.07436835765838623,0.09807179391384124,0.11407940443154262,-0.005257771278217138,-0.020073845113325158
Static GCN,h64_k12,123,0.17980000376701355,0.2982318103313446,0.11843180656433105,0.11843180656433105,0.09807179391384124,0.11407940443154262,-0.005257771278217138,-0.020073845113325158
