artifact_path,artifact_type,likely_experiment_family,referenced_experiments,referenced_datasets,appears_current,appears_stale,mapping_confidence,notes
notebooks/validation/01_raw_dataset_integrity_validation.ipynb,notebook,raw_data_validation,,,unknown,false,medium,
notebooks/visualization/01_graph_sanity_checks.ipynb,notebook,graph_validation,,,unknown,false,medium,
notebooks/visualization/02_graph_models_20u_to_200u_scaling_results.ipynb,notebook,universe_scaling,evolvegcn_h_100u_seed123;evolvegcn_h_100u_seed123_final32;evolvegcn_h_100u_seed2025;evolvegcn_h_100u_seed42;evolvegcn_h_200u_seed123;evolvegcn_h_200u_seed123_final32;evolvegcn_h_200u_seed2025;evolvegcn_h_200u_seed2025_final32;evolvegcn_h_200u_seed42;evolvegcn_h_200u_seed42_final32;evolvegcn_h_20u_seed123;evolvegcn_h_20u_seed123_final32;evolvegcn_h_20u_seed2025;evolvegcn_h_20u_seed42;evolvegcn_h_50u_seed123;evolvegcn_h_50u_seed123_final32;evolvegcn_h_50u_seed2025;evolvegcn_h_50u_seed42;mean_baseline_100u_seed123;mean_baseline_100u_seed2025;mean_baseline_100u_seed42;mean_baseline_200u_seed123;mean_baseline_200u_seed2025;mean_baseline_200u_seed42;mean_baseline_20u_seed123;mean_baseline_20u_seed2025;mean_baseline_20u_seed42;mean_baseline_50u_seed123;mean_baseline_50u_seed2025;mean_baseline_50u_seed42;static_gcn_100u_seed123;static_gcn_100u_seed123_final32;static_gcn_100u_seed2025;static_gcn_100u_seed42;static_gcn_200u_seed123;static_gcn_200u_seed123_final32;static_gcn_200u_seed2025;static_gcn_200u_seed2025_final32;static_gcn_200u_seed42;static_gcn_200u_seed42_final32;static_gcn_20u_seed123;static_gcn_20u_seed123_final32;static_gcn_20u_seed2025;static_gcn_20u_seed42;static_gcn_50u_seed123;static_gcn_50u_seed123_final32;static_gcn_50u_seed2025;static_gcn_50u_seed42,,unknown,false,medium,
notebooks/visualization/03_graph_models_20u_to_500u_clean_results.ipynb,notebook,universe_scaling,evolvegcn_h_100u_seed123;evolvegcn_h_100u_seed123_final32;evolvegcn_h_100u_seed2025;evolvegcn_h_100u_seed42;evolvegcn_h_200u_seed123;evolvegcn_h_200u_seed123_final32;evolvegcn_h_200u_seed2025;evolvegcn_h_200u_seed2025_final32;evolvegcn_h_200u_seed42;evolvegcn_h_200u_seed42_final32;evolvegcn_h_20u_seed123;evolvegcn_h_20u_seed123_final32;evolvegcn_h_20u_seed2025;evolvegcn_h_20u_seed42;evolvegcn_h_500u_seed123_final32;evolvegcn_h_500u_seed2025_final32;evolvegcn_h_500u_seed42_final32;evolvegcn_h_50u_seed123;evolvegcn_h_50u_seed123_final32;evolvegcn_h_50u_seed2025;evolvegcn_h_50u_seed42;static_gcn_100u_seed123;static_gcn_100u_seed123_final32;static_gcn_100u_seed2025;static_gcn_100u_seed42;static_gcn_200u_seed123;static_gcn_200u_seed123_final32;static_gcn_200u_seed2025;static_gcn_200u_seed2025_final32;static_gcn_200u_seed42;static_gcn_200u_seed42_final32;static_gcn_20u_seed123;static_gcn_20u_seed123_final32;static_gcn_20u_seed2025;static_gcn_20u_seed42;static_gcn_500u_seed123_final32;static_gcn_500u_seed2025_final32;static_gcn_500u_seed42_final32;static_gcn_50u_seed123;static_gcn_50u_seed123_final32;static_gcn_50u_seed2025;static_gcn_50u_seed42,,unknown,false,medium,
notebooks/visualization/04_knn_ablation_500u_h64_results.ipynb,notebook,knn_ablation,evolvegcn_h_500u_k12_seed123;evolvegcn_h_500u_k12_seed2025;evolvegcn_h_500u_k12_seed42;evolvegcn_h_500u_k4_seed123;evolvegcn_h_500u_k4_seed2025;evolvegcn_h_500u_k4_seed42;evolvegcn_h_500u_k6_seed123;evolvegcn_h_500u_k6_seed2025;evolvegcn_h_500u_k6_seed42;evolvegcn_h_500u_k8_h64_seed123;evolvegcn_h_500u_k8_h64_seed2025;evolvegcn_h_500u_k8_h64_seed42;static_gcn_500u_k12_seed123;static_gcn_500u_k12_seed2025;static_gcn_500u_k12_seed42;static_gcn_500u_k4_seed123;static_gcn_500u_k4_seed2025;static_gcn_500u_k4_seed42;static_gcn_500u_k6_seed123;static_gcn_500u_k6_seed2025;static_gcn_500u_k6_seed42;static_gcn_500u_k8_h64_seed123;static_gcn_500u_k8_h64_seed2025;static_gcn_500u_k8_h64_seed42,,unknown,false,medium,
notebooks/visualization/05_evolvegcn_h_diagnostic_investigation.ipynb,notebook,prediction_collapse_diagnostic,evolvegcn_h_500u_top500_h32_seed42,,unknown,false,medium,
notebooks/visualization/06_normalization_ablation_top500.ipynb,notebook,normalization_ablation,,,unknown,false,medium,
notebooks/visualization/07_evolvegcn_500u_top500_vs_750u_top1000_results.ipynb,notebook,top_n_scaling,,,unknown,false,medium,
notebooks/visualization/08_evolvegcn_750u_top1000_head_ablation_results.ipynb,notebook,head_ablation,,,unknown,false,medium,
notebooks/visualization/09_evolvegcn_750u_top1000_mean_vs_meanmax_pooling_results.ipynb,notebook,graph_pooling_ablation,,,unknown,false,medium,
notebooks/visualization/10_final_experiment_report.ipynb,notebook,other,,,unknown,false,low,
notebooks/visualization/11_u1000_top1000_training_universe_scaling.ipynb,notebook,other,,,unknown,false,low,
notebooks/visualization/12_u1000_topn_halo_scaling_analysis.ipynb,notebook,other,,,unknown,false,low,
notebooks/visualization/13_u1000_representation_model_comparison.ipynb,notebook,other,,,unknown,false,low,
notebooks/visualization/14_u1000_temporal_context_and_pooling_analysis.ipynb,notebook,other,,,unknown,false,low,
notebooks/visualization/15_u1000_static_graph_representation_and_architecture_study.ipynb,notebook,other,,,unknown,false,low,
notebooks/visualization/16_u1000_temporal_architecture_study.ipynb,notebook,other,,,unknown,false,low,
notebooks/visualization/outputs/11_u1000_top1000_training_universe_scaling/train100_true_vs_predicted_target_zoom.png,notebook,other,,,unknown,false,low,
notebooks/visualization/outputs/11_u1000_top1000_training_universe_scaling/train200_true_vs_predicted_target_zoom.png,notebook,other,,,unknown,false,low,
notebooks/visualization/outputs/11_u1000_top1000_training_universe_scaling/train20_true_vs_predicted_target_zoom.png,notebook,other,,,unknown,false,low,
notebooks/visualization/outputs/11_u1000_top1000_training_universe_scaling/train450_true_vs_predicted_target_zoom.png,notebook,other,,,unknown,false,low,
notebooks/visualization/outputs/11_u1000_top1000_training_universe_scaling/train50_true_vs_predicted_target_zoom.png,notebook,other,,,unknown,false,low,
notebooks/visualization/outputs/11_u1000_top1000_training_universe_scaling/train700_true_vs_predicted_target_zoom.png,notebook,other,,,unknown,false,low,
notebooks/visualization/outputs/12_u1000_topn_halo_scaling_analysis/fig01_test_mae_vs_topn.png,notebook,other,,,unknown,false,low,
notebooks/visualization/outputs/12_u1000_topn_halo_scaling_analysis/fig02_parity_seed42.png,notebook,other,,,unknown,false,low,
notebooks/visualization/outputs/12_u1000_topn_halo_scaling_analysis/fig02b_parity_seed123.png,notebook,other,,,unknown,false,low,
notebooks/visualization/outputs/12_u1000_topn_halo_scaling_analysis/fig02c_parity_seed2025.png,notebook,other,,,unknown,false,low,
notebooks/visualization/outputs/12_u1000_topn_halo_scaling_analysis/fig03_residual_vs_truth_seed42.png,notebook,other,,,unknown,false,low,
notebooks/visualization/outputs/12_u1000_topn_halo_scaling_analysis/fig04_prediction_spread_ratio_vs_topn.png,notebook,other,,,unknown,false,low,
notebooks/visualization/outputs/12_u1000_topn_halo_scaling_analysis/table01_experiment_integrity.csv,notebook,other,,,unknown,false,low,
notebooks/visualization/outputs/12_u1000_topn_halo_scaling_analysis/table02_main_performance.csv,notebook,other,,,unknown,false,low,
notebooks/visualization/outputs/12_u1000_topn_halo_scaling_analysis/table03_marginal_scaling_gains.csv,notebook,other,,,unknown,false,low,
notebooks/visualization/outputs/12_u1000_topn_halo_scaling_analysis/table04_prediction_collapse_per_seed.csv,notebook,other,,,unknown,false,low,
notebooks/visualization/outputs/12_u1000_topn_halo_scaling_analysis/table05_prediction_collapse_summary.csv,notebook,other,,,unknown,false,low,
notebooks/visualization/outputs/12_u1000_topn_halo_scaling_analysis/table06_top1500_vs_top2000.csv,notebook,other,,,unknown,false,low,
notebooks/visualization/outputs/12_u1000_topn_halo_scaling_analysis/table07_generalization.csv,notebook,other,,,unknown,false,low,
notebooks/visualization/outputs/12_u1000_topn_halo_scaling_analysis/table08_run_provenance.csv,notebook,other,evolvegcn_h_u1000_top1000_sparse_train700_seed123_none_h32_l2_mean_temporal_mean_linear;evolvegcn_h_u1000_top1000_sparse_train700_seed2025_none_h32_l2_mean_temporal_mean_linear;evolvegcn_h_u1000_top1000_sparse_train700_seed42_none_h32_l2_mean_temporal_mean_linear;evolvegcn_h_u1000_top1500_sparse_train700_seed123_none_h32_l2_mean_temporal_mean_linear;evolvegcn_h_u1000_top1500_sparse_train700_seed2025_none_h32_l2_mean_temporal_mean_linear;evolvegcn_h_u1000_top1500_sparse_train700_seed42_none_h32_l2_mean_temporal_mean_linear;evolvegcn_h_u1000_top2000_sparse_train700_seed123_none_h32_l2_mean_temporal_mean_linear;evolvegcn_h_u1000_top2000_sparse_train700_seed2025_none_h32_l2_mean_temporal_mean_linear;evolvegcn_h_u1000_top2000_sparse_train700_seed42_none_h32_l2_mean_temporal_mean_linear;evolvegcn_h_u1000_top500_sparse_train700_seed123_none_h32_l2_mean_temporal_mean_linear;evolvegcn_h_u1000_top500_sparse_train700_seed2025_none_h32_l2_mean_temporal_mean_linear;evolvegcn_h_u1000_top500_sparse_train700_seed42_none_h32_l2_mean_temporal_mean_linear;evolvegcn_h_u1000_top750_sparse_train700_seed123_none_h32_l2_mean_temporal_mean_linear;evolvegcn_h_u1000_top750_sparse_train700_seed2025_none_h32_l2_mean_temporal_mean_linear;evolvegcn_h_u1000_top750_sparse_train700_seed42_none_h32_l2_mean_temporal_mean_linear;static_gcn_u1000_top1000_sparse_train700_seed123_none_h32_l3_mean_mlp_final;static_gcn_u1000_top1000_sparse_train700_seed2025_none_h32_l3_mean_mlp_final;static_gcn_u1000_top1000_sparse_train700_seed42_none_h32_l3_mean_mlp_final;static_gcn_u1000_top1500_sparse_train700_seed123_none_h32_l3_mean_mlp_final;static_gcn_u1000_top1500_sparse_train700_seed2025_none_h32_l3_mean_mlp_final;static_gcn_u1000_top1500_sparse_train700_seed42_none_h32_l3_mean_mlp_final;static_gcn_u1000_top2000_sparse_train700_seed123_none_h32_l3_mean_mlp_final;static_gcn_u1000_top2000_sparse_train700_seed2025_none_h32_l3_mean_mlp_final;static_gcn_u1000_top2000_sparse_train700_seed42_none_h32_l3_mean_mlp_final;static_gcn_u1000_top500_sparse_train700_seed123_none_h32_l3_mean_mlp_final;static_gcn_u1000_top500_sparse_train700_seed2025_none_h32_l3_mean_mlp_final;static_gcn_u1000_top500_sparse_train700_seed42_none_h32_l3_mean_mlp_final;static_gcn_u1000_top750_sparse_train700_seed123_none_h32_l3_mean_mlp_final;static_gcn_u1000_top750_sparse_train700_seed2025_none_h32_l3_mean_mlp_final;static_gcn_u1000_top750_sparse_train700_seed42_none_h32_l3_mean_mlp_final,,unknown,false,low,
notebooks/visualization/outputs/13_u1000_representation_model_comparison/fig01_test_mae_vs_topn.png,notebook,other,,,unknown,false,low,
notebooks/visualization/outputs/13_u1000_representation_model_comparison/fig02_engineered_summary_models.png,notebook,other,,,unknown,false,low,
notebooks/visualization/outputs/13_u1000_representation_model_comparison/fig03_deepsets_vs_static_paired.png,notebook,other,,,unknown,false,low,
notebooks/visualization/outputs/13_u1000_representation_model_comparison/fig04a_parity_top500_seed42.png,notebook,other,,,unknown,false,low,
notebooks/visualization/outputs/13_u1000_representation_model_comparison/fig04b_parity_top1000_seed42.png,notebook,other,,,unknown,false,low,
notebooks/visualization/outputs/13_u1000_representation_model_comparison/fig04c_parity_top1500_seed42.png,notebook,other,,,unknown,false,low,
notebooks/visualization/outputs/13_u1000_representation_model_comparison/fig04d_parity_top2000_seed42.png,notebook,other,,,unknown,false,low,
notebooks/visualization/outputs/13_u1000_representation_model_comparison/fig04e_parity_top2000_seed123.png,notebook,other,,,unknown,false,low,
notebooks/visualization/outputs/13_u1000_representation_model_comparison/fig04f_parity_top2000_seed2025.png,notebook,other,,,unknown,false,low,
notebooks/visualization/outputs/13_u1000_representation_model_comparison/fig05_prediction_slope_vs_topn.png,notebook,other,,,unknown,false,low,
notebooks/visualization/outputs/13_u1000_representation_model_comparison/fig06_prediction_spread_ratio_vs_topn.png,notebook,other,,,unknown,false,low,
notebooks/visualization/outputs/13_u1000_representation_model_comparison/fig07_residual_vs_truth_top2000_seed42.png,notebook,other,,,unknown,false,low,
notebooks/visualization/outputs/13_u1000_representation_model_comparison/fig08_generalization.png,notebook,other,,,unknown,false,low,
notebooks/visualization/outputs/13_u1000_representation_model_comparison/table01_information_budget.csv,notebook,other,,,unknown,false,low,
notebooks/visualization/outputs/13_u1000_representation_model_comparison/table02_main_performance.csv,notebook,other,,,unknown,false,low,
notebooks/visualization/outputs/13_u1000_representation_model_comparison/table03_per_seed_performance.csv,notebook,other,,,unknown,false,low,
notebooks/visualization/outputs/13_u1000_representation_model_comparison/table04_representation_hierarchy.csv,notebook,other,,,unknown,false,low,
notebooks/visualization/outputs/13_u1000_representation_model_comparison/table05_deepsets_vs_static.csv,notebook,other,,,unknown,false,low,
notebooks/visualization/outputs/13_u1000_representation_model_comparison/table06_prediction_compression.csv,notebook,other,,,unknown,false,low,
notebooks/visualization/outputs/13_u1000_representation_model_comparison/table07_generalization.csv,notebook,other,,,unknown,false,low,
notebooks/visualization/outputs/13_u1000_representation_model_comparison/table08_topn_marginal_gains.csv,notebook,other,,,unknown,false,low,
notebooks/visualization/outputs/13_u1000_representation_model_comparison/table09_scientific_questions.csv,notebook,other,,,unknown,false,low,
notebooks/visualization/outputs/13_u1000_representation_model_comparison/table10_run_provenance.csv,notebook,other,deepsets_u1000_top1000_raw7_final_train700_seed123_none_h32_phi3_mean_statichead;deepsets_u1000_top1000_raw7_final_train700_seed2025_none_h32_phi3_mean_statichead;deepsets_u1000_top1000_raw7_final_train700_seed42_none_h32_phi3_mean_statichead;deepsets_u1000_top1500_raw7_final_train700_seed123_none_h32_phi3_mean_statichead;deepsets_u1000_top1500_raw7_final_train700_seed2025_none_h32_phi3_mean_statichead;deepsets_u1000_top1500_raw7_final_train700_seed42_none_h32_phi3_mean_statichead;deepsets_u1000_top2000_raw7_final_train700_seed123_none_h32_phi3_mean_statichead;deepsets_u1000_top2000_raw7_final_train700_seed2025_none_h32_phi3_mean_statichead;deepsets_u1000_top2000_raw7_final_train700_seed42_none_h32_phi3_mean_statichead;deepsets_u1000_top500_raw7_final_train700_seed123_none_h32_phi3_mean_statichead;deepsets_u1000_top500_raw7_final_train700_seed2025_none_h32_phi3_mean_statichead;deepsets_u1000_top500_raw7_final_train700_seed42_none_h32_phi3_mean_statichead;evolvegcn_h_u1000_top1000_sparse_train700_seed123_none_h32_l2_mean_temporal_mean_linear;evolvegcn_h_u1000_top1000_sparse_train700_seed2025_none_h32_l2_mean_temporal_mean_linear;evolvegcn_h_u1000_top1000_sparse_train700_seed42_none_h32_l2_mean_temporal_mean_linear;evolvegcn_h_u1000_top1500_sparse_train700_seed123_none_h32_l2_mean_temporal_mean_linear;evolvegcn_h_u1000_top1500_sparse_train700_seed2025_none_h32_l2_mean_temporal_mean_linear;evolvegcn_h_u1000_top1500_sparse_train700_seed42_none_h32_l2_mean_temporal_mean_linear;evolvegcn_h_u1000_top2000_sparse_train700_seed123_none_h32_l2_mean_temporal_mean_linear;evolvegcn_h_u1000_top2000_sparse_train700_seed2025_none_h32_l2_mean_temporal_mean_linear;evolvegcn_h_u1000_top2000_sparse_train700_seed42_none_h32_l2_mean_temporal_mean_linear;evolvegcn_h_u1000_top500_sparse_train700_seed123_none_h32_l2_mean_temporal_mean_linear;evolvegcn_h_u1000_top500_sparse_train700_seed2025_none_h32_l2_mean_temporal_mean_linear;evolvegcn_h_u1000_top500_sparse_train700_seed42_none_h32_l2_mean_temporal_mean_linear;gradient_boosting_u1000_top1000_summary20_final_train700_seed123_none_t300_lr0p03_d3;gradient_boosting_u1000_top1000_summary20_final_train700_seed2025_none_t300_lr0p03_d3;gradient_boosting_u1000_top1000_summary20_final_train700_seed42_none_t300_lr0p03_d3;gradient_boosting_u1000_top1500_summary20_final_train700_seed123_none_t300_lr0p03_d3;gradient_boosting_u1000_top1500_summary20_final_train700_seed2025_none_t300_lr0p03_d3;gradient_boosting_u1000_top1500_summary20_final_train700_seed42_none_t300_lr0p03_d3;gradient_boosting_u1000_top2000_summary20_final_train700_seed123_none_t300_lr0p03_d3;gradient_boosting_u1000_top2000_summary20_final_train700_seed2025_none_t300_lr0p03_d3;gradient_boosting_u1000_top2000_summary20_final_train700_seed42_none_t300_lr0p03_d3;gradient_boosting_u1000_top500_summary20_final_train700_seed123_none_t300_lr0p03_d3;gradient_boosting_u1000_top500_summary20_final_train700_seed2025_none_t300_lr0p03_d3;gradient_boosting_u1000_top500_summary20_final_train700_seed42_none_t300_lr0p03_d3;mean_baseline_u1000_train700_seed123_targetmean;mean_baseline_u1000_train700_seed2025_targetmean;mean_baseline_u1000_train700_seed42_targetmean;random_forest_u1000_top1000_summary20_final_train700_seed123_none_t300_leaf2;random_forest_u1000_top1000_summary20_final_train700_seed2025_none_t300_leaf2;random_forest_u1000_top1000_summary20_final_train700_seed42_none_t300_leaf2;random_forest_u1000_top1500_summary20_final_train700_seed123_none_t300_leaf2;random_forest_u1000_top1500_summary20_final_train700_seed2025_none_t300_leaf2;random_forest_u1000_top1500_summary20_final_train700_seed42_none_t300_leaf2;random_forest_u1000_top2000_summary20_final_train700_seed123_none_t300_leaf2;random_forest_u1000_top2000_summary20_final_train700_seed2025_none_t300_leaf2;random_forest_u1000_top2000_summary20_final_train700_seed42_none_t300_leaf2;random_forest_u1000_top500_summary20_final_train700_seed123_none_t300_leaf2;random_forest_u1000_top500_summary20_final_train700_seed2025_none_t300_leaf2,,unknown,false,low,
notebooks/visualization/outputs/14_u1000_temporal_context_and_pooling_analysis/fig01_temporal_mae_vs_t.png,notebook,other,,,unknown,false,low,
notebooks/visualization/outputs/14_u1000_temporal_context_and_pooling_analysis/fig02_marginal_temporal_mae.png,notebook,other,,,unknown,false,low,
notebooks/visualization/outputs/14_u1000_temporal_context_and_pooling_analysis/fig03_parity_seed42_t1_t5.png,notebook,other,,,unknown,false,low,
notebooks/visualization/outputs/14_u1000_temporal_context_and_pooling_analysis/fig04_prediction_slope_vs_t.png,notebook,other,,,unknown,false,low,
notebooks/visualization/outputs/14_u1000_temporal_context_and_pooling_analysis/fig05_spread_ratio_vs_t.png,notebook,other,,,unknown,false,low,
notebooks/visualization/outputs/14_u1000_temporal_context_and_pooling_analysis/fig06_pooling_mae_comparison.png,notebook,other,,,unknown,false,low,
notebooks/visualization/outputs/14_u1000_temporal_context_and_pooling_analysis/fig07_pooling_paired_deltas.png,notebook,other,,,unknown,false,low,
notebooks/visualization/outputs/14_u1000_temporal_context_and_pooling_analysis/fig08_pooling_parity_seed42.png,notebook,other,,,unknown,false,low,
notebooks/visualization/outputs/14_u1000_temporal_context_and_pooling_analysis/fig09_pooling_compression.png,notebook,other,,,unknown,false,low,
notebooks/visualization/outputs/14_u1000_temporal_context_and_pooling_analysis/fig10_pooling_residuals.png,notebook,other,,,unknown,false,low,
notebooks/visualization/outputs/14_u1000_temporal_context_and_pooling_analysis/fig11_generalization.png,notebook,other,,,unknown,false,low,
notebooks/visualization/outputs/14_u1000_temporal_context_and_pooling_analysis/fig12_static_context.png,notebook,other,,,unknown,false,low,
notebooks/visualization/outputs/14_u1000_temporal_context_and_pooling_analysis/table01_experimental_design.csv,notebook,other,,,unknown,false,low,
notebooks/visualization/outputs/14_u1000_temporal_context_and_pooling_analysis/table02_depth_per_seed_metrics.csv,notebook,other,,,unknown,false,low,
notebooks/visualization/outputs/14_u1000_temporal_context_and_pooling_analysis/table03_depth_aggregate_metrics.csv,notebook,other,,,unknown,false,low,
notebooks/visualization/outputs/14_u1000_temporal_context_and_pooling_analysis/table04_adjacent_temporal_changes.csv,notebook,other,,,unknown,false,low,
notebooks/visualization/outputs/14_u1000_temporal_context_and_pooling_analysis/table05_t1_relative_differences.csv,notebook,other,,,unknown,false,low,
notebooks/visualization/outputs/14_u1000_temporal_context_and_pooling_analysis/table06_pooling_per_seed_metrics.csv,notebook,other,,,unknown,false,low,
notebooks/visualization/outputs/14_u1000_temporal_context_and_pooling_analysis/table07_pooling_aggregate_metrics.csv,notebook,other,,,unknown,false,low,
notebooks/visualization/outputs/14_u1000_temporal_context_and_pooling_analysis/table08_pooling_deltas.csv,notebook,other,,,unknown,false,low,
notebooks/visualization/outputs/14_u1000_temporal_context_and_pooling_analysis/table09_compression_diagnostics.csv,notebook,prediction_collapse_diagnostic,,,unknown,false,medium,
notebooks/visualization/outputs/14_u1000_temporal_context_and_pooling_analysis/table10_generalization_diagnostics.csv,notebook,prediction_collapse_diagnostic,,,unknown,false,medium,
notebooks/visualization/outputs/14_u1000_temporal_context_and_pooling_analysis/table11_static_context.csv,notebook,other,,,unknown,false,low,
notebooks/visualization/outputs/14_u1000_temporal_context_and_pooling_analysis/table12_provenance_control_inventory.csv,notebook,other,evolvegcn_h_u1000_top1500_sparse_train700_seed123_none_h32_l2_mean_temporal_mean_linear;evolvegcn_h_u1000_top1500_sparse_train700_seed2025_none_h32_l2_mean_temporal_mean_linear;evolvegcn_h_u1000_top1500_sparse_train700_seed42_none_h32_l2_mean_temporal_mean_linear;evolvegcn_h_u1000_top1500_t2_ctxsuffix_sparse_train700_seed123_none_h32_l2_gmean_tlast_linear;evolvegcn_h_u1000_top1500_t2_ctxsuffix_sparse_train700_seed123_none_h32_l2_gmean_tmean_linear;evolvegcn_h_u1000_top1500_t2_ctxsuffix_sparse_train700_seed2025_none_h32_l2_gmean_tlast_linear;evolvegcn_h_u1000_top1500_t2_ctxsuffix_sparse_train700_seed2025_none_h32_l2_gmean_tmean_linear;evolvegcn_h_u1000_top1500_t2_ctxsuffix_sparse_train700_seed42_none_h32_l2_gmean_tlast_linear;evolvegcn_h_u1000_top1500_t2_ctxsuffix_sparse_train700_seed42_none_h32_l2_gmean_tmean_linear;evolvegcn_h_u1000_top1500_t5_ctxsuffix_sparse_train700_seed123_none_h32_l2_gmean_tlast_linear;evolvegcn_h_u1000_top1500_t5_ctxsuffix_sparse_train700_seed2025_none_h32_l2_gmean_tlast_linear;evolvegcn_h_u1000_top1500_t5_ctxsuffix_sparse_train700_seed42_none_h32_l2_gmean_tlast_linear,,unknown,false,low,
outputs/audit/experiment_architecture_audit.csv,output_summary,other,evolvegcn_h_100u_seed123;evolvegcn_h_100u_seed2025;evolvegcn_h_100u_seed42;evolvegcn_h_200u_seed123;evolvegcn_h_200u_seed123_final32;evolvegcn_h_200u_seed2025;evolvegcn_h_200u_seed2025_final32;evolvegcn_h_200u_seed42;evolvegcn_h_200u_seed42_final32;evolvegcn_h_20u_seed123;evolvegcn_h_20u_seed2025;evolvegcn_h_20u_seed42;evolvegcn_h_50u_seed123;evolvegcn_h_50u_seed2025;evolvegcn_h_50u_seed42;mean_baseline_100u_seed123;mean_baseline_100u_seed2025;mean_baseline_100u_seed42;mean_baseline_200u_seed123;mean_baseline_200u_seed2025;mean_baseline_200u_seed42;mean_baseline_20u_seed123;mean_baseline_20u_seed2025;mean_baseline_20u_seed42;mean_baseline_50u_seed123;mean_baseline_50u_seed2025;mean_baseline_50u_seed42;static_gcn_100u_seed123;static_gcn_100u_seed2025;static_gcn_100u_seed42;static_gcn_200u_seed123;static_gcn_200u_seed123_final32;static_gcn_200u_seed2025;static_gcn_200u_seed2025_final32;static_gcn_200u_seed42;static_gcn_200u_seed42_final32;static_gcn_20u_seed123;static_gcn_20u_seed2025;static_gcn_20u_seed42;static_gcn_50u_seed123;static_gcn_50u_seed2025;static_gcn_50u_seed42,,unknown,false,low,
outputs/audit/main_experiment_architecture_audit_after_archive.csv,output_summary,other,evolvegcn_h_100u_seed2025;evolvegcn_h_100u_seed42;evolvegcn_h_200u_seed123;evolvegcn_h_200u_seed123_final32;evolvegcn_h_200u_seed2025;evolvegcn_h_200u_seed2025_final32;evolvegcn_h_200u_seed42;evolvegcn_h_200u_seed42_final32;evolvegcn_h_20u_seed2025;evolvegcn_h_20u_seed42;evolvegcn_h_50u_seed2025;evolvegcn_h_50u_seed42;mean_baseline_100u_seed123;mean_baseline_100u_seed2025;mean_baseline_100u_seed42;mean_baseline_200u_seed123;mean_baseline_200u_seed2025;mean_baseline_200u_seed42;mean_baseline_20u_seed123;mean_baseline_20u_seed2025;mean_baseline_20u_seed42;mean_baseline_50u_seed123;mean_baseline_50u_seed2025;mean_baseline_50u_seed42;static_gcn_100u_seed2025;static_gcn_100u_seed42;static_gcn_200u_seed123;static_gcn_200u_seed123_final32;static_gcn_200u_seed2025;static_gcn_200u_seed2025_final32;static_gcn_200u_seed42;static_gcn_200u_seed42_final32;static_gcn_20u_seed2025;static_gcn_20u_seed42;static_gcn_50u_seed2025;static_gcn_50u_seed42,,unknown,false,low,
outputs/canonical_experiment_summary.csv,output_summary,other,evolvegcn_h_500u_top500_h32_seed42;evolvegcn_h_500u_top500_h32_seed42_none_norm;static_gcn_top500_final_snapshot_same_split_h32_seed42;static_graphsage_500u_top500_final_snapshot_h32_seed42;summary_features_500u_none_top500_matched_seed42;summary_features_temporal_500u_top500_matched_seed42,,unknown,false,low,
outputs/clean_200u_final32_comparison.csv,output_summary,other,evolvegcn_h_200u_seed123;evolvegcn_h_200u_seed123_final32;evolvegcn_h_200u_seed2025;evolvegcn_h_200u_seed2025_final32;evolvegcn_h_200u_seed42;evolvegcn_h_200u_seed42_final32;mean_baseline_200u_seed123;mean_baseline_200u_seed2025;mean_baseline_200u_seed42;static_gcn_200u_seed123;static_gcn_200u_seed123_final32;static_gcn_200u_seed2025;static_gcn_200u_seed2025_final32;static_gcn_200u_seed42;static_gcn_200u_seed42_final32,,unknown,false,low,
outputs/edge_length_distribution_top500_none.png,output_artifact,other,,,unknown,false,low,
outputs/evolvegcn_500top500_vs_750top1000_5seed_group_summary.csv,output_summary,other,,,unknown,false,low,
outputs/evolvegcn_500top500_vs_750top1000_5seed_table.csv,output_summary,other,evolvegcn_h_500u_top500_h32_seed123_none;evolvegcn_h_500u_top500_h32_seed2025_none;evolvegcn_h_500u_top500_h32_seed42;evolvegcn_h_500u_top500_h32_seed42_none_norm;evolvegcn_h_500u_top500_h32_seed777_none;evolvegcn_h_500u_top500_h32_seed999_none;evolvegcn_h_750u_top1000_h32_seed123_none;evolvegcn_h_750u_top1000_h32_seed2025_none;evolvegcn_h_750u_top1000_h32_seed42_none;evolvegcn_h_750u_top1000_h32_seed777_none;evolvegcn_h_750u_top1000_h32_seed999_none,,,true,low,known stale candidate; metric values disagree with current raw experiment files
outputs/evolvegcn_500top500_vs_750top1000_group_summary.csv,output_summary,other,,,unknown,false,low,
outputs/evolvegcn_500top500_vs_750top1000_seed_table.csv,output_summary,other,evolvegcn_h_500u_top500_h32_seed123_none;evolvegcn_h_500u_top500_h32_seed2025_none;evolvegcn_h_500u_top500_h32_seed777_none;evolvegcn_h_500u_top500_h32_seed999_none;evolvegcn_h_750u_top1000_h32_seed123_none;evolvegcn_h_750u_top1000_h32_seed2025_none;evolvegcn_h_750u_top1000_h32_seed42_none;evolvegcn_h_750u_top1000_h32_seed777_none;evolvegcn_h_750u_top1000_h32_seed999_none,,unknown,false,low,
outputs/evolvegcn_500u_vs_750u_results/combined_metric_comparison.png,output_artifact,top_n_scaling,,,unknown,false,medium,
outputs/evolvegcn_500u_vs_750u_results/group_summary_mean_std_table.csv,output_summary,top_n_scaling,,,unknown,false,medium,
outputs/evolvegcn_500u_vs_750u_results/group_summary_numeric.csv,output_summary,top_n_scaling,,,unknown,false,medium,
outputs/evolvegcn_500u_vs_750u_results/group_summary_reconstructed_from_seed_table.csv,output_summary,top_n_scaling,,,unknown,false,medium,
outputs/evolvegcn_500u_vs_750u_results/halo_degree_distribution_comparison.png,output_artifact,top_n_scaling,,,unknown,false,medium,
outputs/evolvegcn_500u_vs_750u_results/halo_mass_distribution_comparison.png,output_artifact,top_n_scaling,,,unknown,false,medium,
outputs/evolvegcn_500u_vs_750u_results/halo_mass_vs_degree_comparison.png,output_artifact,top_n_scaling,,,unknown,false,medium,
outputs/evolvegcn_500u_vs_750u_results/knn_edge_length_distribution_comparison.png,output_artifact,knn_ablation,,,unknown,false,medium,
outputs/evolvegcn_500u_vs_750u_results/prediction_distribution_comparison.png,output_artifact,top_n_scaling,,,unknown,false,medium,
outputs/evolvegcn_500u_vs_750u_results/prediction_residuals_vs_true_omega_m.png,output_artifact,top_n_scaling,,,unknown,false,medium,
outputs/evolvegcn_500u_vs_750u_results/prediction_sorted_true_vs_predicted_curve.png,output_artifact,top_n_scaling,,,unknown,false,medium,
outputs/evolvegcn_500u_vs_750u_results/prediction_true_vs_predicted_scatter.png,output_artifact,top_n_scaling,,,unknown,false,medium,
outputs/evolvegcn_500u_vs_750u_results/representative_750u_top1000_graph_3d.html,output_artifact,top_n_scaling,,,unknown,false,medium,
outputs/evolvegcn_500u_vs_750u_results/seed_level_results_clean.csv,output_summary,top_n_scaling,evolvegcn_h_500u_top500_h32_seed123_none;evolvegcn_h_500u_top500_h32_seed2025_none;evolvegcn_h_500u_top500_h32_seed42;evolvegcn_h_500u_top500_h32_seed42_none_norm;evolvegcn_h_500u_top500_h32_seed777_none;evolvegcn_h_500u_top500_h32_seed999_none;evolvegcn_h_750u_top1000_h32_seed123_none;evolvegcn_h_750u_top1000_h32_seed2025_none;evolvegcn_h_750u_top1000_h32_seed42_none;evolvegcn_h_750u_top1000_h32_seed777_none;evolvegcn_h_750u_top1000_h32_seed999_none,,,true,medium,known stale candidate; metric values disagree with current raw experiment files
outputs/evolvegcn_500u_vs_750u_results/test_mae_comparison.png,output_artifact,top_n_scaling,,,unknown,false,medium,
outputs/evolvegcn_500u_vs_750u_results/test_r2_comparison.png,output_artifact,top_n_scaling,,,unknown,false,medium,
outputs/evolvegcn_500u_vs_750u_results/test_rmse_comparison.png,output_artifact,top_n_scaling,,,unknown,false,medium,
outputs/evolvegcn_500u_vs_750u_results/xy_projection_750u_top1000.png,output_artifact,top_n_scaling,,,unknown,false,medium,
outputs/evolvegcn_750u_top1000_5seed_summary.csv,output_summary,other,evolvegcn_h_750u_top1000_h32_seed123_none;evolvegcn_h_750u_top1000_h32_seed2025_none;evolvegcn_h_750u_top1000_h32_seed42_none;evolvegcn_h_750u_top1000_h32_seed777_none;evolvegcn_h_750u_top1000_h32_seed999_none,,unknown,false,low,
outputs/evolvegcn_750u_top1000_head_ablation_results/aggregate_metric_comparison_2x3.png,output_artifact,head_ablation,,,unknown,false,medium,
outputs/evolvegcn_750u_top1000_head_ablation_results/collapse_diagnostics_seed_level.csv,output_summary,head_ablation,,,unknown,false,medium,
outputs/evolvegcn_750u_top1000_head_ablation_results/collapse_diagnostics_seed_level_table.png,output_artifact,head_ablation,,,unknown,false,medium,
outputs/evolvegcn_750u_top1000_head_ablation_results/group_summary_mean_std.csv,output_summary,head_ablation,,,unknown,false,medium,
outputs/evolvegcn_750u_top1000_head_ablation_results/group_summary_mean_std_table.png,output_artifact,head_ablation,,,unknown,false,medium,
outputs/evolvegcn_750u_top1000_head_ablation_results/group_summary_numeric.csv,output_summary,head_ablation,,,unknown,false,medium,
outputs/evolvegcn_750u_top1000_head_ablation_results/head_ablation_main_result_summary.png,output_artifact,head_ablation,,,unknown,false,medium,
outputs/evolvegcn_750u_top1000_head_ablation_results/interpretation_checklist.csv,output_summary,head_ablation,,,unknown,false,medium,
outputs/evolvegcn_750u_top1000_head_ablation_results/interpretation_checklist_table.png,output_artifact,head_ablation,,,unknown,false,medium,
outputs/evolvegcn_750u_top1000_head_ablation_results/linear_seed_ranking_by_mae.csv,output_summary,head_ablation,,,unknown,false,medium,
outputs/evolvegcn_750u_top1000_head_ablation_results/linear_seed_ranking_by_mae_table.png,output_artifact,head_ablation,,,unknown,false,medium,
outputs/evolvegcn_750u_top1000_head_ablation_results/mae_comparison_mean_std.png,output_artifact,head_ablation,,,unknown,false,medium,
outputs/evolvegcn_750u_top1000_head_ablation_results/mlp_seed_ranking_by_mae.csv,output_summary,head_ablation,,,unknown,false,medium,
outputs/evolvegcn_750u_top1000_head_ablation_results/mlp_seed_ranking_by_mae_table.png,output_artifact,head_ablation,,,unknown,false,medium,
outputs/evolvegcn_750u_top1000_head_ablation_results/pearson_comparison_mean_std.png,output_artifact,head_ablation,,,unknown,false,medium,
outputs/evolvegcn_750u_top1000_head_ablation_results/pred_std_ratio_comparison_mean_std.png,output_artifact,head_ablation,,,unknown,false,medium,
outputs/evolvegcn_750u_top1000_head_ablation_results/prediction_distribution_linear_seed123.png,output_artifact,head_ablation,,,unknown,false,medium,
outputs/evolvegcn_750u_top1000_head_ablation_results/prediction_distribution_linear_seed2025.png,output_artifact,head_ablation,,,unknown,false,medium,
outputs/evolvegcn_750u_top1000_head_ablation_results/prediction_distribution_linear_seed42.png,output_artifact,head_ablation,,,unknown,false,medium,
outputs/evolvegcn_750u_top1000_head_ablation_results/prediction_distribution_linear_seed777.png,output_artifact,head_ablation,,,unknown,false,medium,
outputs/evolvegcn_750u_top1000_head_ablation_results/prediction_distribution_linear_seed999.png,output_artifact,head_ablation,,,unknown,false,medium,
outputs/evolvegcn_750u_top1000_head_ablation_results/prediction_distribution_mlp_seed123.png,output_artifact,head_ablation,,,unknown,false,medium,
outputs/evolvegcn_750u_top1000_head_ablation_results/prediction_distribution_mlp_seed2025.png,output_artifact,head_ablation,,,unknown,false,medium,
outputs/evolvegcn_750u_top1000_head_ablation_results/prediction_distribution_mlp_seed42.png,output_artifact,head_ablation,,,unknown,false,medium,
outputs/evolvegcn_750u_top1000_head_ablation_results/prediction_distribution_mlp_seed777.png,output_artifact,head_ablation,,,unknown,false,medium,
outputs/evolvegcn_750u_top1000_head_ablation_results/prediction_distribution_mlp_seed999.png,output_artifact,head_ablation,,,unknown,false,medium,
outputs/evolvegcn_750u_top1000_head_ablation_results/prediction_distribution_mlp_vs_linear.png,output_artifact,head_ablation,,,unknown,false,medium,
outputs/evolvegcn_750u_top1000_head_ablation_results/r2_comparison_mean_std.png,output_artifact,head_ablation,,,unknown,false,medium,
outputs/evolvegcn_750u_top1000_head_ablation_results/repeat_fraction_comparison_mean_std.png,output_artifact,head_ablation,,,unknown,false,medium,
outputs/evolvegcn_750u_top1000_head_ablation_results/residuals_vs_true_linear_all_seeds.png,output_artifact,head_ablation,,,unknown,false,medium,
outputs/evolvegcn_750u_top1000_head_ablation_results/residuals_vs_true_linear_seed123.png,output_artifact,head_ablation,,,unknown,false,medium,
outputs/evolvegcn_750u_top1000_head_ablation_results/residuals_vs_true_linear_seed2025.png,output_artifact,head_ablation,,,unknown,false,medium,
outputs/evolvegcn_750u_top1000_head_ablation_results/residuals_vs_true_linear_seed42.png,output_artifact,head_ablation,,,unknown,false,medium,
outputs/evolvegcn_750u_top1000_head_ablation_results/residuals_vs_true_linear_seed777.png,output_artifact,head_ablation,,,unknown,false,medium,
outputs/evolvegcn_750u_top1000_head_ablation_results/residuals_vs_true_linear_seed999.png,output_artifact,head_ablation,,,unknown,false,medium,
outputs/evolvegcn_750u_top1000_head_ablation_results/residuals_vs_true_mlp_all_seeds.png,output_artifact,head_ablation,,,unknown,false,medium,
outputs/evolvegcn_750u_top1000_head_ablation_results/residuals_vs_true_mlp_seed123.png,output_artifact,head_ablation,,,unknown,false,medium,
outputs/evolvegcn_750u_top1000_head_ablation_results/residuals_vs_true_mlp_seed2025.png,output_artifact,head_ablation,,,unknown,false,medium,
outputs/evolvegcn_750u_top1000_head_ablation_results/residuals_vs_true_mlp_seed42.png,output_artifact,head_ablation,,,unknown,false,medium,
outputs/evolvegcn_750u_top1000_head_ablation_results/residuals_vs_true_mlp_seed777.png,output_artifact,head_ablation,,,unknown,false,medium,
outputs/evolvegcn_750u_top1000_head_ablation_results/residuals_vs_true_mlp_seed999.png,output_artifact,head_ablation,,,unknown,false,medium,
outputs/evolvegcn_750u_top1000_head_ablation_results/rmse_comparison_mean_std.png,output_artifact,head_ablation,,,unknown,false,medium,
outputs/evolvegcn_750u_top1000_head_ablation_results/seed42_repeated_prediction_diagnostic.csv,output_summary,head_ablation,,,unknown,false,medium,
outputs/evolvegcn_750u_top1000_head_ablation_results/seed42_repeated_prediction_diagnostic_table.png,output_artifact,head_ablation,,,unknown,false,medium,
outputs/evolvegcn_750u_top1000_head_ablation_results/seed_level_mae_comparison.png,output_artifact,head_ablation,,,unknown,false,medium,
outputs/evolvegcn_750u_top1000_head_ablation_results/seed_level_results.csv,output_summary,head_ablation,evolvegcn_h_750u_top1000_h32_seed123_none;evolvegcn_h_750u_top1000_h32_seed123_none_linear_head;evolvegcn_h_750u_top1000_h32_seed2025_none;evolvegcn_h_750u_top1000_h32_seed2025_none_linear_head;evolvegcn_h_750u_top1000_h32_seed42_none;evolvegcn_h_750u_top1000_h32_seed42_none_linear_head;evolvegcn_h_750u_top1000_h32_seed777_none;evolvegcn_h_750u_top1000_h32_seed777_none_linear_head;evolvegcn_h_750u_top1000_h32_seed999_none;evolvegcn_h_750u_top1000_h32_seed999_none_linear_head,,unknown,false,medium,
outputs/evolvegcn_750u_top1000_head_ablation_results/seed_level_results_table.png,output_artifact,head_ablation,,,unknown,false,medium,
outputs/evolvegcn_750u_top1000_head_ablation_results/seed_ranking_by_mae.csv,output_summary,head_ablation,,,unknown,false,medium,
outputs/evolvegcn_750u_top1000_head_ablation_results/sorted_true_vs_predicted_best_mlp_vs_best_linear.png,output_artifact,head_ablation,,,unknown,false,medium,
outputs/evolvegcn_750u_top1000_head_ablation_results/true_vs_predicted_linear_all_seeds.png,output_artifact,head_ablation,,,unknown,false,medium,
outputs/evolvegcn_750u_top1000_head_ablation_results/true_vs_predicted_linear_seed123.png,output_artifact,head_ablation,,,unknown,false,medium,
outputs/evolvegcn_750u_top1000_head_ablation_results/true_vs_predicted_linear_seed2025.png,output_artifact,head_ablation,,,unknown,false,medium,
outputs/evolvegcn_750u_top1000_head_ablation_results/true_vs_predicted_linear_seed42.png,output_artifact,head_ablation,,,unknown,false,medium,
outputs/evolvegcn_750u_top1000_head_ablation_results/true_vs_predicted_linear_seed777.png,output_artifact,head_ablation,,,unknown,false,medium,
outputs/evolvegcn_750u_top1000_head_ablation_results/true_vs_predicted_linear_seed999.png,output_artifact,head_ablation,,,unknown,false,medium,
outputs/evolvegcn_750u_top1000_head_ablation_results/true_vs_predicted_mlp_all_seeds.png,output_artifact,head_ablation,,,unknown,false,medium,
outputs/evolvegcn_750u_top1000_head_ablation_results/true_vs_predicted_mlp_seed123.png,output_artifact,head_ablation,,,unknown,false,medium,
outputs/evolvegcn_750u_top1000_head_ablation_results/true_vs_predicted_mlp_seed2025.png,output_artifact,head_ablation,,,unknown,false,medium,
outputs/evolvegcn_750u_top1000_head_ablation_results/true_vs_predicted_mlp_seed42.png,output_artifact,head_ablation,,,unknown,false,medium,
outputs/evolvegcn_750u_top1000_head_ablation_results/true_vs_predicted_mlp_seed777.png,output_artifact,head_ablation,,,unknown,false,medium,
outputs/evolvegcn_750u_top1000_head_ablation_results/true_vs_predicted_mlp_seed999.png,output_artifact,head_ablation,,,unknown,false,medium,
outputs/evolvegcn_750u_top1000_mean_vs_meanmax_pooling_results/average_prediction_across_5seeds_sorted_curve.png,output_artifact,graph_pooling_ablation,,,unknown,false,medium,
outputs/evolvegcn_750u_top1000_mean_vs_meanmax_pooling_results/average_prediction_across_5seeds_true_vs_predicted.png,output_artifact,graph_pooling_ablation,,,unknown,false,medium,
outputs/evolvegcn_750u_top1000_mean_vs_meanmax_pooling_results/average_prediction_across_seeds.csv,output_summary,graph_pooling_ablation,,,unknown,false,medium,
outputs/evolvegcn_750u_top1000_mean_vs_meanmax_pooling_results/collapse_diagnostics_seed_level.csv,output_summary,graph_pooling_ablation,,,unknown,false,medium,
outputs/evolvegcn_750u_top1000_mean_vs_meanmax_pooling_results/collapse_diagnostics_seed_level_table.png,output_artifact,graph_pooling_ablation,,,unknown,false,medium,
outputs/evolvegcn_750u_top1000_mean_vs_meanmax_pooling_results/group_summary_mean_std.csv,output_summary,graph_pooling_ablation,,,unknown,false,medium,
outputs/evolvegcn_750u_top1000_mean_vs_meanmax_pooling_results/group_summary_mean_std_table.png,output_artifact,graph_pooling_ablation,,,unknown,false,medium,
outputs/evolvegcn_750u_top1000_mean_vs_meanmax_pooling_results/group_summary_numeric.csv,output_summary,graph_pooling_ablation,,,unknown,false,medium,
outputs/evolvegcn_750u_top1000_mean_vs_meanmax_pooling_results/interpretation_checklist.csv,output_summary,graph_pooling_ablation,,,unknown,false,medium,
outputs/evolvegcn_750u_top1000_mean_vs_meanmax_pooling_results/interpretation_checklist_table.png,output_artifact,graph_pooling_ablation,,,unknown,false,medium,
outputs/evolvegcn_750u_top1000_mean_vs_meanmax_pooling_results/mae_comparison_mean_std.png,output_artifact,graph_pooling_ablation,,,unknown,false,medium,
outputs/evolvegcn_750u_top1000_mean_vs_meanmax_pooling_results/paired_seed_mae_comparison.csv,output_summary,graph_pooling_ablation,,,unknown,false,medium,
outputs/evolvegcn_750u_top1000_mean_vs_meanmax_pooling_results/paired_seed_mae_comparison.png,output_artifact,graph_pooling_ablation,,,unknown,false,medium,
outputs/evolvegcn_750u_top1000_mean_vs_meanmax_pooling_results/pearson_comparison_mean_std.png,output_artifact,graph_pooling_ablation,,,unknown,false,medium,
outputs/evolvegcn_750u_top1000_mean_vs_meanmax_pooling_results/pred_std_ratio_comparison_mean_std.png,output_artifact,graph_pooling_ablation,,,unknown,false,medium,
outputs/evolvegcn_750u_top1000_mean_vs_meanmax_pooling_results/prediction_distribution_mean_vs_meanmax.png,output_artifact,graph_pooling_ablation,,,unknown,false,medium,
outputs/evolvegcn_750u_top1000_mean_vs_meanmax_pooling_results/r2_comparison_mean_std.png,output_artifact,graph_pooling_ablation,,,unknown,false,medium,
outputs/evolvegcn_750u_top1000_mean_vs_meanmax_pooling_results/repeat_fraction_comparison_mean_std.png,output_artifact,graph_pooling_ablation,,,unknown,false,medium,
outputs/evolvegcn_750u_top1000_mean_vs_meanmax_pooling_results/residuals_vs_true_mean_all_seeds.png,output_artifact,graph_pooling_ablation,,,unknown,false,medium,
outputs/evolvegcn_750u_top1000_mean_vs_meanmax_pooling_results/residuals_vs_true_meanmax_all_seeds.png,output_artifact,graph_pooling_ablation,,,unknown,false,medium,
outputs/evolvegcn_750u_top1000_mean_vs_meanmax_pooling_results/rmse_comparison_mean_std.png,output_artifact,graph_pooling_ablation,,,unknown,false,medium,
outputs/evolvegcn_750u_top1000_mean_vs_meanmax_pooling_results/seed_level_results.csv,output_summary,graph_pooling_ablation,evolvegcn_h_750u_top1000_h32_seed123_none;evolvegcn_h_750u_top1000_h32_seed123_none_linear_head;evolvegcn_h_750u_top1000_h32_seed123_none_linear_head_meanmax;evolvegcn_h_750u_top1000_h32_seed2025_none;evolvegcn_h_750u_top1000_h32_seed2025_none_linear_head;evolvegcn_h_750u_top1000_h32_seed2025_none_linear_head_meanmax;evolvegcn_h_750u_top1000_h32_seed42_none;evolvegcn_h_750u_top1000_h32_seed42_none_linear_head;evolvegcn_h_750u_top1000_h32_seed42_none_linear_head_meanmax;evolvegcn_h_750u_top1000_h32_seed777_none;evolvegcn_h_750u_top1000_h32_seed777_none_linear_head;evolvegcn_h_750u_top1000_h32_seed777_none_linear_head_meanmax;evolvegcn_h_750u_top1000_h32_seed999_none;evolvegcn_h_750u_top1000_h32_seed999_none_linear_head;evolvegcn_h_750u_top1000_h32_seed999_none_linear_head_meanmax,,unknown,false,medium,
outputs/evolvegcn_750u_top1000_mean_vs_meanmax_pooling_results/seed_level_results_table.png,output_artifact,graph_pooling_ablation,,,unknown,false,medium,
outputs/evolvegcn_750u_top1000_mean_vs_meanmax_pooling_results/sorted_true_vs_predicted_best_mean_vs_best_meanmax.png,output_artifact,graph_pooling_ablation,,,unknown,false,medium,
outputs/evolvegcn_750u_top1000_mean_vs_meanmax_pooling_results/true_vs_predicted_mean_all_seeds.png,output_artifact,graph_pooling_ablation,,,unknown,false,medium,
outputs/evolvegcn_750u_top1000_mean_vs_meanmax_pooling_results/true_vs_predicted_mean_vs_meanmax_zoomed_baseline_range.png,output_artifact,graph_pooling_ablation,,,unknown,false,medium,
outputs/evolvegcn_750u_top1000_mean_vs_meanmax_pooling_results/true_vs_predicted_meanmax_all_seeds.png,output_artifact,graph_pooling_ablation,,,unknown,false,medium,
outputs/evolvegcn_h_none_seed42_prediction_behavior.csv,output_summary,other,,,unknown,false,low,
outputs/evolvegcn_h_none_seed42_prediction_distribution.png,output_artifact,other,,,unknown,false,low,
outputs/evolvegcn_h_none_seed42_residuals.png,output_artifact,other,,,unknown,false,low,
outputs/evolvegcn_h_none_seed42_sorted_true_vs_pred_curve.png,output_artifact,other,,,unknown,false,low,
outputs/evolvegcn_h_none_seed42_true_vs_pred.png,output_artifact,other,,,unknown,false,low,
outputs/evolvegcn_h_normalization_top500_5seeds.csv,output_summary,normalization_ablation,evolvegcn_h_500u_top500_h32_seed123_minmax;evolvegcn_h_500u_top500_h32_seed123_none;evolvegcn_h_500u_top500_h32_seed123_zscore;evolvegcn_h_500u_top500_h32_seed2025_minmax;evolvegcn_h_500u_top500_h32_seed2025_none;evolvegcn_h_500u_top500_h32_seed2025_zscore;evolvegcn_h_500u_top500_h32_seed42;evolvegcn_h_500u_top500_h32_seed42_none_norm;evolvegcn_h_500u_top500_h32_seed42_zscore;evolvegcn_h_500u_top500_h32_seed777_minmax;evolvegcn_h_500u_top500_h32_seed777_none;evolvegcn_h_500u_top500_h32_seed777_zscore;evolvegcn_h_500u_top500_h32_seed999_minmax;evolvegcn_h_500u_top500_h32_seed999_none;evolvegcn_h_500u_top500_h32_seed999_zscore,,unknown,false,medium,
outputs/evolvegcn_h_normalization_top500_5seeds_mae.png,output_artifact,normalization_ablation,,,unknown,false,medium,
outputs/evolvegcn_h_normalization_top500_5seeds_summary.csv,output_summary,normalization_ablation,,,unknown,false,medium,
outputs/evolvegcn_h_prediction_collapse_minmax_vs_none.csv,output_summary,prediction_collapse_diagnostic,,,unknown,false,medium,
outputs/experiment_summary_20_50_100_200_3seeds.csv,output_summary,other,evolvegcn_h_100u_seed123;evolvegcn_h_100u_seed2025;evolvegcn_h_100u_seed42;evolvegcn_h_200u_seed123;evolvegcn_h_200u_seed2025;evolvegcn_h_200u_seed42;evolvegcn_h_20u_seed123;evolvegcn_h_20u_seed2025;evolvegcn_h_20u_seed42;evolvegcn_h_50u_seed123;evolvegcn_h_50u_seed2025;evolvegcn_h_50u_seed42;mean_baseline_100u_seed123;mean_baseline_100u_seed2025;mean_baseline_100u_seed42;mean_baseline_200u_seed123;mean_baseline_200u_seed2025;mean_baseline_200u_seed42;mean_baseline_20u_seed123;mean_baseline_20u_seed2025;mean_baseline_20u_seed42;mean_baseline_50u_seed123;mean_baseline_50u_seed2025;mean_baseline_50u_seed42;static_gcn_100u_seed123;static_gcn_100u_seed2025;static_gcn_100u_seed42;static_gcn_200u_seed123;static_gcn_200u_seed2025;static_gcn_200u_seed42;static_gcn_20u_seed123;static_gcn_20u_seed2025;static_gcn_20u_seed42;static_gcn_50u_seed123;static_gcn_50u_seed2025;static_gcn_50u_seed42,,unknown,false,low,
outputs/experiment_summary_20_50_100_200_3seeds.json,output_summary,other,evolvegcn_h_100u_seed123;evolvegcn_h_100u_seed2025;evolvegcn_h_100u_seed42;evolvegcn_h_200u_seed123;evolvegcn_h_200u_seed2025;evolvegcn_h_200u_seed42;evolvegcn_h_20u_seed123;evolvegcn_h_20u_seed2025;evolvegcn_h_20u_seed42;evolvegcn_h_50u_seed123;evolvegcn_h_50u_seed2025;evolvegcn_h_50u_seed42;mean_baseline_100u_seed123;mean_baseline_100u_seed2025;mean_baseline_100u_seed42;mean_baseline_200u_seed123;mean_baseline_200u_seed2025;mean_baseline_200u_seed42;mean_baseline_20u_seed123;mean_baseline_20u_seed2025;mean_baseline_20u_seed42;mean_baseline_50u_seed123;mean_baseline_50u_seed2025;mean_baseline_50u_seed42;static_gcn_100u_seed123;static_gcn_100u_seed2025;static_gcn_100u_seed42;static_gcn_200u_seed123;static_gcn_200u_seed2025;static_gcn_200u_seed42;static_gcn_20u_seed123;static_gcn_20u_seed2025;static_gcn_20u_seed42;static_gcn_50u_seed123;static_gcn_50u_seed2025;static_gcn_50u_seed42,,unknown,false,low,
outputs/experiment_summary_20_50_100_200_3seeds.md,output_summary,other,evolvegcn_h_100u_seed123;evolvegcn_h_100u_seed2025;evolvegcn_h_100u_seed42;evolvegcn_h_200u_seed123;evolvegcn_h_200u_seed2025;evolvegcn_h_200u_seed42;evolvegcn_h_20u_seed123;evolvegcn_h_20u_seed2025;evolvegcn_h_20u_seed42;evolvegcn_h_50u_seed123;evolvegcn_h_50u_seed2025;evolvegcn_h_50u_seed42;mean_baseline_100u_seed123;mean_baseline_100u_seed2025;mean_baseline_100u_seed42;mean_baseline_200u_seed123;mean_baseline_200u_seed2025;mean_baseline_200u_seed42;mean_baseline_20u_seed123;mean_baseline_20u_seed2025;mean_baseline_20u_seed42;mean_baseline_50u_seed123;mean_baseline_50u_seed2025;mean_baseline_50u_seed42;static_gcn_100u_seed123;static_gcn_100u_seed2025;static_gcn_100u_seed42;static_gcn_200u_seed123;static_gcn_200u_seed2025;static_gcn_200u_seed42;static_gcn_20u_seed123;static_gcn_20u_seed2025;static_gcn_20u_seed42;static_gcn_50u_seed123;static_gcn_50u_seed2025;static_gcn_50u_seed42,,unknown,false,low,
outputs/experiment_summary_20_50_100_200_3seeds_clean.csv,output_summary,other,evolvegcn_h_100u_seed123;evolvegcn_h_100u_seed2025;evolvegcn_h_100u_seed42;evolvegcn_h_200u_seed123;evolvegcn_h_200u_seed2025;evolvegcn_h_200u_seed42;evolvegcn_h_20u_seed123;evolvegcn_h_20u_seed2025;evolvegcn_h_20u_seed42;evolvegcn_h_50u_seed123;evolvegcn_h_50u_seed2025;evolvegcn_h_50u_seed42;mean_baseline_100u_seed123;mean_baseline_100u_seed2025;mean_baseline_100u_seed42;mean_baseline_200u_seed123;mean_baseline_200u_seed2025;mean_baseline_200u_seed42;mean_baseline_20u_seed123;mean_baseline_20u_seed2025;mean_baseline_20u_seed42;mean_baseline_50u_seed123;mean_baseline_50u_seed2025;mean_baseline_50u_seed42;static_gcn_100u_seed123;static_gcn_100u_seed2025;static_gcn_100u_seed42;static_gcn_200u_seed123;static_gcn_200u_seed2025;static_gcn_200u_seed42;static_gcn_20u_seed123;static_gcn_20u_seed2025;static_gcn_20u_seed42;static_gcn_50u_seed123;static_gcn_50u_seed2025;static_gcn_50u_seed42,,unknown,false,low,
outputs/experiment_summary_20_50_100_200_3seeds_ranked.csv,output_summary,other,evolvegcn_h_100u_seed123;evolvegcn_h_100u_seed2025;evolvegcn_h_100u_seed42;evolvegcn_h_200u_seed123;evolvegcn_h_200u_seed2025;evolvegcn_h_200u_seed42;evolvegcn_h_20u_seed123;evolvegcn_h_20u_seed2025;evolvegcn_h_20u_seed42;evolvegcn_h_50u_seed123;evolvegcn_h_50u_seed2025;evolvegcn_h_50u_seed42;mean_baseline_100u_seed123;mean_baseline_100u_seed2025;mean_baseline_100u_seed42;mean_baseline_200u_seed123;mean_baseline_200u_seed2025;mean_baseline_200u_seed42;mean_baseline_20u_seed123;mean_baseline_20u_seed2025;mean_baseline_20u_seed42;mean_baseline_50u_seed123;mean_baseline_50u_seed2025;mean_baseline_50u_seed42;static_gcn_100u_seed123;static_gcn_100u_seed2025;static_gcn_100u_seed42;static_gcn_200u_seed123;static_gcn_200u_seed2025;static_gcn_200u_seed42;static_gcn_20u_seed123;static_gcn_20u_seed2025;static_gcn_20u_seed42;static_gcn_50u_seed123;static_gcn_50u_seed2025;static_gcn_50u_seed42,,unknown,false,low,
outputs/experiment_summary_3seeds.csv,output_summary,other,evolvegcn_h_100u_seed123;evolvegcn_h_100u_seed2025;evolvegcn_h_100u_seed42;evolvegcn_h_20u_seed123;evolvegcn_h_20u_seed2025;evolvegcn_h_20u_seed42;evolvegcn_h_50u_seed123;evolvegcn_h_50u_seed2025;evolvegcn_h_50u_seed42;mean_baseline_100u_seed123;mean_baseline_100u_seed2025;mean_baseline_100u_seed42;mean_baseline_20u_seed123;mean_baseline_20u_seed2025;mean_baseline_20u_seed42;mean_baseline_50u_seed123;mean_baseline_50u_seed2025;mean_baseline_50u_seed42;static_gcn_100u_seed123;static_gcn_100u_seed2025;static_gcn_100u_seed42;static_gcn_20u_seed123;static_gcn_20u_seed2025;static_gcn_20u_seed42;static_gcn_50u_seed123;static_gcn_50u_seed2025;static_gcn_50u_seed42,,unknown,false,low,
outputs/experiment_summary_3seeds.json,output_summary,other,evolvegcn_h_100u_seed123;evolvegcn_h_100u_seed2025;evolvegcn_h_100u_seed42;evolvegcn_h_20u_seed123;evolvegcn_h_20u_seed2025;evolvegcn_h_20u_seed42;evolvegcn_h_50u_seed123;evolvegcn_h_50u_seed2025;evolvegcn_h_50u_seed42;mean_baseline_100u_seed123;mean_baseline_100u_seed2025;mean_baseline_100u_seed42;mean_baseline_20u_seed123;mean_baseline_20u_seed2025;mean_baseline_20u_seed42;mean_baseline_50u_seed123;mean_baseline_50u_seed2025;mean_baseline_50u_seed42;static_gcn_100u_seed123;static_gcn_100u_seed2025;static_gcn_100u_seed42;static_gcn_20u_seed123;static_gcn_20u_seed2025;static_gcn_20u_seed42;static_gcn_50u_seed123;static_gcn_50u_seed2025;static_gcn_50u_seed42,,unknown,false,low,
outputs/experiment_summary_3seeds.md,output_summary,other,evolvegcn_h_100u_seed123;evolvegcn_h_100u_seed2025;evolvegcn_h_100u_seed42;evolvegcn_h_20u_seed123;evolvegcn_h_20u_seed2025;evolvegcn_h_20u_seed42;evolvegcn_h_50u_seed123;evolvegcn_h_50u_seed2025;evolvegcn_h_50u_seed42;mean_baseline_100u_seed123;mean_baseline_100u_seed2025;mean_baseline_100u_seed42;mean_baseline_20u_seed123;mean_baseline_20u_seed2025;mean_baseline_20u_seed42;mean_baseline_50u_seed123;mean_baseline_50u_seed2025;mean_baseline_50u_seed42;static_gcn_100u_seed123;static_gcn_100u_seed2025;static_gcn_100u_seed42;static_gcn_20u_seed123;static_gcn_20u_seed2025;static_gcn_20u_seed42;static_gcn_50u_seed123;static_gcn_50u_seed2025;static_gcn_50u_seed42,,unknown,false,low,
outputs/experiment_summary_3seeds_clean.csv,output_summary,other,evolvegcn_h_100u_seed123;evolvegcn_h_100u_seed2025;evolvegcn_h_100u_seed42;evolvegcn_h_20u_seed123;evolvegcn_h_20u_seed2025;evolvegcn_h_20u_seed42;evolvegcn_h_50u_seed123;evolvegcn_h_50u_seed2025;evolvegcn_h_50u_seed42;mean_baseline_100u_seed123;mean_baseline_100u_seed2025;mean_baseline_100u_seed42;mean_baseline_20u_seed123;mean_baseline_20u_seed2025;mean_baseline_20u_seed42;mean_baseline_50u_seed123;mean_baseline_50u_seed2025;mean_baseline_50u_seed42;static_gcn_100u_seed123;static_gcn_100u_seed2025;static_gcn_100u_seed42;static_gcn_20u_seed123;static_gcn_20u_seed2025;static_gcn_20u_seed42;static_gcn_50u_seed123;static_gcn_50u_seed2025;static_gcn_50u_seed42,,unknown,false,low,
outputs/experiment_summary_3seeds_ranked.csv,output_summary,other,evolvegcn_h_100u_seed123;evolvegcn_h_100u_seed2025;evolvegcn_h_100u_seed42;evolvegcn_h_20u_seed123;evolvegcn_h_20u_seed2025;evolvegcn_h_20u_seed42;evolvegcn_h_50u_seed123;evolvegcn_h_50u_seed2025;evolvegcn_h_50u_seed42;mean_baseline_100u_seed123;mean_baseline_100u_seed2025;mean_baseline_100u_seed42;mean_baseline_20u_seed123;mean_baseline_20u_seed2025;mean_baseline_20u_seed42;mean_baseline_50u_seed123;mean_baseline_50u_seed2025;mean_baseline_50u_seed42;static_gcn_100u_seed123;static_gcn_100u_seed2025;static_gcn_100u_seed42;static_gcn_20u_seed123;static_gcn_20u_seed2025;static_gcn_20u_seed42;static_gcn_50u_seed123;static_gcn_50u_seed2025;static_gcn_50u_seed42,,unknown,false,low,
outputs/experiment_summary_clean_final32_complete.csv,output_summary,other,evolvegcn_h_100u_seed123;evolvegcn_h_100u_seed123_final32;evolvegcn_h_100u_seed2025;evolvegcn_h_100u_seed42;evolvegcn_h_200u_seed123;evolvegcn_h_200u_seed123_final32;evolvegcn_h_200u_seed2025;evolvegcn_h_200u_seed2025_final32;evolvegcn_h_200u_seed42;evolvegcn_h_200u_seed42_final32;evolvegcn_h_20u_seed123;evolvegcn_h_20u_seed123_final32;evolvegcn_h_20u_seed2025;evolvegcn_h_20u_seed42;evolvegcn_h_50u_seed123;evolvegcn_h_50u_seed123_final32;evolvegcn_h_50u_seed2025;evolvegcn_h_50u_seed42;mean_baseline_100u_seed123;mean_baseline_100u_seed2025;mean_baseline_100u_seed42;mean_baseline_200u_seed123;mean_baseline_200u_seed2025;mean_baseline_200u_seed42;mean_baseline_20u_seed123;mean_baseline_20u_seed2025;mean_baseline_20u_seed42;mean_baseline_50u_seed123;mean_baseline_50u_seed2025;mean_baseline_50u_seed42;static_gcn_100u_seed123;static_gcn_100u_seed123_final32;static_gcn_100u_seed2025;static_gcn_100u_seed42;static_gcn_200u_seed123;static_gcn_200u_seed123_final32;static_gcn_200u_seed2025;static_gcn_200u_seed2025_final32;static_gcn_200u_seed42;static_gcn_200u_seed42_final32;static_gcn_20u_seed123;static_gcn_20u_seed123_final32;static_gcn_20u_seed2025;static_gcn_20u_seed42;static_gcn_50u_seed123;static_gcn_50u_seed123_final32;static_gcn_50u_seed2025;static_gcn_50u_seed42,,unknown,false,low,
outputs/experiment_summary_clean_final32_complete.json,output_summary,other,evolvegcn_h_100u_seed123;evolvegcn_h_100u_seed123_final32;evolvegcn_h_100u_seed2025;evolvegcn_h_100u_seed42;evolvegcn_h_200u_seed123;evolvegcn_h_200u_seed123_final32;evolvegcn_h_200u_seed2025;evolvegcn_h_200u_seed2025_final32;evolvegcn_h_200u_seed42;evolvegcn_h_200u_seed42_final32;evolvegcn_h_20u_seed123;evolvegcn_h_20u_seed123_final32;evolvegcn_h_20u_seed2025;evolvegcn_h_20u_seed42;evolvegcn_h_50u_seed123;evolvegcn_h_50u_seed123_final32;evolvegcn_h_50u_seed2025;evolvegcn_h_50u_seed42;mean_baseline_100u_seed123;mean_baseline_100u_seed2025;mean_baseline_100u_seed42;mean_baseline_200u_seed123;mean_baseline_200u_seed2025;mean_baseline_200u_seed42;mean_baseline_20u_seed123;mean_baseline_20u_seed2025;mean_baseline_20u_seed42;mean_baseline_50u_seed123;mean_baseline_50u_seed2025;mean_baseline_50u_seed42;static_gcn_100u_seed123;static_gcn_100u_seed123_final32;static_gcn_100u_seed2025;static_gcn_100u_seed42;static_gcn_200u_seed123;static_gcn_200u_seed123_final32;static_gcn_200u_seed2025;static_gcn_200u_seed2025_final32;static_gcn_200u_seed42;static_gcn_200u_seed42_final32;static_gcn_20u_seed123;static_gcn_20u_seed123_final32;static_gcn_20u_seed2025;static_gcn_20u_seed42;static_gcn_50u_seed123;static_gcn_50u_seed123_final32;static_gcn_50u_seed2025;static_gcn_50u_seed42,,unknown,false,low,
outputs/experiment_summary_clean_final32_complete.md,output_summary,other,evolvegcn_h_100u_seed123;evolvegcn_h_100u_seed123_final32;evolvegcn_h_100u_seed2025;evolvegcn_h_100u_seed42;evolvegcn_h_200u_seed123;evolvegcn_h_200u_seed123_final32;evolvegcn_h_200u_seed2025;evolvegcn_h_200u_seed2025_final32;evolvegcn_h_200u_seed42;evolvegcn_h_200u_seed42_final32;evolvegcn_h_20u_seed123;evolvegcn_h_20u_seed123_final32;evolvegcn_h_20u_seed2025;evolvegcn_h_20u_seed42;evolvegcn_h_50u_seed123;evolvegcn_h_50u_seed123_final32;evolvegcn_h_50u_seed2025;evolvegcn_h_50u_seed42;mean_baseline_100u_seed123;mean_baseline_100u_seed2025;mean_baseline_100u_seed42;mean_baseline_200u_seed123;mean_baseline_200u_seed2025;mean_baseline_200u_seed42;mean_baseline_20u_seed123;mean_baseline_20u_seed2025;mean_baseline_20u_seed42;mean_baseline_50u_seed123;mean_baseline_50u_seed2025;mean_baseline_50u_seed42;static_gcn_100u_seed123;static_gcn_100u_seed123_final32;static_gcn_100u_seed2025;static_gcn_100u_seed42;static_gcn_200u_seed123;static_gcn_200u_seed123_final32;static_gcn_200u_seed2025;static_gcn_200u_seed2025_final32;static_gcn_200u_seed42;static_gcn_200u_seed42_final32;static_gcn_20u_seed123;static_gcn_20u_seed123_final32;static_gcn_20u_seed2025;static_gcn_20u_seed42;static_gcn_50u_seed123;static_gcn_50u_seed123_final32;static_gcn_50u_seed2025;static_gcn_50u_seed42,,unknown,false,low,
outputs/experiment_summary_clean_final32_complete_clean.csv,output_summary,other,evolvegcn_h_100u_seed123;evolvegcn_h_100u_seed123_final32;evolvegcn_h_100u_seed2025;evolvegcn_h_100u_seed42;evolvegcn_h_200u_seed123;evolvegcn_h_200u_seed123_final32;evolvegcn_h_200u_seed2025;evolvegcn_h_200u_seed2025_final32;evolvegcn_h_200u_seed42;evolvegcn_h_200u_seed42_final32;evolvegcn_h_20u_seed123;evolvegcn_h_20u_seed123_final32;evolvegcn_h_20u_seed2025;evolvegcn_h_20u_seed42;evolvegcn_h_50u_seed123;evolvegcn_h_50u_seed123_final32;evolvegcn_h_50u_seed2025;evolvegcn_h_50u_seed42;mean_baseline_100u_seed123;mean_baseline_100u_seed2025;mean_baseline_100u_seed42;mean_baseline_200u_seed123;mean_baseline_200u_seed2025;mean_baseline_200u_seed42;mean_baseline_20u_seed123;mean_baseline_20u_seed2025;mean_baseline_20u_seed42;mean_baseline_50u_seed123;mean_baseline_50u_seed2025;mean_baseline_50u_seed42;static_gcn_100u_seed123;static_gcn_100u_seed123_final32;static_gcn_100u_seed2025;static_gcn_100u_seed42;static_gcn_200u_seed123;static_gcn_200u_seed123_final32;static_gcn_200u_seed2025;static_gcn_200u_seed2025_final32;static_gcn_200u_seed42;static_gcn_200u_seed42_final32;static_gcn_20u_seed123;static_gcn_20u_seed123_final32;static_gcn_20u_seed2025;static_gcn_20u_seed42;static_gcn_50u_seed123;static_gcn_50u_seed123_final32;static_gcn_50u_seed2025;static_gcn_50u_seed42,,unknown,false,low,
outputs/experiment_summary_clean_final32_complete_ranked.csv,output_summary,other,evolvegcn_h_100u_seed123;evolvegcn_h_100u_seed123_final32;evolvegcn_h_100u_seed2025;evolvegcn_h_100u_seed42;evolvegcn_h_200u_seed123;evolvegcn_h_200u_seed123_final32;evolvegcn_h_200u_seed2025;evolvegcn_h_200u_seed2025_final32;evolvegcn_h_200u_seed42;evolvegcn_h_200u_seed42_final32;evolvegcn_h_20u_seed123;evolvegcn_h_20u_seed123_final32;evolvegcn_h_20u_seed2025;evolvegcn_h_20u_seed42;evolvegcn_h_50u_seed123;evolvegcn_h_50u_seed123_final32;evolvegcn_h_50u_seed2025;evolvegcn_h_50u_seed42;mean_baseline_100u_seed123;mean_baseline_100u_seed2025;mean_baseline_100u_seed42;mean_baseline_200u_seed123;mean_baseline_200u_seed2025;mean_baseline_200u_seed42;mean_baseline_20u_seed123;mean_baseline_20u_seed2025;mean_baseline_20u_seed42;mean_baseline_50u_seed123;mean_baseline_50u_seed2025;mean_baseline_50u_seed42;static_gcn_100u_seed123;static_gcn_100u_seed123_final32;static_gcn_100u_seed2025;static_gcn_100u_seed42;static_gcn_200u_seed123;static_gcn_200u_seed123_final32;static_gcn_200u_seed2025;static_gcn_200u_seed2025_final32;static_gcn_200u_seed42;static_gcn_200u_seed42_final32;static_gcn_20u_seed123;static_gcn_20u_seed123_final32;static_gcn_20u_seed2025;static_gcn_20u_seed42;static_gcn_50u_seed123;static_gcn_50u_seed123_final32;static_gcn_50u_seed2025;static_gcn_50u_seed42,,unknown,false,low,
outputs/experiment_summary_seed123.csv,output_summary,other,evolvegcn_h_100u_seed123;evolvegcn_h_20u_seed123;evolvegcn_h_50u_seed123;mean_baseline_100u_seed123;mean_baseline_20u_seed123;mean_baseline_50u_seed123;static_gcn_100u_seed123;static_gcn_20u_seed123;static_gcn_50u_seed123,,unknown,false,low,
outputs/experiment_summary_seed123.json,output_summary,other,evolvegcn_h_100u_seed123;evolvegcn_h_20u_seed123;evolvegcn_h_50u_seed123;mean_baseline_100u_seed123;mean_baseline_20u_seed123;mean_baseline_50u_seed123;static_gcn_100u_seed123;static_gcn_20u_seed123;static_gcn_50u_seed123,,unknown,false,low,
outputs/experiment_summary_seed123.md,output_summary,other,evolvegcn_h_100u_seed123;evolvegcn_h_20u_seed123;evolvegcn_h_50u_seed123;mean_baseline_100u_seed123;mean_baseline_20u_seed123;mean_baseline_50u_seed123;static_gcn_100u_seed123;static_gcn_20u_seed123;static_gcn_50u_seed123,,unknown,false,low,
outputs/experiment_summary_seed123_clean.csv,output_summary,other,evolvegcn_h_100u_seed123;evolvegcn_h_20u_seed123;evolvegcn_h_50u_seed123;mean_baseline_100u_seed123;mean_baseline_20u_seed123;mean_baseline_50u_seed123;static_gcn_100u_seed123;static_gcn_20u_seed123;static_gcn_50u_seed123,,unknown,false,low,
outputs/experiment_summary_seed123_ranked.csv,output_summary,other,evolvegcn_h_100u_seed123;evolvegcn_h_20u_seed123;evolvegcn_h_50u_seed123;mean_baseline_100u_seed123;mean_baseline_20u_seed123;mean_baseline_50u_seed123;static_gcn_100u_seed123;static_gcn_20u_seed123;static_gcn_50u_seed123,,unknown,false,low,
outputs/experiment_summary_seed42_123.csv,output_summary,other,evolvegcn_h_100u_seed123;evolvegcn_h_100u_seed42;evolvegcn_h_20u_seed123;evolvegcn_h_20u_seed42;evolvegcn_h_50u_seed123;evolvegcn_h_50u_seed42;mean_baseline_100u_seed123;mean_baseline_100u_seed42;mean_baseline_20u_seed123;mean_baseline_20u_seed42;mean_baseline_50u_seed123;mean_baseline_50u_seed42;static_gcn_100u_seed123;static_gcn_100u_seed42;static_gcn_20u_seed123;static_gcn_20u_seed42;static_gcn_50u_seed123;static_gcn_50u_seed42,,unknown,false,low,
outputs/experiment_summary_seed42_123.json,output_summary,other,evolvegcn_h_100u_seed123;evolvegcn_h_100u_seed42;evolvegcn_h_20u_seed123;evolvegcn_h_20u_seed42;evolvegcn_h_50u_seed123;evolvegcn_h_50u_seed42;mean_baseline_100u_seed123;mean_baseline_100u_seed42;mean_baseline_20u_seed123;mean_baseline_20u_seed42;mean_baseline_50u_seed123;mean_baseline_50u_seed42;static_gcn_100u_seed123;static_gcn_100u_seed42;static_gcn_20u_seed123;static_gcn_20u_seed42;static_gcn_50u_seed123;static_gcn_50u_seed42,,unknown,false,low,
outputs/experiment_summary_seed42_123.md,output_summary,other,evolvegcn_h_100u_seed123;evolvegcn_h_100u_seed42;evolvegcn_h_20u_seed123;evolvegcn_h_20u_seed42;evolvegcn_h_50u_seed123;evolvegcn_h_50u_seed42;mean_baseline_100u_seed123;mean_baseline_100u_seed42;mean_baseline_20u_seed123;mean_baseline_20u_seed42;mean_baseline_50u_seed123;mean_baseline_50u_seed42;static_gcn_100u_seed123;static_gcn_100u_seed42;static_gcn_20u_seed123;static_gcn_20u_seed42;static_gcn_50u_seed123;static_gcn_50u_seed42,,unknown,false,low,
outputs/experiment_summary_seed42_123_clean.csv,output_summary,other,evolvegcn_h_100u_seed123;evolvegcn_h_100u_seed42;evolvegcn_h_20u_seed123;evolvegcn_h_20u_seed42;evolvegcn_h_50u_seed123;evolvegcn_h_50u_seed42;mean_baseline_100u_seed123;mean_baseline_100u_seed42;mean_baseline_20u_seed123;mean_baseline_20u_seed42;mean_baseline_50u_seed123;mean_baseline_50u_seed42;static_gcn_100u_seed123;static_gcn_100u_seed42;static_gcn_20u_seed123;static_gcn_20u_seed42;static_gcn_50u_seed123;static_gcn_50u_seed42,,unknown,false,low,
outputs/experiment_summary_seed42_123_ranked.csv,output_summary,other,evolvegcn_h_100u_seed123;evolvegcn_h_100u_seed42;evolvegcn_h_20u_seed123;evolvegcn_h_20u_seed42;evolvegcn_h_50u_seed123;evolvegcn_h_50u_seed42;mean_baseline_100u_seed123;mean_baseline_100u_seed42;mean_baseline_20u_seed123;mean_baseline_20u_seed42;mean_baseline_50u_seed123;mean_baseline_50u_seed42;static_gcn_100u_seed123;static_gcn_100u_seed42;static_gcn_20u_seed123;static_gcn_20u_seed42;static_gcn_50u_seed123;static_gcn_50u_seed42,,unknown,false,low,
outputs/experiment_summary_with_200u_final32.csv,output_summary,other,evolvegcn_h_100u_seed123;evolvegcn_h_100u_seed2025;evolvegcn_h_100u_seed42;evolvegcn_h_200u_seed123;evolvegcn_h_200u_seed123_final32;evolvegcn_h_200u_seed2025;evolvegcn_h_200u_seed2025_final32;evolvegcn_h_200u_seed42;evolvegcn_h_200u_seed42_final32;evolvegcn_h_20u_seed123;evolvegcn_h_20u_seed2025;evolvegcn_h_20u_seed42;evolvegcn_h_50u_seed123;evolvegcn_h_50u_seed2025;evolvegcn_h_50u_seed42;mean_baseline_100u_seed123;mean_baseline_100u_seed2025;mean_baseline_100u_seed42;mean_baseline_200u_seed123;mean_baseline_200u_seed2025;mean_baseline_200u_seed42;mean_baseline_20u_seed123;mean_baseline_20u_seed2025;mean_baseline_20u_seed42;mean_baseline_50u_seed123;mean_baseline_50u_seed2025;mean_baseline_50u_seed42;static_gcn_100u_seed123;static_gcn_100u_seed2025;static_gcn_100u_seed42;static_gcn_200u_seed123;static_gcn_200u_seed123_final32;static_gcn_200u_seed2025;static_gcn_200u_seed2025_final32;static_gcn_200u_seed42;static_gcn_200u_seed42_final32;static_gcn_20u_seed123;static_gcn_20u_seed2025;static_gcn_20u_seed42;static_gcn_50u_seed123;static_gcn_50u_seed2025;static_gcn_50u_seed42,,unknown,false,low,
outputs/experiment_summary_with_200u_final32.json,output_summary,other,evolvegcn_h_100u_seed123;evolvegcn_h_100u_seed2025;evolvegcn_h_100u_seed42;evolvegcn_h_200u_seed123;evolvegcn_h_200u_seed123_final32;evolvegcn_h_200u_seed2025;evolvegcn_h_200u_seed2025_final32;evolvegcn_h_200u_seed42;evolvegcn_h_200u_seed42_final32;evolvegcn_h_20u_seed123;evolvegcn_h_20u_seed2025;evolvegcn_h_20u_seed42;evolvegcn_h_50u_seed123;evolvegcn_h_50u_seed2025;evolvegcn_h_50u_seed42;mean_baseline_100u_seed123;mean_baseline_100u_seed2025;mean_baseline_100u_seed42;mean_baseline_200u_seed123;mean_baseline_200u_seed2025;mean_baseline_200u_seed42;mean_baseline_20u_seed123;mean_baseline_20u_seed2025;mean_baseline_20u_seed42;mean_baseline_50u_seed123;mean_baseline_50u_seed2025;mean_baseline_50u_seed42;static_gcn_100u_seed123;static_gcn_100u_seed2025;static_gcn_100u_seed42;static_gcn_200u_seed123;static_gcn_200u_seed123_final32;static_gcn_200u_seed2025;static_gcn_200u_seed2025_final32;static_gcn_200u_seed42;static_gcn_200u_seed42_final32;static_gcn_20u_seed123;static_gcn_20u_seed2025;static_gcn_20u_seed42;static_gcn_50u_seed123;static_gcn_50u_seed2025;static_gcn_50u_seed42,,unknown,false,low,
outputs/experiment_summary_with_200u_final32.md,output_summary,other,evolvegcn_h_100u_seed123;evolvegcn_h_100u_seed2025;evolvegcn_h_100u_seed42;evolvegcn_h_200u_seed123;evolvegcn_h_200u_seed123_final32;evolvegcn_h_200u_seed2025;evolvegcn_h_200u_seed2025_final32;evolvegcn_h_200u_seed42;evolvegcn_h_200u_seed42_final32;evolvegcn_h_20u_seed123;evolvegcn_h_20u_seed2025;evolvegcn_h_20u_seed42;evolvegcn_h_50u_seed123;evolvegcn_h_50u_seed2025;evolvegcn_h_50u_seed42;mean_baseline_100u_seed123;mean_baseline_100u_seed2025;mean_baseline_100u_seed42;mean_baseline_200u_seed123;mean_baseline_200u_seed2025;mean_baseline_200u_seed42;mean_baseline_20u_seed123;mean_baseline_20u_seed2025;mean_baseline_20u_seed42;mean_baseline_50u_seed123;mean_baseline_50u_seed2025;mean_baseline_50u_seed42;static_gcn_100u_seed123;static_gcn_100u_seed2025;static_gcn_100u_seed42;static_gcn_200u_seed123;static_gcn_200u_seed123_final32;static_gcn_200u_seed2025;static_gcn_200u_seed2025_final32;static_gcn_200u_seed42;static_gcn_200u_seed42_final32;static_gcn_20u_seed123;static_gcn_20u_seed2025;static_gcn_20u_seed42;static_gcn_50u_seed123;static_gcn_50u_seed2025;static_gcn_50u_seed42,,unknown,false,low,
outputs/experiment_summary_with_200u_final32_clean.csv,output_summary,other,evolvegcn_h_100u_seed123;evolvegcn_h_100u_seed2025;evolvegcn_h_100u_seed42;evolvegcn_h_200u_seed123;evolvegcn_h_200u_seed123_final32;evolvegcn_h_200u_seed2025;evolvegcn_h_200u_seed2025_final32;evolvegcn_h_200u_seed42;evolvegcn_h_200u_seed42_final32;evolvegcn_h_20u_seed123;evolvegcn_h_20u_seed2025;evolvegcn_h_20u_seed42;evolvegcn_h_50u_seed123;evolvegcn_h_50u_seed2025;evolvegcn_h_50u_seed42;mean_baseline_100u_seed123;mean_baseline_100u_seed2025;mean_baseline_100u_seed42;mean_baseline_200u_seed123;mean_baseline_200u_seed2025;mean_baseline_200u_seed42;mean_baseline_20u_seed123;mean_baseline_20u_seed2025;mean_baseline_20u_seed42;mean_baseline_50u_seed123;mean_baseline_50u_seed2025;mean_baseline_50u_seed42;static_gcn_100u_seed123;static_gcn_100u_seed2025;static_gcn_100u_seed42;static_gcn_200u_seed123;static_gcn_200u_seed123_final32;static_gcn_200u_seed2025;static_gcn_200u_seed2025_final32;static_gcn_200u_seed42;static_gcn_200u_seed42_final32;static_gcn_20u_seed123;static_gcn_20u_seed2025;static_gcn_20u_seed42;static_gcn_50u_seed123;static_gcn_50u_seed2025;static_gcn_50u_seed42,,unknown,false,low,
outputs/experiment_summary_with_200u_final32_ranked.csv,output_summary,other,evolvegcn_h_100u_seed123;evolvegcn_h_100u_seed2025;evolvegcn_h_100u_seed42;evolvegcn_h_200u_seed123;evolvegcn_h_200u_seed123_final32;evolvegcn_h_200u_seed2025;evolvegcn_h_200u_seed2025_final32;evolvegcn_h_200u_seed42;evolvegcn_h_200u_seed42_final32;evolvegcn_h_20u_seed123;evolvegcn_h_20u_seed2025;evolvegcn_h_20u_seed42;evolvegcn_h_50u_seed123;evolvegcn_h_50u_seed2025;evolvegcn_h_50u_seed42;mean_baseline_100u_seed123;mean_baseline_100u_seed2025;mean_baseline_100u_seed42;mean_baseline_200u_seed123;mean_baseline_200u_seed2025;mean_baseline_200u_seed42;mean_baseline_20u_seed123;mean_baseline_20u_seed2025;mean_baseline_20u_seed42;mean_baseline_50u_seed123;mean_baseline_50u_seed2025;mean_baseline_50u_seed42;static_gcn_100u_seed123;static_gcn_100u_seed2025;static_gcn_100u_seed42;static_gcn_200u_seed123;static_gcn_200u_seed123_final32;static_gcn_200u_seed2025;static_gcn_200u_seed2025_final32;static_gcn_200u_seed42;static_gcn_200u_seed42_final32;static_gcn_20u_seed123;static_gcn_20u_seed2025;static_gcn_20u_seed42;static_gcn_50u_seed123;static_gcn_50u_seed2025;static_gcn_50u_seed42,,unknown,false,low,
outputs/graph_degree_distribution_top500_none.png,output_artifact,graph_validation,,,unknown,false,medium,
outputs/graph_diagnostics/v2_logmass_minmax_top100_periodic_knn/LH_0_snapshot_1.00000/01_graph_3d_static.png,output_artifact,knn_ablation,,,unknown,false,medium,
outputs/graph_diagnostics/v2_logmass_minmax_top100_periodic_knn/LH_0_snapshot_1.00000/02_graph_3d_interactive.html,output_artifact,knn_ablation,,,unknown,false,medium,
outputs/graph_diagnostics/v2_logmass_minmax_top100_periodic_knn/LH_0_snapshot_1.00000/03_degree_distribution.png,output_artifact,knn_ablation,,,unknown,false,medium,
outputs/graph_diagnostics/v2_logmass_minmax_top100_periodic_knn/LH_0_snapshot_1.00000/04_feature_summary.csv,output_summary,knn_ablation,,,unknown,false,medium,
outputs/graph_diagnostics/v2_logmass_minmax_top100_periodic_knn/LH_0_snapshot_1.00000/05_graph_visual_summary.json,output_summary,knn_ablation,,,unknown,false,medium,
outputs/graph_diagnostics/v2_logmass_minmax_top100_periodic_knn/LH_0_snapshot_1.00000/06_xy_projection.png,output_artifact,knn_ablation,,,unknown,false,medium,
outputs/graph_diagnostics/v2_logmass_minmax_top100_periodic_knn/LH_0_snapshot_1.00000/07_xz_projection.png,output_artifact,knn_ablation,,,unknown,false,medium,
outputs/graph_diagnostics/v2_logmass_minmax_top100_periodic_knn/LH_0_snapshot_1.00000/08_yz_projection.png,output_artifact,knn_ablation,,,unknown,false,medium,
outputs/graph_diagnostics/v2_logmass_minmax_top100_periodic_knn/LH_0_snapshot_1.00000/09_log10_mass_histogram.png,output_artifact,knn_ablation,,,unknown,false,medium,
outputs/graph_diagnostics/v2_logmass_minmax_top100_periodic_knn/LH_0_snapshot_1.00000/10_node_selection_summary.csv,output_summary,knn_ablation,,,unknown,false,medium,
outputs/graph_diagnostics/v2_logmass_minmax_top100_periodic_knn/LH_0_snapshot_1.00000/11_edge_distance_distribution.png,output_artifact,knn_ablation,,,unknown,false,medium,
outputs/graph_diagnostics/v2_logmass_minmax_top100_periodic_knn/LH_0_snapshot_1.00000/12_adjacency_matrix.png,output_artifact,knn_ablation,,,unknown,false,medium,
outputs/graph_diagnostics/v2_logmass_minmax_top100_periodic_knn/LH_0_snapshot_1.00000/graph_diagnostics_summary.json,output_summary,knn_ablation,,,unknown,false,medium,
outputs/graph_diagnostics/v2_logmass_minmax_top100_periodic_knn/LH_0_snapshot_1.00000_periodic_off/01_graph_3d_static.png,output_artifact,knn_ablation,,,unknown,false,medium,
outputs/graph_diagnostics/v2_logmass_minmax_top100_periodic_knn/LH_0_snapshot_1.00000_periodic_off/02_graph_3d_interactive.html,output_artifact,knn_ablation,,,unknown,false,medium,
outputs/graph_diagnostics/v2_logmass_minmax_top100_periodic_knn/LH_0_snapshot_1.00000_periodic_off/03_degree_distribution.png,output_artifact,knn_ablation,,,unknown,false,medium,
outputs/graph_diagnostics/v2_logmass_minmax_top100_periodic_knn/LH_0_snapshot_1.00000_periodic_off/05_graph_visual_summary.json,output_summary,knn_ablation,,,unknown,false,medium,
outputs/graph_diagnostics/v2_logmass_minmax_top100_periodic_knn/LH_0_snapshot_1.00000_periodic_off/06_xy_projection.png,output_artifact,knn_ablation,,,unknown,false,medium,
outputs/graph_diagnostics/v2_logmass_minmax_top100_periodic_knn/LH_0_snapshot_1.00000_periodic_off/07_xz_projection.png,output_artifact,knn_ablation,,,unknown,false,medium,
outputs/graph_diagnostics/v2_logmass_minmax_top100_periodic_knn/LH_0_snapshot_1.00000_periodic_off/08_yz_projection.png,output_artifact,knn_ablation,,,unknown,false,medium,
outputs/graph_diagnostics/v2_logmass_minmax_top100_periodic_knn/LH_0_snapshot_1.00000_periodic_off/09_log10_mass_histogram.png,output_artifact,knn_ablation,,,unknown,false,medium,
outputs/graph_diagnostics/v2_logmass_minmax_top100_periodic_knn/LH_0_snapshot_1.00000_periodic_off/11_edge_distance_distribution.png,output_artifact,knn_ablation,,,unknown,false,medium,
outputs/graph_diagnostics/v2_logmass_minmax_top100_periodic_knn/LH_0_snapshot_1.00000_periodic_off/12_adjacency_matrix.png,output_artifact,knn_ablation,,,unknown,false,medium,
outputs/graph_diagnostics/v2_logmass_minmax_top100_periodic_knn/LH_0_snapshot_1.00000_periodic_on/01_graph_3d_static.png,output_artifact,knn_ablation,,,unknown,false,medium,
outputs/graph_diagnostics/v2_logmass_minmax_top100_periodic_knn/LH_0_snapshot_1.00000_periodic_on/02_graph_3d_interactive.html,output_artifact,knn_ablation,,,unknown,false,medium,
outputs/graph_diagnostics/v2_logmass_minmax_top100_periodic_knn/LH_0_snapshot_1.00000_periodic_on/03_degree_distribution.png,output_artifact,knn_ablation,,,unknown,false,medium,
outputs/graph_diagnostics/v2_logmass_minmax_top100_periodic_knn/LH_0_snapshot_1.00000_periodic_on/05_graph_visual_summary.json,output_summary,knn_ablation,,,unknown,false,medium,
outputs/graph_diagnostics/v2_logmass_minmax_top100_periodic_knn/LH_0_snapshot_1.00000_periodic_on/06_xy_projection.png,output_artifact,knn_ablation,,,unknown,false,medium,
outputs/graph_diagnostics/v2_logmass_minmax_top100_periodic_knn/LH_0_snapshot_1.00000_periodic_on/07_xz_projection.png,output_artifact,knn_ablation,,,unknown,false,medium,
outputs/graph_diagnostics/v2_logmass_minmax_top100_periodic_knn/LH_0_snapshot_1.00000_periodic_on/08_yz_projection.png,output_artifact,knn_ablation,,,unknown,false,medium,
outputs/graph_diagnostics/v2_logmass_minmax_top100_periodic_knn/LH_0_snapshot_1.00000_periodic_on/09_log10_mass_histogram.png,output_artifact,knn_ablation,,,unknown,false,medium,
outputs/graph_diagnostics/v2_logmass_minmax_top100_periodic_knn/LH_0_snapshot_1.00000_periodic_on/11_edge_distance_distribution.png,output_artifact,knn_ablation,,,unknown,false,medium,
outputs/graph_diagnostics/v2_logmass_minmax_top100_periodic_knn/LH_0_snapshot_1.00000_periodic_on/12_adjacency_matrix.png,output_artifact,knn_ablation,,,unknown,false,medium,
outputs/graph_structure_summary_top500_none.csv,output_summary,graph_validation,,,unknown,false,medium,
outputs/halo_mass_distribution_top500_none.png,output_artifact,other,,,unknown,false,low,
outputs/interactive_3d_halo_graph_top500_none.html,output_artifact,graph_validation,,,unknown,false,medium,
outputs/knn_ablation_500u/figures/01_test_mae_vs_k.png,output_artifact,knn_ablation,,,unknown,false,medium,
outputs/knn_ablation_500u/figures/02_test_rmse_vs_k.png,output_artifact,knn_ablation,,,unknown,false,medium,
outputs/knn_ablation_500u/figures/03_seed_level_test_mae_by_k.png,output_artifact,knn_ablation,,,unknown,false,medium,
outputs/knn_ablation_500u/figures/04_seed_level_test_rmse_by_k.png,output_artifact,knn_ablation,,,unknown,false,medium,
outputs/knn_ablation_500u/figures/05_mean_degree_vs_k.png,output_artifact,knn_ablation,,,unknown,false,medium,
outputs/knn_ablation_500u/figures/06_edge_count_vs_k.png,output_artifact,knn_ablation,,,unknown,false,medium,
outputs/knn_ablation_500u/figures/07_true_vs_predicted_best_k6.png,output_artifact,knn_ablation,,,unknown,false,medium,
outputs/knn_ablation_500u/figures/07_true_vs_predicted_best_k8.png,output_artifact,knn_ablation,,,unknown,false,medium,
outputs/knn_ablation_500u/figures/08_residuals_best_k6.png,output_artifact,knn_ablation,,,unknown,false,medium,
outputs/knn_ablation_500u/figures/08_residuals_best_k8.png,output_artifact,knn_ablation,,,unknown,false,medium,
outputs/knn_ablation_500u/figures/09_absolute_error_distribution_best_k6.png,output_artifact,knn_ablation,,,unknown,false,medium,
outputs/knn_ablation_500u/figures/09_absolute_error_distribution_best_k8.png,output_artifact,knn_ablation,,,unknown,false,medium,
outputs/knn_ablation_500u/figures/10_adjacency_matrix_comparison_by_k.png,output_artifact,knn_ablation,,,unknown,false,medium,
outputs/knn_ablation_500u/knn_ablation_500u_new_runs.csv,output_summary,knn_ablation,evolvegcn_h_500u_k12_seed123;evolvegcn_h_500u_k12_seed2025;evolvegcn_h_500u_k12_seed42;evolvegcn_h_500u_k4_seed123;evolvegcn_h_500u_k4_seed2025;evolvegcn_h_500u_k4_seed42;evolvegcn_h_500u_k6_seed123;evolvegcn_h_500u_k6_seed2025;evolvegcn_h_500u_k6_seed42;static_gcn_500u_k12_seed123;static_gcn_500u_k12_seed2025;static_gcn_500u_k12_seed42;static_gcn_500u_k4_seed123;static_gcn_500u_k4_seed2025;static_gcn_500u_k4_seed42;static_gcn_500u_k6_seed123;static_gcn_500u_k6_seed2025;static_gcn_500u_k6_seed42,,unknown,false,medium,
outputs/knn_ablation_500u/knn_ablation_500u_new_runs.json,output_summary,knn_ablation,evolvegcn_h_500u_k12_seed123;evolvegcn_h_500u_k12_seed2025;evolvegcn_h_500u_k12_seed42;evolvegcn_h_500u_k4_seed123;evolvegcn_h_500u_k4_seed2025;evolvegcn_h_500u_k4_seed42;evolvegcn_h_500u_k6_seed123;evolvegcn_h_500u_k6_seed2025;evolvegcn_h_500u_k6_seed42;static_gcn_500u_k12_seed123;static_gcn_500u_k12_seed2025;static_gcn_500u_k12_seed42;static_gcn_500u_k4_seed123;static_gcn_500u_k4_seed2025;static_gcn_500u_k4_seed42;static_gcn_500u_k6_seed123;static_gcn_500u_k6_seed2025;static_gcn_500u_k6_seed42,,unknown,false,medium,
outputs/knn_ablation_500u/knn_ablation_500u_new_runs.md,output_summary,knn_ablation,evolvegcn_h_500u_k12_seed123;evolvegcn_h_500u_k12_seed2025;evolvegcn_h_500u_k12_seed42;evolvegcn_h_500u_k4_seed123;evolvegcn_h_500u_k4_seed2025;evolvegcn_h_500u_k4_seed42;evolvegcn_h_500u_k6_seed123;evolvegcn_h_500u_k6_seed2025;evolvegcn_h_500u_k6_seed42;static_gcn_500u_k12_seed123;static_gcn_500u_k12_seed2025;static_gcn_500u_k12_seed42;static_gcn_500u_k4_seed123;static_gcn_500u_k4_seed2025;static_gcn_500u_k4_seed42;static_gcn_500u_k6_seed123;static_gcn_500u_k6_seed2025;static_gcn_500u_k6_seed42,,unknown,false,medium,
outputs/knn_ablation_500u/knn_ablation_500u_new_runs_clean.csv,output_summary,knn_ablation,evolvegcn_h_500u_k12_seed123;evolvegcn_h_500u_k12_seed2025;evolvegcn_h_500u_k12_seed42;evolvegcn_h_500u_k4_seed123;evolvegcn_h_500u_k4_seed2025;evolvegcn_h_500u_k4_seed42;evolvegcn_h_500u_k6_seed123;evolvegcn_h_500u_k6_seed2025;evolvegcn_h_500u_k6_seed42;static_gcn_500u_k12_seed123;static_gcn_500u_k12_seed2025;static_gcn_500u_k12_seed42;static_gcn_500u_k4_seed123;static_gcn_500u_k4_seed2025;static_gcn_500u_k4_seed42;static_gcn_500u_k6_seed123;static_gcn_500u_k6_seed2025;static_gcn_500u_k6_seed42,,unknown,false,medium,
outputs/knn_ablation_500u/knn_ablation_500u_new_runs_ranked.csv,output_summary,knn_ablation,evolvegcn_h_500u_k12_seed123;evolvegcn_h_500u_k12_seed2025;evolvegcn_h_500u_k12_seed42;evolvegcn_h_500u_k4_seed123;evolvegcn_h_500u_k4_seed2025;evolvegcn_h_500u_k4_seed42;evolvegcn_h_500u_k6_seed123;evolvegcn_h_500u_k6_seed2025;evolvegcn_h_500u_k6_seed42;static_gcn_500u_k12_seed123;static_gcn_500u_k12_seed2025;static_gcn_500u_k12_seed42;static_gcn_500u_k4_seed123;static_gcn_500u_k4_seed2025;static_gcn_500u_k4_seed42;static_gcn_500u_k6_seed123;static_gcn_500u_k6_seed2025;static_gcn_500u_k6_seed42,,unknown,false,medium,
outputs/knn_ablation_500u/tables/01_knn_ablation_all_runs.csv,output_summary,knn_ablation,evolvegcn_h_500u_k12_seed123;evolvegcn_h_500u_k12_seed2025;evolvegcn_h_500u_k12_seed42;evolvegcn_h_500u_k4_seed123;evolvegcn_h_500u_k4_seed2025;evolvegcn_h_500u_k4_seed42;evolvegcn_h_500u_k6_seed123;evolvegcn_h_500u_k6_seed2025;evolvegcn_h_500u_k6_seed42;evolvegcn_h_500u_seed123_final32;evolvegcn_h_500u_seed2025_final32;evolvegcn_h_500u_seed42_final32;static_gcn_500u_k12_seed123;static_gcn_500u_k12_seed2025;static_gcn_500u_k12_seed42;static_gcn_500u_k4_seed123;static_gcn_500u_k4_seed2025;static_gcn_500u_k4_seed42;static_gcn_500u_k6_seed123;static_gcn_500u_k6_seed2025;static_gcn_500u_k6_seed42;static_gcn_500u_seed123_final32;static_gcn_500u_seed2025_final32;static_gcn_500u_seed42_final32,,unknown,false,medium,
outputs/knn_ablation_500u/tables/01_knn_ablation_h64_all_runs.csv,output_summary,knn_ablation,evolvegcn_h_500u_k12_seed123;evolvegcn_h_500u_k12_seed2025;evolvegcn_h_500u_k12_seed42;evolvegcn_h_500u_k4_seed123;evolvegcn_h_500u_k4_seed2025;evolvegcn_h_500u_k4_seed42;evolvegcn_h_500u_k6_seed123;evolvegcn_h_500u_k6_seed2025;evolvegcn_h_500u_k6_seed42;evolvegcn_h_500u_k8_h64_seed123;evolvegcn_h_500u_k8_h64_seed2025;evolvegcn_h_500u_k8_h64_seed42;static_gcn_500u_k12_seed123;static_gcn_500u_k12_seed2025;static_gcn_500u_k12_seed42;static_gcn_500u_k4_seed123;static_gcn_500u_k4_seed2025;static_gcn_500u_k4_seed42;static_gcn_500u_k6_seed123;static_gcn_500u_k6_seed2025;static_gcn_500u_k6_seed42;static_gcn_500u_k8_h64_seed123;static_gcn_500u_k8_h64_seed2025;static_gcn_500u_k8_h64_seed42,,unknown,false,medium,
outputs/knn_ablation_500u/tables/02_knn_ablation_summary_by_model_k.csv,output_summary,knn_ablation,,,unknown,false,medium,
outputs/knn_ablation_500u/tables/02_knn_ablation_summary_by_model_k_display.csv,output_summary,knn_ablation,,,unknown,false,medium,
outputs/knn_ablation_500u/tables/03_best_k_by_model.csv,output_summary,knn_ablation,,,unknown,false,medium,
outputs/knn_ablation_500u/tables/04_ranked_k_values_by_model.csv,output_summary,knn_ablation,,,unknown,false,medium,
outputs/knn_ablation_500u/tables/05_graph_connectivity_by_k.csv,output_summary,knn_ablation,,,unknown,false,medium,
outputs/knn_ablation_500u/tables/05_graph_connectivity_by_k_display.csv,output_summary,knn_ablation,,,unknown,false,medium,
outputs/knn_ablation_500u/tables/06_test_predictions_best_k6.csv,output_summary,knn_ablation,evolvegcn_h_500u_k6_seed123;evolvegcn_h_500u_k6_seed2025;evolvegcn_h_500u_k6_seed42;static_gcn_500u_k6_seed123;static_gcn_500u_k6_seed2025;static_gcn_500u_k6_seed42,,unknown,false,medium,
outputs/knn_ablation_500u/tables/06_test_predictions_best_k8.csv,output_summary,knn_ablation,evolvegcn_h_500u_k8_h64_seed123;evolvegcn_h_500u_k8_h64_seed2025;evolvegcn_h_500u_k8_h64_seed42;static_gcn_500u_k8_h64_seed123;static_gcn_500u_k8_h64_seed2025;static_gcn_500u_k8_h64_seed42,,unknown,false,medium,
outputs/mass_vs_degree_top500_none.png,output_artifact,other,,,unknown,false,low,
outputs/minmax_evolvegcnh_residuals.png,output_artifact,other,,,unknown,false,low,
outputs/minmax_evolvegcnh_true_vs_pred.png,output_artifact,other,,,unknown,false,low,
outputs/none_evolvegcnh_residuals.png,output_artifact,other,,,unknown,false,low,
outputs/none_evolvegcnh_true_vs_pred.png,output_artifact,other,,,unknown,false,low,
outputs/normalization_ablation_top500_3norms_5seeds.csv,output_summary,normalization_ablation,evolvegcn_h_500u_top500_h32_seed123_minmax;evolvegcn_h_500u_top500_h32_seed123_none;evolvegcn_h_500u_top500_h32_seed123_zscore;evolvegcn_h_500u_top500_h32_seed2025_minmax;evolvegcn_h_500u_top500_h32_seed2025_none;evolvegcn_h_500u_top500_h32_seed2025_zscore;evolvegcn_h_500u_top500_h32_seed42;evolvegcn_h_500u_top500_h32_seed42_none_norm;evolvegcn_h_500u_top500_h32_seed42_zscore;evolvegcn_h_500u_top500_h32_seed777_minmax;evolvegcn_h_500u_top500_h32_seed777_none;evolvegcn_h_500u_top500_h32_seed777_zscore;evolvegcn_h_500u_top500_h32_seed999_minmax;evolvegcn_h_500u_top500_h32_seed999_none;evolvegcn_h_500u_top500_h32_seed999_zscore,,unknown,false,medium,
outputs/normalization_ablation_top500_3norms_5seeds_mae.png,output_artifact,normalization_ablation,,,unknown,false,medium,
outputs/normalization_ablation_top500_3norms_5seeds_summary.csv,output_summary,normalization_ablation,,,unknown,false,medium,
outputs/normalization_ablation_top500_5seeds.csv,output_summary,normalization_ablation,evolvegcn_h_500u_top500_h32_seed123_minmax;evolvegcn_h_500u_top500_h32_seed123_none;evolvegcn_h_500u_top500_h32_seed2025_minmax;evolvegcn_h_500u_top500_h32_seed2025_none;evolvegcn_h_500u_top500_h32_seed42;evolvegcn_h_500u_top500_h32_seed42_none_norm;evolvegcn_h_500u_top500_h32_seed777_minmax;evolvegcn_h_500u_top500_h32_seed777_none;evolvegcn_h_500u_top500_h32_seed999_minmax;evolvegcn_h_500u_top500_h32_seed999_none,,unknown,false,medium,
outputs/normalization_ablation_top500_5seeds_mae.png,output_artifact,normalization_ablation,,,unknown,false,medium,
outputs/normalization_ablation_top500_5seeds_summary.csv,output_summary,normalization_ablation,,,unknown,false,medium,
outputs/notebook_figures/graph_models_20u_to_500u_no_baseline/01_test_mae_scaling_20u_to_500u.png,output_artifact,graph_validation,,,unknown,false,medium,
outputs/notebook_figures/graph_models_20u_to_500u_no_baseline/02_test_rmse_scaling_20u_to_500u.png,output_artifact,graph_validation,,,unknown,false,medium,
outputs/notebook_figures/graph_models_20u_to_500u_no_baseline/03_500u_test_mae_bar.png,output_artifact,graph_validation,,,unknown,false,medium,
outputs/notebook_figures/graph_models_20u_to_500u_no_baseline/03_500u_test_mae_bar_zoomed.png,output_artifact,graph_validation,,,unknown,false,medium,
outputs/notebook_figures/graph_models_20u_to_500u_no_baseline/03_500u_test_mae_pointplot.png,output_artifact,graph_validation,,,unknown,false,medium,
outputs/notebook_figures/graph_models_20u_to_500u_no_baseline/04_true_vs_predicted_500u_evolvegcn_h.png,output_artifact,graph_validation,,,unknown,false,medium,
outputs/notebook_figures/graph_models_20u_to_500u_no_baseline/04_true_vs_predicted_500u_static_gcn.png,output_artifact,graph_validation,,,unknown,false,medium,
outputs/notebook_figures/graph_models_20u_to_500u_no_baseline/05_residuals_500u_evolvegcn_h.png,output_artifact,graph_validation,,,unknown,false,medium,
outputs/notebook_figures/graph_models_20u_to_500u_no_baseline/05_residuals_500u_static_gcn.png,output_artifact,graph_validation,,,unknown,false,medium,
outputs/notebook_figures/graph_models_20u_to_500u_no_baseline/06_absolute_error_distribution_500u.png,output_artifact,graph_validation,,,unknown,false,medium,
outputs/notebook_figures/graph_models_20u_to_500u_no_baseline/07_seed_stability_test_mae.png,output_artifact,graph_validation,,,unknown,false,medium,
outputs/notebook_figures/graph_models_20u_to_500u_no_baseline/08_model_complexity.png,output_artifact,graph_validation,,,unknown,false,medium,
outputs/notebook_figures/graph_models_20u_to_500u_no_baseline/08_model_complexity_logscale.png,output_artifact,graph_validation,,,unknown,false,medium,
outputs/notebook_figures/graph_models_20u_to_500u_no_baseline/08_model_complexity_logscale_with_ratio.png,output_artifact,graph_validation,,,unknown,false,medium,
outputs/notebook_figures/graph_models_20u_to_500u_no_baseline/09_training_curve_500u_evolvegcn_h_seed123.png,output_artifact,graph_validation,,,unknown,false,medium,
outputs/notebook_figures/graph_models_20u_to_500u_no_baseline/09_training_curve_500u_evolvegcn_h_seed2025.png,output_artifact,graph_validation,,,unknown,false,medium,
outputs/notebook_figures/graph_models_20u_to_500u_no_baseline/09_training_curve_500u_evolvegcn_h_seed42.png,output_artifact,graph_validation,,,unknown,false,medium,
outputs/notebook_figures/graph_models_20u_to_500u_no_baseline/09_training_curve_500u_static_gcn_seed123.png,output_artifact,graph_validation,,,unknown,false,medium,
outputs/notebook_figures/graph_models_20u_to_500u_no_baseline/09_training_curve_500u_static_gcn_seed2025.png,output_artifact,graph_validation,,,unknown,false,medium,
outputs/notebook_figures/graph_models_20u_to_500u_no_baseline/09_training_curve_500u_static_gcn_seed42.png,output_artifact,graph_validation,,,unknown,false,medium,
outputs/notebook_tables/all_test_predictions_graph_models_20u_to_500u.csv,output_summary,graph_validation,evolvegcn_h_100u_seed123;evolvegcn_h_100u_seed123_final32;evolvegcn_h_100u_seed2025;evolvegcn_h_100u_seed42;evolvegcn_h_200u_seed123;evolvegcn_h_200u_seed123_final32;evolvegcn_h_200u_seed2025;evolvegcn_h_200u_seed2025_final32;evolvegcn_h_200u_seed42;evolvegcn_h_200u_seed42_final32;evolvegcn_h_20u_seed123;evolvegcn_h_20u_seed123_final32;evolvegcn_h_20u_seed2025;evolvegcn_h_20u_seed42;evolvegcn_h_500u_seed123_final32;evolvegcn_h_500u_seed2025_final32;evolvegcn_h_500u_seed42_final32;evolvegcn_h_50u_seed123;evolvegcn_h_50u_seed123_final32;evolvegcn_h_50u_seed2025;evolvegcn_h_50u_seed42;static_gcn_100u_seed123;static_gcn_100u_seed123_final32;static_gcn_100u_seed2025;static_gcn_100u_seed42;static_gcn_200u_seed123;static_gcn_200u_seed123_final32;static_gcn_200u_seed2025;static_gcn_200u_seed2025_final32;static_gcn_200u_seed42;static_gcn_200u_seed42_final32;static_gcn_20u_seed123;static_gcn_20u_seed123_final32;static_gcn_20u_seed2025;static_gcn_20u_seed42;static_gcn_500u_seed123_final32;static_gcn_500u_seed2025_final32;static_gcn_500u_seed42_final32;static_gcn_50u_seed123;static_gcn_50u_seed123_final32;static_gcn_50u_seed2025;static_gcn_50u_seed42,,unknown,false,medium,
outputs/notebook_tables/best_graph_model_per_dataset_size.csv,output_summary,graph_validation,,,unknown,false,medium,
outputs/notebook_tables/best_model_per_dataset_size_graph_models.csv,output_summary,graph_validation,,,unknown,false,medium,
outputs/notebook_tables/detailed_500u_graph_model_results.csv,output_summary,graph_validation,evolvegcn_h_500u_seed123_final32;evolvegcn_h_500u_seed2025_final32;evolvegcn_h_500u_seed42_final32;static_gcn_500u_seed123_final32;static_gcn_500u_seed2025_final32;static_gcn_500u_seed42_final32,,unknown,false,medium,
outputs/notebook_tables/final_200u_graph_model_summary.csv,output_summary,graph_validation,,,unknown,false,medium,
outputs/notebook_tables/graph_models_20u_to_200u_summary.csv,output_summary,graph_validation,,,unknown,false,medium,
outputs/notebook_tables/graph_models_20u_to_500u_no_baseline.csv,output_summary,graph_validation,evolvegcn_h_100u_seed123;evolvegcn_h_100u_seed123_final32;evolvegcn_h_100u_seed2025;evolvegcn_h_100u_seed42;evolvegcn_h_200u_seed123;evolvegcn_h_200u_seed123_final32;evolvegcn_h_200u_seed2025;evolvegcn_h_200u_seed2025_final32;evolvegcn_h_200u_seed42;evolvegcn_h_200u_seed42_final32;evolvegcn_h_20u_seed123;evolvegcn_h_20u_seed123_final32;evolvegcn_h_20u_seed2025;evolvegcn_h_20u_seed42;evolvegcn_h_500u_seed123_final32;evolvegcn_h_500u_seed2025_final32;evolvegcn_h_500u_seed42_final32;evolvegcn_h_50u_seed123;evolvegcn_h_50u_seed123_final32;evolvegcn_h_50u_seed2025;evolvegcn_h_50u_seed42;static_gcn_100u_seed123;static_gcn_100u_seed123_final32;static_gcn_100u_seed2025;static_gcn_100u_seed42;static_gcn_200u_seed123;static_gcn_200u_seed123_final32;static_gcn_200u_seed2025;static_gcn_200u_seed2025_final32;static_gcn_200u_seed42;static_gcn_200u_seed42_final32;static_gcn_20u_seed123;static_gcn_20u_seed123_final32;static_gcn_20u_seed2025;static_gcn_20u_seed42;static_gcn_500u_seed123_final32;static_gcn_500u_seed2025_final32;static_gcn_500u_seed42_final32;static_gcn_50u_seed123;static_gcn_50u_seed123_final32;static_gcn_50u_seed2025;static_gcn_50u_seed42,,unknown,false,medium,
outputs/notebook_tables/graph_models_20u_to_500u_no_baseline.json,output_summary,graph_validation,evolvegcn_h_100u_seed123;evolvegcn_h_100u_seed123_final32;evolvegcn_h_100u_seed2025;evolvegcn_h_100u_seed42;evolvegcn_h_200u_seed123;evolvegcn_h_200u_seed123_final32;evolvegcn_h_200u_seed2025;evolvegcn_h_200u_seed2025_final32;evolvegcn_h_200u_seed42;evolvegcn_h_200u_seed42_final32;evolvegcn_h_20u_seed123;evolvegcn_h_20u_seed123_final32;evolvegcn_h_20u_seed2025;evolvegcn_h_20u_seed42;evolvegcn_h_500u_seed123_final32;evolvegcn_h_500u_seed2025_final32;evolvegcn_h_500u_seed42_final32;evolvegcn_h_50u_seed123;evolvegcn_h_50u_seed123_final32;evolvegcn_h_50u_seed2025;evolvegcn_h_50u_seed42;static_gcn_100u_seed123;static_gcn_100u_seed123_final32;static_gcn_100u_seed2025;static_gcn_100u_seed42;static_gcn_200u_seed123;static_gcn_200u_seed123_final32;static_gcn_200u_seed2025;static_gcn_200u_seed2025_final32;static_gcn_200u_seed42;static_gcn_200u_seed42_final32;static_gcn_20u_seed123;static_gcn_20u_seed123_final32;static_gcn_20u_seed2025;static_gcn_20u_seed42;static_gcn_500u_seed123_final32;static_gcn_500u_seed2025_final32;static_gcn_500u_seed42_final32;static_gcn_50u_seed123;static_gcn_50u_seed123_final32;static_gcn_50u_seed2025;static_gcn_50u_seed42,,unknown,false,medium,
outputs/notebook_tables/graph_models_20u_to_500u_no_baseline.md,output_summary,graph_validation,evolvegcn_h_100u_seed123;evolvegcn_h_100u_seed123_final32;evolvegcn_h_100u_seed2025;evolvegcn_h_100u_seed42;evolvegcn_h_200u_seed123;evolvegcn_h_200u_seed123_final32;evolvegcn_h_200u_seed2025;evolvegcn_h_200u_seed2025_final32;evolvegcn_h_200u_seed42;evolvegcn_h_200u_seed42_final32;evolvegcn_h_20u_seed123;evolvegcn_h_20u_seed123_final32;evolvegcn_h_20u_seed2025;evolvegcn_h_20u_seed42;evolvegcn_h_500u_seed123_final32;evolvegcn_h_500u_seed2025_final32;evolvegcn_h_500u_seed42_final32;evolvegcn_h_50u_seed123;evolvegcn_h_50u_seed123_final32;evolvegcn_h_50u_seed2025;evolvegcn_h_50u_seed42;static_gcn_100u_seed123;static_gcn_100u_seed123_final32;static_gcn_100u_seed2025;static_gcn_100u_seed42;static_gcn_200u_seed123;static_gcn_200u_seed123_final32;static_gcn_200u_seed2025;static_gcn_200u_seed2025_final32;static_gcn_200u_seed42;static_gcn_200u_seed42_final32;static_gcn_20u_seed123;static_gcn_20u_seed123_final32;static_gcn_20u_seed2025;static_gcn_20u_seed42;static_gcn_500u_seed123_final32;static_gcn_500u_seed2025_final32;static_gcn_500u_seed42_final32;static_gcn_50u_seed123;static_gcn_50u_seed123_final32;static_gcn_50u_seed2025;static_gcn_50u_seed42,,unknown,false,medium,
outputs/notebook_tables/graph_models_20u_to_500u_no_baseline_clean.csv,output_summary,graph_validation,evolvegcn_h_100u_seed123;evolvegcn_h_100u_seed123_final32;evolvegcn_h_100u_seed2025;evolvegcn_h_100u_seed42;evolvegcn_h_200u_seed123;evolvegcn_h_200u_seed123_final32;evolvegcn_h_200u_seed2025;evolvegcn_h_200u_seed2025_final32;evolvegcn_h_200u_seed42;evolvegcn_h_200u_seed42_final32;evolvegcn_h_20u_seed123;evolvegcn_h_20u_seed123_final32;evolvegcn_h_20u_seed2025;evolvegcn_h_20u_seed42;evolvegcn_h_500u_seed123_final32;evolvegcn_h_500u_seed2025_final32;evolvegcn_h_500u_seed42_final32;evolvegcn_h_50u_seed123;evolvegcn_h_50u_seed123_final32;evolvegcn_h_50u_seed2025;evolvegcn_h_50u_seed42;static_gcn_100u_seed123;static_gcn_100u_seed123_final32;static_gcn_100u_seed2025;static_gcn_100u_seed42;static_gcn_200u_seed123;static_gcn_200u_seed123_final32;static_gcn_200u_seed2025;static_gcn_200u_seed2025_final32;static_gcn_200u_seed42;static_gcn_200u_seed42_final32;static_gcn_20u_seed123;static_gcn_20u_seed123_final32;static_gcn_20u_seed2025;static_gcn_20u_seed42;static_gcn_500u_seed123_final32;static_gcn_500u_seed2025_final32;static_gcn_500u_seed42_final32;static_gcn_50u_seed123;static_gcn_50u_seed123_final32;static_gcn_50u_seed2025;static_gcn_50u_seed42,,unknown,false,medium,
outputs/notebook_tables/graph_models_20u_to_500u_no_baseline_ranked.csv,output_summary,graph_validation,evolvegcn_h_100u_seed123;evolvegcn_h_100u_seed123_final32;evolvegcn_h_100u_seed2025;evolvegcn_h_100u_seed42;evolvegcn_h_200u_seed123;evolvegcn_h_200u_seed123_final32;evolvegcn_h_200u_seed2025;evolvegcn_h_200u_seed2025_final32;evolvegcn_h_200u_seed42;evolvegcn_h_200u_seed42_final32;evolvegcn_h_20u_seed123;evolvegcn_h_20u_seed123_final32;evolvegcn_h_20u_seed2025;evolvegcn_h_20u_seed42;evolvegcn_h_500u_seed123_final32;evolvegcn_h_500u_seed2025_final32;evolvegcn_h_500u_seed42_final32;evolvegcn_h_50u_seed123;evolvegcn_h_50u_seed123_final32;evolvegcn_h_50u_seed2025;evolvegcn_h_50u_seed42;static_gcn_100u_seed123;static_gcn_100u_seed123_final32;static_gcn_100u_seed2025;static_gcn_100u_seed42;static_gcn_200u_seed123;static_gcn_200u_seed123_final32;static_gcn_200u_seed2025;static_gcn_200u_seed2025_final32;static_gcn_200u_seed42;static_gcn_200u_seed42_final32;static_gcn_20u_seed123;static_gcn_20u_seed123_final32;static_gcn_20u_seed2025;static_gcn_20u_seed42;static_gcn_500u_seed123_final32;static_gcn_500u_seed2025_final32;static_gcn_500u_seed42_final32;static_gcn_50u_seed123;static_gcn_50u_seed123_final32;static_gcn_50u_seed2025;static_gcn_50u_seed42,,unknown,false,medium,
outputs/notebook_tables/mean_baseline_sanity_summary.csv,output_summary,other,,,unknown,false,low,
outputs/notebook_tables/meeting_table_graph_models_20u_to_500u.csv,output_summary,graph_validation,evolvegcn_h_100u_seed123;evolvegcn_h_100u_seed123_final32;evolvegcn_h_100u_seed2025;evolvegcn_h_100u_seed42;evolvegcn_h_200u_seed123;evolvegcn_h_200u_seed123_final32;evolvegcn_h_200u_seed2025;evolvegcn_h_200u_seed2025_final32;evolvegcn_h_200u_seed42;evolvegcn_h_200u_seed42_final32;evolvegcn_h_20u_seed123;evolvegcn_h_20u_seed123_final32;evolvegcn_h_20u_seed2025;evolvegcn_h_20u_seed42;evolvegcn_h_500u_seed123_final32;evolvegcn_h_500u_seed2025_final32;evolvegcn_h_500u_seed42_final32;evolvegcn_h_50u_seed123;evolvegcn_h_50u_seed123_final32;evolvegcn_h_50u_seed2025;evolvegcn_h_50u_seed42;static_gcn_100u_seed123;static_gcn_100u_seed123_final32;static_gcn_100u_seed2025;static_gcn_100u_seed42;static_gcn_200u_seed123;static_gcn_200u_seed123_final32;static_gcn_200u_seed2025;static_gcn_200u_seed2025_final32;static_gcn_200u_seed42;static_gcn_200u_seed42_final32;static_gcn_20u_seed123;static_gcn_20u_seed123_final32;static_gcn_20u_seed2025;static_gcn_20u_seed42;static_gcn_500u_seed123_final32;static_gcn_500u_seed2025_final32;static_gcn_500u_seed42_final32;static_gcn_50u_seed123;static_gcn_50u_seed123_final32;static_gcn_50u_seed2025;static_gcn_50u_seed42,,unknown,false,medium,
outputs/notebook_tables/seed_stability_summary.csv,output_summary,other,,,unknown,false,low,
outputs/notebook_tables/static_vs_evolvegcn_improvement.csv,output_summary,other,,,unknown,false,low,
outputs/notebook_tables/summary_by_model_graph_models_20u_to_500u.csv,output_summary,graph_validation,,,unknown,false,medium,
outputs/rank_correlation_prediction_behavior_seed42.csv,output_summary,other,,,unknown,false,low,
outputs/raw_dataset_validation/raw_dataset_integrity_summary.csv,output_summary,raw_data_validation,,,unknown,false,medium,
outputs/raw_dataset_validation/storage_summary.csv,output_summary,raw_data_validation,,,unknown,false,medium,
outputs/resource_report/remote_machine_resources.txt,output_artifact,other,,,unknown,false,low,
outputs/spearman_rank_correlation_seed42.png,output_artifact,other,,,unknown,false,low,
outputs/static_gcn_none_seed42_prediction_behavior.csv,output_summary,other,,,unknown,false,low,
outputs/static_gcn_none_seed42_prediction_distribution.png,output_artifact,other,,,unknown,false,low,
outputs/static_gcn_none_seed42_residuals.png,output_artifact,other,,,unknown,false,low,
outputs/static_gcn_none_seed42_sorted_true_vs_pred_curve.png,output_artifact,other,,,unknown,false,low,
outputs/static_gcn_none_seed42_true_vs_pred.png,output_artifact,other,,,unknown,false,low,
outputs/static_gcn_none_top500_5seeds.csv,output_summary,other,static_gcn_500u_top500_final_snapshot_h32_seed123_none;static_gcn_500u_top500_final_snapshot_h32_seed2025_none;static_gcn_500u_top500_final_snapshot_h32_seed42_none;static_gcn_500u_top500_final_snapshot_h32_seed777_none;static_gcn_500u_top500_final_snapshot_h32_seed999_none,,unknown,false,low,
outputs/static_gcn_normalization_top500_5seeds.csv,output_summary,normalization_ablation,evolvegcn_h_500u_top500_h32_seed123_minmax;evolvegcn_h_500u_top500_h32_seed123_none;evolvegcn_h_500u_top500_h32_seed123_zscore;evolvegcn_h_500u_top500_h32_seed2025_minmax;evolvegcn_h_500u_top500_h32_seed2025_none;evolvegcn_h_500u_top500_h32_seed2025_zscore;evolvegcn_h_500u_top500_h32_seed42;evolvegcn_h_500u_top500_h32_seed42_none_norm;evolvegcn_h_500u_top500_h32_seed42_zscore;evolvegcn_h_500u_top500_h32_seed777_minmax;evolvegcn_h_500u_top500_h32_seed777_none;evolvegcn_h_500u_top500_h32_seed777_zscore;evolvegcn_h_500u_top500_h32_seed999_minmax;evolvegcn_h_500u_top500_h32_seed999_none;evolvegcn_h_500u_top500_h32_seed999_zscore;static_gcn_500u_top500_final_snapshot_h32_seed123_minmax;static_gcn_500u_top500_final_snapshot_h32_seed123_none;static_gcn_500u_top500_final_snapshot_h32_seed123_zscore;static_gcn_500u_top500_final_snapshot_h32_seed2025_minmax;static_gcn_500u_top500_final_snapshot_h32_seed2025_none;static_gcn_500u_top500_final_snapshot_h32_seed2025_zscore;static_gcn_500u_top500_final_snapshot_h32_seed42_none;static_gcn_500u_top500_final_snapshot_h32_seed42_zscore;static_gcn_500u_top500_final_snapshot_h32_seed777_minmax;static_gcn_500u_top500_final_snapshot_h32_seed777_none;static_gcn_500u_top500_final_snapshot_h32_seed777_zscore;static_gcn_500u_top500_final_snapshot_h32_seed999_minmax;static_gcn_500u_top500_final_snapshot_h32_seed999_none;static_gcn_500u_top500_final_snapshot_h32_seed999_zscore;static_gcn_top500_final_snapshot_same_split_h32_seed42,,unknown,false,medium,
outputs/static_gcn_normalization_top500_5seeds_mae.png,output_artifact,normalization_ablation,,,unknown,false,medium,
outputs/static_gcn_normalization_top500_5seeds_summary.csv,output_summary,normalization_ablation,,,unknown,false,medium,
outputs/static_gcn_zscore_top500_5seeds.csv,output_summary,other,static_gcn_500u_top500_final_snapshot_h32_seed123_zscore;static_gcn_500u_top500_final_snapshot_h32_seed2025_zscore;static_gcn_500u_top500_final_snapshot_h32_seed42_zscore;static_gcn_500u_top500_final_snapshot_h32_seed777_zscore;static_gcn_500u_top500_final_snapshot_h32_seed999_zscore,,unknown,false,low,
outputs/static_vs_evolvegcn_h_normalization_comparison.csv,output_summary,normalization_ablation,,,unknown,false,medium,
outputs/static_vs_evolvegcn_h_normalization_comparison.png,output_artifact,normalization_ablation,,,unknown,false,medium,
outputs/target_inspection_1000u.csv,output_summary,target_validation,,,unknown,false,medium,
outputs/target_inspection_100u.csv,output_summary,target_validation,,,unknown,false,medium,
outputs/target_inspection_100u.json,output_summary,target_validation,,,unknown,false,medium,
outputs/target_inspection_200u.csv,output_summary,target_validation,,,unknown,false,medium,
outputs/target_inspection_200u.json,output_summary,target_validation,,,unknown,false,medium,
outputs/target_inspection_20u.csv,output_summary,target_validation,,,unknown,false,medium,
outputs/target_inspection_20u.json,output_summary,target_validation,,,unknown,false,medium,
outputs/target_inspection_500u.csv,output_summary,target_validation,,,unknown,false,medium,
outputs/target_inspection_500u.json,output_summary,target_validation,,,unknown,false,medium,
outputs/target_inspection_50u.csv,output_summary,target_validation,,,unknown,false,medium,
outputs/target_inspection_50u.json,output_summary,target_validation,,,unknown,false,medium,
outputs/target_inspection_750u.csv,output_summary,target_validation,,,unknown,false,medium,
outputs/target_inspection_750u.json,output_summary,target_validation,,,unknown,false,medium,
outputs/validate_temporal_750u_none_top1000_periodic_knn.json,output_summary,knn_ablation,,,unknown,false,medium,
outputs/validation_static_100u_minmax.json,output_summary,other,,,unknown,false,low,
outputs/validation_static_200u_minmax.json,output_summary,other,,,unknown,false,low,
outputs/validation_static_20u_minmax.json,output_summary,other,,,unknown,false,low,
outputs/validation_static_500u_logmass_minmax_top100_periodic_knn.json,output_summary,knn_ablation,,,unknown,false,medium,
outputs/validation_static_500u_logmass_minmax_top100_periodic_knn_k12.json,output_summary,knn_ablation,,,unknown,false,medium,
outputs/validation_static_500u_logmass_minmax_top100_periodic_knn_k4.json,output_summary,knn_ablation,,,unknown,false,medium,
outputs/validation_static_500u_logmass_minmax_top100_periodic_knn_k6.json,output_summary,knn_ablation,,,unknown,false,medium,
outputs/validation_static_50u_minmax.json,output_summary,other,,,unknown,false,low,
outputs/validation_temporal_100u_minmax.json,output_summary,other,,,unknown,false,low,
outputs/validation_temporal_1u_minmax.json,output_summary,other,,,unknown,false,low,
outputs/validation_temporal_200u_minmax.json,output_summary,other,,,unknown,false,low,
outputs/validation_temporal_20u_minmax.json,output_summary,other,,,unknown,false,low,
outputs/validation_temporal_500u_logmass_minmax_top100_periodic_knn.json,output_summary,knn_ablation,,,unknown,false,medium,
outputs/validation_temporal_500u_logmass_minmax_top100_periodic_knn_k12.json,output_summary,knn_ablation,,,unknown,false,medium,
outputs/validation_temporal_500u_logmass_minmax_top100_periodic_knn_k4.json,output_summary,knn_ablation,,,unknown,false,medium,
outputs/validation_temporal_500u_logmass_minmax_top100_periodic_knn_k6.json,output_summary,knn_ablation,,,unknown,false,medium,
outputs/validation_temporal_50u_minmax.json,output_summary,other,,,unknown,false,low,
outputs/xy_projection_top500_none.png,output_artifact,other,,,unknown,false,low,
reports/analysis/controlled_evolvegcn_graph_pooling_ablation_750u_top1000/README.md,report,graph_validation,,,unknown,false,medium,
reports/analysis/controlled_evolvegcn_graph_pooling_ablation_750u_top1000/aggregated_results.csv,report,graph_validation,,,unknown,false,medium,
reports/analysis/controlled_evolvegcn_graph_pooling_ablation_750u_top1000/analysis_manifest.json,report,graph_validation,evolvegcn_h_750u_top1000_h32_seed123_none;evolvegcn_h_750u_top1000_h32_seed123_none_linear_head;evolvegcn_h_750u_top1000_h32_seed123_none_linear_head_meanmax;evolvegcn_h_750u_top1000_h32_seed2025_none;evolvegcn_h_750u_top1000_h32_seed2025_none_linear_head;evolvegcn_h_750u_top1000_h32_seed2025_none_linear_head_meanmax;evolvegcn_h_750u_top1000_h32_seed42_none;evolvegcn_h_750u_top1000_h32_seed42_none_linear_head;evolvegcn_h_750u_top1000_h32_seed42_none_linear_head_meanmax;evolvegcn_h_750u_top1000_h32_seed777_none;evolvegcn_h_750u_top1000_h32_seed777_none_linear_head;evolvegcn_h_750u_top1000_h32_seed777_none_linear_head_meanmax;evolvegcn_h_750u_top1000_h32_seed999_none;evolvegcn_h_750u_top1000_h32_seed999_none_linear_head;evolvegcn_h_750u_top1000_h32_seed999_none_linear_head_meanmax,,unknown,false,medium,
reports/analysis/controlled_evolvegcn_graph_pooling_ablation_750u_top1000/compatibility_report.md,report,graph_validation,,,unknown,false,medium,
reports/analysis/controlled_evolvegcn_graph_pooling_ablation_750u_top1000/figures/paired_mae_difference_by_seed.pdf,report,graph_validation,,,unknown,false,medium,
reports/analysis/controlled_evolvegcn_graph_pooling_ablation_750u_top1000/figures/paired_mae_difference_by_seed.png,report,graph_validation,,,unknown,false,medium,
reports/analysis/controlled_evolvegcn_graph_pooling_ablation_750u_top1000/figures/paired_r2_difference_by_seed.pdf,report,graph_validation,,,unknown,false,medium,
reports/analysis/controlled_evolvegcn_graph_pooling_ablation_750u_top1000/figures/paired_r2_difference_by_seed.png,report,graph_validation,,,unknown,false,medium,
reports/analysis/controlled_evolvegcn_graph_pooling_ablation_750u_top1000/figures/paired_rmse_difference_by_seed.pdf,report,graph_validation,,,unknown,false,medium,
reports/analysis/controlled_evolvegcn_graph_pooling_ablation_750u_top1000/figures/paired_rmse_difference_by_seed.png,report,graph_validation,,,unknown,false,medium,
reports/analysis/controlled_evolvegcn_graph_pooling_ablation_750u_top1000/figures/per_seed_mae_trajectories.pdf,report,graph_validation,,,unknown,false,medium,
reports/analysis/controlled_evolvegcn_graph_pooling_ablation_750u_top1000/figures/per_seed_mae_trajectories.png,report,graph_validation,,,unknown,false,medium,
reports/analysis/controlled_evolvegcn_graph_pooling_ablation_750u_top1000/figures/pooling_effect_summary.pdf,report,graph_validation,,,unknown,false,medium,
reports/analysis/controlled_evolvegcn_graph_pooling_ablation_750u_top1000/figures/pooling_effect_summary.png,report,graph_validation,,,unknown,false,medium,
reports/analysis/controlled_evolvegcn_graph_pooling_ablation_750u_top1000/figures/prediction_std_ratio_by_graph_pooling.pdf,report,graph_validation,,,unknown,false,medium,
reports/analysis/controlled_evolvegcn_graph_pooling_ablation_750u_top1000/figures/prediction_std_ratio_by_graph_pooling.png,report,graph_validation,,,unknown,false,medium,
reports/analysis/controlled_evolvegcn_graph_pooling_ablation_750u_top1000/figures/prediction_std_ratio_vs_graph_pooling.pdf,report,graph_validation,,,unknown,false,medium,
reports/analysis/controlled_evolvegcn_graph_pooling_ablation_750u_top1000/figures/prediction_std_ratio_vs_graph_pooling.png,report,graph_validation,,,unknown,false,medium,
reports/analysis/controlled_evolvegcn_graph_pooling_ablation_750u_top1000/figures/repeated_prediction_fraction_by_graph_pooling.pdf,report,graph_validation,,,unknown,false,medium,
reports/analysis/controlled_evolvegcn_graph_pooling_ablation_750u_top1000/figures/repeated_prediction_fraction_by_graph_pooling.png,report,graph_validation,,,unknown,false,medium,
reports/analysis/controlled_evolvegcn_graph_pooling_ablation_750u_top1000/figures/representative_prediction_distributions.pdf,report,graph_validation,,,unknown,false,medium,
reports/analysis/controlled_evolvegcn_graph_pooling_ablation_750u_top1000/figures/representative_prediction_distributions.png,report,graph_validation,,,unknown,false,medium,
reports/analysis/controlled_evolvegcn_graph_pooling_ablation_750u_top1000/figures/representative_residuals_vs_true.pdf,report,graph_validation,,,unknown,false,medium,
reports/analysis/controlled_evolvegcn_graph_pooling_ablation_750u_top1000/figures/representative_residuals_vs_true.png,report,graph_validation,,,unknown,false,medium,
reports/analysis/controlled_evolvegcn_graph_pooling_ablation_750u_top1000/figures/representative_true_vs_predicted.pdf,report,graph_validation,,,unknown,false,medium,
reports/analysis/controlled_evolvegcn_graph_pooling_ablation_750u_top1000/figures/representative_true_vs_predicted.png,report,graph_validation,,,unknown,false,medium,
reports/analysis/controlled_evolvegcn_graph_pooling_ablation_750u_top1000/figures/residuals_vs_true_representative_runs.pdf,report,graph_validation,,,unknown,false,medium,
reports/analysis/controlled_evolvegcn_graph_pooling_ablation_750u_top1000/figures/residuals_vs_true_representative_runs.png,report,graph_validation,,,unknown,false,medium,
reports/analysis/controlled_evolvegcn_graph_pooling_ablation_750u_top1000/figures/seed_variability_by_graph_pooling.pdf,report,graph_validation,,,unknown,false,medium,
reports/analysis/controlled_evolvegcn_graph_pooling_ablation_750u_top1000/figures/seed_variability_by_graph_pooling.png,report,graph_validation,,,unknown,false,medium,
reports/analysis/controlled_evolvegcn_graph_pooling_ablation_750u_top1000/figures/seed_variability_vs_graph_pooling.pdf,report,graph_validation,,,unknown,false,medium,
reports/analysis/controlled_evolvegcn_graph_pooling_ablation_750u_top1000/figures/seed_variability_vs_graph_pooling.png,report,graph_validation,,,unknown,false,medium,
reports/analysis/controlled_evolvegcn_graph_pooling_ablation_750u_top1000/figures/test_mae_by_graph_pooling.pdf,report,graph_validation,,,unknown,false,medium,
reports/analysis/controlled_evolvegcn_graph_pooling_ablation_750u_top1000/figures/test_mae_by_graph_pooling.png,report,graph_validation,,,unknown,false,medium,
reports/analysis/controlled_evolvegcn_graph_pooling_ablation_750u_top1000/figures/test_mae_vs_graph_pooling.pdf,report,graph_validation,,,unknown,false,medium,
reports/analysis/controlled_evolvegcn_graph_pooling_ablation_750u_top1000/figures/test_mae_vs_graph_pooling.png,report,graph_validation,,,unknown,false,medium,
reports/analysis/controlled_evolvegcn_graph_pooling_ablation_750u_top1000/figures/test_r2_by_graph_pooling.pdf,report,graph_validation,,,unknown,false,medium,
reports/analysis/controlled_evolvegcn_graph_pooling_ablation_750u_top1000/figures/test_r2_by_graph_pooling.png,report,graph_validation,,,unknown,false,medium,
reports/analysis/controlled_evolvegcn_graph_pooling_ablation_750u_top1000/figures/test_r2_vs_graph_pooling.pdf,report,graph_validation,,,unknown,false,medium,
reports/analysis/controlled_evolvegcn_graph_pooling_ablation_750u_top1000/figures/test_r2_vs_graph_pooling.png,report,graph_validation,,,unknown,false,medium,
reports/analysis/controlled_evolvegcn_graph_pooling_ablation_750u_top1000/figures/test_rmse_by_graph_pooling.pdf,report,graph_validation,,,unknown,false,medium,
reports/analysis/controlled_evolvegcn_graph_pooling_ablation_750u_top1000/figures/test_rmse_by_graph_pooling.png,report,graph_validation,,,unknown,false,medium,
reports/analysis/controlled_evolvegcn_graph_pooling_ablation_750u_top1000/figures/test_rmse_vs_graph_pooling.pdf,report,graph_validation,,,unknown,false,medium,
reports/analysis/controlled_evolvegcn_graph_pooling_ablation_750u_top1000/figures/test_rmse_vs_graph_pooling.png,report,graph_validation,,,unknown,false,medium,
reports/analysis/controlled_evolvegcn_graph_pooling_ablation_750u_top1000/figures/true_vs_predicted_representative_runs.pdf,report,graph_validation,,,unknown,false,medium,
reports/analysis/controlled_evolvegcn_graph_pooling_ablation_750u_top1000/figures/true_vs_predicted_representative_runs.png,report,graph_validation,,,unknown,false,medium,
reports/analysis/controlled_evolvegcn_graph_pooling_ablation_750u_top1000/paired_pooling_differences.csv,report,graph_validation,evolvegcn_h_750u_top1000_h32_seed123_none;evolvegcn_h_750u_top1000_h32_seed123_none_linear_head;evolvegcn_h_750u_top1000_h32_seed123_none_linear_head_meanmax;evolvegcn_h_750u_top1000_h32_seed2025_none;evolvegcn_h_750u_top1000_h32_seed2025_none_linear_head;evolvegcn_h_750u_top1000_h32_seed2025_none_linear_head_meanmax;evolvegcn_h_750u_top1000_h32_seed42_none;evolvegcn_h_750u_top1000_h32_seed42_none_linear_head;evolvegcn_h_750u_top1000_h32_seed42_none_linear_head_meanmax;evolvegcn_h_750u_top1000_h32_seed777_none;evolvegcn_h_750u_top1000_h32_seed777_none_linear_head;evolvegcn_h_750u_top1000_h32_seed777_none_linear_head_meanmax;evolvegcn_h_750u_top1000_h32_seed999_none;evolvegcn_h_750u_top1000_h32_seed999_none_linear_head;evolvegcn_h_750u_top1000_h32_seed999_none_linear_head_meanmax,,unknown,false,medium,
reports/analysis/controlled_evolvegcn_graph_pooling_ablation_750u_top1000/plot_data/paired_mae_difference_by_seed.csv,report,graph_validation,evolvegcn_h_750u_top1000_h32_seed123_none;evolvegcn_h_750u_top1000_h32_seed123_none_linear_head;evolvegcn_h_750u_top1000_h32_seed123_none_linear_head_meanmax;evolvegcn_h_750u_top1000_h32_seed2025_none;evolvegcn_h_750u_top1000_h32_seed2025_none_linear_head;evolvegcn_h_750u_top1000_h32_seed2025_none_linear_head_meanmax;evolvegcn_h_750u_top1000_h32_seed42_none;evolvegcn_h_750u_top1000_h32_seed42_none_linear_head;evolvegcn_h_750u_top1000_h32_seed42_none_linear_head_meanmax;evolvegcn_h_750u_top1000_h32_seed777_none;evolvegcn_h_750u_top1000_h32_seed777_none_linear_head;evolvegcn_h_750u_top1000_h32_seed777_none_linear_head_meanmax;evolvegcn_h_750u_top1000_h32_seed999_none;evolvegcn_h_750u_top1000_h32_seed999_none_linear_head;evolvegcn_h_750u_top1000_h32_seed999_none_linear_head_meanmax,,unknown,false,medium,
reports/analysis/controlled_evolvegcn_graph_pooling_ablation_750u_top1000/plot_data/paired_r2_difference_by_seed.csv,report,graph_validation,evolvegcn_h_750u_top1000_h32_seed123_none;evolvegcn_h_750u_top1000_h32_seed123_none_linear_head;evolvegcn_h_750u_top1000_h32_seed123_none_linear_head_meanmax;evolvegcn_h_750u_top1000_h32_seed2025_none;evolvegcn_h_750u_top1000_h32_seed2025_none_linear_head;evolvegcn_h_750u_top1000_h32_seed2025_none_linear_head_meanmax;evolvegcn_h_750u_top1000_h32_seed42_none;evolvegcn_h_750u_top1000_h32_seed42_none_linear_head;evolvegcn_h_750u_top1000_h32_seed42_none_linear_head_meanmax;evolvegcn_h_750u_top1000_h32_seed777_none;evolvegcn_h_750u_top1000_h32_seed777_none_linear_head;evolvegcn_h_750u_top1000_h32_seed777_none_linear_head_meanmax;evolvegcn_h_750u_top1000_h32_seed999_none;evolvegcn_h_750u_top1000_h32_seed999_none_linear_head;evolvegcn_h_750u_top1000_h32_seed999_none_linear_head_meanmax,,unknown,false,medium,
reports/analysis/controlled_evolvegcn_graph_pooling_ablation_750u_top1000/plot_data/paired_rmse_difference_by_seed.csv,report,graph_validation,evolvegcn_h_750u_top1000_h32_seed123_none;evolvegcn_h_750u_top1000_h32_seed123_none_linear_head;evolvegcn_h_750u_top1000_h32_seed123_none_linear_head_meanmax;evolvegcn_h_750u_top1000_h32_seed2025_none;evolvegcn_h_750u_top1000_h32_seed2025_none_linear_head;evolvegcn_h_750u_top1000_h32_seed2025_none_linear_head_meanmax;evolvegcn_h_750u_top1000_h32_seed42_none;evolvegcn_h_750u_top1000_h32_seed42_none_linear_head;evolvegcn_h_750u_top1000_h32_seed42_none_linear_head_meanmax;evolvegcn_h_750u_top1000_h32_seed777_none;evolvegcn_h_750u_top1000_h32_seed777_none_linear_head;evolvegcn_h_750u_top1000_h32_seed777_none_linear_head_meanmax;evolvegcn_h_750u_top1000_h32_seed999_none;evolvegcn_h_750u_top1000_h32_seed999_none_linear_head;evolvegcn_h_750u_top1000_h32_seed999_none_linear_head_meanmax,,unknown,false,medium,
reports/analysis/controlled_evolvegcn_graph_pooling_ablation_750u_top1000/plot_data/per_seed_mae_trajectories.csv,report,graph_validation,,,unknown,false,medium,
reports/analysis/controlled_evolvegcn_graph_pooling_ablation_750u_top1000/plot_data/pooling_effect_summary.csv,report,graph_validation,,,unknown,false,medium,
reports/analysis/controlled_evolvegcn_graph_pooling_ablation_750u_top1000/plot_data/prediction_std_ratio_by_graph_pooling.csv,report,graph_validation,,,unknown,false,medium,
reports/analysis/controlled_evolvegcn_graph_pooling_ablation_750u_top1000/plot_data/prediction_std_ratio_vs_graph_pooling.csv,report,graph_validation,,,unknown,false,medium,
reports/analysis/controlled_evolvegcn_graph_pooling_ablation_750u_top1000/plot_data/repeated_prediction_fraction_by_graph_pooling.csv,report,graph_validation,,,unknown,false,medium,
reports/analysis/controlled_evolvegcn_graph_pooling_ablation_750u_top1000/plot_data/representative_prediction_distributions.csv,report,graph_validation,,,unknown,false,medium,
reports/analysis/controlled_evolvegcn_graph_pooling_ablation_750u_top1000/plot_data/representative_residuals_vs_true.csv,report,graph_validation,,,unknown,false,medium,
reports/analysis/controlled_evolvegcn_graph_pooling_ablation_750u_top1000/plot_data/representative_true_vs_predicted.csv,report,graph_validation,,,unknown,false,medium,
reports/analysis/controlled_evolvegcn_graph_pooling_ablation_750u_top1000/plot_data/residuals_vs_true_representative_runs.csv,report,graph_validation,,,unknown,false,medium,
reports/analysis/controlled_evolvegcn_graph_pooling_ablation_750u_top1000/plot_data/seed_variability_by_graph_pooling.csv,report,graph_validation,,,unknown,false,medium,
reports/analysis/controlled_evolvegcn_graph_pooling_ablation_750u_top1000/plot_data/seed_variability_vs_graph_pooling.csv,report,graph_validation,,,unknown,false,medium,
reports/analysis/controlled_evolvegcn_graph_pooling_ablation_750u_top1000/plot_data/test_mae_by_graph_pooling.csv,report,graph_validation,,,unknown,false,medium,
reports/analysis/controlled_evolvegcn_graph_pooling_ablation_750u_top1000/plot_data/test_mae_vs_graph_pooling.csv,report,graph_validation,,,unknown,false,medium,
reports/analysis/controlled_evolvegcn_graph_pooling_ablation_750u_top1000/plot_data/test_r2_by_graph_pooling.csv,report,graph_validation,,,unknown,false,medium,
reports/analysis/controlled_evolvegcn_graph_pooling_ablation_750u_top1000/plot_data/test_r2_vs_graph_pooling.csv,report,graph_validation,,,unknown,false,medium,
reports/analysis/controlled_evolvegcn_graph_pooling_ablation_750u_top1000/plot_data/test_rmse_by_graph_pooling.csv,report,graph_validation,,,unknown,false,medium,
reports/analysis/controlled_evolvegcn_graph_pooling_ablation_750u_top1000/plot_data/test_rmse_vs_graph_pooling.csv,report,graph_validation,,,unknown,false,medium,
reports/analysis/controlled_evolvegcn_graph_pooling_ablation_750u_top1000/plot_data/true_vs_predicted_representative_runs.csv,report,graph_validation,,,unknown,false,medium,
reports/analysis/controlled_evolvegcn_graph_pooling_ablation_750u_top1000/pooling_implementation.md,report,graph_validation,,,unknown,false,medium,
reports/analysis/controlled_evolvegcn_graph_pooling_ablation_750u_top1000/prediction_diagnostics.csv,report,graph_validation,evolvegcn_h_750u_top1000_h32_seed123_none;evolvegcn_h_750u_top1000_h32_seed123_none_linear_head;evolvegcn_h_750u_top1000_h32_seed123_none_linear_head_meanmax;evolvegcn_h_750u_top1000_h32_seed2025_none;evolvegcn_h_750u_top1000_h32_seed2025_none_linear_head;evolvegcn_h_750u_top1000_h32_seed2025_none_linear_head_meanmax;evolvegcn_h_750u_top1000_h32_seed42_none;evolvegcn_h_750u_top1000_h32_seed42_none_linear_head;evolvegcn_h_750u_top1000_h32_seed42_none_linear_head_meanmax;evolvegcn_h_750u_top1000_h32_seed777_none;evolvegcn_h_750u_top1000_h32_seed777_none_linear_head;evolvegcn_h_750u_top1000_h32_seed777_none_linear_head_meanmax;evolvegcn_h_750u_top1000_h32_seed999_none;evolvegcn_h_750u_top1000_h32_seed999_none_linear_head;evolvegcn_h_750u_top1000_h32_seed999_none_linear_head_meanmax,,unknown,false,medium,
reports/analysis/controlled_evolvegcn_graph_pooling_ablation_750u_top1000/presentation_ready_summary.md,report,graph_validation,,,unknown,false,medium,
reports/analysis/controlled_evolvegcn_graph_pooling_ablation_750u_top1000/protocol_table.csv,report,graph_validation,,,unknown,false,medium,
reports/analysis/controlled_evolvegcn_graph_pooling_ablation_750u_top1000/protocol_table.md,report,graph_validation,,,unknown,false,medium,
reports/analysis/controlled_evolvegcn_graph_pooling_ablation_750u_top1000/rebuild_graph_pooling_analysis.py,report,graph_validation,,,unknown,false,medium,
reports/analysis/controlled_evolvegcn_graph_pooling_ablation_750u_top1000/representative_runs.csv,report,graph_validation,evolvegcn_h_750u_top1000_h32_seed123_none;evolvegcn_h_750u_top1000_h32_seed123_none_linear_head;evolvegcn_h_750u_top1000_h32_seed123_none_linear_head_meanmax,,unknown,false,medium,
reports/analysis/controlled_evolvegcn_graph_pooling_ablation_750u_top1000/scientific_summary.md,report,graph_validation,,,unknown,false,medium,
reports/analysis/controlled_evolvegcn_graph_pooling_ablation_750u_top1000/seed_level_results.csv,report,graph_validation,evolvegcn_h_750u_top1000_h32_seed123_none;evolvegcn_h_750u_top1000_h32_seed123_none_linear_head;evolvegcn_h_750u_top1000_h32_seed123_none_linear_head_meanmax;evolvegcn_h_750u_top1000_h32_seed2025_none;evolvegcn_h_750u_top1000_h32_seed2025_none_linear_head;evolvegcn_h_750u_top1000_h32_seed2025_none_linear_head_meanmax;evolvegcn_h_750u_top1000_h32_seed42_none;evolvegcn_h_750u_top1000_h32_seed42_none_linear_head;evolvegcn_h_750u_top1000_h32_seed42_none_linear_head_meanmax;evolvegcn_h_750u_top1000_h32_seed777_none;evolvegcn_h_750u_top1000_h32_seed777_none_linear_head;evolvegcn_h_750u_top1000_h32_seed777_none_linear_head_meanmax;evolvegcn_h_750u_top1000_h32_seed999_none;evolvegcn_h_750u_top1000_h32_seed999_none_linear_head;evolvegcn_h_750u_top1000_h32_seed999_none_linear_head_meanmax,,unknown,false,medium,
reports/analysis/controlled_evolvegcn_graph_pooling_ablation_750u_top1000/tables/aggregate_pooling_results.csv,report,graph_validation,,,unknown,false,medium,
reports/analysis/controlled_evolvegcn_graph_pooling_ablation_750u_top1000/tables/aggregate_pooling_results.md,report,graph_validation,,,unknown,false,medium,
reports/analysis/controlled_evolvegcn_graph_pooling_ablation_750u_top1000/tables/aggregate_pooling_results.tex,report,graph_validation,,,unknown,false,medium,
reports/analysis/controlled_evolvegcn_graph_pooling_ablation_750u_top1000/tables/descriptive_pooling_summary.csv,report,graph_validation,,,unknown,false,medium,
reports/analysis/controlled_evolvegcn_graph_pooling_ablation_750u_top1000/tables/descriptive_pooling_summary.md,report,graph_validation,,,unknown,false,medium,
reports/analysis/controlled_evolvegcn_graph_pooling_ablation_750u_top1000/tables/main_results_table.csv,report,graph_validation,,,unknown,false,medium,
reports/analysis/controlled_evolvegcn_graph_pooling_ablation_750u_top1000/tables/main_results_table.md,report,graph_validation,,,unknown,false,medium,
reports/analysis/controlled_evolvegcn_graph_pooling_ablation_750u_top1000/tables/main_results_table.tex,report,graph_validation,,,unknown,false,medium,
reports/analysis/controlled_evolvegcn_graph_pooling_ablation_750u_top1000/tables/paired_pooling_differences.csv,report,graph_validation,evolvegcn_h_750u_top1000_h32_seed123_none;evolvegcn_h_750u_top1000_h32_seed123_none_linear_head;evolvegcn_h_750u_top1000_h32_seed123_none_linear_head_meanmax;evolvegcn_h_750u_top1000_h32_seed2025_none;evolvegcn_h_750u_top1000_h32_seed2025_none_linear_head;evolvegcn_h_750u_top1000_h32_seed2025_none_linear_head_meanmax;evolvegcn_h_750u_top1000_h32_seed42_none;evolvegcn_h_750u_top1000_h32_seed42_none_linear_head;evolvegcn_h_750u_top1000_h32_seed42_none_linear_head_meanmax;evolvegcn_h_750u_top1000_h32_seed777_none;evolvegcn_h_750u_top1000_h32_seed777_none_linear_head;evolvegcn_h_750u_top1000_h32_seed777_none_linear_head_meanmax;evolvegcn_h_750u_top1000_h32_seed999_none;evolvegcn_h_750u_top1000_h32_seed999_none_linear_head;evolvegcn_h_750u_top1000_h32_seed999_none_linear_head_meanmax,,unknown,false,medium,
reports/analysis/controlled_evolvegcn_graph_pooling_ablation_750u_top1000/tables/paired_pooling_differences.md,report,graph_validation,evolvegcn_h_750u_top1000_h32_seed123_none;evolvegcn_h_750u_top1000_h32_seed123_none_linear_head;evolvegcn_h_750u_top1000_h32_seed123_none_linear_head_meanmax;evolvegcn_h_750u_top1000_h32_seed2025_none;evolvegcn_h_750u_top1000_h32_seed2025_none_linear_head;evolvegcn_h_750u_top1000_h32_seed2025_none_linear_head_meanmax;evolvegcn_h_750u_top1000_h32_seed42_none;evolvegcn_h_750u_top1000_h32_seed42_none_linear_head;evolvegcn_h_750u_top1000_h32_seed42_none_linear_head_meanmax;evolvegcn_h_750u_top1000_h32_seed777_none;evolvegcn_h_750u_top1000_h32_seed777_none_linear_head;evolvegcn_h_750u_top1000_h32_seed777_none_linear_head_meanmax;evolvegcn_h_750u_top1000_h32_seed999_none;evolvegcn_h_750u_top1000_h32_seed999_none_linear_head;evolvegcn_h_750u_top1000_h32_seed999_none_linear_head_meanmax,,unknown,false,medium,
reports/analysis/controlled_evolvegcn_graph_pooling_ablation_750u_top1000/tables/paired_pooling_differences.tex,report,graph_validation,,,unknown,false,medium,
reports/analysis/controlled_evolvegcn_graph_pooling_ablation_750u_top1000/tables/prediction_collapse_diagnostics.csv,report,prediction_collapse_diagnostic,evolvegcn_h_750u_top1000_h32_seed123_none;evolvegcn_h_750u_top1000_h32_seed123_none_linear_head;evolvegcn_h_750u_top1000_h32_seed123_none_linear_head_meanmax;evolvegcn_h_750u_top1000_h32_seed2025_none;evolvegcn_h_750u_top1000_h32_seed2025_none_linear_head;evolvegcn_h_750u_top1000_h32_seed2025_none_linear_head_meanmax;evolvegcn_h_750u_top1000_h32_seed42_none;evolvegcn_h_750u_top1000_h32_seed42_none_linear_head;evolvegcn_h_750u_top1000_h32_seed42_none_linear_head_meanmax;evolvegcn_h_750u_top1000_h32_seed777_none;evolvegcn_h_750u_top1000_h32_seed777_none_linear_head;evolvegcn_h_750u_top1000_h32_seed777_none_linear_head_meanmax;evolvegcn_h_750u_top1000_h32_seed999_none;evolvegcn_h_750u_top1000_h32_seed999_none_linear_head;evolvegcn_h_750u_top1000_h32_seed999_none_linear_head_meanmax,,unknown,false,medium,
reports/analysis/controlled_evolvegcn_graph_pooling_ablation_750u_top1000/tables/prediction_collapse_diagnostics.md,report,prediction_collapse_diagnostic,evolvegcn_h_750u_top1000_h32_seed123_none;evolvegcn_h_750u_top1000_h32_seed123_none_linear_head;evolvegcn_h_750u_top1000_h32_seed123_none_linear_head_meanmax;evolvegcn_h_750u_top1000_h32_seed2025_none;evolvegcn_h_750u_top1000_h32_seed2025_none_linear_head;evolvegcn_h_750u_top1000_h32_seed2025_none_linear_head_meanmax;evolvegcn_h_750u_top1000_h32_seed42_none;evolvegcn_h_750u_top1000_h32_seed42_none_linear_head;evolvegcn_h_750u_top1000_h32_seed42_none_linear_head_meanmax;evolvegcn_h_750u_top1000_h32_seed777_none;evolvegcn_h_750u_top1000_h32_seed777_none_linear_head;evolvegcn_h_750u_top1000_h32_seed777_none_linear_head_meanmax;evolvegcn_h_750u_top1000_h32_seed999_none;evolvegcn_h_750u_top1000_h32_seed999_none_linear_head;evolvegcn_h_750u_top1000_h32_seed999_none_linear_head_meanmax,,unknown,false,medium,
reports/analysis/controlled_evolvegcn_graph_pooling_ablation_750u_top1000/tables/prediction_collapse_diagnostics.tex,report,prediction_collapse_diagnostic,,,unknown,false,medium,
reports/analysis/controlled_evolvegcn_graph_pooling_ablation_750u_top1000/tables/seed_level_pooling_results.csv,report,graph_validation,evolvegcn_h_750u_top1000_h32_seed123_none;evolvegcn_h_750u_top1000_h32_seed123_none_linear_head;evolvegcn_h_750u_top1000_h32_seed123_none_linear_head_meanmax;evolvegcn_h_750u_top1000_h32_seed2025_none;evolvegcn_h_750u_top1000_h32_seed2025_none_linear_head;evolvegcn_h_750u_top1000_h32_seed2025_none_linear_head_meanmax;evolvegcn_h_750u_top1000_h32_seed42_none;evolvegcn_h_750u_top1000_h32_seed42_none_linear_head;evolvegcn_h_750u_top1000_h32_seed42_none_linear_head_meanmax;evolvegcn_h_750u_top1000_h32_seed777_none;evolvegcn_h_750u_top1000_h32_seed777_none_linear_head;evolvegcn_h_750u_top1000_h32_seed777_none_linear_head_meanmax;evolvegcn_h_750u_top1000_h32_seed999_none;evolvegcn_h_750u_top1000_h32_seed999_none_linear_head;evolvegcn_h_750u_top1000_h32_seed999_none_linear_head_meanmax,,unknown,false,medium,
reports/analysis/controlled_evolvegcn_graph_pooling_ablation_750u_top1000/tables/seed_level_pooling_results.md,report,graph_validation,evolvegcn_h_750u_top1000_h32_seed123_none;evolvegcn_h_750u_top1000_h32_seed123_none_linear_head;evolvegcn_h_750u_top1000_h32_seed123_none_linear_head_meanmax;evolvegcn_h_750u_top1000_h32_seed2025_none;evolvegcn_h_750u_top1000_h32_seed2025_none_linear_head;evolvegcn_h_750u_top1000_h32_seed2025_none_linear_head_meanmax;evolvegcn_h_750u_top1000_h32_seed42_none;evolvegcn_h_750u_top1000_h32_seed42_none_linear_head;evolvegcn_h_750u_top1000_h32_seed42_none_linear_head_meanmax;evolvegcn_h_750u_top1000_h32_seed777_none;evolvegcn_h_750u_top1000_h32_seed777_none_linear_head;evolvegcn_h_750u_top1000_h32_seed777_none_linear_head_meanmax;evolvegcn_h_750u_top1000_h32_seed999_none;evolvegcn_h_750u_top1000_h32_seed999_none_linear_head;evolvegcn_h_750u_top1000_h32_seed999_none_linear_head_meanmax,,unknown,false,medium,
reports/analysis/controlled_evolvegcn_graph_pooling_ablation_750u_top1000/tables/seed_level_pooling_results.tex,report,graph_validation,,,unknown,false,medium,
reports/analysis/controlled_evolvegcn_regression_head_ablation_750u_top1000/README.md,report,head_ablation,,,unknown,false,medium,
reports/analysis/controlled_evolvegcn_regression_head_ablation_750u_top1000/aggregated_results.csv,report,head_ablation,,,unknown,false,medium,
reports/analysis/controlled_evolvegcn_regression_head_ablation_750u_top1000/analysis_manifest.json,report,head_ablation,evolvegcn_h_750u_top1000_h32_seed123_none;evolvegcn_h_750u_top1000_h32_seed123_none_linear_head;evolvegcn_h_750u_top1000_h32_seed2025_none;evolvegcn_h_750u_top1000_h32_seed2025_none_linear_head;evolvegcn_h_750u_top1000_h32_seed42_none;evolvegcn_h_750u_top1000_h32_seed42_none_linear_head;evolvegcn_h_750u_top1000_h32_seed777_none;evolvegcn_h_750u_top1000_h32_seed777_none_linear_head;evolvegcn_h_750u_top1000_h32_seed999_none;evolvegcn_h_750u_top1000_h32_seed999_none_linear_head,,unknown,false,medium,
reports/analysis/controlled_evolvegcn_regression_head_ablation_750u_top1000/compatibility_report.md,report,head_ablation,,,unknown,false,medium,
reports/analysis/controlled_evolvegcn_regression_head_ablation_750u_top1000/controlled_progression_table.csv,report,head_ablation,,,unknown,false,medium,
reports/analysis/controlled_evolvegcn_regression_head_ablation_750u_top1000/controlled_progression_table.md,report,head_ablation,,,unknown,false,medium,
reports/analysis/controlled_evolvegcn_regression_head_ablation_750u_top1000/figures/controlled_progression.pdf,report,head_ablation,,,unknown,false,medium,
reports/analysis/controlled_evolvegcn_regression_head_ablation_750u_top1000/figures/controlled_progression.png,report,head_ablation,,,unknown,false,medium,
reports/analysis/controlled_evolvegcn_regression_head_ablation_750u_top1000/figures/head_effect_summary.pdf,report,head_ablation,,,unknown,false,medium,
reports/analysis/controlled_evolvegcn_regression_head_ablation_750u_top1000/figures/head_effect_summary.png,report,head_ablation,,,unknown,false,medium,
reports/analysis/controlled_evolvegcn_regression_head_ablation_750u_top1000/figures/head_parameter_count_vs_mae.pdf,report,head_ablation,,,unknown,false,medium,
reports/analysis/controlled_evolvegcn_regression_head_ablation_750u_top1000/figures/head_parameter_count_vs_mae.png,report,head_ablation,,,unknown,false,medium,
reports/analysis/controlled_evolvegcn_regression_head_ablation_750u_top1000/figures/paired_mae_difference_by_seed.pdf,report,head_ablation,,,unknown,false,medium,
reports/analysis/controlled_evolvegcn_regression_head_ablation_750u_top1000/figures/paired_mae_difference_by_seed.png,report,head_ablation,,,unknown,false,medium,
reports/analysis/controlled_evolvegcn_regression_head_ablation_750u_top1000/figures/paired_r2_difference_by_seed.pdf,report,head_ablation,,,unknown,false,medium,
reports/analysis/controlled_evolvegcn_regression_head_ablation_750u_top1000/figures/paired_r2_difference_by_seed.png,report,head_ablation,,,unknown,false,medium,
reports/analysis/controlled_evolvegcn_regression_head_ablation_750u_top1000/figures/paired_rmse_difference_by_seed.pdf,report,head_ablation,,,unknown,false,medium,
reports/analysis/controlled_evolvegcn_regression_head_ablation_750u_top1000/figures/paired_rmse_difference_by_seed.png,report,head_ablation,,,unknown,false,medium,
reports/analysis/controlled_evolvegcn_regression_head_ablation_750u_top1000/figures/per_seed_mae_trajectories.pdf,report,head_ablation,,,unknown,false,medium,
reports/analysis/controlled_evolvegcn_regression_head_ablation_750u_top1000/figures/per_seed_mae_trajectories.png,report,head_ablation,,,unknown,false,medium,
reports/analysis/controlled_evolvegcn_regression_head_ablation_750u_top1000/figures/prediction_std_ratio_by_head.pdf,report,head_ablation,,,unknown,false,medium,
reports/analysis/controlled_evolvegcn_regression_head_ablation_750u_top1000/figures/prediction_std_ratio_by_head.png,report,head_ablation,,,unknown,false,medium,
reports/analysis/controlled_evolvegcn_regression_head_ablation_750u_top1000/figures/prediction_std_ratio_vs_regression_head.pdf,report,head_ablation,,,unknown,false,medium,
reports/analysis/controlled_evolvegcn_regression_head_ablation_750u_top1000/figures/prediction_std_ratio_vs_regression_head.png,report,head_ablation,,,unknown,false,medium,
reports/analysis/controlled_evolvegcn_regression_head_ablation_750u_top1000/figures/repeated_prediction_fraction_by_head.pdf,report,head_ablation,,,unknown,false,medium,
reports/analysis/controlled_evolvegcn_regression_head_ablation_750u_top1000/figures/repeated_prediction_fraction_by_head.png,report,head_ablation,,,unknown,false,medium,
reports/analysis/controlled_evolvegcn_regression_head_ablation_750u_top1000/figures/representative_prediction_distributions.pdf,report,head_ablation,,,unknown,false,medium,
reports/analysis/controlled_evolvegcn_regression_head_ablation_750u_top1000/figures/representative_prediction_distributions.png,report,head_ablation,,,unknown,false,medium,
reports/analysis/controlled_evolvegcn_regression_head_ablation_750u_top1000/figures/representative_residuals_vs_true.pdf,report,head_ablation,,,unknown,false,medium,
reports/analysis/controlled_evolvegcn_regression_head_ablation_750u_top1000/figures/representative_residuals_vs_true.png,report,head_ablation,,,unknown,false,medium,
reports/analysis/controlled_evolvegcn_regression_head_ablation_750u_top1000/figures/representative_true_vs_predicted.pdf,report,head_ablation,,,unknown,false,medium,
reports/analysis/controlled_evolvegcn_regression_head_ablation_750u_top1000/figures/representative_true_vs_predicted.png,report,head_ablation,,,unknown,false,medium,
reports/analysis/controlled_evolvegcn_regression_head_ablation_750u_top1000/figures/residuals_vs_true_representative_runs.pdf,report,head_ablation,,,unknown,false,medium,
reports/analysis/controlled_evolvegcn_regression_head_ablation_750u_top1000/figures/residuals_vs_true_representative_runs.png,report,head_ablation,,,unknown,false,medium,
reports/analysis/controlled_evolvegcn_regression_head_ablation_750u_top1000/figures/seed_variability_by_head.pdf,report,head_ablation,,,unknown,false,medium,
reports/analysis/controlled_evolvegcn_regression_head_ablation_750u_top1000/figures/seed_variability_by_head.png,report,head_ablation,,,unknown,false,medium,
reports/analysis/controlled_evolvegcn_regression_head_ablation_750u_top1000/figures/seed_variability_vs_regression_head.pdf,report,head_ablation,,,unknown,false,medium,
reports/analysis/controlled_evolvegcn_regression_head_ablation_750u_top1000/figures/seed_variability_vs_regression_head.png,report,head_ablation,,,unknown,false,medium,
reports/analysis/controlled_evolvegcn_regression_head_ablation_750u_top1000/figures/test_mae_by_regression_head.pdf,report,head_ablation,,,unknown,false,medium,
reports/analysis/controlled_evolvegcn_regression_head_ablation_750u_top1000/figures/test_mae_by_regression_head.png,report,head_ablation,,,unknown,false,medium,
reports/analysis/controlled_evolvegcn_regression_head_ablation_750u_top1000/figures/test_mae_vs_regression_head.pdf,report,head_ablation,,,unknown,false,medium,
reports/analysis/controlled_evolvegcn_regression_head_ablation_750u_top1000/figures/test_mae_vs_regression_head.png,report,head_ablation,,,unknown,false,medium,
reports/analysis/controlled_evolvegcn_regression_head_ablation_750u_top1000/figures/test_r2_by_regression_head.pdf,report,head_ablation,,,unknown,false,medium,
reports/analysis/controlled_evolvegcn_regression_head_ablation_750u_top1000/figures/test_r2_by_regression_head.png,report,head_ablation,,,unknown,false,medium,
reports/analysis/controlled_evolvegcn_regression_head_ablation_750u_top1000/figures/test_r2_vs_regression_head.pdf,report,head_ablation,,,unknown,false,medium,
reports/analysis/controlled_evolvegcn_regression_head_ablation_750u_top1000/figures/test_r2_vs_regression_head.png,report,head_ablation,,,unknown,false,medium,
reports/analysis/controlled_evolvegcn_regression_head_ablation_750u_top1000/figures/test_rmse_by_regression_head.pdf,report,head_ablation,,,unknown,false,medium,
reports/analysis/controlled_evolvegcn_regression_head_ablation_750u_top1000/figures/test_rmse_by_regression_head.png,report,head_ablation,,,unknown,false,medium,
reports/analysis/controlled_evolvegcn_regression_head_ablation_750u_top1000/figures/test_rmse_vs_regression_head.pdf,report,head_ablation,,,unknown,false,medium,
reports/analysis/controlled_evolvegcn_regression_head_ablation_750u_top1000/figures/test_rmse_vs_regression_head.png,report,head_ablation,,,unknown,false,medium,
reports/analysis/controlled_evolvegcn_regression_head_ablation_750u_top1000/figures/true_vs_predicted_representative_runs.pdf,report,head_ablation,,,unknown,false,medium,
reports/analysis/controlled_evolvegcn_regression_head_ablation_750u_top1000/figures/true_vs_predicted_representative_runs.png,report,head_ablation,,,unknown,false,medium,
reports/analysis/controlled_evolvegcn_regression_head_ablation_750u_top1000/head_implementation.md,report,head_ablation,,,unknown,false,medium,
reports/analysis/controlled_evolvegcn_regression_head_ablation_750u_top1000/historical_context_table.csv,report,head_ablation,,,unknown,false,medium,
reports/analysis/controlled_evolvegcn_regression_head_ablation_750u_top1000/historical_context_table.md,report,head_ablation,,,unknown,false,medium,
reports/analysis/controlled_evolvegcn_regression_head_ablation_750u_top1000/paired_head_differences.csv,report,head_ablation,evolvegcn_h_750u_top1000_h32_seed123_none;evolvegcn_h_750u_top1000_h32_seed123_none_linear_head;evolvegcn_h_750u_top1000_h32_seed2025_none;evolvegcn_h_750u_top1000_h32_seed2025_none_linear_head;evolvegcn_h_750u_top1000_h32_seed42_none;evolvegcn_h_750u_top1000_h32_seed42_none_linear_head;evolvegcn_h_750u_top1000_h32_seed777_none;evolvegcn_h_750u_top1000_h32_seed777_none_linear_head;evolvegcn_h_750u_top1000_h32_seed999_none;evolvegcn_h_750u_top1000_h32_seed999_none_linear_head,,unknown,false,medium,
reports/analysis/controlled_evolvegcn_regression_head_ablation_750u_top1000/plot_data/controlled_progression.csv,report,head_ablation,,,unknown,false,medium,
reports/analysis/controlled_evolvegcn_regression_head_ablation_750u_top1000/plot_data/head_effect_summary.csv,report,head_ablation,,,unknown,false,medium,
reports/analysis/controlled_evolvegcn_regression_head_ablation_750u_top1000/plot_data/head_parameter_count_vs_mae.csv,report,head_ablation,,,unknown,false,medium,
reports/analysis/controlled_evolvegcn_regression_head_ablation_750u_top1000/plot_data/paired_mae_difference_by_seed.csv,report,head_ablation,,,unknown,false,medium,
reports/analysis/controlled_evolvegcn_regression_head_ablation_750u_top1000/plot_data/paired_r2_difference_by_seed.csv,report,head_ablation,,,unknown,false,medium,
reports/analysis/controlled_evolvegcn_regression_head_ablation_750u_top1000/plot_data/paired_rmse_difference_by_seed.csv,report,head_ablation,,,unknown,false,medium,
reports/analysis/controlled_evolvegcn_regression_head_ablation_750u_top1000/plot_data/per_seed_mae_trajectories.csv,report,head_ablation,,,unknown,false,medium,
reports/analysis/controlled_evolvegcn_regression_head_ablation_750u_top1000/plot_data/prediction_std_ratio_by_head.csv,report,head_ablation,,,unknown,false,medium,
reports/analysis/controlled_evolvegcn_regression_head_ablation_750u_top1000/plot_data/prediction_std_ratio_vs_regression_head.csv,report,head_ablation,,,unknown,false,medium,
reports/analysis/controlled_evolvegcn_regression_head_ablation_750u_top1000/plot_data/repeated_prediction_fraction_by_head.csv,report,head_ablation,,,unknown,false,medium,
reports/analysis/controlled_evolvegcn_regression_head_ablation_750u_top1000/plot_data/representative_prediction_distributions.csv,report,head_ablation,,,unknown,false,medium,
reports/analysis/controlled_evolvegcn_regression_head_ablation_750u_top1000/plot_data/representative_residuals_vs_true.csv,report,head_ablation,,,unknown,false,medium,
reports/analysis/controlled_evolvegcn_regression_head_ablation_750u_top1000/plot_data/representative_true_vs_predicted.csv,report,head_ablation,,,unknown,false,medium,
reports/analysis/controlled_evolvegcn_regression_head_ablation_750u_top1000/plot_data/residuals_vs_true_representative_runs.csv,report,head_ablation,,,unknown,false,medium,
reports/analysis/controlled_evolvegcn_regression_head_ablation_750u_top1000/plot_data/seed_variability_by_head.csv,report,head_ablation,,,unknown,false,medium,
reports/analysis/controlled_evolvegcn_regression_head_ablation_750u_top1000/plot_data/seed_variability_vs_regression_head.csv,report,head_ablation,,,unknown,false,medium,
reports/analysis/controlled_evolvegcn_regression_head_ablation_750u_top1000/plot_data/test_mae_by_regression_head.csv,report,head_ablation,,,unknown,false,medium,
reports/analysis/controlled_evolvegcn_regression_head_ablation_750u_top1000/plot_data/test_mae_vs_regression_head.csv,report,head_ablation,,,unknown,false,medium,
reports/analysis/controlled_evolvegcn_regression_head_ablation_750u_top1000/plot_data/test_r2_by_regression_head.csv,report,head_ablation,,,unknown,false,medium,
reports/analysis/controlled_evolvegcn_regression_head_ablation_750u_top1000/plot_data/test_r2_vs_regression_head.csv,report,head_ablation,,,unknown,false,medium,
reports/analysis/controlled_evolvegcn_regression_head_ablation_750u_top1000/plot_data/test_rmse_by_regression_head.csv,report,head_ablation,,,unknown,false,medium,
reports/analysis/controlled_evolvegcn_regression_head_ablation_750u_top1000/plot_data/test_rmse_vs_regression_head.csv,report,head_ablation,,,unknown,false,medium,
reports/analysis/controlled_evolvegcn_regression_head_ablation_750u_top1000/plot_data/true_vs_predicted_representative_runs.csv,report,head_ablation,,,unknown,false,medium,
reports/analysis/controlled_evolvegcn_regression_head_ablation_750u_top1000/prediction_diagnostics.csv,report,head_ablation,evolvegcn_h_750u_top1000_h32_seed123_none;evolvegcn_h_750u_top1000_h32_seed123_none_linear_head;evolvegcn_h_750u_top1000_h32_seed2025_none;evolvegcn_h_750u_top1000_h32_seed2025_none_linear_head;evolvegcn_h_750u_top1000_h32_seed42_none;evolvegcn_h_750u_top1000_h32_seed42_none_linear_head;evolvegcn_h_750u_top1000_h32_seed777_none;evolvegcn_h_750u_top1000_h32_seed777_none_linear_head;evolvegcn_h_750u_top1000_h32_seed999_none;evolvegcn_h_750u_top1000_h32_seed999_none_linear_head,,unknown,false,medium,
reports/analysis/controlled_evolvegcn_regression_head_ablation_750u_top1000/presentation_ready_summary.md,report,head_ablation,,,unknown,false,medium,
reports/analysis/controlled_evolvegcn_regression_head_ablation_750u_top1000/protocol_table.csv,report,head_ablation,,,unknown,false,medium,
reports/analysis/controlled_evolvegcn_regression_head_ablation_750u_top1000/protocol_table.md,report,head_ablation,,,unknown,false,medium,
reports/analysis/controlled_evolvegcn_regression_head_ablation_750u_top1000/rebuild_regression_head_analysis.py,report,head_ablation,,,unknown,false,medium,
reports/analysis/controlled_evolvegcn_regression_head_ablation_750u_top1000/representative_runs.csv,report,head_ablation,evolvegcn_h_750u_top1000_h32_seed123_none;evolvegcn_h_750u_top1000_h32_seed123_none_linear_head;evolvegcn_h_750u_top1000_h32_seed42_none,,unknown,false,medium,
reports/analysis/controlled_evolvegcn_regression_head_ablation_750u_top1000/scientific_summary.md,report,head_ablation,,,unknown,false,medium,
reports/analysis/controlled_evolvegcn_regression_head_ablation_750u_top1000/seed_level_results.csv,report,head_ablation,evolvegcn_h_750u_top1000_h32_seed123_none;evolvegcn_h_750u_top1000_h32_seed123_none_linear_head;evolvegcn_h_750u_top1000_h32_seed2025_none;evolvegcn_h_750u_top1000_h32_seed2025_none_linear_head;evolvegcn_h_750u_top1000_h32_seed42_none;evolvegcn_h_750u_top1000_h32_seed42_none_linear_head;evolvegcn_h_750u_top1000_h32_seed777_none;evolvegcn_h_750u_top1000_h32_seed777_none_linear_head;evolvegcn_h_750u_top1000_h32_seed999_none;evolvegcn_h_750u_top1000_h32_seed999_none_linear_head,,unknown,false,medium,
reports/analysis/controlled_evolvegcn_regression_head_ablation_750u_top1000/tables/aggregate_head_results.csv,report,head_ablation,,,unknown,false,medium,
reports/analysis/controlled_evolvegcn_regression_head_ablation_750u_top1000/tables/aggregate_head_results.md,report,head_ablation,,,unknown,false,medium,
reports/analysis/controlled_evolvegcn_regression_head_ablation_750u_top1000/tables/aggregate_head_results.tex,report,head_ablation,,,unknown,false,medium,
reports/analysis/controlled_evolvegcn_regression_head_ablation_750u_top1000/tables/controlled_progression_table.csv,report,head_ablation,,,unknown,false,medium,
reports/analysis/controlled_evolvegcn_regression_head_ablation_750u_top1000/tables/controlled_progression_table.md,report,head_ablation,,,unknown,false,medium,
reports/analysis/controlled_evolvegcn_regression_head_ablation_750u_top1000/tables/controlled_progression_table.tex,report,head_ablation,,,unknown,false,medium,
reports/analysis/controlled_evolvegcn_regression_head_ablation_750u_top1000/tables/descriptive_head_summary.csv,report,head_ablation,,,unknown,false,medium,
reports/analysis/controlled_evolvegcn_regression_head_ablation_750u_top1000/tables/descriptive_head_summary.md,report,head_ablation,,,unknown,false,medium,
reports/analysis/controlled_evolvegcn_regression_head_ablation_750u_top1000/tables/head_parameter_comparison.csv,report,head_ablation,,,unknown,false,medium,
reports/analysis/controlled_evolvegcn_regression_head_ablation_750u_top1000/tables/head_parameter_comparison.md,report,head_ablation,,,unknown,false,medium,
reports/analysis/controlled_evolvegcn_regression_head_ablation_750u_top1000/tables/head_parameter_comparison.tex,report,head_ablation,,,unknown,false,medium,
reports/analysis/controlled_evolvegcn_regression_head_ablation_750u_top1000/tables/main_results_table.csv,report,head_ablation,,,unknown,false,medium,
reports/analysis/controlled_evolvegcn_regression_head_ablation_750u_top1000/tables/main_results_table.md,report,head_ablation,,,unknown,false,medium,
reports/analysis/controlled_evolvegcn_regression_head_ablation_750u_top1000/tables/main_results_table.tex,report,head_ablation,,,unknown,false,medium,
reports/analysis/controlled_evolvegcn_regression_head_ablation_750u_top1000/tables/paired_head_differences.csv,report,head_ablation,evolvegcn_h_750u_top1000_h32_seed123_none;evolvegcn_h_750u_top1000_h32_seed123_none_linear_head;evolvegcn_h_750u_top1000_h32_seed2025_none;evolvegcn_h_750u_top1000_h32_seed2025_none_linear_head;evolvegcn_h_750u_top1000_h32_seed42_none;evolvegcn_h_750u_top1000_h32_seed42_none_linear_head;evolvegcn_h_750u_top1000_h32_seed777_none;evolvegcn_h_750u_top1000_h32_seed777_none_linear_head;evolvegcn_h_750u_top1000_h32_seed999_none;evolvegcn_h_750u_top1000_h32_seed999_none_linear_head,,unknown,false,medium,
reports/analysis/controlled_evolvegcn_regression_head_ablation_750u_top1000/tables/paired_head_differences.md,report,head_ablation,evolvegcn_h_750u_top1000_h32_seed123_none;evolvegcn_h_750u_top1000_h32_seed123_none_linear_head;evolvegcn_h_750u_top1000_h32_seed2025_none;evolvegcn_h_750u_top1000_h32_seed2025_none_linear_head;evolvegcn_h_750u_top1000_h32_seed42_none;evolvegcn_h_750u_top1000_h32_seed42_none_linear_head;evolvegcn_h_750u_top1000_h32_seed777_none;evolvegcn_h_750u_top1000_h32_seed777_none_linear_head;evolvegcn_h_750u_top1000_h32_seed999_none;evolvegcn_h_750u_top1000_h32_seed999_none_linear_head,,unknown,false,medium,
reports/analysis/controlled_evolvegcn_regression_head_ablation_750u_top1000/tables/paired_head_differences.tex,report,head_ablation,,,unknown,false,medium,
reports/analysis/controlled_evolvegcn_regression_head_ablation_750u_top1000/tables/prediction_collapse_diagnostics.csv,report,head_ablation,evolvegcn_h_750u_top1000_h32_seed123_none;evolvegcn_h_750u_top1000_h32_seed123_none_linear_head;evolvegcn_h_750u_top1000_h32_seed2025_none;evolvegcn_h_750u_top1000_h32_seed2025_none_linear_head;evolvegcn_h_750u_top1000_h32_seed42_none;evolvegcn_h_750u_top1000_h32_seed42_none_linear_head;evolvegcn_h_750u_top1000_h32_seed777_none;evolvegcn_h_750u_top1000_h32_seed777_none_linear_head;evolvegcn_h_750u_top1000_h32_seed999_none;evolvegcn_h_750u_top1000_h32_seed999_none_linear_head,,unknown,false,medium,
reports/analysis/controlled_evolvegcn_regression_head_ablation_750u_top1000/tables/prediction_collapse_diagnostics.md,report,head_ablation,evolvegcn_h_750u_top1000_h32_seed123_none;evolvegcn_h_750u_top1000_h32_seed123_none_linear_head;evolvegcn_h_750u_top1000_h32_seed2025_none;evolvegcn_h_750u_top1000_h32_seed2025_none_linear_head;evolvegcn_h_750u_top1000_h32_seed42_none;evolvegcn_h_750u_top1000_h32_seed42_none_linear_head;evolvegcn_h_750u_top1000_h32_seed777_none;evolvegcn_h_750u_top1000_h32_seed777_none_linear_head;evolvegcn_h_750u_top1000_h32_seed999_none;evolvegcn_h_750u_top1000_h32_seed999_none_linear_head,,unknown,false,medium,
reports/analysis/controlled_evolvegcn_regression_head_ablation_750u_top1000/tables/prediction_collapse_diagnostics.tex,report,head_ablation,,,unknown,false,medium,
reports/analysis/controlled_evolvegcn_regression_head_ablation_750u_top1000/tables/seed_level_head_results.csv,report,head_ablation,evolvegcn_h_750u_top1000_h32_seed123_none;evolvegcn_h_750u_top1000_h32_seed123_none_linear_head;evolvegcn_h_750u_top1000_h32_seed2025_none;evolvegcn_h_750u_top1000_h32_seed2025_none_linear_head;evolvegcn_h_750u_top1000_h32_seed42_none;evolvegcn_h_750u_top1000_h32_seed42_none_linear_head;evolvegcn_h_750u_top1000_h32_seed777_none;evolvegcn_h_750u_top1000_h32_seed777_none_linear_head;evolvegcn_h_750u_top1000_h32_seed999_none;evolvegcn_h_750u_top1000_h32_seed999_none_linear_head,,unknown,false,medium,
reports/analysis/controlled_evolvegcn_regression_head_ablation_750u_top1000/tables/seed_level_head_results.md,report,head_ablation,evolvegcn_h_750u_top1000_h32_seed123_none;evolvegcn_h_750u_top1000_h32_seed123_none_linear_head;evolvegcn_h_750u_top1000_h32_seed2025_none;evolvegcn_h_750u_top1000_h32_seed2025_none_linear_head;evolvegcn_h_750u_top1000_h32_seed42_none;evolvegcn_h_750u_top1000_h32_seed42_none_linear_head;evolvegcn_h_750u_top1000_h32_seed777_none;evolvegcn_h_750u_top1000_h32_seed777_none_linear_head;evolvegcn_h_750u_top1000_h32_seed999_none;evolvegcn_h_750u_top1000_h32_seed999_none_linear_head,,unknown,false,medium,
reports/analysis/controlled_evolvegcn_regression_head_ablation_750u_top1000/tables/seed_level_head_results.tex,report,head_ablation,,,unknown,false,medium,
reports/analysis/controlled_evolvegcn_regression_head_ablation_750u_top1000/thesis_section.md,report,head_ablation,,,unknown,false,medium,
reports/analysis/controlled_knn_by_hidden_dim_factorial_500u_top100/README.md,report,knn_ablation,,,unknown,false,medium,
reports/analysis/controlled_knn_by_hidden_dim_factorial_500u_top100/aggregated_results.csv,report,knn_ablation,,,unknown,false,medium,
reports/analysis/controlled_knn_by_hidden_dim_factorial_500u_top100/analysis_manifest.json,report,knn_ablation,evolvegcn_h_500u_k12_seed123;evolvegcn_h_500u_k12_seed2025;evolvegcn_h_500u_k12_seed42;evolvegcn_h_500u_k4_seed123;evolvegcn_h_500u_k4_seed2025;evolvegcn_h_500u_k4_seed42;evolvegcn_h_500u_k6_seed123;evolvegcn_h_500u_k6_seed2025;evolvegcn_h_500u_k6_seed42;evolvegcn_h_500u_k8_h64_seed123;evolvegcn_h_500u_k8_h64_seed2025;evolvegcn_h_500u_k8_h64_seed42;evolvegcn_h_500u_seed123_final32;evolvegcn_h_500u_seed2025_final32;evolvegcn_h_500u_seed42_final32;evolvegcn_h_u500_top100_norm-minmax_k12_h32_l2_factorial_seed123;evolvegcn_h_u500_top100_norm-minmax_k12_h32_l2_factorial_seed2025;evolvegcn_h_u500_top100_norm-minmax_k12_h32_l2_factorial_seed42;evolvegcn_h_u500_top100_norm-minmax_k4_h32_l2_factorial_seed123;evolvegcn_h_u500_top100_norm-minmax_k4_h32_l2_factorial_seed2025;evolvegcn_h_u500_top100_norm-minmax_k4_h32_l2_factorial_seed42;evolvegcn_h_u500_top100_norm-minmax_k6_h32_l2_factorial_seed123;evolvegcn_h_u500_top100_norm-minmax_k6_h32_l2_factorial_seed2025;evolvegcn_h_u500_top100_norm-minmax_k6_h32_l2_factorial_seed42;static_gcn_500u_k12_seed123;static_gcn_500u_k12_seed2025;static_gcn_500u_k12_seed42;static_gcn_500u_k4_seed123;static_gcn_500u_k4_seed2025;static_gcn_500u_k4_seed42;static_gcn_500u_k6_seed123;static_gcn_500u_k6_seed2025;static_gcn_500u_k6_seed42;static_gcn_500u_k8_h64_seed123;static_gcn_500u_k8_h64_seed2025;static_gcn_500u_k8_h64_seed42;static_gcn_u500_top100_norm-minmax_k12_h32_l3_gpool-mean_conv-gcn_batch8_factorial_seed123;static_gcn_u500_top100_norm-minmax_k12_h32_l3_gpool-mean_conv-gcn_batch8_factorial_seed2025;static_gcn_u500_top100_norm-minmax_k12_h32_l3_gpool-mean_conv-gcn_batch8_factorial_seed42;static_gcn_u500_top100_norm-minmax_k4_h32_l3_gpool-mean_conv-gcn_batch8_factorial_seed123;static_gcn_u500_top100_norm-minmax_k4_h32_l3_gpool-mean_conv-gcn_batch8_factorial_seed2025;static_gcn_u500_top100_norm-minmax_k4_h32_l3_gpool-mean_conv-gcn_batch8_factorial_seed42;static_gcn_u500_top100_norm-minmax_k6_h32_l3_gpool-mean_conv-gcn_batch8_factorial_seed123;static_gcn_u500_top100_norm-minmax_k6_h32_l3_gpool-mean_conv-gcn_batch8_factorial_seed2025;static_gcn_u500_top100_norm-minmax_k6_h32_l3_gpool-mean_conv-gcn_batch8_factorial_seed42;static_gcn_u500_top100_norm-minmax_k8_h32_l3_gpool-mean_conv-gcn_batch8_factorial_seed123;static_gcn_u500_top100_norm-minmax_k8_h32_l3_gpool-mean_conv-gcn_batch8_factorial_seed2025;static_gcn_u500_top100_norm-minmax_k8_h32_l3_gpool-mean_conv-gcn_batch8_factorial_seed42,,unknown,false,medium,
reports/analysis/controlled_knn_by_hidden_dim_factorial_500u_top100/compatibility_report.md,report,knn_ablation,,,unknown,false,medium,
reports/analysis/controlled_knn_by_hidden_dim_factorial_500u_top100/factorial_interaction_summary.csv,report,knn_ablation,,,unknown,false,medium,
reports/analysis/controlled_knn_by_hidden_dim_factorial_500u_top100/figures/h64_consistency_with_existing_analysis.pdf,report,knn_ablation,,,unknown,false,medium,
reports/analysis/controlled_knn_by_hidden_dim_factorial_500u_top100/figures/h64_consistency_with_existing_analysis.png,report,knn_ablation,,,unknown,false,medium,
reports/analysis/controlled_knn_by_hidden_dim_factorial_500u_top100/figures/mae_heatmap_k_by_hidden_dim_evolvegcn.pdf,report,knn_ablation,,,unknown,false,medium,
reports/analysis/controlled_knn_by_hidden_dim_factorial_500u_top100/figures/mae_heatmap_k_by_hidden_dim_evolvegcn.png,report,knn_ablation,,,unknown,false,medium,
reports/analysis/controlled_knn_by_hidden_dim_factorial_500u_top100/figures/mae_heatmap_k_by_hidden_dim_static.pdf,report,knn_ablation,,,unknown,false,medium,
reports/analysis/controlled_knn_by_hidden_dim_factorial_500u_top100/figures/mae_heatmap_k_by_hidden_dim_static.png,report,knn_ablation,,,unknown,false,medium,
reports/analysis/controlled_knn_by_hidden_dim_factorial_500u_top100/figures/paired_mae_difference_vs_factorial_cell.pdf,report,knn_ablation,,,unknown,false,medium,
reports/analysis/controlled_knn_by_hidden_dim_factorial_500u_top100/figures/paired_mae_difference_vs_factorial_cell.png,report,knn_ablation,,,unknown,false,medium,
reports/analysis/controlled_knn_by_hidden_dim_factorial_500u_top100/figures/paired_model_mae_difference_vs_k.pdf,report,knn_ablation,,,unknown,false,medium,
reports/analysis/controlled_knn_by_hidden_dim_factorial_500u_top100/figures/paired_model_mae_difference_vs_k.png,report,knn_ablation,,,unknown,false,medium,
reports/analysis/controlled_knn_by_hidden_dim_factorial_500u_top100/figures/paired_width_mae_difference_vs_k.pdf,report,knn_ablation,,,unknown,false,medium,
reports/analysis/controlled_knn_by_hidden_dim_factorial_500u_top100/figures/paired_width_mae_difference_vs_k.png,report,knn_ablation,,,unknown,false,medium,
reports/analysis/controlled_knn_by_hidden_dim_factorial_500u_top100/figures/prediction_std_ratio_vs_factorial_cell.pdf,report,knn_ablation,,,unknown,false,medium,
reports/analysis/controlled_knn_by_hidden_dim_factorial_500u_top100/figures/prediction_std_ratio_vs_factorial_cell.png,report,knn_ablation,,,unknown,false,medium,
reports/analysis/controlled_knn_by_hidden_dim_factorial_500u_top100/figures/prediction_std_ratio_vs_k_and_width.pdf,report,knn_ablation,,,unknown,false,medium,
reports/analysis/controlled_knn_by_hidden_dim_factorial_500u_top100/figures/prediction_std_ratio_vs_k_and_width.png,report,knn_ablation,,,unknown,false,medium,
reports/analysis/controlled_knn_by_hidden_dim_factorial_500u_top100/figures/repeated_prediction_fraction_vs_k_and_width.pdf,report,knn_ablation,,,unknown,false,medium,
reports/analysis/controlled_knn_by_hidden_dim_factorial_500u_top100/figures/repeated_prediction_fraction_vs_k_and_width.png,report,knn_ablation,,,unknown,false,medium,
reports/analysis/controlled_knn_by_hidden_dim_factorial_500u_top100/figures/representative_prediction_distributions.pdf,report,knn_ablation,,,unknown,false,medium,
reports/analysis/controlled_knn_by_hidden_dim_factorial_500u_top100/figures/representative_prediction_distributions.png,report,knn_ablation,,,unknown,false,medium,
reports/analysis/controlled_knn_by_hidden_dim_factorial_500u_top100/figures/representative_residuals_vs_true.pdf,report,knn_ablation,,,unknown,false,medium,
reports/analysis/controlled_knn_by_hidden_dim_factorial_500u_top100/figures/representative_residuals_vs_true.png,report,knn_ablation,,,unknown,false,medium,
reports/analysis/controlled_knn_by_hidden_dim_factorial_500u_top100/figures/representative_true_vs_predicted.pdf,report,knn_ablation,,,unknown,false,medium,
reports/analysis/controlled_knn_by_hidden_dim_factorial_500u_top100/figures/representative_true_vs_predicted.png,report,knn_ablation,,,unknown,false,medium,
reports/analysis/controlled_knn_by_hidden_dim_factorial_500u_top100/figures/residuals_vs_true_representative_runs.pdf,report,knn_ablation,,,unknown,false,medium,
reports/analysis/controlled_knn_by_hidden_dim_factorial_500u_top100/figures/residuals_vs_true_representative_runs.png,report,knn_ablation,,,unknown,false,medium,
reports/analysis/controlled_knn_by_hidden_dim_factorial_500u_top100/figures/seed_variability_vs_factorial_cell.pdf,report,knn_ablation,,,unknown,false,medium,
reports/analysis/controlled_knn_by_hidden_dim_factorial_500u_top100/figures/seed_variability_vs_factorial_cell.png,report,knn_ablation,,,unknown,false,medium,
reports/analysis/controlled_knn_by_hidden_dim_factorial_500u_top100/figures/seed_variability_vs_k_and_width.pdf,report,knn_ablation,,,unknown,false,medium,
reports/analysis/controlled_knn_by_hidden_dim_factorial_500u_top100/figures/seed_variability_vs_k_and_width.png,report,knn_ablation,,,unknown,false,medium,
reports/analysis/controlled_knn_by_hidden_dim_factorial_500u_top100/figures/test_mae_vs_factorial_cell.pdf,report,knn_ablation,,,unknown,false,medium,
reports/analysis/controlled_knn_by_hidden_dim_factorial_500u_top100/figures/test_mae_vs_factorial_cell.png,report,knn_ablation,,,unknown,false,medium,
reports/analysis/controlled_knn_by_hidden_dim_factorial_500u_top100/figures/test_mae_vs_k_by_hidden_dim.pdf,report,knn_ablation,,,unknown,false,medium,
reports/analysis/controlled_knn_by_hidden_dim_factorial_500u_top100/figures/test_mae_vs_k_by_hidden_dim.png,report,knn_ablation,,,unknown,false,medium,
reports/analysis/controlled_knn_by_hidden_dim_factorial_500u_top100/figures/test_r2_vs_factorial_cell.pdf,report,knn_ablation,,,unknown,false,medium,
reports/analysis/controlled_knn_by_hidden_dim_factorial_500u_top100/figures/test_r2_vs_factorial_cell.png,report,knn_ablation,,,unknown,false,medium,
reports/analysis/controlled_knn_by_hidden_dim_factorial_500u_top100/figures/test_r2_vs_k_by_hidden_dim.pdf,report,knn_ablation,,,unknown,false,medium,
reports/analysis/controlled_knn_by_hidden_dim_factorial_500u_top100/figures/test_r2_vs_k_by_hidden_dim.png,report,knn_ablation,,,unknown,false,medium,
reports/analysis/controlled_knn_by_hidden_dim_factorial_500u_top100/figures/test_rmse_vs_factorial_cell.pdf,report,knn_ablation,,,unknown,false,medium,
reports/analysis/controlled_knn_by_hidden_dim_factorial_500u_top100/figures/test_rmse_vs_factorial_cell.png,report,knn_ablation,,,unknown,false,medium,
reports/analysis/controlled_knn_by_hidden_dim_factorial_500u_top100/figures/test_rmse_vs_k_by_hidden_dim.pdf,report,knn_ablation,,,unknown,false,medium,
reports/analysis/controlled_knn_by_hidden_dim_factorial_500u_top100/figures/test_rmse_vs_k_by_hidden_dim.png,report,knn_ablation,,,unknown,false,medium,
reports/analysis/controlled_knn_by_hidden_dim_factorial_500u_top100/figures/true_vs_predicted_representative_runs.pdf,report,knn_ablation,,,unknown,false,medium,
reports/analysis/controlled_knn_by_hidden_dim_factorial_500u_top100/figures/true_vs_predicted_representative_runs.png,report,knn_ablation,,,unknown,false,medium,
reports/analysis/controlled_knn_by_hidden_dim_factorial_500u_top100/h64_slice_consistency_report.md,report,knn_ablation,,,unknown,false,medium,
reports/analysis/controlled_knn_by_hidden_dim_factorial_500u_top100/paired_model_differences.csv,report,knn_ablation,evolvegcn_h_500u_k12_seed123;evolvegcn_h_500u_k12_seed2025;evolvegcn_h_500u_k12_seed42;evolvegcn_h_500u_k4_seed123;evolvegcn_h_500u_k4_seed2025;evolvegcn_h_500u_k4_seed42;evolvegcn_h_500u_k6_seed123;evolvegcn_h_500u_k6_seed2025;evolvegcn_h_500u_k6_seed42;evolvegcn_h_500u_k8_h64_seed123;evolvegcn_h_500u_k8_h64_seed2025;evolvegcn_h_500u_k8_h64_seed42;evolvegcn_h_500u_seed123_final32;evolvegcn_h_500u_seed2025_final32;evolvegcn_h_500u_seed42_final32;evolvegcn_h_u500_top100_norm-minmax_k12_h32_l2_factorial_seed123;evolvegcn_h_u500_top100_norm-minmax_k12_h32_l2_factorial_seed2025;evolvegcn_h_u500_top100_norm-minmax_k12_h32_l2_factorial_seed42;evolvegcn_h_u500_top100_norm-minmax_k4_h32_l2_factorial_seed123;evolvegcn_h_u500_top100_norm-minmax_k4_h32_l2_factorial_seed2025;evolvegcn_h_u500_top100_norm-minmax_k4_h32_l2_factorial_seed42;evolvegcn_h_u500_top100_norm-minmax_k6_h32_l2_factorial_seed123;evolvegcn_h_u500_top100_norm-minmax_k6_h32_l2_factorial_seed2025;evolvegcn_h_u500_top100_norm-minmax_k6_h32_l2_factorial_seed42;static_gcn_500u_k12_seed123;static_gcn_500u_k12_seed2025;static_gcn_500u_k12_seed42;static_gcn_500u_k4_seed123;static_gcn_500u_k4_seed2025;static_gcn_500u_k4_seed42;static_gcn_500u_k6_seed123;static_gcn_500u_k6_seed2025;static_gcn_500u_k6_seed42;static_gcn_500u_k8_h64_seed123;static_gcn_500u_k8_h64_seed2025;static_gcn_500u_k8_h64_seed42;static_gcn_u500_top100_norm-minmax_k12_h32_l3_gpool-mean_conv-gcn_batch8_factorial_seed123;static_gcn_u500_top100_norm-minmax_k12_h32_l3_gpool-mean_conv-gcn_batch8_factorial_seed2025;static_gcn_u500_top100_norm-minmax_k12_h32_l3_gpool-mean_conv-gcn_batch8_factorial_seed42;static_gcn_u500_top100_norm-minmax_k4_h32_l3_gpool-mean_conv-gcn_batch8_factorial_seed123;static_gcn_u500_top100_norm-minmax_k4_h32_l3_gpool-mean_conv-gcn_batch8_factorial_seed2025;static_gcn_u500_top100_norm-minmax_k4_h32_l3_gpool-mean_conv-gcn_batch8_factorial_seed42;static_gcn_u500_top100_norm-minmax_k6_h32_l3_gpool-mean_conv-gcn_batch8_factorial_seed123;static_gcn_u500_top100_norm-minmax_k6_h32_l3_gpool-mean_conv-gcn_batch8_factorial_seed2025;static_gcn_u500_top100_norm-minmax_k6_h32_l3_gpool-mean_conv-gcn_batch8_factorial_seed42;static_gcn_u500_top100_norm-minmax_k8_h32_l3_gpool-mean_conv-gcn_batch8_factorial_seed123;static_gcn_u500_top100_norm-minmax_k8_h32_l3_gpool-mean_conv-gcn_batch8_factorial_seed2025;static_gcn_u500_top100_norm-minmax_k8_h32_l3_gpool-mean_conv-gcn_batch8_factorial_seed42,,unknown,false,medium,
reports/analysis/controlled_knn_by_hidden_dim_factorial_500u_top100/paired_width_differences.csv,report,knn_ablation,evolvegcn_h_500u_k12_seed123;evolvegcn_h_500u_k12_seed2025;evolvegcn_h_500u_k12_seed42;evolvegcn_h_500u_k4_seed123;evolvegcn_h_500u_k4_seed2025;evolvegcn_h_500u_k4_seed42;evolvegcn_h_500u_k6_seed123;evolvegcn_h_500u_k6_seed2025;evolvegcn_h_500u_k6_seed42;evolvegcn_h_500u_k8_h64_seed123;evolvegcn_h_500u_k8_h64_seed2025;evolvegcn_h_500u_k8_h64_seed42;evolvegcn_h_500u_seed123_final32;evolvegcn_h_500u_seed2025_final32;evolvegcn_h_500u_seed42_final32;evolvegcn_h_u500_top100_norm-minmax_k12_h32_l2_factorial_seed123;evolvegcn_h_u500_top100_norm-minmax_k12_h32_l2_factorial_seed2025;evolvegcn_h_u500_top100_norm-minmax_k12_h32_l2_factorial_seed42;evolvegcn_h_u500_top100_norm-minmax_k4_h32_l2_factorial_seed123;evolvegcn_h_u500_top100_norm-minmax_k4_h32_l2_factorial_seed2025;evolvegcn_h_u500_top100_norm-minmax_k4_h32_l2_factorial_seed42;evolvegcn_h_u500_top100_norm-minmax_k6_h32_l2_factorial_seed123;evolvegcn_h_u500_top100_norm-minmax_k6_h32_l2_factorial_seed2025;evolvegcn_h_u500_top100_norm-minmax_k6_h32_l2_factorial_seed42;static_gcn_500u_k12_seed123;static_gcn_500u_k12_seed2025;static_gcn_500u_k12_seed42;static_gcn_500u_k4_seed123;static_gcn_500u_k4_seed2025;static_gcn_500u_k4_seed42;static_gcn_500u_k6_seed123;static_gcn_500u_k6_seed2025;static_gcn_500u_k6_seed42;static_gcn_500u_k8_h64_seed123;static_gcn_500u_k8_h64_seed2025;static_gcn_500u_k8_h64_seed42;static_gcn_u500_top100_norm-minmax_k12_h32_l3_gpool-mean_conv-gcn_batch8_factorial_seed123;static_gcn_u500_top100_norm-minmax_k12_h32_l3_gpool-mean_conv-gcn_batch8_factorial_seed2025;static_gcn_u500_top100_norm-minmax_k12_h32_l3_gpool-mean_conv-gcn_batch8_factorial_seed42;static_gcn_u500_top100_norm-minmax_k4_h32_l3_gpool-mean_conv-gcn_batch8_factorial_seed123;static_gcn_u500_top100_norm-minmax_k4_h32_l3_gpool-mean_conv-gcn_batch8_factorial_seed2025;static_gcn_u500_top100_norm-minmax_k4_h32_l3_gpool-mean_conv-gcn_batch8_factorial_seed42;static_gcn_u500_top100_norm-minmax_k6_h32_l3_gpool-mean_conv-gcn_batch8_factorial_seed123;static_gcn_u500_top100_norm-minmax_k6_h32_l3_gpool-mean_conv-gcn_batch8_factorial_seed2025;static_gcn_u500_top100_norm-minmax_k6_h32_l3_gpool-mean_conv-gcn_batch8_factorial_seed42;static_gcn_u500_top100_norm-minmax_k8_h32_l3_gpool-mean_conv-gcn_batch8_factorial_seed123;static_gcn_u500_top100_norm-minmax_k8_h32_l3_gpool-mean_conv-gcn_batch8_factorial_seed2025;static_gcn_u500_top100_norm-minmax_k8_h32_l3_gpool-mean_conv-gcn_batch8_factorial_seed42,,unknown,false,medium,
reports/analysis/controlled_knn_by_hidden_dim_factorial_500u_top100/plot_data/h64_consistency_with_existing_analysis.csv,report,knn_ablation,,,unknown,false,medium,
reports/analysis/controlled_knn_by_hidden_dim_factorial_500u_top100/plot_data/mae_heatmap_k_by_hidden_dim_evolvegcn.csv,report,knn_ablation,,,unknown,false,medium,
reports/analysis/controlled_knn_by_hidden_dim_factorial_500u_top100/plot_data/mae_heatmap_k_by_hidden_dim_static.csv,report,knn_ablation,,,unknown,false,medium,
reports/analysis/controlled_knn_by_hidden_dim_factorial_500u_top100/plot_data/paired_mae_difference_vs_factorial_cell.csv,report,knn_ablation,,,unknown,false,medium,
reports/analysis/controlled_knn_by_hidden_dim_factorial_500u_top100/plot_data/paired_model_mae_difference_vs_k.csv,report,knn_ablation,evolvegcn_h_500u_k12_seed123;evolvegcn_h_500u_k12_seed2025;evolvegcn_h_500u_k12_seed42;evolvegcn_h_500u_k4_seed123;evolvegcn_h_500u_k4_seed2025;evolvegcn_h_500u_k4_seed42;evolvegcn_h_500u_k6_seed123;evolvegcn_h_500u_k6_seed2025;evolvegcn_h_500u_k6_seed42;evolvegcn_h_500u_k8_h64_seed123;evolvegcn_h_500u_k8_h64_seed2025;evolvegcn_h_500u_k8_h64_seed42;evolvegcn_h_500u_seed123_final32;evolvegcn_h_500u_seed2025_final32;evolvegcn_h_500u_seed42_final32;evolvegcn_h_u500_top100_norm-minmax_k12_h32_l2_factorial_seed123;evolvegcn_h_u500_top100_norm-minmax_k12_h32_l2_factorial_seed2025;evolvegcn_h_u500_top100_norm-minmax_k12_h32_l2_factorial_seed42;evolvegcn_h_u500_top100_norm-minmax_k4_h32_l2_factorial_seed123;evolvegcn_h_u500_top100_norm-minmax_k4_h32_l2_factorial_seed2025;evolvegcn_h_u500_top100_norm-minmax_k4_h32_l2_factorial_seed42;evolvegcn_h_u500_top100_norm-minmax_k6_h32_l2_factorial_seed123;evolvegcn_h_u500_top100_norm-minmax_k6_h32_l2_factorial_seed2025;evolvegcn_h_u500_top100_norm-minmax_k6_h32_l2_factorial_seed42;static_gcn_500u_k12_seed123;static_gcn_500u_k12_seed2025;static_gcn_500u_k12_seed42;static_gcn_500u_k4_seed123;static_gcn_500u_k4_seed2025;static_gcn_500u_k4_seed42;static_gcn_500u_k6_seed123;static_gcn_500u_k6_seed2025;static_gcn_500u_k6_seed42;static_gcn_500u_k8_h64_seed123;static_gcn_500u_k8_h64_seed2025;static_gcn_500u_k8_h64_seed42;static_gcn_u500_top100_norm-minmax_k12_h32_l3_gpool-mean_conv-gcn_batch8_factorial_seed123;static_gcn_u500_top100_norm-minmax_k12_h32_l3_gpool-mean_conv-gcn_batch8_factorial_seed2025;static_gcn_u500_top100_norm-minmax_k12_h32_l3_gpool-mean_conv-gcn_batch8_factorial_seed42;static_gcn_u500_top100_norm-minmax_k4_h32_l3_gpool-mean_conv-gcn_batch8_factorial_seed123;static_gcn_u500_top100_norm-minmax_k4_h32_l3_gpool-mean_conv-gcn_batch8_factorial_seed2025;static_gcn_u500_top100_norm-minmax_k4_h32_l3_gpool-mean_conv-gcn_batch8_factorial_seed42;static_gcn_u500_top100_norm-minmax_k6_h32_l3_gpool-mean_conv-gcn_batch8_factorial_seed123;static_gcn_u500_top100_norm-minmax_k6_h32_l3_gpool-mean_conv-gcn_batch8_factorial_seed2025;static_gcn_u500_top100_norm-minmax_k6_h32_l3_gpool-mean_conv-gcn_batch8_factorial_seed42;static_gcn_u500_top100_norm-minmax_k8_h32_l3_gpool-mean_conv-gcn_batch8_factorial_seed123;static_gcn_u500_top100_norm-minmax_k8_h32_l3_gpool-mean_conv-gcn_batch8_factorial_seed2025;static_gcn_u500_top100_norm-minmax_k8_h32_l3_gpool-mean_conv-gcn_batch8_factorial_seed42,,unknown,false,medium,
reports/analysis/controlled_knn_by_hidden_dim_factorial_500u_top100/plot_data/paired_width_mae_difference_vs_k.csv,report,knn_ablation,evolvegcn_h_500u_k12_seed123;evolvegcn_h_500u_k12_seed2025;evolvegcn_h_500u_k12_seed42;evolvegcn_h_500u_k4_seed123;evolvegcn_h_500u_k4_seed2025;evolvegcn_h_500u_k4_seed42;evolvegcn_h_500u_k6_seed123;evolvegcn_h_500u_k6_seed2025;evolvegcn_h_500u_k6_seed42;evolvegcn_h_500u_k8_h64_seed123;evolvegcn_h_500u_k8_h64_seed2025;evolvegcn_h_500u_k8_h64_seed42;evolvegcn_h_500u_seed123_final32;evolvegcn_h_500u_seed2025_final32;evolvegcn_h_500u_seed42_final32;evolvegcn_h_u500_top100_norm-minmax_k12_h32_l2_factorial_seed123;evolvegcn_h_u500_top100_norm-minmax_k12_h32_l2_factorial_seed2025;evolvegcn_h_u500_top100_norm-minmax_k12_h32_l2_factorial_seed42;evolvegcn_h_u500_top100_norm-minmax_k4_h32_l2_factorial_seed123;evolvegcn_h_u500_top100_norm-minmax_k4_h32_l2_factorial_seed2025;evolvegcn_h_u500_top100_norm-minmax_k4_h32_l2_factorial_seed42;evolvegcn_h_u500_top100_norm-minmax_k6_h32_l2_factorial_seed123;evolvegcn_h_u500_top100_norm-minmax_k6_h32_l2_factorial_seed2025;evolvegcn_h_u500_top100_norm-minmax_k6_h32_l2_factorial_seed42;static_gcn_500u_k12_seed123;static_gcn_500u_k12_seed2025;static_gcn_500u_k12_seed42;static_gcn_500u_k4_seed123;static_gcn_500u_k4_seed2025;static_gcn_500u_k4_seed42;static_gcn_500u_k6_seed123;static_gcn_500u_k6_seed2025;static_gcn_500u_k6_seed42;static_gcn_500u_k8_h64_seed123;static_gcn_500u_k8_h64_seed2025;static_gcn_500u_k8_h64_seed42;static_gcn_u500_top100_norm-minmax_k12_h32_l3_gpool-mean_conv-gcn_batch8_factorial_seed123;static_gcn_u500_top100_norm-minmax_k12_h32_l3_gpool-mean_conv-gcn_batch8_factorial_seed2025;static_gcn_u500_top100_norm-minmax_k12_h32_l3_gpool-mean_conv-gcn_batch8_factorial_seed42;static_gcn_u500_top100_norm-minmax_k4_h32_l3_gpool-mean_conv-gcn_batch8_factorial_seed123;static_gcn_u500_top100_norm-minmax_k4_h32_l3_gpool-mean_conv-gcn_batch8_factorial_seed2025;static_gcn_u500_top100_norm-minmax_k4_h32_l3_gpool-mean_conv-gcn_batch8_factorial_seed42;static_gcn_u500_top100_norm-minmax_k6_h32_l3_gpool-mean_conv-gcn_batch8_factorial_seed123;static_gcn_u500_top100_norm-minmax_k6_h32_l3_gpool-mean_conv-gcn_batch8_factorial_seed2025;static_gcn_u500_top100_norm-minmax_k6_h32_l3_gpool-mean_conv-gcn_batch8_factorial_seed42;static_gcn_u500_top100_norm-minmax_k8_h32_l3_gpool-mean_conv-gcn_batch8_factorial_seed123;static_gcn_u500_top100_norm-minmax_k8_h32_l3_gpool-mean_conv-gcn_batch8_factorial_seed2025;static_gcn_u500_top100_norm-minmax_k8_h32_l3_gpool-mean_conv-gcn_batch8_factorial_seed42,,unknown,false,medium,
reports/analysis/controlled_knn_by_hidden_dim_factorial_500u_top100/plot_data/prediction_std_ratio_vs_factorial_cell.csv,report,knn_ablation,,,unknown,false,medium,
reports/analysis/controlled_knn_by_hidden_dim_factorial_500u_top100/plot_data/prediction_std_ratio_vs_k_and_width.csv,report,knn_ablation,,,unknown,false,medium,
reports/analysis/controlled_knn_by_hidden_dim_factorial_500u_top100/plot_data/repeated_prediction_fraction_vs_k_and_width.csv,report,knn_ablation,,,unknown,false,medium,
reports/analysis/controlled_knn_by_hidden_dim_factorial_500u_top100/plot_data/representative_prediction_distributions.csv,report,knn_ablation,,,unknown,false,medium,
reports/analysis/controlled_knn_by_hidden_dim_factorial_500u_top100/plot_data/representative_residuals_vs_true.csv,report,knn_ablation,,,unknown,false,medium,
reports/analysis/controlled_knn_by_hidden_dim_factorial_500u_top100/plot_data/representative_true_vs_predicted.csv,report,knn_ablation,,,unknown,false,medium,
reports/analysis/controlled_knn_by_hidden_dim_factorial_500u_top100/plot_data/residuals_vs_true_representative_runs.csv,report,knn_ablation,,,unknown,false,medium,
reports/analysis/controlled_knn_by_hidden_dim_factorial_500u_top100/plot_data/seed_variability_vs_factorial_cell.csv,report,knn_ablation,,,unknown,false,medium,
reports/analysis/controlled_knn_by_hidden_dim_factorial_500u_top100/plot_data/seed_variability_vs_k_and_width.csv,report,knn_ablation,,,unknown,false,medium,
reports/analysis/controlled_knn_by_hidden_dim_factorial_500u_top100/plot_data/test_mae_vs_factorial_cell.csv,report,knn_ablation,,,unknown,false,medium,
reports/analysis/controlled_knn_by_hidden_dim_factorial_500u_top100/plot_data/test_mae_vs_k_by_hidden_dim.csv,report,knn_ablation,,,unknown,false,medium,
reports/analysis/controlled_knn_by_hidden_dim_factorial_500u_top100/plot_data/test_r2_vs_factorial_cell.csv,report,knn_ablation,,,unknown,false,medium,
reports/analysis/controlled_knn_by_hidden_dim_factorial_500u_top100/plot_data/test_r2_vs_k_by_hidden_dim.csv,report,knn_ablation,,,unknown,false,medium,
reports/analysis/controlled_knn_by_hidden_dim_factorial_500u_top100/plot_data/test_rmse_vs_factorial_cell.csv,report,knn_ablation,,,unknown,false,medium,
reports/analysis/controlled_knn_by_hidden_dim_factorial_500u_top100/plot_data/test_rmse_vs_k_by_hidden_dim.csv,report,knn_ablation,,,unknown,false,medium,
reports/analysis/controlled_knn_by_hidden_dim_factorial_500u_top100/plot_data/true_vs_predicted_representative_runs.csv,report,knn_ablation,,,unknown,false,medium,
reports/analysis/controlled_knn_by_hidden_dim_factorial_500u_top100/prediction_diagnostics.csv,report,knn_ablation,evolvegcn_h_500u_k12_seed123;evolvegcn_h_500u_k12_seed2025;evolvegcn_h_500u_k12_seed42;evolvegcn_h_500u_k4_seed123;evolvegcn_h_500u_k4_seed2025;evolvegcn_h_500u_k4_seed42;evolvegcn_h_500u_k6_seed123;evolvegcn_h_500u_k6_seed2025;evolvegcn_h_500u_k6_seed42;evolvegcn_h_500u_k8_h64_seed123;evolvegcn_h_500u_k8_h64_seed2025;evolvegcn_h_500u_k8_h64_seed42;evolvegcn_h_500u_seed123_final32;evolvegcn_h_500u_seed2025_final32;evolvegcn_h_500u_seed42_final32;evolvegcn_h_u500_top100_norm-minmax_k12_h32_l2_factorial_seed123;evolvegcn_h_u500_top100_norm-minmax_k12_h32_l2_factorial_seed2025;evolvegcn_h_u500_top100_norm-minmax_k12_h32_l2_factorial_seed42;evolvegcn_h_u500_top100_norm-minmax_k4_h32_l2_factorial_seed123;evolvegcn_h_u500_top100_norm-minmax_k4_h32_l2_factorial_seed2025;evolvegcn_h_u500_top100_norm-minmax_k4_h32_l2_factorial_seed42;evolvegcn_h_u500_top100_norm-minmax_k6_h32_l2_factorial_seed123;evolvegcn_h_u500_top100_norm-minmax_k6_h32_l2_factorial_seed2025;evolvegcn_h_u500_top100_norm-minmax_k6_h32_l2_factorial_seed42;static_gcn_500u_k12_seed123;static_gcn_500u_k12_seed2025;static_gcn_500u_k12_seed42;static_gcn_500u_k4_seed123;static_gcn_500u_k4_seed2025;static_gcn_500u_k4_seed42;static_gcn_500u_k6_seed123;static_gcn_500u_k6_seed2025;static_gcn_500u_k6_seed42;static_gcn_500u_k8_h64_seed123;static_gcn_500u_k8_h64_seed2025;static_gcn_500u_k8_h64_seed42;static_gcn_u500_top100_norm-minmax_k12_h32_l3_gpool-mean_conv-gcn_batch8_factorial_seed123;static_gcn_u500_top100_norm-minmax_k12_h32_l3_gpool-mean_conv-gcn_batch8_factorial_seed2025;static_gcn_u500_top100_norm-minmax_k12_h32_l3_gpool-mean_conv-gcn_batch8_factorial_seed42;static_gcn_u500_top100_norm-minmax_k4_h32_l3_gpool-mean_conv-gcn_batch8_factorial_seed123;static_gcn_u500_top100_norm-minmax_k4_h32_l3_gpool-mean_conv-gcn_batch8_factorial_seed2025;static_gcn_u500_top100_norm-minmax_k4_h32_l3_gpool-mean_conv-gcn_batch8_factorial_seed42;static_gcn_u500_top100_norm-minmax_k6_h32_l3_gpool-mean_conv-gcn_batch8_factorial_seed123;static_gcn_u500_top100_norm-minmax_k6_h32_l3_gpool-mean_conv-gcn_batch8_factorial_seed2025;static_gcn_u500_top100_norm-minmax_k6_h32_l3_gpool-mean_conv-gcn_batch8_factorial_seed42;static_gcn_u500_top100_norm-minmax_k8_h32_l3_gpool-mean_conv-gcn_batch8_factorial_seed123;static_gcn_u500_top100_norm-minmax_k8_h32_l3_gpool-mean_conv-gcn_batch8_factorial_seed2025;static_gcn_u500_top100_norm-minmax_k8_h32_l3_gpool-mean_conv-gcn_batch8_factorial_seed42,,unknown,false,medium,
reports/analysis/controlled_knn_by_hidden_dim_factorial_500u_top100/presentation_ready_summary.md,report,knn_ablation,,,unknown,false,medium,
reports/analysis/controlled_knn_by_hidden_dim_factorial_500u_top100/protocol_table.csv,report,knn_ablation,,,unknown,false,medium,
reports/analysis/controlled_knn_by_hidden_dim_factorial_500u_top100/protocol_table.md,report,knn_ablation,,,unknown,false,medium,
reports/analysis/controlled_knn_by_hidden_dim_factorial_500u_top100/rebuild_analysis_specific_outputs.py,report,knn_ablation,,,unknown,false,medium,
reports/analysis/controlled_knn_by_hidden_dim_factorial_500u_top100/scientific_summary.md,report,knn_ablation,,,unknown,false,medium,
reports/analysis/controlled_knn_by_hidden_dim_factorial_500u_top100/seed_level_results.csv,report,knn_ablation,evolvegcn_h_500u_k12_seed123;evolvegcn_h_500u_k12_seed2025;evolvegcn_h_500u_k12_seed42;evolvegcn_h_500u_k4_seed123;evolvegcn_h_500u_k4_seed2025;evolvegcn_h_500u_k4_seed42;evolvegcn_h_500u_k6_seed123;evolvegcn_h_500u_k6_seed2025;evolvegcn_h_500u_k6_seed42;evolvegcn_h_500u_k8_h64_seed123;evolvegcn_h_500u_k8_h64_seed2025;evolvegcn_h_500u_k8_h64_seed42;evolvegcn_h_500u_seed123_final32;evolvegcn_h_500u_seed2025_final32;evolvegcn_h_500u_seed42_final32;evolvegcn_h_u500_top100_norm-minmax_k12_h32_l2_factorial_seed123;evolvegcn_h_u500_top100_norm-minmax_k12_h32_l2_factorial_seed2025;evolvegcn_h_u500_top100_norm-minmax_k12_h32_l2_factorial_seed42;evolvegcn_h_u500_top100_norm-minmax_k4_h32_l2_factorial_seed123;evolvegcn_h_u500_top100_norm-minmax_k4_h32_l2_factorial_seed2025;evolvegcn_h_u500_top100_norm-minmax_k4_h32_l2_factorial_seed42;evolvegcn_h_u500_top100_norm-minmax_k6_h32_l2_factorial_seed123;evolvegcn_h_u500_top100_norm-minmax_k6_h32_l2_factorial_seed2025;evolvegcn_h_u500_top100_norm-minmax_k6_h32_l2_factorial_seed42;static_gcn_500u_k12_seed123;static_gcn_500u_k12_seed2025;static_gcn_500u_k12_seed42;static_gcn_500u_k4_seed123;static_gcn_500u_k4_seed2025;static_gcn_500u_k4_seed42;static_gcn_500u_k6_seed123;static_gcn_500u_k6_seed2025;static_gcn_500u_k6_seed42;static_gcn_500u_k8_h64_seed123;static_gcn_500u_k8_h64_seed2025;static_gcn_500u_k8_h64_seed42;static_gcn_u500_top100_norm-minmax_k12_h32_l3_gpool-mean_conv-gcn_batch8_factorial_seed123;static_gcn_u500_top100_norm-minmax_k12_h32_l3_gpool-mean_conv-gcn_batch8_factorial_seed2025;static_gcn_u500_top100_norm-minmax_k12_h32_l3_gpool-mean_conv-gcn_batch8_factorial_seed42;static_gcn_u500_top100_norm-minmax_k4_h32_l3_gpool-mean_conv-gcn_batch8_factorial_seed123;static_gcn_u500_top100_norm-minmax_k4_h32_l3_gpool-mean_conv-gcn_batch8_factorial_seed2025;static_gcn_u500_top100_norm-minmax_k4_h32_l3_gpool-mean_conv-gcn_batch8_factorial_seed42;static_gcn_u500_top100_norm-minmax_k6_h32_l3_gpool-mean_conv-gcn_batch8_factorial_seed123;static_gcn_u500_top100_norm-minmax_k6_h32_l3_gpool-mean_conv-gcn_batch8_factorial_seed2025;static_gcn_u500_top100_norm-minmax_k6_h32_l3_gpool-mean_conv-gcn_batch8_factorial_seed42;static_gcn_u500_top100_norm-minmax_k8_h32_l3_gpool-mean_conv-gcn_batch8_factorial_seed123;static_gcn_u500_top100_norm-minmax_k8_h32_l3_gpool-mean_conv-gcn_batch8_factorial_seed2025;static_gcn_u500_top100_norm-minmax_k8_h32_l3_gpool-mean_conv-gcn_batch8_factorial_seed42,,unknown,false,medium,
reports/analysis/controlled_knn_by_hidden_dim_factorial_500u_top100/tables/best_k_descriptive_summary.csv,report,knn_ablation,,,unknown,false,medium,
reports/analysis/controlled_knn_by_hidden_dim_factorial_500u_top100/tables/best_k_descriptive_summary.md,report,knn_ablation,,,unknown,false,medium,
reports/analysis/controlled_knn_by_hidden_dim_factorial_500u_top100/tables/h32_knn_model_comparison_descriptive.csv,report,knn_ablation,,,unknown,false,medium,
reports/analysis/controlled_knn_by_hidden_dim_factorial_500u_top100/tables/h32_knn_model_comparison_descriptive.md,report,knn_ablation,,,unknown,false,medium,
reports/analysis/controlled_knn_by_hidden_dim_factorial_500u_top100/tables/h32_knn_model_comparison_descriptive.tex,report,knn_ablation,,,unknown,false,medium,
reports/analysis/controlled_knn_by_hidden_dim_factorial_500u_top100/tables/h64_knn_model_comparison.csv,report,knn_ablation,,,unknown,false,medium,
reports/analysis/controlled_knn_by_hidden_dim_factorial_500u_top100/tables/h64_knn_model_comparison.md,report,knn_ablation,,,unknown,false,medium,
reports/analysis/controlled_knn_by_hidden_dim_factorial_500u_top100/tables/h64_knn_model_comparison.tex,report,knn_ablation,,,unknown,false,medium,
reports/analysis/controlled_knn_by_hidden_dim_factorial_500u_top100/tables/main_results_table.csv,report,knn_ablation,,,unknown,false,medium,
reports/analysis/controlled_knn_by_hidden_dim_factorial_500u_top100/tables/main_results_table.md,report,knn_ablation,,,unknown,false,medium,
reports/analysis/controlled_knn_by_hidden_dim_factorial_500u_top100/tables/main_results_table.tex,report,knn_ablation,,,unknown,false,medium,
reports/analysis/controlled_knn_by_hidden_dim_factorial_500u_top100/tables/width_effect_within_evolvegcn.csv,report,knn_ablation,,,unknown,false,medium,
reports/analysis/controlled_knn_by_hidden_dim_factorial_500u_top100/tables/width_effect_within_evolvegcn.md,report,knn_ablation,,,unknown,false,medium,
reports/analysis/controlled_knn_by_hidden_dim_factorial_500u_top100/tables/width_effect_within_evolvegcn.tex,report,knn_ablation,,,unknown,false,medium,
reports/analysis/controlled_knn_by_hidden_dim_factorial_500u_top100/tables/width_effect_within_static_gcn.csv,report,knn_ablation,,,unknown,false,medium,
reports/analysis/controlled_knn_by_hidden_dim_factorial_500u_top100/tables/width_effect_within_static_gcn.md,report,knn_ablation,,,unknown,false,medium,
reports/analysis/controlled_knn_by_hidden_dim_factorial_500u_top100/tables/width_effect_within_static_gcn.tex,report,knn_ablation,,,unknown,false,medium,
reports/analysis/controlled_static_vs_evolvegcn_knn_ablation_500u_top100_h64/aggregated_results.csv,report,knn_ablation,,,unknown,false,medium,
reports/analysis/controlled_static_vs_evolvegcn_knn_ablation_500u_top100_h64/analysis_manifest.json,report,knn_ablation,evolvegcn_h_500u_k12_seed123;evolvegcn_h_500u_k12_seed2025;evolvegcn_h_500u_k12_seed42;evolvegcn_h_500u_k4_seed123;evolvegcn_h_500u_k4_seed2025;evolvegcn_h_500u_k4_seed42;evolvegcn_h_500u_k6_seed123;evolvegcn_h_500u_k6_seed2025;evolvegcn_h_500u_k6_seed42;evolvegcn_h_500u_k8_h64_seed123;evolvegcn_h_500u_k8_h64_seed2025;evolvegcn_h_500u_k8_h64_seed42;evolvegcn_h_500u_seed123_final32;evolvegcn_h_500u_seed2025_final32;evolvegcn_h_500u_seed42_final32;static_gcn_500u_k12_seed123;static_gcn_500u_k12_seed2025;static_gcn_500u_k12_seed42;static_gcn_500u_k4_seed123;static_gcn_500u_k4_seed2025;static_gcn_500u_k4_seed42;static_gcn_500u_k6_seed123;static_gcn_500u_k6_seed2025;static_gcn_500u_k6_seed42;static_gcn_500u_k8_h64_seed123;static_gcn_500u_k8_h64_seed2025;static_gcn_500u_k8_h64_seed42;static_gcn_500u_seed123_final32;static_gcn_500u_seed2025_final32;static_gcn_500u_seed42_final32;static_gcn_u500_top100_norm-minmax_h32_l2_gpool-mean_conv-gcn_batch8_canonical300_seed123;static_gcn_u500_top100_norm-minmax_h32_l2_gpool-mean_conv-gcn_batch8_canonical300_seed2025;static_gcn_u500_top100_norm-minmax_h32_l2_gpool-mean_conv-gcn_batch8_canonical300_seed42,,unknown,false,medium,
reports/analysis/controlled_static_vs_evolvegcn_knn_ablation_500u_top100_h64/compatibility_report.md,report,knn_ablation,,,unknown,false,medium,
reports/analysis/controlled_static_vs_evolvegcn_knn_ablation_500u_top100_h64/figures/paired_mae_difference_vs_k.pdf,report,knn_ablation,,,unknown,false,medium,
reports/analysis/controlled_static_vs_evolvegcn_knn_ablation_500u_top100_h64/figures/paired_mae_difference_vs_k.png,report,knn_ablation,,,unknown,false,medium,
reports/analysis/controlled_static_vs_evolvegcn_knn_ablation_500u_top100_h64/figures/prediction_distribution_representative_runs.pdf,report,knn_ablation,,,unknown,false,medium,
reports/analysis/controlled_static_vs_evolvegcn_knn_ablation_500u_top100_h64/figures/prediction_distribution_representative_runs.png,report,knn_ablation,,,unknown,false,medium,
reports/analysis/controlled_static_vs_evolvegcn_knn_ablation_500u_top100_h64/figures/prediction_std_ratio_vs_k.pdf,report,knn_ablation,,,unknown,false,medium,
reports/analysis/controlled_static_vs_evolvegcn_knn_ablation_500u_top100_h64/figures/prediction_std_ratio_vs_k.png,report,knn_ablation,,,unknown,false,medium,
reports/analysis/controlled_static_vs_evolvegcn_knn_ablation_500u_top100_h64/figures/repeated_prediction_fraction_vs_k.pdf,report,knn_ablation,,,unknown,false,medium,
reports/analysis/controlled_static_vs_evolvegcn_knn_ablation_500u_top100_h64/figures/repeated_prediction_fraction_vs_k.png,report,knn_ablation,,,unknown,false,medium,
reports/analysis/controlled_static_vs_evolvegcn_knn_ablation_500u_top100_h64/figures/residuals_vs_true_representative_runs.pdf,report,knn_ablation,,,unknown,false,medium,
reports/analysis/controlled_static_vs_evolvegcn_knn_ablation_500u_top100_h64/figures/residuals_vs_true_representative_runs.png,report,knn_ablation,,,unknown,false,medium,
reports/analysis/controlled_static_vs_evolvegcn_knn_ablation_500u_top100_h64/figures/seed_variability_vs_k.pdf,report,knn_ablation,,,unknown,false,medium,
reports/analysis/controlled_static_vs_evolvegcn_knn_ablation_500u_top100_h64/figures/seed_variability_vs_k.png,report,knn_ablation,,,unknown,false,medium,
reports/analysis/controlled_static_vs_evolvegcn_knn_ablation_500u_top100_h64/figures/test_mae_vs_k.pdf,report,knn_ablation,,,unknown,false,medium,
reports/analysis/controlled_static_vs_evolvegcn_knn_ablation_500u_top100_h64/figures/test_mae_vs_k.png,report,knn_ablation,,,unknown,false,medium,
reports/analysis/controlled_static_vs_evolvegcn_knn_ablation_500u_top100_h64/figures/test_r2_vs_k.pdf,report,knn_ablation,,,unknown,false,medium,
reports/analysis/controlled_static_vs_evolvegcn_knn_ablation_500u_top100_h64/figures/test_r2_vs_k.png,report,knn_ablation,,,unknown,false,medium,
reports/analysis/controlled_static_vs_evolvegcn_knn_ablation_500u_top100_h64/figures/test_rmse_vs_k.pdf,report,knn_ablation,,,unknown,false,medium,
reports/analysis/controlled_static_vs_evolvegcn_knn_ablation_500u_top100_h64/figures/test_rmse_vs_k.png,report,knn_ablation,,,unknown,false,medium,
reports/analysis/controlled_static_vs_evolvegcn_knn_ablation_500u_top100_h64/figures/true_vs_predicted_representative_runs.pdf,report,knn_ablation,,,unknown,false,medium,
reports/analysis/controlled_static_vs_evolvegcn_knn_ablation_500u_top100_h64/figures/true_vs_predicted_representative_runs.png,report,knn_ablation,,,unknown,false,medium,
reports/analysis/controlled_static_vs_evolvegcn_knn_ablation_500u_top100_h64/paired_model_differences.csv,report,knn_ablation,evolvegcn_h_500u_k12_seed123;evolvegcn_h_500u_k12_seed2025;evolvegcn_h_500u_k12_seed42;evolvegcn_h_500u_k4_seed123;evolvegcn_h_500u_k4_seed2025;evolvegcn_h_500u_k4_seed42;evolvegcn_h_500u_k6_seed123;evolvegcn_h_500u_k6_seed2025;evolvegcn_h_500u_k6_seed42;evolvegcn_h_500u_k8_h64_seed123;evolvegcn_h_500u_k8_h64_seed2025;evolvegcn_h_500u_k8_h64_seed42;static_gcn_500u_k12_seed123;static_gcn_500u_k12_seed2025;static_gcn_500u_k12_seed42;static_gcn_500u_k4_seed123;static_gcn_500u_k4_seed2025;static_gcn_500u_k4_seed42;static_gcn_500u_k6_seed123;static_gcn_500u_k6_seed2025;static_gcn_500u_k6_seed42;static_gcn_500u_k8_h64_seed123;static_gcn_500u_k8_h64_seed2025;static_gcn_500u_k8_h64_seed42,,unknown,false,medium,
reports/analysis/controlled_static_vs_evolvegcn_knn_ablation_500u_top100_h64/plot_data/paired_mae_difference_vs_k.csv,report,knn_ablation,,,unknown,false,medium,
reports/analysis/controlled_static_vs_evolvegcn_knn_ablation_500u_top100_h64/plot_data/prediction_distribution_representative_runs.csv,report,knn_ablation,,,unknown,false,medium,
reports/analysis/controlled_static_vs_evolvegcn_knn_ablation_500u_top100_h64/plot_data/prediction_std_ratio_vs_k.csv,report,knn_ablation,,,unknown,false,medium,
reports/analysis/controlled_static_vs_evolvegcn_knn_ablation_500u_top100_h64/plot_data/repeated_prediction_fraction_vs_k.csv,report,knn_ablation,,,unknown,false,medium,
reports/analysis/controlled_static_vs_evolvegcn_knn_ablation_500u_top100_h64/plot_data/residuals_vs_true_representative_runs.csv,report,knn_ablation,,,unknown,false,medium,
reports/analysis/controlled_static_vs_evolvegcn_knn_ablation_500u_top100_h64/plot_data/seed_variability_vs_k.csv,report,knn_ablation,,,unknown,false,medium,
reports/analysis/controlled_static_vs_evolvegcn_knn_ablation_500u_top100_h64/plot_data/test_mae_vs_k.csv,report,knn_ablation,,,unknown,false,medium,
reports/analysis/controlled_static_vs_evolvegcn_knn_ablation_500u_top100_h64/plot_data/test_r2_vs_k.csv,report,knn_ablation,,,unknown,false,medium,
reports/analysis/controlled_static_vs_evolvegcn_knn_ablation_500u_top100_h64/plot_data/test_rmse_vs_k.csv,report,knn_ablation,,,unknown,false,medium,
reports/analysis/controlled_static_vs_evolvegcn_knn_ablation_500u_top100_h64/plot_data/true_vs_predicted_representative_runs.csv,report,knn_ablation,,,unknown,false,medium,
reports/analysis/controlled_static_vs_evolvegcn_knn_ablation_500u_top100_h64/presentation_ready_summary.md,report,knn_ablation,,,unknown,false,medium,
reports/analysis/controlled_static_vs_evolvegcn_knn_ablation_500u_top100_h64/protocol_table.csv,report,knn_ablation,,,unknown,false,medium,
reports/analysis/controlled_static_vs_evolvegcn_knn_ablation_500u_top100_h64/protocol_table.md,report,knn_ablation,,,unknown,false,medium,
reports/analysis/controlled_static_vs_evolvegcn_knn_ablation_500u_top100_h64/rebuild_analysis_specific_outputs.py,report,knn_ablation,,,unknown,false,medium,
reports/analysis/controlled_static_vs_evolvegcn_knn_ablation_500u_top100_h64/scientific_summary.md,report,knn_ablation,,,unknown,false,medium,
reports/analysis/controlled_static_vs_evolvegcn_knn_ablation_500u_top100_h64/seed_level_results.csv,report,knn_ablation,evolvegcn_h_500u_k12_seed123;evolvegcn_h_500u_k12_seed2025;evolvegcn_h_500u_k12_seed42;evolvegcn_h_500u_k4_seed123;evolvegcn_h_500u_k4_seed2025;evolvegcn_h_500u_k4_seed42;evolvegcn_h_500u_k6_seed123;evolvegcn_h_500u_k6_seed2025;evolvegcn_h_500u_k6_seed42;evolvegcn_h_500u_k8_h64_seed123;evolvegcn_h_500u_k8_h64_seed2025;evolvegcn_h_500u_k8_h64_seed42;static_gcn_500u_k12_seed123;static_gcn_500u_k12_seed2025;static_gcn_500u_k12_seed42;static_gcn_500u_k4_seed123;static_gcn_500u_k4_seed2025;static_gcn_500u_k4_seed42;static_gcn_500u_k6_seed123;static_gcn_500u_k6_seed2025;static_gcn_500u_k6_seed42;static_gcn_500u_k8_h64_seed123;static_gcn_500u_k8_h64_seed2025;static_gcn_500u_k8_h64_seed42,,unknown,false,medium,
reports/analysis/controlled_static_vs_evolvegcn_knn_ablation_500u_top100_h64/tables/best_k_summary.csv,report,knn_ablation,,,unknown,false,medium,
reports/analysis/controlled_static_vs_evolvegcn_knn_ablation_500u_top100_h64/tables/best_k_summary.md,report,knn_ablation,,,unknown,false,medium,
reports/analysis/controlled_static_vs_evolvegcn_knn_ablation_500u_top100_h64/tables/main_results_table.csv,report,knn_ablation,,,unknown,false,medium,
reports/analysis/controlled_static_vs_evolvegcn_knn_ablation_500u_top100_h64/tables/main_results_table.md,report,knn_ablation,,,unknown,false,medium,
reports/analysis/controlled_static_vs_evolvegcn_knn_ablation_500u_top100_h64/tables/main_results_table.tex,report,knn_ablation,,,unknown,false,medium,
reports/analysis/controlled_static_vs_evolvegcn_normalization_ablation_500u_top500/README.md,report,normalization_ablation,,,unknown,false,medium,
reports/analysis/controlled_static_vs_evolvegcn_normalization_ablation_500u_top500/aggregated_results.csv,report,normalization_ablation,,,unknown,false,medium,
reports/analysis/controlled_static_vs_evolvegcn_normalization_ablation_500u_top500/analysis_manifest.json,report,normalization_ablation,evolvegcn_h_500u_top500_h32_seed123_minmax;evolvegcn_h_500u_top500_h32_seed123_none;evolvegcn_h_500u_top500_h32_seed123_zscore;evolvegcn_h_500u_top500_h32_seed2025_minmax;evolvegcn_h_500u_top500_h32_seed2025_none;evolvegcn_h_500u_top500_h32_seed2025_zscore;evolvegcn_h_500u_top500_h32_seed42;evolvegcn_h_500u_top500_h32_seed42_none_norm;evolvegcn_h_500u_top500_h32_seed42_zscore;evolvegcn_h_500u_top500_h32_seed777_minmax;evolvegcn_h_500u_top500_h32_seed777_none;evolvegcn_h_500u_top500_h32_seed777_zscore;evolvegcn_h_500u_top500_h32_seed999_minmax;evolvegcn_h_500u_top500_h32_seed999_none;evolvegcn_h_500u_top500_h32_seed999_zscore;static_gcn_500u_top500_final_snapshot_h32_seed123_minmax;static_gcn_500u_top500_final_snapshot_h32_seed123_none;static_gcn_500u_top500_final_snapshot_h32_seed123_zscore;static_gcn_500u_top500_final_snapshot_h32_seed2025_minmax;static_gcn_500u_top500_final_snapshot_h32_seed2025_none;static_gcn_500u_top500_final_snapshot_h32_seed2025_zscore;static_gcn_500u_top500_final_snapshot_h32_seed42_none;static_gcn_500u_top500_final_snapshot_h32_seed42_zscore;static_gcn_500u_top500_final_snapshot_h32_seed777_minmax;static_gcn_500u_top500_final_snapshot_h32_seed777_none;static_gcn_500u_top500_final_snapshot_h32_seed777_zscore;static_gcn_500u_top500_final_snapshot_h32_seed999_minmax;static_gcn_500u_top500_final_snapshot_h32_seed999_none;static_gcn_500u_top500_final_snapshot_h32_seed999_zscore;static_gcn_top500_final_snapshot_same_split_h32_seed42,,unknown,false,medium,
reports/analysis/controlled_static_vs_evolvegcn_normalization_ablation_500u_top500/compatibility_report.md,report,normalization_ablation,,,unknown,false,medium,
reports/analysis/controlled_static_vs_evolvegcn_normalization_ablation_500u_top500/figures/descriptive_model_difference_by_normalization.pdf,report,normalization_ablation,,,unknown,false,medium,
reports/analysis/controlled_static_vs_evolvegcn_normalization_ablation_500u_top500/figures/descriptive_model_difference_by_normalization.png,report,normalization_ablation,,,unknown,false,medium,
reports/analysis/controlled_static_vs_evolvegcn_normalization_ablation_500u_top500/figures/normalization_effect_heatmap.pdf,report,normalization_ablation,,,unknown,false,medium,
reports/analysis/controlled_static_vs_evolvegcn_normalization_ablation_500u_top500/figures/normalization_effect_heatmap.png,report,normalization_ablation,,,unknown,false,medium,
reports/analysis/controlled_static_vs_evolvegcn_normalization_ablation_500u_top500/figures/paired_mae_difference_vs_normalization.pdf,report,normalization_ablation,,,unknown,false,medium,
reports/analysis/controlled_static_vs_evolvegcn_normalization_ablation_500u_top500/figures/paired_mae_difference_vs_normalization.png,report,normalization_ablation,,,unknown,false,medium,
reports/analysis/controlled_static_vs_evolvegcn_normalization_ablation_500u_top500/figures/per_seed_mae_trajectories.pdf,report,normalization_ablation,,,unknown,false,medium,
reports/analysis/controlled_static_vs_evolvegcn_normalization_ablation_500u_top500/figures/per_seed_mae_trajectories.png,report,normalization_ablation,,,unknown,false,medium,
reports/analysis/controlled_static_vs_evolvegcn_normalization_ablation_500u_top500/figures/prediction_std_ratio_vs_normalization.pdf,report,normalization_ablation,,,unknown,false,medium,
reports/analysis/controlled_static_vs_evolvegcn_normalization_ablation_500u_top500/figures/prediction_std_ratio_vs_normalization.png,report,normalization_ablation,,,unknown,false,medium,
reports/analysis/controlled_static_vs_evolvegcn_normalization_ablation_500u_top500/figures/repeated_prediction_fraction_vs_normalization.pdf,report,normalization_ablation,,,unknown,false,medium,
reports/analysis/controlled_static_vs_evolvegcn_normalization_ablation_500u_top500/figures/repeated_prediction_fraction_vs_normalization.png,report,normalization_ablation,,,unknown,false,medium,
reports/analysis/controlled_static_vs_evolvegcn_normalization_ablation_500u_top500/figures/representative_prediction_distributions.pdf,report,normalization_ablation,,,unknown,false,medium,
reports/analysis/controlled_static_vs_evolvegcn_normalization_ablation_500u_top500/figures/representative_prediction_distributions.png,report,normalization_ablation,,,unknown,false,medium,
reports/analysis/controlled_static_vs_evolvegcn_normalization_ablation_500u_top500/figures/representative_residuals_vs_true.pdf,report,normalization_ablation,,,unknown,false,medium,
reports/analysis/controlled_static_vs_evolvegcn_normalization_ablation_500u_top500/figures/representative_residuals_vs_true.png,report,normalization_ablation,,,unknown,false,medium,
reports/analysis/controlled_static_vs_evolvegcn_normalization_ablation_500u_top500/figures/representative_true_vs_predicted.pdf,report,normalization_ablation,,,unknown,false,medium,
reports/analysis/controlled_static_vs_evolvegcn_normalization_ablation_500u_top500/figures/representative_true_vs_predicted.png,report,normalization_ablation,,,unknown,false,medium,
reports/analysis/controlled_static_vs_evolvegcn_normalization_ablation_500u_top500/figures/residuals_vs_true_representative_runs.pdf,report,normalization_ablation,,,unknown,false,medium,
reports/analysis/controlled_static_vs_evolvegcn_normalization_ablation_500u_top500/figures/residuals_vs_true_representative_runs.png,report,normalization_ablation,,,unknown,false,medium,
reports/analysis/controlled_static_vs_evolvegcn_normalization_ablation_500u_top500/figures/seed_variability_vs_normalization.pdf,report,normalization_ablation,,,unknown,false,medium,
reports/analysis/controlled_static_vs_evolvegcn_normalization_ablation_500u_top500/figures/seed_variability_vs_normalization.png,report,normalization_ablation,,,unknown,false,medium,
reports/analysis/controlled_static_vs_evolvegcn_normalization_ablation_500u_top500/figures/test_mae_vs_normalization.pdf,report,normalization_ablation,,,unknown,false,medium,
reports/analysis/controlled_static_vs_evolvegcn_normalization_ablation_500u_top500/figures/test_mae_vs_normalization.png,report,normalization_ablation,,,unknown,false,medium,
reports/analysis/controlled_static_vs_evolvegcn_normalization_ablation_500u_top500/figures/test_r2_vs_normalization.pdf,report,normalization_ablation,,,unknown,false,medium,
reports/analysis/controlled_static_vs_evolvegcn_normalization_ablation_500u_top500/figures/test_r2_vs_normalization.png,report,normalization_ablation,,,unknown,false,medium,
reports/analysis/controlled_static_vs_evolvegcn_normalization_ablation_500u_top500/figures/test_rmse_vs_normalization.pdf,report,normalization_ablation,,,unknown,false,medium,
reports/analysis/controlled_static_vs_evolvegcn_normalization_ablation_500u_top500/figures/test_rmse_vs_normalization.png,report,normalization_ablation,,,unknown,false,medium,
reports/analysis/controlled_static_vs_evolvegcn_normalization_ablation_500u_top500/figures/true_vs_predicted_representative_runs.pdf,report,normalization_ablation,,,unknown,false,medium,
reports/analysis/controlled_static_vs_evolvegcn_normalization_ablation_500u_top500/figures/true_vs_predicted_representative_runs.png,report,normalization_ablation,,,unknown,false,medium,
reports/analysis/controlled_static_vs_evolvegcn_normalization_ablation_500u_top500/normalization_implementation.md,report,normalization_ablation,,,unknown,false,medium,
reports/analysis/controlled_static_vs_evolvegcn_normalization_ablation_500u_top500/paired_model_differences.csv,report,normalization_ablation,evolvegcn_h_500u_top500_h32_seed123_minmax;evolvegcn_h_500u_top500_h32_seed123_none;evolvegcn_h_500u_top500_h32_seed123_zscore;evolvegcn_h_500u_top500_h32_seed2025_minmax;evolvegcn_h_500u_top500_h32_seed2025_none;evolvegcn_h_500u_top500_h32_seed2025_zscore;evolvegcn_h_500u_top500_h32_seed42;evolvegcn_h_500u_top500_h32_seed42_none_norm;evolvegcn_h_500u_top500_h32_seed42_zscore;evolvegcn_h_500u_top500_h32_seed777_minmax;evolvegcn_h_500u_top500_h32_seed777_none;evolvegcn_h_500u_top500_h32_seed777_zscore;evolvegcn_h_500u_top500_h32_seed999_minmax;evolvegcn_h_500u_top500_h32_seed999_none;evolvegcn_h_500u_top500_h32_seed999_zscore;static_gcn_500u_top500_final_snapshot_h32_seed123_minmax;static_gcn_500u_top500_final_snapshot_h32_seed123_none;static_gcn_500u_top500_final_snapshot_h32_seed123_zscore;static_gcn_500u_top500_final_snapshot_h32_seed2025_minmax;static_gcn_500u_top500_final_snapshot_h32_seed2025_none;static_gcn_500u_top500_final_snapshot_h32_seed2025_zscore;static_gcn_500u_top500_final_snapshot_h32_seed42_none;static_gcn_500u_top500_final_snapshot_h32_seed42_zscore;static_gcn_500u_top500_final_snapshot_h32_seed777_minmax;static_gcn_500u_top500_final_snapshot_h32_seed777_none;static_gcn_500u_top500_final_snapshot_h32_seed777_zscore;static_gcn_500u_top500_final_snapshot_h32_seed999_minmax;static_gcn_500u_top500_final_snapshot_h32_seed999_none;static_gcn_500u_top500_final_snapshot_h32_seed999_zscore;static_gcn_top500_final_snapshot_same_split_h32_seed42,,unknown,false,medium,
reports/analysis/controlled_static_vs_evolvegcn_normalization_ablation_500u_top500/paired_normalization_differences.csv,report,normalization_ablation,,,unknown,false,medium,
reports/analysis/controlled_static_vs_evolvegcn_normalization_ablation_500u_top500/plot_data/descriptive_model_difference_by_normalization.csv,report,normalization_ablation,,,unknown,false,medium,
reports/analysis/controlled_static_vs_evolvegcn_normalization_ablation_500u_top500/plot_data/normalization_effect_heatmap.csv,report,normalization_ablation,,,unknown,false,medium,
reports/analysis/controlled_static_vs_evolvegcn_normalization_ablation_500u_top500/plot_data/paired_mae_difference_vs_normalization.csv,report,normalization_ablation,,,unknown,false,medium,
reports/analysis/controlled_static_vs_evolvegcn_normalization_ablation_500u_top500/plot_data/per_seed_mae_trajectories.csv,report,normalization_ablation,,,unknown,false,medium,
reports/analysis/controlled_static_vs_evolvegcn_normalization_ablation_500u_top500/plot_data/prediction_std_ratio_vs_normalization.csv,report,normalization_ablation,,,unknown,false,medium,
reports/analysis/controlled_static_vs_evolvegcn_normalization_ablation_500u_top500/plot_data/repeated_prediction_fraction_vs_normalization.csv,report,normalization_ablation,,,unknown,false,medium,
reports/analysis/controlled_static_vs_evolvegcn_normalization_ablation_500u_top500/plot_data/representative_prediction_distributions.csv,report,normalization_ablation,,,unknown,false,medium,
reports/analysis/controlled_static_vs_evolvegcn_normalization_ablation_500u_top500/plot_data/representative_residuals_vs_true.csv,report,normalization_ablation,,,unknown,false,medium,
reports/analysis/controlled_static_vs_evolvegcn_normalization_ablation_500u_top500/plot_data/representative_true_vs_predicted.csv,report,normalization_ablation,,,unknown,false,medium,
reports/analysis/controlled_static_vs_evolvegcn_normalization_ablation_500u_top500/plot_data/residuals_vs_true_representative_runs.csv,report,normalization_ablation,,,unknown,false,medium,
reports/analysis/controlled_static_vs_evolvegcn_normalization_ablation_500u_top500/plot_data/seed_variability_vs_normalization.csv,report,normalization_ablation,,,unknown,false,medium,
reports/analysis/controlled_static_vs_evolvegcn_normalization_ablation_500u_top500/plot_data/test_mae_vs_normalization.csv,report,normalization_ablation,,,unknown,false,medium,
reports/analysis/controlled_static_vs_evolvegcn_normalization_ablation_500u_top500/plot_data/test_r2_vs_normalization.csv,report,normalization_ablation,,,unknown,false,medium,
reports/analysis/controlled_static_vs_evolvegcn_normalization_ablation_500u_top500/plot_data/test_rmse_vs_normalization.csv,report,normalization_ablation,,,unknown,false,medium,
reports/analysis/controlled_static_vs_evolvegcn_normalization_ablation_500u_top500/plot_data/true_vs_predicted_representative_runs.csv,report,normalization_ablation,,,unknown,false,medium,
reports/analysis/controlled_static_vs_evolvegcn_normalization_ablation_500u_top500/prediction_diagnostics.csv,report,normalization_ablation,evolvegcn_h_500u_top500_h32_seed123_minmax;evolvegcn_h_500u_top500_h32_seed123_none;evolvegcn_h_500u_top500_h32_seed123_zscore;evolvegcn_h_500u_top500_h32_seed2025_minmax;evolvegcn_h_500u_top500_h32_seed2025_none;evolvegcn_h_500u_top500_h32_seed2025_zscore;evolvegcn_h_500u_top500_h32_seed42;evolvegcn_h_500u_top500_h32_seed42_none_norm;evolvegcn_h_500u_top500_h32_seed42_zscore;evolvegcn_h_500u_top500_h32_seed777_minmax;evolvegcn_h_500u_top500_h32_seed777_none;evolvegcn_h_500u_top500_h32_seed777_zscore;evolvegcn_h_500u_top500_h32_seed999_minmax;evolvegcn_h_500u_top500_h32_seed999_none;evolvegcn_h_500u_top500_h32_seed999_zscore;static_gcn_500u_top500_final_snapshot_h32_seed123_minmax;static_gcn_500u_top500_final_snapshot_h32_seed123_none;static_gcn_500u_top500_final_snapshot_h32_seed123_zscore;static_gcn_500u_top500_final_snapshot_h32_seed2025_minmax;static_gcn_500u_top500_final_snapshot_h32_seed2025_none;static_gcn_500u_top500_final_snapshot_h32_seed2025_zscore;static_gcn_500u_top500_final_snapshot_h32_seed42_none;static_gcn_500u_top500_final_snapshot_h32_seed42_zscore;static_gcn_500u_top500_final_snapshot_h32_seed777_minmax;static_gcn_500u_top500_final_snapshot_h32_seed777_none;static_gcn_500u_top500_final_snapshot_h32_seed777_zscore;static_gcn_500u_top500_final_snapshot_h32_seed999_minmax;static_gcn_500u_top500_final_snapshot_h32_seed999_none;static_gcn_500u_top500_final_snapshot_h32_seed999_zscore;static_gcn_top500_final_snapshot_same_split_h32_seed42,,unknown,false,medium,
reports/analysis/controlled_static_vs_evolvegcn_normalization_ablation_500u_top500/presentation_ready_summary.md,report,normalization_ablation,,,unknown,false,medium,
reports/analysis/controlled_static_vs_evolvegcn_normalization_ablation_500u_top500/protocol_table.csv,report,normalization_ablation,,,unknown,false,medium,
reports/analysis/controlled_static_vs_evolvegcn_normalization_ablation_500u_top500/protocol_table.md,report,normalization_ablation,,,unknown,false,medium,
reports/analysis/controlled_static_vs_evolvegcn_normalization_ablation_500u_top500/rebuild_normalization_outputs.py,report,normalization_ablation,,,unknown,false,medium,
reports/analysis/controlled_static_vs_evolvegcn_normalization_ablation_500u_top500/scientific_summary.md,report,normalization_ablation,,,unknown,false,medium,
reports/analysis/controlled_static_vs_evolvegcn_normalization_ablation_500u_top500/seed_level_results.csv,report,normalization_ablation,evolvegcn_h_500u_top500_h32_seed123_minmax;evolvegcn_h_500u_top500_h32_seed123_none;evolvegcn_h_500u_top500_h32_seed123_zscore;evolvegcn_h_500u_top500_h32_seed2025_minmax;evolvegcn_h_500u_top500_h32_seed2025_none;evolvegcn_h_500u_top500_h32_seed2025_zscore;evolvegcn_h_500u_top500_h32_seed42;evolvegcn_h_500u_top500_h32_seed42_none_norm;evolvegcn_h_500u_top500_h32_seed42_zscore;evolvegcn_h_500u_top500_h32_seed777_minmax;evolvegcn_h_500u_top500_h32_seed777_none;evolvegcn_h_500u_top500_h32_seed777_zscore;evolvegcn_h_500u_top500_h32_seed999_minmax;evolvegcn_h_500u_top500_h32_seed999_none;evolvegcn_h_500u_top500_h32_seed999_zscore;static_gcn_500u_top500_final_snapshot_h32_seed123_minmax;static_gcn_500u_top500_final_snapshot_h32_seed123_none;static_gcn_500u_top500_final_snapshot_h32_seed123_zscore;static_gcn_500u_top500_final_snapshot_h32_seed2025_minmax;static_gcn_500u_top500_final_snapshot_h32_seed2025_none;static_gcn_500u_top500_final_snapshot_h32_seed2025_zscore;static_gcn_500u_top500_final_snapshot_h32_seed42_none;static_gcn_500u_top500_final_snapshot_h32_seed42_zscore;static_gcn_500u_top500_final_snapshot_h32_seed777_minmax;static_gcn_500u_top500_final_snapshot_h32_seed777_none;static_gcn_500u_top500_final_snapshot_h32_seed777_zscore;static_gcn_500u_top500_final_snapshot_h32_seed999_minmax;static_gcn_500u_top500_final_snapshot_h32_seed999_none;static_gcn_500u_top500_final_snapshot_h32_seed999_zscore;static_gcn_top500_final_snapshot_same_split_h32_seed42,,unknown,false,medium,
reports/analysis/controlled_static_vs_evolvegcn_normalization_ablation_500u_top500/tables/best_normalization_descriptive_summary.csv,report,normalization_ablation,,,unknown,false,medium,
reports/analysis/controlled_static_vs_evolvegcn_normalization_ablation_500u_top500/tables/best_normalization_descriptive_summary.md,report,normalization_ablation,,,unknown,false,medium,
reports/analysis/controlled_static_vs_evolvegcn_normalization_ablation_500u_top500/tables/descriptive_model_comparison.csv,report,normalization_ablation,evolvegcn_h_500u_top500_h32_seed123_minmax;evolvegcn_h_500u_top500_h32_seed123_none;evolvegcn_h_500u_top500_h32_seed123_zscore;evolvegcn_h_500u_top500_h32_seed2025_minmax;evolvegcn_h_500u_top500_h32_seed2025_none;evolvegcn_h_500u_top500_h32_seed2025_zscore;evolvegcn_h_500u_top500_h32_seed42;evolvegcn_h_500u_top500_h32_seed42_none_norm;evolvegcn_h_500u_top500_h32_seed42_zscore;evolvegcn_h_500u_top500_h32_seed777_minmax;evolvegcn_h_500u_top500_h32_seed777_none;evolvegcn_h_500u_top500_h32_seed777_zscore;evolvegcn_h_500u_top500_h32_seed999_minmax;evolvegcn_h_500u_top500_h32_seed999_none;evolvegcn_h_500u_top500_h32_seed999_zscore;static_gcn_500u_top500_final_snapshot_h32_seed123_minmax;static_gcn_500u_top500_final_snapshot_h32_seed123_none;static_gcn_500u_top500_final_snapshot_h32_seed123_zscore;static_gcn_500u_top500_final_snapshot_h32_seed2025_minmax;static_gcn_500u_top500_final_snapshot_h32_seed2025_none;static_gcn_500u_top500_final_snapshot_h32_seed2025_zscore;static_gcn_500u_top500_final_snapshot_h32_seed42_none;static_gcn_500u_top500_final_snapshot_h32_seed42_zscore;static_gcn_500u_top500_final_snapshot_h32_seed777_minmax;static_gcn_500u_top500_final_snapshot_h32_seed777_none;static_gcn_500u_top500_final_snapshot_h32_seed777_zscore;static_gcn_500u_top500_final_snapshot_h32_seed999_minmax;static_gcn_500u_top500_final_snapshot_h32_seed999_none;static_gcn_500u_top500_final_snapshot_h32_seed999_zscore;static_gcn_top500_final_snapshot_same_split_h32_seed42,,unknown,false,medium,
reports/analysis/controlled_static_vs_evolvegcn_normalization_ablation_500u_top500/tables/descriptive_model_comparison.md,report,normalization_ablation,evolvegcn_h_500u_top500_h32_seed123_minmax;evolvegcn_h_500u_top500_h32_seed123_none;evolvegcn_h_500u_top500_h32_seed123_zscore;evolvegcn_h_500u_top500_h32_seed2025_minmax;evolvegcn_h_500u_top500_h32_seed2025_none;evolvegcn_h_500u_top500_h32_seed2025_zscore;evolvegcn_h_500u_top500_h32_seed42;evolvegcn_h_500u_top500_h32_seed42_none_norm;evolvegcn_h_500u_top500_h32_seed42_zscore;evolvegcn_h_500u_top500_h32_seed777_minmax;evolvegcn_h_500u_top500_h32_seed777_none;evolvegcn_h_500u_top500_h32_seed777_zscore;evolvegcn_h_500u_top500_h32_seed999_minmax;evolvegcn_h_500u_top500_h32_seed999_none;evolvegcn_h_500u_top500_h32_seed999_zscore;static_gcn_500u_top500_final_snapshot_h32_seed123_minmax;static_gcn_500u_top500_final_snapshot_h32_seed123_none;static_gcn_500u_top500_final_snapshot_h32_seed123_zscore;static_gcn_500u_top500_final_snapshot_h32_seed2025_minmax;static_gcn_500u_top500_final_snapshot_h32_seed2025_none;static_gcn_500u_top500_final_snapshot_h32_seed2025_zscore;static_gcn_500u_top500_final_snapshot_h32_seed42_none;static_gcn_500u_top500_final_snapshot_h32_seed42_zscore;static_gcn_500u_top500_final_snapshot_h32_seed777_minmax;static_gcn_500u_top500_final_snapshot_h32_seed777_none;static_gcn_500u_top500_final_snapshot_h32_seed777_zscore;static_gcn_500u_top500_final_snapshot_h32_seed999_minmax;static_gcn_500u_top500_final_snapshot_h32_seed999_none;static_gcn_500u_top500_final_snapshot_h32_seed999_zscore;static_gcn_top500_final_snapshot_same_split_h32_seed42,,unknown,false,medium,
reports/analysis/controlled_static_vs_evolvegcn_normalization_ablation_500u_top500/tables/descriptive_model_comparison.tex,report,normalization_ablation,,,unknown,false,medium,
reports/analysis/controlled_static_vs_evolvegcn_normalization_ablation_500u_top500/tables/evolvegcn_normalization_results.csv,report,normalization_ablation,,,unknown,false,medium,
reports/analysis/controlled_static_vs_evolvegcn_normalization_ablation_500u_top500/tables/evolvegcn_normalization_results.md,report,normalization_ablation,,,unknown,false,medium,
reports/analysis/controlled_static_vs_evolvegcn_normalization_ablation_500u_top500/tables/evolvegcn_normalization_results.tex,report,normalization_ablation,,,unknown,false,medium,
reports/analysis/controlled_static_vs_evolvegcn_normalization_ablation_500u_top500/tables/main_results_table.csv,report,normalization_ablation,,,unknown,false,medium,
reports/analysis/controlled_static_vs_evolvegcn_normalization_ablation_500u_top500/tables/main_results_table.md,report,normalization_ablation,,,unknown,false,medium,
reports/analysis/controlled_static_vs_evolvegcn_normalization_ablation_500u_top500/tables/main_results_table.tex,report,normalization_ablation,,,unknown,false,medium,
reports/analysis/controlled_static_vs_evolvegcn_normalization_ablation_500u_top500/tables/paired_normalization_differences.csv,report,normalization_ablation,,,unknown,false,medium,
reports/analysis/controlled_static_vs_evolvegcn_normalization_ablation_500u_top500/tables/paired_normalization_differences.md,report,normalization_ablation,,,unknown,false,medium,
reports/analysis/controlled_static_vs_evolvegcn_normalization_ablation_500u_top500/tables/paired_normalization_differences.tex,report,normalization_ablation,,,unknown,false,medium,
reports/analysis/controlled_static_vs_evolvegcn_normalization_ablation_500u_top500/tables/static_gcn_normalization_results.csv,report,normalization_ablation,,,unknown,false,medium,
reports/analysis/controlled_static_vs_evolvegcn_normalization_ablation_500u_top500/tables/static_gcn_normalization_results.md,report,normalization_ablation,,,unknown,false,medium,
reports/analysis/controlled_static_vs_evolvegcn_normalization_ablation_500u_top500/tables/static_gcn_normalization_results.tex,report,normalization_ablation,,,unknown,false,medium,
reports/analysis/controlled_static_vs_evolvegcn_topn_halo_scaling_500u/README.md,report,other,,,unknown,false,low,
reports/analysis/controlled_static_vs_evolvegcn_topn_halo_scaling_500u/aggregated_results.csv,report,other,,,unknown,false,low,
reports/analysis/controlled_static_vs_evolvegcn_topn_halo_scaling_500u/analysis_manifest.json,report,other,evolvegcn_h_500u_seed123_final32;evolvegcn_h_500u_seed2025_final32;evolvegcn_h_500u_seed42_final32;evolvegcn_h_500u_top200_h32_seed123;evolvegcn_h_500u_top200_h32_seed2025;evolvegcn_h_500u_top200_h32_seed42;evolvegcn_h_500u_top500_h32_seed123_minmax;evolvegcn_h_500u_top500_h32_seed2025_minmax;evolvegcn_h_500u_top500_h32_seed42;static_gcn_500u_top200_h32_seed123;static_gcn_500u_top200_h32_seed2025;static_gcn_500u_top200_h32_seed42;static_gcn_500u_top500_final_snapshot_h32_seed123_minmax;static_gcn_500u_top500_final_snapshot_h32_seed2025_minmax;static_gcn_top500_final_snapshot_same_split_h32_seed42;static_gcn_u500_top100_norm-minmax_k8_h32_l3_gpool-mean_conv-gcn_batch8_factorial_seed123;static_gcn_u500_top100_norm-minmax_k8_h32_l3_gpool-mean_conv-gcn_batch8_factorial_seed2025;static_gcn_u500_top100_norm-minmax_k8_h32_l3_gpool-mean_conv-gcn_batch8_factorial_seed42,,unknown,false,low,
reports/analysis/controlled_static_vs_evolvegcn_topn_halo_scaling_500u/compatibility_report.md,report,other,,,unknown,false,low,
reports/analysis/controlled_static_vs_evolvegcn_topn_halo_scaling_500u/computational_scaling.md,report,other,,,unknown,false,low,
reports/analysis/controlled_static_vs_evolvegcn_topn_halo_scaling_500u/dataset_topn_table.csv,report,other,,,unknown,false,low,
reports/analysis/controlled_static_vs_evolvegcn_topn_halo_scaling_500u/dataset_topn_table.md,report,other,,,unknown,false,low,
reports/analysis/controlled_static_vs_evolvegcn_topn_halo_scaling_500u/figures/descriptive_model_difference_vs_topn.pdf,report,other,,,unknown,false,low,
reports/analysis/controlled_static_vs_evolvegcn_topn_halo_scaling_500u/figures/descriptive_model_difference_vs_topn.png,report,other,,,unknown,false,low,
reports/analysis/controlled_static_vs_evolvegcn_topn_halo_scaling_500u/figures/nodes_and_edges_vs_topn.pdf,report,other,,,unknown,false,low,
reports/analysis/controlled_static_vs_evolvegcn_topn_halo_scaling_500u/figures/nodes_and_edges_vs_topn.png,report,other,,,unknown,false,low,
reports/analysis/controlled_static_vs_evolvegcn_topn_halo_scaling_500u/figures/paired_top200_minus_top100_mae.pdf,report,other,,,unknown,false,low,
reports/analysis/controlled_static_vs_evolvegcn_topn_halo_scaling_500u/figures/paired_top200_minus_top100_mae.png,report,other,,,unknown,false,low,
reports/analysis/controlled_static_vs_evolvegcn_topn_halo_scaling_500u/figures/paired_top500_minus_top100_mae.pdf,report,other,,,unknown,false,low,
reports/analysis/controlled_static_vs_evolvegcn_topn_halo_scaling_500u/figures/paired_top500_minus_top100_mae.png,report,other,,,unknown,false,low,
reports/analysis/controlled_static_vs_evolvegcn_topn_halo_scaling_500u/figures/paired_top500_minus_top200_mae.pdf,report,other,,,unknown,false,low,
reports/analysis/controlled_static_vs_evolvegcn_topn_halo_scaling_500u/figures/paired_top500_minus_top200_mae.png,report,other,,,unknown,false,low,
reports/analysis/controlled_static_vs_evolvegcn_topn_halo_scaling_500u/figures/per_seed_mae_trajectories.pdf,report,other,,,unknown,false,low,
reports/analysis/controlled_static_vs_evolvegcn_topn_halo_scaling_500u/figures/per_seed_mae_trajectories.png,report,other,,,unknown,false,low,
reports/analysis/controlled_static_vs_evolvegcn_topn_halo_scaling_500u/figures/prediction_std_ratio_vs_topn.pdf,report,other,,,unknown,false,low,
reports/analysis/controlled_static_vs_evolvegcn_topn_halo_scaling_500u/figures/prediction_std_ratio_vs_topn.png,report,other,,,unknown,false,low,
reports/analysis/controlled_static_vs_evolvegcn_topn_halo_scaling_500u/figures/predictive_performance_vs_graph_size.pdf,report,graph_validation,,,unknown,false,medium,
reports/analysis/controlled_static_vs_evolvegcn_topn_halo_scaling_500u/figures/predictive_performance_vs_graph_size.png,report,graph_validation,,,unknown,false,medium,
reports/analysis/controlled_static_vs_evolvegcn_topn_halo_scaling_500u/figures/repeated_prediction_fraction_vs_topn.pdf,report,other,,,unknown,false,low,
reports/analysis/controlled_static_vs_evolvegcn_topn_halo_scaling_500u/figures/repeated_prediction_fraction_vs_topn.png,report,other,,,unknown,false,low,
reports/analysis/controlled_static_vs_evolvegcn_topn_halo_scaling_500u/figures/representative_prediction_distributions.pdf,report,other,,,unknown,false,low,
reports/analysis/controlled_static_vs_evolvegcn_topn_halo_scaling_500u/figures/representative_prediction_distributions.png,report,other,,,unknown,false,low,
reports/analysis/controlled_static_vs_evolvegcn_topn_halo_scaling_500u/figures/representative_residuals_vs_true.pdf,report,other,,,unknown,false,low,
reports/analysis/controlled_static_vs_evolvegcn_topn_halo_scaling_500u/figures/representative_residuals_vs_true.png,report,other,,,unknown,false,low,
reports/analysis/controlled_static_vs_evolvegcn_topn_halo_scaling_500u/figures/representative_true_vs_predicted.pdf,report,other,,,unknown,false,low,
reports/analysis/controlled_static_vs_evolvegcn_topn_halo_scaling_500u/figures/representative_true_vs_predicted.png,report,other,,,unknown,false,low,
reports/analysis/controlled_static_vs_evolvegcn_topn_halo_scaling_500u/figures/seed_variability_vs_topn.pdf,report,other,,,unknown,false,low,
reports/analysis/controlled_static_vs_evolvegcn_topn_halo_scaling_500u/figures/seed_variability_vs_topn.png,report,other,,,unknown,false,low,
reports/analysis/controlled_static_vs_evolvegcn_topn_halo_scaling_500u/figures/test_mae_vs_topn.pdf,report,other,,,unknown,false,low,
reports/analysis/controlled_static_vs_evolvegcn_topn_halo_scaling_500u/figures/test_mae_vs_topn.png,report,other,,,unknown,false,low,
reports/analysis/controlled_static_vs_evolvegcn_topn_halo_scaling_500u/figures/test_r2_vs_topn.pdf,report,other,,,unknown,false,low,
reports/analysis/controlled_static_vs_evolvegcn_topn_halo_scaling_500u/figures/test_r2_vs_topn.png,report,other,,,unknown,false,low,
reports/analysis/controlled_static_vs_evolvegcn_topn_halo_scaling_500u/figures/test_rmse_vs_topn.pdf,report,other,,,unknown,false,low,
reports/analysis/controlled_static_vs_evolvegcn_topn_halo_scaling_500u/figures/test_rmse_vs_topn.png,report,other,,,unknown,false,low,
reports/analysis/controlled_static_vs_evolvegcn_topn_halo_scaling_500u/figures/topn_effect_summary.pdf,report,other,,,unknown,false,low,
reports/analysis/controlled_static_vs_evolvegcn_topn_halo_scaling_500u/figures/topn_effect_summary.png,report,other,,,unknown,false,low,
reports/analysis/controlled_static_vs_evolvegcn_topn_halo_scaling_500u/normalization_interaction.md,report,normalization_ablation,,,unknown,false,medium,
reports/analysis/controlled_static_vs_evolvegcn_topn_halo_scaling_500u/paired_model_differences.csv,report,other,evolvegcn_h_500u_seed123_final32;evolvegcn_h_500u_seed2025_final32;evolvegcn_h_500u_seed42_final32;evolvegcn_h_500u_top200_h32_seed123;evolvegcn_h_500u_top200_h32_seed2025;evolvegcn_h_500u_top200_h32_seed42;evolvegcn_h_500u_top500_h32_seed123_minmax;evolvegcn_h_500u_top500_h32_seed2025_minmax;evolvegcn_h_500u_top500_h32_seed42;static_gcn_500u_top200_h32_seed123;static_gcn_500u_top200_h32_seed2025;static_gcn_500u_top200_h32_seed42;static_gcn_500u_top500_final_snapshot_h32_seed123_minmax;static_gcn_500u_top500_final_snapshot_h32_seed2025_minmax;static_gcn_top500_final_snapshot_same_split_h32_seed42;static_gcn_u500_top100_norm-minmax_k8_h32_l3_gpool-mean_conv-gcn_batch8_factorial_seed123;static_gcn_u500_top100_norm-minmax_k8_h32_l3_gpool-mean_conv-gcn_batch8_factorial_seed2025;static_gcn_u500_top100_norm-minmax_k8_h32_l3_gpool-mean_conv-gcn_batch8_factorial_seed42,,unknown,false,low,
reports/analysis/controlled_static_vs_evolvegcn_topn_halo_scaling_500u/paired_topn_differences.csv,report,other,,,unknown,false,low,
reports/analysis/controlled_static_vs_evolvegcn_topn_halo_scaling_500u/plot_data/descriptive_model_difference_vs_topn.csv,report,other,evolvegcn_h_500u_seed123_final32;evolvegcn_h_500u_seed2025_final32;evolvegcn_h_500u_seed42_final32;evolvegcn_h_500u_top200_h32_seed123;evolvegcn_h_500u_top200_h32_seed2025;evolvegcn_h_500u_top200_h32_seed42;evolvegcn_h_500u_top500_h32_seed123_minmax;evolvegcn_h_500u_top500_h32_seed2025_minmax;evolvegcn_h_500u_top500_h32_seed42;static_gcn_500u_top200_h32_seed123;static_gcn_500u_top200_h32_seed2025;static_gcn_500u_top200_h32_seed42;static_gcn_500u_top500_final_snapshot_h32_seed123_minmax;static_gcn_500u_top500_final_snapshot_h32_seed2025_minmax;static_gcn_top500_final_snapshot_same_split_h32_seed42;static_gcn_u500_top100_norm-minmax_k8_h32_l3_gpool-mean_conv-gcn_batch8_factorial_seed123;static_gcn_u500_top100_norm-minmax_k8_h32_l3_gpool-mean_conv-gcn_batch8_factorial_seed2025;static_gcn_u500_top100_norm-minmax_k8_h32_l3_gpool-mean_conv-gcn_batch8_factorial_seed42,,unknown,false,low,
reports/analysis/controlled_static_vs_evolvegcn_topn_halo_scaling_500u/plot_data/nodes_and_edges_vs_topn.csv,report,other,,,unknown,false,low,
reports/analysis/controlled_static_vs_evolvegcn_topn_halo_scaling_500u/plot_data/paired_top200_minus_top100_mae.csv,report,other,,,unknown,false,low,
reports/analysis/controlled_static_vs_evolvegcn_topn_halo_scaling_500u/plot_data/paired_top500_minus_top100_mae.csv,report,other,,,unknown,false,low,
reports/analysis/controlled_static_vs_evolvegcn_topn_halo_scaling_500u/plot_data/paired_top500_minus_top200_mae.csv,report,other,,,unknown,false,low,
reports/analysis/controlled_static_vs_evolvegcn_topn_halo_scaling_500u/plot_data/per_seed_mae_trajectories.csv,report,other,,,unknown,false,low,
reports/analysis/controlled_static_vs_evolvegcn_topn_halo_scaling_500u/plot_data/prediction_std_ratio_vs_topn.csv,report,other,,,unknown,false,low,
reports/analysis/controlled_static_vs_evolvegcn_topn_halo_scaling_500u/plot_data/predictive_performance_vs_graph_size.csv,report,graph_validation,,,unknown,false,medium,
reports/analysis/controlled_static_vs_evolvegcn_topn_halo_scaling_500u/plot_data/repeated_prediction_fraction_vs_topn.csv,report,other,,,unknown,false,low,
reports/analysis/controlled_static_vs_evolvegcn_topn_halo_scaling_500u/plot_data/representative_prediction_distributions.csv,report,other,,,unknown,false,low,
reports/analysis/controlled_static_vs_evolvegcn_topn_halo_scaling_500u/plot_data/representative_residuals_vs_true.csv,report,other,,,unknown,false,low,
reports/analysis/controlled_static_vs_evolvegcn_topn_halo_scaling_500u/plot_data/representative_true_vs_predicted.csv,report,other,,,unknown,false,low,
reports/analysis/controlled_static_vs_evolvegcn_topn_halo_scaling_500u/plot_data/seed_variability_vs_topn.csv,report,other,,,unknown,false,low,
reports/analysis/controlled_static_vs_evolvegcn_topn_halo_scaling_500u/plot_data/test_mae_vs_topn.csv,report,other,,,unknown,false,low,
reports/analysis/controlled_static_vs_evolvegcn_topn_halo_scaling_500u/plot_data/test_r2_vs_topn.csv,report,other,,,unknown,false,low,
reports/analysis/controlled_static_vs_evolvegcn_topn_halo_scaling_500u/plot_data/test_rmse_vs_topn.csv,report,other,,,unknown,false,low,
reports/analysis/controlled_static_vs_evolvegcn_topn_halo_scaling_500u/plot_data/topn_effect_summary.csv,report,other,,,unknown,false,low,
reports/analysis/controlled_static_vs_evolvegcn_topn_halo_scaling_500u/prediction_diagnostics.csv,report,other,evolvegcn_h_500u_seed123_final32;evolvegcn_h_500u_seed2025_final32;evolvegcn_h_500u_seed42_final32;evolvegcn_h_500u_top200_h32_seed123;evolvegcn_h_500u_top200_h32_seed2025;evolvegcn_h_500u_top200_h32_seed42;evolvegcn_h_500u_top500_h32_seed123_minmax;evolvegcn_h_500u_top500_h32_seed2025_minmax;evolvegcn_h_500u_top500_h32_seed42;static_gcn_500u_top200_h32_seed123;static_gcn_500u_top200_h32_seed2025;static_gcn_500u_top200_h32_seed42;static_gcn_500u_top500_final_snapshot_h32_seed123_minmax;static_gcn_500u_top500_final_snapshot_h32_seed2025_minmax;static_gcn_top500_final_snapshot_same_split_h32_seed42;static_gcn_u500_top100_norm-minmax_k8_h32_l3_gpool-mean_conv-gcn_batch8_factorial_seed123;static_gcn_u500_top100_norm-minmax_k8_h32_l3_gpool-mean_conv-gcn_batch8_factorial_seed2025;static_gcn_u500_top100_norm-minmax_k8_h32_l3_gpool-mean_conv-gcn_batch8_factorial_seed42,,unknown,false,low,
reports/analysis/controlled_static_vs_evolvegcn_topn_halo_scaling_500u/presentation_ready_summary.md,report,other,,,unknown,false,low,
reports/analysis/controlled_static_vs_evolvegcn_topn_halo_scaling_500u/protocol_table.csv,report,other,,,unknown,false,low,
reports/analysis/controlled_static_vs_evolvegcn_topn_halo_scaling_500u/protocol_table.md,report,other,,,unknown,false,low,
reports/analysis/controlled_static_vs_evolvegcn_topn_halo_scaling_500u/rebuild_topn_halo_scaling_analysis.py,report,other,,,unknown,false,low,
reports/analysis/controlled_static_vs_evolvegcn_topn_halo_scaling_500u/representative_runs.csv,report,other,evolvegcn_h_500u_seed123_final32;evolvegcn_h_500u_top200_h32_seed2025;evolvegcn_h_500u_top500_h32_seed123_minmax;static_gcn_500u_top200_h32_seed123;static_gcn_500u_top500_final_snapshot_h32_seed123_minmax;static_gcn_u500_top100_norm-minmax_k8_h32_l3_gpool-mean_conv-gcn_batch8_factorial_seed123,,unknown,false,low,
reports/analysis/controlled_static_vs_evolvegcn_topn_halo_scaling_500u/scientific_summary.md,report,other,,,unknown,false,low,
reports/analysis/controlled_static_vs_evolvegcn_topn_halo_scaling_500u/seed_level_results.csv,report,other,evolvegcn_h_500u_seed123_final32;evolvegcn_h_500u_seed2025_final32;evolvegcn_h_500u_seed42_final32;evolvegcn_h_500u_top200_h32_seed123;evolvegcn_h_500u_top200_h32_seed2025;evolvegcn_h_500u_top200_h32_seed42;evolvegcn_h_500u_top500_h32_seed123_minmax;evolvegcn_h_500u_top500_h32_seed2025_minmax;evolvegcn_h_500u_top500_h32_seed42;static_gcn_500u_top200_h32_seed123;static_gcn_500u_top200_h32_seed2025;static_gcn_500u_top200_h32_seed42;static_gcn_500u_top500_final_snapshot_h32_seed123_minmax;static_gcn_500u_top500_final_snapshot_h32_seed2025_minmax;static_gcn_top500_final_snapshot_same_split_h32_seed42;static_gcn_u500_top100_norm-minmax_k8_h32_l3_gpool-mean_conv-gcn_batch8_factorial_seed123;static_gcn_u500_top100_norm-minmax_k8_h32_l3_gpool-mean_conv-gcn_batch8_factorial_seed2025;static_gcn_u500_top100_norm-minmax_k8_h32_l3_gpool-mean_conv-gcn_batch8_factorial_seed42,,unknown,false,low,
reports/analysis/controlled_static_vs_evolvegcn_topn_halo_scaling_500u/tables/computational_scaling.csv,report,other,,,unknown,false,low,
reports/analysis/controlled_static_vs_evolvegcn_topn_halo_scaling_500u/tables/computational_scaling.md,report,other,,,unknown,false,low,
reports/analysis/controlled_static_vs_evolvegcn_topn_halo_scaling_500u/tables/computational_scaling.tex,report,other,,,unknown,false,low,
reports/analysis/controlled_static_vs_evolvegcn_topn_halo_scaling_500u/tables/descriptive_best_topn_summary.csv,report,other,,,unknown,false,low,
reports/analysis/controlled_static_vs_evolvegcn_topn_halo_scaling_500u/tables/descriptive_best_topn_summary.md,report,other,,,unknown,false,low,
reports/analysis/controlled_static_vs_evolvegcn_topn_halo_scaling_500u/tables/descriptive_model_comparison.csv,report,other,evolvegcn_h_500u_seed123_final32;evolvegcn_h_500u_seed2025_final32;evolvegcn_h_500u_seed42_final32;evolvegcn_h_500u_top200_h32_seed123;evolvegcn_h_500u_top200_h32_seed2025;evolvegcn_h_500u_top200_h32_seed42;evolvegcn_h_500u_top500_h32_seed123_minmax;evolvegcn_h_500u_top500_h32_seed2025_minmax;evolvegcn_h_500u_top500_h32_seed42;static_gcn_500u_top200_h32_seed123;static_gcn_500u_top200_h32_seed2025;static_gcn_500u_top200_h32_seed42;static_gcn_500u_top500_final_snapshot_h32_seed123_minmax;static_gcn_500u_top500_final_snapshot_h32_seed2025_minmax;static_gcn_top500_final_snapshot_same_split_h32_seed42;static_gcn_u500_top100_norm-minmax_k8_h32_l3_gpool-mean_conv-gcn_batch8_factorial_seed123;static_gcn_u500_top100_norm-minmax_k8_h32_l3_gpool-mean_conv-gcn_batch8_factorial_seed2025;static_gcn_u500_top100_norm-minmax_k8_h32_l3_gpool-mean_conv-gcn_batch8_factorial_seed42,,unknown,false,low,
reports/analysis/controlled_static_vs_evolvegcn_topn_halo_scaling_500u/tables/descriptive_model_comparison.md,report,other,evolvegcn_h_500u_seed123_final32;evolvegcn_h_500u_seed2025_final32;evolvegcn_h_500u_seed42_final32;evolvegcn_h_500u_top200_h32_seed123;evolvegcn_h_500u_top200_h32_seed2025;evolvegcn_h_500u_top200_h32_seed42;evolvegcn_h_500u_top500_h32_seed123_minmax;evolvegcn_h_500u_top500_h32_seed2025_minmax;evolvegcn_h_500u_top500_h32_seed42;static_gcn_500u_top200_h32_seed123;static_gcn_500u_top200_h32_seed2025;static_gcn_500u_top200_h32_seed42;static_gcn_500u_top500_final_snapshot_h32_seed123_minmax;static_gcn_500u_top500_final_snapshot_h32_seed2025_minmax;static_gcn_top500_final_snapshot_same_split_h32_seed42;static_gcn_u500_top100_norm-minmax_k8_h32_l3_gpool-mean_conv-gcn_batch8_factorial_seed123;static_gcn_u500_top100_norm-minmax_k8_h32_l3_gpool-mean_conv-gcn_batch8_factorial_seed2025;static_gcn_u500_top100_norm-minmax_k8_h32_l3_gpool-mean_conv-gcn_batch8_factorial_seed42,,unknown,false,low,
reports/analysis/controlled_static_vs_evolvegcn_topn_halo_scaling_500u/tables/descriptive_model_comparison.tex,report,other,,,unknown,false,low,
reports/analysis/controlled_static_vs_evolvegcn_topn_halo_scaling_500u/tables/evolvegcn_topn_results.csv,report,other,,,unknown,false,low,
reports/analysis/controlled_static_vs_evolvegcn_topn_halo_scaling_500u/tables/evolvegcn_topn_results.md,report,other,,,unknown,false,low,
reports/analysis/controlled_static_vs_evolvegcn_topn_halo_scaling_500u/tables/evolvegcn_topn_results.tex,report,other,,,unknown,false,low,
reports/analysis/controlled_static_vs_evolvegcn_topn_halo_scaling_500u/tables/main_results_table.csv,report,other,,,unknown,false,low,
reports/analysis/controlled_static_vs_evolvegcn_topn_halo_scaling_500u/tables/main_results_table.md,report,other,,,unknown,false,low,
reports/analysis/controlled_static_vs_evolvegcn_topn_halo_scaling_500u/tables/main_results_table.tex,report,other,,,unknown,false,low,
reports/analysis/controlled_static_vs_evolvegcn_topn_halo_scaling_500u/tables/paired_topn_differences.csv,report,other,,,unknown,false,low,
reports/analysis/controlled_static_vs_evolvegcn_topn_halo_scaling_500u/tables/paired_topn_differences.md,report,other,,,unknown,false,low,
reports/analysis/controlled_static_vs_evolvegcn_topn_halo_scaling_500u/tables/paired_topn_differences.tex,report,other,,,unknown,false,low,
reports/analysis/controlled_static_vs_evolvegcn_topn_halo_scaling_500u/tables/prediction_collapse_diagnostics.csv,report,prediction_collapse_diagnostic,evolvegcn_h_500u_seed123_final32;evolvegcn_h_500u_seed2025_final32;evolvegcn_h_500u_seed42_final32;evolvegcn_h_500u_top200_h32_seed123;evolvegcn_h_500u_top200_h32_seed2025;evolvegcn_h_500u_top200_h32_seed42;evolvegcn_h_500u_top500_h32_seed123_minmax;evolvegcn_h_500u_top500_h32_seed2025_minmax;evolvegcn_h_500u_top500_h32_seed42;static_gcn_500u_top200_h32_seed123;static_gcn_500u_top200_h32_seed2025;static_gcn_500u_top200_h32_seed42;static_gcn_500u_top500_final_snapshot_h32_seed123_minmax;static_gcn_500u_top500_final_snapshot_h32_seed2025_minmax;static_gcn_top500_final_snapshot_same_split_h32_seed42;static_gcn_u500_top100_norm-minmax_k8_h32_l3_gpool-mean_conv-gcn_batch8_factorial_seed123;static_gcn_u500_top100_norm-minmax_k8_h32_l3_gpool-mean_conv-gcn_batch8_factorial_seed2025;static_gcn_u500_top100_norm-minmax_k8_h32_l3_gpool-mean_conv-gcn_batch8_factorial_seed42,,unknown,false,medium,
reports/analysis/controlled_static_vs_evolvegcn_topn_halo_scaling_500u/tables/prediction_collapse_diagnostics.md,report,prediction_collapse_diagnostic,evolvegcn_h_500u_seed123_final32;evolvegcn_h_500u_seed2025_final32;evolvegcn_h_500u_seed42_final32;evolvegcn_h_500u_top200_h32_seed123;evolvegcn_h_500u_top200_h32_seed2025;evolvegcn_h_500u_top200_h32_seed42;evolvegcn_h_500u_top500_h32_seed123_minmax;evolvegcn_h_500u_top500_h32_seed2025_minmax;evolvegcn_h_500u_top500_h32_seed42;static_gcn_500u_top200_h32_seed123;static_gcn_500u_top200_h32_seed2025;static_gcn_500u_top200_h32_seed42;static_gcn_500u_top500_final_snapshot_h32_seed123_minmax;static_gcn_500u_top500_final_snapshot_h32_seed2025_minmax;static_gcn_top500_final_snapshot_same_split_h32_seed42;static_gcn_u500_top100_norm-minmax_k8_h32_l3_gpool-mean_conv-gcn_batch8_factorial_seed123;static_gcn_u500_top100_norm-minmax_k8_h32_l3_gpool-mean_conv-gcn_batch8_factorial_seed2025;static_gcn_u500_top100_norm-minmax_k8_h32_l3_gpool-mean_conv-gcn_batch8_factorial_seed42,,unknown,false,medium,
reports/analysis/controlled_static_vs_evolvegcn_topn_halo_scaling_500u/tables/prediction_collapse_diagnostics.tex,report,prediction_collapse_diagnostic,,,unknown,false,medium,
reports/analysis/controlled_static_vs_evolvegcn_topn_halo_scaling_500u/tables/seed_level_topn_results.csv,report,other,evolvegcn_h_500u_seed123_final32;evolvegcn_h_500u_seed2025_final32;evolvegcn_h_500u_seed42_final32;evolvegcn_h_500u_top200_h32_seed123;evolvegcn_h_500u_top200_h32_seed2025;evolvegcn_h_500u_top200_h32_seed42;evolvegcn_h_500u_top500_h32_seed123_minmax;evolvegcn_h_500u_top500_h32_seed2025_minmax;evolvegcn_h_500u_top500_h32_seed42;static_gcn_500u_top200_h32_seed123;static_gcn_500u_top200_h32_seed2025;static_gcn_500u_top200_h32_seed42;static_gcn_500u_top500_final_snapshot_h32_seed123_minmax;static_gcn_500u_top500_final_snapshot_h32_seed2025_minmax;static_gcn_top500_final_snapshot_same_split_h32_seed42;static_gcn_u500_top100_norm-minmax_k8_h32_l3_gpool-mean_conv-gcn_batch8_factorial_seed123;static_gcn_u500_top100_norm-minmax_k8_h32_l3_gpool-mean_conv-gcn_batch8_factorial_seed2025;static_gcn_u500_top100_norm-minmax_k8_h32_l3_gpool-mean_conv-gcn_batch8_factorial_seed42,,unknown,false,low,
reports/analysis/controlled_static_vs_evolvegcn_topn_halo_scaling_500u/tables/seed_level_topn_results.md,report,other,evolvegcn_h_500u_seed123_final32;evolvegcn_h_500u_seed2025_final32;evolvegcn_h_500u_seed42_final32;evolvegcn_h_500u_top200_h32_seed123;evolvegcn_h_500u_top200_h32_seed2025;evolvegcn_h_500u_top200_h32_seed42;evolvegcn_h_500u_top500_h32_seed123_minmax;evolvegcn_h_500u_top500_h32_seed2025_minmax;evolvegcn_h_500u_top500_h32_seed42;static_gcn_500u_top200_h32_seed123;static_gcn_500u_top200_h32_seed2025;static_gcn_500u_top200_h32_seed42;static_gcn_500u_top500_final_snapshot_h32_seed123_minmax;static_gcn_500u_top500_final_snapshot_h32_seed2025_minmax;static_gcn_top500_final_snapshot_same_split_h32_seed42;static_gcn_u500_top100_norm-minmax_k8_h32_l3_gpool-mean_conv-gcn_batch8_factorial_seed123;static_gcn_u500_top100_norm-minmax_k8_h32_l3_gpool-mean_conv-gcn_batch8_factorial_seed2025;static_gcn_u500_top100_norm-minmax_k8_h32_l3_gpool-mean_conv-gcn_batch8_factorial_seed42,,unknown,false,low,
reports/analysis/controlled_static_vs_evolvegcn_topn_halo_scaling_500u/tables/seed_level_topn_results.tex,report,other,,,unknown,false,low,
reports/analysis/controlled_static_vs_evolvegcn_topn_halo_scaling_500u/tables/static_gcn_topn_results.csv,report,other,,,unknown,false,low,
reports/analysis/controlled_static_vs_evolvegcn_topn_halo_scaling_500u/tables/static_gcn_topn_results.md,report,other,,,unknown,false,low,
reports/analysis/controlled_static_vs_evolvegcn_topn_halo_scaling_500u/tables/static_gcn_topn_results.tex,report,other,,,unknown,false,low,
reports/analysis/controlled_static_vs_evolvegcn_topn_halo_scaling_500u/thesis_section.md,report,other,,,unknown,false,low,
reports/analysis/controlled_static_vs_evolvegcn_topn_halo_scaling_500u/topn_implementation.md,report,other,,,unknown,false,low,
reports/analysis/controlled_static_vs_evolvegcn_universe_scaling_top100/aggregated_results.csv,report,other,,,unknown,false,low,
reports/analysis/controlled_static_vs_evolvegcn_universe_scaling_top100/analysis_manifest.json,report,other,evolvegcn_h_100u_seed123;evolvegcn_h_100u_seed123_final32;evolvegcn_h_200u_seed123;evolvegcn_h_200u_seed123_final32;evolvegcn_h_200u_seed2025;evolvegcn_h_200u_seed2025_final32;evolvegcn_h_200u_seed42;evolvegcn_h_200u_seed42_final32;evolvegcn_h_20u_seed123;evolvegcn_h_20u_seed123_final32;evolvegcn_h_500u_seed123_final32;evolvegcn_h_500u_seed2025_final32;evolvegcn_h_500u_seed42_final32;evolvegcn_h_50u_seed123;evolvegcn_h_50u_seed123_final32;evolvegcn_h_u100_top100_norm-minmax_h32_l2_gpool-mean_tpool-mean_head-mlp_canonical300_seed2025;evolvegcn_h_u100_top100_norm-minmax_h32_l2_gpool-mean_tpool-mean_head-mlp_canonical300_seed42;evolvegcn_h_u20_top100_norm-minmax_h32_l2_gpool-mean_tpool-mean_head-mlp_canonical300_seed2025;evolvegcn_h_u20_top100_norm-minmax_h32_l2_gpool-mean_tpool-mean_head-mlp_canonical300_seed42;evolvegcn_h_u50_top100_norm-minmax_h32_l2_gpool-mean_tpool-mean_head-mlp_canonical300_seed2025;evolvegcn_h_u50_top100_norm-minmax_h32_l2_gpool-mean_tpool-mean_head-mlp_canonical300_seed42;static_gcn_100u_seed123;static_gcn_100u_seed123_final32;static_gcn_200u_seed123;static_gcn_200u_seed123_final32;static_gcn_200u_seed2025;static_gcn_200u_seed2025_final32;static_gcn_200u_seed42;static_gcn_200u_seed42_final32;static_gcn_20u_seed123;static_gcn_20u_seed123_final32;static_gcn_50u_seed123;static_gcn_50u_seed123_final32;static_gcn_u100_top100_norm-minmax_h32_l2_gpool-mean_conv-gcn_batch8_canonical300_seed2025;static_gcn_u100_top100_norm-minmax_h32_l2_gpool-mean_conv-gcn_batch8_canonical300_seed42;static_gcn_u20_top100_norm-minmax_h32_l2_gpool-mean_conv-gcn_batch8_canonical300_seed2025;static_gcn_u20_top100_norm-minmax_h32_l2_gpool-mean_conv-gcn_batch8_canonical300_seed42;static_gcn_u500_top100_norm-minmax_h32_l2_gpool-mean_conv-gcn_batch8_canonical300_seed123;static_gcn_u500_top100_norm-minmax_h32_l2_gpool-mean_conv-gcn_batch8_canonical300_seed2025;static_gcn_u500_top100_norm-minmax_h32_l2_gpool-mean_conv-gcn_batch8_canonical300_seed42;static_gcn_u50_top100_norm-minmax_h32_l2_gpool-mean_conv-gcn_batch8_canonical300_seed2025;static_gcn_u50_top100_norm-minmax_h32_l2_gpool-mean_conv-gcn_batch8_canonical300_seed42,,unknown,false,low,
reports/analysis/controlled_static_vs_evolvegcn_universe_scaling_top100/compatibility_report.md,report,other,,,unknown,false,low,
reports/analysis/controlled_static_vs_evolvegcn_universe_scaling_top100/figures/paired_mae_difference_vs_universes.pdf,report,other,,,unknown,false,low,
reports/analysis/controlled_static_vs_evolvegcn_universe_scaling_top100/figures/paired_mae_difference_vs_universes.png,report,other,,,unknown,false,low,
reports/analysis/controlled_static_vs_evolvegcn_universe_scaling_top100/figures/prediction_std_ratio_vs_universes.pdf,report,other,,,unknown,false,low,
reports/analysis/controlled_static_vs_evolvegcn_universe_scaling_top100/figures/prediction_std_ratio_vs_universes.png,report,other,,,unknown,false,low,
reports/analysis/controlled_static_vs_evolvegcn_universe_scaling_top100/figures/residuals_vs_true_representative_runs.pdf,report,other,,,unknown,false,low,
reports/analysis/controlled_static_vs_evolvegcn_universe_scaling_top100/figures/residuals_vs_true_representative_runs.png,report,other,,,unknown,false,low,
reports/analysis/controlled_static_vs_evolvegcn_universe_scaling_top100/figures/seed_variability_vs_universes.pdf,report,other,,,unknown,false,low,
reports/analysis/controlled_static_vs_evolvegcn_universe_scaling_top100/figures/seed_variability_vs_universes.png,report,other,,,unknown,false,low,
reports/analysis/controlled_static_vs_evolvegcn_universe_scaling_top100/figures/test_mae_vs_universes.pdf,report,other,,,unknown,false,low,
reports/analysis/controlled_static_vs_evolvegcn_universe_scaling_top100/figures/test_mae_vs_universes.png,report,other,,,unknown,false,low,
reports/analysis/controlled_static_vs_evolvegcn_universe_scaling_top100/figures/test_r2_vs_universes.pdf,report,other,,,unknown,false,low,
reports/analysis/controlled_static_vs_evolvegcn_universe_scaling_top100/figures/test_r2_vs_universes.png,report,other,,,unknown,false,low,
reports/analysis/controlled_static_vs_evolvegcn_universe_scaling_top100/figures/test_rmse_vs_universes.pdf,report,other,,,unknown,false,low,
reports/analysis/controlled_static_vs_evolvegcn_universe_scaling_top100/figures/test_rmse_vs_universes.png,report,other,,,unknown,false,low,
reports/analysis/controlled_static_vs_evolvegcn_universe_scaling_top100/figures/true_vs_predicted_representative_runs.pdf,report,other,,,unknown,false,low,
reports/analysis/controlled_static_vs_evolvegcn_universe_scaling_top100/figures/true_vs_predicted_representative_runs.png,report,other,,,unknown,false,low,
reports/analysis/controlled_static_vs_evolvegcn_universe_scaling_top100/paired_model_differences.csv,report,other,evolvegcn_h_100u_seed123;evolvegcn_h_100u_seed123_final32;evolvegcn_h_200u_seed123;evolvegcn_h_200u_seed123_final32;evolvegcn_h_200u_seed2025;evolvegcn_h_200u_seed2025_final32;evolvegcn_h_200u_seed42;evolvegcn_h_200u_seed42_final32;evolvegcn_h_20u_seed123;evolvegcn_h_20u_seed123_final32;evolvegcn_h_500u_seed123_final32;evolvegcn_h_500u_seed2025_final32;evolvegcn_h_500u_seed42_final32;evolvegcn_h_50u_seed123;evolvegcn_h_50u_seed123_final32;evolvegcn_h_u100_top100_norm-minmax_h32_l2_gpool-mean_tpool-mean_head-mlp_canonical300_seed2025;evolvegcn_h_u100_top100_norm-minmax_h32_l2_gpool-mean_tpool-mean_head-mlp_canonical300_seed42;evolvegcn_h_u20_top100_norm-minmax_h32_l2_gpool-mean_tpool-mean_head-mlp_canonical300_seed2025;evolvegcn_h_u20_top100_norm-minmax_h32_l2_gpool-mean_tpool-mean_head-mlp_canonical300_seed42;evolvegcn_h_u50_top100_norm-minmax_h32_l2_gpool-mean_tpool-mean_head-mlp_canonical300_seed2025;evolvegcn_h_u50_top100_norm-minmax_h32_l2_gpool-mean_tpool-mean_head-mlp_canonical300_seed42;static_gcn_100u_seed123;static_gcn_100u_seed123_final32;static_gcn_200u_seed123;static_gcn_200u_seed123_final32;static_gcn_200u_seed2025;static_gcn_200u_seed2025_final32;static_gcn_200u_seed42;static_gcn_200u_seed42_final32;static_gcn_20u_seed123;static_gcn_20u_seed123_final32;static_gcn_50u_seed123;static_gcn_50u_seed123_final32;static_gcn_u100_top100_norm-minmax_h32_l2_gpool-mean_conv-gcn_batch8_canonical300_seed2025;static_gcn_u100_top100_norm-minmax_h32_l2_gpool-mean_conv-gcn_batch8_canonical300_seed42;static_gcn_u20_top100_norm-minmax_h32_l2_gpool-mean_conv-gcn_batch8_canonical300_seed2025;static_gcn_u20_top100_norm-minmax_h32_l2_gpool-mean_conv-gcn_batch8_canonical300_seed42;static_gcn_u500_top100_norm-minmax_h32_l2_gpool-mean_conv-gcn_batch8_canonical300_seed123;static_gcn_u500_top100_norm-minmax_h32_l2_gpool-mean_conv-gcn_batch8_canonical300_seed2025;static_gcn_u500_top100_norm-minmax_h32_l2_gpool-mean_conv-gcn_batch8_canonical300_seed42;static_gcn_u50_top100_norm-minmax_h32_l2_gpool-mean_conv-gcn_batch8_canonical300_seed2025;static_gcn_u50_top100_norm-minmax_h32_l2_gpool-mean_conv-gcn_batch8_canonical300_seed42,,unknown,false,low,
reports/analysis/controlled_static_vs_evolvegcn_universe_scaling_top100/plot_data/paired_mae_difference_vs_universes.csv,report,other,,,unknown,false,low,
reports/analysis/controlled_static_vs_evolvegcn_universe_scaling_top100/plot_data/prediction_std_ratio_vs_universes.csv,report,other,,,unknown,false,low,
reports/analysis/controlled_static_vs_evolvegcn_universe_scaling_top100/plot_data/residuals_vs_true_representative_runs.csv,report,other,,,unknown,false,low,
reports/analysis/controlled_static_vs_evolvegcn_universe_scaling_top100/plot_data/seed_variability_vs_universes.csv,report,other,,,unknown,false,low,
reports/analysis/controlled_static_vs_evolvegcn_universe_scaling_top100/plot_data/test_mae_vs_universes.csv,report,other,,,unknown,false,low,
reports/analysis/controlled_static_vs_evolvegcn_universe_scaling_top100/plot_data/test_r2_vs_universes.csv,report,other,,,unknown,false,low,
reports/analysis/controlled_static_vs_evolvegcn_universe_scaling_top100/plot_data/test_rmse_vs_universes.csv,report,other,,,unknown,false,low,
reports/analysis/controlled_static_vs_evolvegcn_universe_scaling_top100/plot_data/true_vs_predicted_representative_runs.csv,report,other,,,unknown,false,low,
reports/analysis/controlled_static_vs_evolvegcn_universe_scaling_top100/protocol_table.csv,report,other,,,unknown,false,low,
reports/analysis/controlled_static_vs_evolvegcn_universe_scaling_top100/protocol_table.md,report,other,,,unknown,false,low,
reports/analysis/controlled_static_vs_evolvegcn_universe_scaling_top100/scientific_summary.md,report,other,,,unknown,false,low,
reports/analysis/controlled_static_vs_evolvegcn_universe_scaling_top100/seed_level_results.csv,report,other,evolvegcn_h_100u_seed123;evolvegcn_h_100u_seed123_final32;evolvegcn_h_200u_seed123;evolvegcn_h_200u_seed123_final32;evolvegcn_h_200u_seed2025;evolvegcn_h_200u_seed2025_final32;evolvegcn_h_200u_seed42;evolvegcn_h_200u_seed42_final32;evolvegcn_h_20u_seed123;evolvegcn_h_20u_seed123_final32;evolvegcn_h_500u_seed123_final32;evolvegcn_h_500u_seed2025_final32;evolvegcn_h_500u_seed42_final32;evolvegcn_h_50u_seed123;evolvegcn_h_50u_seed123_final32;evolvegcn_h_u100_top100_norm-minmax_h32_l2_gpool-mean_tpool-mean_head-mlp_canonical300_seed2025;evolvegcn_h_u100_top100_norm-minmax_h32_l2_gpool-mean_tpool-mean_head-mlp_canonical300_seed42;evolvegcn_h_u20_top100_norm-minmax_h32_l2_gpool-mean_tpool-mean_head-mlp_canonical300_seed2025;evolvegcn_h_u20_top100_norm-minmax_h32_l2_gpool-mean_tpool-mean_head-mlp_canonical300_seed42;evolvegcn_h_u50_top100_norm-minmax_h32_l2_gpool-mean_tpool-mean_head-mlp_canonical300_seed2025;evolvegcn_h_u50_top100_norm-minmax_h32_l2_gpool-mean_tpool-mean_head-mlp_canonical300_seed42;static_gcn_100u_seed123;static_gcn_100u_seed123_final32;static_gcn_200u_seed123;static_gcn_200u_seed123_final32;static_gcn_200u_seed2025;static_gcn_200u_seed2025_final32;static_gcn_200u_seed42;static_gcn_200u_seed42_final32;static_gcn_20u_seed123;static_gcn_20u_seed123_final32;static_gcn_50u_seed123;static_gcn_50u_seed123_final32;static_gcn_u100_top100_norm-minmax_h32_l2_gpool-mean_conv-gcn_batch8_canonical300_seed2025;static_gcn_u100_top100_norm-minmax_h32_l2_gpool-mean_conv-gcn_batch8_canonical300_seed42;static_gcn_u20_top100_norm-minmax_h32_l2_gpool-mean_conv-gcn_batch8_canonical300_seed2025;static_gcn_u20_top100_norm-minmax_h32_l2_gpool-mean_conv-gcn_batch8_canonical300_seed42;static_gcn_u500_top100_norm-minmax_h32_l2_gpool-mean_conv-gcn_batch8_canonical300_seed123;static_gcn_u500_top100_norm-minmax_h32_l2_gpool-mean_conv-gcn_batch8_canonical300_seed2025;static_gcn_u500_top100_norm-minmax_h32_l2_gpool-mean_conv-gcn_batch8_canonical300_seed42;static_gcn_u50_top100_norm-minmax_h32_l2_gpool-mean_conv-gcn_batch8_canonical300_seed2025;static_gcn_u50_top100_norm-minmax_h32_l2_gpool-mean_conv-gcn_batch8_canonical300_seed42,,unknown,false,low,
reports/analysis/controlled_static_vs_evolvegcn_universe_scaling_top100/tables/main_results_table.csv,report,other,,,unknown,false,low,
reports/analysis/controlled_static_vs_evolvegcn_universe_scaling_top100/tables/main_results_table.md,report,other,,,unknown,false,low,
reports/analysis/controlled_static_vs_evolvegcn_universe_scaling_top100/tables/main_results_table.tex,report,other,,,unknown,false,low,
reports/experiment_registry/analysis_artifact_index.csv,report,other,debug_evolvegcn_h_50u_h32_dropout0_none_lr1e4;debug_evolvegcn_h_50u_h32_dropout0_zscore;debug_mean_baseline_20u_seed42;debug_mean_baseline_50u_seed42;debug_overfit_evolvegcn_h_20u_h32_dropout0;debug_overfit_evolvegcn_h_50u_h32_dropout0;debug_overfit_static_gcn_20u_h32_dropout0;debug_overfit_static_gcn_50u_h32_dropout0;debug_static_gcn_50u_h32_dropout0_none_lr1e4;debug_static_gcn_50u_h32_dropout0_zscore;debug_summary_features_50u_minmax_seed42;debug_summary_features_50u_zscore_seed42;deepsets_u1000_top1000_raw7_final_train700_seed123_none_h32_phi3_mean_statichead;deepsets_u1000_top1000_raw7_final_train700_seed2025_none_h32_phi3_mean_statichead;deepsets_u1000_top1000_raw7_final_train700_seed42_none_h32_phi3_mean_statichead;deepsets_u1000_top1500_raw7_final_train700_seed123_none_h32_phi3_mean_statichead;deepsets_u1000_top1500_raw7_final_train700_seed2025_none_h32_phi3_mean_statichead;deepsets_u1000_top1500_raw7_final_train700_seed42_none_h32_phi3_mean_statichead;deepsets_u1000_top2000_raw7_final_train700_seed123_none_h32_phi3_mean_statichead;deepsets_u1000_top2000_raw7_final_train700_seed2025_none_h32_phi3_mean_statichead;deepsets_u1000_top2000_raw7_final_train700_seed42_none_h32_phi3_mean_statichead;deepsets_u1000_top500_raw7_final_train700_seed123_none_h32_phi3_mean_statichead;deepsets_u1000_top500_raw7_final_train700_seed2025_none_h32_phi3_mean_statichead;deepsets_u1000_top500_raw7_final_train700_seed42_none_h32_phi3_mean_statichead;evolvegcn_h_100u_seed123;evolvegcn_h_100u_seed123_final32;evolvegcn_h_100u_seed2025;evolvegcn_h_100u_seed42;evolvegcn_h_200u_seed123;evolvegcn_h_200u_seed123_final32;evolvegcn_h_200u_seed2025;evolvegcn_h_200u_seed2025_final32;evolvegcn_h_200u_seed42;evolvegcn_h_200u_seed42_final32;evolvegcn_h_20u_seed123;evolvegcn_h_20u_seed123_final32;evolvegcn_h_20u_seed2025;evolvegcn_h_20u_seed42;evolvegcn_h_500u_k12_seed123;evolvegcn_h_500u_k12_seed2025;evolvegcn_h_500u_k12_seed42;evolvegcn_h_500u_k4_seed123;evolvegcn_h_500u_k4_seed2025;evolvegcn_h_500u_k4_seed42;evolvegcn_h_500u_k6_seed123;evolvegcn_h_500u_k6_seed2025;evolvegcn_h_500u_k6_seed42;evolvegcn_h_500u_k8_h64_seed123;evolvegcn_h_500u_k8_h64_seed2025;evolvegcn_h_500u_k8_h64_seed42,,unknown,false,low,
reports/experiment_registry/baseline_validation_audit.md,report,other,evolvegcn_h_500u_top500_h32_seed42;evolvegcn_h_500u_top500_h32_seed42_none_norm;summary_features_500u_none_top500_matched_seed42,,unknown,false,low,
reports/experiment_registry/canonical_evolvegcn_scaling_execution_plan.md,report,other,evolvegcn_h_100u_seed123;evolvegcn_h_100u_seed123_final32;evolvegcn_h_200u_seed123;evolvegcn_h_200u_seed123_final32;evolvegcn_h_200u_seed2025;evolvegcn_h_200u_seed2025_final32;evolvegcn_h_200u_seed42;evolvegcn_h_200u_seed42_final32;evolvegcn_h_20u_seed123;evolvegcn_h_20u_seed123_final32;evolvegcn_h_500u_seed123_final32;evolvegcn_h_500u_seed2025_final32;evolvegcn_h_500u_seed42_final32;evolvegcn_h_50u_seed123;evolvegcn_h_50u_seed123_final32,,unknown,false,low,
reports/experiment_registry/canonical_evolvegcn_scaling_run_matrix.csv,report,other,evolvegcn_h_100u_seed123;evolvegcn_h_100u_seed123_final32;evolvegcn_h_200u_seed123;evolvegcn_h_200u_seed123_final32;evolvegcn_h_200u_seed2025;evolvegcn_h_200u_seed2025_final32;evolvegcn_h_200u_seed42;evolvegcn_h_200u_seed42_final32;evolvegcn_h_20u_seed123;evolvegcn_h_20u_seed123_final32;evolvegcn_h_500u_seed123_final32;evolvegcn_h_500u_seed2025_final32;evolvegcn_h_500u_seed42_final32;evolvegcn_h_50u_seed123;evolvegcn_h_50u_seed123_final32;evolvegcn_h_u100_top100_norm-minmax_h32_l2_gpool-mean_tpool-mean_head-mlp_canonical300_seed2025;evolvegcn_h_u100_top100_norm-minmax_h32_l2_gpool-mean_tpool-mean_head-mlp_canonical300_seed42;evolvegcn_h_u20_top100_norm-minmax_h32_l2_gpool-mean_tpool-mean_head-mlp_canonical300_seed2025;evolvegcn_h_u20_top100_norm-minmax_h32_l2_gpool-mean_tpool-mean_head-mlp_canonical300_seed42;evolvegcn_h_u50_top100_norm-minmax_h32_l2_gpool-mean_tpool-mean_head-mlp_canonical300_seed2025;evolvegcn_h_u50_top100_norm-minmax_h32_l2_gpool-mean_tpool-mean_head-mlp_canonical300_seed42,,unknown,false,low,
reports/experiment_registry/canonical_knn_by_hidden_dim_factorial_execution_plan.md,report,knn_ablation,evolvegcn_h_u500_top100_norm-minmax_k12_h32_l2_factorial_seed123;evolvegcn_h_u500_top100_norm-minmax_k12_h32_l2_factorial_seed2025;evolvegcn_h_u500_top100_norm-minmax_k12_h32_l2_factorial_seed42;evolvegcn_h_u500_top100_norm-minmax_k4_h32_l2_factorial_seed123;evolvegcn_h_u500_top100_norm-minmax_k4_h32_l2_factorial_seed2025;evolvegcn_h_u500_top100_norm-minmax_k4_h32_l2_factorial_seed42;evolvegcn_h_u500_top100_norm-minmax_k6_h32_l2_factorial_seed123;evolvegcn_h_u500_top100_norm-minmax_k6_h32_l2_factorial_seed2025;evolvegcn_h_u500_top100_norm-minmax_k6_h32_l2_factorial_seed42;static_gcn_u500_top100_norm-minmax_k12_h32_l3_gpool-mean_conv-gcn_batch8_factorial_seed123;static_gcn_u500_top100_norm-minmax_k12_h32_l3_gpool-mean_conv-gcn_batch8_factorial_seed2025;static_gcn_u500_top100_norm-minmax_k12_h32_l3_gpool-mean_conv-gcn_batch8_factorial_seed42;static_gcn_u500_top100_norm-minmax_k4_h32_l3_gpool-mean_conv-gcn_batch8_factorial_seed123;static_gcn_u500_top100_norm-minmax_k4_h32_l3_gpool-mean_conv-gcn_batch8_factorial_seed2025;static_gcn_u500_top100_norm-minmax_k4_h32_l3_gpool-mean_conv-gcn_batch8_factorial_seed42;static_gcn_u500_top100_norm-minmax_k6_h32_l3_gpool-mean_conv-gcn_batch8_factorial_seed123;static_gcn_u500_top100_norm-minmax_k6_h32_l3_gpool-mean_conv-gcn_batch8_factorial_seed2025;static_gcn_u500_top100_norm-minmax_k6_h32_l3_gpool-mean_conv-gcn_batch8_factorial_seed42;static_gcn_u500_top100_norm-minmax_k8_h32_l3_gpool-mean_conv-gcn_batch8_factorial_seed123;static_gcn_u500_top100_norm-minmax_k8_h32_l3_gpool-mean_conv-gcn_batch8_factorial_seed2025;static_gcn_u500_top100_norm-minmax_k8_h32_l3_gpool-mean_conv-gcn_batch8_factorial_seed42,,unknown,false,medium,
reports/experiment_registry/canonical_knn_by_hidden_dim_factorial_preflight.md,report,knn_ablation,evolvegcn_h_500u_seed123_final32;evolvegcn_h_500u_seed2025_final32;evolvegcn_h_500u_seed42_final32,,unknown,false,medium,
reports/experiment_registry/canonical_knn_by_hidden_dim_factorial_run_matrix.csv,report,knn_ablation,evolvegcn_h_500u_k12_seed123;evolvegcn_h_500u_k12_seed2025;evolvegcn_h_500u_k12_seed42;evolvegcn_h_500u_k4_seed123;evolvegcn_h_500u_k4_seed2025;evolvegcn_h_500u_k4_seed42;evolvegcn_h_500u_k6_seed123;evolvegcn_h_500u_k6_seed2025;evolvegcn_h_500u_k6_seed42;evolvegcn_h_500u_k8_h64_seed123;evolvegcn_h_500u_k8_h64_seed2025;evolvegcn_h_500u_k8_h64_seed42;evolvegcn_h_500u_seed123_final32;evolvegcn_h_500u_seed2025_final32;evolvegcn_h_500u_seed42_final32;evolvegcn_h_u500_top100_norm-minmax_k12_h32_l2_factorial_seed123;evolvegcn_h_u500_top100_norm-minmax_k12_h32_l2_factorial_seed2025;evolvegcn_h_u500_top100_norm-minmax_k12_h32_l2_factorial_seed42;evolvegcn_h_u500_top100_norm-minmax_k4_h32_l2_factorial_seed123;evolvegcn_h_u500_top100_norm-minmax_k4_h32_l2_factorial_seed2025;evolvegcn_h_u500_top100_norm-minmax_k4_h32_l2_factorial_seed42;evolvegcn_h_u500_top100_norm-minmax_k6_h32_l2_factorial_seed123;evolvegcn_h_u500_top100_norm-minmax_k6_h32_l2_factorial_seed2025;evolvegcn_h_u500_top100_norm-minmax_k6_h32_l2_factorial_seed42;static_gcn_500u_k12_seed123;static_gcn_500u_k12_seed2025;static_gcn_500u_k12_seed42;static_gcn_500u_k4_seed123;static_gcn_500u_k4_seed2025;static_gcn_500u_k4_seed42;static_gcn_500u_k6_seed123;static_gcn_500u_k6_seed2025;static_gcn_500u_k6_seed42;static_gcn_500u_k8_h64_seed123;static_gcn_500u_k8_h64_seed2025;static_gcn_500u_k8_h64_seed42;static_gcn_u500_top100_norm-minmax_k12_h32_l3_gpool-mean_conv-gcn_batch8_factorial_seed123;static_gcn_u500_top100_norm-minmax_k12_h32_l3_gpool-mean_conv-gcn_batch8_factorial_seed2025;static_gcn_u500_top100_norm-minmax_k12_h32_l3_gpool-mean_conv-gcn_batch8_factorial_seed42;static_gcn_u500_top100_norm-minmax_k4_h32_l3_gpool-mean_conv-gcn_batch8_factorial_seed123;static_gcn_u500_top100_norm-minmax_k4_h32_l3_gpool-mean_conv-gcn_batch8_factorial_seed2025;static_gcn_u500_top100_norm-minmax_k4_h32_l3_gpool-mean_conv-gcn_batch8_factorial_seed42;static_gcn_u500_top100_norm-minmax_k6_h32_l3_gpool-mean_conv-gcn_batch8_factorial_seed123;static_gcn_u500_top100_norm-minmax_k6_h32_l3_gpool-mean_conv-gcn_batch8_factorial_seed2025;static_gcn_u500_top100_norm-minmax_k6_h32_l3_gpool-mean_conv-gcn_batch8_factorial_seed42;static_gcn_u500_top100_norm-minmax_k8_h32_l3_gpool-mean_conv-gcn_batch8_factorial_seed123;static_gcn_u500_top100_norm-minmax_k8_h32_l3_gpool-mean_conv-gcn_batch8_factorial_seed2025;static_gcn_u500_top100_norm-minmax_k8_h32_l3_gpool-mean_conv-gcn_batch8_factorial_seed42,,unknown,false,medium,
reports/experiment_registry/canonical_scaling_family.csv,report,other,evolvegcn_h_100u_seed123;evolvegcn_h_100u_seed123_final32;evolvegcn_h_100u_seed2025;evolvegcn_h_100u_seed42;evolvegcn_h_200u_seed123;evolvegcn_h_200u_seed123_final32;evolvegcn_h_200u_seed2025;evolvegcn_h_200u_seed2025_final32;evolvegcn_h_200u_seed42;evolvegcn_h_200u_seed42_final32;evolvegcn_h_20u_seed123;evolvegcn_h_20u_seed123_final32;evolvegcn_h_20u_seed2025;evolvegcn_h_20u_seed42;evolvegcn_h_500u_seed123_final32;evolvegcn_h_500u_seed2025_final32;evolvegcn_h_500u_seed42_final32;evolvegcn_h_50u_seed123;evolvegcn_h_50u_seed123_final32;evolvegcn_h_50u_seed2025;evolvegcn_h_50u_seed42;static_gcn_100u_seed123;static_gcn_100u_seed123_final32;static_gcn_100u_seed2025;static_gcn_100u_seed42;static_gcn_200u_seed123;static_gcn_200u_seed123_final32;static_gcn_200u_seed2025;static_gcn_200u_seed2025_final32;static_gcn_200u_seed42;static_gcn_200u_seed42_final32;static_gcn_20u_seed123;static_gcn_20u_seed123_final32;static_gcn_20u_seed2025;static_gcn_20u_seed42;static_gcn_500u_seed123_final32;static_gcn_500u_seed2025_final32;static_gcn_500u_seed42_final32;static_gcn_50u_seed123;static_gcn_50u_seed123_final32;static_gcn_50u_seed2025;static_gcn_50u_seed42,,unknown,false,low,
reports/experiment_registry/canonical_scaling_live_status.csv,report,other,evolvegcn_h_100u_seed123;evolvegcn_h_100u_seed123_final32;evolvegcn_h_100u_seed2025;evolvegcn_h_100u_seed42;evolvegcn_h_200u_seed123;evolvegcn_h_200u_seed123_final32;evolvegcn_h_200u_seed2025;evolvegcn_h_200u_seed2025_final32;evolvegcn_h_200u_seed42;evolvegcn_h_200u_seed42_final32;evolvegcn_h_20u_seed123;evolvegcn_h_20u_seed123_final32;evolvegcn_h_20u_seed2025;evolvegcn_h_500u_seed123_final32;evolvegcn_h_500u_seed2025_final32;evolvegcn_h_500u_seed42_final32;evolvegcn_h_50u_seed123;evolvegcn_h_50u_seed123_final32;evolvegcn_h_50u_seed2025;evolvegcn_h_50u_seed42;evolvegcn_h_u100_top100_norm-minmax_h32_l2_gpool-mean_tpool-mean_head-mlp_canonical300_seed2025;evolvegcn_h_u100_top100_norm-minmax_h32_l2_gpool-mean_tpool-mean_head-mlp_canonical300_seed42;evolvegcn_h_u20_top100_norm-minmax_h32_l2_gpool-mean_tpool-mean_head-mlp_canonical300_seed2025;evolvegcn_h_u20_top100_norm-minmax_h32_l2_gpool-mean_tpool-mean_head-mlp_canonical300_seed42;evolvegcn_h_u50_top100_norm-minmax_h32_l2_gpool-mean_tpool-mean_head-mlp_canonical300_seed2025;evolvegcn_h_u50_top100_norm-minmax_h32_l2_gpool-mean_tpool-mean_head-mlp_canonical300_seed42,,unknown,false,low,
reports/experiment_registry/canonical_scaling_results/aggregated_results.csv,report,other,,,unknown,false,low,
reports/experiment_registry/canonical_scaling_results/plotting_data.csv,report,other,,,unknown,false,low,
reports/experiment_registry/canonical_scaling_results/scientific_report.md,report,other,,,unknown,false,low,
reports/experiment_registry/canonical_scaling_results/seed_level_results.csv,report,other,evolvegcn_h_100u_seed123;evolvegcn_h_100u_seed123_final32;evolvegcn_h_200u_seed123;evolvegcn_h_200u_seed123_final32;evolvegcn_h_200u_seed2025;evolvegcn_h_200u_seed2025_final32;evolvegcn_h_200u_seed42;evolvegcn_h_200u_seed42_final32;evolvegcn_h_20u_seed123;evolvegcn_h_20u_seed123_final32;evolvegcn_h_500u_seed123_final32;evolvegcn_h_500u_seed2025_final32;evolvegcn_h_500u_seed42_final32;evolvegcn_h_50u_seed123;evolvegcn_h_50u_seed123_final32;evolvegcn_h_u100_top100_norm-minmax_h32_l2_gpool-mean_tpool-mean_head-mlp_canonical300_seed2025;evolvegcn_h_u100_top100_norm-minmax_h32_l2_gpool-mean_tpool-mean_head-mlp_canonical300_seed42;evolvegcn_h_u20_top100_norm-minmax_h32_l2_gpool-mean_tpool-mean_head-mlp_canonical300_seed2025;evolvegcn_h_u20_top100_norm-minmax_h32_l2_gpool-mean_tpool-mean_head-mlp_canonical300_seed42;evolvegcn_h_u50_top100_norm-minmax_h32_l2_gpool-mean_tpool-mean_head-mlp_canonical300_seed2025;evolvegcn_h_u50_top100_norm-minmax_h32_l2_gpool-mean_tpool-mean_head-mlp_canonical300_seed42,,unknown,false,low,
reports/experiment_registry/canonical_scaling_results/universe_scaling_test_mae.png,report,other,,,unknown,false,low,
reports/experiment_registry/canonical_static_gcn_scaling_execution_plan.md,report,other,static_gcn_100u_seed123;static_gcn_100u_seed123_final32;static_gcn_200u_seed123;static_gcn_200u_seed123_final32;static_gcn_200u_seed2025;static_gcn_200u_seed2025_final32;static_gcn_200u_seed42;static_gcn_200u_seed42_final32;static_gcn_20u_seed123;static_gcn_20u_seed123_final32;static_gcn_50u_seed123;static_gcn_50u_seed123_final32,,unknown,false,low,
reports/experiment_registry/canonical_static_gcn_scaling_run_matrix.csv,report,other,evolvegcn_h_100u_seed123;evolvegcn_h_100u_seed123_final32;evolvegcn_h_200u_seed123;evolvegcn_h_200u_seed123_final32;evolvegcn_h_200u_seed2025;evolvegcn_h_200u_seed2025_final32;evolvegcn_h_200u_seed42;evolvegcn_h_200u_seed42_final32;evolvegcn_h_20u_seed123;evolvegcn_h_20u_seed123_final32;evolvegcn_h_500u_seed123_final32;evolvegcn_h_500u_seed2025_final32;evolvegcn_h_500u_seed42_final32;evolvegcn_h_50u_seed123;evolvegcn_h_50u_seed123_final32;evolvegcn_h_u100_top100_norm-minmax_h32_l2_gpool-mean_tpool-mean_head-mlp_canonical300_seed2025;evolvegcn_h_u100_top100_norm-minmax_h32_l2_gpool-mean_tpool-mean_head-mlp_canonical300_seed42;evolvegcn_h_u20_top100_norm-minmax_h32_l2_gpool-mean_tpool-mean_head-mlp_canonical300_seed2025;evolvegcn_h_u20_top100_norm-minmax_h32_l2_gpool-mean_tpool-mean_head-mlp_canonical300_seed42;evolvegcn_h_u50_top100_norm-minmax_h32_l2_gpool-mean_tpool-mean_head-mlp_canonical300_seed2025;evolvegcn_h_u50_top100_norm-minmax_h32_l2_gpool-mean_tpool-mean_head-mlp_canonical300_seed42;static_gcn_100u_seed123;static_gcn_100u_seed123_final32;static_gcn_200u_seed123;static_gcn_200u_seed123_final32;static_gcn_200u_seed2025;static_gcn_200u_seed2025_final32;static_gcn_200u_seed42;static_gcn_200u_seed42_final32;static_gcn_20u_seed123;static_gcn_20u_seed123_final32;static_gcn_50u_seed123;static_gcn_50u_seed123_final32;static_gcn_u100_top100_norm-minmax_h32_l2_gpool-mean_conv-gcn_batch8_canonical300_seed2025;static_gcn_u100_top100_norm-minmax_h32_l2_gpool-mean_conv-gcn_batch8_canonical300_seed42;static_gcn_u20_top100_norm-minmax_h32_l2_gpool-mean_conv-gcn_batch8_canonical300_seed2025;static_gcn_u20_top100_norm-minmax_h32_l2_gpool-mean_conv-gcn_batch8_canonical300_seed42;static_gcn_u500_top100_norm-minmax_h32_l2_gpool-mean_conv-gcn_batch8_canonical300_seed123;static_gcn_u500_top100_norm-minmax_h32_l2_gpool-mean_conv-gcn_batch8_canonical300_seed2025;static_gcn_u500_top100_norm-minmax_h32_l2_gpool-mean_conv-gcn_batch8_canonical300_seed42;static_gcn_u50_top100_norm-minmax_h32_l2_gpool-mean_conv-gcn_batch8_canonical300_seed2025;static_gcn_u50_top100_norm-minmax_h32_l2_gpool-mean_conv-gcn_batch8_canonical300_seed42,,unknown,false,low,
reports/experiment_registry/canonical_static_scaling_results/aggregated_results.csv,report,other,,,unknown,false,low,
reports/experiment_registry/canonical_static_scaling_results/plotting_data.csv,report,other,,,unknown,false,low,
reports/experiment_registry/canonical_static_scaling_results/scientific_report.md,report,other,,,unknown,false,low,
reports/experiment_registry/canonical_static_scaling_results/seed_level_results.csv,report,other,static_gcn_100u_seed123;static_gcn_100u_seed123_final32;static_gcn_200u_seed123;static_gcn_200u_seed123_final32;static_gcn_200u_seed2025;static_gcn_200u_seed2025_final32;static_gcn_200u_seed42;static_gcn_200u_seed42_final32;static_gcn_20u_seed123;static_gcn_20u_seed123_final32;static_gcn_50u_seed123;static_gcn_50u_seed123_final32;static_gcn_u100_top100_norm-minmax_h32_l2_gpool-mean_conv-gcn_batch8_canonical300_seed2025;static_gcn_u100_top100_norm-minmax_h32_l2_gpool-mean_conv-gcn_batch8_canonical300_seed42;static_gcn_u20_top100_norm-minmax_h32_l2_gpool-mean_conv-gcn_batch8_canonical300_seed2025;static_gcn_u20_top100_norm-minmax_h32_l2_gpool-mean_conv-gcn_batch8_canonical300_seed42;static_gcn_u500_top100_norm-minmax_h32_l2_gpool-mean_conv-gcn_batch8_canonical300_seed123;static_gcn_u500_top100_norm-minmax_h32_l2_gpool-mean_conv-gcn_batch8_canonical300_seed2025;static_gcn_u500_top100_norm-minmax_h32_l2_gpool-mean_conv-gcn_batch8_canonical300_seed42;static_gcn_u50_top100_norm-minmax_h32_l2_gpool-mean_conv-gcn_batch8_canonical300_seed2025;static_gcn_u50_top100_norm-minmax_h32_l2_gpool-mean_conv-gcn_batch8_canonical300_seed42,,unknown,false,low,
reports/experiment_registry/canonical_static_scaling_results/static_gcn_universe_scaling_test_mae.png,report,other,,,unknown,false,low,
reports/experiment_registry/controlled_experiment_matrix.csv,report,other,evolvegcn_h_100u_seed123;evolvegcn_h_100u_seed123_final32;evolvegcn_h_100u_seed2025;evolvegcn_h_100u_seed42;evolvegcn_h_200u_seed123;evolvegcn_h_200u_seed123_final32;evolvegcn_h_200u_seed2025;evolvegcn_h_200u_seed2025_final32;evolvegcn_h_200u_seed42;evolvegcn_h_200u_seed42_final32;evolvegcn_h_20u_seed123;evolvegcn_h_20u_seed123_final32;evolvegcn_h_20u_seed2025;evolvegcn_h_20u_seed42;evolvegcn_h_500u_seed123_final32;evolvegcn_h_500u_seed2025_final32;evolvegcn_h_500u_seed42_final32;evolvegcn_h_50u_seed123;evolvegcn_h_50u_seed123_final32;evolvegcn_h_50u_seed2025;evolvegcn_h_50u_seed42;static_gcn_100u_seed123;static_gcn_100u_seed123_final32;static_gcn_100u_seed2025;static_gcn_100u_seed42;static_gcn_200u_seed123;static_gcn_200u_seed123_final32;static_gcn_200u_seed2025;static_gcn_200u_seed2025_final32;static_gcn_200u_seed42;static_gcn_200u_seed42_final32;static_gcn_20u_seed123;static_gcn_20u_seed123_final32;static_gcn_20u_seed2025;static_gcn_20u_seed42;static_gcn_500u_seed123_final32;static_gcn_500u_seed2025_final32;static_gcn_500u_seed42_final32;static_gcn_50u_seed123;static_gcn_50u_seed123_final32;static_gcn_50u_seed2025;static_gcn_50u_seed42,,unknown,false,low,
reports/experiment_registry/current_thesis_execution_status.md,report,other,evolvegcn_h_100u_seed123;evolvegcn_h_100u_seed123_final32;evolvegcn_h_200u_seed123;evolvegcn_h_200u_seed123_final32;evolvegcn_h_200u_seed2025;evolvegcn_h_200u_seed2025_final32;evolvegcn_h_200u_seed42;evolvegcn_h_200u_seed42_final32;evolvegcn_h_20u_seed123;evolvegcn_h_20u_seed123_final32;evolvegcn_h_500u_seed123_final32;evolvegcn_h_500u_seed2025_final32;evolvegcn_h_500u_seed42_final32;evolvegcn_h_50u_seed123;evolvegcn_h_50u_seed123_final32;evolvegcn_h_u100_top100_norm-minmax_h32_l2_gpool-mean_tpool-mean_head-mlp_canonical300_seed2025;evolvegcn_h_u100_top100_norm-minmax_h32_l2_gpool-mean_tpool-mean_head-mlp_canonical300_seed42;evolvegcn_h_u20_top100_norm-minmax_h32_l2_gpool-mean_tpool-mean_head-mlp_canonical300_seed2025;evolvegcn_h_u20_top100_norm-minmax_h32_l2_gpool-mean_tpool-mean_head-mlp_canonical300_seed42;evolvegcn_h_u50_top100_norm-minmax_h32_l2_gpool-mean_tpool-mean_head-mlp_canonical300_seed2025;evolvegcn_h_u50_top100_norm-minmax_h32_l2_gpool-mean_tpool-mean_head-mlp_canonical300_seed42,,unknown,false,low,
reports/experiment_registry/experiment_family_summary.csv,report,other,debug_evolvegcn_h_50u_h32_dropout0_none_lr1e4;debug_evolvegcn_h_50u_h32_dropout0_zscore;debug_mean_baseline_20u_seed42;debug_mean_baseline_50u_seed42;debug_overfit_evolvegcn_h_20u_h32_dropout0;debug_overfit_evolvegcn_h_50u_h32_dropout0;debug_overfit_static_gcn_20u_h32_dropout0;debug_overfit_static_gcn_50u_h32_dropout0;debug_static_gcn_50u_h32_dropout0_none_lr1e4;debug_static_gcn_50u_h32_dropout0_zscore;deepsets_u1000_top1000_raw7_final_train700_seed123_none_h32_phi3_mean_statichead;deepsets_u1000_top1500_raw7_final_train700_seed2025_none_h32_phi3_mean_statichead;deepsets_u1000_top2000_raw7_final_train700_seed123_none_h32_phi3_mean_statichead;deepsets_u1000_top500_raw7_final_train700_seed123_none_h32_phi3_mean_statichead;evolvegcn_h_100u_seed123;evolvegcn_h_100u_seed123_final32;evolvegcn_h_100u_seed42;evolvegcn_h_200u_seed123;evolvegcn_h_200u_seed123_final32;evolvegcn_h_20u_seed123;evolvegcn_h_20u_seed123_final32;evolvegcn_h_20u_seed42;evolvegcn_h_500u_k12_seed42;evolvegcn_h_500u_k4_seed42;evolvegcn_h_500u_k6_seed42;evolvegcn_h_500u_k8_h64_seed42;evolvegcn_h_500u_seed42_final32;evolvegcn_h_500u_top200_h32_seed42;evolvegcn_h_500u_top500_h32_seed42;evolvegcn_h_500u_top500_h32_seed42_hybrid_summary;evolvegcn_h_500u_top500_h32_seed42_hybrid_summary_norm;evolvegcn_h_500u_top500_h32_seed42_leakyrelu;evolvegcn_h_500u_top500_h32_seed42_linear_head;evolvegcn_h_500u_top500_h32_seed42_linear_head_targetnorm;evolvegcn_h_500u_top500_h32_seed42_meanmax;evolvegcn_h_500u_top500_h32_seed42_zscore;evolvegcn_h_500u_top500_h32_seed777_minmax;evolvegcn_h_500u_top500_h32_seed777_none;evolvegcn_h_50u_seed123;evolvegcn_h_50u_seed123_final32;evolvegcn_h_50u_seed42;evolvegcn_h_750u_top1000_h32_seed123_none;evolvegcn_h_750u_top1000_h32_seed2025_none;evolvegcn_h_750u_top1000_h32_seed2025_none_linear_head;evolvegcn_h_750u_top1000_h32_seed2025_none_linear_head_meanmax;evolvegcn_h_750u_top1000_h32_seed777_none;evolvegcn_h_750u_top1000_h32_seed777_none_linear_head;evolvegcn_h_750u_top1000_h32_seed777_none_linear_head_temporal_last;evolvegcn_h_750u_top1000_h32_seed999_none;evolvegcn_h_750u_top1000_h32_seed999_none_linear_head,,unknown,false,low,
reports/experiment_registry/family_compatibility_audit.md,report,other,evolvegcn_h_500u_k12_seed123;evolvegcn_h_500u_k12_seed2025;evolvegcn_h_500u_k12_seed42;evolvegcn_h_500u_k4_seed123;evolvegcn_h_500u_k4_seed2025;evolvegcn_h_500u_k4_seed42;evolvegcn_h_500u_k6_seed123;evolvegcn_h_500u_k6_seed2025;evolvegcn_h_500u_k6_seed42;evolvegcn_h_500u_k8_h64_seed123;evolvegcn_h_500u_k8_h64_seed2025;evolvegcn_h_500u_k8_h64_seed42;evolvegcn_h_500u_top500_h32_seed123_minmax;evolvegcn_h_500u_top500_h32_seed42;static_gcn_500u_k12_seed123;static_gcn_500u_k12_seed2025;static_gcn_500u_k12_seed42;static_gcn_500u_k4_seed123;static_gcn_500u_k4_seed2025;static_gcn_500u_k4_seed42;static_gcn_500u_k6_seed123;static_gcn_500u_k6_seed2025;static_gcn_500u_k6_seed42;static_gcn_500u_k8_h64_seed123;static_gcn_500u_k8_h64_seed2025;static_gcn_500u_k8_h64_seed42;static_gcn_top500_final_snapshot_same_split_h32_seed42,,unknown,false,low,
reports/experiment_registry/final_table_readiness_status.md,report,other,,,unknown,false,low,
reports/experiment_registry/graph_pooling_ablation_candidate_matrix.csv,report,graph_validation,evolvegcn_h_500u_top500_h32_seed123_minmax;evolvegcn_h_500u_top500_h32_seed2025_minmax;evolvegcn_h_500u_top500_h32_seed42;evolvegcn_h_500u_top500_h32_seed42_hybrid_summary;evolvegcn_h_500u_top500_h32_seed42_hybrid_summary_norm;evolvegcn_h_500u_top500_h32_seed42_leakyrelu;evolvegcn_h_500u_top500_h32_seed42_linear_head;evolvegcn_h_500u_top500_h32_seed42_linear_head_targetnorm;evolvegcn_h_500u_top500_h32_seed42_meanmax;evolvegcn_h_500u_top500_h32_seed777_minmax;evolvegcn_h_500u_top500_h32_seed999_minmax;evolvegcn_h_750u_top1000_h32_seed123_none;evolvegcn_h_750u_top1000_h32_seed123_none_linear_head;evolvegcn_h_750u_top1000_h32_seed123_none_linear_head_meanmax;evolvegcn_h_750u_top1000_h32_seed123_none_linear_head_temporal_last;evolvegcn_h_750u_top1000_h32_seed2025_none;evolvegcn_h_750u_top1000_h32_seed2025_none_linear_head;evolvegcn_h_750u_top1000_h32_seed2025_none_linear_head_meanmax;evolvegcn_h_750u_top1000_h32_seed2025_none_linear_head_temporal_last;evolvegcn_h_750u_top1000_h32_seed42_none;evolvegcn_h_750u_top1000_h32_seed42_none_linear_head;evolvegcn_h_750u_top1000_h32_seed42_none_linear_head_meanmax;evolvegcn_h_750u_top1000_h32_seed42_none_linear_head_temporal_last;evolvegcn_h_750u_top1000_h32_seed42_none_mlp_relu_repeat;evolvegcn_h_750u_top1000_h32_seed777_none;evolvegcn_h_750u_top1000_h32_seed777_none_linear_head;evolvegcn_h_750u_top1000_h32_seed777_none_linear_head_meanmax;evolvegcn_h_750u_top1000_h32_seed777_none_linear_head_temporal_last;evolvegcn_h_750u_top1000_h32_seed999_none;evolvegcn_h_750u_top1000_h32_seed999_none_linear_head;evolvegcn_h_750u_top1000_h32_seed999_none_linear_head_meanmax;evolvegcn_h_750u_top1000_h32_seed999_none_linear_head_temporal_last;static_gcn_500u_top500_final_snapshot_h32_seed123_minmax;static_gcn_500u_top500_final_snapshot_h32_seed2025_minmax;static_gcn_500u_top500_final_snapshot_h32_seed777_minmax;static_gcn_500u_top500_final_snapshot_h32_seed999_minmax;static_gcn_top500_final_snapshot_same_split_h32_seed42;static_graphsage_500u_top500_final_snapshot_h32_seed42,,unknown,false,medium,
reports/experiment_registry/graph_pooling_ablation_control_audit.md,report,graph_validation,evolvegcn_h_750u_top1000_h32_seed42_none;evolvegcn_h_750u_top1000_h32_seed42_none_mlp_relu_repeat,,unknown,false,medium,
reports/experiment_registry/graph_pooling_ablation_family_summary.csv,report,graph_validation,,,unknown,false,medium,
reports/experiment_registry/graph_pooling_ablation_final_verification.md,report,graph_validation,evolvegcn_h_750u_top1000_h32_seed123_none;evolvegcn_h_750u_top1000_h32_seed123_none_linear_head;evolvegcn_h_750u_top1000_h32_seed123_none_linear_head_meanmax;evolvegcn_h_750u_top1000_h32_seed2025_none;evolvegcn_h_750u_top1000_h32_seed2025_none_linear_head;evolvegcn_h_750u_top1000_h32_seed2025_none_linear_head_meanmax;evolvegcn_h_750u_top1000_h32_seed42_none;evolvegcn_h_750u_top1000_h32_seed42_none_linear_head;evolvegcn_h_750u_top1000_h32_seed42_none_linear_head_meanmax;evolvegcn_h_750u_top1000_h32_seed777_none;evolvegcn_h_750u_top1000_h32_seed777_none_linear_head;evolvegcn_h_750u_top1000_h32_seed777_none_linear_head_meanmax;evolvegcn_h_750u_top1000_h32_seed999_none;evolvegcn_h_750u_top1000_h32_seed999_none_linear_head;evolvegcn_h_750u_top1000_h32_seed999_none_linear_head_meanmax,,unknown,false,medium,
reports/experiment_registry/graph_pooling_ablation_missing_run_decisions.csv,report,graph_validation,evolvegcn_h_500u_top500_h32_seed123_minmax;evolvegcn_h_500u_top500_h32_seed2025_minmax;evolvegcn_h_500u_top500_h32_seed777_minmax;evolvegcn_h_500u_top500_h32_seed999_minmax;evolvegcn_h_750u_top1000_h32_seed123_none;evolvegcn_h_750u_top1000_h32_seed123_none_linear_head;evolvegcn_h_750u_top1000_h32_seed123_none_linear_head_meanmax;evolvegcn_h_750u_top1000_h32_seed2025_none;evolvegcn_h_750u_top1000_h32_seed2025_none_linear_head;evolvegcn_h_750u_top1000_h32_seed2025_none_linear_head_meanmax;evolvegcn_h_750u_top1000_h32_seed42_none;evolvegcn_h_750u_top1000_h32_seed42_none_linear_head;evolvegcn_h_750u_top1000_h32_seed42_none_linear_head_meanmax;evolvegcn_h_750u_top1000_h32_seed777_none;evolvegcn_h_750u_top1000_h32_seed777_none_linear_head;evolvegcn_h_750u_top1000_h32_seed777_none_linear_head_meanmax;evolvegcn_h_750u_top1000_h32_seed999_none;evolvegcn_h_750u_top1000_h32_seed999_none_linear_head;evolvegcn_h_750u_top1000_h32_seed999_none_linear_head_meanmax;static_gcn_500u_top500_final_snapshot_h32_seed123_minmax;static_gcn_500u_top500_final_snapshot_h32_seed2025_minmax;static_gcn_500u_top500_final_snapshot_h32_seed777_minmax;static_gcn_500u_top500_final_snapshot_h32_seed999_minmax;static_graphsage_500u_top500_final_snapshot_h32_seed42,,unknown,false,medium,
reports/experiment_registry/graph_pooling_ablation_reporting_plan.md,report,graph_validation,,,unknown,false,medium,
reports/experiment_registry/graph_pooling_implementation_audit.md,report,graph_validation,,,unknown,false,medium,
reports/experiment_registry/hidden_dim_h32_vs_h64_k8_audit.md,report,other,,,unknown,false,low,
reports/experiment_registry/hidden_dim_h32_vs_h64_k8_candidate_matrix.csv,report,other,evolvegcn_h_500u_k8_h64_seed123;evolvegcn_h_500u_k8_h64_seed2025;evolvegcn_h_500u_k8_h64_seed42;evolvegcn_h_500u_seed123_final32;evolvegcn_h_500u_seed2025_final32;evolvegcn_h_500u_seed42_final32;static_gcn_500u_k8_h64_seed123;static_gcn_500u_k8_h64_seed2025;static_gcn_500u_k8_h64_seed42;static_gcn_u500_top100_norm-minmax_h32_l2_gpool-mean_conv-gcn_batch8_canonical300_seed123;static_gcn_u500_top100_norm-minmax_h32_l2_gpool-mean_conv-gcn_batch8_canonical300_seed2025;static_gcn_u500_top100_norm-minmax_h32_l2_gpool-mean_conv-gcn_batch8_canonical300_seed42,,unknown,false,low,
reports/experiment_registry/hidden_dim_h32_vs_h64_k8_missing_run_decisions.csv,report,other,static_gcn_500u_seed123_final32;static_gcn_500u_seed2025_final32;static_gcn_500u_seed42_final32,,unknown,false,low,
reports/experiment_registry/hidden_dim_h32_vs_h64_k8_reporting_plan.md,report,other,,,unknown,false,low,
reports/experiment_registry/incomplete_or_duplicate_experiments.csv,report,other,evolvegcn_h_750u_top1000_h32_seed42_none;evolvegcn_h_750u_top1000_h32_seed42_none_mlp_relu_repeat;evolvegcn_h_u500_top100_norm-minmax_k6_h32_l2_factorial_seed42;evolvegcn_h_u500_top100_norm-minmax_k6_h32_l2_factorial_seed42__interrupted_epoch7_20260730T061044Z;failed_invalid_config_evolvegcn_h_u1000_train700_seed42_20260805T235518Z;gcn_temporal_transformer_u1000_top1500_sparse_train700_seed123_none_h32_l3_final;gcn_temporal_transformer_u1000_top1500_sparse_train700_seed123_none_h32_l3_final_INTERRUPTED_20260903T072117Z,,unknown,false,low,
reports/experiment_registry/knn_ablation_candidate_matrix.csv,report,knn_ablation,evolvegcn_h_500u_k12_seed123;evolvegcn_h_500u_k12_seed2025;evolvegcn_h_500u_k12_seed42;evolvegcn_h_500u_k4_seed123;evolvegcn_h_500u_k4_seed2025;evolvegcn_h_500u_k4_seed42;evolvegcn_h_500u_k6_seed123;evolvegcn_h_500u_k6_seed2025;evolvegcn_h_500u_k6_seed42;evolvegcn_h_500u_k8_h64_seed123;evolvegcn_h_500u_k8_h64_seed2025;evolvegcn_h_500u_k8_h64_seed42;evolvegcn_h_500u_seed123_final32;evolvegcn_h_500u_seed2025_final32;evolvegcn_h_500u_seed42_final32;static_gcn_500u_k12_seed123;static_gcn_500u_k12_seed2025;static_gcn_500u_k12_seed42;static_gcn_500u_k4_seed123;static_gcn_500u_k4_seed2025;static_gcn_500u_k4_seed42;static_gcn_500u_k6_seed123;static_gcn_500u_k6_seed2025;static_gcn_500u_k6_seed42;static_gcn_500u_k8_h64_seed123;static_gcn_500u_k8_h64_seed2025;static_gcn_500u_k8_h64_seed42;static_gcn_500u_seed123_final32;static_gcn_500u_seed2025_final32;static_gcn_500u_seed42_final32;static_gcn_u500_top100_norm-minmax_h32_l2_gpool-mean_conv-gcn_batch8_canonical300_seed123;static_gcn_u500_top100_norm-minmax_h32_l2_gpool-mean_conv-gcn_batch8_canonical300_seed2025;static_gcn_u500_top100_norm-minmax_h32_l2_gpool-mean_conv-gcn_batch8_canonical300_seed42,,unknown,false,medium,
reports/experiment_registry/knn_ablation_control_audit.md,report,knn_ablation,,,unknown,false,medium,
reports/experiment_registry/knn_ablation_missing_run_decisions.csv,report,knn_ablation,static_gcn_500u_seed123_final32;static_gcn_500u_seed2025_final32;static_gcn_500u_seed42_final32,,unknown,false,medium,
reports/experiment_registry/knn_ablation_reporting_plan.md,report,knn_ablation,,,unknown,false,medium,
reports/experiment_registry/knn_by_hidden_dim_factorial_48row_matrix.csv,report,knn_ablation,evolvegcn_h_500u_k12_seed123;evolvegcn_h_500u_k12_seed2025;evolvegcn_h_500u_k12_seed42;evolvegcn_h_500u_k4_seed123;evolvegcn_h_500u_k4_seed2025;evolvegcn_h_500u_k4_seed42;evolvegcn_h_500u_k6_seed123;evolvegcn_h_500u_k6_seed2025;evolvegcn_h_500u_k6_seed42;evolvegcn_h_500u_k8_h64_seed123;evolvegcn_h_500u_k8_h64_seed2025;evolvegcn_h_500u_k8_h64_seed42;evolvegcn_h_500u_seed123_final32;evolvegcn_h_500u_seed2025_final32;evolvegcn_h_500u_seed42_final32;static_gcn_500u_k12_seed123;static_gcn_500u_k12_seed2025;static_gcn_500u_k12_seed42;static_gcn_500u_k4_seed123;static_gcn_500u_k4_seed2025;static_gcn_500u_k4_seed42;static_gcn_500u_k6_seed123;static_gcn_500u_k6_seed2025;static_gcn_500u_k6_seed42;static_gcn_500u_k8_h64_seed123;static_gcn_500u_k8_h64_seed2025;static_gcn_500u_k8_h64_seed42;static_gcn_u500_top100_norm-minmax_h32_l2_gpool-mean_conv-gcn_batch8_canonical300_seed123;static_gcn_u500_top100_norm-minmax_h32_l2_gpool-mean_conv-gcn_batch8_canonical300_seed2025;static_gcn_u500_top100_norm-minmax_h32_l2_gpool-mean_conv-gcn_batch8_canonical300_seed42,,unknown,false,medium,
reports/experiment_registry/knn_by_hidden_dim_factorial_audit.md,report,knn_ablation,evolvegcn_h_500u_seed123_final32;evolvegcn_h_500u_seed2025_final32;evolvegcn_h_500u_seed42_final32,,unknown,false,medium,
reports/experiment_registry/knn_by_hidden_dim_factorial_final_verification.md,report,knn_ablation,static_gcn_u500_top100_norm-minmax_k4_h32_l3_gpool-mean_conv-gcn_batch8_factorial_seed42,,unknown,false,medium,
reports/experiment_registry/knn_by_hidden_dim_factorial_missing_runs.csv,report,knn_ablation,evolvegcn_h_500u_seed123_final32;evolvegcn_h_500u_seed2025_final32;evolvegcn_h_500u_seed42_final32,,unknown,false,medium,
reports/experiment_registry/knn_by_hidden_dim_factorial_protocol_decision.md,report,knn_ablation,evolvegcn_h_500u_seed123_final32;evolvegcn_h_500u_seed2025_final32;evolvegcn_h_500u_seed42_final32,,unknown,false,medium,
reports/experiment_registry/knn_hidden_factorial_interruption_20260730.md,report,knn_ablation,evolvegcn_h_u500_top100_norm-minmax_k6_h32_l2_factorial_seed42,,unknown,false,medium,
reports/experiment_registry/master_experiment_registry.csv,report,other,debug_evolvegcn_h_50u_h32_dropout0_none_lr1e4;debug_evolvegcn_h_50u_h32_dropout0_zscore;debug_mean_baseline_20u_seed42;debug_mean_baseline_50u_seed42;debug_overfit_evolvegcn_h_20u_h32_dropout0;debug_overfit_evolvegcn_h_50u_h32_dropout0;debug_overfit_static_gcn_20u_h32_dropout0;debug_overfit_static_gcn_50u_h32_dropout0;debug_static_gcn_50u_h32_dropout0_none_lr1e4;debug_static_gcn_50u_h32_dropout0_zscore;debug_summary_features_50u_minmax_seed42;debug_summary_features_50u_zscore_seed42;deepsets_u1000_top1000_raw7_final_train700_seed123_none_h32_phi3_mean_statichead;deepsets_u1000_top1000_raw7_final_train700_seed2025_none_h32_phi3_mean_statichead;deepsets_u1000_top1000_raw7_final_train700_seed42_none_h32_phi3_mean_statichead;deepsets_u1000_top1500_raw7_final_train700_seed123_none_h32_phi3_mean_statichead;deepsets_u1000_top1500_raw7_final_train700_seed2025_none_h32_phi3_mean_statichead;deepsets_u1000_top1500_raw7_final_train700_seed42_none_h32_phi3_mean_statichead;deepsets_u1000_top2000_raw7_final_train700_seed123_none_h32_phi3_mean_statichead;deepsets_u1000_top2000_raw7_final_train700_seed2025_none_h32_phi3_mean_statichead;deepsets_u1000_top2000_raw7_final_train700_seed42_none_h32_phi3_mean_statichead;deepsets_u1000_top500_raw7_final_train700_seed123_none_h32_phi3_mean_statichead;deepsets_u1000_top500_raw7_final_train700_seed2025_none_h32_phi3_mean_statichead;deepsets_u1000_top500_raw7_final_train700_seed42_none_h32_phi3_mean_statichead;evolvegcn_h_100u_seed123;evolvegcn_h_100u_seed123_final32;evolvegcn_h_100u_seed2025;evolvegcn_h_100u_seed42;evolvegcn_h_200u_seed123;evolvegcn_h_200u_seed123_final32;evolvegcn_h_200u_seed2025;evolvegcn_h_200u_seed2025_final32;evolvegcn_h_200u_seed42;evolvegcn_h_200u_seed42_final32;evolvegcn_h_20u_seed123;evolvegcn_h_20u_seed123_final32;evolvegcn_h_20u_seed2025;evolvegcn_h_20u_seed42;evolvegcn_h_500u_k12_seed123;evolvegcn_h_500u_k12_seed2025;evolvegcn_h_500u_k12_seed42;evolvegcn_h_500u_k4_seed123;evolvegcn_h_500u_k4_seed2025;evolvegcn_h_500u_k4_seed42;evolvegcn_h_500u_k6_seed123;evolvegcn_h_500u_k6_seed2025;evolvegcn_h_500u_k6_seed42;evolvegcn_h_500u_k8_h64_seed123;evolvegcn_h_500u_k8_h64_seed2025;evolvegcn_h_500u_k8_h64_seed42,,unknown,false,low,
reports/experiment_registry/master_experiment_registry.md,report,other,debug_evolvegcn_h_50u_h32_dropout0_none_lr1e4;debug_evolvegcn_h_50u_h32_dropout0_zscore;debug_overfit_evolvegcn_h_20u_h32_dropout0;debug_overfit_evolvegcn_h_50u_h32_dropout0;debug_overfit_static_gcn_20u_h32_dropout0;debug_overfit_static_gcn_50u_h32_dropout0;debug_static_gcn_50u_h32_dropout0_none_lr1e4;debug_static_gcn_50u_h32_dropout0_zscore;debug_summary_features_50u_minmax_seed42;debug_summary_features_50u_zscore_seed42;evolvegcn_h_500u_top500_h32_seed123_none;evolvegcn_h_500u_top500_h32_seed2025_none;evolvegcn_h_500u_top500_h32_seed42;evolvegcn_h_500u_top500_h32_seed42_none_norm;evolvegcn_h_500u_top500_h32_seed777_none;evolvegcn_h_500u_top500_h32_seed999_none;evolvegcn_h_750u_top1000_h32_seed123_none;evolvegcn_h_750u_top1000_h32_seed2025_none;evolvegcn_h_750u_top1000_h32_seed42_none;evolvegcn_h_750u_top1000_h32_seed42_none_mlp_relu_repeat;evolvegcn_h_750u_top1000_h32_seed777_none;evolvegcn_h_750u_top1000_h32_seed777_none_linear_head;evolvegcn_h_750u_top1000_h32_seed777_none_linear_head_temporal_last;evolvegcn_h_750u_top1000_h32_seed999_none;evolvegcn_h_750u_top1000_h32_seed999_none_linear_head;evolvegcn_h_u1000_top1500_sparse_train450_seed42_none_h32_l2_mean_temporal_mean_linear;evolvegcn_h_u1000_top1500_t1_ctxsuffix_sparse_train700_seed123_none_h32_l2_gmean_tmean_linear;evolvegcn_h_u1000_top1500_t2_ctxsuffix_sparse_train700_seed123_none_h32_l2_gmean_tmean_linear;evolvegcn_h_u1000_top1500_t2_ctxsuffix_sparse_train700_seed2025_none_h32_l2_gmean_tmean_linear;evolvegcn_h_u1000_top1500_t2_ctxsuffix_sparse_train700_seed42_none_h32_l2_gmean_tmean_linear;evolvegcn_h_u1000_top1500_t3_ctxsuffix_sparse_train700_seed42_none_h32_l2_gmean_tmean_linear;evolvegcn_h_u1000_top1500_t5_ctxsuffix_sparse_train700_seed42_none_h32_l2_gmean_tlast_linear;evolvegcn_h_u1000_top2000_sparse_train700_seed123_none_h32_l2_mean_temporal_mean_linear;evolvegcn_h_u500_top100_norm-minmax_k6_h32_l2_factorial_seed42;evolvegcn_h_u500_top100_norm-minmax_k6_h32_l2_factorial_seed42__interrupted_epoch7_20260730T061044Z;failed_invalid_config_evolvegcn_h_u1000_train700_seed42_20260805T235518Z;gcn_temporal_transformer_u1000_top1500_sparse_train700_seed123_none_h32_l3_final;gcn_temporal_transformer_u1000_top1500_sparse_train700_seed123_none_h32_l3_final_INTERRUPTED_20260903T072117Z;static_gcn_u1000_top1000_sparse_train700_seed123_none_h32_l3_mean_mlp_final;static_gcn_u1000_top1000_sparse_train700_seed2025_none_h32_l3_mean_mlp_final;static_gcn_u1000_top1500_knn_k12_sparse_train700_seed123_none_h32_l3_mean_mlp_final;static_gcn_u1000_top1500_knn_k12_sparse_train700_seed42_none_h32_l3_mean_mlp_final;static_gcn_u1000_top1500_knn_k4_sparse_train700_seed123_none_h32_l3_mean_mlp_final;static_gcn_u1000_top1500_knn_k4_sparse_train700_seed2025_none_h32_l3_mean_mlp_final;static_gcn_u1000_top1500_knn_k6_sparse_train700_seed123_none_h32_l3_mean_mlp_final;static_gcn_u1000_top1500_knn_k6_sparse_train700_seed2025_none_h32_l3_mean_mlp_final;static_gcn_u1000_top1500_sparse_train700_seed123_none_h32_l3_mean_mlp_final;static_gcn_u1000_top1500_sparse_train700_seed2025_none_h32_l3_mean_mlp_final;static_gcn_u1000_top1500_sparse_train700_seed42_none_h32_l3_mean_mlp_final;static_gcn_u1000_top2000_sparse_train700_seed123_none_h32_l3_mean_mlp_final,,unknown,false,low,
reports/experiment_registry/missing_run_decision_matrix.csv,report,other,evolvegcn_h_100u_seed123;evolvegcn_h_100u_seed123_final32;evolvegcn_h_20u_seed123;evolvegcn_h_20u_seed123_final32;evolvegcn_h_50u_seed123;evolvegcn_h_50u_seed123_final32;evolvegcn_h_750u_top1000_h32_seed123_none;evolvegcn_h_750u_top1000_h32_seed123_none_linear_head;evolvegcn_h_750u_top1000_h32_seed123_none_linear_head_temporal_last;evolvegcn_h_750u_top1000_h32_seed2025_none;evolvegcn_h_750u_top1000_h32_seed2025_none_linear_head;evolvegcn_h_750u_top1000_h32_seed2025_none_linear_head_temporal_last;evolvegcn_h_750u_top1000_h32_seed42_none;evolvegcn_h_750u_top1000_h32_seed42_none_linear_head;evolvegcn_h_750u_top1000_h32_seed42_none_linear_head_temporal_last;evolvegcn_h_750u_top1000_h32_seed777_none;evolvegcn_h_750u_top1000_h32_seed777_none_linear_head;evolvegcn_h_750u_top1000_h32_seed777_none_linear_head_temporal_last;evolvegcn_h_750u_top1000_h32_seed999_none;evolvegcn_h_750u_top1000_h32_seed999_none_linear_head;evolvegcn_h_750u_top1000_h32_seed999_none_linear_head_temporal_last;static_gcn_100u_seed123;static_gcn_100u_seed123_final32;static_gcn_200u_seed123;static_gcn_200u_seed123_final32;static_gcn_200u_seed2025;static_gcn_200u_seed2025_final32;static_gcn_200u_seed42;static_gcn_200u_seed42_final32;static_gcn_20u_seed123;static_gcn_20u_seed123_final32;static_gcn_500u_top200_h32_seed123;static_gcn_500u_top200_h32_seed2025;static_gcn_500u_top200_h32_seed42;static_gcn_50u_seed123;static_gcn_50u_seed123_final32,,unknown,false,low,
reports/experiment_registry/normalization_ablation_candidate_matrix.csv,report,normalization_ablation,debug_evolvegcn_h_50u_h32_dropout0_none_lr1e4;debug_evolvegcn_h_50u_h32_dropout0_zscore;debug_overfit_evolvegcn_h_50u_h32_dropout0;debug_overfit_static_gcn_50u_h32_dropout0;debug_static_gcn_50u_h32_dropout0_none_lr1e4;debug_static_gcn_50u_h32_dropout0_zscore;debug_summary_features_50u_minmax_seed42;debug_summary_features_50u_zscore_seed42;evolvegcn_h_500u_top500_h32_seed123_minmax;evolvegcn_h_500u_top500_h32_seed123_none;evolvegcn_h_500u_top500_h32_seed123_zscore;evolvegcn_h_500u_top500_h32_seed2025_minmax;evolvegcn_h_500u_top500_h32_seed2025_none;evolvegcn_h_500u_top500_h32_seed2025_zscore;evolvegcn_h_500u_top500_h32_seed42;evolvegcn_h_500u_top500_h32_seed42_hybrid_summary;evolvegcn_h_500u_top500_h32_seed42_hybrid_summary_norm;evolvegcn_h_500u_top500_h32_seed42_leakyrelu;evolvegcn_h_500u_top500_h32_seed42_linear_head;evolvegcn_h_500u_top500_h32_seed42_linear_head_targetnorm;evolvegcn_h_500u_top500_h32_seed42_meanmax;evolvegcn_h_500u_top500_h32_seed42_none_norm;evolvegcn_h_500u_top500_h32_seed42_zscore;evolvegcn_h_500u_top500_h32_seed777_minmax;evolvegcn_h_500u_top500_h32_seed777_none;evolvegcn_h_500u_top500_h32_seed777_zscore;evolvegcn_h_500u_top500_h32_seed999_minmax;evolvegcn_h_500u_top500_h32_seed999_none;evolvegcn_h_500u_top500_h32_seed999_zscore;static_gcn_500u_top500_final_snapshot_h32_seed123_minmax;static_gcn_500u_top500_final_snapshot_h32_seed123_none;static_gcn_500u_top500_final_snapshot_h32_seed123_zscore;static_gcn_500u_top500_final_snapshot_h32_seed2025_minmax;static_gcn_500u_top500_final_snapshot_h32_seed2025_none;static_gcn_500u_top500_final_snapshot_h32_seed2025_zscore;static_gcn_500u_top500_final_snapshot_h32_seed42_none;static_gcn_500u_top500_final_snapshot_h32_seed42_zscore;static_gcn_500u_top500_final_snapshot_h32_seed777_minmax;static_gcn_500u_top500_final_snapshot_h32_seed777_none;static_gcn_500u_top500_final_snapshot_h32_seed777_zscore;static_gcn_500u_top500_final_snapshot_h32_seed999_minmax;static_gcn_500u_top500_final_snapshot_h32_seed999_none;static_gcn_500u_top500_final_snapshot_h32_seed999_zscore;static_gcn_top500_final_snapshot_same_split_h32_seed42;summary_features_500u_minmax_seed42;summary_features_500u_none_top500_matched_seed42;summary_features_500u_zscore_seed42,,unknown,false,medium,
reports/experiment_registry/normalization_ablation_control_audit.md,report,normalization_ablation,,,unknown,false,medium,
reports/experiment_registry/normalization_ablation_family_summary.csv,report,normalization_ablation,,,unknown,false,medium,
reports/experiment_registry/normalization_ablation_final_verification.md,report,normalization_ablation,evolvegcn_h_500u_top500_h32_seed123_minmax;evolvegcn_h_500u_top500_h32_seed123_none;evolvegcn_h_500u_top500_h32_seed123_zscore;evolvegcn_h_500u_top500_h32_seed2025_minmax;evolvegcn_h_500u_top500_h32_seed2025_none;evolvegcn_h_500u_top500_h32_seed2025_zscore;evolvegcn_h_500u_top500_h32_seed42;evolvegcn_h_500u_top500_h32_seed42_none_norm;evolvegcn_h_500u_top500_h32_seed42_zscore;evolvegcn_h_500u_top500_h32_seed777_minmax;evolvegcn_h_500u_top500_h32_seed777_none;evolvegcn_h_500u_top500_h32_seed777_zscore;evolvegcn_h_500u_top500_h32_seed999_minmax;evolvegcn_h_500u_top500_h32_seed999_none;evolvegcn_h_500u_top500_h32_seed999_zscore;static_gcn_500u_top500_final_snapshot_h32_seed123_minmax;static_gcn_500u_top500_final_snapshot_h32_seed123_none;static_gcn_500u_top500_final_snapshot_h32_seed123_zscore;static_gcn_500u_top500_final_snapshot_h32_seed2025_minmax;static_gcn_500u_top500_final_snapshot_h32_seed2025_none;static_gcn_500u_top500_final_snapshot_h32_seed2025_zscore;static_gcn_500u_top500_final_snapshot_h32_seed42_none;static_gcn_500u_top500_final_snapshot_h32_seed42_zscore;static_gcn_500u_top500_final_snapshot_h32_seed777_minmax;static_gcn_500u_top500_final_snapshot_h32_seed777_none;static_gcn_500u_top500_final_snapshot_h32_seed777_zscore;static_gcn_500u_top500_final_snapshot_h32_seed999_minmax;static_gcn_500u_top500_final_snapshot_h32_seed999_none;static_gcn_500u_top500_final_snapshot_h32_seed999_zscore;static_gcn_top500_final_snapshot_same_split_h32_seed42,,unknown,false,medium,
reports/experiment_registry/normalization_ablation_missing_run_decisions.csv,report,normalization_ablation,,,unknown,false,medium,
reports/experiment_registry/normalization_ablation_reporting_plan.md,report,normalization_ablation,,,unknown,false,medium,
reports/experiment_registry/notebook16_execution_audit.json,report,other,,,unknown,false,low,
reports/experiment_registry/notebook16_temporal_architecture_outline.md,report,other,,,unknown,false,low,
reports/experiment_registry/pna_degree_histograms/u1000_top1500_k8_seed123_train700.json,report,other,,,unknown,false,low,
reports/experiment_registry/pna_degree_histograms/u1000_top1500_k8_seed2025_train700.json,report,other,,,unknown,false,low,
reports/experiment_registry/pna_degree_histograms/u1000_top1500_k8_seed42_train700.json,report,other,,,unknown,false,low,
reports/experiment_registry/professor_request_experiment_inventory.md,report,other,debug_evolvegcn_h_50u_h32_dropout0_none_lr1e4;debug_evolvegcn_h_50u_h32_dropout0_zscore;debug_mean_baseline_20u_seed42;debug_mean_baseline_50u_seed42;debug_overfit_evolvegcn_h_20u_h32_dropout0;debug_overfit_evolvegcn_h_50u_h32_dropout0;debug_overfit_static_gcn_20u_h32_dropout0;debug_overfit_static_gcn_50u_h32_dropout0;debug_static_gcn_50u_h32_dropout0_none_lr1e4;debug_static_gcn_50u_h32_dropout0_zscore;debug_summary_features_50u_minmax_seed42;debug_summary_features_50u_zscore_seed42;evolvegcn_h_100u_seed123;evolvegcn_h_100u_seed123_final32;evolvegcn_h_100u_seed42;evolvegcn_h_200u_seed123;evolvegcn_h_200u_seed123_final32;evolvegcn_h_20u_seed123;evolvegcn_h_20u_seed123_final32;evolvegcn_h_500u_k12_seed42;evolvegcn_h_500u_k4_seed42;evolvegcn_h_500u_k6_seed42;evolvegcn_h_500u_k8_h64_seed42;evolvegcn_h_500u_top200_h32_seed42;evolvegcn_h_500u_top500_h32_seed42;evolvegcn_h_500u_top500_h32_seed42_hybrid_summary;evolvegcn_h_500u_top500_h32_seed42_hybrid_summary_norm;evolvegcn_h_500u_top500_h32_seed42_meanmax;evolvegcn_h_500u_top500_h32_seed42_zscore;evolvegcn_h_500u_top500_h32_seed777_minmax;evolvegcn_h_500u_top500_h32_seed777_none;evolvegcn_h_50u_seed123;evolvegcn_h_750u_top1000_h32_seed123_none;evolvegcn_h_750u_top1000_h32_seed2025_none;evolvegcn_h_750u_top1000_h32_seed2025_none_linear_head;evolvegcn_h_750u_top1000_h32_seed2025_none_linear_head_meanmax;evolvegcn_h_750u_top1000_h32_seed777_none;evolvegcn_h_750u_top1000_h32_seed777_none_linear_head;evolvegcn_h_750u_top1000_h32_seed777_none_linear_head_temporal_last;evolvegcn_h_750u_top1000_h32_seed999_none;evolvegcn_h_750u_top1000_h32_seed999_none_linear_head;evolvegcn_h_u1000_top1500_sparse_train450_seed42_none_h32_l2_mean_temporal_mean_linear;evolvegcn_h_u1000_top1500_t1_ctxsuffix_sparse_train700_seed123_none_h32_l2_gmean_tmean_linear;evolvegcn_h_u1000_top1500_t2_ctxsuffix_sparse_train700_seed42_none_h32_l2_gmean_tlast_linear;evolvegcn_h_u1000_top1500_t2_ctxsuffix_sparse_train700_seed42_none_h32_l2_gmean_tmean_linear;evolvegcn_h_u1000_top1500_t3_ctxsuffix_sparse_train700_seed42_none_h32_l2_gmean_tmean_linear;evolvegcn_h_u1000_top1500_t4_ctxsuffix_sparse_train700_seed123_none_h32_l2_gmean_tmean_linear;evolvegcn_h_u1000_top1500_t5_ctxsuffix_sparse_train700_seed42_none_h32_l2_gmean_tlast_linear;evolvegcn_h_u1000_top2000_sparse_train700_seed123_none_h32_l2_mean_temporal_mean_linear;evolvegcn_h_u1000_top500_sparse_train700_seed42_none_h32_l2_mean_temporal_mean_linear,,unknown,false,low,
reports/experiment_registry/professor_table_blueprint.md,report,other,summary_features_500u_none_top500_matched_seed42,,unknown,false,low,
reports/experiment_registry/registry_build_metadata.json,report,other,,,unknown,false,low,
reports/experiment_registry/registry_validation_report.md,report,other,debug_evolvegcn_h_50u_h32_dropout0_none_lr1e4;debug_evolvegcn_h_50u_h32_dropout0_zscore;debug_overfit_evolvegcn_h_20u_h32_dropout0;debug_overfit_evolvegcn_h_50u_h32_dropout0;debug_overfit_static_gcn_20u_h32_dropout0;debug_overfit_static_gcn_50u_h32_dropout0;debug_static_gcn_50u_h32_dropout0_none_lr1e4;debug_static_gcn_50u_h32_dropout0_zscore;debug_summary_features_50u_minmax_seed42;debug_summary_features_50u_zscore_seed42;evolvegcn_h_100u_seed123;evolvegcn_h_100u_seed123_final32;evolvegcn_h_100u_seed2025;evolvegcn_h_100u_seed42;evolvegcn_h_20u_seed123;evolvegcn_h_20u_seed123_final32;evolvegcn_h_20u_seed2025;evolvegcn_h_20u_seed42;evolvegcn_h_500u_top500_h32_seed123_minmax;evolvegcn_h_500u_top500_h32_seed123_none;evolvegcn_h_500u_top500_h32_seed2025_minmax;evolvegcn_h_500u_top500_h32_seed2025_none;evolvegcn_h_500u_top500_h32_seed42;evolvegcn_h_500u_top500_h32_seed42_hybrid_summary;evolvegcn_h_500u_top500_h32_seed42_hybrid_summary_norm;evolvegcn_h_500u_top500_h32_seed42_leakyrelu;evolvegcn_h_500u_top500_h32_seed42_linear_head;evolvegcn_h_500u_top500_h32_seed42_linear_head_targetnorm;evolvegcn_h_500u_top500_h32_seed42_meanmax;evolvegcn_h_500u_top500_h32_seed42_none_norm;evolvegcn_h_500u_top500_h32_seed777_minmax;evolvegcn_h_500u_top500_h32_seed777_none;evolvegcn_h_500u_top500_h32_seed999_minmax;evolvegcn_h_500u_top500_h32_seed999_none;evolvegcn_h_50u_seed123;evolvegcn_h_50u_seed123_final32;evolvegcn_h_50u_seed2025;evolvegcn_h_50u_seed42;evolvegcn_h_750u_top1000_h32_seed123_none;evolvegcn_h_750u_top1000_h32_seed2025_none;evolvegcn_h_750u_top1000_h32_seed42_none;evolvegcn_h_750u_top1000_h32_seed42_none_mlp_relu_repeat;evolvegcn_h_750u_top1000_h32_seed777_none;evolvegcn_h_750u_top1000_h32_seed999_none;evolvegcn_h_u100_top100_norm-minmax_h32_l2_gpool-mean_tpool-mean_head-mlp_canonical300_seed2025;evolvegcn_h_u100_top100_norm-minmax_h32_l2_gpool-mean_tpool-mean_head-mlp_canonical300_seed42;evolvegcn_h_u20_top100_norm-minmax_h32_l2_gpool-mean_tpool-mean_head-mlp_canonical300_seed2025;evolvegcn_h_u20_top100_norm-minmax_h32_l2_gpool-mean_tpool-mean_head-mlp_canonical300_seed42;evolvegcn_h_u500_top100_norm-minmax_k6_h32_l2_factorial_seed42;evolvegcn_h_u500_top100_norm-minmax_k6_h32_l2_factorial_seed42__interrupted_epoch7_20260730T061044Z,,unknown,false,low,
reports/experiment_registry/regression_head_ablation_candidate_matrix.csv,report,head_ablation,evolvegcn_h_500u_top500_h32_seed123_minmax;evolvegcn_h_500u_top500_h32_seed2025_minmax;evolvegcn_h_500u_top500_h32_seed42;evolvegcn_h_500u_top500_h32_seed42_hybrid_summary;evolvegcn_h_500u_top500_h32_seed42_hybrid_summary_norm;evolvegcn_h_500u_top500_h32_seed42_leakyrelu;evolvegcn_h_500u_top500_h32_seed42_linear_head;evolvegcn_h_500u_top500_h32_seed42_linear_head_targetnorm;evolvegcn_h_500u_top500_h32_seed42_meanmax;evolvegcn_h_500u_top500_h32_seed777_minmax;evolvegcn_h_500u_top500_h32_seed999_minmax;evolvegcn_h_750u_top1000_h32_seed123_none;evolvegcn_h_750u_top1000_h32_seed123_none_linear_head;evolvegcn_h_750u_top1000_h32_seed123_none_linear_head_meanmax;evolvegcn_h_750u_top1000_h32_seed123_none_linear_head_temporal_last;evolvegcn_h_750u_top1000_h32_seed2025_none;evolvegcn_h_750u_top1000_h32_seed2025_none_linear_head;evolvegcn_h_750u_top1000_h32_seed2025_none_linear_head_meanmax;evolvegcn_h_750u_top1000_h32_seed2025_none_linear_head_temporal_last;evolvegcn_h_750u_top1000_h32_seed42_none;evolvegcn_h_750u_top1000_h32_seed42_none_linear_head;evolvegcn_h_750u_top1000_h32_seed42_none_linear_head_meanmax;evolvegcn_h_750u_top1000_h32_seed42_none_linear_head_temporal_last;evolvegcn_h_750u_top1000_h32_seed42_none_mlp_relu_repeat;evolvegcn_h_750u_top1000_h32_seed777_none;evolvegcn_h_750u_top1000_h32_seed777_none_linear_head;evolvegcn_h_750u_top1000_h32_seed777_none_linear_head_meanmax;evolvegcn_h_750u_top1000_h32_seed777_none_linear_head_temporal_last;evolvegcn_h_750u_top1000_h32_seed999_none;evolvegcn_h_750u_top1000_h32_seed999_none_linear_head;evolvegcn_h_750u_top1000_h32_seed999_none_linear_head_meanmax;evolvegcn_h_750u_top1000_h32_seed999_none_linear_head_temporal_last;static_gcn_500u_top500_final_snapshot_h32_seed123_minmax;static_gcn_500u_top500_final_snapshot_h32_seed2025_minmax;static_gcn_500u_top500_final_snapshot_h32_seed777_minmax;static_gcn_500u_top500_final_snapshot_h32_seed999_minmax;static_gcn_top500_final_snapshot_same_split_h32_seed42;static_graphsage_500u_top500_final_snapshot_h32_seed42,,unknown,false,medium,
reports/experiment_registry/regression_head_ablation_control_audit.md,report,head_ablation,evolvegcn_h_750u_top1000_h32_seed123_none;evolvegcn_h_750u_top1000_h32_seed123_none_linear_head;evolvegcn_h_750u_top1000_h32_seed2025_none;evolvegcn_h_750u_top1000_h32_seed2025_none_linear_head;evolvegcn_h_750u_top1000_h32_seed42_none;evolvegcn_h_750u_top1000_h32_seed42_none_linear_head;evolvegcn_h_750u_top1000_h32_seed42_none_mlp_relu_repeat;evolvegcn_h_750u_top1000_h32_seed777_none;evolvegcn_h_750u_top1000_h32_seed777_none_linear_head;evolvegcn_h_750u_top1000_h32_seed999_none;evolvegcn_h_750u_top1000_h32_seed999_none_linear_head,,unknown,false,medium,
reports/experiment_registry/regression_head_ablation_family_summary.csv,report,head_ablation,,,unknown,false,medium,
reports/experiment_registry/regression_head_ablation_final_verification.md,report,head_ablation,evolvegcn_h_750u_top1000_h32_seed123_none;evolvegcn_h_750u_top1000_h32_seed123_none_linear_head;evolvegcn_h_750u_top1000_h32_seed2025_none;evolvegcn_h_750u_top1000_h32_seed2025_none_linear_head;evolvegcn_h_750u_top1000_h32_seed42_none;evolvegcn_h_750u_top1000_h32_seed42_none_linear_head;evolvegcn_h_750u_top1000_h32_seed777_none;evolvegcn_h_750u_top1000_h32_seed777_none_linear_head;evolvegcn_h_750u_top1000_h32_seed999_none;evolvegcn_h_750u_top1000_h32_seed999_none_linear_head,,unknown,false,medium,
reports/experiment_registry/regression_head_ablation_missing_run_decisions.csv,report,head_ablation,,,unknown,false,medium,
reports/experiment_registry/regression_head_ablation_reporting_plan.md,report,head_ablation,,,unknown,false,medium,
reports/experiment_registry/regression_head_implementation_audit.md,report,other,,,unknown,false,low,
reports/experiment_registry/source_code_provenance_audit.md,report,other,static_graphsage_500u_top500_final_snapshot_h32_seed42,,unknown,false,low,
reports/experiment_registry/sparse_u1000_compatibility_matrix.csv,report,other,,,unknown,false,low,
reports/experiment_registry/sparse_u1000_equivalence_test_report.md,report,other,,,unknown,false,low,
reports/experiment_registry/sparse_u1000_final_build_reauthorization.md,report,other,,,unknown,false,low,
reports/experiment_registry/sparse_u1000_integrity_hardening_audit.md,report,other,,,unknown,false,low,
reports/experiment_registry/sparse_u1000_integrity_regression_report.md,report,other,,,unknown,false,low,
reports/experiment_registry/sparse_u1000_production_readiness_decision.md,report,other,,,unknown,false,low,
reports/experiment_registry/sparse_u1000_refactor_control_audit.md,report,other,,,unknown,false,low,
reports/experiment_registry/sparse_u1000_refactor_file_plan.csv,report,other,,,unknown,false,low,
reports/experiment_registry/sparse_u1000_risk_register.csv,report,other,,,unknown,false,low,
reports/experiment_registry/sparse_u1000_schema_specification.md,report,other,,,unknown,false,low,
reports/experiment_registry/sparse_u1000_seed_binding_test_report.md,report,other,,,unknown,false,low,
reports/experiment_registry/sparse_u1000_smoke_build_report.md,report,other,,,unknown,false,low,
reports/experiment_registry/sparse_u1000_source_hash_benchmark.csv,report,other,,,unknown,false,low,
reports/experiment_registry/sparse_u1000_source_manifest_schema.md,report,other,,,unknown,false,low,
reports/experiment_registry/static_gcn_graph_protocol_comparison.md,report,graph_validation,,,unknown,false,medium,
reports/experiment_registry/static_gcn_universe_scaling_audit.md,report,other,static_gcn_100u_seed123;static_gcn_100u_seed123_final32;static_gcn_200u_seed123;static_gcn_200u_seed123_final32;static_gcn_200u_seed2025;static_gcn_200u_seed2025_final32;static_gcn_200u_seed42;static_gcn_200u_seed42_final32;static_gcn_20u_seed123;static_gcn_20u_seed123_final32;static_gcn_50u_seed123;static_gcn_50u_seed123_final32,,unknown,false,low,
reports/experiment_registry/static_gcn_universe_scaling_candidate_matrix.csv,report,other,static_gcn_100u_seed123;static_gcn_100u_seed123_final32;static_gcn_100u_seed2025;static_gcn_100u_seed42;static_gcn_200u_seed123;static_gcn_200u_seed123_final32;static_gcn_200u_seed2025;static_gcn_200u_seed2025_final32;static_gcn_200u_seed42;static_gcn_200u_seed42_final32;static_gcn_20u_seed123;static_gcn_20u_seed123_final32;static_gcn_20u_seed2025;static_gcn_20u_seed42;static_gcn_500u_seed123_final32;static_gcn_500u_seed2025_final32;static_gcn_500u_seed42_final32;static_gcn_50u_seed123;static_gcn_50u_seed123_final32;static_gcn_50u_seed2025;static_gcn_50u_seed42,,unknown,false,low,
reports/experiment_registry/static_gcn_universe_scaling_missing_runs.csv,report,other,static_gcn_100u_seed2025;static_gcn_100u_seed42;static_gcn_20u_seed2025;static_gcn_20u_seed42;static_gcn_500u_seed123_final32;static_gcn_500u_seed2025_final32;static_gcn_500u_seed42_final32;static_gcn_50u_seed2025;static_gcn_50u_seed42,,unknown,false,low,
reports/experiment_registry/thesis_completion_blueprint.md,report,other,,,unknown,false,low,
reports/experiment_registry/thesis_final_selection.csv,report,other,,,unknown,false,low,
reports/experiment_registry/thesis_seed_completion_plan.md,report,other,evolvegcn_h_100u_seed123;evolvegcn_h_100u_seed123_final32;evolvegcn_h_100u_seed2025;evolvegcn_h_100u_seed42;evolvegcn_h_20u_seed123;evolvegcn_h_20u_seed123_final32;evolvegcn_h_20u_seed2025;evolvegcn_h_20u_seed42;evolvegcn_h_50u_seed123;evolvegcn_h_50u_seed123_final32;evolvegcn_h_50u_seed2025;evolvegcn_h_50u_seed42;evolvegcn_h_750u_top1000_h32_seed123_none;evolvegcn_h_750u_top1000_h32_seed123_none_linear_head;evolvegcn_h_750u_top1000_h32_seed123_none_linear_head_temporal_last;evolvegcn_h_750u_top1000_h32_seed2025_none;evolvegcn_h_750u_top1000_h32_seed2025_none_linear_head;evolvegcn_h_750u_top1000_h32_seed2025_none_linear_head_temporal_last;evolvegcn_h_750u_top1000_h32_seed42_none;evolvegcn_h_750u_top1000_h32_seed42_none_linear_head;evolvegcn_h_750u_top1000_h32_seed42_none_linear_head_temporal_last;evolvegcn_h_750u_top1000_h32_seed42_none_mlp_relu_repeat;evolvegcn_h_750u_top1000_h32_seed777_none;evolvegcn_h_750u_top1000_h32_seed777_none_linear_head;evolvegcn_h_750u_top1000_h32_seed777_none_linear_head_temporal_last;evolvegcn_h_750u_top1000_h32_seed999_none;evolvegcn_h_750u_top1000_h32_seed999_none_linear_head;evolvegcn_h_750u_top1000_h32_seed999_none_linear_head_temporal_last;static_gcn_100u_seed123;static_gcn_100u_seed123_final32;static_gcn_100u_seed2025;static_gcn_100u_seed42;static_gcn_20u_seed123;static_gcn_20u_seed123_final32;static_gcn_20u_seed2025;static_gcn_20u_seed42;static_gcn_50u_seed123;static_gcn_50u_seed123_final32;static_gcn_50u_seed2025;static_gcn_50u_seed42,,unknown,false,low,
reports/experiment_registry/topn_halo_scaling_candidate_matrix.csv,report,other,debug_evolvegcn_h_50u_h32_dropout0_none_lr1e4;debug_evolvegcn_h_50u_h32_dropout0_zscore;debug_overfit_evolvegcn_h_20u_h32_dropout0;debug_overfit_evolvegcn_h_50u_h32_dropout0;debug_overfit_static_gcn_20u_h32_dropout0;debug_overfit_static_gcn_50u_h32_dropout0;debug_static_gcn_50u_h32_dropout0_none_lr1e4;debug_static_gcn_50u_h32_dropout0_zscore;evolvegcn_h_100u_seed123;evolvegcn_h_100u_seed123_final32;evolvegcn_h_100u_seed2025;evolvegcn_h_100u_seed42;evolvegcn_h_200u_seed123;evolvegcn_h_200u_seed123_final32;evolvegcn_h_200u_seed2025;evolvegcn_h_200u_seed2025_final32;evolvegcn_h_200u_seed42;evolvegcn_h_200u_seed42_final32;evolvegcn_h_20u_seed123;evolvegcn_h_20u_seed123_final32;evolvegcn_h_20u_seed2025;evolvegcn_h_20u_seed42;evolvegcn_h_500u_k12_seed123;evolvegcn_h_500u_k12_seed2025;evolvegcn_h_500u_k12_seed42;evolvegcn_h_500u_k4_seed123;evolvegcn_h_500u_k4_seed2025;evolvegcn_h_500u_k4_seed42;evolvegcn_h_500u_k6_seed123;evolvegcn_h_500u_k6_seed2025;evolvegcn_h_500u_k6_seed42;evolvegcn_h_500u_k8_h64_seed123;evolvegcn_h_500u_k8_h64_seed2025;evolvegcn_h_500u_k8_h64_seed42;evolvegcn_h_500u_seed123_final32;evolvegcn_h_500u_seed2025_final32;evolvegcn_h_500u_seed42_final32;evolvegcn_h_500u_top200_h32_seed123;evolvegcn_h_500u_top200_h32_seed2025;evolvegcn_h_500u_top200_h32_seed42;evolvegcn_h_500u_top500_h32_seed123_minmax;evolvegcn_h_500u_top500_h32_seed123_none;evolvegcn_h_500u_top500_h32_seed123_zscore;evolvegcn_h_500u_top500_h32_seed2025_minmax;evolvegcn_h_500u_top500_h32_seed2025_none;evolvegcn_h_500u_top500_h32_seed2025_zscore;evolvegcn_h_500u_top500_h32_seed42;evolvegcn_h_500u_top500_h32_seed42_hybrid_summary;evolvegcn_h_500u_top500_h32_seed42_hybrid_summary_norm;evolvegcn_h_500u_top500_h32_seed42_leakyrelu,,unknown,false,low,
reports/experiment_registry/topn_halo_scaling_control_audit.md,report,other,,,unknown,false,low,
reports/experiment_registry/topn_halo_scaling_dataset_matrix.csv,report,other,,,unknown,false,low,
reports/experiment_registry/topn_halo_scaling_family_summary.csv,report,other,,,unknown,false,low,
reports/experiment_registry/topn_halo_scaling_final_verification.md,report,other,evolvegcn_h_500u_seed123_final32;evolvegcn_h_500u_seed2025_final32;evolvegcn_h_500u_seed42_final32;evolvegcn_h_500u_top200_h32_seed123;evolvegcn_h_500u_top200_h32_seed2025;evolvegcn_h_500u_top200_h32_seed42;evolvegcn_h_500u_top500_h32_seed123_minmax;evolvegcn_h_500u_top500_h32_seed2025_minmax;evolvegcn_h_500u_top500_h32_seed42;static_gcn_500u_top200_h32_seed123;static_gcn_500u_top200_h32_seed2025;static_gcn_500u_top200_h32_seed42;static_gcn_500u_top500_final_snapshot_h32_seed123_minmax;static_gcn_500u_top500_final_snapshot_h32_seed2025_minmax;static_gcn_top500_final_snapshot_same_split_h32_seed42;static_gcn_u500_top100_norm-minmax_k8_h32_l3_gpool-mean_conv-gcn_batch8_factorial_seed123;static_gcn_u500_top100_norm-minmax_k8_h32_l3_gpool-mean_conv-gcn_batch8_factorial_seed2025;static_gcn_u500_top100_norm-minmax_k8_h32_l3_gpool-mean_conv-gcn_batch8_factorial_seed42,,unknown,false,low,
reports/experiment_registry/topn_halo_scaling_missing_run_decisions.csv,report,other,,,unknown,false,low,
reports/experiment_registry/topn_halo_scaling_reporting_plan.md,report,other,,,unknown,false,low,
reports/experiment_registry/topn_halo_scaling_resource_audit.csv,report,other,debug_evolvegcn_h_50u_h32_dropout0_none_lr1e4;debug_evolvegcn_h_50u_h32_dropout0_zscore;debug_overfit_evolvegcn_h_20u_h32_dropout0;debug_overfit_evolvegcn_h_50u_h32_dropout0;debug_overfit_static_gcn_20u_h32_dropout0;debug_overfit_static_gcn_50u_h32_dropout0;debug_static_gcn_50u_h32_dropout0_none_lr1e4;debug_static_gcn_50u_h32_dropout0_zscore;evolvegcn_h_100u_seed123;evolvegcn_h_100u_seed123_final32;evolvegcn_h_100u_seed2025;evolvegcn_h_100u_seed42;evolvegcn_h_200u_seed123;evolvegcn_h_200u_seed123_final32;evolvegcn_h_200u_seed2025;evolvegcn_h_200u_seed2025_final32;evolvegcn_h_200u_seed42;evolvegcn_h_200u_seed42_final32;evolvegcn_h_20u_seed123;evolvegcn_h_20u_seed123_final32;evolvegcn_h_20u_seed2025;evolvegcn_h_20u_seed42;evolvegcn_h_500u_k12_seed123;evolvegcn_h_500u_k12_seed2025;evolvegcn_h_500u_k12_seed42;evolvegcn_h_500u_k4_seed123;evolvegcn_h_500u_k4_seed2025;evolvegcn_h_500u_k4_seed42;evolvegcn_h_500u_k6_seed123;evolvegcn_h_500u_k6_seed2025;evolvegcn_h_500u_k6_seed42;evolvegcn_h_500u_k8_h64_seed123;evolvegcn_h_500u_k8_h64_seed2025;evolvegcn_h_500u_k8_h64_seed42;evolvegcn_h_500u_seed123_final32;evolvegcn_h_500u_seed2025_final32;evolvegcn_h_500u_seed42_final32;evolvegcn_h_500u_top200_h32_seed123;evolvegcn_h_500u_top200_h32_seed2025;evolvegcn_h_500u_top200_h32_seed42;evolvegcn_h_500u_top500_h32_seed123_minmax;evolvegcn_h_500u_top500_h32_seed123_none;evolvegcn_h_500u_top500_h32_seed123_zscore;evolvegcn_h_500u_top500_h32_seed2025_minmax;evolvegcn_h_500u_top500_h32_seed2025_none;evolvegcn_h_500u_top500_h32_seed2025_zscore;evolvegcn_h_500u_top500_h32_seed42;evolvegcn_h_500u_top500_h32_seed42_hybrid_summary;evolvegcn_h_500u_top500_h32_seed42_hybrid_summary_norm;evolvegcn_h_500u_top500_h32_seed42_leakyrelu,,unknown,false,low,
reports/experiment_registry/topn_halo_selection_implementation_audit.md,report,other,,,unknown,false,low,
reports/experiment_registry/u1000_target_table_750_overlap_validation.csv,report,other,,,unknown,false,low,
reports/experiment_registry/u1000_target_table_creation_audit.md,report,other,,,unknown,false,low,
reports/experiment_registry/u1000_target_table_production_readiness.md,report,other,,,unknown,false,low,
reports/experiment_registry/u1000_target_table_snapshot_consistency.csv,report,other,,,unknown,false,low,
reports/experiment_registry/u1000_target_table_statistics.csv,report,other,,,unknown,false,low,
reports/experiment_registry/u1000_top1000_build_and_validation_plan.md,report,other,,,unknown,false,low,
reports/experiment_registry/u1000_top1000_cuda_batch_feasibility.csv,report,other,,,unknown,false,low,
reports/experiment_registry/u1000_top1000_cuda_pilot_audit.md,report,other,,,unknown,false,low,
reports/experiment_registry/u1000_top1000_cuda_pilot_metrics.csv,report,other,,,unknown,false,low,
reports/experiment_registry/u1000_top1000_cuda_pilot_production_readiness.md,report,other,,,unknown,false,low,
reports/experiment_registry/u1000_top1000_existing_run_reuse_matrix.csv,report,other,evolvegcn_h_750u_top1000_h32_seed123_none;evolvegcn_h_750u_top1000_h32_seed123_none_linear_head;evolvegcn_h_750u_top1000_h32_seed123_none_linear_head_meanmax;evolvegcn_h_750u_top1000_h32_seed123_none_linear_head_temporal_last;evolvegcn_h_750u_top1000_h32_seed2025_none;evolvegcn_h_750u_top1000_h32_seed2025_none_linear_head;evolvegcn_h_750u_top1000_h32_seed2025_none_linear_head_meanmax;evolvegcn_h_750u_top1000_h32_seed2025_none_linear_head_temporal_last;evolvegcn_h_750u_top1000_h32_seed42_none;evolvegcn_h_750u_top1000_h32_seed42_none_linear_head;evolvegcn_h_750u_top1000_h32_seed42_none_linear_head_meanmax;evolvegcn_h_750u_top1000_h32_seed42_none_linear_head_temporal_last;evolvegcn_h_750u_top1000_h32_seed42_none_mlp_relu_repeat;evolvegcn_h_750u_top1000_h32_seed777_none;evolvegcn_h_750u_top1000_h32_seed777_none_linear_head;evolvegcn_h_750u_top1000_h32_seed777_none_linear_head_meanmax;evolvegcn_h_750u_top1000_h32_seed777_none_linear_head_temporal_last;evolvegcn_h_750u_top1000_h32_seed999_none;evolvegcn_h_750u_top1000_h32_seed999_none_linear_head;evolvegcn_h_750u_top1000_h32_seed999_none_linear_head_meanmax;evolvegcn_h_750u_top1000_h32_seed999_none_linear_head_temporal_last,,unknown,false,low,
reports/experiment_registry/u1000_top1000_final_mean_std_metrics.csv,report,other,,,unknown,false,low,
reports/experiment_registry/u1000_top1000_final_per_run_metrics.csv,report,other,,,unknown,false,low,
reports/experiment_registry/u1000_top1000_final_production_build_decision.md,report,other,,,unknown,false,low,
reports/experiment_registry/u1000_top1000_go_no_go_decision.md,report,other,,,unknown,false,low,
reports/experiment_registry/u1000_top1000_halo_count_feasibility.csv,report,other,,,unknown,false,low,
reports/experiment_registry/u1000_top1000_nested_split_manifest_creation_audit.md,report,other,,,unknown,false,low,
reports/experiment_registry/u1000_top1000_nested_split_manifest_summary.csv,report,other,,,unknown,false,low,
reports/experiment_registry/u1000_top1000_nested_split_manifest_validation.csv,report,other,,,unknown,false,low,
reports/experiment_registry/u1000_top1000_nested_training_subset_plan.csv,report,other,,,unknown,false,low,
reports/experiment_registry/u1000_top1000_notebook11_creation_audit.md,report,other,,,unknown,false,low,
reports/experiment_registry/u1000_top1000_planned_experiment_matrix.csv,report,other,evolvegcn_h_750u_top1000_h32_seed123_none;evolvegcn_h_750u_top1000_h32_seed123_none_linear_head;evolvegcn_h_750u_top1000_h32_seed2025_none;evolvegcn_h_750u_top1000_h32_seed2025_none_linear_head;evolvegcn_h_750u_top1000_h32_seed42_none;evolvegcn_h_750u_top1000_h32_seed42_none_linear_head,,unknown,false,low,
reports/experiment_registry/u1000_top1000_population_and_role_plan.csv,report,other,,,unknown,false,low,
reports/experiment_registry/u1000_top1000_post_sparse_build_gate_audit.md,report,other,,,unknown,false,low,
reports/experiment_registry/u1000_top1000_post_sparse_code_path_matrix.csv,report,other,,,unknown,false,low,
reports/experiment_registry/u1000_top1000_post_sparse_risk_register.csv,report,other,,,unknown,false,low,
reports/experiment_registry/u1000_top1000_postbuild_metadata_consistency_audit.md,report,other,,,unknown,false,low,
reports/experiment_registry/u1000_top1000_postbuild_metadata_field_matrix.csv,report,other,,,unknown,false,low,
reports/experiment_registry/u1000_top1000_prebuild_control_audit.md,report,other,,,unknown,false,low,
reports/experiment_registry/u1000_top1000_production_build_execution_guide.md,report,other,,,unknown,false,low,
reports/experiment_registry/u1000_top1000_proposed_production_build_command.md,report,other,,,unknown,false,low,
reports/experiment_registry/u1000_top1000_raw_data_completeness.csv,report,other,,,unknown,false,low,
reports/experiment_registry/u1000_top1000_risk_register.csv,report,other,,,unknown,false,low,
reports/experiment_registry/u1000_top1000_sorted_predictions/evolvegcn_h_train700_seed123_sorted.csv,report,other,,,unknown,false,low,
reports/experiment_registry/u1000_top1000_sorted_predictions/evolvegcn_h_train700_seed2025_sorted.csv,report,other,,,unknown,false,low,
reports/experiment_registry/u1000_top1000_sorted_predictions/evolvegcn_h_train700_seed42_sorted.csv,report,other,,,unknown,false,low,
reports/experiment_registry/u1000_top1000_sorted_predictions/static_gcn_train700_seed123_sorted.csv,report,other,,,unknown,false,low,
reports/experiment_registry/u1000_top1000_sorted_predictions/static_gcn_train700_seed2025_sorted.csv,report,other,,,unknown,false,low,
reports/experiment_registry/u1000_top1000_sorted_predictions/static_gcn_train700_seed42_sorted.csv,report,other,,,unknown,false,low,
reports/experiment_registry/u1000_top1000_sorted_predictions/train100_seed123_sorted_predictions.csv,report,other,,,unknown,false,low,
reports/experiment_registry/u1000_top1000_sorted_predictions/train100_seed2025_sorted_predictions.csv,report,other,,,unknown,false,low,
reports/experiment_registry/u1000_top1000_sorted_predictions/train100_seed42_sorted_predictions.csv,report,other,,,unknown,false,low,
reports/experiment_registry/u1000_top1000_sorted_predictions/train200_seed123_sorted_predictions.csv,report,other,,,unknown,false,low,
reports/experiment_registry/u1000_top1000_sorted_predictions/train200_seed2025_sorted_predictions.csv,report,other,,,unknown,false,low,
reports/experiment_registry/u1000_top1000_sorted_predictions/train200_seed42_sorted_predictions.csv,report,other,,,unknown,false,low,
reports/experiment_registry/u1000_top1000_sorted_predictions/train20_seed123_sorted_predictions.csv,report,other,,,unknown,false,low,
reports/experiment_registry/u1000_top1000_sorted_predictions/train20_seed2025_sorted_predictions.csv,report,other,,,unknown,false,low,
reports/experiment_registry/u1000_top1000_sorted_predictions/train20_seed42_sorted_predictions.csv,report,other,,,unknown,false,low,
reports/experiment_registry/u1000_top1000_sorted_predictions/train450_seed123_sorted_predictions.csv,report,other,,,unknown,false,low,
reports/experiment_registry/u1000_top1000_sorted_predictions/train450_seed2025_sorted_predictions.csv,report,other,,,unknown,false,low,
reports/experiment_registry/u1000_top1000_sorted_predictions/train450_seed42_sorted_predictions.csv,report,other,,,unknown,false,low,
reports/experiment_registry/u1000_top1000_sorted_predictions/train50_seed123_sorted_predictions.csv,report,other,,,unknown,false,low,
reports/experiment_registry/u1000_top1000_sorted_predictions/train50_seed2025_sorted_predictions.csv,report,other,,,unknown,false,low,
reports/experiment_registry/u1000_top1000_sorted_predictions/train50_seed42_sorted_predictions.csv,report,other,,,unknown,false,low,
reports/experiment_registry/u1000_top1000_sorted_predictions/train700_seed123_sorted_predictions.csv,report,other,,,unknown,false,low,
reports/experiment_registry/u1000_top1000_sorted_predictions/train700_seed2025_sorted_predictions.csv,report,other,,,unknown,false,low,
reports/experiment_registry/u1000_top1000_sorted_predictions/train700_seed42_sorted_predictions.csv,report,other,,,unknown,false,low,
reports/experiment_registry/u1000_top1000_source_manifest_policy_review.md,report,other,,,unknown,false,low,
reports/experiment_registry/u1000_top1000_sparse_realdata_benchmark.csv,report,other,,,unknown,false,low,
reports/experiment_registry/u1000_top1000_sparse_storage_runtime_projection.md,report,other,,,unknown,false,low,
reports/experiment_registry/u1000_top1000_split_manifest_inventory.json,report,other,,,unknown,false,low,
reports/experiment_registry/u1000_top1000_split_manifest_production_readiness.md,report,other,,,unknown,false,low,
reports/experiment_registry/u1000_top1000_split_target_distribution_summary.csv,report,other,,,unknown,false,low,
reports/experiment_registry/u1000_top1000_static_reuse_audit.md,report,other,,,unknown,false,low,
reports/experiment_registry/u1000_top1000_static_vs_evolve_paired_comparison.csv,report,other,,,unknown,false,low,
reports/experiment_registry/u1000_top1000_storage_compute_audit.md,report,other,,,unknown,false,low,
reports/experiment_registry/u1000_top1000_train450_vs_train700_comparison.csv,report,other,,,unknown,false,low,
reports/experiment_registry/u1000_top1000_training_authorization_decision.md,report,other,,,unknown,false,low,
reports/experiment_registry/u1000_top1000_training_scaling_all_runs.csv,report,other,evolvegcn_h_u1000_top1000_sparse_train100_seed123_none_h32_l2_mean_temporal_mean_linear;evolvegcn_h_u1000_top1000_sparse_train100_seed2025_none_h32_l2_mean_temporal_mean_linear;evolvegcn_h_u1000_top1000_sparse_train100_seed42_none_h32_l2_mean_temporal_mean_linear;evolvegcn_h_u1000_top1000_sparse_train200_seed123_none_h32_l2_mean_temporal_mean_linear;evolvegcn_h_u1000_top1000_sparse_train200_seed2025_none_h32_l2_mean_temporal_mean_linear;evolvegcn_h_u1000_top1000_sparse_train200_seed42_none_h32_l2_mean_temporal_mean_linear;evolvegcn_h_u1000_top1000_sparse_train20_seed123_none_h32_l2_mean_temporal_mean_linear;evolvegcn_h_u1000_top1000_sparse_train20_seed2025_none_h32_l2_mean_temporal_mean_linear;evolvegcn_h_u1000_top1000_sparse_train20_seed42_none_h32_l2_mean_temporal_mean_linear;evolvegcn_h_u1000_top1000_sparse_train450_seed123_none_h32_l2_mean_temporal_mean_linear;evolvegcn_h_u1000_top1000_sparse_train450_seed2025_none_h32_l2_mean_temporal_mean_linear;evolvegcn_h_u1000_top1000_sparse_train450_seed42_none_h32_l2_mean_temporal_mean_linear;evolvegcn_h_u1000_top1000_sparse_train50_seed123_none_h32_l2_mean_temporal_mean_linear;evolvegcn_h_u1000_top1000_sparse_train50_seed2025_none_h32_l2_mean_temporal_mean_linear;evolvegcn_h_u1000_top1000_sparse_train50_seed42_none_h32_l2_mean_temporal_mean_linear;evolvegcn_h_u1000_top1000_sparse_train700_seed123_none_h32_l2_mean_temporal_mean_linear;evolvegcn_h_u1000_top1000_sparse_train700_seed2025_none_h32_l2_mean_temporal_mean_linear;evolvegcn_h_u1000_top1000_sparse_train700_seed42_none_h32_l2_mean_temporal_mean_linear;static_gcn_u1000_top1000_sparse_train100_seed123_none_h32_l3_mean_mlp_final;static_gcn_u1000_top1000_sparse_train100_seed2025_none_h32_l3_mean_mlp_final;static_gcn_u1000_top1000_sparse_train100_seed42_none_h32_l3_mean_mlp_final;static_gcn_u1000_top1000_sparse_train200_seed123_none_h32_l3_mean_mlp_final;static_gcn_u1000_top1000_sparse_train200_seed2025_none_h32_l3_mean_mlp_final;static_gcn_u1000_top1000_sparse_train200_seed42_none_h32_l3_mean_mlp_final;static_gcn_u1000_top1000_sparse_train20_seed123_none_h32_l3_mean_mlp_final;static_gcn_u1000_top1000_sparse_train20_seed2025_none_h32_l3_mean_mlp_final;static_gcn_u1000_top1000_sparse_train20_seed42_none_h32_l3_mean_mlp_final;static_gcn_u1000_top1000_sparse_train450_seed123_none_h32_l3_mean_mlp_final;static_gcn_u1000_top1000_sparse_train450_seed2025_none_h32_l3_mean_mlp_final;static_gcn_u1000_top1000_sparse_train450_seed42_none_h32_l3_mean_mlp_final;static_gcn_u1000_top1000_sparse_train50_seed123_none_h32_l3_mean_mlp_final;static_gcn_u1000_top1000_sparse_train50_seed2025_none_h32_l3_mean_mlp_final;static_gcn_u1000_top1000_sparse_train50_seed42_none_h32_l3_mean_mlp_final;static_gcn_u1000_top1000_sparse_train700_seed123_none_h32_l3_mean_mlp_final;static_gcn_u1000_top1000_sparse_train700_seed2025_none_h32_l3_mean_mlp_final;static_gcn_u1000_top1000_sparse_train700_seed42_none_h32_l3_mean_mlp_final,,unknown,false,low,
reports/experiment_registry/u1000_top1000_training_scaling_compact_comparison.csv,report,other,,,unknown,false,low,
reports/experiment_registry/u1000_top1000_training_scaling_compact_comparison.md,report,other,,,unknown,false,low,
reports/experiment_registry/u1000_top1000_training_scaling_final_audit.md,report,other,,,unknown,false,low,
reports/experiment_registry/u1000_top1000_training_scaling_matrix_inventory.csv,report,other,evolvegcn_h_u1000_top1000_sparse_train100_seed123_none_h32_l2_mean_temporal_mean_linear;evolvegcn_h_u1000_top1000_sparse_train100_seed2025_none_h32_l2_mean_temporal_mean_linear;evolvegcn_h_u1000_top1000_sparse_train100_seed42_none_h32_l2_mean_temporal_mean_linear;evolvegcn_h_u1000_top1000_sparse_train200_seed123_none_h32_l2_mean_temporal_mean_linear;evolvegcn_h_u1000_top1000_sparse_train200_seed2025_none_h32_l2_mean_temporal_mean_linear;evolvegcn_h_u1000_top1000_sparse_train200_seed42_none_h32_l2_mean_temporal_mean_linear;evolvegcn_h_u1000_top1000_sparse_train20_seed123_none_h32_l2_mean_temporal_mean_linear;evolvegcn_h_u1000_top1000_sparse_train20_seed2025_none_h32_l2_mean_temporal_mean_linear;evolvegcn_h_u1000_top1000_sparse_train20_seed42_none_h32_l2_mean_temporal_mean_linear;evolvegcn_h_u1000_top1000_sparse_train450_seed123_none_h32_l2_mean_temporal_mean_linear;evolvegcn_h_u1000_top1000_sparse_train450_seed2025_none_h32_l2_mean_temporal_mean_linear;evolvegcn_h_u1000_top1000_sparse_train450_seed42_none_h32_l2_mean_temporal_mean_linear;evolvegcn_h_u1000_top1000_sparse_train50_seed123_none_h32_l2_mean_temporal_mean_linear;evolvegcn_h_u1000_top1000_sparse_train50_seed2025_none_h32_l2_mean_temporal_mean_linear;evolvegcn_h_u1000_top1000_sparse_train50_seed42_none_h32_l2_mean_temporal_mean_linear;evolvegcn_h_u1000_top1000_sparse_train700_seed123_none_h32_l2_mean_temporal_mean_linear;evolvegcn_h_u1000_top1000_sparse_train700_seed2025_none_h32_l2_mean_temporal_mean_linear;evolvegcn_h_u1000_top1000_sparse_train700_seed42_none_h32_l2_mean_temporal_mean_linear;failed_invalid_config_evolvegcn_h_u1000_train700_seed42_20260805T235518Z;static_gcn_u1000_top1000_sparse_train100_seed123_none_h32_l3_mean_mlp_final;static_gcn_u1000_top1000_sparse_train100_seed2025_none_h32_l3_mean_mlp_final;static_gcn_u1000_top1000_sparse_train100_seed42_none_h32_l3_mean_mlp_final;static_gcn_u1000_top1000_sparse_train200_seed123_none_h32_l3_mean_mlp_final;static_gcn_u1000_top1000_sparse_train200_seed2025_none_h32_l3_mean_mlp_final;static_gcn_u1000_top1000_sparse_train200_seed42_none_h32_l3_mean_mlp_final;static_gcn_u1000_top1000_sparse_train20_seed123_none_h32_l3_mean_mlp_final;static_gcn_u1000_top1000_sparse_train20_seed2025_none_h32_l3_mean_mlp_final;static_gcn_u1000_top1000_sparse_train20_seed42_none_h32_l3_mean_mlp_final;static_gcn_u1000_top1000_sparse_train450_seed123_none_h32_l3_mean_mlp_final;static_gcn_u1000_top1000_sparse_train450_seed2025_none_h32_l3_mean_mlp_final;static_gcn_u1000_top1000_sparse_train450_seed42_none_h32_l3_mean_mlp_final;static_gcn_u1000_top1000_sparse_train50_seed123_none_h32_l3_mean_mlp_final;static_gcn_u1000_top1000_sparse_train50_seed2025_none_h32_l3_mean_mlp_final;static_gcn_u1000_top1000_sparse_train50_seed42_none_h32_l3_mean_mlp_final;static_gcn_u1000_top1000_sparse_train700_seed123_none_h32_l3_mean_mlp_final;static_gcn_u1000_top1000_sparse_train700_seed2025_none_h32_l3_mean_mlp_final;static_gcn_u1000_top1000_sparse_train700_seed42_none_h32_l3_mean_mlp_final,,unknown,false,low,
reports/experiment_registry/u1000_top1000_training_scaling_matrix_preflight.md,report,other,,,unknown,false,low,
reports/experiment_registry/u1000_top1000_training_scaling_matrix_preparation.md,report,other,,,unknown,false,low,
reports/experiment_registry/u1000_top1000_training_scaling_matrix_registry_status.csv,report,other,,,unknown,false,low,
reports/experiment_registry/u1000_top1000_training_scaling_metrics_table.csv,report,other,,,unknown,false,low,
reports/experiment_registry/u1000_top1000_training_scaling_metrics_table.md,report,other,,,unknown,false,low,
reports/experiment_registry/u1000_top1000_training_scaling_model_summary.csv,report,other,,,unknown,false,low,
reports/experiment_registry/u1000_top1000_training_scaling_prediction_diagnostics.csv,report,other,,,unknown,false,low,
reports/experiment_registry/u1000_top1000_training_scaling_presentation_artifact_inventory.csv,report,other,,,unknown,false,low,
reports/experiment_registry/u1000_top1000_training_scaling_presentation_summary.md,report,other,,,unknown,false,low,
reports/experiment_registry/u1000_top1000_training_scaling_presentation_validation.md,report,other,,,unknown,false,low,
reports/experiment_registry/u1000_top1000_training_scaling_registry_audit.md,report,other,,,unknown,false,low,
reports/experiment_registry/u1000_top1000_training_scaling_runtime_summary.csv,report,other,,,unknown,false,low,
reports/experiment_registry/u1000_top1000_training_scaling_scientific_interpretation.md,report,other,,,unknown,false,low,
reports/experiment_registry/u1000_top1000_training_scaling_seed_summary.csv,report,other,evolvegcn_h_u1000_top1000_sparse_train100_seed123_none_h32_l2_mean_temporal_mean_linear;evolvegcn_h_u1000_top1000_sparse_train100_seed2025_none_h32_l2_mean_temporal_mean_linear;evolvegcn_h_u1000_top1000_sparse_train100_seed42_none_h32_l2_mean_temporal_mean_linear;evolvegcn_h_u1000_top1000_sparse_train200_seed123_none_h32_l2_mean_temporal_mean_linear;evolvegcn_h_u1000_top1000_sparse_train200_seed2025_none_h32_l2_mean_temporal_mean_linear;evolvegcn_h_u1000_top1000_sparse_train200_seed42_none_h32_l2_mean_temporal_mean_linear;evolvegcn_h_u1000_top1000_sparse_train20_seed123_none_h32_l2_mean_temporal_mean_linear;evolvegcn_h_u1000_top1000_sparse_train20_seed2025_none_h32_l2_mean_temporal_mean_linear;evolvegcn_h_u1000_top1000_sparse_train20_seed42_none_h32_l2_mean_temporal_mean_linear;evolvegcn_h_u1000_top1000_sparse_train450_seed123_none_h32_l2_mean_temporal_mean_linear;evolvegcn_h_u1000_top1000_sparse_train450_seed2025_none_h32_l2_mean_temporal_mean_linear;evolvegcn_h_u1000_top1000_sparse_train450_seed42_none_h32_l2_mean_temporal_mean_linear;evolvegcn_h_u1000_top1000_sparse_train50_seed123_none_h32_l2_mean_temporal_mean_linear;evolvegcn_h_u1000_top1000_sparse_train50_seed2025_none_h32_l2_mean_temporal_mean_linear;evolvegcn_h_u1000_top1000_sparse_train50_seed42_none_h32_l2_mean_temporal_mean_linear;evolvegcn_h_u1000_top1000_sparse_train700_seed123_none_h32_l2_mean_temporal_mean_linear;evolvegcn_h_u1000_top1000_sparse_train700_seed2025_none_h32_l2_mean_temporal_mean_linear;evolvegcn_h_u1000_top1000_sparse_train700_seed42_none_h32_l2_mean_temporal_mean_linear;static_gcn_u1000_top1000_sparse_train100_seed123_none_h32_l3_mean_mlp_final;static_gcn_u1000_top1000_sparse_train100_seed2025_none_h32_l3_mean_mlp_final;static_gcn_u1000_top1000_sparse_train100_seed42_none_h32_l3_mean_mlp_final;static_gcn_u1000_top1000_sparse_train200_seed123_none_h32_l3_mean_mlp_final;static_gcn_u1000_top1000_sparse_train200_seed2025_none_h32_l3_mean_mlp_final;static_gcn_u1000_top1000_sparse_train200_seed42_none_h32_l3_mean_mlp_final;static_gcn_u1000_top1000_sparse_train20_seed123_none_h32_l3_mean_mlp_final;static_gcn_u1000_top1000_sparse_train20_seed2025_none_h32_l3_mean_mlp_final;static_gcn_u1000_top1000_sparse_train20_seed42_none_h32_l3_mean_mlp_final;static_gcn_u1000_top1000_sparse_train450_seed123_none_h32_l3_mean_mlp_final;static_gcn_u1000_top1000_sparse_train450_seed2025_none_h32_l3_mean_mlp_final;static_gcn_u1000_top1000_sparse_train450_seed42_none_h32_l3_mean_mlp_final;static_gcn_u1000_top1000_sparse_train50_seed123_none_h32_l3_mean_mlp_final;static_gcn_u1000_top1000_sparse_train50_seed2025_none_h32_l3_mean_mlp_final;static_gcn_u1000_top1000_sparse_train50_seed42_none_h32_l3_mean_mlp_final;static_gcn_u1000_top1000_sparse_train700_seed123_none_h32_l3_mean_mlp_final;static_gcn_u1000_top1000_sparse_train700_seed2025_none_h32_l3_mean_mlp_final;static_gcn_u1000_top1000_sparse_train700_seed42_none_h32_l3_mean_mlp_final,,unknown,false,low,
reports/experiment_registry/u1000_top1000_training_scaling_thesis_summary.md,report,other,,,unknown,false,low,
reports/experiment_registry/u1000_top1000_vs_top1500_comparison.csv,report,other,,,unknown,false,low,
reports/experiment_registry/u1000_top1000_vs_top1500_paired_summary.csv,report,other,,,unknown,false,low,
reports/experiment_registry/u1000_top1500_build_preflight.md,report,other,,,unknown,false,low,
reports/experiment_registry/u1000_top1500_build_readiness.json,report,other,,,unknown,false,low,
reports/experiment_registry/u1000_top1500_build_readiness_after_fixes.json,report,other,,,unknown,false,low,
reports/experiment_registry/u1000_top1500_cuda_pilot_result.json,report,other,,,unknown,false,low,
reports/experiment_registry/u1000_top1500_evolvegcn_o_interruption_forensics.json,report,other,,,unknown,false,low,
reports/experiment_registry/u1000_top1500_evolvegcn_o_temporal_protocol.json,report,other,evolvegcn_h_u1000_top1500_sparse_train700_seed123_none_h32_l2_mean_temporal_mean_linear;evolvegcn_h_u1000_top1500_sparse_train700_seed2025_none_h32_l2_mean_temporal_mean_linear;evolvegcn_h_u1000_top1500_sparse_train700_seed42_none_h32_l2_mean_temporal_mean_linear,,unknown,false,low,
reports/experiment_registry/u1000_top1500_evolvegcn_o_training_closure.json,report,other,evolvegcn_o_u1000_top1500_sparse_train700_seed123_none_h32_l2_mean_temporal_mean_linear;evolvegcn_o_u1000_top1500_sparse_train700_seed2025_none_h32_l2_mean_temporal_mean_linear;evolvegcn_o_u1000_top1500_sparse_train700_seed42_none_h32_l2_mean_temporal_mean_linear,,unknown,false,low,
reports/experiment_registry/u1000_top1500_existing_dataset_reuse_audit.md,report,other,,,unknown,false,low,
reports/experiment_registry/u1000_top1500_final_mean_std_metrics.csv,report,other,,,unknown,false,low,
reports/experiment_registry/u1000_top1500_final_per_run_metrics.csv,report,other,,,unknown,false,low,
reports/experiment_registry/u1000_top1500_gcn_gru_temporal_protocol.json,report,other,,,unknown,false,low,
reports/experiment_registry/u1000_top1500_gcn_temporal_transformer_protocol.json,report,other,,,unknown,false,low,
reports/experiment_registry/u1000_top1500_graph_representation_postfreeze_test_evaluation.md,report,graph_validation,,,unknown,false,medium,
reports/experiment_registry/u1000_top1500_graph_representation_selection_freeze.json,report,graph_validation,static_gcn_u1000_top1500_radius_r1p962822_sparse_train700_seed123_none_h32_l3_mean_mlp_final;static_gcn_u1000_top1500_radius_r1p962822_sparse_train700_seed2025_none_h32_l3_mean_mlp_final;static_gcn_u1000_top1500_radius_r1p962822_sparse_train700_seed42_none_h32_l3_mean_mlp_final;static_gcn_u1000_top1500_sparse_train700_seed123_none_h32_l3_mean_mlp_final;static_gcn_u1000_top1500_sparse_train700_seed2025_none_h32_l3_mean_mlp_final;static_gcn_u1000_top1500_sparse_train700_seed42_none_h32_l3_mean_mlp_final,,unknown,false,medium,
reports/experiment_registry/u1000_top1500_gru_transformer_training_closure.json,report,other,gcn_gru_u1000_top1500_sparse_train700_seed123_none_h32_l3_final;gcn_gru_u1000_top1500_sparse_train700_seed2025_none_h32_l3_final;gcn_gru_u1000_top1500_sparse_train700_seed42_none_h32_l3_final;gcn_temporal_transformer_u1000_top1500_sparse_train700_seed123_none_h32_l3_final;gcn_temporal_transformer_u1000_top1500_sparse_train700_seed123_none_h32_l3_final_INTERRUPTED_20260903T072117Z;gcn_temporal_transformer_u1000_top1500_sparse_train700_seed2025_none_h32_l3_final;gcn_temporal_transformer_u1000_top1500_sparse_train700_seed42_none_h32_l3_final,,unknown,false,low,
reports/experiment_registry/u1000_top1500_integrity_fixes_audit.md,report,other,,,unknown,false,low,
reports/experiment_registry/u1000_top1500_integrity_negative_tests.md,report,other,,,unknown,false,low,
reports/experiment_registry/u1000_top1500_knn_k8_symmetry_full_evaluation.md,report,knn_ablation,,,unknown,false,medium,
reports/experiment_registry/u1000_top1500_knn_k8_symmetry_pilot.md,report,knn_ablation,,,unknown,false,medium,
reports/experiment_registry/u1000_top1500_knn_k8_symmetry_protocol.json,report,knn_ablation,static_gcn_u1000_top1500_sparse_train700_seed123_none_h32_l3_mean_mlp_final;static_gcn_u1000_top1500_sparse_train700_seed2025_none_h32_l3_mean_mlp_final;static_gcn_u1000_top1500_sparse_train700_seed42_none_h32_l3_mean_mlp_final,,unknown,false,medium,
reports/experiment_registry/u1000_top1500_knn_k_selection_freeze.json,report,knn_ablation,static_gcn_u1000_top1500_knn_k12_sparse_train700_seed123_none_h32_l3_mean_mlp_final;static_gcn_u1000_top1500_knn_k12_sparse_train700_seed2025_none_h32_l3_mean_mlp_final;static_gcn_u1000_top1500_knn_k12_sparse_train700_seed42_none_h32_l3_mean_mlp_final;static_gcn_u1000_top1500_knn_k4_sparse_train700_seed123_none_h32_l3_mean_mlp_final;static_gcn_u1000_top1500_knn_k4_sparse_train700_seed2025_none_h32_l3_mean_mlp_final;static_gcn_u1000_top1500_knn_k4_sparse_train700_seed42_none_h32_l3_mean_mlp_final;static_gcn_u1000_top1500_knn_k6_sparse_train700_seed123_none_h32_l3_mean_mlp_final;static_gcn_u1000_top1500_knn_k6_sparse_train700_seed2025_none_h32_l3_mean_mlp_final;static_gcn_u1000_top1500_knn_k6_sparse_train700_seed42_none_h32_l3_mean_mlp_final;static_gcn_u1000_top1500_sparse_train700_seed123_none_h32_l3_mean_mlp_final;static_gcn_u1000_top1500_sparse_train700_seed2025_none_h32_l3_mean_mlp_final;static_gcn_u1000_top1500_sparse_train700_seed42_none_h32_l3_mean_mlp_final,,unknown,false,medium,
reports/experiment_registry/u1000_top1500_knn_postfreeze_test_evaluation.md,report,knn_ablation,,,unknown,false,medium,
reports/experiment_registry/u1000_top1500_matrix_inventory.csv,report,other,evolvegcn_h_u1000_top1500_sparse_train100_seed123_none_h32_l2_mean_temporal_mean_linear;evolvegcn_h_u1000_top1500_sparse_train100_seed2025_none_h32_l2_mean_temporal_mean_linear;evolvegcn_h_u1000_top1500_sparse_train100_seed42_none_h32_l2_mean_temporal_mean_linear;evolvegcn_h_u1000_top1500_sparse_train200_seed123_none_h32_l2_mean_temporal_mean_linear;evolvegcn_h_u1000_top1500_sparse_train200_seed2025_none_h32_l2_mean_temporal_mean_linear;evolvegcn_h_u1000_top1500_sparse_train200_seed42_none_h32_l2_mean_temporal_mean_linear;evolvegcn_h_u1000_top1500_sparse_train20_seed123_none_h32_l2_mean_temporal_mean_linear;evolvegcn_h_u1000_top1500_sparse_train20_seed2025_none_h32_l2_mean_temporal_mean_linear;evolvegcn_h_u1000_top1500_sparse_train20_seed42_none_h32_l2_mean_temporal_mean_linear;evolvegcn_h_u1000_top1500_sparse_train450_seed123_none_h32_l2_mean_temporal_mean_linear;evolvegcn_h_u1000_top1500_sparse_train450_seed2025_none_h32_l2_mean_temporal_mean_linear;evolvegcn_h_u1000_top1500_sparse_train450_seed42_none_h32_l2_mean_temporal_mean_linear;evolvegcn_h_u1000_top1500_sparse_train50_seed123_none_h32_l2_mean_temporal_mean_linear;evolvegcn_h_u1000_top1500_sparse_train50_seed2025_none_h32_l2_mean_temporal_mean_linear;evolvegcn_h_u1000_top1500_sparse_train50_seed42_none_h32_l2_mean_temporal_mean_linear;evolvegcn_h_u1000_top1500_sparse_train700_seed123_none_h32_l2_mean_temporal_mean_linear;evolvegcn_h_u1000_top1500_sparse_train700_seed2025_none_h32_l2_mean_temporal_mean_linear;evolvegcn_h_u1000_top1500_sparse_train700_seed42_none_h32_l2_mean_temporal_mean_linear;static_gcn_u1000_top1500_sparse_train100_seed123_none_h32_l3_mean_mlp_final;static_gcn_u1000_top1500_sparse_train100_seed2025_none_h32_l3_mean_mlp_final;static_gcn_u1000_top1500_sparse_train100_seed42_none_h32_l3_mean_mlp_final;static_gcn_u1000_top1500_sparse_train200_seed123_none_h32_l3_mean_mlp_final;static_gcn_u1000_top1500_sparse_train200_seed2025_none_h32_l3_mean_mlp_final;static_gcn_u1000_top1500_sparse_train200_seed42_none_h32_l3_mean_mlp_final;static_gcn_u1000_top1500_sparse_train20_seed123_none_h32_l3_mean_mlp_final;static_gcn_u1000_top1500_sparse_train20_seed2025_none_h32_l3_mean_mlp_final;static_gcn_u1000_top1500_sparse_train20_seed42_none_h32_l3_mean_mlp_final;static_gcn_u1000_top1500_sparse_train450_seed123_none_h32_l3_mean_mlp_final;static_gcn_u1000_top1500_sparse_train450_seed2025_none_h32_l3_mean_mlp_final;static_gcn_u1000_top1500_sparse_train450_seed42_none_h32_l3_mean_mlp_final;static_gcn_u1000_top1500_sparse_train50_seed123_none_h32_l3_mean_mlp_final;static_gcn_u1000_top1500_sparse_train50_seed2025_none_h32_l3_mean_mlp_final;static_gcn_u1000_top1500_sparse_train50_seed42_none_h32_l3_mean_mlp_final;static_gcn_u1000_top1500_sparse_train700_seed123_none_h32_l3_mean_mlp_final;static_gcn_u1000_top1500_sparse_train700_seed2025_none_h32_l3_mean_mlp_final;static_gcn_u1000_top1500_sparse_train700_seed42_none_h32_l3_mean_mlp_final,,unknown,false,low,
reports/experiment_registry/u1000_top1500_matrix_preflight.md,report,other,,,unknown,false,low,
reports/experiment_registry/u1000_top1500_padding_summary.csv,report,other,,,unknown,false,low,
reports/experiment_registry/u1000_top1500_prebuild_integrity_audit.md,report,other,,,unknown,false,low,
reports/experiment_registry/u1000_top1500_preparation_audit.md,report,other,,,unknown,false,low,
reports/experiment_registry/u1000_top1500_radius_selection_freeze.json,report,other,,,unknown,false,low,
reports/experiment_registry/u1000_top1500_raw_halo_count_audit.md,report,other,,,unknown,false,low,
reports/experiment_registry/u1000_top1500_raw_halo_count_distribution.csv,report,other,,,unknown,false,low,
reports/experiment_registry/u1000_top1500_resource_risk_assessment.md,report,other,,,unknown,false,low,
reports/experiment_registry/u1000_top1500_static_gcn_vs_pna_architecture_freeze.json,report,other,static_gcn_u1000_top1500_sparse_train700_seed123_none_h32_l3_mean_mlp_final;static_gcn_u1000_top1500_sparse_train700_seed2025_none_h32_l3_mean_mlp_final;static_gcn_u1000_top1500_sparse_train700_seed42_none_h32_l3_mean_mlp_final;static_pna_u1000_top1500_sparse_train700_seed123_none_h32_l3_mean_mlp_final;static_pna_u1000_top1500_sparse_train700_seed2025_none_h32_l3_mean_mlp_final;static_pna_u1000_top1500_sparse_train700_seed42_none_h32_l3_mean_mlp_final,,unknown,false,low,
reports/experiment_registry/u1000_top1500_static_gcn_vs_pna_postfreeze_test_evaluation.md,report,other,,,unknown,false,low,
reports/experiment_registry/u1000_top1500_static_pna_protocol.json,report,other,,,unknown,false,low,
reports/experiment_registry/u1000_top1500_static_vs_evolve_paired_comparison.csv,report,other,,,unknown,false,low,
reports/experiment_registry/u1000_top1500_temporal_five_model_comparison_plan.json,report,other,,,unknown,false,low,
reports/experiment_registry/u1000_top1500_temporal_five_model_integrity_audit.json,report,other,evolvegcn_h_u1000_top1500_sparse_train700_seed123_none_h32_l2_mean_temporal_mean_linear;evolvegcn_h_u1000_top1500_sparse_train700_seed2025_none_h32_l2_mean_temporal_mean_linear;evolvegcn_h_u1000_top1500_sparse_train700_seed42_none_h32_l2_mean_temporal_mean_linear;evolvegcn_o_u1000_top1500_sparse_train700_seed123_none_h32_l2_mean_temporal_mean_linear;evolvegcn_o_u1000_top1500_sparse_train700_seed2025_none_h32_l2_mean_temporal_mean_linear;evolvegcn_o_u1000_top1500_sparse_train700_seed42_none_h32_l2_mean_temporal_mean_linear;gcn_gru_u1000_top1500_sparse_train700_seed123_none_h32_l3_final;gcn_gru_u1000_top1500_sparse_train700_seed2025_none_h32_l3_final;gcn_gru_u1000_top1500_sparse_train700_seed42_none_h32_l3_final;gcn_temporal_transformer_u1000_top1500_sparse_train700_seed123_none_h32_l3_final;gcn_temporal_transformer_u1000_top1500_sparse_train700_seed2025_none_h32_l3_final;gcn_temporal_transformer_u1000_top1500_sparse_train700_seed42_none_h32_l3_final;static_gcn_u1000_top1500_sparse_train700_seed123_none_h32_l3_mean_mlp_final;static_gcn_u1000_top1500_sparse_train700_seed2025_none_h32_l3_mean_mlp_final;static_gcn_u1000_top1500_sparse_train700_seed42_none_h32_l3_mean_mlp_final,,unknown,false,low,
reports/experiment_registry/u1000_top1500_temporal_five_model_postfreeze_test_evaluation.json,report,other,,,unknown,false,low,
reports/experiment_registry/u1000_top1500_temporal_five_model_postfreeze_test_report.md,report,other,,,unknown,false,low,
reports/experiment_registry/u1000_top1500_temporal_five_model_validation_freeze.json,report,other,evolvegcn_h_u1000_top1500_sparse_train700_seed123_none_h32_l2_mean_temporal_mean_linear;evolvegcn_h_u1000_top1500_sparse_train700_seed2025_none_h32_l2_mean_temporal_mean_linear;evolvegcn_h_u1000_top1500_sparse_train700_seed42_none_h32_l2_mean_temporal_mean_linear;evolvegcn_o_u1000_top1500_sparse_train700_seed123_none_h32_l2_mean_temporal_mean_linear;evolvegcn_o_u1000_top1500_sparse_train700_seed2025_none_h32_l2_mean_temporal_mean_linear;evolvegcn_o_u1000_top1500_sparse_train700_seed42_none_h32_l2_mean_temporal_mean_linear;gcn_gru_u1000_top1500_sparse_train700_seed123_none_h32_l3_final;gcn_gru_u1000_top1500_sparse_train700_seed2025_none_h32_l3_final;gcn_gru_u1000_top1500_sparse_train700_seed42_none_h32_l3_final;gcn_temporal_transformer_u1000_top1500_sparse_train700_seed123_none_h32_l3_final;gcn_temporal_transformer_u1000_top1500_sparse_train700_seed2025_none_h32_l3_final;gcn_temporal_transformer_u1000_top1500_sparse_train700_seed42_none_h32_l3_final;static_gcn_u1000_top1500_sparse_train700_seed123_none_h32_l3_mean_mlp_final;static_gcn_u1000_top1500_sparse_train700_seed2025_none_h32_l3_mean_mlp_final;static_gcn_u1000_top1500_sparse_train700_seed42_none_h32_l3_mean_mlp_final,,unknown,false,low,
reports/experiment_registry/u1000_top1500_temporal_five_model_validation_report.md,report,other,,,unknown,false,low,
reports/experiment_registry/u1000_top1500_temporal_four_model_comparison_plan.json,report,other,,,unknown,false,low,
reports/experiment_registry/u1000_top1500_top1000_safeguard_parity.csv,report,other,,,unknown,false,low,
reports/experiment_registry/u1000_top1500_training_scaling_scientific_interpretation.md,report,other,,,unknown,false,low,
reports/experiment_registry/u1000_top1500_universe_identity_inventory.csv,report,other,,,unknown,false,low,
reports/experiment_registry/u1000_train700_seed42_full_pilot_audit.md,report,other,evolvegcn_h_u1000_top1000_sparse_train700_seed42_none_h32_l2_mean_temporal_mean_linear;static_gcn_u1000_top1000_sparse_train700_seed42_none_h32_l3_mean_mlp_final,,unknown,false,low,
reports/experiment_registry/u1000_train700_seed42_full_pilot_metrics.csv,report,other,evolvegcn_h_u1000_top1000_sparse_train700_seed42_none_h32_l2_mean_temporal_mean_linear;static_gcn_u1000_top1000_sparse_train700_seed42_none_h32_l3_mean_mlp_final,,unknown,false,low,
reports/experiment_registry/u1000_train700_seed42_next_matrix_decision.md,report,other,,,unknown,false,low,
reports/experiment_registry/u1000_train700_seed42_prediction_diagnostics.csv,report,other,,,unknown,false,low,
reports/experiment_registry/u1000_train700_seed42_runtime_memory.csv,report,other,,,unknown,false,low,
reports/meeting/10_final_experiment_report.html,report,other,,,unknown,false,low,
reports/meeting/10_final_experiment_report_source_map.csv,report,other,summary_features_500u_none_top500_matched_seed42,,unknown,false,low,
reports/meeting/10_final_experiment_report_validation.md,report,other,,,unknown,false,low,
reports/meeting/assets/10_final_experiment_report/factorial/paired_width_mae_difference_vs_k.png,report,other,,,unknown,false,low,
reports/meeting/assets/10_final_experiment_report/factorial/prediction_std_ratio_vs_k_and_width.png,report,other,,,unknown,false,low,
reports/meeting/assets/10_final_experiment_report/factorial/test_mae_vs_k_by_hidden_dim.png,report,other,,,unknown,false,low,
reports/meeting/assets/10_final_experiment_report/head/paired_mae_difference_by_seed.png,report,other,,,unknown,false,low,
reports/meeting/assets/10_final_experiment_report/head/prediction_std_ratio_by_head.png,report,other,,,unknown,false,low,
reports/meeting/assets/10_final_experiment_report/head/test_mae_by_regression_head.png,report,other,,,unknown,false,low,
reports/meeting/assets/10_final_experiment_report/normalization/prediction_std_ratio_vs_normalization.png,report,normalization_ablation,,,unknown,false,medium,
reports/meeting/assets/10_final_experiment_report/normalization/repeated_prediction_fraction_vs_normalization.png,report,normalization_ablation,,,unknown,false,medium,
reports/meeting/assets/10_final_experiment_report/normalization/test_mae_vs_normalization.png,report,normalization_ablation,,,unknown,false,medium,
reports/meeting/assets/10_final_experiment_report/pooling/paired_mae_difference_by_seed.png,report,other,,,unknown,false,low,
reports/meeting/assets/10_final_experiment_report/pooling/prediction_std_ratio_by_graph_pooling.png,report,graph_validation,,,unknown,false,medium,
reports/meeting/assets/10_final_experiment_report/pooling/test_mae_by_graph_pooling.png,report,graph_validation,,,unknown,false,medium,
reports/meeting/assets/10_final_experiment_report/prediction_collapse/prediction_collapse_protocol_comparison.pdf,report,prediction_collapse_diagnostic,,,unknown,false,medium,
reports/meeting/assets/10_final_experiment_report/prediction_collapse/prediction_collapse_protocol_comparison.png,report,prediction_collapse_diagnostic,,,unknown,false,medium,
reports/meeting/assets/10_final_experiment_report/topn/prediction_std_ratio_vs_topn.png,report,other,,,unknown,false,low,
reports/meeting/assets/10_final_experiment_report/topn/repeated_prediction_fraction_vs_topn.png,report,other,,,unknown,false,low,
reports/meeting/assets/10_final_experiment_report/topn/test_mae_vs_topn.png,report,other,,,unknown,false,low,
reports/meeting/assets/10_final_experiment_report/universe_scaling/prediction_std_ratio_vs_universes.png,report,other,,,unknown,false,low,
reports/meeting/assets/10_final_experiment_report/universe_scaling/test_mae_vs_universes.png,report,other,,,unknown,false,low,
reports/meeting/thesis_pdf_source_bundle/README.md,report,other,,,unknown,false,low,
reports/meeting/thesis_pdf_source_bundle/analysis_packages/controlled_evolvegcn_graph_pooling_ablation_750u_top1000/README.md,report,graph_validation,,,unknown,false,medium,
reports/meeting/thesis_pdf_source_bundle/analysis_packages/controlled_evolvegcn_graph_pooling_ablation_750u_top1000/aggregated_results.csv,report,graph_validation,,,unknown,false,medium,
reports/meeting/thesis_pdf_source_bundle/analysis_packages/controlled_evolvegcn_graph_pooling_ablation_750u_top1000/analysis_manifest.json,report,graph_validation,evolvegcn_h_750u_top1000_h32_seed123_none;evolvegcn_h_750u_top1000_h32_seed123_none_linear_head;evolvegcn_h_750u_top1000_h32_seed123_none_linear_head_meanmax;evolvegcn_h_750u_top1000_h32_seed2025_none;evolvegcn_h_750u_top1000_h32_seed2025_none_linear_head;evolvegcn_h_750u_top1000_h32_seed2025_none_linear_head_meanmax;evolvegcn_h_750u_top1000_h32_seed42_none;evolvegcn_h_750u_top1000_h32_seed42_none_linear_head;evolvegcn_h_750u_top1000_h32_seed42_none_linear_head_meanmax;evolvegcn_h_750u_top1000_h32_seed777_none;evolvegcn_h_750u_top1000_h32_seed777_none_linear_head;evolvegcn_h_750u_top1000_h32_seed777_none_linear_head_meanmax;evolvegcn_h_750u_top1000_h32_seed999_none;evolvegcn_h_750u_top1000_h32_seed999_none_linear_head;evolvegcn_h_750u_top1000_h32_seed999_none_linear_head_meanmax,,unknown,false,medium,
reports/meeting/thesis_pdf_source_bundle/analysis_packages/controlled_evolvegcn_graph_pooling_ablation_750u_top1000/compatibility_report.md,report,graph_validation,,,unknown,false,medium,
reports/meeting/thesis_pdf_source_bundle/analysis_packages/controlled_evolvegcn_graph_pooling_ablation_750u_top1000/figures/paired_mae_difference_by_seed.png,report,graph_validation,,,unknown,false,medium,
reports/meeting/thesis_pdf_source_bundle/analysis_packages/controlled_evolvegcn_graph_pooling_ablation_750u_top1000/figures/paired_r2_difference_by_seed.png,report,graph_validation,,,unknown,false,medium,
reports/meeting/thesis_pdf_source_bundle/analysis_packages/controlled_evolvegcn_graph_pooling_ablation_750u_top1000/figures/paired_rmse_difference_by_seed.png,report,graph_validation,,,unknown,false,medium,
reports/meeting/thesis_pdf_source_bundle/analysis_packages/controlled_evolvegcn_graph_pooling_ablation_750u_top1000/figures/per_seed_mae_trajectories.png,report,graph_validation,,,unknown,false,medium,
reports/meeting/thesis_pdf_source_bundle/analysis_packages/controlled_evolvegcn_graph_pooling_ablation_750u_top1000/figures/pooling_effect_summary.png,report,graph_validation,,,unknown,false,medium,
reports/meeting/thesis_pdf_source_bundle/analysis_packages/controlled_evolvegcn_graph_pooling_ablation_750u_top1000/figures/prediction_std_ratio_by_graph_pooling.png,report,graph_validation,,,unknown,false,medium,
reports/meeting/thesis_pdf_source_bundle/analysis_packages/controlled_evolvegcn_graph_pooling_ablation_750u_top1000/figures/prediction_std_ratio_vs_graph_pooling.png,report,graph_validation,,,unknown,false,medium,
reports/meeting/thesis_pdf_source_bundle/analysis_packages/controlled_evolvegcn_graph_pooling_ablation_750u_top1000/figures/repeated_prediction_fraction_by_graph_pooling.png,report,graph_validation,,,unknown,false,medium,
reports/meeting/thesis_pdf_source_bundle/analysis_packages/controlled_evolvegcn_graph_pooling_ablation_750u_top1000/figures/representative_prediction_distributions.png,report,graph_validation,,,unknown,false,medium,
reports/meeting/thesis_pdf_source_bundle/analysis_packages/controlled_evolvegcn_graph_pooling_ablation_750u_top1000/figures/representative_residuals_vs_true.png,report,graph_validation,,,unknown,false,medium,
reports/meeting/thesis_pdf_source_bundle/analysis_packages/controlled_evolvegcn_graph_pooling_ablation_750u_top1000/figures/representative_true_vs_predicted.png,report,graph_validation,,,unknown,false,medium,
reports/meeting/thesis_pdf_source_bundle/analysis_packages/controlled_evolvegcn_graph_pooling_ablation_750u_top1000/figures/residuals_vs_true_representative_runs.png,report,graph_validation,,,unknown,false,medium,
reports/meeting/thesis_pdf_source_bundle/analysis_packages/controlled_evolvegcn_graph_pooling_ablation_750u_top1000/figures/seed_variability_by_graph_pooling.png,report,graph_validation,,,unknown,false,medium,
reports/meeting/thesis_pdf_source_bundle/analysis_packages/controlled_evolvegcn_graph_pooling_ablation_750u_top1000/figures/seed_variability_vs_graph_pooling.png,report,graph_validation,,,unknown,false,medium,
reports/meeting/thesis_pdf_source_bundle/analysis_packages/controlled_evolvegcn_graph_pooling_ablation_750u_top1000/figures/test_mae_by_graph_pooling.png,report,graph_validation,,,unknown,false,medium,
reports/meeting/thesis_pdf_source_bundle/analysis_packages/controlled_evolvegcn_graph_pooling_ablation_750u_top1000/figures/test_mae_vs_graph_pooling.png,report,graph_validation,,,unknown,false,medium,
reports/meeting/thesis_pdf_source_bundle/analysis_packages/controlled_evolvegcn_graph_pooling_ablation_750u_top1000/figures/test_r2_by_graph_pooling.png,report,graph_validation,,,unknown,false,medium,
reports/meeting/thesis_pdf_source_bundle/analysis_packages/controlled_evolvegcn_graph_pooling_ablation_750u_top1000/figures/test_r2_vs_graph_pooling.png,report,graph_validation,,,unknown,false,medium,
reports/meeting/thesis_pdf_source_bundle/analysis_packages/controlled_evolvegcn_graph_pooling_ablation_750u_top1000/figures/test_rmse_by_graph_pooling.png,report,graph_validation,,,unknown,false,medium,
reports/meeting/thesis_pdf_source_bundle/analysis_packages/controlled_evolvegcn_graph_pooling_ablation_750u_top1000/figures/test_rmse_vs_graph_pooling.png,report,graph_validation,,,unknown,false,medium,
reports/meeting/thesis_pdf_source_bundle/analysis_packages/controlled_evolvegcn_graph_pooling_ablation_750u_top1000/figures/true_vs_predicted_representative_runs.png,report,graph_validation,,,unknown,false,medium,
reports/meeting/thesis_pdf_source_bundle/analysis_packages/controlled_evolvegcn_graph_pooling_ablation_750u_top1000/paired_pooling_differences.csv,report,graph_validation,evolvegcn_h_750u_top1000_h32_seed123_none;evolvegcn_h_750u_top1000_h32_seed123_none_linear_head;evolvegcn_h_750u_top1000_h32_seed123_none_linear_head_meanmax;evolvegcn_h_750u_top1000_h32_seed2025_none;evolvegcn_h_750u_top1000_h32_seed2025_none_linear_head;evolvegcn_h_750u_top1000_h32_seed2025_none_linear_head_meanmax;evolvegcn_h_750u_top1000_h32_seed42_none;evolvegcn_h_750u_top1000_h32_seed42_none_linear_head;evolvegcn_h_750u_top1000_h32_seed42_none_linear_head_meanmax;evolvegcn_h_750u_top1000_h32_seed777_none;evolvegcn_h_750u_top1000_h32_seed777_none_linear_head;evolvegcn_h_750u_top1000_h32_seed777_none_linear_head_meanmax;evolvegcn_h_750u_top1000_h32_seed999_none;evolvegcn_h_750u_top1000_h32_seed999_none_linear_head;evolvegcn_h_750u_top1000_h32_seed999_none_linear_head_meanmax,,unknown,false,medium,
reports/meeting/thesis_pdf_source_bundle/analysis_packages/controlled_evolvegcn_graph_pooling_ablation_750u_top1000/pooling_implementation.md,report,graph_validation,,,unknown,false,medium,
reports/meeting/thesis_pdf_source_bundle/analysis_packages/controlled_evolvegcn_graph_pooling_ablation_750u_top1000/prediction_diagnostics.csv,report,graph_validation,evolvegcn_h_750u_top1000_h32_seed123_none;evolvegcn_h_750u_top1000_h32_seed123_none_linear_head;evolvegcn_h_750u_top1000_h32_seed123_none_linear_head_meanmax;evolvegcn_h_750u_top1000_h32_seed2025_none;evolvegcn_h_750u_top1000_h32_seed2025_none_linear_head;evolvegcn_h_750u_top1000_h32_seed2025_none_linear_head_meanmax;evolvegcn_h_750u_top1000_h32_seed42_none;evolvegcn_h_750u_top1000_h32_seed42_none_linear_head;evolvegcn_h_750u_top1000_h32_seed42_none_linear_head_meanmax;evolvegcn_h_750u_top1000_h32_seed777_none;evolvegcn_h_750u_top1000_h32_seed777_none_linear_head;evolvegcn_h_750u_top1000_h32_seed777_none_linear_head_meanmax;evolvegcn_h_750u_top1000_h32_seed999_none;evolvegcn_h_750u_top1000_h32_seed999_none_linear_head;evolvegcn_h_750u_top1000_h32_seed999_none_linear_head_meanmax,,unknown,false,medium,
reports/meeting/thesis_pdf_source_bundle/analysis_packages/controlled_evolvegcn_graph_pooling_ablation_750u_top1000/presentation_ready_summary.md,report,graph_validation,,,unknown,false,medium,
reports/meeting/thesis_pdf_source_bundle/analysis_packages/controlled_evolvegcn_graph_pooling_ablation_750u_top1000/protocol_table.csv,report,graph_validation,,,unknown,false,medium,
reports/meeting/thesis_pdf_source_bundle/analysis_packages/controlled_evolvegcn_graph_pooling_ablation_750u_top1000/protocol_table.md,report,graph_validation,,,unknown,false,medium,
reports/meeting/thesis_pdf_source_bundle/analysis_packages/controlled_evolvegcn_graph_pooling_ablation_750u_top1000/representative_runs.csv,report,graph_validation,evolvegcn_h_750u_top1000_h32_seed123_none;evolvegcn_h_750u_top1000_h32_seed123_none_linear_head;evolvegcn_h_750u_top1000_h32_seed123_none_linear_head_meanmax,,unknown,false,medium,
reports/meeting/thesis_pdf_source_bundle/analysis_packages/controlled_evolvegcn_graph_pooling_ablation_750u_top1000/scientific_summary.md,report,graph_validation,,,unknown,false,medium,
reports/meeting/thesis_pdf_source_bundle/analysis_packages/controlled_evolvegcn_graph_pooling_ablation_750u_top1000/seed_level_results.csv,report,graph_validation,evolvegcn_h_750u_top1000_h32_seed123_none;evolvegcn_h_750u_top1000_h32_seed123_none_linear_head;evolvegcn_h_750u_top1000_h32_seed123_none_linear_head_meanmax;evolvegcn_h_750u_top1000_h32_seed2025_none;evolvegcn_h_750u_top1000_h32_seed2025_none_linear_head;evolvegcn_h_750u_top1000_h32_seed2025_none_linear_head_meanmax;evolvegcn_h_750u_top1000_h32_seed42_none;evolvegcn_h_750u_top1000_h32_seed42_none_linear_head;evolvegcn_h_750u_top1000_h32_seed42_none_linear_head_meanmax;evolvegcn_h_750u_top1000_h32_seed777_none;evolvegcn_h_750u_top1000_h32_seed777_none_linear_head;evolvegcn_h_750u_top1000_h32_seed777_none_linear_head_meanmax;evolvegcn_h_750u_top1000_h32_seed999_none;evolvegcn_h_750u_top1000_h32_seed999_none_linear_head;evolvegcn_h_750u_top1000_h32_seed999_none_linear_head_meanmax,,unknown,false,medium,
reports/meeting/thesis_pdf_source_bundle/analysis_packages/controlled_evolvegcn_graph_pooling_ablation_750u_top1000/tables/aggregate_pooling_results.csv,report,graph_validation,,,unknown,false,medium,
reports/meeting/thesis_pdf_source_bundle/analysis_packages/controlled_evolvegcn_graph_pooling_ablation_750u_top1000/tables/aggregate_pooling_results.md,report,graph_validation,,,unknown,false,medium,
reports/meeting/thesis_pdf_source_bundle/analysis_packages/controlled_evolvegcn_graph_pooling_ablation_750u_top1000/tables/aggregate_pooling_results.tex,report,graph_validation,,,unknown,false,medium,
reports/meeting/thesis_pdf_source_bundle/analysis_packages/controlled_evolvegcn_graph_pooling_ablation_750u_top1000/tables/descriptive_pooling_summary.csv,report,graph_validation,,,unknown,false,medium,
reports/meeting/thesis_pdf_source_bundle/analysis_packages/controlled_evolvegcn_graph_pooling_ablation_750u_top1000/tables/descriptive_pooling_summary.md,report,graph_validation,,,unknown,false,medium,
reports/meeting/thesis_pdf_source_bundle/analysis_packages/controlled_evolvegcn_graph_pooling_ablation_750u_top1000/tables/main_results_table.csv,report,graph_validation,,,unknown,false,medium,
reports/meeting/thesis_pdf_source_bundle/analysis_packages/controlled_evolvegcn_graph_pooling_ablation_750u_top1000/tables/main_results_table.md,report,graph_validation,,,unknown,false,medium,
reports/meeting/thesis_pdf_source_bundle/analysis_packages/controlled_evolvegcn_graph_pooling_ablation_750u_top1000/tables/main_results_table.tex,report,graph_validation,,,unknown,false,medium,
reports/meeting/thesis_pdf_source_bundle/analysis_packages/controlled_evolvegcn_graph_pooling_ablation_750u_top1000/tables/paired_pooling_differences.csv,report,graph_validation,evolvegcn_h_750u_top1000_h32_seed123_none;evolvegcn_h_750u_top1000_h32_seed123_none_linear_head;evolvegcn_h_750u_top1000_h32_seed123_none_linear_head_meanmax;evolvegcn_h_750u_top1000_h32_seed2025_none;evolvegcn_h_750u_top1000_h32_seed2025_none_linear_head;evolvegcn_h_750u_top1000_h32_seed2025_none_linear_head_meanmax;evolvegcn_h_750u_top1000_h32_seed42_none;evolvegcn_h_750u_top1000_h32_seed42_none_linear_head;evolvegcn_h_750u_top1000_h32_seed42_none_linear_head_meanmax;evolvegcn_h_750u_top1000_h32_seed777_none;evolvegcn_h_750u_top1000_h32_seed777_none_linear_head;evolvegcn_h_750u_top1000_h32_seed777_none_linear_head_meanmax;evolvegcn_h_750u_top1000_h32_seed999_none;evolvegcn_h_750u_top1000_h32_seed999_none_linear_head;evolvegcn_h_750u_top1000_h32_seed999_none_linear_head_meanmax,,unknown,false,medium,
reports/meeting/thesis_pdf_source_bundle/analysis_packages/controlled_evolvegcn_graph_pooling_ablation_750u_top1000/tables/paired_pooling_differences.md,report,graph_validation,evolvegcn_h_750u_top1000_h32_seed123_none;evolvegcn_h_750u_top1000_h32_seed123_none_linear_head;evolvegcn_h_750u_top1000_h32_seed123_none_linear_head_meanmax;evolvegcn_h_750u_top1000_h32_seed2025_none;evolvegcn_h_750u_top1000_h32_seed2025_none_linear_head;evolvegcn_h_750u_top1000_h32_seed2025_none_linear_head_meanmax;evolvegcn_h_750u_top1000_h32_seed42_none;evolvegcn_h_750u_top1000_h32_seed42_none_linear_head;evolvegcn_h_750u_top1000_h32_seed42_none_linear_head_meanmax;evolvegcn_h_750u_top1000_h32_seed777_none;evolvegcn_h_750u_top1000_h32_seed777_none_linear_head;evolvegcn_h_750u_top1000_h32_seed777_none_linear_head_meanmax;evolvegcn_h_750u_top1000_h32_seed999_none;evolvegcn_h_750u_top1000_h32_seed999_none_linear_head;evolvegcn_h_750u_top1000_h32_seed999_none_linear_head_meanmax,,unknown,false,medium,
reports/meeting/thesis_pdf_source_bundle/analysis_packages/controlled_evolvegcn_graph_pooling_ablation_750u_top1000/tables/paired_pooling_differences.tex,report,graph_validation,,,unknown,false,medium,
reports/meeting/thesis_pdf_source_bundle/analysis_packages/controlled_evolvegcn_graph_pooling_ablation_750u_top1000/tables/prediction_collapse_diagnostics.csv,report,prediction_collapse_diagnostic,evolvegcn_h_750u_top1000_h32_seed123_none;evolvegcn_h_750u_top1000_h32_seed123_none_linear_head;evolvegcn_h_750u_top1000_h32_seed123_none_linear_head_meanmax;evolvegcn_h_750u_top1000_h32_seed2025_none;evolvegcn_h_750u_top1000_h32_seed2025_none_linear_head;evolvegcn_h_750u_top1000_h32_seed2025_none_linear_head_meanmax;evolvegcn_h_750u_top1000_h32_seed42_none;evolvegcn_h_750u_top1000_h32_seed42_none_linear_head;evolvegcn_h_750u_top1000_h32_seed42_none_linear_head_meanmax;evolvegcn_h_750u_top1000_h32_seed777_none;evolvegcn_h_750u_top1000_h32_seed777_none_linear_head;evolvegcn_h_750u_top1000_h32_seed777_none_linear_head_meanmax;evolvegcn_h_750u_top1000_h32_seed999_none;evolvegcn_h_750u_top1000_h32_seed999_none_linear_head;evolvegcn_h_750u_top1000_h32_seed999_none_linear_head_meanmax,,unknown,false,medium,
reports/meeting/thesis_pdf_source_bundle/analysis_packages/controlled_evolvegcn_graph_pooling_ablation_750u_top1000/tables/prediction_collapse_diagnostics.md,report,prediction_collapse_diagnostic,evolvegcn_h_750u_top1000_h32_seed123_none;evolvegcn_h_750u_top1000_h32_seed123_none_linear_head;evolvegcn_h_750u_top1000_h32_seed123_none_linear_head_meanmax;evolvegcn_h_750u_top1000_h32_seed2025_none;evolvegcn_h_750u_top1000_h32_seed2025_none_linear_head;evolvegcn_h_750u_top1000_h32_seed2025_none_linear_head_meanmax;evolvegcn_h_750u_top1000_h32_seed42_none;evolvegcn_h_750u_top1000_h32_seed42_none_linear_head;evolvegcn_h_750u_top1000_h32_seed42_none_linear_head_meanmax;evolvegcn_h_750u_top1000_h32_seed777_none;evolvegcn_h_750u_top1000_h32_seed777_none_linear_head;evolvegcn_h_750u_top1000_h32_seed777_none_linear_head_meanmax;evolvegcn_h_750u_top1000_h32_seed999_none;evolvegcn_h_750u_top1000_h32_seed999_none_linear_head;evolvegcn_h_750u_top1000_h32_seed999_none_linear_head_meanmax,,unknown,false,medium,
reports/meeting/thesis_pdf_source_bundle/analysis_packages/controlled_evolvegcn_graph_pooling_ablation_750u_top1000/tables/prediction_collapse_diagnostics.tex,report,prediction_collapse_diagnostic,,,unknown,false,medium,
reports/meeting/thesis_pdf_source_bundle/analysis_packages/controlled_evolvegcn_graph_pooling_ablation_750u_top1000/tables/seed_level_pooling_results.csv,report,graph_validation,evolvegcn_h_750u_top1000_h32_seed123_none;evolvegcn_h_750u_top1000_h32_seed123_none_linear_head;evolvegcn_h_750u_top1000_h32_seed123_none_linear_head_meanmax;evolvegcn_h_750u_top1000_h32_seed2025_none;evolvegcn_h_750u_top1000_h32_seed2025_none_linear_head;evolvegcn_h_750u_top1000_h32_seed2025_none_linear_head_meanmax;evolvegcn_h_750u_top1000_h32_seed42_none;evolvegcn_h_750u_top1000_h32_seed42_none_linear_head;evolvegcn_h_750u_top1000_h32_seed42_none_linear_head_meanmax;evolvegcn_h_750u_top1000_h32_seed777_none;evolvegcn_h_750u_top1000_h32_seed777_none_linear_head;evolvegcn_h_750u_top1000_h32_seed777_none_linear_head_meanmax;evolvegcn_h_750u_top1000_h32_seed999_none;evolvegcn_h_750u_top1000_h32_seed999_none_linear_head;evolvegcn_h_750u_top1000_h32_seed999_none_linear_head_meanmax,,unknown,false,medium,
reports/meeting/thesis_pdf_source_bundle/analysis_packages/controlled_evolvegcn_graph_pooling_ablation_750u_top1000/tables/seed_level_pooling_results.md,report,graph_validation,evolvegcn_h_750u_top1000_h32_seed123_none;evolvegcn_h_750u_top1000_h32_seed123_none_linear_head;evolvegcn_h_750u_top1000_h32_seed123_none_linear_head_meanmax;evolvegcn_h_750u_top1000_h32_seed2025_none;evolvegcn_h_750u_top1000_h32_seed2025_none_linear_head;evolvegcn_h_750u_top1000_h32_seed2025_none_linear_head_meanmax;evolvegcn_h_750u_top1000_h32_seed42_none;evolvegcn_h_750u_top1000_h32_seed42_none_linear_head;evolvegcn_h_750u_top1000_h32_seed42_none_linear_head_meanmax;evolvegcn_h_750u_top1000_h32_seed777_none;evolvegcn_h_750u_top1000_h32_seed777_none_linear_head;evolvegcn_h_750u_top1000_h32_seed777_none_linear_head_meanmax;evolvegcn_h_750u_top1000_h32_seed999_none;evolvegcn_h_750u_top1000_h32_seed999_none_linear_head;evolvegcn_h_750u_top1000_h32_seed999_none_linear_head_meanmax,,unknown,false,medium,
reports/meeting/thesis_pdf_source_bundle/analysis_packages/controlled_evolvegcn_graph_pooling_ablation_750u_top1000/tables/seed_level_pooling_results.tex,report,graph_validation,,,unknown,false,medium,
reports/meeting/thesis_pdf_source_bundle/analysis_packages/controlled_evolvegcn_regression_head_ablation_750u_top1000/README.md,report,head_ablation,,,unknown,false,medium,
reports/meeting/thesis_pdf_source_bundle/analysis_packages/controlled_evolvegcn_regression_head_ablation_750u_top1000/aggregated_results.csv,report,head_ablation,,,unknown,false,medium,
reports/meeting/thesis_pdf_source_bundle/analysis_packages/controlled_evolvegcn_regression_head_ablation_750u_top1000/analysis_manifest.json,report,head_ablation,evolvegcn_h_750u_top1000_h32_seed123_none;evolvegcn_h_750u_top1000_h32_seed123_none_linear_head;evolvegcn_h_750u_top1000_h32_seed2025_none;evolvegcn_h_750u_top1000_h32_seed2025_none_linear_head;evolvegcn_h_750u_top1000_h32_seed42_none;evolvegcn_h_750u_top1000_h32_seed42_none_linear_head;evolvegcn_h_750u_top1000_h32_seed777_none;evolvegcn_h_750u_top1000_h32_seed777_none_linear_head;evolvegcn_h_750u_top1000_h32_seed999_none;evolvegcn_h_750u_top1000_h32_seed999_none_linear_head,,unknown,false,medium,
reports/meeting/thesis_pdf_source_bundle/analysis_packages/controlled_evolvegcn_regression_head_ablation_750u_top1000/compatibility_report.md,report,head_ablation,,,unknown,false,medium,
reports/meeting/thesis_pdf_source_bundle/analysis_packages/controlled_evolvegcn_regression_head_ablation_750u_top1000/controlled_progression_table.csv,report,head_ablation,,,unknown,false,medium,
reports/meeting/thesis_pdf_source_bundle/analysis_packages/controlled_evolvegcn_regression_head_ablation_750u_top1000/controlled_progression_table.md,report,head_ablation,,,unknown,false,medium,
reports/meeting/thesis_pdf_source_bundle/analysis_packages/controlled_evolvegcn_regression_head_ablation_750u_top1000/figures/controlled_progression.png,report,head_ablation,,,unknown,false,medium,
reports/meeting/thesis_pdf_source_bundle/analysis_packages/controlled_evolvegcn_regression_head_ablation_750u_top1000/figures/head_effect_summary.png,report,head_ablation,,,unknown,false,medium,
reports/meeting/thesis_pdf_source_bundle/analysis_packages/controlled_evolvegcn_regression_head_ablation_750u_top1000/figures/head_parameter_count_vs_mae.png,report,head_ablation,,,unknown,false,medium,
reports/meeting/thesis_pdf_source_bundle/analysis_packages/controlled_evolvegcn_regression_head_ablation_750u_top1000/figures/paired_mae_difference_by_seed.png,report,head_ablation,,,unknown,false,medium,
reports/meeting/thesis_pdf_source_bundle/analysis_packages/controlled_evolvegcn_regression_head_ablation_750u_top1000/figures/paired_r2_difference_by_seed.png,report,head_ablation,,,unknown,false,medium,
reports/meeting/thesis_pdf_source_bundle/analysis_packages/controlled_evolvegcn_regression_head_ablation_750u_top1000/figures/paired_rmse_difference_by_seed.png,report,head_ablation,,,unknown,false,medium,
reports/meeting/thesis_pdf_source_bundle/analysis_packages/controlled_evolvegcn_regression_head_ablation_750u_top1000/figures/per_seed_mae_trajectories.png,report,head_ablation,,,unknown,false,medium,
reports/meeting/thesis_pdf_source_bundle/analysis_packages/controlled_evolvegcn_regression_head_ablation_750u_top1000/figures/prediction_std_ratio_by_head.png,report,head_ablation,,,unknown,false,medium,
reports/meeting/thesis_pdf_source_bundle/analysis_packages/controlled_evolvegcn_regression_head_ablation_750u_top1000/figures/prediction_std_ratio_vs_regression_head.png,report,head_ablation,,,unknown,false,medium,
reports/meeting/thesis_pdf_source_bundle/analysis_packages/controlled_evolvegcn_regression_head_ablation_750u_top1000/figures/repeated_prediction_fraction_by_head.png,report,head_ablation,,,unknown,false,medium,
reports/meeting/thesis_pdf_source_bundle/analysis_packages/controlled_evolvegcn_regression_head_ablation_750u_top1000/figures/representative_prediction_distributions.png,report,head_ablation,,,unknown,false,medium,
reports/meeting/thesis_pdf_source_bundle/analysis_packages/controlled_evolvegcn_regression_head_ablation_750u_top1000/figures/representative_residuals_vs_true.png,report,head_ablation,,,unknown,false,medium,
reports/meeting/thesis_pdf_source_bundle/analysis_packages/controlled_evolvegcn_regression_head_ablation_750u_top1000/figures/representative_true_vs_predicted.png,report,head_ablation,,,unknown,false,medium,
reports/meeting/thesis_pdf_source_bundle/analysis_packages/controlled_evolvegcn_regression_head_ablation_750u_top1000/figures/residuals_vs_true_representative_runs.png,report,head_ablation,,,unknown,false,medium,
reports/meeting/thesis_pdf_source_bundle/analysis_packages/controlled_evolvegcn_regression_head_ablation_750u_top1000/figures/seed_variability_by_head.png,report,head_ablation,,,unknown,false,medium,
reports/meeting/thesis_pdf_source_bundle/analysis_packages/controlled_evolvegcn_regression_head_ablation_750u_top1000/figures/seed_variability_vs_regression_head.png,report,head_ablation,,,unknown,false,medium,
reports/meeting/thesis_pdf_source_bundle/analysis_packages/controlled_evolvegcn_regression_head_ablation_750u_top1000/figures/test_mae_by_regression_head.png,report,head_ablation,,,unknown,false,medium,
reports/meeting/thesis_pdf_source_bundle/analysis_packages/controlled_evolvegcn_regression_head_ablation_750u_top1000/figures/test_mae_vs_regression_head.png,report,head_ablation,,,unknown,false,medium,
reports/meeting/thesis_pdf_source_bundle/analysis_packages/controlled_evolvegcn_regression_head_ablation_750u_top1000/figures/test_r2_by_regression_head.png,report,head_ablation,,,unknown,false,medium,
reports/meeting/thesis_pdf_source_bundle/analysis_packages/controlled_evolvegcn_regression_head_ablation_750u_top1000/figures/test_r2_vs_regression_head.png,report,head_ablation,,,unknown,false,medium,
reports/meeting/thesis_pdf_source_bundle/analysis_packages/controlled_evolvegcn_regression_head_ablation_750u_top1000/figures/test_rmse_by_regression_head.png,report,head_ablation,,,unknown,false,medium,
reports/meeting/thesis_pdf_source_bundle/analysis_packages/controlled_evolvegcn_regression_head_ablation_750u_top1000/figures/test_rmse_vs_regression_head.png,report,head_ablation,,,unknown,false,medium,
reports/meeting/thesis_pdf_source_bundle/analysis_packages/controlled_evolvegcn_regression_head_ablation_750u_top1000/figures/true_vs_predicted_representative_runs.png,report,head_ablation,,,unknown,false,medium,
reports/meeting/thesis_pdf_source_bundle/analysis_packages/controlled_evolvegcn_regression_head_ablation_750u_top1000/head_implementation.md,report,head_ablation,,,unknown,false,medium,
reports/meeting/thesis_pdf_source_bundle/analysis_packages/controlled_evolvegcn_regression_head_ablation_750u_top1000/historical_context_table.csv,report,head_ablation,,,unknown,false,medium,
reports/meeting/thesis_pdf_source_bundle/analysis_packages/controlled_evolvegcn_regression_head_ablation_750u_top1000/historical_context_table.md,report,head_ablation,,,unknown,false,medium,
reports/meeting/thesis_pdf_source_bundle/analysis_packages/controlled_evolvegcn_regression_head_ablation_750u_top1000/paired_head_differences.csv,report,head_ablation,evolvegcn_h_750u_top1000_h32_seed123_none;evolvegcn_h_750u_top1000_h32_seed123_none_linear_head;evolvegcn_h_750u_top1000_h32_seed2025_none;evolvegcn_h_750u_top1000_h32_seed2025_none_linear_head;evolvegcn_h_750u_top1000_h32_seed42_none;evolvegcn_h_750u_top1000_h32_seed42_none_linear_head;evolvegcn_h_750u_top1000_h32_seed777_none;evolvegcn_h_750u_top1000_h32_seed777_none_linear_head;evolvegcn_h_750u_top1000_h32_seed999_none;evolvegcn_h_750u_top1000_h32_seed999_none_linear_head,,unknown,false,medium,
reports/meeting/thesis_pdf_source_bundle/analysis_packages/controlled_evolvegcn_regression_head_ablation_750u_top1000/prediction_diagnostics.csv,report,head_ablation,evolvegcn_h_750u_top1000_h32_seed123_none;evolvegcn_h_750u_top1000_h32_seed123_none_linear_head;evolvegcn_h_750u_top1000_h32_seed2025_none;evolvegcn_h_750u_top1000_h32_seed2025_none_linear_head;evolvegcn_h_750u_top1000_h32_seed42_none;evolvegcn_h_750u_top1000_h32_seed42_none_linear_head;evolvegcn_h_750u_top1000_h32_seed777_none;evolvegcn_h_750u_top1000_h32_seed777_none_linear_head;evolvegcn_h_750u_top1000_h32_seed999_none;evolvegcn_h_750u_top1000_h32_seed999_none_linear_head,,unknown,false,medium,
reports/meeting/thesis_pdf_source_bundle/analysis_packages/controlled_evolvegcn_regression_head_ablation_750u_top1000/presentation_ready_summary.md,report,head_ablation,,,unknown,false,medium,
reports/meeting/thesis_pdf_source_bundle/analysis_packages/controlled_evolvegcn_regression_head_ablation_750u_top1000/protocol_table.csv,report,head_ablation,,,unknown,false,medium,
reports/meeting/thesis_pdf_source_bundle/analysis_packages/controlled_evolvegcn_regression_head_ablation_750u_top1000/protocol_table.md,report,head_ablation,,,unknown,false,medium,
reports/meeting/thesis_pdf_source_bundle/analysis_packages/controlled_evolvegcn_regression_head_ablation_750u_top1000/representative_runs.csv,report,head_ablation,evolvegcn_h_750u_top1000_h32_seed123_none;evolvegcn_h_750u_top1000_h32_seed123_none_linear_head;evolvegcn_h_750u_top1000_h32_seed42_none,,unknown,false,medium,
reports/meeting/thesis_pdf_source_bundle/analysis_packages/controlled_evolvegcn_regression_head_ablation_750u_top1000/scientific_summary.md,report,head_ablation,,,unknown,false,medium,
reports/meeting/thesis_pdf_source_bundle/analysis_packages/controlled_evolvegcn_regression_head_ablation_750u_top1000/seed_level_results.csv,report,head_ablation,evolvegcn_h_750u_top1000_h32_seed123_none;evolvegcn_h_750u_top1000_h32_seed123_none_linear_head;evolvegcn_h_750u_top1000_h32_seed2025_none;evolvegcn_h_750u_top1000_h32_seed2025_none_linear_head;evolvegcn_h_750u_top1000_h32_seed42_none;evolvegcn_h_750u_top1000_h32_seed42_none_linear_head;evolvegcn_h_750u_top1000_h32_seed777_none;evolvegcn_h_750u_top1000_h32_seed777_none_linear_head;evolvegcn_h_750u_top1000_h32_seed999_none;evolvegcn_h_750u_top1000_h32_seed999_none_linear_head,,unknown,false,medium,
reports/meeting/thesis_pdf_source_bundle/analysis_packages/controlled_evolvegcn_regression_head_ablation_750u_top1000/tables/aggregate_head_results.csv,report,head_ablation,,,unknown,false,medium,
reports/meeting/thesis_pdf_source_bundle/analysis_packages/controlled_evolvegcn_regression_head_ablation_750u_top1000/tables/aggregate_head_results.md,report,head_ablation,,,unknown,false,medium,
reports/meeting/thesis_pdf_source_bundle/analysis_packages/controlled_evolvegcn_regression_head_ablation_750u_top1000/tables/aggregate_head_results.tex,report,head_ablation,,,unknown,false,medium,
reports/meeting/thesis_pdf_source_bundle/analysis_packages/controlled_evolvegcn_regression_head_ablation_750u_top1000/tables/controlled_progression_table.csv,report,head_ablation,,,unknown,false,medium,
reports/meeting/thesis_pdf_source_bundle/analysis_packages/controlled_evolvegcn_regression_head_ablation_750u_top1000/tables/controlled_progression_table.md,report,head_ablation,,,unknown,false,medium,
reports/meeting/thesis_pdf_source_bundle/analysis_packages/controlled_evolvegcn_regression_head_ablation_750u_top1000/tables/controlled_progression_table.tex,report,head_ablation,,,unknown,false,medium,
reports/meeting/thesis_pdf_source_bundle/analysis_packages/controlled_evolvegcn_regression_head_ablation_750u_top1000/tables/descriptive_head_summary.csv,report,head_ablation,,,unknown,false,medium,
reports/meeting/thesis_pdf_source_bundle/analysis_packages/controlled_evolvegcn_regression_head_ablation_750u_top1000/tables/descriptive_head_summary.md,report,head_ablation,,,unknown,false,medium,
reports/meeting/thesis_pdf_source_bundle/analysis_packages/controlled_evolvegcn_regression_head_ablation_750u_top1000/tables/head_parameter_comparison.csv,report,head_ablation,,,unknown,false,medium,
reports/meeting/thesis_pdf_source_bundle/analysis_packages/controlled_evolvegcn_regression_head_ablation_750u_top1000/tables/head_parameter_comparison.md,report,head_ablation,,,unknown,false,medium,
reports/meeting/thesis_pdf_source_bundle/analysis_packages/controlled_evolvegcn_regression_head_ablation_750u_top1000/tables/head_parameter_comparison.tex,report,head_ablation,,,unknown,false,medium,
reports/meeting/thesis_pdf_source_bundle/analysis_packages/controlled_evolvegcn_regression_head_ablation_750u_top1000/tables/main_results_table.csv,report,head_ablation,,,unknown,false,medium,
reports/meeting/thesis_pdf_source_bundle/analysis_packages/controlled_evolvegcn_regression_head_ablation_750u_top1000/tables/main_results_table.md,report,head_ablation,,,unknown,false,medium,
reports/meeting/thesis_pdf_source_bundle/analysis_packages/controlled_evolvegcn_regression_head_ablation_750u_top1000/tables/main_results_table.tex,report,head_ablation,,,unknown,false,medium,
reports/meeting/thesis_pdf_source_bundle/analysis_packages/controlled_evolvegcn_regression_head_ablation_750u_top1000/tables/paired_head_differences.csv,report,head_ablation,evolvegcn_h_750u_top1000_h32_seed123_none;evolvegcn_h_750u_top1000_h32_seed123_none_linear_head;evolvegcn_h_750u_top1000_h32_seed2025_none;evolvegcn_h_750u_top1000_h32_seed2025_none_linear_head;evolvegcn_h_750u_top1000_h32_seed42_none;evolvegcn_h_750u_top1000_h32_seed42_none_linear_head;evolvegcn_h_750u_top1000_h32_seed777_none;evolvegcn_h_750u_top1000_h32_seed777_none_linear_head;evolvegcn_h_750u_top1000_h32_seed999_none;evolvegcn_h_750u_top1000_h32_seed999_none_linear_head,,unknown,false,medium,
reports/meeting/thesis_pdf_source_bundle/analysis_packages/controlled_evolvegcn_regression_head_ablation_750u_top1000/tables/paired_head_differences.md,report,head_ablation,evolvegcn_h_750u_top1000_h32_seed123_none;evolvegcn_h_750u_top1000_h32_seed123_none_linear_head;evolvegcn_h_750u_top1000_h32_seed2025_none;evolvegcn_h_750u_top1000_h32_seed2025_none_linear_head;evolvegcn_h_750u_top1000_h32_seed42_none;evolvegcn_h_750u_top1000_h32_seed42_none_linear_head;evolvegcn_h_750u_top1000_h32_seed777_none;evolvegcn_h_750u_top1000_h32_seed777_none_linear_head;evolvegcn_h_750u_top1000_h32_seed999_none;evolvegcn_h_750u_top1000_h32_seed999_none_linear_head,,unknown,false,medium,
reports/meeting/thesis_pdf_source_bundle/analysis_packages/controlled_evolvegcn_regression_head_ablation_750u_top1000/tables/paired_head_differences.tex,report,head_ablation,,,unknown,false,medium,
reports/meeting/thesis_pdf_source_bundle/analysis_packages/controlled_evolvegcn_regression_head_ablation_750u_top1000/tables/prediction_collapse_diagnostics.csv,report,head_ablation,evolvegcn_h_750u_top1000_h32_seed123_none;evolvegcn_h_750u_top1000_h32_seed123_none_linear_head;evolvegcn_h_750u_top1000_h32_seed2025_none;evolvegcn_h_750u_top1000_h32_seed2025_none_linear_head;evolvegcn_h_750u_top1000_h32_seed42_none;evolvegcn_h_750u_top1000_h32_seed42_none_linear_head;evolvegcn_h_750u_top1000_h32_seed777_none;evolvegcn_h_750u_top1000_h32_seed777_none_linear_head;evolvegcn_h_750u_top1000_h32_seed999_none;evolvegcn_h_750u_top1000_h32_seed999_none_linear_head,,unknown,false,medium,
reports/meeting/thesis_pdf_source_bundle/analysis_packages/controlled_evolvegcn_regression_head_ablation_750u_top1000/tables/prediction_collapse_diagnostics.md,report,head_ablation,evolvegcn_h_750u_top1000_h32_seed123_none;evolvegcn_h_750u_top1000_h32_seed123_none_linear_head;evolvegcn_h_750u_top1000_h32_seed2025_none;evolvegcn_h_750u_top1000_h32_seed2025_none_linear_head;evolvegcn_h_750u_top1000_h32_seed42_none;evolvegcn_h_750u_top1000_h32_seed42_none_linear_head;evolvegcn_h_750u_top1000_h32_seed777_none;evolvegcn_h_750u_top1000_h32_seed777_none_linear_head;evolvegcn_h_750u_top1000_h32_seed999_none;evolvegcn_h_750u_top1000_h32_seed999_none_linear_head,,unknown,false,medium,
reports/meeting/thesis_pdf_source_bundle/analysis_packages/controlled_evolvegcn_regression_head_ablation_750u_top1000/tables/prediction_collapse_diagnostics.tex,report,head_ablation,,,unknown,false,medium,
reports/meeting/thesis_pdf_source_bundle/analysis_packages/controlled_evolvegcn_regression_head_ablation_750u_top1000/tables/seed_level_head_results.csv,report,head_ablation,evolvegcn_h_750u_top1000_h32_seed123_none;evolvegcn_h_750u_top1000_h32_seed123_none_linear_head;evolvegcn_h_750u_top1000_h32_seed2025_none;evolvegcn_h_750u_top1000_h32_seed2025_none_linear_head;evolvegcn_h_750u_top1000_h32_seed42_none;evolvegcn_h_750u_top1000_h32_seed42_none_linear_head;evolvegcn_h_750u_top1000_h32_seed777_none;evolvegcn_h_750u_top1000_h32_seed777_none_linear_head;evolvegcn_h_750u_top1000_h32_seed999_none;evolvegcn_h_750u_top1000_h32_seed999_none_linear_head,,unknown,false,medium,
reports/meeting/thesis_pdf_source_bundle/analysis_packages/controlled_evolvegcn_regression_head_ablation_750u_top1000/tables/seed_level_head_results.md,report,head_ablation,evolvegcn_h_750u_top1000_h32_seed123_none;evolvegcn_h_750u_top1000_h32_seed123_none_linear_head;evolvegcn_h_750u_top1000_h32_seed2025_none;evolvegcn_h_750u_top1000_h32_seed2025_none_linear_head;evolvegcn_h_750u_top1000_h32_seed42_none;evolvegcn_h_750u_top1000_h32_seed42_none_linear_head;evolvegcn_h_750u_top1000_h32_seed777_none;evolvegcn_h_750u_top1000_h32_seed777_none_linear_head;evolvegcn_h_750u_top1000_h32_seed999_none;evolvegcn_h_750u_top1000_h32_seed999_none_linear_head,,unknown,false,medium,
reports/meeting/thesis_pdf_source_bundle/analysis_packages/controlled_evolvegcn_regression_head_ablation_750u_top1000/tables/seed_level_head_results.tex,report,head_ablation,,,unknown,false,medium,
reports/meeting/thesis_pdf_source_bundle/analysis_packages/controlled_evolvegcn_regression_head_ablation_750u_top1000/thesis_section.md,report,head_ablation,,,unknown,false,medium,
reports/meeting/thesis_pdf_source_bundle/analysis_packages/controlled_knn_by_hidden_dim_factorial_500u_top100/README.md,report,knn_ablation,,,unknown,false,medium,
reports/meeting/thesis_pdf_source_bundle/analysis_packages/controlled_knn_by_hidden_dim_factorial_500u_top100/aggregated_results.csv,report,knn_ablation,,,unknown,false,medium,
reports/meeting/thesis_pdf_source_bundle/analysis_packages/controlled_knn_by_hidden_dim_factorial_500u_top100/analysis_manifest.json,report,knn_ablation,evolvegcn_h_500u_k12_seed123;evolvegcn_h_500u_k12_seed2025;evolvegcn_h_500u_k12_seed42;evolvegcn_h_500u_k4_seed123;evolvegcn_h_500u_k4_seed2025;evolvegcn_h_500u_k4_seed42;evolvegcn_h_500u_k6_seed123;evolvegcn_h_500u_k6_seed2025;evolvegcn_h_500u_k6_seed42;evolvegcn_h_500u_k8_h64_seed123;evolvegcn_h_500u_k8_h64_seed2025;evolvegcn_h_500u_k8_h64_seed42;evolvegcn_h_500u_seed123_final32;evolvegcn_h_500u_seed2025_final32;evolvegcn_h_500u_seed42_final32;evolvegcn_h_u500_top100_norm-minmax_k12_h32_l2_factorial_seed123;evolvegcn_h_u500_top100_norm-minmax_k12_h32_l2_factorial_seed2025;evolvegcn_h_u500_top100_norm-minmax_k12_h32_l2_factorial_seed42;evolvegcn_h_u500_top100_norm-minmax_k4_h32_l2_factorial_seed123;evolvegcn_h_u500_top100_norm-minmax_k4_h32_l2_factorial_seed2025;evolvegcn_h_u500_top100_norm-minmax_k4_h32_l2_factorial_seed42;evolvegcn_h_u500_top100_norm-minmax_k6_h32_l2_factorial_seed123;evolvegcn_h_u500_top100_norm-minmax_k6_h32_l2_factorial_seed2025;evolvegcn_h_u500_top100_norm-minmax_k6_h32_l2_factorial_seed42;static_gcn_500u_k12_seed123;static_gcn_500u_k12_seed2025;static_gcn_500u_k12_seed42;static_gcn_500u_k4_seed123;static_gcn_500u_k4_seed2025;static_gcn_500u_k4_seed42;static_gcn_500u_k6_seed123;static_gcn_500u_k6_seed2025;static_gcn_500u_k6_seed42;static_gcn_500u_k8_h64_seed123;static_gcn_500u_k8_h64_seed2025;static_gcn_500u_k8_h64_seed42;static_gcn_u500_top100_norm-minmax_k12_h32_l3_gpool-mean_conv-gcn_batch8_factorial_seed123;static_gcn_u500_top100_norm-minmax_k12_h32_l3_gpool-mean_conv-gcn_batch8_factorial_seed2025;static_gcn_u500_top100_norm-minmax_k12_h32_l3_gpool-mean_conv-gcn_batch8_factorial_seed42;static_gcn_u500_top100_norm-minmax_k4_h32_l3_gpool-mean_conv-gcn_batch8_factorial_seed123;static_gcn_u500_top100_norm-minmax_k4_h32_l3_gpool-mean_conv-gcn_batch8_factorial_seed2025;static_gcn_u500_top100_norm-minmax_k4_h32_l3_gpool-mean_conv-gcn_batch8_factorial_seed42;static_gcn_u500_top100_norm-minmax_k6_h32_l3_gpool-mean_conv-gcn_batch8_factorial_seed123;static_gcn_u500_top100_norm-minmax_k6_h32_l3_gpool-mean_conv-gcn_batch8_factorial_seed2025;static_gcn_u500_top100_norm-minmax_k6_h32_l3_gpool-mean_conv-gcn_batch8_factorial_seed42;static_gcn_u500_top100_norm-minmax_k8_h32_l3_gpool-mean_conv-gcn_batch8_factorial_seed123;static_gcn_u500_top100_norm-minmax_k8_h32_l3_gpool-mean_conv-gcn_batch8_factorial_seed2025;static_gcn_u500_top100_norm-minmax_k8_h32_l3_gpool-mean_conv-gcn_batch8_factorial_seed42,,unknown,false,medium,
reports/meeting/thesis_pdf_source_bundle/analysis_packages/controlled_knn_by_hidden_dim_factorial_500u_top100/compatibility_report.md,report,knn_ablation,,,unknown,false,medium,
reports/meeting/thesis_pdf_source_bundle/analysis_packages/controlled_knn_by_hidden_dim_factorial_500u_top100/factorial_interaction_summary.csv,report,knn_ablation,,,unknown,false,medium,
reports/meeting/thesis_pdf_source_bundle/analysis_packages/controlled_knn_by_hidden_dim_factorial_500u_top100/figures/h64_consistency_with_existing_analysis.png,report,knn_ablation,,,unknown,false,medium,
reports/meeting/thesis_pdf_source_bundle/analysis_packages/controlled_knn_by_hidden_dim_factorial_500u_top100/figures/mae_heatmap_k_by_hidden_dim_evolvegcn.png,report,knn_ablation,,,unknown,false,medium,
reports/meeting/thesis_pdf_source_bundle/analysis_packages/controlled_knn_by_hidden_dim_factorial_500u_top100/figures/mae_heatmap_k_by_hidden_dim_static.png,report,knn_ablation,,,unknown,false,medium,
reports/meeting/thesis_pdf_source_bundle/analysis_packages/controlled_knn_by_hidden_dim_factorial_500u_top100/figures/paired_mae_difference_vs_factorial_cell.png,report,knn_ablation,,,unknown,false,medium,
reports/meeting/thesis_pdf_source_bundle/analysis_packages/controlled_knn_by_hidden_dim_factorial_500u_top100/figures/paired_model_mae_difference_vs_k.png,report,knn_ablation,,,unknown,false,medium,
reports/meeting/thesis_pdf_source_bundle/analysis_packages/controlled_knn_by_hidden_dim_factorial_500u_top100/figures/paired_width_mae_difference_vs_k.png,report,knn_ablation,,,unknown,false,medium,
reports/meeting/thesis_pdf_source_bundle/analysis_packages/controlled_knn_by_hidden_dim_factorial_500u_top100/figures/prediction_std_ratio_vs_factorial_cell.png,report,knn_ablation,,,unknown,false,medium,
reports/meeting/thesis_pdf_source_bundle/analysis_packages/controlled_knn_by_hidden_dim_factorial_500u_top100/figures/prediction_std_ratio_vs_k_and_width.png,report,knn_ablation,,,unknown,false,medium,
reports/meeting/thesis_pdf_source_bundle/analysis_packages/controlled_knn_by_hidden_dim_factorial_500u_top100/figures/repeated_prediction_fraction_vs_k_and_width.png,report,knn_ablation,,,unknown,false,medium,
reports/meeting/thesis_pdf_source_bundle/analysis_packages/controlled_knn_by_hidden_dim_factorial_500u_top100/figures/representative_prediction_distributions.png,report,knn_ablation,,,unknown,false,medium,
reports/meeting/thesis_pdf_source_bundle/analysis_packages/controlled_knn_by_hidden_dim_factorial_500u_top100/figures/representative_residuals_vs_true.png,report,knn_ablation,,,unknown,false,medium,
reports/meeting/thesis_pdf_source_bundle/analysis_packages/controlled_knn_by_hidden_dim_factorial_500u_top100/figures/representative_true_vs_predicted.png,report,knn_ablation,,,unknown,false,medium,
reports/meeting/thesis_pdf_source_bundle/analysis_packages/controlled_knn_by_hidden_dim_factorial_500u_top100/figures/residuals_vs_true_representative_runs.png,report,knn_ablation,,,unknown,false,medium,
reports/meeting/thesis_pdf_source_bundle/analysis_packages/controlled_knn_by_hidden_dim_factorial_500u_top100/figures/seed_variability_vs_factorial_cell.png,report,knn_ablation,,,unknown,false,medium,
reports/meeting/thesis_pdf_source_bundle/analysis_packages/controlled_knn_by_hidden_dim_factorial_500u_top100/figures/seed_variability_vs_k_and_width.png,report,knn_ablation,,,unknown,false,medium,
reports/meeting/thesis_pdf_source_bundle/analysis_packages/controlled_knn_by_hidden_dim_factorial_500u_top100/figures/test_mae_vs_factorial_cell.png,report,knn_ablation,,,unknown,false,medium,
reports/meeting/thesis_pdf_source_bundle/analysis_packages/controlled_knn_by_hidden_dim_factorial_500u_top100/figures/test_mae_vs_k_by_hidden_dim.png,report,knn_ablation,,,unknown,false,medium,
reports/meeting/thesis_pdf_source_bundle/analysis_packages/controlled_knn_by_hidden_dim_factorial_500u_top100/figures/test_r2_vs_factorial_cell.png,report,knn_ablation,,,unknown,false,medium,
reports/meeting/thesis_pdf_source_bundle/analysis_packages/controlled_knn_by_hidden_dim_factorial_500u_top100/figures/test_r2_vs_k_by_hidden_dim.png,report,knn_ablation,,,unknown,false,medium,
reports/meeting/thesis_pdf_source_bundle/analysis_packages/controlled_knn_by_hidden_dim_factorial_500u_top100/figures/test_rmse_vs_factorial_cell.png,report,knn_ablation,,,unknown,false,medium,
reports/meeting/thesis_pdf_source_bundle/analysis_packages/controlled_knn_by_hidden_dim_factorial_500u_top100/figures/test_rmse_vs_k_by_hidden_dim.png,report,knn_ablation,,,unknown,false,medium,
reports/meeting/thesis_pdf_source_bundle/analysis_packages/controlled_knn_by_hidden_dim_factorial_500u_top100/figures/true_vs_predicted_representative_runs.png,report,knn_ablation,,,unknown,false,medium,
reports/meeting/thesis_pdf_source_bundle/analysis_packages/controlled_knn_by_hidden_dim_factorial_500u_top100/h64_slice_consistency_report.md,report,knn_ablation,,,unknown,false,medium,
reports/meeting/thesis_pdf_source_bundle/analysis_packages/controlled_knn_by_hidden_dim_factorial_500u_top100/paired_model_differences.csv,report,knn_ablation,evolvegcn_h_500u_k12_seed123;evolvegcn_h_500u_k12_seed2025;evolvegcn_h_500u_k12_seed42;evolvegcn_h_500u_k4_seed123;evolvegcn_h_500u_k4_seed2025;evolvegcn_h_500u_k4_seed42;evolvegcn_h_500u_k6_seed123;evolvegcn_h_500u_k6_seed2025;evolvegcn_h_500u_k6_seed42;evolvegcn_h_500u_k8_h64_seed123;evolvegcn_h_500u_k8_h64_seed2025;evolvegcn_h_500u_k8_h64_seed42;evolvegcn_h_500u_seed123_final32;evolvegcn_h_500u_seed2025_final32;evolvegcn_h_500u_seed42_final32;evolvegcn_h_u500_top100_norm-minmax_k12_h32_l2_factorial_seed123;evolvegcn_h_u500_top100_norm-minmax_k12_h32_l2_factorial_seed2025;evolvegcn_h_u500_top100_norm-minmax_k12_h32_l2_factorial_seed42;evolvegcn_h_u500_top100_norm-minmax_k4_h32_l2_factorial_seed123;evolvegcn_h_u500_top100_norm-minmax_k4_h32_l2_factorial_seed2025;evolvegcn_h_u500_top100_norm-minmax_k4_h32_l2_factorial_seed42;evolvegcn_h_u500_top100_norm-minmax_k6_h32_l2_factorial_seed123;evolvegcn_h_u500_top100_norm-minmax_k6_h32_l2_factorial_seed2025;evolvegcn_h_u500_top100_norm-minmax_k6_h32_l2_factorial_seed42;static_gcn_500u_k12_seed123;static_gcn_500u_k12_seed2025;static_gcn_500u_k12_seed42;static_gcn_500u_k4_seed123;static_gcn_500u_k4_seed2025;static_gcn_500u_k4_seed42;static_gcn_500u_k6_seed123;static_gcn_500u_k6_seed2025;static_gcn_500u_k6_seed42;static_gcn_500u_k8_h64_seed123;static_gcn_500u_k8_h64_seed2025;static_gcn_500u_k8_h64_seed42;static_gcn_u500_top100_norm-minmax_k12_h32_l3_gpool-mean_conv-gcn_batch8_factorial_seed123;static_gcn_u500_top100_norm-minmax_k12_h32_l3_gpool-mean_conv-gcn_batch8_factorial_seed2025;static_gcn_u500_top100_norm-minmax_k12_h32_l3_gpool-mean_conv-gcn_batch8_factorial_seed42;static_gcn_u500_top100_norm-minmax_k4_h32_l3_gpool-mean_conv-gcn_batch8_factorial_seed123;static_gcn_u500_top100_norm-minmax_k4_h32_l3_gpool-mean_conv-gcn_batch8_factorial_seed2025;static_gcn_u500_top100_norm-minmax_k4_h32_l3_gpool-mean_conv-gcn_batch8_factorial_seed42;static_gcn_u500_top100_norm-minmax_k6_h32_l3_gpool-mean_conv-gcn_batch8_factorial_seed123;static_gcn_u500_top100_norm-minmax_k6_h32_l3_gpool-mean_conv-gcn_batch8_factorial_seed2025;static_gcn_u500_top100_norm-minmax_k6_h32_l3_gpool-mean_conv-gcn_batch8_factorial_seed42;static_gcn_u500_top100_norm-minmax_k8_h32_l3_gpool-mean_conv-gcn_batch8_factorial_seed123;static_gcn_u500_top100_norm-minmax_k8_h32_l3_gpool-mean_conv-gcn_batch8_factorial_seed2025;static_gcn_u500_top100_norm-minmax_k8_h32_l3_gpool-mean_conv-gcn_batch8_factorial_seed42,,unknown,false,medium,
reports/meeting/thesis_pdf_source_bundle/analysis_packages/controlled_knn_by_hidden_dim_factorial_500u_top100/paired_width_differences.csv,report,knn_ablation,evolvegcn_h_500u_k12_seed123;evolvegcn_h_500u_k12_seed2025;evolvegcn_h_500u_k12_seed42;evolvegcn_h_500u_k4_seed123;evolvegcn_h_500u_k4_seed2025;evolvegcn_h_500u_k4_seed42;evolvegcn_h_500u_k6_seed123;evolvegcn_h_500u_k6_seed2025;evolvegcn_h_500u_k6_seed42;evolvegcn_h_500u_k8_h64_seed123;evolvegcn_h_500u_k8_h64_seed2025;evolvegcn_h_500u_k8_h64_seed42;evolvegcn_h_500u_seed123_final32;evolvegcn_h_500u_seed2025_final32;evolvegcn_h_500u_seed42_final32;evolvegcn_h_u500_top100_norm-minmax_k12_h32_l2_factorial_seed123;evolvegcn_h_u500_top100_norm-minmax_k12_h32_l2_factorial_seed2025;evolvegcn_h_u500_top100_norm-minmax_k12_h32_l2_factorial_seed42;evolvegcn_h_u500_top100_norm-minmax_k4_h32_l2_factorial_seed123;evolvegcn_h_u500_top100_norm-minmax_k4_h32_l2_factorial_seed2025;evolvegcn_h_u500_top100_norm-minmax_k4_h32_l2_factorial_seed42;evolvegcn_h_u500_top100_norm-minmax_k6_h32_l2_factorial_seed123;evolvegcn_h_u500_top100_norm-minmax_k6_h32_l2_factorial_seed2025;evolvegcn_h_u500_top100_norm-minmax_k6_h32_l2_factorial_seed42;static_gcn_500u_k12_seed123;static_gcn_500u_k12_seed2025;static_gcn_500u_k12_seed42;static_gcn_500u_k4_seed123;static_gcn_500u_k4_seed2025;static_gcn_500u_k4_seed42;static_gcn_500u_k6_seed123;static_gcn_500u_k6_seed2025;static_gcn_500u_k6_seed42;static_gcn_500u_k8_h64_seed123;static_gcn_500u_k8_h64_seed2025;static_gcn_500u_k8_h64_seed42;static_gcn_u500_top100_norm-minmax_k12_h32_l3_gpool-mean_conv-gcn_batch8_factorial_seed123;static_gcn_u500_top100_norm-minmax_k12_h32_l3_gpool-mean_conv-gcn_batch8_factorial_seed2025;static_gcn_u500_top100_norm-minmax_k12_h32_l3_gpool-mean_conv-gcn_batch8_factorial_seed42;static_gcn_u500_top100_norm-minmax_k4_h32_l3_gpool-mean_conv-gcn_batch8_factorial_seed123;static_gcn_u500_top100_norm-minmax_k4_h32_l3_gpool-mean_conv-gcn_batch8_factorial_seed2025;static_gcn_u500_top100_norm-minmax_k4_h32_l3_gpool-mean_conv-gcn_batch8_factorial_seed42;static_gcn_u500_top100_norm-minmax_k6_h32_l3_gpool-mean_conv-gcn_batch8_factorial_seed123;static_gcn_u500_top100_norm-minmax_k6_h32_l3_gpool-mean_conv-gcn_batch8_factorial_seed2025;static_gcn_u500_top100_norm-minmax_k6_h32_l3_gpool-mean_conv-gcn_batch8_factorial_seed42;static_gcn_u500_top100_norm-minmax_k8_h32_l3_gpool-mean_conv-gcn_batch8_factorial_seed123;static_gcn_u500_top100_norm-minmax_k8_h32_l3_gpool-mean_conv-gcn_batch8_factorial_seed2025;static_gcn_u500_top100_norm-minmax_k8_h32_l3_gpool-mean_conv-gcn_batch8_factorial_seed42,,unknown,false,medium,
reports/meeting/thesis_pdf_source_bundle/analysis_packages/controlled_knn_by_hidden_dim_factorial_500u_top100/prediction_diagnostics.csv,report,knn_ablation,evolvegcn_h_500u_k12_seed123;evolvegcn_h_500u_k12_seed2025;evolvegcn_h_500u_k12_seed42;evolvegcn_h_500u_k4_seed123;evolvegcn_h_500u_k4_seed2025;evolvegcn_h_500u_k4_seed42;evolvegcn_h_500u_k6_seed123;evolvegcn_h_500u_k6_seed2025;evolvegcn_h_500u_k6_seed42;evolvegcn_h_500u_k8_h64_seed123;evolvegcn_h_500u_k8_h64_seed2025;evolvegcn_h_500u_k8_h64_seed42;evolvegcn_h_500u_seed123_final32;evolvegcn_h_500u_seed2025_final32;evolvegcn_h_500u_seed42_final32;evolvegcn_h_u500_top100_norm-minmax_k12_h32_l2_factorial_seed123;evolvegcn_h_u500_top100_norm-minmax_k12_h32_l2_factorial_seed2025;evolvegcn_h_u500_top100_norm-minmax_k12_h32_l2_factorial_seed42;evolvegcn_h_u500_top100_norm-minmax_k4_h32_l2_factorial_seed123;evolvegcn_h_u500_top100_norm-minmax_k4_h32_l2_factorial_seed2025;evolvegcn_h_u500_top100_norm-minmax_k4_h32_l2_factorial_seed42;evolvegcn_h_u500_top100_norm-minmax_k6_h32_l2_factorial_seed123;evolvegcn_h_u500_top100_norm-minmax_k6_h32_l2_factorial_seed2025;evolvegcn_h_u500_top100_norm-minmax_k6_h32_l2_factorial_seed42;static_gcn_500u_k12_seed123;static_gcn_500u_k12_seed2025;static_gcn_500u_k12_seed42;static_gcn_500u_k4_seed123;static_gcn_500u_k4_seed2025;static_gcn_500u_k4_seed42;static_gcn_500u_k6_seed123;static_gcn_500u_k6_seed2025;static_gcn_500u_k6_seed42;static_gcn_500u_k8_h64_seed123;static_gcn_500u_k8_h64_seed2025;static_gcn_500u_k8_h64_seed42;static_gcn_u500_top100_norm-minmax_k12_h32_l3_gpool-mean_conv-gcn_batch8_factorial_seed123;static_gcn_u500_top100_norm-minmax_k12_h32_l3_gpool-mean_conv-gcn_batch8_factorial_seed2025;static_gcn_u500_top100_norm-minmax_k12_h32_l3_gpool-mean_conv-gcn_batch8_factorial_seed42;static_gcn_u500_top100_norm-minmax_k4_h32_l3_gpool-mean_conv-gcn_batch8_factorial_seed123;static_gcn_u500_top100_norm-minmax_k4_h32_l3_gpool-mean_conv-gcn_batch8_factorial_seed2025;static_gcn_u500_top100_norm-minmax_k4_h32_l3_gpool-mean_conv-gcn_batch8_factorial_seed42;static_gcn_u500_top100_norm-minmax_k6_h32_l3_gpool-mean_conv-gcn_batch8_factorial_seed123;static_gcn_u500_top100_norm-minmax_k6_h32_l3_gpool-mean_conv-gcn_batch8_factorial_seed2025;static_gcn_u500_top100_norm-minmax_k6_h32_l3_gpool-mean_conv-gcn_batch8_factorial_seed42;static_gcn_u500_top100_norm-minmax_k8_h32_l3_gpool-mean_conv-gcn_batch8_factorial_seed123;static_gcn_u500_top100_norm-minmax_k8_h32_l3_gpool-mean_conv-gcn_batch8_factorial_seed2025;static_gcn_u500_top100_norm-minmax_k8_h32_l3_gpool-mean_conv-gcn_batch8_factorial_seed42,,unknown,false,medium,
reports/meeting/thesis_pdf_source_bundle/analysis_packages/controlled_knn_by_hidden_dim_factorial_500u_top100/presentation_ready_summary.md,report,knn_ablation,,,unknown,false,medium,
reports/meeting/thesis_pdf_source_bundle/analysis_packages/controlled_knn_by_hidden_dim_factorial_500u_top100/protocol_table.csv,report,knn_ablation,,,unknown,false,medium,
reports/meeting/thesis_pdf_source_bundle/analysis_packages/controlled_knn_by_hidden_dim_factorial_500u_top100/protocol_table.md,report,knn_ablation,,,unknown,false,medium,
reports/meeting/thesis_pdf_source_bundle/analysis_packages/controlled_knn_by_hidden_dim_factorial_500u_top100/scientific_summary.md,report,knn_ablation,,,unknown,false,medium,
reports/meeting/thesis_pdf_source_bundle/analysis_packages/controlled_knn_by_hidden_dim_factorial_500u_top100/seed_level_results.csv,report,knn_ablation,evolvegcn_h_500u_k12_seed123;evolvegcn_h_500u_k12_seed2025;evolvegcn_h_500u_k12_seed42;evolvegcn_h_500u_k4_seed123;evolvegcn_h_500u_k4_seed2025;evolvegcn_h_500u_k4_seed42;evolvegcn_h_500u_k6_seed123;evolvegcn_h_500u_k6_seed2025;evolvegcn_h_500u_k6_seed42;evolvegcn_h_500u_k8_h64_seed123;evolvegcn_h_500u_k8_h64_seed2025;evolvegcn_h_500u_k8_h64_seed42;evolvegcn_h_500u_seed123_final32;evolvegcn_h_500u_seed2025_final32;evolvegcn_h_500u_seed42_final32;evolvegcn_h_u500_top100_norm-minmax_k12_h32_l2_factorial_seed123;evolvegcn_h_u500_top100_norm-minmax_k12_h32_l2_factorial_seed2025;evolvegcn_h_u500_top100_norm-minmax_k12_h32_l2_factorial_seed42;evolvegcn_h_u500_top100_norm-minmax_k4_h32_l2_factorial_seed123;evolvegcn_h_u500_top100_norm-minmax_k4_h32_l2_factorial_seed2025;evolvegcn_h_u500_top100_norm-minmax_k4_h32_l2_factorial_seed42;evolvegcn_h_u500_top100_norm-minmax_k6_h32_l2_factorial_seed123;evolvegcn_h_u500_top100_norm-minmax_k6_h32_l2_factorial_seed2025;evolvegcn_h_u500_top100_norm-minmax_k6_h32_l2_factorial_seed42;static_gcn_500u_k12_seed123;static_gcn_500u_k12_seed2025;static_gcn_500u_k12_seed42;static_gcn_500u_k4_seed123;static_gcn_500u_k4_seed2025;static_gcn_500u_k4_seed42;static_gcn_500u_k6_seed123;static_gcn_500u_k6_seed2025;static_gcn_500u_k6_seed42;static_gcn_500u_k8_h64_seed123;static_gcn_500u_k8_h64_seed2025;static_gcn_500u_k8_h64_seed42;static_gcn_u500_top100_norm-minmax_k12_h32_l3_gpool-mean_conv-gcn_batch8_factorial_seed123;static_gcn_u500_top100_norm-minmax_k12_h32_l3_gpool-mean_conv-gcn_batch8_factorial_seed2025;static_gcn_u500_top100_norm-minmax_k12_h32_l3_gpool-mean_conv-gcn_batch8_factorial_seed42;static_gcn_u500_top100_norm-minmax_k4_h32_l3_gpool-mean_conv-gcn_batch8_factorial_seed123;static_gcn_u500_top100_norm-minmax_k4_h32_l3_gpool-mean_conv-gcn_batch8_factorial_seed2025;static_gcn_u500_top100_norm-minmax_k4_h32_l3_gpool-mean_conv-gcn_batch8_factorial_seed42;static_gcn_u500_top100_norm-minmax_k6_h32_l3_gpool-mean_conv-gcn_batch8_factorial_seed123;static_gcn_u500_top100_norm-minmax_k6_h32_l3_gpool-mean_conv-gcn_batch8_factorial_seed2025;static_gcn_u500_top100_norm-minmax_k6_h32_l3_gpool-mean_conv-gcn_batch8_factorial_seed42;static_gcn_u500_top100_norm-minmax_k8_h32_l3_gpool-mean_conv-gcn_batch8_factorial_seed123;static_gcn_u500_top100_norm-minmax_k8_h32_l3_gpool-mean_conv-gcn_batch8_factorial_seed2025;static_gcn_u500_top100_norm-minmax_k8_h32_l3_gpool-mean_conv-gcn_batch8_factorial_seed42,,unknown,false,medium,
reports/meeting/thesis_pdf_source_bundle/analysis_packages/controlled_knn_by_hidden_dim_factorial_500u_top100/tables/best_k_descriptive_summary.csv,report,knn_ablation,,,unknown,false,medium,
reports/meeting/thesis_pdf_source_bundle/analysis_packages/controlled_knn_by_hidden_dim_factorial_500u_top100/tables/best_k_descriptive_summary.md,report,knn_ablation,,,unknown,false,medium,
reports/meeting/thesis_pdf_source_bundle/analysis_packages/controlled_knn_by_hidden_dim_factorial_500u_top100/tables/h32_knn_model_comparison_descriptive.csv,report,knn_ablation,,,unknown,false,medium,
reports/meeting/thesis_pdf_source_bundle/analysis_packages/controlled_knn_by_hidden_dim_factorial_500u_top100/tables/h32_knn_model_comparison_descriptive.md,report,knn_ablation,,,unknown,false,medium,
reports/meeting/thesis_pdf_source_bundle/analysis_packages/controlled_knn_by_hidden_dim_factorial_500u_top100/tables/h32_knn_model_comparison_descriptive.tex,report,knn_ablation,,,unknown,false,medium,
reports/meeting/thesis_pdf_source_bundle/analysis_packages/controlled_knn_by_hidden_dim_factorial_500u_top100/tables/h64_knn_model_comparison.csv,report,knn_ablation,,,unknown,false,medium,
reports/meeting/thesis_pdf_source_bundle/analysis_packages/controlled_knn_by_hidden_dim_factorial_500u_top100/tables/h64_knn_model_comparison.md,report,knn_ablation,,,unknown,false,medium,
reports/meeting/thesis_pdf_source_bundle/analysis_packages/controlled_knn_by_hidden_dim_factorial_500u_top100/tables/h64_knn_model_comparison.tex,report,knn_ablation,,,unknown,false,medium,
reports/meeting/thesis_pdf_source_bundle/analysis_packages/controlled_knn_by_hidden_dim_factorial_500u_top100/tables/main_results_table.csv,report,knn_ablation,,,unknown,false,medium,
reports/meeting/thesis_pdf_source_bundle/analysis_packages/controlled_knn_by_hidden_dim_factorial_500u_top100/tables/main_results_table.md,report,knn_ablation,,,unknown,false,medium,
reports/meeting/thesis_pdf_source_bundle/analysis_packages/controlled_knn_by_hidden_dim_factorial_500u_top100/tables/main_results_table.tex,report,knn_ablation,,,unknown,false,medium,
reports/meeting/thesis_pdf_source_bundle/analysis_packages/controlled_knn_by_hidden_dim_factorial_500u_top100/tables/width_effect_within_evolvegcn.csv,report,knn_ablation,,,unknown,false,medium,
reports/meeting/thesis_pdf_source_bundle/analysis_packages/controlled_knn_by_hidden_dim_factorial_500u_top100/tables/width_effect_within_evolvegcn.md,report,knn_ablation,,,unknown,false,medium,
reports/meeting/thesis_pdf_source_bundle/analysis_packages/controlled_knn_by_hidden_dim_factorial_500u_top100/tables/width_effect_within_evolvegcn.tex,report,knn_ablation,,,unknown,false,medium,
reports/meeting/thesis_pdf_source_bundle/analysis_packages/controlled_knn_by_hidden_dim_factorial_500u_top100/tables/width_effect_within_static_gcn.csv,report,knn_ablation,,,unknown,false,medium,
reports/meeting/thesis_pdf_source_bundle/analysis_packages/controlled_knn_by_hidden_dim_factorial_500u_top100/tables/width_effect_within_static_gcn.md,report,knn_ablation,,,unknown,false,medium,
reports/meeting/thesis_pdf_source_bundle/analysis_packages/controlled_knn_by_hidden_dim_factorial_500u_top100/tables/width_effect_within_static_gcn.tex,report,knn_ablation,,,unknown,false,medium,
reports/meeting/thesis_pdf_source_bundle/analysis_packages/controlled_static_vs_evolvegcn_knn_ablation_500u_top100_h64/aggregated_results.csv,report,knn_ablation,,,unknown,false,medium,
reports/meeting/thesis_pdf_source_bundle/analysis_packages/controlled_static_vs_evolvegcn_knn_ablation_500u_top100_h64/analysis_manifest.json,report,knn_ablation,evolvegcn_h_500u_k12_seed123;evolvegcn_h_500u_k12_seed2025;evolvegcn_h_500u_k12_seed42;evolvegcn_h_500u_k4_seed123;evolvegcn_h_500u_k4_seed2025;evolvegcn_h_500u_k4_seed42;evolvegcn_h_500u_k6_seed123;evolvegcn_h_500u_k6_seed2025;evolvegcn_h_500u_k6_seed42;evolvegcn_h_500u_k8_h64_seed123;evolvegcn_h_500u_k8_h64_seed2025;evolvegcn_h_500u_k8_h64_seed42;evolvegcn_h_500u_seed123_final32;evolvegcn_h_500u_seed2025_final32;evolvegcn_h_500u_seed42_final32;static_gcn_500u_k12_seed123;static_gcn_500u_k12_seed2025;static_gcn_500u_k12_seed42;static_gcn_500u_k4_seed123;static_gcn_500u_k4_seed2025;static_gcn_500u_k4_seed42;static_gcn_500u_k6_seed123;static_gcn_500u_k6_seed2025;static_gcn_500u_k6_seed42;static_gcn_500u_k8_h64_seed123;static_gcn_500u_k8_h64_seed2025;static_gcn_500u_k8_h64_seed42;static_gcn_500u_seed123_final32;static_gcn_500u_seed2025_final32;static_gcn_500u_seed42_final32;static_gcn_u500_top100_norm-minmax_h32_l2_gpool-mean_conv-gcn_batch8_canonical300_seed123;static_gcn_u500_top100_norm-minmax_h32_l2_gpool-mean_conv-gcn_batch8_canonical300_seed2025;static_gcn_u500_top100_norm-minmax_h32_l2_gpool-mean_conv-gcn_batch8_canonical300_seed42,,unknown,false,medium,
reports/meeting/thesis_pdf_source_bundle/analysis_packages/controlled_static_vs_evolvegcn_knn_ablation_500u_top100_h64/compatibility_report.md,report,knn_ablation,,,unknown,false,medium,
reports/meeting/thesis_pdf_source_bundle/analysis_packages/controlled_static_vs_evolvegcn_knn_ablation_500u_top100_h64/figures/paired_mae_difference_vs_k.png,report,knn_ablation,,,unknown,false,medium,
reports/meeting/thesis_pdf_source_bundle/analysis_packages/controlled_static_vs_evolvegcn_knn_ablation_500u_top100_h64/figures/prediction_distribution_representative_runs.png,report,knn_ablation,,,unknown,false,medium,
reports/meeting/thesis_pdf_source_bundle/analysis_packages/controlled_static_vs_evolvegcn_knn_ablation_500u_top100_h64/figures/prediction_std_ratio_vs_k.png,report,knn_ablation,,,unknown,false,medium,
reports/meeting/thesis_pdf_source_bundle/analysis_packages/controlled_static_vs_evolvegcn_knn_ablation_500u_top100_h64/figures/repeated_prediction_fraction_vs_k.png,report,knn_ablation,,,unknown,false,medium,
reports/meeting/thesis_pdf_source_bundle/analysis_packages/controlled_static_vs_evolvegcn_knn_ablation_500u_top100_h64/figures/residuals_vs_true_representative_runs.png,report,knn_ablation,,,unknown,false,medium,
reports/meeting/thesis_pdf_source_bundle/analysis_packages/controlled_static_vs_evolvegcn_knn_ablation_500u_top100_h64/figures/seed_variability_vs_k.png,report,knn_ablation,,,unknown,false,medium,
reports/meeting/thesis_pdf_source_bundle/analysis_packages/controlled_static_vs_evolvegcn_knn_ablation_500u_top100_h64/figures/test_mae_vs_k.png,report,knn_ablation,,,unknown,false,medium,
reports/meeting/thesis_pdf_source_bundle/analysis_packages/controlled_static_vs_evolvegcn_knn_ablation_500u_top100_h64/figures/test_r2_vs_k.png,report,knn_ablation,,,unknown,false,medium,
reports/meeting/thesis_pdf_source_bundle/analysis_packages/controlled_static_vs_evolvegcn_knn_ablation_500u_top100_h64/figures/test_rmse_vs_k.png,report,knn_ablation,,,unknown,false,medium,
reports/meeting/thesis_pdf_source_bundle/analysis_packages/controlled_static_vs_evolvegcn_knn_ablation_500u_top100_h64/figures/true_vs_predicted_representative_runs.png,report,knn_ablation,,,unknown,false,medium,
reports/meeting/thesis_pdf_source_bundle/analysis_packages/controlled_static_vs_evolvegcn_knn_ablation_500u_top100_h64/paired_model_differences.csv,report,knn_ablation,evolvegcn_h_500u_k12_seed123;evolvegcn_h_500u_k12_seed2025;evolvegcn_h_500u_k12_seed42;evolvegcn_h_500u_k4_seed123;evolvegcn_h_500u_k4_seed2025;evolvegcn_h_500u_k4_seed42;evolvegcn_h_500u_k6_seed123;evolvegcn_h_500u_k6_seed2025;evolvegcn_h_500u_k6_seed42;evolvegcn_h_500u_k8_h64_seed123;evolvegcn_h_500u_k8_h64_seed2025;evolvegcn_h_500u_k8_h64_seed42;static_gcn_500u_k12_seed123;static_gcn_500u_k12_seed2025;static_gcn_500u_k12_seed42;static_gcn_500u_k4_seed123;static_gcn_500u_k4_seed2025;static_gcn_500u_k4_seed42;static_gcn_500u_k6_seed123;static_gcn_500u_k6_seed2025;static_gcn_500u_k6_seed42;static_gcn_500u_k8_h64_seed123;static_gcn_500u_k8_h64_seed2025;static_gcn_500u_k8_h64_seed42,,unknown,false,medium,
reports/meeting/thesis_pdf_source_bundle/analysis_packages/controlled_static_vs_evolvegcn_knn_ablation_500u_top100_h64/presentation_ready_summary.md,report,knn_ablation,,,unknown,false,medium,
reports/meeting/thesis_pdf_source_bundle/analysis_packages/controlled_static_vs_evolvegcn_knn_ablation_500u_top100_h64/protocol_table.csv,report,knn_ablation,,,unknown,false,medium,
reports/meeting/thesis_pdf_source_bundle/analysis_packages/controlled_static_vs_evolvegcn_knn_ablation_500u_top100_h64/protocol_table.md,report,knn_ablation,,,unknown,false,medium,
reports/meeting/thesis_pdf_source_bundle/analysis_packages/controlled_static_vs_evolvegcn_knn_ablation_500u_top100_h64/scientific_summary.md,report,knn_ablation,,,unknown,false,medium,
reports/meeting/thesis_pdf_source_bundle/analysis_packages/controlled_static_vs_evolvegcn_knn_ablation_500u_top100_h64/seed_level_results.csv,report,knn_ablation,evolvegcn_h_500u_k12_seed123;evolvegcn_h_500u_k12_seed2025;evolvegcn_h_500u_k12_seed42;evolvegcn_h_500u_k4_seed123;evolvegcn_h_500u_k4_seed2025;evolvegcn_h_500u_k4_seed42;evolvegcn_h_500u_k6_seed123;evolvegcn_h_500u_k6_seed2025;evolvegcn_h_500u_k6_seed42;evolvegcn_h_500u_k8_h64_seed123;evolvegcn_h_500u_k8_h64_seed2025;evolvegcn_h_500u_k8_h64_seed42;static_gcn_500u_k12_seed123;static_gcn_500u_k12_seed2025;static_gcn_500u_k12_seed42;static_gcn_500u_k4_seed123;static_gcn_500u_k4_seed2025;static_gcn_500u_k4_seed42;static_gcn_500u_k6_seed123;static_gcn_500u_k6_seed2025;static_gcn_500u_k6_seed42;static_gcn_500u_k8_h64_seed123;static_gcn_500u_k8_h64_seed2025;static_gcn_500u_k8_h64_seed42,,unknown,false,medium,
reports/meeting/thesis_pdf_source_bundle/analysis_packages/controlled_static_vs_evolvegcn_knn_ablation_500u_top100_h64/tables/best_k_summary.csv,report,knn_ablation,,,unknown,false,medium,
reports/meeting/thesis_pdf_source_bundle/analysis_packages/controlled_static_vs_evolvegcn_knn_ablation_500u_top100_h64/tables/best_k_summary.md,report,knn_ablation,,,unknown,false,medium,
reports/meeting/thesis_pdf_source_bundle/analysis_packages/controlled_static_vs_evolvegcn_knn_ablation_500u_top100_h64/tables/main_results_table.csv,report,knn_ablation,,,unknown,false,medium,
reports/meeting/thesis_pdf_source_bundle/analysis_packages/controlled_static_vs_evolvegcn_knn_ablation_500u_top100_h64/tables/main_results_table.md,report,knn_ablation,,,unknown,false,medium,
reports/meeting/thesis_pdf_source_bundle/analysis_packages/controlled_static_vs_evolvegcn_knn_ablation_500u_top100_h64/tables/main_results_table.tex,report,knn_ablation,,,unknown,false,medium,
reports/meeting/thesis_pdf_source_bundle/analysis_packages/controlled_static_vs_evolvegcn_normalization_ablation_500u_top500/README.md,report,normalization_ablation,,,unknown,false,medium,
reports/meeting/thesis_pdf_source_bundle/analysis_packages/controlled_static_vs_evolvegcn_normalization_ablation_500u_top500/aggregated_results.csv,report,normalization_ablation,,,unknown,false,medium,
reports/meeting/thesis_pdf_source_bundle/analysis_packages/controlled_static_vs_evolvegcn_normalization_ablation_500u_top500/analysis_manifest.json,report,normalization_ablation,evolvegcn_h_500u_top500_h32_seed123_minmax;evolvegcn_h_500u_top500_h32_seed123_none;evolvegcn_h_500u_top500_h32_seed123_zscore;evolvegcn_h_500u_top500_h32_seed2025_minmax;evolvegcn_h_500u_top500_h32_seed2025_none;evolvegcn_h_500u_top500_h32_seed2025_zscore;evolvegcn_h_500u_top500_h32_seed42;evolvegcn_h_500u_top500_h32_seed42_none_norm;evolvegcn_h_500u_top500_h32_seed42_zscore;evolvegcn_h_500u_top500_h32_seed777_minmax;evolvegcn_h_500u_top500_h32_seed777_none;evolvegcn_h_500u_top500_h32_seed777_zscore;evolvegcn_h_500u_top500_h32_seed999_minmax;evolvegcn_h_500u_top500_h32_seed999_none;evolvegcn_h_500u_top500_h32_seed999_zscore;static_gcn_500u_top500_final_snapshot_h32_seed123_minmax;static_gcn_500u_top500_final_snapshot_h32_seed123_none;static_gcn_500u_top500_final_snapshot_h32_seed123_zscore;static_gcn_500u_top500_final_snapshot_h32_seed2025_minmax;static_gcn_500u_top500_final_snapshot_h32_seed2025_none;static_gcn_500u_top500_final_snapshot_h32_seed2025_zscore;static_gcn_500u_top500_final_snapshot_h32_seed42_none;static_gcn_500u_top500_final_snapshot_h32_seed42_zscore;static_gcn_500u_top500_final_snapshot_h32_seed777_minmax;static_gcn_500u_top500_final_snapshot_h32_seed777_none;static_gcn_500u_top500_final_snapshot_h32_seed777_zscore;static_gcn_500u_top500_final_snapshot_h32_seed999_minmax;static_gcn_500u_top500_final_snapshot_h32_seed999_none;static_gcn_500u_top500_final_snapshot_h32_seed999_zscore;static_gcn_top500_final_snapshot_same_split_h32_seed42,,unknown,false,medium,
reports/meeting/thesis_pdf_source_bundle/analysis_packages/controlled_static_vs_evolvegcn_normalization_ablation_500u_top500/compatibility_report.md,report,normalization_ablation,,,unknown,false,medium,
reports/meeting/thesis_pdf_source_bundle/analysis_packages/controlled_static_vs_evolvegcn_normalization_ablation_500u_top500/figures/descriptive_model_difference_by_normalization.png,report,normalization_ablation,,,unknown,false,medium,
reports/meeting/thesis_pdf_source_bundle/analysis_packages/controlled_static_vs_evolvegcn_normalization_ablation_500u_top500/figures/normalization_effect_heatmap.png,report,normalization_ablation,,,unknown,false,medium,
reports/meeting/thesis_pdf_source_bundle/analysis_packages/controlled_static_vs_evolvegcn_normalization_ablation_500u_top500/figures/paired_mae_difference_vs_normalization.png,report,normalization_ablation,,,unknown,false,medium,
reports/meeting/thesis_pdf_source_bundle/analysis_packages/controlled_static_vs_evolvegcn_normalization_ablation_500u_top500/figures/per_seed_mae_trajectories.png,report,normalization_ablation,,,unknown,false,medium,
reports/meeting/thesis_pdf_source_bundle/analysis_packages/controlled_static_vs_evolvegcn_normalization_ablation_500u_top500/figures/prediction_std_ratio_vs_normalization.png,report,normalization_ablation,,,unknown,false,medium,
reports/meeting/thesis_pdf_source_bundle/analysis_packages/controlled_static_vs_evolvegcn_normalization_ablation_500u_top500/figures/repeated_prediction_fraction_vs_normalization.png,report,normalization_ablation,,,unknown,false,medium,
reports/meeting/thesis_pdf_source_bundle/analysis_packages/controlled_static_vs_evolvegcn_normalization_ablation_500u_top500/figures/representative_prediction_distributions.png,report,normalization_ablation,,,unknown,false,medium,
reports/meeting/thesis_pdf_source_bundle/analysis_packages/controlled_static_vs_evolvegcn_normalization_ablation_500u_top500/figures/representative_residuals_vs_true.png,report,normalization_ablation,,,unknown,false,medium,
reports/meeting/thesis_pdf_source_bundle/analysis_packages/controlled_static_vs_evolvegcn_normalization_ablation_500u_top500/figures/representative_true_vs_predicted.png,report,normalization_ablation,,,unknown,false,medium,
reports/meeting/thesis_pdf_source_bundle/analysis_packages/controlled_static_vs_evolvegcn_normalization_ablation_500u_top500/figures/residuals_vs_true_representative_runs.png,report,normalization_ablation,,,unknown,false,medium,
reports/meeting/thesis_pdf_source_bundle/analysis_packages/controlled_static_vs_evolvegcn_normalization_ablation_500u_top500/figures/seed_variability_vs_normalization.png,report,normalization_ablation,,,unknown,false,medium,
reports/meeting/thesis_pdf_source_bundle/analysis_packages/controlled_static_vs_evolvegcn_normalization_ablation_500u_top500/figures/test_mae_vs_normalization.png,report,normalization_ablation,,,unknown,false,medium,
reports/meeting/thesis_pdf_source_bundle/analysis_packages/controlled_static_vs_evolvegcn_normalization_ablation_500u_top500/figures/test_r2_vs_normalization.png,report,normalization_ablation,,,unknown,false,medium,
reports/meeting/thesis_pdf_source_bundle/analysis_packages/controlled_static_vs_evolvegcn_normalization_ablation_500u_top500/figures/test_rmse_vs_normalization.png,report,normalization_ablation,,,unknown,false,medium,
reports/meeting/thesis_pdf_source_bundle/analysis_packages/controlled_static_vs_evolvegcn_normalization_ablation_500u_top500/figures/true_vs_predicted_representative_runs.png,report,normalization_ablation,,,unknown,false,medium,
reports/meeting/thesis_pdf_source_bundle/analysis_packages/controlled_static_vs_evolvegcn_normalization_ablation_500u_top500/normalization_implementation.md,report,normalization_ablation,,,unknown,false,medium,
reports/meeting/thesis_pdf_source_bundle/analysis_packages/controlled_static_vs_evolvegcn_normalization_ablation_500u_top500/paired_model_differences.csv,report,normalization_ablation,evolvegcn_h_500u_top500_h32_seed123_minmax;evolvegcn_h_500u_top500_h32_seed123_none;evolvegcn_h_500u_top500_h32_seed123_zscore;evolvegcn_h_500u_top500_h32_seed2025_minmax;evolvegcn_h_500u_top500_h32_seed2025_none;evolvegcn_h_500u_top500_h32_seed2025_zscore;evolvegcn_h_500u_top500_h32_seed42;evolvegcn_h_500u_top500_h32_seed42_none_norm;evolvegcn_h_500u_top500_h32_seed42_zscore;evolvegcn_h_500u_top500_h32_seed777_minmax;evolvegcn_h_500u_top500_h32_seed777_none;evolvegcn_h_500u_top500_h32_seed777_zscore;evolvegcn_h_500u_top500_h32_seed999_minmax;evolvegcn_h_500u_top500_h32_seed999_none;evolvegcn_h_500u_top500_h32_seed999_zscore;static_gcn_500u_top500_final_snapshot_h32_seed123_minmax;static_gcn_500u_top500_final_snapshot_h32_seed123_none;static_gcn_500u_top500_final_snapshot_h32_seed123_zscore;static_gcn_500u_top500_final_snapshot_h32_seed2025_minmax;static_gcn_500u_top500_final_snapshot_h32_seed2025_none;static_gcn_500u_top500_final_snapshot_h32_seed2025_zscore;static_gcn_500u_top500_final_snapshot_h32_seed42_none;static_gcn_500u_top500_final_snapshot_h32_seed42_zscore;static_gcn_500u_top500_final_snapshot_h32_seed777_minmax;static_gcn_500u_top500_final_snapshot_h32_seed777_none;static_gcn_500u_top500_final_snapshot_h32_seed777_zscore;static_gcn_500u_top500_final_snapshot_h32_seed999_minmax;static_gcn_500u_top500_final_snapshot_h32_seed999_none;static_gcn_500u_top500_final_snapshot_h32_seed999_zscore;static_gcn_top500_final_snapshot_same_split_h32_seed42,,unknown,false,medium,
reports/meeting/thesis_pdf_source_bundle/analysis_packages/controlled_static_vs_evolvegcn_normalization_ablation_500u_top500/paired_normalization_differences.csv,report,normalization_ablation,,,unknown,false,medium,
reports/meeting/thesis_pdf_source_bundle/analysis_packages/controlled_static_vs_evolvegcn_normalization_ablation_500u_top500/prediction_diagnostics.csv,report,normalization_ablation,evolvegcn_h_500u_top500_h32_seed123_minmax;evolvegcn_h_500u_top500_h32_seed123_none;evolvegcn_h_500u_top500_h32_seed123_zscore;evolvegcn_h_500u_top500_h32_seed2025_minmax;evolvegcn_h_500u_top500_h32_seed2025_none;evolvegcn_h_500u_top500_h32_seed2025_zscore;evolvegcn_h_500u_top500_h32_seed42;evolvegcn_h_500u_top500_h32_seed42_none_norm;evolvegcn_h_500u_top500_h32_seed42_zscore;evolvegcn_h_500u_top500_h32_seed777_minmax;evolvegcn_h_500u_top500_h32_seed777_none;evolvegcn_h_500u_top500_h32_seed777_zscore;evolvegcn_h_500u_top500_h32_seed999_minmax;evolvegcn_h_500u_top500_h32_seed999_none;evolvegcn_h_500u_top500_h32_seed999_zscore;static_gcn_500u_top500_final_snapshot_h32_seed123_minmax;static_gcn_500u_top500_final_snapshot_h32_seed123_none;static_gcn_500u_top500_final_snapshot_h32_seed123_zscore;static_gcn_500u_top500_final_snapshot_h32_seed2025_minmax;static_gcn_500u_top500_final_snapshot_h32_seed2025_none;static_gcn_500u_top500_final_snapshot_h32_seed2025_zscore;static_gcn_500u_top500_final_snapshot_h32_seed42_none;static_gcn_500u_top500_final_snapshot_h32_seed42_zscore;static_gcn_500u_top500_final_snapshot_h32_seed777_minmax;static_gcn_500u_top500_final_snapshot_h32_seed777_none;static_gcn_500u_top500_final_snapshot_h32_seed777_zscore;static_gcn_500u_top500_final_snapshot_h32_seed999_minmax;static_gcn_500u_top500_final_snapshot_h32_seed999_none;static_gcn_500u_top500_final_snapshot_h32_seed999_zscore;static_gcn_top500_final_snapshot_same_split_h32_seed42,,unknown,false,medium,
reports/meeting/thesis_pdf_source_bundle/analysis_packages/controlled_static_vs_evolvegcn_normalization_ablation_500u_top500/presentation_ready_summary.md,report,normalization_ablation,,,unknown,false,medium,
reports/meeting/thesis_pdf_source_bundle/analysis_packages/controlled_static_vs_evolvegcn_normalization_ablation_500u_top500/protocol_table.csv,report,normalization_ablation,,,unknown,false,medium,
reports/meeting/thesis_pdf_source_bundle/analysis_packages/controlled_static_vs_evolvegcn_normalization_ablation_500u_top500/protocol_table.md,report,normalization_ablation,,,unknown,false,medium,
reports/meeting/thesis_pdf_source_bundle/analysis_packages/controlled_static_vs_evolvegcn_normalization_ablation_500u_top500/scientific_summary.md,report,normalization_ablation,,,unknown,false,medium,
reports/meeting/thesis_pdf_source_bundle/analysis_packages/controlled_static_vs_evolvegcn_normalization_ablation_500u_top500/seed_level_results.csv,report,normalization_ablation,evolvegcn_h_500u_top500_h32_seed123_minmax;evolvegcn_h_500u_top500_h32_seed123_none;evolvegcn_h_500u_top500_h32_seed123_zscore;evolvegcn_h_500u_top500_h32_seed2025_minmax;evolvegcn_h_500u_top500_h32_seed2025_none;evolvegcn_h_500u_top500_h32_seed2025_zscore;evolvegcn_h_500u_top500_h32_seed42;evolvegcn_h_500u_top500_h32_seed42_none_norm;evolvegcn_h_500u_top500_h32_seed42_zscore;evolvegcn_h_500u_top500_h32_seed777_minmax;evolvegcn_h_500u_top500_h32_seed777_none;evolvegcn_h_500u_top500_h32_seed777_zscore;evolvegcn_h_500u_top500_h32_seed999_minmax;evolvegcn_h_500u_top500_h32_seed999_none;evolvegcn_h_500u_top500_h32_seed999_zscore;static_gcn_500u_top500_final_snapshot_h32_seed123_minmax;static_gcn_500u_top500_final_snapshot_h32_seed123_none;static_gcn_500u_top500_final_snapshot_h32_seed123_zscore;static_gcn_500u_top500_final_snapshot_h32_seed2025_minmax;static_gcn_500u_top500_final_snapshot_h32_seed2025_none;static_gcn_500u_top500_final_snapshot_h32_seed2025_zscore;static_gcn_500u_top500_final_snapshot_h32_seed42_none;static_gcn_500u_top500_final_snapshot_h32_seed42_zscore;static_gcn_500u_top500_final_snapshot_h32_seed777_minmax;static_gcn_500u_top500_final_snapshot_h32_seed777_none;static_gcn_500u_top500_final_snapshot_h32_seed777_zscore;static_gcn_500u_top500_final_snapshot_h32_seed999_minmax;static_gcn_500u_top500_final_snapshot_h32_seed999_none;static_gcn_500u_top500_final_snapshot_h32_seed999_zscore;static_gcn_top500_final_snapshot_same_split_h32_seed42,,unknown,false,medium,
reports/meeting/thesis_pdf_source_bundle/analysis_packages/controlled_static_vs_evolvegcn_normalization_ablation_500u_top500/tables/best_normalization_descriptive_summary.csv,report,normalization_ablation,,,unknown,false,medium,
reports/meeting/thesis_pdf_source_bundle/analysis_packages/controlled_static_vs_evolvegcn_normalization_ablation_500u_top500/tables/best_normalization_descriptive_summary.md,report,normalization_ablation,,,unknown,false,medium,
reports/meeting/thesis_pdf_source_bundle/analysis_packages/controlled_static_vs_evolvegcn_normalization_ablation_500u_top500/tables/descriptive_model_comparison.csv,report,normalization_ablation,evolvegcn_h_500u_top500_h32_seed123_minmax;evolvegcn_h_500u_top500_h32_seed123_none;evolvegcn_h_500u_top500_h32_seed123_zscore;evolvegcn_h_500u_top500_h32_seed2025_minmax;evolvegcn_h_500u_top500_h32_seed2025_none;evolvegcn_h_500u_top500_h32_seed2025_zscore;evolvegcn_h_500u_top500_h32_seed42;evolvegcn_h_500u_top500_h32_seed42_none_norm;evolvegcn_h_500u_top500_h32_seed42_zscore;evolvegcn_h_500u_top500_h32_seed777_minmax;evolvegcn_h_500u_top500_h32_seed777_none;evolvegcn_h_500u_top500_h32_seed777_zscore;evolvegcn_h_500u_top500_h32_seed999_minmax;evolvegcn_h_500u_top500_h32_seed999_none;evolvegcn_h_500u_top500_h32_seed999_zscore;static_gcn_500u_top500_final_snapshot_h32_seed123_minmax;static_gcn_500u_top500_final_snapshot_h32_seed123_none;static_gcn_500u_top500_final_snapshot_h32_seed123_zscore;static_gcn_500u_top500_final_snapshot_h32_seed2025_minmax;static_gcn_500u_top500_final_snapshot_h32_seed2025_none;static_gcn_500u_top500_final_snapshot_h32_seed2025_zscore;static_gcn_500u_top500_final_snapshot_h32_seed42_none;static_gcn_500u_top500_final_snapshot_h32_seed42_zscore;static_gcn_500u_top500_final_snapshot_h32_seed777_minmax;static_gcn_500u_top500_final_snapshot_h32_seed777_none;static_gcn_500u_top500_final_snapshot_h32_seed777_zscore;static_gcn_500u_top500_final_snapshot_h32_seed999_minmax;static_gcn_500u_top500_final_snapshot_h32_seed999_none;static_gcn_500u_top500_final_snapshot_h32_seed999_zscore;static_gcn_top500_final_snapshot_same_split_h32_seed42,,unknown,false,medium,
reports/meeting/thesis_pdf_source_bundle/analysis_packages/controlled_static_vs_evolvegcn_normalization_ablation_500u_top500/tables/descriptive_model_comparison.md,report,normalization_ablation,evolvegcn_h_500u_top500_h32_seed123_minmax;evolvegcn_h_500u_top500_h32_seed123_none;evolvegcn_h_500u_top500_h32_seed123_zscore;evolvegcn_h_500u_top500_h32_seed2025_minmax;evolvegcn_h_500u_top500_h32_seed2025_none;evolvegcn_h_500u_top500_h32_seed2025_zscore;evolvegcn_h_500u_top500_h32_seed42;evolvegcn_h_500u_top500_h32_seed42_none_norm;evolvegcn_h_500u_top500_h32_seed42_zscore;evolvegcn_h_500u_top500_h32_seed777_minmax;evolvegcn_h_500u_top500_h32_seed777_none;evolvegcn_h_500u_top500_h32_seed777_zscore;evolvegcn_h_500u_top500_h32_seed999_minmax;evolvegcn_h_500u_top500_h32_seed999_none;evolvegcn_h_500u_top500_h32_seed999_zscore;static_gcn_500u_top500_final_snapshot_h32_seed123_minmax;static_gcn_500u_top500_final_snapshot_h32_seed123_none;static_gcn_500u_top500_final_snapshot_h32_seed123_zscore;static_gcn_500u_top500_final_snapshot_h32_seed2025_minmax;static_gcn_500u_top500_final_snapshot_h32_seed2025_none;static_gcn_500u_top500_final_snapshot_h32_seed2025_zscore;static_gcn_500u_top500_final_snapshot_h32_seed42_none;static_gcn_500u_top500_final_snapshot_h32_seed42_zscore;static_gcn_500u_top500_final_snapshot_h32_seed777_minmax;static_gcn_500u_top500_final_snapshot_h32_seed777_none;static_gcn_500u_top500_final_snapshot_h32_seed777_zscore;static_gcn_500u_top500_final_snapshot_h32_seed999_minmax;static_gcn_500u_top500_final_snapshot_h32_seed999_none;static_gcn_500u_top500_final_snapshot_h32_seed999_zscore;static_gcn_top500_final_snapshot_same_split_h32_seed42,,unknown,false,medium,
reports/meeting/thesis_pdf_source_bundle/analysis_packages/controlled_static_vs_evolvegcn_normalization_ablation_500u_top500/tables/descriptive_model_comparison.tex,report,normalization_ablation,,,unknown,false,medium,
reports/meeting/thesis_pdf_source_bundle/analysis_packages/controlled_static_vs_evolvegcn_normalization_ablation_500u_top500/tables/evolvegcn_normalization_results.csv,report,normalization_ablation,,,unknown,false,medium,
reports/meeting/thesis_pdf_source_bundle/analysis_packages/controlled_static_vs_evolvegcn_normalization_ablation_500u_top500/tables/evolvegcn_normalization_results.md,report,normalization_ablation,,,unknown,false,medium,
reports/meeting/thesis_pdf_source_bundle/analysis_packages/controlled_static_vs_evolvegcn_normalization_ablation_500u_top500/tables/evolvegcn_normalization_results.tex,report,normalization_ablation,,,unknown,false,medium,
reports/meeting/thesis_pdf_source_bundle/analysis_packages/controlled_static_vs_evolvegcn_normalization_ablation_500u_top500/tables/main_results_table.csv,report,normalization_ablation,,,unknown,false,medium,
reports/meeting/thesis_pdf_source_bundle/analysis_packages/controlled_static_vs_evolvegcn_normalization_ablation_500u_top500/tables/main_results_table.md,report,normalization_ablation,,,unknown,false,medium,
reports/meeting/thesis_pdf_source_bundle/analysis_packages/controlled_static_vs_evolvegcn_normalization_ablation_500u_top500/tables/main_results_table.tex,report,normalization_ablation,,,unknown,false,medium,
reports/meeting/thesis_pdf_source_bundle/analysis_packages/controlled_static_vs_evolvegcn_normalization_ablation_500u_top500/tables/paired_normalization_differences.csv,report,normalization_ablation,,,unknown,false,medium,
reports/meeting/thesis_pdf_source_bundle/analysis_packages/controlled_static_vs_evolvegcn_normalization_ablation_500u_top500/tables/paired_normalization_differences.md,report,normalization_ablation,,,unknown,false,medium,
reports/meeting/thesis_pdf_source_bundle/analysis_packages/controlled_static_vs_evolvegcn_normalization_ablation_500u_top500/tables/paired_normalization_differences.tex,report,normalization_ablation,,,unknown,false,medium,
reports/meeting/thesis_pdf_source_bundle/analysis_packages/controlled_static_vs_evolvegcn_normalization_ablation_500u_top500/tables/static_gcn_normalization_results.csv,report,normalization_ablation,,,unknown,false,medium,
reports/meeting/thesis_pdf_source_bundle/analysis_packages/controlled_static_vs_evolvegcn_normalization_ablation_500u_top500/tables/static_gcn_normalization_results.md,report,normalization_ablation,,,unknown,false,medium,
reports/meeting/thesis_pdf_source_bundle/analysis_packages/controlled_static_vs_evolvegcn_normalization_ablation_500u_top500/tables/static_gcn_normalization_results.tex,report,normalization_ablation,,,unknown,false,medium,
reports/meeting/thesis_pdf_source_bundle/analysis_packages/controlled_static_vs_evolvegcn_topn_halo_scaling_500u/README.md,report,other,,,unknown,false,low,
reports/meeting/thesis_pdf_source_bundle/analysis_packages/controlled_static_vs_evolvegcn_topn_halo_scaling_500u/aggregated_results.csv,report,other,,,unknown,false,low,
reports/meeting/thesis_pdf_source_bundle/analysis_packages/controlled_static_vs_evolvegcn_topn_halo_scaling_500u/analysis_manifest.json,report,other,evolvegcn_h_500u_seed123_final32;evolvegcn_h_500u_seed2025_final32;evolvegcn_h_500u_seed42_final32;evolvegcn_h_500u_top200_h32_seed123;evolvegcn_h_500u_top200_h32_seed2025;evolvegcn_h_500u_top200_h32_seed42;evolvegcn_h_500u_top500_h32_seed123_minmax;evolvegcn_h_500u_top500_h32_seed2025_minmax;evolvegcn_h_500u_top500_h32_seed42;static_gcn_500u_top200_h32_seed123;static_gcn_500u_top200_h32_seed2025;static_gcn_500u_top200_h32_seed42;static_gcn_500u_top500_final_snapshot_h32_seed123_minmax;static_gcn_500u_top500_final_snapshot_h32_seed2025_minmax;static_gcn_top500_final_snapshot_same_split_h32_seed42;static_gcn_u500_top100_norm-minmax_k8_h32_l3_gpool-mean_conv-gcn_batch8_factorial_seed123;static_gcn_u500_top100_norm-minmax_k8_h32_l3_gpool-mean_conv-gcn_batch8_factorial_seed2025;static_gcn_u500_top100_norm-minmax_k8_h32_l3_gpool-mean_conv-gcn_batch8_factorial_seed42,,unknown,false,low,
reports/meeting/thesis_pdf_source_bundle/analysis_packages/controlled_static_vs_evolvegcn_topn_halo_scaling_500u/compatibility_report.md,report,other,,,unknown,false,low,
reports/meeting/thesis_pdf_source_bundle/analysis_packages/controlled_static_vs_evolvegcn_topn_halo_scaling_500u/computational_scaling.md,report,other,,,unknown,false,low,
reports/meeting/thesis_pdf_source_bundle/analysis_packages/controlled_static_vs_evolvegcn_topn_halo_scaling_500u/dataset_topn_table.csv,report,other,,,unknown,false,low,
reports/meeting/thesis_pdf_source_bundle/analysis_packages/controlled_static_vs_evolvegcn_topn_halo_scaling_500u/dataset_topn_table.md,report,other,,,unknown,false,low,
reports/meeting/thesis_pdf_source_bundle/analysis_packages/controlled_static_vs_evolvegcn_topn_halo_scaling_500u/figures/descriptive_model_difference_vs_topn.png,report,other,,,unknown,false,low,
reports/meeting/thesis_pdf_source_bundle/analysis_packages/controlled_static_vs_evolvegcn_topn_halo_scaling_500u/figures/nodes_and_edges_vs_topn.png,report,other,,,unknown,false,low,
reports/meeting/thesis_pdf_source_bundle/analysis_packages/controlled_static_vs_evolvegcn_topn_halo_scaling_500u/figures/paired_top200_minus_top100_mae.png,report,other,,,unknown,false,low,
reports/meeting/thesis_pdf_source_bundle/analysis_packages/controlled_static_vs_evolvegcn_topn_halo_scaling_500u/figures/paired_top500_minus_top100_mae.png,report,other,,,unknown,false,low,
reports/meeting/thesis_pdf_source_bundle/analysis_packages/controlled_static_vs_evolvegcn_topn_halo_scaling_500u/figures/paired_top500_minus_top200_mae.png,report,other,,,unknown,false,low,
reports/meeting/thesis_pdf_source_bundle/analysis_packages/controlled_static_vs_evolvegcn_topn_halo_scaling_500u/figures/per_seed_mae_trajectories.png,report,other,,,unknown,false,low,
reports/meeting/thesis_pdf_source_bundle/analysis_packages/controlled_static_vs_evolvegcn_topn_halo_scaling_500u/figures/prediction_std_ratio_vs_topn.png,report,other,,,unknown,false,low,
reports/meeting/thesis_pdf_source_bundle/analysis_packages/controlled_static_vs_evolvegcn_topn_halo_scaling_500u/figures/predictive_performance_vs_graph_size.png,report,graph_validation,,,unknown,false,medium,
reports/meeting/thesis_pdf_source_bundle/analysis_packages/controlled_static_vs_evolvegcn_topn_halo_scaling_500u/figures/repeated_prediction_fraction_vs_topn.png,report,other,,,unknown,false,low,
reports/meeting/thesis_pdf_source_bundle/analysis_packages/controlled_static_vs_evolvegcn_topn_halo_scaling_500u/figures/representative_prediction_distributions.png,report,other,,,unknown,false,low,
reports/meeting/thesis_pdf_source_bundle/analysis_packages/controlled_static_vs_evolvegcn_topn_halo_scaling_500u/figures/representative_residuals_vs_true.png,report,other,,,unknown,false,low,
reports/meeting/thesis_pdf_source_bundle/analysis_packages/controlled_static_vs_evolvegcn_topn_halo_scaling_500u/figures/representative_true_vs_predicted.png,report,other,,,unknown,false,low,
reports/meeting/thesis_pdf_source_bundle/analysis_packages/controlled_static_vs_evolvegcn_topn_halo_scaling_500u/figures/seed_variability_vs_topn.png,report,other,,,unknown,false,low,
reports/meeting/thesis_pdf_source_bundle/analysis_packages/controlled_static_vs_evolvegcn_topn_halo_scaling_500u/figures/test_mae_vs_topn.png,report,other,,,unknown,false,low,
reports/meeting/thesis_pdf_source_bundle/analysis_packages/controlled_static_vs_evolvegcn_topn_halo_scaling_500u/figures/test_r2_vs_topn.png,report,other,,,unknown,false,low,
reports/meeting/thesis_pdf_source_bundle/analysis_packages/controlled_static_vs_evolvegcn_topn_halo_scaling_500u/figures/test_rmse_vs_topn.png,report,other,,,unknown,false,low,
reports/meeting/thesis_pdf_source_bundle/analysis_packages/controlled_static_vs_evolvegcn_topn_halo_scaling_500u/figures/topn_effect_summary.png,report,other,,,unknown,false,low,
reports/meeting/thesis_pdf_source_bundle/analysis_packages/controlled_static_vs_evolvegcn_topn_halo_scaling_500u/normalization_interaction.md,report,normalization_ablation,,,unknown,false,medium,
reports/meeting/thesis_pdf_source_bundle/analysis_packages/controlled_static_vs_evolvegcn_topn_halo_scaling_500u/paired_model_differences.csv,report,other,evolvegcn_h_500u_seed123_final32;evolvegcn_h_500u_seed2025_final32;evolvegcn_h_500u_seed42_final32;evolvegcn_h_500u_top200_h32_seed123;evolvegcn_h_500u_top200_h32_seed2025;evolvegcn_h_500u_top200_h32_seed42;evolvegcn_h_500u_top500_h32_seed123_minmax;evolvegcn_h_500u_top500_h32_seed2025_minmax;evolvegcn_h_500u_top500_h32_seed42;static_gcn_500u_top200_h32_seed123;static_gcn_500u_top200_h32_seed2025;static_gcn_500u_top200_h32_seed42;static_gcn_500u_top500_final_snapshot_h32_seed123_minmax;static_gcn_500u_top500_final_snapshot_h32_seed2025_minmax;static_gcn_top500_final_snapshot_same_split_h32_seed42;static_gcn_u500_top100_norm-minmax_k8_h32_l3_gpool-mean_conv-gcn_batch8_factorial_seed123;static_gcn_u500_top100_norm-minmax_k8_h32_l3_gpool-mean_conv-gcn_batch8_factorial_seed2025;static_gcn_u500_top100_norm-minmax_k8_h32_l3_gpool-mean_conv-gcn_batch8_factorial_seed42,,unknown,false,low,
reports/meeting/thesis_pdf_source_bundle/analysis_packages/controlled_static_vs_evolvegcn_topn_halo_scaling_500u/paired_topn_differences.csv,report,other,,,unknown,false,low,
reports/meeting/thesis_pdf_source_bundle/analysis_packages/controlled_static_vs_evolvegcn_topn_halo_scaling_500u/prediction_diagnostics.csv,report,other,evolvegcn_h_500u_seed123_final32;evolvegcn_h_500u_seed2025_final32;evolvegcn_h_500u_seed42_final32;evolvegcn_h_500u_top200_h32_seed123;evolvegcn_h_500u_top200_h32_seed2025;evolvegcn_h_500u_top200_h32_seed42;evolvegcn_h_500u_top500_h32_seed123_minmax;evolvegcn_h_500u_top500_h32_seed2025_minmax;evolvegcn_h_500u_top500_h32_seed42;static_gcn_500u_top200_h32_seed123;static_gcn_500u_top200_h32_seed2025;static_gcn_500u_top200_h32_seed42;static_gcn_500u_top500_final_snapshot_h32_seed123_minmax;static_gcn_500u_top500_final_snapshot_h32_seed2025_minmax;static_gcn_top500_final_snapshot_same_split_h32_seed42;static_gcn_u500_top100_norm-minmax_k8_h32_l3_gpool-mean_conv-gcn_batch8_factorial_seed123;static_gcn_u500_top100_norm-minmax_k8_h32_l3_gpool-mean_conv-gcn_batch8_factorial_seed2025;static_gcn_u500_top100_norm-minmax_k8_h32_l3_gpool-mean_conv-gcn_batch8_factorial_seed42,,unknown,false,low,
reports/meeting/thesis_pdf_source_bundle/analysis_packages/controlled_static_vs_evolvegcn_topn_halo_scaling_500u/presentation_ready_summary.md,report,other,,,unknown,false,low,
reports/meeting/thesis_pdf_source_bundle/analysis_packages/controlled_static_vs_evolvegcn_topn_halo_scaling_500u/protocol_table.csv,report,other,,,unknown,false,low,
reports/meeting/thesis_pdf_source_bundle/analysis_packages/controlled_static_vs_evolvegcn_topn_halo_scaling_500u/protocol_table.md,report,other,,,unknown,false,low,
reports/meeting/thesis_pdf_source_bundle/analysis_packages/controlled_static_vs_evolvegcn_topn_halo_scaling_500u/representative_runs.csv,report,other,evolvegcn_h_500u_seed123_final32;evolvegcn_h_500u_top200_h32_seed2025;evolvegcn_h_500u_top500_h32_seed123_minmax;static_gcn_500u_top200_h32_seed123;static_gcn_500u_top500_final_snapshot_h32_seed123_minmax;static_gcn_u500_top100_norm-minmax_k8_h32_l3_gpool-mean_conv-gcn_batch8_factorial_seed123,,unknown,false,low,
reports/meeting/thesis_pdf_source_bundle/analysis_packages/controlled_static_vs_evolvegcn_topn_halo_scaling_500u/scientific_summary.md,report,other,,,unknown,false,low,
reports/meeting/thesis_pdf_source_bundle/analysis_packages/controlled_static_vs_evolvegcn_topn_halo_scaling_500u/seed_level_results.csv,report,other,evolvegcn_h_500u_seed123_final32;evolvegcn_h_500u_seed2025_final32;evolvegcn_h_500u_seed42_final32;evolvegcn_h_500u_top200_h32_seed123;evolvegcn_h_500u_top200_h32_seed2025;evolvegcn_h_500u_top200_h32_seed42;evolvegcn_h_500u_top500_h32_seed123_minmax;evolvegcn_h_500u_top500_h32_seed2025_minmax;evolvegcn_h_500u_top500_h32_seed42;static_gcn_500u_top200_h32_seed123;static_gcn_500u_top200_h32_seed2025;static_gcn_500u_top200_h32_seed42;static_gcn_500u_top500_final_snapshot_h32_seed123_minmax;static_gcn_500u_top500_final_snapshot_h32_seed2025_minmax;static_gcn_top500_final_snapshot_same_split_h32_seed42;static_gcn_u500_top100_norm-minmax_k8_h32_l3_gpool-mean_conv-gcn_batch8_factorial_seed123;static_gcn_u500_top100_norm-minmax_k8_h32_l3_gpool-mean_conv-gcn_batch8_factorial_seed2025;static_gcn_u500_top100_norm-minmax_k8_h32_l3_gpool-mean_conv-gcn_batch8_factorial_seed42,,unknown,false,low,
reports/meeting/thesis_pdf_source_bundle/analysis_packages/controlled_static_vs_evolvegcn_topn_halo_scaling_500u/tables/computational_scaling.csv,report,other,,,unknown,false,low,
reports/meeting/thesis_pdf_source_bundle/analysis_packages/controlled_static_vs_evolvegcn_topn_halo_scaling_500u/tables/computational_scaling.md,report,other,,,unknown,false,low,
reports/meeting/thesis_pdf_source_bundle/analysis_packages/controlled_static_vs_evolvegcn_topn_halo_scaling_500u/tables/computational_scaling.tex,report,other,,,unknown,false,low,
reports/meeting/thesis_pdf_source_bundle/analysis_packages/controlled_static_vs_evolvegcn_topn_halo_scaling_500u/tables/descriptive_best_topn_summary.csv,report,other,,,unknown,false,low,
reports/meeting/thesis_pdf_source_bundle/analysis_packages/controlled_static_vs_evolvegcn_topn_halo_scaling_500u/tables/descriptive_best_topn_summary.md,report,other,,,unknown,false,low,
reports/meeting/thesis_pdf_source_bundle/analysis_packages/controlled_static_vs_evolvegcn_topn_halo_scaling_500u/tables/descriptive_model_comparison.csv,report,other,evolvegcn_h_500u_seed123_final32;evolvegcn_h_500u_seed2025_final32;evolvegcn_h_500u_seed42_final32;evolvegcn_h_500u_top200_h32_seed123;evolvegcn_h_500u_top200_h32_seed2025;evolvegcn_h_500u_top200_h32_seed42;evolvegcn_h_500u_top500_h32_seed123_minmax;evolvegcn_h_500u_top500_h32_seed2025_minmax;evolvegcn_h_500u_top500_h32_seed42;static_gcn_500u_top200_h32_seed123;static_gcn_500u_top200_h32_seed2025;static_gcn_500u_top200_h32_seed42;static_gcn_500u_top500_final_snapshot_h32_seed123_minmax;static_gcn_500u_top500_final_snapshot_h32_seed2025_minmax;static_gcn_top500_final_snapshot_same_split_h32_seed42;static_gcn_u500_top100_norm-minmax_k8_h32_l3_gpool-mean_conv-gcn_batch8_factorial_seed123;static_gcn_u500_top100_norm-minmax_k8_h32_l3_gpool-mean_conv-gcn_batch8_factorial_seed2025;static_gcn_u500_top100_norm-minmax_k8_h32_l3_gpool-mean_conv-gcn_batch8_factorial_seed42,,unknown,false,low,
reports/meeting/thesis_pdf_source_bundle/analysis_packages/controlled_static_vs_evolvegcn_topn_halo_scaling_500u/tables/descriptive_model_comparison.md,report,other,evolvegcn_h_500u_seed123_final32;evolvegcn_h_500u_seed2025_final32;evolvegcn_h_500u_seed42_final32;evolvegcn_h_500u_top200_h32_seed123;evolvegcn_h_500u_top200_h32_seed2025;evolvegcn_h_500u_top200_h32_seed42;evolvegcn_h_500u_top500_h32_seed123_minmax;evolvegcn_h_500u_top500_h32_seed2025_minmax;evolvegcn_h_500u_top500_h32_seed42;static_gcn_500u_top200_h32_seed123;static_gcn_500u_top200_h32_seed2025;static_gcn_500u_top200_h32_seed42;static_gcn_500u_top500_final_snapshot_h32_seed123_minmax;static_gcn_500u_top500_final_snapshot_h32_seed2025_minmax;static_gcn_top500_final_snapshot_same_split_h32_seed42;static_gcn_u500_top100_norm-minmax_k8_h32_l3_gpool-mean_conv-gcn_batch8_factorial_seed123;static_gcn_u500_top100_norm-minmax_k8_h32_l3_gpool-mean_conv-gcn_batch8_factorial_seed2025;static_gcn_u500_top100_norm-minmax_k8_h32_l3_gpool-mean_conv-gcn_batch8_factorial_seed42,,unknown,false,low,
reports/meeting/thesis_pdf_source_bundle/analysis_packages/controlled_static_vs_evolvegcn_topn_halo_scaling_500u/tables/descriptive_model_comparison.tex,report,other,,,unknown,false,low,
reports/meeting/thesis_pdf_source_bundle/analysis_packages/controlled_static_vs_evolvegcn_topn_halo_scaling_500u/tables/evolvegcn_topn_results.csv,report,other,,,unknown,false,low,
reports/meeting/thesis_pdf_source_bundle/analysis_packages/controlled_static_vs_evolvegcn_topn_halo_scaling_500u/tables/evolvegcn_topn_results.md,report,other,,,unknown,false,low,
reports/meeting/thesis_pdf_source_bundle/analysis_packages/controlled_static_vs_evolvegcn_topn_halo_scaling_500u/tables/evolvegcn_topn_results.tex,report,other,,,unknown,false,low,
reports/meeting/thesis_pdf_source_bundle/analysis_packages/controlled_static_vs_evolvegcn_topn_halo_scaling_500u/tables/main_results_table.csv,report,other,,,unknown,false,low,
reports/meeting/thesis_pdf_source_bundle/analysis_packages/controlled_static_vs_evolvegcn_topn_halo_scaling_500u/tables/main_results_table.md,report,other,,,unknown,false,low,
reports/meeting/thesis_pdf_source_bundle/analysis_packages/controlled_static_vs_evolvegcn_topn_halo_scaling_500u/tables/main_results_table.tex,report,other,,,unknown,false,low,
reports/meeting/thesis_pdf_source_bundle/analysis_packages/controlled_static_vs_evolvegcn_topn_halo_scaling_500u/tables/paired_topn_differences.csv,report,other,,,unknown,false,low,
reports/meeting/thesis_pdf_source_bundle/analysis_packages/controlled_static_vs_evolvegcn_topn_halo_scaling_500u/tables/paired_topn_differences.md,report,other,,,unknown,false,low,
reports/meeting/thesis_pdf_source_bundle/analysis_packages/controlled_static_vs_evolvegcn_topn_halo_scaling_500u/tables/paired_topn_differences.tex,report,other,,,unknown,false,low,
reports/meeting/thesis_pdf_source_bundle/analysis_packages/controlled_static_vs_evolvegcn_topn_halo_scaling_500u/tables/prediction_collapse_diagnostics.csv,report,prediction_collapse_diagnostic,evolvegcn_h_500u_seed123_final32;evolvegcn_h_500u_seed2025_final32;evolvegcn_h_500u_seed42_final32;evolvegcn_h_500u_top200_h32_seed123;evolvegcn_h_500u_top200_h32_seed2025;evolvegcn_h_500u_top200_h32_seed42;evolvegcn_h_500u_top500_h32_seed123_minmax;evolvegcn_h_500u_top500_h32_seed2025_minmax;evolvegcn_h_500u_top500_h32_seed42;static_gcn_500u_top200_h32_seed123;static_gcn_500u_top200_h32_seed2025;static_gcn_500u_top200_h32_seed42;static_gcn_500u_top500_final_snapshot_h32_seed123_minmax;static_gcn_500u_top500_final_snapshot_h32_seed2025_minmax;static_gcn_top500_final_snapshot_same_split_h32_seed42;static_gcn_u500_top100_norm-minmax_k8_h32_l3_gpool-mean_conv-gcn_batch8_factorial_seed123;static_gcn_u500_top100_norm-minmax_k8_h32_l3_gpool-mean_conv-gcn_batch8_factorial_seed2025;static_gcn_u500_top100_norm-minmax_k8_h32_l3_gpool-mean_conv-gcn_batch8_factorial_seed42,,unknown,false,medium,
reports/meeting/thesis_pdf_source_bundle/analysis_packages/controlled_static_vs_evolvegcn_topn_halo_scaling_500u/tables/prediction_collapse_diagnostics.md,report,prediction_collapse_diagnostic,evolvegcn_h_500u_seed123_final32;evolvegcn_h_500u_seed2025_final32;evolvegcn_h_500u_seed42_final32;evolvegcn_h_500u_top200_h32_seed123;evolvegcn_h_500u_top200_h32_seed2025;evolvegcn_h_500u_top200_h32_seed42;evolvegcn_h_500u_top500_h32_seed123_minmax;evolvegcn_h_500u_top500_h32_seed2025_minmax;evolvegcn_h_500u_top500_h32_seed42;static_gcn_500u_top200_h32_seed123;static_gcn_500u_top200_h32_seed2025;static_gcn_500u_top200_h32_seed42;static_gcn_500u_top500_final_snapshot_h32_seed123_minmax;static_gcn_500u_top500_final_snapshot_h32_seed2025_minmax;static_gcn_top500_final_snapshot_same_split_h32_seed42;static_gcn_u500_top100_norm-minmax_k8_h32_l3_gpool-mean_conv-gcn_batch8_factorial_seed123;static_gcn_u500_top100_norm-minmax_k8_h32_l3_gpool-mean_conv-gcn_batch8_factorial_seed2025;static_gcn_u500_top100_norm-minmax_k8_h32_l3_gpool-mean_conv-gcn_batch8_factorial_seed42,,unknown,false,medium,
reports/meeting/thesis_pdf_source_bundle/analysis_packages/controlled_static_vs_evolvegcn_topn_halo_scaling_500u/tables/prediction_collapse_diagnostics.tex,report,prediction_collapse_diagnostic,,,unknown,false,medium,
reports/meeting/thesis_pdf_source_bundle/analysis_packages/controlled_static_vs_evolvegcn_topn_halo_scaling_500u/tables/seed_level_topn_results.csv,report,other,evolvegcn_h_500u_seed123_final32;evolvegcn_h_500u_seed2025_final32;evolvegcn_h_500u_seed42_final32;evolvegcn_h_500u_top200_h32_seed123;evolvegcn_h_500u_top200_h32_seed2025;evolvegcn_h_500u_top200_h32_seed42;evolvegcn_h_500u_top500_h32_seed123_minmax;evolvegcn_h_500u_top500_h32_seed2025_minmax;evolvegcn_h_500u_top500_h32_seed42;static_gcn_500u_top200_h32_seed123;static_gcn_500u_top200_h32_seed2025;static_gcn_500u_top200_h32_seed42;static_gcn_500u_top500_final_snapshot_h32_seed123_minmax;static_gcn_500u_top500_final_snapshot_h32_seed2025_minmax;static_gcn_top500_final_snapshot_same_split_h32_seed42;static_gcn_u500_top100_norm-minmax_k8_h32_l3_gpool-mean_conv-gcn_batch8_factorial_seed123;static_gcn_u500_top100_norm-minmax_k8_h32_l3_gpool-mean_conv-gcn_batch8_factorial_seed2025;static_gcn_u500_top100_norm-minmax_k8_h32_l3_gpool-mean_conv-gcn_batch8_factorial_seed42,,unknown,false,low,
reports/meeting/thesis_pdf_source_bundle/analysis_packages/controlled_static_vs_evolvegcn_topn_halo_scaling_500u/tables/seed_level_topn_results.md,report,other,evolvegcn_h_500u_seed123_final32;evolvegcn_h_500u_seed2025_final32;evolvegcn_h_500u_seed42_final32;evolvegcn_h_500u_top200_h32_seed123;evolvegcn_h_500u_top200_h32_seed2025;evolvegcn_h_500u_top200_h32_seed42;evolvegcn_h_500u_top500_h32_seed123_minmax;evolvegcn_h_500u_top500_h32_seed2025_minmax;evolvegcn_h_500u_top500_h32_seed42;static_gcn_500u_top200_h32_seed123;static_gcn_500u_top200_h32_seed2025;static_gcn_500u_top200_h32_seed42;static_gcn_500u_top500_final_snapshot_h32_seed123_minmax;static_gcn_500u_top500_final_snapshot_h32_seed2025_minmax;static_gcn_top500_final_snapshot_same_split_h32_seed42;static_gcn_u500_top100_norm-minmax_k8_h32_l3_gpool-mean_conv-gcn_batch8_factorial_seed123;static_gcn_u500_top100_norm-minmax_k8_h32_l3_gpool-mean_conv-gcn_batch8_factorial_seed2025;static_gcn_u500_top100_norm-minmax_k8_h32_l3_gpool-mean_conv-gcn_batch8_factorial_seed42,,unknown,false,low,
reports/meeting/thesis_pdf_source_bundle/analysis_packages/controlled_static_vs_evolvegcn_topn_halo_scaling_500u/tables/seed_level_topn_results.tex,report,other,,,unknown,false,low,
reports/meeting/thesis_pdf_source_bundle/analysis_packages/controlled_static_vs_evolvegcn_topn_halo_scaling_500u/tables/static_gcn_topn_results.csv,report,other,,,unknown,false,low,
reports/meeting/thesis_pdf_source_bundle/analysis_packages/controlled_static_vs_evolvegcn_topn_halo_scaling_500u/tables/static_gcn_topn_results.md,report,other,,,unknown,false,low,
reports/meeting/thesis_pdf_source_bundle/analysis_packages/controlled_static_vs_evolvegcn_topn_halo_scaling_500u/tables/static_gcn_topn_results.tex,report,other,,,unknown,false,low,
reports/meeting/thesis_pdf_source_bundle/analysis_packages/controlled_static_vs_evolvegcn_topn_halo_scaling_500u/thesis_section.md,report,other,,,unknown,false,low,
reports/meeting/thesis_pdf_source_bundle/analysis_packages/controlled_static_vs_evolvegcn_topn_halo_scaling_500u/topn_implementation.md,report,other,,,unknown,false,low,
reports/meeting/thesis_pdf_source_bundle/analysis_packages/controlled_static_vs_evolvegcn_universe_scaling_top100/aggregated_results.csv,report,other,,,unknown,false,low,
reports/meeting/thesis_pdf_source_bundle/analysis_packages/controlled_static_vs_evolvegcn_universe_scaling_top100/analysis_manifest.json,report,other,evolvegcn_h_100u_seed123;evolvegcn_h_100u_seed123_final32;evolvegcn_h_200u_seed123;evolvegcn_h_200u_seed123_final32;evolvegcn_h_200u_seed2025;evolvegcn_h_200u_seed2025_final32;evolvegcn_h_200u_seed42;evolvegcn_h_200u_seed42_final32;evolvegcn_h_20u_seed123;evolvegcn_h_20u_seed123_final32;evolvegcn_h_500u_seed123_final32;evolvegcn_h_500u_seed2025_final32;evolvegcn_h_500u_seed42_final32;evolvegcn_h_50u_seed123;evolvegcn_h_50u_seed123_final32;evolvegcn_h_u100_top100_norm-minmax_h32_l2_gpool-mean_tpool-mean_head-mlp_canonical300_seed2025;evolvegcn_h_u100_top100_norm-minmax_h32_l2_gpool-mean_tpool-mean_head-mlp_canonical300_seed42;evolvegcn_h_u20_top100_norm-minmax_h32_l2_gpool-mean_tpool-mean_head-mlp_canonical300_seed2025;evolvegcn_h_u20_top100_norm-minmax_h32_l2_gpool-mean_tpool-mean_head-mlp_canonical300_seed42;evolvegcn_h_u50_top100_norm-minmax_h32_l2_gpool-mean_tpool-mean_head-mlp_canonical300_seed2025;evolvegcn_h_u50_top100_norm-minmax_h32_l2_gpool-mean_tpool-mean_head-mlp_canonical300_seed42;static_gcn_100u_seed123;static_gcn_100u_seed123_final32;static_gcn_200u_seed123;static_gcn_200u_seed123_final32;static_gcn_200u_seed2025;static_gcn_200u_seed2025_final32;static_gcn_200u_seed42;static_gcn_200u_seed42_final32;static_gcn_20u_seed123;static_gcn_20u_seed123_final32;static_gcn_50u_seed123;static_gcn_50u_seed123_final32;static_gcn_u100_top100_norm-minmax_h32_l2_gpool-mean_conv-gcn_batch8_canonical300_seed2025;static_gcn_u100_top100_norm-minmax_h32_l2_gpool-mean_conv-gcn_batch8_canonical300_seed42;static_gcn_u20_top100_norm-minmax_h32_l2_gpool-mean_conv-gcn_batch8_canonical300_seed2025;static_gcn_u20_top100_norm-minmax_h32_l2_gpool-mean_conv-gcn_batch8_canonical300_seed42;static_gcn_u500_top100_norm-minmax_h32_l2_gpool-mean_conv-gcn_batch8_canonical300_seed123;static_gcn_u500_top100_norm-minmax_h32_l2_gpool-mean_conv-gcn_batch8_canonical300_seed2025;static_gcn_u500_top100_norm-minmax_h32_l2_gpool-mean_conv-gcn_batch8_canonical300_seed42;static_gcn_u50_top100_norm-minmax_h32_l2_gpool-mean_conv-gcn_batch8_canonical300_seed2025;static_gcn_u50_top100_norm-minmax_h32_l2_gpool-mean_conv-gcn_batch8_canonical300_seed42,,unknown,false,low,
reports/meeting/thesis_pdf_source_bundle/analysis_packages/controlled_static_vs_evolvegcn_universe_scaling_top100/compatibility_report.md,report,other,,,unknown,false,low,
reports/meeting/thesis_pdf_source_bundle/analysis_packages/controlled_static_vs_evolvegcn_universe_scaling_top100/figures/paired_mae_difference_vs_universes.png,report,other,,,unknown,false,low,
reports/meeting/thesis_pdf_source_bundle/analysis_packages/controlled_static_vs_evolvegcn_universe_scaling_top100/figures/prediction_std_ratio_vs_universes.png,report,other,,,unknown,false,low,
reports/meeting/thesis_pdf_source_bundle/analysis_packages/controlled_static_vs_evolvegcn_universe_scaling_top100/figures/residuals_vs_true_representative_runs.png,report,other,,,unknown,false,low,
reports/meeting/thesis_pdf_source_bundle/analysis_packages/controlled_static_vs_evolvegcn_universe_scaling_top100/figures/seed_variability_vs_universes.png,report,other,,,unknown,false,low,
reports/meeting/thesis_pdf_source_bundle/analysis_packages/controlled_static_vs_evolvegcn_universe_scaling_top100/figures/test_mae_vs_universes.png,report,other,,,unknown,false,low,
reports/meeting/thesis_pdf_source_bundle/analysis_packages/controlled_static_vs_evolvegcn_universe_scaling_top100/figures/test_r2_vs_universes.png,report,other,,,unknown,false,low,
reports/meeting/thesis_pdf_source_bundle/analysis_packages/controlled_static_vs_evolvegcn_universe_scaling_top100/figures/test_rmse_vs_universes.png,report,other,,,unknown,false,low,
reports/meeting/thesis_pdf_source_bundle/analysis_packages/controlled_static_vs_evolvegcn_universe_scaling_top100/figures/true_vs_predicted_representative_runs.png,report,other,,,unknown,false,low,
reports/meeting/thesis_pdf_source_bundle/analysis_packages/controlled_static_vs_evolvegcn_universe_scaling_top100/paired_model_differences.csv,report,other,evolvegcn_h_100u_seed123;evolvegcn_h_100u_seed123_final32;evolvegcn_h_200u_seed123;evolvegcn_h_200u_seed123_final32;evolvegcn_h_200u_seed2025;evolvegcn_h_200u_seed2025_final32;evolvegcn_h_200u_seed42;evolvegcn_h_200u_seed42_final32;evolvegcn_h_20u_seed123;evolvegcn_h_20u_seed123_final32;evolvegcn_h_500u_seed123_final32;evolvegcn_h_500u_seed2025_final32;evolvegcn_h_500u_seed42_final32;evolvegcn_h_50u_seed123;evolvegcn_h_50u_seed123_final32;evolvegcn_h_u100_top100_norm-minmax_h32_l2_gpool-mean_tpool-mean_head-mlp_canonical300_seed2025;evolvegcn_h_u100_top100_norm-minmax_h32_l2_gpool-mean_tpool-mean_head-mlp_canonical300_seed42;evolvegcn_h_u20_top100_norm-minmax_h32_l2_gpool-mean_tpool-mean_head-mlp_canonical300_seed2025;evolvegcn_h_u20_top100_norm-minmax_h32_l2_gpool-mean_tpool-mean_head-mlp_canonical300_seed42;evolvegcn_h_u50_top100_norm-minmax_h32_l2_gpool-mean_tpool-mean_head-mlp_canonical300_seed2025;evolvegcn_h_u50_top100_norm-minmax_h32_l2_gpool-mean_tpool-mean_head-mlp_canonical300_seed42;static_gcn_100u_seed123;static_gcn_100u_seed123_final32;static_gcn_200u_seed123;static_gcn_200u_seed123_final32;static_gcn_200u_seed2025;static_gcn_200u_seed2025_final32;static_gcn_200u_seed42;static_gcn_200u_seed42_final32;static_gcn_20u_seed123;static_gcn_20u_seed123_final32;static_gcn_50u_seed123;static_gcn_50u_seed123_final32;static_gcn_u100_top100_norm-minmax_h32_l2_gpool-mean_conv-gcn_batch8_canonical300_seed2025;static_gcn_u100_top100_norm-minmax_h32_l2_gpool-mean_conv-gcn_batch8_canonical300_seed42;static_gcn_u20_top100_norm-minmax_h32_l2_gpool-mean_conv-gcn_batch8_canonical300_seed2025;static_gcn_u20_top100_norm-minmax_h32_l2_gpool-mean_conv-gcn_batch8_canonical300_seed42;static_gcn_u500_top100_norm-minmax_h32_l2_gpool-mean_conv-gcn_batch8_canonical300_seed123;static_gcn_u500_top100_norm-minmax_h32_l2_gpool-mean_conv-gcn_batch8_canonical300_seed2025;static_gcn_u500_top100_norm-minmax_h32_l2_gpool-mean_conv-gcn_batch8_canonical300_seed42;static_gcn_u50_top100_norm-minmax_h32_l2_gpool-mean_conv-gcn_batch8_canonical300_seed2025;static_gcn_u50_top100_norm-minmax_h32_l2_gpool-mean_conv-gcn_batch8_canonical300_seed42,,unknown,false,low,
reports/meeting/thesis_pdf_source_bundle/analysis_packages/controlled_static_vs_evolvegcn_universe_scaling_top100/protocol_table.csv,report,other,,,unknown,false,low,
reports/meeting/thesis_pdf_source_bundle/analysis_packages/controlled_static_vs_evolvegcn_universe_scaling_top100/protocol_table.md,report,other,,,unknown,false,low,
reports/meeting/thesis_pdf_source_bundle/analysis_packages/controlled_static_vs_evolvegcn_universe_scaling_top100/scientific_summary.md,report,other,,,unknown,false,low,
reports/meeting/thesis_pdf_source_bundle/analysis_packages/controlled_static_vs_evolvegcn_universe_scaling_top100/seed_level_results.csv,report,other,evolvegcn_h_100u_seed123;evolvegcn_h_100u_seed123_final32;evolvegcn_h_200u_seed123;evolvegcn_h_200u_seed123_final32;evolvegcn_h_200u_seed2025;evolvegcn_h_200u_seed2025_final32;evolvegcn_h_200u_seed42;evolvegcn_h_200u_seed42_final32;evolvegcn_h_20u_seed123;evolvegcn_h_20u_seed123_final32;evolvegcn_h_500u_seed123_final32;evolvegcn_h_500u_seed2025_final32;evolvegcn_h_500u_seed42_final32;evolvegcn_h_50u_seed123;evolvegcn_h_50u_seed123_final32;evolvegcn_h_u100_top100_norm-minmax_h32_l2_gpool-mean_tpool-mean_head-mlp_canonical300_seed2025;evolvegcn_h_u100_top100_norm-minmax_h32_l2_gpool-mean_tpool-mean_head-mlp_canonical300_seed42;evolvegcn_h_u20_top100_norm-minmax_h32_l2_gpool-mean_tpool-mean_head-mlp_canonical300_seed2025;evolvegcn_h_u20_top100_norm-minmax_h32_l2_gpool-mean_tpool-mean_head-mlp_canonical300_seed42;evolvegcn_h_u50_top100_norm-minmax_h32_l2_gpool-mean_tpool-mean_head-mlp_canonical300_seed2025;evolvegcn_h_u50_top100_norm-minmax_h32_l2_gpool-mean_tpool-mean_head-mlp_canonical300_seed42;static_gcn_100u_seed123;static_gcn_100u_seed123_final32;static_gcn_200u_seed123;static_gcn_200u_seed123_final32;static_gcn_200u_seed2025;static_gcn_200u_seed2025_final32;static_gcn_200u_seed42;static_gcn_200u_seed42_final32;static_gcn_20u_seed123;static_gcn_20u_seed123_final32;static_gcn_50u_seed123;static_gcn_50u_seed123_final32;static_gcn_u100_top100_norm-minmax_h32_l2_gpool-mean_conv-gcn_batch8_canonical300_seed2025;static_gcn_u100_top100_norm-minmax_h32_l2_gpool-mean_conv-gcn_batch8_canonical300_seed42;static_gcn_u20_top100_norm-minmax_h32_l2_gpool-mean_conv-gcn_batch8_canonical300_seed2025;static_gcn_u20_top100_norm-minmax_h32_l2_gpool-mean_conv-gcn_batch8_canonical300_seed42;static_gcn_u500_top100_norm-minmax_h32_l2_gpool-mean_conv-gcn_batch8_canonical300_seed123;static_gcn_u500_top100_norm-minmax_h32_l2_gpool-mean_conv-gcn_batch8_canonical300_seed2025;static_gcn_u500_top100_norm-minmax_h32_l2_gpool-mean_conv-gcn_batch8_canonical300_seed42;static_gcn_u50_top100_norm-minmax_h32_l2_gpool-mean_conv-gcn_batch8_canonical300_seed2025;static_gcn_u50_top100_norm-minmax_h32_l2_gpool-mean_conv-gcn_batch8_canonical300_seed42,,unknown,false,low,
reports/meeting/thesis_pdf_source_bundle/analysis_packages/controlled_static_vs_evolvegcn_universe_scaling_top100/tables/main_results_table.csv,report,other,,,unknown,false,low,
reports/meeting/thesis_pdf_source_bundle/analysis_packages/controlled_static_vs_evolvegcn_universe_scaling_top100/tables/main_results_table.md,report,other,,,unknown,false,low,
reports/meeting/thesis_pdf_source_bundle/analysis_packages/controlled_static_vs_evolvegcn_universe_scaling_top100/tables/main_results_table.tex,report,other,,,unknown,false,low,
reports/meeting/thesis_pdf_source_bundle/analysis_specifications/controlled_evolvegcn_graph_pooling_ablation_750u_top1000.json,report,graph_validation,,,unknown,false,medium,
reports/meeting/thesis_pdf_source_bundle/analysis_specifications/controlled_evolvegcn_regression_head_ablation_750u_top1000.json,report,head_ablation,,,unknown,false,medium,
reports/meeting/thesis_pdf_source_bundle/analysis_specifications/controlled_knn_by_hidden_dim_factorial_500u_top100.json,report,knn_ablation,,,unknown,false,medium,
reports/meeting/thesis_pdf_source_bundle/analysis_specifications/controlled_static_vs_evolvegcn_knn_ablation_500u_top100_h64.json,report,knn_ablation,,,unknown,false,medium,
reports/meeting/thesis_pdf_source_bundle/analysis_specifications/controlled_static_vs_evolvegcn_normalization_ablation_500u_top500.json,report,normalization_ablation,,,unknown,false,medium,
reports/meeting/thesis_pdf_source_bundle/analysis_specifications/controlled_static_vs_evolvegcn_topn_halo_scaling_500u.json,report,other,,,unknown,false,low,
reports/meeting/thesis_pdf_source_bundle/analysis_specifications/controlled_static_vs_evolvegcn_universe_scaling_top100.json,report,other,,,unknown,false,low,
reports/meeting/thesis_pdf_source_bundle/bundle_inventory.json,report,other,,,unknown,false,low,
reports/meeting/thesis_pdf_source_bundle/meeting_report/10_final_experiment_report.html,report,other,,,unknown,false,low,
reports/meeting/thesis_pdf_source_bundle/meeting_report/10_final_experiment_report.ipynb,report,other,,,unknown,false,low,
reports/meeting/thesis_pdf_source_bundle/meeting_report/10_final_experiment_report_source_map.csv,report,other,summary_features_500u_none_top500_matched_seed42,,unknown,false,low,
reports/meeting/thesis_pdf_source_bundle/meeting_report/10_final_experiment_report_validation.md,report,other,,,unknown,false,low,
reports/meeting/thesis_pdf_source_bundle/registry_context/baseline_validation_audit.md,report,other,evolvegcn_h_500u_top500_h32_seed42;evolvegcn_h_500u_top500_h32_seed42_none_norm;summary_features_500u_none_top500_matched_seed42,,unknown,false,low,
reports/meeting/thesis_pdf_source_bundle/registry_context/current_thesis_execution_status.md,report,other,evolvegcn_h_100u_seed123;evolvegcn_h_100u_seed123_final32;evolvegcn_h_200u_seed123;evolvegcn_h_200u_seed123_final32;evolvegcn_h_200u_seed2025;evolvegcn_h_200u_seed2025_final32;evolvegcn_h_200u_seed42;evolvegcn_h_200u_seed42_final32;evolvegcn_h_20u_seed123;evolvegcn_h_20u_seed123_final32;evolvegcn_h_500u_seed123_final32;evolvegcn_h_500u_seed2025_final32;evolvegcn_h_500u_seed42_final32;evolvegcn_h_50u_seed123;evolvegcn_h_50u_seed123_final32;evolvegcn_h_u100_top100_norm-minmax_h32_l2_gpool-mean_tpool-mean_head-mlp_canonical300_seed2025;evolvegcn_h_u100_top100_norm-minmax_h32_l2_gpool-mean_tpool-mean_head-mlp_canonical300_seed42;evolvegcn_h_u20_top100_norm-minmax_h32_l2_gpool-mean_tpool-mean_head-mlp_canonical300_seed2025;evolvegcn_h_u20_top100_norm-minmax_h32_l2_gpool-mean_tpool-mean_head-mlp_canonical300_seed42;evolvegcn_h_u50_top100_norm-minmax_h32_l2_gpool-mean_tpool-mean_head-mlp_canonical300_seed2025;evolvegcn_h_u50_top100_norm-minmax_h32_l2_gpool-mean_tpool-mean_head-mlp_canonical300_seed42,,unknown,false,low,
reports/meeting/thesis_pdf_source_bundle/registry_context/final_table_readiness_status.md,report,other,,,unknown,false,low,
reports/meeting/thesis_pdf_source_bundle/registry_context/master_experiment_registry.csv,report,other,debug_evolvegcn_h_50u_h32_dropout0_none_lr1e4;debug_evolvegcn_h_50u_h32_dropout0_zscore;debug_mean_baseline_20u_seed42;debug_mean_baseline_50u_seed42;debug_overfit_evolvegcn_h_20u_h32_dropout0;debug_overfit_evolvegcn_h_50u_h32_dropout0;debug_overfit_static_gcn_20u_h32_dropout0;debug_overfit_static_gcn_50u_h32_dropout0;debug_static_gcn_50u_h32_dropout0_none_lr1e4;debug_static_gcn_50u_h32_dropout0_zscore;debug_summary_features_50u_minmax_seed42;debug_summary_features_50u_zscore_seed42;evolvegcn_h_100u_seed123;evolvegcn_h_100u_seed123_final32;evolvegcn_h_100u_seed2025;evolvegcn_h_100u_seed42;evolvegcn_h_200u_seed123;evolvegcn_h_200u_seed123_final32;evolvegcn_h_200u_seed2025;evolvegcn_h_200u_seed2025_final32;evolvegcn_h_200u_seed42;evolvegcn_h_200u_seed42_final32;evolvegcn_h_20u_seed123;evolvegcn_h_20u_seed123_final32;evolvegcn_h_20u_seed2025;evolvegcn_h_20u_seed42;evolvegcn_h_500u_k12_seed123;evolvegcn_h_500u_k12_seed2025;evolvegcn_h_500u_k12_seed42;evolvegcn_h_500u_k4_seed123;evolvegcn_h_500u_k4_seed2025;evolvegcn_h_500u_k4_seed42;evolvegcn_h_500u_k6_seed123;evolvegcn_h_500u_k6_seed2025;evolvegcn_h_500u_k6_seed42;evolvegcn_h_500u_k8_h64_seed123;evolvegcn_h_500u_k8_h64_seed2025;evolvegcn_h_500u_k8_h64_seed42;evolvegcn_h_500u_seed123_final32;evolvegcn_h_500u_seed2025_final32;evolvegcn_h_500u_seed42_final32;evolvegcn_h_500u_top200_h32_seed123;evolvegcn_h_500u_top200_h32_seed2025;evolvegcn_h_500u_top200_h32_seed42;evolvegcn_h_500u_top500_h32_seed123_minmax;evolvegcn_h_500u_top500_h32_seed123_none;evolvegcn_h_500u_top500_h32_seed123_zscore;evolvegcn_h_500u_top500_h32_seed2025_minmax;evolvegcn_h_500u_top500_h32_seed2025_none;evolvegcn_h_500u_top500_h32_seed2025_zscore,,unknown,false,low,
reports/meeting/thesis_pdf_source_bundle/registry_context/master_experiment_registry.md,report,other,debug_evolvegcn_h_50u_h32_dropout0_none_lr1e4;debug_evolvegcn_h_50u_h32_dropout0_zscore;debug_overfit_evolvegcn_h_20u_h32_dropout0;debug_overfit_evolvegcn_h_50u_h32_dropout0;debug_overfit_static_gcn_20u_h32_dropout0;debug_overfit_static_gcn_50u_h32_dropout0;debug_static_gcn_50u_h32_dropout0_none_lr1e4;debug_static_gcn_50u_h32_dropout0_zscore;debug_summary_features_50u_minmax_seed42;debug_summary_features_50u_zscore_seed42;evolvegcn_h_500u_top500_h32_seed123_none;evolvegcn_h_500u_top500_h32_seed2025_none;evolvegcn_h_500u_top500_h32_seed42;evolvegcn_h_500u_top500_h32_seed42_none_norm;evolvegcn_h_500u_top500_h32_seed777_none;evolvegcn_h_500u_top500_h32_seed999_none;evolvegcn_h_750u_top1000_h32_seed123_none;evolvegcn_h_750u_top1000_h32_seed123_none_linear_head;evolvegcn_h_750u_top1000_h32_seed123_none_linear_head_temporal_last;evolvegcn_h_750u_top1000_h32_seed2025_none;evolvegcn_h_750u_top1000_h32_seed42_none;evolvegcn_h_750u_top1000_h32_seed42_none_linear_head;evolvegcn_h_750u_top1000_h32_seed42_none_linear_head_temporal_last;evolvegcn_h_750u_top1000_h32_seed42_none_mlp_relu_repeat;evolvegcn_h_750u_top1000_h32_seed777_none;evolvegcn_h_750u_top1000_h32_seed777_none_linear_head;evolvegcn_h_750u_top1000_h32_seed777_none_linear_head_temporal_last;evolvegcn_h_750u_top1000_h32_seed999_none;evolvegcn_h_750u_top1000_h32_seed999_none_linear_head;evolvegcn_h_750u_top1000_h32_seed999_none_linear_head_temporal_last;static_gcn_100u_seed42;static_gcn_500u_k4_seed42;static_gcn_500u_top500_final_snapshot_h32_seed123_none;static_gcn_500u_top500_final_snapshot_h32_seed2025_none;static_gcn_500u_top500_final_snapshot_h32_seed42_none;static_gcn_500u_top500_final_snapshot_h32_seed777_none;static_gcn_500u_top500_final_snapshot_h32_seed999_none;static_gcn_top500_final_snapshot_same_split_h32_seed42;static_gcn_u100_top100_norm-minmax_h32_l2_gpool-mean_conv-gcn_batch8_canonical300_seed42;static_gcn_u50_top100_norm-minmax_h32_l2_gpool-mean_conv-gcn_batch8_canonical300_seed42;summary_features_500u_minmax_seed42;summary_features_500u_none_top500_matched_seed42;summary_features_500u_zscore_seed42;summary_features_temporal_500u_top500_matched_seed42;summary_features_temporal_500u_top500_seed42;summary_mlp_temporal_500u_top500_matched_seed42,,unknown,false,low,
reports/meeting/thesis_pdf_source_bundle/verification_reports/graph_pooling_ablation_final_verification.md,report,graph_validation,evolvegcn_h_750u_top1000_h32_seed123_none;evolvegcn_h_750u_top1000_h32_seed123_none_linear_head;evolvegcn_h_750u_top1000_h32_seed123_none_linear_head_meanmax;evolvegcn_h_750u_top1000_h32_seed2025_none;evolvegcn_h_750u_top1000_h32_seed2025_none_linear_head;evolvegcn_h_750u_top1000_h32_seed2025_none_linear_head_meanmax;evolvegcn_h_750u_top1000_h32_seed42_none;evolvegcn_h_750u_top1000_h32_seed42_none_linear_head;evolvegcn_h_750u_top1000_h32_seed42_none_linear_head_meanmax;evolvegcn_h_750u_top1000_h32_seed777_none;evolvegcn_h_750u_top1000_h32_seed777_none_linear_head;evolvegcn_h_750u_top1000_h32_seed777_none_linear_head_meanmax;evolvegcn_h_750u_top1000_h32_seed999_none;evolvegcn_h_750u_top1000_h32_seed999_none_linear_head;evolvegcn_h_750u_top1000_h32_seed999_none_linear_head_meanmax,,unknown,false,medium,
reports/meeting/thesis_pdf_source_bundle/verification_reports/knn_by_hidden_dim_factorial_final_verification.md,report,knn_ablation,static_gcn_u500_top100_norm-minmax_k4_h32_l3_gpool-mean_conv-gcn_batch8_factorial_seed42,,unknown,false,medium,
reports/meeting/thesis_pdf_source_bundle/verification_reports/normalization_ablation_final_verification.md,report,normalization_ablation,evolvegcn_h_500u_top500_h32_seed123_minmax;evolvegcn_h_500u_top500_h32_seed123_none;evolvegcn_h_500u_top500_h32_seed123_zscore;evolvegcn_h_500u_top500_h32_seed2025_minmax;evolvegcn_h_500u_top500_h32_seed2025_none;evolvegcn_h_500u_top500_h32_seed2025_zscore;evolvegcn_h_500u_top500_h32_seed42;evolvegcn_h_500u_top500_h32_seed42_none_norm;evolvegcn_h_500u_top500_h32_seed42_zscore;evolvegcn_h_500u_top500_h32_seed777_minmax;evolvegcn_h_500u_top500_h32_seed777_none;evolvegcn_h_500u_top500_h32_seed777_zscore;evolvegcn_h_500u_top500_h32_seed999_minmax;evolvegcn_h_500u_top500_h32_seed999_none;evolvegcn_h_500u_top500_h32_seed999_zscore;static_gcn_500u_top500_final_snapshot_h32_seed123_minmax;static_gcn_500u_top500_final_snapshot_h32_seed123_none;static_gcn_500u_top500_final_snapshot_h32_seed123_zscore;static_gcn_500u_top500_final_snapshot_h32_seed2025_minmax;static_gcn_500u_top500_final_snapshot_h32_seed2025_none;static_gcn_500u_top500_final_snapshot_h32_seed2025_zscore;static_gcn_500u_top500_final_snapshot_h32_seed42_none;static_gcn_500u_top500_final_snapshot_h32_seed42_zscore;static_gcn_500u_top500_final_snapshot_h32_seed777_minmax;static_gcn_500u_top500_final_snapshot_h32_seed777_none;static_gcn_500u_top500_final_snapshot_h32_seed777_zscore;static_gcn_500u_top500_final_snapshot_h32_seed999_minmax;static_gcn_500u_top500_final_snapshot_h32_seed999_none;static_gcn_500u_top500_final_snapshot_h32_seed999_zscore;static_gcn_top500_final_snapshot_same_split_h32_seed42,,unknown,false,medium,
reports/meeting/thesis_pdf_source_bundle/verification_reports/regression_head_ablation_final_verification.md,report,head_ablation,evolvegcn_h_750u_top1000_h32_seed123_none;evolvegcn_h_750u_top1000_h32_seed123_none_linear_head;evolvegcn_h_750u_top1000_h32_seed2025_none;evolvegcn_h_750u_top1000_h32_seed2025_none_linear_head;evolvegcn_h_750u_top1000_h32_seed42_none;evolvegcn_h_750u_top1000_h32_seed42_none_linear_head;evolvegcn_h_750u_top1000_h32_seed777_none;evolvegcn_h_750u_top1000_h32_seed777_none_linear_head;evolvegcn_h_750u_top1000_h32_seed999_none;evolvegcn_h_750u_top1000_h32_seed999_none_linear_head,,unknown,false,medium,
reports/meeting/thesis_pdf_source_bundle/verification_reports/topn_halo_scaling_final_verification.md,report,other,evolvegcn_h_500u_seed123_final32;evolvegcn_h_500u_seed2025_final32;evolvegcn_h_500u_seed42_final32;evolvegcn_h_500u_top200_h32_seed123;evolvegcn_h_500u_top200_h32_seed2025;evolvegcn_h_500u_top200_h32_seed42;evolvegcn_h_500u_top500_h32_seed123_minmax;evolvegcn_h_500u_top500_h32_seed2025_minmax;evolvegcn_h_500u_top500_h32_seed42;static_gcn_500u_top200_h32_seed123;static_gcn_500u_top200_h32_seed2025;static_gcn_500u_top200_h32_seed42;static_gcn_500u_top500_final_snapshot_h32_seed123_minmax;static_gcn_500u_top500_final_snapshot_h32_seed2025_minmax;static_gcn_top500_final_snapshot_same_split_h32_seed42;static_gcn_u500_top100_norm-minmax_k8_h32_l3_gpool-mean_conv-gcn_batch8_factorial_seed123;static_gcn_u500_top100_norm-minmax_k8_h32_l3_gpool-mean_conv-gcn_batch8_factorial_seed2025;static_gcn_u500_top100_norm-minmax_k8_h32_l3_gpool-mean_conv-gcn_batch8_factorial_seed42,,unknown,false,low,
reports/meeting/thesis_pdf_source_bundle.zip,report,other,,,unknown,false,low,
reports/repository_cleanup/final_notebook_commit_audit.md,report,other,,,unknown,false,low,
reports/repository_cleanup/notebook_and_report_audit.md,report,other,,,unknown,false,low,
reports/repository_cleanup/proposed_gitignore_policy.md,report,other,,,unknown,false,low,
reports/repository_cleanup/remaining_working_tree_commit_plan.md,report,other,static_gcn_top500_final_snapshot_same_split_h32_seed42;static_graphsage_500u_top500_final_snapshot_h32_seed42,,unknown,false,low,
reports/repository_cleanup/remaining_working_tree_inventory.csv,report,other,,,unknown,false,low,
reports/reproducibility/deprecated_result_artifacts.md,report,other,,,unknown,false,low,
reports/reproducibility/evolvegcn_500u_top500_vs_750u_top1000_authoritative.csv,report,other,evolvegcn_h_500u_top500_h32_seed123_none;evolvegcn_h_500u_top500_h32_seed2025_none;evolvegcn_h_500u_top500_h32_seed42;evolvegcn_h_500u_top500_h32_seed42_none_norm;evolvegcn_h_500u_top500_h32_seed777_none;evolvegcn_h_500u_top500_h32_seed999_none;evolvegcn_h_750u_top1000_h32_seed123_none;evolvegcn_h_750u_top1000_h32_seed2025_none;evolvegcn_h_750u_top1000_h32_seed42_none;evolvegcn_h_750u_top1000_h32_seed777_none;evolvegcn_h_750u_top1000_h32_seed999_none,,unknown,false,low,
reports/reproducibility/final_source_to_result_provenance.md,report,other,,,unknown,false,low,
reports/reproducibility/final_thesis_artifact_manifest.csv,report,other,deepsets_u1000_top1000_raw7_final_train700_seed123_none_h32_phi3_mean_statichead;deepsets_u1000_top1000_raw7_final_train700_seed2025_none_h32_phi3_mean_statichead;deepsets_u1000_top1000_raw7_final_train700_seed42_none_h32_phi3_mean_statichead;evolvegcn_h_u1000_top1500_sparse_train700_seed123_none_h32_l2_mean_temporal_mean_linear;evolvegcn_h_u1000_top1500_sparse_train700_seed2025_none_h32_l2_mean_temporal_mean_linear;evolvegcn_h_u1000_top1500_sparse_train700_seed42_none_h32_l2_mean_temporal_mean_linear;evolvegcn_o_u1000_top1500_sparse_train700_seed123_none_h32_l2_mean_temporal_mean_linear;evolvegcn_o_u1000_top1500_sparse_train700_seed2025_none_h32_l2_mean_temporal_mean_linear;evolvegcn_o_u1000_top1500_sparse_train700_seed42_none_h32_l2_mean_temporal_mean_linear;gcn_gru_u1000_top1500_sparse_train700_seed123_none_h32_l3_final;gcn_gru_u1000_top1500_sparse_train700_seed2025_none_h32_l3_final;gcn_gru_u1000_top1500_sparse_train700_seed42_none_h32_l3_final;gcn_temporal_transformer_u1000_top1500_sparse_train700_seed123_none_h32_l3_final;gcn_temporal_transformer_u1000_top1500_sparse_train700_seed2025_none_h32_l3_final;gcn_temporal_transformer_u1000_top1500_sparse_train700_seed42_none_h32_l3_final;gradient_boosting_u1000_top1500_summary20_final_train700_seed123_none_t300_lr0p03_d3;gradient_boosting_u1000_top1500_summary20_final_train700_seed2025_none_t300_lr0p03_d3;gradient_boosting_u1000_top1500_summary20_final_train700_seed42_none_t300_lr0p03_d3;static_gcn_u1000_top1500_sparse_train700_seed123_none_h32_l3_mean_mlp_final;static_gcn_u1000_top1500_sparse_train700_seed2025_none_h32_l3_mean_mlp_final;static_gcn_u1000_top1500_sparse_train700_seed42_none_h32_l3_mean_mlp_final;static_pna_u1000_top1500_sparse_train700_seed123_none_h32_l3_mean_mlp_final;static_pna_u1000_top1500_sparse_train700_seed2025_none_h32_l3_mean_mlp_final;static_pna_u1000_top1500_sparse_train700_seed42_none_h32_l3_mean_mlp_final,,unknown,false,low,
reports/reproducibility/generated_artifact_policy.md,report,other,,,unknown,false,low,
reports/reproducibility/stash_reconciliation.md,report,other,,,unknown,false,low,
reports/symmetry/u1000_top1500_knn_k8_static_gcn/pilot/symmetry_pilot_summary.json,report,knn_ablation,,,unknown,false,medium,
reports/temporal_five_model/figures/parameter_count_vs_validation_mae.pdf,report,other,,,unknown,false,low,
reports/temporal_five_model/figures/parameter_count_vs_validation_mae.png,report,other,,,unknown,false,low,
reports/temporal_five_model/figures/test_mae_all_models.pdf,report,other,,,unknown,false,low,
reports/temporal_five_model/figures/test_mae_all_models.png,report,other,,,unknown,false,low,
reports/temporal_five_model/figures/test_prediction_compression.pdf,report,other,,,unknown,false,low,
reports/temporal_five_model/figures/test_prediction_compression.png,report,other,,,unknown,false,low,
reports/temporal_five_model/figures/test_residuals_evolvegcn_h.pdf,report,other,,,unknown,false,low,
reports/temporal_five_model/figures/test_residuals_evolvegcn_h.png,report,other,,,unknown,false,low,
reports/temporal_five_model/figures/test_residuals_evolvegcn_o.pdf,report,other,,,unknown,false,low,
reports/temporal_five_model/figures/test_residuals_evolvegcn_o.png,report,other,,,unknown,false,low,
reports/temporal_five_model/figures/test_residuals_gcn_gru.pdf,report,other,,,unknown,false,low,
reports/temporal_five_model/figures/test_residuals_gcn_gru.png,report,other,,,unknown,false,low,
reports/temporal_five_model/figures/test_residuals_gcn_transformer.pdf,report,other,,,unknown,false,low,
reports/temporal_five_model/figures/test_residuals_gcn_transformer.png,report,other,,,unknown,false,low,
reports/temporal_five_model/figures/test_residuals_static_gcn.pdf,report,other,,,unknown,false,low,
reports/temporal_five_model/figures/test_residuals_static_gcn.png,report,other,,,unknown,false,low,
reports/temporal_five_model/figures/test_true_vs_predicted_evolvegcn_h.pdf,report,other,,,unknown,false,low,
reports/temporal_five_model/figures/test_true_vs_predicted_evolvegcn_h.png,report,other,,,unknown,false,low,
reports/temporal_five_model/figures/test_true_vs_predicted_evolvegcn_o.pdf,report,other,,,unknown,false,low,
reports/temporal_five_model/figures/test_true_vs_predicted_evolvegcn_o.png,report,other,,,unknown,false,low,
reports/temporal_five_model/figures/test_true_vs_predicted_gcn_gru.pdf,report,other,,,unknown,false,low,
reports/temporal_five_model/figures/test_true_vs_predicted_gcn_gru.png,report,other,,,unknown,false,low,
reports/temporal_five_model/figures/test_true_vs_predicted_gcn_transformer.pdf,report,other,,,unknown,false,low,
reports/temporal_five_model/figures/test_true_vs_predicted_gcn_transformer.png,report,other,,,unknown,false,low,
reports/temporal_five_model/figures/test_true_vs_predicted_static_gcn.pdf,report,other,,,unknown,false,low,
reports/temporal_five_model/figures/test_true_vs_predicted_static_gcn.png,report,other,,,unknown,false,low,
reports/temporal_five_model/figures/validation_mae_all_models.pdf,report,other,,,unknown,false,low,
reports/temporal_five_model/figures/validation_mae_all_models.png,report,other,,,unknown,false,low,
reports/temporal_five_model/figures/validation_paired_seed_mae.pdf,report,other,,,unknown,false,low,
reports/temporal_five_model/figures/validation_paired_seed_mae.png,report,other,,,unknown,false,low,
reports/temporal_five_model/figures/validation_prediction_compression.pdf,report,other,,,unknown,false,low,
reports/temporal_five_model/figures/validation_prediction_compression.png,report,other,,,unknown,false,low,
reports/temporal_five_model/hypothesis_summary.csv,report,other,,,unknown,false,low,
reports/temporal_five_model/model_protocol_table.csv,report,other,,,unknown,false,low,
reports/temporal_five_model/test_paired_deltas.csv,report,other,,,unknown,false,low,
reports/temporal_five_model/test_seed_metrics.csv,report,other,,,unknown,false,low,
reports/temporal_five_model/test_summary.csv,report,other,,,unknown,false,low,
reports/temporal_five_model/test_tables.md,report,other,,,unknown,false,low,
reports/temporal_five_model/validation_paired_deltas.csv,report,other,,,unknown,false,low,
reports/temporal_five_model/validation_seed_metrics.csv,report,other,,,unknown,false,low,
reports/temporal_five_model/validation_summary.csv,report,other,,,unknown,false,low,
reports/temporal_five_model/validation_tables.md,report,other,,,unknown,false,low,
src/evaluation/__init__.py,evaluation_script,other,,,unknown,false,low,
src/evaluation/__pycache__/__init__.cpython-310.pyc,evaluation_script,other,,,unknown,false,low,
src/evaluation/__pycache__/baseline_common.cpython-310.pyc,evaluation_script,other,,,unknown,false,low,
src/evaluation/__pycache__/diagnose_embedding_distribution_shift.cpython-310.pyc,evaluation_script,representation_probe,,,unknown,false,medium,
src/evaluation/__pycache__/diagnose_embedding_feature_stability.cpython-310.pyc,evaluation_script,representation_probe,,,unknown,false,medium,
src/evaluation/__pycache__/diagnose_embedding_neighborhood_consistency.cpython-310.pyc,evaluation_script,representation_probe,,,unknown,false,medium,
src/evaluation/__pycache__/diagnose_embedding_probe_splits.cpython-310.pyc,evaluation_script,representation_probe,,,unknown,false,medium,
src/evaluation/__pycache__/diagnose_embedding_target_relationship.cpython-310.pyc,evaluation_script,representation_probe,,,unknown,false,medium,
src/evaluation/__pycache__/diagnose_evolvegcn_h_feature_variance.cpython-310.pyc,evaluation_script,other,,,unknown,false,low,
src/evaluation/__pycache__/diagnose_evolvegcn_h_head_analysis.cpython-310.pyc,evaluation_script,other,,,unknown,false,low,
src/evaluation/__pycache__/diagnose_evolvegcn_h_layer1_activations.cpython-310.pyc,evaluation_script,other,,,unknown,false,low,
src/evaluation/__pycache__/diagnose_evolvegcn_h_layer_variance.cpython-310.pyc,evaluation_script,other,,,unknown,false,low,
src/evaluation/__pycache__/diagnose_evolvegcn_h_regressor_head.cpython-310.pyc,evaluation_script,other,,,unknown,false,low,
src/evaluation/__pycache__/diagnose_evolvegcn_h_representations.cpython-310.pyc,evaluation_script,other,,,unknown,false,low,
src/evaluation/__pycache__/diagnose_evolvegcn_h_variance_flow.cpython-310.pyc,evaluation_script,other,,,unknown,false,low,
src/evaluation/__pycache__/diagnose_graph_vs_summary_baseline.cpython-310.pyc,evaluation_script,graph_validation,,,unknown,false,medium,
src/evaluation/__pycache__/diagnose_head_vs_optimal_linear_solution.cpython-310.pyc,evaluation_script,other,,,unknown,false,low,
src/evaluation/__pycache__/diagnose_prediction_collapse_summary.cpython-310.pyc,evaluation_script,prediction_collapse_diagnostic,,,unknown,false,medium,
src/evaluation/__pycache__/diagnose_predictions.cpython-310.pyc,evaluation_script,other,,,unknown,false,low,
src/evaluation/__pycache__/diagnose_split_target_distribution.cpython-310.pyc,evaluation_script,other,,,unknown,false,low,
src/evaluation/__pycache__/diagnose_summary_vs_embedding_combined.cpython-310.pyc,evaluation_script,representation_probe,,,unknown,false,medium,
src/evaluation/__pycache__/run_mean_baseline.cpython-310.pyc,evaluation_script,other,,,unknown,false,low,
src/evaluation/__pycache__/run_modern_deepsets.cpython-310.pyc,evaluation_script,other,,,unknown,false,low,
src/evaluation/__pycache__/run_modern_summary_baselines.cpython-310.pyc,evaluation_script,other,,,unknown,false,low,
src/evaluation/__pycache__/run_modern_summary_mlp.cpython-310.pyc,evaluation_script,other,,,unknown,false,low,
src/evaluation/__pycache__/run_summary_feature_baseline.cpython-310.pyc,evaluation_script,other,,,unknown,false,low,
src/evaluation/__pycache__/run_summary_mlp_baseline.cpython-310.pyc,evaluation_script,other,,,unknown,false,low,
src/evaluation/__pycache__/summarize_experiments.cpython-310.pyc,evaluation_script,other,,,unknown,false,low,
src/evaluation/__pycache__/summary_features.cpython-310.pyc,evaluation_script,other,,,unknown,false,low,
src/evaluation/__pycache__/symmetry.cpython-310.pyc,evaluation_script,other,,,unknown,false,low,
src/evaluation/baseline_common.py,evaluation_script,other,,,unknown,false,low,
src/evaluation/diagnose_embedding_distribution_shift.py,evaluation_script,representation_probe,,,unknown,false,medium,
src/evaluation/diagnose_embedding_feature_stability.py,evaluation_script,representation_probe,,,unknown,false,medium,
src/evaluation/diagnose_embedding_neighborhood_consistency.py,evaluation_script,representation_probe,,,unknown,false,medium,
src/evaluation/diagnose_embedding_probe_splits.py,evaluation_script,representation_probe,,,unknown,false,medium,
src/evaluation/diagnose_embedding_target_relationship.py,evaluation_script,representation_probe,,,unknown,false,medium,
src/evaluation/diagnose_evolvegcn_h_feature_variance.py,evaluation_script,other,,,unknown,false,low,
src/evaluation/diagnose_evolvegcn_h_head_analysis.py,evaluation_script,other,,,unknown,false,low,
src/evaluation/diagnose_evolvegcn_h_layer1_activations.py,evaluation_script,other,,,unknown,false,low,
src/evaluation/diagnose_evolvegcn_h_layer_variance.py,evaluation_script,other,,,unknown,false,low,
src/evaluation/diagnose_evolvegcn_h_regressor_head.py,evaluation_script,other,,,unknown,false,low,
src/evaluation/diagnose_evolvegcn_h_representations.py,evaluation_script,other,,,unknown,false,low,
src/evaluation/diagnose_evolvegcn_h_variance_flow.py,evaluation_script,other,,,unknown,false,low,
src/evaluation/diagnose_graph_vs_summary_baseline.py,evaluation_script,graph_validation,,,unknown,false,medium,
src/evaluation/diagnose_head_vs_optimal_linear_solution.py,evaluation_script,other,,,unknown,false,low,
src/evaluation/diagnose_prediction_collapse_summary.py,evaluation_script,prediction_collapse_diagnostic,,,unknown,false,medium,
src/evaluation/diagnose_predictions.py,evaluation_script,other,,,unknown,false,low,
src/evaluation/diagnose_split_target_distribution.py,evaluation_script,other,,,unknown,false,low,
src/evaluation/diagnose_summary_vs_embedding_combined.py,evaluation_script,representation_probe,,,unknown,false,medium,
src/evaluation/run_mean_baseline.py,evaluation_script,other,,,unknown,false,low,
src/evaluation/run_modern_deepsets.py,evaluation_script,other,,,unknown,false,low,
src/evaluation/run_modern_summary_baselines.py,evaluation_script,other,,,unknown,false,low,
src/evaluation/run_modern_summary_mlp.py,evaluation_script,other,,,unknown,false,low,
src/evaluation/run_summary_feature_baseline.py,evaluation_script,other,,,unknown,false,low,
src/evaluation/run_summary_mlp_baseline.py,evaluation_script,other,,,unknown,false,low,
src/evaluation/summarize_experiments.py,evaluation_script,other,evolvegcn_h_100u_seed123;evolvegcn_h_20u_seed123;evolvegcn_h_50u_seed123;mean_baseline_100u_seed123;mean_baseline_20u_seed123;mean_baseline_50u_seed123;static_gcn_100u_seed123;static_gcn_100u_seed42;static_gcn_20u_seed123;static_gcn_50u_seed123,,unknown,false,low,
src/evaluation/summary_features.py,evaluation_script,other,,,unknown,false,low,
src/evaluation/symmetry.py,evaluation_script,other,,,unknown,false,low,
presentation_assets/notebook07_scaling/01_performance_comparison.png,presentation_asset,other,,,unknown,false,low,
presentation_assets/notebook07_scaling/01a_test_mae_comparison.png,presentation_asset,other,,,unknown,false,low,
presentation_assets/notebook07_scaling/01b_test_rmse_comparison.png,presentation_asset,other,,,unknown,false,low,
presentation_assets/notebook07_scaling/01c_test_r2_comparison.png,presentation_asset,other,,,unknown,false,low,
presentation_assets/notebook07_scaling/02_seed_results_table.png,presentation_asset,other,,,unknown,false,low,
presentation_assets/notebook07_scaling/02b_mean_std_summary_table.png,presentation_asset,other,,,unknown,false,low,
presentation_assets/notebook07_scaling/03_sorted_target_vs_prediction.png,presentation_asset,other,,,unknown,false,low,
presentation_assets/notebook07_scaling/04_true_vs_predicted.png,presentation_asset,other,,,unknown,false,low,
presentation_assets/notebook07_scaling/05_residuals.png,presentation_asset,other,,,unknown,false,low,
presentation_assets/notebook07_scaling/06_prediction_distribution.png,presentation_asset,other,,,unknown,false,low,
presentation_assets/u1000_top1000_training_scaling/01_mae_learning_curve.png,presentation_asset,other,,,unknown,false,low,
presentation_assets/u1000_top1000_training_scaling/01_train20_true_vs_predicted.png,presentation_asset,other,,,unknown,false,low,
presentation_assets/u1000_top1000_training_scaling/02_mse_learning_curve.png,presentation_asset,other,,,unknown,false,low,
presentation_assets/u1000_top1000_training_scaling/02_train50_true_vs_predicted.png,presentation_asset,other,,,unknown,false,low,
presentation_assets/u1000_top1000_training_scaling/03_rmse_learning_curve.png,presentation_asset,other,,,unknown,false,low,
presentation_assets/u1000_top1000_training_scaling/03_train100_true_vs_predicted.png,presentation_asset,other,,,unknown,false,low,
presentation_assets/u1000_top1000_training_scaling/04_r2_learning_curve.png,presentation_asset,other,,,unknown,false,low,
presentation_assets/u1000_top1000_training_scaling/04_train200_true_vs_predicted.png,presentation_asset,other,,,unknown,false,low,
presentation_assets/u1000_top1000_training_scaling/05_prediction_sd_ratio_learning_curve.png,presentation_asset,other,,,unknown,false,low,
presentation_assets/u1000_top1000_training_scaling/05_train450_true_vs_predicted.png,presentation_asset,other,,,unknown,false,low,
presentation_assets/u1000_top1000_training_scaling/06_train700_true_vs_predicted.png,presentation_asset,other,,,unknown,false,low,
presentation_assets/u1000_top1000_training_scaling/07_train700_sorted_low_to_high_omega_m.png,presentation_asset,other,,,unknown,false,low,
presentation_assets/u1000_top1000_training_scaling/07_true_vs_predicted_overview.png,presentation_asset,other,,,unknown,false,low,
presentation_assets/u1000_top1000_training_scaling/08_mae_learning_curve.png,presentation_asset,other,,,unknown,false,low,
presentation_assets/u1000_top1000_training_scaling/08_train700_residual_vs_true.png,presentation_asset,other,,,unknown,false,low,
presentation_assets/u1000_top1000_training_scaling/09_rmse_learning_curve.png,presentation_asset,other,,,unknown,false,low,
presentation_assets/u1000_top1000_training_scaling/09_static_minus_evolve_mae.png,presentation_asset,other,,,unknown,false,low,
presentation_assets/u1000_top1000_training_scaling/10_r2_learning_curve.png,presentation_asset,other,,,unknown,false,low,
presentation_assets/u1000_top1000_training_scaling/10_train450_vs_train700.png,presentation_asset,other,,,unknown,false,low,
presentation_assets/u1000_top1000_training_scaling/11_prediction_sd_ratio_curve.png,presentation_asset,other,,,unknown,false,low,
presentation_assets/u1000_top1000_training_scaling/12_train700_residual_diagnostics.png,presentation_asset,other,,,unknown,false,low,
presentation_assets/u1000_top1000_training_scaling/13_train700_static_minus_evolve_by_true_omega_m.png,presentation_asset,other,,,unknown,false,low,
presentation_assets/u1000_top1000_training_scaling/14_main_metrics_table.png,presentation_asset,other,,,unknown,false,low,
presentation_assets/u1000_top1000_training_scaling/15_compact_model_comparison_table.png,presentation_asset,other,,,unknown,false,low,
presentation_assets/u1000_top1500_training_scaling/01_mae_learning_curve.png,presentation_asset,other,,,unknown,false,low,
presentation_assets/u1000_top1500_training_scaling/02_rmse_learning_curve.png,presentation_asset,other,,,unknown,false,low,
presentation_assets/u1000_top1500_training_scaling/03_r2_learning_curve.png,presentation_asset,other,,,unknown,false,low,
presentation_assets/u1000_top1500_training_scaling/04_prediction_sd_ratio.png,presentation_asset,other,,,unknown,false,low,
presentation_assets/u1000_top1500_training_scaling/05_train700_true_vs_predicted.png,presentation_asset,other,,,unknown,false,low,
presentation_assets/u1000_top1500_training_scaling/06_train700_sorted_low_to_high.png,presentation_asset,other,,,unknown,false,low,
presentation_assets/u1000_top1500_training_scaling/07_train700_residual_vs_true.png,presentation_asset,other,,,unknown,false,low,
presentation_assets/u1000_top1500_training_scaling/08_top1000_vs_top1500_paired.png,presentation_asset,other,,,unknown,false,low,
