model,experiment_name,experiment_path,dataset_path,dataset_metadata_path,temporal_or_static,universe_count,universe_population,snapshot_count,snapshot_identities,top_n,node_features,normalization,normalization_scope,target_normalization,periodic,k,box_size,hidden_dim,num_layers,convolution_type,self_loops,graph_pooling,temporal_pooling,regression_head,head_architecture,summary_feature_usage,hybrid_usage,batch_size,epochs,patience,learning_rate,weight_decay,dropout,activation,gradient_clipping,loss_function,seed,split_ratios,train_ids,validation_ids,test_ids,ordered_split_signature,split_valid,config_present,metrics_present,training_log_present,predictions_present,checkpoint_present,artifact_completeness,prediction_ids_match_declared_test_order,train_mae,validation_mae,test_mae,test_rmse,test_mse,test_r2,test_pearson,pearson_status,target_mean,prediction_mean,target_std,prediction_std,prediction_std_ratio,unique_prediction_count,exact_repeated_prediction_fraction,approximate_repeated_prediction_fraction,prediction_min,prediction_max,prediction_range,residual_mean,residual_std,maximum_absolute_residual,training_duration,peak_gpu_memory,prediction_file_hash,saved_primary_metrics_match_1e-6,maximum_saved_metric_absolute_delta,candidate_family,compatibility_class,reusable_status,duplicate_status,exclusion_reason
EvolveGCN-H,debug_evolvegcn_h_50u_h32_dropout0_none_lr1e4,experiments/debug_evolvegcn_h_50u_h32_dropout0_none_lr1e4,data/processed/temporal_50u_none/camels_50u_temporal_logmass_none_top100_periodic_knn.pt,data/processed/temporal_50u_none/camels_50u_temporal_logmass_none_top100_periodic_knn.metadata.json,temporal,50,LH_0..LH_49,5,five sorted snapshots; exact identities not persisted in sidecar,100,log10_Mvir|X|Y|Z|VX|VY|VZ,none,none after log10(Mvir),False,True,8,25.0,32,2,evolvegcn_h,True,mean,mean,mlp,"Linear(D,H)-ReLU-Dropout-Linear(H,1)",False,False,4,1000,300,0.0001,0.0,0.0,relu,1.0,MSE,42,0.8|0.1|0.1,LH_25|LH_23|LH_19|LH_11|LH_4|LH_45|LH_26|LH_9|LH_29|LH_16|LH_31|LH_21|LH_12|LH_3|LH_39|LH_38|LH_10|LH_24|LH_35|LH_0|LH_43|LH_18|LH_33|LH_48|LH_41|LH_30|LH_28|LH_20|LH_22|LH_42|LH_46|LH_36|LH_32|LH_44|LH_13|LH_49|LH_47|LH_2|LH_27|LH_37,LH_5|LH_34|LH_6|LH_8|LH_14,LH_15|LH_17|LH_1|LH_7|LH_40,ebf5cf672c51706e102ec069107ab1d4d4a6f76aa556e563c5acefb55d670a0d,True,True,True,True,True,True,complete,True,0.013362539932131767,0.07226535677909851,0.12460003793239594,0.13970264361739615,0.0195168286336892,-2.045344487449904,0.009141877223564117,defined,0.23876000046730042,0.20812298953533173,0.08950378830432201,0.12415717267236379,1.3871722641528506,5,0.0,0.0,0.10350587218999863,0.41297298669815063,0.309467114508152,-0.03063701093196869,0.1523901333536871,0.24029413610696793,not recorded,not recorded,d306208ea1c59c27b69652e468988a520187f879dccc63db1910a5d8da5dfd5d,True,0.0,universe_scaling_or_u750_context,universe_count_incompatible,alternative_protocol,unique,universe count differs from U500 canonical Top-N family
EvolveGCN-H,debug_evolvegcn_h_50u_h32_dropout0_zscore,experiments/debug_evolvegcn_h_50u_h32_dropout0_zscore,data/processed/temporal_50u_zscore/camels_50u_temporal_logmass_zscore_top100_periodic_knn.pt,data/processed/temporal_50u_zscore/camels_50u_temporal_logmass_zscore_top100_periodic_knn.metadata.json,temporal,50,LH_0..LH_49,5,five sorted snapshots; exact identities not persisted in sidecar,100,log10_Mvir|X|Y|Z|VX|VY|VZ,zscore,per_universe_per_snapshot_per_feature,False,True,8,25.0,32,2,evolvegcn_h,True,mean,mean,mlp,"Linear(D,H)-ReLU-Dropout-Linear(H,1)",False,False,4,1000,300,0.001,0.0,0.0,relu,1.0,MSE,42,0.8|0.1|0.1,LH_25|LH_23|LH_19|LH_11|LH_4|LH_45|LH_26|LH_9|LH_29|LH_16|LH_31|LH_21|LH_12|LH_3|LH_39|LH_38|LH_10|LH_24|LH_35|LH_0|LH_43|LH_18|LH_33|LH_48|LH_41|LH_30|LH_28|LH_20|LH_22|LH_42|LH_46|LH_36|LH_32|LH_44|LH_13|LH_49|LH_47|LH_2|LH_27|LH_37,LH_5|LH_34|LH_6|LH_8|LH_14,LH_15|LH_17|LH_1|LH_7|LH_40,ebf5cf672c51706e102ec069107ab1d4d4a6f76aa556e563c5acefb55d670a0d,True,True,True,True,True,True,complete,True,0.01621675956994295,0.10081987082958221,0.08073335886001587,0.09741534507576309,0.00948974945623,-0.48075062481849407,0.7328512081714377,defined,0.23876000046730042,0.31949335932731626,0.08950378830432201,0.06811307459010318,0.761007728058524,5,0.0,0.0,0.20725005865097046,0.38531428575515747,0.178064227104187,0.08073335886001587,0.06094951008221783,0.1619376540184021,not recorded,not recorded,52f67cad1a3215987c8421cb37985e5e30d112f83579fdb172da079eda833534,True,0.0,universe_scaling_or_u750_context,universe_count_incompatible,alternative_protocol,unique,universe count differs from U500 canonical Top-N family
EvolveGCN-H,debug_overfit_evolvegcn_h_20u_h32_dropout0,experiments/debug_overfit_evolvegcn_h_20u_h32_dropout0,data/processed/temporal_20u_minmax/camels_20u_temporal_logmass_minmax_top100_periodic_knn.pt,data/processed/temporal_20u_minmax/camels_20u_temporal_logmass_minmax_top100_periodic_knn.metadata.json,temporal,20,LH_0..LH_19,5,five sorted snapshots; exact identities not persisted in sidecar,100,log10_Mvir|X|Y|Z|VX|VY|VZ,minmax,per_universe_per_snapshot_per_feature,False,True,8,25.0,32,2,evolvegcn_h,True,mean,mean,mlp,"Linear(D,H)-ReLU-Dropout-Linear(H,1)",False,False,4,1000,300,0.001,0.0,0.0,relu,1.0,MSE,42,0.8|0.1|0.1,LH_19|LH_5|LH_14|LH_4|LH_9|LH_13|LH_15|LH_18|LH_6|LH_12|LH_17|LH_10|LH_1|LH_11|LH_2|LH_16,LH_7|LH_8,LH_0|LH_3,add71ea9d508310fb4594ae6d6410ca291939658a9698d3006ba562bad228ce4,True,True,True,True,True,True,complete,True,0.043516422621905804,0.0009828358888626099,0.05685758590698242,0.07478367402268996,0.005592597900331953,-1.5534175768030916,-1.0,defined,0.19300000369548798,0.13614241778850555,0.06618519819196117,0.00251433346819015,0.03798936222715036,2,0.0,0.0,0.134364515542984,0.1379203200340271,0.003555804491043091,-0.05685758590698242,0.06869953166015132,0.10543549060821533,not recorded,not recorded,d43826399bf5b62e1f43f76173626303d660e65ebbe3726dd44a0e5f508aed13,True,0.0,universe_scaling_or_u750_context,universe_count_incompatible,alternative_protocol,unique,universe count differs from U500 canonical Top-N family
EvolveGCN-H,debug_overfit_evolvegcn_h_50u_h32_dropout0,experiments/debug_overfit_evolvegcn_h_50u_h32_dropout0,data/processed/temporal_50u_minmax/camels_50u_temporal_logmass_minmax_top100_periodic_knn.pt,data/processed/temporal_50u_minmax/camels_50u_temporal_logmass_minmax_top100_periodic_knn.metadata.json,temporal,50,LH_0..LH_49,5,five sorted snapshots; exact identities not persisted in sidecar,100,log10_Mvir|X|Y|Z|VX|VY|VZ,minmax,per_universe_per_snapshot_per_feature,False,True,8,25.0,32,2,evolvegcn_h,True,mean,mean,mlp,"Linear(D,H)-ReLU-Dropout-Linear(H,1)",False,False,4,1000,300,0.001,0.0,0.0,relu,1.0,MSE,42,0.8|0.1|0.1,LH_25|LH_23|LH_19|LH_11|LH_4|LH_45|LH_26|LH_9|LH_29|LH_16|LH_31|LH_21|LH_12|LH_3|LH_39|LH_38|LH_10|LH_24|LH_35|LH_0|LH_43|LH_18|LH_33|LH_48|LH_41|LH_30|LH_28|LH_20|LH_22|LH_42|LH_46|LH_36|LH_32|LH_44|LH_13|LH_49|LH_47|LH_2|LH_27|LH_37,LH_5|LH_34|LH_6|LH_8|LH_14,LH_15|LH_17|LH_1|LH_7|LH_40,ebf5cf672c51706e102ec069107ab1d4d4a6f76aa556e563c5acefb55d670a0d,True,True,True,True,True,True,complete,True,0.09905347656458616,0.11523033380508423,0.06404812335968017,0.08015232340343702,0.006424394946969158,-0.0024423590614546242,0.6801260185491229,defined,0.23876000046730042,0.2662801921367645,0.08950378830432201,0.008162465324198544,0.0911968697508683,5,0.0,0.0,0.2533598244190216,0.2738531529903412,0.02049332857131958,0.027520191669464112,0.08416526894632011,0.13355982303619385,not recorded,not recorded,790b4f418d7b6ec7338d2c46345cc15a071d37c71da640e34d621fb3f0ec7e41,True,0.0,universe_scaling_or_u750_context,universe_count_incompatible,alternative_protocol,unique,universe count differs from U500 canonical Top-N family
Static GCN,debug_overfit_static_gcn_20u_h32_dropout0,experiments/debug_overfit_static_gcn_20u_h32_dropout0,data/processed/static_20u_logmass_minmax_top100_periodic_knn/camels_20u_static_logmass_minmax_top100_periodic_knn.pt,data/processed/static_20u_logmass_minmax_top100_periodic_knn/camels_20u_static_logmass_minmax_top100_periodic_knn.metadata.json,static_final_snapshot,20,LH_0..LH_19,1,final snapshot a=1.0,100,log10_Mvir|X|Y|Z|VX|VY|VZ,minmax,per_universe_per_snapshot_per_feature,False,True,8,25.0,32,2,gcn,True,mean,not_applicable,static_mlp_readout,"Linear(D,H)-ReLU-Dropout-Linear(H,H/2)-ReLU-Dropout-Linear(H/2,1)",False,False,4,1000,300,0.001,0.0,0.0,relu,1.0,MSE,42,0.8|0.1|0.1,LH_19|LH_5|LH_14|LH_4|LH_9|LH_13|LH_15|LH_18|LH_6|LH_12|LH_17|LH_10|LH_1|LH_11|LH_2|LH_16,LH_7|LH_8,LH_0|LH_3,add71ea9d508310fb4594ae6d6410ca291939658a9698d3006ba562bad228ce4,True,True,True,True,True,True,complete,True,0.053300803527235985,0.0344470739364624,0.2058960199356079,0.20815723637556408,0.043329435055512455,-18.782960090359175,1.0,defined,0.19300000369548798,0.3988960236310959,0.06618519819196117,0.10945791546712672,1.6538126115398024,2,0.0,0.0,0.3214975893497467,0.47629445791244507,0.15479686856269836,0.2058960199356079,0.043272717275165545,0.23649445176124573,not recorded,not recorded,93b8e1e4eefd1589cc19f0f63407ff0dd69151ccd4d6bda4e1ad6b20e49bb9b0,True,0.0,universe_scaling_or_u750_context,universe_count_incompatible,alternative_protocol,unique,universe count differs from U500 canonical Top-N family
Static GCN,debug_overfit_static_gcn_50u_h32_dropout0,experiments/debug_overfit_static_gcn_50u_h32_dropout0,data/processed/static_50u_logmass_minmax_top100_periodic_knn/camels_50u_static_logmass_minmax_top100_periodic_knn.pt,data/processed/static_50u_logmass_minmax_top100_periodic_knn/camels_50u_static_logmass_minmax_top100_periodic_knn.metadata.json,static_final_snapshot,50,LH_0..LH_49,1,final snapshot a=1.0,100,log10_Mvir|X|Y|Z|VX|VY|VZ,minmax,per_universe_per_snapshot_per_feature,False,True,8,25.0,32,2,gcn,True,mean,not_applicable,static_mlp_readout,"Linear(D,H)-ReLU-Dropout-Linear(H,H/2)-ReLU-Dropout-Linear(H/2,1)",False,False,4,1000,300,0.001,0.0,0.0,relu,1.0,MSE,42,0.8|0.1|0.1,LH_25|LH_23|LH_19|LH_11|LH_4|LH_45|LH_26|LH_9|LH_29|LH_16|LH_31|LH_21|LH_12|LH_3|LH_39|LH_38|LH_10|LH_24|LH_35|LH_0|LH_43|LH_18|LH_33|LH_48|LH_41|LH_30|LH_28|LH_20|LH_22|LH_42|LH_46|LH_36|LH_32|LH_44|LH_13|LH_49|LH_47|LH_2|LH_27|LH_37,LH_5|LH_34|LH_6|LH_8|LH_14,LH_15|LH_17|LH_1|LH_7|LH_40,ebf5cf672c51706e102ec069107ab1d4d4a6f76aa556e563c5acefb55d670a0d,True,True,True,True,True,True,complete,True,0.10830950830131769,0.11606803238391876,0.11496571004390717,0.12422904150301096,0.01543285475275682,-1.4080940622594937,-0.27996486570243123,defined,0.23876000046730042,0.28974814116954806,0.08950378830432201,0.06799207781616333,0.759655866017462,5,0.0,0.0,0.21726608276367188,0.36321592330932617,0.1459498405456543,0.05098814070224762,0.12665437349576908,0.18701592087745667,not recorded,not recorded,d3a684f774c5819f1dc0a34efb5e9a5d3694d2fe5f9649b07761b9e7915678dd,True,0.0,universe_scaling_or_u750_context,universe_count_incompatible,alternative_protocol,unique,universe count differs from U500 canonical Top-N family
Static GCN,debug_static_gcn_50u_h32_dropout0_none_lr1e4,experiments/debug_static_gcn_50u_h32_dropout0_none_lr1e4,data/processed/static_50u_logmass_none_top100_periodic_knn/camels_50u_static_logmass_none_top100_periodic_knn.pt,data/processed/static_50u_logmass_none_top100_periodic_knn/camels_50u_static_logmass_none_top100_periodic_knn.metadata.json,static_final_snapshot,50,LH_0..LH_49,1,final snapshot a=1.0,100,log10_Mvir|X|Y|Z|VX|VY|VZ,none,none after log10(Mvir),False,True,8,25.0,32,2,gcn,True,mean,not_applicable,static_mlp_readout,"Linear(D,H)-ReLU-Dropout-Linear(H,H/2)-ReLU-Dropout-Linear(H/2,1)",False,False,4,1000,300,0.0001,0.0,0.0,relu,1.0,MSE,42,0.8|0.1|0.1,LH_25|LH_23|LH_19|LH_11|LH_4|LH_45|LH_26|LH_9|LH_29|LH_16|LH_31|LH_21|LH_12|LH_3|LH_39|LH_38|LH_10|LH_24|LH_35|LH_0|LH_43|LH_18|LH_33|LH_48|LH_41|LH_30|LH_28|LH_20|LH_22|LH_42|LH_46|LH_36|LH_32|LH_44|LH_13|LH_49|LH_47|LH_2|LH_27|LH_37,LH_5|LH_34|LH_6|LH_8|LH_14,LH_15|LH_17|LH_1|LH_7|LH_40,ebf5cf672c51706e102ec069107ab1d4d4a6f76aa556e563c5acefb55d670a0d,True,True,True,True,True,True,complete,True,0.007915915548801422,0.18760734796524048,0.1446185177192092,0.17970291781176562,0.032293138670062185,-4.038919676815322,0.19014167557004336,defined,0.23876000046730042,0.09414148274809123,0.08950378830432201,0.09765323506209539,1.0910514170647663,5,0.0,0.0,-0.017770932987332344,0.20086677372455597,0.2186377067118883,-0.1446185177192092,0.11926138835956593,0.3289264300838113,not recorded,not recorded,429aff0a54bfa2165d95c3f941cb24073c8fa973f1bab670e37d28d1e4ed638b,True,0.0,universe_scaling_or_u750_context,universe_count_incompatible,alternative_protocol,unique,universe count differs from U500 canonical Top-N family
Static GCN,debug_static_gcn_50u_h32_dropout0_zscore,experiments/debug_static_gcn_50u_h32_dropout0_zscore,data/processed/static_50u_logmass_zscore_top100_periodic_knn/camels_50u_static_logmass_zscore_top100_periodic_knn.pt,data/processed/static_50u_logmass_zscore_top100_periodic_knn/camels_50u_static_logmass_zscore_top100_periodic_knn.metadata.json,static_final_snapshot,50,LH_0..LH_49,1,final snapshot a=1.0,100,log10_Mvir|X|Y|Z|VX|VY|VZ,zscore,per_universe_per_snapshot_per_feature,False,True,8,25.0,32,2,gcn,True,mean,not_applicable,static_mlp_readout,"Linear(D,H)-ReLU-Dropout-Linear(H,H/2)-ReLU-Dropout-Linear(H/2,1)",False,False,4,1000,300,0.001,0.0,0.0,relu,1.0,MSE,42,0.8|0.1|0.1,LH_25|LH_23|LH_19|LH_11|LH_4|LH_45|LH_26|LH_9|LH_29|LH_16|LH_31|LH_21|LH_12|LH_3|LH_39|LH_38|LH_10|LH_24|LH_35|LH_0|LH_43|LH_18|LH_33|LH_48|LH_41|LH_30|LH_28|LH_20|LH_22|LH_42|LH_46|LH_36|LH_32|LH_44|LH_13|LH_49|LH_47|LH_2|LH_27|LH_37,LH_5|LH_34|LH_6|LH_8|LH_14,LH_15|LH_17|LH_1|LH_7|LH_40,ebf5cf672c51706e102ec069107ab1d4d4a6f76aa556e563c5acefb55d670a0d,True,True,True,True,True,True,complete,True,0.025999598018825055,0.07367489635944366,0.12011978924274444,0.13541564876118353,0.018337397929412226,-1.8613098340227041,-0.03963672313558666,defined,0.23876000046730042,0.21836516559123992,0.08950378830432201,0.11646681394629184,1.30125010519435,5,0.0,0.0,0.1142493486404419,0.41075196862220764,0.29650261998176575,-0.020394834876060485,0.14967234480603978,0.18725012242794037,not recorded,not recorded,e384f105b813a9da45760842b734dd30c954cd4cc1cf0225045a5164a151ee95,True,0.0,universe_scaling_or_u750_context,universe_count_incompatible,alternative_protocol,unique,universe count differs from U500 canonical Top-N family
EvolveGCN-H,evolvegcn_h_100u_seed123_final32,experiments/evolvegcn_h_100u_seed123_final32,data/processed/temporal_100u_minmax/camels_100u_temporal_logmass_minmax_top100_periodic_knn.pt,data/processed/temporal_100u_minmax/camels_100u_temporal_logmass_minmax_top100_periodic_knn.metadata.json,temporal,100,LH_0..LH_99,5,five sorted snapshots; exact identities not persisted in sidecar,100,log10_Mvir|X|Y|Z|VX|VY|VZ,minmax,per_universe_per_snapshot_per_feature,False,True,8,25.0,32,2,evolvegcn_h,True,mean,mean,mlp,"Linear(D,H)-ReLU-Dropout-Linear(H,1)",False,False,4,300,40,0.001,1e-05,0.2,relu,1.0,MSE,123,0.7|0.15|0.15,LH_87|LH_29|LH_63|LH_50|LH_84|LH_93|LH_7|LH_67|LH_64|LH_75|LH_24|LH_60|LH_1|LH_9|LH_3|LH_44|LH_22|LH_45|LH_14|LH_28|LH_12|LH_85|LH_96|LH_10|LH_69|LH_74|LH_54|LH_15|LH_46|LH_35|LH_39|LH_91|LH_83|LH_82|LH_23|LH_26|LH_47|LH_81|LH_56|LH_95|LH_27|LH_32|LH_41|LH_25|LH_73|LH_80|LH_62|LH_58|LH_72|LH_38|LH_70|LH_59|LH_51|LH_33|LH_21|LH_19|LH_49|LH_65|LH_53|LH_61|LH_66|LH_30|LH_36|LH_78|LH_37|LH_2|LH_16|LH_18|LH_77|LH_5,LH_94|LH_57|LH_40|LH_79|LH_8|LH_92|LH_76|LH_97|LH_55|LH_0|LH_86|LH_31|LH_89|LH_90|LH_88,LH_17|LH_20|LH_99|LH_43|LH_42|LH_71|LH_68|LH_48|LH_4|LH_13|LH_98|LH_52|LH_11|LH_34|LH_6,ad09fcef712701e99cc512f3b5267a9f3ab0e2bededb301e623a7a7bda7b6fa4,True,True,True,True,True,True,complete,True,0.10070614623171943,0.10279278755187989,0.1262190709511439,0.14484999299933063,0.020981520471906136,-0.4455000601187815,0.10977210026374537,defined,0.2657733311255773,0.3470452109972636,0.12470705783441156,0.019921213865410035,0.15974407713043642,15,0.0,0.0,0.30898886919021606,0.37734806537628174,0.06835919618606567,0.0812718798716863,0.1241099829674197,0.2419319525361061,not recorded,not recorded,918d1bfcca7ed41f269924c49db3ab596451ab869ed170018feec0964f39cda1,True,0.0,universe_scaling_or_u750_context,universe_count_incompatible,alternative_protocol,unique,universe count differs from U500 canonical Top-N family
EvolveGCN-H,evolvegcn_h_100u_seed2025,experiments/evolvegcn_h_100u_seed2025,data/processed/temporal_100u_minmax/camels_100u_temporal_logmass_minmax_top100_periodic_knn.pt,data/processed/temporal_100u_minmax/camels_100u_temporal_logmass_minmax_top100_periodic_knn.metadata.json,temporal,100,LH_0..LH_99,5,five sorted snapshots; exact identities not persisted in sidecar,100,log10_Mvir|X|Y|Z|VX|VY|VZ,minmax,per_universe_per_snapshot_per_feature,False,True,8,25.0,32,2,evolvegcn_h,True,mean,mean,mlp,"Linear(D,H)-ReLU-Dropout-Linear(H,1)",False,False,4,200,40,0.001,1e-05,0.2,relu,1.0,MSE,2025,0.7|0.15|0.15,LH_78|LH_31|LH_62|LH_54|LH_57|LH_75|LH_43|LH_41|LH_90|LH_80|LH_40|LH_53|LH_32|LH_26|LH_93|LH_42|LH_18|LH_44|LH_39|LH_59|LH_30|LH_68|LH_94|LH_86|LH_98|LH_55|LH_79|LH_9|LH_19|LH_16|LH_49|LH_64|LH_95|LH_60|LH_21|LH_1|LH_97|LH_46|LH_4|LH_63|LH_56|LH_34|LH_92|LH_33|LH_20|LH_11|LH_36|LH_28|LH_17|LH_81|LH_76|LH_37|LH_84|LH_23|LH_35|LH_74|LH_69|LH_96|LH_2|LH_38|LH_83|LH_7|LH_13|LH_25|LH_14|LH_99|LH_66|LH_45|LH_58|LH_50,LH_89|LH_77|LH_73|LH_24|LH_88|LH_65|LH_70|LH_3|LH_6|LH_52|LH_85|LH_87|LH_27|LH_15|LH_5,LH_12|LH_51|LH_91|LH_8|LH_29|LH_72|LH_48|LH_47|LH_0|LH_67|LH_22|LH_61|LH_82|LH_10|LH_71,a8b0e2d9ade3a7ca620bd4aed7eea68ee44da8d326b65c8f35a309273f4a79f2,True,True,True,True,True,True,complete,True,0.09710067521248544,0.09692729860544205,0.08814333279927572,0.10429807869825655,0.010878089220147717,0.02087129569701973,0.2230902302694116,defined,0.2612399995326996,0.2614586333433787,0.10910333565639337,0.005794358144579385,0.05310890001409265,15,0.0,0.0,0.24741029739379883,0.26989659667015076,0.02248629927635193,0.00021863381067911783,0.10795853082518973,0.2118372619152069,not recorded,not recorded,cd401ea8819d4b7d18d9aaba72db820036d74d32871a9d37292efb8dd91afb26,True,0.0,universe_scaling_or_u750_context,duplicate_reproduction,duplicate,exact_prediction_duplicate:evolvegcn_h_100u_seed2025|evolvegcn_h_u100_top100_norm-minmax_h32_l2_gpool-mean_tpool-mean_head-mlp_canonical300_seed2025,identical prediction hash; not independent evidence
EvolveGCN-H,evolvegcn_h_100u_seed42,experiments/evolvegcn_h_100u_seed42,data/processed/temporal_100u_minmax/camels_100u_temporal_logmass_minmax_top100_periodic_knn.pt,data/processed/temporal_100u_minmax/camels_100u_temporal_logmass_minmax_top100_periodic_knn.metadata.json,temporal,100,LH_0..LH_99,5,five sorted snapshots; exact identities not persisted in sidecar,100,log10_Mvir|X|Y|Z|VX|VY|VZ,minmax,per_universe_per_snapshot_per_feature,False,True,8,25.0,32,2,evolvegcn_h,True,mean,mean,mlp,"Linear(D,H)-ReLU-Dropout-Linear(H,1)",False,False,4,200,40,0.001,1e-05,0.2,relu,1.0,MSE,42,0.7|0.15|0.15,LH_42|LH_41|LH_91|LH_9|LH_65|LH_50|LH_1|LH_70|LH_15|LH_78|LH_73|LH_10|LH_55|LH_56|LH_72|LH_45|LH_48|LH_92|LH_76|LH_37|LH_30|LH_21|LH_32|LH_96|LH_80|LH_49|LH_83|LH_26|LH_87|LH_33|LH_8|LH_47|LH_59|LH_63|LH_74|LH_44|LH_98|LH_52|LH_85|LH_12|LH_36|LH_23|LH_39|LH_40|LH_18|LH_66|LH_61|LH_60|LH_7|LH_34|LH_99|LH_46|LH_2|LH_51|LH_16|LH_38|LH_58|LH_68|LH_22|LH_62|LH_24|LH_5|LH_6|LH_67|LH_82|LH_19|LH_79|LH_43|LH_90|LH_20,LH_0|LH_95|LH_57|LH_93|LH_53|LH_89|LH_25|LH_71|LH_84|LH_77|LH_64|LH_29|LH_27|LH_88|LH_97,LH_4|LH_54|LH_75|LH_11|LH_69|LH_86|LH_13|LH_17|LH_28|LH_31|LH_35|LH_94|LH_3|LH_14|LH_81,314f7bac57d93fa0848e55ef03271ba12c2669419b7c3d5946dba2d5e112ea80,True,True,True,True,True,True,complete,True,0.08429293962461608,0.10963676919539769,0.07925979395707448,0.10601687337354565,0.011239577439902412,-0.28584791830396616,-0.22338709704390267,defined,0.31166666448116304,0.28730556766192117,0.09677469262602026,0.02846728270659936,0.29416040427645057,15,0.0,0.0,0.20820581912994385,0.3165621757507324,0.10835635662078857,-0.024361096819241843,0.10680145665973885,0.22779983282089233,not recorded,not recorded,a9ec63fa760f1f66ed64b806f39de98c41f7bb6637ff566ef094532165b7f623,True,0.0,universe_scaling_or_u750_context,duplicate_reproduction,duplicate,exact_prediction_duplicate:evolvegcn_h_100u_seed42|evolvegcn_h_u100_top100_norm-minmax_h32_l2_gpool-mean_tpool-mean_head-mlp_canonical300_seed42,identical prediction hash; not independent evidence
EvolveGCN-H,evolvegcn_h_200u_seed123_final32,experiments/evolvegcn_h_200u_seed123_final32,data/processed/temporal_200u_minmax/camels_200u_temporal_logmass_minmax_top100_periodic_knn.pt,data/processed/temporal_200u_minmax/camels_200u_temporal_logmass_minmax_top100_periodic_knn.metadata.json,temporal,200,LH_0..LH_199,5,five sorted snapshots; exact identities not persisted in sidecar,100,log10_Mvir|X|Y|Z|VX|VY|VZ,minmax,per_universe_per_snapshot_per_feature,False,True,8,25.0,32,2,evolvegcn_h,True,mean,mean,mlp,"Linear(D,H)-ReLU-Dropout-Linear(H,1)",False,False,4,300,40,0.001,1e-05,0.2,relu,1.0,MSE,123,0.7|0.15|0.15,LH_127|LH_103|LH_16|LH_6|LH_50|LH_57|LH_31|LH_38|LH_160|LH_150|LH_76|LH_180|LH_30|LH_88|LH_151|LH_28|LH_37|LH_193|LH_84|LH_162|LH_79|LH_14|LH_141|LH_39|LH_93|LH_155|LH_12|LH_195|LH_25|LH_44|LH_20|LH_118|LH_91|LH_77|LH_47|LH_126|LH_128|LH_102|LH_139|LH_82|LH_138|LH_109|LH_66|LH_54|LH_90|LH_15|LH_42|LH_166|LH_70|LH_174|LH_157|LH_4|LH_154|LH_125|LH_72|LH_185|LH_71|LH_173|LH_168|LH_135|LH_35|LH_98|LH_145|LH_60|LH_33|LH_178|LH_147|LH_149|LH_156|LH_129|LH_94|LH_89|LH_140|LH_10|LH_119|LH_83|LH_65|LH_182|LH_186|LH_177|LH_53|LH_55|LH_184|LH_113|LH_164|LH_159|LH_121|LH_58|LH_172|LH_115|LH_163|LH_59|LH_48|LH_56|LH_161|LH_19|LH_175|LH_61|LH_69|LH_112|LH_108|LH_117|LH_191|LH_63|LH_165|LH_81|LH_7|LH_105|LH_92|LH_64|LH_194|LH_51|LH_29|LH_45|LH_169|LH_171|LH_136|LH_148|LH_106|LH_167|LH_75|LH_24|LH_2|LH_132|LH_99|LH_73|LH_49|LH_116|LH_18|LH_100|LH_183|LH_181|LH_43|LH_158|LH_142|LH_21|LH_46|LH_8|LH_130|LH_95,LH_107|LH_153|LH_124|LH_190|LH_176|LH_131|LH_101|LH_3|LH_170|LH_144|LH_134|LH_52|LH_123|LH_133|LH_187|LH_78|LH_192|LH_120|LH_67|LH_122|LH_146|LH_110|LH_74|LH_5|LH_32|LH_36|LH_23|LH_11|LH_26|LH_114,LH_80|LH_1|LH_17|LH_96|LH_152|LH_197|LH_111|LH_0|LH_41|LH_62|LH_179|LH_188|LH_189|LH_86|LH_34|LH_40|LH_199|LH_87|LH_85|LH_143|LH_137|LH_97|LH_9|LH_27|LH_198|LH_104|LH_196|LH_22|LH_68|LH_13,1ea130626d0e4657a21a8e1657de3cd79eac2b63499a25c227e1b0f139548aa8,True,True,True,True,True,True,complete,True,0.10218416702534472,0.07764199202259382,0.0880318875114123,0.10571293071466246,0.011175223720283027,0.005183752891004589,0.1868582299116693,defined,0.29908000032107035,0.28104161967833835,0.10779988728815551,0.017158391434959477,0.1591689181371227,30,0.0,0.0,0.243183895945549,0.31566154956817627,0.07247765362262726,-0.018038380642731985,0.10594325356824336,0.22769039869308472,not recorded,not recorded,982ac960f7fa47c416760b26fb0cc58f93650158636ab232b8519ccd5ac9e459,True,0.0,universe_scaling_or_u750_context,universe_count_incompatible,alternative_protocol,unique,universe count differs from U500 canonical Top-N family
EvolveGCN-H,evolvegcn_h_200u_seed2025_final32,experiments/evolvegcn_h_200u_seed2025_final32,data/processed/temporal_200u_minmax/camels_200u_temporal_logmass_minmax_top100_periodic_knn.pt,data/processed/temporal_200u_minmax/camels_200u_temporal_logmass_minmax_top100_periodic_knn.metadata.json,temporal,200,LH_0..LH_199,5,five sorted snapshots; exact identities not persisted in sidecar,100,log10_Mvir|X|Y|Z|VX|VY|VZ,minmax,per_universe_per_snapshot_per_feature,False,True,8,25.0,32,2,evolvegcn_h,True,mean,mean,mlp,"Linear(D,H)-ReLU-Dropout-Linear(H,1)",False,False,4,300,40,0.001,1e-05,0.2,relu,1.0,MSE,2025,0.7|0.15|0.15,LH_170|LH_61|LH_68|LH_112|LH_5|LH_189|LH_77|LH_162|LH_78|LH_144|LH_92|LH_36|LH_182|LH_2|LH_132|LH_198|LH_24|LH_67|LH_154|LH_66|LH_86|LH_151|LH_47|LH_192|LH_76|LH_10|LH_98|LH_60|LH_134|LH_13|LH_187|LH_63|LH_83|LH_137|LH_181|LH_57|LH_188|LH_51|LH_124|LH_158|LH_23|LH_167|LH_121|LH_148|LH_146|LH_14|LH_118|LH_37|LH_174|LH_100|LH_190|LH_20|LH_91|LH_42|LH_15|LH_125|LH_32|LH_197|LH_184|LH_150|LH_161|LH_171|LH_38|LH_153|LH_159|LH_140|LH_126|LH_179|LH_173|LH_128|LH_40|LH_183|LH_149|LH_196|LH_180|LH_55|LH_74|LH_178|LH_1|LH_99|LH_33|LH_108|LH_111|LH_56|LH_80|LH_115|LH_27|LH_164|LH_89|LH_26|LH_4|LH_87|LH_52|LH_104|LH_160|LH_3|LH_107|LH_39|LH_157|LH_65|LH_43|LH_172|LH_64|LH_19|LH_73|LH_109|LH_119|LH_127|LH_103|LH_70|LH_131|LH_93|LH_195|LH_193|LH_123|LH_199|LH_81|LH_72|LH_120|LH_69|LH_35|LH_106|LH_85|LH_138|LH_129|LH_9|LH_46|LH_75|LH_143|LH_147|LH_41|LH_79|LH_169|LH_88|LH_177|LH_84|LH_168|LH_110|LH_18|LH_186,LH_116|LH_136|LH_114|LH_194|LH_82|LH_45|LH_113|LH_71|LH_166|LH_22|LH_94|LH_175|LH_34|LH_29|LH_8|LH_155|LH_62|LH_31|LH_53|LH_50|LH_139|LH_28|LH_152|LH_176|LH_133|LH_90|LH_117|LH_101|LH_163|LH_58,LH_6|LH_48|LH_49|LH_17|LH_130|LH_141|LH_7|LH_156|LH_12|LH_105|LH_185|LH_191|LH_54|LH_30|LH_11|LH_25|LH_102|LH_97|LH_16|LH_59|LH_145|LH_96|LH_95|LH_0|LH_135|LH_44|LH_122|LH_165|LH_21|LH_142,e18f8d29bd480b04dd316d09159d9a6b51362d57bbd14ce21a5e6cfd67925607,True,True,True,True,True,True,complete,True,0.10173020985509668,0.07835859407981237,0.11484164421757062,0.12910925014056243,0.01666919847185832,-0.015509614338739874,0.08396681477504385,defined,0.27626666699846586,0.25900531907876334,0.13030976676448142,0.0022897942371849908,0.017571931053514254,30,0.0,0.0,0.25351226329803467,0.2625725269317627,0.009060263633728027,-0.01726134791970253,0.13013750422820008,0.21894454956054688,not recorded,not recorded,0d1fa9309a633512a40c8ac464e5d2063f27b995b599282e6bd5ae05800a027d,True,0.0,universe_scaling_or_u750_context,universe_count_incompatible,alternative_protocol,unique,universe count differs from U500 canonical Top-N family
EvolveGCN-H,evolvegcn_h_200u_seed42_final32,experiments/evolvegcn_h_200u_seed42_final32,data/processed/temporal_200u_minmax/camels_200u_temporal_logmass_minmax_top100_periodic_knn.pt,data/processed/temporal_200u_minmax/camels_200u_temporal_logmass_minmax_top100_periodic_knn.metadata.json,temporal,200,LH_0..LH_199,5,five sorted snapshots; exact identities not persisted in sidecar,100,log10_Mvir|X|Y|Z|VX|VY|VZ,minmax,per_universe_per_snapshot_per_feature,False,True,8,25.0,32,2,evolvegcn_h,True,mean,mean,mlp,"Linear(D,H)-ReLU-Dropout-Linear(H,1)",False,False,4,300,40,0.001,1e-05,0.2,relu,1.0,MSE,42,0.7|0.15|0.15,LH_66|LH_187|LH_101|LH_193|LH_111|LH_121|LH_13|LH_2|LH_64|LH_44|LH_136|LH_170|LH_128|LH_76|LH_158|LH_167|LH_45|LH_130|LH_30|LH_3|LH_159|LH_15|LH_42|LH_126|LH_186|LH_162|LH_47|LH_110|LH_5|LH_194|LH_37|LH_122|LH_12|LH_36|LH_153|LH_69|LH_61|LH_195|LH_32|LH_172|LH_171|LH_60|LH_10|LH_144|LH_160|LH_52|LH_125|LH_106|LH_73|LH_113|LH_105|LH_95|LH_103|LH_145|LH_43|LH_0|LH_161|LH_192|LH_16|LH_80|LH_102|LH_38|LH_156|LH_176|LH_135|LH_78|LH_115|LH_19|LH_14|LH_177|LH_146|LH_179|LH_65|LH_84|LH_165|LH_46|LH_104|LH_79|LH_54|LH_196|LH_85|LH_118|LH_109|LH_133|LH_142|LH_33|LH_18|LH_140|LH_123|LH_175|LH_63|LH_83|LH_148|LH_100|LH_155|LH_72|LH_27|LH_184|LH_112|LH_51|LH_174|LH_4|LH_29|LH_183|LH_99|LH_98|LH_131|LH_124|LH_198|LH_134|LH_178|LH_120|LH_34|LH_48|LH_169|LH_138|LH_149|LH_132|LH_127|LH_21|LH_81|LH_77|LH_9|LH_82|LH_164|LH_119|LH_89|LH_68|LH_53|LH_90|LH_94|LH_41|LH_93|LH_116|LH_199|LH_157|LH_25|LH_180|LH_147|LH_74,LH_58|LH_152|LH_17|LH_49|LH_92|LH_75|LH_141|LH_20|LH_96|LH_31|LH_137|LH_117|LH_11|LH_67|LH_88|LH_91|LH_24|LH_97|LH_182|LH_190|LH_86|LH_181|LH_39|LH_168|LH_87|LH_185|LH_40|LH_1|LH_71|LH_150,LH_114|LH_56|LH_107|LH_191|LH_166|LH_50|LH_143|LH_197|LH_154|LH_129|LH_59|LH_55|LH_23|LH_7|LH_8|LH_108|LH_151|LH_22|LH_139|LH_173|LH_26|LH_188|LH_35|LH_57|LH_62|LH_70|LH_189|LH_6|LH_28|LH_163,18119caf4493ad43fbcc2c26ea0eb2ddd5af10b33300db2c701ff94fb9feda0c,True,True,True,True,True,True,complete,True,0.09571524108094828,0.09597601741552353,0.09758373474081357,0.11099666591965886,0.012320259845280358,-0.009786346018163083,0.09053781071229396,defined,0.31525333151221274,0.3016782164573669,0.11234579328669941,0.004143189844213617,0.03687890505735677,30,0.0,0.0,0.29198354482650757,0.30831271409988403,0.016329169273376465,-0.01357511505484581,0.11204667791099875,0.19797232747077942,not recorded,not recorded,173f00157aff8a23ee5435b6aef9565f9d14d443a1becfc95c4401ffabb6bf0e,True,0.0,universe_scaling_or_u750_context,universe_count_incompatible,alternative_protocol,unique,universe count differs from U500 canonical Top-N family
EvolveGCN-H,evolvegcn_h_20u_seed123_final32,experiments/evolvegcn_h_20u_seed123_final32,data/processed/temporal_20u_minmax/camels_20u_temporal_logmass_minmax_top100_periodic_knn.pt,data/processed/temporal_20u_minmax/camels_20u_temporal_logmass_minmax_top100_periodic_knn.metadata.json,temporal,20,LH_0..LH_19,5,five sorted snapshots; exact identities not persisted in sidecar,100,log10_Mvir|X|Y|Z|VX|VY|VZ,minmax,per_universe_per_snapshot_per_feature,False,True,8,25.0,32,2,evolvegcn_h,True,mean,mean,mlp,"Linear(D,H)-ReLU-Dropout-Linear(H,1)",False,False,4,300,40,0.001,1e-05,0.2,relu,1.0,MSE,123,0.7|0.15|0.15,LH_7|LH_17|LH_3|LH_4|LH_14|LH_12|LH_11|LH_9|LH_5|LH_10|LH_15|LH_6|LH_0|LH_16,LH_19|LH_18|LH_13,LH_2|LH_8|LH_1,6a5fa7b456c323e93ff672a43a35ab6926fbfd1acc4b8f7ce6ada1501ee447f1,True,True,True,True,True,True,complete,True,0.10623859507696969,0.07921810944875081,0.10589082042376201,0.11243401456713151,0.012641407631681941,0.33716093292584237,0.868420539913412,defined,0.3147333363691966,0.3082963824272156,0.16913726307101956,0.03794674954740787,0.22435475694953333,3,0.0,0.0,0.26898080110549927,0.3447073698043823,0.07572656869888306,-0.006436953941980998,0.13747712494610198,0.1491807997226715,not recorded,not recorded,e0796cf7f0040e1c1251f54170ed4529ceac7427c75982fa57861d6aa74acfe9,True,0.0,universe_scaling_or_u750_context,universe_count_incompatible,alternative_protocol,unique,universe count differs from U500 canonical Top-N family
EvolveGCN-H,evolvegcn_h_20u_seed2025,experiments/evolvegcn_h_20u_seed2025,data/processed/temporal_20u_minmax/camels_20u_temporal_logmass_minmax_top100_periodic_knn.pt,data/processed/temporal_20u_minmax/camels_20u_temporal_logmass_minmax_top100_periodic_knn.metadata.json,temporal,20,LH_0..LH_19,5,five sorted snapshots; exact identities not persisted in sidecar,100,log10_Mvir|X|Y|Z|VX|VY|VZ,minmax,per_universe_per_snapshot_per_feature,False,True,8,25.0,32,2,evolvegcn_h,True,mean,mean,mlp,"Linear(D,H)-ReLU-Dropout-Linear(H,1)",False,False,4,200,40,0.001,1e-05,0.2,relu,1.0,MSE,2025,0.7|0.15|0.15,LH_18|LH_4|LH_14|LH_11|LH_7|LH_8|LH_19|LH_10|LH_12|LH_13|LH_1|LH_3|LH_9|LH_6,LH_16|LH_0|LH_5,LH_15|LH_2|LH_17,7e5e08400b3be5b952b05ca039d96548792538cacb2de678f873831850349370,True,True,True,True,True,True,complete,True,0.10281499209148544,0.10341732452313106,0.1010226458311081,0.11831981314209046,0.013999578181979203,-0.3724072190883492,-0.9033869621565417,defined,0.2930000027020772,0.24385272959868112,0.12369769520690155,0.008928017521857923,0.0721761024481869,3,0.0,0.0,0.2372608631849289,0.2540130615234375,0.016752198338508606,-0.049147273103396096,0.13181876039744533,0.18533913791179657,not recorded,not recorded,577efef996bd8a23aa443a519ad536664ef6dedc22d8084b2286c16a4e0025eb,True,0.0,universe_scaling_or_u750_context,duplicate_reproduction,duplicate,exact_prediction_duplicate:evolvegcn_h_20u_seed2025|evolvegcn_h_u20_top100_norm-minmax_h32_l2_gpool-mean_tpool-mean_head-mlp_canonical300_seed2025,identical prediction hash; not independent evidence
EvolveGCN-H,evolvegcn_h_20u_seed42,experiments/evolvegcn_h_20u_seed42,data/processed/temporal_20u_minmax/camels_20u_temporal_logmass_minmax_top100_periodic_knn.pt,data/processed/temporal_20u_minmax/camels_20u_temporal_logmass_minmax_top100_periodic_knn.metadata.json,temporal,20,LH_0..LH_19,5,five sorted snapshots; exact identities not persisted in sidecar,100,log10_Mvir|X|Y|Z|VX|VY|VZ,minmax,per_universe_per_snapshot_per_feature,False,True,8,25.0,32,2,evolvegcn_h,True,mean,mean,mlp,"Linear(D,H)-ReLU-Dropout-Linear(H,1)",False,False,4,200,40,0.001,1e-05,0.2,relu,1.0,MSE,42,0.7|0.15|0.15,LH_19|LH_5|LH_14|LH_4|LH_9|LH_13|LH_15|LH_18|LH_6|LH_12|LH_17|LH_10|LH_1|LH_11,LH_2|LH_16|LH_7,LH_8|LH_0|LH_3,9a1244427ae4384e8bb9c5f10d9cf32f477a5fbec3658cf875b682f03556c63e,True,True,True,True,True,True,complete,True,0.09609093623501914,0.09944633642832439,0.0946318010489146,0.10297306709756288,0.010603452547479186,0.048888086725889845,0.8579630250475071,defined,0.26260000467300415,0.299919456243515,0.1293163587411328,0.013979845517019633,0.10810577759156267,3,0.0,0.0,0.2896093726158142,0.3158314824104309,0.0262221097946167,0.037319451570510864,0.11754176544077097,0.14811751246452332,not recorded,not recorded,f16f7878df049c1eb56409534c2e8eb610e7a029cde6e61ea1d85a2bc1ce1675,True,0.0,universe_scaling_or_u750_context,duplicate_reproduction,duplicate,exact_prediction_duplicate:evolvegcn_h_20u_seed42|evolvegcn_h_u20_top100_norm-minmax_h32_l2_gpool-mean_tpool-mean_head-mlp_canonical300_seed42,identical prediction hash; not independent evidence
EvolveGCN-H,evolvegcn_h_500u_k12_seed123,experiments/evolvegcn_h_500u_k12_seed123,data/processed/temporal_500u_logmass_minmax_top100_periodic_knn_k12/camels_500u_temporal_logmass_minmax_top100_periodic_knn_k12.pt,data/processed/temporal_500u_logmass_minmax_top100_periodic_knn_k12/camels_500u_temporal_logmass_minmax_top100_periodic_knn_k12.metadata.json,temporal,500,LH_0..LH_499,5,five sorted snapshots; exact identities not persisted in sidecar,100,log10_Mvir|X|Y|Z|VX|VY|VZ,minmax,per_universe_per_snapshot_per_feature,False,True,12,25.0,64,2,evolvegcn_h,True,mean,mean,mlp,"Linear(D,H)-ReLU-Dropout-Linear(H,1)",False,False,4,300,40,0.001,1e-05,0.2,relu,1.0,MSE,123,0.7|0.15|0.15,LH_380|LH_468|LH_145|LH_2|LH_282|LH_103|LH_148|LH_312|LH_130|LH_411|LH_168|LH_204|LH_113|LH_132|LH_418|LH_270|LH_351|LH_157|LH_451|LH_339|LH_288|LH_277|LH_354|LH_48|LH_318|LH_303|LH_314|LH_234|LH_95|LH_304|LH_271|LH_434|LH_173|LH_357|LH_495|LH_133|LH_431|LH_39|LH_490|LH_310|LH_317|LH_471|LH_23|LH_426|LH_224|LH_286|LH_20|LH_365|LH_255|LH_216|LH_405|LH_79|LH_228|LH_445|LH_189|LH_184|LH_243|LH_358|LH_276|LH_218|LH_488|LH_60|LH_438|LH_159|LH_167|LH_349|LH_89|LH_121|LH_333|LH_51|LH_9|LH_482|LH_152|LH_416|LH_379|LH_306|LH_111|LH_185|LH_340|LH_489|LH_475|LH_93|LH_84|LH_376|LH_291|LH_158|LH_250|LH_323|LH_406|LH_460|LH_50|LH_433|LH_372|LH_66|LH_108|LH_465|LH_71|LH_298|LH_369|LH_437|LH_211|LH_11|LH_110|LH_142|LH_28|LH_59|LH_163|LH_38|LH_24|LH_205|LH_440|LH_140|LH_177|LH_252|LH_235|LH_245|LH_242|LH_25|LH_21|LH_217|LH_160|LH_231|LH_77|LH_151|LH_54|LH_345|LH_280|LH_257|LH_456|LH_308|LH_331|LH_58|LH_360|LH_179|LH_464|LH_388|LH_129|LH_285|LH_347|LH_56|LH_387|LH_169|LH_36|LH_138|LH_319|LH_296|LH_246|LH_122|LH_33|LH_127|LH_109|LH_363|LH_183|LH_196|LH_422|LH_86|LH_400|LH_297|LH_346|LH_116|LH_63|LH_88|LH_477|LH_144|LH_112|LH_362|LH_399|LH_334|LH_62|LH_353|LH_146|LH_373|LH_27|LH_76|LH_260|LH_150|LH_210|LH_195|LH_290|LH_82|LH_154|LH_432|LH_320|LH_361|LH_75|LH_17|LH_94|LH_238|LH_143|LH_469|LH_67|LH_225|LH_391|LH_106|LH_15|LH_97|LH_46|LH_49|LH_192|LH_226|LH_114|LH_302|LH_356|LH_91|LH_80|LH_107|LH_329|LH_209|LH_384|LH_409|LH_13|LH_176|LH_299|LH_483|LH_295|LH_491|LH_332|LH_292|LH_153|LH_202|LH_268|LH_1|LH_417|LH_313|LH_375|LH_128|LH_352|LH_57|LH_408|LH_254|LH_382|LH_390|LH_377|LH_328|LH_213|LH_182|LH_65|LH_7|LH_315|LH_101|LH_187|LH_126|LH_123|LH_394|LH_201|LH_251|LH_494|LH_239|LH_383|LH_367|LH_237|LH_34|LH_307|LH_141|LH_403|LH_344|LH_162|LH_43|LH_118|LH_498|LH_99|LH_392|LH_102|LH_258|LH_100|LH_41|LH_281|LH_364|LH_492|LH_448|LH_164|LH_104|LH_124|LH_259|LH_355|LH_458|LH_484|LH_115|LH_309|LH_338|LH_53|LH_381|LH_442|LH_70|LH_284|LH_263|LH_419|LH_166|LH_441|LH_481|LH_335|LH_219|LH_155|LH_294|LH_230|LH_378|LH_476|LH_232|LH_480|LH_31|LH_343|LH_197|LH_301|LH_85|LH_61|LH_264|LH_446|LH_273|LH_455|LH_188|LH_199|LH_452|LH_74|LH_443|LH_423|LH_395|LH_265|LH_29|LH_40|LH_120|LH_190|LH_73|LH_348|LH_415|LH_474|LH_337|LH_12|LH_178|LH_212|LH_402|LH_478|LH_412|LH_241|LH_454|LH_165|LH_14|LH_206|LH_325|LH_279|LH_398|LH_366|LH_462|LH_4|LH_221|LH_421|LH_389|LH_181|LH_413|LH_32|LH_316,LH_493|LH_473|LH_215|LH_324|LH_425|LH_139|LH_424|LH_385|LH_131|LH_453|LH_98|LH_470|LH_68|LH_5|LH_459|LH_236|LH_466|LH_227|LH_487|LH_78|LH_90|LH_439|LH_278|LH_119|LH_368|LH_322|LH_253|LH_147|LH_435|LH_30|LH_397|LH_256|LH_272|LH_207|LH_117|LH_180|LH_430|LH_186|LH_321|LH_45|LH_300|LH_96|LH_8|LH_401|LH_450|LH_198|LH_233|LH_370|LH_37|LH_200|LH_283|LH_479|LH_171|LH_87|LH_134|LH_336|LH_249|LH_42|LH_371|LH_92|LH_427|LH_386|LH_16|LH_261|LH_191|LH_214|LH_342|LH_266|LH_248|LH_467|LH_457|LH_407|LH_326|LH_275|LH_350,LH_222|LH_262|LH_330|LH_444|LH_203|LH_6|LH_472|LH_414|LH_289|LH_269|LH_327|LH_311|LH_420|LH_105|LH_247|LH_410|LH_267|LH_175|LH_156|LH_496|LH_18|LH_428|LH_240|LH_135|LH_244|LH_293|LH_220|LH_149|LH_10|LH_404|LH_64|LH_72|LH_341|LH_47|LH_22|LH_52|LH_229|LH_374|LH_161|LH_3|LH_35|LH_193|LH_305|LH_449|LH_497|LH_396|LH_223|LH_463|LH_0|LH_83|LH_125|LH_359|LH_485|LH_486|LH_172|LH_69|LH_81|LH_499|LH_436|LH_174|LH_170|LH_287|LH_274|LH_194|LH_19|LH_447|LH_461|LH_429|LH_55|LH_136|LH_208|LH_393|LH_44|LH_137|LH_26,853549f16ef8eb3d7f18ae850c94b13c0c8bf0e770bb99cfbffff48b03530266,True,True,True,True,True,True,complete,True,0.09509078289781298,0.10330176641543706,0.09739923775196076,0.11582858454243179,0.013416260997103269,-0.03632135387340352,-0.0987009674611756,defined,0.29364533245563507,0.29061044573783873,0.11454688870034196,0.013087967590983213,0.11425860396105321,75,0.0,0.0,0.25477370619773865,0.3255871832370758,0.07081347703933716,-0.0030348867177963255,0.11656854986349066,0.21468102931976318,not recorded,not recorded,1c8f93b1062d7a538b1ee8c278ee79791226f5d26b06066ac086433214880fc7,True,0.0,knn_alternative,alternative_protocol,alternative_protocol,unique,"k=12, expected 8"
EvolveGCN-H,evolvegcn_h_500u_k12_seed2025,experiments/evolvegcn_h_500u_k12_seed2025,data/processed/temporal_500u_logmass_minmax_top100_periodic_knn_k12/camels_500u_temporal_logmass_minmax_top100_periodic_knn_k12.pt,data/processed/temporal_500u_logmass_minmax_top100_periodic_knn_k12/camels_500u_temporal_logmass_minmax_top100_periodic_knn_k12.metadata.json,temporal,500,LH_0..LH_499,5,five sorted snapshots; exact identities not persisted in sidecar,100,log10_Mvir|X|Y|Z|VX|VY|VZ,minmax,per_universe_per_snapshot_per_feature,False,True,12,25.0,64,2,evolvegcn_h,True,mean,mean,mlp,"Linear(D,H)-ReLU-Dropout-Linear(H,1)",False,False,4,300,40,0.001,1e-05,0.2,relu,1.0,MSE,2025,0.7|0.15|0.15,LH_322|LH_49|LH_312|LH_130|LH_467|LH_459|LH_70|LH_456|LH_248|LH_365|LH_329|LH_63|LH_331|LH_324|LH_311|LH_87|LH_469|LH_119|LH_209|LH_452|LH_212|LH_167|LH_91|LH_460|LH_485|LH_255|LH_155|LH_458|LH_372|LH_479|LH_446|LH_97|LH_19|LH_149|LH_170|LH_287|LH_334|LH_495|LH_369|LH_318|LH_144|LH_440|LH_297|LH_219|LH_498|LH_350|LH_177|LH_368|LH_339|LH_8|LH_129|LH_275|LH_345|LH_206|LH_92|LH_36|LH_46|LH_128|LH_490|LH_103|LH_411|LH_237|LH_249|LH_434|LH_201|LH_114|LH_325|LH_284|LH_10|LH_239|LH_224|LH_277|LH_138|LH_281|LH_315|LH_361|LH_439|LH_274|LH_379|LH_57|LH_173|LH_455|LH_407|LH_113|LH_437|LH_360|LH_317|LH_250|LH_207|LH_26|LH_236|LH_89|LH_110|LH_102|LH_83|LH_299|LH_366|LH_6|LH_216|LH_191|LH_463|LH_454|LH_17|LH_85|LH_482|LH_112|LH_4|LH_223|LH_417|LH_444|LH_347|LH_20|LH_349|LH_306|LH_40|LH_380|LH_185|LH_151|LH_390|LH_174|LH_303|LH_494|LH_432|LH_241|LH_41|LH_21|LH_164|LH_478|LH_328|LH_80|LH_148|LH_246|LH_441|LH_340|LH_364|LH_422|LH_435|LH_154|LH_158|LH_24|LH_396|LH_447|LH_198|LH_54|LH_146|LH_217|LH_35|LH_18|LH_32|LH_389|LH_359|LH_68|LH_320|LH_337|LH_356|LH_358|LH_426|LH_405|LH_464|LH_240|LH_348|LH_74|LH_357|LH_443|LH_252|LH_302|LH_256|LH_53|LH_55|LH_160|LH_415|LH_465|LH_199|LH_273|LH_135|LH_107|LH_412|LH_61|LH_342|LH_247|LH_374|LH_289|LH_294|LH_71|LH_449|LH_404|LH_197|LH_375|LH_376|LH_47|LH_120|LH_121|LH_453|LH_211|LH_242|LH_67|LH_305|LH_156|LH_332|LH_265|LH_314|LH_496|LH_431|LH_153|LH_84|LH_268|LH_95|LH_187|LH_43|LH_9|LH_111|LH_168|LH_262|LH_338|LH_225|LH_1|LH_413|LH_2|LH_269|LH_231|LH_316|LH_267|LH_81|LH_193|LH_468|LH_397|LH_386|LH_423|LH_286|LH_31|LH_66|LH_65|LH_346|LH_28|LH_497|LH_245|LH_336|LH_178|LH_254|LH_486|LH_215|LH_476|LH_7|LH_343|LH_194|LH_425|LH_378|LH_427|LH_86|LH_29|LH_64|LH_23|LH_229|LH_333|LH_139|LH_251|LH_414|LH_51|LH_260|LH_147|LH_45|LH_475|LH_308|LH_290|LH_436|LH_200|LH_477|LH_424|LH_238|LH_11|LH_183|LH_382|LH_234|LH_480|LH_450|LH_162|LH_136|LH_145|LH_221|LH_430|LH_27|LH_98|LH_137|LH_488|LH_115|LH_152|LH_172|LH_448|LH_3|LH_30|LH_385|LH_134|LH_296|LH_52|LH_419|LH_384|LH_93|LH_253|LH_418|LH_487|LH_171|LH_58|LH_131|LH_79|LH_127|LH_481|LH_403|LH_399|LH_213|LH_218|LH_232|LH_259|LH_371|LH_76|LH_470|LH_133|LH_166|LH_243|LH_393|LH_189|LH_182|LH_264|LH_180|LH_352|LH_406|LH_395|LH_370|LH_344|LH_214|LH_123|LH_377|LH_420|LH_39|LH_94|LH_230|LH_309|LH_117|LH_202|LH_355|LH_186|LH_163|LH_321|LH_442|LH_354|LH_161|LH_122|LH_493|LH_72|LH_100|LH_222,LH_298|LH_48|LH_5|LH_471|LH_132|LH_77|LH_367|LH_227|LH_323|LH_73|LH_109|LH_104|LH_363|LH_105|LH_445|LH_351|LH_208|LH_293|LH_258|LH_12|LH_381|LH_157|LH_126|LH_263|LH_175|LH_196|LH_257|LH_78|LH_292|LH_472|LH_276|LH_301|LH_280|LH_319|LH_429|LH_179|LH_491|LH_466|LH_326|LH_433|LH_140|LH_451|LH_141|LH_341|LH_75|LH_499|LH_38|LH_184|LH_150|LH_410|LH_143|LH_82|LH_159|LH_307|LH_271|LH_278|LH_462|LH_176|LH_125|LH_474|LH_169|LH_388|LH_473|LH_438|LH_335|LH_220|LH_288|LH_383|LH_387|LH_37|LH_353|LH_204|LH_233|LH_408|LH_409,LH_272|LH_228|LH_492|LH_165|LH_373|LH_421|LH_90|LH_295|LH_416|LH_226|LH_142|LH_391|LH_457|LH_300|LH_44|LH_188|LH_282|LH_69|LH_401|LH_59|LH_16|LH_310|LH_124|LH_62|LH_106|LH_101|LH_279|LH_56|LH_304|LH_15|LH_266|LH_181|LH_235|LH_203|LH_327|LH_400|LH_402|LH_116|LH_362|LH_13|LH_96|LH_394|LH_99|LH_461|LH_398|LH_34|LH_261|LH_283|LH_14|LH_313|LH_25|LH_210|LH_483|LH_489|LH_108|LH_392|LH_60|LH_22|LH_50|LH_205|LH_195|LH_33|LH_118|LH_291|LH_192|LH_190|LH_0|LH_270|LH_88|LH_484|LH_244|LH_428|LH_330|LH_42|LH_285,3ce48b66c11e30bec459c52ba7f4a900809dd2b45be0995b8b56aeaefc747951,True,True,True,True,True,True,complete,True,0.09788651953850473,0.09268502026796341,0.1090882447361946,0.12436663577420036,0.015467060093792612,-0.0896232481157575,-0.021266783129378793,defined,0.29471200038989387,0.326604262193044,0.11994453853216079,0.013728836074593203,0.11445986822411329,75,0.0,0.0,0.2976732552051544,0.3674642741680145,0.06979101896286011,0.031892261803150176,0.12101740883339303,0.21288370341062546,not recorded,not recorded,a382ed338d7f76a45a23675af0cc1be48697a75912ce97b620515c0d9bf79e57,True,1.3877787807814457e-17,knn_alternative,alternative_protocol,alternative_protocol,unique,"k=12, expected 8"
EvolveGCN-H,evolvegcn_h_500u_k12_seed42,experiments/evolvegcn_h_500u_k12_seed42,data/processed/temporal_500u_logmass_minmax_top100_periodic_knn_k12/camels_500u_temporal_logmass_minmax_top100_periodic_knn_k12.pt,data/processed/temporal_500u_logmass_minmax_top100_periodic_knn_k12/camels_500u_temporal_logmass_minmax_top100_periodic_knn_k12.metadata.json,temporal,500,LH_0..LH_499,5,five sorted snapshots; exact identities not persisted in sidecar,100,log10_Mvir|X|Y|Z|VX|VY|VZ,minmax,per_universe_per_snapshot_per_feature,False,True,12,25.0,64,2,evolvegcn_h,True,mean,mean,mlp,"Linear(D,H)-ReLU-Dropout-Linear(H,1)",False,False,4,300,40,0.001,1e-05,0.2,relu,1.0,MSE,42,0.7|0.15|0.15,LH_164|LH_383|LH_45|LH_156|LH_53|LH_72|LH_315|LH_209|LH_74|LH_333|LH_403|LH_415|LH_92|LH_215|LH_479|LH_59|LH_368|LH_163|LH_210|LH_251|LH_443|LH_320|LH_289|LH_389|LH_7|LH_462|LH_249|LH_228|LH_245|LH_211|LH_129|LH_162|LH_223|LH_41|LH_278|LH_21|LH_434|LH_68|LH_227|LH_151|LH_369|LH_217|LH_154|LH_177|LH_397|LH_139|LH_141|LH_326|LH_175|LH_170|LH_88|LH_96|LH_439|LH_303|LH_50|LH_199|LH_297|LH_131|LH_120|LH_358|LH_180|LH_370|LH_37|LH_160|LH_4|LH_93|LH_304|LH_188|LH_374|LH_453|LH_94|LH_468|LH_292|LH_340|LH_407|LH_408|LH_187|LH_334|LH_213|LH_127|LH_11|LH_6|LH_442|LH_246|LH_396|LH_425|LH_345|LH_89|LH_426|LH_26|LH_77|LH_184|LH_262|LH_207|LH_182|LH_95|LH_100|LH_419|LH_394|LH_155|LH_230|LH_362|LH_237|LH_353|LH_85|LH_323|LH_171|LH_393|LH_153|LH_313|LH_38|LH_392|LH_69|LH_106|LH_348|LH_489|LH_428|LH_158|LH_31|LH_244|LH_8|LH_267|LH_485|LH_233|LH_261|LH_401|LH_291|LH_198|LH_132|LH_324|LH_322|LH_2|LH_18|LH_488|LH_263|LH_76|LH_253|LH_314|LH_351|LH_471|LH_143|LH_449|LH_66|LH_179|LH_133|LH_144|LH_406|LH_280|LH_269|LH_466|LH_208|LH_145|LH_432|LH_277|LH_341|LH_465|LH_317|LH_17|LH_448|LH_20|LH_130|LH_238|LH_296|LH_286|LH_336|LH_300|LH_149|LH_203|LH_387|LH_398|LH_190|LH_201|LH_418|LH_14|LH_55|LH_75|LH_284|LH_39|LH_391|LH_460|LH_257|LH_178|LH_212|LH_472|LH_420|LH_67|LH_99|LH_476|LH_97|LH_196|LH_339|LH_288|LH_318|LH_457|LH_124|LH_242|LH_42|LH_60|LH_192|LH_422|LH_266|LH_254|LH_384|LH_497|LH_226|LH_495|LH_113|LH_19|LH_218|LH_118|LH_364|LH_385|LH_437|LH_293|LH_493|LH_378|LH_241|LH_446|LH_435|LH_27|LH_220|LH_469|LH_86|LH_361|LH_103|LH_481|LH_25|LH_307|LH_167|LH_450|LH_475|LH_410|LH_221|LH_416|LH_105|LH_371|LH_90|LH_452|LH_168|LH_240|LH_402|LH_48|LH_104|LH_206|LH_247|LH_200|LH_62|LH_477|LH_147|LH_146|LH_225|LH_421|LH_484|LH_491|LH_451|LH_109|LH_294|LH_440|LH_121|LH_265|LH_169|LH_381|LH_34|LH_268|LH_30|LH_400|LH_461|LH_354|LH_382|LH_10|LH_173|LH_342|LH_115|LH_363|LH_61|LH_231|LH_264|LH_224|LH_312|LH_356|LH_159|LH_102|LH_310|LH_372|LH_344|LH_337|LH_365|LH_84|LH_281|LH_243|LH_65|LH_64|LH_272|LH_423|LH_248|LH_43|LH_417|LH_375|LH_123|LH_29|LH_122|LH_157|LH_355|LH_330|LH_9|LH_250|LH_165|LH_306|LH_0|LH_271|LH_276|LH_82|LH_191|LH_347|LH_473|LH_399|LH_319|LH_152|LH_54|LH_259|LH_91|LH_256|LH_430|LH_1|LH_459|LH_80|LH_222|LH_431|LH_498|LH_455|LH_328|LH_404|LH_436|LH_58|LH_5|LH_283|LH_128|LH_270|LH_239|LH_405|LH_195|LH_197|LH_32|LH_305|LH_487|LH_458|LH_429|LH_78|LH_56|LH_24,LH_46|LH_252|LH_260|LH_70|LH_386|LH_427|LH_204|LH_298|LH_219|LH_299|LH_134|LH_275|LH_474|LH_126|LH_492|LH_441|LH_73|LH_234|LH_329|LH_202|LH_255|LH_335|LH_376|LH_380|LH_367|LH_290|LH_108|LH_33|LH_137|LH_205|LH_161|LH_482|LH_117|LH_28|LH_166|LH_350|LH_467|LH_285|LH_352|LH_499|LH_138|LH_463|LH_236|LH_409|LH_494|LH_438|LH_273|LH_87|LH_411|LH_311|LH_36|LH_331|LH_349|LH_470|LH_136|LH_343|LH_107|LH_181|LH_189|LH_83|LH_186|LH_325|LH_232|LH_454|LH_447|LH_51|LH_478|LH_444|LH_148|LH_395|LH_116|LH_338|LH_23|LH_35|LH_360,LH_98|LH_295|LH_185|LH_316|LH_321|LH_424|LH_150|LH_282|LH_40|LH_193|LH_63|LH_274|LH_235|LH_373|LH_22|LH_413|LH_135|LH_309|LH_176|LH_433|LH_183|LH_49|LH_194|LH_480|LH_490|LH_172|LH_390|LH_110|LH_79|LH_464|LH_174|LH_483|LH_357|LH_81|LH_412|LH_388|LH_3|LH_445|LH_414|LH_142|LH_301|LH_229|LH_112|LH_214|LH_486|LH_359|LH_332|LH_366|LH_101|LH_287|LH_13|LH_308|LH_258|LH_119|LH_111|LH_47|LH_15|LH_16|LH_216|LH_302|LH_44|LH_279|LH_456|LH_496|LH_346|LH_52|LH_377|LH_71|LH_114|LH_125|LH_140|LH_379|LH_12|LH_57|LH_327,0f963679cd284fca861fc2c59d88bdae8e8f1f21e2cbe1bb73bd593b49056748,True,True,True,True,True,True,complete,True,0.10118887897048677,0.09237803767124812,0.08587054749329885,0.1008635351675927,0.010173452726504207,0.009433867083645131,0.0999738221523658,defined,0.2916933327913284,0.29366084734598796,0.10202514478236673,0.011583691488879154,0.11353761382636327,75,0.0,0.0,0.2600848376750946,0.3203883469104767,0.06030350923538208,0.0019675145546595254,0.10152343764636426,0.20066412538290024,not recorded,not recorded,2ddbf95bc2d9f69f547d7dfa0b2d06434001ef8ab6e4d6c03acea75c727cffaa,True,0.0,knn_alternative,alternative_protocol,alternative_protocol,unique,"k=12, expected 8"
EvolveGCN-H,evolvegcn_h_500u_k4_seed123,experiments/evolvegcn_h_500u_k4_seed123,data/processed/temporal_500u_logmass_minmax_top100_periodic_knn_k4/camels_500u_temporal_logmass_minmax_top100_periodic_knn_k4.pt,data/processed/temporal_500u_logmass_minmax_top100_periodic_knn_k4/camels_500u_temporal_logmass_minmax_top100_periodic_knn_k4.metadata.json,temporal,500,LH_0..LH_499,5,five sorted snapshots; exact identities not persisted in sidecar,100,log10_Mvir|X|Y|Z|VX|VY|VZ,minmax,per_universe_per_snapshot_per_feature,False,True,4,25.0,64,2,evolvegcn_h,True,mean,mean,mlp,"Linear(D,H)-ReLU-Dropout-Linear(H,1)",False,False,4,300,40,0.001,1e-05,0.2,relu,1.0,MSE,123,0.7|0.15|0.15,LH_380|LH_468|LH_145|LH_2|LH_282|LH_103|LH_148|LH_312|LH_130|LH_411|LH_168|LH_204|LH_113|LH_132|LH_418|LH_270|LH_351|LH_157|LH_451|LH_339|LH_288|LH_277|LH_354|LH_48|LH_318|LH_303|LH_314|LH_234|LH_95|LH_304|LH_271|LH_434|LH_173|LH_357|LH_495|LH_133|LH_431|LH_39|LH_490|LH_310|LH_317|LH_471|LH_23|LH_426|LH_224|LH_286|LH_20|LH_365|LH_255|LH_216|LH_405|LH_79|LH_228|LH_445|LH_189|LH_184|LH_243|LH_358|LH_276|LH_218|LH_488|LH_60|LH_438|LH_159|LH_167|LH_349|LH_89|LH_121|LH_333|LH_51|LH_9|LH_482|LH_152|LH_416|LH_379|LH_306|LH_111|LH_185|LH_340|LH_489|LH_475|LH_93|LH_84|LH_376|LH_291|LH_158|LH_250|LH_323|LH_406|LH_460|LH_50|LH_433|LH_372|LH_66|LH_108|LH_465|LH_71|LH_298|LH_369|LH_437|LH_211|LH_11|LH_110|LH_142|LH_28|LH_59|LH_163|LH_38|LH_24|LH_205|LH_440|LH_140|LH_177|LH_252|LH_235|LH_245|LH_242|LH_25|LH_21|LH_217|LH_160|LH_231|LH_77|LH_151|LH_54|LH_345|LH_280|LH_257|LH_456|LH_308|LH_331|LH_58|LH_360|LH_179|LH_464|LH_388|LH_129|LH_285|LH_347|LH_56|LH_387|LH_169|LH_36|LH_138|LH_319|LH_296|LH_246|LH_122|LH_33|LH_127|LH_109|LH_363|LH_183|LH_196|LH_422|LH_86|LH_400|LH_297|LH_346|LH_116|LH_63|LH_88|LH_477|LH_144|LH_112|LH_362|LH_399|LH_334|LH_62|LH_353|LH_146|LH_373|LH_27|LH_76|LH_260|LH_150|LH_210|LH_195|LH_290|LH_82|LH_154|LH_432|LH_320|LH_361|LH_75|LH_17|LH_94|LH_238|LH_143|LH_469|LH_67|LH_225|LH_391|LH_106|LH_15|LH_97|LH_46|LH_49|LH_192|LH_226|LH_114|LH_302|LH_356|LH_91|LH_80|LH_107|LH_329|LH_209|LH_384|LH_409|LH_13|LH_176|LH_299|LH_483|LH_295|LH_491|LH_332|LH_292|LH_153|LH_202|LH_268|LH_1|LH_417|LH_313|LH_375|LH_128|LH_352|LH_57|LH_408|LH_254|LH_382|LH_390|LH_377|LH_328|LH_213|LH_182|LH_65|LH_7|LH_315|LH_101|LH_187|LH_126|LH_123|LH_394|LH_201|LH_251|LH_494|LH_239|LH_383|LH_367|LH_237|LH_34|LH_307|LH_141|LH_403|LH_344|LH_162|LH_43|LH_118|LH_498|LH_99|LH_392|LH_102|LH_258|LH_100|LH_41|LH_281|LH_364|LH_492|LH_448|LH_164|LH_104|LH_124|LH_259|LH_355|LH_458|LH_484|LH_115|LH_309|LH_338|LH_53|LH_381|LH_442|LH_70|LH_284|LH_263|LH_419|LH_166|LH_441|LH_481|LH_335|LH_219|LH_155|LH_294|LH_230|LH_378|LH_476|LH_232|LH_480|LH_31|LH_343|LH_197|LH_301|LH_85|LH_61|LH_264|LH_446|LH_273|LH_455|LH_188|LH_199|LH_452|LH_74|LH_443|LH_423|LH_395|LH_265|LH_29|LH_40|LH_120|LH_190|LH_73|LH_348|LH_415|LH_474|LH_337|LH_12|LH_178|LH_212|LH_402|LH_478|LH_412|LH_241|LH_454|LH_165|LH_14|LH_206|LH_325|LH_279|LH_398|LH_366|LH_462|LH_4|LH_221|LH_421|LH_389|LH_181|LH_413|LH_32|LH_316,LH_493|LH_473|LH_215|LH_324|LH_425|LH_139|LH_424|LH_385|LH_131|LH_453|LH_98|LH_470|LH_68|LH_5|LH_459|LH_236|LH_466|LH_227|LH_487|LH_78|LH_90|LH_439|LH_278|LH_119|LH_368|LH_322|LH_253|LH_147|LH_435|LH_30|LH_397|LH_256|LH_272|LH_207|LH_117|LH_180|LH_430|LH_186|LH_321|LH_45|LH_300|LH_96|LH_8|LH_401|LH_450|LH_198|LH_233|LH_370|LH_37|LH_200|LH_283|LH_479|LH_171|LH_87|LH_134|LH_336|LH_249|LH_42|LH_371|LH_92|LH_427|LH_386|LH_16|LH_261|LH_191|LH_214|LH_342|LH_266|LH_248|LH_467|LH_457|LH_407|LH_326|LH_275|LH_350,LH_222|LH_262|LH_330|LH_444|LH_203|LH_6|LH_472|LH_414|LH_289|LH_269|LH_327|LH_311|LH_420|LH_105|LH_247|LH_410|LH_267|LH_175|LH_156|LH_496|LH_18|LH_428|LH_240|LH_135|LH_244|LH_293|LH_220|LH_149|LH_10|LH_404|LH_64|LH_72|LH_341|LH_47|LH_22|LH_52|LH_229|LH_374|LH_161|LH_3|LH_35|LH_193|LH_305|LH_449|LH_497|LH_396|LH_223|LH_463|LH_0|LH_83|LH_125|LH_359|LH_485|LH_486|LH_172|LH_69|LH_81|LH_499|LH_436|LH_174|LH_170|LH_287|LH_274|LH_194|LH_19|LH_447|LH_461|LH_429|LH_55|LH_136|LH_208|LH_393|LH_44|LH_137|LH_26,853549f16ef8eb3d7f18ae850c94b13c0c8bf0e770bb99cfbffff48b03530266,True,True,True,True,True,True,complete,True,0.09517694916043963,0.10302057872215907,0.0977921324968338,0.11606312281279031,0.013470648477056847,-0.04052244290047491,-0.10361351101662139,defined,0.29364533245563507,0.296052477757136,0.11454688870034196,0.013951652197136339,0.1217986132616336,75,0.0,0.0,0.260600745677948,0.3301524221897125,0.06955167651176453,0.002407145301500956,0.11681956863804119,0.21352491527795792,not recorded,not recorded,be5bc4f7afd2ded0e7151ec374cf571422feb7fbe01617cb3854c4a8955ad80c,True,0.0,knn_alternative,alternative_protocol,alternative_protocol,unique,"k=4, expected 8"
EvolveGCN-H,evolvegcn_h_500u_k4_seed2025,experiments/evolvegcn_h_500u_k4_seed2025,data/processed/temporal_500u_logmass_minmax_top100_periodic_knn_k4/camels_500u_temporal_logmass_minmax_top100_periodic_knn_k4.pt,data/processed/temporal_500u_logmass_minmax_top100_periodic_knn_k4/camels_500u_temporal_logmass_minmax_top100_periodic_knn_k4.metadata.json,temporal,500,LH_0..LH_499,5,five sorted snapshots; exact identities not persisted in sidecar,100,log10_Mvir|X|Y|Z|VX|VY|VZ,minmax,per_universe_per_snapshot_per_feature,False,True,4,25.0,64,2,evolvegcn_h,True,mean,mean,mlp,"Linear(D,H)-ReLU-Dropout-Linear(H,1)",False,False,4,300,40,0.001,1e-05,0.2,relu,1.0,MSE,2025,0.7|0.15|0.15,LH_322|LH_49|LH_312|LH_130|LH_467|LH_459|LH_70|LH_456|LH_248|LH_365|LH_329|LH_63|LH_331|LH_324|LH_311|LH_87|LH_469|LH_119|LH_209|LH_452|LH_212|LH_167|LH_91|LH_460|LH_485|LH_255|LH_155|LH_458|LH_372|LH_479|LH_446|LH_97|LH_19|LH_149|LH_170|LH_287|LH_334|LH_495|LH_369|LH_318|LH_144|LH_440|LH_297|LH_219|LH_498|LH_350|LH_177|LH_368|LH_339|LH_8|LH_129|LH_275|LH_345|LH_206|LH_92|LH_36|LH_46|LH_128|LH_490|LH_103|LH_411|LH_237|LH_249|LH_434|LH_201|LH_114|LH_325|LH_284|LH_10|LH_239|LH_224|LH_277|LH_138|LH_281|LH_315|LH_361|LH_439|LH_274|LH_379|LH_57|LH_173|LH_455|LH_407|LH_113|LH_437|LH_360|LH_317|LH_250|LH_207|LH_26|LH_236|LH_89|LH_110|LH_102|LH_83|LH_299|LH_366|LH_6|LH_216|LH_191|LH_463|LH_454|LH_17|LH_85|LH_482|LH_112|LH_4|LH_223|LH_417|LH_444|LH_347|LH_20|LH_349|LH_306|LH_40|LH_380|LH_185|LH_151|LH_390|LH_174|LH_303|LH_494|LH_432|LH_241|LH_41|LH_21|LH_164|LH_478|LH_328|LH_80|LH_148|LH_246|LH_441|LH_340|LH_364|LH_422|LH_435|LH_154|LH_158|LH_24|LH_396|LH_447|LH_198|LH_54|LH_146|LH_217|LH_35|LH_18|LH_32|LH_389|LH_359|LH_68|LH_320|LH_337|LH_356|LH_358|LH_426|LH_405|LH_464|LH_240|LH_348|LH_74|LH_357|LH_443|LH_252|LH_302|LH_256|LH_53|LH_55|LH_160|LH_415|LH_465|LH_199|LH_273|LH_135|LH_107|LH_412|LH_61|LH_342|LH_247|LH_374|LH_289|LH_294|LH_71|LH_449|LH_404|LH_197|LH_375|LH_376|LH_47|LH_120|LH_121|LH_453|LH_211|LH_242|LH_67|LH_305|LH_156|LH_332|LH_265|LH_314|LH_496|LH_431|LH_153|LH_84|LH_268|LH_95|LH_187|LH_43|LH_9|LH_111|LH_168|LH_262|LH_338|LH_225|LH_1|LH_413|LH_2|LH_269|LH_231|LH_316|LH_267|LH_81|LH_193|LH_468|LH_397|LH_386|LH_423|LH_286|LH_31|LH_66|LH_65|LH_346|LH_28|LH_497|LH_245|LH_336|LH_178|LH_254|LH_486|LH_215|LH_476|LH_7|LH_343|LH_194|LH_425|LH_378|LH_427|LH_86|LH_29|LH_64|LH_23|LH_229|LH_333|LH_139|LH_251|LH_414|LH_51|LH_260|LH_147|LH_45|LH_475|LH_308|LH_290|LH_436|LH_200|LH_477|LH_424|LH_238|LH_11|LH_183|LH_382|LH_234|LH_480|LH_450|LH_162|LH_136|LH_145|LH_221|LH_430|LH_27|LH_98|LH_137|LH_488|LH_115|LH_152|LH_172|LH_448|LH_3|LH_30|LH_385|LH_134|LH_296|LH_52|LH_419|LH_384|LH_93|LH_253|LH_418|LH_487|LH_171|LH_58|LH_131|LH_79|LH_127|LH_481|LH_403|LH_399|LH_213|LH_218|LH_232|LH_259|LH_371|LH_76|LH_470|LH_133|LH_166|LH_243|LH_393|LH_189|LH_182|LH_264|LH_180|LH_352|LH_406|LH_395|LH_370|LH_344|LH_214|LH_123|LH_377|LH_420|LH_39|LH_94|LH_230|LH_309|LH_117|LH_202|LH_355|LH_186|LH_163|LH_321|LH_442|LH_354|LH_161|LH_122|LH_493|LH_72|LH_100|LH_222,LH_298|LH_48|LH_5|LH_471|LH_132|LH_77|LH_367|LH_227|LH_323|LH_73|LH_109|LH_104|LH_363|LH_105|LH_445|LH_351|LH_208|LH_293|LH_258|LH_12|LH_381|LH_157|LH_126|LH_263|LH_175|LH_196|LH_257|LH_78|LH_292|LH_472|LH_276|LH_301|LH_280|LH_319|LH_429|LH_179|LH_491|LH_466|LH_326|LH_433|LH_140|LH_451|LH_141|LH_341|LH_75|LH_499|LH_38|LH_184|LH_150|LH_410|LH_143|LH_82|LH_159|LH_307|LH_271|LH_278|LH_462|LH_176|LH_125|LH_474|LH_169|LH_388|LH_473|LH_438|LH_335|LH_220|LH_288|LH_383|LH_387|LH_37|LH_353|LH_204|LH_233|LH_408|LH_409,LH_272|LH_228|LH_492|LH_165|LH_373|LH_421|LH_90|LH_295|LH_416|LH_226|LH_142|LH_391|LH_457|LH_300|LH_44|LH_188|LH_282|LH_69|LH_401|LH_59|LH_16|LH_310|LH_124|LH_62|LH_106|LH_101|LH_279|LH_56|LH_304|LH_15|LH_266|LH_181|LH_235|LH_203|LH_327|LH_400|LH_402|LH_116|LH_362|LH_13|LH_96|LH_394|LH_99|LH_461|LH_398|LH_34|LH_261|LH_283|LH_14|LH_313|LH_25|LH_210|LH_483|LH_489|LH_108|LH_392|LH_60|LH_22|LH_50|LH_205|LH_195|LH_33|LH_118|LH_291|LH_192|LH_190|LH_0|LH_270|LH_88|LH_484|LH_244|LH_428|LH_330|LH_42|LH_285,3ce48b66c11e30bec459c52ba7f4a900809dd2b45be0995b8b56aeaefc747951,True,True,True,True,True,True,complete,True,0.09769220533115523,0.0928770465652148,0.10954607039690017,0.12493490246850293,0.01560872985481434,-0.09960359759576187,-0.0714414620736514,defined,0.29471200038989387,0.3253087870279948,0.11994453853216079,0.015044120676232741,0.12542564138673937,75,0.0,0.0,0.29781705141067505,0.3721299469470978,0.07431289553642273,0.03059678663810094,0.12194607180201736,0.20728926360607147,not recorded,not recorded,115ceeab7bc254db186955fc3cc10f54a6f415a629aeb31b8c8266c8a14c89ae,True,1.3877787807814457e-17,knn_alternative,alternative_protocol,alternative_protocol,unique,"k=4, expected 8"
EvolveGCN-H,evolvegcn_h_500u_k4_seed42,experiments/evolvegcn_h_500u_k4_seed42,data/processed/temporal_500u_logmass_minmax_top100_periodic_knn_k4/camels_500u_temporal_logmass_minmax_top100_periodic_knn_k4.pt,data/processed/temporal_500u_logmass_minmax_top100_periodic_knn_k4/camels_500u_temporal_logmass_minmax_top100_periodic_knn_k4.metadata.json,temporal,500,LH_0..LH_499,5,five sorted snapshots; exact identities not persisted in sidecar,100,log10_Mvir|X|Y|Z|VX|VY|VZ,minmax,per_universe_per_snapshot_per_feature,False,True,4,25.0,64,2,evolvegcn_h,True,mean,mean,mlp,"Linear(D,H)-ReLU-Dropout-Linear(H,1)",False,False,4,300,40,0.001,1e-05,0.2,relu,1.0,MSE,42,0.7|0.15|0.15,LH_164|LH_383|LH_45|LH_156|LH_53|LH_72|LH_315|LH_209|LH_74|LH_333|LH_403|LH_415|LH_92|LH_215|LH_479|LH_59|LH_368|LH_163|LH_210|LH_251|LH_443|LH_320|LH_289|LH_389|LH_7|LH_462|LH_249|LH_228|LH_245|LH_211|LH_129|LH_162|LH_223|LH_41|LH_278|LH_21|LH_434|LH_68|LH_227|LH_151|LH_369|LH_217|LH_154|LH_177|LH_397|LH_139|LH_141|LH_326|LH_175|LH_170|LH_88|LH_96|LH_439|LH_303|LH_50|LH_199|LH_297|LH_131|LH_120|LH_358|LH_180|LH_370|LH_37|LH_160|LH_4|LH_93|LH_304|LH_188|LH_374|LH_453|LH_94|LH_468|LH_292|LH_340|LH_407|LH_408|LH_187|LH_334|LH_213|LH_127|LH_11|LH_6|LH_442|LH_246|LH_396|LH_425|LH_345|LH_89|LH_426|LH_26|LH_77|LH_184|LH_262|LH_207|LH_182|LH_95|LH_100|LH_419|LH_394|LH_155|LH_230|LH_362|LH_237|LH_353|LH_85|LH_323|LH_171|LH_393|LH_153|LH_313|LH_38|LH_392|LH_69|LH_106|LH_348|LH_489|LH_428|LH_158|LH_31|LH_244|LH_8|LH_267|LH_485|LH_233|LH_261|LH_401|LH_291|LH_198|LH_132|LH_324|LH_322|LH_2|LH_18|LH_488|LH_263|LH_76|LH_253|LH_314|LH_351|LH_471|LH_143|LH_449|LH_66|LH_179|LH_133|LH_144|LH_406|LH_280|LH_269|LH_466|LH_208|LH_145|LH_432|LH_277|LH_341|LH_465|LH_317|LH_17|LH_448|LH_20|LH_130|LH_238|LH_296|LH_286|LH_336|LH_300|LH_149|LH_203|LH_387|LH_398|LH_190|LH_201|LH_418|LH_14|LH_55|LH_75|LH_284|LH_39|LH_391|LH_460|LH_257|LH_178|LH_212|LH_472|LH_420|LH_67|LH_99|LH_476|LH_97|LH_196|LH_339|LH_288|LH_318|LH_457|LH_124|LH_242|LH_42|LH_60|LH_192|LH_422|LH_266|LH_254|LH_384|LH_497|LH_226|LH_495|LH_113|LH_19|LH_218|LH_118|LH_364|LH_385|LH_437|LH_293|LH_493|LH_378|LH_241|LH_446|LH_435|LH_27|LH_220|LH_469|LH_86|LH_361|LH_103|LH_481|LH_25|LH_307|LH_167|LH_450|LH_475|LH_410|LH_221|LH_416|LH_105|LH_371|LH_90|LH_452|LH_168|LH_240|LH_402|LH_48|LH_104|LH_206|LH_247|LH_200|LH_62|LH_477|LH_147|LH_146|LH_225|LH_421|LH_484|LH_491|LH_451|LH_109|LH_294|LH_440|LH_121|LH_265|LH_169|LH_381|LH_34|LH_268|LH_30|LH_400|LH_461|LH_354|LH_382|LH_10|LH_173|LH_342|LH_115|LH_363|LH_61|LH_231|LH_264|LH_224|LH_312|LH_356|LH_159|LH_102|LH_310|LH_372|LH_344|LH_337|LH_365|LH_84|LH_281|LH_243|LH_65|LH_64|LH_272|LH_423|LH_248|LH_43|LH_417|LH_375|LH_123|LH_29|LH_122|LH_157|LH_355|LH_330|LH_9|LH_250|LH_165|LH_306|LH_0|LH_271|LH_276|LH_82|LH_191|LH_347|LH_473|LH_399|LH_319|LH_152|LH_54|LH_259|LH_91|LH_256|LH_430|LH_1|LH_459|LH_80|LH_222|LH_431|LH_498|LH_455|LH_328|LH_404|LH_436|LH_58|LH_5|LH_283|LH_128|LH_270|LH_239|LH_405|LH_195|LH_197|LH_32|LH_305|LH_487|LH_458|LH_429|LH_78|LH_56|LH_24,LH_46|LH_252|LH_260|LH_70|LH_386|LH_427|LH_204|LH_298|LH_219|LH_299|LH_134|LH_275|LH_474|LH_126|LH_492|LH_441|LH_73|LH_234|LH_329|LH_202|LH_255|LH_335|LH_376|LH_380|LH_367|LH_290|LH_108|LH_33|LH_137|LH_205|LH_161|LH_482|LH_117|LH_28|LH_166|LH_350|LH_467|LH_285|LH_352|LH_499|LH_138|LH_463|LH_236|LH_409|LH_494|LH_438|LH_273|LH_87|LH_411|LH_311|LH_36|LH_331|LH_349|LH_470|LH_136|LH_343|LH_107|LH_181|LH_189|LH_83|LH_186|LH_325|LH_232|LH_454|LH_447|LH_51|LH_478|LH_444|LH_148|LH_395|LH_116|LH_338|LH_23|LH_35|LH_360,LH_98|LH_295|LH_185|LH_316|LH_321|LH_424|LH_150|LH_282|LH_40|LH_193|LH_63|LH_274|LH_235|LH_373|LH_22|LH_413|LH_135|LH_309|LH_176|LH_433|LH_183|LH_49|LH_194|LH_480|LH_490|LH_172|LH_390|LH_110|LH_79|LH_464|LH_174|LH_483|LH_357|LH_81|LH_412|LH_388|LH_3|LH_445|LH_414|LH_142|LH_301|LH_229|LH_112|LH_214|LH_486|LH_359|LH_332|LH_366|LH_101|LH_287|LH_13|LH_308|LH_258|LH_119|LH_111|LH_47|LH_15|LH_16|LH_216|LH_302|LH_44|LH_279|LH_456|LH_496|LH_346|LH_52|LH_377|LH_71|LH_114|LH_125|LH_140|LH_379|LH_12|LH_57|LH_327,0f963679cd284fca861fc2c59d88bdae8e8f1f21e2cbe1bb73bd593b49056748,True,True,True,True,True,True,complete,True,0.10087853171995707,0.09244646022717158,0.08597987035910289,0.10165627491698663,0.010333998229997966,-0.006198086278521808,0.11179680179214208,defined,0.2916933327913284,0.3054309129714966,0.10202514478236673,0.009577406433204465,0.09387300016710934,75,0.0,0.0,0.2763453722000122,0.3267952799797058,0.050449907779693604,0.013737580180168152,0.1014020485999251,0.2089398428797722,not recorded,not recorded,57d4b17747d4fdfa6b3078ab518c6969271512c91ec10447665e60ac9af85f9e,True,0.0,knn_alternative,alternative_protocol,alternative_protocol,unique,"k=4, expected 8"
EvolveGCN-H,evolvegcn_h_500u_k6_seed123,experiments/evolvegcn_h_500u_k6_seed123,data/processed/temporal_500u_logmass_minmax_top100_periodic_knn_k6/camels_500u_temporal_logmass_minmax_top100_periodic_knn_k6.pt,data/processed/temporal_500u_logmass_minmax_top100_periodic_knn_k6/camels_500u_temporal_logmass_minmax_top100_periodic_knn_k6.metadata.json,temporal,500,LH_0..LH_499,5,five sorted snapshots; exact identities not persisted in sidecar,100,log10_Mvir|X|Y|Z|VX|VY|VZ,minmax,per_universe_per_snapshot_per_feature,False,True,6,25.0,64,2,evolvegcn_h,True,mean,mean,mlp,"Linear(D,H)-ReLU-Dropout-Linear(H,1)",False,False,4,300,40,0.001,1e-05,0.2,relu,1.0,MSE,123,0.7|0.15|0.15,LH_380|LH_468|LH_145|LH_2|LH_282|LH_103|LH_148|LH_312|LH_130|LH_411|LH_168|LH_204|LH_113|LH_132|LH_418|LH_270|LH_351|LH_157|LH_451|LH_339|LH_288|LH_277|LH_354|LH_48|LH_318|LH_303|LH_314|LH_234|LH_95|LH_304|LH_271|LH_434|LH_173|LH_357|LH_495|LH_133|LH_431|LH_39|LH_490|LH_310|LH_317|LH_471|LH_23|LH_426|LH_224|LH_286|LH_20|LH_365|LH_255|LH_216|LH_405|LH_79|LH_228|LH_445|LH_189|LH_184|LH_243|LH_358|LH_276|LH_218|LH_488|LH_60|LH_438|LH_159|LH_167|LH_349|LH_89|LH_121|LH_333|LH_51|LH_9|LH_482|LH_152|LH_416|LH_379|LH_306|LH_111|LH_185|LH_340|LH_489|LH_475|LH_93|LH_84|LH_376|LH_291|LH_158|LH_250|LH_323|LH_406|LH_460|LH_50|LH_433|LH_372|LH_66|LH_108|LH_465|LH_71|LH_298|LH_369|LH_437|LH_211|LH_11|LH_110|LH_142|LH_28|LH_59|LH_163|LH_38|LH_24|LH_205|LH_440|LH_140|LH_177|LH_252|LH_235|LH_245|LH_242|LH_25|LH_21|LH_217|LH_160|LH_231|LH_77|LH_151|LH_54|LH_345|LH_280|LH_257|LH_456|LH_308|LH_331|LH_58|LH_360|LH_179|LH_464|LH_388|LH_129|LH_285|LH_347|LH_56|LH_387|LH_169|LH_36|LH_138|LH_319|LH_296|LH_246|LH_122|LH_33|LH_127|LH_109|LH_363|LH_183|LH_196|LH_422|LH_86|LH_400|LH_297|LH_346|LH_116|LH_63|LH_88|LH_477|LH_144|LH_112|LH_362|LH_399|LH_334|LH_62|LH_353|LH_146|LH_373|LH_27|LH_76|LH_260|LH_150|LH_210|LH_195|LH_290|LH_82|LH_154|LH_432|LH_320|LH_361|LH_75|LH_17|LH_94|LH_238|LH_143|LH_469|LH_67|LH_225|LH_391|LH_106|LH_15|LH_97|LH_46|LH_49|LH_192|LH_226|LH_114|LH_302|LH_356|LH_91|LH_80|LH_107|LH_329|LH_209|LH_384|LH_409|LH_13|LH_176|LH_299|LH_483|LH_295|LH_491|LH_332|LH_292|LH_153|LH_202|LH_268|LH_1|LH_417|LH_313|LH_375|LH_128|LH_352|LH_57|LH_408|LH_254|LH_382|LH_390|LH_377|LH_328|LH_213|LH_182|LH_65|LH_7|LH_315|LH_101|LH_187|LH_126|LH_123|LH_394|LH_201|LH_251|LH_494|LH_239|LH_383|LH_367|LH_237|LH_34|LH_307|LH_141|LH_403|LH_344|LH_162|LH_43|LH_118|LH_498|LH_99|LH_392|LH_102|LH_258|LH_100|LH_41|LH_281|LH_364|LH_492|LH_448|LH_164|LH_104|LH_124|LH_259|LH_355|LH_458|LH_484|LH_115|LH_309|LH_338|LH_53|LH_381|LH_442|LH_70|LH_284|LH_263|LH_419|LH_166|LH_441|LH_481|LH_335|LH_219|LH_155|LH_294|LH_230|LH_378|LH_476|LH_232|LH_480|LH_31|LH_343|LH_197|LH_301|LH_85|LH_61|LH_264|LH_446|LH_273|LH_455|LH_188|LH_199|LH_452|LH_74|LH_443|LH_423|LH_395|LH_265|LH_29|LH_40|LH_120|LH_190|LH_73|LH_348|LH_415|LH_474|LH_337|LH_12|LH_178|LH_212|LH_402|LH_478|LH_412|LH_241|LH_454|LH_165|LH_14|LH_206|LH_325|LH_279|LH_398|LH_366|LH_462|LH_4|LH_221|LH_421|LH_389|LH_181|LH_413|LH_32|LH_316,LH_493|LH_473|LH_215|LH_324|LH_425|LH_139|LH_424|LH_385|LH_131|LH_453|LH_98|LH_470|LH_68|LH_5|LH_459|LH_236|LH_466|LH_227|LH_487|LH_78|LH_90|LH_439|LH_278|LH_119|LH_368|LH_322|LH_253|LH_147|LH_435|LH_30|LH_397|LH_256|LH_272|LH_207|LH_117|LH_180|LH_430|LH_186|LH_321|LH_45|LH_300|LH_96|LH_8|LH_401|LH_450|LH_198|LH_233|LH_370|LH_37|LH_200|LH_283|LH_479|LH_171|LH_87|LH_134|LH_336|LH_249|LH_42|LH_371|LH_92|LH_427|LH_386|LH_16|LH_261|LH_191|LH_214|LH_342|LH_266|LH_248|LH_467|LH_457|LH_407|LH_326|LH_275|LH_350,LH_222|LH_262|LH_330|LH_444|LH_203|LH_6|LH_472|LH_414|LH_289|LH_269|LH_327|LH_311|LH_420|LH_105|LH_247|LH_410|LH_267|LH_175|LH_156|LH_496|LH_18|LH_428|LH_240|LH_135|LH_244|LH_293|LH_220|LH_149|LH_10|LH_404|LH_64|LH_72|LH_341|LH_47|LH_22|LH_52|LH_229|LH_374|LH_161|LH_3|LH_35|LH_193|LH_305|LH_449|LH_497|LH_396|LH_223|LH_463|LH_0|LH_83|LH_125|LH_359|LH_485|LH_486|LH_172|LH_69|LH_81|LH_499|LH_436|LH_174|LH_170|LH_287|LH_274|LH_194|LH_19|LH_447|LH_461|LH_429|LH_55|LH_136|LH_208|LH_393|LH_44|LH_137|LH_26,853549f16ef8eb3d7f18ae850c94b13c0c8bf0e770bb99cfbffff48b03530266,True,True,True,True,True,True,complete,True,0.09516174341951097,0.10344900061686833,0.09758303026358287,0.11615094361192303,0.013491041701940123,-0.042097690611103245,-0.11065228731816482,defined,0.29364533245563507,0.2887742495536804,0.11454688870034196,0.0135733197051701,0.11849575190713652,75,0.0,0.0,0.2567928731441498,0.3232061564922333,0.0664132833480835,-0.004871082901954651,0.1168302400342272,0.21832263469696045,not recorded,not recorded,474992652a85f7670f83cb367371154732264fc1a9f8133059eabd6bb1baa171,True,0.0,knn_alternative,alternative_protocol,alternative_protocol,unique,"k=6, expected 8"
EvolveGCN-H,evolvegcn_h_500u_k6_seed2025,experiments/evolvegcn_h_500u_k6_seed2025,data/processed/temporal_500u_logmass_minmax_top100_periodic_knn_k6/camels_500u_temporal_logmass_minmax_top100_periodic_knn_k6.pt,data/processed/temporal_500u_logmass_minmax_top100_periodic_knn_k6/camels_500u_temporal_logmass_minmax_top100_periodic_knn_k6.metadata.json,temporal,500,LH_0..LH_499,5,five sorted snapshots; exact identities not persisted in sidecar,100,log10_Mvir|X|Y|Z|VX|VY|VZ,minmax,per_universe_per_snapshot_per_feature,False,True,6,25.0,64,2,evolvegcn_h,True,mean,mean,mlp,"Linear(D,H)-ReLU-Dropout-Linear(H,1)",False,False,4,300,40,0.001,1e-05,0.2,relu,1.0,MSE,2025,0.7|0.15|0.15,LH_322|LH_49|LH_312|LH_130|LH_467|LH_459|LH_70|LH_456|LH_248|LH_365|LH_329|LH_63|LH_331|LH_324|LH_311|LH_87|LH_469|LH_119|LH_209|LH_452|LH_212|LH_167|LH_91|LH_460|LH_485|LH_255|LH_155|LH_458|LH_372|LH_479|LH_446|LH_97|LH_19|LH_149|LH_170|LH_287|LH_334|LH_495|LH_369|LH_318|LH_144|LH_440|LH_297|LH_219|LH_498|LH_350|LH_177|LH_368|LH_339|LH_8|LH_129|LH_275|LH_345|LH_206|LH_92|LH_36|LH_46|LH_128|LH_490|LH_103|LH_411|LH_237|LH_249|LH_434|LH_201|LH_114|LH_325|LH_284|LH_10|LH_239|LH_224|LH_277|LH_138|LH_281|LH_315|LH_361|LH_439|LH_274|LH_379|LH_57|LH_173|LH_455|LH_407|LH_113|LH_437|LH_360|LH_317|LH_250|LH_207|LH_26|LH_236|LH_89|LH_110|LH_102|LH_83|LH_299|LH_366|LH_6|LH_216|LH_191|LH_463|LH_454|LH_17|LH_85|LH_482|LH_112|LH_4|LH_223|LH_417|LH_444|LH_347|LH_20|LH_349|LH_306|LH_40|LH_380|LH_185|LH_151|LH_390|LH_174|LH_303|LH_494|LH_432|LH_241|LH_41|LH_21|LH_164|LH_478|LH_328|LH_80|LH_148|LH_246|LH_441|LH_340|LH_364|LH_422|LH_435|LH_154|LH_158|LH_24|LH_396|LH_447|LH_198|LH_54|LH_146|LH_217|LH_35|LH_18|LH_32|LH_389|LH_359|LH_68|LH_320|LH_337|LH_356|LH_358|LH_426|LH_405|LH_464|LH_240|LH_348|LH_74|LH_357|LH_443|LH_252|LH_302|LH_256|LH_53|LH_55|LH_160|LH_415|LH_465|LH_199|LH_273|LH_135|LH_107|LH_412|LH_61|LH_342|LH_247|LH_374|LH_289|LH_294|LH_71|LH_449|LH_404|LH_197|LH_375|LH_376|LH_47|LH_120|LH_121|LH_453|LH_211|LH_242|LH_67|LH_305|LH_156|LH_332|LH_265|LH_314|LH_496|LH_431|LH_153|LH_84|LH_268|LH_95|LH_187|LH_43|LH_9|LH_111|LH_168|LH_262|LH_338|LH_225|LH_1|LH_413|LH_2|LH_269|LH_231|LH_316|LH_267|LH_81|LH_193|LH_468|LH_397|LH_386|LH_423|LH_286|LH_31|LH_66|LH_65|LH_346|LH_28|LH_497|LH_245|LH_336|LH_178|LH_254|LH_486|LH_215|LH_476|LH_7|LH_343|LH_194|LH_425|LH_378|LH_427|LH_86|LH_29|LH_64|LH_23|LH_229|LH_333|LH_139|LH_251|LH_414|LH_51|LH_260|LH_147|LH_45|LH_475|LH_308|LH_290|LH_436|LH_200|LH_477|LH_424|LH_238|LH_11|LH_183|LH_382|LH_234|LH_480|LH_450|LH_162|LH_136|LH_145|LH_221|LH_430|LH_27|LH_98|LH_137|LH_488|LH_115|LH_152|LH_172|LH_448|LH_3|LH_30|LH_385|LH_134|LH_296|LH_52|LH_419|LH_384|LH_93|LH_253|LH_418|LH_487|LH_171|LH_58|LH_131|LH_79|LH_127|LH_481|LH_403|LH_399|LH_213|LH_218|LH_232|LH_259|LH_371|LH_76|LH_470|LH_133|LH_166|LH_243|LH_393|LH_189|LH_182|LH_264|LH_180|LH_352|LH_406|LH_395|LH_370|LH_344|LH_214|LH_123|LH_377|LH_420|LH_39|LH_94|LH_230|LH_309|LH_117|LH_202|LH_355|LH_186|LH_163|LH_321|LH_442|LH_354|LH_161|LH_122|LH_493|LH_72|LH_100|LH_222,LH_298|LH_48|LH_5|LH_471|LH_132|LH_77|LH_367|LH_227|LH_323|LH_73|LH_109|LH_104|LH_363|LH_105|LH_445|LH_351|LH_208|LH_293|LH_258|LH_12|LH_381|LH_157|LH_126|LH_263|LH_175|LH_196|LH_257|LH_78|LH_292|LH_472|LH_276|LH_301|LH_280|LH_319|LH_429|LH_179|LH_491|LH_466|LH_326|LH_433|LH_140|LH_451|LH_141|LH_341|LH_75|LH_499|LH_38|LH_184|LH_150|LH_410|LH_143|LH_82|LH_159|LH_307|LH_271|LH_278|LH_462|LH_176|LH_125|LH_474|LH_169|LH_388|LH_473|LH_438|LH_335|LH_220|LH_288|LH_383|LH_387|LH_37|LH_353|LH_204|LH_233|LH_408|LH_409,LH_272|LH_228|LH_492|LH_165|LH_373|LH_421|LH_90|LH_295|LH_416|LH_226|LH_142|LH_391|LH_457|LH_300|LH_44|LH_188|LH_282|LH_69|LH_401|LH_59|LH_16|LH_310|LH_124|LH_62|LH_106|LH_101|LH_279|LH_56|LH_304|LH_15|LH_266|LH_181|LH_235|LH_203|LH_327|LH_400|LH_402|LH_116|LH_362|LH_13|LH_96|LH_394|LH_99|LH_461|LH_398|LH_34|LH_261|LH_283|LH_14|LH_313|LH_25|LH_210|LH_483|LH_489|LH_108|LH_392|LH_60|LH_22|LH_50|LH_205|LH_195|LH_33|LH_118|LH_291|LH_192|LH_190|LH_0|LH_270|LH_88|LH_484|LH_244|LH_428|LH_330|LH_42|LH_285,3ce48b66c11e30bec459c52ba7f4a900809dd2b45be0995b8b56aeaefc747951,True,True,True,True,True,True,complete,True,0.09648901260324887,0.09378027031819025,0.10641919165849685,0.1221242868485702,0.014914341438271856,-0.05068533146769294,-0.02490365583006592,defined,0.29471200038989387,0.31844046115875246,0.11994453853216079,0.009953896268786613,0.08298749064024845,75,0.0,0.0,0.2999874949455261,0.3450829088687897,0.04509541392326355,0.02372846076885859,0.12060364047472204,0.20132733136415482,not recorded,not recorded,8ce82e728a74785f2cf56c0f689bd7eb4e596177c131b5060d3802d3aafb815e,True,1.3877787807814457e-17,knn_alternative,alternative_protocol,alternative_protocol,unique,"k=6, expected 8"
EvolveGCN-H,evolvegcn_h_500u_k6_seed42,experiments/evolvegcn_h_500u_k6_seed42,data/processed/temporal_500u_logmass_minmax_top100_periodic_knn_k6/camels_500u_temporal_logmass_minmax_top100_periodic_knn_k6.pt,data/processed/temporal_500u_logmass_minmax_top100_periodic_knn_k6/camels_500u_temporal_logmass_minmax_top100_periodic_knn_k6.metadata.json,temporal,500,LH_0..LH_499,5,five sorted snapshots; exact identities not persisted in sidecar,100,log10_Mvir|X|Y|Z|VX|VY|VZ,minmax,per_universe_per_snapshot_per_feature,False,True,6,25.0,64,2,evolvegcn_h,True,mean,mean,mlp,"Linear(D,H)-ReLU-Dropout-Linear(H,1)",False,False,4,300,40,0.001,1e-05,0.2,relu,1.0,MSE,42,0.7|0.15|0.15,LH_164|LH_383|LH_45|LH_156|LH_53|LH_72|LH_315|LH_209|LH_74|LH_333|LH_403|LH_415|LH_92|LH_215|LH_479|LH_59|LH_368|LH_163|LH_210|LH_251|LH_443|LH_320|LH_289|LH_389|LH_7|LH_462|LH_249|LH_228|LH_245|LH_211|LH_129|LH_162|LH_223|LH_41|LH_278|LH_21|LH_434|LH_68|LH_227|LH_151|LH_369|LH_217|LH_154|LH_177|LH_397|LH_139|LH_141|LH_326|LH_175|LH_170|LH_88|LH_96|LH_439|LH_303|LH_50|LH_199|LH_297|LH_131|LH_120|LH_358|LH_180|LH_370|LH_37|LH_160|LH_4|LH_93|LH_304|LH_188|LH_374|LH_453|LH_94|LH_468|LH_292|LH_340|LH_407|LH_408|LH_187|LH_334|LH_213|LH_127|LH_11|LH_6|LH_442|LH_246|LH_396|LH_425|LH_345|LH_89|LH_426|LH_26|LH_77|LH_184|LH_262|LH_207|LH_182|LH_95|LH_100|LH_419|LH_394|LH_155|LH_230|LH_362|LH_237|LH_353|LH_85|LH_323|LH_171|LH_393|LH_153|LH_313|LH_38|LH_392|LH_69|LH_106|LH_348|LH_489|LH_428|LH_158|LH_31|LH_244|LH_8|LH_267|LH_485|LH_233|LH_261|LH_401|LH_291|LH_198|LH_132|LH_324|LH_322|LH_2|LH_18|LH_488|LH_263|LH_76|LH_253|LH_314|LH_351|LH_471|LH_143|LH_449|LH_66|LH_179|LH_133|LH_144|LH_406|LH_280|LH_269|LH_466|LH_208|LH_145|LH_432|LH_277|LH_341|LH_465|LH_317|LH_17|LH_448|LH_20|LH_130|LH_238|LH_296|LH_286|LH_336|LH_300|LH_149|LH_203|LH_387|LH_398|LH_190|LH_201|LH_418|LH_14|LH_55|LH_75|LH_284|LH_39|LH_391|LH_460|LH_257|LH_178|LH_212|LH_472|LH_420|LH_67|LH_99|LH_476|LH_97|LH_196|LH_339|LH_288|LH_318|LH_457|LH_124|LH_242|LH_42|LH_60|LH_192|LH_422|LH_266|LH_254|LH_384|LH_497|LH_226|LH_495|LH_113|LH_19|LH_218|LH_118|LH_364|LH_385|LH_437|LH_293|LH_493|LH_378|LH_241|LH_446|LH_435|LH_27|LH_220|LH_469|LH_86|LH_361|LH_103|LH_481|LH_25|LH_307|LH_167|LH_450|LH_475|LH_410|LH_221|LH_416|LH_105|LH_371|LH_90|LH_452|LH_168|LH_240|LH_402|LH_48|LH_104|LH_206|LH_247|LH_200|LH_62|LH_477|LH_147|LH_146|LH_225|LH_421|LH_484|LH_491|LH_451|LH_109|LH_294|LH_440|LH_121|LH_265|LH_169|LH_381|LH_34|LH_268|LH_30|LH_400|LH_461|LH_354|LH_382|LH_10|LH_173|LH_342|LH_115|LH_363|LH_61|LH_231|LH_264|LH_224|LH_312|LH_356|LH_159|LH_102|LH_310|LH_372|LH_344|LH_337|LH_365|LH_84|LH_281|LH_243|LH_65|LH_64|LH_272|LH_423|LH_248|LH_43|LH_417|LH_375|LH_123|LH_29|LH_122|LH_157|LH_355|LH_330|LH_9|LH_250|LH_165|LH_306|LH_0|LH_271|LH_276|LH_82|LH_191|LH_347|LH_473|LH_399|LH_319|LH_152|LH_54|LH_259|LH_91|LH_256|LH_430|LH_1|LH_459|LH_80|LH_222|LH_431|LH_498|LH_455|LH_328|LH_404|LH_436|LH_58|LH_5|LH_283|LH_128|LH_270|LH_239|LH_405|LH_195|LH_197|LH_32|LH_305|LH_487|LH_458|LH_429|LH_78|LH_56|LH_24,LH_46|LH_252|LH_260|LH_70|LH_386|LH_427|LH_204|LH_298|LH_219|LH_299|LH_134|LH_275|LH_474|LH_126|LH_492|LH_441|LH_73|LH_234|LH_329|LH_202|LH_255|LH_335|LH_376|LH_380|LH_367|LH_290|LH_108|LH_33|LH_137|LH_205|LH_161|LH_482|LH_117|LH_28|LH_166|LH_350|LH_467|LH_285|LH_352|LH_499|LH_138|LH_463|LH_236|LH_409|LH_494|LH_438|LH_273|LH_87|LH_411|LH_311|LH_36|LH_331|LH_349|LH_470|LH_136|LH_343|LH_107|LH_181|LH_189|LH_83|LH_186|LH_325|LH_232|LH_454|LH_447|LH_51|LH_478|LH_444|LH_148|LH_395|LH_116|LH_338|LH_23|LH_35|LH_360,LH_98|LH_295|LH_185|LH_316|LH_321|LH_424|LH_150|LH_282|LH_40|LH_193|LH_63|LH_274|LH_235|LH_373|LH_22|LH_413|LH_135|LH_309|LH_176|LH_433|LH_183|LH_49|LH_194|LH_480|LH_490|LH_172|LH_390|LH_110|LH_79|LH_464|LH_174|LH_483|LH_357|LH_81|LH_412|LH_388|LH_3|LH_445|LH_414|LH_142|LH_301|LH_229|LH_112|LH_214|LH_486|LH_359|LH_332|LH_366|LH_101|LH_287|LH_13|LH_308|LH_258|LH_119|LH_111|LH_47|LH_15|LH_16|LH_216|LH_302|LH_44|LH_279|LH_456|LH_496|LH_346|LH_52|LH_377|LH_71|LH_114|LH_125|LH_140|LH_379|LH_12|LH_57|LH_327,0f963679cd284fca861fc2c59d88bdae8e8f1f21e2cbe1bb73bd593b49056748,True,True,True,True,True,True,complete,True,0.10059306770563126,0.09316106150547664,0.08668350040912629,0.10242123730777128,0.0104901098516548,-0.021398322572443895,0.06661945660691394,defined,0.2916933327913284,0.307982519865036,0.10202514478236673,0.006687461746633499,0.06554719192899701,75,0.0,0.0,0.29018718004226685,0.3237179219722748,0.033530741930007935,0.016289187073707582,0.10179855025450084,0.20783864706754684,not recorded,not recorded,626278654b635138d0fc1a8addc49385f8d66f958f0241598fc96d4f0de3df30,True,0.0,knn_alternative,alternative_protocol,alternative_protocol,unique,"k=6, expected 8"
EvolveGCN-H,evolvegcn_h_500u_k8_h64_seed123,experiments/evolvegcn_h_500u_k8_h64_seed123,data/processed/temporal_500u_minmax/camels_500u_temporal_logmass_minmax_top100_periodic_knn.pt,data/processed/temporal_500u_minmax/camels_500u_temporal_logmass_minmax_top100_periodic_knn.metadata.json,temporal,500,LH_0..LH_499,5,five sorted snapshots; exact identities not persisted in sidecar,100,log10_Mvir|X|Y|Z|VX|VY|VZ,minmax,per_universe_per_snapshot_per_feature,False,True,8,25.0,64,2,evolvegcn_h,True,mean,mean,mlp,"Linear(D,H)-ReLU-Dropout-Linear(H,1)",False,False,4,300,40,0.001,1e-05,0.2,relu,1.0,MSE,123,0.7|0.15|0.15,LH_380|LH_468|LH_145|LH_2|LH_282|LH_103|LH_148|LH_312|LH_130|LH_411|LH_168|LH_204|LH_113|LH_132|LH_418|LH_270|LH_351|LH_157|LH_451|LH_339|LH_288|LH_277|LH_354|LH_48|LH_318|LH_303|LH_314|LH_234|LH_95|LH_304|LH_271|LH_434|LH_173|LH_357|LH_495|LH_133|LH_431|LH_39|LH_490|LH_310|LH_317|LH_471|LH_23|LH_426|LH_224|LH_286|LH_20|LH_365|LH_255|LH_216|LH_405|LH_79|LH_228|LH_445|LH_189|LH_184|LH_243|LH_358|LH_276|LH_218|LH_488|LH_60|LH_438|LH_159|LH_167|LH_349|LH_89|LH_121|LH_333|LH_51|LH_9|LH_482|LH_152|LH_416|LH_379|LH_306|LH_111|LH_185|LH_340|LH_489|LH_475|LH_93|LH_84|LH_376|LH_291|LH_158|LH_250|LH_323|LH_406|LH_460|LH_50|LH_433|LH_372|LH_66|LH_108|LH_465|LH_71|LH_298|LH_369|LH_437|LH_211|LH_11|LH_110|LH_142|LH_28|LH_59|LH_163|LH_38|LH_24|LH_205|LH_440|LH_140|LH_177|LH_252|LH_235|LH_245|LH_242|LH_25|LH_21|LH_217|LH_160|LH_231|LH_77|LH_151|LH_54|LH_345|LH_280|LH_257|LH_456|LH_308|LH_331|LH_58|LH_360|LH_179|LH_464|LH_388|LH_129|LH_285|LH_347|LH_56|LH_387|LH_169|LH_36|LH_138|LH_319|LH_296|LH_246|LH_122|LH_33|LH_127|LH_109|LH_363|LH_183|LH_196|LH_422|LH_86|LH_400|LH_297|LH_346|LH_116|LH_63|LH_88|LH_477|LH_144|LH_112|LH_362|LH_399|LH_334|LH_62|LH_353|LH_146|LH_373|LH_27|LH_76|LH_260|LH_150|LH_210|LH_195|LH_290|LH_82|LH_154|LH_432|LH_320|LH_361|LH_75|LH_17|LH_94|LH_238|LH_143|LH_469|LH_67|LH_225|LH_391|LH_106|LH_15|LH_97|LH_46|LH_49|LH_192|LH_226|LH_114|LH_302|LH_356|LH_91|LH_80|LH_107|LH_329|LH_209|LH_384|LH_409|LH_13|LH_176|LH_299|LH_483|LH_295|LH_491|LH_332|LH_292|LH_153|LH_202|LH_268|LH_1|LH_417|LH_313|LH_375|LH_128|LH_352|LH_57|LH_408|LH_254|LH_382|LH_390|LH_377|LH_328|LH_213|LH_182|LH_65|LH_7|LH_315|LH_101|LH_187|LH_126|LH_123|LH_394|LH_201|LH_251|LH_494|LH_239|LH_383|LH_367|LH_237|LH_34|LH_307|LH_141|LH_403|LH_344|LH_162|LH_43|LH_118|LH_498|LH_99|LH_392|LH_102|LH_258|LH_100|LH_41|LH_281|LH_364|LH_492|LH_448|LH_164|LH_104|LH_124|LH_259|LH_355|LH_458|LH_484|LH_115|LH_309|LH_338|LH_53|LH_381|LH_442|LH_70|LH_284|LH_263|LH_419|LH_166|LH_441|LH_481|LH_335|LH_219|LH_155|LH_294|LH_230|LH_378|LH_476|LH_232|LH_480|LH_31|LH_343|LH_197|LH_301|LH_85|LH_61|LH_264|LH_446|LH_273|LH_455|LH_188|LH_199|LH_452|LH_74|LH_443|LH_423|LH_395|LH_265|LH_29|LH_40|LH_120|LH_190|LH_73|LH_348|LH_415|LH_474|LH_337|LH_12|LH_178|LH_212|LH_402|LH_478|LH_412|LH_241|LH_454|LH_165|LH_14|LH_206|LH_325|LH_279|LH_398|LH_366|LH_462|LH_4|LH_221|LH_421|LH_389|LH_181|LH_413|LH_32|LH_316,LH_493|LH_473|LH_215|LH_324|LH_425|LH_139|LH_424|LH_385|LH_131|LH_453|LH_98|LH_470|LH_68|LH_5|LH_459|LH_236|LH_466|LH_227|LH_487|LH_78|LH_90|LH_439|LH_278|LH_119|LH_368|LH_322|LH_253|LH_147|LH_435|LH_30|LH_397|LH_256|LH_272|LH_207|LH_117|LH_180|LH_430|LH_186|LH_321|LH_45|LH_300|LH_96|LH_8|LH_401|LH_450|LH_198|LH_233|LH_370|LH_37|LH_200|LH_283|LH_479|LH_171|LH_87|LH_134|LH_336|LH_249|LH_42|LH_371|LH_92|LH_427|LH_386|LH_16|LH_261|LH_191|LH_214|LH_342|LH_266|LH_248|LH_467|LH_457|LH_407|LH_326|LH_275|LH_350,LH_222|LH_262|LH_330|LH_444|LH_203|LH_6|LH_472|LH_414|LH_289|LH_269|LH_327|LH_311|LH_420|LH_105|LH_247|LH_410|LH_267|LH_175|LH_156|LH_496|LH_18|LH_428|LH_240|LH_135|LH_244|LH_293|LH_220|LH_149|LH_10|LH_404|LH_64|LH_72|LH_341|LH_47|LH_22|LH_52|LH_229|LH_374|LH_161|LH_3|LH_35|LH_193|LH_305|LH_449|LH_497|LH_396|LH_223|LH_463|LH_0|LH_83|LH_125|LH_359|LH_485|LH_486|LH_172|LH_69|LH_81|LH_499|LH_436|LH_174|LH_170|LH_287|LH_274|LH_194|LH_19|LH_447|LH_461|LH_429|LH_55|LH_136|LH_208|LH_393|LH_44|LH_137|LH_26,853549f16ef8eb3d7f18ae850c94b13c0c8bf0e770bb99cfbffff48b03530266,True,True,True,True,True,True,complete,True,0.09529834577015468,0.10336078613996506,0.09715090890725454,0.11527576105986659,0.013288501087931455,-0.026452708498044153,-0.061257574640552176,defined,0.29364533245563507,0.29338499426841735,0.11454688870034196,0.012889250374614313,0.11252379284026624,75,0.0,0.0,0.26025325059890747,0.32578086853027344,0.06552761793136597,-0.0002603381872177124,0.1160517416288714,0.21259981393814087,not recorded,not recorded,9846f5a4031578ea96f6e786f9b9921eb7bace4e90476456c7a9be4171881fb9,True,1.3877787807814457e-17,architecture_alternative,architecture_incompatible,alternative_protocol,unique,hidden dimension or layer count differs
EvolveGCN-H,evolvegcn_h_500u_k8_h64_seed2025,experiments/evolvegcn_h_500u_k8_h64_seed2025,data/processed/temporal_500u_minmax/camels_500u_temporal_logmass_minmax_top100_periodic_knn.pt,data/processed/temporal_500u_minmax/camels_500u_temporal_logmass_minmax_top100_periodic_knn.metadata.json,temporal,500,LH_0..LH_499,5,five sorted snapshots; exact identities not persisted in sidecar,100,log10_Mvir|X|Y|Z|VX|VY|VZ,minmax,per_universe_per_snapshot_per_feature,False,True,8,25.0,64,2,evolvegcn_h,True,mean,mean,mlp,"Linear(D,H)-ReLU-Dropout-Linear(H,1)",False,False,4,300,40,0.001,1e-05,0.2,relu,1.0,MSE,2025,0.7|0.15|0.15,LH_322|LH_49|LH_312|LH_130|LH_467|LH_459|LH_70|LH_456|LH_248|LH_365|LH_329|LH_63|LH_331|LH_324|LH_311|LH_87|LH_469|LH_119|LH_209|LH_452|LH_212|LH_167|LH_91|LH_460|LH_485|LH_255|LH_155|LH_458|LH_372|LH_479|LH_446|LH_97|LH_19|LH_149|LH_170|LH_287|LH_334|LH_495|LH_369|LH_318|LH_144|LH_440|LH_297|LH_219|LH_498|LH_350|LH_177|LH_368|LH_339|LH_8|LH_129|LH_275|LH_345|LH_206|LH_92|LH_36|LH_46|LH_128|LH_490|LH_103|LH_411|LH_237|LH_249|LH_434|LH_201|LH_114|LH_325|LH_284|LH_10|LH_239|LH_224|LH_277|LH_138|LH_281|LH_315|LH_361|LH_439|LH_274|LH_379|LH_57|LH_173|LH_455|LH_407|LH_113|LH_437|LH_360|LH_317|LH_250|LH_207|LH_26|LH_236|LH_89|LH_110|LH_102|LH_83|LH_299|LH_366|LH_6|LH_216|LH_191|LH_463|LH_454|LH_17|LH_85|LH_482|LH_112|LH_4|LH_223|LH_417|LH_444|LH_347|LH_20|LH_349|LH_306|LH_40|LH_380|LH_185|LH_151|LH_390|LH_174|LH_303|LH_494|LH_432|LH_241|LH_41|LH_21|LH_164|LH_478|LH_328|LH_80|LH_148|LH_246|LH_441|LH_340|LH_364|LH_422|LH_435|LH_154|LH_158|LH_24|LH_396|LH_447|LH_198|LH_54|LH_146|LH_217|LH_35|LH_18|LH_32|LH_389|LH_359|LH_68|LH_320|LH_337|LH_356|LH_358|LH_426|LH_405|LH_464|LH_240|LH_348|LH_74|LH_357|LH_443|LH_252|LH_302|LH_256|LH_53|LH_55|LH_160|LH_415|LH_465|LH_199|LH_273|LH_135|LH_107|LH_412|LH_61|LH_342|LH_247|LH_374|LH_289|LH_294|LH_71|LH_449|LH_404|LH_197|LH_375|LH_376|LH_47|LH_120|LH_121|LH_453|LH_211|LH_242|LH_67|LH_305|LH_156|LH_332|LH_265|LH_314|LH_496|LH_431|LH_153|LH_84|LH_268|LH_95|LH_187|LH_43|LH_9|LH_111|LH_168|LH_262|LH_338|LH_225|LH_1|LH_413|LH_2|LH_269|LH_231|LH_316|LH_267|LH_81|LH_193|LH_468|LH_397|LH_386|LH_423|LH_286|LH_31|LH_66|LH_65|LH_346|LH_28|LH_497|LH_245|LH_336|LH_178|LH_254|LH_486|LH_215|LH_476|LH_7|LH_343|LH_194|LH_425|LH_378|LH_427|LH_86|LH_29|LH_64|LH_23|LH_229|LH_333|LH_139|LH_251|LH_414|LH_51|LH_260|LH_147|LH_45|LH_475|LH_308|LH_290|LH_436|LH_200|LH_477|LH_424|LH_238|LH_11|LH_183|LH_382|LH_234|LH_480|LH_450|LH_162|LH_136|LH_145|LH_221|LH_430|LH_27|LH_98|LH_137|LH_488|LH_115|LH_152|LH_172|LH_448|LH_3|LH_30|LH_385|LH_134|LH_296|LH_52|LH_419|LH_384|LH_93|LH_253|LH_418|LH_487|LH_171|LH_58|LH_131|LH_79|LH_127|LH_481|LH_403|LH_399|LH_213|LH_218|LH_232|LH_259|LH_371|LH_76|LH_470|LH_133|LH_166|LH_243|LH_393|LH_189|LH_182|LH_264|LH_180|LH_352|LH_406|LH_395|LH_370|LH_344|LH_214|LH_123|LH_377|LH_420|LH_39|LH_94|LH_230|LH_309|LH_117|LH_202|LH_355|LH_186|LH_163|LH_321|LH_442|LH_354|LH_161|LH_122|LH_493|LH_72|LH_100|LH_222,LH_298|LH_48|LH_5|LH_471|LH_132|LH_77|LH_367|LH_227|LH_323|LH_73|LH_109|LH_104|LH_363|LH_105|LH_445|LH_351|LH_208|LH_293|LH_258|LH_12|LH_381|LH_157|LH_126|LH_263|LH_175|LH_196|LH_257|LH_78|LH_292|LH_472|LH_276|LH_301|LH_280|LH_319|LH_429|LH_179|LH_491|LH_466|LH_326|LH_433|LH_140|LH_451|LH_141|LH_341|LH_75|LH_499|LH_38|LH_184|LH_150|LH_410|LH_143|LH_82|LH_159|LH_307|LH_271|LH_278|LH_462|LH_176|LH_125|LH_474|LH_169|LH_388|LH_473|LH_438|LH_335|LH_220|LH_288|LH_383|LH_387|LH_37|LH_353|LH_204|LH_233|LH_408|LH_409,LH_272|LH_228|LH_492|LH_165|LH_373|LH_421|LH_90|LH_295|LH_416|LH_226|LH_142|LH_391|LH_457|LH_300|LH_44|LH_188|LH_282|LH_69|LH_401|LH_59|LH_16|LH_310|LH_124|LH_62|LH_106|LH_101|LH_279|LH_56|LH_304|LH_15|LH_266|LH_181|LH_235|LH_203|LH_327|LH_400|LH_402|LH_116|LH_362|LH_13|LH_96|LH_394|LH_99|LH_461|LH_398|LH_34|LH_261|LH_283|LH_14|LH_313|LH_25|LH_210|LH_483|LH_489|LH_108|LH_392|LH_60|LH_22|LH_50|LH_205|LH_195|LH_33|LH_118|LH_291|LH_192|LH_190|LH_0|LH_270|LH_88|LH_484|LH_244|LH_428|LH_330|LH_42|LH_285,3ce48b66c11e30bec459c52ba7f4a900809dd2b45be0995b8b56aeaefc747951,True,True,True,True,True,True,complete,True,0.09675984810505595,0.09346448689699173,0.10620805531740189,0.12195795212845643,0.014873742087366871,-0.047825188923717565,0.00399478142179792,defined,0.29471200038989387,0.3185505374272664,0.11994453853216079,0.011077294210662133,0.09235346891340095,75,0.0,0.0,0.2950834631919861,0.3498225212097168,0.05473905801773071,0.023838537037372588,0.12041089382039473,0.19680333882570267,not recorded,not recorded,b96961c71cb1411cc7046fd5c81807189cc9329c3b4d8fd76e7a417335737b48,True,1.3877787807814457e-17,architecture_alternative,architecture_incompatible,alternative_protocol,unique,hidden dimension or layer count differs
EvolveGCN-H,evolvegcn_h_500u_k8_h64_seed42,experiments/evolvegcn_h_500u_k8_h64_seed42,data/processed/temporal_500u_minmax/camels_500u_temporal_logmass_minmax_top100_periodic_knn.pt,data/processed/temporal_500u_minmax/camels_500u_temporal_logmass_minmax_top100_periodic_knn.metadata.json,temporal,500,LH_0..LH_499,5,five sorted snapshots; exact identities not persisted in sidecar,100,log10_Mvir|X|Y|Z|VX|VY|VZ,minmax,per_universe_per_snapshot_per_feature,False,True,8,25.0,64,2,evolvegcn_h,True,mean,mean,mlp,"Linear(D,H)-ReLU-Dropout-Linear(H,1)",False,False,4,300,40,0.001,1e-05,0.2,relu,1.0,MSE,42,0.7|0.15|0.15,LH_164|LH_383|LH_45|LH_156|LH_53|LH_72|LH_315|LH_209|LH_74|LH_333|LH_403|LH_415|LH_92|LH_215|LH_479|LH_59|LH_368|LH_163|LH_210|LH_251|LH_443|LH_320|LH_289|LH_389|LH_7|LH_462|LH_249|LH_228|LH_245|LH_211|LH_129|LH_162|LH_223|LH_41|LH_278|LH_21|LH_434|LH_68|LH_227|LH_151|LH_369|LH_217|LH_154|LH_177|LH_397|LH_139|LH_141|LH_326|LH_175|LH_170|LH_88|LH_96|LH_439|LH_303|LH_50|LH_199|LH_297|LH_131|LH_120|LH_358|LH_180|LH_370|LH_37|LH_160|LH_4|LH_93|LH_304|LH_188|LH_374|LH_453|LH_94|LH_468|LH_292|LH_340|LH_407|LH_408|LH_187|LH_334|LH_213|LH_127|LH_11|LH_6|LH_442|LH_246|LH_396|LH_425|LH_345|LH_89|LH_426|LH_26|LH_77|LH_184|LH_262|LH_207|LH_182|LH_95|LH_100|LH_419|LH_394|LH_155|LH_230|LH_362|LH_237|LH_353|LH_85|LH_323|LH_171|LH_393|LH_153|LH_313|LH_38|LH_392|LH_69|LH_106|LH_348|LH_489|LH_428|LH_158|LH_31|LH_244|LH_8|LH_267|LH_485|LH_233|LH_261|LH_401|LH_291|LH_198|LH_132|LH_324|LH_322|LH_2|LH_18|LH_488|LH_263|LH_76|LH_253|LH_314|LH_351|LH_471|LH_143|LH_449|LH_66|LH_179|LH_133|LH_144|LH_406|LH_280|LH_269|LH_466|LH_208|LH_145|LH_432|LH_277|LH_341|LH_465|LH_317|LH_17|LH_448|LH_20|LH_130|LH_238|LH_296|LH_286|LH_336|LH_300|LH_149|LH_203|LH_387|LH_398|LH_190|LH_201|LH_418|LH_14|LH_55|LH_75|LH_284|LH_39|LH_391|LH_460|LH_257|LH_178|LH_212|LH_472|LH_420|LH_67|LH_99|LH_476|LH_97|LH_196|LH_339|LH_288|LH_318|LH_457|LH_124|LH_242|LH_42|LH_60|LH_192|LH_422|LH_266|LH_254|LH_384|LH_497|LH_226|LH_495|LH_113|LH_19|LH_218|LH_118|LH_364|LH_385|LH_437|LH_293|LH_493|LH_378|LH_241|LH_446|LH_435|LH_27|LH_220|LH_469|LH_86|LH_361|LH_103|LH_481|LH_25|LH_307|LH_167|LH_450|LH_475|LH_410|LH_221|LH_416|LH_105|LH_371|LH_90|LH_452|LH_168|LH_240|LH_402|LH_48|LH_104|LH_206|LH_247|LH_200|LH_62|LH_477|LH_147|LH_146|LH_225|LH_421|LH_484|LH_491|LH_451|LH_109|LH_294|LH_440|LH_121|LH_265|LH_169|LH_381|LH_34|LH_268|LH_30|LH_400|LH_461|LH_354|LH_382|LH_10|LH_173|LH_342|LH_115|LH_363|LH_61|LH_231|LH_264|LH_224|LH_312|LH_356|LH_159|LH_102|LH_310|LH_372|LH_344|LH_337|LH_365|LH_84|LH_281|LH_243|LH_65|LH_64|LH_272|LH_423|LH_248|LH_43|LH_417|LH_375|LH_123|LH_29|LH_122|LH_157|LH_355|LH_330|LH_9|LH_250|LH_165|LH_306|LH_0|LH_271|LH_276|LH_82|LH_191|LH_347|LH_473|LH_399|LH_319|LH_152|LH_54|LH_259|LH_91|LH_256|LH_430|LH_1|LH_459|LH_80|LH_222|LH_431|LH_498|LH_455|LH_328|LH_404|LH_436|LH_58|LH_5|LH_283|LH_128|LH_270|LH_239|LH_405|LH_195|LH_197|LH_32|LH_305|LH_487|LH_458|LH_429|LH_78|LH_56|LH_24,LH_46|LH_252|LH_260|LH_70|LH_386|LH_427|LH_204|LH_298|LH_219|LH_299|LH_134|LH_275|LH_474|LH_126|LH_492|LH_441|LH_73|LH_234|LH_329|LH_202|LH_255|LH_335|LH_376|LH_380|LH_367|LH_290|LH_108|LH_33|LH_137|LH_205|LH_161|LH_482|LH_117|LH_28|LH_166|LH_350|LH_467|LH_285|LH_352|LH_499|LH_138|LH_463|LH_236|LH_409|LH_494|LH_438|LH_273|LH_87|LH_411|LH_311|LH_36|LH_331|LH_349|LH_470|LH_136|LH_343|LH_107|LH_181|LH_189|LH_83|LH_186|LH_325|LH_232|LH_454|LH_447|LH_51|LH_478|LH_444|LH_148|LH_395|LH_116|LH_338|LH_23|LH_35|LH_360,LH_98|LH_295|LH_185|LH_316|LH_321|LH_424|LH_150|LH_282|LH_40|LH_193|LH_63|LH_274|LH_235|LH_373|LH_22|LH_413|LH_135|LH_309|LH_176|LH_433|LH_183|LH_49|LH_194|LH_480|LH_490|LH_172|LH_390|LH_110|LH_79|LH_464|LH_174|LH_483|LH_357|LH_81|LH_412|LH_388|LH_3|LH_445|LH_414|LH_142|LH_301|LH_229|LH_112|LH_214|LH_486|LH_359|LH_332|LH_366|LH_101|LH_287|LH_13|LH_308|LH_258|LH_119|LH_111|LH_47|LH_15|LH_16|LH_216|LH_302|LH_44|LH_279|LH_456|LH_496|LH_346|LH_52|LH_377|LH_71|LH_114|LH_125|LH_140|LH_379|LH_12|LH_57|LH_327,0f963679cd284fca861fc2c59d88bdae8e8f1f21e2cbe1bb73bd593b49056748,True,True,True,True,True,True,complete,True,0.10036538417850221,0.09302517126003901,0.08632708887259165,0.1019857631142654,0.010401095877999056,-0.012731232840953455,0.06361090295740716,defined,0.2916933327913284,0.3048061148325602,0.10202514478236673,0.0070993191243620985,0.0695840142104762,75,0.0,0.0,0.28587326407432556,0.32121741771698,0.03534415364265442,0.01311278204123179,0.10182034469125253,0.20512067526578903,not recorded,not recorded,ee7e2d546111211c8e664916f581752c31aabfb7b0c63d2f16f95a515887e93b,True,0.0,architecture_alternative,architecture_incompatible,alternative_protocol,unique,hidden dimension or layer count differs
EvolveGCN-H,evolvegcn_h_500u_seed123_final32,experiments/evolvegcn_h_500u_seed123_final32,data/processed/temporal_500u_minmax/camels_500u_temporal_logmass_minmax_top100_periodic_knn.pt,data/processed/temporal_500u_minmax/camels_500u_temporal_logmass_minmax_top100_periodic_knn.metadata.json,temporal,500,LH_0..LH_499,5,five sorted snapshots; exact identities not persisted in sidecar,100,log10_Mvir|X|Y|Z|VX|VY|VZ,minmax,per_universe_per_snapshot_per_feature,False,True,8,25.0,32,2,evolvegcn_h,True,mean,mean,mlp,"Linear(D,H)-ReLU-Dropout-Linear(H,1)",False,False,4,300,40,0.001,1e-05,0.2,relu,1.0,MSE,123,0.7|0.15|0.15,LH_380|LH_468|LH_145|LH_2|LH_282|LH_103|LH_148|LH_312|LH_130|LH_411|LH_168|LH_204|LH_113|LH_132|LH_418|LH_270|LH_351|LH_157|LH_451|LH_339|LH_288|LH_277|LH_354|LH_48|LH_318|LH_303|LH_314|LH_234|LH_95|LH_304|LH_271|LH_434|LH_173|LH_357|LH_495|LH_133|LH_431|LH_39|LH_490|LH_310|LH_317|LH_471|LH_23|LH_426|LH_224|LH_286|LH_20|LH_365|LH_255|LH_216|LH_405|LH_79|LH_228|LH_445|LH_189|LH_184|LH_243|LH_358|LH_276|LH_218|LH_488|LH_60|LH_438|LH_159|LH_167|LH_349|LH_89|LH_121|LH_333|LH_51|LH_9|LH_482|LH_152|LH_416|LH_379|LH_306|LH_111|LH_185|LH_340|LH_489|LH_475|LH_93|LH_84|LH_376|LH_291|LH_158|LH_250|LH_323|LH_406|LH_460|LH_50|LH_433|LH_372|LH_66|LH_108|LH_465|LH_71|LH_298|LH_369|LH_437|LH_211|LH_11|LH_110|LH_142|LH_28|LH_59|LH_163|LH_38|LH_24|LH_205|LH_440|LH_140|LH_177|LH_252|LH_235|LH_245|LH_242|LH_25|LH_21|LH_217|LH_160|LH_231|LH_77|LH_151|LH_54|LH_345|LH_280|LH_257|LH_456|LH_308|LH_331|LH_58|LH_360|LH_179|LH_464|LH_388|LH_129|LH_285|LH_347|LH_56|LH_387|LH_169|LH_36|LH_138|LH_319|LH_296|LH_246|LH_122|LH_33|LH_127|LH_109|LH_363|LH_183|LH_196|LH_422|LH_86|LH_400|LH_297|LH_346|LH_116|LH_63|LH_88|LH_477|LH_144|LH_112|LH_362|LH_399|LH_334|LH_62|LH_353|LH_146|LH_373|LH_27|LH_76|LH_260|LH_150|LH_210|LH_195|LH_290|LH_82|LH_154|LH_432|LH_320|LH_361|LH_75|LH_17|LH_94|LH_238|LH_143|LH_469|LH_67|LH_225|LH_391|LH_106|LH_15|LH_97|LH_46|LH_49|LH_192|LH_226|LH_114|LH_302|LH_356|LH_91|LH_80|LH_107|LH_329|LH_209|LH_384|LH_409|LH_13|LH_176|LH_299|LH_483|LH_295|LH_491|LH_332|LH_292|LH_153|LH_202|LH_268|LH_1|LH_417|LH_313|LH_375|LH_128|LH_352|LH_57|LH_408|LH_254|LH_382|LH_390|LH_377|LH_328|LH_213|LH_182|LH_65|LH_7|LH_315|LH_101|LH_187|LH_126|LH_123|LH_394|LH_201|LH_251|LH_494|LH_239|LH_383|LH_367|LH_237|LH_34|LH_307|LH_141|LH_403|LH_344|LH_162|LH_43|LH_118|LH_498|LH_99|LH_392|LH_102|LH_258|LH_100|LH_41|LH_281|LH_364|LH_492|LH_448|LH_164|LH_104|LH_124|LH_259|LH_355|LH_458|LH_484|LH_115|LH_309|LH_338|LH_53|LH_381|LH_442|LH_70|LH_284|LH_263|LH_419|LH_166|LH_441|LH_481|LH_335|LH_219|LH_155|LH_294|LH_230|LH_378|LH_476|LH_232|LH_480|LH_31|LH_343|LH_197|LH_301|LH_85|LH_61|LH_264|LH_446|LH_273|LH_455|LH_188|LH_199|LH_452|LH_74|LH_443|LH_423|LH_395|LH_265|LH_29|LH_40|LH_120|LH_190|LH_73|LH_348|LH_415|LH_474|LH_337|LH_12|LH_178|LH_212|LH_402|LH_478|LH_412|LH_241|LH_454|LH_165|LH_14|LH_206|LH_325|LH_279|LH_398|LH_366|LH_462|LH_4|LH_221|LH_421|LH_389|LH_181|LH_413|LH_32|LH_316,LH_493|LH_473|LH_215|LH_324|LH_425|LH_139|LH_424|LH_385|LH_131|LH_453|LH_98|LH_470|LH_68|LH_5|LH_459|LH_236|LH_466|LH_227|LH_487|LH_78|LH_90|LH_439|LH_278|LH_119|LH_368|LH_322|LH_253|LH_147|LH_435|LH_30|LH_397|LH_256|LH_272|LH_207|LH_117|LH_180|LH_430|LH_186|LH_321|LH_45|LH_300|LH_96|LH_8|LH_401|LH_450|LH_198|LH_233|LH_370|LH_37|LH_200|LH_283|LH_479|LH_171|LH_87|LH_134|LH_336|LH_249|LH_42|LH_371|LH_92|LH_427|LH_386|LH_16|LH_261|LH_191|LH_214|LH_342|LH_266|LH_248|LH_467|LH_457|LH_407|LH_326|LH_275|LH_350,LH_222|LH_262|LH_330|LH_444|LH_203|LH_6|LH_472|LH_414|LH_289|LH_269|LH_327|LH_311|LH_420|LH_105|LH_247|LH_410|LH_267|LH_175|LH_156|LH_496|LH_18|LH_428|LH_240|LH_135|LH_244|LH_293|LH_220|LH_149|LH_10|LH_404|LH_64|LH_72|LH_341|LH_47|LH_22|LH_52|LH_229|LH_374|LH_161|LH_3|LH_35|LH_193|LH_305|LH_449|LH_497|LH_396|LH_223|LH_463|LH_0|LH_83|LH_125|LH_359|LH_485|LH_486|LH_172|LH_69|LH_81|LH_499|LH_436|LH_174|LH_170|LH_287|LH_274|LH_194|LH_19|LH_447|LH_461|LH_429|LH_55|LH_136|LH_208|LH_393|LH_44|LH_137|LH_26,853549f16ef8eb3d7f18ae850c94b13c0c8bf0e770bb99cfbffff48b03530266,True,True,True,True,True,True,complete,True,0.09131324482815606,0.10218068649371465,0.09924482007821402,0.11675728841112959,0.013632264397119696,-0.05300625110331092,-0.11775060121440831,defined,0.29364533245563507,0.2960963030656179,0.11454688870034196,0.01603035539138861,0.13994579489037445,75,0.0,0.0,0.26150184869766235,0.3250575661659241,0.06355571746826172,0.0024509706099828084,0.11751764016602465,0.22625312209129333,not recorded,not recorded,a11caa3b4f669ae8c1b28405cac234713a7d654732ec8a22cf406115a4650ee6,True,0.0,canonical_evolvegcn_top100_top200_top500_500u,canonical_topn_compatible,reusable_existing,unique,
EvolveGCN-H,evolvegcn_h_500u_seed2025_final32,experiments/evolvegcn_h_500u_seed2025_final32,data/processed/temporal_500u_minmax/camels_500u_temporal_logmass_minmax_top100_periodic_knn.pt,data/processed/temporal_500u_minmax/camels_500u_temporal_logmass_minmax_top100_periodic_knn.metadata.json,temporal,500,LH_0..LH_499,5,five sorted snapshots; exact identities not persisted in sidecar,100,log10_Mvir|X|Y|Z|VX|VY|VZ,minmax,per_universe_per_snapshot_per_feature,False,True,8,25.0,32,2,evolvegcn_h,True,mean,mean,mlp,"Linear(D,H)-ReLU-Dropout-Linear(H,1)",False,False,4,300,40,0.001,1e-05,0.2,relu,1.0,MSE,2025,0.7|0.15|0.15,LH_322|LH_49|LH_312|LH_130|LH_467|LH_459|LH_70|LH_456|LH_248|LH_365|LH_329|LH_63|LH_331|LH_324|LH_311|LH_87|LH_469|LH_119|LH_209|LH_452|LH_212|LH_167|LH_91|LH_460|LH_485|LH_255|LH_155|LH_458|LH_372|LH_479|LH_446|LH_97|LH_19|LH_149|LH_170|LH_287|LH_334|LH_495|LH_369|LH_318|LH_144|LH_440|LH_297|LH_219|LH_498|LH_350|LH_177|LH_368|LH_339|LH_8|LH_129|LH_275|LH_345|LH_206|LH_92|LH_36|LH_46|LH_128|LH_490|LH_103|LH_411|LH_237|LH_249|LH_434|LH_201|LH_114|LH_325|LH_284|LH_10|LH_239|LH_224|LH_277|LH_138|LH_281|LH_315|LH_361|LH_439|LH_274|LH_379|LH_57|LH_173|LH_455|LH_407|LH_113|LH_437|LH_360|LH_317|LH_250|LH_207|LH_26|LH_236|LH_89|LH_110|LH_102|LH_83|LH_299|LH_366|LH_6|LH_216|LH_191|LH_463|LH_454|LH_17|LH_85|LH_482|LH_112|LH_4|LH_223|LH_417|LH_444|LH_347|LH_20|LH_349|LH_306|LH_40|LH_380|LH_185|LH_151|LH_390|LH_174|LH_303|LH_494|LH_432|LH_241|LH_41|LH_21|LH_164|LH_478|LH_328|LH_80|LH_148|LH_246|LH_441|LH_340|LH_364|LH_422|LH_435|LH_154|LH_158|LH_24|LH_396|LH_447|LH_198|LH_54|LH_146|LH_217|LH_35|LH_18|LH_32|LH_389|LH_359|LH_68|LH_320|LH_337|LH_356|LH_358|LH_426|LH_405|LH_464|LH_240|LH_348|LH_74|LH_357|LH_443|LH_252|LH_302|LH_256|LH_53|LH_55|LH_160|LH_415|LH_465|LH_199|LH_273|LH_135|LH_107|LH_412|LH_61|LH_342|LH_247|LH_374|LH_289|LH_294|LH_71|LH_449|LH_404|LH_197|LH_375|LH_376|LH_47|LH_120|LH_121|LH_453|LH_211|LH_242|LH_67|LH_305|LH_156|LH_332|LH_265|LH_314|LH_496|LH_431|LH_153|LH_84|LH_268|LH_95|LH_187|LH_43|LH_9|LH_111|LH_168|LH_262|LH_338|LH_225|LH_1|LH_413|LH_2|LH_269|LH_231|LH_316|LH_267|LH_81|LH_193|LH_468|LH_397|LH_386|LH_423|LH_286|LH_31|LH_66|LH_65|LH_346|LH_28|LH_497|LH_245|LH_336|LH_178|LH_254|LH_486|LH_215|LH_476|LH_7|LH_343|LH_194|LH_425|LH_378|LH_427|LH_86|LH_29|LH_64|LH_23|LH_229|LH_333|LH_139|LH_251|LH_414|LH_51|LH_260|LH_147|LH_45|LH_475|LH_308|LH_290|LH_436|LH_200|LH_477|LH_424|LH_238|LH_11|LH_183|LH_382|LH_234|LH_480|LH_450|LH_162|LH_136|LH_145|LH_221|LH_430|LH_27|LH_98|LH_137|LH_488|LH_115|LH_152|LH_172|LH_448|LH_3|LH_30|LH_385|LH_134|LH_296|LH_52|LH_419|LH_384|LH_93|LH_253|LH_418|LH_487|LH_171|LH_58|LH_131|LH_79|LH_127|LH_481|LH_403|LH_399|LH_213|LH_218|LH_232|LH_259|LH_371|LH_76|LH_470|LH_133|LH_166|LH_243|LH_393|LH_189|LH_182|LH_264|LH_180|LH_352|LH_406|LH_395|LH_370|LH_344|LH_214|LH_123|LH_377|LH_420|LH_39|LH_94|LH_230|LH_309|LH_117|LH_202|LH_355|LH_186|LH_163|LH_321|LH_442|LH_354|LH_161|LH_122|LH_493|LH_72|LH_100|LH_222,LH_298|LH_48|LH_5|LH_471|LH_132|LH_77|LH_367|LH_227|LH_323|LH_73|LH_109|LH_104|LH_363|LH_105|LH_445|LH_351|LH_208|LH_293|LH_258|LH_12|LH_381|LH_157|LH_126|LH_263|LH_175|LH_196|LH_257|LH_78|LH_292|LH_472|LH_276|LH_301|LH_280|LH_319|LH_429|LH_179|LH_491|LH_466|LH_326|LH_433|LH_140|LH_451|LH_141|LH_341|LH_75|LH_499|LH_38|LH_184|LH_150|LH_410|LH_143|LH_82|LH_159|LH_307|LH_271|LH_278|LH_462|LH_176|LH_125|LH_474|LH_169|LH_388|LH_473|LH_438|LH_335|LH_220|LH_288|LH_383|LH_387|LH_37|LH_353|LH_204|LH_233|LH_408|LH_409,LH_272|LH_228|LH_492|LH_165|LH_373|LH_421|LH_90|LH_295|LH_416|LH_226|LH_142|LH_391|LH_457|LH_300|LH_44|LH_188|LH_282|LH_69|LH_401|LH_59|LH_16|LH_310|LH_124|LH_62|LH_106|LH_101|LH_279|LH_56|LH_304|LH_15|LH_266|LH_181|LH_235|LH_203|LH_327|LH_400|LH_402|LH_116|LH_362|LH_13|LH_96|LH_394|LH_99|LH_461|LH_398|LH_34|LH_261|LH_283|LH_14|LH_313|LH_25|LH_210|LH_483|LH_489|LH_108|LH_392|LH_60|LH_22|LH_50|LH_205|LH_195|LH_33|LH_118|LH_291|LH_192|LH_190|LH_0|LH_270|LH_88|LH_484|LH_244|LH_428|LH_330|LH_42|LH_285,3ce48b66c11e30bec459c52ba7f4a900809dd2b45be0995b8b56aeaefc747951,True,True,True,True,True,True,complete,True,0.09716894117849213,0.0958500936627388,0.10510393093029657,0.12090740337632606,0.014618600191205623,-0.029850955944742852,-0.008910449300924321,defined,0.29471200038989387,0.31502074241638184,0.11994453853216079,0.0024780955379836234,0.02066034492532705,75,0.0,0.0,0.31073197722435,0.3206705152988434,0.009938538074493408,0.020308742026487987,0.11999220915802054,0.19980309158563614,not recorded,not recorded,9879ea1e66209445c20b328162cac00b4915ed4a850082fd16f0ed0de643c9f4,True,1.3877787807814457e-17,canonical_evolvegcn_top100_top200_top500_500u,canonical_topn_compatible,reusable_existing,unique,
EvolveGCN-H,evolvegcn_h_500u_seed42_final32,experiments/evolvegcn_h_500u_seed42_final32,data/processed/temporal_500u_minmax/camels_500u_temporal_logmass_minmax_top100_periodic_knn.pt,data/processed/temporal_500u_minmax/camels_500u_temporal_logmass_minmax_top100_periodic_knn.metadata.json,temporal,500,LH_0..LH_499,5,five sorted snapshots; exact identities not persisted in sidecar,100,log10_Mvir|X|Y|Z|VX|VY|VZ,minmax,per_universe_per_snapshot_per_feature,False,True,8,25.0,32,2,evolvegcn_h,True,mean,mean,mlp,"Linear(D,H)-ReLU-Dropout-Linear(H,1)",False,False,4,300,40,0.001,1e-05,0.2,relu,1.0,MSE,42,0.7|0.15|0.15,LH_164|LH_383|LH_45|LH_156|LH_53|LH_72|LH_315|LH_209|LH_74|LH_333|LH_403|LH_415|LH_92|LH_215|LH_479|LH_59|LH_368|LH_163|LH_210|LH_251|LH_443|LH_320|LH_289|LH_389|LH_7|LH_462|LH_249|LH_228|LH_245|LH_211|LH_129|LH_162|LH_223|LH_41|LH_278|LH_21|LH_434|LH_68|LH_227|LH_151|LH_369|LH_217|LH_154|LH_177|LH_397|LH_139|LH_141|LH_326|LH_175|LH_170|LH_88|LH_96|LH_439|LH_303|LH_50|LH_199|LH_297|LH_131|LH_120|LH_358|LH_180|LH_370|LH_37|LH_160|LH_4|LH_93|LH_304|LH_188|LH_374|LH_453|LH_94|LH_468|LH_292|LH_340|LH_407|LH_408|LH_187|LH_334|LH_213|LH_127|LH_11|LH_6|LH_442|LH_246|LH_396|LH_425|LH_345|LH_89|LH_426|LH_26|LH_77|LH_184|LH_262|LH_207|LH_182|LH_95|LH_100|LH_419|LH_394|LH_155|LH_230|LH_362|LH_237|LH_353|LH_85|LH_323|LH_171|LH_393|LH_153|LH_313|LH_38|LH_392|LH_69|LH_106|LH_348|LH_489|LH_428|LH_158|LH_31|LH_244|LH_8|LH_267|LH_485|LH_233|LH_261|LH_401|LH_291|LH_198|LH_132|LH_324|LH_322|LH_2|LH_18|LH_488|LH_263|LH_76|LH_253|LH_314|LH_351|LH_471|LH_143|LH_449|LH_66|LH_179|LH_133|LH_144|LH_406|LH_280|LH_269|LH_466|LH_208|LH_145|LH_432|LH_277|LH_341|LH_465|LH_317|LH_17|LH_448|LH_20|LH_130|LH_238|LH_296|LH_286|LH_336|LH_300|LH_149|LH_203|LH_387|LH_398|LH_190|LH_201|LH_418|LH_14|LH_55|LH_75|LH_284|LH_39|LH_391|LH_460|LH_257|LH_178|LH_212|LH_472|LH_420|LH_67|LH_99|LH_476|LH_97|LH_196|LH_339|LH_288|LH_318|LH_457|LH_124|LH_242|LH_42|LH_60|LH_192|LH_422|LH_266|LH_254|LH_384|LH_497|LH_226|LH_495|LH_113|LH_19|LH_218|LH_118|LH_364|LH_385|LH_437|LH_293|LH_493|LH_378|LH_241|LH_446|LH_435|LH_27|LH_220|LH_469|LH_86|LH_361|LH_103|LH_481|LH_25|LH_307|LH_167|LH_450|LH_475|LH_410|LH_221|LH_416|LH_105|LH_371|LH_90|LH_452|LH_168|LH_240|LH_402|LH_48|LH_104|LH_206|LH_247|LH_200|LH_62|LH_477|LH_147|LH_146|LH_225|LH_421|LH_484|LH_491|LH_451|LH_109|LH_294|LH_440|LH_121|LH_265|LH_169|LH_381|LH_34|LH_268|LH_30|LH_400|LH_461|LH_354|LH_382|LH_10|LH_173|LH_342|LH_115|LH_363|LH_61|LH_231|LH_264|LH_224|LH_312|LH_356|LH_159|LH_102|LH_310|LH_372|LH_344|LH_337|LH_365|LH_84|LH_281|LH_243|LH_65|LH_64|LH_272|LH_423|LH_248|LH_43|LH_417|LH_375|LH_123|LH_29|LH_122|LH_157|LH_355|LH_330|LH_9|LH_250|LH_165|LH_306|LH_0|LH_271|LH_276|LH_82|LH_191|LH_347|LH_473|LH_399|LH_319|LH_152|LH_54|LH_259|LH_91|LH_256|LH_430|LH_1|LH_459|LH_80|LH_222|LH_431|LH_498|LH_455|LH_328|LH_404|LH_436|LH_58|LH_5|LH_283|LH_128|LH_270|LH_239|LH_405|LH_195|LH_197|LH_32|LH_305|LH_487|LH_458|LH_429|LH_78|LH_56|LH_24,LH_46|LH_252|LH_260|LH_70|LH_386|LH_427|LH_204|LH_298|LH_219|LH_299|LH_134|LH_275|LH_474|LH_126|LH_492|LH_441|LH_73|LH_234|LH_329|LH_202|LH_255|LH_335|LH_376|LH_380|LH_367|LH_290|LH_108|LH_33|LH_137|LH_205|LH_161|LH_482|LH_117|LH_28|LH_166|LH_350|LH_467|LH_285|LH_352|LH_499|LH_138|LH_463|LH_236|LH_409|LH_494|LH_438|LH_273|LH_87|LH_411|LH_311|LH_36|LH_331|LH_349|LH_470|LH_136|LH_343|LH_107|LH_181|LH_189|LH_83|LH_186|LH_325|LH_232|LH_454|LH_447|LH_51|LH_478|LH_444|LH_148|LH_395|LH_116|LH_338|LH_23|LH_35|LH_360,LH_98|LH_295|LH_185|LH_316|LH_321|LH_424|LH_150|LH_282|LH_40|LH_193|LH_63|LH_274|LH_235|LH_373|LH_22|LH_413|LH_135|LH_309|LH_176|LH_433|LH_183|LH_49|LH_194|LH_480|LH_490|LH_172|LH_390|LH_110|LH_79|LH_464|LH_174|LH_483|LH_357|LH_81|LH_412|LH_388|LH_3|LH_445|LH_414|LH_142|LH_301|LH_229|LH_112|LH_214|LH_486|LH_359|LH_332|LH_366|LH_101|LH_287|LH_13|LH_308|LH_258|LH_119|LH_111|LH_47|LH_15|LH_16|LH_216|LH_302|LH_44|LH_279|LH_456|LH_496|LH_346|LH_52|LH_377|LH_71|LH_114|LH_125|LH_140|LH_379|LH_12|LH_57|LH_327,0f963679cd284fca861fc2c59d88bdae8e8f1f21e2cbe1bb73bd593b49056748,True,True,True,True,True,True,complete,True,0.10058440910918372,0.09346998681624731,0.08653705775737762,0.10205947521376181,0.01041613648090846,-0.014195702403178245,0.02095029129271221,defined,0.2916933327913284,0.30393179893493655,0.10202514478236673,0.0028651419512687993,0.028082704095941546,75,0.0,0.0,0.29741084575653076,0.3100897967815399,0.012678951025009155,0.012238466143608094,0.10200534776998653,0.1987386867403984,not recorded,not recorded,aea72c463ede3293266bb453114c3f4a4f144e13ad615011dbd5b3936c93ee0a,True,0.0,canonical_evolvegcn_top100_top200_top500_500u,canonical_topn_compatible,reusable_existing,unique,
EvolveGCN-H,evolvegcn_h_500u_top200_h32_seed123,experiments/evolvegcn_h_500u_top200_h32_seed123,data/processed/temporal_500u_minmax_top200_periodic_knn/camels_500u_temporal_logmass_minmax_top200_periodic_knn.pt,data/processed/temporal_500u_minmax_top200_periodic_knn/camels_500u_temporal_logmass_minmax_top200_periodic_knn.metadata.json,temporal,500,LH_0..LH_499,5,five sorted snapshots; exact identities not persisted in sidecar,200,log10_Mvir|X|Y|Z|VX|VY|VZ,minmax,per_universe_per_snapshot_per_feature,False,True,8,25.0,32,2,evolvegcn_h,True,mean,mean,mlp,"Linear(D,H)-ReLU-Dropout-Linear(H,1)",False,False,4,300,40,0.001,1e-05,0.2,relu,1.0,MSE,123,0.7|0.15|0.15,LH_380|LH_468|LH_145|LH_2|LH_282|LH_103|LH_148|LH_312|LH_130|LH_411|LH_168|LH_204|LH_113|LH_132|LH_418|LH_270|LH_351|LH_157|LH_451|LH_339|LH_288|LH_277|LH_354|LH_48|LH_318|LH_303|LH_314|LH_234|LH_95|LH_304|LH_271|LH_434|LH_173|LH_357|LH_495|LH_133|LH_431|LH_39|LH_490|LH_310|LH_317|LH_471|LH_23|LH_426|LH_224|LH_286|LH_20|LH_365|LH_255|LH_216|LH_405|LH_79|LH_228|LH_445|LH_189|LH_184|LH_243|LH_358|LH_276|LH_218|LH_488|LH_60|LH_438|LH_159|LH_167|LH_349|LH_89|LH_121|LH_333|LH_51|LH_9|LH_482|LH_152|LH_416|LH_379|LH_306|LH_111|LH_185|LH_340|LH_489|LH_475|LH_93|LH_84|LH_376|LH_291|LH_158|LH_250|LH_323|LH_406|LH_460|LH_50|LH_433|LH_372|LH_66|LH_108|LH_465|LH_71|LH_298|LH_369|LH_437|LH_211|LH_11|LH_110|LH_142|LH_28|LH_59|LH_163|LH_38|LH_24|LH_205|LH_440|LH_140|LH_177|LH_252|LH_235|LH_245|LH_242|LH_25|LH_21|LH_217|LH_160|LH_231|LH_77|LH_151|LH_54|LH_345|LH_280|LH_257|LH_456|LH_308|LH_331|LH_58|LH_360|LH_179|LH_464|LH_388|LH_129|LH_285|LH_347|LH_56|LH_387|LH_169|LH_36|LH_138|LH_319|LH_296|LH_246|LH_122|LH_33|LH_127|LH_109|LH_363|LH_183|LH_196|LH_422|LH_86|LH_400|LH_297|LH_346|LH_116|LH_63|LH_88|LH_477|LH_144|LH_112|LH_362|LH_399|LH_334|LH_62|LH_353|LH_146|LH_373|LH_27|LH_76|LH_260|LH_150|LH_210|LH_195|LH_290|LH_82|LH_154|LH_432|LH_320|LH_361|LH_75|LH_17|LH_94|LH_238|LH_143|LH_469|LH_67|LH_225|LH_391|LH_106|LH_15|LH_97|LH_46|LH_49|LH_192|LH_226|LH_114|LH_302|LH_356|LH_91|LH_80|LH_107|LH_329|LH_209|LH_384|LH_409|LH_13|LH_176|LH_299|LH_483|LH_295|LH_491|LH_332|LH_292|LH_153|LH_202|LH_268|LH_1|LH_417|LH_313|LH_375|LH_128|LH_352|LH_57|LH_408|LH_254|LH_382|LH_390|LH_377|LH_328|LH_213|LH_182|LH_65|LH_7|LH_315|LH_101|LH_187|LH_126|LH_123|LH_394|LH_201|LH_251|LH_494|LH_239|LH_383|LH_367|LH_237|LH_34|LH_307|LH_141|LH_403|LH_344|LH_162|LH_43|LH_118|LH_498|LH_99|LH_392|LH_102|LH_258|LH_100|LH_41|LH_281|LH_364|LH_492|LH_448|LH_164|LH_104|LH_124|LH_259|LH_355|LH_458|LH_484|LH_115|LH_309|LH_338|LH_53|LH_381|LH_442|LH_70|LH_284|LH_263|LH_419|LH_166|LH_441|LH_481|LH_335|LH_219|LH_155|LH_294|LH_230|LH_378|LH_476|LH_232|LH_480|LH_31|LH_343|LH_197|LH_301|LH_85|LH_61|LH_264|LH_446|LH_273|LH_455|LH_188|LH_199|LH_452|LH_74|LH_443|LH_423|LH_395|LH_265|LH_29|LH_40|LH_120|LH_190|LH_73|LH_348|LH_415|LH_474|LH_337|LH_12|LH_178|LH_212|LH_402|LH_478|LH_412|LH_241|LH_454|LH_165|LH_14|LH_206|LH_325|LH_279|LH_398|LH_366|LH_462|LH_4|LH_221|LH_421|LH_389|LH_181|LH_413|LH_32|LH_316,LH_493|LH_473|LH_215|LH_324|LH_425|LH_139|LH_424|LH_385|LH_131|LH_453|LH_98|LH_470|LH_68|LH_5|LH_459|LH_236|LH_466|LH_227|LH_487|LH_78|LH_90|LH_439|LH_278|LH_119|LH_368|LH_322|LH_253|LH_147|LH_435|LH_30|LH_397|LH_256|LH_272|LH_207|LH_117|LH_180|LH_430|LH_186|LH_321|LH_45|LH_300|LH_96|LH_8|LH_401|LH_450|LH_198|LH_233|LH_370|LH_37|LH_200|LH_283|LH_479|LH_171|LH_87|LH_134|LH_336|LH_249|LH_42|LH_371|LH_92|LH_427|LH_386|LH_16|LH_261|LH_191|LH_214|LH_342|LH_266|LH_248|LH_467|LH_457|LH_407|LH_326|LH_275|LH_350,LH_222|LH_262|LH_330|LH_444|LH_203|LH_6|LH_472|LH_414|LH_289|LH_269|LH_327|LH_311|LH_420|LH_105|LH_247|LH_410|LH_267|LH_175|LH_156|LH_496|LH_18|LH_428|LH_240|LH_135|LH_244|LH_293|LH_220|LH_149|LH_10|LH_404|LH_64|LH_72|LH_341|LH_47|LH_22|LH_52|LH_229|LH_374|LH_161|LH_3|LH_35|LH_193|LH_305|LH_449|LH_497|LH_396|LH_223|LH_463|LH_0|LH_83|LH_125|LH_359|LH_485|LH_486|LH_172|LH_69|LH_81|LH_499|LH_436|LH_174|LH_170|LH_287|LH_274|LH_194|LH_19|LH_447|LH_461|LH_429|LH_55|LH_136|LH_208|LH_393|LH_44|LH_137|LH_26,853549f16ef8eb3d7f18ae850c94b13c0c8bf0e770bb99cfbffff48b03530266,True,True,True,True,True,True,complete,True,0.07463812840836388,0.09130743990341822,0.09904366374015808,0.11814712772714878,0.013958743790175206,-0.0782247204440687,0.14860439628502353,defined,0.29364533245563507,0.28524295151233675,0.11454688870034196,0.05230086178170848,0.45658910840022093,75,0.0,0.0,0.13709807395935059,0.3713148236274719,0.23421674966812134,-0.00840238094329834,0.11864156692900896,0.2257598489522934,not recorded,not recorded,d8534e4c67371153f75e1313d6bd9099dcdb5fba331180a7403648c05b22fc10,True,0.0,canonical_evolvegcn_top100_top200_top500_500u,canonical_topn_compatible,reusable_existing,unique,
EvolveGCN-H,evolvegcn_h_500u_top200_h32_seed2025,experiments/evolvegcn_h_500u_top200_h32_seed2025,data/processed/temporal_500u_minmax_top200_periodic_knn/camels_500u_temporal_logmass_minmax_top200_periodic_knn.pt,data/processed/temporal_500u_minmax_top200_periodic_knn/camels_500u_temporal_logmass_minmax_top200_periodic_knn.metadata.json,temporal,500,LH_0..LH_499,5,five sorted snapshots; exact identities not persisted in sidecar,200,log10_Mvir|X|Y|Z|VX|VY|VZ,minmax,per_universe_per_snapshot_per_feature,False,True,8,25.0,32,2,evolvegcn_h,True,mean,mean,mlp,"Linear(D,H)-ReLU-Dropout-Linear(H,1)",False,False,4,300,40,0.001,1e-05,0.2,relu,1.0,MSE,2025,0.7|0.15|0.15,LH_322|LH_49|LH_312|LH_130|LH_467|LH_459|LH_70|LH_456|LH_248|LH_365|LH_329|LH_63|LH_331|LH_324|LH_311|LH_87|LH_469|LH_119|LH_209|LH_452|LH_212|LH_167|LH_91|LH_460|LH_485|LH_255|LH_155|LH_458|LH_372|LH_479|LH_446|LH_97|LH_19|LH_149|LH_170|LH_287|LH_334|LH_495|LH_369|LH_318|LH_144|LH_440|LH_297|LH_219|LH_498|LH_350|LH_177|LH_368|LH_339|LH_8|LH_129|LH_275|LH_345|LH_206|LH_92|LH_36|LH_46|LH_128|LH_490|LH_103|LH_411|LH_237|LH_249|LH_434|LH_201|LH_114|LH_325|LH_284|LH_10|LH_239|LH_224|LH_277|LH_138|LH_281|LH_315|LH_361|LH_439|LH_274|LH_379|LH_57|LH_173|LH_455|LH_407|LH_113|LH_437|LH_360|LH_317|LH_250|LH_207|LH_26|LH_236|LH_89|LH_110|LH_102|LH_83|LH_299|LH_366|LH_6|LH_216|LH_191|LH_463|LH_454|LH_17|LH_85|LH_482|LH_112|LH_4|LH_223|LH_417|LH_444|LH_347|LH_20|LH_349|LH_306|LH_40|LH_380|LH_185|LH_151|LH_390|LH_174|LH_303|LH_494|LH_432|LH_241|LH_41|LH_21|LH_164|LH_478|LH_328|LH_80|LH_148|LH_246|LH_441|LH_340|LH_364|LH_422|LH_435|LH_154|LH_158|LH_24|LH_396|LH_447|LH_198|LH_54|LH_146|LH_217|LH_35|LH_18|LH_32|LH_389|LH_359|LH_68|LH_320|LH_337|LH_356|LH_358|LH_426|LH_405|LH_464|LH_240|LH_348|LH_74|LH_357|LH_443|LH_252|LH_302|LH_256|LH_53|LH_55|LH_160|LH_415|LH_465|LH_199|LH_273|LH_135|LH_107|LH_412|LH_61|LH_342|LH_247|LH_374|LH_289|LH_294|LH_71|LH_449|LH_404|LH_197|LH_375|LH_376|LH_47|LH_120|LH_121|LH_453|LH_211|LH_242|LH_67|LH_305|LH_156|LH_332|LH_265|LH_314|LH_496|LH_431|LH_153|LH_84|LH_268|LH_95|LH_187|LH_43|LH_9|LH_111|LH_168|LH_262|LH_338|LH_225|LH_1|LH_413|LH_2|LH_269|LH_231|LH_316|LH_267|LH_81|LH_193|LH_468|LH_397|LH_386|LH_423|LH_286|LH_31|LH_66|LH_65|LH_346|LH_28|LH_497|LH_245|LH_336|LH_178|LH_254|LH_486|LH_215|LH_476|LH_7|LH_343|LH_194|LH_425|LH_378|LH_427|LH_86|LH_29|LH_64|LH_23|LH_229|LH_333|LH_139|LH_251|LH_414|LH_51|LH_260|LH_147|LH_45|LH_475|LH_308|LH_290|LH_436|LH_200|LH_477|LH_424|LH_238|LH_11|LH_183|LH_382|LH_234|LH_480|LH_450|LH_162|LH_136|LH_145|LH_221|LH_430|LH_27|LH_98|LH_137|LH_488|LH_115|LH_152|LH_172|LH_448|LH_3|LH_30|LH_385|LH_134|LH_296|LH_52|LH_419|LH_384|LH_93|LH_253|LH_418|LH_487|LH_171|LH_58|LH_131|LH_79|LH_127|LH_481|LH_403|LH_399|LH_213|LH_218|LH_232|LH_259|LH_371|LH_76|LH_470|LH_133|LH_166|LH_243|LH_393|LH_189|LH_182|LH_264|LH_180|LH_352|LH_406|LH_395|LH_370|LH_344|LH_214|LH_123|LH_377|LH_420|LH_39|LH_94|LH_230|LH_309|LH_117|LH_202|LH_355|LH_186|LH_163|LH_321|LH_442|LH_354|LH_161|LH_122|LH_493|LH_72|LH_100|LH_222,LH_298|LH_48|LH_5|LH_471|LH_132|LH_77|LH_367|LH_227|LH_323|LH_73|LH_109|LH_104|LH_363|LH_105|LH_445|LH_351|LH_208|LH_293|LH_258|LH_12|LH_381|LH_157|LH_126|LH_263|LH_175|LH_196|LH_257|LH_78|LH_292|LH_472|LH_276|LH_301|LH_280|LH_319|LH_429|LH_179|LH_491|LH_466|LH_326|LH_433|LH_140|LH_451|LH_141|LH_341|LH_75|LH_499|LH_38|LH_184|LH_150|LH_410|LH_143|LH_82|LH_159|LH_307|LH_271|LH_278|LH_462|LH_176|LH_125|LH_474|LH_169|LH_388|LH_473|LH_438|LH_335|LH_220|LH_288|LH_383|LH_387|LH_37|LH_353|LH_204|LH_233|LH_408|LH_409,LH_272|LH_228|LH_492|LH_165|LH_373|LH_421|LH_90|LH_295|LH_416|LH_226|LH_142|LH_391|LH_457|LH_300|LH_44|LH_188|LH_282|LH_69|LH_401|LH_59|LH_16|LH_310|LH_124|LH_62|LH_106|LH_101|LH_279|LH_56|LH_304|LH_15|LH_266|LH_181|LH_235|LH_203|LH_327|LH_400|LH_402|LH_116|LH_362|LH_13|LH_96|LH_394|LH_99|LH_461|LH_398|LH_34|LH_261|LH_283|LH_14|LH_313|LH_25|LH_210|LH_483|LH_489|LH_108|LH_392|LH_60|LH_22|LH_50|LH_205|LH_195|LH_33|LH_118|LH_291|LH_192|LH_190|LH_0|LH_270|LH_88|LH_484|LH_244|LH_428|LH_330|LH_42|LH_285,3ce48b66c11e30bec459c52ba7f4a900809dd2b45be0995b8b56aeaefc747951,True,True,True,True,True,True,complete,True,0.08593675070575306,0.0872145602107048,0.09456785927216212,0.10996156758315472,0.0120915463453447,0.1481749004877586,0.3864908964284707,defined,0.29471200038989387,0.2924802150328954,0.11994453853216079,0.049853234259737964,0.41563571688902523,75,0.0,0.0,0.12361881136894226,0.3419393301010132,0.21832051873207092,-0.0022317853569984434,0.11067925481048248,0.2491810917854309,not recorded,not recorded,a47bb7d8d7ac969dd73eff08bdd4d107b117162249280ddef01cb9262c37fbc8,True,1.3877787807814457e-17,canonical_evolvegcn_top100_top200_top500_500u,canonical_topn_compatible,reusable_existing,unique,
EvolveGCN-H,evolvegcn_h_500u_top200_h32_seed42,experiments/evolvegcn_h_500u_top200_h32_seed42,data/processed/temporal_500u_minmax_top200_periodic_knn/camels_500u_temporal_logmass_minmax_top200_periodic_knn.pt,data/processed/temporal_500u_minmax_top200_periodic_knn/camels_500u_temporal_logmass_minmax_top200_periodic_knn.metadata.json,temporal,500,LH_0..LH_499,5,five sorted snapshots; exact identities not persisted in sidecar,200,log10_Mvir|X|Y|Z|VX|VY|VZ,minmax,per_universe_per_snapshot_per_feature,False,True,8,25.0,32,2,evolvegcn_h,True,mean,mean,mlp,"Linear(D,H)-ReLU-Dropout-Linear(H,1)",False,False,4,300,40,0.001,1e-05,0.2,relu,1.0,MSE,42,0.7|0.15|0.15,LH_164|LH_383|LH_45|LH_156|LH_53|LH_72|LH_315|LH_209|LH_74|LH_333|LH_403|LH_415|LH_92|LH_215|LH_479|LH_59|LH_368|LH_163|LH_210|LH_251|LH_443|LH_320|LH_289|LH_389|LH_7|LH_462|LH_249|LH_228|LH_245|LH_211|LH_129|LH_162|LH_223|LH_41|LH_278|LH_21|LH_434|LH_68|LH_227|LH_151|LH_369|LH_217|LH_154|LH_177|LH_397|LH_139|LH_141|LH_326|LH_175|LH_170|LH_88|LH_96|LH_439|LH_303|LH_50|LH_199|LH_297|LH_131|LH_120|LH_358|LH_180|LH_370|LH_37|LH_160|LH_4|LH_93|LH_304|LH_188|LH_374|LH_453|LH_94|LH_468|LH_292|LH_340|LH_407|LH_408|LH_187|LH_334|LH_213|LH_127|LH_11|LH_6|LH_442|LH_246|LH_396|LH_425|LH_345|LH_89|LH_426|LH_26|LH_77|LH_184|LH_262|LH_207|LH_182|LH_95|LH_100|LH_419|LH_394|LH_155|LH_230|LH_362|LH_237|LH_353|LH_85|LH_323|LH_171|LH_393|LH_153|LH_313|LH_38|LH_392|LH_69|LH_106|LH_348|LH_489|LH_428|LH_158|LH_31|LH_244|LH_8|LH_267|LH_485|LH_233|LH_261|LH_401|LH_291|LH_198|LH_132|LH_324|LH_322|LH_2|LH_18|LH_488|LH_263|LH_76|LH_253|LH_314|LH_351|LH_471|LH_143|LH_449|LH_66|LH_179|LH_133|LH_144|LH_406|LH_280|LH_269|LH_466|LH_208|LH_145|LH_432|LH_277|LH_341|LH_465|LH_317|LH_17|LH_448|LH_20|LH_130|LH_238|LH_296|LH_286|LH_336|LH_300|LH_149|LH_203|LH_387|LH_398|LH_190|LH_201|LH_418|LH_14|LH_55|LH_75|LH_284|LH_39|LH_391|LH_460|LH_257|LH_178|LH_212|LH_472|LH_420|LH_67|LH_99|LH_476|LH_97|LH_196|LH_339|LH_288|LH_318|LH_457|LH_124|LH_242|LH_42|LH_60|LH_192|LH_422|LH_266|LH_254|LH_384|LH_497|LH_226|LH_495|LH_113|LH_19|LH_218|LH_118|LH_364|LH_385|LH_437|LH_293|LH_493|LH_378|LH_241|LH_446|LH_435|LH_27|LH_220|LH_469|LH_86|LH_361|LH_103|LH_481|LH_25|LH_307|LH_167|LH_450|LH_475|LH_410|LH_221|LH_416|LH_105|LH_371|LH_90|LH_452|LH_168|LH_240|LH_402|LH_48|LH_104|LH_206|LH_247|LH_200|LH_62|LH_477|LH_147|LH_146|LH_225|LH_421|LH_484|LH_491|LH_451|LH_109|LH_294|LH_440|LH_121|LH_265|LH_169|LH_381|LH_34|LH_268|LH_30|LH_400|LH_461|LH_354|LH_382|LH_10|LH_173|LH_342|LH_115|LH_363|LH_61|LH_231|LH_264|LH_224|LH_312|LH_356|LH_159|LH_102|LH_310|LH_372|LH_344|LH_337|LH_365|LH_84|LH_281|LH_243|LH_65|LH_64|LH_272|LH_423|LH_248|LH_43|LH_417|LH_375|LH_123|LH_29|LH_122|LH_157|LH_355|LH_330|LH_9|LH_250|LH_165|LH_306|LH_0|LH_271|LH_276|LH_82|LH_191|LH_347|LH_473|LH_399|LH_319|LH_152|LH_54|LH_259|LH_91|LH_256|LH_430|LH_1|LH_459|LH_80|LH_222|LH_431|LH_498|LH_455|LH_328|LH_404|LH_436|LH_58|LH_5|LH_283|LH_128|LH_270|LH_239|LH_405|LH_195|LH_197|LH_32|LH_305|LH_487|LH_458|LH_429|LH_78|LH_56|LH_24,LH_46|LH_252|LH_260|LH_70|LH_386|LH_427|LH_204|LH_298|LH_219|LH_299|LH_134|LH_275|LH_474|LH_126|LH_492|LH_441|LH_73|LH_234|LH_329|LH_202|LH_255|LH_335|LH_376|LH_380|LH_367|LH_290|LH_108|LH_33|LH_137|LH_205|LH_161|LH_482|LH_117|LH_28|LH_166|LH_350|LH_467|LH_285|LH_352|LH_499|LH_138|LH_463|LH_236|LH_409|LH_494|LH_438|LH_273|LH_87|LH_411|LH_311|LH_36|LH_331|LH_349|LH_470|LH_136|LH_343|LH_107|LH_181|LH_189|LH_83|LH_186|LH_325|LH_232|LH_454|LH_447|LH_51|LH_478|LH_444|LH_148|LH_395|LH_116|LH_338|LH_23|LH_35|LH_360,LH_98|LH_295|LH_185|LH_316|LH_321|LH_424|LH_150|LH_282|LH_40|LH_193|LH_63|LH_274|LH_235|LH_373|LH_22|LH_413|LH_135|LH_309|LH_176|LH_433|LH_183|LH_49|LH_194|LH_480|LH_490|LH_172|LH_390|LH_110|LH_79|LH_464|LH_174|LH_483|LH_357|LH_81|LH_412|LH_388|LH_3|LH_445|LH_414|LH_142|LH_301|LH_229|LH_112|LH_214|LH_486|LH_359|LH_332|LH_366|LH_101|LH_287|LH_13|LH_308|LH_258|LH_119|LH_111|LH_47|LH_15|LH_16|LH_216|LH_302|LH_44|LH_279|LH_456|LH_496|LH_346|LH_52|LH_377|LH_71|LH_114|LH_125|LH_140|LH_379|LH_12|LH_57|LH_327,0f963679cd284fca861fc2c59d88bdae8e8f1f21e2cbe1bb73bd593b49056748,True,True,True,True,True,True,complete,True,0.08868469876902443,0.08339689542849858,0.0829097318649292,0.10097834973591217,0.010196627115388194,0.007177429137095626,0.21094523143130375,defined,0.2916933327913284,0.3085149965683619,0.10202514478236673,0.031605431022791085,0.3097808005096165,75,0.0,0.0,0.15705600380897522,0.349234402179718,0.1921783983707428,0.016821663777033487,0.10023785265334996,0.2252737209200859,not recorded,not recorded,312a31d671123e6d607bb97d3f4d8503cd568bdaa1d653ad034da5554c936ee0,True,0.0,canonical_evolvegcn_top100_top200_top500_500u,canonical_topn_compatible,reusable_existing,unique,
EvolveGCN-H,evolvegcn_h_500u_top500_h32_seed123_minmax,experiments/evolvegcn_h_500u_top500_h32_seed123_minmax,data/processed/temporal_500u_minmax_top500_periodic_knn/camels_500u_temporal_logmass_minmax_top500_periodic_knn.pt,data/processed/temporal_500u_minmax_top500_periodic_knn/camels_500u_temporal_logmass_minmax_top500_periodic_knn.metadata.json,temporal,500,LH_0..LH_499,5,five sorted snapshots; exact identities not persisted in sidecar,500,log10_Mvir|X|Y|Z|VX|VY|VZ,minmax,per_universe_per_snapshot_per_feature,False,True,8,25.0,32,2,evolvegcn_h,True,mean,mean,mlp,"Linear(D,H)-ReLU-Dropout-Linear(H,1)",False,False,4,300,40,0.001,1e-05,0.2,relu,1.0,MSE,123,0.7|0.15|0.15,LH_380|LH_468|LH_145|LH_2|LH_282|LH_103|LH_148|LH_312|LH_130|LH_411|LH_168|LH_204|LH_113|LH_132|LH_418|LH_270|LH_351|LH_157|LH_451|LH_339|LH_288|LH_277|LH_354|LH_48|LH_318|LH_303|LH_314|LH_234|LH_95|LH_304|LH_271|LH_434|LH_173|LH_357|LH_495|LH_133|LH_431|LH_39|LH_490|LH_310|LH_317|LH_471|LH_23|LH_426|LH_224|LH_286|LH_20|LH_365|LH_255|LH_216|LH_405|LH_79|LH_228|LH_445|LH_189|LH_184|LH_243|LH_358|LH_276|LH_218|LH_488|LH_60|LH_438|LH_159|LH_167|LH_349|LH_89|LH_121|LH_333|LH_51|LH_9|LH_482|LH_152|LH_416|LH_379|LH_306|LH_111|LH_185|LH_340|LH_489|LH_475|LH_93|LH_84|LH_376|LH_291|LH_158|LH_250|LH_323|LH_406|LH_460|LH_50|LH_433|LH_372|LH_66|LH_108|LH_465|LH_71|LH_298|LH_369|LH_437|LH_211|LH_11|LH_110|LH_142|LH_28|LH_59|LH_163|LH_38|LH_24|LH_205|LH_440|LH_140|LH_177|LH_252|LH_235|LH_245|LH_242|LH_25|LH_21|LH_217|LH_160|LH_231|LH_77|LH_151|LH_54|LH_345|LH_280|LH_257|LH_456|LH_308|LH_331|LH_58|LH_360|LH_179|LH_464|LH_388|LH_129|LH_285|LH_347|LH_56|LH_387|LH_169|LH_36|LH_138|LH_319|LH_296|LH_246|LH_122|LH_33|LH_127|LH_109|LH_363|LH_183|LH_196|LH_422|LH_86|LH_400|LH_297|LH_346|LH_116|LH_63|LH_88|LH_477|LH_144|LH_112|LH_362|LH_399|LH_334|LH_62|LH_353|LH_146|LH_373|LH_27|LH_76|LH_260|LH_150|LH_210|LH_195|LH_290|LH_82|LH_154|LH_432|LH_320|LH_361|LH_75|LH_17|LH_94|LH_238|LH_143|LH_469|LH_67|LH_225|LH_391|LH_106|LH_15|LH_97|LH_46|LH_49|LH_192|LH_226|LH_114|LH_302|LH_356|LH_91|LH_80|LH_107|LH_329|LH_209|LH_384|LH_409|LH_13|LH_176|LH_299|LH_483|LH_295|LH_491|LH_332|LH_292|LH_153|LH_202|LH_268|LH_1|LH_417|LH_313|LH_375|LH_128|LH_352|LH_57|LH_408|LH_254|LH_382|LH_390|LH_377|LH_328|LH_213|LH_182|LH_65|LH_7|LH_315|LH_101|LH_187|LH_126|LH_123|LH_394|LH_201|LH_251|LH_494|LH_239|LH_383|LH_367|LH_237|LH_34|LH_307|LH_141|LH_403|LH_344|LH_162|LH_43|LH_118|LH_498|LH_99|LH_392|LH_102|LH_258|LH_100|LH_41|LH_281|LH_364|LH_492|LH_448|LH_164|LH_104|LH_124|LH_259|LH_355|LH_458|LH_484|LH_115|LH_309|LH_338|LH_53|LH_381|LH_442|LH_70|LH_284|LH_263|LH_419|LH_166|LH_441|LH_481|LH_335|LH_219|LH_155|LH_294|LH_230|LH_378|LH_476|LH_232|LH_480|LH_31|LH_343|LH_197|LH_301|LH_85|LH_61|LH_264|LH_446|LH_273|LH_455|LH_188|LH_199|LH_452|LH_74|LH_443|LH_423|LH_395|LH_265|LH_29|LH_40|LH_120|LH_190|LH_73|LH_348|LH_415|LH_474|LH_337|LH_12|LH_178|LH_212|LH_402|LH_478|LH_412|LH_241|LH_454|LH_165|LH_14|LH_206|LH_325|LH_279|LH_398|LH_366|LH_462|LH_4|LH_221|LH_421|LH_389|LH_181|LH_413|LH_32|LH_316,LH_493|LH_473|LH_215|LH_324|LH_425|LH_139|LH_424|LH_385|LH_131|LH_453|LH_98|LH_470|LH_68|LH_5|LH_459|LH_236|LH_466|LH_227|LH_487|LH_78|LH_90|LH_439|LH_278|LH_119|LH_368|LH_322|LH_253|LH_147|LH_435|LH_30|LH_397|LH_256|LH_272|LH_207|LH_117|LH_180|LH_430|LH_186|LH_321|LH_45|LH_300|LH_96|LH_8|LH_401|LH_450|LH_198|LH_233|LH_370|LH_37|LH_200|LH_283|LH_479|LH_171|LH_87|LH_134|LH_336|LH_249|LH_42|LH_371|LH_92|LH_427|LH_386|LH_16|LH_261|LH_191|LH_214|LH_342|LH_266|LH_248|LH_467|LH_457|LH_407|LH_326|LH_275|LH_350,LH_222|LH_262|LH_330|LH_444|LH_203|LH_6|LH_472|LH_414|LH_289|LH_269|LH_327|LH_311|LH_420|LH_105|LH_247|LH_410|LH_267|LH_175|LH_156|LH_496|LH_18|LH_428|LH_240|LH_135|LH_244|LH_293|LH_220|LH_149|LH_10|LH_404|LH_64|LH_72|LH_341|LH_47|LH_22|LH_52|LH_229|LH_374|LH_161|LH_3|LH_35|LH_193|LH_305|LH_449|LH_497|LH_396|LH_223|LH_463|LH_0|LH_83|LH_125|LH_359|LH_485|LH_486|LH_172|LH_69|LH_81|LH_499|LH_436|LH_174|LH_170|LH_287|LH_274|LH_194|LH_19|LH_447|LH_461|LH_429|LH_55|LH_136|LH_208|LH_393|LH_44|LH_137|LH_26,853549f16ef8eb3d7f18ae850c94b13c0c8bf0e770bb99cfbffff48b03530266,True,True,True,True,True,True,complete,True,0.07490975856781006,0.08220783481995264,0.08808545728524526,0.10559135315164822,0.01114953386039609,0.1387689887847452,0.4095851905696991,defined,0.29364533245563507,0.3024238540728887,0.11454688870034196,0.06430312075632508,0.5613694224776714,75,0.0,0.0,0.07793377339839935,0.37698593735694885,0.2990521639585495,0.00877852161725362,0.10593441089067755,0.23926354944705963,not recorded,not recorded,28396a20c7e9a79b68f82cd70ba3f35fd13f04a8af06f389bb0012c5c91361eb,True,1.3877787807814457e-17,canonical_evolvegcn_top100_top200_top500_500u,canonical_topn_compatible,reusable_existing,unique,
EvolveGCN-H,evolvegcn_h_500u_top500_h32_seed123_none,experiments/evolvegcn_h_500u_top500_h32_seed123_none,data/processed/temporal_500u_none_top500_periodic_knn/camels_500u_temporal_logmass_none_top500_periodic_knn.pt,data/processed/temporal_500u_none_top500_periodic_knn/camels_500u_temporal_logmass_none_top500_periodic_knn.metadata.json,temporal,500,LH_0..LH_499,5,five sorted snapshots; exact identities not persisted in sidecar,500,log10_Mvir|X|Y|Z|VX|VY|VZ,none,none after log10(Mvir),False,True,8,25.0,32,2,evolvegcn_h,True,mean,mean,mlp,"Linear(D,H)-ReLU-Dropout-Linear(H,1)",False,False,4,300,40,0.001,1e-05,0.2,relu,1.0,MSE,123,0.7|0.15|0.15,LH_380|LH_468|LH_145|LH_2|LH_282|LH_103|LH_148|LH_312|LH_130|LH_411|LH_168|LH_204|LH_113|LH_132|LH_418|LH_270|LH_351|LH_157|LH_451|LH_339|LH_288|LH_277|LH_354|LH_48|LH_318|LH_303|LH_314|LH_234|LH_95|LH_304|LH_271|LH_434|LH_173|LH_357|LH_495|LH_133|LH_431|LH_39|LH_490|LH_310|LH_317|LH_471|LH_23|LH_426|LH_224|LH_286|LH_20|LH_365|LH_255|LH_216|LH_405|LH_79|LH_228|LH_445|LH_189|LH_184|LH_243|LH_358|LH_276|LH_218|LH_488|LH_60|LH_438|LH_159|LH_167|LH_349|LH_89|LH_121|LH_333|LH_51|LH_9|LH_482|LH_152|LH_416|LH_379|LH_306|LH_111|LH_185|LH_340|LH_489|LH_475|LH_93|LH_84|LH_376|LH_291|LH_158|LH_250|LH_323|LH_406|LH_460|LH_50|LH_433|LH_372|LH_66|LH_108|LH_465|LH_71|LH_298|LH_369|LH_437|LH_211|LH_11|LH_110|LH_142|LH_28|LH_59|LH_163|LH_38|LH_24|LH_205|LH_440|LH_140|LH_177|LH_252|LH_235|LH_245|LH_242|LH_25|LH_21|LH_217|LH_160|LH_231|LH_77|LH_151|LH_54|LH_345|LH_280|LH_257|LH_456|LH_308|LH_331|LH_58|LH_360|LH_179|LH_464|LH_388|LH_129|LH_285|LH_347|LH_56|LH_387|LH_169|LH_36|LH_138|LH_319|LH_296|LH_246|LH_122|LH_33|LH_127|LH_109|LH_363|LH_183|LH_196|LH_422|LH_86|LH_400|LH_297|LH_346|LH_116|LH_63|LH_88|LH_477|LH_144|LH_112|LH_362|LH_399|LH_334|LH_62|LH_353|LH_146|LH_373|LH_27|LH_76|LH_260|LH_150|LH_210|LH_195|LH_290|LH_82|LH_154|LH_432|LH_320|LH_361|LH_75|LH_17|LH_94|LH_238|LH_143|LH_469|LH_67|LH_225|LH_391|LH_106|LH_15|LH_97|LH_46|LH_49|LH_192|LH_226|LH_114|LH_302|LH_356|LH_91|LH_80|LH_107|LH_329|LH_209|LH_384|LH_409|LH_13|LH_176|LH_299|LH_483|LH_295|LH_491|LH_332|LH_292|LH_153|LH_202|LH_268|LH_1|LH_417|LH_313|LH_375|LH_128|LH_352|LH_57|LH_408|LH_254|LH_382|LH_390|LH_377|LH_328|LH_213|LH_182|LH_65|LH_7|LH_315|LH_101|LH_187|LH_126|LH_123|LH_394|LH_201|LH_251|LH_494|LH_239|LH_383|LH_367|LH_237|LH_34|LH_307|LH_141|LH_403|LH_344|LH_162|LH_43|LH_118|LH_498|LH_99|LH_392|LH_102|LH_258|LH_100|LH_41|LH_281|LH_364|LH_492|LH_448|LH_164|LH_104|LH_124|LH_259|LH_355|LH_458|LH_484|LH_115|LH_309|LH_338|LH_53|LH_381|LH_442|LH_70|LH_284|LH_263|LH_419|LH_166|LH_441|LH_481|LH_335|LH_219|LH_155|LH_294|LH_230|LH_378|LH_476|LH_232|LH_480|LH_31|LH_343|LH_197|LH_301|LH_85|LH_61|LH_264|LH_446|LH_273|LH_455|LH_188|LH_199|LH_452|LH_74|LH_443|LH_423|LH_395|LH_265|LH_29|LH_40|LH_120|LH_190|LH_73|LH_348|LH_415|LH_474|LH_337|LH_12|LH_178|LH_212|LH_402|LH_478|LH_412|LH_241|LH_454|LH_165|LH_14|LH_206|LH_325|LH_279|LH_398|LH_366|LH_462|LH_4|LH_221|LH_421|LH_389|LH_181|LH_413|LH_32|LH_316,LH_493|LH_473|LH_215|LH_324|LH_425|LH_139|LH_424|LH_385|LH_131|LH_453|LH_98|LH_470|LH_68|LH_5|LH_459|LH_236|LH_466|LH_227|LH_487|LH_78|LH_90|LH_439|LH_278|LH_119|LH_368|LH_322|LH_253|LH_147|LH_435|LH_30|LH_397|LH_256|LH_272|LH_207|LH_117|LH_180|LH_430|LH_186|LH_321|LH_45|LH_300|LH_96|LH_8|LH_401|LH_450|LH_198|LH_233|LH_370|LH_37|LH_200|LH_283|LH_479|LH_171|LH_87|LH_134|LH_336|LH_249|LH_42|LH_371|LH_92|LH_427|LH_386|LH_16|LH_261|LH_191|LH_214|LH_342|LH_266|LH_248|LH_467|LH_457|LH_407|LH_326|LH_275|LH_350,LH_222|LH_262|LH_330|LH_444|LH_203|LH_6|LH_472|LH_414|LH_289|LH_269|LH_327|LH_311|LH_420|LH_105|LH_247|LH_410|LH_267|LH_175|LH_156|LH_496|LH_18|LH_428|LH_240|LH_135|LH_244|LH_293|LH_220|LH_149|LH_10|LH_404|LH_64|LH_72|LH_341|LH_47|LH_22|LH_52|LH_229|LH_374|LH_161|LH_3|LH_35|LH_193|LH_305|LH_449|LH_497|LH_396|LH_223|LH_463|LH_0|LH_83|LH_125|LH_359|LH_485|LH_486|LH_172|LH_69|LH_81|LH_499|LH_436|LH_174|LH_170|LH_287|LH_274|LH_194|LH_19|LH_447|LH_461|LH_429|LH_55|LH_136|LH_208|LH_393|LH_44|LH_137|LH_26,853549f16ef8eb3d7f18ae850c94b13c0c8bf0e770bb99cfbffff48b03530266,True,True,True,True,True,True,complete,True,0.04654879323073796,0.06399073133865993,0.07117895623048147,0.08518733932217115,0.007256882780790727,0.43945167808576524,0.6723085941054675,defined,0.29364533245563507,0.293366836309433,0.11454688870034196,0.06418305005302821,0.5603211993032212,65,0.13333333333333333,0.13333333333333333,0.20196351408958435,0.5136425495147705,0.31167903542518616,-0.0002784961462020874,0.0857605396210983,0.22344255447387695,not recorded,not recorded,fab722dc3dde946ad234ea213bac21e6351911747449451e37a53431440741ce,True,0.0,normalization_alternative,normalization_incompatible,alternative_protocol,unique,"normalization=none, expected minmax"
EvolveGCN-H,evolvegcn_h_500u_top500_h32_seed123_zscore,experiments/evolvegcn_h_500u_top500_h32_seed123_zscore,data/processed/temporal_500u_zscore_top500_periodic_knn/camels_500u_temporal_logmass_zscore_top500_periodic_knn.pt,data/processed/temporal_500u_zscore_top500_periodic_knn/camels_500u_temporal_logmass_zscore_top500_periodic_knn.metadata.json,temporal,500,LH_0..LH_499,5,five sorted snapshots; exact identities not persisted in sidecar,500,log10_Mvir|X|Y|Z|VX|VY|VZ,zscore,per_universe_per_snapshot_per_feature,False,True,8,25.0,32,2,evolvegcn_h,True,mean,mean,mlp,"Linear(D,H)-ReLU-Dropout-Linear(H,1)",False,False,4,300,40,0.001,1e-05,0.2,relu,1.0,MSE,123,0.7|0.15|0.15,LH_380|LH_468|LH_145|LH_2|LH_282|LH_103|LH_148|LH_312|LH_130|LH_411|LH_168|LH_204|LH_113|LH_132|LH_418|LH_270|LH_351|LH_157|LH_451|LH_339|LH_288|LH_277|LH_354|LH_48|LH_318|LH_303|LH_314|LH_234|LH_95|LH_304|LH_271|LH_434|LH_173|LH_357|LH_495|LH_133|LH_431|LH_39|LH_490|LH_310|LH_317|LH_471|LH_23|LH_426|LH_224|LH_286|LH_20|LH_365|LH_255|LH_216|LH_405|LH_79|LH_228|LH_445|LH_189|LH_184|LH_243|LH_358|LH_276|LH_218|LH_488|LH_60|LH_438|LH_159|LH_167|LH_349|LH_89|LH_121|LH_333|LH_51|LH_9|LH_482|LH_152|LH_416|LH_379|LH_306|LH_111|LH_185|LH_340|LH_489|LH_475|LH_93|LH_84|LH_376|LH_291|LH_158|LH_250|LH_323|LH_406|LH_460|LH_50|LH_433|LH_372|LH_66|LH_108|LH_465|LH_71|LH_298|LH_369|LH_437|LH_211|LH_11|LH_110|LH_142|LH_28|LH_59|LH_163|LH_38|LH_24|LH_205|LH_440|LH_140|LH_177|LH_252|LH_235|LH_245|LH_242|LH_25|LH_21|LH_217|LH_160|LH_231|LH_77|LH_151|LH_54|LH_345|LH_280|LH_257|LH_456|LH_308|LH_331|LH_58|LH_360|LH_179|LH_464|LH_388|LH_129|LH_285|LH_347|LH_56|LH_387|LH_169|LH_36|LH_138|LH_319|LH_296|LH_246|LH_122|LH_33|LH_127|LH_109|LH_363|LH_183|LH_196|LH_422|LH_86|LH_400|LH_297|LH_346|LH_116|LH_63|LH_88|LH_477|LH_144|LH_112|LH_362|LH_399|LH_334|LH_62|LH_353|LH_146|LH_373|LH_27|LH_76|LH_260|LH_150|LH_210|LH_195|LH_290|LH_82|LH_154|LH_432|LH_320|LH_361|LH_75|LH_17|LH_94|LH_238|LH_143|LH_469|LH_67|LH_225|LH_391|LH_106|LH_15|LH_97|LH_46|LH_49|LH_192|LH_226|LH_114|LH_302|LH_356|LH_91|LH_80|LH_107|LH_329|LH_209|LH_384|LH_409|LH_13|LH_176|LH_299|LH_483|LH_295|LH_491|LH_332|LH_292|LH_153|LH_202|LH_268|LH_1|LH_417|LH_313|LH_375|LH_128|LH_352|LH_57|LH_408|LH_254|LH_382|LH_390|LH_377|LH_328|LH_213|LH_182|LH_65|LH_7|LH_315|LH_101|LH_187|LH_126|LH_123|LH_394|LH_201|LH_251|LH_494|LH_239|LH_383|LH_367|LH_237|LH_34|LH_307|LH_141|LH_403|LH_344|LH_162|LH_43|LH_118|LH_498|LH_99|LH_392|LH_102|LH_258|LH_100|LH_41|LH_281|LH_364|LH_492|LH_448|LH_164|LH_104|LH_124|LH_259|LH_355|LH_458|LH_484|LH_115|LH_309|LH_338|LH_53|LH_381|LH_442|LH_70|LH_284|LH_263|LH_419|LH_166|LH_441|LH_481|LH_335|LH_219|LH_155|LH_294|LH_230|LH_378|LH_476|LH_232|LH_480|LH_31|LH_343|LH_197|LH_301|LH_85|LH_61|LH_264|LH_446|LH_273|LH_455|LH_188|LH_199|LH_452|LH_74|LH_443|LH_423|LH_395|LH_265|LH_29|LH_40|LH_120|LH_190|LH_73|LH_348|LH_415|LH_474|LH_337|LH_12|LH_178|LH_212|LH_402|LH_478|LH_412|LH_241|LH_454|LH_165|LH_14|LH_206|LH_325|LH_279|LH_398|LH_366|LH_462|LH_4|LH_221|LH_421|LH_389|LH_181|LH_413|LH_32|LH_316,LH_493|LH_473|LH_215|LH_324|LH_425|LH_139|LH_424|LH_385|LH_131|LH_453|LH_98|LH_470|LH_68|LH_5|LH_459|LH_236|LH_466|LH_227|LH_487|LH_78|LH_90|LH_439|LH_278|LH_119|LH_368|LH_322|LH_253|LH_147|LH_435|LH_30|LH_397|LH_256|LH_272|LH_207|LH_117|LH_180|LH_430|LH_186|LH_321|LH_45|LH_300|LH_96|LH_8|LH_401|LH_450|LH_198|LH_233|LH_370|LH_37|LH_200|LH_283|LH_479|LH_171|LH_87|LH_134|LH_336|LH_249|LH_42|LH_371|LH_92|LH_427|LH_386|LH_16|LH_261|LH_191|LH_214|LH_342|LH_266|LH_248|LH_467|LH_457|LH_407|LH_326|LH_275|LH_350,LH_222|LH_262|LH_330|LH_444|LH_203|LH_6|LH_472|LH_414|LH_289|LH_269|LH_327|LH_311|LH_420|LH_105|LH_247|LH_410|LH_267|LH_175|LH_156|LH_496|LH_18|LH_428|LH_240|LH_135|LH_244|LH_293|LH_220|LH_149|LH_10|LH_404|LH_64|LH_72|LH_341|LH_47|LH_22|LH_52|LH_229|LH_374|LH_161|LH_3|LH_35|LH_193|LH_305|LH_449|LH_497|LH_396|LH_223|LH_463|LH_0|LH_83|LH_125|LH_359|LH_485|LH_486|LH_172|LH_69|LH_81|LH_499|LH_436|LH_174|LH_170|LH_287|LH_274|LH_194|LH_19|LH_447|LH_461|LH_429|LH_55|LH_136|LH_208|LH_393|LH_44|LH_137|LH_26,853549f16ef8eb3d7f18ae850c94b13c0c8bf0e770bb99cfbffff48b03530266,True,True,True,True,True,True,complete,True,0.08806810779230935,0.10261115243037541,0.09287951131661733,0.10971465143807137,0.012037304740177496,0.07019430018386807,0.2658331021877767,defined,0.29364533245563507,0.2912903626759847,0.11454688870034196,0.029685771178862494,0.2591582496537409,75,0.0,0.0,0.2282375991344452,0.3438955545425415,0.11565795540809631,-0.0023549697796503705,0.1104280317375384,0.23489555716514587,not recorded,not recorded,21fd47e05b411d0ced99cd286887c75f1426bece181a66bfc259ba0540abe632,True,1.3877787807814457e-17,normalization_alternative,normalization_incompatible,alternative_protocol,unique,"normalization=zscore, expected minmax"
EvolveGCN-H,evolvegcn_h_500u_top500_h32_seed2025_minmax,experiments/evolvegcn_h_500u_top500_h32_seed2025_minmax,data/processed/temporal_500u_minmax_top500_periodic_knn/camels_500u_temporal_logmass_minmax_top500_periodic_knn.pt,data/processed/temporal_500u_minmax_top500_periodic_knn/camels_500u_temporal_logmass_minmax_top500_periodic_knn.metadata.json,temporal,500,LH_0..LH_499,5,five sorted snapshots; exact identities not persisted in sidecar,500,log10_Mvir|X|Y|Z|VX|VY|VZ,minmax,per_universe_per_snapshot_per_feature,False,True,8,25.0,32,2,evolvegcn_h,True,mean,mean,mlp,"Linear(D,H)-ReLU-Dropout-Linear(H,1)",False,False,4,300,40,0.001,1e-05,0.2,relu,1.0,MSE,2025,0.7|0.15|0.15,LH_322|LH_49|LH_312|LH_130|LH_467|LH_459|LH_70|LH_456|LH_248|LH_365|LH_329|LH_63|LH_331|LH_324|LH_311|LH_87|LH_469|LH_119|LH_209|LH_452|LH_212|LH_167|LH_91|LH_460|LH_485|LH_255|LH_155|LH_458|LH_372|LH_479|LH_446|LH_97|LH_19|LH_149|LH_170|LH_287|LH_334|LH_495|LH_369|LH_318|LH_144|LH_440|LH_297|LH_219|LH_498|LH_350|LH_177|LH_368|LH_339|LH_8|LH_129|LH_275|LH_345|LH_206|LH_92|LH_36|LH_46|LH_128|LH_490|LH_103|LH_411|LH_237|LH_249|LH_434|LH_201|LH_114|LH_325|LH_284|LH_10|LH_239|LH_224|LH_277|LH_138|LH_281|LH_315|LH_361|LH_439|LH_274|LH_379|LH_57|LH_173|LH_455|LH_407|LH_113|LH_437|LH_360|LH_317|LH_250|LH_207|LH_26|LH_236|LH_89|LH_110|LH_102|LH_83|LH_299|LH_366|LH_6|LH_216|LH_191|LH_463|LH_454|LH_17|LH_85|LH_482|LH_112|LH_4|LH_223|LH_417|LH_444|LH_347|LH_20|LH_349|LH_306|LH_40|LH_380|LH_185|LH_151|LH_390|LH_174|LH_303|LH_494|LH_432|LH_241|LH_41|LH_21|LH_164|LH_478|LH_328|LH_80|LH_148|LH_246|LH_441|LH_340|LH_364|LH_422|LH_435|LH_154|LH_158|LH_24|LH_396|LH_447|LH_198|LH_54|LH_146|LH_217|LH_35|LH_18|LH_32|LH_389|LH_359|LH_68|LH_320|LH_337|LH_356|LH_358|LH_426|LH_405|LH_464|LH_240|LH_348|LH_74|LH_357|LH_443|LH_252|LH_302|LH_256|LH_53|LH_55|LH_160|LH_415|LH_465|LH_199|LH_273|LH_135|LH_107|LH_412|LH_61|LH_342|LH_247|LH_374|LH_289|LH_294|LH_71|LH_449|LH_404|LH_197|LH_375|LH_376|LH_47|LH_120|LH_121|LH_453|LH_211|LH_242|LH_67|LH_305|LH_156|LH_332|LH_265|LH_314|LH_496|LH_431|LH_153|LH_84|LH_268|LH_95|LH_187|LH_43|LH_9|LH_111|LH_168|LH_262|LH_338|LH_225|LH_1|LH_413|LH_2|LH_269|LH_231|LH_316|LH_267|LH_81|LH_193|LH_468|LH_397|LH_386|LH_423|LH_286|LH_31|LH_66|LH_65|LH_346|LH_28|LH_497|LH_245|LH_336|LH_178|LH_254|LH_486|LH_215|LH_476|LH_7|LH_343|LH_194|LH_425|LH_378|LH_427|LH_86|LH_29|LH_64|LH_23|LH_229|LH_333|LH_139|LH_251|LH_414|LH_51|LH_260|LH_147|LH_45|LH_475|LH_308|LH_290|LH_436|LH_200|LH_477|LH_424|LH_238|LH_11|LH_183|LH_382|LH_234|LH_480|LH_450|LH_162|LH_136|LH_145|LH_221|LH_430|LH_27|LH_98|LH_137|LH_488|LH_115|LH_152|LH_172|LH_448|LH_3|LH_30|LH_385|LH_134|LH_296|LH_52|LH_419|LH_384|LH_93|LH_253|LH_418|LH_487|LH_171|LH_58|LH_131|LH_79|LH_127|LH_481|LH_403|LH_399|LH_213|LH_218|LH_232|LH_259|LH_371|LH_76|LH_470|LH_133|LH_166|LH_243|LH_393|LH_189|LH_182|LH_264|LH_180|LH_352|LH_406|LH_395|LH_370|LH_344|LH_214|LH_123|LH_377|LH_420|LH_39|LH_94|LH_230|LH_309|LH_117|LH_202|LH_355|LH_186|LH_163|LH_321|LH_442|LH_354|LH_161|LH_122|LH_493|LH_72|LH_100|LH_222,LH_298|LH_48|LH_5|LH_471|LH_132|LH_77|LH_367|LH_227|LH_323|LH_73|LH_109|LH_104|LH_363|LH_105|LH_445|LH_351|LH_208|LH_293|LH_258|LH_12|LH_381|LH_157|LH_126|LH_263|LH_175|LH_196|LH_257|LH_78|LH_292|LH_472|LH_276|LH_301|LH_280|LH_319|LH_429|LH_179|LH_491|LH_466|LH_326|LH_433|LH_140|LH_451|LH_141|LH_341|LH_75|LH_499|LH_38|LH_184|LH_150|LH_410|LH_143|LH_82|LH_159|LH_307|LH_271|LH_278|LH_462|LH_176|LH_125|LH_474|LH_169|LH_388|LH_473|LH_438|LH_335|LH_220|LH_288|LH_383|LH_387|LH_37|LH_353|LH_204|LH_233|LH_408|LH_409,LH_272|LH_228|LH_492|LH_165|LH_373|LH_421|LH_90|LH_295|LH_416|LH_226|LH_142|LH_391|LH_457|LH_300|LH_44|LH_188|LH_282|LH_69|LH_401|LH_59|LH_16|LH_310|LH_124|LH_62|LH_106|LH_101|LH_279|LH_56|LH_304|LH_15|LH_266|LH_181|LH_235|LH_203|LH_327|LH_400|LH_402|LH_116|LH_362|LH_13|LH_96|LH_394|LH_99|LH_461|LH_398|LH_34|LH_261|LH_283|LH_14|LH_313|LH_25|LH_210|LH_483|LH_489|LH_108|LH_392|LH_60|LH_22|LH_50|LH_205|LH_195|LH_33|LH_118|LH_291|LH_192|LH_190|LH_0|LH_270|LH_88|LH_484|LH_244|LH_428|LH_330|LH_42|LH_285,3ce48b66c11e30bec459c52ba7f4a900809dd2b45be0995b8b56aeaefc747951,True,True,True,True,True,True,complete,True,0.07650347290294511,0.07378196746110915,0.08912350823481878,0.10410246269590653,0.010837322739352612,0.23653242875345837,0.4919030323529539,defined,0.29471200038989387,0.2984777808189392,0.11994453853216079,0.06699080606218442,0.5585148509635739,75,0.0,0.0,0.07322895526885986,0.37570858001708984,0.30247962474823,0.0037657804290453594,0.10473490491657797,0.20589011907577515,not recorded,not recorded,44004adbfb11454e2071f9050699630e3f023522ac6c87884c8d6fad3ef3056c,True,1.3877787807814457e-17,canonical_evolvegcn_top100_top200_top500_500u,canonical_topn_compatible,reusable_existing,unique,
EvolveGCN-H,evolvegcn_h_500u_top500_h32_seed2025_none,experiments/evolvegcn_h_500u_top500_h32_seed2025_none,data/processed/temporal_500u_none_top500_periodic_knn/camels_500u_temporal_logmass_none_top500_periodic_knn.pt,data/processed/temporal_500u_none_top500_periodic_knn/camels_500u_temporal_logmass_none_top500_periodic_knn.metadata.json,temporal,500,LH_0..LH_499,5,five sorted snapshots; exact identities not persisted in sidecar,500,log10_Mvir|X|Y|Z|VX|VY|VZ,none,none after log10(Mvir),False,True,8,25.0,32,2,evolvegcn_h,True,mean,mean,mlp,"Linear(D,H)-ReLU-Dropout-Linear(H,1)",False,False,4,300,40,0.001,1e-05,0.2,relu,1.0,MSE,2025,0.7|0.15|0.15,LH_322|LH_49|LH_312|LH_130|LH_467|LH_459|LH_70|LH_456|LH_248|LH_365|LH_329|LH_63|LH_331|LH_324|LH_311|LH_87|LH_469|LH_119|LH_209|LH_452|LH_212|LH_167|LH_91|LH_460|LH_485|LH_255|LH_155|LH_458|LH_372|LH_479|LH_446|LH_97|LH_19|LH_149|LH_170|LH_287|LH_334|LH_495|LH_369|LH_318|LH_144|LH_440|LH_297|LH_219|LH_498|LH_350|LH_177|LH_368|LH_339|LH_8|LH_129|LH_275|LH_345|LH_206|LH_92|LH_36|LH_46|LH_128|LH_490|LH_103|LH_411|LH_237|LH_249|LH_434|LH_201|LH_114|LH_325|LH_284|LH_10|LH_239|LH_224|LH_277|LH_138|LH_281|LH_315|LH_361|LH_439|LH_274|LH_379|LH_57|LH_173|LH_455|LH_407|LH_113|LH_437|LH_360|LH_317|LH_250|LH_207|LH_26|LH_236|LH_89|LH_110|LH_102|LH_83|LH_299|LH_366|LH_6|LH_216|LH_191|LH_463|LH_454|LH_17|LH_85|LH_482|LH_112|LH_4|LH_223|LH_417|LH_444|LH_347|LH_20|LH_349|LH_306|LH_40|LH_380|LH_185|LH_151|LH_390|LH_174|LH_303|LH_494|LH_432|LH_241|LH_41|LH_21|LH_164|LH_478|LH_328|LH_80|LH_148|LH_246|LH_441|LH_340|LH_364|LH_422|LH_435|LH_154|LH_158|LH_24|LH_396|LH_447|LH_198|LH_54|LH_146|LH_217|LH_35|LH_18|LH_32|LH_389|LH_359|LH_68|LH_320|LH_337|LH_356|LH_358|LH_426|LH_405|LH_464|LH_240|LH_348|LH_74|LH_357|LH_443|LH_252|LH_302|LH_256|LH_53|LH_55|LH_160|LH_415|LH_465|LH_199|LH_273|LH_135|LH_107|LH_412|LH_61|LH_342|LH_247|LH_374|LH_289|LH_294|LH_71|LH_449|LH_404|LH_197|LH_375|LH_376|LH_47|LH_120|LH_121|LH_453|LH_211|LH_242|LH_67|LH_305|LH_156|LH_332|LH_265|LH_314|LH_496|LH_431|LH_153|LH_84|LH_268|LH_95|LH_187|LH_43|LH_9|LH_111|LH_168|LH_262|LH_338|LH_225|LH_1|LH_413|LH_2|LH_269|LH_231|LH_316|LH_267|LH_81|LH_193|LH_468|LH_397|LH_386|LH_423|LH_286|LH_31|LH_66|LH_65|LH_346|LH_28|LH_497|LH_245|LH_336|LH_178|LH_254|LH_486|LH_215|LH_476|LH_7|LH_343|LH_194|LH_425|LH_378|LH_427|LH_86|LH_29|LH_64|LH_23|LH_229|LH_333|LH_139|LH_251|LH_414|LH_51|LH_260|LH_147|LH_45|LH_475|LH_308|LH_290|LH_436|LH_200|LH_477|LH_424|LH_238|LH_11|LH_183|LH_382|LH_234|LH_480|LH_450|LH_162|LH_136|LH_145|LH_221|LH_430|LH_27|LH_98|LH_137|LH_488|LH_115|LH_152|LH_172|LH_448|LH_3|LH_30|LH_385|LH_134|LH_296|LH_52|LH_419|LH_384|LH_93|LH_253|LH_418|LH_487|LH_171|LH_58|LH_131|LH_79|LH_127|LH_481|LH_403|LH_399|LH_213|LH_218|LH_232|LH_259|LH_371|LH_76|LH_470|LH_133|LH_166|LH_243|LH_393|LH_189|LH_182|LH_264|LH_180|LH_352|LH_406|LH_395|LH_370|LH_344|LH_214|LH_123|LH_377|LH_420|LH_39|LH_94|LH_230|LH_309|LH_117|LH_202|LH_355|LH_186|LH_163|LH_321|LH_442|LH_354|LH_161|LH_122|LH_493|LH_72|LH_100|LH_222,LH_298|LH_48|LH_5|LH_471|LH_132|LH_77|LH_367|LH_227|LH_323|LH_73|LH_109|LH_104|LH_363|LH_105|LH_445|LH_351|LH_208|LH_293|LH_258|LH_12|LH_381|LH_157|LH_126|LH_263|LH_175|LH_196|LH_257|LH_78|LH_292|LH_472|LH_276|LH_301|LH_280|LH_319|LH_429|LH_179|LH_491|LH_466|LH_326|LH_433|LH_140|LH_451|LH_141|LH_341|LH_75|LH_499|LH_38|LH_184|LH_150|LH_410|LH_143|LH_82|LH_159|LH_307|LH_271|LH_278|LH_462|LH_176|LH_125|LH_474|LH_169|LH_388|LH_473|LH_438|LH_335|LH_220|LH_288|LH_383|LH_387|LH_37|LH_353|LH_204|LH_233|LH_408|LH_409,LH_272|LH_228|LH_492|LH_165|LH_373|LH_421|LH_90|LH_295|LH_416|LH_226|LH_142|LH_391|LH_457|LH_300|LH_44|LH_188|LH_282|LH_69|LH_401|LH_59|LH_16|LH_310|LH_124|LH_62|LH_106|LH_101|LH_279|LH_56|LH_304|LH_15|LH_266|LH_181|LH_235|LH_203|LH_327|LH_400|LH_402|LH_116|LH_362|LH_13|LH_96|LH_394|LH_99|LH_461|LH_398|LH_34|LH_261|LH_283|LH_14|LH_313|LH_25|LH_210|LH_483|LH_489|LH_108|LH_392|LH_60|LH_22|LH_50|LH_205|LH_195|LH_33|LH_118|LH_291|LH_192|LH_190|LH_0|LH_270|LH_88|LH_484|LH_244|LH_428|LH_330|LH_42|LH_285,3ce48b66c11e30bec459c52ba7f4a900809dd2b45be0995b8b56aeaefc747951,True,True,True,True,True,True,complete,True,0.01600360229611397,0.05823417951663335,0.06244542827208837,0.07687516919324365,0.005909791638489837,0.5836670755935719,0.7855033519420392,defined,0.29471200038989387,0.3128367253144582,0.11994453853216079,0.10633413177702734,0.8865274991117326,74,0.013333333333333334,0.013333333333333334,0.13311704993247986,0.555809736251831,0.4226926863193512,0.01812472492456436,0.07521109471666015,0.17760974168777466,not recorded,not recorded,13f611b52606c44878dcd374daf9f1f3f739e88c544c8d202aa61afcc9d5baa1,True,0.0,normalization_alternative,normalization_incompatible,alternative_protocol,unique,"normalization=none, expected minmax"
EvolveGCN-H,evolvegcn_h_500u_top500_h32_seed2025_zscore,experiments/evolvegcn_h_500u_top500_h32_seed2025_zscore,data/processed/temporal_500u_zscore_top500_periodic_knn/camels_500u_temporal_logmass_zscore_top500_periodic_knn.pt,data/processed/temporal_500u_zscore_top500_periodic_knn/camels_500u_temporal_logmass_zscore_top500_periodic_knn.metadata.json,temporal,500,LH_0..LH_499,5,five sorted snapshots; exact identities not persisted in sidecar,500,log10_Mvir|X|Y|Z|VX|VY|VZ,zscore,per_universe_per_snapshot_per_feature,False,True,8,25.0,32,2,evolvegcn_h,True,mean,mean,mlp,"Linear(D,H)-ReLU-Dropout-Linear(H,1)",False,False,4,300,40,0.001,1e-05,0.2,relu,1.0,MSE,2025,0.7|0.15|0.15,LH_322|LH_49|LH_312|LH_130|LH_467|LH_459|LH_70|LH_456|LH_248|LH_365|LH_329|LH_63|LH_331|LH_324|LH_311|LH_87|LH_469|LH_119|LH_209|LH_452|LH_212|LH_167|LH_91|LH_460|LH_485|LH_255|LH_155|LH_458|LH_372|LH_479|LH_446|LH_97|LH_19|LH_149|LH_170|LH_287|LH_334|LH_495|LH_369|LH_318|LH_144|LH_440|LH_297|LH_219|LH_498|LH_350|LH_177|LH_368|LH_339|LH_8|LH_129|LH_275|LH_345|LH_206|LH_92|LH_36|LH_46|LH_128|LH_490|LH_103|LH_411|LH_237|LH_249|LH_434|LH_201|LH_114|LH_325|LH_284|LH_10|LH_239|LH_224|LH_277|LH_138|LH_281|LH_315|LH_361|LH_439|LH_274|LH_379|LH_57|LH_173|LH_455|LH_407|LH_113|LH_437|LH_360|LH_317|LH_250|LH_207|LH_26|LH_236|LH_89|LH_110|LH_102|LH_83|LH_299|LH_366|LH_6|LH_216|LH_191|LH_463|LH_454|LH_17|LH_85|LH_482|LH_112|LH_4|LH_223|LH_417|LH_444|LH_347|LH_20|LH_349|LH_306|LH_40|LH_380|LH_185|LH_151|LH_390|LH_174|LH_303|LH_494|LH_432|LH_241|LH_41|LH_21|LH_164|LH_478|LH_328|LH_80|LH_148|LH_246|LH_441|LH_340|LH_364|LH_422|LH_435|LH_154|LH_158|LH_24|LH_396|LH_447|LH_198|LH_54|LH_146|LH_217|LH_35|LH_18|LH_32|LH_389|LH_359|LH_68|LH_320|LH_337|LH_356|LH_358|LH_426|LH_405|LH_464|LH_240|LH_348|LH_74|LH_357|LH_443|LH_252|LH_302|LH_256|LH_53|LH_55|LH_160|LH_415|LH_465|LH_199|LH_273|LH_135|LH_107|LH_412|LH_61|LH_342|LH_247|LH_374|LH_289|LH_294|LH_71|LH_449|LH_404|LH_197|LH_375|LH_376|LH_47|LH_120|LH_121|LH_453|LH_211|LH_242|LH_67|LH_305|LH_156|LH_332|LH_265|LH_314|LH_496|LH_431|LH_153|LH_84|LH_268|LH_95|LH_187|LH_43|LH_9|LH_111|LH_168|LH_262|LH_338|LH_225|LH_1|LH_413|LH_2|LH_269|LH_231|LH_316|LH_267|LH_81|LH_193|LH_468|LH_397|LH_386|LH_423|LH_286|LH_31|LH_66|LH_65|LH_346|LH_28|LH_497|LH_245|LH_336|LH_178|LH_254|LH_486|LH_215|LH_476|LH_7|LH_343|LH_194|LH_425|LH_378|LH_427|LH_86|LH_29|LH_64|LH_23|LH_229|LH_333|LH_139|LH_251|LH_414|LH_51|LH_260|LH_147|LH_45|LH_475|LH_308|LH_290|LH_436|LH_200|LH_477|LH_424|LH_238|LH_11|LH_183|LH_382|LH_234|LH_480|LH_450|LH_162|LH_136|LH_145|LH_221|LH_430|LH_27|LH_98|LH_137|LH_488|LH_115|LH_152|LH_172|LH_448|LH_3|LH_30|LH_385|LH_134|LH_296|LH_52|LH_419|LH_384|LH_93|LH_253|LH_418|LH_487|LH_171|LH_58|LH_131|LH_79|LH_127|LH_481|LH_403|LH_399|LH_213|LH_218|LH_232|LH_259|LH_371|LH_76|LH_470|LH_133|LH_166|LH_243|LH_393|LH_189|LH_182|LH_264|LH_180|LH_352|LH_406|LH_395|LH_370|LH_344|LH_214|LH_123|LH_377|LH_420|LH_39|LH_94|LH_230|LH_309|LH_117|LH_202|LH_355|LH_186|LH_163|LH_321|LH_442|LH_354|LH_161|LH_122|LH_493|LH_72|LH_100|LH_222,LH_298|LH_48|LH_5|LH_471|LH_132|LH_77|LH_367|LH_227|LH_323|LH_73|LH_109|LH_104|LH_363|LH_105|LH_445|LH_351|LH_208|LH_293|LH_258|LH_12|LH_381|LH_157|LH_126|LH_263|LH_175|LH_196|LH_257|LH_78|LH_292|LH_472|LH_276|LH_301|LH_280|LH_319|LH_429|LH_179|LH_491|LH_466|LH_326|LH_433|LH_140|LH_451|LH_141|LH_341|LH_75|LH_499|LH_38|LH_184|LH_150|LH_410|LH_143|LH_82|LH_159|LH_307|LH_271|LH_278|LH_462|LH_176|LH_125|LH_474|LH_169|LH_388|LH_473|LH_438|LH_335|LH_220|LH_288|LH_383|LH_387|LH_37|LH_353|LH_204|LH_233|LH_408|LH_409,LH_272|LH_228|LH_492|LH_165|LH_373|LH_421|LH_90|LH_295|LH_416|LH_226|LH_142|LH_391|LH_457|LH_300|LH_44|LH_188|LH_282|LH_69|LH_401|LH_59|LH_16|LH_310|LH_124|LH_62|LH_106|LH_101|LH_279|LH_56|LH_304|LH_15|LH_266|LH_181|LH_235|LH_203|LH_327|LH_400|LH_402|LH_116|LH_362|LH_13|LH_96|LH_394|LH_99|LH_461|LH_398|LH_34|LH_261|LH_283|LH_14|LH_313|LH_25|LH_210|LH_483|LH_489|LH_108|LH_392|LH_60|LH_22|LH_50|LH_205|LH_195|LH_33|LH_118|LH_291|LH_192|LH_190|LH_0|LH_270|LH_88|LH_484|LH_244|LH_428|LH_330|LH_42|LH_285,3ce48b66c11e30bec459c52ba7f4a900809dd2b45be0995b8b56aeaefc747951,True,True,True,True,True,True,complete,True,0.07543680486934526,0.09045071254173914,0.10532942483822505,0.1200870965299464,0.014420910752992665,-0.015924132975313032,0.2589280930153011,defined,0.29471200038989387,0.3236186865965525,0.11994453853216079,0.0496781050859462,0.414175632287134,75,0.0,0.0,0.1730533093214035,0.41922423243522644,0.24617092311382294,0.02890668620665868,0.11734095437307855,0.27321264892816544,not recorded,not recorded,d76364f63d1f38ab9d80c33c94ee8c4c99d553e46d01b561209f2c48a7dfcdc5,True,1.3877787807814457e-17,normalization_alternative,normalization_incompatible,alternative_protocol,unique,"normalization=zscore, expected minmax"
EvolveGCN-H,evolvegcn_h_500u_top500_h32_seed42,experiments/evolvegcn_h_500u_top500_h32_seed42,data/processed/temporal_500u_minmax_top500_periodic_knn/camels_500u_temporal_logmass_minmax_top500_periodic_knn.pt,data/processed/temporal_500u_minmax_top500_periodic_knn/camels_500u_temporal_logmass_minmax_top500_periodic_knn.metadata.json,temporal,500,LH_0..LH_499,5,five sorted snapshots; exact identities not persisted in sidecar,500,log10_Mvir|X|Y|Z|VX|VY|VZ,minmax,per_universe_per_snapshot_per_feature,False,True,8,25.0,32,2,evolvegcn_h,True,mean,mean,mlp,"Linear(D,H)-ReLU-Dropout-Linear(H,1)",False,False,4,300,40,0.001,1e-05,0.2,relu,1.0,MSE,42,0.7|0.15|0.15,LH_164|LH_383|LH_45|LH_156|LH_53|LH_72|LH_315|LH_209|LH_74|LH_333|LH_403|LH_415|LH_92|LH_215|LH_479|LH_59|LH_368|LH_163|LH_210|LH_251|LH_443|LH_320|LH_289|LH_389|LH_7|LH_462|LH_249|LH_228|LH_245|LH_211|LH_129|LH_162|LH_223|LH_41|LH_278|LH_21|LH_434|LH_68|LH_227|LH_151|LH_369|LH_217|LH_154|LH_177|LH_397|LH_139|LH_141|LH_326|LH_175|LH_170|LH_88|LH_96|LH_439|LH_303|LH_50|LH_199|LH_297|LH_131|LH_120|LH_358|LH_180|LH_370|LH_37|LH_160|LH_4|LH_93|LH_304|LH_188|LH_374|LH_453|LH_94|LH_468|LH_292|LH_340|LH_407|LH_408|LH_187|LH_334|LH_213|LH_127|LH_11|LH_6|LH_442|LH_246|LH_396|LH_425|LH_345|LH_89|LH_426|LH_26|LH_77|LH_184|LH_262|LH_207|LH_182|LH_95|LH_100|LH_419|LH_394|LH_155|LH_230|LH_362|LH_237|LH_353|LH_85|LH_323|LH_171|LH_393|LH_153|LH_313|LH_38|LH_392|LH_69|LH_106|LH_348|LH_489|LH_428|LH_158|LH_31|LH_244|LH_8|LH_267|LH_485|LH_233|LH_261|LH_401|LH_291|LH_198|LH_132|LH_324|LH_322|LH_2|LH_18|LH_488|LH_263|LH_76|LH_253|LH_314|LH_351|LH_471|LH_143|LH_449|LH_66|LH_179|LH_133|LH_144|LH_406|LH_280|LH_269|LH_466|LH_208|LH_145|LH_432|LH_277|LH_341|LH_465|LH_317|LH_17|LH_448|LH_20|LH_130|LH_238|LH_296|LH_286|LH_336|LH_300|LH_149|LH_203|LH_387|LH_398|LH_190|LH_201|LH_418|LH_14|LH_55|LH_75|LH_284|LH_39|LH_391|LH_460|LH_257|LH_178|LH_212|LH_472|LH_420|LH_67|LH_99|LH_476|LH_97|LH_196|LH_339|LH_288|LH_318|LH_457|LH_124|LH_242|LH_42|LH_60|LH_192|LH_422|LH_266|LH_254|LH_384|LH_497|LH_226|LH_495|LH_113|LH_19|LH_218|LH_118|LH_364|LH_385|LH_437|LH_293|LH_493|LH_378|LH_241|LH_446|LH_435|LH_27|LH_220|LH_469|LH_86|LH_361|LH_103|LH_481|LH_25|LH_307|LH_167|LH_450|LH_475|LH_410|LH_221|LH_416|LH_105|LH_371|LH_90|LH_452|LH_168|LH_240|LH_402|LH_48|LH_104|LH_206|LH_247|LH_200|LH_62|LH_477|LH_147|LH_146|LH_225|LH_421|LH_484|LH_491|LH_451|LH_109|LH_294|LH_440|LH_121|LH_265|LH_169|LH_381|LH_34|LH_268|LH_30|LH_400|LH_461|LH_354|LH_382|LH_10|LH_173|LH_342|LH_115|LH_363|LH_61|LH_231|LH_264|LH_224|LH_312|LH_356|LH_159|LH_102|LH_310|LH_372|LH_344|LH_337|LH_365|LH_84|LH_281|LH_243|LH_65|LH_64|LH_272|LH_423|LH_248|LH_43|LH_417|LH_375|LH_123|LH_29|LH_122|LH_157|LH_355|LH_330|LH_9|LH_250|LH_165|LH_306|LH_0|LH_271|LH_276|LH_82|LH_191|LH_347|LH_473|LH_399|LH_319|LH_152|LH_54|LH_259|LH_91|LH_256|LH_430|LH_1|LH_459|LH_80|LH_222|LH_431|LH_498|LH_455|LH_328|LH_404|LH_436|LH_58|LH_5|LH_283|LH_128|LH_270|LH_239|LH_405|LH_195|LH_197|LH_32|LH_305|LH_487|LH_458|LH_429|LH_78|LH_56|LH_24,LH_46|LH_252|LH_260|LH_70|LH_386|LH_427|LH_204|LH_298|LH_219|LH_299|LH_134|LH_275|LH_474|LH_126|LH_492|LH_441|LH_73|LH_234|LH_329|LH_202|LH_255|LH_335|LH_376|LH_380|LH_367|LH_290|LH_108|LH_33|LH_137|LH_205|LH_161|LH_482|LH_117|LH_28|LH_166|LH_350|LH_467|LH_285|LH_352|LH_499|LH_138|LH_463|LH_236|LH_409|LH_494|LH_438|LH_273|LH_87|LH_411|LH_311|LH_36|LH_331|LH_349|LH_470|LH_136|LH_343|LH_107|LH_181|LH_189|LH_83|LH_186|LH_325|LH_232|LH_454|LH_447|LH_51|LH_478|LH_444|LH_148|LH_395|LH_116|LH_338|LH_23|LH_35|LH_360,LH_98|LH_295|LH_185|LH_316|LH_321|LH_424|LH_150|LH_282|LH_40|LH_193|LH_63|LH_274|LH_235|LH_373|LH_22|LH_413|LH_135|LH_309|LH_176|LH_433|LH_183|LH_49|LH_194|LH_480|LH_490|LH_172|LH_390|LH_110|LH_79|LH_464|LH_174|LH_483|LH_357|LH_81|LH_412|LH_388|LH_3|LH_445|LH_414|LH_142|LH_301|LH_229|LH_112|LH_214|LH_486|LH_359|LH_332|LH_366|LH_101|LH_287|LH_13|LH_308|LH_258|LH_119|LH_111|LH_47|LH_15|LH_16|LH_216|LH_302|LH_44|LH_279|LH_456|LH_496|LH_346|LH_52|LH_377|LH_71|LH_114|LH_125|LH_140|LH_379|LH_12|LH_57|LH_327,0f963679cd284fca861fc2c59d88bdae8e8f1f21e2cbe1bb73bd593b49056748,True,True,True,True,True,True,complete,True,0.08304028506789889,0.07447421203056971,0.08128928263982137,0.09884928802565535,0.009771181743178968,0.048602084900082,0.35483171472636943,defined,0.2916933327913284,0.31985964477062223,0.10202514478236673,0.03697624404510675,0.3624228529543577,75,0.0,0.0,0.1329299658536911,0.38990792632102966,0.25697796046733856,0.028166311979293823,0.09538953183188113,0.2251739203929901,not recorded,not recorded,c8f9f807271dd0167657415c047499dcd2d13d1c37bfeb20a70f042444dd5fb3,True,0.0,canonical_evolvegcn_top100_top200_top500_500u,canonical_topn_compatible,reusable_existing,unique,
EvolveGCN-H,evolvegcn_h_500u_top500_h32_seed42_hybrid_summary,experiments/evolvegcn_h_500u_top500_h32_seed42_hybrid_summary,data/processed/temporal_500u_minmax_top500_periodic_knn/camels_500u_temporal_logmass_minmax_top500_periodic_knn.pt,data/processed/temporal_500u_minmax_top500_periodic_knn/camels_500u_temporal_logmass_minmax_top500_periodic_knn.metadata.json,temporal,500,LH_0..LH_499,5,five sorted snapshots; exact identities not persisted in sidecar,500,log10_Mvir|X|Y|Z|VX|VY|VZ,minmax,per_universe_per_snapshot_per_feature,False,True,8,25.0,32,2,evolvegcn_h,True,mean,mean,mlp,"Linear(D,H)-ReLU-Dropout-Linear(H,1)",True,True,4,300,40,0.001,1e-05,0.2,relu,1.0,MSE,42,0.7|0.15|0.15,LH_164|LH_383|LH_45|LH_156|LH_53|LH_72|LH_315|LH_209|LH_74|LH_333|LH_403|LH_415|LH_92|LH_215|LH_479|LH_59|LH_368|LH_163|LH_210|LH_251|LH_443|LH_320|LH_289|LH_389|LH_7|LH_462|LH_249|LH_228|LH_245|LH_211|LH_129|LH_162|LH_223|LH_41|LH_278|LH_21|LH_434|LH_68|LH_227|LH_151|LH_369|LH_217|LH_154|LH_177|LH_397|LH_139|LH_141|LH_326|LH_175|LH_170|LH_88|LH_96|LH_439|LH_303|LH_50|LH_199|LH_297|LH_131|LH_120|LH_358|LH_180|LH_370|LH_37|LH_160|LH_4|LH_93|LH_304|LH_188|LH_374|LH_453|LH_94|LH_468|LH_292|LH_340|LH_407|LH_408|LH_187|LH_334|LH_213|LH_127|LH_11|LH_6|LH_442|LH_246|LH_396|LH_425|LH_345|LH_89|LH_426|LH_26|LH_77|LH_184|LH_262|LH_207|LH_182|LH_95|LH_100|LH_419|LH_394|LH_155|LH_230|LH_362|LH_237|LH_353|LH_85|LH_323|LH_171|LH_393|LH_153|LH_313|LH_38|LH_392|LH_69|LH_106|LH_348|LH_489|LH_428|LH_158|LH_31|LH_244|LH_8|LH_267|LH_485|LH_233|LH_261|LH_401|LH_291|LH_198|LH_132|LH_324|LH_322|LH_2|LH_18|LH_488|LH_263|LH_76|LH_253|LH_314|LH_351|LH_471|LH_143|LH_449|LH_66|LH_179|LH_133|LH_144|LH_406|LH_280|LH_269|LH_466|LH_208|LH_145|LH_432|LH_277|LH_341|LH_465|LH_317|LH_17|LH_448|LH_20|LH_130|LH_238|LH_296|LH_286|LH_336|LH_300|LH_149|LH_203|LH_387|LH_398|LH_190|LH_201|LH_418|LH_14|LH_55|LH_75|LH_284|LH_39|LH_391|LH_460|LH_257|LH_178|LH_212|LH_472|LH_420|LH_67|LH_99|LH_476|LH_97|LH_196|LH_339|LH_288|LH_318|LH_457|LH_124|LH_242|LH_42|LH_60|LH_192|LH_422|LH_266|LH_254|LH_384|LH_497|LH_226|LH_495|LH_113|LH_19|LH_218|LH_118|LH_364|LH_385|LH_437|LH_293|LH_493|LH_378|LH_241|LH_446|LH_435|LH_27|LH_220|LH_469|LH_86|LH_361|LH_103|LH_481|LH_25|LH_307|LH_167|LH_450|LH_475|LH_410|LH_221|LH_416|LH_105|LH_371|LH_90|LH_452|LH_168|LH_240|LH_402|LH_48|LH_104|LH_206|LH_247|LH_200|LH_62|LH_477|LH_147|LH_146|LH_225|LH_421|LH_484|LH_491|LH_451|LH_109|LH_294|LH_440|LH_121|LH_265|LH_169|LH_381|LH_34|LH_268|LH_30|LH_400|LH_461|LH_354|LH_382|LH_10|LH_173|LH_342|LH_115|LH_363|LH_61|LH_231|LH_264|LH_224|LH_312|LH_356|LH_159|LH_102|LH_310|LH_372|LH_344|LH_337|LH_365|LH_84|LH_281|LH_243|LH_65|LH_64|LH_272|LH_423|LH_248|LH_43|LH_417|LH_375|LH_123|LH_29|LH_122|LH_157|LH_355|LH_330|LH_9|LH_250|LH_165|LH_306|LH_0|LH_271|LH_276|LH_82|LH_191|LH_347|LH_473|LH_399|LH_319|LH_152|LH_54|LH_259|LH_91|LH_256|LH_430|LH_1|LH_459|LH_80|LH_222|LH_431|LH_498|LH_455|LH_328|LH_404|LH_436|LH_58|LH_5|LH_283|LH_128|LH_270|LH_239|LH_405|LH_195|LH_197|LH_32|LH_305|LH_487|LH_458|LH_429|LH_78|LH_56|LH_24,LH_46|LH_252|LH_260|LH_70|LH_386|LH_427|LH_204|LH_298|LH_219|LH_299|LH_134|LH_275|LH_474|LH_126|LH_492|LH_441|LH_73|LH_234|LH_329|LH_202|LH_255|LH_335|LH_376|LH_380|LH_367|LH_290|LH_108|LH_33|LH_137|LH_205|LH_161|LH_482|LH_117|LH_28|LH_166|LH_350|LH_467|LH_285|LH_352|LH_499|LH_138|LH_463|LH_236|LH_409|LH_494|LH_438|LH_273|LH_87|LH_411|LH_311|LH_36|LH_331|LH_349|LH_470|LH_136|LH_343|LH_107|LH_181|LH_189|LH_83|LH_186|LH_325|LH_232|LH_454|LH_447|LH_51|LH_478|LH_444|LH_148|LH_395|LH_116|LH_338|LH_23|LH_35|LH_360,LH_98|LH_295|LH_185|LH_316|LH_321|LH_424|LH_150|LH_282|LH_40|LH_193|LH_63|LH_274|LH_235|LH_373|LH_22|LH_413|LH_135|LH_309|LH_176|LH_433|LH_183|LH_49|LH_194|LH_480|LH_490|LH_172|LH_390|LH_110|LH_79|LH_464|LH_174|LH_483|LH_357|LH_81|LH_412|LH_388|LH_3|LH_445|LH_414|LH_142|LH_301|LH_229|LH_112|LH_214|LH_486|LH_359|LH_332|LH_366|LH_101|LH_287|LH_13|LH_308|LH_258|LH_119|LH_111|LH_47|LH_15|LH_16|LH_216|LH_302|LH_44|LH_279|LH_456|LH_496|LH_346|LH_52|LH_377|LH_71|LH_114|LH_125|LH_140|LH_379|LH_12|LH_57|LH_327,0f963679cd284fca861fc2c59d88bdae8e8f1f21e2cbe1bb73bd593b49056748,True,True,True,True,True,True,complete,True,0.1008881705573627,0.09383496274550755,0.08658973077932994,0.10189894313235745,0.010383394611491419,-0.011007700468653514,nan,undefined_zero_prediction_variance,0.2916933327913284,0.302325963973999,0.10202514478236673,0.0,0.0,1,0.9866666666666667,0.9866666666666667,0.302325963973999,0.302325963973999,0.0,0.010632631182670594,0.10202514478236673,0.19532596319913864,not recorded,not recorded,823b34a12f4c6bcdccb1610eb645e3d030b766fa6e50d51c2adbdd6f230b24c0,True,0.0,hybrid_alternative,hybrid_incompatible,alternative_protocol,unique,summary-feature hybrid
EvolveGCN-H,evolvegcn_h_500u_top500_h32_seed42_hybrid_summary_norm,experiments/evolvegcn_h_500u_top500_h32_seed42_hybrid_summary_norm,data/processed/temporal_500u_minmax_top500_periodic_knn/camels_500u_temporal_logmass_minmax_top500_periodic_knn.pt,data/processed/temporal_500u_minmax_top500_periodic_knn/camels_500u_temporal_logmass_minmax_top500_periodic_knn.metadata.json,temporal,500,LH_0..LH_499,5,five sorted snapshots; exact identities not persisted in sidecar,500,log10_Mvir|X|Y|Z|VX|VY|VZ,minmax,per_universe_per_snapshot_per_feature,False,True,8,25.0,32,2,evolvegcn_h,True,mean,mean,mlp,"Linear(D,H)-ReLU-Dropout-Linear(H,1)",True,True,4,300,40,0.001,1e-05,0.2,relu,1.0,MSE,42,0.7|0.15|0.15,LH_164|LH_383|LH_45|LH_156|LH_53|LH_72|LH_315|LH_209|LH_74|LH_333|LH_403|LH_415|LH_92|LH_215|LH_479|LH_59|LH_368|LH_163|LH_210|LH_251|LH_443|LH_320|LH_289|LH_389|LH_7|LH_462|LH_249|LH_228|LH_245|LH_211|LH_129|LH_162|LH_223|LH_41|LH_278|LH_21|LH_434|LH_68|LH_227|LH_151|LH_369|LH_217|LH_154|LH_177|LH_397|LH_139|LH_141|LH_326|LH_175|LH_170|LH_88|LH_96|LH_439|LH_303|LH_50|LH_199|LH_297|LH_131|LH_120|LH_358|LH_180|LH_370|LH_37|LH_160|LH_4|LH_93|LH_304|LH_188|LH_374|LH_453|LH_94|LH_468|LH_292|LH_340|LH_407|LH_408|LH_187|LH_334|LH_213|LH_127|LH_11|LH_6|LH_442|LH_246|LH_396|LH_425|LH_345|LH_89|LH_426|LH_26|LH_77|LH_184|LH_262|LH_207|LH_182|LH_95|LH_100|LH_419|LH_394|LH_155|LH_230|LH_362|LH_237|LH_353|LH_85|LH_323|LH_171|LH_393|LH_153|LH_313|LH_38|LH_392|LH_69|LH_106|LH_348|LH_489|LH_428|LH_158|LH_31|LH_244|LH_8|LH_267|LH_485|LH_233|LH_261|LH_401|LH_291|LH_198|LH_132|LH_324|LH_322|LH_2|LH_18|LH_488|LH_263|LH_76|LH_253|LH_314|LH_351|LH_471|LH_143|LH_449|LH_66|LH_179|LH_133|LH_144|LH_406|LH_280|LH_269|LH_466|LH_208|LH_145|LH_432|LH_277|LH_341|LH_465|LH_317|LH_17|LH_448|LH_20|LH_130|LH_238|LH_296|LH_286|LH_336|LH_300|LH_149|LH_203|LH_387|LH_398|LH_190|LH_201|LH_418|LH_14|LH_55|LH_75|LH_284|LH_39|LH_391|LH_460|LH_257|LH_178|LH_212|LH_472|LH_420|LH_67|LH_99|LH_476|LH_97|LH_196|LH_339|LH_288|LH_318|LH_457|LH_124|LH_242|LH_42|LH_60|LH_192|LH_422|LH_266|LH_254|LH_384|LH_497|LH_226|LH_495|LH_113|LH_19|LH_218|LH_118|LH_364|LH_385|LH_437|LH_293|LH_493|LH_378|LH_241|LH_446|LH_435|LH_27|LH_220|LH_469|LH_86|LH_361|LH_103|LH_481|LH_25|LH_307|LH_167|LH_450|LH_475|LH_410|LH_221|LH_416|LH_105|LH_371|LH_90|LH_452|LH_168|LH_240|LH_402|LH_48|LH_104|LH_206|LH_247|LH_200|LH_62|LH_477|LH_147|LH_146|LH_225|LH_421|LH_484|LH_491|LH_451|LH_109|LH_294|LH_440|LH_121|LH_265|LH_169|LH_381|LH_34|LH_268|LH_30|LH_400|LH_461|LH_354|LH_382|LH_10|LH_173|LH_342|LH_115|LH_363|LH_61|LH_231|LH_264|LH_224|LH_312|LH_356|LH_159|LH_102|LH_310|LH_372|LH_344|LH_337|LH_365|LH_84|LH_281|LH_243|LH_65|LH_64|LH_272|LH_423|LH_248|LH_43|LH_417|LH_375|LH_123|LH_29|LH_122|LH_157|LH_355|LH_330|LH_9|LH_250|LH_165|LH_306|LH_0|LH_271|LH_276|LH_82|LH_191|LH_347|LH_473|LH_399|LH_319|LH_152|LH_54|LH_259|LH_91|LH_256|LH_430|LH_1|LH_459|LH_80|LH_222|LH_431|LH_498|LH_455|LH_328|LH_404|LH_436|LH_58|LH_5|LH_283|LH_128|LH_270|LH_239|LH_405|LH_195|LH_197|LH_32|LH_305|LH_487|LH_458|LH_429|LH_78|LH_56|LH_24,LH_46|LH_252|LH_260|LH_70|LH_386|LH_427|LH_204|LH_298|LH_219|LH_299|LH_134|LH_275|LH_474|LH_126|LH_492|LH_441|LH_73|LH_234|LH_329|LH_202|LH_255|LH_335|LH_376|LH_380|LH_367|LH_290|LH_108|LH_33|LH_137|LH_205|LH_161|LH_482|LH_117|LH_28|LH_166|LH_350|LH_467|LH_285|LH_352|LH_499|LH_138|LH_463|LH_236|LH_409|LH_494|LH_438|LH_273|LH_87|LH_411|LH_311|LH_36|LH_331|LH_349|LH_470|LH_136|LH_343|LH_107|LH_181|LH_189|LH_83|LH_186|LH_325|LH_232|LH_454|LH_447|LH_51|LH_478|LH_444|LH_148|LH_395|LH_116|LH_338|LH_23|LH_35|LH_360,LH_98|LH_295|LH_185|LH_316|LH_321|LH_424|LH_150|LH_282|LH_40|LH_193|LH_63|LH_274|LH_235|LH_373|LH_22|LH_413|LH_135|LH_309|LH_176|LH_433|LH_183|LH_49|LH_194|LH_480|LH_490|LH_172|LH_390|LH_110|LH_79|LH_464|LH_174|LH_483|LH_357|LH_81|LH_412|LH_388|LH_3|LH_445|LH_414|LH_142|LH_301|LH_229|LH_112|LH_214|LH_486|LH_359|LH_332|LH_366|LH_101|LH_287|LH_13|LH_308|LH_258|LH_119|LH_111|LH_47|LH_15|LH_16|LH_216|LH_302|LH_44|LH_279|LH_456|LH_496|LH_346|LH_52|LH_377|LH_71|LH_114|LH_125|LH_140|LH_379|LH_12|LH_57|LH_327,0f963679cd284fca861fc2c59d88bdae8e8f1f21e2cbe1bb73bd593b49056748,True,True,True,True,True,True,complete,True,0.043926137302603044,0.07574794461329779,0.08648423254489898,0.10368745961394142,0.010751089281192732,-0.046809300658045894,0.36415882511760406,defined,0.2916933327913284,0.3272258500258128,0.10202514478236673,0.06140195742702885,0.6018316127657298,75,0.0,0.0,0.19536656141281128,0.46639901399612427,0.271032452583313,0.035532517234484355,0.09806504408706385,0.2097642868757248,not recorded,not recorded,60eab6d5faf5bfe753f66bb755ced69ab0d3404744096f66e920b03009c2ea7d,True,0.0,hybrid_alternative,hybrid_incompatible,alternative_protocol,unique,summary-feature hybrid
EvolveGCN-H,evolvegcn_h_500u_top500_h32_seed42_leakyrelu,experiments/evolvegcn_h_500u_top500_h32_seed42_leakyrelu,data/processed/temporal_500u_minmax_top500_periodic_knn/camels_500u_temporal_logmass_minmax_top500_periodic_knn.pt,data/processed/temporal_500u_minmax_top500_periodic_knn/camels_500u_temporal_logmass_minmax_top500_periodic_knn.metadata.json,temporal,500,LH_0..LH_499,5,five sorted snapshots; exact identities not persisted in sidecar,500,log10_Mvir|X|Y|Z|VX|VY|VZ,minmax,per_universe_per_snapshot_per_feature,False,True,8,25.0,32,2,evolvegcn_h,True,mean,mean,mlp,"Linear(D,H)-ReLU-Dropout-Linear(H,1)",False,False,4,300,40,0.001,1e-05,0.2,leaky_relu,1.0,MSE,42,0.7|0.15|0.15,LH_164|LH_383|LH_45|LH_156|LH_53|LH_72|LH_315|LH_209|LH_74|LH_333|LH_403|LH_415|LH_92|LH_215|LH_479|LH_59|LH_368|LH_163|LH_210|LH_251|LH_443|LH_320|LH_289|LH_389|LH_7|LH_462|LH_249|LH_228|LH_245|LH_211|LH_129|LH_162|LH_223|LH_41|LH_278|LH_21|LH_434|LH_68|LH_227|LH_151|LH_369|LH_217|LH_154|LH_177|LH_397|LH_139|LH_141|LH_326|LH_175|LH_170|LH_88|LH_96|LH_439|LH_303|LH_50|LH_199|LH_297|LH_131|LH_120|LH_358|LH_180|LH_370|LH_37|LH_160|LH_4|LH_93|LH_304|LH_188|LH_374|LH_453|LH_94|LH_468|LH_292|LH_340|LH_407|LH_408|LH_187|LH_334|LH_213|LH_127|LH_11|LH_6|LH_442|LH_246|LH_396|LH_425|LH_345|LH_89|LH_426|LH_26|LH_77|LH_184|LH_262|LH_207|LH_182|LH_95|LH_100|LH_419|LH_394|LH_155|LH_230|LH_362|LH_237|LH_353|LH_85|LH_323|LH_171|LH_393|LH_153|LH_313|LH_38|LH_392|LH_69|LH_106|LH_348|LH_489|LH_428|LH_158|LH_31|LH_244|LH_8|LH_267|LH_485|LH_233|LH_261|LH_401|LH_291|LH_198|LH_132|LH_324|LH_322|LH_2|LH_18|LH_488|LH_263|LH_76|LH_253|LH_314|LH_351|LH_471|LH_143|LH_449|LH_66|LH_179|LH_133|LH_144|LH_406|LH_280|LH_269|LH_466|LH_208|LH_145|LH_432|LH_277|LH_341|LH_465|LH_317|LH_17|LH_448|LH_20|LH_130|LH_238|LH_296|LH_286|LH_336|LH_300|LH_149|LH_203|LH_387|LH_398|LH_190|LH_201|LH_418|LH_14|LH_55|LH_75|LH_284|LH_39|LH_391|LH_460|LH_257|LH_178|LH_212|LH_472|LH_420|LH_67|LH_99|LH_476|LH_97|LH_196|LH_339|LH_288|LH_318|LH_457|LH_124|LH_242|LH_42|LH_60|LH_192|LH_422|LH_266|LH_254|LH_384|LH_497|LH_226|LH_495|LH_113|LH_19|LH_218|LH_118|LH_364|LH_385|LH_437|LH_293|LH_493|LH_378|LH_241|LH_446|LH_435|LH_27|LH_220|LH_469|LH_86|LH_361|LH_103|LH_481|LH_25|LH_307|LH_167|LH_450|LH_475|LH_410|LH_221|LH_416|LH_105|LH_371|LH_90|LH_452|LH_168|LH_240|LH_402|LH_48|LH_104|LH_206|LH_247|LH_200|LH_62|LH_477|LH_147|LH_146|LH_225|LH_421|LH_484|LH_491|LH_451|LH_109|LH_294|LH_440|LH_121|LH_265|LH_169|LH_381|LH_34|LH_268|LH_30|LH_400|LH_461|LH_354|LH_382|LH_10|LH_173|LH_342|LH_115|LH_363|LH_61|LH_231|LH_264|LH_224|LH_312|LH_356|LH_159|LH_102|LH_310|LH_372|LH_344|LH_337|LH_365|LH_84|LH_281|LH_243|LH_65|LH_64|LH_272|LH_423|LH_248|LH_43|LH_417|LH_375|LH_123|LH_29|LH_122|LH_157|LH_355|LH_330|LH_9|LH_250|LH_165|LH_306|LH_0|LH_271|LH_276|LH_82|LH_191|LH_347|LH_473|LH_399|LH_319|LH_152|LH_54|LH_259|LH_91|LH_256|LH_430|LH_1|LH_459|LH_80|LH_222|LH_431|LH_498|LH_455|LH_328|LH_404|LH_436|LH_58|LH_5|LH_283|LH_128|LH_270|LH_239|LH_405|LH_195|LH_197|LH_32|LH_305|LH_487|LH_458|LH_429|LH_78|LH_56|LH_24,LH_46|LH_252|LH_260|LH_70|LH_386|LH_427|LH_204|LH_298|LH_219|LH_299|LH_134|LH_275|LH_474|LH_126|LH_492|LH_441|LH_73|LH_234|LH_329|LH_202|LH_255|LH_335|LH_376|LH_380|LH_367|LH_290|LH_108|LH_33|LH_137|LH_205|LH_161|LH_482|LH_117|LH_28|LH_166|LH_350|LH_467|LH_285|LH_352|LH_499|LH_138|LH_463|LH_236|LH_409|LH_494|LH_438|LH_273|LH_87|LH_411|LH_311|LH_36|LH_331|LH_349|LH_470|LH_136|LH_343|LH_107|LH_181|LH_189|LH_83|LH_186|LH_325|LH_232|LH_454|LH_447|LH_51|LH_478|LH_444|LH_148|LH_395|LH_116|LH_338|LH_23|LH_35|LH_360,LH_98|LH_295|LH_185|LH_316|LH_321|LH_424|LH_150|LH_282|LH_40|LH_193|LH_63|LH_274|LH_235|LH_373|LH_22|LH_413|LH_135|LH_309|LH_176|LH_433|LH_183|LH_49|LH_194|LH_480|LH_490|LH_172|LH_390|LH_110|LH_79|LH_464|LH_174|LH_483|LH_357|LH_81|LH_412|LH_388|LH_3|LH_445|LH_414|LH_142|LH_301|LH_229|LH_112|LH_214|LH_486|LH_359|LH_332|LH_366|LH_101|LH_287|LH_13|LH_308|LH_258|LH_119|LH_111|LH_47|LH_15|LH_16|LH_216|LH_302|LH_44|LH_279|LH_456|LH_496|LH_346|LH_52|LH_377|LH_71|LH_114|LH_125|LH_140|LH_379|LH_12|LH_57|LH_327,0f963679cd284fca861fc2c59d88bdae8e8f1f21e2cbe1bb73bd593b49056748,True,True,True,True,True,True,complete,True,0.08416209263460976,0.07528024087349573,0.08075622697671254,0.09979449979854646,0.009958942190042088,0.030320273919695495,0.3104055859098975,defined,0.2916933327913284,0.31763041138648984,0.10202514478236673,0.03401564829964611,0.3334045579862301,75,0.0,0.0,0.14776454865932465,0.36891597509384155,0.2211514264345169,0.025937078595161436,0.09701391379725204,0.209713876247406,not recorded,not recorded,ac89b00053ed76037990ed583aaacbf8c04ac855073ba981f3e5ff08fea876d2,True,0.0,compatible_anchor_or_duplicate_protocol,compatible_anchor_only,compatible_anchor_only,unique,same broad Top-N setting but not selected canonical mapping
EvolveGCN-H,evolvegcn_h_500u_top500_h32_seed42_linear_head,experiments/evolvegcn_h_500u_top500_h32_seed42_linear_head,data/processed/temporal_500u_minmax_top500_periodic_knn/camels_500u_temporal_logmass_minmax_top500_periodic_knn.pt,data/processed/temporal_500u_minmax_top500_periodic_knn/camels_500u_temporal_logmass_minmax_top500_periodic_knn.metadata.json,temporal,500,LH_0..LH_499,5,five sorted snapshots; exact identities not persisted in sidecar,500,log10_Mvir|X|Y|Z|VX|VY|VZ,minmax,per_universe_per_snapshot_per_feature,False,True,8,25.0,32,2,evolvegcn_h,True,mean,mean,linear,"Linear(D,1)",False,False,4,300,40,0.001,1e-05,0.2,leaky_relu,1.0,MSE,42,0.7|0.15|0.15,LH_164|LH_383|LH_45|LH_156|LH_53|LH_72|LH_315|LH_209|LH_74|LH_333|LH_403|LH_415|LH_92|LH_215|LH_479|LH_59|LH_368|LH_163|LH_210|LH_251|LH_443|LH_320|LH_289|LH_389|LH_7|LH_462|LH_249|LH_228|LH_245|LH_211|LH_129|LH_162|LH_223|LH_41|LH_278|LH_21|LH_434|LH_68|LH_227|LH_151|LH_369|LH_217|LH_154|LH_177|LH_397|LH_139|LH_141|LH_326|LH_175|LH_170|LH_88|LH_96|LH_439|LH_303|LH_50|LH_199|LH_297|LH_131|LH_120|LH_358|LH_180|LH_370|LH_37|LH_160|LH_4|LH_93|LH_304|LH_188|LH_374|LH_453|LH_94|LH_468|LH_292|LH_340|LH_407|LH_408|LH_187|LH_334|LH_213|LH_127|LH_11|LH_6|LH_442|LH_246|LH_396|LH_425|LH_345|LH_89|LH_426|LH_26|LH_77|LH_184|LH_262|LH_207|LH_182|LH_95|LH_100|LH_419|LH_394|LH_155|LH_230|LH_362|LH_237|LH_353|LH_85|LH_323|LH_171|LH_393|LH_153|LH_313|LH_38|LH_392|LH_69|LH_106|LH_348|LH_489|LH_428|LH_158|LH_31|LH_244|LH_8|LH_267|LH_485|LH_233|LH_261|LH_401|LH_291|LH_198|LH_132|LH_324|LH_322|LH_2|LH_18|LH_488|LH_263|LH_76|LH_253|LH_314|LH_351|LH_471|LH_143|LH_449|LH_66|LH_179|LH_133|LH_144|LH_406|LH_280|LH_269|LH_466|LH_208|LH_145|LH_432|LH_277|LH_341|LH_465|LH_317|LH_17|LH_448|LH_20|LH_130|LH_238|LH_296|LH_286|LH_336|LH_300|LH_149|LH_203|LH_387|LH_398|LH_190|LH_201|LH_418|LH_14|LH_55|LH_75|LH_284|LH_39|LH_391|LH_460|LH_257|LH_178|LH_212|LH_472|LH_420|LH_67|LH_99|LH_476|LH_97|LH_196|LH_339|LH_288|LH_318|LH_457|LH_124|LH_242|LH_42|LH_60|LH_192|LH_422|LH_266|LH_254|LH_384|LH_497|LH_226|LH_495|LH_113|LH_19|LH_218|LH_118|LH_364|LH_385|LH_437|LH_293|LH_493|LH_378|LH_241|LH_446|LH_435|LH_27|LH_220|LH_469|LH_86|LH_361|LH_103|LH_481|LH_25|LH_307|LH_167|LH_450|LH_475|LH_410|LH_221|LH_416|LH_105|LH_371|LH_90|LH_452|LH_168|LH_240|LH_402|LH_48|LH_104|LH_206|LH_247|LH_200|LH_62|LH_477|LH_147|LH_146|LH_225|LH_421|LH_484|LH_491|LH_451|LH_109|LH_294|LH_440|LH_121|LH_265|LH_169|LH_381|LH_34|LH_268|LH_30|LH_400|LH_461|LH_354|LH_382|LH_10|LH_173|LH_342|LH_115|LH_363|LH_61|LH_231|LH_264|LH_224|LH_312|LH_356|LH_159|LH_102|LH_310|LH_372|LH_344|LH_337|LH_365|LH_84|LH_281|LH_243|LH_65|LH_64|LH_272|LH_423|LH_248|LH_43|LH_417|LH_375|LH_123|LH_29|LH_122|LH_157|LH_355|LH_330|LH_9|LH_250|LH_165|LH_306|LH_0|LH_271|LH_276|LH_82|LH_191|LH_347|LH_473|LH_399|LH_319|LH_152|LH_54|LH_259|LH_91|LH_256|LH_430|LH_1|LH_459|LH_80|LH_222|LH_431|LH_498|LH_455|LH_328|LH_404|LH_436|LH_58|LH_5|LH_283|LH_128|LH_270|LH_239|LH_405|LH_195|LH_197|LH_32|LH_305|LH_487|LH_458|LH_429|LH_78|LH_56|LH_24,LH_46|LH_252|LH_260|LH_70|LH_386|LH_427|LH_204|LH_298|LH_219|LH_299|LH_134|LH_275|LH_474|LH_126|LH_492|LH_441|LH_73|LH_234|LH_329|LH_202|LH_255|LH_335|LH_376|LH_380|LH_367|LH_290|LH_108|LH_33|LH_137|LH_205|LH_161|LH_482|LH_117|LH_28|LH_166|LH_350|LH_467|LH_285|LH_352|LH_499|LH_138|LH_463|LH_236|LH_409|LH_494|LH_438|LH_273|LH_87|LH_411|LH_311|LH_36|LH_331|LH_349|LH_470|LH_136|LH_343|LH_107|LH_181|LH_189|LH_83|LH_186|LH_325|LH_232|LH_454|LH_447|LH_51|LH_478|LH_444|LH_148|LH_395|LH_116|LH_338|LH_23|LH_35|LH_360,LH_98|LH_295|LH_185|LH_316|LH_321|LH_424|LH_150|LH_282|LH_40|LH_193|LH_63|LH_274|LH_235|LH_373|LH_22|LH_413|LH_135|LH_309|LH_176|LH_433|LH_183|LH_49|LH_194|LH_480|LH_490|LH_172|LH_390|LH_110|LH_79|LH_464|LH_174|LH_483|LH_357|LH_81|LH_412|LH_388|LH_3|LH_445|LH_414|LH_142|LH_301|LH_229|LH_112|LH_214|LH_486|LH_359|LH_332|LH_366|LH_101|LH_287|LH_13|LH_308|LH_258|LH_119|LH_111|LH_47|LH_15|LH_16|LH_216|LH_302|LH_44|LH_279|LH_456|LH_496|LH_346|LH_52|LH_377|LH_71|LH_114|LH_125|LH_140|LH_379|LH_12|LH_57|LH_327,0f963679cd284fca861fc2c59d88bdae8e8f1f21e2cbe1bb73bd593b49056748,True,True,True,True,True,True,complete,True,0.07943381773574011,0.07289294769366582,0.08461625049511591,0.10046117771949634,0.010092448228788227,0.0173210922183632,0.28276247816477607,defined,0.2916933327913284,0.3045500674843788,0.10202514478236673,0.050858680185132475,0.4984916247227175,75,0.0,0.0,0.10827859491109848,0.4225431978702545,0.31426460295915604,0.012856734693050384,0.10030604823566801,0.2146400809288025,not recorded,not recorded,0202ae0dea5c1be9b76a187ab4a0d44936f8b8265a1c0ef459b0d77e03b148d9,True,0.0,head_alternative,head_incompatible,alternative_protocol,unique,head=linear
EvolveGCN-H,evolvegcn_h_500u_top500_h32_seed42_linear_head_targetnorm,experiments/evolvegcn_h_500u_top500_h32_seed42_linear_head_targetnorm,data/processed/temporal_500u_minmax_top500_periodic_knn/camels_500u_temporal_logmass_minmax_top500_periodic_knn.pt,data/processed/temporal_500u_minmax_top500_periodic_knn/camels_500u_temporal_logmass_minmax_top500_periodic_knn.metadata.json,temporal,500,LH_0..LH_499,5,five sorted snapshots; exact identities not persisted in sidecar,500,log10_Mvir|X|Y|Z|VX|VY|VZ,minmax,per_universe_per_snapshot_per_feature,True,True,8,25.0,32,2,evolvegcn_h,True,mean,mean,linear,"Linear(D,1)",False,False,4,300,40,0.001,1e-05,0.2,leaky_relu,1.0,MSE,42,0.7|0.15|0.15,LH_164|LH_383|LH_45|LH_156|LH_53|LH_72|LH_315|LH_209|LH_74|LH_333|LH_403|LH_415|LH_92|LH_215|LH_479|LH_59|LH_368|LH_163|LH_210|LH_251|LH_443|LH_320|LH_289|LH_389|LH_7|LH_462|LH_249|LH_228|LH_245|LH_211|LH_129|LH_162|LH_223|LH_41|LH_278|LH_21|LH_434|LH_68|LH_227|LH_151|LH_369|LH_217|LH_154|LH_177|LH_397|LH_139|LH_141|LH_326|LH_175|LH_170|LH_88|LH_96|LH_439|LH_303|LH_50|LH_199|LH_297|LH_131|LH_120|LH_358|LH_180|LH_370|LH_37|LH_160|LH_4|LH_93|LH_304|LH_188|LH_374|LH_453|LH_94|LH_468|LH_292|LH_340|LH_407|LH_408|LH_187|LH_334|LH_213|LH_127|LH_11|LH_6|LH_442|LH_246|LH_396|LH_425|LH_345|LH_89|LH_426|LH_26|LH_77|LH_184|LH_262|LH_207|LH_182|LH_95|LH_100|LH_419|LH_394|LH_155|LH_230|LH_362|LH_237|LH_353|LH_85|LH_323|LH_171|LH_393|LH_153|LH_313|LH_38|LH_392|LH_69|LH_106|LH_348|LH_489|LH_428|LH_158|LH_31|LH_244|LH_8|LH_267|LH_485|LH_233|LH_261|LH_401|LH_291|LH_198|LH_132|LH_324|LH_322|LH_2|LH_18|LH_488|LH_263|LH_76|LH_253|LH_314|LH_351|LH_471|LH_143|LH_449|LH_66|LH_179|LH_133|LH_144|LH_406|LH_280|LH_269|LH_466|LH_208|LH_145|LH_432|LH_277|LH_341|LH_465|LH_317|LH_17|LH_448|LH_20|LH_130|LH_238|LH_296|LH_286|LH_336|LH_300|LH_149|LH_203|LH_387|LH_398|LH_190|LH_201|LH_418|LH_14|LH_55|LH_75|LH_284|LH_39|LH_391|LH_460|LH_257|LH_178|LH_212|LH_472|LH_420|LH_67|LH_99|LH_476|LH_97|LH_196|LH_339|LH_288|LH_318|LH_457|LH_124|LH_242|LH_42|LH_60|LH_192|LH_422|LH_266|LH_254|LH_384|LH_497|LH_226|LH_495|LH_113|LH_19|LH_218|LH_118|LH_364|LH_385|LH_437|LH_293|LH_493|LH_378|LH_241|LH_446|LH_435|LH_27|LH_220|LH_469|LH_86|LH_361|LH_103|LH_481|LH_25|LH_307|LH_167|LH_450|LH_475|LH_410|LH_221|LH_416|LH_105|LH_371|LH_90|LH_452|LH_168|LH_240|LH_402|LH_48|LH_104|LH_206|LH_247|LH_200|LH_62|LH_477|LH_147|LH_146|LH_225|LH_421|LH_484|LH_491|LH_451|LH_109|LH_294|LH_440|LH_121|LH_265|LH_169|LH_381|LH_34|LH_268|LH_30|LH_400|LH_461|LH_354|LH_382|LH_10|LH_173|LH_342|LH_115|LH_363|LH_61|LH_231|LH_264|LH_224|LH_312|LH_356|LH_159|LH_102|LH_310|LH_372|LH_344|LH_337|LH_365|LH_84|LH_281|LH_243|LH_65|LH_64|LH_272|LH_423|LH_248|LH_43|LH_417|LH_375|LH_123|LH_29|LH_122|LH_157|LH_355|LH_330|LH_9|LH_250|LH_165|LH_306|LH_0|LH_271|LH_276|LH_82|LH_191|LH_347|LH_473|LH_399|LH_319|LH_152|LH_54|LH_259|LH_91|LH_256|LH_430|LH_1|LH_459|LH_80|LH_222|LH_431|LH_498|LH_455|LH_328|LH_404|LH_436|LH_58|LH_5|LH_283|LH_128|LH_270|LH_239|LH_405|LH_195|LH_197|LH_32|LH_305|LH_487|LH_458|LH_429|LH_78|LH_56|LH_24,LH_46|LH_252|LH_260|LH_70|LH_386|LH_427|LH_204|LH_298|LH_219|LH_299|LH_134|LH_275|LH_474|LH_126|LH_492|LH_441|LH_73|LH_234|LH_329|LH_202|LH_255|LH_335|LH_376|LH_380|LH_367|LH_290|LH_108|LH_33|LH_137|LH_205|LH_161|LH_482|LH_117|LH_28|LH_166|LH_350|LH_467|LH_285|LH_352|LH_499|LH_138|LH_463|LH_236|LH_409|LH_494|LH_438|LH_273|LH_87|LH_411|LH_311|LH_36|LH_331|LH_349|LH_470|LH_136|LH_343|LH_107|LH_181|LH_189|LH_83|LH_186|LH_325|LH_232|LH_454|LH_447|LH_51|LH_478|LH_444|LH_148|LH_395|LH_116|LH_338|LH_23|LH_35|LH_360,LH_98|LH_295|LH_185|LH_316|LH_321|LH_424|LH_150|LH_282|LH_40|LH_193|LH_63|LH_274|LH_235|LH_373|LH_22|LH_413|LH_135|LH_309|LH_176|LH_433|LH_183|LH_49|LH_194|LH_480|LH_490|LH_172|LH_390|LH_110|LH_79|LH_464|LH_174|LH_483|LH_357|LH_81|LH_412|LH_388|LH_3|LH_445|LH_414|LH_142|LH_301|LH_229|LH_112|LH_214|LH_486|LH_359|LH_332|LH_366|LH_101|LH_287|LH_13|LH_308|LH_258|LH_119|LH_111|LH_47|LH_15|LH_16|LH_216|LH_302|LH_44|LH_279|LH_456|LH_496|LH_346|LH_52|LH_377|LH_71|LH_114|LH_125|LH_140|LH_379|LH_12|LH_57|LH_327,0f963679cd284fca861fc2c59d88bdae8e8f1f21e2cbe1bb73bd593b49056748,True,True,True,True,True,True,complete,True,0.07889690386397498,0.08093140890200932,0.08708491245905559,0.10453583276028873,0.010927740330887054,-0.06400941470737398,0.19691789586559486,defined,0.2916933327913284,0.3129282166560491,0.10202514478236673,0.04484738997979218,0.4395719317571924,75,0.0,0.0,0.13584160804748535,0.38387784361839294,0.2480362355709076,0.021234883864720663,0.10304561459520206,0.2324519157409668,not recorded,not recorded,c4e0ef47567fa3c1fd033d9892206ff62c4230d1eacb980c32542a553aa321df,True,1.734723475976807e-18,head_alternative,head_incompatible,alternative_protocol,unique,head=linear
EvolveGCN-H,evolvegcn_h_500u_top500_h32_seed42_meanmax,experiments/evolvegcn_h_500u_top500_h32_seed42_meanmax,data/processed/temporal_500u_minmax_top500_periodic_knn/camels_500u_temporal_logmass_minmax_top500_periodic_knn.pt,data/processed/temporal_500u_minmax_top500_periodic_knn/camels_500u_temporal_logmass_minmax_top500_periodic_knn.metadata.json,temporal,500,LH_0..LH_499,5,five sorted snapshots; exact identities not persisted in sidecar,500,log10_Mvir|X|Y|Z|VX|VY|VZ,minmax,per_universe_per_snapshot_per_feature,False,True,8,25.0,32,2,evolvegcn_h,True,mean_max,mean,mlp,"Linear(D,H)-ReLU-Dropout-Linear(H,1)",False,False,4,300,40,0.001,1e-05,0.2,relu,1.0,MSE,42,0.7|0.15|0.15,LH_164|LH_383|LH_45|LH_156|LH_53|LH_72|LH_315|LH_209|LH_74|LH_333|LH_403|LH_415|LH_92|LH_215|LH_479|LH_59|LH_368|LH_163|LH_210|LH_251|LH_443|LH_320|LH_289|LH_389|LH_7|LH_462|LH_249|LH_228|LH_245|LH_211|LH_129|LH_162|LH_223|LH_41|LH_278|LH_21|LH_434|LH_68|LH_227|LH_151|LH_369|LH_217|LH_154|LH_177|LH_397|LH_139|LH_141|LH_326|LH_175|LH_170|LH_88|LH_96|LH_439|LH_303|LH_50|LH_199|LH_297|LH_131|LH_120|LH_358|LH_180|LH_370|LH_37|LH_160|LH_4|LH_93|LH_304|LH_188|LH_374|LH_453|LH_94|LH_468|LH_292|LH_340|LH_407|LH_408|LH_187|LH_334|LH_213|LH_127|LH_11|LH_6|LH_442|LH_246|LH_396|LH_425|LH_345|LH_89|LH_426|LH_26|LH_77|LH_184|LH_262|LH_207|LH_182|LH_95|LH_100|LH_419|LH_394|LH_155|LH_230|LH_362|LH_237|LH_353|LH_85|LH_323|LH_171|LH_393|LH_153|LH_313|LH_38|LH_392|LH_69|LH_106|LH_348|LH_489|LH_428|LH_158|LH_31|LH_244|LH_8|LH_267|LH_485|LH_233|LH_261|LH_401|LH_291|LH_198|LH_132|LH_324|LH_322|LH_2|LH_18|LH_488|LH_263|LH_76|LH_253|LH_314|LH_351|LH_471|LH_143|LH_449|LH_66|LH_179|LH_133|LH_144|LH_406|LH_280|LH_269|LH_466|LH_208|LH_145|LH_432|LH_277|LH_341|LH_465|LH_317|LH_17|LH_448|LH_20|LH_130|LH_238|LH_296|LH_286|LH_336|LH_300|LH_149|LH_203|LH_387|LH_398|LH_190|LH_201|LH_418|LH_14|LH_55|LH_75|LH_284|LH_39|LH_391|LH_460|LH_257|LH_178|LH_212|LH_472|LH_420|LH_67|LH_99|LH_476|LH_97|LH_196|LH_339|LH_288|LH_318|LH_457|LH_124|LH_242|LH_42|LH_60|LH_192|LH_422|LH_266|LH_254|LH_384|LH_497|LH_226|LH_495|LH_113|LH_19|LH_218|LH_118|LH_364|LH_385|LH_437|LH_293|LH_493|LH_378|LH_241|LH_446|LH_435|LH_27|LH_220|LH_469|LH_86|LH_361|LH_103|LH_481|LH_25|LH_307|LH_167|LH_450|LH_475|LH_410|LH_221|LH_416|LH_105|LH_371|LH_90|LH_452|LH_168|LH_240|LH_402|LH_48|LH_104|LH_206|LH_247|LH_200|LH_62|LH_477|LH_147|LH_146|LH_225|LH_421|LH_484|LH_491|LH_451|LH_109|LH_294|LH_440|LH_121|LH_265|LH_169|LH_381|LH_34|LH_268|LH_30|LH_400|LH_461|LH_354|LH_382|LH_10|LH_173|LH_342|LH_115|LH_363|LH_61|LH_231|LH_264|LH_224|LH_312|LH_356|LH_159|LH_102|LH_310|LH_372|LH_344|LH_337|LH_365|LH_84|LH_281|LH_243|LH_65|LH_64|LH_272|LH_423|LH_248|LH_43|LH_417|LH_375|LH_123|LH_29|LH_122|LH_157|LH_355|LH_330|LH_9|LH_250|LH_165|LH_306|LH_0|LH_271|LH_276|LH_82|LH_191|LH_347|LH_473|LH_399|LH_319|LH_152|LH_54|LH_259|LH_91|LH_256|LH_430|LH_1|LH_459|LH_80|LH_222|LH_431|LH_498|LH_455|LH_328|LH_404|LH_436|LH_58|LH_5|LH_283|LH_128|LH_270|LH_239|LH_405|LH_195|LH_197|LH_32|LH_305|LH_487|LH_458|LH_429|LH_78|LH_56|LH_24,LH_46|LH_252|LH_260|LH_70|LH_386|LH_427|LH_204|LH_298|LH_219|LH_299|LH_134|LH_275|LH_474|LH_126|LH_492|LH_441|LH_73|LH_234|LH_329|LH_202|LH_255|LH_335|LH_376|LH_380|LH_367|LH_290|LH_108|LH_33|LH_137|LH_205|LH_161|LH_482|LH_117|LH_28|LH_166|LH_350|LH_467|LH_285|LH_352|LH_499|LH_138|LH_463|LH_236|LH_409|LH_494|LH_438|LH_273|LH_87|LH_411|LH_311|LH_36|LH_331|LH_349|LH_470|LH_136|LH_343|LH_107|LH_181|LH_189|LH_83|LH_186|LH_325|LH_232|LH_454|LH_447|LH_51|LH_478|LH_444|LH_148|LH_395|LH_116|LH_338|LH_23|LH_35|LH_360,LH_98|LH_295|LH_185|LH_316|LH_321|LH_424|LH_150|LH_282|LH_40|LH_193|LH_63|LH_274|LH_235|LH_373|LH_22|LH_413|LH_135|LH_309|LH_176|LH_433|LH_183|LH_49|LH_194|LH_480|LH_490|LH_172|LH_390|LH_110|LH_79|LH_464|LH_174|LH_483|LH_357|LH_81|LH_412|LH_388|LH_3|LH_445|LH_414|LH_142|LH_301|LH_229|LH_112|LH_214|LH_486|LH_359|LH_332|LH_366|LH_101|LH_287|LH_13|LH_308|LH_258|LH_119|LH_111|LH_47|LH_15|LH_16|LH_216|LH_302|LH_44|LH_279|LH_456|LH_496|LH_346|LH_52|LH_377|LH_71|LH_114|LH_125|LH_140|LH_379|LH_12|LH_57|LH_327,0f963679cd284fca861fc2c59d88bdae8e8f1f21e2cbe1bb73bd593b49056748,True,True,True,True,True,True,complete,True,0.08921763407332557,0.08315107196569443,0.08437216738859812,0.1016987221852858,0.010342630094119945,-0.0070385514080142375,0.1682108954578509,defined,0.2916933327913284,0.30991713325182596,0.10202514478236673,0.02274705351775668,0.22295536621172346,75,0.0,0.0,0.1750379204750061,0.34238091111183167,0.16734299063682556,0.018223800460497538,0.10072636462869802,0.20261497795581818,not recorded,not recorded,b7933c0a31e128e51752b75b25f39a44a610e1690ede8d430197867f6d33f4c6,True,0.0,graph_pooling_alternative,graph_pooling_incompatible,alternative_protocol,unique,graph_pooling=mean_max
EvolveGCN-H,evolvegcn_h_500u_top500_h32_seed42_none_norm,experiments/evolvegcn_h_500u_top500_h32_seed42_none_norm,data/processed/temporal_500u_none_top500_periodic_knn/camels_500u_temporal_logmass_none_top500_periodic_knn.pt,data/processed/temporal_500u_none_top500_periodic_knn/camels_500u_temporal_logmass_none_top500_periodic_knn.metadata.json,temporal,500,LH_0..LH_499,5,five sorted snapshots; exact identities not persisted in sidecar,500,log10_Mvir|X|Y|Z|VX|VY|VZ,none,none after log10(Mvir),False,True,8,25.0,32,2,evolvegcn_h,True,mean,mean,mlp,"Linear(D,H)-ReLU-Dropout-Linear(H,1)",False,False,4,300,40,0.001,1e-05,0.2,relu,1.0,MSE,42,0.7|0.15|0.15,LH_164|LH_383|LH_45|LH_156|LH_53|LH_72|LH_315|LH_209|LH_74|LH_333|LH_403|LH_415|LH_92|LH_215|LH_479|LH_59|LH_368|LH_163|LH_210|LH_251|LH_443|LH_320|LH_289|LH_389|LH_7|LH_462|LH_249|LH_228|LH_245|LH_211|LH_129|LH_162|LH_223|LH_41|LH_278|LH_21|LH_434|LH_68|LH_227|LH_151|LH_369|LH_217|LH_154|LH_177|LH_397|LH_139|LH_141|LH_326|LH_175|LH_170|LH_88|LH_96|LH_439|LH_303|LH_50|LH_199|LH_297|LH_131|LH_120|LH_358|LH_180|LH_370|LH_37|LH_160|LH_4|LH_93|LH_304|LH_188|LH_374|LH_453|LH_94|LH_468|LH_292|LH_340|LH_407|LH_408|LH_187|LH_334|LH_213|LH_127|LH_11|LH_6|LH_442|LH_246|LH_396|LH_425|LH_345|LH_89|LH_426|LH_26|LH_77|LH_184|LH_262|LH_207|LH_182|LH_95|LH_100|LH_419|LH_394|LH_155|LH_230|LH_362|LH_237|LH_353|LH_85|LH_323|LH_171|LH_393|LH_153|LH_313|LH_38|LH_392|LH_69|LH_106|LH_348|LH_489|LH_428|LH_158|LH_31|LH_244|LH_8|LH_267|LH_485|LH_233|LH_261|LH_401|LH_291|LH_198|LH_132|LH_324|LH_322|LH_2|LH_18|LH_488|LH_263|LH_76|LH_253|LH_314|LH_351|LH_471|LH_143|LH_449|LH_66|LH_179|LH_133|LH_144|LH_406|LH_280|LH_269|LH_466|LH_208|LH_145|LH_432|LH_277|LH_341|LH_465|LH_317|LH_17|LH_448|LH_20|LH_130|LH_238|LH_296|LH_286|LH_336|LH_300|LH_149|LH_203|LH_387|LH_398|LH_190|LH_201|LH_418|LH_14|LH_55|LH_75|LH_284|LH_39|LH_391|LH_460|LH_257|LH_178|LH_212|LH_472|LH_420|LH_67|LH_99|LH_476|LH_97|LH_196|LH_339|LH_288|LH_318|LH_457|LH_124|LH_242|LH_42|LH_60|LH_192|LH_422|LH_266|LH_254|LH_384|LH_497|LH_226|LH_495|LH_113|LH_19|LH_218|LH_118|LH_364|LH_385|LH_437|LH_293|LH_493|LH_378|LH_241|LH_446|LH_435|LH_27|LH_220|LH_469|LH_86|LH_361|LH_103|LH_481|LH_25|LH_307|LH_167|LH_450|LH_475|LH_410|LH_221|LH_416|LH_105|LH_371|LH_90|LH_452|LH_168|LH_240|LH_402|LH_48|LH_104|LH_206|LH_247|LH_200|LH_62|LH_477|LH_147|LH_146|LH_225|LH_421|LH_484|LH_491|LH_451|LH_109|LH_294|LH_440|LH_121|LH_265|LH_169|LH_381|LH_34|LH_268|LH_30|LH_400|LH_461|LH_354|LH_382|LH_10|LH_173|LH_342|LH_115|LH_363|LH_61|LH_231|LH_264|LH_224|LH_312|LH_356|LH_159|LH_102|LH_310|LH_372|LH_344|LH_337|LH_365|LH_84|LH_281|LH_243|LH_65|LH_64|LH_272|LH_423|LH_248|LH_43|LH_417|LH_375|LH_123|LH_29|LH_122|LH_157|LH_355|LH_330|LH_9|LH_250|LH_165|LH_306|LH_0|LH_271|LH_276|LH_82|LH_191|LH_347|LH_473|LH_399|LH_319|LH_152|LH_54|LH_259|LH_91|LH_256|LH_430|LH_1|LH_459|LH_80|LH_222|LH_431|LH_498|LH_455|LH_328|LH_404|LH_436|LH_58|LH_5|LH_283|LH_128|LH_270|LH_239|LH_405|LH_195|LH_197|LH_32|LH_305|LH_487|LH_458|LH_429|LH_78|LH_56|LH_24,LH_46|LH_252|LH_260|LH_70|LH_386|LH_427|LH_204|LH_298|LH_219|LH_299|LH_134|LH_275|LH_474|LH_126|LH_492|LH_441|LH_73|LH_234|LH_329|LH_202|LH_255|LH_335|LH_376|LH_380|LH_367|LH_290|LH_108|LH_33|LH_137|LH_205|LH_161|LH_482|LH_117|LH_28|LH_166|LH_350|LH_467|LH_285|LH_352|LH_499|LH_138|LH_463|LH_236|LH_409|LH_494|LH_438|LH_273|LH_87|LH_411|LH_311|LH_36|LH_331|LH_349|LH_470|LH_136|LH_343|LH_107|LH_181|LH_189|LH_83|LH_186|LH_325|LH_232|LH_454|LH_447|LH_51|LH_478|LH_444|LH_148|LH_395|LH_116|LH_338|LH_23|LH_35|LH_360,LH_98|LH_295|LH_185|LH_316|LH_321|LH_424|LH_150|LH_282|LH_40|LH_193|LH_63|LH_274|LH_235|LH_373|LH_22|LH_413|LH_135|LH_309|LH_176|LH_433|LH_183|LH_49|LH_194|LH_480|LH_490|LH_172|LH_390|LH_110|LH_79|LH_464|LH_174|LH_483|LH_357|LH_81|LH_412|LH_388|LH_3|LH_445|LH_414|LH_142|LH_301|LH_229|LH_112|LH_214|LH_486|LH_359|LH_332|LH_366|LH_101|LH_287|LH_13|LH_308|LH_258|LH_119|LH_111|LH_47|LH_15|LH_16|LH_216|LH_302|LH_44|LH_279|LH_456|LH_496|LH_346|LH_52|LH_377|LH_71|LH_114|LH_125|LH_140|LH_379|LH_12|LH_57|LH_327,0f963679cd284fca861fc2c59d88bdae8e8f1f21e2cbe1bb73bd593b49056748,True,True,True,True,True,True,complete,True,0.03841830632516316,0.056008677581946054,0.0622237753868103,0.07423715188332335,0.005511154719747619,0.4633913023037175,0.683718302176529,defined,0.2916933327913284,0.2922469502687454,0.10202514478236673,0.063263961431866,0.6200820549367166,75,0.0,0.0,0.14881430566310883,0.412312388420105,0.26349808275699615,0.0005536174774169922,0.0747349928040988,0.18115359544754028,not recorded,not recorded,212e4cbfd3380c768534ed48582ad8e98973d404ff1db622333ab9d3ed718498,True,0.0,normalization_alternative,normalization_incompatible,alternative_protocol,unique,"normalization=none, expected minmax"
EvolveGCN-H,evolvegcn_h_500u_top500_h32_seed42_zscore,experiments/evolvegcn_h_500u_top500_h32_seed42_zscore,data/processed/temporal_500u_zscore_top500_periodic_knn/camels_500u_temporal_logmass_zscore_top500_periodic_knn.pt,data/processed/temporal_500u_zscore_top500_periodic_knn/camels_500u_temporal_logmass_zscore_top500_periodic_knn.metadata.json,temporal,500,LH_0..LH_499,5,five sorted snapshots; exact identities not persisted in sidecar,500,log10_Mvir|X|Y|Z|VX|VY|VZ,zscore,per_universe_per_snapshot_per_feature,False,True,8,25.0,32,2,evolvegcn_h,True,mean,mean,mlp,"Linear(D,H)-ReLU-Dropout-Linear(H,1)",False,False,4,300,40,0.001,1e-05,0.2,relu,1.0,MSE,42,0.7|0.15|0.15,LH_164|LH_383|LH_45|LH_156|LH_53|LH_72|LH_315|LH_209|LH_74|LH_333|LH_403|LH_415|LH_92|LH_215|LH_479|LH_59|LH_368|LH_163|LH_210|LH_251|LH_443|LH_320|LH_289|LH_389|LH_7|LH_462|LH_249|LH_228|LH_245|LH_211|LH_129|LH_162|LH_223|LH_41|LH_278|LH_21|LH_434|LH_68|LH_227|LH_151|LH_369|LH_217|LH_154|LH_177|LH_397|LH_139|LH_141|LH_326|LH_175|LH_170|LH_88|LH_96|LH_439|LH_303|LH_50|LH_199|LH_297|LH_131|LH_120|LH_358|LH_180|LH_370|LH_37|LH_160|LH_4|LH_93|LH_304|LH_188|LH_374|LH_453|LH_94|LH_468|LH_292|LH_340|LH_407|LH_408|LH_187|LH_334|LH_213|LH_127|LH_11|LH_6|LH_442|LH_246|LH_396|LH_425|LH_345|LH_89|LH_426|LH_26|LH_77|LH_184|LH_262|LH_207|LH_182|LH_95|LH_100|LH_419|LH_394|LH_155|LH_230|LH_362|LH_237|LH_353|LH_85|LH_323|LH_171|LH_393|LH_153|LH_313|LH_38|LH_392|LH_69|LH_106|LH_348|LH_489|LH_428|LH_158|LH_31|LH_244|LH_8|LH_267|LH_485|LH_233|LH_261|LH_401|LH_291|LH_198|LH_132|LH_324|LH_322|LH_2|LH_18|LH_488|LH_263|LH_76|LH_253|LH_314|LH_351|LH_471|LH_143|LH_449|LH_66|LH_179|LH_133|LH_144|LH_406|LH_280|LH_269|LH_466|LH_208|LH_145|LH_432|LH_277|LH_341|LH_465|LH_317|LH_17|LH_448|LH_20|LH_130|LH_238|LH_296|LH_286|LH_336|LH_300|LH_149|LH_203|LH_387|LH_398|LH_190|LH_201|LH_418|LH_14|LH_55|LH_75|LH_284|LH_39|LH_391|LH_460|LH_257|LH_178|LH_212|LH_472|LH_420|LH_67|LH_99|LH_476|LH_97|LH_196|LH_339|LH_288|LH_318|LH_457|LH_124|LH_242|LH_42|LH_60|LH_192|LH_422|LH_266|LH_254|LH_384|LH_497|LH_226|LH_495|LH_113|LH_19|LH_218|LH_118|LH_364|LH_385|LH_437|LH_293|LH_493|LH_378|LH_241|LH_446|LH_435|LH_27|LH_220|LH_469|LH_86|LH_361|LH_103|LH_481|LH_25|LH_307|LH_167|LH_450|LH_475|LH_410|LH_221|LH_416|LH_105|LH_371|LH_90|LH_452|LH_168|LH_240|LH_402|LH_48|LH_104|LH_206|LH_247|LH_200|LH_62|LH_477|LH_147|LH_146|LH_225|LH_421|LH_484|LH_491|LH_451|LH_109|LH_294|LH_440|LH_121|LH_265|LH_169|LH_381|LH_34|LH_268|LH_30|LH_400|LH_461|LH_354|LH_382|LH_10|LH_173|LH_342|LH_115|LH_363|LH_61|LH_231|LH_264|LH_224|LH_312|LH_356|LH_159|LH_102|LH_310|LH_372|LH_344|LH_337|LH_365|LH_84|LH_281|LH_243|LH_65|LH_64|LH_272|LH_423|LH_248|LH_43|LH_417|LH_375|LH_123|LH_29|LH_122|LH_157|LH_355|LH_330|LH_9|LH_250|LH_165|LH_306|LH_0|LH_271|LH_276|LH_82|LH_191|LH_347|LH_473|LH_399|LH_319|LH_152|LH_54|LH_259|LH_91|LH_256|LH_430|LH_1|LH_459|LH_80|LH_222|LH_431|LH_498|LH_455|LH_328|LH_404|LH_436|LH_58|LH_5|LH_283|LH_128|LH_270|LH_239|LH_405|LH_195|LH_197|LH_32|LH_305|LH_487|LH_458|LH_429|LH_78|LH_56|LH_24,LH_46|LH_252|LH_260|LH_70|LH_386|LH_427|LH_204|LH_298|LH_219|LH_299|LH_134|LH_275|LH_474|LH_126|LH_492|LH_441|LH_73|LH_234|LH_329|LH_202|LH_255|LH_335|LH_376|LH_380|LH_367|LH_290|LH_108|LH_33|LH_137|LH_205|LH_161|LH_482|LH_117|LH_28|LH_166|LH_350|LH_467|LH_285|LH_352|LH_499|LH_138|LH_463|LH_236|LH_409|LH_494|LH_438|LH_273|LH_87|LH_411|LH_311|LH_36|LH_331|LH_349|LH_470|LH_136|LH_343|LH_107|LH_181|LH_189|LH_83|LH_186|LH_325|LH_232|LH_454|LH_447|LH_51|LH_478|LH_444|LH_148|LH_395|LH_116|LH_338|LH_23|LH_35|LH_360,LH_98|LH_295|LH_185|LH_316|LH_321|LH_424|LH_150|LH_282|LH_40|LH_193|LH_63|LH_274|LH_235|LH_373|LH_22|LH_413|LH_135|LH_309|LH_176|LH_433|LH_183|LH_49|LH_194|LH_480|LH_490|LH_172|LH_390|LH_110|LH_79|LH_464|LH_174|LH_483|LH_357|LH_81|LH_412|LH_388|LH_3|LH_445|LH_414|LH_142|LH_301|LH_229|LH_112|LH_214|LH_486|LH_359|LH_332|LH_366|LH_101|LH_287|LH_13|LH_308|LH_258|LH_119|LH_111|LH_47|LH_15|LH_16|LH_216|LH_302|LH_44|LH_279|LH_456|LH_496|LH_346|LH_52|LH_377|LH_71|LH_114|LH_125|LH_140|LH_379|LH_12|LH_57|LH_327,0f963679cd284fca861fc2c59d88bdae8e8f1f21e2cbe1bb73bd593b49056748,True,True,True,True,True,True,complete,True,0.09919114295925413,0.0942040561636289,0.08793286184469859,0.10281669903985127,0.010571273601451355,-0.02930105372285352,-0.038792182827072155,defined,0.2916933327913284,0.3030683676401774,0.10202514478236673,0.009808940458213638,0.09614238214645437,75,0.0,0.0,0.27963465452194214,0.3281368017196655,0.04850214719772339,0.011375034848848978,0.10287365405989012,0.1967981979250908,not recorded,not recorded,f939b5947c26b944040d9f7dacadb7d25a17e8a3ccf8e82d20c552d915e49435,True,0.0,normalization_alternative,normalization_incompatible,alternative_protocol,unique,"normalization=zscore, expected minmax"
EvolveGCN-H,evolvegcn_h_500u_top500_h32_seed777_minmax,experiments/evolvegcn_h_500u_top500_h32_seed777_minmax,data/processed/temporal_500u_minmax_top500_periodic_knn/camels_500u_temporal_logmass_minmax_top500_periodic_knn.pt,data/processed/temporal_500u_minmax_top500_periodic_knn/camels_500u_temporal_logmass_minmax_top500_periodic_knn.metadata.json,temporal,500,LH_0..LH_499,5,five sorted snapshots; exact identities not persisted in sidecar,500,log10_Mvir|X|Y|Z|VX|VY|VZ,minmax,per_universe_per_snapshot_per_feature,False,True,8,25.0,32,2,evolvegcn_h,True,mean,mean,mlp,"Linear(D,H)-ReLU-Dropout-Linear(H,1)",False,False,4,300,40,0.001,1e-05,0.2,relu,1.0,MSE,777,0.7|0.15|0.15,LH_355|LH_371|LH_407|LH_60|LH_325|LH_391|LH_373|LH_74|LH_134|LH_399|LH_370|LH_489|LH_316|LH_441|LH_92|LH_206|LH_282|LH_187|LH_290|LH_25|LH_129|LH_13|LH_229|LH_249|LH_426|LH_400|LH_205|LH_214|LH_208|LH_113|LH_52|LH_495|LH_132|LH_59|LH_165|LH_55|LH_398|LH_10|LH_101|LH_237|LH_439|LH_388|LH_482|LH_50|LH_278|LH_272|LH_193|LH_491|LH_253|LH_424|LH_23|LH_28|LH_57|LH_122|LH_324|LH_496|LH_404|LH_319|LH_268|LH_386|LH_168|LH_333|LH_62|LH_190|LH_446|LH_265|LH_304|LH_137|LH_93|LH_217|LH_56|LH_351|LH_409|LH_24|LH_153|LH_177|LH_320|LH_311|LH_152|LH_67|LH_235|LH_209|LH_442|LH_232|LH_313|LH_452|LH_7|LH_435|LH_200|LH_323|LH_119|LH_367|LH_359|LH_90|LH_286|LH_488|LH_141|LH_257|LH_210|LH_174|LH_273|LH_413|LH_317|LH_160|LH_375|LH_458|LH_239|LH_42|LH_465|LH_252|LH_344|LH_263|LH_361|LH_406|LH_258|LH_292|LH_234|LH_109|LH_71|LH_437|LH_186|LH_87|LH_429|LH_242|LH_43|LH_12|LH_492|LH_157|LH_99|LH_494|LH_148|LH_162|LH_374|LH_336|LH_401|LH_1|LH_38|LH_37|LH_223|LH_231|LH_112|LH_368|LH_9|LH_76|LH_150|LH_408|LH_296|LH_360|LH_226|LH_284|LH_449|LH_120|LH_176|LH_8|LH_220|LH_455|LH_211|LH_499|LH_4|LH_468|LH_485|LH_97|LH_22|LH_289|LH_78|LH_369|LH_164|LH_345|LH_19|LH_238|LH_270|LH_315|LH_393|LH_461|LH_364|LH_125|LH_79|LH_358|LH_402|LH_392|LH_476|LH_306|LH_382|LH_185|LH_330|LH_380|LH_423|LH_118|LH_130|LH_471|LH_215|LH_387|LH_161|LH_121|LH_115|LH_171|LH_302|LH_180|LH_440|LH_293|LH_123|LH_133|LH_340|LH_15|LH_248|LH_403|LH_267|LH_155|LH_412|LH_421|LH_94|LH_246|LH_108|LH_46|LH_33|LH_95|LH_487|LH_383|LH_365|LH_225|LH_363|LH_16|LH_203|LH_332|LH_343|LH_83|LH_262|LH_260|LH_89|LH_394|LH_100|LH_181|LH_189|LH_73|LH_69|LH_410|LH_40|LH_473|LH_493|LH_266|LH_194|LH_116|LH_106|LH_255|LH_457|LH_271|LH_114|LH_213|LH_126|LH_105|LH_352|LH_51|LH_68|LH_366|LH_2|LH_179|LH_451|LH_335|LH_34|LH_477|LH_453|LH_384|LH_247|LH_82|LH_124|LH_433|LH_11|LH_310|LH_372|LH_376|LH_149|LH_198|LH_243|LH_379|LH_195|LH_305|LH_18|LH_110|LH_348|LH_127|LH_233|LH_104|LH_167|LH_430|LH_29|LH_481|LH_144|LH_98|LH_158|LH_251|LH_484|LH_418|LH_47|LH_35|LH_65|LH_14|LH_349|LH_142|LH_30|LH_169|LH_414|LH_128|LH_240|LH_479|LH_31|LH_139|LH_184|LH_490|LH_219|LH_84|LH_72|LH_444|LH_102|LH_395|LH_21|LH_419|LH_276|LH_221|LH_422|LH_397|LH_151|LH_326|LH_459|LH_66|LH_314|LH_103|LH_308|LH_389|LH_49|LH_463|LH_36|LH_236|LH_44|LH_85|LH_291|LH_417|LH_303|LH_285|LH_80|LH_218|LH_154|LH_434|LH_145|LH_41|LH_166|LH_70|LH_81|LH_244|LH_377|LH_264,LH_183|LH_362|LH_143|LH_6|LH_202|LH_350|LH_250|LH_436|LH_462|LH_469|LH_77|LH_222|LH_356|LH_261|LH_297|LH_146|LH_191|LH_27|LH_443|LH_26|LH_259|LH_309|LH_277|LH_346|LH_182|LH_281|LH_321|LH_327|LH_347|LH_301|LH_175|LH_227|LH_204|LH_216|LH_207|LH_390|LH_339|LH_334|LH_405|LH_197|LH_432|LH_328|LH_478|LH_357|LH_466|LH_427|LH_460|LH_331|LH_135|LH_447|LH_241|LH_3|LH_456|LH_298|LH_283|LH_63|LH_88|LH_431|LH_96|LH_156|LH_163|LH_287|LH_201|LH_274|LH_32|LH_381|LH_245|LH_450|LH_91|LH_192|LH_45|LH_196|LH_288|LH_337|LH_111,LH_131|LH_224|LH_5|LH_86|LH_230|LH_483|LH_48|LH_254|LH_353|LH_396|LH_140|LH_338|LH_470|LH_279|LH_474|LH_269|LH_464|LH_75|LH_312|LH_178|LH_17|LH_411|LH_300|LH_212|LH_420|LH_415|LH_416|LH_64|LH_256|LH_159|LH_107|LH_445|LH_341|LH_322|LH_54|LH_136|LH_299|LH_480|LH_173|LH_295|LH_329|LH_428|LH_0|LH_486|LH_378|LH_438|LH_53|LH_170|LH_454|LH_39|LH_354|LH_58|LH_475|LH_61|LH_448|LH_147|LH_307|LH_199|LH_280|LH_318|LH_342|LH_467|LH_497|LH_472|LH_20|LH_385|LH_275|LH_172|LH_425|LH_138|LH_294|LH_188|LH_498|LH_228|LH_117,bbfd7e59dfb0844e098e7db7ebe00b0b72161f6eb06472771745fd737839990a,True,True,True,True,True,True,complete,True,0.07757971156920705,0.0904996739824613,0.07923854937156041,0.09265419048213876,0.008584799013900453,0.31951832707153127,0.5725767475089336,defined,0.30334133197863894,0.2944981966416041,0.1130763083066769,0.059529692770996206,0.5264559275276686,75,0.0,0.0,0.09633827209472656,0.3729553818702698,0.2766171097755432,-0.008843135337034862,0.09285231283037962,0.20850688964128494,not recorded,not recorded,d89fc92c267f49764110f005714fd02725678db0e9878c680b5a2b5f3078e3fb,True,0.0,compatible_anchor_or_duplicate_protocol,compatible_anchor_only,compatible_anchor_only,unique,same broad Top-N setting but not selected canonical mapping
EvolveGCN-H,evolvegcn_h_500u_top500_h32_seed777_none,experiments/evolvegcn_h_500u_top500_h32_seed777_none,data/processed/temporal_500u_none_top500_periodic_knn/camels_500u_temporal_logmass_none_top500_periodic_knn.pt,data/processed/temporal_500u_none_top500_periodic_knn/camels_500u_temporal_logmass_none_top500_periodic_knn.metadata.json,temporal,500,LH_0..LH_499,5,five sorted snapshots; exact identities not persisted in sidecar,500,log10_Mvir|X|Y|Z|VX|VY|VZ,none,none after log10(Mvir),False,True,8,25.0,32,2,evolvegcn_h,True,mean,mean,mlp,"Linear(D,H)-ReLU-Dropout-Linear(H,1)",False,False,4,300,40,0.001,1e-05,0.2,relu,1.0,MSE,777,0.7|0.15|0.15,LH_355|LH_371|LH_407|LH_60|LH_325|LH_391|LH_373|LH_74|LH_134|LH_399|LH_370|LH_489|LH_316|LH_441|LH_92|LH_206|LH_282|LH_187|LH_290|LH_25|LH_129|LH_13|LH_229|LH_249|LH_426|LH_400|LH_205|LH_214|LH_208|LH_113|LH_52|LH_495|LH_132|LH_59|LH_165|LH_55|LH_398|LH_10|LH_101|LH_237|LH_439|LH_388|LH_482|LH_50|LH_278|LH_272|LH_193|LH_491|LH_253|LH_424|LH_23|LH_28|LH_57|LH_122|LH_324|LH_496|LH_404|LH_319|LH_268|LH_386|LH_168|LH_333|LH_62|LH_190|LH_446|LH_265|LH_304|LH_137|LH_93|LH_217|LH_56|LH_351|LH_409|LH_24|LH_153|LH_177|LH_320|LH_311|LH_152|LH_67|LH_235|LH_209|LH_442|LH_232|LH_313|LH_452|LH_7|LH_435|LH_200|LH_323|LH_119|LH_367|LH_359|LH_90|LH_286|LH_488|LH_141|LH_257|LH_210|LH_174|LH_273|LH_413|LH_317|LH_160|LH_375|LH_458|LH_239|LH_42|LH_465|LH_252|LH_344|LH_263|LH_361|LH_406|LH_258|LH_292|LH_234|LH_109|LH_71|LH_437|LH_186|LH_87|LH_429|LH_242|LH_43|LH_12|LH_492|LH_157|LH_99|LH_494|LH_148|LH_162|LH_374|LH_336|LH_401|LH_1|LH_38|LH_37|LH_223|LH_231|LH_112|LH_368|LH_9|LH_76|LH_150|LH_408|LH_296|LH_360|LH_226|LH_284|LH_449|LH_120|LH_176|LH_8|LH_220|LH_455|LH_211|LH_499|LH_4|LH_468|LH_485|LH_97|LH_22|LH_289|LH_78|LH_369|LH_164|LH_345|LH_19|LH_238|LH_270|LH_315|LH_393|LH_461|LH_364|LH_125|LH_79|LH_358|LH_402|LH_392|LH_476|LH_306|LH_382|LH_185|LH_330|LH_380|LH_423|LH_118|LH_130|LH_471|LH_215|LH_387|LH_161|LH_121|LH_115|LH_171|LH_302|LH_180|LH_440|LH_293|LH_123|LH_133|LH_340|LH_15|LH_248|LH_403|LH_267|LH_155|LH_412|LH_421|LH_94|LH_246|LH_108|LH_46|LH_33|LH_95|LH_487|LH_383|LH_365|LH_225|LH_363|LH_16|LH_203|LH_332|LH_343|LH_83|LH_262|LH_260|LH_89|LH_394|LH_100|LH_181|LH_189|LH_73|LH_69|LH_410|LH_40|LH_473|LH_493|LH_266|LH_194|LH_116|LH_106|LH_255|LH_457|LH_271|LH_114|LH_213|LH_126|LH_105|LH_352|LH_51|LH_68|LH_366|LH_2|LH_179|LH_451|LH_335|LH_34|LH_477|LH_453|LH_384|LH_247|LH_82|LH_124|LH_433|LH_11|LH_310|LH_372|LH_376|LH_149|LH_198|LH_243|LH_379|LH_195|LH_305|LH_18|LH_110|LH_348|LH_127|LH_233|LH_104|LH_167|LH_430|LH_29|LH_481|LH_144|LH_98|LH_158|LH_251|LH_484|LH_418|LH_47|LH_35|LH_65|LH_14|LH_349|LH_142|LH_30|LH_169|LH_414|LH_128|LH_240|LH_479|LH_31|LH_139|LH_184|LH_490|LH_219|LH_84|LH_72|LH_444|LH_102|LH_395|LH_21|LH_419|LH_276|LH_221|LH_422|LH_397|LH_151|LH_326|LH_459|LH_66|LH_314|LH_103|LH_308|LH_389|LH_49|LH_463|LH_36|LH_236|LH_44|LH_85|LH_291|LH_417|LH_303|LH_285|LH_80|LH_218|LH_154|LH_434|LH_145|LH_41|LH_166|LH_70|LH_81|LH_244|LH_377|LH_264,LH_183|LH_362|LH_143|LH_6|LH_202|LH_350|LH_250|LH_436|LH_462|LH_469|LH_77|LH_222|LH_356|LH_261|LH_297|LH_146|LH_191|LH_27|LH_443|LH_26|LH_259|LH_309|LH_277|LH_346|LH_182|LH_281|LH_321|LH_327|LH_347|LH_301|LH_175|LH_227|LH_204|LH_216|LH_207|LH_390|LH_339|LH_334|LH_405|LH_197|LH_432|LH_328|LH_478|LH_357|LH_466|LH_427|LH_460|LH_331|LH_135|LH_447|LH_241|LH_3|LH_456|LH_298|LH_283|LH_63|LH_88|LH_431|LH_96|LH_156|LH_163|LH_287|LH_201|LH_274|LH_32|LH_381|LH_245|LH_450|LH_91|LH_192|LH_45|LH_196|LH_288|LH_337|LH_111,LH_131|LH_224|LH_5|LH_86|LH_230|LH_483|LH_48|LH_254|LH_353|LH_396|LH_140|LH_338|LH_470|LH_279|LH_474|LH_269|LH_464|LH_75|LH_312|LH_178|LH_17|LH_411|LH_300|LH_212|LH_420|LH_415|LH_416|LH_64|LH_256|LH_159|LH_107|LH_445|LH_341|LH_322|LH_54|LH_136|LH_299|LH_480|LH_173|LH_295|LH_329|LH_428|LH_0|LH_486|LH_378|LH_438|LH_53|LH_170|LH_454|LH_39|LH_354|LH_58|LH_475|LH_61|LH_448|LH_147|LH_307|LH_199|LH_280|LH_318|LH_342|LH_467|LH_497|LH_472|LH_20|LH_385|LH_275|LH_172|LH_425|LH_138|LH_294|LH_188|LH_498|LH_228|LH_117,bbfd7e59dfb0844e098e7db7ebe00b0b72161f6eb06472771745fd737839990a,True,True,True,True,True,True,complete,True,0.03259265280195645,0.048820245365301766,0.061948356529076896,0.07490497148104601,0.005610754752576316,0.5552585710810025,0.7479360055476894,defined,0.30334133197863894,0.30629329959551493,0.1130763083066769,0.07792348880173008,0.6891230353080856,74,0.013333333333333334,0.013333333333333334,0.15458521246910095,0.4696945548057556,0.31510934233665466,0.0029519676168759663,0.07535080551430058,0.18140637874603271,not recorded,not recorded,f43e7ce435afd4b90683b62126789db2dbb106505f310ff576e40fc71c594492,True,0.0,normalization_alternative,normalization_incompatible,alternative_protocol,unique,"normalization=none, expected minmax"
EvolveGCN-H,evolvegcn_h_500u_top500_h32_seed777_zscore,experiments/evolvegcn_h_500u_top500_h32_seed777_zscore,data/processed/temporal_500u_zscore_top500_periodic_knn/camels_500u_temporal_logmass_zscore_top500_periodic_knn.pt,data/processed/temporal_500u_zscore_top500_periodic_knn/camels_500u_temporal_logmass_zscore_top500_periodic_knn.metadata.json,temporal,500,LH_0..LH_499,5,five sorted snapshots; exact identities not persisted in sidecar,500,log10_Mvir|X|Y|Z|VX|VY|VZ,zscore,per_universe_per_snapshot_per_feature,False,True,8,25.0,32,2,evolvegcn_h,True,mean,mean,mlp,"Linear(D,H)-ReLU-Dropout-Linear(H,1)",False,False,4,300,40,0.001,1e-05,0.2,relu,1.0,MSE,777,0.7|0.15|0.15,LH_355|LH_371|LH_407|LH_60|LH_325|LH_391|LH_373|LH_74|LH_134|LH_399|LH_370|LH_489|LH_316|LH_441|LH_92|LH_206|LH_282|LH_187|LH_290|LH_25|LH_129|LH_13|LH_229|LH_249|LH_426|LH_400|LH_205|LH_214|LH_208|LH_113|LH_52|LH_495|LH_132|LH_59|LH_165|LH_55|LH_398|LH_10|LH_101|LH_237|LH_439|LH_388|LH_482|LH_50|LH_278|LH_272|LH_193|LH_491|LH_253|LH_424|LH_23|LH_28|LH_57|LH_122|LH_324|LH_496|LH_404|LH_319|LH_268|LH_386|LH_168|LH_333|LH_62|LH_190|LH_446|LH_265|LH_304|LH_137|LH_93|LH_217|LH_56|LH_351|LH_409|LH_24|LH_153|LH_177|LH_320|LH_311|LH_152|LH_67|LH_235|LH_209|LH_442|LH_232|LH_313|LH_452|LH_7|LH_435|LH_200|LH_323|LH_119|LH_367|LH_359|LH_90|LH_286|LH_488|LH_141|LH_257|LH_210|LH_174|LH_273|LH_413|LH_317|LH_160|LH_375|LH_458|LH_239|LH_42|LH_465|LH_252|LH_344|LH_263|LH_361|LH_406|LH_258|LH_292|LH_234|LH_109|LH_71|LH_437|LH_186|LH_87|LH_429|LH_242|LH_43|LH_12|LH_492|LH_157|LH_99|LH_494|LH_148|LH_162|LH_374|LH_336|LH_401|LH_1|LH_38|LH_37|LH_223|LH_231|LH_112|LH_368|LH_9|LH_76|LH_150|LH_408|LH_296|LH_360|LH_226|LH_284|LH_449|LH_120|LH_176|LH_8|LH_220|LH_455|LH_211|LH_499|LH_4|LH_468|LH_485|LH_97|LH_22|LH_289|LH_78|LH_369|LH_164|LH_345|LH_19|LH_238|LH_270|LH_315|LH_393|LH_461|LH_364|LH_125|LH_79|LH_358|LH_402|LH_392|LH_476|LH_306|LH_382|LH_185|LH_330|LH_380|LH_423|LH_118|LH_130|LH_471|LH_215|LH_387|LH_161|LH_121|LH_115|LH_171|LH_302|LH_180|LH_440|LH_293|LH_123|LH_133|LH_340|LH_15|LH_248|LH_403|LH_267|LH_155|LH_412|LH_421|LH_94|LH_246|LH_108|LH_46|LH_33|LH_95|LH_487|LH_383|LH_365|LH_225|LH_363|LH_16|LH_203|LH_332|LH_343|LH_83|LH_262|LH_260|LH_89|LH_394|LH_100|LH_181|LH_189|LH_73|LH_69|LH_410|LH_40|LH_473|LH_493|LH_266|LH_194|LH_116|LH_106|LH_255|LH_457|LH_271|LH_114|LH_213|LH_126|LH_105|LH_352|LH_51|LH_68|LH_366|LH_2|LH_179|LH_451|LH_335|LH_34|LH_477|LH_453|LH_384|LH_247|LH_82|LH_124|LH_433|LH_11|LH_310|LH_372|LH_376|LH_149|LH_198|LH_243|LH_379|LH_195|LH_305|LH_18|LH_110|LH_348|LH_127|LH_233|LH_104|LH_167|LH_430|LH_29|LH_481|LH_144|LH_98|LH_158|LH_251|LH_484|LH_418|LH_47|LH_35|LH_65|LH_14|LH_349|LH_142|LH_30|LH_169|LH_414|LH_128|LH_240|LH_479|LH_31|LH_139|LH_184|LH_490|LH_219|LH_84|LH_72|LH_444|LH_102|LH_395|LH_21|LH_419|LH_276|LH_221|LH_422|LH_397|LH_151|LH_326|LH_459|LH_66|LH_314|LH_103|LH_308|LH_389|LH_49|LH_463|LH_36|LH_236|LH_44|LH_85|LH_291|LH_417|LH_303|LH_285|LH_80|LH_218|LH_154|LH_434|LH_145|LH_41|LH_166|LH_70|LH_81|LH_244|LH_377|LH_264,LH_183|LH_362|LH_143|LH_6|LH_202|LH_350|LH_250|LH_436|LH_462|LH_469|LH_77|LH_222|LH_356|LH_261|LH_297|LH_146|LH_191|LH_27|LH_443|LH_26|LH_259|LH_309|LH_277|LH_346|LH_182|LH_281|LH_321|LH_327|LH_347|LH_301|LH_175|LH_227|LH_204|LH_216|LH_207|LH_390|LH_339|LH_334|LH_405|LH_197|LH_432|LH_328|LH_478|LH_357|LH_466|LH_427|LH_460|LH_331|LH_135|LH_447|LH_241|LH_3|LH_456|LH_298|LH_283|LH_63|LH_88|LH_431|LH_96|LH_156|LH_163|LH_287|LH_201|LH_274|LH_32|LH_381|LH_245|LH_450|LH_91|LH_192|LH_45|LH_196|LH_288|LH_337|LH_111,LH_131|LH_224|LH_5|LH_86|LH_230|LH_483|LH_48|LH_254|LH_353|LH_396|LH_140|LH_338|LH_470|LH_279|LH_474|LH_269|LH_464|LH_75|LH_312|LH_178|LH_17|LH_411|LH_300|LH_212|LH_420|LH_415|LH_416|LH_64|LH_256|LH_159|LH_107|LH_445|LH_341|LH_322|LH_54|LH_136|LH_299|LH_480|LH_173|LH_295|LH_329|LH_428|LH_0|LH_486|LH_378|LH_438|LH_53|LH_170|LH_454|LH_39|LH_354|LH_58|LH_475|LH_61|LH_448|LH_147|LH_307|LH_199|LH_280|LH_318|LH_342|LH_467|LH_497|LH_472|LH_20|LH_385|LH_275|LH_172|LH_425|LH_138|LH_294|LH_188|LH_498|LH_228|LH_117,bbfd7e59dfb0844e098e7db7ebe00b0b72161f6eb06472771745fd737839990a,True,True,True,True,True,True,complete,True,0.09003900913255555,0.10219740202029547,0.09461613406737646,0.11020179889193739,0.012144436479019012,0.03736052077220964,0.20011492035094558,defined,0.30334133197863894,0.30874071558316546,0.1130763083066769,0.024816787192446933,0.21946937925441237,75,0.0,0.0,0.24340185523033142,0.3522421419620514,0.10884028673171997,0.00539938360452652,0.11081066364788474,0.23814354091882706,not recorded,not recorded,5613abf4ecef04f6e38d401b786cc6ed043abe7ae0cb7722ac817984b104944c,True,1.734723475976807e-18,normalization_alternative,normalization_incompatible,alternative_protocol,unique,"normalization=zscore, expected minmax"
EvolveGCN-H,evolvegcn_h_500u_top500_h32_seed999_minmax,experiments/evolvegcn_h_500u_top500_h32_seed999_minmax,data/processed/temporal_500u_minmax_top500_periodic_knn/camels_500u_temporal_logmass_minmax_top500_periodic_knn.pt,data/processed/temporal_500u_minmax_top500_periodic_knn/camels_500u_temporal_logmass_minmax_top500_periodic_knn.metadata.json,temporal,500,LH_0..LH_499,5,five sorted snapshots; exact identities not persisted in sidecar,500,log10_Mvir|X|Y|Z|VX|VY|VZ,minmax,per_universe_per_snapshot_per_feature,False,True,8,25.0,32,2,evolvegcn_h,True,mean,mean,mlp,"Linear(D,H)-ReLU-Dropout-Linear(H,1)",False,False,4,300,40,0.001,1e-05,0.2,relu,1.0,MSE,999,0.7|0.15|0.15,LH_45|LH_34|LH_437|LH_155|LH_97|LH_89|LH_83|LH_482|LH_463|LH_496|LH_15|LH_479|LH_73|LH_481|LH_396|LH_130|LH_295|LH_315|LH_410|LH_344|LH_411|LH_280|LH_430|LH_300|LH_170|LH_489|LH_390|LH_88|LH_5|LH_343|LH_168|LH_421|LH_148|LH_46|LH_10|LH_438|LH_187|LH_0|LH_163|LH_436|LH_451|LH_389|LH_266|LH_372|LH_279|LH_376|LH_225|LH_284|LH_358|LH_98|LH_464|LH_263|LH_167|LH_318|LH_354|LH_105|LH_404|LH_433|LH_272|LH_322|LH_246|LH_224|LH_159|LH_235|LH_47|LH_100|LH_244|LH_16|LH_245|LH_58|LH_312|LH_254|LH_378|LH_64|LH_385|LH_289|LH_9|LH_477|LH_208|LH_82|LH_457|LH_379|LH_299|LH_332|LH_117|LH_336|LH_219|LH_122|LH_462|LH_37|LH_269|LH_387|LH_11|LH_442|LH_371|LH_474|LH_151|LH_59|LH_190|LH_492|LH_374|LH_253|LH_13|LH_346|LH_341|LH_101|LH_493|LH_229|LH_367|LH_398|LH_249|LH_241|LH_119|LH_77|LH_145|LH_220|LH_414|LH_90|LH_120|LH_176|LH_298|LH_262|LH_236|LH_226|LH_139|LH_152|LH_243|LH_264|LH_267|LH_33|LH_149|LH_146|LH_485|LH_103|LH_189|LH_39|LH_233|LH_339|LH_185|LH_270|LH_306|LH_301|LH_351|LH_333|LH_3|LH_171|LH_94|LH_490|LH_217|LH_111|LH_154|LH_259|LH_471|LH_258|LH_242|LH_365|LH_2|LH_62|LH_459|LH_22|LH_210|LH_476|LH_19|LH_380|LH_113|LH_391|LH_495|LH_53|LH_191|LH_80|LH_448|LH_147|LH_43|LH_223|LH_248|LH_161|LH_311|LH_32|LH_420|LH_441|LH_384|LH_307|LH_370|LH_121|LH_74|LH_413|LH_440|LH_157|LH_213|LH_363|LH_475|LH_310|LH_431|LH_214|LH_104|LH_470|LH_78|LH_377|LH_327|LH_215|LH_435|LH_237|LH_79|LH_422|LH_127|LH_274|LH_319|LH_342|LH_325|LH_133|LH_174|LH_108|LH_366|LH_472|LH_286|LH_285|LH_392|LH_112|LH_467|LH_35|LH_326|LH_429|LH_424|LH_405|LH_469|LH_99|LH_65|LH_56|LH_195|LH_60|LH_423|LH_491|LH_468|LH_126|LH_412|LH_198|LH_92|LH_132|LH_70|LH_109|LH_281|LH_309|LH_186|LH_303|LH_30|LH_166|LH_6|LH_131|LH_260|LH_461|LH_394|LH_230|LH_487|LH_41|LH_337|LH_201|LH_276|LH_227|LH_184|LH_352|LH_63|LH_409|LH_324|LH_278|LH_196|LH_402|LH_36|LH_61|LH_221|LH_348|LH_349|LH_305|LH_81|LH_480|LH_216|LH_434|LH_415|LH_364|LH_134|LH_388|LH_93|LH_499|LH_141|LH_68|LH_478|LH_197|LH_1|LH_296|LH_453|LH_137|LH_277|LH_418|LH_114|LH_175|LH_294|LH_86|LH_164|LH_202|LH_261|LH_150|LH_498|LH_473|LH_456|LH_14|LH_466|LH_486|LH_91|LH_165|LH_317|LH_136|LH_200|LH_192|LH_321|LH_211|LH_172|LH_355|LH_291|LH_204|LH_460|LH_143|LH_179|LH_360|LH_382|LH_183|LH_361|LH_340|LH_123|LH_181|LH_403|LH_228|LH_110|LH_25|LH_178|LH_69|LH_416|LH_177|LH_425|LH_353|LH_212|LH_199|LH_4|LH_444|LH_350|LH_288|LH_17|LH_180|LH_115|LH_308|LH_386|LH_297,LH_368|LH_71|LH_24|LH_362|LH_156|LH_373|LH_271|LH_314|LH_153|LH_257|LH_20|LH_275|LH_231|LH_85|LH_207|LH_222|LH_72|LH_160|LH_250|LH_287|LH_375|LH_497|LH_128|LH_54|LH_335|LH_51|LH_234|LH_443|LH_23|LH_397|LH_316|LH_26|LH_252|LH_158|LH_393|LH_194|LH_142|LH_29|LH_357|LH_48|LH_494|LH_193|LH_42|LH_268|LH_209|LH_18|LH_50|LH_239|LH_173|LH_302|LH_240|LH_125|LH_75|LH_144|LH_320|LH_265|LH_8|LH_454|LH_31|LH_427|LH_52|LH_465|LH_107|LH_87|LH_483|LH_283|LH_313|LH_218|LH_55|LH_417|LH_232|LH_488|LH_395|LH_21|LH_182,LH_455|LH_140|LH_407|LH_206|LH_118|LH_439|LH_369|LH_57|LH_124|LH_28|LH_383|LH_7|LH_452|LH_255|LH_334|LH_338|LH_66|LH_188|LH_381|LH_356|LH_238|LH_304|LH_282|LH_44|LH_84|LH_169|LH_345|LH_445|LH_95|LH_106|LH_256|LH_447|LH_328|LH_102|LH_12|LH_138|LH_38|LH_205|LH_323|LH_426|LH_116|LH_401|LH_450|LH_203|LH_129|LH_399|LH_359|LH_27|LH_292|LH_135|LH_76|LH_96|LH_428|LH_330|LH_49|LH_419|LH_432|LH_484|LH_406|LH_329|LH_162|LH_331|LH_408|LH_449|LH_67|LH_247|LH_251|LH_273|LH_293|LH_290|LH_446|LH_458|LH_40|LH_347|LH_400,d033c42cc03a8890de838709a8647c8682054f8213181a1567cf059fe84861c4,True,True,True,True,True,True,complete,True,0.07894653460809163,0.08914923628171285,0.08726186027129491,0.10331230581297307,0.010673432532393268,0.08260813650758625,0.34676926776547745,defined,0.314573332965374,0.2946976677576701,0.10858988781411083,0.04424887573554528,0.4074861538791949,75,0.0,0.0,0.14154484868049622,0.3563241958618164,0.2147793471813202,-0.019875665207703907,0.10206511467386756,0.2324511855840683,not recorded,not recorded,ae766360c356d8afbd25069c84d88d2f245e803d4502e066bdf80015bd9a9e79,True,0.0,compatible_anchor_or_duplicate_protocol,compatible_anchor_only,compatible_anchor_only,unique,same broad Top-N setting but not selected canonical mapping
EvolveGCN-H,evolvegcn_h_500u_top500_h32_seed999_none,experiments/evolvegcn_h_500u_top500_h32_seed999_none,data/processed/temporal_500u_none_top500_periodic_knn/camels_500u_temporal_logmass_none_top500_periodic_knn.pt,data/processed/temporal_500u_none_top500_periodic_knn/camels_500u_temporal_logmass_none_top500_periodic_knn.metadata.json,temporal,500,LH_0..LH_499,5,five sorted snapshots; exact identities not persisted in sidecar,500,log10_Mvir|X|Y|Z|VX|VY|VZ,none,none after log10(Mvir),False,True,8,25.0,32,2,evolvegcn_h,True,mean,mean,mlp,"Linear(D,H)-ReLU-Dropout-Linear(H,1)",False,False,4,300,40,0.001,1e-05,0.2,relu,1.0,MSE,999,0.7|0.15|0.15,LH_45|LH_34|LH_437|LH_155|LH_97|LH_89|LH_83|LH_482|LH_463|LH_496|LH_15|LH_479|LH_73|LH_481|LH_396|LH_130|LH_295|LH_315|LH_410|LH_344|LH_411|LH_280|LH_430|LH_300|LH_170|LH_489|LH_390|LH_88|LH_5|LH_343|LH_168|LH_421|LH_148|LH_46|LH_10|LH_438|LH_187|LH_0|LH_163|LH_436|LH_451|LH_389|LH_266|LH_372|LH_279|LH_376|LH_225|LH_284|LH_358|LH_98|LH_464|LH_263|LH_167|LH_318|LH_354|LH_105|LH_404|LH_433|LH_272|LH_322|LH_246|LH_224|LH_159|LH_235|LH_47|LH_100|LH_244|LH_16|LH_245|LH_58|LH_312|LH_254|LH_378|LH_64|LH_385|LH_289|LH_9|LH_477|LH_208|LH_82|LH_457|LH_379|LH_299|LH_332|LH_117|LH_336|LH_219|LH_122|LH_462|LH_37|LH_269|LH_387|LH_11|LH_442|LH_371|LH_474|LH_151|LH_59|LH_190|LH_492|LH_374|LH_253|LH_13|LH_346|LH_341|LH_101|LH_493|LH_229|LH_367|LH_398|LH_249|LH_241|LH_119|LH_77|LH_145|LH_220|LH_414|LH_90|LH_120|LH_176|LH_298|LH_262|LH_236|LH_226|LH_139|LH_152|LH_243|LH_264|LH_267|LH_33|LH_149|LH_146|LH_485|LH_103|LH_189|LH_39|LH_233|LH_339|LH_185|LH_270|LH_306|LH_301|LH_351|LH_333|LH_3|LH_171|LH_94|LH_490|LH_217|LH_111|LH_154|LH_259|LH_471|LH_258|LH_242|LH_365|LH_2|LH_62|LH_459|LH_22|LH_210|LH_476|LH_19|LH_380|LH_113|LH_391|LH_495|LH_53|LH_191|LH_80|LH_448|LH_147|LH_43|LH_223|LH_248|LH_161|LH_311|LH_32|LH_420|LH_441|LH_384|LH_307|LH_370|LH_121|LH_74|LH_413|LH_440|LH_157|LH_213|LH_363|LH_475|LH_310|LH_431|LH_214|LH_104|LH_470|LH_78|LH_377|LH_327|LH_215|LH_435|LH_237|LH_79|LH_422|LH_127|LH_274|LH_319|LH_342|LH_325|LH_133|LH_174|LH_108|LH_366|LH_472|LH_286|LH_285|LH_392|LH_112|LH_467|LH_35|LH_326|LH_429|LH_424|LH_405|LH_469|LH_99|LH_65|LH_56|LH_195|LH_60|LH_423|LH_491|LH_468|LH_126|LH_412|LH_198|LH_92|LH_132|LH_70|LH_109|LH_281|LH_309|LH_186|LH_303|LH_30|LH_166|LH_6|LH_131|LH_260|LH_461|LH_394|LH_230|LH_487|LH_41|LH_337|LH_201|LH_276|LH_227|LH_184|LH_352|LH_63|LH_409|LH_324|LH_278|LH_196|LH_402|LH_36|LH_61|LH_221|LH_348|LH_349|LH_305|LH_81|LH_480|LH_216|LH_434|LH_415|LH_364|LH_134|LH_388|LH_93|LH_499|LH_141|LH_68|LH_478|LH_197|LH_1|LH_296|LH_453|LH_137|LH_277|LH_418|LH_114|LH_175|LH_294|LH_86|LH_164|LH_202|LH_261|LH_150|LH_498|LH_473|LH_456|LH_14|LH_466|LH_486|LH_91|LH_165|LH_317|LH_136|LH_200|LH_192|LH_321|LH_211|LH_172|LH_355|LH_291|LH_204|LH_460|LH_143|LH_179|LH_360|LH_382|LH_183|LH_361|LH_340|LH_123|LH_181|LH_403|LH_228|LH_110|LH_25|LH_178|LH_69|LH_416|LH_177|LH_425|LH_353|LH_212|LH_199|LH_4|LH_444|LH_350|LH_288|LH_17|LH_180|LH_115|LH_308|LH_386|LH_297,LH_368|LH_71|LH_24|LH_362|LH_156|LH_373|LH_271|LH_314|LH_153|LH_257|LH_20|LH_275|LH_231|LH_85|LH_207|LH_222|LH_72|LH_160|LH_250|LH_287|LH_375|LH_497|LH_128|LH_54|LH_335|LH_51|LH_234|LH_443|LH_23|LH_397|LH_316|LH_26|LH_252|LH_158|LH_393|LH_194|LH_142|LH_29|LH_357|LH_48|LH_494|LH_193|LH_42|LH_268|LH_209|LH_18|LH_50|LH_239|LH_173|LH_302|LH_240|LH_125|LH_75|LH_144|LH_320|LH_265|LH_8|LH_454|LH_31|LH_427|LH_52|LH_465|LH_107|LH_87|LH_483|LH_283|LH_313|LH_218|LH_55|LH_417|LH_232|LH_488|LH_395|LH_21|LH_182,LH_455|LH_140|LH_407|LH_206|LH_118|LH_439|LH_369|LH_57|LH_124|LH_28|LH_383|LH_7|LH_452|LH_255|LH_334|LH_338|LH_66|LH_188|LH_381|LH_356|LH_238|LH_304|LH_282|LH_44|LH_84|LH_169|LH_345|LH_445|LH_95|LH_106|LH_256|LH_447|LH_328|LH_102|LH_12|LH_138|LH_38|LH_205|LH_323|LH_426|LH_116|LH_401|LH_450|LH_203|LH_129|LH_399|LH_359|LH_27|LH_292|LH_135|LH_76|LH_96|LH_428|LH_330|LH_49|LH_419|LH_432|LH_484|LH_406|LH_329|LH_162|LH_331|LH_408|LH_449|LH_67|LH_247|LH_251|LH_273|LH_293|LH_290|LH_446|LH_458|LH_40|LH_347|LH_400,d033c42cc03a8890de838709a8647c8682054f8213181a1567cf059fe84861c4,True,True,True,True,True,True,complete,True,0.05054355229650225,0.06344513634840647,0.07119213889042536,0.08895156987961472,0.00791238178404798,0.319923122434953,0.5940375354319951,defined,0.314573332965374,0.29847694317499796,0.10858988781411083,0.07573285257540881,0.6974208565815243,75,0.0,0.0,0.13914190232753754,0.46267521381378174,0.3235333114862442,-0.016096389790376028,0.08807219101874414,0.25505809485912323,not recorded,not recorded,b530e33bcf45d8a2de4a11118d9abf9731611b47cbf6c65bdaf9183aed498474,True,0.0,normalization_alternative,normalization_incompatible,alternative_protocol,unique,"normalization=none, expected minmax"
EvolveGCN-H,evolvegcn_h_500u_top500_h32_seed999_zscore,experiments/evolvegcn_h_500u_top500_h32_seed999_zscore,data/processed/temporal_500u_zscore_top500_periodic_knn/camels_500u_temporal_logmass_zscore_top500_periodic_knn.pt,data/processed/temporal_500u_zscore_top500_periodic_knn/camels_500u_temporal_logmass_zscore_top500_periodic_knn.metadata.json,temporal,500,LH_0..LH_499,5,five sorted snapshots; exact identities not persisted in sidecar,500,log10_Mvir|X|Y|Z|VX|VY|VZ,zscore,per_universe_per_snapshot_per_feature,False,True,8,25.0,32,2,evolvegcn_h,True,mean,mean,mlp,"Linear(D,H)-ReLU-Dropout-Linear(H,1)",False,False,4,300,40,0.001,1e-05,0.2,relu,1.0,MSE,999,0.7|0.15|0.15,LH_45|LH_34|LH_437|LH_155|LH_97|LH_89|LH_83|LH_482|LH_463|LH_496|LH_15|LH_479|LH_73|LH_481|LH_396|LH_130|LH_295|LH_315|LH_410|LH_344|LH_411|LH_280|LH_430|LH_300|LH_170|LH_489|LH_390|LH_88|LH_5|LH_343|LH_168|LH_421|LH_148|LH_46|LH_10|LH_438|LH_187|LH_0|LH_163|LH_436|LH_451|LH_389|LH_266|LH_372|LH_279|LH_376|LH_225|LH_284|LH_358|LH_98|LH_464|LH_263|LH_167|LH_318|LH_354|LH_105|LH_404|LH_433|LH_272|LH_322|LH_246|LH_224|LH_159|LH_235|LH_47|LH_100|LH_244|LH_16|LH_245|LH_58|LH_312|LH_254|LH_378|LH_64|LH_385|LH_289|LH_9|LH_477|LH_208|LH_82|LH_457|LH_379|LH_299|LH_332|LH_117|LH_336|LH_219|LH_122|LH_462|LH_37|LH_269|LH_387|LH_11|LH_442|LH_371|LH_474|LH_151|LH_59|LH_190|LH_492|LH_374|LH_253|LH_13|LH_346|LH_341|LH_101|LH_493|LH_229|LH_367|LH_398|LH_249|LH_241|LH_119|LH_77|LH_145|LH_220|LH_414|LH_90|LH_120|LH_176|LH_298|LH_262|LH_236|LH_226|LH_139|LH_152|LH_243|LH_264|LH_267|LH_33|LH_149|LH_146|LH_485|LH_103|LH_189|LH_39|LH_233|LH_339|LH_185|LH_270|LH_306|LH_301|LH_351|LH_333|LH_3|LH_171|LH_94|LH_490|LH_217|LH_111|LH_154|LH_259|LH_471|LH_258|LH_242|LH_365|LH_2|LH_62|LH_459|LH_22|LH_210|LH_476|LH_19|LH_380|LH_113|LH_391|LH_495|LH_53|LH_191|LH_80|LH_448|LH_147|LH_43|LH_223|LH_248|LH_161|LH_311|LH_32|LH_420|LH_441|LH_384|LH_307|LH_370|LH_121|LH_74|LH_413|LH_440|LH_157|LH_213|LH_363|LH_475|LH_310|LH_431|LH_214|LH_104|LH_470|LH_78|LH_377|LH_327|LH_215|LH_435|LH_237|LH_79|LH_422|LH_127|LH_274|LH_319|LH_342|LH_325|LH_133|LH_174|LH_108|LH_366|LH_472|LH_286|LH_285|LH_392|LH_112|LH_467|LH_35|LH_326|LH_429|LH_424|LH_405|LH_469|LH_99|LH_65|LH_56|LH_195|LH_60|LH_423|LH_491|LH_468|LH_126|LH_412|LH_198|LH_92|LH_132|LH_70|LH_109|LH_281|LH_309|LH_186|LH_303|LH_30|LH_166|LH_6|LH_131|LH_260|LH_461|LH_394|LH_230|LH_487|LH_41|LH_337|LH_201|LH_276|LH_227|LH_184|LH_352|LH_63|LH_409|LH_324|LH_278|LH_196|LH_402|LH_36|LH_61|LH_221|LH_348|LH_349|LH_305|LH_81|LH_480|LH_216|LH_434|LH_415|LH_364|LH_134|LH_388|LH_93|LH_499|LH_141|LH_68|LH_478|LH_197|LH_1|LH_296|LH_453|LH_137|LH_277|LH_418|LH_114|LH_175|LH_294|LH_86|LH_164|LH_202|LH_261|LH_150|LH_498|LH_473|LH_456|LH_14|LH_466|LH_486|LH_91|LH_165|LH_317|LH_136|LH_200|LH_192|LH_321|LH_211|LH_172|LH_355|LH_291|LH_204|LH_460|LH_143|LH_179|LH_360|LH_382|LH_183|LH_361|LH_340|LH_123|LH_181|LH_403|LH_228|LH_110|LH_25|LH_178|LH_69|LH_416|LH_177|LH_425|LH_353|LH_212|LH_199|LH_4|LH_444|LH_350|LH_288|LH_17|LH_180|LH_115|LH_308|LH_386|LH_297,LH_368|LH_71|LH_24|LH_362|LH_156|LH_373|LH_271|LH_314|LH_153|LH_257|LH_20|LH_275|LH_231|LH_85|LH_207|LH_222|LH_72|LH_160|LH_250|LH_287|LH_375|LH_497|LH_128|LH_54|LH_335|LH_51|LH_234|LH_443|LH_23|LH_397|LH_316|LH_26|LH_252|LH_158|LH_393|LH_194|LH_142|LH_29|LH_357|LH_48|LH_494|LH_193|LH_42|LH_268|LH_209|LH_18|LH_50|LH_239|LH_173|LH_302|LH_240|LH_125|LH_75|LH_144|LH_320|LH_265|LH_8|LH_454|LH_31|LH_427|LH_52|LH_465|LH_107|LH_87|LH_483|LH_283|LH_313|LH_218|LH_55|LH_417|LH_232|LH_488|LH_395|LH_21|LH_182,LH_455|LH_140|LH_407|LH_206|LH_118|LH_439|LH_369|LH_57|LH_124|LH_28|LH_383|LH_7|LH_452|LH_255|LH_334|LH_338|LH_66|LH_188|LH_381|LH_356|LH_238|LH_304|LH_282|LH_44|LH_84|LH_169|LH_345|LH_445|LH_95|LH_106|LH_256|LH_447|LH_328|LH_102|LH_12|LH_138|LH_38|LH_205|LH_323|LH_426|LH_116|LH_401|LH_450|LH_203|LH_129|LH_399|LH_359|LH_27|LH_292|LH_135|LH_76|LH_96|LH_428|LH_330|LH_49|LH_419|LH_432|LH_484|LH_406|LH_329|LH_162|LH_331|LH_408|LH_449|LH_67|LH_247|LH_251|LH_273|LH_293|LH_290|LH_446|LH_458|LH_40|LH_347|LH_400,d033c42cc03a8890de838709a8647c8682054f8213181a1567cf059fe84861c4,True,True,True,True,True,True,complete,True,0.08489139514310019,0.09690366744995117,0.09198372731606165,0.10913221771857569,0.011909840944174604,-0.02366236395974952,0.1780367097819171,defined,0.314573332965374,0.291664421359698,0.10858988781411083,0.030327302915764597,0.27928293809162297,75,0.0,0.0,0.21341192722320557,0.34849148988723755,0.13507956266403198,-0.022908911605676017,0.10741915272196415,0.22819897532463074,not recorded,not recorded,62e8236552263c0ba6d63cda2d846af749a4cac387be67efd2e22fe1390de57f,True,0.0,normalization_alternative,normalization_incompatible,alternative_protocol,unique,"normalization=zscore, expected minmax"
EvolveGCN-H,evolvegcn_h_50u_seed123_final32,experiments/evolvegcn_h_50u_seed123_final32,data/processed/temporal_50u_minmax/camels_50u_temporal_logmass_minmax_top100_periodic_knn.pt,data/processed/temporal_50u_minmax/camels_50u_temporal_logmass_minmax_top100_periodic_knn.metadata.json,temporal,50,LH_0..LH_49,5,five sorted snapshots; exact identities not persisted in sidecar,100,log10_Mvir|X|Y|Z|VX|VY|VZ,minmax,per_universe_per_snapshot_per_feature,False,True,8,25.0,32,2,evolvegcn_h,True,mean,mean,mlp,"Linear(D,H)-ReLU-Dropout-Linear(H,1)",False,False,4,300,40,0.001,1e-05,0.2,relu,1.0,MSE,123,0.7|0.15|0.15,LH_47|LH_18|LH_25|LH_40|LH_45|LH_29|LH_11|LH_33|LH_20|LH_7|LH_9|LH_44|LH_32|LH_22|LH_27|LH_16|LH_4|LH_23|LH_1|LH_37|LH_14|LH_31|LH_30|LH_46|LH_12|LH_19|LH_43|LH_42|LH_13|LH_28|LH_0|LH_36|LH_15|LH_41|LH_38,LH_8|LH_10|LH_49|LH_39|LH_21|LH_35|LH_34,LH_24|LH_2|LH_6|LH_48|LH_26|LH_5|LH_17|LH_3,7f94f9364f1187977f57e511eae46d5935b1a521fa5e8981e1bca8f661cb8f53,True,True,True,True,True,True,complete,True,0.09972698837518693,0.058946347662380764,0.10247249715030193,0.12100125069644337,0.014641302670103537,0.05712601547643881,0.27910132306915636,defined,0.2541500013321638,0.2591503672301769,0.13321680277292594,0.018740516853997007,0.14067682502440074,8,0.0,0.0,0.23312699794769287,0.287096232175827,0.053969234228134155,0.005000365898013115,0.12924527738701005,0.1895037591457367,not recorded,not recorded,f9c8e98fefda800ef8eca4053889eb0f6871dce274e6d12350f3f757091a072a,True,0.0,universe_scaling_or_u750_context,universe_count_incompatible,alternative_protocol,unique,universe count differs from U500 canonical Top-N family
EvolveGCN-H,evolvegcn_h_50u_seed2025,experiments/evolvegcn_h_50u_seed2025,data/processed/temporal_50u_minmax/camels_50u_temporal_logmass_minmax_top100_periodic_knn.pt,data/processed/temporal_50u_minmax/camels_50u_temporal_logmass_minmax_top100_periodic_knn.metadata.json,temporal,50,LH_0..LH_49,5,five sorted snapshots; exact identities not persisted in sidecar,100,log10_Mvir|X|Y|Z|VX|VY|VZ,minmax,per_universe_per_snapshot_per_feature,False,True,8,25.0,32,2,evolvegcn_h,True,mean,mean,mlp,"Linear(D,H)-ReLU-Dropout-Linear(H,1)",False,False,4,200,40,0.001,1e-05,0.2,relu,1.0,MSE,2025,0.7|0.15|0.15,LH_18|LH_48|LH_21|LH_42|LH_38|LH_40|LH_27|LH_15|LH_10|LH_29|LH_31|LH_46|LH_8|LH_28|LH_9|LH_20|LH_45|LH_39|LH_12|LH_44|LH_26|LH_22|LH_49|LH_34|LH_16|LH_17|LH_43|LH_19|LH_1|LH_32|LH_3|LH_37|LH_13|LH_7|LH_2,LH_6|LH_25|LH_47|LH_4|LH_14|LH_36|LH_24,LH_23|LH_0|LH_33|LH_11|LH_30|LH_41|LH_5|LH_35,a323cf033bdb75d169bc3c3549b2ea5cda4ee985186aa59915b3a071305fca0a,True,True,True,True,True,True,complete,True,0.09246614426374436,0.09017681117568697,0.12738484796136618,0.13890090140714226,0.019293460411716652,0.06490218223006738,0.6375519269281978,defined,0.30125000048428774,0.2963097430765629,0.15355802433217589,0.008311274956541362,0.05412465413440366,8,0.0,0.0,0.28239500522613525,0.3101820945739746,0.027787089347839355,-0.004940257407724857,0.1483973595008139,0.17851048707962036,not recorded,not recorded,054bba000a6b750e7f3d549604cf7c172985c7b71b3a665686825a20ffcf36ce,True,0.0,universe_scaling_or_u750_context,duplicate_reproduction,duplicate,exact_prediction_duplicate:evolvegcn_h_50u_seed2025|evolvegcn_h_u50_top100_norm-minmax_h32_l2_gpool-mean_tpool-mean_head-mlp_canonical300_seed2025,identical prediction hash; not independent evidence
EvolveGCN-H,evolvegcn_h_50u_seed42,experiments/evolvegcn_h_50u_seed42,data/processed/temporal_50u_minmax/camels_50u_temporal_logmass_minmax_top100_periodic_knn.pt,data/processed/temporal_50u_minmax/camels_50u_temporal_logmass_minmax_top100_periodic_knn.metadata.json,temporal,50,LH_0..LH_49,5,five sorted snapshots; exact identities not persisted in sidecar,100,log10_Mvir|X|Y|Z|VX|VY|VZ,minmax,per_universe_per_snapshot_per_feature,False,True,8,25.0,32,2,evolvegcn_h,True,mean,mean,mlp,"Linear(D,H)-ReLU-Dropout-Linear(H,1)",False,False,4,200,40,0.001,1e-05,0.2,relu,1.0,MSE,42,0.7|0.15|0.15,LH_25|LH_23|LH_19|LH_11|LH_4|LH_45|LH_26|LH_9|LH_29|LH_16|LH_31|LH_21|LH_12|LH_3|LH_39|LH_38|LH_10|LH_24|LH_35|LH_0|LH_43|LH_18|LH_33|LH_48|LH_41|LH_30|LH_28|LH_20|LH_22|LH_42|LH_46|LH_36|LH_32|LH_44|LH_13,LH_49|LH_47|LH_2|LH_27|LH_37|LH_5|LH_34,LH_6|LH_8|LH_14|LH_15|LH_17|LH_1|LH_7|LH_40,c0b5e03520b87262cb2bd0fbfa8b4a0d882a62c2d51e04ccf0ec64ef6a85f3a8,True,True,True,True,True,True,complete,True,0.08413987436464855,0.11241778412035533,0.09351505432277918,0.11421601841553629,0.013045298862698125,-0.13496198316490204,-0.1259093251207542,defined,0.2638000017032027,0.2853076383471489,0.11461259157263834,0.023680275052970216,0.2066114615160962,8,0.0,0.0,0.2598153352737427,0.32435116171836853,0.06453582644462585,0.02150763664394617,0.11991768809688995,0.20415116101503372,not recorded,not recorded,8bbaad5b5bee943174976b4706033fb6c6361709c4b864dae0fad43185d64338,True,0.0,universe_scaling_or_u750_context,duplicate_reproduction,duplicate,exact_prediction_duplicate:evolvegcn_h_50u_seed42|evolvegcn_h_u50_top100_norm-minmax_h32_l2_gpool-mean_tpool-mean_head-mlp_canonical300_seed42,identical prediction hash; not independent evidence
EvolveGCN-H,evolvegcn_h_750u_top1000_h32_seed123_none,experiments/evolvegcn_h_750u_top1000_h32_seed123_none,data/processed/temporal_750u_none_top1000_periodic_knn/camels_750u_temporal_logmass_none_top1000_periodic_knn.pt,data/processed/temporal_750u_none_top1000_periodic_knn/camels_750u_temporal_logmass_none_top1000_periodic_knn.metadata.json,temporal,750,LH_0..LH_749,5,five sorted snapshots; exact identities not persisted in sidecar,1000,log10_Mvir|X|Y|Z|VX|VY|VZ,none,none after log10(Mvir),False,True,8,25.0,32,2,evolvegcn_h,True,mean,mean,mlp,"Linear(D,H)-ReLU-Dropout-Linear(H,1)",False,False,4,300,40,0.001,1e-05,0.2,relu,1.0,MSE,123,0.6|0.1333333333|0.2666666667,LH_354|LH_546|LH_573|LH_451|LH_38|LH_695|LH_242|LH_215|LH_88|LH_159|LH_585|LH_40|LH_265|LH_121|LH_632|LH_168|LH_408|LH_259|LH_131|LH_100|LH_191|LH_296|LH_590|LH_542|LH_355|LH_613|LH_128|LH_399|LH_366|LH_485|LH_463|LH_553|LH_253|LH_499|LH_746|LH_612|LH_117|LH_308|LH_389|LH_158|LH_519|LH_732|LH_540|LH_289|LH_538|LH_305|LH_484|LH_186|LH_299|LH_231|LH_133|LH_171|LH_526|LH_688|LH_595|LH_368|LH_454|LH_537|LH_339|LH_59|LH_719|LH_427|LH_622|LH_658|LH_11|LH_462|LH_9|LH_134|LH_119|LH_469|LH_51|LH_97|LH_739|LH_79|LH_179|LH_599|LH_589|LH_416|LH_358|LH_510|LH_659|LH_520|LH_245|LH_27|LH_639|LH_685|LH_36|LH_607|LH_161|LH_536|LH_457|LH_43|LH_318|LH_70|LH_76|LH_580|LH_626|LH_301|LH_707|LH_736|LH_411|LH_81|LH_456|LH_130|LH_118|LH_662|LH_365|LH_401|LH_730|LH_3|LH_620|LH_321|LH_434|LH_582|LH_302|LH_687|LH_269|LH_608|LH_421|LH_640|LH_530|LH_629|LH_336|LH_487|LH_248|LH_210|LH_103|LH_150|LH_651|LH_689|LH_232|LH_700|LH_148|LH_320|LH_509|LH_304|LH_177|LH_380|LH_452|LH_247|LH_153|LH_728|LH_290|LH_281|LH_670|LH_489|LH_397|LH_426|LH_209|LH_276|LH_602|LH_132|LH_507|LH_669|LH_425|LH_514|LH_326|LH_501|LH_601|LH_250|LH_635|LH_431|LH_676|LH_69|LH_644|LH_560|LH_581|LH_25|LH_435|LH_727|LH_486|LH_178|LH_448|LH_403|LH_503|LH_66|LH_692|LH_422|LH_41|LH_705|LH_141|LH_479|LH_433|LH_359|LH_303|LH_91|LH_203|LH_505|LH_49|LH_18|LH_173|LH_569|LH_555|LH_283|LH_733|LH_190|LH_470|LH_187|LH_491|LH_328|LH_287|LH_156|LH_617|LH_184|LH_665|LH_20|LH_616|LH_165|LH_410|LH_474|LH_614|LH_516|LH_543|LH_390|LH_492|LH_597|LH_490|LH_406|LH_246|LH_477|LH_605|LH_216|LH_609|LH_160|LH_267|LH_717|LH_241|LH_561|LH_571|LH_697|LH_218|LH_458|LH_350|LH_535|LH_450|LH_418|LH_154|LH_384|LH_376|LH_627|LH_202|LH_142|LH_414|LH_60|LH_327|LH_445|LH_745|LH_275|LH_284|LH_449|LH_14|LH_347|LH_374|LH_437|LH_545|LH_641|LH_205|LH_603|LH_343|LH_4|LH_638|LH_73|LH_675|LH_382|LH_120|LH_583|LH_295|LH_225|LH_409|LH_319|LH_362|LH_46|LH_698|LH_596|LH_77|LH_475|LH_371|LH_207|LH_102|LH_220|LH_655|LH_112|LH_74|LH_50|LH_428|LH_169|LH_618|LH_83|LH_2|LH_317|LH_316|LH_314|LH_214|LH_502|LH_196|LH_105|LH_42|LH_337|LH_48|LH_260|LH_315|LH_447|LH_696|LH_109|LH_333|LH_423|LH_572|LH_378|LH_227|LH_619|LH_282|LH_180|LH_235|LH_482|LH_625|LH_54|LH_243|LH_723|LH_146|LH_346|LH_404|LH_743|LH_199|LH_96|LH_709|LH_711|LH_222|LH_261|LH_720|LH_496|LH_115|LH_468|LH_364|LH_678|LH_453|LH_528|LH_631|LH_432|LH_690|LH_742|LH_57|LH_392|LH_556|LH_591|LH_511|LH_126|LH_436|LH_15|LH_280|LH_478|LH_335|LH_701|LH_5|LH_657|LH_206|LH_706|LH_106|LH_554|LH_19|LH_123|LH_108|LH_379|LH_68|LH_252|LH_78|LH_182|LH_264|LH_223|LH_334|LH_221|LH_291|LH_30|LH_56|LH_508|LH_552|LH_200|LH_325|LH_34|LH_266|LH_393|LH_143|LH_285|LH_279|LH_592|LH_226|LH_52|LH_47|LH_593|LH_144|LH_114|LH_239|LH_255|LH_155|LH_99|LH_708|LH_615|LH_466|LH_402|LH_725|LH_636|LH_23|LH_101|LH_621|LH_664|LH_441|LH_521|LH_310|LH_22|LH_217|LH_183|LH_213|LH_86|LH_715|LH_624|LH_680|LH_352|LH_116|LH_634|LH_373|LH_476|LH_7|LH_297|LH_481|LH_693|LH_594|LH_307|LH_258|LH_237|LH_663|LH_306|LH_113|LH_189|LH_464|LH_72|LH_277|LH_598|LH_576|LH_273|LH_244|LH_67|LH_375|LH_254|LH_338|LH_219|LH_637|LH_579|LH_93|LH_604|LH_172|LH_564,LH_650|LH_702|LH_233|LH_353|LH_127|LH_176|LH_292|LH_288|LH_224|LH_565|LH_568|LH_228|LH_331|LH_124|LH_166|LH_361|LH_391|LH_293|LH_647|LH_55|LH_152|LH_541|LH_300|LH_26|LH_194|LH_566|LH_164|LH_309|LH_419|LH_257|LH_493|LH_577|LH_62|LH_151|LH_515|LH_35|LH_188|LH_532|LH_286|LH_438|LH_726|LH_473|LH_606|LH_135|LH_256|LH_192|LH_212|LH_523|LH_31|LH_412|LH_500|LH_195|LH_92|LH_420|LH_98|LH_385|LH_699|LH_175|LH_524|LH_394|LH_744|LH_367|LH_721|LH_628|LH_370|LH_471|LH_369|LH_737|LH_125|LH_563|LH_649|LH_722|LH_710|LH_652|LH_229|LH_405|LH_646|LH_686|LH_263|LH_570|LH_642|LH_504|LH_648|LH_735|LH_136|LH_349|LH_85|LH_324|LH_87|LH_236|LH_748|LH_198|LH_17|LH_204|LH_517|LH_201|LH_82|LH_562|LH_731,LH_694|LH_270|LH_329|LH_208|LH_249|LH_518|LH_630|LH_95|LH_738|LH_230|LH_588|LH_558|LH_107|LH_512|LH_704|LH_140|LH_527|LH_584|LH_332|LH_703|LH_162|LH_28|LH_439|LH_311|LH_461|LH_460|LH_357|LH_633|LH_465|LH_139|LH_63|LH_442|LH_395|LH_170|LH_122|LH_529|LH_671|LH_547|LH_714|LH_377|LH_398|LH_712|LH_149|LH_313|LH_550|LH_666|LH_531|LH_58|LH_80|LH_240|LH_381|LH_147|LH_65|LH_716|LH_729|LH_24|LH_356|LH_424|LH_672|LH_740|LH_33|LH_483|LH_674|LH_330|LH_29|LH_413|LH_559|LH_668|LH_724|LH_548|LH_8|LH_443|LH_677|LH_679|LH_363|LH_681|LH_64|LH_111|LH_0|LH_430|LH_691|LH_278|LH_656|LH_262|LH_713|LH_197|LH_667|LH_137|LH_10|LH_45|LH_472|LH_387|LH_455|LH_741|LH_157|LH_181|LH_495|LH_557|LH_238|LH_645|LH_506|LH_294|LH_61|LH_513|LH_544|LH_415|LH_234|LH_360|LH_13|LH_372|LH_643|LH_90|LH_600|LH_193|LH_16|LH_344|LH_586|LH_396|LH_467|LH_75|LH_400|LH_567|LH_734|LH_342|LH_174|LH_268|LH_673|LH_498|LH_84|LH_185|LH_660|LH_32|LH_522|LH_383|LH_429|LH_684|LH_533|LH_497|LH_610|LH_682|LH_653|LH_551|LH_444|LH_525|LH_661|LH_407|LH_12|LH_322|LH_578|LH_539|LH_654|LH_623|LH_211|LH_494|LH_534|LH_351|LH_312|LH_37|LH_480|LH_271|LH_488|LH_587|LH_440|LH_298|LH_21|LH_129|LH_145|LH_683|LH_94|LH_44|LH_104|LH_459|LH_323|LH_6|LH_71|LH_386|LH_611|LH_747|LH_446|LH_1|LH_167|LH_251|LH_718|LH_341|LH_574|LH_345|LH_138|LH_163|LH_749|LH_348|LH_340|LH_575|LH_549|LH_388|LH_39|LH_110|LH_272|LH_417|LH_89|LH_274|LH_53,bd9367b034a0ac7ebc07fe79c19a62d51f17402cb7e5dba98d1748e5168f72f1,True,True,True,True,True,True,complete,True,0.03408867220083873,0.04223829876593869,0.0551141643553824,0.07017513742848315,0.004924549913106496,0.6218340468608956,0.8285008070532317,defined,0.29530845790063565,0.32104627736172275,0.11439975375925339,0.10817523245339797,0.9455897316094359,201,0.0,0.0,0.09554147720336914,0.5900323390960693,0.4944908618927002,0.02573781946108709,0.06544788106048552,0.2045758217573166,not recorded,not recorded,e8728b9ec6ec6d1e1ecda75444d418c0eddb12e07bf1de33c69e7e8821d2697d,True,8.673617379884035e-19,universe_scaling_or_u750_context,universe_count_incompatible,alternative_protocol,unique,universe count differs from U500 canonical Top-N family
EvolveGCN-H,evolvegcn_h_750u_top1000_h32_seed123_none_linear_head,experiments/evolvegcn_h_750u_top1000_h32_seed123_none_linear_head,data/processed/temporal_750u_none_top1000_periodic_knn/camels_750u_temporal_logmass_none_top1000_periodic_knn.pt,data/processed/temporal_750u_none_top1000_periodic_knn/camels_750u_temporal_logmass_none_top1000_periodic_knn.metadata.json,temporal,750,LH_0..LH_749,5,five sorted snapshots; exact identities not persisted in sidecar,1000,log10_Mvir|X|Y|Z|VX|VY|VZ,none,none after log10(Mvir),False,True,8,25.0,32,2,evolvegcn_h,True,mean,mean,linear,"Linear(D,1)",False,False,4,300,40,0.001,1e-05,0.2,relu,1.0,MSE,123,0.6|0.1333333333|0.2666666667,LH_354|LH_546|LH_573|LH_451|LH_38|LH_695|LH_242|LH_215|LH_88|LH_159|LH_585|LH_40|LH_265|LH_121|LH_632|LH_168|LH_408|LH_259|LH_131|LH_100|LH_191|LH_296|LH_590|LH_542|LH_355|LH_613|LH_128|LH_399|LH_366|LH_485|LH_463|LH_553|LH_253|LH_499|LH_746|LH_612|LH_117|LH_308|LH_389|LH_158|LH_519|LH_732|LH_540|LH_289|LH_538|LH_305|LH_484|LH_186|LH_299|LH_231|LH_133|LH_171|LH_526|LH_688|LH_595|LH_368|LH_454|LH_537|LH_339|LH_59|LH_719|LH_427|LH_622|LH_658|LH_11|LH_462|LH_9|LH_134|LH_119|LH_469|LH_51|LH_97|LH_739|LH_79|LH_179|LH_599|LH_589|LH_416|LH_358|LH_510|LH_659|LH_520|LH_245|LH_27|LH_639|LH_685|LH_36|LH_607|LH_161|LH_536|LH_457|LH_43|LH_318|LH_70|LH_76|LH_580|LH_626|LH_301|LH_707|LH_736|LH_411|LH_81|LH_456|LH_130|LH_118|LH_662|LH_365|LH_401|LH_730|LH_3|LH_620|LH_321|LH_434|LH_582|LH_302|LH_687|LH_269|LH_608|LH_421|LH_640|LH_530|LH_629|LH_336|LH_487|LH_248|LH_210|LH_103|LH_150|LH_651|LH_689|LH_232|LH_700|LH_148|LH_320|LH_509|LH_304|LH_177|LH_380|LH_452|LH_247|LH_153|LH_728|LH_290|LH_281|LH_670|LH_489|LH_397|LH_426|LH_209|LH_276|LH_602|LH_132|LH_507|LH_669|LH_425|LH_514|LH_326|LH_501|LH_601|LH_250|LH_635|LH_431|LH_676|LH_69|LH_644|LH_560|LH_581|LH_25|LH_435|LH_727|LH_486|LH_178|LH_448|LH_403|LH_503|LH_66|LH_692|LH_422|LH_41|LH_705|LH_141|LH_479|LH_433|LH_359|LH_303|LH_91|LH_203|LH_505|LH_49|LH_18|LH_173|LH_569|LH_555|LH_283|LH_733|LH_190|LH_470|LH_187|LH_491|LH_328|LH_287|LH_156|LH_617|LH_184|LH_665|LH_20|LH_616|LH_165|LH_410|LH_474|LH_614|LH_516|LH_543|LH_390|LH_492|LH_597|LH_490|LH_406|LH_246|LH_477|LH_605|LH_216|LH_609|LH_160|LH_267|LH_717|LH_241|LH_561|LH_571|LH_697|LH_218|LH_458|LH_350|LH_535|LH_450|LH_418|LH_154|LH_384|LH_376|LH_627|LH_202|LH_142|LH_414|LH_60|LH_327|LH_445|LH_745|LH_275|LH_284|LH_449|LH_14|LH_347|LH_374|LH_437|LH_545|LH_641|LH_205|LH_603|LH_343|LH_4|LH_638|LH_73|LH_675|LH_382|LH_120|LH_583|LH_295|LH_225|LH_409|LH_319|LH_362|LH_46|LH_698|LH_596|LH_77|LH_475|LH_371|LH_207|LH_102|LH_220|LH_655|LH_112|LH_74|LH_50|LH_428|LH_169|LH_618|LH_83|LH_2|LH_317|LH_316|LH_314|LH_214|LH_502|LH_196|LH_105|LH_42|LH_337|LH_48|LH_260|LH_315|LH_447|LH_696|LH_109|LH_333|LH_423|LH_572|LH_378|LH_227|LH_619|LH_282|LH_180|LH_235|LH_482|LH_625|LH_54|LH_243|LH_723|LH_146|LH_346|LH_404|LH_743|LH_199|LH_96|LH_709|LH_711|LH_222|LH_261|LH_720|LH_496|LH_115|LH_468|LH_364|LH_678|LH_453|LH_528|LH_631|LH_432|LH_690|LH_742|LH_57|LH_392|LH_556|LH_591|LH_511|LH_126|LH_436|LH_15|LH_280|LH_478|LH_335|LH_701|LH_5|LH_657|LH_206|LH_706|LH_106|LH_554|LH_19|LH_123|LH_108|LH_379|LH_68|LH_252|LH_78|LH_182|LH_264|LH_223|LH_334|LH_221|LH_291|LH_30|LH_56|LH_508|LH_552|LH_200|LH_325|LH_34|LH_266|LH_393|LH_143|LH_285|LH_279|LH_592|LH_226|LH_52|LH_47|LH_593|LH_144|LH_114|LH_239|LH_255|LH_155|LH_99|LH_708|LH_615|LH_466|LH_402|LH_725|LH_636|LH_23|LH_101|LH_621|LH_664|LH_441|LH_521|LH_310|LH_22|LH_217|LH_183|LH_213|LH_86|LH_715|LH_624|LH_680|LH_352|LH_116|LH_634|LH_373|LH_476|LH_7|LH_297|LH_481|LH_693|LH_594|LH_307|LH_258|LH_237|LH_663|LH_306|LH_113|LH_189|LH_464|LH_72|LH_277|LH_598|LH_576|LH_273|LH_244|LH_67|LH_375|LH_254|LH_338|LH_219|LH_637|LH_579|LH_93|LH_604|LH_172|LH_564,LH_650|LH_702|LH_233|LH_353|LH_127|LH_176|LH_292|LH_288|LH_224|LH_565|LH_568|LH_228|LH_331|LH_124|LH_166|LH_361|LH_391|LH_293|LH_647|LH_55|LH_152|LH_541|LH_300|LH_26|LH_194|LH_566|LH_164|LH_309|LH_419|LH_257|LH_493|LH_577|LH_62|LH_151|LH_515|LH_35|LH_188|LH_532|LH_286|LH_438|LH_726|LH_473|LH_606|LH_135|LH_256|LH_192|LH_212|LH_523|LH_31|LH_412|LH_500|LH_195|LH_92|LH_420|LH_98|LH_385|LH_699|LH_175|LH_524|LH_394|LH_744|LH_367|LH_721|LH_628|LH_370|LH_471|LH_369|LH_737|LH_125|LH_563|LH_649|LH_722|LH_710|LH_652|LH_229|LH_405|LH_646|LH_686|LH_263|LH_570|LH_642|LH_504|LH_648|LH_735|LH_136|LH_349|LH_85|LH_324|LH_87|LH_236|LH_748|LH_198|LH_17|LH_204|LH_517|LH_201|LH_82|LH_562|LH_731,LH_694|LH_270|LH_329|LH_208|LH_249|LH_518|LH_630|LH_95|LH_738|LH_230|LH_588|LH_558|LH_107|LH_512|LH_704|LH_140|LH_527|LH_584|LH_332|LH_703|LH_162|LH_28|LH_439|LH_311|LH_461|LH_460|LH_357|LH_633|LH_465|LH_139|LH_63|LH_442|LH_395|LH_170|LH_122|LH_529|LH_671|LH_547|LH_714|LH_377|LH_398|LH_712|LH_149|LH_313|LH_550|LH_666|LH_531|LH_58|LH_80|LH_240|LH_381|LH_147|LH_65|LH_716|LH_729|LH_24|LH_356|LH_424|LH_672|LH_740|LH_33|LH_483|LH_674|LH_330|LH_29|LH_413|LH_559|LH_668|LH_724|LH_548|LH_8|LH_443|LH_677|LH_679|LH_363|LH_681|LH_64|LH_111|LH_0|LH_430|LH_691|LH_278|LH_656|LH_262|LH_713|LH_197|LH_667|LH_137|LH_10|LH_45|LH_472|LH_387|LH_455|LH_741|LH_157|LH_181|LH_495|LH_557|LH_238|LH_645|LH_506|LH_294|LH_61|LH_513|LH_544|LH_415|LH_234|LH_360|LH_13|LH_372|LH_643|LH_90|LH_600|LH_193|LH_16|LH_344|LH_586|LH_396|LH_467|LH_75|LH_400|LH_567|LH_734|LH_342|LH_174|LH_268|LH_673|LH_498|LH_84|LH_185|LH_660|LH_32|LH_522|LH_383|LH_429|LH_684|LH_533|LH_497|LH_610|LH_682|LH_653|LH_551|LH_444|LH_525|LH_661|LH_407|LH_12|LH_322|LH_578|LH_539|LH_654|LH_623|LH_211|LH_494|LH_534|LH_351|LH_312|LH_37|LH_480|LH_271|LH_488|LH_587|LH_440|LH_298|LH_21|LH_129|LH_145|LH_683|LH_94|LH_44|LH_104|LH_459|LH_323|LH_6|LH_71|LH_386|LH_611|LH_747|LH_446|LH_1|LH_167|LH_251|LH_718|LH_341|LH_574|LH_345|LH_138|LH_163|LH_749|LH_348|LH_340|LH_575|LH_549|LH_388|LH_39|LH_110|LH_272|LH_417|LH_89|LH_274|LH_53,bd9367b034a0ac7ebc07fe79c19a62d51f17402cb7e5dba98d1748e5168f72f1,True,True,True,True,True,True,complete,True,0.023812247299485736,0.044182380868328944,0.052323977819722686,0.06692279737356953,0.004478660808303844,0.6560747554103737,0.8439793687140361,defined,0.29530845790063565,0.31752135578672686,0.11439975375925339,0.11204207220182295,0.9793908511167602,201,0.0,0.0,0.05747091770172119,0.6492594480514526,0.5917885303497314,0.022212897886091203,0.06328644575013641,0.26613709330558777,not recorded,not recorded,8e6ea0a012912b4a24500a594e4e7fe9bfcb785978bf4c59f2ca55b9b9c508d2,True,8.673617379884035e-19,universe_scaling_or_u750_context,universe_count_incompatible,alternative_protocol,unique,universe count differs from U500 canonical Top-N family
EvolveGCN-H,evolvegcn_h_750u_top1000_h32_seed123_none_linear_head_meanmax,experiments/evolvegcn_h_750u_top1000_h32_seed123_none_linear_head_meanmax,data/processed/temporal_750u_none_top1000_periodic_knn/camels_750u_temporal_logmass_none_top1000_periodic_knn.pt,data/processed/temporal_750u_none_top1000_periodic_knn/camels_750u_temporal_logmass_none_top1000_periodic_knn.metadata.json,temporal,750,LH_0..LH_749,5,five sorted snapshots; exact identities not persisted in sidecar,1000,log10_Mvir|X|Y|Z|VX|VY|VZ,none,none after log10(Mvir),False,True,8,25.0,32,2,evolvegcn_h,True,mean_max,mean,linear,"Linear(D,1)",False,False,4,300,40,0.001,1e-05,0.2,relu,1.0,MSE,123,0.6|0.1333333333|0.2666666667,LH_354|LH_546|LH_573|LH_451|LH_38|LH_695|LH_242|LH_215|LH_88|LH_159|LH_585|LH_40|LH_265|LH_121|LH_632|LH_168|LH_408|LH_259|LH_131|LH_100|LH_191|LH_296|LH_590|LH_542|LH_355|LH_613|LH_128|LH_399|LH_366|LH_485|LH_463|LH_553|LH_253|LH_499|LH_746|LH_612|LH_117|LH_308|LH_389|LH_158|LH_519|LH_732|LH_540|LH_289|LH_538|LH_305|LH_484|LH_186|LH_299|LH_231|LH_133|LH_171|LH_526|LH_688|LH_595|LH_368|LH_454|LH_537|LH_339|LH_59|LH_719|LH_427|LH_622|LH_658|LH_11|LH_462|LH_9|LH_134|LH_119|LH_469|LH_51|LH_97|LH_739|LH_79|LH_179|LH_599|LH_589|LH_416|LH_358|LH_510|LH_659|LH_520|LH_245|LH_27|LH_639|LH_685|LH_36|LH_607|LH_161|LH_536|LH_457|LH_43|LH_318|LH_70|LH_76|LH_580|LH_626|LH_301|LH_707|LH_736|LH_411|LH_81|LH_456|LH_130|LH_118|LH_662|LH_365|LH_401|LH_730|LH_3|LH_620|LH_321|LH_434|LH_582|LH_302|LH_687|LH_269|LH_608|LH_421|LH_640|LH_530|LH_629|LH_336|LH_487|LH_248|LH_210|LH_103|LH_150|LH_651|LH_689|LH_232|LH_700|LH_148|LH_320|LH_509|LH_304|LH_177|LH_380|LH_452|LH_247|LH_153|LH_728|LH_290|LH_281|LH_670|LH_489|LH_397|LH_426|LH_209|LH_276|LH_602|LH_132|LH_507|LH_669|LH_425|LH_514|LH_326|LH_501|LH_601|LH_250|LH_635|LH_431|LH_676|LH_69|LH_644|LH_560|LH_581|LH_25|LH_435|LH_727|LH_486|LH_178|LH_448|LH_403|LH_503|LH_66|LH_692|LH_422|LH_41|LH_705|LH_141|LH_479|LH_433|LH_359|LH_303|LH_91|LH_203|LH_505|LH_49|LH_18|LH_173|LH_569|LH_555|LH_283|LH_733|LH_190|LH_470|LH_187|LH_491|LH_328|LH_287|LH_156|LH_617|LH_184|LH_665|LH_20|LH_616|LH_165|LH_410|LH_474|LH_614|LH_516|LH_543|LH_390|LH_492|LH_597|LH_490|LH_406|LH_246|LH_477|LH_605|LH_216|LH_609|LH_160|LH_267|LH_717|LH_241|LH_561|LH_571|LH_697|LH_218|LH_458|LH_350|LH_535|LH_450|LH_418|LH_154|LH_384|LH_376|LH_627|LH_202|LH_142|LH_414|LH_60|LH_327|LH_445|LH_745|LH_275|LH_284|LH_449|LH_14|LH_347|LH_374|LH_437|LH_545|LH_641|LH_205|LH_603|LH_343|LH_4|LH_638|LH_73|LH_675|LH_382|LH_120|LH_583|LH_295|LH_225|LH_409|LH_319|LH_362|LH_46|LH_698|LH_596|LH_77|LH_475|LH_371|LH_207|LH_102|LH_220|LH_655|LH_112|LH_74|LH_50|LH_428|LH_169|LH_618|LH_83|LH_2|LH_317|LH_316|LH_314|LH_214|LH_502|LH_196|LH_105|LH_42|LH_337|LH_48|LH_260|LH_315|LH_447|LH_696|LH_109|LH_333|LH_423|LH_572|LH_378|LH_227|LH_619|LH_282|LH_180|LH_235|LH_482|LH_625|LH_54|LH_243|LH_723|LH_146|LH_346|LH_404|LH_743|LH_199|LH_96|LH_709|LH_711|LH_222|LH_261|LH_720|LH_496|LH_115|LH_468|LH_364|LH_678|LH_453|LH_528|LH_631|LH_432|LH_690|LH_742|LH_57|LH_392|LH_556|LH_591|LH_511|LH_126|LH_436|LH_15|LH_280|LH_478|LH_335|LH_701|LH_5|LH_657|LH_206|LH_706|LH_106|LH_554|LH_19|LH_123|LH_108|LH_379|LH_68|LH_252|LH_78|LH_182|LH_264|LH_223|LH_334|LH_221|LH_291|LH_30|LH_56|LH_508|LH_552|LH_200|LH_325|LH_34|LH_266|LH_393|LH_143|LH_285|LH_279|LH_592|LH_226|LH_52|LH_47|LH_593|LH_144|LH_114|LH_239|LH_255|LH_155|LH_99|LH_708|LH_615|LH_466|LH_402|LH_725|LH_636|LH_23|LH_101|LH_621|LH_664|LH_441|LH_521|LH_310|LH_22|LH_217|LH_183|LH_213|LH_86|LH_715|LH_624|LH_680|LH_352|LH_116|LH_634|LH_373|LH_476|LH_7|LH_297|LH_481|LH_693|LH_594|LH_307|LH_258|LH_237|LH_663|LH_306|LH_113|LH_189|LH_464|LH_72|LH_277|LH_598|LH_576|LH_273|LH_244|LH_67|LH_375|LH_254|LH_338|LH_219|LH_637|LH_579|LH_93|LH_604|LH_172|LH_564,LH_650|LH_702|LH_233|LH_353|LH_127|LH_176|LH_292|LH_288|LH_224|LH_565|LH_568|LH_228|LH_331|LH_124|LH_166|LH_361|LH_391|LH_293|LH_647|LH_55|LH_152|LH_541|LH_300|LH_26|LH_194|LH_566|LH_164|LH_309|LH_419|LH_257|LH_493|LH_577|LH_62|LH_151|LH_515|LH_35|LH_188|LH_532|LH_286|LH_438|LH_726|LH_473|LH_606|LH_135|LH_256|LH_192|LH_212|LH_523|LH_31|LH_412|LH_500|LH_195|LH_92|LH_420|LH_98|LH_385|LH_699|LH_175|LH_524|LH_394|LH_744|LH_367|LH_721|LH_628|LH_370|LH_471|LH_369|LH_737|LH_125|LH_563|LH_649|LH_722|LH_710|LH_652|LH_229|LH_405|LH_646|LH_686|LH_263|LH_570|LH_642|LH_504|LH_648|LH_735|LH_136|LH_349|LH_85|LH_324|LH_87|LH_236|LH_748|LH_198|LH_17|LH_204|LH_517|LH_201|LH_82|LH_562|LH_731,LH_694|LH_270|LH_329|LH_208|LH_249|LH_518|LH_630|LH_95|LH_738|LH_230|LH_588|LH_558|LH_107|LH_512|LH_704|LH_140|LH_527|LH_584|LH_332|LH_703|LH_162|LH_28|LH_439|LH_311|LH_461|LH_460|LH_357|LH_633|LH_465|LH_139|LH_63|LH_442|LH_395|LH_170|LH_122|LH_529|LH_671|LH_547|LH_714|LH_377|LH_398|LH_712|LH_149|LH_313|LH_550|LH_666|LH_531|LH_58|LH_80|LH_240|LH_381|LH_147|LH_65|LH_716|LH_729|LH_24|LH_356|LH_424|LH_672|LH_740|LH_33|LH_483|LH_674|LH_330|LH_29|LH_413|LH_559|LH_668|LH_724|LH_548|LH_8|LH_443|LH_677|LH_679|LH_363|LH_681|LH_64|LH_111|LH_0|LH_430|LH_691|LH_278|LH_656|LH_262|LH_713|LH_197|LH_667|LH_137|LH_10|LH_45|LH_472|LH_387|LH_455|LH_741|LH_157|LH_181|LH_495|LH_557|LH_238|LH_645|LH_506|LH_294|LH_61|LH_513|LH_544|LH_415|LH_234|LH_360|LH_13|LH_372|LH_643|LH_90|LH_600|LH_193|LH_16|LH_344|LH_586|LH_396|LH_467|LH_75|LH_400|LH_567|LH_734|LH_342|LH_174|LH_268|LH_673|LH_498|LH_84|LH_185|LH_660|LH_32|LH_522|LH_383|LH_429|LH_684|LH_533|LH_497|LH_610|LH_682|LH_653|LH_551|LH_444|LH_525|LH_661|LH_407|LH_12|LH_322|LH_578|LH_539|LH_654|LH_623|LH_211|LH_494|LH_534|LH_351|LH_312|LH_37|LH_480|LH_271|LH_488|LH_587|LH_440|LH_298|LH_21|LH_129|LH_145|LH_683|LH_94|LH_44|LH_104|LH_459|LH_323|LH_6|LH_71|LH_386|LH_611|LH_747|LH_446|LH_1|LH_167|LH_251|LH_718|LH_341|LH_574|LH_345|LH_138|LH_163|LH_749|LH_348|LH_340|LH_575|LH_549|LH_388|LH_39|LH_110|LH_272|LH_417|LH_89|LH_274|LH_53,bd9367b034a0ac7ebc07fe79c19a62d51f17402cb7e5dba98d1748e5168f72f1,True,True,True,True,True,True,complete,True,0.07156276305516561,0.0652748965705284,0.07537395588645887,0.11600114444702615,0.013456265513019827,-0.033333312325786624,0.4621858525188119,defined,0.29530845790063565,0.28543509190800176,0.11439975375925339,0.108855433542703,0.9515355581252557,201,0.0,0.0,-0.5391953587532043,0.6630011200904846,1.202196478843689,-0.009873365992633857,0.11586878815185872,1.0181953608989716,not recorded,not recorded,269a2a2d45d8a4d967e1384c49faf4c1e5d7582c4f42a8382118f4fb1ed391cd,True,4.163336342344337e-17,universe_scaling_or_u750_context,universe_count_incompatible,alternative_protocol,unique,universe count differs from U500 canonical Top-N family
EvolveGCN-H,evolvegcn_h_750u_top1000_h32_seed123_none_linear_head_temporal_last,experiments/evolvegcn_h_750u_top1000_h32_seed123_none_linear_head_temporal_last,data/processed/temporal_750u_none_top1000_periodic_knn/camels_750u_temporal_logmass_none_top1000_periodic_knn.pt,data/processed/temporal_750u_none_top1000_periodic_knn/camels_750u_temporal_logmass_none_top1000_periodic_knn.metadata.json,temporal,750,LH_0..LH_749,5,five sorted snapshots; exact identities not persisted in sidecar,1000,log10_Mvir|X|Y|Z|VX|VY|VZ,none,none after log10(Mvir),False,True,8,25.0,32,2,evolvegcn_h,True,mean,last,linear,"Linear(D,1)",False,False,4,300,40,0.001,1e-05,0.2,relu,1.0,MSE,123,0.6|0.1333333333|0.2666666667,LH_354|LH_546|LH_573|LH_451|LH_38|LH_695|LH_242|LH_215|LH_88|LH_159|LH_585|LH_40|LH_265|LH_121|LH_632|LH_168|LH_408|LH_259|LH_131|LH_100|LH_191|LH_296|LH_590|LH_542|LH_355|LH_613|LH_128|LH_399|LH_366|LH_485|LH_463|LH_553|LH_253|LH_499|LH_746|LH_612|LH_117|LH_308|LH_389|LH_158|LH_519|LH_732|LH_540|LH_289|LH_538|LH_305|LH_484|LH_186|LH_299|LH_231|LH_133|LH_171|LH_526|LH_688|LH_595|LH_368|LH_454|LH_537|LH_339|LH_59|LH_719|LH_427|LH_622|LH_658|LH_11|LH_462|LH_9|LH_134|LH_119|LH_469|LH_51|LH_97|LH_739|LH_79|LH_179|LH_599|LH_589|LH_416|LH_358|LH_510|LH_659|LH_520|LH_245|LH_27|LH_639|LH_685|LH_36|LH_607|LH_161|LH_536|LH_457|LH_43|LH_318|LH_70|LH_76|LH_580|LH_626|LH_301|LH_707|LH_736|LH_411|LH_81|LH_456|LH_130|LH_118|LH_662|LH_365|LH_401|LH_730|LH_3|LH_620|LH_321|LH_434|LH_582|LH_302|LH_687|LH_269|LH_608|LH_421|LH_640|LH_530|LH_629|LH_336|LH_487|LH_248|LH_210|LH_103|LH_150|LH_651|LH_689|LH_232|LH_700|LH_148|LH_320|LH_509|LH_304|LH_177|LH_380|LH_452|LH_247|LH_153|LH_728|LH_290|LH_281|LH_670|LH_489|LH_397|LH_426|LH_209|LH_276|LH_602|LH_132|LH_507|LH_669|LH_425|LH_514|LH_326|LH_501|LH_601|LH_250|LH_635|LH_431|LH_676|LH_69|LH_644|LH_560|LH_581|LH_25|LH_435|LH_727|LH_486|LH_178|LH_448|LH_403|LH_503|LH_66|LH_692|LH_422|LH_41|LH_705|LH_141|LH_479|LH_433|LH_359|LH_303|LH_91|LH_203|LH_505|LH_49|LH_18|LH_173|LH_569|LH_555|LH_283|LH_733|LH_190|LH_470|LH_187|LH_491|LH_328|LH_287|LH_156|LH_617|LH_184|LH_665|LH_20|LH_616|LH_165|LH_410|LH_474|LH_614|LH_516|LH_543|LH_390|LH_492|LH_597|LH_490|LH_406|LH_246|LH_477|LH_605|LH_216|LH_609|LH_160|LH_267|LH_717|LH_241|LH_561|LH_571|LH_697|LH_218|LH_458|LH_350|LH_535|LH_450|LH_418|LH_154|LH_384|LH_376|LH_627|LH_202|LH_142|LH_414|LH_60|LH_327|LH_445|LH_745|LH_275|LH_284|LH_449|LH_14|LH_347|LH_374|LH_437|LH_545|LH_641|LH_205|LH_603|LH_343|LH_4|LH_638|LH_73|LH_675|LH_382|LH_120|LH_583|LH_295|LH_225|LH_409|LH_319|LH_362|LH_46|LH_698|LH_596|LH_77|LH_475|LH_371|LH_207|LH_102|LH_220|LH_655|LH_112|LH_74|LH_50|LH_428|LH_169|LH_618|LH_83|LH_2|LH_317|LH_316|LH_314|LH_214|LH_502|LH_196|LH_105|LH_42|LH_337|LH_48|LH_260|LH_315|LH_447|LH_696|LH_109|LH_333|LH_423|LH_572|LH_378|LH_227|LH_619|LH_282|LH_180|LH_235|LH_482|LH_625|LH_54|LH_243|LH_723|LH_146|LH_346|LH_404|LH_743|LH_199|LH_96|LH_709|LH_711|LH_222|LH_261|LH_720|LH_496|LH_115|LH_468|LH_364|LH_678|LH_453|LH_528|LH_631|LH_432|LH_690|LH_742|LH_57|LH_392|LH_556|LH_591|LH_511|LH_126|LH_436|LH_15|LH_280|LH_478|LH_335|LH_701|LH_5|LH_657|LH_206|LH_706|LH_106|LH_554|LH_19|LH_123|LH_108|LH_379|LH_68|LH_252|LH_78|LH_182|LH_264|LH_223|LH_334|LH_221|LH_291|LH_30|LH_56|LH_508|LH_552|LH_200|LH_325|LH_34|LH_266|LH_393|LH_143|LH_285|LH_279|LH_592|LH_226|LH_52|LH_47|LH_593|LH_144|LH_114|LH_239|LH_255|LH_155|LH_99|LH_708|LH_615|LH_466|LH_402|LH_725|LH_636|LH_23|LH_101|LH_621|LH_664|LH_441|LH_521|LH_310|LH_22|LH_217|LH_183|LH_213|LH_86|LH_715|LH_624|LH_680|LH_352|LH_116|LH_634|LH_373|LH_476|LH_7|LH_297|LH_481|LH_693|LH_594|LH_307|LH_258|LH_237|LH_663|LH_306|LH_113|LH_189|LH_464|LH_72|LH_277|LH_598|LH_576|LH_273|LH_244|LH_67|LH_375|LH_254|LH_338|LH_219|LH_637|LH_579|LH_93|LH_604|LH_172|LH_564,LH_650|LH_702|LH_233|LH_353|LH_127|LH_176|LH_292|LH_288|LH_224|LH_565|LH_568|LH_228|LH_331|LH_124|LH_166|LH_361|LH_391|LH_293|LH_647|LH_55|LH_152|LH_541|LH_300|LH_26|LH_194|LH_566|LH_164|LH_309|LH_419|LH_257|LH_493|LH_577|LH_62|LH_151|LH_515|LH_35|LH_188|LH_532|LH_286|LH_438|LH_726|LH_473|LH_606|LH_135|LH_256|LH_192|LH_212|LH_523|LH_31|LH_412|LH_500|LH_195|LH_92|LH_420|LH_98|LH_385|LH_699|LH_175|LH_524|LH_394|LH_744|LH_367|LH_721|LH_628|LH_370|LH_471|LH_369|LH_737|LH_125|LH_563|LH_649|LH_722|LH_710|LH_652|LH_229|LH_405|LH_646|LH_686|LH_263|LH_570|LH_642|LH_504|LH_648|LH_735|LH_136|LH_349|LH_85|LH_324|LH_87|LH_236|LH_748|LH_198|LH_17|LH_204|LH_517|LH_201|LH_82|LH_562|LH_731,LH_694|LH_270|LH_329|LH_208|LH_249|LH_518|LH_630|LH_95|LH_738|LH_230|LH_588|LH_558|LH_107|LH_512|LH_704|LH_140|LH_527|LH_584|LH_332|LH_703|LH_162|LH_28|LH_439|LH_311|LH_461|LH_460|LH_357|LH_633|LH_465|LH_139|LH_63|LH_442|LH_395|LH_170|LH_122|LH_529|LH_671|LH_547|LH_714|LH_377|LH_398|LH_712|LH_149|LH_313|LH_550|LH_666|LH_531|LH_58|LH_80|LH_240|LH_381|LH_147|LH_65|LH_716|LH_729|LH_24|LH_356|LH_424|LH_672|LH_740|LH_33|LH_483|LH_674|LH_330|LH_29|LH_413|LH_559|LH_668|LH_724|LH_548|LH_8|LH_443|LH_677|LH_679|LH_363|LH_681|LH_64|LH_111|LH_0|LH_430|LH_691|LH_278|LH_656|LH_262|LH_713|LH_197|LH_667|LH_137|LH_10|LH_45|LH_472|LH_387|LH_455|LH_741|LH_157|LH_181|LH_495|LH_557|LH_238|LH_645|LH_506|LH_294|LH_61|LH_513|LH_544|LH_415|LH_234|LH_360|LH_13|LH_372|LH_643|LH_90|LH_600|LH_193|LH_16|LH_344|LH_586|LH_396|LH_467|LH_75|LH_400|LH_567|LH_734|LH_342|LH_174|LH_268|LH_673|LH_498|LH_84|LH_185|LH_660|LH_32|LH_522|LH_383|LH_429|LH_684|LH_533|LH_497|LH_610|LH_682|LH_653|LH_551|LH_444|LH_525|LH_661|LH_407|LH_12|LH_322|LH_578|LH_539|LH_654|LH_623|LH_211|LH_494|LH_534|LH_351|LH_312|LH_37|LH_480|LH_271|LH_488|LH_587|LH_440|LH_298|LH_21|LH_129|LH_145|LH_683|LH_94|LH_44|LH_104|LH_459|LH_323|LH_6|LH_71|LH_386|LH_611|LH_747|LH_446|LH_1|LH_167|LH_251|LH_718|LH_341|LH_574|LH_345|LH_138|LH_163|LH_749|LH_348|LH_340|LH_575|LH_549|LH_388|LH_39|LH_110|LH_272|LH_417|LH_89|LH_274|LH_53,bd9367b034a0ac7ebc07fe79c19a62d51f17402cb7e5dba98d1748e5168f72f1,True,True,True,True,True,True,complete,True,0.049131697350078156,0.055983468814931735,0.05882517771044774,0.07356726162518906,0.0054121419830290155,0.5843908849234829,0.775118899401788,defined,0.29530845790063565,0.30992225642821086,0.11439975375925339,0.08916531388710647,0.7794187570958316,201,0.0,0.0,0.0657026469707489,0.6777291297912598,0.6120264828205109,0.014613798527575252,0.07228119928447907,0.23017671704292297,not recorded,not recorded,49d96e80d390d8c5fa33432aebf4c36c6f6f3c93bbf34986c8153a0f1fa34f3a,True,0.0,universe_scaling_or_u750_context,universe_count_incompatible,alternative_protocol,unique,universe count differs from U500 canonical Top-N family
EvolveGCN-H,evolvegcn_h_750u_top1000_h32_seed2025_none,experiments/evolvegcn_h_750u_top1000_h32_seed2025_none,data/processed/temporal_750u_none_top1000_periodic_knn/camels_750u_temporal_logmass_none_top1000_periodic_knn.pt,data/processed/temporal_750u_none_top1000_periodic_knn/camels_750u_temporal_logmass_none_top1000_periodic_knn.metadata.json,temporal,750,LH_0..LH_749,5,five sorted snapshots; exact identities not persisted in sidecar,1000,log10_Mvir|X|Y|Z|VX|VY|VZ,none,none after log10(Mvir),False,True,8,25.0,32,2,evolvegcn_h,True,mean,mean,mlp,"Linear(D,H)-ReLU-Dropout-Linear(H,1)",False,False,4,300,40,0.001,1e-05,0.2,relu,1.0,MSE,2025,0.6|0.1333333333|0.2666666667,LH_18|LH_610|LH_56|LH_276|LH_296|LH_734|LH_538|LH_414|LH_395|LH_297|LH_186|LH_515|LH_178|LH_128|LH_720|LH_663|LH_260|LH_320|LH_373|LH_205|LH_524|LH_492|LH_537|LH_15|LH_513|LH_639|LH_713|LH_183|LH_536|LH_270|LH_623|LH_659|LH_6|LH_534|LH_207|LH_136|LH_386|LH_20|LH_196|LH_732|LH_496|LH_308|LH_228|LH_705|LH_86|LH_506|LH_520|LH_473|LH_656|LH_285|LH_462|LH_318|LH_634|LH_379|LH_91|LH_611|LH_52|LH_698|LH_539|LH_134|LH_459|LH_195|LH_199|LH_45|LH_592|LH_278|LH_257|LH_474|LH_406|LH_708|LH_72|LH_355|LH_468|LH_16|LH_737|LH_430|LH_43|LH_229|LH_206|LH_422|LH_247|LH_326|LH_311|LH_235|LH_575|LH_184|LH_458|LH_42|LH_38|LH_542|LH_261|LH_242|LH_191|LH_39|LH_226|LH_518|LH_711|LH_215|LH_504|LH_424|LH_479|LH_714|LH_619|LH_582|LH_476|LH_657|LH_491|LH_48|LH_608|LH_317|LH_721|LH_745|LH_185|LH_674|LH_174|LH_574|LH_125|LH_573|LH_435|LH_231|LH_722|LH_497|LH_509|LH_646|LH_273|LH_440|LH_637|LH_97|LH_357|LH_309|LH_165|LH_738|LH_107|LH_251|LH_511|LH_141|LH_466|LH_445|LH_194|LH_616|LH_438|LH_736|LH_448|LH_258|LH_377|LH_644|LH_472|LH_34|LH_119|LH_451|LH_168|LH_697|LH_481|LH_748|LH_310|LH_668|LH_370|LH_340|LH_371|LH_241|LH_604|LH_665|LH_13|LH_267|LH_330|LH_624|LH_631|LH_140|LH_593|LH_335|LH_189|LH_633|LH_382|LH_347|LH_381|LH_447|LH_274|LH_287|LH_594|LH_83|LH_431|LH_735|LH_12|LH_175|LH_740|LH_439|LH_305|LH_715|LH_744|LH_131|LH_349|LH_345|LH_89|LH_401|LH_660|LH_245|LH_47|LH_292|LH_700|LH_465|LH_105|LH_682|LH_598|LH_521|LH_621|LH_269|LH_217|LH_683|LH_706|LH_390|LH_691|LH_22|LH_672|LH_647|LH_123|LH_450|LH_480|LH_607|LH_388|LH_636|LH_166|LH_675|LH_523|LH_114|LH_530|LH_82|LH_201|LH_161|LH_219|LH_666|LH_208|LH_315|LH_641|LH_403|LH_8|LH_35|LH_446|LH_411|LH_54|LH_346|LH_204|LH_605|LH_402|LH_356|LH_364|LH_293|LH_599|LH_554|LH_41|LH_383|LH_277|LH_171|LH_63|LH_425|LH_291|LH_227|LH_710|LH_703|LH_632|LH_225|LH_224|LH_563|LH_649|LH_182|LH_46|LH_493|LH_429|LH_494|LH_81|LH_664|LH_303|LH_394|LH_256|LH_354|LH_220|LH_253|LH_456|LH_412|LH_348|LH_405|LH_328|LH_66|LH_498|LH_223|LH_30|LH_363|LH_387|LH_625|LH_144|LH_490|LH_415|LH_203|LH_92|LH_221|LH_262|LH_597|LH_163|LH_482|LH_73|LH_51|LH_158|LH_694|LH_555|LH_300|LH_95|LH_236|LH_442|LH_343|LH_731|LH_129|LH_747|LH_170|LH_746|LH_516|LH_652|LH_546|LH_648|LH_21|LH_306|LH_108|LH_288|LH_36|LH_628|LH_676|LH_2|LH_434|LH_162|LH_148|LH_579|LH_40|LH_133|LH_419|LH_329|LH_9|LH_302|LH_53|LH_173|LH_298|LH_488|LH_449|LH_58|LH_699|LH_179|LH_701|LH_65|LH_560|LH_398|LH_550|LH_59|LH_667|LH_312|LH_238|LH_635|LH_527|LH_475|LH_399|LH_742|LH_289|LH_70|LH_334|LH_613|LH_172|LH_24|LH_98|LH_396|LH_463|LH_452|LH_341|LH_533|LH_512|LH_17|LH_499|LH_712|LH_239|LH_553|LH_80|LH_615|LH_393|LH_606|LH_110|LH_662|LH_501|LH_112|LH_413|LH_99|LH_548|LH_167|LH_85|LH_126|LH_580|LH_688|LH_367|LH_295|LH_160|LH_423|LH_568|LH_551|LH_426|LH_684|LH_397|LH_32|LH_57|LH_525|LH_416|LH_696|LH_478|LH_385|LH_432|LH_436|LH_280|LH_49|LH_76|LH_299|LH_316|LH_389|LH_248|LH_484|LH_109|LH_460|LH_4|LH_353|LH_71|LH_37|LH_64|LH_564|LH_323|LH_717|LH_420|LH_147|LH_137|LH_630|LH_693|LH_569|LH_679|LH_485|LH_153|LH_26|LH_505|LH_622|LH_149|LH_678|LH_671|LH_62|LH_455|LH_640|LH_508|LH_106|LH_111|LH_360|LH_321,LH_510|LH_192|LH_487|LH_549|LH_271|LH_418|LH_214|LH_681|LH_122|LH_138|LH_729|LH_142|LH_350|LH_60|LH_75|LH_143|LH_673|LH_212|LH_547|LH_612|LH_483|LH_733|LH_103|LH_94|LH_240|LH_243|LH_695|LH_255|LH_337|LH_14|LH_135|LH_581|LH_655|LH_313|LH_78|LH_69|LH_433|LH_590|LH_692|LH_181|LH_307|LH_169|LH_279|LH_690|LH_190|LH_374|LH_531|LH_87|LH_19|LH_222|LH_336|LH_502|LH_155|LH_368|LH_495|LH_3|LH_685|LH_5|LH_545|LH_130|LH_332|LH_718|LH_324|LH_1|LH_500|LH_127|LH_617|LH_578|LH_677|LH_115|LH_588|LH_470|LH_132|LH_726|LH_375|LH_562|LH_117|LH_259|LH_93|LH_595|LH_503|LH_585|LH_102|LH_535|LH_294|LH_90|LH_728|LH_650|LH_566|LH_409|LH_400|LH_730|LH_589|LH_477|LH_689|LH_23|LH_366|LH_556|LH_469,LH_283|LH_709|LH_325|LH_272|LH_290|LH_443|LH_687|LH_55|LH_197|LH_275|LH_651|LH_230|LH_304|LH_344|LH_707|LH_7|LH_61|LH_358|LH_268|LH_572|LH_104|LH_686|LH_645|LH_187|LH_507|LH_658|LH_739|LH_342|LH_116|LH_263|LH_159|LH_254|LH_120|LH_338|LH_669|LH_427|LH_437|LH_464|LH_519|LH_643|LH_152|LH_723|LH_266|LH_333|LH_486|LH_529|LH_378|LH_365|LH_528|LH_361|LH_10|LH_719|LH_570|LH_642|LH_618|LH_428|LH_246|LH_156|LH_727|LH_79|LH_188|LH_461|LH_234|LH_404|LH_629|LH_372|LH_327|LH_702|LH_265|LH_322|LH_244|LH_176|LH_145|LH_200|LH_444|LH_596|LH_96|LH_11|LH_724|LH_264|LH_154|LH_586|LH_454|LH_146|LH_218|LH_209|LH_211|LH_210|LH_704|LH_417|LH_587|LH_517|LH_25|LH_602|LH_314|LH_252|LH_526|LH_351|LH_392|LH_514|LH_157|LH_584|LH_725|LH_552|LH_603|LH_561|LH_638|LH_359|LH_743|LH_151|LH_653|LH_577|LH_281|LH_558|LH_282|LH_150|LH_749|LH_77|LH_369|LH_301|LH_680|LH_286|LH_164|LH_319|LH_614|LH_543|LH_557|LH_232|LH_352|LH_250|LH_626|LH_339|LH_29|LH_601|LH_670|LH_441|LH_576|LH_74|LH_408|LH_467|LH_544|LH_457|LH_540|LH_331|LH_180|LH_591|LH_453|LH_284|LH_716|LH_600|LH_88|LH_376|LH_565|LH_139|LH_118|LH_33|LH_620|LH_249|LH_124|LH_213|LH_202|LH_559|LH_113|LH_609|LH_31|LH_532|LH_362|LH_471|LH_407|LH_654|LH_233|LH_27|LH_193|LH_198|LH_68|LH_522|LH_567|LH_28|LH_627|LH_50|LH_421|LH_101|LH_741|LH_216|LH_121|LH_44|LH_100|LH_410|LH_391|LH_67|LH_237|LH_583|LH_384|LH_380|LH_0|LH_541|LH_177|LH_489|LH_661|LH_84|LH_571,3f80461e5ec26ee906f6c1781f34d40877521ac854d93f1fb09783b18b8d24a7,True,True,True,True,True,True,complete,True,0.017293849090735117,0.061188888444442945,0.06559630961560492,0.08555234071980113,0.007319203002636941,0.494905588257754,0.7175839935865517,defined,0.30558109505852654,0.311924103777207,0.12067815045868409,0.10244404727532842,0.8489030274821922,201,0.0,0.0,0.07354094088077545,0.5167956352233887,0.4432546943426132,0.006343008718680387,0.08552990172592767,0.23395729064941406,not recorded,not recorded,50578dfa3c42afc4e12e89e556821eac4f9d72f14b61adf85ed2f261247bf181,True,8.673617379884035e-19,universe_scaling_or_u750_context,universe_count_incompatible,alternative_protocol,unique,universe count differs from U500 canonical Top-N family
EvolveGCN-H,evolvegcn_h_750u_top1000_h32_seed2025_none_linear_head,experiments/evolvegcn_h_750u_top1000_h32_seed2025_none_linear_head,data/processed/temporal_750u_none_top1000_periodic_knn/camels_750u_temporal_logmass_none_top1000_periodic_knn.pt,data/processed/temporal_750u_none_top1000_periodic_knn/camels_750u_temporal_logmass_none_top1000_periodic_knn.metadata.json,temporal,750,LH_0..LH_749,5,five sorted snapshots; exact identities not persisted in sidecar,1000,log10_Mvir|X|Y|Z|VX|VY|VZ,none,none after log10(Mvir),False,True,8,25.0,32,2,evolvegcn_h,True,mean,mean,linear,"Linear(D,1)",False,False,4,300,40,0.001,1e-05,0.2,relu,1.0,MSE,2025,0.6|0.1333333333|0.2666666667,LH_18|LH_610|LH_56|LH_276|LH_296|LH_734|LH_538|LH_414|LH_395|LH_297|LH_186|LH_515|LH_178|LH_128|LH_720|LH_663|LH_260|LH_320|LH_373|LH_205|LH_524|LH_492|LH_537|LH_15|LH_513|LH_639|LH_713|LH_183|LH_536|LH_270|LH_623|LH_659|LH_6|LH_534|LH_207|LH_136|LH_386|LH_20|LH_196|LH_732|LH_496|LH_308|LH_228|LH_705|LH_86|LH_506|LH_520|LH_473|LH_656|LH_285|LH_462|LH_318|LH_634|LH_379|LH_91|LH_611|LH_52|LH_698|LH_539|LH_134|LH_459|LH_195|LH_199|LH_45|LH_592|LH_278|LH_257|LH_474|LH_406|LH_708|LH_72|LH_355|LH_468|LH_16|LH_737|LH_430|LH_43|LH_229|LH_206|LH_422|LH_247|LH_326|LH_311|LH_235|LH_575|LH_184|LH_458|LH_42|LH_38|LH_542|LH_261|LH_242|LH_191|LH_39|LH_226|LH_518|LH_711|LH_215|LH_504|LH_424|LH_479|LH_714|LH_619|LH_582|LH_476|LH_657|LH_491|LH_48|LH_608|LH_317|LH_721|LH_745|LH_185|LH_674|LH_174|LH_574|LH_125|LH_573|LH_435|LH_231|LH_722|LH_497|LH_509|LH_646|LH_273|LH_440|LH_637|LH_97|LH_357|LH_309|LH_165|LH_738|LH_107|LH_251|LH_511|LH_141|LH_466|LH_445|LH_194|LH_616|LH_438|LH_736|LH_448|LH_258|LH_377|LH_644|LH_472|LH_34|LH_119|LH_451|LH_168|LH_697|LH_481|LH_748|LH_310|LH_668|LH_370|LH_340|LH_371|LH_241|LH_604|LH_665|LH_13|LH_267|LH_330|LH_624|LH_631|LH_140|LH_593|LH_335|LH_189|LH_633|LH_382|LH_347|LH_381|LH_447|LH_274|LH_287|LH_594|LH_83|LH_431|LH_735|LH_12|LH_175|LH_740|LH_439|LH_305|LH_715|LH_744|LH_131|LH_349|LH_345|LH_89|LH_401|LH_660|LH_245|LH_47|LH_292|LH_700|LH_465|LH_105|LH_682|LH_598|LH_521|LH_621|LH_269|LH_217|LH_683|LH_706|LH_390|LH_691|LH_22|LH_672|LH_647|LH_123|LH_450|LH_480|LH_607|LH_388|LH_636|LH_166|LH_675|LH_523|LH_114|LH_530|LH_82|LH_201|LH_161|LH_219|LH_666|LH_208|LH_315|LH_641|LH_403|LH_8|LH_35|LH_446|LH_411|LH_54|LH_346|LH_204|LH_605|LH_402|LH_356|LH_364|LH_293|LH_599|LH_554|LH_41|LH_383|LH_277|LH_171|LH_63|LH_425|LH_291|LH_227|LH_710|LH_703|LH_632|LH_225|LH_224|LH_563|LH_649|LH_182|LH_46|LH_493|LH_429|LH_494|LH_81|LH_664|LH_303|LH_394|LH_256|LH_354|LH_220|LH_253|LH_456|LH_412|LH_348|LH_405|LH_328|LH_66|LH_498|LH_223|LH_30|LH_363|LH_387|LH_625|LH_144|LH_490|LH_415|LH_203|LH_92|LH_221|LH_262|LH_597|LH_163|LH_482|LH_73|LH_51|LH_158|LH_694|LH_555|LH_300|LH_95|LH_236|LH_442|LH_343|LH_731|LH_129|LH_747|LH_170|LH_746|LH_516|LH_652|LH_546|LH_648|LH_21|LH_306|LH_108|LH_288|LH_36|LH_628|LH_676|LH_2|LH_434|LH_162|LH_148|LH_579|LH_40|LH_133|LH_419|LH_329|LH_9|LH_302|LH_53|LH_173|LH_298|LH_488|LH_449|LH_58|LH_699|LH_179|LH_701|LH_65|LH_560|LH_398|LH_550|LH_59|LH_667|LH_312|LH_238|LH_635|LH_527|LH_475|LH_399|LH_742|LH_289|LH_70|LH_334|LH_613|LH_172|LH_24|LH_98|LH_396|LH_463|LH_452|LH_341|LH_533|LH_512|LH_17|LH_499|LH_712|LH_239|LH_553|LH_80|LH_615|LH_393|LH_606|LH_110|LH_662|LH_501|LH_112|LH_413|LH_99|LH_548|LH_167|LH_85|LH_126|LH_580|LH_688|LH_367|LH_295|LH_160|LH_423|LH_568|LH_551|LH_426|LH_684|LH_397|LH_32|LH_57|LH_525|LH_416|LH_696|LH_478|LH_385|LH_432|LH_436|LH_280|LH_49|LH_76|LH_299|LH_316|LH_389|LH_248|LH_484|LH_109|LH_460|LH_4|LH_353|LH_71|LH_37|LH_64|LH_564|LH_323|LH_717|LH_420|LH_147|LH_137|LH_630|LH_693|LH_569|LH_679|LH_485|LH_153|LH_26|LH_505|LH_622|LH_149|LH_678|LH_671|LH_62|LH_455|LH_640|LH_508|LH_106|LH_111|LH_360|LH_321,LH_510|LH_192|LH_487|LH_549|LH_271|LH_418|LH_214|LH_681|LH_122|LH_138|LH_729|LH_142|LH_350|LH_60|LH_75|LH_143|LH_673|LH_212|LH_547|LH_612|LH_483|LH_733|LH_103|LH_94|LH_240|LH_243|LH_695|LH_255|LH_337|LH_14|LH_135|LH_581|LH_655|LH_313|LH_78|LH_69|LH_433|LH_590|LH_692|LH_181|LH_307|LH_169|LH_279|LH_690|LH_190|LH_374|LH_531|LH_87|LH_19|LH_222|LH_336|LH_502|LH_155|LH_368|LH_495|LH_3|LH_685|LH_5|LH_545|LH_130|LH_332|LH_718|LH_324|LH_1|LH_500|LH_127|LH_617|LH_578|LH_677|LH_115|LH_588|LH_470|LH_132|LH_726|LH_375|LH_562|LH_117|LH_259|LH_93|LH_595|LH_503|LH_585|LH_102|LH_535|LH_294|LH_90|LH_728|LH_650|LH_566|LH_409|LH_400|LH_730|LH_589|LH_477|LH_689|LH_23|LH_366|LH_556|LH_469,LH_283|LH_709|LH_325|LH_272|LH_290|LH_443|LH_687|LH_55|LH_197|LH_275|LH_651|LH_230|LH_304|LH_344|LH_707|LH_7|LH_61|LH_358|LH_268|LH_572|LH_104|LH_686|LH_645|LH_187|LH_507|LH_658|LH_739|LH_342|LH_116|LH_263|LH_159|LH_254|LH_120|LH_338|LH_669|LH_427|LH_437|LH_464|LH_519|LH_643|LH_152|LH_723|LH_266|LH_333|LH_486|LH_529|LH_378|LH_365|LH_528|LH_361|LH_10|LH_719|LH_570|LH_642|LH_618|LH_428|LH_246|LH_156|LH_727|LH_79|LH_188|LH_461|LH_234|LH_404|LH_629|LH_372|LH_327|LH_702|LH_265|LH_322|LH_244|LH_176|LH_145|LH_200|LH_444|LH_596|LH_96|LH_11|LH_724|LH_264|LH_154|LH_586|LH_454|LH_146|LH_218|LH_209|LH_211|LH_210|LH_704|LH_417|LH_587|LH_517|LH_25|LH_602|LH_314|LH_252|LH_526|LH_351|LH_392|LH_514|LH_157|LH_584|LH_725|LH_552|LH_603|LH_561|LH_638|LH_359|LH_743|LH_151|LH_653|LH_577|LH_281|LH_558|LH_282|LH_150|LH_749|LH_77|LH_369|LH_301|LH_680|LH_286|LH_164|LH_319|LH_614|LH_543|LH_557|LH_232|LH_352|LH_250|LH_626|LH_339|LH_29|LH_601|LH_670|LH_441|LH_576|LH_74|LH_408|LH_467|LH_544|LH_457|LH_540|LH_331|LH_180|LH_591|LH_453|LH_284|LH_716|LH_600|LH_88|LH_376|LH_565|LH_139|LH_118|LH_33|LH_620|LH_249|LH_124|LH_213|LH_202|LH_559|LH_113|LH_609|LH_31|LH_532|LH_362|LH_471|LH_407|LH_654|LH_233|LH_27|LH_193|LH_198|LH_68|LH_522|LH_567|LH_28|LH_627|LH_50|LH_421|LH_101|LH_741|LH_216|LH_121|LH_44|LH_100|LH_410|LH_391|LH_67|LH_237|LH_583|LH_384|LH_380|LH_0|LH_541|LH_177|LH_489|LH_661|LH_84|LH_571,3f80461e5ec26ee906f6c1781f34d40877521ac854d93f1fb09783b18b8d24a7,True,True,True,True,True,True,complete,True,0.031778872079319426,0.06340291411286653,0.062130676795594135,0.07809587449277426,0.006098965612791149,0.5791135390944779,0.7663748459315413,defined,0.30558109505852654,0.3158196985573318,0.12067815045868409,0.09626766589243778,0.7977224172440098,201,0.0,0.0,0.029119551181793213,0.6368527412414551,0.6077331900596619,0.010238603498805222,0.07761512284497997,0.27385273575782776,not recorded,not recorded,7c159d2059c3fc38999049eb685359f908b14960866b01aeee6ce0cb556ae69d,True,8.673617379884035e-19,universe_scaling_or_u750_context,universe_count_incompatible,alternative_protocol,unique,universe count differs from U500 canonical Top-N family
EvolveGCN-H,evolvegcn_h_750u_top1000_h32_seed2025_none_linear_head_meanmax,experiments/evolvegcn_h_750u_top1000_h32_seed2025_none_linear_head_meanmax,data/processed/temporal_750u_none_top1000_periodic_knn/camels_750u_temporal_logmass_none_top1000_periodic_knn.pt,data/processed/temporal_750u_none_top1000_periodic_knn/camels_750u_temporal_logmass_none_top1000_periodic_knn.metadata.json,temporal,750,LH_0..LH_749,5,five sorted snapshots; exact identities not persisted in sidecar,1000,log10_Mvir|X|Y|Z|VX|VY|VZ,none,none after log10(Mvir),False,True,8,25.0,32,2,evolvegcn_h,True,mean_max,mean,linear,"Linear(D,1)",False,False,4,300,40,0.001,1e-05,0.2,relu,1.0,MSE,2025,0.6|0.1333333333|0.2666666667,LH_18|LH_610|LH_56|LH_276|LH_296|LH_734|LH_538|LH_414|LH_395|LH_297|LH_186|LH_515|LH_178|LH_128|LH_720|LH_663|LH_260|LH_320|LH_373|LH_205|LH_524|LH_492|LH_537|LH_15|LH_513|LH_639|LH_713|LH_183|LH_536|LH_270|LH_623|LH_659|LH_6|LH_534|LH_207|LH_136|LH_386|LH_20|LH_196|LH_732|LH_496|LH_308|LH_228|LH_705|LH_86|LH_506|LH_520|LH_473|LH_656|LH_285|LH_462|LH_318|LH_634|LH_379|LH_91|LH_611|LH_52|LH_698|LH_539|LH_134|LH_459|LH_195|LH_199|LH_45|LH_592|LH_278|LH_257|LH_474|LH_406|LH_708|LH_72|LH_355|LH_468|LH_16|LH_737|LH_430|LH_43|LH_229|LH_206|LH_422|LH_247|LH_326|LH_311|LH_235|LH_575|LH_184|LH_458|LH_42|LH_38|LH_542|LH_261|LH_242|LH_191|LH_39|LH_226|LH_518|LH_711|LH_215|LH_504|LH_424|LH_479|LH_714|LH_619|LH_582|LH_476|LH_657|LH_491|LH_48|LH_608|LH_317|LH_721|LH_745|LH_185|LH_674|LH_174|LH_574|LH_125|LH_573|LH_435|LH_231|LH_722|LH_497|LH_509|LH_646|LH_273|LH_440|LH_637|LH_97|LH_357|LH_309|LH_165|LH_738|LH_107|LH_251|LH_511|LH_141|LH_466|LH_445|LH_194|LH_616|LH_438|LH_736|LH_448|LH_258|LH_377|LH_644|LH_472|LH_34|LH_119|LH_451|LH_168|LH_697|LH_481|LH_748|LH_310|LH_668|LH_370|LH_340|LH_371|LH_241|LH_604|LH_665|LH_13|LH_267|LH_330|LH_624|LH_631|LH_140|LH_593|LH_335|LH_189|LH_633|LH_382|LH_347|LH_381|LH_447|LH_274|LH_287|LH_594|LH_83|LH_431|LH_735|LH_12|LH_175|LH_740|LH_439|LH_305|LH_715|LH_744|LH_131|LH_349|LH_345|LH_89|LH_401|LH_660|LH_245|LH_47|LH_292|LH_700|LH_465|LH_105|LH_682|LH_598|LH_521|LH_621|LH_269|LH_217|LH_683|LH_706|LH_390|LH_691|LH_22|LH_672|LH_647|LH_123|LH_450|LH_480|LH_607|LH_388|LH_636|LH_166|LH_675|LH_523|LH_114|LH_530|LH_82|LH_201|LH_161|LH_219|LH_666|LH_208|LH_315|LH_641|LH_403|LH_8|LH_35|LH_446|LH_411|LH_54|LH_346|LH_204|LH_605|LH_402|LH_356|LH_364|LH_293|LH_599|LH_554|LH_41|LH_383|LH_277|LH_171|LH_63|LH_425|LH_291|LH_227|LH_710|LH_703|LH_632|LH_225|LH_224|LH_563|LH_649|LH_182|LH_46|LH_493|LH_429|LH_494|LH_81|LH_664|LH_303|LH_394|LH_256|LH_354|LH_220|LH_253|LH_456|LH_412|LH_348|LH_405|LH_328|LH_66|LH_498|LH_223|LH_30|LH_363|LH_387|LH_625|LH_144|LH_490|LH_415|LH_203|LH_92|LH_221|LH_262|LH_597|LH_163|LH_482|LH_73|LH_51|LH_158|LH_694|LH_555|LH_300|LH_95|LH_236|LH_442|LH_343|LH_731|LH_129|LH_747|LH_170|LH_746|LH_516|LH_652|LH_546|LH_648|LH_21|LH_306|LH_108|LH_288|LH_36|LH_628|LH_676|LH_2|LH_434|LH_162|LH_148|LH_579|LH_40|LH_133|LH_419|LH_329|LH_9|LH_302|LH_53|LH_173|LH_298|LH_488|LH_449|LH_58|LH_699|LH_179|LH_701|LH_65|LH_560|LH_398|LH_550|LH_59|LH_667|LH_312|LH_238|LH_635|LH_527|LH_475|LH_399|LH_742|LH_289|LH_70|LH_334|LH_613|LH_172|LH_24|LH_98|LH_396|LH_463|LH_452|LH_341|LH_533|LH_512|LH_17|LH_499|LH_712|LH_239|LH_553|LH_80|LH_615|LH_393|LH_606|LH_110|LH_662|LH_501|LH_112|LH_413|LH_99|LH_548|LH_167|LH_85|LH_126|LH_580|LH_688|LH_367|LH_295|LH_160|LH_423|LH_568|LH_551|LH_426|LH_684|LH_397|LH_32|LH_57|LH_525|LH_416|LH_696|LH_478|LH_385|LH_432|LH_436|LH_280|LH_49|LH_76|LH_299|LH_316|LH_389|LH_248|LH_484|LH_109|LH_460|LH_4|LH_353|LH_71|LH_37|LH_64|LH_564|LH_323|LH_717|LH_420|LH_147|LH_137|LH_630|LH_693|LH_569|LH_679|LH_485|LH_153|LH_26|LH_505|LH_622|LH_149|LH_678|LH_671|LH_62|LH_455|LH_640|LH_508|LH_106|LH_111|LH_360|LH_321,LH_510|LH_192|LH_487|LH_549|LH_271|LH_418|LH_214|LH_681|LH_122|LH_138|LH_729|LH_142|LH_350|LH_60|LH_75|LH_143|LH_673|LH_212|LH_547|LH_612|LH_483|LH_733|LH_103|LH_94|LH_240|LH_243|LH_695|LH_255|LH_337|LH_14|LH_135|LH_581|LH_655|LH_313|LH_78|LH_69|LH_433|LH_590|LH_692|LH_181|LH_307|LH_169|LH_279|LH_690|LH_190|LH_374|LH_531|LH_87|LH_19|LH_222|LH_336|LH_502|LH_155|LH_368|LH_495|LH_3|LH_685|LH_5|LH_545|LH_130|LH_332|LH_718|LH_324|LH_1|LH_500|LH_127|LH_617|LH_578|LH_677|LH_115|LH_588|LH_470|LH_132|LH_726|LH_375|LH_562|LH_117|LH_259|LH_93|LH_595|LH_503|LH_585|LH_102|LH_535|LH_294|LH_90|LH_728|LH_650|LH_566|LH_409|LH_400|LH_730|LH_589|LH_477|LH_689|LH_23|LH_366|LH_556|LH_469,LH_283|LH_709|LH_325|LH_272|LH_290|LH_443|LH_687|LH_55|LH_197|LH_275|LH_651|LH_230|LH_304|LH_344|LH_707|LH_7|LH_61|LH_358|LH_268|LH_572|LH_104|LH_686|LH_645|LH_187|LH_507|LH_658|LH_739|LH_342|LH_116|LH_263|LH_159|LH_254|LH_120|LH_338|LH_669|LH_427|LH_437|LH_464|LH_519|LH_643|LH_152|LH_723|LH_266|LH_333|LH_486|LH_529|LH_378|LH_365|LH_528|LH_361|LH_10|LH_719|LH_570|LH_642|LH_618|LH_428|LH_246|LH_156|LH_727|LH_79|LH_188|LH_461|LH_234|LH_404|LH_629|LH_372|LH_327|LH_702|LH_265|LH_322|LH_244|LH_176|LH_145|LH_200|LH_444|LH_596|LH_96|LH_11|LH_724|LH_264|LH_154|LH_586|LH_454|LH_146|LH_218|LH_209|LH_211|LH_210|LH_704|LH_417|LH_587|LH_517|LH_25|LH_602|LH_314|LH_252|LH_526|LH_351|LH_392|LH_514|LH_157|LH_584|LH_725|LH_552|LH_603|LH_561|LH_638|LH_359|LH_743|LH_151|LH_653|LH_577|LH_281|LH_558|LH_282|LH_150|LH_749|LH_77|LH_369|LH_301|LH_680|LH_286|LH_164|LH_319|LH_614|LH_543|LH_557|LH_232|LH_352|LH_250|LH_626|LH_339|LH_29|LH_601|LH_670|LH_441|LH_576|LH_74|LH_408|LH_467|LH_544|LH_457|LH_540|LH_331|LH_180|LH_591|LH_453|LH_284|LH_716|LH_600|LH_88|LH_376|LH_565|LH_139|LH_118|LH_33|LH_620|LH_249|LH_124|LH_213|LH_202|LH_559|LH_113|LH_609|LH_31|LH_532|LH_362|LH_471|LH_407|LH_654|LH_233|LH_27|LH_193|LH_198|LH_68|LH_522|LH_567|LH_28|LH_627|LH_50|LH_421|LH_101|LH_741|LH_216|LH_121|LH_44|LH_100|LH_410|LH_391|LH_67|LH_237|LH_583|LH_384|LH_380|LH_0|LH_541|LH_177|LH_489|LH_661|LH_84|LH_571,3f80461e5ec26ee906f6c1781f34d40877521ac854d93f1fb09783b18b8d24a7,True,True,True,True,True,True,complete,True,0.0527327443824874,0.06556972462420511,0.07183962608154733,0.08585292857078337,0.007370725344180033,0.49135005812914356,0.7156131852781391,defined,0.30558109505852654,0.29906318926099523,0.12067815045868409,0.07024916231036,0.5821199781679686,201,0.0,0.0,0.07929882407188416,0.482256144285202,0.40295732021331787,-0.006517905797531355,0.08581889919729518,0.2177758514881134,not recorded,not recorded,e2fcb567f3c06f6435362b78dd28e4cde18923ae3ceb8b9ff075d2a4ae2631e4,True,1.3877787807814457e-17,universe_scaling_or_u750_context,universe_count_incompatible,alternative_protocol,unique,universe count differs from U500 canonical Top-N family
EvolveGCN-H,evolvegcn_h_750u_top1000_h32_seed2025_none_linear_head_temporal_last,experiments/evolvegcn_h_750u_top1000_h32_seed2025_none_linear_head_temporal_last,data/processed/temporal_750u_none_top1000_periodic_knn/camels_750u_temporal_logmass_none_top1000_periodic_knn.pt,data/processed/temporal_750u_none_top1000_periodic_knn/camels_750u_temporal_logmass_none_top1000_periodic_knn.metadata.json,temporal,750,LH_0..LH_749,5,five sorted snapshots; exact identities not persisted in sidecar,1000,log10_Mvir|X|Y|Z|VX|VY|VZ,none,none after log10(Mvir),False,True,8,25.0,32,2,evolvegcn_h,True,mean,last,linear,"Linear(D,1)",False,False,4,300,40,0.001,1e-05,0.2,relu,1.0,MSE,2025,0.6|0.1333333333|0.2666666667,LH_18|LH_610|LH_56|LH_276|LH_296|LH_734|LH_538|LH_414|LH_395|LH_297|LH_186|LH_515|LH_178|LH_128|LH_720|LH_663|LH_260|LH_320|LH_373|LH_205|LH_524|LH_492|LH_537|LH_15|LH_513|LH_639|LH_713|LH_183|LH_536|LH_270|LH_623|LH_659|LH_6|LH_534|LH_207|LH_136|LH_386|LH_20|LH_196|LH_732|LH_496|LH_308|LH_228|LH_705|LH_86|LH_506|LH_520|LH_473|LH_656|LH_285|LH_462|LH_318|LH_634|LH_379|LH_91|LH_611|LH_52|LH_698|LH_539|LH_134|LH_459|LH_195|LH_199|LH_45|LH_592|LH_278|LH_257|LH_474|LH_406|LH_708|LH_72|LH_355|LH_468|LH_16|LH_737|LH_430|LH_43|LH_229|LH_206|LH_422|LH_247|LH_326|LH_311|LH_235|LH_575|LH_184|LH_458|LH_42|LH_38|LH_542|LH_261|LH_242|LH_191|LH_39|LH_226|LH_518|LH_711|LH_215|LH_504|LH_424|LH_479|LH_714|LH_619|LH_582|LH_476|LH_657|LH_491|LH_48|LH_608|LH_317|LH_721|LH_745|LH_185|LH_674|LH_174|LH_574|LH_125|LH_573|LH_435|LH_231|LH_722|LH_497|LH_509|LH_646|LH_273|LH_440|LH_637|LH_97|LH_357|LH_309|LH_165|LH_738|LH_107|LH_251|LH_511|LH_141|LH_466|LH_445|LH_194|LH_616|LH_438|LH_736|LH_448|LH_258|LH_377|LH_644|LH_472|LH_34|LH_119|LH_451|LH_168|LH_697|LH_481|LH_748|LH_310|LH_668|LH_370|LH_340|LH_371|LH_241|LH_604|LH_665|LH_13|LH_267|LH_330|LH_624|LH_631|LH_140|LH_593|LH_335|LH_189|LH_633|LH_382|LH_347|LH_381|LH_447|LH_274|LH_287|LH_594|LH_83|LH_431|LH_735|LH_12|LH_175|LH_740|LH_439|LH_305|LH_715|LH_744|LH_131|LH_349|LH_345|LH_89|LH_401|LH_660|LH_245|LH_47|LH_292|LH_700|LH_465|LH_105|LH_682|LH_598|LH_521|LH_621|LH_269|LH_217|LH_683|LH_706|LH_390|LH_691|LH_22|LH_672|LH_647|LH_123|LH_450|LH_480|LH_607|LH_388|LH_636|LH_166|LH_675|LH_523|LH_114|LH_530|LH_82|LH_201|LH_161|LH_219|LH_666|LH_208|LH_315|LH_641|LH_403|LH_8|LH_35|LH_446|LH_411|LH_54|LH_346|LH_204|LH_605|LH_402|LH_356|LH_364|LH_293|LH_599|LH_554|LH_41|LH_383|LH_277|LH_171|LH_63|LH_425|LH_291|LH_227|LH_710|LH_703|LH_632|LH_225|LH_224|LH_563|LH_649|LH_182|LH_46|LH_493|LH_429|LH_494|LH_81|LH_664|LH_303|LH_394|LH_256|LH_354|LH_220|LH_253|LH_456|LH_412|LH_348|LH_405|LH_328|LH_66|LH_498|LH_223|LH_30|LH_363|LH_387|LH_625|LH_144|LH_490|LH_415|LH_203|LH_92|LH_221|LH_262|LH_597|LH_163|LH_482|LH_73|LH_51|LH_158|LH_694|LH_555|LH_300|LH_95|LH_236|LH_442|LH_343|LH_731|LH_129|LH_747|LH_170|LH_746|LH_516|LH_652|LH_546|LH_648|LH_21|LH_306|LH_108|LH_288|LH_36|LH_628|LH_676|LH_2|LH_434|LH_162|LH_148|LH_579|LH_40|LH_133|LH_419|LH_329|LH_9|LH_302|LH_53|LH_173|LH_298|LH_488|LH_449|LH_58|LH_699|LH_179|LH_701|LH_65|LH_560|LH_398|LH_550|LH_59|LH_667|LH_312|LH_238|LH_635|LH_527|LH_475|LH_399|LH_742|LH_289|LH_70|LH_334|LH_613|LH_172|LH_24|LH_98|LH_396|LH_463|LH_452|LH_341|LH_533|LH_512|LH_17|LH_499|LH_712|LH_239|LH_553|LH_80|LH_615|LH_393|LH_606|LH_110|LH_662|LH_501|LH_112|LH_413|LH_99|LH_548|LH_167|LH_85|LH_126|LH_580|LH_688|LH_367|LH_295|LH_160|LH_423|LH_568|LH_551|LH_426|LH_684|LH_397|LH_32|LH_57|LH_525|LH_416|LH_696|LH_478|LH_385|LH_432|LH_436|LH_280|LH_49|LH_76|LH_299|LH_316|LH_389|LH_248|LH_484|LH_109|LH_460|LH_4|LH_353|LH_71|LH_37|LH_64|LH_564|LH_323|LH_717|LH_420|LH_147|LH_137|LH_630|LH_693|LH_569|LH_679|LH_485|LH_153|LH_26|LH_505|LH_622|LH_149|LH_678|LH_671|LH_62|LH_455|LH_640|LH_508|LH_106|LH_111|LH_360|LH_321,LH_510|LH_192|LH_487|LH_549|LH_271|LH_418|LH_214|LH_681|LH_122|LH_138|LH_729|LH_142|LH_350|LH_60|LH_75|LH_143|LH_673|LH_212|LH_547|LH_612|LH_483|LH_733|LH_103|LH_94|LH_240|LH_243|LH_695|LH_255|LH_337|LH_14|LH_135|LH_581|LH_655|LH_313|LH_78|LH_69|LH_433|LH_590|LH_692|LH_181|LH_307|LH_169|LH_279|LH_690|LH_190|LH_374|LH_531|LH_87|LH_19|LH_222|LH_336|LH_502|LH_155|LH_368|LH_495|LH_3|LH_685|LH_5|LH_545|LH_130|LH_332|LH_718|LH_324|LH_1|LH_500|LH_127|LH_617|LH_578|LH_677|LH_115|LH_588|LH_470|LH_132|LH_726|LH_375|LH_562|LH_117|LH_259|LH_93|LH_595|LH_503|LH_585|LH_102|LH_535|LH_294|LH_90|LH_728|LH_650|LH_566|LH_409|LH_400|LH_730|LH_589|LH_477|LH_689|LH_23|LH_366|LH_556|LH_469,LH_283|LH_709|LH_325|LH_272|LH_290|LH_443|LH_687|LH_55|LH_197|LH_275|LH_651|LH_230|LH_304|LH_344|LH_707|LH_7|LH_61|LH_358|LH_268|LH_572|LH_104|LH_686|LH_645|LH_187|LH_507|LH_658|LH_739|LH_342|LH_116|LH_263|LH_159|LH_254|LH_120|LH_338|LH_669|LH_427|LH_437|LH_464|LH_519|LH_643|LH_152|LH_723|LH_266|LH_333|LH_486|LH_529|LH_378|LH_365|LH_528|LH_361|LH_10|LH_719|LH_570|LH_642|LH_618|LH_428|LH_246|LH_156|LH_727|LH_79|LH_188|LH_461|LH_234|LH_404|LH_629|LH_372|LH_327|LH_702|LH_265|LH_322|LH_244|LH_176|LH_145|LH_200|LH_444|LH_596|LH_96|LH_11|LH_724|LH_264|LH_154|LH_586|LH_454|LH_146|LH_218|LH_209|LH_211|LH_210|LH_704|LH_417|LH_587|LH_517|LH_25|LH_602|LH_314|LH_252|LH_526|LH_351|LH_392|LH_514|LH_157|LH_584|LH_725|LH_552|LH_603|LH_561|LH_638|LH_359|LH_743|LH_151|LH_653|LH_577|LH_281|LH_558|LH_282|LH_150|LH_749|LH_77|LH_369|LH_301|LH_680|LH_286|LH_164|LH_319|LH_614|LH_543|LH_557|LH_232|LH_352|LH_250|LH_626|LH_339|LH_29|LH_601|LH_670|LH_441|LH_576|LH_74|LH_408|LH_467|LH_544|LH_457|LH_540|LH_331|LH_180|LH_591|LH_453|LH_284|LH_716|LH_600|LH_88|LH_376|LH_565|LH_139|LH_118|LH_33|LH_620|LH_249|LH_124|LH_213|LH_202|LH_559|LH_113|LH_609|LH_31|LH_532|LH_362|LH_471|LH_407|LH_654|LH_233|LH_27|LH_193|LH_198|LH_68|LH_522|LH_567|LH_28|LH_627|LH_50|LH_421|LH_101|LH_741|LH_216|LH_121|LH_44|LH_100|LH_410|LH_391|LH_67|LH_237|LH_583|LH_384|LH_380|LH_0|LH_541|LH_177|LH_489|LH_661|LH_84|LH_571,3f80461e5ec26ee906f6c1781f34d40877521ac854d93f1fb09783b18b8d24a7,True,True,True,True,True,True,complete,True,0.03801919867595037,0.05789706871064022,0.060016300028829433,0.07534900450824344,0.0056774724803832916,0.6082005620517921,0.7874933461545424,defined,0.30558109505852654,0.3187268180633659,0.12067815045868409,0.09449792428151008,0.7830574459612952,201,0.0,0.0,0.09884856641292572,0.5659180879592896,0.46706952154636383,0.013145723004839313,0.07437866467810945,0.2593125104904175,not recorded,not recorded,8cc4ab72865adc3640032df0d6a4bb795ee948feef14fe604840b20bdfc86672,True,0.0,universe_scaling_or_u750_context,universe_count_incompatible,alternative_protocol,unique,universe count differs from U500 canonical Top-N family
EvolveGCN-H,evolvegcn_h_750u_top1000_h32_seed42_none,experiments/evolvegcn_h_750u_top1000_h32_seed42_none,data/processed/temporal_750u_none_top1000_periodic_knn/camels_750u_temporal_logmass_none_top1000_periodic_knn.pt,data/processed/temporal_750u_none_top1000_periodic_knn/camels_750u_temporal_logmass_none_top1000_periodic_knn.metadata.json,temporal,750,LH_0..LH_749,5,five sorted snapshots; exact identities not persisted in sidecar,1000,log10_Mvir|X|Y|Z|VX|VY|VZ,none,none after log10(Mvir),False,True,8,25.0,32,2,evolvegcn_h,True,mean,mean,mlp,"Linear(D,H)-ReLU-Dropout-Linear(H,1)",False,False,4,300,40,0.001,1e-05,0.2,relu,1.0,MSE,42,0.6|0.1333333333|0.2666666667,LH_475|LH_510|LH_504|LH_609|LH_547|LH_450|LH_621|LH_554|LH_13|LH_36|LH_58|LH_720|LH_280|LH_215|LH_86|LH_685|LH_538|LH_354|LH_303|LH_585|LH_687|LH_398|LH_651|LH_149|LH_579|LH_559|LH_268|LH_231|LH_581|LH_680|LH_180|LH_674|LH_638|LH_209|LH_453|LH_9|LH_39|LH_177|LH_15|LH_682|LH_239|LH_425|LH_335|LH_64|LH_452|LH_266|LH_190|LH_575|LH_350|LH_200|LH_477|LH_5|LH_78|LH_456|LH_708|LH_92|LH_302|LH_24|LH_589|LH_349|LH_460|LH_704|LH_386|LH_431|LH_422|LH_101|LH_33|LH_185|LH_192|LH_329|LH_17|LH_614|LH_10|LH_537|LH_198|LH_187|LH_251|LH_508|LH_16|LH_468|LH_662|LH_395|LH_421|LH_443|LH_600|LH_105|LH_480|LH_315|LH_524|LH_171|LH_28|LH_337|LH_372|LH_369|LH_256|LH_675|LH_527|LH_494|LH_164|LH_534|LH_137|LH_624|LH_673|LH_229|LH_2|LH_739|LH_74|LH_174|LH_138|LH_150|LH_506|LH_357|LH_491|LH_212|LH_265|LH_264|LH_42|LH_316|LH_606|LH_8|LH_513|LH_361|LH_744|LH_88|LH_359|LH_440|LH_465|LH_255|LH_320|LH_457|LH_193|LH_542|LH_227|LH_247|LH_272|LH_668|LH_599|LH_723|LH_124|LH_393|LH_573|LH_353|LH_406|LH_115|LH_632|LH_40|LH_290|LH_221|LH_392|LH_514|LH_207|LH_301|LH_152|LH_143|LH_607|LH_446|LH_523|LH_327|LH_482|LH_63|LH_365|LH_418|LH_118|LH_132|LH_45|LH_56|LH_595|LH_729|LH_620|LH_308|LH_444|LH_560|LH_295|LH_427|LH_396|LH_642|LH_147|LH_402|LH_106|LH_492|LH_693|LH_292|LH_592|LH_518|LH_615|LH_725|LH_617|LH_496|LH_377|LH_241|LH_430|LH_544|LH_23|LH_485|LH_158|LH_162|LH_483|LH_658|LH_539|LH_652|LH_647|LH_43|LH_188|LH_311|LH_262|LH_731|LH_172|LH_378|LH_426|LH_119|LH_340|LH_670|LH_155|LH_148|LH_201|LH_110|LH_630|LH_669|LH_535|LH_391|LH_213|LH_140|LH_237|LH_77|LH_601|LH_646|LH_701|LH_191|LH_173|LH_263|LH_297|LH_397|LH_49|LH_613|LH_516|LH_584|LH_661|LH_681|LH_310|LH_358|LH_553|LH_312|LH_129|LH_656|LH_568|LH_184|LH_451|LH_645|LH_381|LH_383|LH_712|LH_476|LH_294|LH_594|LH_242|LH_463|LH_325|LH_321|LH_593|LH_586|LH_417|LH_550|LH_130|LH_458|LH_197|LH_493|LH_261|LH_733|LH_411|LH_176|LH_222|LH_738|LH_328|LH_355|LH_306|LH_415|LH_461|LH_14|LH_567|LH_667|LH_522|LH_439|LH_293|LH_536|LH_697|LH_507|LH_168|LH_204|LH_98|LH_307|LH_582|LH_116|LH_690|LH_179|LH_548|LH_102|LH_113|LH_240|LH_583|LH_195|LH_520|LH_683|LH_136|LH_423|LH_210|LH_710|LH_91|LH_12|LH_211|LH_90|LH_83|LH_569|LH_364|LH_530|LH_286|LH_181|LH_52|LH_626|LH_380|LH_183|LH_424|LH_186|LH_157|LH_608|LH_636|LH_711|LH_75|LH_627|LH_419|LH_488|LH_18|LH_279|LH_76|LH_502|LH_659|LH_375|LH_287|LH_218|LH_282|LH_501|LH_82|LH_134|LH_326|LH_66|LH_170|LH_489|LH_22|LH_628|LH_467|LH_466|LH_490|LH_26|LH_571|LH_664|LH_258|LH_368|LH_324|LH_351|LH_414|LH_666|LH_107|LH_309|LH_144|LH_139|LH_644|LH_676|LH_54|LH_578|LH_730|LH_68|LH_53|LH_339|LH_404|LH_283|LH_341|LH_399|LH_702|LH_334|LH_313|LH_154|LH_360|LH_278|LH_629|LH_499|LH_145|LH_189|LH_125|LH_437|LH_178|LH_407|LH_409|LH_259|LH_481|LH_275|LH_400|LH_51|LH_288|LH_318|LH_403|LH_4|LH_37|LH_384|LH_556|LH_587|LH_153|LH_330|LH_343|LH_649|LH_202|LH_503|LH_122|LH_449|LH_366|LH_342|LH_709|LH_133|LH_602|LH_267|LH_289|LH_298|LH_336|LH_672|LH_498|LH_317|LH_20|LH_487|LH_454|LH_126|LH_291|LH_61|LH_206|LH_120|LH_345|LH_34|LH_304|LH_35|LH_734|LH_435|LH_41|LH_260|LH_557|LH_576|LH_611|LH_436|LH_612|LH_244|LH_299|LH_495|LH_455|LH_160,LH_724|LH_31|LH_277|LH_376|LH_684|LH_29|LH_515|LH_151|LH_97|LH_79|LH_249|LH_705|LH_695|LH_679|LH_700|LH_374|LH_356|LH_509|LH_641|LH_232|LH_471|LH_401|LH_533|LH_199|LH_1|LH_634|LH_84|LH_735|LH_555|LH_561|LH_442|LH_109|LH_577|LH_531|LH_208|LH_85|LH_121|LH_434|LH_385|LH_474|LH_47|LH_726|LH_428|LH_660|LH_333|LH_747|LH_50|LH_746|LH_741|LH_525|LH_413|LH_226|LH_38|LH_472|LH_447|LH_698|LH_236|LH_639|LH_625|LH_563|LH_688|LH_721|LH_528|LH_689|LH_254|LH_111|LH_347|LH_412|LH_62|LH_100|LH_55|LH_478|LH_420|LH_564|LH_362|LH_441|LH_706|LH_96|LH_194|LH_416|LH_532|LH_248|LH_484|LH_135|LH_219|LH_637|LH_285|LH_243|LH_526|LH_572|LH_338|LH_653|LH_69|LH_749|LH_60|LH_72|LH_7|LH_722|LH_235,LH_21|LH_346|LH_703|LH_230|LH_253|LH_123|LH_462|LH_529|LH_448|LH_590|LH_631|LH_319|LH_205|LH_588|LH_648|LH_433|LH_540|LH_640|LH_169|LH_562|LH_486|LH_131|LH_128|LH_545|LH_70|LH_497|LH_87|LH_696|LH_246|LH_59|LH_245|LH_314|LH_371|LH_605|LH_19|LH_500|LH_331|LH_0|LH_543|LH_552|LH_165|LH_382|LH_622|LH_727|LH_596|LH_305|LH_108|LH_519|LH_182|LH_512|LH_635|LH_3|LH_678|LH_161|LH_445|LH_694|LH_748|LH_716|LH_671|LH_699|LH_117|LH_11|LH_566|LH_257|LH_541|LH_479|LH_619|LH_390|LH_394|LH_65|LH_610|LH_715|LH_717|LH_156|LH_112|LH_48|LH_93|LH_505|LH_521|LH_141|LH_657|LH_691|LH_408|LH_597|LH_438|LH_598|LH_269|LH_551|LH_728|LH_252|LH_743|LH_271|LH_146|LH_469|LH_405|LH_511|LH_217|LH_322|LH_580|LH_216|LH_67|LH_274|LH_410|LH_323|LH_736|LH_234|LH_57|LH_332|LH_224|LH_570|LH_655|LH_276|LH_388|LH_473|LH_167|LH_745|LH_546|LH_175|LH_686|LH_623|LH_73|LH_663|LH_273|LH_214|LH_363|LH_379|LH_166|LH_373|LH_650|LH_464|LH_713|LH_707|LH_103|LH_732|LH_81|LH_296|LH_233|LH_677|LH_46|LH_71|LH_196|LH_591|LH_370|LH_633|LH_643|LH_300|LH_565|LH_80|LH_387|LH_127|LH_549|LH_470|LH_44|LH_270|LH_618|LH_352|LH_367|LH_99|LH_389|LH_94|LH_742|LH_344|LH_220|LH_159|LH_719|LH_348|LH_737|LH_714|LH_163|LH_6|LH_284|LH_603|LH_459|LH_225|LH_429|LH_740|LH_718|LH_665|LH_203|LH_574|LH_27|LH_616|LH_517|LH_238|LH_223|LH_95|LH_30|LH_32|LH_432|LH_604|LH_89|LH_558|LH_692|LH_104|LH_142|LH_228|LH_250|LH_281|LH_25|LH_114|LH_654,e27e32ef2d9482fbe0719a56555f66075f7a23e178c15848a0227660ea0df7d9,True,True,True,True,True,True,complete,True,0.043676578286621304,0.06378766668565346,0.061760590221751385,0.07365219992010104,0.005424646553070531,0.6299393277684502,0.8213882825592573,defined,0.30861990042586823,0.31361408590973905,0.1213758508932744,0.07451658377061096,0.6139325345379723,155,0.22885572139303484,0.22885572139303484,0.22715623676776886,0.5585076212882996,0.3313513845205307,0.004994185483870815,0.07366616039773854,0.16237670183181763,not recorded,not recorded,e38c1d1e21829d266cb44bba53a06e558eae456594e4ec43d62a21374ebd8a34,True,8.673617379884035e-19,universe_scaling_or_u750_context,duplicate_reproduction,duplicate,exact_prediction_duplicate:evolvegcn_h_750u_top1000_h32_seed42_none|evolvegcn_h_750u_top1000_h32_seed42_none_mlp_relu_repeat,identical prediction hash; not independent evidence
EvolveGCN-H,evolvegcn_h_750u_top1000_h32_seed42_none_linear_head,experiments/evolvegcn_h_750u_top1000_h32_seed42_none_linear_head,data/processed/temporal_750u_none_top1000_periodic_knn/camels_750u_temporal_logmass_none_top1000_periodic_knn.pt,data/processed/temporal_750u_none_top1000_periodic_knn/camels_750u_temporal_logmass_none_top1000_periodic_knn.metadata.json,temporal,750,LH_0..LH_749,5,five sorted snapshots; exact identities not persisted in sidecar,1000,log10_Mvir|X|Y|Z|VX|VY|VZ,none,none after log10(Mvir),False,True,8,25.0,32,2,evolvegcn_h,True,mean,mean,linear,"Linear(D,1)",False,False,4,300,40,0.001,1e-05,0.2,relu,1.0,MSE,42,0.6|0.1333333333|0.2666666667,LH_475|LH_510|LH_504|LH_609|LH_547|LH_450|LH_621|LH_554|LH_13|LH_36|LH_58|LH_720|LH_280|LH_215|LH_86|LH_685|LH_538|LH_354|LH_303|LH_585|LH_687|LH_398|LH_651|LH_149|LH_579|LH_559|LH_268|LH_231|LH_581|LH_680|LH_180|LH_674|LH_638|LH_209|LH_453|LH_9|LH_39|LH_177|LH_15|LH_682|LH_239|LH_425|LH_335|LH_64|LH_452|LH_266|LH_190|LH_575|LH_350|LH_200|LH_477|LH_5|LH_78|LH_456|LH_708|LH_92|LH_302|LH_24|LH_589|LH_349|LH_460|LH_704|LH_386|LH_431|LH_422|LH_101|LH_33|LH_185|LH_192|LH_329|LH_17|LH_614|LH_10|LH_537|LH_198|LH_187|LH_251|LH_508|LH_16|LH_468|LH_662|LH_395|LH_421|LH_443|LH_600|LH_105|LH_480|LH_315|LH_524|LH_171|LH_28|LH_337|LH_372|LH_369|LH_256|LH_675|LH_527|LH_494|LH_164|LH_534|LH_137|LH_624|LH_673|LH_229|LH_2|LH_739|LH_74|LH_174|LH_138|LH_150|LH_506|LH_357|LH_491|LH_212|LH_265|LH_264|LH_42|LH_316|LH_606|LH_8|LH_513|LH_361|LH_744|LH_88|LH_359|LH_440|LH_465|LH_255|LH_320|LH_457|LH_193|LH_542|LH_227|LH_247|LH_272|LH_668|LH_599|LH_723|LH_124|LH_393|LH_573|LH_353|LH_406|LH_115|LH_632|LH_40|LH_290|LH_221|LH_392|LH_514|LH_207|LH_301|LH_152|LH_143|LH_607|LH_446|LH_523|LH_327|LH_482|LH_63|LH_365|LH_418|LH_118|LH_132|LH_45|LH_56|LH_595|LH_729|LH_620|LH_308|LH_444|LH_560|LH_295|LH_427|LH_396|LH_642|LH_147|LH_402|LH_106|LH_492|LH_693|LH_292|LH_592|LH_518|LH_615|LH_725|LH_617|LH_496|LH_377|LH_241|LH_430|LH_544|LH_23|LH_485|LH_158|LH_162|LH_483|LH_658|LH_539|LH_652|LH_647|LH_43|LH_188|LH_311|LH_262|LH_731|LH_172|LH_378|LH_426|LH_119|LH_340|LH_670|LH_155|LH_148|LH_201|LH_110|LH_630|LH_669|LH_535|LH_391|LH_213|LH_140|LH_237|LH_77|LH_601|LH_646|LH_701|LH_191|LH_173|LH_263|LH_297|LH_397|LH_49|LH_613|LH_516|LH_584|LH_661|LH_681|LH_310|LH_358|LH_553|LH_312|LH_129|LH_656|LH_568|LH_184|LH_451|LH_645|LH_381|LH_383|LH_712|LH_476|LH_294|LH_594|LH_242|LH_463|LH_325|LH_321|LH_593|LH_586|LH_417|LH_550|LH_130|LH_458|LH_197|LH_493|LH_261|LH_733|LH_411|LH_176|LH_222|LH_738|LH_328|LH_355|LH_306|LH_415|LH_461|LH_14|LH_567|LH_667|LH_522|LH_439|LH_293|LH_536|LH_697|LH_507|LH_168|LH_204|LH_98|LH_307|LH_582|LH_116|LH_690|LH_179|LH_548|LH_102|LH_113|LH_240|LH_583|LH_195|LH_520|LH_683|LH_136|LH_423|LH_210|LH_710|LH_91|LH_12|LH_211|LH_90|LH_83|LH_569|LH_364|LH_530|LH_286|LH_181|LH_52|LH_626|LH_380|LH_183|LH_424|LH_186|LH_157|LH_608|LH_636|LH_711|LH_75|LH_627|LH_419|LH_488|LH_18|LH_279|LH_76|LH_502|LH_659|LH_375|LH_287|LH_218|LH_282|LH_501|LH_82|LH_134|LH_326|LH_66|LH_170|LH_489|LH_22|LH_628|LH_467|LH_466|LH_490|LH_26|LH_571|LH_664|LH_258|LH_368|LH_324|LH_351|LH_414|LH_666|LH_107|LH_309|LH_144|LH_139|LH_644|LH_676|LH_54|LH_578|LH_730|LH_68|LH_53|LH_339|LH_404|LH_283|LH_341|LH_399|LH_702|LH_334|LH_313|LH_154|LH_360|LH_278|LH_629|LH_499|LH_145|LH_189|LH_125|LH_437|LH_178|LH_407|LH_409|LH_259|LH_481|LH_275|LH_400|LH_51|LH_288|LH_318|LH_403|LH_4|LH_37|LH_384|LH_556|LH_587|LH_153|LH_330|LH_343|LH_649|LH_202|LH_503|LH_122|LH_449|LH_366|LH_342|LH_709|LH_133|LH_602|LH_267|LH_289|LH_298|LH_336|LH_672|LH_498|LH_317|LH_20|LH_487|LH_454|LH_126|LH_291|LH_61|LH_206|LH_120|LH_345|LH_34|LH_304|LH_35|LH_734|LH_435|LH_41|LH_260|LH_557|LH_576|LH_611|LH_436|LH_612|LH_244|LH_299|LH_495|LH_455|LH_160,LH_724|LH_31|LH_277|LH_376|LH_684|LH_29|LH_515|LH_151|LH_97|LH_79|LH_249|LH_705|LH_695|LH_679|LH_700|LH_374|LH_356|LH_509|LH_641|LH_232|LH_471|LH_401|LH_533|LH_199|LH_1|LH_634|LH_84|LH_735|LH_555|LH_561|LH_442|LH_109|LH_577|LH_531|LH_208|LH_85|LH_121|LH_434|LH_385|LH_474|LH_47|LH_726|LH_428|LH_660|LH_333|LH_747|LH_50|LH_746|LH_741|LH_525|LH_413|LH_226|LH_38|LH_472|LH_447|LH_698|LH_236|LH_639|LH_625|LH_563|LH_688|LH_721|LH_528|LH_689|LH_254|LH_111|LH_347|LH_412|LH_62|LH_100|LH_55|LH_478|LH_420|LH_564|LH_362|LH_441|LH_706|LH_96|LH_194|LH_416|LH_532|LH_248|LH_484|LH_135|LH_219|LH_637|LH_285|LH_243|LH_526|LH_572|LH_338|LH_653|LH_69|LH_749|LH_60|LH_72|LH_7|LH_722|LH_235,LH_21|LH_346|LH_703|LH_230|LH_253|LH_123|LH_462|LH_529|LH_448|LH_590|LH_631|LH_319|LH_205|LH_588|LH_648|LH_433|LH_540|LH_640|LH_169|LH_562|LH_486|LH_131|LH_128|LH_545|LH_70|LH_497|LH_87|LH_696|LH_246|LH_59|LH_245|LH_314|LH_371|LH_605|LH_19|LH_500|LH_331|LH_0|LH_543|LH_552|LH_165|LH_382|LH_622|LH_727|LH_596|LH_305|LH_108|LH_519|LH_182|LH_512|LH_635|LH_3|LH_678|LH_161|LH_445|LH_694|LH_748|LH_716|LH_671|LH_699|LH_117|LH_11|LH_566|LH_257|LH_541|LH_479|LH_619|LH_390|LH_394|LH_65|LH_610|LH_715|LH_717|LH_156|LH_112|LH_48|LH_93|LH_505|LH_521|LH_141|LH_657|LH_691|LH_408|LH_597|LH_438|LH_598|LH_269|LH_551|LH_728|LH_252|LH_743|LH_271|LH_146|LH_469|LH_405|LH_511|LH_217|LH_322|LH_580|LH_216|LH_67|LH_274|LH_410|LH_323|LH_736|LH_234|LH_57|LH_332|LH_224|LH_570|LH_655|LH_276|LH_388|LH_473|LH_167|LH_745|LH_546|LH_175|LH_686|LH_623|LH_73|LH_663|LH_273|LH_214|LH_363|LH_379|LH_166|LH_373|LH_650|LH_464|LH_713|LH_707|LH_103|LH_732|LH_81|LH_296|LH_233|LH_677|LH_46|LH_71|LH_196|LH_591|LH_370|LH_633|LH_643|LH_300|LH_565|LH_80|LH_387|LH_127|LH_549|LH_470|LH_44|LH_270|LH_618|LH_352|LH_367|LH_99|LH_389|LH_94|LH_742|LH_344|LH_220|LH_159|LH_719|LH_348|LH_737|LH_714|LH_163|LH_6|LH_284|LH_603|LH_459|LH_225|LH_429|LH_740|LH_718|LH_665|LH_203|LH_574|LH_27|LH_616|LH_517|LH_238|LH_223|LH_95|LH_30|LH_32|LH_432|LH_604|LH_89|LH_558|LH_692|LH_104|LH_142|LH_228|LH_250|LH_281|LH_25|LH_114|LH_654,e27e32ef2d9482fbe0719a56555f66075f7a23e178c15848a0227660ea0df7d9,True,True,True,True,True,True,complete,True,0.032752160016033385,0.04880534323176952,0.05029454063716812,0.06192755114281536,0.003835021590546012,0.7383809887085353,0.8779287045777445,defined,0.30861990042586823,0.29350371666215547,0.1213758508932744,0.09083192455942737,0.7483525255719586,201,0.0,0.0,0.07899680733680725,0.5457879304885864,0.4667911231517792,-0.015116183763712793,0.060204278850115936,0.18540996313095093,not recorded,not recorded,98d3bece4a241917a491c8517491b7cd203a2f3ceeda1820f9a21807d57031d3,True,6.938893903907228e-18,universe_scaling_or_u750_context,universe_count_incompatible,alternative_protocol,unique,universe count differs from U500 canonical Top-N family
EvolveGCN-H,evolvegcn_h_750u_top1000_h32_seed42_none_linear_head_meanmax,experiments/evolvegcn_h_750u_top1000_h32_seed42_none_linear_head_meanmax,data/processed/temporal_750u_none_top1000_periodic_knn/camels_750u_temporal_logmass_none_top1000_periodic_knn.pt,data/processed/temporal_750u_none_top1000_periodic_knn/camels_750u_temporal_logmass_none_top1000_periodic_knn.metadata.json,temporal,750,LH_0..LH_749,5,five sorted snapshots; exact identities not persisted in sidecar,1000,log10_Mvir|X|Y|Z|VX|VY|VZ,none,none after log10(Mvir),False,True,8,25.0,32,2,evolvegcn_h,True,mean_max,mean,linear,"Linear(D,1)",False,False,4,300,40,0.001,1e-05,0.2,relu,1.0,MSE,42,0.6|0.1333333333|0.2666666667,LH_475|LH_510|LH_504|LH_609|LH_547|LH_450|LH_621|LH_554|LH_13|LH_36|LH_58|LH_720|LH_280|LH_215|LH_86|LH_685|LH_538|LH_354|LH_303|LH_585|LH_687|LH_398|LH_651|LH_149|LH_579|LH_559|LH_268|LH_231|LH_581|LH_680|LH_180|LH_674|LH_638|LH_209|LH_453|LH_9|LH_39|LH_177|LH_15|LH_682|LH_239|LH_425|LH_335|LH_64|LH_452|LH_266|LH_190|LH_575|LH_350|LH_200|LH_477|LH_5|LH_78|LH_456|LH_708|LH_92|LH_302|LH_24|LH_589|LH_349|LH_460|LH_704|LH_386|LH_431|LH_422|LH_101|LH_33|LH_185|LH_192|LH_329|LH_17|LH_614|LH_10|LH_537|LH_198|LH_187|LH_251|LH_508|LH_16|LH_468|LH_662|LH_395|LH_421|LH_443|LH_600|LH_105|LH_480|LH_315|LH_524|LH_171|LH_28|LH_337|LH_372|LH_369|LH_256|LH_675|LH_527|LH_494|LH_164|LH_534|LH_137|LH_624|LH_673|LH_229|LH_2|LH_739|LH_74|LH_174|LH_138|LH_150|LH_506|LH_357|LH_491|LH_212|LH_265|LH_264|LH_42|LH_316|LH_606|LH_8|LH_513|LH_361|LH_744|LH_88|LH_359|LH_440|LH_465|LH_255|LH_320|LH_457|LH_193|LH_542|LH_227|LH_247|LH_272|LH_668|LH_599|LH_723|LH_124|LH_393|LH_573|LH_353|LH_406|LH_115|LH_632|LH_40|LH_290|LH_221|LH_392|LH_514|LH_207|LH_301|LH_152|LH_143|LH_607|LH_446|LH_523|LH_327|LH_482|LH_63|LH_365|LH_418|LH_118|LH_132|LH_45|LH_56|LH_595|LH_729|LH_620|LH_308|LH_444|LH_560|LH_295|LH_427|LH_396|LH_642|LH_147|LH_402|LH_106|LH_492|LH_693|LH_292|LH_592|LH_518|LH_615|LH_725|LH_617|LH_496|LH_377|LH_241|LH_430|LH_544|LH_23|LH_485|LH_158|LH_162|LH_483|LH_658|LH_539|LH_652|LH_647|LH_43|LH_188|LH_311|LH_262|LH_731|LH_172|LH_378|LH_426|LH_119|LH_340|LH_670|LH_155|LH_148|LH_201|LH_110|LH_630|LH_669|LH_535|LH_391|LH_213|LH_140|LH_237|LH_77|LH_601|LH_646|LH_701|LH_191|LH_173|LH_263|LH_297|LH_397|LH_49|LH_613|LH_516|LH_584|LH_661|LH_681|LH_310|LH_358|LH_553|LH_312|LH_129|LH_656|LH_568|LH_184|LH_451|LH_645|LH_381|LH_383|LH_712|LH_476|LH_294|LH_594|LH_242|LH_463|LH_325|LH_321|LH_593|LH_586|LH_417|LH_550|LH_130|LH_458|LH_197|LH_493|LH_261|LH_733|LH_411|LH_176|LH_222|LH_738|LH_328|LH_355|LH_306|LH_415|LH_461|LH_14|LH_567|LH_667|LH_522|LH_439|LH_293|LH_536|LH_697|LH_507|LH_168|LH_204|LH_98|LH_307|LH_582|LH_116|LH_690|LH_179|LH_548|LH_102|LH_113|LH_240|LH_583|LH_195|LH_520|LH_683|LH_136|LH_423|LH_210|LH_710|LH_91|LH_12|LH_211|LH_90|LH_83|LH_569|LH_364|LH_530|LH_286|LH_181|LH_52|LH_626|LH_380|LH_183|LH_424|LH_186|LH_157|LH_608|LH_636|LH_711|LH_75|LH_627|LH_419|LH_488|LH_18|LH_279|LH_76|LH_502|LH_659|LH_375|LH_287|LH_218|LH_282|LH_501|LH_82|LH_134|LH_326|LH_66|LH_170|LH_489|LH_22|LH_628|LH_467|LH_466|LH_490|LH_26|LH_571|LH_664|LH_258|LH_368|LH_324|LH_351|LH_414|LH_666|LH_107|LH_309|LH_144|LH_139|LH_644|LH_676|LH_54|LH_578|LH_730|LH_68|LH_53|LH_339|LH_404|LH_283|LH_341|LH_399|LH_702|LH_334|LH_313|LH_154|LH_360|LH_278|LH_629|LH_499|LH_145|LH_189|LH_125|LH_437|LH_178|LH_407|LH_409|LH_259|LH_481|LH_275|LH_400|LH_51|LH_288|LH_318|LH_403|LH_4|LH_37|LH_384|LH_556|LH_587|LH_153|LH_330|LH_343|LH_649|LH_202|LH_503|LH_122|LH_449|LH_366|LH_342|LH_709|LH_133|LH_602|LH_267|LH_289|LH_298|LH_336|LH_672|LH_498|LH_317|LH_20|LH_487|LH_454|LH_126|LH_291|LH_61|LH_206|LH_120|LH_345|LH_34|LH_304|LH_35|LH_734|LH_435|LH_41|LH_260|LH_557|LH_576|LH_611|LH_436|LH_612|LH_244|LH_299|LH_495|LH_455|LH_160,LH_724|LH_31|LH_277|LH_376|LH_684|LH_29|LH_515|LH_151|LH_97|LH_79|LH_249|LH_705|LH_695|LH_679|LH_700|LH_374|LH_356|LH_509|LH_641|LH_232|LH_471|LH_401|LH_533|LH_199|LH_1|LH_634|LH_84|LH_735|LH_555|LH_561|LH_442|LH_109|LH_577|LH_531|LH_208|LH_85|LH_121|LH_434|LH_385|LH_474|LH_47|LH_726|LH_428|LH_660|LH_333|LH_747|LH_50|LH_746|LH_741|LH_525|LH_413|LH_226|LH_38|LH_472|LH_447|LH_698|LH_236|LH_639|LH_625|LH_563|LH_688|LH_721|LH_528|LH_689|LH_254|LH_111|LH_347|LH_412|LH_62|LH_100|LH_55|LH_478|LH_420|LH_564|LH_362|LH_441|LH_706|LH_96|LH_194|LH_416|LH_532|LH_248|LH_484|LH_135|LH_219|LH_637|LH_285|LH_243|LH_526|LH_572|LH_338|LH_653|LH_69|LH_749|LH_60|LH_72|LH_7|LH_722|LH_235,LH_21|LH_346|LH_703|LH_230|LH_253|LH_123|LH_462|LH_529|LH_448|LH_590|LH_631|LH_319|LH_205|LH_588|LH_648|LH_433|LH_540|LH_640|LH_169|LH_562|LH_486|LH_131|LH_128|LH_545|LH_70|LH_497|LH_87|LH_696|LH_246|LH_59|LH_245|LH_314|LH_371|LH_605|LH_19|LH_500|LH_331|LH_0|LH_543|LH_552|LH_165|LH_382|LH_622|LH_727|LH_596|LH_305|LH_108|LH_519|LH_182|LH_512|LH_635|LH_3|LH_678|LH_161|LH_445|LH_694|LH_748|LH_716|LH_671|LH_699|LH_117|LH_11|LH_566|LH_257|LH_541|LH_479|LH_619|LH_390|LH_394|LH_65|LH_610|LH_715|LH_717|LH_156|LH_112|LH_48|LH_93|LH_505|LH_521|LH_141|LH_657|LH_691|LH_408|LH_597|LH_438|LH_598|LH_269|LH_551|LH_728|LH_252|LH_743|LH_271|LH_146|LH_469|LH_405|LH_511|LH_217|LH_322|LH_580|LH_216|LH_67|LH_274|LH_410|LH_323|LH_736|LH_234|LH_57|LH_332|LH_224|LH_570|LH_655|LH_276|LH_388|LH_473|LH_167|LH_745|LH_546|LH_175|LH_686|LH_623|LH_73|LH_663|LH_273|LH_214|LH_363|LH_379|LH_166|LH_373|LH_650|LH_464|LH_713|LH_707|LH_103|LH_732|LH_81|LH_296|LH_233|LH_677|LH_46|LH_71|LH_196|LH_591|LH_370|LH_633|LH_643|LH_300|LH_565|LH_80|LH_387|LH_127|LH_549|LH_470|LH_44|LH_270|LH_618|LH_352|LH_367|LH_99|LH_389|LH_94|LH_742|LH_344|LH_220|LH_159|LH_719|LH_348|LH_737|LH_714|LH_163|LH_6|LH_284|LH_603|LH_459|LH_225|LH_429|LH_740|LH_718|LH_665|LH_203|LH_574|LH_27|LH_616|LH_517|LH_238|LH_223|LH_95|LH_30|LH_32|LH_432|LH_604|LH_89|LH_558|LH_692|LH_104|LH_142|LH_228|LH_250|LH_281|LH_25|LH_114|LH_654,e27e32ef2d9482fbe0719a56555f66075f7a23e178c15848a0227660ea0df7d9,True,True,True,True,True,True,complete,True,0.07800453979108068,0.08846659348769621,0.09144933901690132,0.11249027233292676,0.012654061369536028,0.1367602642758019,0.6396279654426554,defined,0.30861990042586823,0.2465884578576432,0.1213758508932744,0.0896914528797148,0.7389563263171712,201,0.0,0.0,0.059043146669864655,0.8640726208686829,0.8050294741988182,-0.062031442568225056,0.09407546072145082,0.36867260932922363,not recorded,not recorded,8e448d91fc47f5f8a2f53f785936ab61414fba8ca719a16e630144984c10edb6,True,2.7755575615628914e-17,universe_scaling_or_u750_context,universe_count_incompatible,alternative_protocol,unique,universe count differs from U500 canonical Top-N family
EvolveGCN-H,evolvegcn_h_750u_top1000_h32_seed42_none_linear_head_temporal_last,experiments/evolvegcn_h_750u_top1000_h32_seed42_none_linear_head_temporal_last,data/processed/temporal_750u_none_top1000_periodic_knn/camels_750u_temporal_logmass_none_top1000_periodic_knn.pt,data/processed/temporal_750u_none_top1000_periodic_knn/camels_750u_temporal_logmass_none_top1000_periodic_knn.metadata.json,temporal,750,LH_0..LH_749,5,five sorted snapshots; exact identities not persisted in sidecar,1000,log10_Mvir|X|Y|Z|VX|VY|VZ,none,none after log10(Mvir),False,True,8,25.0,32,2,evolvegcn_h,True,mean,last,linear,"Linear(D,1)",False,False,4,300,40,0.001,1e-05,0.2,relu,1.0,MSE,42,0.6|0.1333333333|0.2666666667,LH_475|LH_510|LH_504|LH_609|LH_547|LH_450|LH_621|LH_554|LH_13|LH_36|LH_58|LH_720|LH_280|LH_215|LH_86|LH_685|LH_538|LH_354|LH_303|LH_585|LH_687|LH_398|LH_651|LH_149|LH_579|LH_559|LH_268|LH_231|LH_581|LH_680|LH_180|LH_674|LH_638|LH_209|LH_453|LH_9|LH_39|LH_177|LH_15|LH_682|LH_239|LH_425|LH_335|LH_64|LH_452|LH_266|LH_190|LH_575|LH_350|LH_200|LH_477|LH_5|LH_78|LH_456|LH_708|LH_92|LH_302|LH_24|LH_589|LH_349|LH_460|LH_704|LH_386|LH_431|LH_422|LH_101|LH_33|LH_185|LH_192|LH_329|LH_17|LH_614|LH_10|LH_537|LH_198|LH_187|LH_251|LH_508|LH_16|LH_468|LH_662|LH_395|LH_421|LH_443|LH_600|LH_105|LH_480|LH_315|LH_524|LH_171|LH_28|LH_337|LH_372|LH_369|LH_256|LH_675|LH_527|LH_494|LH_164|LH_534|LH_137|LH_624|LH_673|LH_229|LH_2|LH_739|LH_74|LH_174|LH_138|LH_150|LH_506|LH_357|LH_491|LH_212|LH_265|LH_264|LH_42|LH_316|LH_606|LH_8|LH_513|LH_361|LH_744|LH_88|LH_359|LH_440|LH_465|LH_255|LH_320|LH_457|LH_193|LH_542|LH_227|LH_247|LH_272|LH_668|LH_599|LH_723|LH_124|LH_393|LH_573|LH_353|LH_406|LH_115|LH_632|LH_40|LH_290|LH_221|LH_392|LH_514|LH_207|LH_301|LH_152|LH_143|LH_607|LH_446|LH_523|LH_327|LH_482|LH_63|LH_365|LH_418|LH_118|LH_132|LH_45|LH_56|LH_595|LH_729|LH_620|LH_308|LH_444|LH_560|LH_295|LH_427|LH_396|LH_642|LH_147|LH_402|LH_106|LH_492|LH_693|LH_292|LH_592|LH_518|LH_615|LH_725|LH_617|LH_496|LH_377|LH_241|LH_430|LH_544|LH_23|LH_485|LH_158|LH_162|LH_483|LH_658|LH_539|LH_652|LH_647|LH_43|LH_188|LH_311|LH_262|LH_731|LH_172|LH_378|LH_426|LH_119|LH_340|LH_670|LH_155|LH_148|LH_201|LH_110|LH_630|LH_669|LH_535|LH_391|LH_213|LH_140|LH_237|LH_77|LH_601|LH_646|LH_701|LH_191|LH_173|LH_263|LH_297|LH_397|LH_49|LH_613|LH_516|LH_584|LH_661|LH_681|LH_310|LH_358|LH_553|LH_312|LH_129|LH_656|LH_568|LH_184|LH_451|LH_645|LH_381|LH_383|LH_712|LH_476|LH_294|LH_594|LH_242|LH_463|LH_325|LH_321|LH_593|LH_586|LH_417|LH_550|LH_130|LH_458|LH_197|LH_493|LH_261|LH_733|LH_411|LH_176|LH_222|LH_738|LH_328|LH_355|LH_306|LH_415|LH_461|LH_14|LH_567|LH_667|LH_522|LH_439|LH_293|LH_536|LH_697|LH_507|LH_168|LH_204|LH_98|LH_307|LH_582|LH_116|LH_690|LH_179|LH_548|LH_102|LH_113|LH_240|LH_583|LH_195|LH_520|LH_683|LH_136|LH_423|LH_210|LH_710|LH_91|LH_12|LH_211|LH_90|LH_83|LH_569|LH_364|LH_530|LH_286|LH_181|LH_52|LH_626|LH_380|LH_183|LH_424|LH_186|LH_157|LH_608|LH_636|LH_711|LH_75|LH_627|LH_419|LH_488|LH_18|LH_279|LH_76|LH_502|LH_659|LH_375|LH_287|LH_218|LH_282|LH_501|LH_82|LH_134|LH_326|LH_66|LH_170|LH_489|LH_22|LH_628|LH_467|LH_466|LH_490|LH_26|LH_571|LH_664|LH_258|LH_368|LH_324|LH_351|LH_414|LH_666|LH_107|LH_309|LH_144|LH_139|LH_644|LH_676|LH_54|LH_578|LH_730|LH_68|LH_53|LH_339|LH_404|LH_283|LH_341|LH_399|LH_702|LH_334|LH_313|LH_154|LH_360|LH_278|LH_629|LH_499|LH_145|LH_189|LH_125|LH_437|LH_178|LH_407|LH_409|LH_259|LH_481|LH_275|LH_400|LH_51|LH_288|LH_318|LH_403|LH_4|LH_37|LH_384|LH_556|LH_587|LH_153|LH_330|LH_343|LH_649|LH_202|LH_503|LH_122|LH_449|LH_366|LH_342|LH_709|LH_133|LH_602|LH_267|LH_289|LH_298|LH_336|LH_672|LH_498|LH_317|LH_20|LH_487|LH_454|LH_126|LH_291|LH_61|LH_206|LH_120|LH_345|LH_34|LH_304|LH_35|LH_734|LH_435|LH_41|LH_260|LH_557|LH_576|LH_611|LH_436|LH_612|LH_244|LH_299|LH_495|LH_455|LH_160,LH_724|LH_31|LH_277|LH_376|LH_684|LH_29|LH_515|LH_151|LH_97|LH_79|LH_249|LH_705|LH_695|LH_679|LH_700|LH_374|LH_356|LH_509|LH_641|LH_232|LH_471|LH_401|LH_533|LH_199|LH_1|LH_634|LH_84|LH_735|LH_555|LH_561|LH_442|LH_109|LH_577|LH_531|LH_208|LH_85|LH_121|LH_434|LH_385|LH_474|LH_47|LH_726|LH_428|LH_660|LH_333|LH_747|LH_50|LH_746|LH_741|LH_525|LH_413|LH_226|LH_38|LH_472|LH_447|LH_698|LH_236|LH_639|LH_625|LH_563|LH_688|LH_721|LH_528|LH_689|LH_254|LH_111|LH_347|LH_412|LH_62|LH_100|LH_55|LH_478|LH_420|LH_564|LH_362|LH_441|LH_706|LH_96|LH_194|LH_416|LH_532|LH_248|LH_484|LH_135|LH_219|LH_637|LH_285|LH_243|LH_526|LH_572|LH_338|LH_653|LH_69|LH_749|LH_60|LH_72|LH_7|LH_722|LH_235,LH_21|LH_346|LH_703|LH_230|LH_253|LH_123|LH_462|LH_529|LH_448|LH_590|LH_631|LH_319|LH_205|LH_588|LH_648|LH_433|LH_540|LH_640|LH_169|LH_562|LH_486|LH_131|LH_128|LH_545|LH_70|LH_497|LH_87|LH_696|LH_246|LH_59|LH_245|LH_314|LH_371|LH_605|LH_19|LH_500|LH_331|LH_0|LH_543|LH_552|LH_165|LH_382|LH_622|LH_727|LH_596|LH_305|LH_108|LH_519|LH_182|LH_512|LH_635|LH_3|LH_678|LH_161|LH_445|LH_694|LH_748|LH_716|LH_671|LH_699|LH_117|LH_11|LH_566|LH_257|LH_541|LH_479|LH_619|LH_390|LH_394|LH_65|LH_610|LH_715|LH_717|LH_156|LH_112|LH_48|LH_93|LH_505|LH_521|LH_141|LH_657|LH_691|LH_408|LH_597|LH_438|LH_598|LH_269|LH_551|LH_728|LH_252|LH_743|LH_271|LH_146|LH_469|LH_405|LH_511|LH_217|LH_322|LH_580|LH_216|LH_67|LH_274|LH_410|LH_323|LH_736|LH_234|LH_57|LH_332|LH_224|LH_570|LH_655|LH_276|LH_388|LH_473|LH_167|LH_745|LH_546|LH_175|LH_686|LH_623|LH_73|LH_663|LH_273|LH_214|LH_363|LH_379|LH_166|LH_373|LH_650|LH_464|LH_713|LH_707|LH_103|LH_732|LH_81|LH_296|LH_233|LH_677|LH_46|LH_71|LH_196|LH_591|LH_370|LH_633|LH_643|LH_300|LH_565|LH_80|LH_387|LH_127|LH_549|LH_470|LH_44|LH_270|LH_618|LH_352|LH_367|LH_99|LH_389|LH_94|LH_742|LH_344|LH_220|LH_159|LH_719|LH_348|LH_737|LH_714|LH_163|LH_6|LH_284|LH_603|LH_459|LH_225|LH_429|LH_740|LH_718|LH_665|LH_203|LH_574|LH_27|LH_616|LH_517|LH_238|LH_223|LH_95|LH_30|LH_32|LH_432|LH_604|LH_89|LH_558|LH_692|LH_104|LH_142|LH_228|LH_250|LH_281|LH_25|LH_114|LH_654,e27e32ef2d9482fbe0719a56555f66075f7a23e178c15848a0227660ea0df7d9,True,True,True,True,True,True,complete,True,0.04017548973361651,0.06020909683270888,0.05624651034079974,0.0703707442174447,0.0049520416417170275,0.6621796755006752,0.8230650087704371,defined,0.30861990042586823,0.3130224132122685,0.1213758508932744,0.08557266353546618,0.7050221514880262,201,0.0,0.0,0.08800697326660156,0.5191666483879089,0.4311596751213074,0.004402512786400259,0.07040825818394475,0.19123613834381104,not recorded,not recorded,efc1568358f05f3a5a60dfda737fb1acee564e3d9285935fe3234617a9e17993,True,1.3877787807814457e-17,universe_scaling_or_u750_context,universe_count_incompatible,alternative_protocol,unique,universe count differs from U500 canonical Top-N family
EvolveGCN-H,evolvegcn_h_750u_top1000_h32_seed42_none_mlp_relu_repeat,experiments/evolvegcn_h_750u_top1000_h32_seed42_none_mlp_relu_repeat,data/processed/temporal_750u_none_top1000_periodic_knn/camels_750u_temporal_logmass_none_top1000_periodic_knn.pt,data/processed/temporal_750u_none_top1000_periodic_knn/camels_750u_temporal_logmass_none_top1000_periodic_knn.metadata.json,temporal,750,LH_0..LH_749,5,five sorted snapshots; exact identities not persisted in sidecar,1000,log10_Mvir|X|Y|Z|VX|VY|VZ,none,none after log10(Mvir),False,True,8,25.0,32,2,evolvegcn_h,True,mean,mean,mlp,"Linear(D,H)-ReLU-Dropout-Linear(H,1)",False,False,4,300,40,0.001,1e-05,0.2,relu,1.0,MSE,42,0.6|0.1333333333|0.2666666667,LH_475|LH_510|LH_504|LH_609|LH_547|LH_450|LH_621|LH_554|LH_13|LH_36|LH_58|LH_720|LH_280|LH_215|LH_86|LH_685|LH_538|LH_354|LH_303|LH_585|LH_687|LH_398|LH_651|LH_149|LH_579|LH_559|LH_268|LH_231|LH_581|LH_680|LH_180|LH_674|LH_638|LH_209|LH_453|LH_9|LH_39|LH_177|LH_15|LH_682|LH_239|LH_425|LH_335|LH_64|LH_452|LH_266|LH_190|LH_575|LH_350|LH_200|LH_477|LH_5|LH_78|LH_456|LH_708|LH_92|LH_302|LH_24|LH_589|LH_349|LH_460|LH_704|LH_386|LH_431|LH_422|LH_101|LH_33|LH_185|LH_192|LH_329|LH_17|LH_614|LH_10|LH_537|LH_198|LH_187|LH_251|LH_508|LH_16|LH_468|LH_662|LH_395|LH_421|LH_443|LH_600|LH_105|LH_480|LH_315|LH_524|LH_171|LH_28|LH_337|LH_372|LH_369|LH_256|LH_675|LH_527|LH_494|LH_164|LH_534|LH_137|LH_624|LH_673|LH_229|LH_2|LH_739|LH_74|LH_174|LH_138|LH_150|LH_506|LH_357|LH_491|LH_212|LH_265|LH_264|LH_42|LH_316|LH_606|LH_8|LH_513|LH_361|LH_744|LH_88|LH_359|LH_440|LH_465|LH_255|LH_320|LH_457|LH_193|LH_542|LH_227|LH_247|LH_272|LH_668|LH_599|LH_723|LH_124|LH_393|LH_573|LH_353|LH_406|LH_115|LH_632|LH_40|LH_290|LH_221|LH_392|LH_514|LH_207|LH_301|LH_152|LH_143|LH_607|LH_446|LH_523|LH_327|LH_482|LH_63|LH_365|LH_418|LH_118|LH_132|LH_45|LH_56|LH_595|LH_729|LH_620|LH_308|LH_444|LH_560|LH_295|LH_427|LH_396|LH_642|LH_147|LH_402|LH_106|LH_492|LH_693|LH_292|LH_592|LH_518|LH_615|LH_725|LH_617|LH_496|LH_377|LH_241|LH_430|LH_544|LH_23|LH_485|LH_158|LH_162|LH_483|LH_658|LH_539|LH_652|LH_647|LH_43|LH_188|LH_311|LH_262|LH_731|LH_172|LH_378|LH_426|LH_119|LH_340|LH_670|LH_155|LH_148|LH_201|LH_110|LH_630|LH_669|LH_535|LH_391|LH_213|LH_140|LH_237|LH_77|LH_601|LH_646|LH_701|LH_191|LH_173|LH_263|LH_297|LH_397|LH_49|LH_613|LH_516|LH_584|LH_661|LH_681|LH_310|LH_358|LH_553|LH_312|LH_129|LH_656|LH_568|LH_184|LH_451|LH_645|LH_381|LH_383|LH_712|LH_476|LH_294|LH_594|LH_242|LH_463|LH_325|LH_321|LH_593|LH_586|LH_417|LH_550|LH_130|LH_458|LH_197|LH_493|LH_261|LH_733|LH_411|LH_176|LH_222|LH_738|LH_328|LH_355|LH_306|LH_415|LH_461|LH_14|LH_567|LH_667|LH_522|LH_439|LH_293|LH_536|LH_697|LH_507|LH_168|LH_204|LH_98|LH_307|LH_582|LH_116|LH_690|LH_179|LH_548|LH_102|LH_113|LH_240|LH_583|LH_195|LH_520|LH_683|LH_136|LH_423|LH_210|LH_710|LH_91|LH_12|LH_211|LH_90|LH_83|LH_569|LH_364|LH_530|LH_286|LH_181|LH_52|LH_626|LH_380|LH_183|LH_424|LH_186|LH_157|LH_608|LH_636|LH_711|LH_75|LH_627|LH_419|LH_488|LH_18|LH_279|LH_76|LH_502|LH_659|LH_375|LH_287|LH_218|LH_282|LH_501|LH_82|LH_134|LH_326|LH_66|LH_170|LH_489|LH_22|LH_628|LH_467|LH_466|LH_490|LH_26|LH_571|LH_664|LH_258|LH_368|LH_324|LH_351|LH_414|LH_666|LH_107|LH_309|LH_144|LH_139|LH_644|LH_676|LH_54|LH_578|LH_730|LH_68|LH_53|LH_339|LH_404|LH_283|LH_341|LH_399|LH_702|LH_334|LH_313|LH_154|LH_360|LH_278|LH_629|LH_499|LH_145|LH_189|LH_125|LH_437|LH_178|LH_407|LH_409|LH_259|LH_481|LH_275|LH_400|LH_51|LH_288|LH_318|LH_403|LH_4|LH_37|LH_384|LH_556|LH_587|LH_153|LH_330|LH_343|LH_649|LH_202|LH_503|LH_122|LH_449|LH_366|LH_342|LH_709|LH_133|LH_602|LH_267|LH_289|LH_298|LH_336|LH_672|LH_498|LH_317|LH_20|LH_487|LH_454|LH_126|LH_291|LH_61|LH_206|LH_120|LH_345|LH_34|LH_304|LH_35|LH_734|LH_435|LH_41|LH_260|LH_557|LH_576|LH_611|LH_436|LH_612|LH_244|LH_299|LH_495|LH_455|LH_160,LH_724|LH_31|LH_277|LH_376|LH_684|LH_29|LH_515|LH_151|LH_97|LH_79|LH_249|LH_705|LH_695|LH_679|LH_700|LH_374|LH_356|LH_509|LH_641|LH_232|LH_471|LH_401|LH_533|LH_199|LH_1|LH_634|LH_84|LH_735|LH_555|LH_561|LH_442|LH_109|LH_577|LH_531|LH_208|LH_85|LH_121|LH_434|LH_385|LH_474|LH_47|LH_726|LH_428|LH_660|LH_333|LH_747|LH_50|LH_746|LH_741|LH_525|LH_413|LH_226|LH_38|LH_472|LH_447|LH_698|LH_236|LH_639|LH_625|LH_563|LH_688|LH_721|LH_528|LH_689|LH_254|LH_111|LH_347|LH_412|LH_62|LH_100|LH_55|LH_478|LH_420|LH_564|LH_362|LH_441|LH_706|LH_96|LH_194|LH_416|LH_532|LH_248|LH_484|LH_135|LH_219|LH_637|LH_285|LH_243|LH_526|LH_572|LH_338|LH_653|LH_69|LH_749|LH_60|LH_72|LH_7|LH_722|LH_235,LH_21|LH_346|LH_703|LH_230|LH_253|LH_123|LH_462|LH_529|LH_448|LH_590|LH_631|LH_319|LH_205|LH_588|LH_648|LH_433|LH_540|LH_640|LH_169|LH_562|LH_486|LH_131|LH_128|LH_545|LH_70|LH_497|LH_87|LH_696|LH_246|LH_59|LH_245|LH_314|LH_371|LH_605|LH_19|LH_500|LH_331|LH_0|LH_543|LH_552|LH_165|LH_382|LH_622|LH_727|LH_596|LH_305|LH_108|LH_519|LH_182|LH_512|LH_635|LH_3|LH_678|LH_161|LH_445|LH_694|LH_748|LH_716|LH_671|LH_699|LH_117|LH_11|LH_566|LH_257|LH_541|LH_479|LH_619|LH_390|LH_394|LH_65|LH_610|LH_715|LH_717|LH_156|LH_112|LH_48|LH_93|LH_505|LH_521|LH_141|LH_657|LH_691|LH_408|LH_597|LH_438|LH_598|LH_269|LH_551|LH_728|LH_252|LH_743|LH_271|LH_146|LH_469|LH_405|LH_511|LH_217|LH_322|LH_580|LH_216|LH_67|LH_274|LH_410|LH_323|LH_736|LH_234|LH_57|LH_332|LH_224|LH_570|LH_655|LH_276|LH_388|LH_473|LH_167|LH_745|LH_546|LH_175|LH_686|LH_623|LH_73|LH_663|LH_273|LH_214|LH_363|LH_379|LH_166|LH_373|LH_650|LH_464|LH_713|LH_707|LH_103|LH_732|LH_81|LH_296|LH_233|LH_677|LH_46|LH_71|LH_196|LH_591|LH_370|LH_633|LH_643|LH_300|LH_565|LH_80|LH_387|LH_127|LH_549|LH_470|LH_44|LH_270|LH_618|LH_352|LH_367|LH_99|LH_389|LH_94|LH_742|LH_344|LH_220|LH_159|LH_719|LH_348|LH_737|LH_714|LH_163|LH_6|LH_284|LH_603|LH_459|LH_225|LH_429|LH_740|LH_718|LH_665|LH_203|LH_574|LH_27|LH_616|LH_517|LH_238|LH_223|LH_95|LH_30|LH_32|LH_432|LH_604|LH_89|LH_558|LH_692|LH_104|LH_142|LH_228|LH_250|LH_281|LH_25|LH_114|LH_654,e27e32ef2d9482fbe0719a56555f66075f7a23e178c15848a0227660ea0df7d9,True,True,True,True,True,True,complete,True,0.043676578286621304,0.06378766668565346,0.061760590221751385,0.07365219992010104,0.005424646553070531,0.6299393277684502,0.8213882825592573,defined,0.30861990042586823,0.31361408590973905,0.1213758508932744,0.07451658377061096,0.6139325345379723,155,0.22885572139303484,0.22885572139303484,0.22715623676776886,0.5585076212882996,0.3313513845205307,0.004994185483870815,0.07366616039773854,0.16237670183181763,not recorded,not recorded,e38c1d1e21829d266cb44bba53a06e558eae456594e4ec43d62a21374ebd8a34,True,8.673617379884035e-19,universe_scaling_or_u750_context,duplicate_reproduction,duplicate,exact_prediction_duplicate:evolvegcn_h_750u_top1000_h32_seed42_none|evolvegcn_h_750u_top1000_h32_seed42_none_mlp_relu_repeat,identical prediction hash; not independent evidence
EvolveGCN-H,evolvegcn_h_750u_top1000_h32_seed777_none,experiments/evolvegcn_h_750u_top1000_h32_seed777_none,data/processed/temporal_750u_none_top1000_periodic_knn/camels_750u_temporal_logmass_none_top1000_periodic_knn.pt,data/processed/temporal_750u_none_top1000_periodic_knn/camels_750u_temporal_logmass_none_top1000_periodic_knn.metadata.json,temporal,750,LH_0..LH_749,5,five sorted snapshots; exact identities not persisted in sidecar,1000,log10_Mvir|X|Y|Z|VX|VY|VZ,none,none after log10(Mvir),False,True,8,25.0,32,2,evolvegcn_h,True,mean,mean,mlp,"Linear(D,H)-ReLU-Dropout-Linear(H,1)",False,False,4,300,40,0.001,1e-05,0.2,relu,1.0,MSE,777,0.6|0.1333333333|0.2666666667,LH_315|LH_310|LH_514|LH_423|LH_586|LH_300|LH_150|LH_238|LH_648|LH_245|LH_714|LH_679|LH_48|LH_393|LH_268|LH_302|LH_387|LH_285|LH_607|LH_36|LH_475|LH_55|LH_203|LH_694|LH_318|LH_20|LH_651|LH_623|LH_25|LH_58|LH_521|LH_114|LH_402|LH_493|LH_629|LH_337|LH_553|LH_709|LH_409|LH_120|LH_286|LH_326|LH_640|LH_664|LH_115|LH_439|LH_239|LH_129|LH_707|LH_201|LH_519|LH_306|LH_498|LH_357|LH_683|LH_226|LH_733|LH_227|LH_628|LH_434|LH_512|LH_80|LH_417|LH_478|LH_17|LH_605|LH_353|LH_676|LH_174|LH_383|LH_601|LH_540|LH_413|LH_464|LH_556|LH_428|LH_15|LH_370|LH_692|LH_218|LH_452|LH_741|LH_350|LH_56|LH_435|LH_305|LH_511|LH_542|LH_591|LH_143|LH_580|LH_477|LH_545|LH_67|LH_46|LH_87|LH_202|LH_495|LH_254|LH_27|LH_527|LH_406|LH_41|LH_163|LH_140|LH_260|LH_551|LH_111|LH_135|LH_50|LH_621|LH_324|LH_43|LH_416|LH_179|LH_292|LH_533|LH_244|LH_468|LH_492|LH_364|LH_617|LH_568|LH_152|LH_564|LH_697|LH_453|LH_479|LH_105|LH_546|LH_181|LH_515|LH_32|LH_29|LH_296|LH_646|LH_429|LH_246|LH_531|LH_633|LH_334|LH_634|LH_389|LH_145|LH_738|LH_200|LH_317|LH_197|LH_84|LH_483|LH_3|LH_333|LH_345|LH_367|LH_321|LH_517|LH_467|LH_136|LH_386|LH_349|LH_555|LH_484|LH_77|LH_132|LH_471|LH_360|LH_23|LH_199|LH_85|LH_701|LH_420|LH_503|LH_52|LH_506|LH_193|LH_426|LH_167|LH_168|LH_397|LH_505|LH_331|LH_450|LH_186|LH_212|LH_112|LH_446|LH_51|LH_24|LH_585|LH_736|LH_371|LH_180|LH_63|LH_207|LH_211|LH_578|LH_251|LH_576|LH_487|LH_213|LH_270|LH_378|LH_638|LH_266|LH_142|LH_375|LH_330|LH_731|LH_672|LH_496|LH_340|LH_233|LH_101|LH_573|LH_642|LH_532|LH_571|LH_620|LH_240|LH_412|LH_722|LH_716|LH_355|LH_593|LH_419|LH_57|LH_380|LH_566|LH_536|LH_100|LH_572|LH_189|LH_31|LH_19|LH_481|LH_650|LH_693|LH_558|LH_118|LH_104|LH_210|LH_635|LH_147|LH_462|LH_609|LH_7|LH_691|LH_107|LH_222|LH_523|LH_362|LH_44|LH_259|LH_547|LH_541|LH_641|LH_430|LH_14|LH_4|LH_469|LH_119|LH_280|LH_86|LH_410|LH_618|LH_610|LH_445|LH_195|LH_611|LH_376|LH_283|LH_83|LH_121|LH_146|LH_520|LH_744|LH_463|LH_421|LH_94|LH_131|LH_431|LH_137|LH_243|LH_98|LH_681|LH_614|LH_705|LH_113|LH_110|LH_237|LH_9|LH_149|LH_742|LH_190|LH_698|LH_602|LH_102|LH_627|LH_219|LH_465|LH_185|LH_97|LH_304|LH_178|LH_400|LH_447|LH_230|LH_184|LH_209|LH_659|LH_665|LH_81|LH_730|LH_727|LH_312|LH_232|LH_632|LH_587|LH_660|LH_125|LH_401|LH_488|LH_451|LH_352|LH_228|LH_75|LH_175|LH_441|LH_325|LH_497|LH_157|LH_630|LH_548|LH_282|LH_26|LH_124|LH_148|LH_537|LH_336|LH_297|LH_265|LH_225|LH_599|LH_139|LH_702|LH_33|LH_687|LH_597|LH_68|LH_269|LH_668|LH_557|LH_670|LH_604|LH_544|LH_21|LH_258|LH_579|LH_735|LH_372|LH_264|LH_622|LH_720|LH_535|LH_363|LH_686|LH_732|LH_66|LH_639|LH_39|LH_64|LH_216|LH_530|LH_170|LH_407|LH_274|LH_655|LH_329|LH_588|LH_354|LH_138|LH_188|LH_277|LH_460|LH_510|LH_348|LH_173|LH_49|LH_320|LH_235|LH_198|LH_89|LH_713|LH_92|LH_301|LH_442|LH_652|LH_272|LH_631|LH_217|LH_671|LH_289|LH_2|LH_76|LH_649|LH_74|LH_613|LH_391|LH_314|LH_534|LH_685|LH_470|LH_224|LH_440|LH_307|LH_673|LH_18|LH_743|LH_153|LH_91|LH_678|LH_248|LH_155|LH_93|LH_729|LH_656|LH_569|LH_688|LH_241|LH_158|LH_16|LH_680|LH_740|LH_717|LH_215|LH_229|LH_749|LH_706|LH_0|LH_291|LH_339|LH_194|LH_45|LH_103|LH_524|LH_156|LH_746|LH_719|LH_373|LH_328,LH_374|LH_626|LH_38|LH_263|LH_342|LH_299|LH_323|LH_563|LH_647|LH_583|LH_581|LH_250|LH_159|LH_636|LH_504|LH_368|LH_35|LH_663|LH_117|LH_459|LH_474|LH_253|LH_516|LH_476|LH_72|LH_703|LH_653|LH_5|LH_236|LH_612|LH_261|LH_728|LH_191|LH_575|LH_322|LH_242|LH_667|LH_231|LH_399|LH_343|LH_388|LH_361|LH_485|LH_166|LH_70|LH_247|LH_267|LH_616|LH_309|LH_30|LH_252|LH_411|LH_60|LH_669|LH_418|LH_311|LH_499|LH_525|LH_689|LH_448|LH_437|LH_379|LH_457|LH_433|LH_187|LH_134|LH_381|LH_539|LH_644|LH_584|LH_177|LH_164|LH_674|LH_359|LH_724|LH_718|LH_734|LH_279|LH_161|LH_526|LH_47|LH_565|LH_427|LH_458|LH_507|LH_422|LH_205|LH_275|LH_8|LH_358|LH_490|LH_454|LH_69|LH_404|LH_715|LH_414|LH_494|LH_165|LH_543,LH_249|LH_12|LH_22|LH_594|LH_220|LH_592|LH_298|LH_396|LH_486|LH_257|LH_390|LH_745|LH_37|LH_221|LH_608|LH_255|LH_466|LH_208|LH_335|LH_737|LH_59|LH_726|LH_288|LH_196|LH_316|LH_502|LH_183|LH_95|LH_71|LH_130|LH_28|LH_529|LH_284|LH_61|LH_338|LH_739|LH_256|LH_480|LH_425|LH_62|LH_278|LH_369|LH_700|LH_438|LH_169|LH_144|LH_710|LH_204|LH_695|LH_42|LH_384|LH_552|LH_443|LH_690|LH_473|LH_303|LH_108|LH_133|LH_206|LH_395|LH_99|LH_347|LH_73|LH_472|LH_88|LH_171|LH_582|LH_654|LH_606|LH_570|LH_160|LH_436|LH_308|LH_666|LH_290|LH_82|LH_332|LH_141|LH_162|LH_489|LH_528|LH_366|LH_500|LH_287|LH_13|LH_405|LH_501|LH_723|LH_154|LH_444|LH_522|LH_595|LH_293|LH_382|LH_54|LH_625|LH_53|LH_518|LH_619|LH_554|LH_365|LH_562|LH_643|LH_603|LH_351|LH_455|LH_408|LH_432|LH_415|LH_661|LH_127|LH_394|LH_509|LH_657|LH_122|LH_696|LH_10|LH_721|LH_662|LH_271|LH_712|LH_482|LH_6|LH_711|LH_596|LH_567|LH_126|LH_176|LH_699|LH_192|LH_313|LH_327|LH_574|LH_403|LH_549|LH_65|LH_491|LH_182|LH_385|LH_90|LH_392|LH_577|LH_675|LH_223|LH_262|LH_449|LH_11|LH_172|LH_461|LH_561|LH_96|LH_508|LH_281|LH_677|LH_704|LH_559|LH_78|LH_538|LH_725|LH_151|LH_624|LH_356|LH_34|LH_600|LH_424|LH_128|LH_513|LH_319|LH_214|LH_682|LH_645|LH_109|LH_273|LH_598|LH_294|LH_346|LH_590|LH_658|LH_1|LH_106|LH_341|LH_79|LH_708|LH_116|LH_123|LH_295|LH_615|LH_398|LH_560|LH_637|LH_684|LH_747|LH_40|LH_550|LH_344|LH_276|LH_589|LH_377|LH_748|LH_456|LH_234,6e71569b7785aa0483b56e359c68bac69e9c997617880855b75fd2bedcd84dae,True,True,True,True,True,True,complete,True,0.06276272159483698,0.062597373142989,0.0671217438222757,0.07973593269290179,0.006357818962406964,0.5351485580971238,0.7475010598800981,defined,0.3039233819836408,0.3161507263705505,0.11724113612703214,0.07443690988324987,0.6349043718119262,185,0.07960199004975124,0.07960199004975124,0.20906968414783478,0.521928071975708,0.31285838782787323,0.012227344386909731,0.07898957251884027,0.2084042727947235,not recorded,not recorded,557d5b5b82ee329751451a1f97fae6f1111f6d50663c68af827e0c55371737ba,True,1.3877787807814457e-17,universe_scaling_or_u750_context,universe_count_incompatible,alternative_protocol,unique,universe count differs from U500 canonical Top-N family
EvolveGCN-H,evolvegcn_h_750u_top1000_h32_seed777_none_linear_head,experiments/evolvegcn_h_750u_top1000_h32_seed777_none_linear_head,data/processed/temporal_750u_none_top1000_periodic_knn/camels_750u_temporal_logmass_none_top1000_periodic_knn.pt,data/processed/temporal_750u_none_top1000_periodic_knn/camels_750u_temporal_logmass_none_top1000_periodic_knn.metadata.json,temporal,750,LH_0..LH_749,5,five sorted snapshots; exact identities not persisted in sidecar,1000,log10_Mvir|X|Y|Z|VX|VY|VZ,none,none after log10(Mvir),False,True,8,25.0,32,2,evolvegcn_h,True,mean,mean,linear,"Linear(D,1)",False,False,4,300,40,0.001,1e-05,0.2,relu,1.0,MSE,777,0.6|0.1333333333|0.2666666667,LH_315|LH_310|LH_514|LH_423|LH_586|LH_300|LH_150|LH_238|LH_648|LH_245|LH_714|LH_679|LH_48|LH_393|LH_268|LH_302|LH_387|LH_285|LH_607|LH_36|LH_475|LH_55|LH_203|LH_694|LH_318|LH_20|LH_651|LH_623|LH_25|LH_58|LH_521|LH_114|LH_402|LH_493|LH_629|LH_337|LH_553|LH_709|LH_409|LH_120|LH_286|LH_326|LH_640|LH_664|LH_115|LH_439|LH_239|LH_129|LH_707|LH_201|LH_519|LH_306|LH_498|LH_357|LH_683|LH_226|LH_733|LH_227|LH_628|LH_434|LH_512|LH_80|LH_417|LH_478|LH_17|LH_605|LH_353|LH_676|LH_174|LH_383|LH_601|LH_540|LH_413|LH_464|LH_556|LH_428|LH_15|LH_370|LH_692|LH_218|LH_452|LH_741|LH_350|LH_56|LH_435|LH_305|LH_511|LH_542|LH_591|LH_143|LH_580|LH_477|LH_545|LH_67|LH_46|LH_87|LH_202|LH_495|LH_254|LH_27|LH_527|LH_406|LH_41|LH_163|LH_140|LH_260|LH_551|LH_111|LH_135|LH_50|LH_621|LH_324|LH_43|LH_416|LH_179|LH_292|LH_533|LH_244|LH_468|LH_492|LH_364|LH_617|LH_568|LH_152|LH_564|LH_697|LH_453|LH_479|LH_105|LH_546|LH_181|LH_515|LH_32|LH_29|LH_296|LH_646|LH_429|LH_246|LH_531|LH_633|LH_334|LH_634|LH_389|LH_145|LH_738|LH_200|LH_317|LH_197|LH_84|LH_483|LH_3|LH_333|LH_345|LH_367|LH_321|LH_517|LH_467|LH_136|LH_386|LH_349|LH_555|LH_484|LH_77|LH_132|LH_471|LH_360|LH_23|LH_199|LH_85|LH_701|LH_420|LH_503|LH_52|LH_506|LH_193|LH_426|LH_167|LH_168|LH_397|LH_505|LH_331|LH_450|LH_186|LH_212|LH_112|LH_446|LH_51|LH_24|LH_585|LH_736|LH_371|LH_180|LH_63|LH_207|LH_211|LH_578|LH_251|LH_576|LH_487|LH_213|LH_270|LH_378|LH_638|LH_266|LH_142|LH_375|LH_330|LH_731|LH_672|LH_496|LH_340|LH_233|LH_101|LH_573|LH_642|LH_532|LH_571|LH_620|LH_240|LH_412|LH_722|LH_716|LH_355|LH_593|LH_419|LH_57|LH_380|LH_566|LH_536|LH_100|LH_572|LH_189|LH_31|LH_19|LH_481|LH_650|LH_693|LH_558|LH_118|LH_104|LH_210|LH_635|LH_147|LH_462|LH_609|LH_7|LH_691|LH_107|LH_222|LH_523|LH_362|LH_44|LH_259|LH_547|LH_541|LH_641|LH_430|LH_14|LH_4|LH_469|LH_119|LH_280|LH_86|LH_410|LH_618|LH_610|LH_445|LH_195|LH_611|LH_376|LH_283|LH_83|LH_121|LH_146|LH_520|LH_744|LH_463|LH_421|LH_94|LH_131|LH_431|LH_137|LH_243|LH_98|LH_681|LH_614|LH_705|LH_113|LH_110|LH_237|LH_9|LH_149|LH_742|LH_190|LH_698|LH_602|LH_102|LH_627|LH_219|LH_465|LH_185|LH_97|LH_304|LH_178|LH_400|LH_447|LH_230|LH_184|LH_209|LH_659|LH_665|LH_81|LH_730|LH_727|LH_312|LH_232|LH_632|LH_587|LH_660|LH_125|LH_401|LH_488|LH_451|LH_352|LH_228|LH_75|LH_175|LH_441|LH_325|LH_497|LH_157|LH_630|LH_548|LH_282|LH_26|LH_124|LH_148|LH_537|LH_336|LH_297|LH_265|LH_225|LH_599|LH_139|LH_702|LH_33|LH_687|LH_597|LH_68|LH_269|LH_668|LH_557|LH_670|LH_604|LH_544|LH_21|LH_258|LH_579|LH_735|LH_372|LH_264|LH_622|LH_720|LH_535|LH_363|LH_686|LH_732|LH_66|LH_639|LH_39|LH_64|LH_216|LH_530|LH_170|LH_407|LH_274|LH_655|LH_329|LH_588|LH_354|LH_138|LH_188|LH_277|LH_460|LH_510|LH_348|LH_173|LH_49|LH_320|LH_235|LH_198|LH_89|LH_713|LH_92|LH_301|LH_442|LH_652|LH_272|LH_631|LH_217|LH_671|LH_289|LH_2|LH_76|LH_649|LH_74|LH_613|LH_391|LH_314|LH_534|LH_685|LH_470|LH_224|LH_440|LH_307|LH_673|LH_18|LH_743|LH_153|LH_91|LH_678|LH_248|LH_155|LH_93|LH_729|LH_656|LH_569|LH_688|LH_241|LH_158|LH_16|LH_680|LH_740|LH_717|LH_215|LH_229|LH_749|LH_706|LH_0|LH_291|LH_339|LH_194|LH_45|LH_103|LH_524|LH_156|LH_746|LH_719|LH_373|LH_328,LH_374|LH_626|LH_38|LH_263|LH_342|LH_299|LH_323|LH_563|LH_647|LH_583|LH_581|LH_250|LH_159|LH_636|LH_504|LH_368|LH_35|LH_663|LH_117|LH_459|LH_474|LH_253|LH_516|LH_476|LH_72|LH_703|LH_653|LH_5|LH_236|LH_612|LH_261|LH_728|LH_191|LH_575|LH_322|LH_242|LH_667|LH_231|LH_399|LH_343|LH_388|LH_361|LH_485|LH_166|LH_70|LH_247|LH_267|LH_616|LH_309|LH_30|LH_252|LH_411|LH_60|LH_669|LH_418|LH_311|LH_499|LH_525|LH_689|LH_448|LH_437|LH_379|LH_457|LH_433|LH_187|LH_134|LH_381|LH_539|LH_644|LH_584|LH_177|LH_164|LH_674|LH_359|LH_724|LH_718|LH_734|LH_279|LH_161|LH_526|LH_47|LH_565|LH_427|LH_458|LH_507|LH_422|LH_205|LH_275|LH_8|LH_358|LH_490|LH_454|LH_69|LH_404|LH_715|LH_414|LH_494|LH_165|LH_543,LH_249|LH_12|LH_22|LH_594|LH_220|LH_592|LH_298|LH_396|LH_486|LH_257|LH_390|LH_745|LH_37|LH_221|LH_608|LH_255|LH_466|LH_208|LH_335|LH_737|LH_59|LH_726|LH_288|LH_196|LH_316|LH_502|LH_183|LH_95|LH_71|LH_130|LH_28|LH_529|LH_284|LH_61|LH_338|LH_739|LH_256|LH_480|LH_425|LH_62|LH_278|LH_369|LH_700|LH_438|LH_169|LH_144|LH_710|LH_204|LH_695|LH_42|LH_384|LH_552|LH_443|LH_690|LH_473|LH_303|LH_108|LH_133|LH_206|LH_395|LH_99|LH_347|LH_73|LH_472|LH_88|LH_171|LH_582|LH_654|LH_606|LH_570|LH_160|LH_436|LH_308|LH_666|LH_290|LH_82|LH_332|LH_141|LH_162|LH_489|LH_528|LH_366|LH_500|LH_287|LH_13|LH_405|LH_501|LH_723|LH_154|LH_444|LH_522|LH_595|LH_293|LH_382|LH_54|LH_625|LH_53|LH_518|LH_619|LH_554|LH_365|LH_562|LH_643|LH_603|LH_351|LH_455|LH_408|LH_432|LH_415|LH_661|LH_127|LH_394|LH_509|LH_657|LH_122|LH_696|LH_10|LH_721|LH_662|LH_271|LH_712|LH_482|LH_6|LH_711|LH_596|LH_567|LH_126|LH_176|LH_699|LH_192|LH_313|LH_327|LH_574|LH_403|LH_549|LH_65|LH_491|LH_182|LH_385|LH_90|LH_392|LH_577|LH_675|LH_223|LH_262|LH_449|LH_11|LH_172|LH_461|LH_561|LH_96|LH_508|LH_281|LH_677|LH_704|LH_559|LH_78|LH_538|LH_725|LH_151|LH_624|LH_356|LH_34|LH_600|LH_424|LH_128|LH_513|LH_319|LH_214|LH_682|LH_645|LH_109|LH_273|LH_598|LH_294|LH_346|LH_590|LH_658|LH_1|LH_106|LH_341|LH_79|LH_708|LH_116|LH_123|LH_295|LH_615|LH_398|LH_560|LH_637|LH_684|LH_747|LH_40|LH_550|LH_344|LH_276|LH_589|LH_377|LH_748|LH_456|LH_234,6e71569b7785aa0483b56e359c68bac69e9c997617880855b75fd2bedcd84dae,True,True,True,True,True,True,complete,True,0.055894723931948345,0.05998267158113345,0.06771104282407618,0.08468250058731779,0.007171125905721077,0.4756836838148185,0.7295852811252903,defined,0.3039233819836408,0.2762217589501125,0.11724113612703214,0.088169660570732,0.7520369000450416,201,0.0,0.0,0.03011726588010788,0.5381425023078918,0.508025236427784,-0.027701623033528303,0.08022321806662033,0.22694936394691467,not recorded,not recorded,2a3d3dedbc194a7a82ba708f1152cfd7073eae2b0631f136988cef9132ae6b67,True,1.3877787807814457e-17,universe_scaling_or_u750_context,universe_count_incompatible,alternative_protocol,unique,universe count differs from U500 canonical Top-N family
EvolveGCN-H,evolvegcn_h_750u_top1000_h32_seed777_none_linear_head_meanmax,experiments/evolvegcn_h_750u_top1000_h32_seed777_none_linear_head_meanmax,data/processed/temporal_750u_none_top1000_periodic_knn/camels_750u_temporal_logmass_none_top1000_periodic_knn.pt,data/processed/temporal_750u_none_top1000_periodic_knn/camels_750u_temporal_logmass_none_top1000_periodic_knn.metadata.json,temporal,750,LH_0..LH_749,5,five sorted snapshots; exact identities not persisted in sidecar,1000,log10_Mvir|X|Y|Z|VX|VY|VZ,none,none after log10(Mvir),False,True,8,25.0,32,2,evolvegcn_h,True,mean_max,mean,linear,"Linear(D,1)",False,False,4,300,40,0.001,1e-05,0.2,relu,1.0,MSE,777,0.6|0.1333333333|0.2666666667,LH_315|LH_310|LH_514|LH_423|LH_586|LH_300|LH_150|LH_238|LH_648|LH_245|LH_714|LH_679|LH_48|LH_393|LH_268|LH_302|LH_387|LH_285|LH_607|LH_36|LH_475|LH_55|LH_203|LH_694|LH_318|LH_20|LH_651|LH_623|LH_25|LH_58|LH_521|LH_114|LH_402|LH_493|LH_629|LH_337|LH_553|LH_709|LH_409|LH_120|LH_286|LH_326|LH_640|LH_664|LH_115|LH_439|LH_239|LH_129|LH_707|LH_201|LH_519|LH_306|LH_498|LH_357|LH_683|LH_226|LH_733|LH_227|LH_628|LH_434|LH_512|LH_80|LH_417|LH_478|LH_17|LH_605|LH_353|LH_676|LH_174|LH_383|LH_601|LH_540|LH_413|LH_464|LH_556|LH_428|LH_15|LH_370|LH_692|LH_218|LH_452|LH_741|LH_350|LH_56|LH_435|LH_305|LH_511|LH_542|LH_591|LH_143|LH_580|LH_477|LH_545|LH_67|LH_46|LH_87|LH_202|LH_495|LH_254|LH_27|LH_527|LH_406|LH_41|LH_163|LH_140|LH_260|LH_551|LH_111|LH_135|LH_50|LH_621|LH_324|LH_43|LH_416|LH_179|LH_292|LH_533|LH_244|LH_468|LH_492|LH_364|LH_617|LH_568|LH_152|LH_564|LH_697|LH_453|LH_479|LH_105|LH_546|LH_181|LH_515|LH_32|LH_29|LH_296|LH_646|LH_429|LH_246|LH_531|LH_633|LH_334|LH_634|LH_389|LH_145|LH_738|LH_200|LH_317|LH_197|LH_84|LH_483|LH_3|LH_333|LH_345|LH_367|LH_321|LH_517|LH_467|LH_136|LH_386|LH_349|LH_555|LH_484|LH_77|LH_132|LH_471|LH_360|LH_23|LH_199|LH_85|LH_701|LH_420|LH_503|LH_52|LH_506|LH_193|LH_426|LH_167|LH_168|LH_397|LH_505|LH_331|LH_450|LH_186|LH_212|LH_112|LH_446|LH_51|LH_24|LH_585|LH_736|LH_371|LH_180|LH_63|LH_207|LH_211|LH_578|LH_251|LH_576|LH_487|LH_213|LH_270|LH_378|LH_638|LH_266|LH_142|LH_375|LH_330|LH_731|LH_672|LH_496|LH_340|LH_233|LH_101|LH_573|LH_642|LH_532|LH_571|LH_620|LH_240|LH_412|LH_722|LH_716|LH_355|LH_593|LH_419|LH_57|LH_380|LH_566|LH_536|LH_100|LH_572|LH_189|LH_31|LH_19|LH_481|LH_650|LH_693|LH_558|LH_118|LH_104|LH_210|LH_635|LH_147|LH_462|LH_609|LH_7|LH_691|LH_107|LH_222|LH_523|LH_362|LH_44|LH_259|LH_547|LH_541|LH_641|LH_430|LH_14|LH_4|LH_469|LH_119|LH_280|LH_86|LH_410|LH_618|LH_610|LH_445|LH_195|LH_611|LH_376|LH_283|LH_83|LH_121|LH_146|LH_520|LH_744|LH_463|LH_421|LH_94|LH_131|LH_431|LH_137|LH_243|LH_98|LH_681|LH_614|LH_705|LH_113|LH_110|LH_237|LH_9|LH_149|LH_742|LH_190|LH_698|LH_602|LH_102|LH_627|LH_219|LH_465|LH_185|LH_97|LH_304|LH_178|LH_400|LH_447|LH_230|LH_184|LH_209|LH_659|LH_665|LH_81|LH_730|LH_727|LH_312|LH_232|LH_632|LH_587|LH_660|LH_125|LH_401|LH_488|LH_451|LH_352|LH_228|LH_75|LH_175|LH_441|LH_325|LH_497|LH_157|LH_630|LH_548|LH_282|LH_26|LH_124|LH_148|LH_537|LH_336|LH_297|LH_265|LH_225|LH_599|LH_139|LH_702|LH_33|LH_687|LH_597|LH_68|LH_269|LH_668|LH_557|LH_670|LH_604|LH_544|LH_21|LH_258|LH_579|LH_735|LH_372|LH_264|LH_622|LH_720|LH_535|LH_363|LH_686|LH_732|LH_66|LH_639|LH_39|LH_64|LH_216|LH_530|LH_170|LH_407|LH_274|LH_655|LH_329|LH_588|LH_354|LH_138|LH_188|LH_277|LH_460|LH_510|LH_348|LH_173|LH_49|LH_320|LH_235|LH_198|LH_89|LH_713|LH_92|LH_301|LH_442|LH_652|LH_272|LH_631|LH_217|LH_671|LH_289|LH_2|LH_76|LH_649|LH_74|LH_613|LH_391|LH_314|LH_534|LH_685|LH_470|LH_224|LH_440|LH_307|LH_673|LH_18|LH_743|LH_153|LH_91|LH_678|LH_248|LH_155|LH_93|LH_729|LH_656|LH_569|LH_688|LH_241|LH_158|LH_16|LH_680|LH_740|LH_717|LH_215|LH_229|LH_749|LH_706|LH_0|LH_291|LH_339|LH_194|LH_45|LH_103|LH_524|LH_156|LH_746|LH_719|LH_373|LH_328,LH_374|LH_626|LH_38|LH_263|LH_342|LH_299|LH_323|LH_563|LH_647|LH_583|LH_581|LH_250|LH_159|LH_636|LH_504|LH_368|LH_35|LH_663|LH_117|LH_459|LH_474|LH_253|LH_516|LH_476|LH_72|LH_703|LH_653|LH_5|LH_236|LH_612|LH_261|LH_728|LH_191|LH_575|LH_322|LH_242|LH_667|LH_231|LH_399|LH_343|LH_388|LH_361|LH_485|LH_166|LH_70|LH_247|LH_267|LH_616|LH_309|LH_30|LH_252|LH_411|LH_60|LH_669|LH_418|LH_311|LH_499|LH_525|LH_689|LH_448|LH_437|LH_379|LH_457|LH_433|LH_187|LH_134|LH_381|LH_539|LH_644|LH_584|LH_177|LH_164|LH_674|LH_359|LH_724|LH_718|LH_734|LH_279|LH_161|LH_526|LH_47|LH_565|LH_427|LH_458|LH_507|LH_422|LH_205|LH_275|LH_8|LH_358|LH_490|LH_454|LH_69|LH_404|LH_715|LH_414|LH_494|LH_165|LH_543,LH_249|LH_12|LH_22|LH_594|LH_220|LH_592|LH_298|LH_396|LH_486|LH_257|LH_390|LH_745|LH_37|LH_221|LH_608|LH_255|LH_466|LH_208|LH_335|LH_737|LH_59|LH_726|LH_288|LH_196|LH_316|LH_502|LH_183|LH_95|LH_71|LH_130|LH_28|LH_529|LH_284|LH_61|LH_338|LH_739|LH_256|LH_480|LH_425|LH_62|LH_278|LH_369|LH_700|LH_438|LH_169|LH_144|LH_710|LH_204|LH_695|LH_42|LH_384|LH_552|LH_443|LH_690|LH_473|LH_303|LH_108|LH_133|LH_206|LH_395|LH_99|LH_347|LH_73|LH_472|LH_88|LH_171|LH_582|LH_654|LH_606|LH_570|LH_160|LH_436|LH_308|LH_666|LH_290|LH_82|LH_332|LH_141|LH_162|LH_489|LH_528|LH_366|LH_500|LH_287|LH_13|LH_405|LH_501|LH_723|LH_154|LH_444|LH_522|LH_595|LH_293|LH_382|LH_54|LH_625|LH_53|LH_518|LH_619|LH_554|LH_365|LH_562|LH_643|LH_603|LH_351|LH_455|LH_408|LH_432|LH_415|LH_661|LH_127|LH_394|LH_509|LH_657|LH_122|LH_696|LH_10|LH_721|LH_662|LH_271|LH_712|LH_482|LH_6|LH_711|LH_596|LH_567|LH_126|LH_176|LH_699|LH_192|LH_313|LH_327|LH_574|LH_403|LH_549|LH_65|LH_491|LH_182|LH_385|LH_90|LH_392|LH_577|LH_675|LH_223|LH_262|LH_449|LH_11|LH_172|LH_461|LH_561|LH_96|LH_508|LH_281|LH_677|LH_704|LH_559|LH_78|LH_538|LH_725|LH_151|LH_624|LH_356|LH_34|LH_600|LH_424|LH_128|LH_513|LH_319|LH_214|LH_682|LH_645|LH_109|LH_273|LH_598|LH_294|LH_346|LH_590|LH_658|LH_1|LH_106|LH_341|LH_79|LH_708|LH_116|LH_123|LH_295|LH_615|LH_398|LH_560|LH_637|LH_684|LH_747|LH_40|LH_550|LH_344|LH_276|LH_589|LH_377|LH_748|LH_456|LH_234,6e71569b7785aa0483b56e359c68bac69e9c997617880855b75fd2bedcd84dae,True,True,True,True,True,True,complete,True,0.09932356749971707,0.10034761668154688,0.09255385106030982,0.12261611541480621,0.015034711759417079,-0.09926178793132467,0.6365783569180014,defined,0.3039233819836408,0.3462650984970491,0.11724113612703214,0.14627621754265122,1.2476526786993878,201,0.0,0.0,0.04938910901546478,0.8716991543769836,0.8223100453615189,0.04234171651340836,0.11536073966530311,0.5326991677284241,not recorded,not recorded,c30206564db3b8b7308e5f673bbdc413dbf654af064f7ae39bd395477a93266b,True,8.326672684688674e-17,universe_scaling_or_u750_context,universe_count_incompatible,alternative_protocol,unique,universe count differs from U500 canonical Top-N family
EvolveGCN-H,evolvegcn_h_750u_top1000_h32_seed777_none_linear_head_temporal_last,experiments/evolvegcn_h_750u_top1000_h32_seed777_none_linear_head_temporal_last,data/processed/temporal_750u_none_top1000_periodic_knn/camels_750u_temporal_logmass_none_top1000_periodic_knn.pt,data/processed/temporal_750u_none_top1000_periodic_knn/camels_750u_temporal_logmass_none_top1000_periodic_knn.metadata.json,temporal,750,LH_0..LH_749,5,five sorted snapshots; exact identities not persisted in sidecar,1000,log10_Mvir|X|Y|Z|VX|VY|VZ,none,none after log10(Mvir),False,True,8,25.0,32,2,evolvegcn_h,True,mean,last,linear,"Linear(D,1)",False,False,4,300,40,0.001,1e-05,0.2,relu,1.0,MSE,777,0.6|0.1333333333|0.2666666667,LH_315|LH_310|LH_514|LH_423|LH_586|LH_300|LH_150|LH_238|LH_648|LH_245|LH_714|LH_679|LH_48|LH_393|LH_268|LH_302|LH_387|LH_285|LH_607|LH_36|LH_475|LH_55|LH_203|LH_694|LH_318|LH_20|LH_651|LH_623|LH_25|LH_58|LH_521|LH_114|LH_402|LH_493|LH_629|LH_337|LH_553|LH_709|LH_409|LH_120|LH_286|LH_326|LH_640|LH_664|LH_115|LH_439|LH_239|LH_129|LH_707|LH_201|LH_519|LH_306|LH_498|LH_357|LH_683|LH_226|LH_733|LH_227|LH_628|LH_434|LH_512|LH_80|LH_417|LH_478|LH_17|LH_605|LH_353|LH_676|LH_174|LH_383|LH_601|LH_540|LH_413|LH_464|LH_556|LH_428|LH_15|LH_370|LH_692|LH_218|LH_452|LH_741|LH_350|LH_56|LH_435|LH_305|LH_511|LH_542|LH_591|LH_143|LH_580|LH_477|LH_545|LH_67|LH_46|LH_87|LH_202|LH_495|LH_254|LH_27|LH_527|LH_406|LH_41|LH_163|LH_140|LH_260|LH_551|LH_111|LH_135|LH_50|LH_621|LH_324|LH_43|LH_416|LH_179|LH_292|LH_533|LH_244|LH_468|LH_492|LH_364|LH_617|LH_568|LH_152|LH_564|LH_697|LH_453|LH_479|LH_105|LH_546|LH_181|LH_515|LH_32|LH_29|LH_296|LH_646|LH_429|LH_246|LH_531|LH_633|LH_334|LH_634|LH_389|LH_145|LH_738|LH_200|LH_317|LH_197|LH_84|LH_483|LH_3|LH_333|LH_345|LH_367|LH_321|LH_517|LH_467|LH_136|LH_386|LH_349|LH_555|LH_484|LH_77|LH_132|LH_471|LH_360|LH_23|LH_199|LH_85|LH_701|LH_420|LH_503|LH_52|LH_506|LH_193|LH_426|LH_167|LH_168|LH_397|LH_505|LH_331|LH_450|LH_186|LH_212|LH_112|LH_446|LH_51|LH_24|LH_585|LH_736|LH_371|LH_180|LH_63|LH_207|LH_211|LH_578|LH_251|LH_576|LH_487|LH_213|LH_270|LH_378|LH_638|LH_266|LH_142|LH_375|LH_330|LH_731|LH_672|LH_496|LH_340|LH_233|LH_101|LH_573|LH_642|LH_532|LH_571|LH_620|LH_240|LH_412|LH_722|LH_716|LH_355|LH_593|LH_419|LH_57|LH_380|LH_566|LH_536|LH_100|LH_572|LH_189|LH_31|LH_19|LH_481|LH_650|LH_693|LH_558|LH_118|LH_104|LH_210|LH_635|LH_147|LH_462|LH_609|LH_7|LH_691|LH_107|LH_222|LH_523|LH_362|LH_44|LH_259|LH_547|LH_541|LH_641|LH_430|LH_14|LH_4|LH_469|LH_119|LH_280|LH_86|LH_410|LH_618|LH_610|LH_445|LH_195|LH_611|LH_376|LH_283|LH_83|LH_121|LH_146|LH_520|LH_744|LH_463|LH_421|LH_94|LH_131|LH_431|LH_137|LH_243|LH_98|LH_681|LH_614|LH_705|LH_113|LH_110|LH_237|LH_9|LH_149|LH_742|LH_190|LH_698|LH_602|LH_102|LH_627|LH_219|LH_465|LH_185|LH_97|LH_304|LH_178|LH_400|LH_447|LH_230|LH_184|LH_209|LH_659|LH_665|LH_81|LH_730|LH_727|LH_312|LH_232|LH_632|LH_587|LH_660|LH_125|LH_401|LH_488|LH_451|LH_352|LH_228|LH_75|LH_175|LH_441|LH_325|LH_497|LH_157|LH_630|LH_548|LH_282|LH_26|LH_124|LH_148|LH_537|LH_336|LH_297|LH_265|LH_225|LH_599|LH_139|LH_702|LH_33|LH_687|LH_597|LH_68|LH_269|LH_668|LH_557|LH_670|LH_604|LH_544|LH_21|LH_258|LH_579|LH_735|LH_372|LH_264|LH_622|LH_720|LH_535|LH_363|LH_686|LH_732|LH_66|LH_639|LH_39|LH_64|LH_216|LH_530|LH_170|LH_407|LH_274|LH_655|LH_329|LH_588|LH_354|LH_138|LH_188|LH_277|LH_460|LH_510|LH_348|LH_173|LH_49|LH_320|LH_235|LH_198|LH_89|LH_713|LH_92|LH_301|LH_442|LH_652|LH_272|LH_631|LH_217|LH_671|LH_289|LH_2|LH_76|LH_649|LH_74|LH_613|LH_391|LH_314|LH_534|LH_685|LH_470|LH_224|LH_440|LH_307|LH_673|LH_18|LH_743|LH_153|LH_91|LH_678|LH_248|LH_155|LH_93|LH_729|LH_656|LH_569|LH_688|LH_241|LH_158|LH_16|LH_680|LH_740|LH_717|LH_215|LH_229|LH_749|LH_706|LH_0|LH_291|LH_339|LH_194|LH_45|LH_103|LH_524|LH_156|LH_746|LH_719|LH_373|LH_328,LH_374|LH_626|LH_38|LH_263|LH_342|LH_299|LH_323|LH_563|LH_647|LH_583|LH_581|LH_250|LH_159|LH_636|LH_504|LH_368|LH_35|LH_663|LH_117|LH_459|LH_474|LH_253|LH_516|LH_476|LH_72|LH_703|LH_653|LH_5|LH_236|LH_612|LH_261|LH_728|LH_191|LH_575|LH_322|LH_242|LH_667|LH_231|LH_399|LH_343|LH_388|LH_361|LH_485|LH_166|LH_70|LH_247|LH_267|LH_616|LH_309|LH_30|LH_252|LH_411|LH_60|LH_669|LH_418|LH_311|LH_499|LH_525|LH_689|LH_448|LH_437|LH_379|LH_457|LH_433|LH_187|LH_134|LH_381|LH_539|LH_644|LH_584|LH_177|LH_164|LH_674|LH_359|LH_724|LH_718|LH_734|LH_279|LH_161|LH_526|LH_47|LH_565|LH_427|LH_458|LH_507|LH_422|LH_205|LH_275|LH_8|LH_358|LH_490|LH_454|LH_69|LH_404|LH_715|LH_414|LH_494|LH_165|LH_543,LH_249|LH_12|LH_22|LH_594|LH_220|LH_592|LH_298|LH_396|LH_486|LH_257|LH_390|LH_745|LH_37|LH_221|LH_608|LH_255|LH_466|LH_208|LH_335|LH_737|LH_59|LH_726|LH_288|LH_196|LH_316|LH_502|LH_183|LH_95|LH_71|LH_130|LH_28|LH_529|LH_284|LH_61|LH_338|LH_739|LH_256|LH_480|LH_425|LH_62|LH_278|LH_369|LH_700|LH_438|LH_169|LH_144|LH_710|LH_204|LH_695|LH_42|LH_384|LH_552|LH_443|LH_690|LH_473|LH_303|LH_108|LH_133|LH_206|LH_395|LH_99|LH_347|LH_73|LH_472|LH_88|LH_171|LH_582|LH_654|LH_606|LH_570|LH_160|LH_436|LH_308|LH_666|LH_290|LH_82|LH_332|LH_141|LH_162|LH_489|LH_528|LH_366|LH_500|LH_287|LH_13|LH_405|LH_501|LH_723|LH_154|LH_444|LH_522|LH_595|LH_293|LH_382|LH_54|LH_625|LH_53|LH_518|LH_619|LH_554|LH_365|LH_562|LH_643|LH_603|LH_351|LH_455|LH_408|LH_432|LH_415|LH_661|LH_127|LH_394|LH_509|LH_657|LH_122|LH_696|LH_10|LH_721|LH_662|LH_271|LH_712|LH_482|LH_6|LH_711|LH_596|LH_567|LH_126|LH_176|LH_699|LH_192|LH_313|LH_327|LH_574|LH_403|LH_549|LH_65|LH_491|LH_182|LH_385|LH_90|LH_392|LH_577|LH_675|LH_223|LH_262|LH_449|LH_11|LH_172|LH_461|LH_561|LH_96|LH_508|LH_281|LH_677|LH_704|LH_559|LH_78|LH_538|LH_725|LH_151|LH_624|LH_356|LH_34|LH_600|LH_424|LH_128|LH_513|LH_319|LH_214|LH_682|LH_645|LH_109|LH_273|LH_598|LH_294|LH_346|LH_590|LH_658|LH_1|LH_106|LH_341|LH_79|LH_708|LH_116|LH_123|LH_295|LH_615|LH_398|LH_560|LH_637|LH_684|LH_747|LH_40|LH_550|LH_344|LH_276|LH_589|LH_377|LH_748|LH_456|LH_234,6e71569b7785aa0483b56e359c68bac69e9c997617880855b75fd2bedcd84dae,True,True,True,True,True,True,complete,True,0.024089612993929123,0.044326296584172684,0.04242752892757529,0.05463388133236454,0.0029848609894388904,0.7817621195217199,0.888094672066994,defined,0.3039233819836408,0.29495030889908475,0.11724113612703214,0.10794390601396506,0.9206999316093847,201,0.0,0.0,0.06972531229257584,0.5670145153999329,0.497289203107357,-0.008973073084556048,0.054026536753732396,0.19628366827964783,not recorded,not recorded,b27c694faa5689b6b4a7b86749eadfce2a2d0155af01f6cf5c8dc6d783db500c,True,4.336808689942018e-19,universe_scaling_or_u750_context,universe_count_incompatible,alternative_protocol,unique,universe count differs from U500 canonical Top-N family
EvolveGCN-H,evolvegcn_h_750u_top1000_h32_seed999_none,experiments/evolvegcn_h_750u_top1000_h32_seed999_none,data/processed/temporal_750u_none_top1000_periodic_knn/camels_750u_temporal_logmass_none_top1000_periodic_knn.pt,data/processed/temporal_750u_none_top1000_periodic_knn/camels_750u_temporal_logmass_none_top1000_periodic_knn.metadata.json,temporal,750,LH_0..LH_749,5,five sorted snapshots; exact identities not persisted in sidecar,1000,log10_Mvir|X|Y|Z|VX|VY|VZ,none,none after log10(Mvir),False,True,8,25.0,32,2,evolvegcn_h,True,mean,mean,mlp,"Linear(D,H)-ReLU-Dropout-Linear(H,1)",False,False,4,300,40,0.001,1e-05,0.2,relu,1.0,MSE,999,0.6|0.1333333333|0.2666666667,LH_446|LH_191|LH_141|LH_197|LH_578|LH_324|LH_693|LH_741|LH_110|LH_540|LH_244|LH_527|LH_460|LH_70|LH_561|LH_535|LH_179|LH_69|LH_664|LH_639|LH_458|LH_279|LH_21|LH_685|LH_139|LH_77|LH_533|LH_231|LH_181|LH_199|LH_709|LH_705|LH_589|LH_724|LH_148|LH_425|LH_683|LH_483|LH_119|LH_382|LH_647|LH_360|LH_67|LH_700|LH_289|LH_98|LH_439|LH_134|LH_471|LH_44|LH_215|LH_207|LH_634|LH_521|LH_735|LH_133|LH_445|LH_195|LH_637|LH_534|LH_92|LH_90|LH_225|LH_721|LH_617|LH_635|LH_448|LH_507|LH_599|LH_352|LH_129|LH_406|LH_278|LH_331|LH_60|LH_176|LH_509|LH_297|LH_631|LH_412|LH_164|LH_275|LH_329|LH_744|LH_292|LH_68|LH_117|LH_451|LH_559|LH_226|LH_166|LH_519|LH_711|LH_499|LH_370|LH_185|LH_730|LH_593|LH_526|LH_217|LH_260|LH_335|LH_516|LH_340|LH_467|LH_205|LH_146|LH_100|LH_598|LH_128|LH_147|LH_240|LH_161|LH_184|LH_267|LH_684|LH_17|LH_688|LH_105|LH_455|LH_545|LH_82|LH_208|LH_4|LH_682|LH_651|LH_472|LH_14|LH_719|LH_437|LH_237|LH_252|LH_746|LH_239|LH_630|LH_393|LH_595|LH_347|LH_607|LH_172|LH_378|LH_295|LH_531|LH_553|LH_583|LH_739|LH_648|LH_75|LH_137|LH_465|LH_429|LH_663|LH_605|LH_549|LH_672|LH_588|LH_614|LH_490|LH_601|LH_180|LH_33|LH_163|LH_177|LH_12|LH_264|LH_287|LH_466|LH_387|LH_353|LH_229|LH_696|LH_432|LH_586|LH_740|LH_127|LH_461|LH_218|LH_613|LH_441|LH_660|LH_727|LH_665|LH_19|LH_20|LH_597|LH_196|LH_435|LH_339|LH_71|LH_371|LH_742|LH_402|LH_112|LH_296|LH_42|LH_418|LH_298|LH_63|LH_670|LH_314|LH_38|LH_375|LH_245|LH_11|LH_643|LH_343|LH_254|LH_9|LH_22|LH_312|LH_396|LH_622|LH_398|LH_115|LH_385|LH_306|LH_577|LH_388|LH_488|LH_256|LH_30|LH_420|LH_410|LH_532|LH_668|LH_123|LH_373|LH_528|LH_273|LH_0|LH_489|LH_563|LH_364|LH_293|LH_625|LH_558|LH_271|LH_556|LH_591|LH_1|LH_327|LH_573|LH_678|LH_79|LH_481|LH_572|LH_13|LH_716|LH_349|LH_470|LH_547|LH_27|LH_379|LH_474|LH_523|LH_468|LH_29|LH_61|LH_580|LH_510|LH_7|LH_694|LH_737|LH_453|LH_219|LH_47|LH_194|LH_319|LH_367|LH_10|LH_560|LH_249|LH_187|LH_281|LH_322|LH_748|LH_333|LH_600|LH_89|LH_31|LH_390|LH_121|LH_169|LH_155|LH_326|LH_299|LH_130|LH_246|LH_417|LH_32|LH_620|LH_332|LH_356|LH_358|LH_680|LH_350|LH_619|LH_391|LH_729|LH_93|LH_118|LH_202|LH_174|LH_615|LH_211|LH_606|LH_341|LH_415|LH_416|LH_508|LH_200|LH_697|LH_198|LH_201|LH_459|LH_495|LH_48|LH_26|LH_427|LH_203|LH_73|LH_234|LH_603|LH_91|LH_94|LH_23|LH_242|LH_567|LH_210|LH_701|LH_725|LH_268|LH_178|LH_590|LH_426|LH_372|LH_612|LH_64|LH_434|LH_235|LH_715|LH_83|LH_86|LH_95|LH_258|LH_650|LH_342|LH_106|LH_36|LH_277|LH_18|LH_290|LH_703|LH_301|LH_291|LH_74|LH_618|LH_568|LH_142|LH_447|LH_692|LH_676|LH_624|LH_116|LH_653|LH_592|LH_486|LH_496|LH_97|LH_238|LH_305|LH_321|LH_131|LH_165|LH_491|LH_517|LH_442|LH_704|LH_498|LH_303|LH_154|LH_541|LH_310|LH_309|LH_377|LH_261|LH_35|LH_492|LH_529|LH_537|LH_440|LH_316|LH_452|LH_554|LH_157|LH_745|LH_543|LH_621|LH_66|LH_733|LH_223|LH_188|LH_450|LH_548|LH_206|LH_645|LH_318|LH_611|LH_482|LH_78|LH_253|LH_652|LH_334|LH_381|LH_654|LH_159|LH_182|LH_571|LH_627|LH_383|LH_610|LH_515|LH_6|LH_428|LH_400|LH_308|LH_189|LH_304|LH_263|LH_421|LH_311|LH_337|LH_336|LH_673|LH_518|LH_222|LH_479|LH_538|LH_113|LH_710|LH_423|LH_506|LH_475|LH_5|LH_355|LH_124|LH_722|LH_45|LH_462|LH_193,LH_39|LH_570|LH_227|LH_487|LH_675|LH_107|LH_484|LH_160|LH_713|LH_294|LH_87|LH_544|LH_539|LH_323|LH_430|LH_485|LH_374|LH_65|LH_497|LH_708|LH_552|LH_728|LH_698|LH_380|LH_732|LH_726|LH_243|LH_149|LH_686|LH_642|LH_315|LH_731|LH_170|LH_153|LH_743|LH_687|LH_457|LH_2|LH_209|LH_524|LH_156|LH_53|LH_363|LH_579|LH_738|LH_265|LH_158|LH_699|LH_679|LH_666|LH_596|LH_503|LH_602|LH_266|LH_348|LH_216|LH_144|LH_55|LH_712|LH_394|LH_520|LH_449|LH_140|LH_493|LH_473|LH_302|LH_397|LH_262|LH_224|LH_241|LH_84|LH_720|LH_431|LH_369|LH_283|LH_438|LH_59|LH_120|LH_25|LH_525|LH_255|LH_734|LH_125|LH_167|LH_403|LH_569|LH_454|LH_368|LH_628|LH_126|LH_681|LH_57|LH_557|LH_392|LH_150|LH_72|LH_122|LH_443|LH_285,LH_405|LH_608|LH_162|LH_689|LH_433|LH_702|LH_562|LH_640|LH_269|LH_345|LH_186|LH_674|LH_282|LH_136|LH_220|LH_395|LH_3|LH_574|LH_717|LH_274|LH_555|LH_690|LH_228|LH_351|LH_173|LH_328|LH_404|LH_522|LH_300|LH_585|LH_564|LH_28|LH_250|LH_50|LH_183|LH_330|LH_408|LH_272|LH_401|LH_384|LH_41|LH_422|LH_344|LH_649|LH_582|LH_409|LH_723|LH_286|LH_359|LH_636|LH_504|LH_366|LH_551|LH_623|LH_247|LH_362|LH_707|LH_456|LH_221|LH_51|LH_357|LH_138|LH_354|LH_749|LH_655|LH_424|LH_399|LH_8|LH_632|LH_500|LH_576|LH_34|LH_361|LH_230|LH_616|LH_736|LH_594|LH_644|LH_143|LH_49|LH_638|LH_313|LH_109|LH_542|LH_629|LH_307|LH_514|LH_40|LH_550|LH_463|LH_171|LH_414|LH_444|LH_145|LH_320|LH_501|LH_575|LH_102|LH_80|LH_257|LH_108|LH_103|LH_469|LH_656|LH_46|LH_671|LH_633|LH_52|LH_505|LH_317|LH_667|LH_389|LH_284|LH_58|LH_96|LH_747|LH_386|LH_85|LH_536|LH_419|LH_37|LH_101|LH_478|LH_346|LH_604|LH_480|LH_251|LH_151|LH_288|LH_641|LH_530|LH_16|LH_212|LH_62|LH_104|LH_233|LH_214|LH_175|LH_566|LH_626|LH_436|LH_111|LH_464|LH_714|LH_43|LH_365|LH_513|LH_280|LH_413|LH_236|LH_706|LH_114|LH_248|LH_56|LH_15|LH_476|LH_511|LH_669|LH_677|LH_132|LH_376|LH_477|LH_609|LH_565|LH_88|LH_168|LH_338|LH_691|LH_190|LH_213|LH_512|LH_657|LH_204|LH_24|LH_276|LH_76|LH_411|LH_646|LH_232|LH_407|LH_259|LH_718|LH_54|LH_584|LH_270|LH_152|LH_192|LH_661|LH_99|LH_658|LH_659|LH_325|LH_662|LH_135|LH_494|LH_502|LH_546|LH_587|LH_581|LH_81|LH_695,27af8142ba8da15f65baf969086cca0e3b72e105c29a41ac778d6c702a8cb678,True,True,True,True,True,True,complete,True,0.032738129678699705,0.04569974150320496,0.05742647932536567,0.07498271375767826,0.0056224073624659135,0.574071235177408,0.7630811594812715,defined,0.3078199008952326,0.3090484441068042,0.1151796354706024,0.09826223525021588,0.853121603039763,201,0.0,0.0,0.1241506040096283,0.5799152851104736,0.45576468110084534,0.0012285432115716128,0.07515984655561393,0.3029770702123642,not recorded,not recorded,3585db01e539e54d3a3caf4275dfaefdf4ab75d84b09b1ae1e6b1fca1cf4a21b,True,1.3877787807814457e-17,universe_scaling_or_u750_context,universe_count_incompatible,alternative_protocol,unique,universe count differs from U500 canonical Top-N family
EvolveGCN-H,evolvegcn_h_750u_top1000_h32_seed999_none_linear_head,experiments/evolvegcn_h_750u_top1000_h32_seed999_none_linear_head,data/processed/temporal_750u_none_top1000_periodic_knn/camels_750u_temporal_logmass_none_top1000_periodic_knn.pt,data/processed/temporal_750u_none_top1000_periodic_knn/camels_750u_temporal_logmass_none_top1000_periodic_knn.metadata.json,temporal,750,LH_0..LH_749,5,five sorted snapshots; exact identities not persisted in sidecar,1000,log10_Mvir|X|Y|Z|VX|VY|VZ,none,none after log10(Mvir),False,True,8,25.0,32,2,evolvegcn_h,True,mean,mean,linear,"Linear(D,1)",False,False,4,300,40,0.001,1e-05,0.2,relu,1.0,MSE,999,0.6|0.1333333333|0.2666666667,LH_446|LH_191|LH_141|LH_197|LH_578|LH_324|LH_693|LH_741|LH_110|LH_540|LH_244|LH_527|LH_460|LH_70|LH_561|LH_535|LH_179|LH_69|LH_664|LH_639|LH_458|LH_279|LH_21|LH_685|LH_139|LH_77|LH_533|LH_231|LH_181|LH_199|LH_709|LH_705|LH_589|LH_724|LH_148|LH_425|LH_683|LH_483|LH_119|LH_382|LH_647|LH_360|LH_67|LH_700|LH_289|LH_98|LH_439|LH_134|LH_471|LH_44|LH_215|LH_207|LH_634|LH_521|LH_735|LH_133|LH_445|LH_195|LH_637|LH_534|LH_92|LH_90|LH_225|LH_721|LH_617|LH_635|LH_448|LH_507|LH_599|LH_352|LH_129|LH_406|LH_278|LH_331|LH_60|LH_176|LH_509|LH_297|LH_631|LH_412|LH_164|LH_275|LH_329|LH_744|LH_292|LH_68|LH_117|LH_451|LH_559|LH_226|LH_166|LH_519|LH_711|LH_499|LH_370|LH_185|LH_730|LH_593|LH_526|LH_217|LH_260|LH_335|LH_516|LH_340|LH_467|LH_205|LH_146|LH_100|LH_598|LH_128|LH_147|LH_240|LH_161|LH_184|LH_267|LH_684|LH_17|LH_688|LH_105|LH_455|LH_545|LH_82|LH_208|LH_4|LH_682|LH_651|LH_472|LH_14|LH_719|LH_437|LH_237|LH_252|LH_746|LH_239|LH_630|LH_393|LH_595|LH_347|LH_607|LH_172|LH_378|LH_295|LH_531|LH_553|LH_583|LH_739|LH_648|LH_75|LH_137|LH_465|LH_429|LH_663|LH_605|LH_549|LH_672|LH_588|LH_614|LH_490|LH_601|LH_180|LH_33|LH_163|LH_177|LH_12|LH_264|LH_287|LH_466|LH_387|LH_353|LH_229|LH_696|LH_432|LH_586|LH_740|LH_127|LH_461|LH_218|LH_613|LH_441|LH_660|LH_727|LH_665|LH_19|LH_20|LH_597|LH_196|LH_435|LH_339|LH_71|LH_371|LH_742|LH_402|LH_112|LH_296|LH_42|LH_418|LH_298|LH_63|LH_670|LH_314|LH_38|LH_375|LH_245|LH_11|LH_643|LH_343|LH_254|LH_9|LH_22|LH_312|LH_396|LH_622|LH_398|LH_115|LH_385|LH_306|LH_577|LH_388|LH_488|LH_256|LH_30|LH_420|LH_410|LH_532|LH_668|LH_123|LH_373|LH_528|LH_273|LH_0|LH_489|LH_563|LH_364|LH_293|LH_625|LH_558|LH_271|LH_556|LH_591|LH_1|LH_327|LH_573|LH_678|LH_79|LH_481|LH_572|LH_13|LH_716|LH_349|LH_470|LH_547|LH_27|LH_379|LH_474|LH_523|LH_468|LH_29|LH_61|LH_580|LH_510|LH_7|LH_694|LH_737|LH_453|LH_219|LH_47|LH_194|LH_319|LH_367|LH_10|LH_560|LH_249|LH_187|LH_281|LH_322|LH_748|LH_333|LH_600|LH_89|LH_31|LH_390|LH_121|LH_169|LH_155|LH_326|LH_299|LH_130|LH_246|LH_417|LH_32|LH_620|LH_332|LH_356|LH_358|LH_680|LH_350|LH_619|LH_391|LH_729|LH_93|LH_118|LH_202|LH_174|LH_615|LH_211|LH_606|LH_341|LH_415|LH_416|LH_508|LH_200|LH_697|LH_198|LH_201|LH_459|LH_495|LH_48|LH_26|LH_427|LH_203|LH_73|LH_234|LH_603|LH_91|LH_94|LH_23|LH_242|LH_567|LH_210|LH_701|LH_725|LH_268|LH_178|LH_590|LH_426|LH_372|LH_612|LH_64|LH_434|LH_235|LH_715|LH_83|LH_86|LH_95|LH_258|LH_650|LH_342|LH_106|LH_36|LH_277|LH_18|LH_290|LH_703|LH_301|LH_291|LH_74|LH_618|LH_568|LH_142|LH_447|LH_692|LH_676|LH_624|LH_116|LH_653|LH_592|LH_486|LH_496|LH_97|LH_238|LH_305|LH_321|LH_131|LH_165|LH_491|LH_517|LH_442|LH_704|LH_498|LH_303|LH_154|LH_541|LH_310|LH_309|LH_377|LH_261|LH_35|LH_492|LH_529|LH_537|LH_440|LH_316|LH_452|LH_554|LH_157|LH_745|LH_543|LH_621|LH_66|LH_733|LH_223|LH_188|LH_450|LH_548|LH_206|LH_645|LH_318|LH_611|LH_482|LH_78|LH_253|LH_652|LH_334|LH_381|LH_654|LH_159|LH_182|LH_571|LH_627|LH_383|LH_610|LH_515|LH_6|LH_428|LH_400|LH_308|LH_189|LH_304|LH_263|LH_421|LH_311|LH_337|LH_336|LH_673|LH_518|LH_222|LH_479|LH_538|LH_113|LH_710|LH_423|LH_506|LH_475|LH_5|LH_355|LH_124|LH_722|LH_45|LH_462|LH_193,LH_39|LH_570|LH_227|LH_487|LH_675|LH_107|LH_484|LH_160|LH_713|LH_294|LH_87|LH_544|LH_539|LH_323|LH_430|LH_485|LH_374|LH_65|LH_497|LH_708|LH_552|LH_728|LH_698|LH_380|LH_732|LH_726|LH_243|LH_149|LH_686|LH_642|LH_315|LH_731|LH_170|LH_153|LH_743|LH_687|LH_457|LH_2|LH_209|LH_524|LH_156|LH_53|LH_363|LH_579|LH_738|LH_265|LH_158|LH_699|LH_679|LH_666|LH_596|LH_503|LH_602|LH_266|LH_348|LH_216|LH_144|LH_55|LH_712|LH_394|LH_520|LH_449|LH_140|LH_493|LH_473|LH_302|LH_397|LH_262|LH_224|LH_241|LH_84|LH_720|LH_431|LH_369|LH_283|LH_438|LH_59|LH_120|LH_25|LH_525|LH_255|LH_734|LH_125|LH_167|LH_403|LH_569|LH_454|LH_368|LH_628|LH_126|LH_681|LH_57|LH_557|LH_392|LH_150|LH_72|LH_122|LH_443|LH_285,LH_405|LH_608|LH_162|LH_689|LH_433|LH_702|LH_562|LH_640|LH_269|LH_345|LH_186|LH_674|LH_282|LH_136|LH_220|LH_395|LH_3|LH_574|LH_717|LH_274|LH_555|LH_690|LH_228|LH_351|LH_173|LH_328|LH_404|LH_522|LH_300|LH_585|LH_564|LH_28|LH_250|LH_50|LH_183|LH_330|LH_408|LH_272|LH_401|LH_384|LH_41|LH_422|LH_344|LH_649|LH_582|LH_409|LH_723|LH_286|LH_359|LH_636|LH_504|LH_366|LH_551|LH_623|LH_247|LH_362|LH_707|LH_456|LH_221|LH_51|LH_357|LH_138|LH_354|LH_749|LH_655|LH_424|LH_399|LH_8|LH_632|LH_500|LH_576|LH_34|LH_361|LH_230|LH_616|LH_736|LH_594|LH_644|LH_143|LH_49|LH_638|LH_313|LH_109|LH_542|LH_629|LH_307|LH_514|LH_40|LH_550|LH_463|LH_171|LH_414|LH_444|LH_145|LH_320|LH_501|LH_575|LH_102|LH_80|LH_257|LH_108|LH_103|LH_469|LH_656|LH_46|LH_671|LH_633|LH_52|LH_505|LH_317|LH_667|LH_389|LH_284|LH_58|LH_96|LH_747|LH_386|LH_85|LH_536|LH_419|LH_37|LH_101|LH_478|LH_346|LH_604|LH_480|LH_251|LH_151|LH_288|LH_641|LH_530|LH_16|LH_212|LH_62|LH_104|LH_233|LH_214|LH_175|LH_566|LH_626|LH_436|LH_111|LH_464|LH_714|LH_43|LH_365|LH_513|LH_280|LH_413|LH_236|LH_706|LH_114|LH_248|LH_56|LH_15|LH_476|LH_511|LH_669|LH_677|LH_132|LH_376|LH_477|LH_609|LH_565|LH_88|LH_168|LH_338|LH_691|LH_190|LH_213|LH_512|LH_657|LH_204|LH_24|LH_276|LH_76|LH_411|LH_646|LH_232|LH_407|LH_259|LH_718|LH_54|LH_584|LH_270|LH_152|LH_192|LH_661|LH_99|LH_658|LH_659|LH_325|LH_662|LH_135|LH_494|LH_502|LH_546|LH_587|LH_581|LH_81|LH_695,27af8142ba8da15f65baf969086cca0e3b72e105c29a41ac778d6c702a8cb678,True,True,True,True,True,True,complete,True,0.02748167788816823,0.04228654052271987,0.046755118267749675,0.0640489534886356,0.0041022684429894065,0.6892302499179205,0.8531809827596344,defined,0.3078199008952326,0.31650091563142946,0.1151796354706024,0.11918570817769768,1.034781085134774,201,0.0,0.0,-0.02140924707055092,0.6434324979782104,0.6648417450487614,0.008681014736196887,0.06361637342909478,0.3518787920475006,not recorded,not recorded,46b3c4c83c969bcbb7a62da6c0e40705e2ad12057fd0e994ed4e88620ce940ba,True,1.3877787807814457e-17,universe_scaling_or_u750_context,universe_count_incompatible,alternative_protocol,unique,universe count differs from U500 canonical Top-N family
EvolveGCN-H,evolvegcn_h_750u_top1000_h32_seed999_none_linear_head_meanmax,experiments/evolvegcn_h_750u_top1000_h32_seed999_none_linear_head_meanmax,data/processed/temporal_750u_none_top1000_periodic_knn/camels_750u_temporal_logmass_none_top1000_periodic_knn.pt,data/processed/temporal_750u_none_top1000_periodic_knn/camels_750u_temporal_logmass_none_top1000_periodic_knn.metadata.json,temporal,750,LH_0..LH_749,5,five sorted snapshots; exact identities not persisted in sidecar,1000,log10_Mvir|X|Y|Z|VX|VY|VZ,none,none after log10(Mvir),False,True,8,25.0,32,2,evolvegcn_h,True,mean_max,mean,linear,"Linear(D,1)",False,False,4,300,40,0.001,1e-05,0.2,relu,1.0,MSE,999,0.6|0.1333333333|0.2666666667,LH_446|LH_191|LH_141|LH_197|LH_578|LH_324|LH_693|LH_741|LH_110|LH_540|LH_244|LH_527|LH_460|LH_70|LH_561|LH_535|LH_179|LH_69|LH_664|LH_639|LH_458|LH_279|LH_21|LH_685|LH_139|LH_77|LH_533|LH_231|LH_181|LH_199|LH_709|LH_705|LH_589|LH_724|LH_148|LH_425|LH_683|LH_483|LH_119|LH_382|LH_647|LH_360|LH_67|LH_700|LH_289|LH_98|LH_439|LH_134|LH_471|LH_44|LH_215|LH_207|LH_634|LH_521|LH_735|LH_133|LH_445|LH_195|LH_637|LH_534|LH_92|LH_90|LH_225|LH_721|LH_617|LH_635|LH_448|LH_507|LH_599|LH_352|LH_129|LH_406|LH_278|LH_331|LH_60|LH_176|LH_509|LH_297|LH_631|LH_412|LH_164|LH_275|LH_329|LH_744|LH_292|LH_68|LH_117|LH_451|LH_559|LH_226|LH_166|LH_519|LH_711|LH_499|LH_370|LH_185|LH_730|LH_593|LH_526|LH_217|LH_260|LH_335|LH_516|LH_340|LH_467|LH_205|LH_146|LH_100|LH_598|LH_128|LH_147|LH_240|LH_161|LH_184|LH_267|LH_684|LH_17|LH_688|LH_105|LH_455|LH_545|LH_82|LH_208|LH_4|LH_682|LH_651|LH_472|LH_14|LH_719|LH_437|LH_237|LH_252|LH_746|LH_239|LH_630|LH_393|LH_595|LH_347|LH_607|LH_172|LH_378|LH_295|LH_531|LH_553|LH_583|LH_739|LH_648|LH_75|LH_137|LH_465|LH_429|LH_663|LH_605|LH_549|LH_672|LH_588|LH_614|LH_490|LH_601|LH_180|LH_33|LH_163|LH_177|LH_12|LH_264|LH_287|LH_466|LH_387|LH_353|LH_229|LH_696|LH_432|LH_586|LH_740|LH_127|LH_461|LH_218|LH_613|LH_441|LH_660|LH_727|LH_665|LH_19|LH_20|LH_597|LH_196|LH_435|LH_339|LH_71|LH_371|LH_742|LH_402|LH_112|LH_296|LH_42|LH_418|LH_298|LH_63|LH_670|LH_314|LH_38|LH_375|LH_245|LH_11|LH_643|LH_343|LH_254|LH_9|LH_22|LH_312|LH_396|LH_622|LH_398|LH_115|LH_385|LH_306|LH_577|LH_388|LH_488|LH_256|LH_30|LH_420|LH_410|LH_532|LH_668|LH_123|LH_373|LH_528|LH_273|LH_0|LH_489|LH_563|LH_364|LH_293|LH_625|LH_558|LH_271|LH_556|LH_591|LH_1|LH_327|LH_573|LH_678|LH_79|LH_481|LH_572|LH_13|LH_716|LH_349|LH_470|LH_547|LH_27|LH_379|LH_474|LH_523|LH_468|LH_29|LH_61|LH_580|LH_510|LH_7|LH_694|LH_737|LH_453|LH_219|LH_47|LH_194|LH_319|LH_367|LH_10|LH_560|LH_249|LH_187|LH_281|LH_322|LH_748|LH_333|LH_600|LH_89|LH_31|LH_390|LH_121|LH_169|LH_155|LH_326|LH_299|LH_130|LH_246|LH_417|LH_32|LH_620|LH_332|LH_356|LH_358|LH_680|LH_350|LH_619|LH_391|LH_729|LH_93|LH_118|LH_202|LH_174|LH_615|LH_211|LH_606|LH_341|LH_415|LH_416|LH_508|LH_200|LH_697|LH_198|LH_201|LH_459|LH_495|LH_48|LH_26|LH_427|LH_203|LH_73|LH_234|LH_603|LH_91|LH_94|LH_23|LH_242|LH_567|LH_210|LH_701|LH_725|LH_268|LH_178|LH_590|LH_426|LH_372|LH_612|LH_64|LH_434|LH_235|LH_715|LH_83|LH_86|LH_95|LH_258|LH_650|LH_342|LH_106|LH_36|LH_277|LH_18|LH_290|LH_703|LH_301|LH_291|LH_74|LH_618|LH_568|LH_142|LH_447|LH_692|LH_676|LH_624|LH_116|LH_653|LH_592|LH_486|LH_496|LH_97|LH_238|LH_305|LH_321|LH_131|LH_165|LH_491|LH_517|LH_442|LH_704|LH_498|LH_303|LH_154|LH_541|LH_310|LH_309|LH_377|LH_261|LH_35|LH_492|LH_529|LH_537|LH_440|LH_316|LH_452|LH_554|LH_157|LH_745|LH_543|LH_621|LH_66|LH_733|LH_223|LH_188|LH_450|LH_548|LH_206|LH_645|LH_318|LH_611|LH_482|LH_78|LH_253|LH_652|LH_334|LH_381|LH_654|LH_159|LH_182|LH_571|LH_627|LH_383|LH_610|LH_515|LH_6|LH_428|LH_400|LH_308|LH_189|LH_304|LH_263|LH_421|LH_311|LH_337|LH_336|LH_673|LH_518|LH_222|LH_479|LH_538|LH_113|LH_710|LH_423|LH_506|LH_475|LH_5|LH_355|LH_124|LH_722|LH_45|LH_462|LH_193,LH_39|LH_570|LH_227|LH_487|LH_675|LH_107|LH_484|LH_160|LH_713|LH_294|LH_87|LH_544|LH_539|LH_323|LH_430|LH_485|LH_374|LH_65|LH_497|LH_708|LH_552|LH_728|LH_698|LH_380|LH_732|LH_726|LH_243|LH_149|LH_686|LH_642|LH_315|LH_731|LH_170|LH_153|LH_743|LH_687|LH_457|LH_2|LH_209|LH_524|LH_156|LH_53|LH_363|LH_579|LH_738|LH_265|LH_158|LH_699|LH_679|LH_666|LH_596|LH_503|LH_602|LH_266|LH_348|LH_216|LH_144|LH_55|LH_712|LH_394|LH_520|LH_449|LH_140|LH_493|LH_473|LH_302|LH_397|LH_262|LH_224|LH_241|LH_84|LH_720|LH_431|LH_369|LH_283|LH_438|LH_59|LH_120|LH_25|LH_525|LH_255|LH_734|LH_125|LH_167|LH_403|LH_569|LH_454|LH_368|LH_628|LH_126|LH_681|LH_57|LH_557|LH_392|LH_150|LH_72|LH_122|LH_443|LH_285,LH_405|LH_608|LH_162|LH_689|LH_433|LH_702|LH_562|LH_640|LH_269|LH_345|LH_186|LH_674|LH_282|LH_136|LH_220|LH_395|LH_3|LH_574|LH_717|LH_274|LH_555|LH_690|LH_228|LH_351|LH_173|LH_328|LH_404|LH_522|LH_300|LH_585|LH_564|LH_28|LH_250|LH_50|LH_183|LH_330|LH_408|LH_272|LH_401|LH_384|LH_41|LH_422|LH_344|LH_649|LH_582|LH_409|LH_723|LH_286|LH_359|LH_636|LH_504|LH_366|LH_551|LH_623|LH_247|LH_362|LH_707|LH_456|LH_221|LH_51|LH_357|LH_138|LH_354|LH_749|LH_655|LH_424|LH_399|LH_8|LH_632|LH_500|LH_576|LH_34|LH_361|LH_230|LH_616|LH_736|LH_594|LH_644|LH_143|LH_49|LH_638|LH_313|LH_109|LH_542|LH_629|LH_307|LH_514|LH_40|LH_550|LH_463|LH_171|LH_414|LH_444|LH_145|LH_320|LH_501|LH_575|LH_102|LH_80|LH_257|LH_108|LH_103|LH_469|LH_656|LH_46|LH_671|LH_633|LH_52|LH_505|LH_317|LH_667|LH_389|LH_284|LH_58|LH_96|LH_747|LH_386|LH_85|LH_536|LH_419|LH_37|LH_101|LH_478|LH_346|LH_604|LH_480|LH_251|LH_151|LH_288|LH_641|LH_530|LH_16|LH_212|LH_62|LH_104|LH_233|LH_214|LH_175|LH_566|LH_626|LH_436|LH_111|LH_464|LH_714|LH_43|LH_365|LH_513|LH_280|LH_413|LH_236|LH_706|LH_114|LH_248|LH_56|LH_15|LH_476|LH_511|LH_669|LH_677|LH_132|LH_376|LH_477|LH_609|LH_565|LH_88|LH_168|LH_338|LH_691|LH_190|LH_213|LH_512|LH_657|LH_204|LH_24|LH_276|LH_76|LH_411|LH_646|LH_232|LH_407|LH_259|LH_718|LH_54|LH_584|LH_270|LH_152|LH_192|LH_661|LH_99|LH_658|LH_659|LH_325|LH_662|LH_135|LH_494|LH_502|LH_546|LH_587|LH_581|LH_81|LH_695,27af8142ba8da15f65baf969086cca0e3b72e105c29a41ac778d6c702a8cb678,True,True,True,True,True,True,complete,True,0.0721843631234434,0.07501507603158855,0.0736487074129617,0.09388745377597836,0.008814853976536472,0.3322255709570251,0.6827359329297797,defined,0.3078199008952326,0.26788456367319496,0.1151796354706024,0.09181284652493207,0.7971274275161749,201,0.0,0.0,0.054035693407058716,0.4995526075363159,0.4455169141292572,-0.039935337222037626,0.08518287933373762,0.2709813714027405,not recorded,not recorded,f3a719741728e0293b747bd91a92a06a813b79215fb526c46d6465a82c9f93b6,True,1.3877787807814457e-17,universe_scaling_or_u750_context,universe_count_incompatible,alternative_protocol,unique,universe count differs from U500 canonical Top-N family
EvolveGCN-H,evolvegcn_h_750u_top1000_h32_seed999_none_linear_head_temporal_last,experiments/evolvegcn_h_750u_top1000_h32_seed999_none_linear_head_temporal_last,data/processed/temporal_750u_none_top1000_periodic_knn/camels_750u_temporal_logmass_none_top1000_periodic_knn.pt,data/processed/temporal_750u_none_top1000_periodic_knn/camels_750u_temporal_logmass_none_top1000_periodic_knn.metadata.json,temporal,750,LH_0..LH_749,5,five sorted snapshots; exact identities not persisted in sidecar,1000,log10_Mvir|X|Y|Z|VX|VY|VZ,none,none after log10(Mvir),False,True,8,25.0,32,2,evolvegcn_h,True,mean,last,linear,"Linear(D,1)",False,False,4,300,40,0.001,1e-05,0.2,relu,1.0,MSE,999,0.6|0.1333333333|0.2666666667,LH_446|LH_191|LH_141|LH_197|LH_578|LH_324|LH_693|LH_741|LH_110|LH_540|LH_244|LH_527|LH_460|LH_70|LH_561|LH_535|LH_179|LH_69|LH_664|LH_639|LH_458|LH_279|LH_21|LH_685|LH_139|LH_77|LH_533|LH_231|LH_181|LH_199|LH_709|LH_705|LH_589|LH_724|LH_148|LH_425|LH_683|LH_483|LH_119|LH_382|LH_647|LH_360|LH_67|LH_700|LH_289|LH_98|LH_439|LH_134|LH_471|LH_44|LH_215|LH_207|LH_634|LH_521|LH_735|LH_133|LH_445|LH_195|LH_637|LH_534|LH_92|LH_90|LH_225|LH_721|LH_617|LH_635|LH_448|LH_507|LH_599|LH_352|LH_129|LH_406|LH_278|LH_331|LH_60|LH_176|LH_509|LH_297|LH_631|LH_412|LH_164|LH_275|LH_329|LH_744|LH_292|LH_68|LH_117|LH_451|LH_559|LH_226|LH_166|LH_519|LH_711|LH_499|LH_370|LH_185|LH_730|LH_593|LH_526|LH_217|LH_260|LH_335|LH_516|LH_340|LH_467|LH_205|LH_146|LH_100|LH_598|LH_128|LH_147|LH_240|LH_161|LH_184|LH_267|LH_684|LH_17|LH_688|LH_105|LH_455|LH_545|LH_82|LH_208|LH_4|LH_682|LH_651|LH_472|LH_14|LH_719|LH_437|LH_237|LH_252|LH_746|LH_239|LH_630|LH_393|LH_595|LH_347|LH_607|LH_172|LH_378|LH_295|LH_531|LH_553|LH_583|LH_739|LH_648|LH_75|LH_137|LH_465|LH_429|LH_663|LH_605|LH_549|LH_672|LH_588|LH_614|LH_490|LH_601|LH_180|LH_33|LH_163|LH_177|LH_12|LH_264|LH_287|LH_466|LH_387|LH_353|LH_229|LH_696|LH_432|LH_586|LH_740|LH_127|LH_461|LH_218|LH_613|LH_441|LH_660|LH_727|LH_665|LH_19|LH_20|LH_597|LH_196|LH_435|LH_339|LH_71|LH_371|LH_742|LH_402|LH_112|LH_296|LH_42|LH_418|LH_298|LH_63|LH_670|LH_314|LH_38|LH_375|LH_245|LH_11|LH_643|LH_343|LH_254|LH_9|LH_22|LH_312|LH_396|LH_622|LH_398|LH_115|LH_385|LH_306|LH_577|LH_388|LH_488|LH_256|LH_30|LH_420|LH_410|LH_532|LH_668|LH_123|LH_373|LH_528|LH_273|LH_0|LH_489|LH_563|LH_364|LH_293|LH_625|LH_558|LH_271|LH_556|LH_591|LH_1|LH_327|LH_573|LH_678|LH_79|LH_481|LH_572|LH_13|LH_716|LH_349|LH_470|LH_547|LH_27|LH_379|LH_474|LH_523|LH_468|LH_29|LH_61|LH_580|LH_510|LH_7|LH_694|LH_737|LH_453|LH_219|LH_47|LH_194|LH_319|LH_367|LH_10|LH_560|LH_249|LH_187|LH_281|LH_322|LH_748|LH_333|LH_600|LH_89|LH_31|LH_390|LH_121|LH_169|LH_155|LH_326|LH_299|LH_130|LH_246|LH_417|LH_32|LH_620|LH_332|LH_356|LH_358|LH_680|LH_350|LH_619|LH_391|LH_729|LH_93|LH_118|LH_202|LH_174|LH_615|LH_211|LH_606|LH_341|LH_415|LH_416|LH_508|LH_200|LH_697|LH_198|LH_201|LH_459|LH_495|LH_48|LH_26|LH_427|LH_203|LH_73|LH_234|LH_603|LH_91|LH_94|LH_23|LH_242|LH_567|LH_210|LH_701|LH_725|LH_268|LH_178|LH_590|LH_426|LH_372|LH_612|LH_64|LH_434|LH_235|LH_715|LH_83|LH_86|LH_95|LH_258|LH_650|LH_342|LH_106|LH_36|LH_277|LH_18|LH_290|LH_703|LH_301|LH_291|LH_74|LH_618|LH_568|LH_142|LH_447|LH_692|LH_676|LH_624|LH_116|LH_653|LH_592|LH_486|LH_496|LH_97|LH_238|LH_305|LH_321|LH_131|LH_165|LH_491|LH_517|LH_442|LH_704|LH_498|LH_303|LH_154|LH_541|LH_310|LH_309|LH_377|LH_261|LH_35|LH_492|LH_529|LH_537|LH_440|LH_316|LH_452|LH_554|LH_157|LH_745|LH_543|LH_621|LH_66|LH_733|LH_223|LH_188|LH_450|LH_548|LH_206|LH_645|LH_318|LH_611|LH_482|LH_78|LH_253|LH_652|LH_334|LH_381|LH_654|LH_159|LH_182|LH_571|LH_627|LH_383|LH_610|LH_515|LH_6|LH_428|LH_400|LH_308|LH_189|LH_304|LH_263|LH_421|LH_311|LH_337|LH_336|LH_673|LH_518|LH_222|LH_479|LH_538|LH_113|LH_710|LH_423|LH_506|LH_475|LH_5|LH_355|LH_124|LH_722|LH_45|LH_462|LH_193,LH_39|LH_570|LH_227|LH_487|LH_675|LH_107|LH_484|LH_160|LH_713|LH_294|LH_87|LH_544|LH_539|LH_323|LH_430|LH_485|LH_374|LH_65|LH_497|LH_708|LH_552|LH_728|LH_698|LH_380|LH_732|LH_726|LH_243|LH_149|LH_686|LH_642|LH_315|LH_731|LH_170|LH_153|LH_743|LH_687|LH_457|LH_2|LH_209|LH_524|LH_156|LH_53|LH_363|LH_579|LH_738|LH_265|LH_158|LH_699|LH_679|LH_666|LH_596|LH_503|LH_602|LH_266|LH_348|LH_216|LH_144|LH_55|LH_712|LH_394|LH_520|LH_449|LH_140|LH_493|LH_473|LH_302|LH_397|LH_262|LH_224|LH_241|LH_84|LH_720|LH_431|LH_369|LH_283|LH_438|LH_59|LH_120|LH_25|LH_525|LH_255|LH_734|LH_125|LH_167|LH_403|LH_569|LH_454|LH_368|LH_628|LH_126|LH_681|LH_57|LH_557|LH_392|LH_150|LH_72|LH_122|LH_443|LH_285,LH_405|LH_608|LH_162|LH_689|LH_433|LH_702|LH_562|LH_640|LH_269|LH_345|LH_186|LH_674|LH_282|LH_136|LH_220|LH_395|LH_3|LH_574|LH_717|LH_274|LH_555|LH_690|LH_228|LH_351|LH_173|LH_328|LH_404|LH_522|LH_300|LH_585|LH_564|LH_28|LH_250|LH_50|LH_183|LH_330|LH_408|LH_272|LH_401|LH_384|LH_41|LH_422|LH_344|LH_649|LH_582|LH_409|LH_723|LH_286|LH_359|LH_636|LH_504|LH_366|LH_551|LH_623|LH_247|LH_362|LH_707|LH_456|LH_221|LH_51|LH_357|LH_138|LH_354|LH_749|LH_655|LH_424|LH_399|LH_8|LH_632|LH_500|LH_576|LH_34|LH_361|LH_230|LH_616|LH_736|LH_594|LH_644|LH_143|LH_49|LH_638|LH_313|LH_109|LH_542|LH_629|LH_307|LH_514|LH_40|LH_550|LH_463|LH_171|LH_414|LH_444|LH_145|LH_320|LH_501|LH_575|LH_102|LH_80|LH_257|LH_108|LH_103|LH_469|LH_656|LH_46|LH_671|LH_633|LH_52|LH_505|LH_317|LH_667|LH_389|LH_284|LH_58|LH_96|LH_747|LH_386|LH_85|LH_536|LH_419|LH_37|LH_101|LH_478|LH_346|LH_604|LH_480|LH_251|LH_151|LH_288|LH_641|LH_530|LH_16|LH_212|LH_62|LH_104|LH_233|LH_214|LH_175|LH_566|LH_626|LH_436|LH_111|LH_464|LH_714|LH_43|LH_365|LH_513|LH_280|LH_413|LH_236|LH_706|LH_114|LH_248|LH_56|LH_15|LH_476|LH_511|LH_669|LH_677|LH_132|LH_376|LH_477|LH_609|LH_565|LH_88|LH_168|LH_338|LH_691|LH_190|LH_213|LH_512|LH_657|LH_204|LH_24|LH_276|LH_76|LH_411|LH_646|LH_232|LH_407|LH_259|LH_718|LH_54|LH_584|LH_270|LH_152|LH_192|LH_661|LH_99|LH_658|LH_659|LH_325|LH_662|LH_135|LH_494|LH_502|LH_546|LH_587|LH_581|LH_81|LH_695,27af8142ba8da15f65baf969086cca0e3b72e105c29a41ac778d6c702a8cb678,True,True,True,True,True,True,complete,True,0.0372917669514815,0.050409861736827426,0.05924060303180372,0.07704632305102217,0.00593613589568247,0.5503045462792338,0.7471609442993591,defined,0.3078199008952326,0.3123793156437613,0.1151796354706024,0.09525054907996615,0.8269738716465828,201,0.0,0.0,0.08786675333976746,0.521234929561615,0.43336817622184753,0.004559414748528704,0.07710333566712622,0.3492104858160019,not recorded,not recorded,c1cc584ab1bca20c459eccfb1def1e29aa2772ea44dc629af3ab1ecceb19377c,True,1.3877787807814457e-17,universe_scaling_or_u750_context,universe_count_incompatible,alternative_protocol,unique,universe count differs from U500 canonical Top-N family
EvolveGCN-H,evolvegcn_h_u100_top100_norm-minmax_h32_l2_gpool-mean_tpool-mean_head-mlp_canonical300_seed2025,experiments/evolvegcn_h_u100_top100_norm-minmax_h32_l2_gpool-mean_tpool-mean_head-mlp_canonical300_seed2025,data/processed/temporal_100u_minmax/camels_100u_temporal_logmass_minmax_top100_periodic_knn.pt,data/processed/temporal_100u_minmax/camels_100u_temporal_logmass_minmax_top100_periodic_knn.metadata.json,temporal,100,LH_0..LH_99,5,five sorted snapshots; exact identities not persisted in sidecar,100,log10_Mvir|X|Y|Z|VX|VY|VZ,minmax,per_universe_per_snapshot_per_feature,False,True,8,25.0,32,2,evolvegcn_h,True,mean,mean,mlp,"Linear(D,H)-ReLU-Dropout-Linear(H,1)",False,False,4,300,40,0.001,1e-05,0.2,relu,1.0,MSE,2025,0.7|0.15|0.15,LH_78|LH_31|LH_62|LH_54|LH_57|LH_75|LH_43|LH_41|LH_90|LH_80|LH_40|LH_53|LH_32|LH_26|LH_93|LH_42|LH_18|LH_44|LH_39|LH_59|LH_30|LH_68|LH_94|LH_86|LH_98|LH_55|LH_79|LH_9|LH_19|LH_16|LH_49|LH_64|LH_95|LH_60|LH_21|LH_1|LH_97|LH_46|LH_4|LH_63|LH_56|LH_34|LH_92|LH_33|LH_20|LH_11|LH_36|LH_28|LH_17|LH_81|LH_76|LH_37|LH_84|LH_23|LH_35|LH_74|LH_69|LH_96|LH_2|LH_38|LH_83|LH_7|LH_13|LH_25|LH_14|LH_99|LH_66|LH_45|LH_58|LH_50,LH_89|LH_77|LH_73|LH_24|LH_88|LH_65|LH_70|LH_3|LH_6|LH_52|LH_85|LH_87|LH_27|LH_15|LH_5,LH_12|LH_51|LH_91|LH_8|LH_29|LH_72|LH_48|LH_47|LH_0|LH_67|LH_22|LH_61|LH_82|LH_10|LH_71,a8b0e2d9ade3a7ca620bd4aed7eea68ee44da8d326b65c8f35a309273f4a79f2,True,True,True,True,True,True,complete,True,0.09710067521248544,0.09692729860544205,0.08814333279927572,0.10429807869825655,0.010878089220147717,0.02087129569701973,0.2230902302694116,defined,0.2612399995326996,0.2614586333433787,0.10910333565639337,0.005794358144579385,0.05310890001409265,15,0.0,0.0,0.24741029739379883,0.26989659667015076,0.02248629927635193,0.00021863381067911783,0.10795853082518973,0.2118372619152069,not recorded,not recorded,cd401ea8819d4b7d18d9aaba72db820036d74d32871a9d37292efb8dd91afb26,True,0.0,universe_scaling_or_u750_context,duplicate_reproduction,duplicate,exact_prediction_duplicate:evolvegcn_h_100u_seed2025|evolvegcn_h_u100_top100_norm-minmax_h32_l2_gpool-mean_tpool-mean_head-mlp_canonical300_seed2025,identical prediction hash; not independent evidence
EvolveGCN-H,evolvegcn_h_u100_top100_norm-minmax_h32_l2_gpool-mean_tpool-mean_head-mlp_canonical300_seed42,experiments/evolvegcn_h_u100_top100_norm-minmax_h32_l2_gpool-mean_tpool-mean_head-mlp_canonical300_seed42,data/processed/temporal_100u_minmax/camels_100u_temporal_logmass_minmax_top100_periodic_knn.pt,data/processed/temporal_100u_minmax/camels_100u_temporal_logmass_minmax_top100_periodic_knn.metadata.json,temporal,100,LH_0..LH_99,5,five sorted snapshots; exact identities not persisted in sidecar,100,log10_Mvir|X|Y|Z|VX|VY|VZ,minmax,per_universe_per_snapshot_per_feature,False,True,8,25.0,32,2,evolvegcn_h,True,mean,mean,mlp,"Linear(D,H)-ReLU-Dropout-Linear(H,1)",False,False,4,300,40,0.001,1e-05,0.2,relu,1.0,MSE,42,0.7|0.15|0.15,LH_42|LH_41|LH_91|LH_9|LH_65|LH_50|LH_1|LH_70|LH_15|LH_78|LH_73|LH_10|LH_55|LH_56|LH_72|LH_45|LH_48|LH_92|LH_76|LH_37|LH_30|LH_21|LH_32|LH_96|LH_80|LH_49|LH_83|LH_26|LH_87|LH_33|LH_8|LH_47|LH_59|LH_63|LH_74|LH_44|LH_98|LH_52|LH_85|LH_12|LH_36|LH_23|LH_39|LH_40|LH_18|LH_66|LH_61|LH_60|LH_7|LH_34|LH_99|LH_46|LH_2|LH_51|LH_16|LH_38|LH_58|LH_68|LH_22|LH_62|LH_24|LH_5|LH_6|LH_67|LH_82|LH_19|LH_79|LH_43|LH_90|LH_20,LH_0|LH_95|LH_57|LH_93|LH_53|LH_89|LH_25|LH_71|LH_84|LH_77|LH_64|LH_29|LH_27|LH_88|LH_97,LH_4|LH_54|LH_75|LH_11|LH_69|LH_86|LH_13|LH_17|LH_28|LH_31|LH_35|LH_94|LH_3|LH_14|LH_81,314f7bac57d93fa0848e55ef03271ba12c2669419b7c3d5946dba2d5e112ea80,True,True,True,True,True,True,complete,True,0.08429293962461608,0.10963676919539769,0.07925979395707448,0.10601687337354565,0.011239577439902412,-0.28584791830396616,-0.22338709704390267,defined,0.31166666448116304,0.28730556766192117,0.09677469262602026,0.02846728270659936,0.29416040427645057,15,0.0,0.0,0.20820581912994385,0.3165621757507324,0.10835635662078857,-0.024361096819241843,0.10680145665973885,0.22779983282089233,not recorded,not recorded,a9ec63fa760f1f66ed64b806f39de98c41f7bb6637ff566ef094532165b7f623,True,0.0,universe_scaling_or_u750_context,duplicate_reproduction,duplicate,exact_prediction_duplicate:evolvegcn_h_100u_seed42|evolvegcn_h_u100_top100_norm-minmax_h32_l2_gpool-mean_tpool-mean_head-mlp_canonical300_seed42,identical prediction hash; not independent evidence
EvolveGCN-H,evolvegcn_h_u20_top100_norm-minmax_h32_l2_gpool-mean_tpool-mean_head-mlp_canonical300_seed2025,experiments/evolvegcn_h_u20_top100_norm-minmax_h32_l2_gpool-mean_tpool-mean_head-mlp_canonical300_seed2025,data/processed/temporal_20u_minmax/camels_20u_temporal_logmass_minmax_top100_periodic_knn.pt,data/processed/temporal_20u_minmax/camels_20u_temporal_logmass_minmax_top100_periodic_knn.metadata.json,temporal,20,LH_0..LH_19,5,five sorted snapshots; exact identities not persisted in sidecar,100,log10_Mvir|X|Y|Z|VX|VY|VZ,minmax,per_universe_per_snapshot_per_feature,False,True,8,25.0,32,2,evolvegcn_h,True,mean,mean,mlp,"Linear(D,H)-ReLU-Dropout-Linear(H,1)",False,False,4,300,40,0.001,1e-05,0.2,relu,1.0,MSE,2025,0.7|0.15|0.15,LH_18|LH_4|LH_14|LH_11|LH_7|LH_8|LH_19|LH_10|LH_12|LH_13|LH_1|LH_3|LH_9|LH_6,LH_16|LH_0|LH_5,LH_15|LH_2|LH_17,7e5e08400b3be5b952b05ca039d96548792538cacb2de678f873831850349370,True,True,True,True,True,True,complete,True,0.10281499209148544,0.10341732452313106,0.1010226458311081,0.11831981314209046,0.013999578181979203,-0.3724072190883492,-0.9033869621565417,defined,0.2930000027020772,0.24385272959868112,0.12369769520690155,0.008928017521857923,0.0721761024481869,3,0.0,0.0,0.2372608631849289,0.2540130615234375,0.016752198338508606,-0.049147273103396096,0.13181876039744533,0.18533913791179657,not recorded,not recorded,577efef996bd8a23aa443a519ad536664ef6dedc22d8084b2286c16a4e0025eb,True,0.0,universe_scaling_or_u750_context,duplicate_reproduction,duplicate,exact_prediction_duplicate:evolvegcn_h_20u_seed2025|evolvegcn_h_u20_top100_norm-minmax_h32_l2_gpool-mean_tpool-mean_head-mlp_canonical300_seed2025,identical prediction hash; not independent evidence
EvolveGCN-H,evolvegcn_h_u20_top100_norm-minmax_h32_l2_gpool-mean_tpool-mean_head-mlp_canonical300_seed42,experiments/evolvegcn_h_u20_top100_norm-minmax_h32_l2_gpool-mean_tpool-mean_head-mlp_canonical300_seed42,data/processed/temporal_20u_minmax/camels_20u_temporal_logmass_minmax_top100_periodic_knn.pt,data/processed/temporal_20u_minmax/camels_20u_temporal_logmass_minmax_top100_periodic_knn.metadata.json,temporal,20,LH_0..LH_19,5,five sorted snapshots; exact identities not persisted in sidecar,100,log10_Mvir|X|Y|Z|VX|VY|VZ,minmax,per_universe_per_snapshot_per_feature,False,True,8,25.0,32,2,evolvegcn_h,True,mean,mean,mlp,"Linear(D,H)-ReLU-Dropout-Linear(H,1)",False,False,4,300,40,0.001,1e-05,0.2,relu,1.0,MSE,42,0.7|0.15|0.15,LH_19|LH_5|LH_14|LH_4|LH_9|LH_13|LH_15|LH_18|LH_6|LH_12|LH_17|LH_10|LH_1|LH_11,LH_2|LH_16|LH_7,LH_8|LH_0|LH_3,9a1244427ae4384e8bb9c5f10d9cf32f477a5fbec3658cf875b682f03556c63e,True,True,True,True,True,True,complete,True,0.09609093623501914,0.09944633642832439,0.0946318010489146,0.10297306709756288,0.010603452547479186,0.048888086725889845,0.8579630250475071,defined,0.26260000467300415,0.299919456243515,0.1293163587411328,0.013979845517019633,0.10810577759156267,3,0.0,0.0,0.2896093726158142,0.3158314824104309,0.0262221097946167,0.037319451570510864,0.11754176544077097,0.14811751246452332,not recorded,not recorded,f16f7878df049c1eb56409534c2e8eb610e7a029cde6e61ea1d85a2bc1ce1675,True,0.0,universe_scaling_or_u750_context,duplicate_reproduction,duplicate,exact_prediction_duplicate:evolvegcn_h_20u_seed42|evolvegcn_h_u20_top100_norm-minmax_h32_l2_gpool-mean_tpool-mean_head-mlp_canonical300_seed42,identical prediction hash; not independent evidence
EvolveGCN-H,evolvegcn_h_u500_top100_norm-minmax_k12_h32_l2_factorial_seed123,experiments/evolvegcn_h_u500_top100_norm-minmax_k12_h32_l2_factorial_seed123,data/processed/temporal_500u_logmass_minmax_top100_periodic_knn_k12/camels_500u_temporal_logmass_minmax_top100_periodic_knn_k12.pt,data/processed/temporal_500u_logmass_minmax_top100_periodic_knn_k12/camels_500u_temporal_logmass_minmax_top100_periodic_knn_k12.metadata.json,temporal,500,LH_0..LH_499,5,five sorted snapshots; exact identities not persisted in sidecar,100,log10_Mvir|X|Y|Z|VX|VY|VZ,minmax,per_universe_per_snapshot_per_feature,False,True,12,25.0,32,2,evolvegcn_h,True,mean,mean,mlp,"Linear(D,H)-ReLU-Dropout-Linear(H,1)",False,False,4,300,40,0.001,1e-05,0.2,relu,1.0,MSE,123,0.7|0.15|0.15,LH_380|LH_468|LH_145|LH_2|LH_282|LH_103|LH_148|LH_312|LH_130|LH_411|LH_168|LH_204|LH_113|LH_132|LH_418|LH_270|LH_351|LH_157|LH_451|LH_339|LH_288|LH_277|LH_354|LH_48|LH_318|LH_303|LH_314|LH_234|LH_95|LH_304|LH_271|LH_434|LH_173|LH_357|LH_495|LH_133|LH_431|LH_39|LH_490|LH_310|LH_317|LH_471|LH_23|LH_426|LH_224|LH_286|LH_20|LH_365|LH_255|LH_216|LH_405|LH_79|LH_228|LH_445|LH_189|LH_184|LH_243|LH_358|LH_276|LH_218|LH_488|LH_60|LH_438|LH_159|LH_167|LH_349|LH_89|LH_121|LH_333|LH_51|LH_9|LH_482|LH_152|LH_416|LH_379|LH_306|LH_111|LH_185|LH_340|LH_489|LH_475|LH_93|LH_84|LH_376|LH_291|LH_158|LH_250|LH_323|LH_406|LH_460|LH_50|LH_433|LH_372|LH_66|LH_108|LH_465|LH_71|LH_298|LH_369|LH_437|LH_211|LH_11|LH_110|LH_142|LH_28|LH_59|LH_163|LH_38|LH_24|LH_205|LH_440|LH_140|LH_177|LH_252|LH_235|LH_245|LH_242|LH_25|LH_21|LH_217|LH_160|LH_231|LH_77|LH_151|LH_54|LH_345|LH_280|LH_257|LH_456|LH_308|LH_331|LH_58|LH_360|LH_179|LH_464|LH_388|LH_129|LH_285|LH_347|LH_56|LH_387|LH_169|LH_36|LH_138|LH_319|LH_296|LH_246|LH_122|LH_33|LH_127|LH_109|LH_363|LH_183|LH_196|LH_422|LH_86|LH_400|LH_297|LH_346|LH_116|LH_63|LH_88|LH_477|LH_144|LH_112|LH_362|LH_399|LH_334|LH_62|LH_353|LH_146|LH_373|LH_27|LH_76|LH_260|LH_150|LH_210|LH_195|LH_290|LH_82|LH_154|LH_432|LH_320|LH_361|LH_75|LH_17|LH_94|LH_238|LH_143|LH_469|LH_67|LH_225|LH_391|LH_106|LH_15|LH_97|LH_46|LH_49|LH_192|LH_226|LH_114|LH_302|LH_356|LH_91|LH_80|LH_107|LH_329|LH_209|LH_384|LH_409|LH_13|LH_176|LH_299|LH_483|LH_295|LH_491|LH_332|LH_292|LH_153|LH_202|LH_268|LH_1|LH_417|LH_313|LH_375|LH_128|LH_352|LH_57|LH_408|LH_254|LH_382|LH_390|LH_377|LH_328|LH_213|LH_182|LH_65|LH_7|LH_315|LH_101|LH_187|LH_126|LH_123|LH_394|LH_201|LH_251|LH_494|LH_239|LH_383|LH_367|LH_237|LH_34|LH_307|LH_141|LH_403|LH_344|LH_162|LH_43|LH_118|LH_498|LH_99|LH_392|LH_102|LH_258|LH_100|LH_41|LH_281|LH_364|LH_492|LH_448|LH_164|LH_104|LH_124|LH_259|LH_355|LH_458|LH_484|LH_115|LH_309|LH_338|LH_53|LH_381|LH_442|LH_70|LH_284|LH_263|LH_419|LH_166|LH_441|LH_481|LH_335|LH_219|LH_155|LH_294|LH_230|LH_378|LH_476|LH_232|LH_480|LH_31|LH_343|LH_197|LH_301|LH_85|LH_61|LH_264|LH_446|LH_273|LH_455|LH_188|LH_199|LH_452|LH_74|LH_443|LH_423|LH_395|LH_265|LH_29|LH_40|LH_120|LH_190|LH_73|LH_348|LH_415|LH_474|LH_337|LH_12|LH_178|LH_212|LH_402|LH_478|LH_412|LH_241|LH_454|LH_165|LH_14|LH_206|LH_325|LH_279|LH_398|LH_366|LH_462|LH_4|LH_221|LH_421|LH_389|LH_181|LH_413|LH_32|LH_316,LH_493|LH_473|LH_215|LH_324|LH_425|LH_139|LH_424|LH_385|LH_131|LH_453|LH_98|LH_470|LH_68|LH_5|LH_459|LH_236|LH_466|LH_227|LH_487|LH_78|LH_90|LH_439|LH_278|LH_119|LH_368|LH_322|LH_253|LH_147|LH_435|LH_30|LH_397|LH_256|LH_272|LH_207|LH_117|LH_180|LH_430|LH_186|LH_321|LH_45|LH_300|LH_96|LH_8|LH_401|LH_450|LH_198|LH_233|LH_370|LH_37|LH_200|LH_283|LH_479|LH_171|LH_87|LH_134|LH_336|LH_249|LH_42|LH_371|LH_92|LH_427|LH_386|LH_16|LH_261|LH_191|LH_214|LH_342|LH_266|LH_248|LH_467|LH_457|LH_407|LH_326|LH_275|LH_350,LH_222|LH_262|LH_330|LH_444|LH_203|LH_6|LH_472|LH_414|LH_289|LH_269|LH_327|LH_311|LH_420|LH_105|LH_247|LH_410|LH_267|LH_175|LH_156|LH_496|LH_18|LH_428|LH_240|LH_135|LH_244|LH_293|LH_220|LH_149|LH_10|LH_404|LH_64|LH_72|LH_341|LH_47|LH_22|LH_52|LH_229|LH_374|LH_161|LH_3|LH_35|LH_193|LH_305|LH_449|LH_497|LH_396|LH_223|LH_463|LH_0|LH_83|LH_125|LH_359|LH_485|LH_486|LH_172|LH_69|LH_81|LH_499|LH_436|LH_174|LH_170|LH_287|LH_274|LH_194|LH_19|LH_447|LH_461|LH_429|LH_55|LH_136|LH_208|LH_393|LH_44|LH_137|LH_26,853549f16ef8eb3d7f18ae850c94b13c0c8bf0e770bb99cfbffff48b03530266,True,True,True,True,True,True,complete,True,0.09540721731526511,0.10368121753136317,0.0974668699502945,0.1155289764431577,0.013346944398003687,-0.03096708476368004,-0.10433265774010873,defined,0.29364533245563507,0.2867119046052297,0.11454688870034196,0.010419148445019682,0.09095968090653672,75,0.0,0.0,0.2606247067451477,0.31143033504486084,0.050805628299713135,-0.006933427850405375,0.11609731462188266,0.2182590365409851,not recorded,not recorded,121e065577540ada0ff2ff8c8534d3e81819f12d66344c6a82c7d6a1d8d0eaeb,True,0.0,knn_alternative,alternative_protocol,alternative_protocol,unique,"k=12, expected 8"
EvolveGCN-H,evolvegcn_h_u500_top100_norm-minmax_k12_h32_l2_factorial_seed2025,experiments/evolvegcn_h_u500_top100_norm-minmax_k12_h32_l2_factorial_seed2025,data/processed/temporal_500u_logmass_minmax_top100_periodic_knn_k12/camels_500u_temporal_logmass_minmax_top100_periodic_knn_k12.pt,data/processed/temporal_500u_logmass_minmax_top100_periodic_knn_k12/camels_500u_temporal_logmass_minmax_top100_periodic_knn_k12.metadata.json,temporal,500,LH_0..LH_499,5,five sorted snapshots; exact identities not persisted in sidecar,100,log10_Mvir|X|Y|Z|VX|VY|VZ,minmax,per_universe_per_snapshot_per_feature,False,True,12,25.0,32,2,evolvegcn_h,True,mean,mean,mlp,"Linear(D,H)-ReLU-Dropout-Linear(H,1)",False,False,4,300,40,0.001,1e-05,0.2,relu,1.0,MSE,2025,0.7|0.15|0.15,LH_322|LH_49|LH_312|LH_130|LH_467|LH_459|LH_70|LH_456|LH_248|LH_365|LH_329|LH_63|LH_331|LH_324|LH_311|LH_87|LH_469|LH_119|LH_209|LH_452|LH_212|LH_167|LH_91|LH_460|LH_485|LH_255|LH_155|LH_458|LH_372|LH_479|LH_446|LH_97|LH_19|LH_149|LH_170|LH_287|LH_334|LH_495|LH_369|LH_318|LH_144|LH_440|LH_297|LH_219|LH_498|LH_350|LH_177|LH_368|LH_339|LH_8|LH_129|LH_275|LH_345|LH_206|LH_92|LH_36|LH_46|LH_128|LH_490|LH_103|LH_411|LH_237|LH_249|LH_434|LH_201|LH_114|LH_325|LH_284|LH_10|LH_239|LH_224|LH_277|LH_138|LH_281|LH_315|LH_361|LH_439|LH_274|LH_379|LH_57|LH_173|LH_455|LH_407|LH_113|LH_437|LH_360|LH_317|LH_250|LH_207|LH_26|LH_236|LH_89|LH_110|LH_102|LH_83|LH_299|LH_366|LH_6|LH_216|LH_191|LH_463|LH_454|LH_17|LH_85|LH_482|LH_112|LH_4|LH_223|LH_417|LH_444|LH_347|LH_20|LH_349|LH_306|LH_40|LH_380|LH_185|LH_151|LH_390|LH_174|LH_303|LH_494|LH_432|LH_241|LH_41|LH_21|LH_164|LH_478|LH_328|LH_80|LH_148|LH_246|LH_441|LH_340|LH_364|LH_422|LH_435|LH_154|LH_158|LH_24|LH_396|LH_447|LH_198|LH_54|LH_146|LH_217|LH_35|LH_18|LH_32|LH_389|LH_359|LH_68|LH_320|LH_337|LH_356|LH_358|LH_426|LH_405|LH_464|LH_240|LH_348|LH_74|LH_357|LH_443|LH_252|LH_302|LH_256|LH_53|LH_55|LH_160|LH_415|LH_465|LH_199|LH_273|LH_135|LH_107|LH_412|LH_61|LH_342|LH_247|LH_374|LH_289|LH_294|LH_71|LH_449|LH_404|LH_197|LH_375|LH_376|LH_47|LH_120|LH_121|LH_453|LH_211|LH_242|LH_67|LH_305|LH_156|LH_332|LH_265|LH_314|LH_496|LH_431|LH_153|LH_84|LH_268|LH_95|LH_187|LH_43|LH_9|LH_111|LH_168|LH_262|LH_338|LH_225|LH_1|LH_413|LH_2|LH_269|LH_231|LH_316|LH_267|LH_81|LH_193|LH_468|LH_397|LH_386|LH_423|LH_286|LH_31|LH_66|LH_65|LH_346|LH_28|LH_497|LH_245|LH_336|LH_178|LH_254|LH_486|LH_215|LH_476|LH_7|LH_343|LH_194|LH_425|LH_378|LH_427|LH_86|LH_29|LH_64|LH_23|LH_229|LH_333|LH_139|LH_251|LH_414|LH_51|LH_260|LH_147|LH_45|LH_475|LH_308|LH_290|LH_436|LH_200|LH_477|LH_424|LH_238|LH_11|LH_183|LH_382|LH_234|LH_480|LH_450|LH_162|LH_136|LH_145|LH_221|LH_430|LH_27|LH_98|LH_137|LH_488|LH_115|LH_152|LH_172|LH_448|LH_3|LH_30|LH_385|LH_134|LH_296|LH_52|LH_419|LH_384|LH_93|LH_253|LH_418|LH_487|LH_171|LH_58|LH_131|LH_79|LH_127|LH_481|LH_403|LH_399|LH_213|LH_218|LH_232|LH_259|LH_371|LH_76|LH_470|LH_133|LH_166|LH_243|LH_393|LH_189|LH_182|LH_264|LH_180|LH_352|LH_406|LH_395|LH_370|LH_344|LH_214|LH_123|LH_377|LH_420|LH_39|LH_94|LH_230|LH_309|LH_117|LH_202|LH_355|LH_186|LH_163|LH_321|LH_442|LH_354|LH_161|LH_122|LH_493|LH_72|LH_100|LH_222,LH_298|LH_48|LH_5|LH_471|LH_132|LH_77|LH_367|LH_227|LH_323|LH_73|LH_109|LH_104|LH_363|LH_105|LH_445|LH_351|LH_208|LH_293|LH_258|LH_12|LH_381|LH_157|LH_126|LH_263|LH_175|LH_196|LH_257|LH_78|LH_292|LH_472|LH_276|LH_301|LH_280|LH_319|LH_429|LH_179|LH_491|LH_466|LH_326|LH_433|LH_140|LH_451|LH_141|LH_341|LH_75|LH_499|LH_38|LH_184|LH_150|LH_410|LH_143|LH_82|LH_159|LH_307|LH_271|LH_278|LH_462|LH_176|LH_125|LH_474|LH_169|LH_388|LH_473|LH_438|LH_335|LH_220|LH_288|LH_383|LH_387|LH_37|LH_353|LH_204|LH_233|LH_408|LH_409,LH_272|LH_228|LH_492|LH_165|LH_373|LH_421|LH_90|LH_295|LH_416|LH_226|LH_142|LH_391|LH_457|LH_300|LH_44|LH_188|LH_282|LH_69|LH_401|LH_59|LH_16|LH_310|LH_124|LH_62|LH_106|LH_101|LH_279|LH_56|LH_304|LH_15|LH_266|LH_181|LH_235|LH_203|LH_327|LH_400|LH_402|LH_116|LH_362|LH_13|LH_96|LH_394|LH_99|LH_461|LH_398|LH_34|LH_261|LH_283|LH_14|LH_313|LH_25|LH_210|LH_483|LH_489|LH_108|LH_392|LH_60|LH_22|LH_50|LH_205|LH_195|LH_33|LH_118|LH_291|LH_192|LH_190|LH_0|LH_270|LH_88|LH_484|LH_244|LH_428|LH_330|LH_42|LH_285,3ce48b66c11e30bec459c52ba7f4a900809dd2b45be0995b8b56aeaefc747951,True,True,True,True,True,True,complete,True,0.09692028516105243,0.09644289841254552,0.10448446621497472,0.12045445726217405,0.014509276274324915,-0.022149306071661767,0.017671748236270057,defined,0.29471200038989387,0.31256703853607176,0.11994453853216079,0.0019258409405673092,0.016056095293166955,75,0.0,0.0,0.309533953666687,0.3170643746852875,0.007530421018600464,0.017855038146177928,0.11992596486065997,0.19822462648153305,not recorded,not recorded,44448dc7ee6abe01e07ced7102df51066700092ee9ae466e9785baf2fc2b4340,True,1.3877787807814457e-17,knn_alternative,alternative_protocol,alternative_protocol,unique,"k=12, expected 8"
EvolveGCN-H,evolvegcn_h_u500_top100_norm-minmax_k12_h32_l2_factorial_seed42,experiments/evolvegcn_h_u500_top100_norm-minmax_k12_h32_l2_factorial_seed42,data/processed/temporal_500u_logmass_minmax_top100_periodic_knn_k12/camels_500u_temporal_logmass_minmax_top100_periodic_knn_k12.pt,data/processed/temporal_500u_logmass_minmax_top100_periodic_knn_k12/camels_500u_temporal_logmass_minmax_top100_periodic_knn_k12.metadata.json,temporal,500,LH_0..LH_499,5,five sorted snapshots; exact identities not persisted in sidecar,100,log10_Mvir|X|Y|Z|VX|VY|VZ,minmax,per_universe_per_snapshot_per_feature,False,True,12,25.0,32,2,evolvegcn_h,True,mean,mean,mlp,"Linear(D,H)-ReLU-Dropout-Linear(H,1)",False,False,4,300,40,0.001,1e-05,0.2,relu,1.0,MSE,42,0.7|0.15|0.15,LH_164|LH_383|LH_45|LH_156|LH_53|LH_72|LH_315|LH_209|LH_74|LH_333|LH_403|LH_415|LH_92|LH_215|LH_479|LH_59|LH_368|LH_163|LH_210|LH_251|LH_443|LH_320|LH_289|LH_389|LH_7|LH_462|LH_249|LH_228|LH_245|LH_211|LH_129|LH_162|LH_223|LH_41|LH_278|LH_21|LH_434|LH_68|LH_227|LH_151|LH_369|LH_217|LH_154|LH_177|LH_397|LH_139|LH_141|LH_326|LH_175|LH_170|LH_88|LH_96|LH_439|LH_303|LH_50|LH_199|LH_297|LH_131|LH_120|LH_358|LH_180|LH_370|LH_37|LH_160|LH_4|LH_93|LH_304|LH_188|LH_374|LH_453|LH_94|LH_468|LH_292|LH_340|LH_407|LH_408|LH_187|LH_334|LH_213|LH_127|LH_11|LH_6|LH_442|LH_246|LH_396|LH_425|LH_345|LH_89|LH_426|LH_26|LH_77|LH_184|LH_262|LH_207|LH_182|LH_95|LH_100|LH_419|LH_394|LH_155|LH_230|LH_362|LH_237|LH_353|LH_85|LH_323|LH_171|LH_393|LH_153|LH_313|LH_38|LH_392|LH_69|LH_106|LH_348|LH_489|LH_428|LH_158|LH_31|LH_244|LH_8|LH_267|LH_485|LH_233|LH_261|LH_401|LH_291|LH_198|LH_132|LH_324|LH_322|LH_2|LH_18|LH_488|LH_263|LH_76|LH_253|LH_314|LH_351|LH_471|LH_143|LH_449|LH_66|LH_179|LH_133|LH_144|LH_406|LH_280|LH_269|LH_466|LH_208|LH_145|LH_432|LH_277|LH_341|LH_465|LH_317|LH_17|LH_448|LH_20|LH_130|LH_238|LH_296|LH_286|LH_336|LH_300|LH_149|LH_203|LH_387|LH_398|LH_190|LH_201|LH_418|LH_14|LH_55|LH_75|LH_284|LH_39|LH_391|LH_460|LH_257|LH_178|LH_212|LH_472|LH_420|LH_67|LH_99|LH_476|LH_97|LH_196|LH_339|LH_288|LH_318|LH_457|LH_124|LH_242|LH_42|LH_60|LH_192|LH_422|LH_266|LH_254|LH_384|LH_497|LH_226|LH_495|LH_113|LH_19|LH_218|LH_118|LH_364|LH_385|LH_437|LH_293|LH_493|LH_378|LH_241|LH_446|LH_435|LH_27|LH_220|LH_469|LH_86|LH_361|LH_103|LH_481|LH_25|LH_307|LH_167|LH_450|LH_475|LH_410|LH_221|LH_416|LH_105|LH_371|LH_90|LH_452|LH_168|LH_240|LH_402|LH_48|LH_104|LH_206|LH_247|LH_200|LH_62|LH_477|LH_147|LH_146|LH_225|LH_421|LH_484|LH_491|LH_451|LH_109|LH_294|LH_440|LH_121|LH_265|LH_169|LH_381|LH_34|LH_268|LH_30|LH_400|LH_461|LH_354|LH_382|LH_10|LH_173|LH_342|LH_115|LH_363|LH_61|LH_231|LH_264|LH_224|LH_312|LH_356|LH_159|LH_102|LH_310|LH_372|LH_344|LH_337|LH_365|LH_84|LH_281|LH_243|LH_65|LH_64|LH_272|LH_423|LH_248|LH_43|LH_417|LH_375|LH_123|LH_29|LH_122|LH_157|LH_355|LH_330|LH_9|LH_250|LH_165|LH_306|LH_0|LH_271|LH_276|LH_82|LH_191|LH_347|LH_473|LH_399|LH_319|LH_152|LH_54|LH_259|LH_91|LH_256|LH_430|LH_1|LH_459|LH_80|LH_222|LH_431|LH_498|LH_455|LH_328|LH_404|LH_436|LH_58|LH_5|LH_283|LH_128|LH_270|LH_239|LH_405|LH_195|LH_197|LH_32|LH_305|LH_487|LH_458|LH_429|LH_78|LH_56|LH_24,LH_46|LH_252|LH_260|LH_70|LH_386|LH_427|LH_204|LH_298|LH_219|LH_299|LH_134|LH_275|LH_474|LH_126|LH_492|LH_441|LH_73|LH_234|LH_329|LH_202|LH_255|LH_335|LH_376|LH_380|LH_367|LH_290|LH_108|LH_33|LH_137|LH_205|LH_161|LH_482|LH_117|LH_28|LH_166|LH_350|LH_467|LH_285|LH_352|LH_499|LH_138|LH_463|LH_236|LH_409|LH_494|LH_438|LH_273|LH_87|LH_411|LH_311|LH_36|LH_331|LH_349|LH_470|LH_136|LH_343|LH_107|LH_181|LH_189|LH_83|LH_186|LH_325|LH_232|LH_454|LH_447|LH_51|LH_478|LH_444|LH_148|LH_395|LH_116|LH_338|LH_23|LH_35|LH_360,LH_98|LH_295|LH_185|LH_316|LH_321|LH_424|LH_150|LH_282|LH_40|LH_193|LH_63|LH_274|LH_235|LH_373|LH_22|LH_413|LH_135|LH_309|LH_176|LH_433|LH_183|LH_49|LH_194|LH_480|LH_490|LH_172|LH_390|LH_110|LH_79|LH_464|LH_174|LH_483|LH_357|LH_81|LH_412|LH_388|LH_3|LH_445|LH_414|LH_142|LH_301|LH_229|LH_112|LH_214|LH_486|LH_359|LH_332|LH_366|LH_101|LH_287|LH_13|LH_308|LH_258|LH_119|LH_111|LH_47|LH_15|LH_16|LH_216|LH_302|LH_44|LH_279|LH_456|LH_496|LH_346|LH_52|LH_377|LH_71|LH_114|LH_125|LH_140|LH_379|LH_12|LH_57|LH_327,0f963679cd284fca861fc2c59d88bdae8e8f1f21e2cbe1bb73bd593b49056748,True,True,True,True,True,True,complete,True,0.10060291754347937,0.0934730926156044,0.08659132818380992,0.10214126683893199,0.010432838391461906,-0.015821929741527185,0.02529009520755831,defined,0.2916933327913284,0.3046920124689738,0.10202514478236673,0.002898183468998402,0.028406560707956992,75,0.0,0.0,0.2976956069469452,0.31088507175445557,0.013189464807510376,0.012998679677645366,0.10199300809750099,0.19944780319929123,not recorded,not recorded,2b59f977306a937df45a35a8133d151cffa007fb20ff896e6c7ce5d511ef973c,True,0.0,knn_alternative,alternative_protocol,alternative_protocol,unique,"k=12, expected 8"
EvolveGCN-H,evolvegcn_h_u500_top100_norm-minmax_k4_h32_l2_factorial_seed123,experiments/evolvegcn_h_u500_top100_norm-minmax_k4_h32_l2_factorial_seed123,data/processed/temporal_500u_logmass_minmax_top100_periodic_knn_k4/camels_500u_temporal_logmass_minmax_top100_periodic_knn_k4.pt,data/processed/temporal_500u_logmass_minmax_top100_periodic_knn_k4/camels_500u_temporal_logmass_minmax_top100_periodic_knn_k4.metadata.json,temporal,500,LH_0..LH_499,5,five sorted snapshots; exact identities not persisted in sidecar,100,log10_Mvir|X|Y|Z|VX|VY|VZ,minmax,per_universe_per_snapshot_per_feature,False,True,4,25.0,32,2,evolvegcn_h,True,mean,mean,mlp,"Linear(D,H)-ReLU-Dropout-Linear(H,1)",False,False,4,300,40,0.001,1e-05,0.2,relu,1.0,MSE,123,0.7|0.15|0.15,LH_380|LH_468|LH_145|LH_2|LH_282|LH_103|LH_148|LH_312|LH_130|LH_411|LH_168|LH_204|LH_113|LH_132|LH_418|LH_270|LH_351|LH_157|LH_451|LH_339|LH_288|LH_277|LH_354|LH_48|LH_318|LH_303|LH_314|LH_234|LH_95|LH_304|LH_271|LH_434|LH_173|LH_357|LH_495|LH_133|LH_431|LH_39|LH_490|LH_310|LH_317|LH_471|LH_23|LH_426|LH_224|LH_286|LH_20|LH_365|LH_255|LH_216|LH_405|LH_79|LH_228|LH_445|LH_189|LH_184|LH_243|LH_358|LH_276|LH_218|LH_488|LH_60|LH_438|LH_159|LH_167|LH_349|LH_89|LH_121|LH_333|LH_51|LH_9|LH_482|LH_152|LH_416|LH_379|LH_306|LH_111|LH_185|LH_340|LH_489|LH_475|LH_93|LH_84|LH_376|LH_291|LH_158|LH_250|LH_323|LH_406|LH_460|LH_50|LH_433|LH_372|LH_66|LH_108|LH_465|LH_71|LH_298|LH_369|LH_437|LH_211|LH_11|LH_110|LH_142|LH_28|LH_59|LH_163|LH_38|LH_24|LH_205|LH_440|LH_140|LH_177|LH_252|LH_235|LH_245|LH_242|LH_25|LH_21|LH_217|LH_160|LH_231|LH_77|LH_151|LH_54|LH_345|LH_280|LH_257|LH_456|LH_308|LH_331|LH_58|LH_360|LH_179|LH_464|LH_388|LH_129|LH_285|LH_347|LH_56|LH_387|LH_169|LH_36|LH_138|LH_319|LH_296|LH_246|LH_122|LH_33|LH_127|LH_109|LH_363|LH_183|LH_196|LH_422|LH_86|LH_400|LH_297|LH_346|LH_116|LH_63|LH_88|LH_477|LH_144|LH_112|LH_362|LH_399|LH_334|LH_62|LH_353|LH_146|LH_373|LH_27|LH_76|LH_260|LH_150|LH_210|LH_195|LH_290|LH_82|LH_154|LH_432|LH_320|LH_361|LH_75|LH_17|LH_94|LH_238|LH_143|LH_469|LH_67|LH_225|LH_391|LH_106|LH_15|LH_97|LH_46|LH_49|LH_192|LH_226|LH_114|LH_302|LH_356|LH_91|LH_80|LH_107|LH_329|LH_209|LH_384|LH_409|LH_13|LH_176|LH_299|LH_483|LH_295|LH_491|LH_332|LH_292|LH_153|LH_202|LH_268|LH_1|LH_417|LH_313|LH_375|LH_128|LH_352|LH_57|LH_408|LH_254|LH_382|LH_390|LH_377|LH_328|LH_213|LH_182|LH_65|LH_7|LH_315|LH_101|LH_187|LH_126|LH_123|LH_394|LH_201|LH_251|LH_494|LH_239|LH_383|LH_367|LH_237|LH_34|LH_307|LH_141|LH_403|LH_344|LH_162|LH_43|LH_118|LH_498|LH_99|LH_392|LH_102|LH_258|LH_100|LH_41|LH_281|LH_364|LH_492|LH_448|LH_164|LH_104|LH_124|LH_259|LH_355|LH_458|LH_484|LH_115|LH_309|LH_338|LH_53|LH_381|LH_442|LH_70|LH_284|LH_263|LH_419|LH_166|LH_441|LH_481|LH_335|LH_219|LH_155|LH_294|LH_230|LH_378|LH_476|LH_232|LH_480|LH_31|LH_343|LH_197|LH_301|LH_85|LH_61|LH_264|LH_446|LH_273|LH_455|LH_188|LH_199|LH_452|LH_74|LH_443|LH_423|LH_395|LH_265|LH_29|LH_40|LH_120|LH_190|LH_73|LH_348|LH_415|LH_474|LH_337|LH_12|LH_178|LH_212|LH_402|LH_478|LH_412|LH_241|LH_454|LH_165|LH_14|LH_206|LH_325|LH_279|LH_398|LH_366|LH_462|LH_4|LH_221|LH_421|LH_389|LH_181|LH_413|LH_32|LH_316,LH_493|LH_473|LH_215|LH_324|LH_425|LH_139|LH_424|LH_385|LH_131|LH_453|LH_98|LH_470|LH_68|LH_5|LH_459|LH_236|LH_466|LH_227|LH_487|LH_78|LH_90|LH_439|LH_278|LH_119|LH_368|LH_322|LH_253|LH_147|LH_435|LH_30|LH_397|LH_256|LH_272|LH_207|LH_117|LH_180|LH_430|LH_186|LH_321|LH_45|LH_300|LH_96|LH_8|LH_401|LH_450|LH_198|LH_233|LH_370|LH_37|LH_200|LH_283|LH_479|LH_171|LH_87|LH_134|LH_336|LH_249|LH_42|LH_371|LH_92|LH_427|LH_386|LH_16|LH_261|LH_191|LH_214|LH_342|LH_266|LH_248|LH_467|LH_457|LH_407|LH_326|LH_275|LH_350,LH_222|LH_262|LH_330|LH_444|LH_203|LH_6|LH_472|LH_414|LH_289|LH_269|LH_327|LH_311|LH_420|LH_105|LH_247|LH_410|LH_267|LH_175|LH_156|LH_496|LH_18|LH_428|LH_240|LH_135|LH_244|LH_293|LH_220|LH_149|LH_10|LH_404|LH_64|LH_72|LH_341|LH_47|LH_22|LH_52|LH_229|LH_374|LH_161|LH_3|LH_35|LH_193|LH_305|LH_449|LH_497|LH_396|LH_223|LH_463|LH_0|LH_83|LH_125|LH_359|LH_485|LH_486|LH_172|LH_69|LH_81|LH_499|LH_436|LH_174|LH_170|LH_287|LH_274|LH_194|LH_19|LH_447|LH_461|LH_429|LH_55|LH_136|LH_208|LH_393|LH_44|LH_137|LH_26,853549f16ef8eb3d7f18ae850c94b13c0c8bf0e770bb99cfbffff48b03530266,True,True,True,True,True,True,complete,True,0.09500566857201713,0.10384870857000351,0.0975723499059677,0.11518685155360059,0.013268010770831219,-0.02486996102740413,-0.10346089350968064,defined,0.29364533245563507,0.2918578298886617,0.11454688870034196,0.009678606840213483,0.08449471609423634,75,0.0,0.0,0.26742395758628845,0.31379568576812744,0.04637172818183899,-0.0017875025669733683,0.11594856562434129,0.2143665850162506,not recorded,not recorded,119f00a33f98d86ed01c8f89e62d37f71068c7798550ce0bd08b0ae88a0402e3,True,0.0,knn_alternative,alternative_protocol,alternative_protocol,unique,"k=4, expected 8"
EvolveGCN-H,evolvegcn_h_u500_top100_norm-minmax_k4_h32_l2_factorial_seed2025,experiments/evolvegcn_h_u500_top100_norm-minmax_k4_h32_l2_factorial_seed2025,data/processed/temporal_500u_logmass_minmax_top100_periodic_knn_k4/camels_500u_temporal_logmass_minmax_top100_periodic_knn_k4.pt,data/processed/temporal_500u_logmass_minmax_top100_periodic_knn_k4/camels_500u_temporal_logmass_minmax_top100_periodic_knn_k4.metadata.json,temporal,500,LH_0..LH_499,5,five sorted snapshots; exact identities not persisted in sidecar,100,log10_Mvir|X|Y|Z|VX|VY|VZ,minmax,per_universe_per_snapshot_per_feature,False,True,4,25.0,32,2,evolvegcn_h,True,mean,mean,mlp,"Linear(D,H)-ReLU-Dropout-Linear(H,1)",False,False,4,300,40,0.001,1e-05,0.2,relu,1.0,MSE,2025,0.7|0.15|0.15,LH_322|LH_49|LH_312|LH_130|LH_467|LH_459|LH_70|LH_456|LH_248|LH_365|LH_329|LH_63|LH_331|LH_324|LH_311|LH_87|LH_469|LH_119|LH_209|LH_452|LH_212|LH_167|LH_91|LH_460|LH_485|LH_255|LH_155|LH_458|LH_372|LH_479|LH_446|LH_97|LH_19|LH_149|LH_170|LH_287|LH_334|LH_495|LH_369|LH_318|LH_144|LH_440|LH_297|LH_219|LH_498|LH_350|LH_177|LH_368|LH_339|LH_8|LH_129|LH_275|LH_345|LH_206|LH_92|LH_36|LH_46|LH_128|LH_490|LH_103|LH_411|LH_237|LH_249|LH_434|LH_201|LH_114|LH_325|LH_284|LH_10|LH_239|LH_224|LH_277|LH_138|LH_281|LH_315|LH_361|LH_439|LH_274|LH_379|LH_57|LH_173|LH_455|LH_407|LH_113|LH_437|LH_360|LH_317|LH_250|LH_207|LH_26|LH_236|LH_89|LH_110|LH_102|LH_83|LH_299|LH_366|LH_6|LH_216|LH_191|LH_463|LH_454|LH_17|LH_85|LH_482|LH_112|LH_4|LH_223|LH_417|LH_444|LH_347|LH_20|LH_349|LH_306|LH_40|LH_380|LH_185|LH_151|LH_390|LH_174|LH_303|LH_494|LH_432|LH_241|LH_41|LH_21|LH_164|LH_478|LH_328|LH_80|LH_148|LH_246|LH_441|LH_340|LH_364|LH_422|LH_435|LH_154|LH_158|LH_24|LH_396|LH_447|LH_198|LH_54|LH_146|LH_217|LH_35|LH_18|LH_32|LH_389|LH_359|LH_68|LH_320|LH_337|LH_356|LH_358|LH_426|LH_405|LH_464|LH_240|LH_348|LH_74|LH_357|LH_443|LH_252|LH_302|LH_256|LH_53|LH_55|LH_160|LH_415|LH_465|LH_199|LH_273|LH_135|LH_107|LH_412|LH_61|LH_342|LH_247|LH_374|LH_289|LH_294|LH_71|LH_449|LH_404|LH_197|LH_375|LH_376|LH_47|LH_120|LH_121|LH_453|LH_211|LH_242|LH_67|LH_305|LH_156|LH_332|LH_265|LH_314|LH_496|LH_431|LH_153|LH_84|LH_268|LH_95|LH_187|LH_43|LH_9|LH_111|LH_168|LH_262|LH_338|LH_225|LH_1|LH_413|LH_2|LH_269|LH_231|LH_316|LH_267|LH_81|LH_193|LH_468|LH_397|LH_386|LH_423|LH_286|LH_31|LH_66|LH_65|LH_346|LH_28|LH_497|LH_245|LH_336|LH_178|LH_254|LH_486|LH_215|LH_476|LH_7|LH_343|LH_194|LH_425|LH_378|LH_427|LH_86|LH_29|LH_64|LH_23|LH_229|LH_333|LH_139|LH_251|LH_414|LH_51|LH_260|LH_147|LH_45|LH_475|LH_308|LH_290|LH_436|LH_200|LH_477|LH_424|LH_238|LH_11|LH_183|LH_382|LH_234|LH_480|LH_450|LH_162|LH_136|LH_145|LH_221|LH_430|LH_27|LH_98|LH_137|LH_488|LH_115|LH_152|LH_172|LH_448|LH_3|LH_30|LH_385|LH_134|LH_296|LH_52|LH_419|LH_384|LH_93|LH_253|LH_418|LH_487|LH_171|LH_58|LH_131|LH_79|LH_127|LH_481|LH_403|LH_399|LH_213|LH_218|LH_232|LH_259|LH_371|LH_76|LH_470|LH_133|LH_166|LH_243|LH_393|LH_189|LH_182|LH_264|LH_180|LH_352|LH_406|LH_395|LH_370|LH_344|LH_214|LH_123|LH_377|LH_420|LH_39|LH_94|LH_230|LH_309|LH_117|LH_202|LH_355|LH_186|LH_163|LH_321|LH_442|LH_354|LH_161|LH_122|LH_493|LH_72|LH_100|LH_222,LH_298|LH_48|LH_5|LH_471|LH_132|LH_77|LH_367|LH_227|LH_323|LH_73|LH_109|LH_104|LH_363|LH_105|LH_445|LH_351|LH_208|LH_293|LH_258|LH_12|LH_381|LH_157|LH_126|LH_263|LH_175|LH_196|LH_257|LH_78|LH_292|LH_472|LH_276|LH_301|LH_280|LH_319|LH_429|LH_179|LH_491|LH_466|LH_326|LH_433|LH_140|LH_451|LH_141|LH_341|LH_75|LH_499|LH_38|LH_184|LH_150|LH_410|LH_143|LH_82|LH_159|LH_307|LH_271|LH_278|LH_462|LH_176|LH_125|LH_474|LH_169|LH_388|LH_473|LH_438|LH_335|LH_220|LH_288|LH_383|LH_387|LH_37|LH_353|LH_204|LH_233|LH_408|LH_409,LH_272|LH_228|LH_492|LH_165|LH_373|LH_421|LH_90|LH_295|LH_416|LH_226|LH_142|LH_391|LH_457|LH_300|LH_44|LH_188|LH_282|LH_69|LH_401|LH_59|LH_16|LH_310|LH_124|LH_62|LH_106|LH_101|LH_279|LH_56|LH_304|LH_15|LH_266|LH_181|LH_235|LH_203|LH_327|LH_400|LH_402|LH_116|LH_362|LH_13|LH_96|LH_394|LH_99|LH_461|LH_398|LH_34|LH_261|LH_283|LH_14|LH_313|LH_25|LH_210|LH_483|LH_489|LH_108|LH_392|LH_60|LH_22|LH_50|LH_205|LH_195|LH_33|LH_118|LH_291|LH_192|LH_190|LH_0|LH_270|LH_88|LH_484|LH_244|LH_428|LH_330|LH_42|LH_285,3ce48b66c11e30bec459c52ba7f4a900809dd2b45be0995b8b56aeaefc747951,True,True,True,True,True,True,complete,True,0.09765887237020901,0.09535815467437109,0.10619491408268611,0.12167124210377095,0.014803891155074446,-0.042904331354997494,-0.04846152958046771,defined,0.29471200038989387,0.3188414212067922,0.11994453853216079,0.001993836034588057,0.016622983080246283,75,0.0,0.0,0.3149455785751343,0.3236539363861084,0.008708357810974121,0.024129420816898346,0.12005768126414255,0.20392189174890518,not recorded,not recorded,88fa64b59ec948a5b1eeb770e13aaf4fbe79521a311592c1084be4a20433af6f,True,1.3877787807814457e-17,knn_alternative,alternative_protocol,alternative_protocol,unique,"k=4, expected 8"
EvolveGCN-H,evolvegcn_h_u500_top100_norm-minmax_k4_h32_l2_factorial_seed42,experiments/evolvegcn_h_u500_top100_norm-minmax_k4_h32_l2_factorial_seed42,data/processed/temporal_500u_logmass_minmax_top100_periodic_knn_k4/camels_500u_temporal_logmass_minmax_top100_periodic_knn_k4.pt,data/processed/temporal_500u_logmass_minmax_top100_periodic_knn_k4/camels_500u_temporal_logmass_minmax_top100_periodic_knn_k4.metadata.json,temporal,500,LH_0..LH_499,5,five sorted snapshots; exact identities not persisted in sidecar,100,log10_Mvir|X|Y|Z|VX|VY|VZ,minmax,per_universe_per_snapshot_per_feature,False,True,4,25.0,32,2,evolvegcn_h,True,mean,mean,mlp,"Linear(D,H)-ReLU-Dropout-Linear(H,1)",False,False,4,300,40,0.001,1e-05,0.2,relu,1.0,MSE,42,0.7|0.15|0.15,LH_164|LH_383|LH_45|LH_156|LH_53|LH_72|LH_315|LH_209|LH_74|LH_333|LH_403|LH_415|LH_92|LH_215|LH_479|LH_59|LH_368|LH_163|LH_210|LH_251|LH_443|LH_320|LH_289|LH_389|LH_7|LH_462|LH_249|LH_228|LH_245|LH_211|LH_129|LH_162|LH_223|LH_41|LH_278|LH_21|LH_434|LH_68|LH_227|LH_151|LH_369|LH_217|LH_154|LH_177|LH_397|LH_139|LH_141|LH_326|LH_175|LH_170|LH_88|LH_96|LH_439|LH_303|LH_50|LH_199|LH_297|LH_131|LH_120|LH_358|LH_180|LH_370|LH_37|LH_160|LH_4|LH_93|LH_304|LH_188|LH_374|LH_453|LH_94|LH_468|LH_292|LH_340|LH_407|LH_408|LH_187|LH_334|LH_213|LH_127|LH_11|LH_6|LH_442|LH_246|LH_396|LH_425|LH_345|LH_89|LH_426|LH_26|LH_77|LH_184|LH_262|LH_207|LH_182|LH_95|LH_100|LH_419|LH_394|LH_155|LH_230|LH_362|LH_237|LH_353|LH_85|LH_323|LH_171|LH_393|LH_153|LH_313|LH_38|LH_392|LH_69|LH_106|LH_348|LH_489|LH_428|LH_158|LH_31|LH_244|LH_8|LH_267|LH_485|LH_233|LH_261|LH_401|LH_291|LH_198|LH_132|LH_324|LH_322|LH_2|LH_18|LH_488|LH_263|LH_76|LH_253|LH_314|LH_351|LH_471|LH_143|LH_449|LH_66|LH_179|LH_133|LH_144|LH_406|LH_280|LH_269|LH_466|LH_208|LH_145|LH_432|LH_277|LH_341|LH_465|LH_317|LH_17|LH_448|LH_20|LH_130|LH_238|LH_296|LH_286|LH_336|LH_300|LH_149|LH_203|LH_387|LH_398|LH_190|LH_201|LH_418|LH_14|LH_55|LH_75|LH_284|LH_39|LH_391|LH_460|LH_257|LH_178|LH_212|LH_472|LH_420|LH_67|LH_99|LH_476|LH_97|LH_196|LH_339|LH_288|LH_318|LH_457|LH_124|LH_242|LH_42|LH_60|LH_192|LH_422|LH_266|LH_254|LH_384|LH_497|LH_226|LH_495|LH_113|LH_19|LH_218|LH_118|LH_364|LH_385|LH_437|LH_293|LH_493|LH_378|LH_241|LH_446|LH_435|LH_27|LH_220|LH_469|LH_86|LH_361|LH_103|LH_481|LH_25|LH_307|LH_167|LH_450|LH_475|LH_410|LH_221|LH_416|LH_105|LH_371|LH_90|LH_452|LH_168|LH_240|LH_402|LH_48|LH_104|LH_206|LH_247|LH_200|LH_62|LH_477|LH_147|LH_146|LH_225|LH_421|LH_484|LH_491|LH_451|LH_109|LH_294|LH_440|LH_121|LH_265|LH_169|LH_381|LH_34|LH_268|LH_30|LH_400|LH_461|LH_354|LH_382|LH_10|LH_173|LH_342|LH_115|LH_363|LH_61|LH_231|LH_264|LH_224|LH_312|LH_356|LH_159|LH_102|LH_310|LH_372|LH_344|LH_337|LH_365|LH_84|LH_281|LH_243|LH_65|LH_64|LH_272|LH_423|LH_248|LH_43|LH_417|LH_375|LH_123|LH_29|LH_122|LH_157|LH_355|LH_330|LH_9|LH_250|LH_165|LH_306|LH_0|LH_271|LH_276|LH_82|LH_191|LH_347|LH_473|LH_399|LH_319|LH_152|LH_54|LH_259|LH_91|LH_256|LH_430|LH_1|LH_459|LH_80|LH_222|LH_431|LH_498|LH_455|LH_328|LH_404|LH_436|LH_58|LH_5|LH_283|LH_128|LH_270|LH_239|LH_405|LH_195|LH_197|LH_32|LH_305|LH_487|LH_458|LH_429|LH_78|LH_56|LH_24,LH_46|LH_252|LH_260|LH_70|LH_386|LH_427|LH_204|LH_298|LH_219|LH_299|LH_134|LH_275|LH_474|LH_126|LH_492|LH_441|LH_73|LH_234|LH_329|LH_202|LH_255|LH_335|LH_376|LH_380|LH_367|LH_290|LH_108|LH_33|LH_137|LH_205|LH_161|LH_482|LH_117|LH_28|LH_166|LH_350|LH_467|LH_285|LH_352|LH_499|LH_138|LH_463|LH_236|LH_409|LH_494|LH_438|LH_273|LH_87|LH_411|LH_311|LH_36|LH_331|LH_349|LH_470|LH_136|LH_343|LH_107|LH_181|LH_189|LH_83|LH_186|LH_325|LH_232|LH_454|LH_447|LH_51|LH_478|LH_444|LH_148|LH_395|LH_116|LH_338|LH_23|LH_35|LH_360,LH_98|LH_295|LH_185|LH_316|LH_321|LH_424|LH_150|LH_282|LH_40|LH_193|LH_63|LH_274|LH_235|LH_373|LH_22|LH_413|LH_135|LH_309|LH_176|LH_433|LH_183|LH_49|LH_194|LH_480|LH_490|LH_172|LH_390|LH_110|LH_79|LH_464|LH_174|LH_483|LH_357|LH_81|LH_412|LH_388|LH_3|LH_445|LH_414|LH_142|LH_301|LH_229|LH_112|LH_214|LH_486|LH_359|LH_332|LH_366|LH_101|LH_287|LH_13|LH_308|LH_258|LH_119|LH_111|LH_47|LH_15|LH_16|LH_216|LH_302|LH_44|LH_279|LH_456|LH_496|LH_346|LH_52|LH_377|LH_71|LH_114|LH_125|LH_140|LH_379|LH_12|LH_57|LH_327,0f963679cd284fca861fc2c59d88bdae8e8f1f21e2cbe1bb73bd593b49056748,True,True,True,True,True,True,complete,True,0.10060504457780294,0.09370214492082596,0.08635540862878163,0.10170210510186135,0.010343318182150054,-0.0071055489866549415,0.03605657984451675,defined,0.2916933327913284,0.30089805404345193,0.10202514478236673,0.0024045493825505695,0.023568203580399665,75,0.0,0.0,0.29502037167549133,0.30572837591171265,0.010708004236221313,0.009204721252123516,0.10196676370676795,0.19549577683210373,not recorded,not recorded,d05601e2a4406a278187a5e25bff0d9b97cb6ee81eb92507b204fd402304c894,True,0.0,knn_alternative,alternative_protocol,alternative_protocol,unique,"k=4, expected 8"
EvolveGCN-H,evolvegcn_h_u500_top100_norm-minmax_k6_h32_l2_factorial_seed123,experiments/evolvegcn_h_u500_top100_norm-minmax_k6_h32_l2_factorial_seed123,data/processed/temporal_500u_logmass_minmax_top100_periodic_knn_k6/camels_500u_temporal_logmass_minmax_top100_periodic_knn_k6.pt,data/processed/temporal_500u_logmass_minmax_top100_periodic_knn_k6/camels_500u_temporal_logmass_minmax_top100_periodic_knn_k6.metadata.json,temporal,500,LH_0..LH_499,5,five sorted snapshots; exact identities not persisted in sidecar,100,log10_Mvir|X|Y|Z|VX|VY|VZ,minmax,per_universe_per_snapshot_per_feature,False,True,6,25.0,32,2,evolvegcn_h,True,mean,mean,mlp,"Linear(D,H)-ReLU-Dropout-Linear(H,1)",False,False,4,300,40,0.001,1e-05,0.2,relu,1.0,MSE,123,0.7|0.15|0.15,LH_380|LH_468|LH_145|LH_2|LH_282|LH_103|LH_148|LH_312|LH_130|LH_411|LH_168|LH_204|LH_113|LH_132|LH_418|LH_270|LH_351|LH_157|LH_451|LH_339|LH_288|LH_277|LH_354|LH_48|LH_318|LH_303|LH_314|LH_234|LH_95|LH_304|LH_271|LH_434|LH_173|LH_357|LH_495|LH_133|LH_431|LH_39|LH_490|LH_310|LH_317|LH_471|LH_23|LH_426|LH_224|LH_286|LH_20|LH_365|LH_255|LH_216|LH_405|LH_79|LH_228|LH_445|LH_189|LH_184|LH_243|LH_358|LH_276|LH_218|LH_488|LH_60|LH_438|LH_159|LH_167|LH_349|LH_89|LH_121|LH_333|LH_51|LH_9|LH_482|LH_152|LH_416|LH_379|LH_306|LH_111|LH_185|LH_340|LH_489|LH_475|LH_93|LH_84|LH_376|LH_291|LH_158|LH_250|LH_323|LH_406|LH_460|LH_50|LH_433|LH_372|LH_66|LH_108|LH_465|LH_71|LH_298|LH_369|LH_437|LH_211|LH_11|LH_110|LH_142|LH_28|LH_59|LH_163|LH_38|LH_24|LH_205|LH_440|LH_140|LH_177|LH_252|LH_235|LH_245|LH_242|LH_25|LH_21|LH_217|LH_160|LH_231|LH_77|LH_151|LH_54|LH_345|LH_280|LH_257|LH_456|LH_308|LH_331|LH_58|LH_360|LH_179|LH_464|LH_388|LH_129|LH_285|LH_347|LH_56|LH_387|LH_169|LH_36|LH_138|LH_319|LH_296|LH_246|LH_122|LH_33|LH_127|LH_109|LH_363|LH_183|LH_196|LH_422|LH_86|LH_400|LH_297|LH_346|LH_116|LH_63|LH_88|LH_477|LH_144|LH_112|LH_362|LH_399|LH_334|LH_62|LH_353|LH_146|LH_373|LH_27|LH_76|LH_260|LH_150|LH_210|LH_195|LH_290|LH_82|LH_154|LH_432|LH_320|LH_361|LH_75|LH_17|LH_94|LH_238|LH_143|LH_469|LH_67|LH_225|LH_391|LH_106|LH_15|LH_97|LH_46|LH_49|LH_192|LH_226|LH_114|LH_302|LH_356|LH_91|LH_80|LH_107|LH_329|LH_209|LH_384|LH_409|LH_13|LH_176|LH_299|LH_483|LH_295|LH_491|LH_332|LH_292|LH_153|LH_202|LH_268|LH_1|LH_417|LH_313|LH_375|LH_128|LH_352|LH_57|LH_408|LH_254|LH_382|LH_390|LH_377|LH_328|LH_213|LH_182|LH_65|LH_7|LH_315|LH_101|LH_187|LH_126|LH_123|LH_394|LH_201|LH_251|LH_494|LH_239|LH_383|LH_367|LH_237|LH_34|LH_307|LH_141|LH_403|LH_344|LH_162|LH_43|LH_118|LH_498|LH_99|LH_392|LH_102|LH_258|LH_100|LH_41|LH_281|LH_364|LH_492|LH_448|LH_164|LH_104|LH_124|LH_259|LH_355|LH_458|LH_484|LH_115|LH_309|LH_338|LH_53|LH_381|LH_442|LH_70|LH_284|LH_263|LH_419|LH_166|LH_441|LH_481|LH_335|LH_219|LH_155|LH_294|LH_230|LH_378|LH_476|LH_232|LH_480|LH_31|LH_343|LH_197|LH_301|LH_85|LH_61|LH_264|LH_446|LH_273|LH_455|LH_188|LH_199|LH_452|LH_74|LH_443|LH_423|LH_395|LH_265|LH_29|LH_40|LH_120|LH_190|LH_73|LH_348|LH_415|LH_474|LH_337|LH_12|LH_178|LH_212|LH_402|LH_478|LH_412|LH_241|LH_454|LH_165|LH_14|LH_206|LH_325|LH_279|LH_398|LH_366|LH_462|LH_4|LH_221|LH_421|LH_389|LH_181|LH_413|LH_32|LH_316,LH_493|LH_473|LH_215|LH_324|LH_425|LH_139|LH_424|LH_385|LH_131|LH_453|LH_98|LH_470|LH_68|LH_5|LH_459|LH_236|LH_466|LH_227|LH_487|LH_78|LH_90|LH_439|LH_278|LH_119|LH_368|LH_322|LH_253|LH_147|LH_435|LH_30|LH_397|LH_256|LH_272|LH_207|LH_117|LH_180|LH_430|LH_186|LH_321|LH_45|LH_300|LH_96|LH_8|LH_401|LH_450|LH_198|LH_233|LH_370|LH_37|LH_200|LH_283|LH_479|LH_171|LH_87|LH_134|LH_336|LH_249|LH_42|LH_371|LH_92|LH_427|LH_386|LH_16|LH_261|LH_191|LH_214|LH_342|LH_266|LH_248|LH_467|LH_457|LH_407|LH_326|LH_275|LH_350,LH_222|LH_262|LH_330|LH_444|LH_203|LH_6|LH_472|LH_414|LH_289|LH_269|LH_327|LH_311|LH_420|LH_105|LH_247|LH_410|LH_267|LH_175|LH_156|LH_496|LH_18|LH_428|LH_240|LH_135|LH_244|LH_293|LH_220|LH_149|LH_10|LH_404|LH_64|LH_72|LH_341|LH_47|LH_22|LH_52|LH_229|LH_374|LH_161|LH_3|LH_35|LH_193|LH_305|LH_449|LH_497|LH_396|LH_223|LH_463|LH_0|LH_83|LH_125|LH_359|LH_485|LH_486|LH_172|LH_69|LH_81|LH_499|LH_436|LH_174|LH_170|LH_287|LH_274|LH_194|LH_19|LH_447|LH_461|LH_429|LH_55|LH_136|LH_208|LH_393|LH_44|LH_137|LH_26,853549f16ef8eb3d7f18ae850c94b13c0c8bf0e770bb99cfbffff48b03530266,True,True,True,True,True,True,complete,True,0.09512271072183337,0.1037684131662051,0.09740386386712392,0.1150432499514738,0.013234949359397277,-0.022316175985089615,-0.10998760245544505,defined,0.29364533245563507,0.29181461373964945,0.11454688870034196,0.008570619538314775,0.07482193218478214,75,0.0,0.0,0.270793080329895,0.3110988140106201,0.0403057336807251,-0.0018307187159856161,0.11580329530906887,0.21166503429412842,not recorded,not recorded,3be7a6b9936b142f6e100ce678de9dfdba3df475002a2f20267457a045ba422f,True,1.734723475976807e-18,knn_alternative,alternative_protocol,alternative_protocol,unique,"k=6, expected 8"
EvolveGCN-H,evolvegcn_h_u500_top100_norm-minmax_k6_h32_l2_factorial_seed2025,experiments/evolvegcn_h_u500_top100_norm-minmax_k6_h32_l2_factorial_seed2025,data/processed/temporal_500u_logmass_minmax_top100_periodic_knn_k6/camels_500u_temporal_logmass_minmax_top100_periodic_knn_k6.pt,data/processed/temporal_500u_logmass_minmax_top100_periodic_knn_k6/camels_500u_temporal_logmass_minmax_top100_periodic_knn_k6.metadata.json,temporal,500,LH_0..LH_499,5,five sorted snapshots; exact identities not persisted in sidecar,100,log10_Mvir|X|Y|Z|VX|VY|VZ,minmax,per_universe_per_snapshot_per_feature,False,True,6,25.0,32,2,evolvegcn_h,True,mean,mean,mlp,"Linear(D,H)-ReLU-Dropout-Linear(H,1)",False,False,4,300,40,0.001,1e-05,0.2,relu,1.0,MSE,2025,0.7|0.15|0.15,LH_322|LH_49|LH_312|LH_130|LH_467|LH_459|LH_70|LH_456|LH_248|LH_365|LH_329|LH_63|LH_331|LH_324|LH_311|LH_87|LH_469|LH_119|LH_209|LH_452|LH_212|LH_167|LH_91|LH_460|LH_485|LH_255|LH_155|LH_458|LH_372|LH_479|LH_446|LH_97|LH_19|LH_149|LH_170|LH_287|LH_334|LH_495|LH_369|LH_318|LH_144|LH_440|LH_297|LH_219|LH_498|LH_350|LH_177|LH_368|LH_339|LH_8|LH_129|LH_275|LH_345|LH_206|LH_92|LH_36|LH_46|LH_128|LH_490|LH_103|LH_411|LH_237|LH_249|LH_434|LH_201|LH_114|LH_325|LH_284|LH_10|LH_239|LH_224|LH_277|LH_138|LH_281|LH_315|LH_361|LH_439|LH_274|LH_379|LH_57|LH_173|LH_455|LH_407|LH_113|LH_437|LH_360|LH_317|LH_250|LH_207|LH_26|LH_236|LH_89|LH_110|LH_102|LH_83|LH_299|LH_366|LH_6|LH_216|LH_191|LH_463|LH_454|LH_17|LH_85|LH_482|LH_112|LH_4|LH_223|LH_417|LH_444|LH_347|LH_20|LH_349|LH_306|LH_40|LH_380|LH_185|LH_151|LH_390|LH_174|LH_303|LH_494|LH_432|LH_241|LH_41|LH_21|LH_164|LH_478|LH_328|LH_80|LH_148|LH_246|LH_441|LH_340|LH_364|LH_422|LH_435|LH_154|LH_158|LH_24|LH_396|LH_447|LH_198|LH_54|LH_146|LH_217|LH_35|LH_18|LH_32|LH_389|LH_359|LH_68|LH_320|LH_337|LH_356|LH_358|LH_426|LH_405|LH_464|LH_240|LH_348|LH_74|LH_357|LH_443|LH_252|LH_302|LH_256|LH_53|LH_55|LH_160|LH_415|LH_465|LH_199|LH_273|LH_135|LH_107|LH_412|LH_61|LH_342|LH_247|LH_374|LH_289|LH_294|LH_71|LH_449|LH_404|LH_197|LH_375|LH_376|LH_47|LH_120|LH_121|LH_453|LH_211|LH_242|LH_67|LH_305|LH_156|LH_332|LH_265|LH_314|LH_496|LH_431|LH_153|LH_84|LH_268|LH_95|LH_187|LH_43|LH_9|LH_111|LH_168|LH_262|LH_338|LH_225|LH_1|LH_413|LH_2|LH_269|LH_231|LH_316|LH_267|LH_81|LH_193|LH_468|LH_397|LH_386|LH_423|LH_286|LH_31|LH_66|LH_65|LH_346|LH_28|LH_497|LH_245|LH_336|LH_178|LH_254|LH_486|LH_215|LH_476|LH_7|LH_343|LH_194|LH_425|LH_378|LH_427|LH_86|LH_29|LH_64|LH_23|LH_229|LH_333|LH_139|LH_251|LH_414|LH_51|LH_260|LH_147|LH_45|LH_475|LH_308|LH_290|LH_436|LH_200|LH_477|LH_424|LH_238|LH_11|LH_183|LH_382|LH_234|LH_480|LH_450|LH_162|LH_136|LH_145|LH_221|LH_430|LH_27|LH_98|LH_137|LH_488|LH_115|LH_152|LH_172|LH_448|LH_3|LH_30|LH_385|LH_134|LH_296|LH_52|LH_419|LH_384|LH_93|LH_253|LH_418|LH_487|LH_171|LH_58|LH_131|LH_79|LH_127|LH_481|LH_403|LH_399|LH_213|LH_218|LH_232|LH_259|LH_371|LH_76|LH_470|LH_133|LH_166|LH_243|LH_393|LH_189|LH_182|LH_264|LH_180|LH_352|LH_406|LH_395|LH_370|LH_344|LH_214|LH_123|LH_377|LH_420|LH_39|LH_94|LH_230|LH_309|LH_117|LH_202|LH_355|LH_186|LH_163|LH_321|LH_442|LH_354|LH_161|LH_122|LH_493|LH_72|LH_100|LH_222,LH_298|LH_48|LH_5|LH_471|LH_132|LH_77|LH_367|LH_227|LH_323|LH_73|LH_109|LH_104|LH_363|LH_105|LH_445|LH_351|LH_208|LH_293|LH_258|LH_12|LH_381|LH_157|LH_126|LH_263|LH_175|LH_196|LH_257|LH_78|LH_292|LH_472|LH_276|LH_301|LH_280|LH_319|LH_429|LH_179|LH_491|LH_466|LH_326|LH_433|LH_140|LH_451|LH_141|LH_341|LH_75|LH_499|LH_38|LH_184|LH_150|LH_410|LH_143|LH_82|LH_159|LH_307|LH_271|LH_278|LH_462|LH_176|LH_125|LH_474|LH_169|LH_388|LH_473|LH_438|LH_335|LH_220|LH_288|LH_383|LH_387|LH_37|LH_353|LH_204|LH_233|LH_408|LH_409,LH_272|LH_228|LH_492|LH_165|LH_373|LH_421|LH_90|LH_295|LH_416|LH_226|LH_142|LH_391|LH_457|LH_300|LH_44|LH_188|LH_282|LH_69|LH_401|LH_59|LH_16|LH_310|LH_124|LH_62|LH_106|LH_101|LH_279|LH_56|LH_304|LH_15|LH_266|LH_181|LH_235|LH_203|LH_327|LH_400|LH_402|LH_116|LH_362|LH_13|LH_96|LH_394|LH_99|LH_461|LH_398|LH_34|LH_261|LH_283|LH_14|LH_313|LH_25|LH_210|LH_483|LH_489|LH_108|LH_392|LH_60|LH_22|LH_50|LH_205|LH_195|LH_33|LH_118|LH_291|LH_192|LH_190|LH_0|LH_270|LH_88|LH_484|LH_244|LH_428|LH_330|LH_42|LH_285,3ce48b66c11e30bec459c52ba7f4a900809dd2b45be0995b8b56aeaefc747951,True,True,True,True,True,True,complete,True,0.09725708682622228,0.09577722698450089,0.10536701311667761,0.12106939143185018,0.014657797541678556,-0.03261233038053413,-0.020650250843892794,defined,0.29471200038989387,0.31579829454422,0.11994453853216079,0.002490829201374384,0.0207665078531818,75,0.0,0.0,0.31166332960128784,0.3224773406982422,0.010814011096954346,0.02108629415432612,0.12002181280009087,0.2004292830824852,not recorded,not recorded,8114080b63293005796efb184a6ac2baad52269c7d53a00a312e5bf8f0970068,True,1.3877787807814457e-17,knn_alternative,alternative_protocol,alternative_protocol,unique,"k=6, expected 8"
EvolveGCN-H,evolvegcn_h_u500_top100_norm-minmax_k6_h32_l2_factorial_seed42,experiments/evolvegcn_h_u500_top100_norm-minmax_k6_h32_l2_factorial_seed42,data/processed/temporal_500u_logmass_minmax_top100_periodic_knn_k6/camels_500u_temporal_logmass_minmax_top100_periodic_knn_k6.pt,data/processed/temporal_500u_logmass_minmax_top100_periodic_knn_k6/camels_500u_temporal_logmass_minmax_top100_periodic_knn_k6.metadata.json,temporal,500,LH_0..LH_499,5,five sorted snapshots; exact identities not persisted in sidecar,100,log10_Mvir|X|Y|Z|VX|VY|VZ,minmax,per_universe_per_snapshot_per_feature,False,True,6,25.0,32,2,evolvegcn_h,True,mean,mean,mlp,"Linear(D,H)-ReLU-Dropout-Linear(H,1)",False,False,4,300,40,0.001,1e-05,0.2,relu,1.0,MSE,42,0.7|0.15|0.15,LH_164|LH_383|LH_45|LH_156|LH_53|LH_72|LH_315|LH_209|LH_74|LH_333|LH_403|LH_415|LH_92|LH_215|LH_479|LH_59|LH_368|LH_163|LH_210|LH_251|LH_443|LH_320|LH_289|LH_389|LH_7|LH_462|LH_249|LH_228|LH_245|LH_211|LH_129|LH_162|LH_223|LH_41|LH_278|LH_21|LH_434|LH_68|LH_227|LH_151|LH_369|LH_217|LH_154|LH_177|LH_397|LH_139|LH_141|LH_326|LH_175|LH_170|LH_88|LH_96|LH_439|LH_303|LH_50|LH_199|LH_297|LH_131|LH_120|LH_358|LH_180|LH_370|LH_37|LH_160|LH_4|LH_93|LH_304|LH_188|LH_374|LH_453|LH_94|LH_468|LH_292|LH_340|LH_407|LH_408|LH_187|LH_334|LH_213|LH_127|LH_11|LH_6|LH_442|LH_246|LH_396|LH_425|LH_345|LH_89|LH_426|LH_26|LH_77|LH_184|LH_262|LH_207|LH_182|LH_95|LH_100|LH_419|LH_394|LH_155|LH_230|LH_362|LH_237|LH_353|LH_85|LH_323|LH_171|LH_393|LH_153|LH_313|LH_38|LH_392|LH_69|LH_106|LH_348|LH_489|LH_428|LH_158|LH_31|LH_244|LH_8|LH_267|LH_485|LH_233|LH_261|LH_401|LH_291|LH_198|LH_132|LH_324|LH_322|LH_2|LH_18|LH_488|LH_263|LH_76|LH_253|LH_314|LH_351|LH_471|LH_143|LH_449|LH_66|LH_179|LH_133|LH_144|LH_406|LH_280|LH_269|LH_466|LH_208|LH_145|LH_432|LH_277|LH_341|LH_465|LH_317|LH_17|LH_448|LH_20|LH_130|LH_238|LH_296|LH_286|LH_336|LH_300|LH_149|LH_203|LH_387|LH_398|LH_190|LH_201|LH_418|LH_14|LH_55|LH_75|LH_284|LH_39|LH_391|LH_460|LH_257|LH_178|LH_212|LH_472|LH_420|LH_67|LH_99|LH_476|LH_97|LH_196|LH_339|LH_288|LH_318|LH_457|LH_124|LH_242|LH_42|LH_60|LH_192|LH_422|LH_266|LH_254|LH_384|LH_497|LH_226|LH_495|LH_113|LH_19|LH_218|LH_118|LH_364|LH_385|LH_437|LH_293|LH_493|LH_378|LH_241|LH_446|LH_435|LH_27|LH_220|LH_469|LH_86|LH_361|LH_103|LH_481|LH_25|LH_307|LH_167|LH_450|LH_475|LH_410|LH_221|LH_416|LH_105|LH_371|LH_90|LH_452|LH_168|LH_240|LH_402|LH_48|LH_104|LH_206|LH_247|LH_200|LH_62|LH_477|LH_147|LH_146|LH_225|LH_421|LH_484|LH_491|LH_451|LH_109|LH_294|LH_440|LH_121|LH_265|LH_169|LH_381|LH_34|LH_268|LH_30|LH_400|LH_461|LH_354|LH_382|LH_10|LH_173|LH_342|LH_115|LH_363|LH_61|LH_231|LH_264|LH_224|LH_312|LH_356|LH_159|LH_102|LH_310|LH_372|LH_344|LH_337|LH_365|LH_84|LH_281|LH_243|LH_65|LH_64|LH_272|LH_423|LH_248|LH_43|LH_417|LH_375|LH_123|LH_29|LH_122|LH_157|LH_355|LH_330|LH_9|LH_250|LH_165|LH_306|LH_0|LH_271|LH_276|LH_82|LH_191|LH_347|LH_473|LH_399|LH_319|LH_152|LH_54|LH_259|LH_91|LH_256|LH_430|LH_1|LH_459|LH_80|LH_222|LH_431|LH_498|LH_455|LH_328|LH_404|LH_436|LH_58|LH_5|LH_283|LH_128|LH_270|LH_239|LH_405|LH_195|LH_197|LH_32|LH_305|LH_487|LH_458|LH_429|LH_78|LH_56|LH_24,LH_46|LH_252|LH_260|LH_70|LH_386|LH_427|LH_204|LH_298|LH_219|LH_299|LH_134|LH_275|LH_474|LH_126|LH_492|LH_441|LH_73|LH_234|LH_329|LH_202|LH_255|LH_335|LH_376|LH_380|LH_367|LH_290|LH_108|LH_33|LH_137|LH_205|LH_161|LH_482|LH_117|LH_28|LH_166|LH_350|LH_467|LH_285|LH_352|LH_499|LH_138|LH_463|LH_236|LH_409|LH_494|LH_438|LH_273|LH_87|LH_411|LH_311|LH_36|LH_331|LH_349|LH_470|LH_136|LH_343|LH_107|LH_181|LH_189|LH_83|LH_186|LH_325|LH_232|LH_454|LH_447|LH_51|LH_478|LH_444|LH_148|LH_395|LH_116|LH_338|LH_23|LH_35|LH_360,LH_98|LH_295|LH_185|LH_316|LH_321|LH_424|LH_150|LH_282|LH_40|LH_193|LH_63|LH_274|LH_235|LH_373|LH_22|LH_413|LH_135|LH_309|LH_176|LH_433|LH_183|LH_49|LH_194|LH_480|LH_490|LH_172|LH_390|LH_110|LH_79|LH_464|LH_174|LH_483|LH_357|LH_81|LH_412|LH_388|LH_3|LH_445|LH_414|LH_142|LH_301|LH_229|LH_112|LH_214|LH_486|LH_359|LH_332|LH_366|LH_101|LH_287|LH_13|LH_308|LH_258|LH_119|LH_111|LH_47|LH_15|LH_16|LH_216|LH_302|LH_44|LH_279|LH_456|LH_496|LH_346|LH_52|LH_377|LH_71|LH_114|LH_125|LH_140|LH_379|LH_12|LH_57|LH_327,0f963679cd284fca861fc2c59d88bdae8e8f1f21e2cbe1bb73bd593b49056748,True,True,True,True,True,True,complete,True,0.10064055651426315,0.09353778709967932,0.0864769556125005,0.10189360532640948,0.010382306806414101,-0.010901783343192584,0.04203245103020289,defined,0.2916933327913284,0.30294079780578614,0.10202514478236673,0.0023770401514993226,0.02329857170572869,75,0.0,0.0,0.2969081401824951,0.30815577507019043,0.011247634887695312,0.011247465014457702,0.10195289719828618,0.19786804169416428,not recorded,not recorded,7c327b7a0487b9e5b7c6eddca9492d40faa360de763c48468860ff1d944cd696,True,0.0,knn_alternative,alternative_protocol,alternative_protocol,unique,"k=6, expected 8"
EvolveGCN-H,evolvegcn_h_u50_top100_norm-minmax_h32_l2_gpool-mean_tpool-mean_head-mlp_canonical300_seed2025,experiments/evolvegcn_h_u50_top100_norm-minmax_h32_l2_gpool-mean_tpool-mean_head-mlp_canonical300_seed2025,data/processed/temporal_50u_minmax/camels_50u_temporal_logmass_minmax_top100_periodic_knn.pt,data/processed/temporal_50u_minmax/camels_50u_temporal_logmass_minmax_top100_periodic_knn.metadata.json,temporal,50,LH_0..LH_49,5,five sorted snapshots; exact identities not persisted in sidecar,100,log10_Mvir|X|Y|Z|VX|VY|VZ,minmax,per_universe_per_snapshot_per_feature,False,True,8,25.0,32,2,evolvegcn_h,True,mean,mean,mlp,"Linear(D,H)-ReLU-Dropout-Linear(H,1)",False,False,4,300,40,0.001,1e-05,0.2,relu,1.0,MSE,2025,0.7|0.15|0.15,LH_18|LH_48|LH_21|LH_42|LH_38|LH_40|LH_27|LH_15|LH_10|LH_29|LH_31|LH_46|LH_8|LH_28|LH_9|LH_20|LH_45|LH_39|LH_12|LH_44|LH_26|LH_22|LH_49|LH_34|LH_16|LH_17|LH_43|LH_19|LH_1|LH_32|LH_3|LH_37|LH_13|LH_7|LH_2,LH_6|LH_25|LH_47|LH_4|LH_14|LH_36|LH_24,LH_23|LH_0|LH_33|LH_11|LH_30|LH_41|LH_5|LH_35,a323cf033bdb75d169bc3c3549b2ea5cda4ee985186aa59915b3a071305fca0a,True,True,True,True,True,True,complete,True,0.09246614426374436,0.09017681117568697,0.12738484796136618,0.13890090140714226,0.019293460411716652,0.06490218223006738,0.6375519269281978,defined,0.30125000048428774,0.2963097430765629,0.15355802433217589,0.008311274956541362,0.05412465413440366,8,0.0,0.0,0.28239500522613525,0.3101820945739746,0.027787089347839355,-0.004940257407724857,0.1483973595008139,0.17851048707962036,not recorded,not recorded,054bba000a6b750e7f3d549604cf7c172985c7b71b3a665686825a20ffcf36ce,True,0.0,universe_scaling_or_u750_context,duplicate_reproduction,duplicate,exact_prediction_duplicate:evolvegcn_h_50u_seed2025|evolvegcn_h_u50_top100_norm-minmax_h32_l2_gpool-mean_tpool-mean_head-mlp_canonical300_seed2025,identical prediction hash; not independent evidence
EvolveGCN-H,evolvegcn_h_u50_top100_norm-minmax_h32_l2_gpool-mean_tpool-mean_head-mlp_canonical300_seed42,experiments/evolvegcn_h_u50_top100_norm-minmax_h32_l2_gpool-mean_tpool-mean_head-mlp_canonical300_seed42,data/processed/temporal_50u_minmax/camels_50u_temporal_logmass_minmax_top100_periodic_knn.pt,data/processed/temporal_50u_minmax/camels_50u_temporal_logmass_minmax_top100_periodic_knn.metadata.json,temporal,50,LH_0..LH_49,5,five sorted snapshots; exact identities not persisted in sidecar,100,log10_Mvir|X|Y|Z|VX|VY|VZ,minmax,per_universe_per_snapshot_per_feature,False,True,8,25.0,32,2,evolvegcn_h,True,mean,mean,mlp,"Linear(D,H)-ReLU-Dropout-Linear(H,1)",False,False,4,300,40,0.001,1e-05,0.2,relu,1.0,MSE,42,0.7|0.15|0.15,LH_25|LH_23|LH_19|LH_11|LH_4|LH_45|LH_26|LH_9|LH_29|LH_16|LH_31|LH_21|LH_12|LH_3|LH_39|LH_38|LH_10|LH_24|LH_35|LH_0|LH_43|LH_18|LH_33|LH_48|LH_41|LH_30|LH_28|LH_20|LH_22|LH_42|LH_46|LH_36|LH_32|LH_44|LH_13,LH_49|LH_47|LH_2|LH_27|LH_37|LH_5|LH_34,LH_6|LH_8|LH_14|LH_15|LH_17|LH_1|LH_7|LH_40,c0b5e03520b87262cb2bd0fbfa8b4a0d882a62c2d51e04ccf0ec64ef6a85f3a8,True,True,True,True,True,True,complete,True,0.08413987436464855,0.11241778412035533,0.09351505432277918,0.11421601841553629,0.013045298862698125,-0.13496198316490204,-0.1259093251207542,defined,0.2638000017032027,0.2853076383471489,0.11461259157263834,0.023680275052970216,0.2066114615160962,8,0.0,0.0,0.2598153352737427,0.32435116171836853,0.06453582644462585,0.02150763664394617,0.11991768809688995,0.20415116101503372,not recorded,not recorded,8bbaad5b5bee943174976b4706033fb6c6361709c4b864dae0fad43185d64338,True,0.0,universe_scaling_or_u750_context,duplicate_reproduction,duplicate,exact_prediction_duplicate:evolvegcn_h_50u_seed42|evolvegcn_h_u50_top100_norm-minmax_h32_l2_gpool-mean_tpool-mean_head-mlp_canonical300_seed42,identical prediction hash; not independent evidence
Static GCN,static_gcn_100u_seed123_final32,experiments/static_gcn_100u_seed123_final32,data/processed/static_100u_logmass_minmax_top100_periodic_knn/camels_100u_static_logmass_minmax_top100_periodic_knn.pt,data/processed/static_100u_logmass_minmax_top100_periodic_knn/camels_100u_static_logmass_minmax_top100_periodic_knn.metadata.json,static_final_snapshot,100,LH_0..LH_99,1,final snapshot a=1.0,100,log10_Mvir|X|Y|Z|VX|VY|VZ,minmax,per_universe_per_snapshot_per_feature,False,True,8,25.0,32,2,gcn,True,mean,not_applicable,static_mlp_readout,"Linear(D,H)-ReLU-Dropout-Linear(H,H/2)-ReLU-Dropout-Linear(H/2,1)",False,False,8,300,40,0.001,1e-05,0.2,relu,1.0,MSE,123,0.7|0.15|0.15,LH_87|LH_29|LH_63|LH_50|LH_84|LH_93|LH_7|LH_67|LH_64|LH_75|LH_24|LH_60|LH_1|LH_9|LH_3|LH_44|LH_22|LH_45|LH_14|LH_28|LH_12|LH_85|LH_96|LH_10|LH_69|LH_74|LH_54|LH_15|LH_46|LH_35|LH_39|LH_91|LH_83|LH_82|LH_23|LH_26|LH_47|LH_81|LH_56|LH_95|LH_27|LH_32|LH_41|LH_25|LH_73|LH_80|LH_62|LH_58|LH_72|LH_38|LH_70|LH_59|LH_51|LH_33|LH_21|LH_19|LH_49|LH_65|LH_53|LH_61|LH_66|LH_30|LH_36|LH_78|LH_37|LH_2|LH_16|LH_18|LH_77|LH_5,LH_94|LH_57|LH_40|LH_79|LH_8|LH_92|LH_76|LH_97|LH_55|LH_0|LH_86|LH_31|LH_89|LH_90|LH_88,LH_17|LH_20|LH_99|LH_43|LH_42|LH_71|LH_68|LH_48|LH_4|LH_13|LH_98|LH_52|LH_11|LH_34|LH_6,ad09fcef712701e99cc512f3b5267a9f3ab0e2bededb301e623a7a7bda7b6fa4,True,True,True,True,True,True,complete,True,0.10221414076430457,0.10165590246518454,0.10849517087141673,0.12334691374466432,0.01521446113033366,-0.04818449682994741,0.17736371173351756,defined,0.2657733311255773,0.2991851588090261,0.12470705783441156,0.028637470202832048,0.22963792667498767,15,0.0,0.0,0.2640470564365387,0.35729721188545227,0.09325015544891357,0.03341182768344879,0.12290288370375373,0.2208307459950447,not recorded,not recorded,e27db88f47a943a9bd99101a31c07adbd27a59b3f317c4b1b359b9e39e9b410d,True,0.0,universe_scaling_or_u750_context,universe_count_incompatible,alternative_protocol,unique,universe count differs from U500 canonical Top-N family
Static GCN,static_gcn_100u_seed2025,experiments/static_gcn_100u_seed2025,data/processed/static_100u_logmass_minmax_top100_periodic_knn/camels_100u_static_logmass_minmax_top100_periodic_knn.pt,data/processed/static_100u_logmass_minmax_top100_periodic_knn/camels_100u_static_logmass_minmax_top100_periodic_knn.metadata.json,static_final_snapshot,100,LH_0..LH_99,1,final snapshot a=1.0,100,log10_Mvir|X|Y|Z|VX|VY|VZ,minmax,per_universe_per_snapshot_per_feature,False,True,8,25.0,32,2,gcn,True,mean,not_applicable,static_mlp_readout,"Linear(D,H)-ReLU-Dropout-Linear(H,H/2)-ReLU-Dropout-Linear(H/2,1)",False,False,4,200,40,0.001,1e-05,0.2,relu,1.0,MSE,2025,0.7|0.15|0.15,LH_78|LH_31|LH_62|LH_54|LH_57|LH_75|LH_43|LH_41|LH_90|LH_80|LH_40|LH_53|LH_32|LH_26|LH_93|LH_42|LH_18|LH_44|LH_39|LH_59|LH_30|LH_68|LH_94|LH_86|LH_98|LH_55|LH_79|LH_9|LH_19|LH_16|LH_49|LH_64|LH_95|LH_60|LH_21|LH_1|LH_97|LH_46|LH_4|LH_63|LH_56|LH_34|LH_92|LH_33|LH_20|LH_11|LH_36|LH_28|LH_17|LH_81|LH_76|LH_37|LH_84|LH_23|LH_35|LH_74|LH_69|LH_96|LH_2|LH_38|LH_83|LH_7|LH_13|LH_25|LH_14|LH_99|LH_66|LH_45|LH_58|LH_50,LH_89|LH_77|LH_73|LH_24|LH_88|LH_65|LH_70|LH_3|LH_6|LH_52|LH_85|LH_87|LH_27|LH_15|LH_5,LH_12|LH_51|LH_91|LH_8|LH_29|LH_72|LH_48|LH_47|LH_0|LH_67|LH_22|LH_61|LH_82|LH_10|LH_71,a8b0e2d9ade3a7ca620bd4aed7eea68ee44da8d326b65c8f35a309273f4a79f2,True,True,True,True,True,True,complete,True,0.09712471461721829,0.09868739396333695,0.0885632594426473,0.10838366928896438,0.011747019768539601,-0.057340495432661065,-0.0694366939762908,defined,0.2612399995326996,0.2667467137177785,0.10910333565639337,0.019022293224357667,0.17435116085053423,15,0.0,0.0,0.2240525186061859,0.29397496581077576,0.06992244720458984,0.0055067141850789385,0.11204286106261548,0.21992886066436768,not recorded,not recorded,442de9fd2c7f56075cb9f90ee5553a8c1daa201a3df53feaeb32106ab52bd5dc,True,0.0,universe_scaling_or_u750_context,universe_count_incompatible,alternative_protocol,unique,universe count differs from U500 canonical Top-N family
Static GCN,static_gcn_100u_seed42,experiments/static_gcn_100u_seed42,data/processed/static_100u_logmass_minmax_top100_periodic_knn/camels_100u_static_logmass_minmax_top100_periodic_knn.pt,data/processed/static_100u_logmass_minmax_top100_periodic_knn/camels_100u_static_logmass_minmax_top100_periodic_knn.metadata.json,static_final_snapshot,100,LH_0..LH_99,1,final snapshot a=1.0,100,log10_Mvir|X|Y|Z|VX|VY|VZ,minmax,per_universe_per_snapshot_per_feature,False,True,8,25.0,32,2,gcn,True,mean,not_applicable,static_mlp_readout,"Linear(D,H)-ReLU-Dropout-Linear(H,H/2)-ReLU-Dropout-Linear(H/2,1)",False,False,4,200,40,0.001,1e-05,0.2,relu,1.0,MSE,42,0.7|0.15|0.15,LH_42|LH_41|LH_91|LH_9|LH_65|LH_50|LH_1|LH_70|LH_15|LH_78|LH_73|LH_10|LH_55|LH_56|LH_72|LH_45|LH_48|LH_92|LH_76|LH_37|LH_30|LH_21|LH_32|LH_96|LH_80|LH_49|LH_83|LH_26|LH_87|LH_33|LH_8|LH_47|LH_59|LH_63|LH_74|LH_44|LH_98|LH_52|LH_85|LH_12|LH_36|LH_23|LH_39|LH_40|LH_18|LH_66|LH_61|LH_60|LH_7|LH_34|LH_99|LH_46|LH_2|LH_51|LH_16|LH_38|LH_58|LH_68|LH_22|LH_62|LH_24|LH_5|LH_6|LH_67|LH_82|LH_19|LH_79|LH_43|LH_90|LH_20,LH_0|LH_95|LH_57|LH_93|LH_53|LH_89|LH_25|LH_71|LH_84|LH_77|LH_64|LH_29|LH_27|LH_88|LH_97,LH_4|LH_54|LH_75|LH_11|LH_69|LH_86|LH_13|LH_17|LH_28|LH_31|LH_35|LH_94|LH_3|LH_14|LH_81,314f7bac57d93fa0848e55ef03271ba12c2669419b7c3d5946dba2d5e112ea80,True,True,True,True,True,True,complete,True,0.09211979668055262,0.10534982830286026,0.07501548329989115,0.10298359900642734,0.010605621664316622,-0.21332110680304894,0.4525409975416996,defined,0.31166666448116304,0.2589900940656662,0.09677469262602026,0.01309008651004727,0.13526352969813182,15,0.0,0.0,0.2373337596654892,0.28312042355537415,0.04578666388988495,-0.05267657041549682,0.09159772646260987,0.24015450477600098,not recorded,not recorded,fe084868bbc3cf7c0f427c85f25e708ddea1d828976caf028b0188f5cadbe40c,True,0.0,universe_scaling_or_u750_context,universe_count_incompatible,alternative_protocol,unique,universe count differs from U500 canonical Top-N family
Static GCN,static_gcn_200u_seed123_final32,experiments/static_gcn_200u_seed123_final32,data/processed/static_200u_logmass_minmax_top100_periodic_knn/camels_200u_static_logmass_minmax_top100_periodic_knn.pt,data/processed/static_200u_logmass_minmax_top100_periodic_knn/camels_200u_static_logmass_minmax_top100_periodic_knn.metadata.json,static_final_snapshot,200,LH_0..LH_199,1,final snapshot a=1.0,100,log10_Mvir|X|Y|Z|VX|VY|VZ,minmax,per_universe_per_snapshot_per_feature,False,True,8,25.0,32,2,gcn,True,mean,not_applicable,static_mlp_readout,"Linear(D,H)-ReLU-Dropout-Linear(H,H/2)-ReLU-Dropout-Linear(H/2,1)",False,False,8,300,40,0.001,1e-05,0.2,relu,1.0,MSE,123,0.7|0.15|0.15,LH_127|LH_103|LH_16|LH_6|LH_50|LH_57|LH_31|LH_38|LH_160|LH_150|LH_76|LH_180|LH_30|LH_88|LH_151|LH_28|LH_37|LH_193|LH_84|LH_162|LH_79|LH_14|LH_141|LH_39|LH_93|LH_155|LH_12|LH_195|LH_25|LH_44|LH_20|LH_118|LH_91|LH_77|LH_47|LH_126|LH_128|LH_102|LH_139|LH_82|LH_138|LH_109|LH_66|LH_54|LH_90|LH_15|LH_42|LH_166|LH_70|LH_174|LH_157|LH_4|LH_154|LH_125|LH_72|LH_185|LH_71|LH_173|LH_168|LH_135|LH_35|LH_98|LH_145|LH_60|LH_33|LH_178|LH_147|LH_149|LH_156|LH_129|LH_94|LH_89|LH_140|LH_10|LH_119|LH_83|LH_65|LH_182|LH_186|LH_177|LH_53|LH_55|LH_184|LH_113|LH_164|LH_159|LH_121|LH_58|LH_172|LH_115|LH_163|LH_59|LH_48|LH_56|LH_161|LH_19|LH_175|LH_61|LH_69|LH_112|LH_108|LH_117|LH_191|LH_63|LH_165|LH_81|LH_7|LH_105|LH_92|LH_64|LH_194|LH_51|LH_29|LH_45|LH_169|LH_171|LH_136|LH_148|LH_106|LH_167|LH_75|LH_24|LH_2|LH_132|LH_99|LH_73|LH_49|LH_116|LH_18|LH_100|LH_183|LH_181|LH_43|LH_158|LH_142|LH_21|LH_46|LH_8|LH_130|LH_95,LH_107|LH_153|LH_124|LH_190|LH_176|LH_131|LH_101|LH_3|LH_170|LH_144|LH_134|LH_52|LH_123|LH_133|LH_187|LH_78|LH_192|LH_120|LH_67|LH_122|LH_146|LH_110|LH_74|LH_5|LH_32|LH_36|LH_23|LH_11|LH_26|LH_114,LH_80|LH_1|LH_17|LH_96|LH_152|LH_197|LH_111|LH_0|LH_41|LH_62|LH_179|LH_188|LH_189|LH_86|LH_34|LH_40|LH_199|LH_87|LH_85|LH_143|LH_137|LH_97|LH_9|LH_27|LH_198|LH_104|LH_196|LH_22|LH_68|LH_13,1ea130626d0e4657a21a8e1657de3cd79eac2b63499a25c227e1b0f139548aa8,True,True,True,True,True,True,complete,True,0.10240070963544505,0.0753851942718029,0.0880012979110082,0.10431835434084098,0.010882319052381255,0.031258069591607374,0.3388453549709518,defined,0.29908000032107035,0.28575100004673004,0.10779988728815551,0.008469964355101089,0.07857118006496955,30,0.0,0.0,0.25851520895957947,0.29727602005004883,0.03876081109046936,-0.013329000274340311,0.10523204312736632,0.20573842525482178,not recorded,not recorded,34c8279492a5a5b4e168bbf9ff12ed4733495b252320fb09f0aefdcc0a232f09,True,0.0,universe_scaling_or_u750_context,universe_count_incompatible,alternative_protocol,unique,universe count differs from U500 canonical Top-N family
Static GCN,static_gcn_200u_seed2025_final32,experiments/static_gcn_200u_seed2025_final32,data/processed/static_200u_logmass_minmax_top100_periodic_knn/camels_200u_static_logmass_minmax_top100_periodic_knn.pt,data/processed/static_200u_logmass_minmax_top100_periodic_knn/camels_200u_static_logmass_minmax_top100_periodic_knn.metadata.json,static_final_snapshot,200,LH_0..LH_199,1,final snapshot a=1.0,100,log10_Mvir|X|Y|Z|VX|VY|VZ,minmax,per_universe_per_snapshot_per_feature,False,True,8,25.0,32,2,gcn,True,mean,not_applicable,static_mlp_readout,"Linear(D,H)-ReLU-Dropout-Linear(H,H/2)-ReLU-Dropout-Linear(H/2,1)",False,False,8,300,40,0.001,1e-05,0.2,relu,1.0,MSE,2025,0.7|0.15|0.15,LH_170|LH_61|LH_68|LH_112|LH_5|LH_189|LH_77|LH_162|LH_78|LH_144|LH_92|LH_36|LH_182|LH_2|LH_132|LH_198|LH_24|LH_67|LH_154|LH_66|LH_86|LH_151|LH_47|LH_192|LH_76|LH_10|LH_98|LH_60|LH_134|LH_13|LH_187|LH_63|LH_83|LH_137|LH_181|LH_57|LH_188|LH_51|LH_124|LH_158|LH_23|LH_167|LH_121|LH_148|LH_146|LH_14|LH_118|LH_37|LH_174|LH_100|LH_190|LH_20|LH_91|LH_42|LH_15|LH_125|LH_32|LH_197|LH_184|LH_150|LH_161|LH_171|LH_38|LH_153|LH_159|LH_140|LH_126|LH_179|LH_173|LH_128|LH_40|LH_183|LH_149|LH_196|LH_180|LH_55|LH_74|LH_178|LH_1|LH_99|LH_33|LH_108|LH_111|LH_56|LH_80|LH_115|LH_27|LH_164|LH_89|LH_26|LH_4|LH_87|LH_52|LH_104|LH_160|LH_3|LH_107|LH_39|LH_157|LH_65|LH_43|LH_172|LH_64|LH_19|LH_73|LH_109|LH_119|LH_127|LH_103|LH_70|LH_131|LH_93|LH_195|LH_193|LH_123|LH_199|LH_81|LH_72|LH_120|LH_69|LH_35|LH_106|LH_85|LH_138|LH_129|LH_9|LH_46|LH_75|LH_143|LH_147|LH_41|LH_79|LH_169|LH_88|LH_177|LH_84|LH_168|LH_110|LH_18|LH_186,LH_116|LH_136|LH_114|LH_194|LH_82|LH_45|LH_113|LH_71|LH_166|LH_22|LH_94|LH_175|LH_34|LH_29|LH_8|LH_155|LH_62|LH_31|LH_53|LH_50|LH_139|LH_28|LH_152|LH_176|LH_133|LH_90|LH_117|LH_101|LH_163|LH_58,LH_6|LH_48|LH_49|LH_17|LH_130|LH_141|LH_7|LH_156|LH_12|LH_105|LH_185|LH_191|LH_54|LH_30|LH_11|LH_25|LH_102|LH_97|LH_16|LH_59|LH_145|LH_96|LH_95|LH_0|LH_135|LH_44|LH_122|LH_165|LH_21|LH_142,e18f8d29bd480b04dd316d09159d9a6b51362d57bbd14ce21a5e6cfd67925607,True,True,True,True,True,True,complete,True,0.09484269645597254,0.0865590140223503,0.11430517360568046,0.1282726445680806,0.016453871344489137,-0.0023916009897171353,0.09144280193642101,defined,0.27626666699846586,0.2886063893636068,0.13030976676448142,0.01692387868832012,0.12987421517611886,30,0.0,0.0,0.2609099745750427,0.3281077444553375,0.0671977698802948,0.012339722365140915,0.12986041284357538,0.19782254844903946,not recorded,not recorded,6a213565ae1064cfb67555b2516730d12f93da6d13042366af97cc861476b17c,True,0.0,universe_scaling_or_u750_context,universe_count_incompatible,alternative_protocol,unique,universe count differs from U500 canonical Top-N family
Static GCN,static_gcn_200u_seed42_final32,experiments/static_gcn_200u_seed42_final32,data/processed/static_200u_logmass_minmax_top100_periodic_knn/camels_200u_static_logmass_minmax_top100_periodic_knn.pt,data/processed/static_200u_logmass_minmax_top100_periodic_knn/camels_200u_static_logmass_minmax_top100_periodic_knn.metadata.json,static_final_snapshot,200,LH_0..LH_199,1,final snapshot a=1.0,100,log10_Mvir|X|Y|Z|VX|VY|VZ,minmax,per_universe_per_snapshot_per_feature,False,True,8,25.0,32,2,gcn,True,mean,not_applicable,static_mlp_readout,"Linear(D,H)-ReLU-Dropout-Linear(H,H/2)-ReLU-Dropout-Linear(H/2,1)",False,False,8,300,40,0.001,1e-05,0.2,relu,1.0,MSE,42,0.7|0.15|0.15,LH_66|LH_187|LH_101|LH_193|LH_111|LH_121|LH_13|LH_2|LH_64|LH_44|LH_136|LH_170|LH_128|LH_76|LH_158|LH_167|LH_45|LH_130|LH_30|LH_3|LH_159|LH_15|LH_42|LH_126|LH_186|LH_162|LH_47|LH_110|LH_5|LH_194|LH_37|LH_122|LH_12|LH_36|LH_153|LH_69|LH_61|LH_195|LH_32|LH_172|LH_171|LH_60|LH_10|LH_144|LH_160|LH_52|LH_125|LH_106|LH_73|LH_113|LH_105|LH_95|LH_103|LH_145|LH_43|LH_0|LH_161|LH_192|LH_16|LH_80|LH_102|LH_38|LH_156|LH_176|LH_135|LH_78|LH_115|LH_19|LH_14|LH_177|LH_146|LH_179|LH_65|LH_84|LH_165|LH_46|LH_104|LH_79|LH_54|LH_196|LH_85|LH_118|LH_109|LH_133|LH_142|LH_33|LH_18|LH_140|LH_123|LH_175|LH_63|LH_83|LH_148|LH_100|LH_155|LH_72|LH_27|LH_184|LH_112|LH_51|LH_174|LH_4|LH_29|LH_183|LH_99|LH_98|LH_131|LH_124|LH_198|LH_134|LH_178|LH_120|LH_34|LH_48|LH_169|LH_138|LH_149|LH_132|LH_127|LH_21|LH_81|LH_77|LH_9|LH_82|LH_164|LH_119|LH_89|LH_68|LH_53|LH_90|LH_94|LH_41|LH_93|LH_116|LH_199|LH_157|LH_25|LH_180|LH_147|LH_74,LH_58|LH_152|LH_17|LH_49|LH_92|LH_75|LH_141|LH_20|LH_96|LH_31|LH_137|LH_117|LH_11|LH_67|LH_88|LH_91|LH_24|LH_97|LH_182|LH_190|LH_86|LH_181|LH_39|LH_168|LH_87|LH_185|LH_40|LH_1|LH_71|LH_150,LH_114|LH_56|LH_107|LH_191|LH_166|LH_50|LH_143|LH_197|LH_154|LH_129|LH_59|LH_55|LH_23|LH_7|LH_8|LH_108|LH_151|LH_22|LH_139|LH_173|LH_26|LH_188|LH_35|LH_57|LH_62|LH_70|LH_189|LH_6|LH_28|LH_163,18119caf4493ad43fbcc2c26ea0eb2ddd5af10b33300db2c701ff94fb9feda0c,True,True,True,True,True,True,complete,True,0.12000217155686446,0.09727985113859176,0.1013598270714283,0.12421376869913518,0.015429060334442255,-0.26458813801549996,0.13660390732257272,defined,0.31525333151221274,0.34980544249216716,0.11234579328669941,0.06372073733748061,0.5671840081708204,30,0.0,0.0,0.22829663753509521,0.449800968170166,0.2215043306350708,0.0345521109799544,0.12135106649406109,0.2625506594777107,not recorded,not recorded,05c4498a90f3f8b9b7a888553286362c42de4d559682d0d714efc7f231266c5b,True,0.0,universe_scaling_or_u750_context,universe_count_incompatible,alternative_protocol,unique,universe count differs from U500 canonical Top-N family
Static GCN,static_gcn_20u_seed123_final32,experiments/static_gcn_20u_seed123_final32,data/processed/static_20u_logmass_minmax_top100_periodic_knn/camels_20u_static_logmass_minmax_top100_periodic_knn.pt,data/processed/static_20u_logmass_minmax_top100_periodic_knn/camels_20u_static_logmass_minmax_top100_periodic_knn.metadata.json,static_final_snapshot,20,LH_0..LH_19,1,final snapshot a=1.0,100,log10_Mvir|X|Y|Z|VX|VY|VZ,minmax,per_universe_per_snapshot_per_feature,False,True,8,25.0,32,2,gcn,True,mean,not_applicable,static_mlp_readout,"Linear(D,H)-ReLU-Dropout-Linear(H,H/2)-ReLU-Dropout-Linear(H/2,1)",False,False,8,300,40,0.001,1e-05,0.2,relu,1.0,MSE,123,0.7|0.15|0.15,LH_7|LH_17|LH_3|LH_4|LH_14|LH_12|LH_11|LH_9|LH_5|LH_10|LH_15|LH_6|LH_0|LH_16,LH_19|LH_18|LH_13,LH_2|LH_8|LH_1,6a5fa7b456c323e93ff672a43a35ab6926fbfd1acc4b8f7ce6ada1501ee447f1,True,True,True,True,True,True,complete,True,0.1146102568932942,0.06347093979517619,0.12173790733019511,0.13241025311452956,0.017532475129853786,0.08070289344613502,0.3117258205575502,defined,0.3147333363691966,0.31280330816904706,0.16913726307101956,0.031147166063721345,0.18415318716989565,3,0.0,0.0,0.29050689935684204,0.34839120507240295,0.05788430571556091,-0.0019300282001495361,0.16215155004347204,0.17971181869506836,not recorded,not recorded,304cda90a1c5b8877c4361db4287d62a67fc6c6d6ca0ea7a08306c59b23a3834,True,0.0,universe_scaling_or_u750_context,universe_count_incompatible,alternative_protocol,unique,universe count differs from U500 canonical Top-N family
Static GCN,static_gcn_20u_seed2025,experiments/static_gcn_20u_seed2025,data/processed/static_20u_logmass_minmax_top100_periodic_knn/camels_20u_static_logmass_minmax_top100_periodic_knn.pt,data/processed/static_20u_logmass_minmax_top100_periodic_knn/camels_20u_static_logmass_minmax_top100_periodic_knn.metadata.json,static_final_snapshot,20,LH_0..LH_19,1,final snapshot a=1.0,100,log10_Mvir|X|Y|Z|VX|VY|VZ,minmax,per_universe_per_snapshot_per_feature,False,True,8,25.0,32,2,gcn,True,mean,not_applicable,static_mlp_readout,"Linear(D,H)-ReLU-Dropout-Linear(H,H/2)-ReLU-Dropout-Linear(H/2,1)",False,False,4,200,40,0.001,1e-05,0.2,relu,1.0,MSE,2025,0.7|0.15|0.15,LH_18|LH_4|LH_14|LH_11|LH_7|LH_8|LH_19|LH_10|LH_12|LH_13|LH_1|LH_3|LH_9|LH_6,LH_16|LH_0|LH_5,LH_15|LH_2|LH_17,7e5e08400b3be5b952b05ca039d96548792538cacb2de678f873831850349370,True,True,True,True,True,True,complete,True,0.16771090349980763,0.08570567518472672,0.21151885638634363,0.21195146826271752,0.04492342489872175,-3.403935021166669,0.9911318852410775,defined,0.2930000027020772,0.0814811463157336,0.12369769520690155,0.12045210285809145,0.9737619011948332,3,0.0,0.0,-0.02060743421316147,0.2143310010433197,0.23493843525648117,-0.21151885638634363,0.016577015340604368,0.22948013246059418,not recorded,not recorded,a1f339d12a90391dc111391638ff7f623d84dbca8bdfe7ee5b9d2c8ad2072e31,True,0.0,universe_scaling_or_u750_context,universe_count_incompatible,alternative_protocol,unique,universe count differs from U500 canonical Top-N family
Static GCN,static_gcn_20u_seed42,experiments/static_gcn_20u_seed42,data/processed/static_20u_logmass_minmax_top100_periodic_knn/camels_20u_static_logmass_minmax_top100_periodic_knn.pt,data/processed/static_20u_logmass_minmax_top100_periodic_knn/camels_20u_static_logmass_minmax_top100_periodic_knn.metadata.json,static_final_snapshot,20,LH_0..LH_19,1,final snapshot a=1.0,100,log10_Mvir|X|Y|Z|VX|VY|VZ,minmax,per_universe_per_snapshot_per_feature,False,True,8,25.0,32,2,gcn,True,mean,not_applicable,static_mlp_readout,"Linear(D,H)-ReLU-Dropout-Linear(H,H/2)-ReLU-Dropout-Linear(H/2,1)",False,False,4,200,40,0.001,1e-05,0.2,relu,1.0,MSE,42,0.7|0.15|0.15,LH_19|LH_5|LH_14|LH_4|LH_9|LH_13|LH_15|LH_18|LH_6|LH_12|LH_17|LH_10|LH_1|LH_11,LH_2|LH_16|LH_7,LH_8|LH_0|LH_3,9a1244427ae4384e8bb9c5f10d9cf32f477a5fbec3658cf875b682f03556c63e,True,True,True,True,True,True,complete,True,0.13056765283857072,0.10115969181060791,0.10351092616717021,0.13134465492504,0.01725141837737783,-0.5474233006777345,0.9527684799943427,defined,0.26260000467300415,0.18282111485799155,0.1293163587411328,0.001603670029194905,0.012401138145291835,3,0.0,0.0,0.181798055768013,0.1846693456172943,0.002871289849281311,-0.07977888981501262,0.12778936057392595,0.2171306610107422,not recorded,not recorded,a9b1cb46f50f87d21e44ac898386d657d26708fb6de15d6210daab6ecbb6b646,True,0.0,universe_scaling_or_u750_context,universe_count_incompatible,alternative_protocol,unique,universe count differs from U500 canonical Top-N family
Static GCN,static_gcn_500u_k12_seed123,experiments/static_gcn_500u_k12_seed123,data/processed/static_500u_logmass_minmax_top100_periodic_knn_k12/camels_500u_static_logmass_minmax_top100_periodic_knn_k12.pt,data/processed/static_500u_logmass_minmax_top100_periodic_knn_k12/camels_500u_static_logmass_minmax_top100_periodic_knn_k12.metadata.json,static_final_snapshot,500,LH_0..LH_499,1,final snapshot a=1.0,100,log10_Mvir|X|Y|Z|VX|VY|VZ,minmax,per_universe_per_snapshot_per_feature,False,True,12,25.0,64,3,gcn,True,mean,not_applicable,static_mlp_readout,"Linear(D,H)-ReLU-Dropout-Linear(H,H/2)-ReLU-Dropout-Linear(H/2,1)",False,False,8,300,40,0.001,1e-05,0.2,relu,1.0,MSE,123,0.7|0.15|0.15,LH_380|LH_468|LH_145|LH_2|LH_282|LH_103|LH_148|LH_312|LH_130|LH_411|LH_168|LH_204|LH_113|LH_132|LH_418|LH_270|LH_351|LH_157|LH_451|LH_339|LH_288|LH_277|LH_354|LH_48|LH_318|LH_303|LH_314|LH_234|LH_95|LH_304|LH_271|LH_434|LH_173|LH_357|LH_495|LH_133|LH_431|LH_39|LH_490|LH_310|LH_317|LH_471|LH_23|LH_426|LH_224|LH_286|LH_20|LH_365|LH_255|LH_216|LH_405|LH_79|LH_228|LH_445|LH_189|LH_184|LH_243|LH_358|LH_276|LH_218|LH_488|LH_60|LH_438|LH_159|LH_167|LH_349|LH_89|LH_121|LH_333|LH_51|LH_9|LH_482|LH_152|LH_416|LH_379|LH_306|LH_111|LH_185|LH_340|LH_489|LH_475|LH_93|LH_84|LH_376|LH_291|LH_158|LH_250|LH_323|LH_406|LH_460|LH_50|LH_433|LH_372|LH_66|LH_108|LH_465|LH_71|LH_298|LH_369|LH_437|LH_211|LH_11|LH_110|LH_142|LH_28|LH_59|LH_163|LH_38|LH_24|LH_205|LH_440|LH_140|LH_177|LH_252|LH_235|LH_245|LH_242|LH_25|LH_21|LH_217|LH_160|LH_231|LH_77|LH_151|LH_54|LH_345|LH_280|LH_257|LH_456|LH_308|LH_331|LH_58|LH_360|LH_179|LH_464|LH_388|LH_129|LH_285|LH_347|LH_56|LH_387|LH_169|LH_36|LH_138|LH_319|LH_296|LH_246|LH_122|LH_33|LH_127|LH_109|LH_363|LH_183|LH_196|LH_422|LH_86|LH_400|LH_297|LH_346|LH_116|LH_63|LH_88|LH_477|LH_144|LH_112|LH_362|LH_399|LH_334|LH_62|LH_353|LH_146|LH_373|LH_27|LH_76|LH_260|LH_150|LH_210|LH_195|LH_290|LH_82|LH_154|LH_432|LH_320|LH_361|LH_75|LH_17|LH_94|LH_238|LH_143|LH_469|LH_67|LH_225|LH_391|LH_106|LH_15|LH_97|LH_46|LH_49|LH_192|LH_226|LH_114|LH_302|LH_356|LH_91|LH_80|LH_107|LH_329|LH_209|LH_384|LH_409|LH_13|LH_176|LH_299|LH_483|LH_295|LH_491|LH_332|LH_292|LH_153|LH_202|LH_268|LH_1|LH_417|LH_313|LH_375|LH_128|LH_352|LH_57|LH_408|LH_254|LH_382|LH_390|LH_377|LH_328|LH_213|LH_182|LH_65|LH_7|LH_315|LH_101|LH_187|LH_126|LH_123|LH_394|LH_201|LH_251|LH_494|LH_239|LH_383|LH_367|LH_237|LH_34|LH_307|LH_141|LH_403|LH_344|LH_162|LH_43|LH_118|LH_498|LH_99|LH_392|LH_102|LH_258|LH_100|LH_41|LH_281|LH_364|LH_492|LH_448|LH_164|LH_104|LH_124|LH_259|LH_355|LH_458|LH_484|LH_115|LH_309|LH_338|LH_53|LH_381|LH_442|LH_70|LH_284|LH_263|LH_419|LH_166|LH_441|LH_481|LH_335|LH_219|LH_155|LH_294|LH_230|LH_378|LH_476|LH_232|LH_480|LH_31|LH_343|LH_197|LH_301|LH_85|LH_61|LH_264|LH_446|LH_273|LH_455|LH_188|LH_199|LH_452|LH_74|LH_443|LH_423|LH_395|LH_265|LH_29|LH_40|LH_120|LH_190|LH_73|LH_348|LH_415|LH_474|LH_337|LH_12|LH_178|LH_212|LH_402|LH_478|LH_412|LH_241|LH_454|LH_165|LH_14|LH_206|LH_325|LH_279|LH_398|LH_366|LH_462|LH_4|LH_221|LH_421|LH_389|LH_181|LH_413|LH_32|LH_316,LH_493|LH_473|LH_215|LH_324|LH_425|LH_139|LH_424|LH_385|LH_131|LH_453|LH_98|LH_470|LH_68|LH_5|LH_459|LH_236|LH_466|LH_227|LH_487|LH_78|LH_90|LH_439|LH_278|LH_119|LH_368|LH_322|LH_253|LH_147|LH_435|LH_30|LH_397|LH_256|LH_272|LH_207|LH_117|LH_180|LH_430|LH_186|LH_321|LH_45|LH_300|LH_96|LH_8|LH_401|LH_450|LH_198|LH_233|LH_370|LH_37|LH_200|LH_283|LH_479|LH_171|LH_87|LH_134|LH_336|LH_249|LH_42|LH_371|LH_92|LH_427|LH_386|LH_16|LH_261|LH_191|LH_214|LH_342|LH_266|LH_248|LH_467|LH_457|LH_407|LH_326|LH_275|LH_350,LH_222|LH_262|LH_330|LH_444|LH_203|LH_6|LH_472|LH_414|LH_289|LH_269|LH_327|LH_311|LH_420|LH_105|LH_247|LH_410|LH_267|LH_175|LH_156|LH_496|LH_18|LH_428|LH_240|LH_135|LH_244|LH_293|LH_220|LH_149|LH_10|LH_404|LH_64|LH_72|LH_341|LH_47|LH_22|LH_52|LH_229|LH_374|LH_161|LH_3|LH_35|LH_193|LH_305|LH_449|LH_497|LH_396|LH_223|LH_463|LH_0|LH_83|LH_125|LH_359|LH_485|LH_486|LH_172|LH_69|LH_81|LH_499|LH_436|LH_174|LH_170|LH_287|LH_274|LH_194|LH_19|LH_447|LH_461|LH_429|LH_55|LH_136|LH_208|LH_393|LH_44|LH_137|LH_26,853549f16ef8eb3d7f18ae850c94b13c0c8bf0e770bb99cfbffff48b03530266,True,True,True,True,True,True,complete,True,0.09610807767936162,0.1037753626704216,0.09807179391384124,0.11407940443154262,0.013014110515455464,-0.005257771278217138,-0.020073845113325158,defined,0.29364533245563507,0.29320867935816447,0.11454688870034196,0.0063076439082336575,0.0550660430833232,59,0.21333333333333335,0.21333333333333335,0.2680623531341553,0.2982318103313446,0.03016945719718933,-0.0004366530974706014,0.11484678328659585,0.19625046849250793,not recorded,not recorded,ce5426a84e9840af9b5d128924fc294c4e79aa25ffe62053d2af079860e59f44,True,1.734723475976807e-18,knn_alternative,alternative_protocol,alternative_protocol,unique,"k=12, expected 8"
Static GCN,static_gcn_500u_k12_seed2025,experiments/static_gcn_500u_k12_seed2025,data/processed/static_500u_logmass_minmax_top100_periodic_knn_k12/camels_500u_static_logmass_minmax_top100_periodic_knn_k12.pt,data/processed/static_500u_logmass_minmax_top100_periodic_knn_k12/camels_500u_static_logmass_minmax_top100_periodic_knn_k12.metadata.json,static_final_snapshot,500,LH_0..LH_499,1,final snapshot a=1.0,100,log10_Mvir|X|Y|Z|VX|VY|VZ,minmax,per_universe_per_snapshot_per_feature,False,True,12,25.0,64,3,gcn,True,mean,not_applicable,static_mlp_readout,"Linear(D,H)-ReLU-Dropout-Linear(H,H/2)-ReLU-Dropout-Linear(H/2,1)",False,False,8,300,40,0.001,1e-05,0.2,relu,1.0,MSE,2025,0.7|0.15|0.15,LH_322|LH_49|LH_312|LH_130|LH_467|LH_459|LH_70|LH_456|LH_248|LH_365|LH_329|LH_63|LH_331|LH_324|LH_311|LH_87|LH_469|LH_119|LH_209|LH_452|LH_212|LH_167|LH_91|LH_460|LH_485|LH_255|LH_155|LH_458|LH_372|LH_479|LH_446|LH_97|LH_19|LH_149|LH_170|LH_287|LH_334|LH_495|LH_369|LH_318|LH_144|LH_440|LH_297|LH_219|LH_498|LH_350|LH_177|LH_368|LH_339|LH_8|LH_129|LH_275|LH_345|LH_206|LH_92|LH_36|LH_46|LH_128|LH_490|LH_103|LH_411|LH_237|LH_249|LH_434|LH_201|LH_114|LH_325|LH_284|LH_10|LH_239|LH_224|LH_277|LH_138|LH_281|LH_315|LH_361|LH_439|LH_274|LH_379|LH_57|LH_173|LH_455|LH_407|LH_113|LH_437|LH_360|LH_317|LH_250|LH_207|LH_26|LH_236|LH_89|LH_110|LH_102|LH_83|LH_299|LH_366|LH_6|LH_216|LH_191|LH_463|LH_454|LH_17|LH_85|LH_482|LH_112|LH_4|LH_223|LH_417|LH_444|LH_347|LH_20|LH_349|LH_306|LH_40|LH_380|LH_185|LH_151|LH_390|LH_174|LH_303|LH_494|LH_432|LH_241|LH_41|LH_21|LH_164|LH_478|LH_328|LH_80|LH_148|LH_246|LH_441|LH_340|LH_364|LH_422|LH_435|LH_154|LH_158|LH_24|LH_396|LH_447|LH_198|LH_54|LH_146|LH_217|LH_35|LH_18|LH_32|LH_389|LH_359|LH_68|LH_320|LH_337|LH_356|LH_358|LH_426|LH_405|LH_464|LH_240|LH_348|LH_74|LH_357|LH_443|LH_252|LH_302|LH_256|LH_53|LH_55|LH_160|LH_415|LH_465|LH_199|LH_273|LH_135|LH_107|LH_412|LH_61|LH_342|LH_247|LH_374|LH_289|LH_294|LH_71|LH_449|LH_404|LH_197|LH_375|LH_376|LH_47|LH_120|LH_121|LH_453|LH_211|LH_242|LH_67|LH_305|LH_156|LH_332|LH_265|LH_314|LH_496|LH_431|LH_153|LH_84|LH_268|LH_95|LH_187|LH_43|LH_9|LH_111|LH_168|LH_262|LH_338|LH_225|LH_1|LH_413|LH_2|LH_269|LH_231|LH_316|LH_267|LH_81|LH_193|LH_468|LH_397|LH_386|LH_423|LH_286|LH_31|LH_66|LH_65|LH_346|LH_28|LH_497|LH_245|LH_336|LH_178|LH_254|LH_486|LH_215|LH_476|LH_7|LH_343|LH_194|LH_425|LH_378|LH_427|LH_86|LH_29|LH_64|LH_23|LH_229|LH_333|LH_139|LH_251|LH_414|LH_51|LH_260|LH_147|LH_45|LH_475|LH_308|LH_290|LH_436|LH_200|LH_477|LH_424|LH_238|LH_11|LH_183|LH_382|LH_234|LH_480|LH_450|LH_162|LH_136|LH_145|LH_221|LH_430|LH_27|LH_98|LH_137|LH_488|LH_115|LH_152|LH_172|LH_448|LH_3|LH_30|LH_385|LH_134|LH_296|LH_52|LH_419|LH_384|LH_93|LH_253|LH_418|LH_487|LH_171|LH_58|LH_131|LH_79|LH_127|LH_481|LH_403|LH_399|LH_213|LH_218|LH_232|LH_259|LH_371|LH_76|LH_470|LH_133|LH_166|LH_243|LH_393|LH_189|LH_182|LH_264|LH_180|LH_352|LH_406|LH_395|LH_370|LH_344|LH_214|LH_123|LH_377|LH_420|LH_39|LH_94|LH_230|LH_309|LH_117|LH_202|LH_355|LH_186|LH_163|LH_321|LH_442|LH_354|LH_161|LH_122|LH_493|LH_72|LH_100|LH_222,LH_298|LH_48|LH_5|LH_471|LH_132|LH_77|LH_367|LH_227|LH_323|LH_73|LH_109|LH_104|LH_363|LH_105|LH_445|LH_351|LH_208|LH_293|LH_258|LH_12|LH_381|LH_157|LH_126|LH_263|LH_175|LH_196|LH_257|LH_78|LH_292|LH_472|LH_276|LH_301|LH_280|LH_319|LH_429|LH_179|LH_491|LH_466|LH_326|LH_433|LH_140|LH_451|LH_141|LH_341|LH_75|LH_499|LH_38|LH_184|LH_150|LH_410|LH_143|LH_82|LH_159|LH_307|LH_271|LH_278|LH_462|LH_176|LH_125|LH_474|LH_169|LH_388|LH_473|LH_438|LH_335|LH_220|LH_288|LH_383|LH_387|LH_37|LH_353|LH_204|LH_233|LH_408|LH_409,LH_272|LH_228|LH_492|LH_165|LH_373|LH_421|LH_90|LH_295|LH_416|LH_226|LH_142|LH_391|LH_457|LH_300|LH_44|LH_188|LH_282|LH_69|LH_401|LH_59|LH_16|LH_310|LH_124|LH_62|LH_106|LH_101|LH_279|LH_56|LH_304|LH_15|LH_266|LH_181|LH_235|LH_203|LH_327|LH_400|LH_402|LH_116|LH_362|LH_13|LH_96|LH_394|LH_99|LH_461|LH_398|LH_34|LH_261|LH_283|LH_14|LH_313|LH_25|LH_210|LH_483|LH_489|LH_108|LH_392|LH_60|LH_22|LH_50|LH_205|LH_195|LH_33|LH_118|LH_291|LH_192|LH_190|LH_0|LH_270|LH_88|LH_484|LH_244|LH_428|LH_330|LH_42|LH_285,3ce48b66c11e30bec459c52ba7f4a900809dd2b45be0995b8b56aeaefc747951,True,True,True,True,True,True,complete,True,0.09704222076705524,0.09508191376924514,0.10748384346564611,0.1231717526265979,0.015171280645107824,-0.06878618136568049,-0.24324843736454177,defined,0.29471200038989387,0.31855701526006064,0.11994453853216079,0.006384823745634706,0.05323146700775159,75,0.0,0.0,0.29415059089660645,0.33198627829551697,0.03783568739891052,0.02384501487016678,0.1216553724233981,0.2080787494778633,not recorded,not recorded,f8b7cebca7e4188b8cd0a8e6e362a419ac3a6083780f688534a4149892b85794,True,1.3877787807814457e-17,knn_alternative,alternative_protocol,alternative_protocol,unique,"k=12, expected 8"
Static GCN,static_gcn_500u_k12_seed42,experiments/static_gcn_500u_k12_seed42,data/processed/static_500u_logmass_minmax_top100_periodic_knn_k12/camels_500u_static_logmass_minmax_top100_periodic_knn_k12.pt,data/processed/static_500u_logmass_minmax_top100_periodic_knn_k12/camels_500u_static_logmass_minmax_top100_periodic_knn_k12.metadata.json,static_final_snapshot,500,LH_0..LH_499,1,final snapshot a=1.0,100,log10_Mvir|X|Y|Z|VX|VY|VZ,minmax,per_universe_per_snapshot_per_feature,False,True,12,25.0,64,3,gcn,True,mean,not_applicable,static_mlp_readout,"Linear(D,H)-ReLU-Dropout-Linear(H,H/2)-ReLU-Dropout-Linear(H/2,1)",False,False,8,300,40,0.001,1e-05,0.2,relu,1.0,MSE,42,0.7|0.15|0.15,LH_164|LH_383|LH_45|LH_156|LH_53|LH_72|LH_315|LH_209|LH_74|LH_333|LH_403|LH_415|LH_92|LH_215|LH_479|LH_59|LH_368|LH_163|LH_210|LH_251|LH_443|LH_320|LH_289|LH_389|LH_7|LH_462|LH_249|LH_228|LH_245|LH_211|LH_129|LH_162|LH_223|LH_41|LH_278|LH_21|LH_434|LH_68|LH_227|LH_151|LH_369|LH_217|LH_154|LH_177|LH_397|LH_139|LH_141|LH_326|LH_175|LH_170|LH_88|LH_96|LH_439|LH_303|LH_50|LH_199|LH_297|LH_131|LH_120|LH_358|LH_180|LH_370|LH_37|LH_160|LH_4|LH_93|LH_304|LH_188|LH_374|LH_453|LH_94|LH_468|LH_292|LH_340|LH_407|LH_408|LH_187|LH_334|LH_213|LH_127|LH_11|LH_6|LH_442|LH_246|LH_396|LH_425|LH_345|LH_89|LH_426|LH_26|LH_77|LH_184|LH_262|LH_207|LH_182|LH_95|LH_100|LH_419|LH_394|LH_155|LH_230|LH_362|LH_237|LH_353|LH_85|LH_323|LH_171|LH_393|LH_153|LH_313|LH_38|LH_392|LH_69|LH_106|LH_348|LH_489|LH_428|LH_158|LH_31|LH_244|LH_8|LH_267|LH_485|LH_233|LH_261|LH_401|LH_291|LH_198|LH_132|LH_324|LH_322|LH_2|LH_18|LH_488|LH_263|LH_76|LH_253|LH_314|LH_351|LH_471|LH_143|LH_449|LH_66|LH_179|LH_133|LH_144|LH_406|LH_280|LH_269|LH_466|LH_208|LH_145|LH_432|LH_277|LH_341|LH_465|LH_317|LH_17|LH_448|LH_20|LH_130|LH_238|LH_296|LH_286|LH_336|LH_300|LH_149|LH_203|LH_387|LH_398|LH_190|LH_201|LH_418|LH_14|LH_55|LH_75|LH_284|LH_39|LH_391|LH_460|LH_257|LH_178|LH_212|LH_472|LH_420|LH_67|LH_99|LH_476|LH_97|LH_196|LH_339|LH_288|LH_318|LH_457|LH_124|LH_242|LH_42|LH_60|LH_192|LH_422|LH_266|LH_254|LH_384|LH_497|LH_226|LH_495|LH_113|LH_19|LH_218|LH_118|LH_364|LH_385|LH_437|LH_293|LH_493|LH_378|LH_241|LH_446|LH_435|LH_27|LH_220|LH_469|LH_86|LH_361|LH_103|LH_481|LH_25|LH_307|LH_167|LH_450|LH_475|LH_410|LH_221|LH_416|LH_105|LH_371|LH_90|LH_452|LH_168|LH_240|LH_402|LH_48|LH_104|LH_206|LH_247|LH_200|LH_62|LH_477|LH_147|LH_146|LH_225|LH_421|LH_484|LH_491|LH_451|LH_109|LH_294|LH_440|LH_121|LH_265|LH_169|LH_381|LH_34|LH_268|LH_30|LH_400|LH_461|LH_354|LH_382|LH_10|LH_173|LH_342|LH_115|LH_363|LH_61|LH_231|LH_264|LH_224|LH_312|LH_356|LH_159|LH_102|LH_310|LH_372|LH_344|LH_337|LH_365|LH_84|LH_281|LH_243|LH_65|LH_64|LH_272|LH_423|LH_248|LH_43|LH_417|LH_375|LH_123|LH_29|LH_122|LH_157|LH_355|LH_330|LH_9|LH_250|LH_165|LH_306|LH_0|LH_271|LH_276|LH_82|LH_191|LH_347|LH_473|LH_399|LH_319|LH_152|LH_54|LH_259|LH_91|LH_256|LH_430|LH_1|LH_459|LH_80|LH_222|LH_431|LH_498|LH_455|LH_328|LH_404|LH_436|LH_58|LH_5|LH_283|LH_128|LH_270|LH_239|LH_405|LH_195|LH_197|LH_32|LH_305|LH_487|LH_458|LH_429|LH_78|LH_56|LH_24,LH_46|LH_252|LH_260|LH_70|LH_386|LH_427|LH_204|LH_298|LH_219|LH_299|LH_134|LH_275|LH_474|LH_126|LH_492|LH_441|LH_73|LH_234|LH_329|LH_202|LH_255|LH_335|LH_376|LH_380|LH_367|LH_290|LH_108|LH_33|LH_137|LH_205|LH_161|LH_482|LH_117|LH_28|LH_166|LH_350|LH_467|LH_285|LH_352|LH_499|LH_138|LH_463|LH_236|LH_409|LH_494|LH_438|LH_273|LH_87|LH_411|LH_311|LH_36|LH_331|LH_349|LH_470|LH_136|LH_343|LH_107|LH_181|LH_189|LH_83|LH_186|LH_325|LH_232|LH_454|LH_447|LH_51|LH_478|LH_444|LH_148|LH_395|LH_116|LH_338|LH_23|LH_35|LH_360,LH_98|LH_295|LH_185|LH_316|LH_321|LH_424|LH_150|LH_282|LH_40|LH_193|LH_63|LH_274|LH_235|LH_373|LH_22|LH_413|LH_135|LH_309|LH_176|LH_433|LH_183|LH_49|LH_194|LH_480|LH_490|LH_172|LH_390|LH_110|LH_79|LH_464|LH_174|LH_483|LH_357|LH_81|LH_412|LH_388|LH_3|LH_445|LH_414|LH_142|LH_301|LH_229|LH_112|LH_214|LH_486|LH_359|LH_332|LH_366|LH_101|LH_287|LH_13|LH_308|LH_258|LH_119|LH_111|LH_47|LH_15|LH_16|LH_216|LH_302|LH_44|LH_279|LH_456|LH_496|LH_346|LH_52|LH_377|LH_71|LH_114|LH_125|LH_140|LH_379|LH_12|LH_57|LH_327,0f963679cd284fca861fc2c59d88bdae8e8f1f21e2cbe1bb73bd593b49056748,True,True,True,True,True,True,complete,True,0.10123990156820842,0.09366966038942337,0.08674236992994944,0.10203017097183326,0.010410155788541525,-0.01361337588441014,-0.06830156020673457,defined,0.2916933327913284,0.29428449591000877,0.10202514478236673,0.006576198013801296,0.06445663985901913,75,0.0,0.0,0.27333682775497437,0.3144601583480835,0.04112333059310913,0.0025911631186803182,0.10268412103009678,0.19437825679779053,not recorded,not recorded,24ecf6ad76082200f29af7902f598832159974468f663bb2a9a7525d93491f5d,True,0.0,knn_alternative,alternative_protocol,alternative_protocol,unique,"k=12, expected 8"
Static GCN,static_gcn_500u_k4_seed123,experiments/static_gcn_500u_k4_seed123,data/processed/static_500u_logmass_minmax_top100_periodic_knn_k4/camels_500u_static_logmass_minmax_top100_periodic_knn_k4.pt,data/processed/static_500u_logmass_minmax_top100_periodic_knn_k4/camels_500u_static_logmass_minmax_top100_periodic_knn_k4.metadata.json,static_final_snapshot,500,LH_0..LH_499,1,final snapshot a=1.0,100,log10_Mvir|X|Y|Z|VX|VY|VZ,minmax,per_universe_per_snapshot_per_feature,False,True,4,25.0,64,3,gcn,True,mean,not_applicable,static_mlp_readout,"Linear(D,H)-ReLU-Dropout-Linear(H,H/2)-ReLU-Dropout-Linear(H/2,1)",False,False,8,300,40,0.001,1e-05,0.2,relu,1.0,MSE,123,0.7|0.15|0.15,LH_380|LH_468|LH_145|LH_2|LH_282|LH_103|LH_148|LH_312|LH_130|LH_411|LH_168|LH_204|LH_113|LH_132|LH_418|LH_270|LH_351|LH_157|LH_451|LH_339|LH_288|LH_277|LH_354|LH_48|LH_318|LH_303|LH_314|LH_234|LH_95|LH_304|LH_271|LH_434|LH_173|LH_357|LH_495|LH_133|LH_431|LH_39|LH_490|LH_310|LH_317|LH_471|LH_23|LH_426|LH_224|LH_286|LH_20|LH_365|LH_255|LH_216|LH_405|LH_79|LH_228|LH_445|LH_189|LH_184|LH_243|LH_358|LH_276|LH_218|LH_488|LH_60|LH_438|LH_159|LH_167|LH_349|LH_89|LH_121|LH_333|LH_51|LH_9|LH_482|LH_152|LH_416|LH_379|LH_306|LH_111|LH_185|LH_340|LH_489|LH_475|LH_93|LH_84|LH_376|LH_291|LH_158|LH_250|LH_323|LH_406|LH_460|LH_50|LH_433|LH_372|LH_66|LH_108|LH_465|LH_71|LH_298|LH_369|LH_437|LH_211|LH_11|LH_110|LH_142|LH_28|LH_59|LH_163|LH_38|LH_24|LH_205|LH_440|LH_140|LH_177|LH_252|LH_235|LH_245|LH_242|LH_25|LH_21|LH_217|LH_160|LH_231|LH_77|LH_151|LH_54|LH_345|LH_280|LH_257|LH_456|LH_308|LH_331|LH_58|LH_360|LH_179|LH_464|LH_388|LH_129|LH_285|LH_347|LH_56|LH_387|LH_169|LH_36|LH_138|LH_319|LH_296|LH_246|LH_122|LH_33|LH_127|LH_109|LH_363|LH_183|LH_196|LH_422|LH_86|LH_400|LH_297|LH_346|LH_116|LH_63|LH_88|LH_477|LH_144|LH_112|LH_362|LH_399|LH_334|LH_62|LH_353|LH_146|LH_373|LH_27|LH_76|LH_260|LH_150|LH_210|LH_195|LH_290|LH_82|LH_154|LH_432|LH_320|LH_361|LH_75|LH_17|LH_94|LH_238|LH_143|LH_469|LH_67|LH_225|LH_391|LH_106|LH_15|LH_97|LH_46|LH_49|LH_192|LH_226|LH_114|LH_302|LH_356|LH_91|LH_80|LH_107|LH_329|LH_209|LH_384|LH_409|LH_13|LH_176|LH_299|LH_483|LH_295|LH_491|LH_332|LH_292|LH_153|LH_202|LH_268|LH_1|LH_417|LH_313|LH_375|LH_128|LH_352|LH_57|LH_408|LH_254|LH_382|LH_390|LH_377|LH_328|LH_213|LH_182|LH_65|LH_7|LH_315|LH_101|LH_187|LH_126|LH_123|LH_394|LH_201|LH_251|LH_494|LH_239|LH_383|LH_367|LH_237|LH_34|LH_307|LH_141|LH_403|LH_344|LH_162|LH_43|LH_118|LH_498|LH_99|LH_392|LH_102|LH_258|LH_100|LH_41|LH_281|LH_364|LH_492|LH_448|LH_164|LH_104|LH_124|LH_259|LH_355|LH_458|LH_484|LH_115|LH_309|LH_338|LH_53|LH_381|LH_442|LH_70|LH_284|LH_263|LH_419|LH_166|LH_441|LH_481|LH_335|LH_219|LH_155|LH_294|LH_230|LH_378|LH_476|LH_232|LH_480|LH_31|LH_343|LH_197|LH_301|LH_85|LH_61|LH_264|LH_446|LH_273|LH_455|LH_188|LH_199|LH_452|LH_74|LH_443|LH_423|LH_395|LH_265|LH_29|LH_40|LH_120|LH_190|LH_73|LH_348|LH_415|LH_474|LH_337|LH_12|LH_178|LH_212|LH_402|LH_478|LH_412|LH_241|LH_454|LH_165|LH_14|LH_206|LH_325|LH_279|LH_398|LH_366|LH_462|LH_4|LH_221|LH_421|LH_389|LH_181|LH_413|LH_32|LH_316,LH_493|LH_473|LH_215|LH_324|LH_425|LH_139|LH_424|LH_385|LH_131|LH_453|LH_98|LH_470|LH_68|LH_5|LH_459|LH_236|LH_466|LH_227|LH_487|LH_78|LH_90|LH_439|LH_278|LH_119|LH_368|LH_322|LH_253|LH_147|LH_435|LH_30|LH_397|LH_256|LH_272|LH_207|LH_117|LH_180|LH_430|LH_186|LH_321|LH_45|LH_300|LH_96|LH_8|LH_401|LH_450|LH_198|LH_233|LH_370|LH_37|LH_200|LH_283|LH_479|LH_171|LH_87|LH_134|LH_336|LH_249|LH_42|LH_371|LH_92|LH_427|LH_386|LH_16|LH_261|LH_191|LH_214|LH_342|LH_266|LH_248|LH_467|LH_457|LH_407|LH_326|LH_275|LH_350,LH_222|LH_262|LH_330|LH_444|LH_203|LH_6|LH_472|LH_414|LH_289|LH_269|LH_327|LH_311|LH_420|LH_105|LH_247|LH_410|LH_267|LH_175|LH_156|LH_496|LH_18|LH_428|LH_240|LH_135|LH_244|LH_293|LH_220|LH_149|LH_10|LH_404|LH_64|LH_72|LH_341|LH_47|LH_22|LH_52|LH_229|LH_374|LH_161|LH_3|LH_35|LH_193|LH_305|LH_449|LH_497|LH_396|LH_223|LH_463|LH_0|LH_83|LH_125|LH_359|LH_485|LH_486|LH_172|LH_69|LH_81|LH_499|LH_436|LH_174|LH_170|LH_287|LH_274|LH_194|LH_19|LH_447|LH_461|LH_429|LH_55|LH_136|LH_208|LH_393|LH_44|LH_137|LH_26,853549f16ef8eb3d7f18ae850c94b13c0c8bf0e770bb99cfbffff48b03530266,True,True,True,True,True,True,complete,True,0.09593858650752476,0.10460704058408737,0.09796162148316702,0.11436187355740077,0.013078638123558922,-0.010242121106118107,-0.052321257023754626,defined,0.29364533245563507,0.29746501127878827,0.11454688870034196,0.006477470477351244,0.05654863742564408,20,0.7333333333333333,0.7333333333333333,0.2813897728919983,0.3008320927619934,0.019442319869995117,0.003819678823153178,0.1150677599018565,0.20283466577529907,not recorded,not recorded,569dd989b811f491ae0f2ce4d4e07bae7f53f43b6b0bc9ec7fa6272609f41274,True,0.0,knn_alternative,alternative_protocol,alternative_protocol,unique,"k=4, expected 8"
Static GCN,static_gcn_500u_k4_seed2025,experiments/static_gcn_500u_k4_seed2025,data/processed/static_500u_logmass_minmax_top100_periodic_knn_k4/camels_500u_static_logmass_minmax_top100_periodic_knn_k4.pt,data/processed/static_500u_logmass_minmax_top100_periodic_knn_k4/camels_500u_static_logmass_minmax_top100_periodic_knn_k4.metadata.json,static_final_snapshot,500,LH_0..LH_499,1,final snapshot a=1.0,100,log10_Mvir|X|Y|Z|VX|VY|VZ,minmax,per_universe_per_snapshot_per_feature,False,True,4,25.0,64,3,gcn,True,mean,not_applicable,static_mlp_readout,"Linear(D,H)-ReLU-Dropout-Linear(H,H/2)-ReLU-Dropout-Linear(H/2,1)",False,False,8,300,40,0.001,1e-05,0.2,relu,1.0,MSE,2025,0.7|0.15|0.15,LH_322|LH_49|LH_312|LH_130|LH_467|LH_459|LH_70|LH_456|LH_248|LH_365|LH_329|LH_63|LH_331|LH_324|LH_311|LH_87|LH_469|LH_119|LH_209|LH_452|LH_212|LH_167|LH_91|LH_460|LH_485|LH_255|LH_155|LH_458|LH_372|LH_479|LH_446|LH_97|LH_19|LH_149|LH_170|LH_287|LH_334|LH_495|LH_369|LH_318|LH_144|LH_440|LH_297|LH_219|LH_498|LH_350|LH_177|LH_368|LH_339|LH_8|LH_129|LH_275|LH_345|LH_206|LH_92|LH_36|LH_46|LH_128|LH_490|LH_103|LH_411|LH_237|LH_249|LH_434|LH_201|LH_114|LH_325|LH_284|LH_10|LH_239|LH_224|LH_277|LH_138|LH_281|LH_315|LH_361|LH_439|LH_274|LH_379|LH_57|LH_173|LH_455|LH_407|LH_113|LH_437|LH_360|LH_317|LH_250|LH_207|LH_26|LH_236|LH_89|LH_110|LH_102|LH_83|LH_299|LH_366|LH_6|LH_216|LH_191|LH_463|LH_454|LH_17|LH_85|LH_482|LH_112|LH_4|LH_223|LH_417|LH_444|LH_347|LH_20|LH_349|LH_306|LH_40|LH_380|LH_185|LH_151|LH_390|LH_174|LH_303|LH_494|LH_432|LH_241|LH_41|LH_21|LH_164|LH_478|LH_328|LH_80|LH_148|LH_246|LH_441|LH_340|LH_364|LH_422|LH_435|LH_154|LH_158|LH_24|LH_396|LH_447|LH_198|LH_54|LH_146|LH_217|LH_35|LH_18|LH_32|LH_389|LH_359|LH_68|LH_320|LH_337|LH_356|LH_358|LH_426|LH_405|LH_464|LH_240|LH_348|LH_74|LH_357|LH_443|LH_252|LH_302|LH_256|LH_53|LH_55|LH_160|LH_415|LH_465|LH_199|LH_273|LH_135|LH_107|LH_412|LH_61|LH_342|LH_247|LH_374|LH_289|LH_294|LH_71|LH_449|LH_404|LH_197|LH_375|LH_376|LH_47|LH_120|LH_121|LH_453|LH_211|LH_242|LH_67|LH_305|LH_156|LH_332|LH_265|LH_314|LH_496|LH_431|LH_153|LH_84|LH_268|LH_95|LH_187|LH_43|LH_9|LH_111|LH_168|LH_262|LH_338|LH_225|LH_1|LH_413|LH_2|LH_269|LH_231|LH_316|LH_267|LH_81|LH_193|LH_468|LH_397|LH_386|LH_423|LH_286|LH_31|LH_66|LH_65|LH_346|LH_28|LH_497|LH_245|LH_336|LH_178|LH_254|LH_486|LH_215|LH_476|LH_7|LH_343|LH_194|LH_425|LH_378|LH_427|LH_86|LH_29|LH_64|LH_23|LH_229|LH_333|LH_139|LH_251|LH_414|LH_51|LH_260|LH_147|LH_45|LH_475|LH_308|LH_290|LH_436|LH_200|LH_477|LH_424|LH_238|LH_11|LH_183|LH_382|LH_234|LH_480|LH_450|LH_162|LH_136|LH_145|LH_221|LH_430|LH_27|LH_98|LH_137|LH_488|LH_115|LH_152|LH_172|LH_448|LH_3|LH_30|LH_385|LH_134|LH_296|LH_52|LH_419|LH_384|LH_93|LH_253|LH_418|LH_487|LH_171|LH_58|LH_131|LH_79|LH_127|LH_481|LH_403|LH_399|LH_213|LH_218|LH_232|LH_259|LH_371|LH_76|LH_470|LH_133|LH_166|LH_243|LH_393|LH_189|LH_182|LH_264|LH_180|LH_352|LH_406|LH_395|LH_370|LH_344|LH_214|LH_123|LH_377|LH_420|LH_39|LH_94|LH_230|LH_309|LH_117|LH_202|LH_355|LH_186|LH_163|LH_321|LH_442|LH_354|LH_161|LH_122|LH_493|LH_72|LH_100|LH_222,LH_298|LH_48|LH_5|LH_471|LH_132|LH_77|LH_367|LH_227|LH_323|LH_73|LH_109|LH_104|LH_363|LH_105|LH_445|LH_351|LH_208|LH_293|LH_258|LH_12|LH_381|LH_157|LH_126|LH_263|LH_175|LH_196|LH_257|LH_78|LH_292|LH_472|LH_276|LH_301|LH_280|LH_319|LH_429|LH_179|LH_491|LH_466|LH_326|LH_433|LH_140|LH_451|LH_141|LH_341|LH_75|LH_499|LH_38|LH_184|LH_150|LH_410|LH_143|LH_82|LH_159|LH_307|LH_271|LH_278|LH_462|LH_176|LH_125|LH_474|LH_169|LH_388|LH_473|LH_438|LH_335|LH_220|LH_288|LH_383|LH_387|LH_37|LH_353|LH_204|LH_233|LH_408|LH_409,LH_272|LH_228|LH_492|LH_165|LH_373|LH_421|LH_90|LH_295|LH_416|LH_226|LH_142|LH_391|LH_457|LH_300|LH_44|LH_188|LH_282|LH_69|LH_401|LH_59|LH_16|LH_310|LH_124|LH_62|LH_106|LH_101|LH_279|LH_56|LH_304|LH_15|LH_266|LH_181|LH_235|LH_203|LH_327|LH_400|LH_402|LH_116|LH_362|LH_13|LH_96|LH_394|LH_99|LH_461|LH_398|LH_34|LH_261|LH_283|LH_14|LH_313|LH_25|LH_210|LH_483|LH_489|LH_108|LH_392|LH_60|LH_22|LH_50|LH_205|LH_195|LH_33|LH_118|LH_291|LH_192|LH_190|LH_0|LH_270|LH_88|LH_484|LH_244|LH_428|LH_330|LH_42|LH_285,3ce48b66c11e30bec459c52ba7f4a900809dd2b45be0995b8b56aeaefc747951,True,True,True,True,True,True,complete,True,0.09750987012471471,0.09365230749050776,0.10756154686212539,0.12486939203852315,0.01559236506807039,-0.09845073131228355,-0.21277351840585995,defined,0.29471200038989387,0.3100443645318349,0.11994453853216079,0.01725098750008592,0.14382470190971142,75,0.0,0.0,0.278657466173172,0.3516000807285309,0.07294261455535889,0.015332364141941071,0.12475902587949832,0.2183726578950882,not recorded,not recorded,b25655eab160b3c2c12d753244dce4cbbab3bf8628b5757d232a65d5ac76afc9,True,1.3877787807814457e-17,knn_alternative,alternative_protocol,alternative_protocol,unique,"k=4, expected 8"
Static GCN,static_gcn_500u_k4_seed42,experiments/static_gcn_500u_k4_seed42,data/processed/static_500u_logmass_minmax_top100_periodic_knn_k4/camels_500u_static_logmass_minmax_top100_periodic_knn_k4.pt,data/processed/static_500u_logmass_minmax_top100_periodic_knn_k4/camels_500u_static_logmass_minmax_top100_periodic_knn_k4.metadata.json,static_final_snapshot,500,LH_0..LH_499,1,final snapshot a=1.0,100,log10_Mvir|X|Y|Z|VX|VY|VZ,minmax,per_universe_per_snapshot_per_feature,False,True,4,25.0,64,3,gcn,True,mean,not_applicable,static_mlp_readout,"Linear(D,H)-ReLU-Dropout-Linear(H,H/2)-ReLU-Dropout-Linear(H/2,1)",False,False,8,300,40,0.001,1e-05,0.2,relu,1.0,MSE,42,0.7|0.15|0.15,LH_164|LH_383|LH_45|LH_156|LH_53|LH_72|LH_315|LH_209|LH_74|LH_333|LH_403|LH_415|LH_92|LH_215|LH_479|LH_59|LH_368|LH_163|LH_210|LH_251|LH_443|LH_320|LH_289|LH_389|LH_7|LH_462|LH_249|LH_228|LH_245|LH_211|LH_129|LH_162|LH_223|LH_41|LH_278|LH_21|LH_434|LH_68|LH_227|LH_151|LH_369|LH_217|LH_154|LH_177|LH_397|LH_139|LH_141|LH_326|LH_175|LH_170|LH_88|LH_96|LH_439|LH_303|LH_50|LH_199|LH_297|LH_131|LH_120|LH_358|LH_180|LH_370|LH_37|LH_160|LH_4|LH_93|LH_304|LH_188|LH_374|LH_453|LH_94|LH_468|LH_292|LH_340|LH_407|LH_408|LH_187|LH_334|LH_213|LH_127|LH_11|LH_6|LH_442|LH_246|LH_396|LH_425|LH_345|LH_89|LH_426|LH_26|LH_77|LH_184|LH_262|LH_207|LH_182|LH_95|LH_100|LH_419|LH_394|LH_155|LH_230|LH_362|LH_237|LH_353|LH_85|LH_323|LH_171|LH_393|LH_153|LH_313|LH_38|LH_392|LH_69|LH_106|LH_348|LH_489|LH_428|LH_158|LH_31|LH_244|LH_8|LH_267|LH_485|LH_233|LH_261|LH_401|LH_291|LH_198|LH_132|LH_324|LH_322|LH_2|LH_18|LH_488|LH_263|LH_76|LH_253|LH_314|LH_351|LH_471|LH_143|LH_449|LH_66|LH_179|LH_133|LH_144|LH_406|LH_280|LH_269|LH_466|LH_208|LH_145|LH_432|LH_277|LH_341|LH_465|LH_317|LH_17|LH_448|LH_20|LH_130|LH_238|LH_296|LH_286|LH_336|LH_300|LH_149|LH_203|LH_387|LH_398|LH_190|LH_201|LH_418|LH_14|LH_55|LH_75|LH_284|LH_39|LH_391|LH_460|LH_257|LH_178|LH_212|LH_472|LH_420|LH_67|LH_99|LH_476|LH_97|LH_196|LH_339|LH_288|LH_318|LH_457|LH_124|LH_242|LH_42|LH_60|LH_192|LH_422|LH_266|LH_254|LH_384|LH_497|LH_226|LH_495|LH_113|LH_19|LH_218|LH_118|LH_364|LH_385|LH_437|LH_293|LH_493|LH_378|LH_241|LH_446|LH_435|LH_27|LH_220|LH_469|LH_86|LH_361|LH_103|LH_481|LH_25|LH_307|LH_167|LH_450|LH_475|LH_410|LH_221|LH_416|LH_105|LH_371|LH_90|LH_452|LH_168|LH_240|LH_402|LH_48|LH_104|LH_206|LH_247|LH_200|LH_62|LH_477|LH_147|LH_146|LH_225|LH_421|LH_484|LH_491|LH_451|LH_109|LH_294|LH_440|LH_121|LH_265|LH_169|LH_381|LH_34|LH_268|LH_30|LH_400|LH_461|LH_354|LH_382|LH_10|LH_173|LH_342|LH_115|LH_363|LH_61|LH_231|LH_264|LH_224|LH_312|LH_356|LH_159|LH_102|LH_310|LH_372|LH_344|LH_337|LH_365|LH_84|LH_281|LH_243|LH_65|LH_64|LH_272|LH_423|LH_248|LH_43|LH_417|LH_375|LH_123|LH_29|LH_122|LH_157|LH_355|LH_330|LH_9|LH_250|LH_165|LH_306|LH_0|LH_271|LH_276|LH_82|LH_191|LH_347|LH_473|LH_399|LH_319|LH_152|LH_54|LH_259|LH_91|LH_256|LH_430|LH_1|LH_459|LH_80|LH_222|LH_431|LH_498|LH_455|LH_328|LH_404|LH_436|LH_58|LH_5|LH_283|LH_128|LH_270|LH_239|LH_405|LH_195|LH_197|LH_32|LH_305|LH_487|LH_458|LH_429|LH_78|LH_56|LH_24,LH_46|LH_252|LH_260|LH_70|LH_386|LH_427|LH_204|LH_298|LH_219|LH_299|LH_134|LH_275|LH_474|LH_126|LH_492|LH_441|LH_73|LH_234|LH_329|LH_202|LH_255|LH_335|LH_376|LH_380|LH_367|LH_290|LH_108|LH_33|LH_137|LH_205|LH_161|LH_482|LH_117|LH_28|LH_166|LH_350|LH_467|LH_285|LH_352|LH_499|LH_138|LH_463|LH_236|LH_409|LH_494|LH_438|LH_273|LH_87|LH_411|LH_311|LH_36|LH_331|LH_349|LH_470|LH_136|LH_343|LH_107|LH_181|LH_189|LH_83|LH_186|LH_325|LH_232|LH_454|LH_447|LH_51|LH_478|LH_444|LH_148|LH_395|LH_116|LH_338|LH_23|LH_35|LH_360,LH_98|LH_295|LH_185|LH_316|LH_321|LH_424|LH_150|LH_282|LH_40|LH_193|LH_63|LH_274|LH_235|LH_373|LH_22|LH_413|LH_135|LH_309|LH_176|LH_433|LH_183|LH_49|LH_194|LH_480|LH_490|LH_172|LH_390|LH_110|LH_79|LH_464|LH_174|LH_483|LH_357|LH_81|LH_412|LH_388|LH_3|LH_445|LH_414|LH_142|LH_301|LH_229|LH_112|LH_214|LH_486|LH_359|LH_332|LH_366|LH_101|LH_287|LH_13|LH_308|LH_258|LH_119|LH_111|LH_47|LH_15|LH_16|LH_216|LH_302|LH_44|LH_279|LH_456|LH_496|LH_346|LH_52|LH_377|LH_71|LH_114|LH_125|LH_140|LH_379|LH_12|LH_57|LH_327,0f963679cd284fca861fc2c59d88bdae8e8f1f21e2cbe1bb73bd593b49056748,True,True,True,True,True,True,complete,True,0.10064277704272952,0.09346037298440933,0.08643142441908519,0.10168732076272338,0.010340311203900995,-0.00681276630057881,-0.0880530546510558,defined,0.2916933327913284,0.29904810547828675,0.10202514478236673,0.0008549127368865164,0.008379431744107392,3,0.96,0.96,0.29892581701278687,0.3060755133628845,0.007149696350097656,0.007354772686958313,0.10210397384838947,0.19192581623792648,not recorded,not recorded,250a0a3585c40bac468463e67014c04145220144a9393ff0b81945da06a50920,True,0.0,knn_alternative,alternative_protocol,alternative_protocol,unique,"k=4, expected 8"
Static GCN,static_gcn_500u_k6_seed123,experiments/static_gcn_500u_k6_seed123,data/processed/static_500u_logmass_minmax_top100_periodic_knn_k6/camels_500u_static_logmass_minmax_top100_periodic_knn_k6.pt,data/processed/static_500u_logmass_minmax_top100_periodic_knn_k6/camels_500u_static_logmass_minmax_top100_periodic_knn_k6.metadata.json,static_final_snapshot,500,LH_0..LH_499,1,final snapshot a=1.0,100,log10_Mvir|X|Y|Z|VX|VY|VZ,minmax,per_universe_per_snapshot_per_feature,False,True,6,25.0,64,3,gcn,True,mean,not_applicable,static_mlp_readout,"Linear(D,H)-ReLU-Dropout-Linear(H,H/2)-ReLU-Dropout-Linear(H/2,1)",False,False,8,300,40,0.001,1e-05,0.2,relu,1.0,MSE,123,0.7|0.15|0.15,LH_380|LH_468|LH_145|LH_2|LH_282|LH_103|LH_148|LH_312|LH_130|LH_411|LH_168|LH_204|LH_113|LH_132|LH_418|LH_270|LH_351|LH_157|LH_451|LH_339|LH_288|LH_277|LH_354|LH_48|LH_318|LH_303|LH_314|LH_234|LH_95|LH_304|LH_271|LH_434|LH_173|LH_357|LH_495|LH_133|LH_431|LH_39|LH_490|LH_310|LH_317|LH_471|LH_23|LH_426|LH_224|LH_286|LH_20|LH_365|LH_255|LH_216|LH_405|LH_79|LH_228|LH_445|LH_189|LH_184|LH_243|LH_358|LH_276|LH_218|LH_488|LH_60|LH_438|LH_159|LH_167|LH_349|LH_89|LH_121|LH_333|LH_51|LH_9|LH_482|LH_152|LH_416|LH_379|LH_306|LH_111|LH_185|LH_340|LH_489|LH_475|LH_93|LH_84|LH_376|LH_291|LH_158|LH_250|LH_323|LH_406|LH_460|LH_50|LH_433|LH_372|LH_66|LH_108|LH_465|LH_71|LH_298|LH_369|LH_437|LH_211|LH_11|LH_110|LH_142|LH_28|LH_59|LH_163|LH_38|LH_24|LH_205|LH_440|LH_140|LH_177|LH_252|LH_235|LH_245|LH_242|LH_25|LH_21|LH_217|LH_160|LH_231|LH_77|LH_151|LH_54|LH_345|LH_280|LH_257|LH_456|LH_308|LH_331|LH_58|LH_360|LH_179|LH_464|LH_388|LH_129|LH_285|LH_347|LH_56|LH_387|LH_169|LH_36|LH_138|LH_319|LH_296|LH_246|LH_122|LH_33|LH_127|LH_109|LH_363|LH_183|LH_196|LH_422|LH_86|LH_400|LH_297|LH_346|LH_116|LH_63|LH_88|LH_477|LH_144|LH_112|LH_362|LH_399|LH_334|LH_62|LH_353|LH_146|LH_373|LH_27|LH_76|LH_260|LH_150|LH_210|LH_195|LH_290|LH_82|LH_154|LH_432|LH_320|LH_361|LH_75|LH_17|LH_94|LH_238|LH_143|LH_469|LH_67|LH_225|LH_391|LH_106|LH_15|LH_97|LH_46|LH_49|LH_192|LH_226|LH_114|LH_302|LH_356|LH_91|LH_80|LH_107|LH_329|LH_209|LH_384|LH_409|LH_13|LH_176|LH_299|LH_483|LH_295|LH_491|LH_332|LH_292|LH_153|LH_202|LH_268|LH_1|LH_417|LH_313|LH_375|LH_128|LH_352|LH_57|LH_408|LH_254|LH_382|LH_390|LH_377|LH_328|LH_213|LH_182|LH_65|LH_7|LH_315|LH_101|LH_187|LH_126|LH_123|LH_394|LH_201|LH_251|LH_494|LH_239|LH_383|LH_367|LH_237|LH_34|LH_307|LH_141|LH_403|LH_344|LH_162|LH_43|LH_118|LH_498|LH_99|LH_392|LH_102|LH_258|LH_100|LH_41|LH_281|LH_364|LH_492|LH_448|LH_164|LH_104|LH_124|LH_259|LH_355|LH_458|LH_484|LH_115|LH_309|LH_338|LH_53|LH_381|LH_442|LH_70|LH_284|LH_263|LH_419|LH_166|LH_441|LH_481|LH_335|LH_219|LH_155|LH_294|LH_230|LH_378|LH_476|LH_232|LH_480|LH_31|LH_343|LH_197|LH_301|LH_85|LH_61|LH_264|LH_446|LH_273|LH_455|LH_188|LH_199|LH_452|LH_74|LH_443|LH_423|LH_395|LH_265|LH_29|LH_40|LH_120|LH_190|LH_73|LH_348|LH_415|LH_474|LH_337|LH_12|LH_178|LH_212|LH_402|LH_478|LH_412|LH_241|LH_454|LH_165|LH_14|LH_206|LH_325|LH_279|LH_398|LH_366|LH_462|LH_4|LH_221|LH_421|LH_389|LH_181|LH_413|LH_32|LH_316,LH_493|LH_473|LH_215|LH_324|LH_425|LH_139|LH_424|LH_385|LH_131|LH_453|LH_98|LH_470|LH_68|LH_5|LH_459|LH_236|LH_466|LH_227|LH_487|LH_78|LH_90|LH_439|LH_278|LH_119|LH_368|LH_322|LH_253|LH_147|LH_435|LH_30|LH_397|LH_256|LH_272|LH_207|LH_117|LH_180|LH_430|LH_186|LH_321|LH_45|LH_300|LH_96|LH_8|LH_401|LH_450|LH_198|LH_233|LH_370|LH_37|LH_200|LH_283|LH_479|LH_171|LH_87|LH_134|LH_336|LH_249|LH_42|LH_371|LH_92|LH_427|LH_386|LH_16|LH_261|LH_191|LH_214|LH_342|LH_266|LH_248|LH_467|LH_457|LH_407|LH_326|LH_275|LH_350,LH_222|LH_262|LH_330|LH_444|LH_203|LH_6|LH_472|LH_414|LH_289|LH_269|LH_327|LH_311|LH_420|LH_105|LH_247|LH_410|LH_267|LH_175|LH_156|LH_496|LH_18|LH_428|LH_240|LH_135|LH_244|LH_293|LH_220|LH_149|LH_10|LH_404|LH_64|LH_72|LH_341|LH_47|LH_22|LH_52|LH_229|LH_374|LH_161|LH_3|LH_35|LH_193|LH_305|LH_449|LH_497|LH_396|LH_223|LH_463|LH_0|LH_83|LH_125|LH_359|LH_485|LH_486|LH_172|LH_69|LH_81|LH_499|LH_436|LH_174|LH_170|LH_287|LH_274|LH_194|LH_19|LH_447|LH_461|LH_429|LH_55|LH_136|LH_208|LH_393|LH_44|LH_137|LH_26,853549f16ef8eb3d7f18ae850c94b13c0c8bf0e770bb99cfbffff48b03530266,True,True,True,True,True,True,complete,True,0.0959438225201198,0.10343057682116827,0.09805974860986073,0.11404794841738845,0.013006934538215298,-0.004703472397888486,-0.04742252192991157,defined,0.29364533245563507,0.2983710062503815,0.11454688870034196,0.002849695306741807,0.024877980878177268,24,0.68,0.68,0.282859206199646,0.3011736571788788,0.018314450979232788,0.004725673794746399,0.11471734893801297,0.2009156346321106,not recorded,not recorded,93dbfac9aed360f95b496229d81959d1fe68a39ef510a592f6d4cc1ac1da3a80,True,1.3877787807814457e-17,knn_alternative,alternative_protocol,alternative_protocol,unique,"k=6, expected 8"
Static GCN,static_gcn_500u_k6_seed2025,experiments/static_gcn_500u_k6_seed2025,data/processed/static_500u_logmass_minmax_top100_periodic_knn_k6/camels_500u_static_logmass_minmax_top100_periodic_knn_k6.pt,data/processed/static_500u_logmass_minmax_top100_periodic_knn_k6/camels_500u_static_logmass_minmax_top100_periodic_knn_k6.metadata.json,static_final_snapshot,500,LH_0..LH_499,1,final snapshot a=1.0,100,log10_Mvir|X|Y|Z|VX|VY|VZ,minmax,per_universe_per_snapshot_per_feature,False,True,6,25.0,64,3,gcn,True,mean,not_applicable,static_mlp_readout,"Linear(D,H)-ReLU-Dropout-Linear(H,H/2)-ReLU-Dropout-Linear(H/2,1)",False,False,8,300,40,0.001,1e-05,0.2,relu,1.0,MSE,2025,0.7|0.15|0.15,LH_322|LH_49|LH_312|LH_130|LH_467|LH_459|LH_70|LH_456|LH_248|LH_365|LH_329|LH_63|LH_331|LH_324|LH_311|LH_87|LH_469|LH_119|LH_209|LH_452|LH_212|LH_167|LH_91|LH_460|LH_485|LH_255|LH_155|LH_458|LH_372|LH_479|LH_446|LH_97|LH_19|LH_149|LH_170|LH_287|LH_334|LH_495|LH_369|LH_318|LH_144|LH_440|LH_297|LH_219|LH_498|LH_350|LH_177|LH_368|LH_339|LH_8|LH_129|LH_275|LH_345|LH_206|LH_92|LH_36|LH_46|LH_128|LH_490|LH_103|LH_411|LH_237|LH_249|LH_434|LH_201|LH_114|LH_325|LH_284|LH_10|LH_239|LH_224|LH_277|LH_138|LH_281|LH_315|LH_361|LH_439|LH_274|LH_379|LH_57|LH_173|LH_455|LH_407|LH_113|LH_437|LH_360|LH_317|LH_250|LH_207|LH_26|LH_236|LH_89|LH_110|LH_102|LH_83|LH_299|LH_366|LH_6|LH_216|LH_191|LH_463|LH_454|LH_17|LH_85|LH_482|LH_112|LH_4|LH_223|LH_417|LH_444|LH_347|LH_20|LH_349|LH_306|LH_40|LH_380|LH_185|LH_151|LH_390|LH_174|LH_303|LH_494|LH_432|LH_241|LH_41|LH_21|LH_164|LH_478|LH_328|LH_80|LH_148|LH_246|LH_441|LH_340|LH_364|LH_422|LH_435|LH_154|LH_158|LH_24|LH_396|LH_447|LH_198|LH_54|LH_146|LH_217|LH_35|LH_18|LH_32|LH_389|LH_359|LH_68|LH_320|LH_337|LH_356|LH_358|LH_426|LH_405|LH_464|LH_240|LH_348|LH_74|LH_357|LH_443|LH_252|LH_302|LH_256|LH_53|LH_55|LH_160|LH_415|LH_465|LH_199|LH_273|LH_135|LH_107|LH_412|LH_61|LH_342|LH_247|LH_374|LH_289|LH_294|LH_71|LH_449|LH_404|LH_197|LH_375|LH_376|LH_47|LH_120|LH_121|LH_453|LH_211|LH_242|LH_67|LH_305|LH_156|LH_332|LH_265|LH_314|LH_496|LH_431|LH_153|LH_84|LH_268|LH_95|LH_187|LH_43|LH_9|LH_111|LH_168|LH_262|LH_338|LH_225|LH_1|LH_413|LH_2|LH_269|LH_231|LH_316|LH_267|LH_81|LH_193|LH_468|LH_397|LH_386|LH_423|LH_286|LH_31|LH_66|LH_65|LH_346|LH_28|LH_497|LH_245|LH_336|LH_178|LH_254|LH_486|LH_215|LH_476|LH_7|LH_343|LH_194|LH_425|LH_378|LH_427|LH_86|LH_29|LH_64|LH_23|LH_229|LH_333|LH_139|LH_251|LH_414|LH_51|LH_260|LH_147|LH_45|LH_475|LH_308|LH_290|LH_436|LH_200|LH_477|LH_424|LH_238|LH_11|LH_183|LH_382|LH_234|LH_480|LH_450|LH_162|LH_136|LH_145|LH_221|LH_430|LH_27|LH_98|LH_137|LH_488|LH_115|LH_152|LH_172|LH_448|LH_3|LH_30|LH_385|LH_134|LH_296|LH_52|LH_419|LH_384|LH_93|LH_253|LH_418|LH_487|LH_171|LH_58|LH_131|LH_79|LH_127|LH_481|LH_403|LH_399|LH_213|LH_218|LH_232|LH_259|LH_371|LH_76|LH_470|LH_133|LH_166|LH_243|LH_393|LH_189|LH_182|LH_264|LH_180|LH_352|LH_406|LH_395|LH_370|LH_344|LH_214|LH_123|LH_377|LH_420|LH_39|LH_94|LH_230|LH_309|LH_117|LH_202|LH_355|LH_186|LH_163|LH_321|LH_442|LH_354|LH_161|LH_122|LH_493|LH_72|LH_100|LH_222,LH_298|LH_48|LH_5|LH_471|LH_132|LH_77|LH_367|LH_227|LH_323|LH_73|LH_109|LH_104|LH_363|LH_105|LH_445|LH_351|LH_208|LH_293|LH_258|LH_12|LH_381|LH_157|LH_126|LH_263|LH_175|LH_196|LH_257|LH_78|LH_292|LH_472|LH_276|LH_301|LH_280|LH_319|LH_429|LH_179|LH_491|LH_466|LH_326|LH_433|LH_140|LH_451|LH_141|LH_341|LH_75|LH_499|LH_38|LH_184|LH_150|LH_410|LH_143|LH_82|LH_159|LH_307|LH_271|LH_278|LH_462|LH_176|LH_125|LH_474|LH_169|LH_388|LH_473|LH_438|LH_335|LH_220|LH_288|LH_383|LH_387|LH_37|LH_353|LH_204|LH_233|LH_408|LH_409,LH_272|LH_228|LH_492|LH_165|LH_373|LH_421|LH_90|LH_295|LH_416|LH_226|LH_142|LH_391|LH_457|LH_300|LH_44|LH_188|LH_282|LH_69|LH_401|LH_59|LH_16|LH_310|LH_124|LH_62|LH_106|LH_101|LH_279|LH_56|LH_304|LH_15|LH_266|LH_181|LH_235|LH_203|LH_327|LH_400|LH_402|LH_116|LH_362|LH_13|LH_96|LH_394|LH_99|LH_461|LH_398|LH_34|LH_261|LH_283|LH_14|LH_313|LH_25|LH_210|LH_483|LH_489|LH_108|LH_392|LH_60|LH_22|LH_50|LH_205|LH_195|LH_33|LH_118|LH_291|LH_192|LH_190|LH_0|LH_270|LH_88|LH_484|LH_244|LH_428|LH_330|LH_42|LH_285,3ce48b66c11e30bec459c52ba7f4a900809dd2b45be0995b8b56aeaefc747951,True,True,True,True,True,True,complete,True,0.09684078857302665,0.09700870345036189,0.10533858170111975,0.12098114078995743,0.014636436426839502,-0.031107482840461165,0.02197038941822335,defined,0.29471200038989387,0.315550537109375,0.11994453853216079,0.006425403587148455,0.05356978871885533,75,0.0,0.0,0.29793810844421387,0.32812273502349854,0.030184626579284668,0.02083853671948115,0.11997546968123714,0.2079244628548622,not recorded,not recorded,5e0eab6c746d106660e52ea19a939f241dcbb9a383f13e919a20d15904c0c5ef,True,1.734723475976807e-18,knn_alternative,alternative_protocol,alternative_protocol,unique,"k=6, expected 8"
Static GCN,static_gcn_500u_k6_seed42,experiments/static_gcn_500u_k6_seed42,data/processed/static_500u_logmass_minmax_top100_periodic_knn_k6/camels_500u_static_logmass_minmax_top100_periodic_knn_k6.pt,data/processed/static_500u_logmass_minmax_top100_periodic_knn_k6/camels_500u_static_logmass_minmax_top100_periodic_knn_k6.metadata.json,static_final_snapshot,500,LH_0..LH_499,1,final snapshot a=1.0,100,log10_Mvir|X|Y|Z|VX|VY|VZ,minmax,per_universe_per_snapshot_per_feature,False,True,6,25.0,64,3,gcn,True,mean,not_applicable,static_mlp_readout,"Linear(D,H)-ReLU-Dropout-Linear(H,H/2)-ReLU-Dropout-Linear(H/2,1)",False,False,8,300,40,0.001,1e-05,0.2,relu,1.0,MSE,42,0.7|0.15|0.15,LH_164|LH_383|LH_45|LH_156|LH_53|LH_72|LH_315|LH_209|LH_74|LH_333|LH_403|LH_415|LH_92|LH_215|LH_479|LH_59|LH_368|LH_163|LH_210|LH_251|LH_443|LH_320|LH_289|LH_389|LH_7|LH_462|LH_249|LH_228|LH_245|LH_211|LH_129|LH_162|LH_223|LH_41|LH_278|LH_21|LH_434|LH_68|LH_227|LH_151|LH_369|LH_217|LH_154|LH_177|LH_397|LH_139|LH_141|LH_326|LH_175|LH_170|LH_88|LH_96|LH_439|LH_303|LH_50|LH_199|LH_297|LH_131|LH_120|LH_358|LH_180|LH_370|LH_37|LH_160|LH_4|LH_93|LH_304|LH_188|LH_374|LH_453|LH_94|LH_468|LH_292|LH_340|LH_407|LH_408|LH_187|LH_334|LH_213|LH_127|LH_11|LH_6|LH_442|LH_246|LH_396|LH_425|LH_345|LH_89|LH_426|LH_26|LH_77|LH_184|LH_262|LH_207|LH_182|LH_95|LH_100|LH_419|LH_394|LH_155|LH_230|LH_362|LH_237|LH_353|LH_85|LH_323|LH_171|LH_393|LH_153|LH_313|LH_38|LH_392|LH_69|LH_106|LH_348|LH_489|LH_428|LH_158|LH_31|LH_244|LH_8|LH_267|LH_485|LH_233|LH_261|LH_401|LH_291|LH_198|LH_132|LH_324|LH_322|LH_2|LH_18|LH_488|LH_263|LH_76|LH_253|LH_314|LH_351|LH_471|LH_143|LH_449|LH_66|LH_179|LH_133|LH_144|LH_406|LH_280|LH_269|LH_466|LH_208|LH_145|LH_432|LH_277|LH_341|LH_465|LH_317|LH_17|LH_448|LH_20|LH_130|LH_238|LH_296|LH_286|LH_336|LH_300|LH_149|LH_203|LH_387|LH_398|LH_190|LH_201|LH_418|LH_14|LH_55|LH_75|LH_284|LH_39|LH_391|LH_460|LH_257|LH_178|LH_212|LH_472|LH_420|LH_67|LH_99|LH_476|LH_97|LH_196|LH_339|LH_288|LH_318|LH_457|LH_124|LH_242|LH_42|LH_60|LH_192|LH_422|LH_266|LH_254|LH_384|LH_497|LH_226|LH_495|LH_113|LH_19|LH_218|LH_118|LH_364|LH_385|LH_437|LH_293|LH_493|LH_378|LH_241|LH_446|LH_435|LH_27|LH_220|LH_469|LH_86|LH_361|LH_103|LH_481|LH_25|LH_307|LH_167|LH_450|LH_475|LH_410|LH_221|LH_416|LH_105|LH_371|LH_90|LH_452|LH_168|LH_240|LH_402|LH_48|LH_104|LH_206|LH_247|LH_200|LH_62|LH_477|LH_147|LH_146|LH_225|LH_421|LH_484|LH_491|LH_451|LH_109|LH_294|LH_440|LH_121|LH_265|LH_169|LH_381|LH_34|LH_268|LH_30|LH_400|LH_461|LH_354|LH_382|LH_10|LH_173|LH_342|LH_115|LH_363|LH_61|LH_231|LH_264|LH_224|LH_312|LH_356|LH_159|LH_102|LH_310|LH_372|LH_344|LH_337|LH_365|LH_84|LH_281|LH_243|LH_65|LH_64|LH_272|LH_423|LH_248|LH_43|LH_417|LH_375|LH_123|LH_29|LH_122|LH_157|LH_355|LH_330|LH_9|LH_250|LH_165|LH_306|LH_0|LH_271|LH_276|LH_82|LH_191|LH_347|LH_473|LH_399|LH_319|LH_152|LH_54|LH_259|LH_91|LH_256|LH_430|LH_1|LH_459|LH_80|LH_222|LH_431|LH_498|LH_455|LH_328|LH_404|LH_436|LH_58|LH_5|LH_283|LH_128|LH_270|LH_239|LH_405|LH_195|LH_197|LH_32|LH_305|LH_487|LH_458|LH_429|LH_78|LH_56|LH_24,LH_46|LH_252|LH_260|LH_70|LH_386|LH_427|LH_204|LH_298|LH_219|LH_299|LH_134|LH_275|LH_474|LH_126|LH_492|LH_441|LH_73|LH_234|LH_329|LH_202|LH_255|LH_335|LH_376|LH_380|LH_367|LH_290|LH_108|LH_33|LH_137|LH_205|LH_161|LH_482|LH_117|LH_28|LH_166|LH_350|LH_467|LH_285|LH_352|LH_499|LH_138|LH_463|LH_236|LH_409|LH_494|LH_438|LH_273|LH_87|LH_411|LH_311|LH_36|LH_331|LH_349|LH_470|LH_136|LH_343|LH_107|LH_181|LH_189|LH_83|LH_186|LH_325|LH_232|LH_454|LH_447|LH_51|LH_478|LH_444|LH_148|LH_395|LH_116|LH_338|LH_23|LH_35|LH_360,LH_98|LH_295|LH_185|LH_316|LH_321|LH_424|LH_150|LH_282|LH_40|LH_193|LH_63|LH_274|LH_235|LH_373|LH_22|LH_413|LH_135|LH_309|LH_176|LH_433|LH_183|LH_49|LH_194|LH_480|LH_490|LH_172|LH_390|LH_110|LH_79|LH_464|LH_174|LH_483|LH_357|LH_81|LH_412|LH_388|LH_3|LH_445|LH_414|LH_142|LH_301|LH_229|LH_112|LH_214|LH_486|LH_359|LH_332|LH_366|LH_101|LH_287|LH_13|LH_308|LH_258|LH_119|LH_111|LH_47|LH_15|LH_16|LH_216|LH_302|LH_44|LH_279|LH_456|LH_496|LH_346|LH_52|LH_377|LH_71|LH_114|LH_125|LH_140|LH_379|LH_12|LH_57|LH_327,0f963679cd284fca861fc2c59d88bdae8e8f1f21e2cbe1bb73bd593b49056748,True,True,True,True,True,True,complete,True,0.1013690396291869,0.09400632411241532,0.08689590434233348,0.10198262867093437,0.010400456550633685,-0.012668982978197185,-0.06255869616838029,defined,0.2916933327913284,0.2953781529267629,0.10202514478236673,0.006220962526953922,0.060974797342596934,63,0.16,0.16,0.28290870785713196,0.3044801652431488,0.021571457386016846,0.0036848201354344684,0.10260234829778235,0.19328495115041733,not recorded,not recorded,fed81dee0a927e59af6933bf57c404ed7704f52e96b698ec4662ef72e1375763,True,0.0,knn_alternative,alternative_protocol,alternative_protocol,unique,"k=6, expected 8"
Static GCN,static_gcn_500u_k8_h64_seed123,experiments/static_gcn_500u_k8_h64_seed123,data/processed/static_500u_logmass_minmax_top100_periodic_knn/camels_500u_static_logmass_minmax_top100_periodic_knn.pt,data/processed/static_500u_logmass_minmax_top100_periodic_knn/camels_500u_static_logmass_minmax_top100_periodic_knn.metadata.json,static_final_snapshot,500,LH_0..LH_499,1,final snapshot a=1.0,100,log10_Mvir|X|Y|Z|VX|VY|VZ,minmax,per_universe_per_snapshot_per_feature,False,True,8,25.0,64,3,gcn,True,mean,not_applicable,static_mlp_readout,"Linear(D,H)-ReLU-Dropout-Linear(H,H/2)-ReLU-Dropout-Linear(H/2,1)",False,False,8,300,40,0.001,1e-05,0.2,relu,1.0,MSE,123,0.7|0.15|0.15,LH_380|LH_468|LH_145|LH_2|LH_282|LH_103|LH_148|LH_312|LH_130|LH_411|LH_168|LH_204|LH_113|LH_132|LH_418|LH_270|LH_351|LH_157|LH_451|LH_339|LH_288|LH_277|LH_354|LH_48|LH_318|LH_303|LH_314|LH_234|LH_95|LH_304|LH_271|LH_434|LH_173|LH_357|LH_495|LH_133|LH_431|LH_39|LH_490|LH_310|LH_317|LH_471|LH_23|LH_426|LH_224|LH_286|LH_20|LH_365|LH_255|LH_216|LH_405|LH_79|LH_228|LH_445|LH_189|LH_184|LH_243|LH_358|LH_276|LH_218|LH_488|LH_60|LH_438|LH_159|LH_167|LH_349|LH_89|LH_121|LH_333|LH_51|LH_9|LH_482|LH_152|LH_416|LH_379|LH_306|LH_111|LH_185|LH_340|LH_489|LH_475|LH_93|LH_84|LH_376|LH_291|LH_158|LH_250|LH_323|LH_406|LH_460|LH_50|LH_433|LH_372|LH_66|LH_108|LH_465|LH_71|LH_298|LH_369|LH_437|LH_211|LH_11|LH_110|LH_142|LH_28|LH_59|LH_163|LH_38|LH_24|LH_205|LH_440|LH_140|LH_177|LH_252|LH_235|LH_245|LH_242|LH_25|LH_21|LH_217|LH_160|LH_231|LH_77|LH_151|LH_54|LH_345|LH_280|LH_257|LH_456|LH_308|LH_331|LH_58|LH_360|LH_179|LH_464|LH_388|LH_129|LH_285|LH_347|LH_56|LH_387|LH_169|LH_36|LH_138|LH_319|LH_296|LH_246|LH_122|LH_33|LH_127|LH_109|LH_363|LH_183|LH_196|LH_422|LH_86|LH_400|LH_297|LH_346|LH_116|LH_63|LH_88|LH_477|LH_144|LH_112|LH_362|LH_399|LH_334|LH_62|LH_353|LH_146|LH_373|LH_27|LH_76|LH_260|LH_150|LH_210|LH_195|LH_290|LH_82|LH_154|LH_432|LH_320|LH_361|LH_75|LH_17|LH_94|LH_238|LH_143|LH_469|LH_67|LH_225|LH_391|LH_106|LH_15|LH_97|LH_46|LH_49|LH_192|LH_226|LH_114|LH_302|LH_356|LH_91|LH_80|LH_107|LH_329|LH_209|LH_384|LH_409|LH_13|LH_176|LH_299|LH_483|LH_295|LH_491|LH_332|LH_292|LH_153|LH_202|LH_268|LH_1|LH_417|LH_313|LH_375|LH_128|LH_352|LH_57|LH_408|LH_254|LH_382|LH_390|LH_377|LH_328|LH_213|LH_182|LH_65|LH_7|LH_315|LH_101|LH_187|LH_126|LH_123|LH_394|LH_201|LH_251|LH_494|LH_239|LH_383|LH_367|LH_237|LH_34|LH_307|LH_141|LH_403|LH_344|LH_162|LH_43|LH_118|LH_498|LH_99|LH_392|LH_102|LH_258|LH_100|LH_41|LH_281|LH_364|LH_492|LH_448|LH_164|LH_104|LH_124|LH_259|LH_355|LH_458|LH_484|LH_115|LH_309|LH_338|LH_53|LH_381|LH_442|LH_70|LH_284|LH_263|LH_419|LH_166|LH_441|LH_481|LH_335|LH_219|LH_155|LH_294|LH_230|LH_378|LH_476|LH_232|LH_480|LH_31|LH_343|LH_197|LH_301|LH_85|LH_61|LH_264|LH_446|LH_273|LH_455|LH_188|LH_199|LH_452|LH_74|LH_443|LH_423|LH_395|LH_265|LH_29|LH_40|LH_120|LH_190|LH_73|LH_348|LH_415|LH_474|LH_337|LH_12|LH_178|LH_212|LH_402|LH_478|LH_412|LH_241|LH_454|LH_165|LH_14|LH_206|LH_325|LH_279|LH_398|LH_366|LH_462|LH_4|LH_221|LH_421|LH_389|LH_181|LH_413|LH_32|LH_316,LH_493|LH_473|LH_215|LH_324|LH_425|LH_139|LH_424|LH_385|LH_131|LH_453|LH_98|LH_470|LH_68|LH_5|LH_459|LH_236|LH_466|LH_227|LH_487|LH_78|LH_90|LH_439|LH_278|LH_119|LH_368|LH_322|LH_253|LH_147|LH_435|LH_30|LH_397|LH_256|LH_272|LH_207|LH_117|LH_180|LH_430|LH_186|LH_321|LH_45|LH_300|LH_96|LH_8|LH_401|LH_450|LH_198|LH_233|LH_370|LH_37|LH_200|LH_283|LH_479|LH_171|LH_87|LH_134|LH_336|LH_249|LH_42|LH_371|LH_92|LH_427|LH_386|LH_16|LH_261|LH_191|LH_214|LH_342|LH_266|LH_248|LH_467|LH_457|LH_407|LH_326|LH_275|LH_350,LH_222|LH_262|LH_330|LH_444|LH_203|LH_6|LH_472|LH_414|LH_289|LH_269|LH_327|LH_311|LH_420|LH_105|LH_247|LH_410|LH_267|LH_175|LH_156|LH_496|LH_18|LH_428|LH_240|LH_135|LH_244|LH_293|LH_220|LH_149|LH_10|LH_404|LH_64|LH_72|LH_341|LH_47|LH_22|LH_52|LH_229|LH_374|LH_161|LH_3|LH_35|LH_193|LH_305|LH_449|LH_497|LH_396|LH_223|LH_463|LH_0|LH_83|LH_125|LH_359|LH_485|LH_486|LH_172|LH_69|LH_81|LH_499|LH_436|LH_174|LH_170|LH_287|LH_274|LH_194|LH_19|LH_447|LH_461|LH_429|LH_55|LH_136|LH_208|LH_393|LH_44|LH_137|LH_26,853549f16ef8eb3d7f18ae850c94b13c0c8bf0e770bb99cfbffff48b03530266,True,True,True,True,True,True,complete,True,0.0963941821881703,0.10438965767621994,0.09774443527062734,0.11451923878624852,0.013114656052181808,-0.013024278412259394,-0.023024760096730715,defined,0.29364533245563507,0.2865687867005666,0.11454688870034196,0.00863614541723967,0.07539397634650803,16,0.7866666666666666,0.7866666666666666,0.28351056575775146,0.33477041125297546,0.051259845495224,-0.007076545755068461,0.11507009564249908,0.21068942546844482,not recorded,not recorded,383264fa616d248dce1fb4a5d91b4e19a34b57470882a3ae2ba59793e5a29e2f,True,1.3877787807814457e-17,architecture_alternative,architecture_incompatible,alternative_protocol,unique,hidden dimension or layer count differs
Static GCN,static_gcn_500u_k8_h64_seed2025,experiments/static_gcn_500u_k8_h64_seed2025,data/processed/static_500u_logmass_minmax_top100_periodic_knn/camels_500u_static_logmass_minmax_top100_periodic_knn.pt,data/processed/static_500u_logmass_minmax_top100_periodic_knn/camels_500u_static_logmass_minmax_top100_periodic_knn.metadata.json,static_final_snapshot,500,LH_0..LH_499,1,final snapshot a=1.0,100,log10_Mvir|X|Y|Z|VX|VY|VZ,minmax,per_universe_per_snapshot_per_feature,False,True,8,25.0,64,3,gcn,True,mean,not_applicable,static_mlp_readout,"Linear(D,H)-ReLU-Dropout-Linear(H,H/2)-ReLU-Dropout-Linear(H/2,1)",False,False,8,300,40,0.001,1e-05,0.2,relu,1.0,MSE,2025,0.7|0.15|0.15,LH_322|LH_49|LH_312|LH_130|LH_467|LH_459|LH_70|LH_456|LH_248|LH_365|LH_329|LH_63|LH_331|LH_324|LH_311|LH_87|LH_469|LH_119|LH_209|LH_452|LH_212|LH_167|LH_91|LH_460|LH_485|LH_255|LH_155|LH_458|LH_372|LH_479|LH_446|LH_97|LH_19|LH_149|LH_170|LH_287|LH_334|LH_495|LH_369|LH_318|LH_144|LH_440|LH_297|LH_219|LH_498|LH_350|LH_177|LH_368|LH_339|LH_8|LH_129|LH_275|LH_345|LH_206|LH_92|LH_36|LH_46|LH_128|LH_490|LH_103|LH_411|LH_237|LH_249|LH_434|LH_201|LH_114|LH_325|LH_284|LH_10|LH_239|LH_224|LH_277|LH_138|LH_281|LH_315|LH_361|LH_439|LH_274|LH_379|LH_57|LH_173|LH_455|LH_407|LH_113|LH_437|LH_360|LH_317|LH_250|LH_207|LH_26|LH_236|LH_89|LH_110|LH_102|LH_83|LH_299|LH_366|LH_6|LH_216|LH_191|LH_463|LH_454|LH_17|LH_85|LH_482|LH_112|LH_4|LH_223|LH_417|LH_444|LH_347|LH_20|LH_349|LH_306|LH_40|LH_380|LH_185|LH_151|LH_390|LH_174|LH_303|LH_494|LH_432|LH_241|LH_41|LH_21|LH_164|LH_478|LH_328|LH_80|LH_148|LH_246|LH_441|LH_340|LH_364|LH_422|LH_435|LH_154|LH_158|LH_24|LH_396|LH_447|LH_198|LH_54|LH_146|LH_217|LH_35|LH_18|LH_32|LH_389|LH_359|LH_68|LH_320|LH_337|LH_356|LH_358|LH_426|LH_405|LH_464|LH_240|LH_348|LH_74|LH_357|LH_443|LH_252|LH_302|LH_256|LH_53|LH_55|LH_160|LH_415|LH_465|LH_199|LH_273|LH_135|LH_107|LH_412|LH_61|LH_342|LH_247|LH_374|LH_289|LH_294|LH_71|LH_449|LH_404|LH_197|LH_375|LH_376|LH_47|LH_120|LH_121|LH_453|LH_211|LH_242|LH_67|LH_305|LH_156|LH_332|LH_265|LH_314|LH_496|LH_431|LH_153|LH_84|LH_268|LH_95|LH_187|LH_43|LH_9|LH_111|LH_168|LH_262|LH_338|LH_225|LH_1|LH_413|LH_2|LH_269|LH_231|LH_316|LH_267|LH_81|LH_193|LH_468|LH_397|LH_386|LH_423|LH_286|LH_31|LH_66|LH_65|LH_346|LH_28|LH_497|LH_245|LH_336|LH_178|LH_254|LH_486|LH_215|LH_476|LH_7|LH_343|LH_194|LH_425|LH_378|LH_427|LH_86|LH_29|LH_64|LH_23|LH_229|LH_333|LH_139|LH_251|LH_414|LH_51|LH_260|LH_147|LH_45|LH_475|LH_308|LH_290|LH_436|LH_200|LH_477|LH_424|LH_238|LH_11|LH_183|LH_382|LH_234|LH_480|LH_450|LH_162|LH_136|LH_145|LH_221|LH_430|LH_27|LH_98|LH_137|LH_488|LH_115|LH_152|LH_172|LH_448|LH_3|LH_30|LH_385|LH_134|LH_296|LH_52|LH_419|LH_384|LH_93|LH_253|LH_418|LH_487|LH_171|LH_58|LH_131|LH_79|LH_127|LH_481|LH_403|LH_399|LH_213|LH_218|LH_232|LH_259|LH_371|LH_76|LH_470|LH_133|LH_166|LH_243|LH_393|LH_189|LH_182|LH_264|LH_180|LH_352|LH_406|LH_395|LH_370|LH_344|LH_214|LH_123|LH_377|LH_420|LH_39|LH_94|LH_230|LH_309|LH_117|LH_202|LH_355|LH_186|LH_163|LH_321|LH_442|LH_354|LH_161|LH_122|LH_493|LH_72|LH_100|LH_222,LH_298|LH_48|LH_5|LH_471|LH_132|LH_77|LH_367|LH_227|LH_323|LH_73|LH_109|LH_104|LH_363|LH_105|LH_445|LH_351|LH_208|LH_293|LH_258|LH_12|LH_381|LH_157|LH_126|LH_263|LH_175|LH_196|LH_257|LH_78|LH_292|LH_472|LH_276|LH_301|LH_280|LH_319|LH_429|LH_179|LH_491|LH_466|LH_326|LH_433|LH_140|LH_451|LH_141|LH_341|LH_75|LH_499|LH_38|LH_184|LH_150|LH_410|LH_143|LH_82|LH_159|LH_307|LH_271|LH_278|LH_462|LH_176|LH_125|LH_474|LH_169|LH_388|LH_473|LH_438|LH_335|LH_220|LH_288|LH_383|LH_387|LH_37|LH_353|LH_204|LH_233|LH_408|LH_409,LH_272|LH_228|LH_492|LH_165|LH_373|LH_421|LH_90|LH_295|LH_416|LH_226|LH_142|LH_391|LH_457|LH_300|LH_44|LH_188|LH_282|LH_69|LH_401|LH_59|LH_16|LH_310|LH_124|LH_62|LH_106|LH_101|LH_279|LH_56|LH_304|LH_15|LH_266|LH_181|LH_235|LH_203|LH_327|LH_400|LH_402|LH_116|LH_362|LH_13|LH_96|LH_394|LH_99|LH_461|LH_398|LH_34|LH_261|LH_283|LH_14|LH_313|LH_25|LH_210|LH_483|LH_489|LH_108|LH_392|LH_60|LH_22|LH_50|LH_205|LH_195|LH_33|LH_118|LH_291|LH_192|LH_190|LH_0|LH_270|LH_88|LH_484|LH_244|LH_428|LH_330|LH_42|LH_285,3ce48b66c11e30bec459c52ba7f4a900809dd2b45be0995b8b56aeaefc747951,True,True,True,True,True,True,complete,True,0.0960107019330774,0.09774640868107477,0.10462687879800797,0.12088861028048917,0.01461405609554799,-0.029530833553015112,-0.05520036015987222,defined,0.29471200038989387,0.30792268792788186,0.11994453853216079,0.01046139929028921,0.08721863803314554,75,0.0,0.0,0.2849707007408142,0.3359936475753784,0.05102294683456421,0.013210687537988026,0.12097380983447006,0.20962610840797424,not recorded,not recorded,3be71f65b5a8fcff372349d89e7feafa39485124572736872ca5ffde68b7c725,True,1.3877787807814457e-17,architecture_alternative,architecture_incompatible,alternative_protocol,unique,hidden dimension or layer count differs
Static GCN,static_gcn_500u_k8_h64_seed42,experiments/static_gcn_500u_k8_h64_seed42,data/processed/static_500u_logmass_minmax_top100_periodic_knn/camels_500u_static_logmass_minmax_top100_periodic_knn.pt,data/processed/static_500u_logmass_minmax_top100_periodic_knn/camels_500u_static_logmass_minmax_top100_periodic_knn.metadata.json,static_final_snapshot,500,LH_0..LH_499,1,final snapshot a=1.0,100,log10_Mvir|X|Y|Z|VX|VY|VZ,minmax,per_universe_per_snapshot_per_feature,False,True,8,25.0,64,3,gcn,True,mean,not_applicable,static_mlp_readout,"Linear(D,H)-ReLU-Dropout-Linear(H,H/2)-ReLU-Dropout-Linear(H/2,1)",False,False,8,300,40,0.001,1e-05,0.2,relu,1.0,MSE,42,0.7|0.15|0.15,LH_164|LH_383|LH_45|LH_156|LH_53|LH_72|LH_315|LH_209|LH_74|LH_333|LH_403|LH_415|LH_92|LH_215|LH_479|LH_59|LH_368|LH_163|LH_210|LH_251|LH_443|LH_320|LH_289|LH_389|LH_7|LH_462|LH_249|LH_228|LH_245|LH_211|LH_129|LH_162|LH_223|LH_41|LH_278|LH_21|LH_434|LH_68|LH_227|LH_151|LH_369|LH_217|LH_154|LH_177|LH_397|LH_139|LH_141|LH_326|LH_175|LH_170|LH_88|LH_96|LH_439|LH_303|LH_50|LH_199|LH_297|LH_131|LH_120|LH_358|LH_180|LH_370|LH_37|LH_160|LH_4|LH_93|LH_304|LH_188|LH_374|LH_453|LH_94|LH_468|LH_292|LH_340|LH_407|LH_408|LH_187|LH_334|LH_213|LH_127|LH_11|LH_6|LH_442|LH_246|LH_396|LH_425|LH_345|LH_89|LH_426|LH_26|LH_77|LH_184|LH_262|LH_207|LH_182|LH_95|LH_100|LH_419|LH_394|LH_155|LH_230|LH_362|LH_237|LH_353|LH_85|LH_323|LH_171|LH_393|LH_153|LH_313|LH_38|LH_392|LH_69|LH_106|LH_348|LH_489|LH_428|LH_158|LH_31|LH_244|LH_8|LH_267|LH_485|LH_233|LH_261|LH_401|LH_291|LH_198|LH_132|LH_324|LH_322|LH_2|LH_18|LH_488|LH_263|LH_76|LH_253|LH_314|LH_351|LH_471|LH_143|LH_449|LH_66|LH_179|LH_133|LH_144|LH_406|LH_280|LH_269|LH_466|LH_208|LH_145|LH_432|LH_277|LH_341|LH_465|LH_317|LH_17|LH_448|LH_20|LH_130|LH_238|LH_296|LH_286|LH_336|LH_300|LH_149|LH_203|LH_387|LH_398|LH_190|LH_201|LH_418|LH_14|LH_55|LH_75|LH_284|LH_39|LH_391|LH_460|LH_257|LH_178|LH_212|LH_472|LH_420|LH_67|LH_99|LH_476|LH_97|LH_196|LH_339|LH_288|LH_318|LH_457|LH_124|LH_242|LH_42|LH_60|LH_192|LH_422|LH_266|LH_254|LH_384|LH_497|LH_226|LH_495|LH_113|LH_19|LH_218|LH_118|LH_364|LH_385|LH_437|LH_293|LH_493|LH_378|LH_241|LH_446|LH_435|LH_27|LH_220|LH_469|LH_86|LH_361|LH_103|LH_481|LH_25|LH_307|LH_167|LH_450|LH_475|LH_410|LH_221|LH_416|LH_105|LH_371|LH_90|LH_452|LH_168|LH_240|LH_402|LH_48|LH_104|LH_206|LH_247|LH_200|LH_62|LH_477|LH_147|LH_146|LH_225|LH_421|LH_484|LH_491|LH_451|LH_109|LH_294|LH_440|LH_121|LH_265|LH_169|LH_381|LH_34|LH_268|LH_30|LH_400|LH_461|LH_354|LH_382|LH_10|LH_173|LH_342|LH_115|LH_363|LH_61|LH_231|LH_264|LH_224|LH_312|LH_356|LH_159|LH_102|LH_310|LH_372|LH_344|LH_337|LH_365|LH_84|LH_281|LH_243|LH_65|LH_64|LH_272|LH_423|LH_248|LH_43|LH_417|LH_375|LH_123|LH_29|LH_122|LH_157|LH_355|LH_330|LH_9|LH_250|LH_165|LH_306|LH_0|LH_271|LH_276|LH_82|LH_191|LH_347|LH_473|LH_399|LH_319|LH_152|LH_54|LH_259|LH_91|LH_256|LH_430|LH_1|LH_459|LH_80|LH_222|LH_431|LH_498|LH_455|LH_328|LH_404|LH_436|LH_58|LH_5|LH_283|LH_128|LH_270|LH_239|LH_405|LH_195|LH_197|LH_32|LH_305|LH_487|LH_458|LH_429|LH_78|LH_56|LH_24,LH_46|LH_252|LH_260|LH_70|LH_386|LH_427|LH_204|LH_298|LH_219|LH_299|LH_134|LH_275|LH_474|LH_126|LH_492|LH_441|LH_73|LH_234|LH_329|LH_202|LH_255|LH_335|LH_376|LH_380|LH_367|LH_290|LH_108|LH_33|LH_137|LH_205|LH_161|LH_482|LH_117|LH_28|LH_166|LH_350|LH_467|LH_285|LH_352|LH_499|LH_138|LH_463|LH_236|LH_409|LH_494|LH_438|LH_273|LH_87|LH_411|LH_311|LH_36|LH_331|LH_349|LH_470|LH_136|LH_343|LH_107|LH_181|LH_189|LH_83|LH_186|LH_325|LH_232|LH_454|LH_447|LH_51|LH_478|LH_444|LH_148|LH_395|LH_116|LH_338|LH_23|LH_35|LH_360,LH_98|LH_295|LH_185|LH_316|LH_321|LH_424|LH_150|LH_282|LH_40|LH_193|LH_63|LH_274|LH_235|LH_373|LH_22|LH_413|LH_135|LH_309|LH_176|LH_433|LH_183|LH_49|LH_194|LH_480|LH_490|LH_172|LH_390|LH_110|LH_79|LH_464|LH_174|LH_483|LH_357|LH_81|LH_412|LH_388|LH_3|LH_445|LH_414|LH_142|LH_301|LH_229|LH_112|LH_214|LH_486|LH_359|LH_332|LH_366|LH_101|LH_287|LH_13|LH_308|LH_258|LH_119|LH_111|LH_47|LH_15|LH_16|LH_216|LH_302|LH_44|LH_279|LH_456|LH_496|LH_346|LH_52|LH_377|LH_71|LH_114|LH_125|LH_140|LH_379|LH_12|LH_57|LH_327,0f963679cd284fca861fc2c59d88bdae8e8f1f21e2cbe1bb73bd593b49056748,True,True,True,True,True,True,complete,True,0.10085980249302728,0.0938283426562945,0.08651282290617625,0.10176990792465859,0.010357114158993489,-0.008448832117661453,-0.1226299445683225,defined,0.2916933327913284,0.300525563955307,0.10202514478236673,0.0003500809841433801,0.003431320630714611,2,0.9733333333333334,0.9733333333333334,0.29753419756889343,0.3005659878253937,0.003031790256500244,0.008832231163978577,0.10206866653137373,0.1935659870505333,not recorded,not recorded,a5fdf1b5bc2b700abae229a0f426ce64afdac1b0d23e12a5b6c5d5e1b5c41ced,True,0.0,architecture_alternative,architecture_incompatible,alternative_protocol,unique,hidden dimension or layer count differs
Static GCN,static_gcn_500u_seed123_final32,experiments/static_gcn_500u_seed123_final32,data/processed/static_500u_logmass_minmax_top100_periodic_knn/camels_500u_static_logmass_minmax_top100_periodic_knn.pt,data/processed/static_500u_logmass_minmax_top100_periodic_knn/camels_500u_static_logmass_minmax_top100_periodic_knn.metadata.json,static_final_snapshot,500,LH_0..LH_499,1,final snapshot a=1.0,100,log10_Mvir|X|Y|Z|VX|VY|VZ,minmax,per_universe_per_snapshot_per_feature,False,True,8,25.0,32,2,gcn,True,mean,not_applicable,static_mlp_readout,"Linear(D,H)-ReLU-Dropout-Linear(H,H/2)-ReLU-Dropout-Linear(H/2,1)",False,False,4,300,40,0.001,1e-05,0.2,relu,1.0,MSE,123,0.7|0.15|0.15,LH_380|LH_468|LH_145|LH_2|LH_282|LH_103|LH_148|LH_312|LH_130|LH_411|LH_168|LH_204|LH_113|LH_132|LH_418|LH_270|LH_351|LH_157|LH_451|LH_339|LH_288|LH_277|LH_354|LH_48|LH_318|LH_303|LH_314|LH_234|LH_95|LH_304|LH_271|LH_434|LH_173|LH_357|LH_495|LH_133|LH_431|LH_39|LH_490|LH_310|LH_317|LH_471|LH_23|LH_426|LH_224|LH_286|LH_20|LH_365|LH_255|LH_216|LH_405|LH_79|LH_228|LH_445|LH_189|LH_184|LH_243|LH_358|LH_276|LH_218|LH_488|LH_60|LH_438|LH_159|LH_167|LH_349|LH_89|LH_121|LH_333|LH_51|LH_9|LH_482|LH_152|LH_416|LH_379|LH_306|LH_111|LH_185|LH_340|LH_489|LH_475|LH_93|LH_84|LH_376|LH_291|LH_158|LH_250|LH_323|LH_406|LH_460|LH_50|LH_433|LH_372|LH_66|LH_108|LH_465|LH_71|LH_298|LH_369|LH_437|LH_211|LH_11|LH_110|LH_142|LH_28|LH_59|LH_163|LH_38|LH_24|LH_205|LH_440|LH_140|LH_177|LH_252|LH_235|LH_245|LH_242|LH_25|LH_21|LH_217|LH_160|LH_231|LH_77|LH_151|LH_54|LH_345|LH_280|LH_257|LH_456|LH_308|LH_331|LH_58|LH_360|LH_179|LH_464|LH_388|LH_129|LH_285|LH_347|LH_56|LH_387|LH_169|LH_36|LH_138|LH_319|LH_296|LH_246|LH_122|LH_33|LH_127|LH_109|LH_363|LH_183|LH_196|LH_422|LH_86|LH_400|LH_297|LH_346|LH_116|LH_63|LH_88|LH_477|LH_144|LH_112|LH_362|LH_399|LH_334|LH_62|LH_353|LH_146|LH_373|LH_27|LH_76|LH_260|LH_150|LH_210|LH_195|LH_290|LH_82|LH_154|LH_432|LH_320|LH_361|LH_75|LH_17|LH_94|LH_238|LH_143|LH_469|LH_67|LH_225|LH_391|LH_106|LH_15|LH_97|LH_46|LH_49|LH_192|LH_226|LH_114|LH_302|LH_356|LH_91|LH_80|LH_107|LH_329|LH_209|LH_384|LH_409|LH_13|LH_176|LH_299|LH_483|LH_295|LH_491|LH_332|LH_292|LH_153|LH_202|LH_268|LH_1|LH_417|LH_313|LH_375|LH_128|LH_352|LH_57|LH_408|LH_254|LH_382|LH_390|LH_377|LH_328|LH_213|LH_182|LH_65|LH_7|LH_315|LH_101|LH_187|LH_126|LH_123|LH_394|LH_201|LH_251|LH_494|LH_239|LH_383|LH_367|LH_237|LH_34|LH_307|LH_141|LH_403|LH_344|LH_162|LH_43|LH_118|LH_498|LH_99|LH_392|LH_102|LH_258|LH_100|LH_41|LH_281|LH_364|LH_492|LH_448|LH_164|LH_104|LH_124|LH_259|LH_355|LH_458|LH_484|LH_115|LH_309|LH_338|LH_53|LH_381|LH_442|LH_70|LH_284|LH_263|LH_419|LH_166|LH_441|LH_481|LH_335|LH_219|LH_155|LH_294|LH_230|LH_378|LH_476|LH_232|LH_480|LH_31|LH_343|LH_197|LH_301|LH_85|LH_61|LH_264|LH_446|LH_273|LH_455|LH_188|LH_199|LH_452|LH_74|LH_443|LH_423|LH_395|LH_265|LH_29|LH_40|LH_120|LH_190|LH_73|LH_348|LH_415|LH_474|LH_337|LH_12|LH_178|LH_212|LH_402|LH_478|LH_412|LH_241|LH_454|LH_165|LH_14|LH_206|LH_325|LH_279|LH_398|LH_366|LH_462|LH_4|LH_221|LH_421|LH_389|LH_181|LH_413|LH_32|LH_316,LH_493|LH_473|LH_215|LH_324|LH_425|LH_139|LH_424|LH_385|LH_131|LH_453|LH_98|LH_470|LH_68|LH_5|LH_459|LH_236|LH_466|LH_227|LH_487|LH_78|LH_90|LH_439|LH_278|LH_119|LH_368|LH_322|LH_253|LH_147|LH_435|LH_30|LH_397|LH_256|LH_272|LH_207|LH_117|LH_180|LH_430|LH_186|LH_321|LH_45|LH_300|LH_96|LH_8|LH_401|LH_450|LH_198|LH_233|LH_370|LH_37|LH_200|LH_283|LH_479|LH_171|LH_87|LH_134|LH_336|LH_249|LH_42|LH_371|LH_92|LH_427|LH_386|LH_16|LH_261|LH_191|LH_214|LH_342|LH_266|LH_248|LH_467|LH_457|LH_407|LH_326|LH_275|LH_350,LH_222|LH_262|LH_330|LH_444|LH_203|LH_6|LH_472|LH_414|LH_289|LH_269|LH_327|LH_311|LH_420|LH_105|LH_247|LH_410|LH_267|LH_175|LH_156|LH_496|LH_18|LH_428|LH_240|LH_135|LH_244|LH_293|LH_220|LH_149|LH_10|LH_404|LH_64|LH_72|LH_341|LH_47|LH_22|LH_52|LH_229|LH_374|LH_161|LH_3|LH_35|LH_193|LH_305|LH_449|LH_497|LH_396|LH_223|LH_463|LH_0|LH_83|LH_125|LH_359|LH_485|LH_486|LH_172|LH_69|LH_81|LH_499|LH_436|LH_174|LH_170|LH_287|LH_274|LH_194|LH_19|LH_447|LH_461|LH_429|LH_55|LH_136|LH_208|LH_393|LH_44|LH_137|LH_26,853549f16ef8eb3d7f18ae850c94b13c0c8bf0e770bb99cfbffff48b03530266,True,True,True,True,True,True,complete,True,0.09695045360497066,0.10180659701426824,0.09935710648695628,0.11687757520949035,0.013660367586850075,-0.05517704486141062,-0.10711966690481269,defined,0.29364533245563507,0.28323888500531513,0.11454688870034196,0.015384400109375225,0.13430657335112148,75,0.0,0.0,0.26432204246520996,0.3515586853027344,0.08723664283752441,-0.010406447450319926,0.11719731040368882,0.22317662835121155,not recorded,not recorded,d89bea38e0a7870be85a858e0898d6eb8e5e9198c7db099a4f25cd4d084cc960,True,0.0,architecture_alternative,architecture_incompatible,alternative_protocol,unique,hidden dimension or layer count differs
Static GCN,static_gcn_500u_seed2025_final32,experiments/static_gcn_500u_seed2025_final32,data/processed/static_500u_logmass_minmax_top100_periodic_knn/camels_500u_static_logmass_minmax_top100_periodic_knn.pt,data/processed/static_500u_logmass_minmax_top100_periodic_knn/camels_500u_static_logmass_minmax_top100_periodic_knn.metadata.json,static_final_snapshot,500,LH_0..LH_499,1,final snapshot a=1.0,100,log10_Mvir|X|Y|Z|VX|VY|VZ,minmax,per_universe_per_snapshot_per_feature,False,True,8,25.0,32,2,gcn,True,mean,not_applicable,static_mlp_readout,"Linear(D,H)-ReLU-Dropout-Linear(H,H/2)-ReLU-Dropout-Linear(H/2,1)",False,False,4,300,40,0.001,1e-05,0.2,relu,1.0,MSE,2025,0.7|0.15|0.15,LH_322|LH_49|LH_312|LH_130|LH_467|LH_459|LH_70|LH_456|LH_248|LH_365|LH_329|LH_63|LH_331|LH_324|LH_311|LH_87|LH_469|LH_119|LH_209|LH_452|LH_212|LH_167|LH_91|LH_460|LH_485|LH_255|LH_155|LH_458|LH_372|LH_479|LH_446|LH_97|LH_19|LH_149|LH_170|LH_287|LH_334|LH_495|LH_369|LH_318|LH_144|LH_440|LH_297|LH_219|LH_498|LH_350|LH_177|LH_368|LH_339|LH_8|LH_129|LH_275|LH_345|LH_206|LH_92|LH_36|LH_46|LH_128|LH_490|LH_103|LH_411|LH_237|LH_249|LH_434|LH_201|LH_114|LH_325|LH_284|LH_10|LH_239|LH_224|LH_277|LH_138|LH_281|LH_315|LH_361|LH_439|LH_274|LH_379|LH_57|LH_173|LH_455|LH_407|LH_113|LH_437|LH_360|LH_317|LH_250|LH_207|LH_26|LH_236|LH_89|LH_110|LH_102|LH_83|LH_299|LH_366|LH_6|LH_216|LH_191|LH_463|LH_454|LH_17|LH_85|LH_482|LH_112|LH_4|LH_223|LH_417|LH_444|LH_347|LH_20|LH_349|LH_306|LH_40|LH_380|LH_185|LH_151|LH_390|LH_174|LH_303|LH_494|LH_432|LH_241|LH_41|LH_21|LH_164|LH_478|LH_328|LH_80|LH_148|LH_246|LH_441|LH_340|LH_364|LH_422|LH_435|LH_154|LH_158|LH_24|LH_396|LH_447|LH_198|LH_54|LH_146|LH_217|LH_35|LH_18|LH_32|LH_389|LH_359|LH_68|LH_320|LH_337|LH_356|LH_358|LH_426|LH_405|LH_464|LH_240|LH_348|LH_74|LH_357|LH_443|LH_252|LH_302|LH_256|LH_53|LH_55|LH_160|LH_415|LH_465|LH_199|LH_273|LH_135|LH_107|LH_412|LH_61|LH_342|LH_247|LH_374|LH_289|LH_294|LH_71|LH_449|LH_404|LH_197|LH_375|LH_376|LH_47|LH_120|LH_121|LH_453|LH_211|LH_242|LH_67|LH_305|LH_156|LH_332|LH_265|LH_314|LH_496|LH_431|LH_153|LH_84|LH_268|LH_95|LH_187|LH_43|LH_9|LH_111|LH_168|LH_262|LH_338|LH_225|LH_1|LH_413|LH_2|LH_269|LH_231|LH_316|LH_267|LH_81|LH_193|LH_468|LH_397|LH_386|LH_423|LH_286|LH_31|LH_66|LH_65|LH_346|LH_28|LH_497|LH_245|LH_336|LH_178|LH_254|LH_486|LH_215|LH_476|LH_7|LH_343|LH_194|LH_425|LH_378|LH_427|LH_86|LH_29|LH_64|LH_23|LH_229|LH_333|LH_139|LH_251|LH_414|LH_51|LH_260|LH_147|LH_45|LH_475|LH_308|LH_290|LH_436|LH_200|LH_477|LH_424|LH_238|LH_11|LH_183|LH_382|LH_234|LH_480|LH_450|LH_162|LH_136|LH_145|LH_221|LH_430|LH_27|LH_98|LH_137|LH_488|LH_115|LH_152|LH_172|LH_448|LH_3|LH_30|LH_385|LH_134|LH_296|LH_52|LH_419|LH_384|LH_93|LH_253|LH_418|LH_487|LH_171|LH_58|LH_131|LH_79|LH_127|LH_481|LH_403|LH_399|LH_213|LH_218|LH_232|LH_259|LH_371|LH_76|LH_470|LH_133|LH_166|LH_243|LH_393|LH_189|LH_182|LH_264|LH_180|LH_352|LH_406|LH_395|LH_370|LH_344|LH_214|LH_123|LH_377|LH_420|LH_39|LH_94|LH_230|LH_309|LH_117|LH_202|LH_355|LH_186|LH_163|LH_321|LH_442|LH_354|LH_161|LH_122|LH_493|LH_72|LH_100|LH_222,LH_298|LH_48|LH_5|LH_471|LH_132|LH_77|LH_367|LH_227|LH_323|LH_73|LH_109|LH_104|LH_363|LH_105|LH_445|LH_351|LH_208|LH_293|LH_258|LH_12|LH_381|LH_157|LH_126|LH_263|LH_175|LH_196|LH_257|LH_78|LH_292|LH_472|LH_276|LH_301|LH_280|LH_319|LH_429|LH_179|LH_491|LH_466|LH_326|LH_433|LH_140|LH_451|LH_141|LH_341|LH_75|LH_499|LH_38|LH_184|LH_150|LH_410|LH_143|LH_82|LH_159|LH_307|LH_271|LH_278|LH_462|LH_176|LH_125|LH_474|LH_169|LH_388|LH_473|LH_438|LH_335|LH_220|LH_288|LH_383|LH_387|LH_37|LH_353|LH_204|LH_233|LH_408|LH_409,LH_272|LH_228|LH_492|LH_165|LH_373|LH_421|LH_90|LH_295|LH_416|LH_226|LH_142|LH_391|LH_457|LH_300|LH_44|LH_188|LH_282|LH_69|LH_401|LH_59|LH_16|LH_310|LH_124|LH_62|LH_106|LH_101|LH_279|LH_56|LH_304|LH_15|LH_266|LH_181|LH_235|LH_203|LH_327|LH_400|LH_402|LH_116|LH_362|LH_13|LH_96|LH_394|LH_99|LH_461|LH_398|LH_34|LH_261|LH_283|LH_14|LH_313|LH_25|LH_210|LH_483|LH_489|LH_108|LH_392|LH_60|LH_22|LH_50|LH_205|LH_195|LH_33|LH_118|LH_291|LH_192|LH_190|LH_0|LH_270|LH_88|LH_484|LH_244|LH_428|LH_330|LH_42|LH_285,3ce48b66c11e30bec459c52ba7f4a900809dd2b45be0995b8b56aeaefc747951,True,True,True,True,True,True,complete,True,0.09887530609965324,0.09425490687290827,0.11099718401829402,0.12620480743456275,0.015927653419595064,-0.12207112073524273,-0.2071185460962474,defined,0.29471200038989387,0.3277438485622406,0.11994453853216079,0.010759419924981391,0.08970329167673159,75,0.0,0.0,0.30042168498039246,0.3509596586227417,0.05053797364234924,0.03303184817234675,0.12262562681017623,0.22414597868919373,not recorded,not recorded,52817166594bf9685a0ea678019484a8456d5fa975dee7a348b7e9fe0a782ce3,True,3.469446951953614e-18,architecture_alternative,architecture_incompatible,alternative_protocol,unique,hidden dimension or layer count differs
Static GCN,static_gcn_500u_seed42_final32,experiments/static_gcn_500u_seed42_final32,data/processed/static_500u_logmass_minmax_top100_periodic_knn/camels_500u_static_logmass_minmax_top100_periodic_knn.pt,data/processed/static_500u_logmass_minmax_top100_periodic_knn/camels_500u_static_logmass_minmax_top100_periodic_knn.metadata.json,static_final_snapshot,500,LH_0..LH_499,1,final snapshot a=1.0,100,log10_Mvir|X|Y|Z|VX|VY|VZ,minmax,per_universe_per_snapshot_per_feature,False,True,8,25.0,32,2,gcn,True,mean,not_applicable,static_mlp_readout,"Linear(D,H)-ReLU-Dropout-Linear(H,H/2)-ReLU-Dropout-Linear(H/2,1)",False,False,4,300,40,0.001,1e-05,0.2,relu,1.0,MSE,42,0.7|0.15|0.15,LH_164|LH_383|LH_45|LH_156|LH_53|LH_72|LH_315|LH_209|LH_74|LH_333|LH_403|LH_415|LH_92|LH_215|LH_479|LH_59|LH_368|LH_163|LH_210|LH_251|LH_443|LH_320|LH_289|LH_389|LH_7|LH_462|LH_249|LH_228|LH_245|LH_211|LH_129|LH_162|LH_223|LH_41|LH_278|LH_21|LH_434|LH_68|LH_227|LH_151|LH_369|LH_217|LH_154|LH_177|LH_397|LH_139|LH_141|LH_326|LH_175|LH_170|LH_88|LH_96|LH_439|LH_303|LH_50|LH_199|LH_297|LH_131|LH_120|LH_358|LH_180|LH_370|LH_37|LH_160|LH_4|LH_93|LH_304|LH_188|LH_374|LH_453|LH_94|LH_468|LH_292|LH_340|LH_407|LH_408|LH_187|LH_334|LH_213|LH_127|LH_11|LH_6|LH_442|LH_246|LH_396|LH_425|LH_345|LH_89|LH_426|LH_26|LH_77|LH_184|LH_262|LH_207|LH_182|LH_95|LH_100|LH_419|LH_394|LH_155|LH_230|LH_362|LH_237|LH_353|LH_85|LH_323|LH_171|LH_393|LH_153|LH_313|LH_38|LH_392|LH_69|LH_106|LH_348|LH_489|LH_428|LH_158|LH_31|LH_244|LH_8|LH_267|LH_485|LH_233|LH_261|LH_401|LH_291|LH_198|LH_132|LH_324|LH_322|LH_2|LH_18|LH_488|LH_263|LH_76|LH_253|LH_314|LH_351|LH_471|LH_143|LH_449|LH_66|LH_179|LH_133|LH_144|LH_406|LH_280|LH_269|LH_466|LH_208|LH_145|LH_432|LH_277|LH_341|LH_465|LH_317|LH_17|LH_448|LH_20|LH_130|LH_238|LH_296|LH_286|LH_336|LH_300|LH_149|LH_203|LH_387|LH_398|LH_190|LH_201|LH_418|LH_14|LH_55|LH_75|LH_284|LH_39|LH_391|LH_460|LH_257|LH_178|LH_212|LH_472|LH_420|LH_67|LH_99|LH_476|LH_97|LH_196|LH_339|LH_288|LH_318|LH_457|LH_124|LH_242|LH_42|LH_60|LH_192|LH_422|LH_266|LH_254|LH_384|LH_497|LH_226|LH_495|LH_113|LH_19|LH_218|LH_118|LH_364|LH_385|LH_437|LH_293|LH_493|LH_378|LH_241|LH_446|LH_435|LH_27|LH_220|LH_469|LH_86|LH_361|LH_103|LH_481|LH_25|LH_307|LH_167|LH_450|LH_475|LH_410|LH_221|LH_416|LH_105|LH_371|LH_90|LH_452|LH_168|LH_240|LH_402|LH_48|LH_104|LH_206|LH_247|LH_200|LH_62|LH_477|LH_147|LH_146|LH_225|LH_421|LH_484|LH_491|LH_451|LH_109|LH_294|LH_440|LH_121|LH_265|LH_169|LH_381|LH_34|LH_268|LH_30|LH_400|LH_461|LH_354|LH_382|LH_10|LH_173|LH_342|LH_115|LH_363|LH_61|LH_231|LH_264|LH_224|LH_312|LH_356|LH_159|LH_102|LH_310|LH_372|LH_344|LH_337|LH_365|LH_84|LH_281|LH_243|LH_65|LH_64|LH_272|LH_423|LH_248|LH_43|LH_417|LH_375|LH_123|LH_29|LH_122|LH_157|LH_355|LH_330|LH_9|LH_250|LH_165|LH_306|LH_0|LH_271|LH_276|LH_82|LH_191|LH_347|LH_473|LH_399|LH_319|LH_152|LH_54|LH_259|LH_91|LH_256|LH_430|LH_1|LH_459|LH_80|LH_222|LH_431|LH_498|LH_455|LH_328|LH_404|LH_436|LH_58|LH_5|LH_283|LH_128|LH_270|LH_239|LH_405|LH_195|LH_197|LH_32|LH_305|LH_487|LH_458|LH_429|LH_78|LH_56|LH_24,LH_46|LH_252|LH_260|LH_70|LH_386|LH_427|LH_204|LH_298|LH_219|LH_299|LH_134|LH_275|LH_474|LH_126|LH_492|LH_441|LH_73|LH_234|LH_329|LH_202|LH_255|LH_335|LH_376|LH_380|LH_367|LH_290|LH_108|LH_33|LH_137|LH_205|LH_161|LH_482|LH_117|LH_28|LH_166|LH_350|LH_467|LH_285|LH_352|LH_499|LH_138|LH_463|LH_236|LH_409|LH_494|LH_438|LH_273|LH_87|LH_411|LH_311|LH_36|LH_331|LH_349|LH_470|LH_136|LH_343|LH_107|LH_181|LH_189|LH_83|LH_186|LH_325|LH_232|LH_454|LH_447|LH_51|LH_478|LH_444|LH_148|LH_395|LH_116|LH_338|LH_23|LH_35|LH_360,LH_98|LH_295|LH_185|LH_316|LH_321|LH_424|LH_150|LH_282|LH_40|LH_193|LH_63|LH_274|LH_235|LH_373|LH_22|LH_413|LH_135|LH_309|LH_176|LH_433|LH_183|LH_49|LH_194|LH_480|LH_490|LH_172|LH_390|LH_110|LH_79|LH_464|LH_174|LH_483|LH_357|LH_81|LH_412|LH_388|LH_3|LH_445|LH_414|LH_142|LH_301|LH_229|LH_112|LH_214|LH_486|LH_359|LH_332|LH_366|LH_101|LH_287|LH_13|LH_308|LH_258|LH_119|LH_111|LH_47|LH_15|LH_16|LH_216|LH_302|LH_44|LH_279|LH_456|LH_496|LH_346|LH_52|LH_377|LH_71|LH_114|LH_125|LH_140|LH_379|LH_12|LH_57|LH_327,0f963679cd284fca861fc2c59d88bdae8e8f1f21e2cbe1bb73bd593b49056748,True,True,True,True,True,True,complete,True,0.10092639433486121,0.09378587474425634,0.08667154411474863,0.10203429502891725,0.010410997362048128,-0.013695317997516776,nan,undefined_zero_prediction_variance,0.2916933327913284,0.30355316400527954,0.10202514478236673,0.0,0.0,1,0.9866666666666667,0.9866666666666667,0.30355316400527954,0.30355316400527954,0.0,0.011859831213951112,0.10202514478236673,0.19655316323041916,not recorded,not recorded,bbae0bb718613febab8f0deb3e6d475d873e69dfce0438d90c5595f231da7276,True,0.0,architecture_alternative,architecture_incompatible,alternative_protocol,unique,hidden dimension or layer count differs
Static GCN,static_gcn_500u_top200_h32_seed123,experiments/static_gcn_500u_top200_h32_seed123,data/processed/static_500u_logmass_minmax_top200_periodic_knn/camels_500u_static_logmass_minmax_top200_periodic_knn.pt,data/processed/static_500u_logmass_minmax_top200_periodic_knn/camels_500u_static_logmass_minmax_top200_periodic_knn.metadata.json,static_final_snapshot,500,LH_0..LH_499,1,final snapshot a=1.0,200,log10_Mvir|X|Y|Z|VX|VY|VZ,minmax,per_universe_per_snapshot_per_feature,False,True,8,25.0,32,3,gcn,True,mean,not_applicable,static_mlp_readout,"Linear(D,H)-ReLU-Dropout-Linear(H,H/2)-ReLU-Dropout-Linear(H/2,1)",False,False,8,300,40,0.001,1e-05,0.2,relu,1.0,MSE,123,0.7|0.15|0.15,LH_380|LH_468|LH_145|LH_2|LH_282|LH_103|LH_148|LH_312|LH_130|LH_411|LH_168|LH_204|LH_113|LH_132|LH_418|LH_270|LH_351|LH_157|LH_451|LH_339|LH_288|LH_277|LH_354|LH_48|LH_318|LH_303|LH_314|LH_234|LH_95|LH_304|LH_271|LH_434|LH_173|LH_357|LH_495|LH_133|LH_431|LH_39|LH_490|LH_310|LH_317|LH_471|LH_23|LH_426|LH_224|LH_286|LH_20|LH_365|LH_255|LH_216|LH_405|LH_79|LH_228|LH_445|LH_189|LH_184|LH_243|LH_358|LH_276|LH_218|LH_488|LH_60|LH_438|LH_159|LH_167|LH_349|LH_89|LH_121|LH_333|LH_51|LH_9|LH_482|LH_152|LH_416|LH_379|LH_306|LH_111|LH_185|LH_340|LH_489|LH_475|LH_93|LH_84|LH_376|LH_291|LH_158|LH_250|LH_323|LH_406|LH_460|LH_50|LH_433|LH_372|LH_66|LH_108|LH_465|LH_71|LH_298|LH_369|LH_437|LH_211|LH_11|LH_110|LH_142|LH_28|LH_59|LH_163|LH_38|LH_24|LH_205|LH_440|LH_140|LH_177|LH_252|LH_235|LH_245|LH_242|LH_25|LH_21|LH_217|LH_160|LH_231|LH_77|LH_151|LH_54|LH_345|LH_280|LH_257|LH_456|LH_308|LH_331|LH_58|LH_360|LH_179|LH_464|LH_388|LH_129|LH_285|LH_347|LH_56|LH_387|LH_169|LH_36|LH_138|LH_319|LH_296|LH_246|LH_122|LH_33|LH_127|LH_109|LH_363|LH_183|LH_196|LH_422|LH_86|LH_400|LH_297|LH_346|LH_116|LH_63|LH_88|LH_477|LH_144|LH_112|LH_362|LH_399|LH_334|LH_62|LH_353|LH_146|LH_373|LH_27|LH_76|LH_260|LH_150|LH_210|LH_195|LH_290|LH_82|LH_154|LH_432|LH_320|LH_361|LH_75|LH_17|LH_94|LH_238|LH_143|LH_469|LH_67|LH_225|LH_391|LH_106|LH_15|LH_97|LH_46|LH_49|LH_192|LH_226|LH_114|LH_302|LH_356|LH_91|LH_80|LH_107|LH_329|LH_209|LH_384|LH_409|LH_13|LH_176|LH_299|LH_483|LH_295|LH_491|LH_332|LH_292|LH_153|LH_202|LH_268|LH_1|LH_417|LH_313|LH_375|LH_128|LH_352|LH_57|LH_408|LH_254|LH_382|LH_390|LH_377|LH_328|LH_213|LH_182|LH_65|LH_7|LH_315|LH_101|LH_187|LH_126|LH_123|LH_394|LH_201|LH_251|LH_494|LH_239|LH_383|LH_367|LH_237|LH_34|LH_307|LH_141|LH_403|LH_344|LH_162|LH_43|LH_118|LH_498|LH_99|LH_392|LH_102|LH_258|LH_100|LH_41|LH_281|LH_364|LH_492|LH_448|LH_164|LH_104|LH_124|LH_259|LH_355|LH_458|LH_484|LH_115|LH_309|LH_338|LH_53|LH_381|LH_442|LH_70|LH_284|LH_263|LH_419|LH_166|LH_441|LH_481|LH_335|LH_219|LH_155|LH_294|LH_230|LH_378|LH_476|LH_232|LH_480|LH_31|LH_343|LH_197|LH_301|LH_85|LH_61|LH_264|LH_446|LH_273|LH_455|LH_188|LH_199|LH_452|LH_74|LH_443|LH_423|LH_395|LH_265|LH_29|LH_40|LH_120|LH_190|LH_73|LH_348|LH_415|LH_474|LH_337|LH_12|LH_178|LH_212|LH_402|LH_478|LH_412|LH_241|LH_454|LH_165|LH_14|LH_206|LH_325|LH_279|LH_398|LH_366|LH_462|LH_4|LH_221|LH_421|LH_389|LH_181|LH_413|LH_32|LH_316,LH_493|LH_473|LH_215|LH_324|LH_425|LH_139|LH_424|LH_385|LH_131|LH_453|LH_98|LH_470|LH_68|LH_5|LH_459|LH_236|LH_466|LH_227|LH_487|LH_78|LH_90|LH_439|LH_278|LH_119|LH_368|LH_322|LH_253|LH_147|LH_435|LH_30|LH_397|LH_256|LH_272|LH_207|LH_117|LH_180|LH_430|LH_186|LH_321|LH_45|LH_300|LH_96|LH_8|LH_401|LH_450|LH_198|LH_233|LH_370|LH_37|LH_200|LH_283|LH_479|LH_171|LH_87|LH_134|LH_336|LH_249|LH_42|LH_371|LH_92|LH_427|LH_386|LH_16|LH_261|LH_191|LH_214|LH_342|LH_266|LH_248|LH_467|LH_457|LH_407|LH_326|LH_275|LH_350,LH_222|LH_262|LH_330|LH_444|LH_203|LH_6|LH_472|LH_414|LH_289|LH_269|LH_327|LH_311|LH_420|LH_105|LH_247|LH_410|LH_267|LH_175|LH_156|LH_496|LH_18|LH_428|LH_240|LH_135|LH_244|LH_293|LH_220|LH_149|LH_10|LH_404|LH_64|LH_72|LH_341|LH_47|LH_22|LH_52|LH_229|LH_374|LH_161|LH_3|LH_35|LH_193|LH_305|LH_449|LH_497|LH_396|LH_223|LH_463|LH_0|LH_83|LH_125|LH_359|LH_485|LH_486|LH_172|LH_69|LH_81|LH_499|LH_436|LH_174|LH_170|LH_287|LH_274|LH_194|LH_19|LH_447|LH_461|LH_429|LH_55|LH_136|LH_208|LH_393|LH_44|LH_137|LH_26,853549f16ef8eb3d7f18ae850c94b13c0c8bf0e770bb99cfbffff48b03530266,True,True,True,True,True,True,complete,True,0.09561937357698168,0.10344921161731084,0.09827724874019622,0.11538701870508963,0.013314164085648705,-0.028435012848304853,-0.10384294156994747,defined,0.29364533245563507,0.3024230933189392,0.11454688870034196,0.00899754173504338,0.07854898406347129,44,0.41333333333333333,0.41333333333333333,0.29618924856185913,0.33475261926651,0.03856337070465088,0.008777760863304139,0.11582743600851268,0.21800193935632706,not recorded,not recorded,d703df79dfeff1491911fc046988bb87b2cdca1a1319514c616da73480d74499,True,1.3877787807814457e-17,canonical_static_gcn_top100_top200_top500_500u,canonical_topn_compatible,reusable_existing,unique,
Static GCN,static_gcn_500u_top200_h32_seed2025,experiments/static_gcn_500u_top200_h32_seed2025,data/processed/static_500u_logmass_minmax_top200_periodic_knn/camels_500u_static_logmass_minmax_top200_periodic_knn.pt,data/processed/static_500u_logmass_minmax_top200_periodic_knn/camels_500u_static_logmass_minmax_top200_periodic_knn.metadata.json,static_final_snapshot,500,LH_0..LH_499,1,final snapshot a=1.0,200,log10_Mvir|X|Y|Z|VX|VY|VZ,minmax,per_universe_per_snapshot_per_feature,False,True,8,25.0,32,3,gcn,True,mean,not_applicable,static_mlp_readout,"Linear(D,H)-ReLU-Dropout-Linear(H,H/2)-ReLU-Dropout-Linear(H/2,1)",False,False,8,300,40,0.001,1e-05,0.2,relu,1.0,MSE,2025,0.7|0.15|0.15,LH_322|LH_49|LH_312|LH_130|LH_467|LH_459|LH_70|LH_456|LH_248|LH_365|LH_329|LH_63|LH_331|LH_324|LH_311|LH_87|LH_469|LH_119|LH_209|LH_452|LH_212|LH_167|LH_91|LH_460|LH_485|LH_255|LH_155|LH_458|LH_372|LH_479|LH_446|LH_97|LH_19|LH_149|LH_170|LH_287|LH_334|LH_495|LH_369|LH_318|LH_144|LH_440|LH_297|LH_219|LH_498|LH_350|LH_177|LH_368|LH_339|LH_8|LH_129|LH_275|LH_345|LH_206|LH_92|LH_36|LH_46|LH_128|LH_490|LH_103|LH_411|LH_237|LH_249|LH_434|LH_201|LH_114|LH_325|LH_284|LH_10|LH_239|LH_224|LH_277|LH_138|LH_281|LH_315|LH_361|LH_439|LH_274|LH_379|LH_57|LH_173|LH_455|LH_407|LH_113|LH_437|LH_360|LH_317|LH_250|LH_207|LH_26|LH_236|LH_89|LH_110|LH_102|LH_83|LH_299|LH_366|LH_6|LH_216|LH_191|LH_463|LH_454|LH_17|LH_85|LH_482|LH_112|LH_4|LH_223|LH_417|LH_444|LH_347|LH_20|LH_349|LH_306|LH_40|LH_380|LH_185|LH_151|LH_390|LH_174|LH_303|LH_494|LH_432|LH_241|LH_41|LH_21|LH_164|LH_478|LH_328|LH_80|LH_148|LH_246|LH_441|LH_340|LH_364|LH_422|LH_435|LH_154|LH_158|LH_24|LH_396|LH_447|LH_198|LH_54|LH_146|LH_217|LH_35|LH_18|LH_32|LH_389|LH_359|LH_68|LH_320|LH_337|LH_356|LH_358|LH_426|LH_405|LH_464|LH_240|LH_348|LH_74|LH_357|LH_443|LH_252|LH_302|LH_256|LH_53|LH_55|LH_160|LH_415|LH_465|LH_199|LH_273|LH_135|LH_107|LH_412|LH_61|LH_342|LH_247|LH_374|LH_289|LH_294|LH_71|LH_449|LH_404|LH_197|LH_375|LH_376|LH_47|LH_120|LH_121|LH_453|LH_211|LH_242|LH_67|LH_305|LH_156|LH_332|LH_265|LH_314|LH_496|LH_431|LH_153|LH_84|LH_268|LH_95|LH_187|LH_43|LH_9|LH_111|LH_168|LH_262|LH_338|LH_225|LH_1|LH_413|LH_2|LH_269|LH_231|LH_316|LH_267|LH_81|LH_193|LH_468|LH_397|LH_386|LH_423|LH_286|LH_31|LH_66|LH_65|LH_346|LH_28|LH_497|LH_245|LH_336|LH_178|LH_254|LH_486|LH_215|LH_476|LH_7|LH_343|LH_194|LH_425|LH_378|LH_427|LH_86|LH_29|LH_64|LH_23|LH_229|LH_333|LH_139|LH_251|LH_414|LH_51|LH_260|LH_147|LH_45|LH_475|LH_308|LH_290|LH_436|LH_200|LH_477|LH_424|LH_238|LH_11|LH_183|LH_382|LH_234|LH_480|LH_450|LH_162|LH_136|LH_145|LH_221|LH_430|LH_27|LH_98|LH_137|LH_488|LH_115|LH_152|LH_172|LH_448|LH_3|LH_30|LH_385|LH_134|LH_296|LH_52|LH_419|LH_384|LH_93|LH_253|LH_418|LH_487|LH_171|LH_58|LH_131|LH_79|LH_127|LH_481|LH_403|LH_399|LH_213|LH_218|LH_232|LH_259|LH_371|LH_76|LH_470|LH_133|LH_166|LH_243|LH_393|LH_189|LH_182|LH_264|LH_180|LH_352|LH_406|LH_395|LH_370|LH_344|LH_214|LH_123|LH_377|LH_420|LH_39|LH_94|LH_230|LH_309|LH_117|LH_202|LH_355|LH_186|LH_163|LH_321|LH_442|LH_354|LH_161|LH_122|LH_493|LH_72|LH_100|LH_222,LH_298|LH_48|LH_5|LH_471|LH_132|LH_77|LH_367|LH_227|LH_323|LH_73|LH_109|LH_104|LH_363|LH_105|LH_445|LH_351|LH_208|LH_293|LH_258|LH_12|LH_381|LH_157|LH_126|LH_263|LH_175|LH_196|LH_257|LH_78|LH_292|LH_472|LH_276|LH_301|LH_280|LH_319|LH_429|LH_179|LH_491|LH_466|LH_326|LH_433|LH_140|LH_451|LH_141|LH_341|LH_75|LH_499|LH_38|LH_184|LH_150|LH_410|LH_143|LH_82|LH_159|LH_307|LH_271|LH_278|LH_462|LH_176|LH_125|LH_474|LH_169|LH_388|LH_473|LH_438|LH_335|LH_220|LH_288|LH_383|LH_387|LH_37|LH_353|LH_204|LH_233|LH_408|LH_409,LH_272|LH_228|LH_492|LH_165|LH_373|LH_421|LH_90|LH_295|LH_416|LH_226|LH_142|LH_391|LH_457|LH_300|LH_44|LH_188|LH_282|LH_69|LH_401|LH_59|LH_16|LH_310|LH_124|LH_62|LH_106|LH_101|LH_279|LH_56|LH_304|LH_15|LH_266|LH_181|LH_235|LH_203|LH_327|LH_400|LH_402|LH_116|LH_362|LH_13|LH_96|LH_394|LH_99|LH_461|LH_398|LH_34|LH_261|LH_283|LH_14|LH_313|LH_25|LH_210|LH_483|LH_489|LH_108|LH_392|LH_60|LH_22|LH_50|LH_205|LH_195|LH_33|LH_118|LH_291|LH_192|LH_190|LH_0|LH_270|LH_88|LH_484|LH_244|LH_428|LH_330|LH_42|LH_285,3ce48b66c11e30bec459c52ba7f4a900809dd2b45be0995b8b56aeaefc747951,True,True,True,True,True,True,complete,True,0.09609320412789073,0.09969025880098342,0.10610991865396499,0.12151020314735293,0.014764729468910978,-0.040145469398015,-0.07794223920744672,defined,0.29471200038989387,0.299208379983902,0.11994453853216079,0.0160376466739133,0.133708853026377,75,0.0,0.0,0.26461994647979736,0.33490481972694397,0.0702848732471466,0.004496379594008128,0.12224468169271391,0.21136274933815002,not recorded,not recorded,bb04f9b0f6618150e59f8f1b59065b0dc1e4f4a69f6fc0d0260f96c741478e78,True,1.3877787807814457e-17,canonical_static_gcn_top100_top200_top500_500u,canonical_topn_compatible,reusable_existing,unique,
Static GCN,static_gcn_500u_top200_h32_seed42,experiments/static_gcn_500u_top200_h32_seed42,data/processed/static_500u_logmass_minmax_top200_periodic_knn/camels_500u_static_logmass_minmax_top200_periodic_knn.pt,data/processed/static_500u_logmass_minmax_top200_periodic_knn/camels_500u_static_logmass_minmax_top200_periodic_knn.metadata.json,static_final_snapshot,500,LH_0..LH_499,1,final snapshot a=1.0,200,log10_Mvir|X|Y|Z|VX|VY|VZ,minmax,per_universe_per_snapshot_per_feature,False,True,8,25.0,32,3,gcn,True,mean,not_applicable,static_mlp_readout,"Linear(D,H)-ReLU-Dropout-Linear(H,H/2)-ReLU-Dropout-Linear(H/2,1)",False,False,8,300,40,0.001,1e-05,0.2,relu,1.0,MSE,42,0.7|0.15|0.15,LH_164|LH_383|LH_45|LH_156|LH_53|LH_72|LH_315|LH_209|LH_74|LH_333|LH_403|LH_415|LH_92|LH_215|LH_479|LH_59|LH_368|LH_163|LH_210|LH_251|LH_443|LH_320|LH_289|LH_389|LH_7|LH_462|LH_249|LH_228|LH_245|LH_211|LH_129|LH_162|LH_223|LH_41|LH_278|LH_21|LH_434|LH_68|LH_227|LH_151|LH_369|LH_217|LH_154|LH_177|LH_397|LH_139|LH_141|LH_326|LH_175|LH_170|LH_88|LH_96|LH_439|LH_303|LH_50|LH_199|LH_297|LH_131|LH_120|LH_358|LH_180|LH_370|LH_37|LH_160|LH_4|LH_93|LH_304|LH_188|LH_374|LH_453|LH_94|LH_468|LH_292|LH_340|LH_407|LH_408|LH_187|LH_334|LH_213|LH_127|LH_11|LH_6|LH_442|LH_246|LH_396|LH_425|LH_345|LH_89|LH_426|LH_26|LH_77|LH_184|LH_262|LH_207|LH_182|LH_95|LH_100|LH_419|LH_394|LH_155|LH_230|LH_362|LH_237|LH_353|LH_85|LH_323|LH_171|LH_393|LH_153|LH_313|LH_38|LH_392|LH_69|LH_106|LH_348|LH_489|LH_428|LH_158|LH_31|LH_244|LH_8|LH_267|LH_485|LH_233|LH_261|LH_401|LH_291|LH_198|LH_132|LH_324|LH_322|LH_2|LH_18|LH_488|LH_263|LH_76|LH_253|LH_314|LH_351|LH_471|LH_143|LH_449|LH_66|LH_179|LH_133|LH_144|LH_406|LH_280|LH_269|LH_466|LH_208|LH_145|LH_432|LH_277|LH_341|LH_465|LH_317|LH_17|LH_448|LH_20|LH_130|LH_238|LH_296|LH_286|LH_336|LH_300|LH_149|LH_203|LH_387|LH_398|LH_190|LH_201|LH_418|LH_14|LH_55|LH_75|LH_284|LH_39|LH_391|LH_460|LH_257|LH_178|LH_212|LH_472|LH_420|LH_67|LH_99|LH_476|LH_97|LH_196|LH_339|LH_288|LH_318|LH_457|LH_124|LH_242|LH_42|LH_60|LH_192|LH_422|LH_266|LH_254|LH_384|LH_497|LH_226|LH_495|LH_113|LH_19|LH_218|LH_118|LH_364|LH_385|LH_437|LH_293|LH_493|LH_378|LH_241|LH_446|LH_435|LH_27|LH_220|LH_469|LH_86|LH_361|LH_103|LH_481|LH_25|LH_307|LH_167|LH_450|LH_475|LH_410|LH_221|LH_416|LH_105|LH_371|LH_90|LH_452|LH_168|LH_240|LH_402|LH_48|LH_104|LH_206|LH_247|LH_200|LH_62|LH_477|LH_147|LH_146|LH_225|LH_421|LH_484|LH_491|LH_451|LH_109|LH_294|LH_440|LH_121|LH_265|LH_169|LH_381|LH_34|LH_268|LH_30|LH_400|LH_461|LH_354|LH_382|LH_10|LH_173|LH_342|LH_115|LH_363|LH_61|LH_231|LH_264|LH_224|LH_312|LH_356|LH_159|LH_102|LH_310|LH_372|LH_344|LH_337|LH_365|LH_84|LH_281|LH_243|LH_65|LH_64|LH_272|LH_423|LH_248|LH_43|LH_417|LH_375|LH_123|LH_29|LH_122|LH_157|LH_355|LH_330|LH_9|LH_250|LH_165|LH_306|LH_0|LH_271|LH_276|LH_82|LH_191|LH_347|LH_473|LH_399|LH_319|LH_152|LH_54|LH_259|LH_91|LH_256|LH_430|LH_1|LH_459|LH_80|LH_222|LH_431|LH_498|LH_455|LH_328|LH_404|LH_436|LH_58|LH_5|LH_283|LH_128|LH_270|LH_239|LH_405|LH_195|LH_197|LH_32|LH_305|LH_487|LH_458|LH_429|LH_78|LH_56|LH_24,LH_46|LH_252|LH_260|LH_70|LH_386|LH_427|LH_204|LH_298|LH_219|LH_299|LH_134|LH_275|LH_474|LH_126|LH_492|LH_441|LH_73|LH_234|LH_329|LH_202|LH_255|LH_335|LH_376|LH_380|LH_367|LH_290|LH_108|LH_33|LH_137|LH_205|LH_161|LH_482|LH_117|LH_28|LH_166|LH_350|LH_467|LH_285|LH_352|LH_499|LH_138|LH_463|LH_236|LH_409|LH_494|LH_438|LH_273|LH_87|LH_411|LH_311|LH_36|LH_331|LH_349|LH_470|LH_136|LH_343|LH_107|LH_181|LH_189|LH_83|LH_186|LH_325|LH_232|LH_454|LH_447|LH_51|LH_478|LH_444|LH_148|LH_395|LH_116|LH_338|LH_23|LH_35|LH_360,LH_98|LH_295|LH_185|LH_316|LH_321|LH_424|LH_150|LH_282|LH_40|LH_193|LH_63|LH_274|LH_235|LH_373|LH_22|LH_413|LH_135|LH_309|LH_176|LH_433|LH_183|LH_49|LH_194|LH_480|LH_490|LH_172|LH_390|LH_110|LH_79|LH_464|LH_174|LH_483|LH_357|LH_81|LH_412|LH_388|LH_3|LH_445|LH_414|LH_142|LH_301|LH_229|LH_112|LH_214|LH_486|LH_359|LH_332|LH_366|LH_101|LH_287|LH_13|LH_308|LH_258|LH_119|LH_111|LH_47|LH_15|LH_16|LH_216|LH_302|LH_44|LH_279|LH_456|LH_496|LH_346|LH_52|LH_377|LH_71|LH_114|LH_125|LH_140|LH_379|LH_12|LH_57|LH_327,0f963679cd284fca861fc2c59d88bdae8e8f1f21e2cbe1bb73bd593b49056748,True,True,True,True,True,True,complete,True,0.10070298369441713,0.09376988877852757,0.08656666179498036,0.10186341753288931,0.010376155831479742,-0.010302876795121652,nan,undefined_zero_prediction_variance,0.2916933327913284,0.3019799292087555,0.10202514478236673,0.0,0.0,1,0.9866666666666667,0.9866666666666667,0.3019799292087555,0.3019799292087555,0.0,0.010286596417427064,0.10202514478236673,0.1949799284338951,not recorded,not recorded,6bd9c1f72e15a8d98566f3b9467472019379ad55ed0481d2e471f326fd58fff4,True,0.0,canonical_static_gcn_top100_top200_top500_500u,canonical_topn_compatible,reusable_existing,unique,
Static GCN,static_gcn_500u_top500_final_snapshot_h32_seed123_minmax,experiments/static_gcn_500u_top500_final_snapshot_h32_seed123_minmax,data/processed/temporal_500u_minmax_top500_periodic_knn/camels_500u_temporal_logmass_minmax_top500_periodic_knn.pt,data/processed/temporal_500u_minmax_top500_periodic_knn/camels_500u_temporal_logmass_minmax_top500_periodic_knn.metadata.json,static_final_snapshot,500,LH_0..LH_499,1,final snapshot a=1.0,500,log10_Mvir|X|Y|Z|VX|VY|VZ,minmax,per_universe_per_snapshot_per_feature,False,True,8,25.0,32,3,gcn,True,mean,not_applicable,static_mlp_readout,"Linear(D,H)-ReLU-Dropout-Linear(H,H/2)-ReLU-Dropout-Linear(H/2,1)",False,False,8,300,40,0.001,1e-05,0.2,relu,1.0,MSE,123,0.7|0.15|0.15,LH_380|LH_468|LH_145|LH_2|LH_282|LH_103|LH_148|LH_312|LH_130|LH_411|LH_168|LH_204|LH_113|LH_132|LH_418|LH_270|LH_351|LH_157|LH_451|LH_339|LH_288|LH_277|LH_354|LH_48|LH_318|LH_303|LH_314|LH_234|LH_95|LH_304|LH_271|LH_434|LH_173|LH_357|LH_495|LH_133|LH_431|LH_39|LH_490|LH_310|LH_317|LH_471|LH_23|LH_426|LH_224|LH_286|LH_20|LH_365|LH_255|LH_216|LH_405|LH_79|LH_228|LH_445|LH_189|LH_184|LH_243|LH_358|LH_276|LH_218|LH_488|LH_60|LH_438|LH_159|LH_167|LH_349|LH_89|LH_121|LH_333|LH_51|LH_9|LH_482|LH_152|LH_416|LH_379|LH_306|LH_111|LH_185|LH_340|LH_489|LH_475|LH_93|LH_84|LH_376|LH_291|LH_158|LH_250|LH_323|LH_406|LH_460|LH_50|LH_433|LH_372|LH_66|LH_108|LH_465|LH_71|LH_298|LH_369|LH_437|LH_211|LH_11|LH_110|LH_142|LH_28|LH_59|LH_163|LH_38|LH_24|LH_205|LH_440|LH_140|LH_177|LH_252|LH_235|LH_245|LH_242|LH_25|LH_21|LH_217|LH_160|LH_231|LH_77|LH_151|LH_54|LH_345|LH_280|LH_257|LH_456|LH_308|LH_331|LH_58|LH_360|LH_179|LH_464|LH_388|LH_129|LH_285|LH_347|LH_56|LH_387|LH_169|LH_36|LH_138|LH_319|LH_296|LH_246|LH_122|LH_33|LH_127|LH_109|LH_363|LH_183|LH_196|LH_422|LH_86|LH_400|LH_297|LH_346|LH_116|LH_63|LH_88|LH_477|LH_144|LH_112|LH_362|LH_399|LH_334|LH_62|LH_353|LH_146|LH_373|LH_27|LH_76|LH_260|LH_150|LH_210|LH_195|LH_290|LH_82|LH_154|LH_432|LH_320|LH_361|LH_75|LH_17|LH_94|LH_238|LH_143|LH_469|LH_67|LH_225|LH_391|LH_106|LH_15|LH_97|LH_46|LH_49|LH_192|LH_226|LH_114|LH_302|LH_356|LH_91|LH_80|LH_107|LH_329|LH_209|LH_384|LH_409|LH_13|LH_176|LH_299|LH_483|LH_295|LH_491|LH_332|LH_292|LH_153|LH_202|LH_268|LH_1|LH_417|LH_313|LH_375|LH_128|LH_352|LH_57|LH_408|LH_254|LH_382|LH_390|LH_377|LH_328|LH_213|LH_182|LH_65|LH_7|LH_315|LH_101|LH_187|LH_126|LH_123|LH_394|LH_201|LH_251|LH_494|LH_239|LH_383|LH_367|LH_237|LH_34|LH_307|LH_141|LH_403|LH_344|LH_162|LH_43|LH_118|LH_498|LH_99|LH_392|LH_102|LH_258|LH_100|LH_41|LH_281|LH_364|LH_492|LH_448|LH_164|LH_104|LH_124|LH_259|LH_355|LH_458|LH_484|LH_115|LH_309|LH_338|LH_53|LH_381|LH_442|LH_70|LH_284|LH_263|LH_419|LH_166|LH_441|LH_481|LH_335|LH_219|LH_155|LH_294|LH_230|LH_378|LH_476|LH_232|LH_480|LH_31|LH_343|LH_197|LH_301|LH_85|LH_61|LH_264|LH_446|LH_273|LH_455|LH_188|LH_199|LH_452|LH_74|LH_443|LH_423|LH_395|LH_265|LH_29|LH_40|LH_120|LH_190|LH_73|LH_348|LH_415|LH_474|LH_337|LH_12|LH_178|LH_212|LH_402|LH_478|LH_412|LH_241|LH_454|LH_165|LH_14|LH_206|LH_325|LH_279|LH_398|LH_366|LH_462|LH_4|LH_221|LH_421|LH_389|LH_181|LH_413|LH_32|LH_316,LH_493|LH_473|LH_215|LH_324|LH_425|LH_139|LH_424|LH_385|LH_131|LH_453|LH_98|LH_470|LH_68|LH_5|LH_459|LH_236|LH_466|LH_227|LH_487|LH_78|LH_90|LH_439|LH_278|LH_119|LH_368|LH_322|LH_253|LH_147|LH_435|LH_30|LH_397|LH_256|LH_272|LH_207|LH_117|LH_180|LH_430|LH_186|LH_321|LH_45|LH_300|LH_96|LH_8|LH_401|LH_450|LH_198|LH_233|LH_370|LH_37|LH_200|LH_283|LH_479|LH_171|LH_87|LH_134|LH_336|LH_249|LH_42|LH_371|LH_92|LH_427|LH_386|LH_16|LH_261|LH_191|LH_214|LH_342|LH_266|LH_248|LH_467|LH_457|LH_407|LH_326|LH_275|LH_350,LH_222|LH_262|LH_330|LH_444|LH_203|LH_6|LH_472|LH_414|LH_289|LH_269|LH_327|LH_311|LH_420|LH_105|LH_247|LH_410|LH_267|LH_175|LH_156|LH_496|LH_18|LH_428|LH_240|LH_135|LH_244|LH_293|LH_220|LH_149|LH_10|LH_404|LH_64|LH_72|LH_341|LH_47|LH_22|LH_52|LH_229|LH_374|LH_161|LH_3|LH_35|LH_193|LH_305|LH_449|LH_497|LH_396|LH_223|LH_463|LH_0|LH_83|LH_125|LH_359|LH_485|LH_486|LH_172|LH_69|LH_81|LH_499|LH_436|LH_174|LH_170|LH_287|LH_274|LH_194|LH_19|LH_447|LH_461|LH_429|LH_55|LH_136|LH_208|LH_393|LH_44|LH_137|LH_26,853549f16ef8eb3d7f18ae850c94b13c0c8bf0e770bb99cfbffff48b03530266,True,True,True,True,True,True,complete,True,0.09591047261442456,0.10408620566129684,0.09797952552636464,0.11387916187561663,0.012968463509492895,-0.001731828615830766,0.045320055979133085,defined,0.29364533245563507,0.3006382524967194,0.11454688870034196,0.00485832968128505,0.04241345824760534,45,0.4,0.4,0.2827244997024536,0.30578964948654175,0.023065149784088135,0.006992920041084289,0.11442967824078283,0.19834548979997635,not recorded,not recorded,985086a2f010f20e2d20d9cb6c07f1f33a824f0cf78682f6b8cceef744dcbd4c,True,1.734723475976807e-18,canonical_static_gcn_top100_top200_top500_500u,canonical_topn_compatible,reusable_existing,unique,
Static GCN,static_gcn_500u_top500_final_snapshot_h32_seed123_none,experiments/static_gcn_500u_top500_final_snapshot_h32_seed123_none,data/processed/temporal_500u_none_top500_periodic_knn/camels_500u_temporal_logmass_none_top500_periodic_knn.pt,data/processed/temporal_500u_none_top500_periodic_knn/camels_500u_temporal_logmass_none_top500_periodic_knn.metadata.json,static_final_snapshot,500,LH_0..LH_499,1,final snapshot a=1.0,500,log10_Mvir|X|Y|Z|VX|VY|VZ,none,none after log10(Mvir),False,True,8,25.0,32,3,gcn,True,mean,not_applicable,static_mlp_readout,"Linear(D,H)-ReLU-Dropout-Linear(H,H/2)-ReLU-Dropout-Linear(H/2,1)",False,False,8,300,40,0.001,1e-05,0.2,relu,1.0,MSE,123,0.7|0.15|0.15,LH_380|LH_468|LH_145|LH_2|LH_282|LH_103|LH_148|LH_312|LH_130|LH_411|LH_168|LH_204|LH_113|LH_132|LH_418|LH_270|LH_351|LH_157|LH_451|LH_339|LH_288|LH_277|LH_354|LH_48|LH_318|LH_303|LH_314|LH_234|LH_95|LH_304|LH_271|LH_434|LH_173|LH_357|LH_495|LH_133|LH_431|LH_39|LH_490|LH_310|LH_317|LH_471|LH_23|LH_426|LH_224|LH_286|LH_20|LH_365|LH_255|LH_216|LH_405|LH_79|LH_228|LH_445|LH_189|LH_184|LH_243|LH_358|LH_276|LH_218|LH_488|LH_60|LH_438|LH_159|LH_167|LH_349|LH_89|LH_121|LH_333|LH_51|LH_9|LH_482|LH_152|LH_416|LH_379|LH_306|LH_111|LH_185|LH_340|LH_489|LH_475|LH_93|LH_84|LH_376|LH_291|LH_158|LH_250|LH_323|LH_406|LH_460|LH_50|LH_433|LH_372|LH_66|LH_108|LH_465|LH_71|LH_298|LH_369|LH_437|LH_211|LH_11|LH_110|LH_142|LH_28|LH_59|LH_163|LH_38|LH_24|LH_205|LH_440|LH_140|LH_177|LH_252|LH_235|LH_245|LH_242|LH_25|LH_21|LH_217|LH_160|LH_231|LH_77|LH_151|LH_54|LH_345|LH_280|LH_257|LH_456|LH_308|LH_331|LH_58|LH_360|LH_179|LH_464|LH_388|LH_129|LH_285|LH_347|LH_56|LH_387|LH_169|LH_36|LH_138|LH_319|LH_296|LH_246|LH_122|LH_33|LH_127|LH_109|LH_363|LH_183|LH_196|LH_422|LH_86|LH_400|LH_297|LH_346|LH_116|LH_63|LH_88|LH_477|LH_144|LH_112|LH_362|LH_399|LH_334|LH_62|LH_353|LH_146|LH_373|LH_27|LH_76|LH_260|LH_150|LH_210|LH_195|LH_290|LH_82|LH_154|LH_432|LH_320|LH_361|LH_75|LH_17|LH_94|LH_238|LH_143|LH_469|LH_67|LH_225|LH_391|LH_106|LH_15|LH_97|LH_46|LH_49|LH_192|LH_226|LH_114|LH_302|LH_356|LH_91|LH_80|LH_107|LH_329|LH_209|LH_384|LH_409|LH_13|LH_176|LH_299|LH_483|LH_295|LH_491|LH_332|LH_292|LH_153|LH_202|LH_268|LH_1|LH_417|LH_313|LH_375|LH_128|LH_352|LH_57|LH_408|LH_254|LH_382|LH_390|LH_377|LH_328|LH_213|LH_182|LH_65|LH_7|LH_315|LH_101|LH_187|LH_126|LH_123|LH_394|LH_201|LH_251|LH_494|LH_239|LH_383|LH_367|LH_237|LH_34|LH_307|LH_141|LH_403|LH_344|LH_162|LH_43|LH_118|LH_498|LH_99|LH_392|LH_102|LH_258|LH_100|LH_41|LH_281|LH_364|LH_492|LH_448|LH_164|LH_104|LH_124|LH_259|LH_355|LH_458|LH_484|LH_115|LH_309|LH_338|LH_53|LH_381|LH_442|LH_70|LH_284|LH_263|LH_419|LH_166|LH_441|LH_481|LH_335|LH_219|LH_155|LH_294|LH_230|LH_378|LH_476|LH_232|LH_480|LH_31|LH_343|LH_197|LH_301|LH_85|LH_61|LH_264|LH_446|LH_273|LH_455|LH_188|LH_199|LH_452|LH_74|LH_443|LH_423|LH_395|LH_265|LH_29|LH_40|LH_120|LH_190|LH_73|LH_348|LH_415|LH_474|LH_337|LH_12|LH_178|LH_212|LH_402|LH_478|LH_412|LH_241|LH_454|LH_165|LH_14|LH_206|LH_325|LH_279|LH_398|LH_366|LH_462|LH_4|LH_221|LH_421|LH_389|LH_181|LH_413|LH_32|LH_316,LH_493|LH_473|LH_215|LH_324|LH_425|LH_139|LH_424|LH_385|LH_131|LH_453|LH_98|LH_470|LH_68|LH_5|LH_459|LH_236|LH_466|LH_227|LH_487|LH_78|LH_90|LH_439|LH_278|LH_119|LH_368|LH_322|LH_253|LH_147|LH_435|LH_30|LH_397|LH_256|LH_272|LH_207|LH_117|LH_180|LH_430|LH_186|LH_321|LH_45|LH_300|LH_96|LH_8|LH_401|LH_450|LH_198|LH_233|LH_370|LH_37|LH_200|LH_283|LH_479|LH_171|LH_87|LH_134|LH_336|LH_249|LH_42|LH_371|LH_92|LH_427|LH_386|LH_16|LH_261|LH_191|LH_214|LH_342|LH_266|LH_248|LH_467|LH_457|LH_407|LH_326|LH_275|LH_350,LH_222|LH_262|LH_330|LH_444|LH_203|LH_6|LH_472|LH_414|LH_289|LH_269|LH_327|LH_311|LH_420|LH_105|LH_247|LH_410|LH_267|LH_175|LH_156|LH_496|LH_18|LH_428|LH_240|LH_135|LH_244|LH_293|LH_220|LH_149|LH_10|LH_404|LH_64|LH_72|LH_341|LH_47|LH_22|LH_52|LH_229|LH_374|LH_161|LH_3|LH_35|LH_193|LH_305|LH_449|LH_497|LH_396|LH_223|LH_463|LH_0|LH_83|LH_125|LH_359|LH_485|LH_486|LH_172|LH_69|LH_81|LH_499|LH_436|LH_174|LH_170|LH_287|LH_274|LH_194|LH_19|LH_447|LH_461|LH_429|LH_55|LH_136|LH_208|LH_393|LH_44|LH_137|LH_26,853549f16ef8eb3d7f18ae850c94b13c0c8bf0e770bb99cfbffff48b03530266,True,True,True,True,True,True,complete,True,0.035824545451572966,0.03689170648654302,0.04226742784182231,0.051885318271729555,0.0026920862521586726,0.7920533544939669,0.8932115262474739,defined,0.29364533245563507,0.28610029141108195,0.11454688870034196,0.0980652738057676,0.8561146873426588,75,0.0,0.0,0.05930192768573761,0.4358232319355011,0.3765213042497635,-0.007545041044553121,0.051679481994804925,0.12599098682403564,not recorded,not recorded,66150f10476a2e42cb7569161a98be5c4f740afc0b77860f7a3f48351cf37f7b,True,0.0,normalization_alternative,normalization_incompatible,alternative_protocol,unique,"normalization=none, expected minmax"
Static GCN,static_gcn_500u_top500_final_snapshot_h32_seed123_zscore,experiments/static_gcn_500u_top500_final_snapshot_h32_seed123_zscore,data/processed/temporal_500u_zscore_top500_periodic_knn/camels_500u_temporal_logmass_zscore_top500_periodic_knn.pt,data/processed/temporal_500u_zscore_top500_periodic_knn/camels_500u_temporal_logmass_zscore_top500_periodic_knn.metadata.json,static_final_snapshot,500,LH_0..LH_499,1,final snapshot a=1.0,500,log10_Mvir|X|Y|Z|VX|VY|VZ,zscore,per_universe_per_snapshot_per_feature,False,True,8,25.0,32,3,gcn,True,mean,not_applicable,static_mlp_readout,"Linear(D,H)-ReLU-Dropout-Linear(H,H/2)-ReLU-Dropout-Linear(H/2,1)",False,False,8,300,40,0.001,1e-05,0.2,relu,1.0,MSE,123,0.7|0.15|0.15,LH_380|LH_468|LH_145|LH_2|LH_282|LH_103|LH_148|LH_312|LH_130|LH_411|LH_168|LH_204|LH_113|LH_132|LH_418|LH_270|LH_351|LH_157|LH_451|LH_339|LH_288|LH_277|LH_354|LH_48|LH_318|LH_303|LH_314|LH_234|LH_95|LH_304|LH_271|LH_434|LH_173|LH_357|LH_495|LH_133|LH_431|LH_39|LH_490|LH_310|LH_317|LH_471|LH_23|LH_426|LH_224|LH_286|LH_20|LH_365|LH_255|LH_216|LH_405|LH_79|LH_228|LH_445|LH_189|LH_184|LH_243|LH_358|LH_276|LH_218|LH_488|LH_60|LH_438|LH_159|LH_167|LH_349|LH_89|LH_121|LH_333|LH_51|LH_9|LH_482|LH_152|LH_416|LH_379|LH_306|LH_111|LH_185|LH_340|LH_489|LH_475|LH_93|LH_84|LH_376|LH_291|LH_158|LH_250|LH_323|LH_406|LH_460|LH_50|LH_433|LH_372|LH_66|LH_108|LH_465|LH_71|LH_298|LH_369|LH_437|LH_211|LH_11|LH_110|LH_142|LH_28|LH_59|LH_163|LH_38|LH_24|LH_205|LH_440|LH_140|LH_177|LH_252|LH_235|LH_245|LH_242|LH_25|LH_21|LH_217|LH_160|LH_231|LH_77|LH_151|LH_54|LH_345|LH_280|LH_257|LH_456|LH_308|LH_331|LH_58|LH_360|LH_179|LH_464|LH_388|LH_129|LH_285|LH_347|LH_56|LH_387|LH_169|LH_36|LH_138|LH_319|LH_296|LH_246|LH_122|LH_33|LH_127|LH_109|LH_363|LH_183|LH_196|LH_422|LH_86|LH_400|LH_297|LH_346|LH_116|LH_63|LH_88|LH_477|LH_144|LH_112|LH_362|LH_399|LH_334|LH_62|LH_353|LH_146|LH_373|LH_27|LH_76|LH_260|LH_150|LH_210|LH_195|LH_290|LH_82|LH_154|LH_432|LH_320|LH_361|LH_75|LH_17|LH_94|LH_238|LH_143|LH_469|LH_67|LH_225|LH_391|LH_106|LH_15|LH_97|LH_46|LH_49|LH_192|LH_226|LH_114|LH_302|LH_356|LH_91|LH_80|LH_107|LH_329|LH_209|LH_384|LH_409|LH_13|LH_176|LH_299|LH_483|LH_295|LH_491|LH_332|LH_292|LH_153|LH_202|LH_268|LH_1|LH_417|LH_313|LH_375|LH_128|LH_352|LH_57|LH_408|LH_254|LH_382|LH_390|LH_377|LH_328|LH_213|LH_182|LH_65|LH_7|LH_315|LH_101|LH_187|LH_126|LH_123|LH_394|LH_201|LH_251|LH_494|LH_239|LH_383|LH_367|LH_237|LH_34|LH_307|LH_141|LH_403|LH_344|LH_162|LH_43|LH_118|LH_498|LH_99|LH_392|LH_102|LH_258|LH_100|LH_41|LH_281|LH_364|LH_492|LH_448|LH_164|LH_104|LH_124|LH_259|LH_355|LH_458|LH_484|LH_115|LH_309|LH_338|LH_53|LH_381|LH_442|LH_70|LH_284|LH_263|LH_419|LH_166|LH_441|LH_481|LH_335|LH_219|LH_155|LH_294|LH_230|LH_378|LH_476|LH_232|LH_480|LH_31|LH_343|LH_197|LH_301|LH_85|LH_61|LH_264|LH_446|LH_273|LH_455|LH_188|LH_199|LH_452|LH_74|LH_443|LH_423|LH_395|LH_265|LH_29|LH_40|LH_120|LH_190|LH_73|LH_348|LH_415|LH_474|LH_337|LH_12|LH_178|LH_212|LH_402|LH_478|LH_412|LH_241|LH_454|LH_165|LH_14|LH_206|LH_325|LH_279|LH_398|LH_366|LH_462|LH_4|LH_221|LH_421|LH_389|LH_181|LH_413|LH_32|LH_316,LH_493|LH_473|LH_215|LH_324|LH_425|LH_139|LH_424|LH_385|LH_131|LH_453|LH_98|LH_470|LH_68|LH_5|LH_459|LH_236|LH_466|LH_227|LH_487|LH_78|LH_90|LH_439|LH_278|LH_119|LH_368|LH_322|LH_253|LH_147|LH_435|LH_30|LH_397|LH_256|LH_272|LH_207|LH_117|LH_180|LH_430|LH_186|LH_321|LH_45|LH_300|LH_96|LH_8|LH_401|LH_450|LH_198|LH_233|LH_370|LH_37|LH_200|LH_283|LH_479|LH_171|LH_87|LH_134|LH_336|LH_249|LH_42|LH_371|LH_92|LH_427|LH_386|LH_16|LH_261|LH_191|LH_214|LH_342|LH_266|LH_248|LH_467|LH_457|LH_407|LH_326|LH_275|LH_350,LH_222|LH_262|LH_330|LH_444|LH_203|LH_6|LH_472|LH_414|LH_289|LH_269|LH_327|LH_311|LH_420|LH_105|LH_247|LH_410|LH_267|LH_175|LH_156|LH_496|LH_18|LH_428|LH_240|LH_135|LH_244|LH_293|LH_220|LH_149|LH_10|LH_404|LH_64|LH_72|LH_341|LH_47|LH_22|LH_52|LH_229|LH_374|LH_161|LH_3|LH_35|LH_193|LH_305|LH_449|LH_497|LH_396|LH_223|LH_463|LH_0|LH_83|LH_125|LH_359|LH_485|LH_486|LH_172|LH_69|LH_81|LH_499|LH_436|LH_174|LH_170|LH_287|LH_274|LH_194|LH_19|LH_447|LH_461|LH_429|LH_55|LH_136|LH_208|LH_393|LH_44|LH_137|LH_26,853549f16ef8eb3d7f18ae850c94b13c0c8bf0e770bb99cfbffff48b03530266,True,True,True,True,True,True,complete,True,0.09480736012969698,0.10164053191741308,0.1028737759590149,0.11951973701654926,0.014284967536505096,-0.10342344269129078,-0.02329865590143687,defined,0.29364533245563507,0.27824471533298495,0.11454688870034196,0.030853684965626665,0.26935419473802397,75,0.0,0.0,0.21903222799301147,0.375299870967865,0.15626764297485352,-0.015400617122650147,0.11932151318544712,0.24290238320827484,not recorded,not recorded,91446be9a52403253cdda7d189c895032f4ee0ff931198e00264b012eef8dbe7,True,1.3877787807814457e-17,normalization_alternative,normalization_incompatible,alternative_protocol,unique,"normalization=zscore, expected minmax"
Static GCN,static_gcn_500u_top500_final_snapshot_h32_seed2025_minmax,experiments/static_gcn_500u_top500_final_snapshot_h32_seed2025_minmax,data/processed/temporal_500u_minmax_top500_periodic_knn/camels_500u_temporal_logmass_minmax_top500_periodic_knn.pt,data/processed/temporal_500u_minmax_top500_periodic_knn/camels_500u_temporal_logmass_minmax_top500_periodic_knn.metadata.json,static_final_snapshot,500,LH_0..LH_499,1,final snapshot a=1.0,500,log10_Mvir|X|Y|Z|VX|VY|VZ,minmax,per_universe_per_snapshot_per_feature,False,True,8,25.0,32,3,gcn,True,mean,not_applicable,static_mlp_readout,"Linear(D,H)-ReLU-Dropout-Linear(H,H/2)-ReLU-Dropout-Linear(H/2,1)",False,False,8,300,40,0.001,1e-05,0.2,relu,1.0,MSE,2025,0.7|0.15|0.15,LH_322|LH_49|LH_312|LH_130|LH_467|LH_459|LH_70|LH_456|LH_248|LH_365|LH_329|LH_63|LH_331|LH_324|LH_311|LH_87|LH_469|LH_119|LH_209|LH_452|LH_212|LH_167|LH_91|LH_460|LH_485|LH_255|LH_155|LH_458|LH_372|LH_479|LH_446|LH_97|LH_19|LH_149|LH_170|LH_287|LH_334|LH_495|LH_369|LH_318|LH_144|LH_440|LH_297|LH_219|LH_498|LH_350|LH_177|LH_368|LH_339|LH_8|LH_129|LH_275|LH_345|LH_206|LH_92|LH_36|LH_46|LH_128|LH_490|LH_103|LH_411|LH_237|LH_249|LH_434|LH_201|LH_114|LH_325|LH_284|LH_10|LH_239|LH_224|LH_277|LH_138|LH_281|LH_315|LH_361|LH_439|LH_274|LH_379|LH_57|LH_173|LH_455|LH_407|LH_113|LH_437|LH_360|LH_317|LH_250|LH_207|LH_26|LH_236|LH_89|LH_110|LH_102|LH_83|LH_299|LH_366|LH_6|LH_216|LH_191|LH_463|LH_454|LH_17|LH_85|LH_482|LH_112|LH_4|LH_223|LH_417|LH_444|LH_347|LH_20|LH_349|LH_306|LH_40|LH_380|LH_185|LH_151|LH_390|LH_174|LH_303|LH_494|LH_432|LH_241|LH_41|LH_21|LH_164|LH_478|LH_328|LH_80|LH_148|LH_246|LH_441|LH_340|LH_364|LH_422|LH_435|LH_154|LH_158|LH_24|LH_396|LH_447|LH_198|LH_54|LH_146|LH_217|LH_35|LH_18|LH_32|LH_389|LH_359|LH_68|LH_320|LH_337|LH_356|LH_358|LH_426|LH_405|LH_464|LH_240|LH_348|LH_74|LH_357|LH_443|LH_252|LH_302|LH_256|LH_53|LH_55|LH_160|LH_415|LH_465|LH_199|LH_273|LH_135|LH_107|LH_412|LH_61|LH_342|LH_247|LH_374|LH_289|LH_294|LH_71|LH_449|LH_404|LH_197|LH_375|LH_376|LH_47|LH_120|LH_121|LH_453|LH_211|LH_242|LH_67|LH_305|LH_156|LH_332|LH_265|LH_314|LH_496|LH_431|LH_153|LH_84|LH_268|LH_95|LH_187|LH_43|LH_9|LH_111|LH_168|LH_262|LH_338|LH_225|LH_1|LH_413|LH_2|LH_269|LH_231|LH_316|LH_267|LH_81|LH_193|LH_468|LH_397|LH_386|LH_423|LH_286|LH_31|LH_66|LH_65|LH_346|LH_28|LH_497|LH_245|LH_336|LH_178|LH_254|LH_486|LH_215|LH_476|LH_7|LH_343|LH_194|LH_425|LH_378|LH_427|LH_86|LH_29|LH_64|LH_23|LH_229|LH_333|LH_139|LH_251|LH_414|LH_51|LH_260|LH_147|LH_45|LH_475|LH_308|LH_290|LH_436|LH_200|LH_477|LH_424|LH_238|LH_11|LH_183|LH_382|LH_234|LH_480|LH_450|LH_162|LH_136|LH_145|LH_221|LH_430|LH_27|LH_98|LH_137|LH_488|LH_115|LH_152|LH_172|LH_448|LH_3|LH_30|LH_385|LH_134|LH_296|LH_52|LH_419|LH_384|LH_93|LH_253|LH_418|LH_487|LH_171|LH_58|LH_131|LH_79|LH_127|LH_481|LH_403|LH_399|LH_213|LH_218|LH_232|LH_259|LH_371|LH_76|LH_470|LH_133|LH_166|LH_243|LH_393|LH_189|LH_182|LH_264|LH_180|LH_352|LH_406|LH_395|LH_370|LH_344|LH_214|LH_123|LH_377|LH_420|LH_39|LH_94|LH_230|LH_309|LH_117|LH_202|LH_355|LH_186|LH_163|LH_321|LH_442|LH_354|LH_161|LH_122|LH_493|LH_72|LH_100|LH_222,LH_298|LH_48|LH_5|LH_471|LH_132|LH_77|LH_367|LH_227|LH_323|LH_73|LH_109|LH_104|LH_363|LH_105|LH_445|LH_351|LH_208|LH_293|LH_258|LH_12|LH_381|LH_157|LH_126|LH_263|LH_175|LH_196|LH_257|LH_78|LH_292|LH_472|LH_276|LH_301|LH_280|LH_319|LH_429|LH_179|LH_491|LH_466|LH_326|LH_433|LH_140|LH_451|LH_141|LH_341|LH_75|LH_499|LH_38|LH_184|LH_150|LH_410|LH_143|LH_82|LH_159|LH_307|LH_271|LH_278|LH_462|LH_176|LH_125|LH_474|LH_169|LH_388|LH_473|LH_438|LH_335|LH_220|LH_288|LH_383|LH_387|LH_37|LH_353|LH_204|LH_233|LH_408|LH_409,LH_272|LH_228|LH_492|LH_165|LH_373|LH_421|LH_90|LH_295|LH_416|LH_226|LH_142|LH_391|LH_457|LH_300|LH_44|LH_188|LH_282|LH_69|LH_401|LH_59|LH_16|LH_310|LH_124|LH_62|LH_106|LH_101|LH_279|LH_56|LH_304|LH_15|LH_266|LH_181|LH_235|LH_203|LH_327|LH_400|LH_402|LH_116|LH_362|LH_13|LH_96|LH_394|LH_99|LH_461|LH_398|LH_34|LH_261|LH_283|LH_14|LH_313|LH_25|LH_210|LH_483|LH_489|LH_108|LH_392|LH_60|LH_22|LH_50|LH_205|LH_195|LH_33|LH_118|LH_291|LH_192|LH_190|LH_0|LH_270|LH_88|LH_484|LH_244|LH_428|LH_330|LH_42|LH_285,3ce48b66c11e30bec459c52ba7f4a900809dd2b45be0995b8b56aeaefc747951,True,True,True,True,True,True,complete,True,0.09694910860487393,0.09526060968637466,0.10383256067832311,0.11984426108389573,0.014362646914744965,-0.011819562856998811,0.10961641668339324,defined,0.29471200038989387,0.31252485036849975,0.11994453853216079,0.017765899730111973,0.14811762125666433,75,0.0,0.0,0.2566410005092621,0.35222530364990234,0.09558430314064026,0.017812849978605907,0.11931115332533784,0.2119673490524292,not recorded,not recorded,b9640a876148a4123feca38d6347822ad1544ff9089d35a5fd5702b46c4101f2,True,1.3877787807814457e-17,canonical_static_gcn_top100_top200_top500_500u,canonical_topn_compatible,reusable_existing,unique,
Static GCN,static_gcn_500u_top500_final_snapshot_h32_seed2025_none,experiments/static_gcn_500u_top500_final_snapshot_h32_seed2025_none,data/processed/temporal_500u_none_top500_periodic_knn/camels_500u_temporal_logmass_none_top500_periodic_knn.pt,data/processed/temporal_500u_none_top500_periodic_knn/camels_500u_temporal_logmass_none_top500_periodic_knn.metadata.json,static_final_snapshot,500,LH_0..LH_499,1,final snapshot a=1.0,500,log10_Mvir|X|Y|Z|VX|VY|VZ,none,none after log10(Mvir),False,True,8,25.0,32,3,gcn,True,mean,not_applicable,static_mlp_readout,"Linear(D,H)-ReLU-Dropout-Linear(H,H/2)-ReLU-Dropout-Linear(H/2,1)",False,False,8,300,40,0.001,1e-05,0.2,relu,1.0,MSE,2025,0.7|0.15|0.15,LH_322|LH_49|LH_312|LH_130|LH_467|LH_459|LH_70|LH_456|LH_248|LH_365|LH_329|LH_63|LH_331|LH_324|LH_311|LH_87|LH_469|LH_119|LH_209|LH_452|LH_212|LH_167|LH_91|LH_460|LH_485|LH_255|LH_155|LH_458|LH_372|LH_479|LH_446|LH_97|LH_19|LH_149|LH_170|LH_287|LH_334|LH_495|LH_369|LH_318|LH_144|LH_440|LH_297|LH_219|LH_498|LH_350|LH_177|LH_368|LH_339|LH_8|LH_129|LH_275|LH_345|LH_206|LH_92|LH_36|LH_46|LH_128|LH_490|LH_103|LH_411|LH_237|LH_249|LH_434|LH_201|LH_114|LH_325|LH_284|LH_10|LH_239|LH_224|LH_277|LH_138|LH_281|LH_315|LH_361|LH_439|LH_274|LH_379|LH_57|LH_173|LH_455|LH_407|LH_113|LH_437|LH_360|LH_317|LH_250|LH_207|LH_26|LH_236|LH_89|LH_110|LH_102|LH_83|LH_299|LH_366|LH_6|LH_216|LH_191|LH_463|LH_454|LH_17|LH_85|LH_482|LH_112|LH_4|LH_223|LH_417|LH_444|LH_347|LH_20|LH_349|LH_306|LH_40|LH_380|LH_185|LH_151|LH_390|LH_174|LH_303|LH_494|LH_432|LH_241|LH_41|LH_21|LH_164|LH_478|LH_328|LH_80|LH_148|LH_246|LH_441|LH_340|LH_364|LH_422|LH_435|LH_154|LH_158|LH_24|LH_396|LH_447|LH_198|LH_54|LH_146|LH_217|LH_35|LH_18|LH_32|LH_389|LH_359|LH_68|LH_320|LH_337|LH_356|LH_358|LH_426|LH_405|LH_464|LH_240|LH_348|LH_74|LH_357|LH_443|LH_252|LH_302|LH_256|LH_53|LH_55|LH_160|LH_415|LH_465|LH_199|LH_273|LH_135|LH_107|LH_412|LH_61|LH_342|LH_247|LH_374|LH_289|LH_294|LH_71|LH_449|LH_404|LH_197|LH_375|LH_376|LH_47|LH_120|LH_121|LH_453|LH_211|LH_242|LH_67|LH_305|LH_156|LH_332|LH_265|LH_314|LH_496|LH_431|LH_153|LH_84|LH_268|LH_95|LH_187|LH_43|LH_9|LH_111|LH_168|LH_262|LH_338|LH_225|LH_1|LH_413|LH_2|LH_269|LH_231|LH_316|LH_267|LH_81|LH_193|LH_468|LH_397|LH_386|LH_423|LH_286|LH_31|LH_66|LH_65|LH_346|LH_28|LH_497|LH_245|LH_336|LH_178|LH_254|LH_486|LH_215|LH_476|LH_7|LH_343|LH_194|LH_425|LH_378|LH_427|LH_86|LH_29|LH_64|LH_23|LH_229|LH_333|LH_139|LH_251|LH_414|LH_51|LH_260|LH_147|LH_45|LH_475|LH_308|LH_290|LH_436|LH_200|LH_477|LH_424|LH_238|LH_11|LH_183|LH_382|LH_234|LH_480|LH_450|LH_162|LH_136|LH_145|LH_221|LH_430|LH_27|LH_98|LH_137|LH_488|LH_115|LH_152|LH_172|LH_448|LH_3|LH_30|LH_385|LH_134|LH_296|LH_52|LH_419|LH_384|LH_93|LH_253|LH_418|LH_487|LH_171|LH_58|LH_131|LH_79|LH_127|LH_481|LH_403|LH_399|LH_213|LH_218|LH_232|LH_259|LH_371|LH_76|LH_470|LH_133|LH_166|LH_243|LH_393|LH_189|LH_182|LH_264|LH_180|LH_352|LH_406|LH_395|LH_370|LH_344|LH_214|LH_123|LH_377|LH_420|LH_39|LH_94|LH_230|LH_309|LH_117|LH_202|LH_355|LH_186|LH_163|LH_321|LH_442|LH_354|LH_161|LH_122|LH_493|LH_72|LH_100|LH_222,LH_298|LH_48|LH_5|LH_471|LH_132|LH_77|LH_367|LH_227|LH_323|LH_73|LH_109|LH_104|LH_363|LH_105|LH_445|LH_351|LH_208|LH_293|LH_258|LH_12|LH_381|LH_157|LH_126|LH_263|LH_175|LH_196|LH_257|LH_78|LH_292|LH_472|LH_276|LH_301|LH_280|LH_319|LH_429|LH_179|LH_491|LH_466|LH_326|LH_433|LH_140|LH_451|LH_141|LH_341|LH_75|LH_499|LH_38|LH_184|LH_150|LH_410|LH_143|LH_82|LH_159|LH_307|LH_271|LH_278|LH_462|LH_176|LH_125|LH_474|LH_169|LH_388|LH_473|LH_438|LH_335|LH_220|LH_288|LH_383|LH_387|LH_37|LH_353|LH_204|LH_233|LH_408|LH_409,LH_272|LH_228|LH_492|LH_165|LH_373|LH_421|LH_90|LH_295|LH_416|LH_226|LH_142|LH_391|LH_457|LH_300|LH_44|LH_188|LH_282|LH_69|LH_401|LH_59|LH_16|LH_310|LH_124|LH_62|LH_106|LH_101|LH_279|LH_56|LH_304|LH_15|LH_266|LH_181|LH_235|LH_203|LH_327|LH_400|LH_402|LH_116|LH_362|LH_13|LH_96|LH_394|LH_99|LH_461|LH_398|LH_34|LH_261|LH_283|LH_14|LH_313|LH_25|LH_210|LH_483|LH_489|LH_108|LH_392|LH_60|LH_22|LH_50|LH_205|LH_195|LH_33|LH_118|LH_291|LH_192|LH_190|LH_0|LH_270|LH_88|LH_484|LH_244|LH_428|LH_330|LH_42|LH_285,3ce48b66c11e30bec459c52ba7f4a900809dd2b45be0995b8b56aeaefc747951,True,True,True,True,True,True,complete,True,0.031410828296627315,0.039268635014692944,0.0453543409705162,0.05692561028933413,0.0032405251068131436,0.7717115294648997,0.8833403194983683,defined,0.29471200038989387,0.30481513996918996,0.11994453853216079,0.10148365459010285,0.846088165680774,75,0.0,0.0,0.09768077731132507,0.46735650300979614,0.36967572569847107,0.010103139579296112,0.05639914171872825,0.1687043011188507,not recorded,not recorded,189088642799481b76ecda8430cd31be3822d43ca23133889550b9a631e57b0d,True,0.0,normalization_alternative,normalization_incompatible,alternative_protocol,unique,"normalization=none, expected minmax"
Static GCN,static_gcn_500u_top500_final_snapshot_h32_seed2025_zscore,experiments/static_gcn_500u_top500_final_snapshot_h32_seed2025_zscore,data/processed/temporal_500u_zscore_top500_periodic_knn/camels_500u_temporal_logmass_zscore_top500_periodic_knn.pt,data/processed/temporal_500u_zscore_top500_periodic_knn/camels_500u_temporal_logmass_zscore_top500_periodic_knn.metadata.json,static_final_snapshot,500,LH_0..LH_499,1,final snapshot a=1.0,500,log10_Mvir|X|Y|Z|VX|VY|VZ,zscore,per_universe_per_snapshot_per_feature,False,True,8,25.0,32,3,gcn,True,mean,not_applicable,static_mlp_readout,"Linear(D,H)-ReLU-Dropout-Linear(H,H/2)-ReLU-Dropout-Linear(H/2,1)",False,False,8,300,40,0.001,1e-05,0.2,relu,1.0,MSE,2025,0.7|0.15|0.15,LH_322|LH_49|LH_312|LH_130|LH_467|LH_459|LH_70|LH_456|LH_248|LH_365|LH_329|LH_63|LH_331|LH_324|LH_311|LH_87|LH_469|LH_119|LH_209|LH_452|LH_212|LH_167|LH_91|LH_460|LH_485|LH_255|LH_155|LH_458|LH_372|LH_479|LH_446|LH_97|LH_19|LH_149|LH_170|LH_287|LH_334|LH_495|LH_369|LH_318|LH_144|LH_440|LH_297|LH_219|LH_498|LH_350|LH_177|LH_368|LH_339|LH_8|LH_129|LH_275|LH_345|LH_206|LH_92|LH_36|LH_46|LH_128|LH_490|LH_103|LH_411|LH_237|LH_249|LH_434|LH_201|LH_114|LH_325|LH_284|LH_10|LH_239|LH_224|LH_277|LH_138|LH_281|LH_315|LH_361|LH_439|LH_274|LH_379|LH_57|LH_173|LH_455|LH_407|LH_113|LH_437|LH_360|LH_317|LH_250|LH_207|LH_26|LH_236|LH_89|LH_110|LH_102|LH_83|LH_299|LH_366|LH_6|LH_216|LH_191|LH_463|LH_454|LH_17|LH_85|LH_482|LH_112|LH_4|LH_223|LH_417|LH_444|LH_347|LH_20|LH_349|LH_306|LH_40|LH_380|LH_185|LH_151|LH_390|LH_174|LH_303|LH_494|LH_432|LH_241|LH_41|LH_21|LH_164|LH_478|LH_328|LH_80|LH_148|LH_246|LH_441|LH_340|LH_364|LH_422|LH_435|LH_154|LH_158|LH_24|LH_396|LH_447|LH_198|LH_54|LH_146|LH_217|LH_35|LH_18|LH_32|LH_389|LH_359|LH_68|LH_320|LH_337|LH_356|LH_358|LH_426|LH_405|LH_464|LH_240|LH_348|LH_74|LH_357|LH_443|LH_252|LH_302|LH_256|LH_53|LH_55|LH_160|LH_415|LH_465|LH_199|LH_273|LH_135|LH_107|LH_412|LH_61|LH_342|LH_247|LH_374|LH_289|LH_294|LH_71|LH_449|LH_404|LH_197|LH_375|LH_376|LH_47|LH_120|LH_121|LH_453|LH_211|LH_242|LH_67|LH_305|LH_156|LH_332|LH_265|LH_314|LH_496|LH_431|LH_153|LH_84|LH_268|LH_95|LH_187|LH_43|LH_9|LH_111|LH_168|LH_262|LH_338|LH_225|LH_1|LH_413|LH_2|LH_269|LH_231|LH_316|LH_267|LH_81|LH_193|LH_468|LH_397|LH_386|LH_423|LH_286|LH_31|LH_66|LH_65|LH_346|LH_28|LH_497|LH_245|LH_336|LH_178|LH_254|LH_486|LH_215|LH_476|LH_7|LH_343|LH_194|LH_425|LH_378|LH_427|LH_86|LH_29|LH_64|LH_23|LH_229|LH_333|LH_139|LH_251|LH_414|LH_51|LH_260|LH_147|LH_45|LH_475|LH_308|LH_290|LH_436|LH_200|LH_477|LH_424|LH_238|LH_11|LH_183|LH_382|LH_234|LH_480|LH_450|LH_162|LH_136|LH_145|LH_221|LH_430|LH_27|LH_98|LH_137|LH_488|LH_115|LH_152|LH_172|LH_448|LH_3|LH_30|LH_385|LH_134|LH_296|LH_52|LH_419|LH_384|LH_93|LH_253|LH_418|LH_487|LH_171|LH_58|LH_131|LH_79|LH_127|LH_481|LH_403|LH_399|LH_213|LH_218|LH_232|LH_259|LH_371|LH_76|LH_470|LH_133|LH_166|LH_243|LH_393|LH_189|LH_182|LH_264|LH_180|LH_352|LH_406|LH_395|LH_370|LH_344|LH_214|LH_123|LH_377|LH_420|LH_39|LH_94|LH_230|LH_309|LH_117|LH_202|LH_355|LH_186|LH_163|LH_321|LH_442|LH_354|LH_161|LH_122|LH_493|LH_72|LH_100|LH_222,LH_298|LH_48|LH_5|LH_471|LH_132|LH_77|LH_367|LH_227|LH_323|LH_73|LH_109|LH_104|LH_363|LH_105|LH_445|LH_351|LH_208|LH_293|LH_258|LH_12|LH_381|LH_157|LH_126|LH_263|LH_175|LH_196|LH_257|LH_78|LH_292|LH_472|LH_276|LH_301|LH_280|LH_319|LH_429|LH_179|LH_491|LH_466|LH_326|LH_433|LH_140|LH_451|LH_141|LH_341|LH_75|LH_499|LH_38|LH_184|LH_150|LH_410|LH_143|LH_82|LH_159|LH_307|LH_271|LH_278|LH_462|LH_176|LH_125|LH_474|LH_169|LH_388|LH_473|LH_438|LH_335|LH_220|LH_288|LH_383|LH_387|LH_37|LH_353|LH_204|LH_233|LH_408|LH_409,LH_272|LH_228|LH_492|LH_165|LH_373|LH_421|LH_90|LH_295|LH_416|LH_226|LH_142|LH_391|LH_457|LH_300|LH_44|LH_188|LH_282|LH_69|LH_401|LH_59|LH_16|LH_310|LH_124|LH_62|LH_106|LH_101|LH_279|LH_56|LH_304|LH_15|LH_266|LH_181|LH_235|LH_203|LH_327|LH_400|LH_402|LH_116|LH_362|LH_13|LH_96|LH_394|LH_99|LH_461|LH_398|LH_34|LH_261|LH_283|LH_14|LH_313|LH_25|LH_210|LH_483|LH_489|LH_108|LH_392|LH_60|LH_22|LH_50|LH_205|LH_195|LH_33|LH_118|LH_291|LH_192|LH_190|LH_0|LH_270|LH_88|LH_484|LH_244|LH_428|LH_330|LH_42|LH_285,3ce48b66c11e30bec459c52ba7f4a900809dd2b45be0995b8b56aeaefc747951,True,True,True,True,True,True,complete,True,0.09089842960238456,0.09890374610821406,0.10470453927914301,0.12147080167505458,0.014755155659580443,-0.0394710138029426,0.058683764333168596,defined,0.29471200038989387,0.3098198930422465,0.11994453853216079,0.026687439133960305,0.22249816007091133,75,0.0,0.0,0.2583678960800171,0.391704261302948,0.1333363652229309,0.01510789265235265,0.12133926321051947,0.26034191995859146,not recorded,not recorded,427a4f278810cd712997e857b79a8b8148e2bab2175a398ee29e55ace484b397,True,1.734723475976807e-18,normalization_alternative,normalization_incompatible,alternative_protocol,unique,"normalization=zscore, expected minmax"
Static GCN,static_gcn_500u_top500_final_snapshot_h32_seed42_none,experiments/static_gcn_500u_top500_final_snapshot_h32_seed42_none,data/processed/temporal_500u_none_top500_periodic_knn/camels_500u_temporal_logmass_none_top500_periodic_knn.pt,data/processed/temporal_500u_none_top500_periodic_knn/camels_500u_temporal_logmass_none_top500_periodic_knn.metadata.json,static_final_snapshot,500,LH_0..LH_499,1,final snapshot a=1.0,500,log10_Mvir|X|Y|Z|VX|VY|VZ,none,none after log10(Mvir),False,True,8,25.0,32,3,gcn,True,mean,not_applicable,static_mlp_readout,"Linear(D,H)-ReLU-Dropout-Linear(H,H/2)-ReLU-Dropout-Linear(H/2,1)",False,False,8,300,40,0.001,1e-05,0.2,relu,1.0,MSE,42,0.7|0.15|0.15,LH_164|LH_383|LH_45|LH_156|LH_53|LH_72|LH_315|LH_209|LH_74|LH_333|LH_403|LH_415|LH_92|LH_215|LH_479|LH_59|LH_368|LH_163|LH_210|LH_251|LH_443|LH_320|LH_289|LH_389|LH_7|LH_462|LH_249|LH_228|LH_245|LH_211|LH_129|LH_162|LH_223|LH_41|LH_278|LH_21|LH_434|LH_68|LH_227|LH_151|LH_369|LH_217|LH_154|LH_177|LH_397|LH_139|LH_141|LH_326|LH_175|LH_170|LH_88|LH_96|LH_439|LH_303|LH_50|LH_199|LH_297|LH_131|LH_120|LH_358|LH_180|LH_370|LH_37|LH_160|LH_4|LH_93|LH_304|LH_188|LH_374|LH_453|LH_94|LH_468|LH_292|LH_340|LH_407|LH_408|LH_187|LH_334|LH_213|LH_127|LH_11|LH_6|LH_442|LH_246|LH_396|LH_425|LH_345|LH_89|LH_426|LH_26|LH_77|LH_184|LH_262|LH_207|LH_182|LH_95|LH_100|LH_419|LH_394|LH_155|LH_230|LH_362|LH_237|LH_353|LH_85|LH_323|LH_171|LH_393|LH_153|LH_313|LH_38|LH_392|LH_69|LH_106|LH_348|LH_489|LH_428|LH_158|LH_31|LH_244|LH_8|LH_267|LH_485|LH_233|LH_261|LH_401|LH_291|LH_198|LH_132|LH_324|LH_322|LH_2|LH_18|LH_488|LH_263|LH_76|LH_253|LH_314|LH_351|LH_471|LH_143|LH_449|LH_66|LH_179|LH_133|LH_144|LH_406|LH_280|LH_269|LH_466|LH_208|LH_145|LH_432|LH_277|LH_341|LH_465|LH_317|LH_17|LH_448|LH_20|LH_130|LH_238|LH_296|LH_286|LH_336|LH_300|LH_149|LH_203|LH_387|LH_398|LH_190|LH_201|LH_418|LH_14|LH_55|LH_75|LH_284|LH_39|LH_391|LH_460|LH_257|LH_178|LH_212|LH_472|LH_420|LH_67|LH_99|LH_476|LH_97|LH_196|LH_339|LH_288|LH_318|LH_457|LH_124|LH_242|LH_42|LH_60|LH_192|LH_422|LH_266|LH_254|LH_384|LH_497|LH_226|LH_495|LH_113|LH_19|LH_218|LH_118|LH_364|LH_385|LH_437|LH_293|LH_493|LH_378|LH_241|LH_446|LH_435|LH_27|LH_220|LH_469|LH_86|LH_361|LH_103|LH_481|LH_25|LH_307|LH_167|LH_450|LH_475|LH_410|LH_221|LH_416|LH_105|LH_371|LH_90|LH_452|LH_168|LH_240|LH_402|LH_48|LH_104|LH_206|LH_247|LH_200|LH_62|LH_477|LH_147|LH_146|LH_225|LH_421|LH_484|LH_491|LH_451|LH_109|LH_294|LH_440|LH_121|LH_265|LH_169|LH_381|LH_34|LH_268|LH_30|LH_400|LH_461|LH_354|LH_382|LH_10|LH_173|LH_342|LH_115|LH_363|LH_61|LH_231|LH_264|LH_224|LH_312|LH_356|LH_159|LH_102|LH_310|LH_372|LH_344|LH_337|LH_365|LH_84|LH_281|LH_243|LH_65|LH_64|LH_272|LH_423|LH_248|LH_43|LH_417|LH_375|LH_123|LH_29|LH_122|LH_157|LH_355|LH_330|LH_9|LH_250|LH_165|LH_306|LH_0|LH_271|LH_276|LH_82|LH_191|LH_347|LH_473|LH_399|LH_319|LH_152|LH_54|LH_259|LH_91|LH_256|LH_430|LH_1|LH_459|LH_80|LH_222|LH_431|LH_498|LH_455|LH_328|LH_404|LH_436|LH_58|LH_5|LH_283|LH_128|LH_270|LH_239|LH_405|LH_195|LH_197|LH_32|LH_305|LH_487|LH_458|LH_429|LH_78|LH_56|LH_24,LH_46|LH_252|LH_260|LH_70|LH_386|LH_427|LH_204|LH_298|LH_219|LH_299|LH_134|LH_275|LH_474|LH_126|LH_492|LH_441|LH_73|LH_234|LH_329|LH_202|LH_255|LH_335|LH_376|LH_380|LH_367|LH_290|LH_108|LH_33|LH_137|LH_205|LH_161|LH_482|LH_117|LH_28|LH_166|LH_350|LH_467|LH_285|LH_352|LH_499|LH_138|LH_463|LH_236|LH_409|LH_494|LH_438|LH_273|LH_87|LH_411|LH_311|LH_36|LH_331|LH_349|LH_470|LH_136|LH_343|LH_107|LH_181|LH_189|LH_83|LH_186|LH_325|LH_232|LH_454|LH_447|LH_51|LH_478|LH_444|LH_148|LH_395|LH_116|LH_338|LH_23|LH_35|LH_360,LH_98|LH_295|LH_185|LH_316|LH_321|LH_424|LH_150|LH_282|LH_40|LH_193|LH_63|LH_274|LH_235|LH_373|LH_22|LH_413|LH_135|LH_309|LH_176|LH_433|LH_183|LH_49|LH_194|LH_480|LH_490|LH_172|LH_390|LH_110|LH_79|LH_464|LH_174|LH_483|LH_357|LH_81|LH_412|LH_388|LH_3|LH_445|LH_414|LH_142|LH_301|LH_229|LH_112|LH_214|LH_486|LH_359|LH_332|LH_366|LH_101|LH_287|LH_13|LH_308|LH_258|LH_119|LH_111|LH_47|LH_15|LH_16|LH_216|LH_302|LH_44|LH_279|LH_456|LH_496|LH_346|LH_52|LH_377|LH_71|LH_114|LH_125|LH_140|LH_379|LH_12|LH_57|LH_327,0f963679cd284fca861fc2c59d88bdae8e8f1f21e2cbe1bb73bd593b49056748,True,True,True,True,True,True,complete,True,0.03730821786182267,0.042302471498648325,0.04280752162138621,0.05473270223637154,0.0029956686940953102,0.7083184997677542,0.8440149328477718,defined,0.2916933327913284,0.29809734066327415,0.10202514478236673,0.08539273412761225,0.8369773383783613,75,0.0,0.0,0.12409086525440216,0.45395898818969727,0.3298681229352951,0.006404007871945699,0.05472280310498474,0.15935339033603668,not recorded,not recorded,746933cefbb2f5953809a3aaaed40110ebafb8baf63b02f083c145da390e6a9d,True,0.0,normalization_alternative,normalization_incompatible,alternative_protocol,unique,"normalization=none, expected minmax"
Static GCN,static_gcn_500u_top500_final_snapshot_h32_seed42_zscore,experiments/static_gcn_500u_top500_final_snapshot_h32_seed42_zscore,data/processed/temporal_500u_zscore_top500_periodic_knn/camels_500u_temporal_logmass_zscore_top500_periodic_knn.pt,data/processed/temporal_500u_zscore_top500_periodic_knn/camels_500u_temporal_logmass_zscore_top500_periodic_knn.metadata.json,static_final_snapshot,500,LH_0..LH_499,1,final snapshot a=1.0,500,log10_Mvir|X|Y|Z|VX|VY|VZ,zscore,per_universe_per_snapshot_per_feature,False,True,8,25.0,32,3,gcn,True,mean,not_applicable,static_mlp_readout,"Linear(D,H)-ReLU-Dropout-Linear(H,H/2)-ReLU-Dropout-Linear(H/2,1)",False,False,8,300,40,0.001,1e-05,0.2,relu,1.0,MSE,42,0.7|0.15|0.15,LH_164|LH_383|LH_45|LH_156|LH_53|LH_72|LH_315|LH_209|LH_74|LH_333|LH_403|LH_415|LH_92|LH_215|LH_479|LH_59|LH_368|LH_163|LH_210|LH_251|LH_443|LH_320|LH_289|LH_389|LH_7|LH_462|LH_249|LH_228|LH_245|LH_211|LH_129|LH_162|LH_223|LH_41|LH_278|LH_21|LH_434|LH_68|LH_227|LH_151|LH_369|LH_217|LH_154|LH_177|LH_397|LH_139|LH_141|LH_326|LH_175|LH_170|LH_88|LH_96|LH_439|LH_303|LH_50|LH_199|LH_297|LH_131|LH_120|LH_358|LH_180|LH_370|LH_37|LH_160|LH_4|LH_93|LH_304|LH_188|LH_374|LH_453|LH_94|LH_468|LH_292|LH_340|LH_407|LH_408|LH_187|LH_334|LH_213|LH_127|LH_11|LH_6|LH_442|LH_246|LH_396|LH_425|LH_345|LH_89|LH_426|LH_26|LH_77|LH_184|LH_262|LH_207|LH_182|LH_95|LH_100|LH_419|LH_394|LH_155|LH_230|LH_362|LH_237|LH_353|LH_85|LH_323|LH_171|LH_393|LH_153|LH_313|LH_38|LH_392|LH_69|LH_106|LH_348|LH_489|LH_428|LH_158|LH_31|LH_244|LH_8|LH_267|LH_485|LH_233|LH_261|LH_401|LH_291|LH_198|LH_132|LH_324|LH_322|LH_2|LH_18|LH_488|LH_263|LH_76|LH_253|LH_314|LH_351|LH_471|LH_143|LH_449|LH_66|LH_179|LH_133|LH_144|LH_406|LH_280|LH_269|LH_466|LH_208|LH_145|LH_432|LH_277|LH_341|LH_465|LH_317|LH_17|LH_448|LH_20|LH_130|LH_238|LH_296|LH_286|LH_336|LH_300|LH_149|LH_203|LH_387|LH_398|LH_190|LH_201|LH_418|LH_14|LH_55|LH_75|LH_284|LH_39|LH_391|LH_460|LH_257|LH_178|LH_212|LH_472|LH_420|LH_67|LH_99|LH_476|LH_97|LH_196|LH_339|LH_288|LH_318|LH_457|LH_124|LH_242|LH_42|LH_60|LH_192|LH_422|LH_266|LH_254|LH_384|LH_497|LH_226|LH_495|LH_113|LH_19|LH_218|LH_118|LH_364|LH_385|LH_437|LH_293|LH_493|LH_378|LH_241|LH_446|LH_435|LH_27|LH_220|LH_469|LH_86|LH_361|LH_103|LH_481|LH_25|LH_307|LH_167|LH_450|LH_475|LH_410|LH_221|LH_416|LH_105|LH_371|LH_90|LH_452|LH_168|LH_240|LH_402|LH_48|LH_104|LH_206|LH_247|LH_200|LH_62|LH_477|LH_147|LH_146|LH_225|LH_421|LH_484|LH_491|LH_451|LH_109|LH_294|LH_440|LH_121|LH_265|LH_169|LH_381|LH_34|LH_268|LH_30|LH_400|LH_461|LH_354|LH_382|LH_10|LH_173|LH_342|LH_115|LH_363|LH_61|LH_231|LH_264|LH_224|LH_312|LH_356|LH_159|LH_102|LH_310|LH_372|LH_344|LH_337|LH_365|LH_84|LH_281|LH_243|LH_65|LH_64|LH_272|LH_423|LH_248|LH_43|LH_417|LH_375|LH_123|LH_29|LH_122|LH_157|LH_355|LH_330|LH_9|LH_250|LH_165|LH_306|LH_0|LH_271|LH_276|LH_82|LH_191|LH_347|LH_473|LH_399|LH_319|LH_152|LH_54|LH_259|LH_91|LH_256|LH_430|LH_1|LH_459|LH_80|LH_222|LH_431|LH_498|LH_455|LH_328|LH_404|LH_436|LH_58|LH_5|LH_283|LH_128|LH_270|LH_239|LH_405|LH_195|LH_197|LH_32|LH_305|LH_487|LH_458|LH_429|LH_78|LH_56|LH_24,LH_46|LH_252|LH_260|LH_70|LH_386|LH_427|LH_204|LH_298|LH_219|LH_299|LH_134|LH_275|LH_474|LH_126|LH_492|LH_441|LH_73|LH_234|LH_329|LH_202|LH_255|LH_335|LH_376|LH_380|LH_367|LH_290|LH_108|LH_33|LH_137|LH_205|LH_161|LH_482|LH_117|LH_28|LH_166|LH_350|LH_467|LH_285|LH_352|LH_499|LH_138|LH_463|LH_236|LH_409|LH_494|LH_438|LH_273|LH_87|LH_411|LH_311|LH_36|LH_331|LH_349|LH_470|LH_136|LH_343|LH_107|LH_181|LH_189|LH_83|LH_186|LH_325|LH_232|LH_454|LH_447|LH_51|LH_478|LH_444|LH_148|LH_395|LH_116|LH_338|LH_23|LH_35|LH_360,LH_98|LH_295|LH_185|LH_316|LH_321|LH_424|LH_150|LH_282|LH_40|LH_193|LH_63|LH_274|LH_235|LH_373|LH_22|LH_413|LH_135|LH_309|LH_176|LH_433|LH_183|LH_49|LH_194|LH_480|LH_490|LH_172|LH_390|LH_110|LH_79|LH_464|LH_174|LH_483|LH_357|LH_81|LH_412|LH_388|LH_3|LH_445|LH_414|LH_142|LH_301|LH_229|LH_112|LH_214|LH_486|LH_359|LH_332|LH_366|LH_101|LH_287|LH_13|LH_308|LH_258|LH_119|LH_111|LH_47|LH_15|LH_16|LH_216|LH_302|LH_44|LH_279|LH_456|LH_496|LH_346|LH_52|LH_377|LH_71|LH_114|LH_125|LH_140|LH_379|LH_12|LH_57|LH_327,0f963679cd284fca861fc2c59d88bdae8e8f1f21e2cbe1bb73bd593b49056748,True,True,True,True,True,True,complete,True,0.09782713047095708,0.09260514249404271,0.0927619590361913,0.11047151379707208,0.012203955360616687,-0.18827159203833488,0.03096779953109299,defined,0.2916933327913284,0.3240032382806142,0.10202514478236673,0.033353678396605,0.32691625645572814,75,0.0,0.0,0.22482654452323914,0.39970022439956665,0.17487367987632751,0.032309905489285785,0.10635241662280291,0.20848702639341354,not recorded,not recorded,175aea7fc80f9bbdfc8064e55e2f543dd97d52fc3e9e19a277f8b65b5c86d430,True,1.734723475976807e-18,normalization_alternative,normalization_incompatible,alternative_protocol,unique,"normalization=zscore, expected minmax"
Static GCN,static_gcn_500u_top500_final_snapshot_h32_seed777_minmax,experiments/static_gcn_500u_top500_final_snapshot_h32_seed777_minmax,data/processed/temporal_500u_minmax_top500_periodic_knn/camels_500u_temporal_logmass_minmax_top500_periodic_knn.pt,data/processed/temporal_500u_minmax_top500_periodic_knn/camels_500u_temporal_logmass_minmax_top500_periodic_knn.metadata.json,static_final_snapshot,500,LH_0..LH_499,1,final snapshot a=1.0,500,log10_Mvir|X|Y|Z|VX|VY|VZ,minmax,per_universe_per_snapshot_per_feature,False,True,8,25.0,32,3,gcn,True,mean,not_applicable,static_mlp_readout,"Linear(D,H)-ReLU-Dropout-Linear(H,H/2)-ReLU-Dropout-Linear(H/2,1)",False,False,8,300,40,0.001,1e-05,0.2,relu,1.0,MSE,777,0.7|0.15|0.15,LH_355|LH_371|LH_407|LH_60|LH_325|LH_391|LH_373|LH_74|LH_134|LH_399|LH_370|LH_489|LH_316|LH_441|LH_92|LH_206|LH_282|LH_187|LH_290|LH_25|LH_129|LH_13|LH_229|LH_249|LH_426|LH_400|LH_205|LH_214|LH_208|LH_113|LH_52|LH_495|LH_132|LH_59|LH_165|LH_55|LH_398|LH_10|LH_101|LH_237|LH_439|LH_388|LH_482|LH_50|LH_278|LH_272|LH_193|LH_491|LH_253|LH_424|LH_23|LH_28|LH_57|LH_122|LH_324|LH_496|LH_404|LH_319|LH_268|LH_386|LH_168|LH_333|LH_62|LH_190|LH_446|LH_265|LH_304|LH_137|LH_93|LH_217|LH_56|LH_351|LH_409|LH_24|LH_153|LH_177|LH_320|LH_311|LH_152|LH_67|LH_235|LH_209|LH_442|LH_232|LH_313|LH_452|LH_7|LH_435|LH_200|LH_323|LH_119|LH_367|LH_359|LH_90|LH_286|LH_488|LH_141|LH_257|LH_210|LH_174|LH_273|LH_413|LH_317|LH_160|LH_375|LH_458|LH_239|LH_42|LH_465|LH_252|LH_344|LH_263|LH_361|LH_406|LH_258|LH_292|LH_234|LH_109|LH_71|LH_437|LH_186|LH_87|LH_429|LH_242|LH_43|LH_12|LH_492|LH_157|LH_99|LH_494|LH_148|LH_162|LH_374|LH_336|LH_401|LH_1|LH_38|LH_37|LH_223|LH_231|LH_112|LH_368|LH_9|LH_76|LH_150|LH_408|LH_296|LH_360|LH_226|LH_284|LH_449|LH_120|LH_176|LH_8|LH_220|LH_455|LH_211|LH_499|LH_4|LH_468|LH_485|LH_97|LH_22|LH_289|LH_78|LH_369|LH_164|LH_345|LH_19|LH_238|LH_270|LH_315|LH_393|LH_461|LH_364|LH_125|LH_79|LH_358|LH_402|LH_392|LH_476|LH_306|LH_382|LH_185|LH_330|LH_380|LH_423|LH_118|LH_130|LH_471|LH_215|LH_387|LH_161|LH_121|LH_115|LH_171|LH_302|LH_180|LH_440|LH_293|LH_123|LH_133|LH_340|LH_15|LH_248|LH_403|LH_267|LH_155|LH_412|LH_421|LH_94|LH_246|LH_108|LH_46|LH_33|LH_95|LH_487|LH_383|LH_365|LH_225|LH_363|LH_16|LH_203|LH_332|LH_343|LH_83|LH_262|LH_260|LH_89|LH_394|LH_100|LH_181|LH_189|LH_73|LH_69|LH_410|LH_40|LH_473|LH_493|LH_266|LH_194|LH_116|LH_106|LH_255|LH_457|LH_271|LH_114|LH_213|LH_126|LH_105|LH_352|LH_51|LH_68|LH_366|LH_2|LH_179|LH_451|LH_335|LH_34|LH_477|LH_453|LH_384|LH_247|LH_82|LH_124|LH_433|LH_11|LH_310|LH_372|LH_376|LH_149|LH_198|LH_243|LH_379|LH_195|LH_305|LH_18|LH_110|LH_348|LH_127|LH_233|LH_104|LH_167|LH_430|LH_29|LH_481|LH_144|LH_98|LH_158|LH_251|LH_484|LH_418|LH_47|LH_35|LH_65|LH_14|LH_349|LH_142|LH_30|LH_169|LH_414|LH_128|LH_240|LH_479|LH_31|LH_139|LH_184|LH_490|LH_219|LH_84|LH_72|LH_444|LH_102|LH_395|LH_21|LH_419|LH_276|LH_221|LH_422|LH_397|LH_151|LH_326|LH_459|LH_66|LH_314|LH_103|LH_308|LH_389|LH_49|LH_463|LH_36|LH_236|LH_44|LH_85|LH_291|LH_417|LH_303|LH_285|LH_80|LH_218|LH_154|LH_434|LH_145|LH_41|LH_166|LH_70|LH_81|LH_244|LH_377|LH_264,LH_183|LH_362|LH_143|LH_6|LH_202|LH_350|LH_250|LH_436|LH_462|LH_469|LH_77|LH_222|LH_356|LH_261|LH_297|LH_146|LH_191|LH_27|LH_443|LH_26|LH_259|LH_309|LH_277|LH_346|LH_182|LH_281|LH_321|LH_327|LH_347|LH_301|LH_175|LH_227|LH_204|LH_216|LH_207|LH_390|LH_339|LH_334|LH_405|LH_197|LH_432|LH_328|LH_478|LH_357|LH_466|LH_427|LH_460|LH_331|LH_135|LH_447|LH_241|LH_3|LH_456|LH_298|LH_283|LH_63|LH_88|LH_431|LH_96|LH_156|LH_163|LH_287|LH_201|LH_274|LH_32|LH_381|LH_245|LH_450|LH_91|LH_192|LH_45|LH_196|LH_288|LH_337|LH_111,LH_131|LH_224|LH_5|LH_86|LH_230|LH_483|LH_48|LH_254|LH_353|LH_396|LH_140|LH_338|LH_470|LH_279|LH_474|LH_269|LH_464|LH_75|LH_312|LH_178|LH_17|LH_411|LH_300|LH_212|LH_420|LH_415|LH_416|LH_64|LH_256|LH_159|LH_107|LH_445|LH_341|LH_322|LH_54|LH_136|LH_299|LH_480|LH_173|LH_295|LH_329|LH_428|LH_0|LH_486|LH_378|LH_438|LH_53|LH_170|LH_454|LH_39|LH_354|LH_58|LH_475|LH_61|LH_448|LH_147|LH_307|LH_199|LH_280|LH_318|LH_342|LH_467|LH_497|LH_472|LH_20|LH_385|LH_275|LH_172|LH_425|LH_138|LH_294|LH_188|LH_498|LH_228|LH_117,bbfd7e59dfb0844e098e7db7ebe00b0b72161f6eb06472771745fd737839990a,True,True,True,True,True,True,complete,True,0.09761159737195288,0.1019034015138944,0.09758672704299291,0.11453816065514755,0.01311899024626439,-0.03988834397349761,-0.06601276435887043,defined,0.30334133197863894,0.3063477218151093,0.1130763083066769,0.016127475183307823,0.14262470560648408,75,0.0,0.0,0.286984384059906,0.3454960584640503,0.05851167440414429,0.003006389836470286,0.11526974181511762,0.22005601972341537,not recorded,not recorded,3fdc252d220f2484acb5ff7b746771c73fbbf80d89aa0a204efefdd2d6d3254d,True,1.3877787807814457e-17,compatible_anchor_or_duplicate_protocol,compatible_anchor_only,compatible_anchor_only,unique,same broad Top-N setting but not selected canonical mapping
Static GCN,static_gcn_500u_top500_final_snapshot_h32_seed777_none,experiments/static_gcn_500u_top500_final_snapshot_h32_seed777_none,data/processed/temporal_500u_none_top500_periodic_knn/camels_500u_temporal_logmass_none_top500_periodic_knn.pt,data/processed/temporal_500u_none_top500_periodic_knn/camels_500u_temporal_logmass_none_top500_periodic_knn.metadata.json,static_final_snapshot,500,LH_0..LH_499,1,final snapshot a=1.0,500,log10_Mvir|X|Y|Z|VX|VY|VZ,none,none after log10(Mvir),False,True,8,25.0,32,3,gcn,True,mean,not_applicable,static_mlp_readout,"Linear(D,H)-ReLU-Dropout-Linear(H,H/2)-ReLU-Dropout-Linear(H/2,1)",False,False,8,300,40,0.001,1e-05,0.2,relu,1.0,MSE,777,0.7|0.15|0.15,LH_355|LH_371|LH_407|LH_60|LH_325|LH_391|LH_373|LH_74|LH_134|LH_399|LH_370|LH_489|LH_316|LH_441|LH_92|LH_206|LH_282|LH_187|LH_290|LH_25|LH_129|LH_13|LH_229|LH_249|LH_426|LH_400|LH_205|LH_214|LH_208|LH_113|LH_52|LH_495|LH_132|LH_59|LH_165|LH_55|LH_398|LH_10|LH_101|LH_237|LH_439|LH_388|LH_482|LH_50|LH_278|LH_272|LH_193|LH_491|LH_253|LH_424|LH_23|LH_28|LH_57|LH_122|LH_324|LH_496|LH_404|LH_319|LH_268|LH_386|LH_168|LH_333|LH_62|LH_190|LH_446|LH_265|LH_304|LH_137|LH_93|LH_217|LH_56|LH_351|LH_409|LH_24|LH_153|LH_177|LH_320|LH_311|LH_152|LH_67|LH_235|LH_209|LH_442|LH_232|LH_313|LH_452|LH_7|LH_435|LH_200|LH_323|LH_119|LH_367|LH_359|LH_90|LH_286|LH_488|LH_141|LH_257|LH_210|LH_174|LH_273|LH_413|LH_317|LH_160|LH_375|LH_458|LH_239|LH_42|LH_465|LH_252|LH_344|LH_263|LH_361|LH_406|LH_258|LH_292|LH_234|LH_109|LH_71|LH_437|LH_186|LH_87|LH_429|LH_242|LH_43|LH_12|LH_492|LH_157|LH_99|LH_494|LH_148|LH_162|LH_374|LH_336|LH_401|LH_1|LH_38|LH_37|LH_223|LH_231|LH_112|LH_368|LH_9|LH_76|LH_150|LH_408|LH_296|LH_360|LH_226|LH_284|LH_449|LH_120|LH_176|LH_8|LH_220|LH_455|LH_211|LH_499|LH_4|LH_468|LH_485|LH_97|LH_22|LH_289|LH_78|LH_369|LH_164|LH_345|LH_19|LH_238|LH_270|LH_315|LH_393|LH_461|LH_364|LH_125|LH_79|LH_358|LH_402|LH_392|LH_476|LH_306|LH_382|LH_185|LH_330|LH_380|LH_423|LH_118|LH_130|LH_471|LH_215|LH_387|LH_161|LH_121|LH_115|LH_171|LH_302|LH_180|LH_440|LH_293|LH_123|LH_133|LH_340|LH_15|LH_248|LH_403|LH_267|LH_155|LH_412|LH_421|LH_94|LH_246|LH_108|LH_46|LH_33|LH_95|LH_487|LH_383|LH_365|LH_225|LH_363|LH_16|LH_203|LH_332|LH_343|LH_83|LH_262|LH_260|LH_89|LH_394|LH_100|LH_181|LH_189|LH_73|LH_69|LH_410|LH_40|LH_473|LH_493|LH_266|LH_194|LH_116|LH_106|LH_255|LH_457|LH_271|LH_114|LH_213|LH_126|LH_105|LH_352|LH_51|LH_68|LH_366|LH_2|LH_179|LH_451|LH_335|LH_34|LH_477|LH_453|LH_384|LH_247|LH_82|LH_124|LH_433|LH_11|LH_310|LH_372|LH_376|LH_149|LH_198|LH_243|LH_379|LH_195|LH_305|LH_18|LH_110|LH_348|LH_127|LH_233|LH_104|LH_167|LH_430|LH_29|LH_481|LH_144|LH_98|LH_158|LH_251|LH_484|LH_418|LH_47|LH_35|LH_65|LH_14|LH_349|LH_142|LH_30|LH_169|LH_414|LH_128|LH_240|LH_479|LH_31|LH_139|LH_184|LH_490|LH_219|LH_84|LH_72|LH_444|LH_102|LH_395|LH_21|LH_419|LH_276|LH_221|LH_422|LH_397|LH_151|LH_326|LH_459|LH_66|LH_314|LH_103|LH_308|LH_389|LH_49|LH_463|LH_36|LH_236|LH_44|LH_85|LH_291|LH_417|LH_303|LH_285|LH_80|LH_218|LH_154|LH_434|LH_145|LH_41|LH_166|LH_70|LH_81|LH_244|LH_377|LH_264,LH_183|LH_362|LH_143|LH_6|LH_202|LH_350|LH_250|LH_436|LH_462|LH_469|LH_77|LH_222|LH_356|LH_261|LH_297|LH_146|LH_191|LH_27|LH_443|LH_26|LH_259|LH_309|LH_277|LH_346|LH_182|LH_281|LH_321|LH_327|LH_347|LH_301|LH_175|LH_227|LH_204|LH_216|LH_207|LH_390|LH_339|LH_334|LH_405|LH_197|LH_432|LH_328|LH_478|LH_357|LH_466|LH_427|LH_460|LH_331|LH_135|LH_447|LH_241|LH_3|LH_456|LH_298|LH_283|LH_63|LH_88|LH_431|LH_96|LH_156|LH_163|LH_287|LH_201|LH_274|LH_32|LH_381|LH_245|LH_450|LH_91|LH_192|LH_45|LH_196|LH_288|LH_337|LH_111,LH_131|LH_224|LH_5|LH_86|LH_230|LH_483|LH_48|LH_254|LH_353|LH_396|LH_140|LH_338|LH_470|LH_279|LH_474|LH_269|LH_464|LH_75|LH_312|LH_178|LH_17|LH_411|LH_300|LH_212|LH_420|LH_415|LH_416|LH_64|LH_256|LH_159|LH_107|LH_445|LH_341|LH_322|LH_54|LH_136|LH_299|LH_480|LH_173|LH_295|LH_329|LH_428|LH_0|LH_486|LH_378|LH_438|LH_53|LH_170|LH_454|LH_39|LH_354|LH_58|LH_475|LH_61|LH_448|LH_147|LH_307|LH_199|LH_280|LH_318|LH_342|LH_467|LH_497|LH_472|LH_20|LH_385|LH_275|LH_172|LH_425|LH_138|LH_294|LH_188|LH_498|LH_228|LH_117,bbfd7e59dfb0844e098e7db7ebe00b0b72161f6eb06472771745fd737839990a,True,True,True,True,True,True,complete,True,0.04169713071414403,0.04717843323945999,0.04450859576463699,0.054390205917373355,0.0029582944997342754,0.7655081747476296,0.8764151165374884,defined,0.30334133197863894,0.297903759876887,0.1130763083066769,0.09730813652698919,0.8605528247621731,75,0.0,0.0,0.10980769991874695,0.5040653347969055,0.39425763487815857,-0.0054375721017519635,0.05448215033793293,0.13955408334732056,not recorded,not recorded,d35156037a0c13485b9cd3c67cd3a897067cb9df9420a92acdc3dc5c6cbb3c87,True,0.0,normalization_alternative,normalization_incompatible,alternative_protocol,unique,"normalization=none, expected minmax"
Static GCN,static_gcn_500u_top500_final_snapshot_h32_seed777_zscore,experiments/static_gcn_500u_top500_final_snapshot_h32_seed777_zscore,data/processed/temporal_500u_zscore_top500_periodic_knn/camels_500u_temporal_logmass_zscore_top500_periodic_knn.pt,data/processed/temporal_500u_zscore_top500_periodic_knn/camels_500u_temporal_logmass_zscore_top500_periodic_knn.metadata.json,static_final_snapshot,500,LH_0..LH_499,1,final snapshot a=1.0,500,log10_Mvir|X|Y|Z|VX|VY|VZ,zscore,per_universe_per_snapshot_per_feature,False,True,8,25.0,32,3,gcn,True,mean,not_applicable,static_mlp_readout,"Linear(D,H)-ReLU-Dropout-Linear(H,H/2)-ReLU-Dropout-Linear(H/2,1)",False,False,8,300,40,0.001,1e-05,0.2,relu,1.0,MSE,777,0.7|0.15|0.15,LH_355|LH_371|LH_407|LH_60|LH_325|LH_391|LH_373|LH_74|LH_134|LH_399|LH_370|LH_489|LH_316|LH_441|LH_92|LH_206|LH_282|LH_187|LH_290|LH_25|LH_129|LH_13|LH_229|LH_249|LH_426|LH_400|LH_205|LH_214|LH_208|LH_113|LH_52|LH_495|LH_132|LH_59|LH_165|LH_55|LH_398|LH_10|LH_101|LH_237|LH_439|LH_388|LH_482|LH_50|LH_278|LH_272|LH_193|LH_491|LH_253|LH_424|LH_23|LH_28|LH_57|LH_122|LH_324|LH_496|LH_404|LH_319|LH_268|LH_386|LH_168|LH_333|LH_62|LH_190|LH_446|LH_265|LH_304|LH_137|LH_93|LH_217|LH_56|LH_351|LH_409|LH_24|LH_153|LH_177|LH_320|LH_311|LH_152|LH_67|LH_235|LH_209|LH_442|LH_232|LH_313|LH_452|LH_7|LH_435|LH_200|LH_323|LH_119|LH_367|LH_359|LH_90|LH_286|LH_488|LH_141|LH_257|LH_210|LH_174|LH_273|LH_413|LH_317|LH_160|LH_375|LH_458|LH_239|LH_42|LH_465|LH_252|LH_344|LH_263|LH_361|LH_406|LH_258|LH_292|LH_234|LH_109|LH_71|LH_437|LH_186|LH_87|LH_429|LH_242|LH_43|LH_12|LH_492|LH_157|LH_99|LH_494|LH_148|LH_162|LH_374|LH_336|LH_401|LH_1|LH_38|LH_37|LH_223|LH_231|LH_112|LH_368|LH_9|LH_76|LH_150|LH_408|LH_296|LH_360|LH_226|LH_284|LH_449|LH_120|LH_176|LH_8|LH_220|LH_455|LH_211|LH_499|LH_4|LH_468|LH_485|LH_97|LH_22|LH_289|LH_78|LH_369|LH_164|LH_345|LH_19|LH_238|LH_270|LH_315|LH_393|LH_461|LH_364|LH_125|LH_79|LH_358|LH_402|LH_392|LH_476|LH_306|LH_382|LH_185|LH_330|LH_380|LH_423|LH_118|LH_130|LH_471|LH_215|LH_387|LH_161|LH_121|LH_115|LH_171|LH_302|LH_180|LH_440|LH_293|LH_123|LH_133|LH_340|LH_15|LH_248|LH_403|LH_267|LH_155|LH_412|LH_421|LH_94|LH_246|LH_108|LH_46|LH_33|LH_95|LH_487|LH_383|LH_365|LH_225|LH_363|LH_16|LH_203|LH_332|LH_343|LH_83|LH_262|LH_260|LH_89|LH_394|LH_100|LH_181|LH_189|LH_73|LH_69|LH_410|LH_40|LH_473|LH_493|LH_266|LH_194|LH_116|LH_106|LH_255|LH_457|LH_271|LH_114|LH_213|LH_126|LH_105|LH_352|LH_51|LH_68|LH_366|LH_2|LH_179|LH_451|LH_335|LH_34|LH_477|LH_453|LH_384|LH_247|LH_82|LH_124|LH_433|LH_11|LH_310|LH_372|LH_376|LH_149|LH_198|LH_243|LH_379|LH_195|LH_305|LH_18|LH_110|LH_348|LH_127|LH_233|LH_104|LH_167|LH_430|LH_29|LH_481|LH_144|LH_98|LH_158|LH_251|LH_484|LH_418|LH_47|LH_35|LH_65|LH_14|LH_349|LH_142|LH_30|LH_169|LH_414|LH_128|LH_240|LH_479|LH_31|LH_139|LH_184|LH_490|LH_219|LH_84|LH_72|LH_444|LH_102|LH_395|LH_21|LH_419|LH_276|LH_221|LH_422|LH_397|LH_151|LH_326|LH_459|LH_66|LH_314|LH_103|LH_308|LH_389|LH_49|LH_463|LH_36|LH_236|LH_44|LH_85|LH_291|LH_417|LH_303|LH_285|LH_80|LH_218|LH_154|LH_434|LH_145|LH_41|LH_166|LH_70|LH_81|LH_244|LH_377|LH_264,LH_183|LH_362|LH_143|LH_6|LH_202|LH_350|LH_250|LH_436|LH_462|LH_469|LH_77|LH_222|LH_356|LH_261|LH_297|LH_146|LH_191|LH_27|LH_443|LH_26|LH_259|LH_309|LH_277|LH_346|LH_182|LH_281|LH_321|LH_327|LH_347|LH_301|LH_175|LH_227|LH_204|LH_216|LH_207|LH_390|LH_339|LH_334|LH_405|LH_197|LH_432|LH_328|LH_478|LH_357|LH_466|LH_427|LH_460|LH_331|LH_135|LH_447|LH_241|LH_3|LH_456|LH_298|LH_283|LH_63|LH_88|LH_431|LH_96|LH_156|LH_163|LH_287|LH_201|LH_274|LH_32|LH_381|LH_245|LH_450|LH_91|LH_192|LH_45|LH_196|LH_288|LH_337|LH_111,LH_131|LH_224|LH_5|LH_86|LH_230|LH_483|LH_48|LH_254|LH_353|LH_396|LH_140|LH_338|LH_470|LH_279|LH_474|LH_269|LH_464|LH_75|LH_312|LH_178|LH_17|LH_411|LH_300|LH_212|LH_420|LH_415|LH_416|LH_64|LH_256|LH_159|LH_107|LH_445|LH_341|LH_322|LH_54|LH_136|LH_299|LH_480|LH_173|LH_295|LH_329|LH_428|LH_0|LH_486|LH_378|LH_438|LH_53|LH_170|LH_454|LH_39|LH_354|LH_58|LH_475|LH_61|LH_448|LH_147|LH_307|LH_199|LH_280|LH_318|LH_342|LH_467|LH_497|LH_472|LH_20|LH_385|LH_275|LH_172|LH_425|LH_138|LH_294|LH_188|LH_498|LH_228|LH_117,bbfd7e59dfb0844e098e7db7ebe00b0b72161f6eb06472771745fd737839990a,True,True,True,True,True,True,complete,True,0.07665421832885061,0.0985059443116188,0.10255750546852747,0.12017346542959702,0.01444166179335855,-0.14473107187477496,0.024921452459682015,defined,0.30334133197863894,0.2941872276862462,0.1130763083066769,0.044931908692924204,0.39735917599169684,71,0.05333333333333334,0.05333333333333334,0.173246368765831,0.4524185061454773,0.2791721373796463,-0.009154104292392731,0.12063121221069405,0.23984668403863907,not recorded,not recorded,6d180296d9abb749ce471cb2c0ceef24b56ca241fe871189a9e5a02d8d3ae11a,True,0.0,normalization_alternative,normalization_incompatible,alternative_protocol,unique,"normalization=zscore, expected minmax"
Static GCN,static_gcn_500u_top500_final_snapshot_h32_seed999_minmax,experiments/static_gcn_500u_top500_final_snapshot_h32_seed999_minmax,data/processed/temporal_500u_minmax_top500_periodic_knn/camels_500u_temporal_logmass_minmax_top500_periodic_knn.pt,data/processed/temporal_500u_minmax_top500_periodic_knn/camels_500u_temporal_logmass_minmax_top500_periodic_knn.metadata.json,static_final_snapshot,500,LH_0..LH_499,1,final snapshot a=1.0,500,log10_Mvir|X|Y|Z|VX|VY|VZ,minmax,per_universe_per_snapshot_per_feature,False,True,8,25.0,32,3,gcn,True,mean,not_applicable,static_mlp_readout,"Linear(D,H)-ReLU-Dropout-Linear(H,H/2)-ReLU-Dropout-Linear(H/2,1)",False,False,8,300,40,0.001,1e-05,0.2,relu,1.0,MSE,999,0.7|0.15|0.15,LH_45|LH_34|LH_437|LH_155|LH_97|LH_89|LH_83|LH_482|LH_463|LH_496|LH_15|LH_479|LH_73|LH_481|LH_396|LH_130|LH_295|LH_315|LH_410|LH_344|LH_411|LH_280|LH_430|LH_300|LH_170|LH_489|LH_390|LH_88|LH_5|LH_343|LH_168|LH_421|LH_148|LH_46|LH_10|LH_438|LH_187|LH_0|LH_163|LH_436|LH_451|LH_389|LH_266|LH_372|LH_279|LH_376|LH_225|LH_284|LH_358|LH_98|LH_464|LH_263|LH_167|LH_318|LH_354|LH_105|LH_404|LH_433|LH_272|LH_322|LH_246|LH_224|LH_159|LH_235|LH_47|LH_100|LH_244|LH_16|LH_245|LH_58|LH_312|LH_254|LH_378|LH_64|LH_385|LH_289|LH_9|LH_477|LH_208|LH_82|LH_457|LH_379|LH_299|LH_332|LH_117|LH_336|LH_219|LH_122|LH_462|LH_37|LH_269|LH_387|LH_11|LH_442|LH_371|LH_474|LH_151|LH_59|LH_190|LH_492|LH_374|LH_253|LH_13|LH_346|LH_341|LH_101|LH_493|LH_229|LH_367|LH_398|LH_249|LH_241|LH_119|LH_77|LH_145|LH_220|LH_414|LH_90|LH_120|LH_176|LH_298|LH_262|LH_236|LH_226|LH_139|LH_152|LH_243|LH_264|LH_267|LH_33|LH_149|LH_146|LH_485|LH_103|LH_189|LH_39|LH_233|LH_339|LH_185|LH_270|LH_306|LH_301|LH_351|LH_333|LH_3|LH_171|LH_94|LH_490|LH_217|LH_111|LH_154|LH_259|LH_471|LH_258|LH_242|LH_365|LH_2|LH_62|LH_459|LH_22|LH_210|LH_476|LH_19|LH_380|LH_113|LH_391|LH_495|LH_53|LH_191|LH_80|LH_448|LH_147|LH_43|LH_223|LH_248|LH_161|LH_311|LH_32|LH_420|LH_441|LH_384|LH_307|LH_370|LH_121|LH_74|LH_413|LH_440|LH_157|LH_213|LH_363|LH_475|LH_310|LH_431|LH_214|LH_104|LH_470|LH_78|LH_377|LH_327|LH_215|LH_435|LH_237|LH_79|LH_422|LH_127|LH_274|LH_319|LH_342|LH_325|LH_133|LH_174|LH_108|LH_366|LH_472|LH_286|LH_285|LH_392|LH_112|LH_467|LH_35|LH_326|LH_429|LH_424|LH_405|LH_469|LH_99|LH_65|LH_56|LH_195|LH_60|LH_423|LH_491|LH_468|LH_126|LH_412|LH_198|LH_92|LH_132|LH_70|LH_109|LH_281|LH_309|LH_186|LH_303|LH_30|LH_166|LH_6|LH_131|LH_260|LH_461|LH_394|LH_230|LH_487|LH_41|LH_337|LH_201|LH_276|LH_227|LH_184|LH_352|LH_63|LH_409|LH_324|LH_278|LH_196|LH_402|LH_36|LH_61|LH_221|LH_348|LH_349|LH_305|LH_81|LH_480|LH_216|LH_434|LH_415|LH_364|LH_134|LH_388|LH_93|LH_499|LH_141|LH_68|LH_478|LH_197|LH_1|LH_296|LH_453|LH_137|LH_277|LH_418|LH_114|LH_175|LH_294|LH_86|LH_164|LH_202|LH_261|LH_150|LH_498|LH_473|LH_456|LH_14|LH_466|LH_486|LH_91|LH_165|LH_317|LH_136|LH_200|LH_192|LH_321|LH_211|LH_172|LH_355|LH_291|LH_204|LH_460|LH_143|LH_179|LH_360|LH_382|LH_183|LH_361|LH_340|LH_123|LH_181|LH_403|LH_228|LH_110|LH_25|LH_178|LH_69|LH_416|LH_177|LH_425|LH_353|LH_212|LH_199|LH_4|LH_444|LH_350|LH_288|LH_17|LH_180|LH_115|LH_308|LH_386|LH_297,LH_368|LH_71|LH_24|LH_362|LH_156|LH_373|LH_271|LH_314|LH_153|LH_257|LH_20|LH_275|LH_231|LH_85|LH_207|LH_222|LH_72|LH_160|LH_250|LH_287|LH_375|LH_497|LH_128|LH_54|LH_335|LH_51|LH_234|LH_443|LH_23|LH_397|LH_316|LH_26|LH_252|LH_158|LH_393|LH_194|LH_142|LH_29|LH_357|LH_48|LH_494|LH_193|LH_42|LH_268|LH_209|LH_18|LH_50|LH_239|LH_173|LH_302|LH_240|LH_125|LH_75|LH_144|LH_320|LH_265|LH_8|LH_454|LH_31|LH_427|LH_52|LH_465|LH_107|LH_87|LH_483|LH_283|LH_313|LH_218|LH_55|LH_417|LH_232|LH_488|LH_395|LH_21|LH_182,LH_455|LH_140|LH_407|LH_206|LH_118|LH_439|LH_369|LH_57|LH_124|LH_28|LH_383|LH_7|LH_452|LH_255|LH_334|LH_338|LH_66|LH_188|LH_381|LH_356|LH_238|LH_304|LH_282|LH_44|LH_84|LH_169|LH_345|LH_445|LH_95|LH_106|LH_256|LH_447|LH_328|LH_102|LH_12|LH_138|LH_38|LH_205|LH_323|LH_426|LH_116|LH_401|LH_450|LH_203|LH_129|LH_399|LH_359|LH_27|LH_292|LH_135|LH_76|LH_96|LH_428|LH_330|LH_49|LH_419|LH_432|LH_484|LH_406|LH_329|LH_162|LH_331|LH_408|LH_449|LH_67|LH_247|LH_251|LH_273|LH_293|LH_290|LH_446|LH_458|LH_40|LH_347|LH_400,d033c42cc03a8890de838709a8647c8682054f8213181a1567cf059fe84861c4,True,True,True,True,True,True,complete,True,0.09692143848964146,0.10402486860752105,0.0942248339454333,0.11131843665360784,0.012391794339003302,-0.06508672502227775,0.10014338148534334,defined,0.314573332965374,0.28799598495165507,0.10858988781411083,0.02390692352713276,0.2201579171723405,19,0.7466666666666667,0.7466666666666667,0.16670045256614685,0.2976231873035431,0.13092273473739624,-0.026577348013718922,0.10882715767768489,0.2215660810470581,not recorded,not recorded,123e59bad15ba6614455b2de647027d8429b7a7ccdd5b71261ed439cf8ca415b,True,0.0,compatible_anchor_or_duplicate_protocol,compatible_anchor_only,compatible_anchor_only,unique,same broad Top-N setting but not selected canonical mapping
Static GCN,static_gcn_500u_top500_final_snapshot_h32_seed999_none,experiments/static_gcn_500u_top500_final_snapshot_h32_seed999_none,data/processed/temporal_500u_none_top500_periodic_knn/camels_500u_temporal_logmass_none_top500_periodic_knn.pt,data/processed/temporal_500u_none_top500_periodic_knn/camels_500u_temporal_logmass_none_top500_periodic_knn.metadata.json,static_final_snapshot,500,LH_0..LH_499,1,final snapshot a=1.0,500,log10_Mvir|X|Y|Z|VX|VY|VZ,none,none after log10(Mvir),False,True,8,25.0,32,3,gcn,True,mean,not_applicable,static_mlp_readout,"Linear(D,H)-ReLU-Dropout-Linear(H,H/2)-ReLU-Dropout-Linear(H/2,1)",False,False,8,300,40,0.001,1e-05,0.2,relu,1.0,MSE,999,0.7|0.15|0.15,LH_45|LH_34|LH_437|LH_155|LH_97|LH_89|LH_83|LH_482|LH_463|LH_496|LH_15|LH_479|LH_73|LH_481|LH_396|LH_130|LH_295|LH_315|LH_410|LH_344|LH_411|LH_280|LH_430|LH_300|LH_170|LH_489|LH_390|LH_88|LH_5|LH_343|LH_168|LH_421|LH_148|LH_46|LH_10|LH_438|LH_187|LH_0|LH_163|LH_436|LH_451|LH_389|LH_266|LH_372|LH_279|LH_376|LH_225|LH_284|LH_358|LH_98|LH_464|LH_263|LH_167|LH_318|LH_354|LH_105|LH_404|LH_433|LH_272|LH_322|LH_246|LH_224|LH_159|LH_235|LH_47|LH_100|LH_244|LH_16|LH_245|LH_58|LH_312|LH_254|LH_378|LH_64|LH_385|LH_289|LH_9|LH_477|LH_208|LH_82|LH_457|LH_379|LH_299|LH_332|LH_117|LH_336|LH_219|LH_122|LH_462|LH_37|LH_269|LH_387|LH_11|LH_442|LH_371|LH_474|LH_151|LH_59|LH_190|LH_492|LH_374|LH_253|LH_13|LH_346|LH_341|LH_101|LH_493|LH_229|LH_367|LH_398|LH_249|LH_241|LH_119|LH_77|LH_145|LH_220|LH_414|LH_90|LH_120|LH_176|LH_298|LH_262|LH_236|LH_226|LH_139|LH_152|LH_243|LH_264|LH_267|LH_33|LH_149|LH_146|LH_485|LH_103|LH_189|LH_39|LH_233|LH_339|LH_185|LH_270|LH_306|LH_301|LH_351|LH_333|LH_3|LH_171|LH_94|LH_490|LH_217|LH_111|LH_154|LH_259|LH_471|LH_258|LH_242|LH_365|LH_2|LH_62|LH_459|LH_22|LH_210|LH_476|LH_19|LH_380|LH_113|LH_391|LH_495|LH_53|LH_191|LH_80|LH_448|LH_147|LH_43|LH_223|LH_248|LH_161|LH_311|LH_32|LH_420|LH_441|LH_384|LH_307|LH_370|LH_121|LH_74|LH_413|LH_440|LH_157|LH_213|LH_363|LH_475|LH_310|LH_431|LH_214|LH_104|LH_470|LH_78|LH_377|LH_327|LH_215|LH_435|LH_237|LH_79|LH_422|LH_127|LH_274|LH_319|LH_342|LH_325|LH_133|LH_174|LH_108|LH_366|LH_472|LH_286|LH_285|LH_392|LH_112|LH_467|LH_35|LH_326|LH_429|LH_424|LH_405|LH_469|LH_99|LH_65|LH_56|LH_195|LH_60|LH_423|LH_491|LH_468|LH_126|LH_412|LH_198|LH_92|LH_132|LH_70|LH_109|LH_281|LH_309|LH_186|LH_303|LH_30|LH_166|LH_6|LH_131|LH_260|LH_461|LH_394|LH_230|LH_487|LH_41|LH_337|LH_201|LH_276|LH_227|LH_184|LH_352|LH_63|LH_409|LH_324|LH_278|LH_196|LH_402|LH_36|LH_61|LH_221|LH_348|LH_349|LH_305|LH_81|LH_480|LH_216|LH_434|LH_415|LH_364|LH_134|LH_388|LH_93|LH_499|LH_141|LH_68|LH_478|LH_197|LH_1|LH_296|LH_453|LH_137|LH_277|LH_418|LH_114|LH_175|LH_294|LH_86|LH_164|LH_202|LH_261|LH_150|LH_498|LH_473|LH_456|LH_14|LH_466|LH_486|LH_91|LH_165|LH_317|LH_136|LH_200|LH_192|LH_321|LH_211|LH_172|LH_355|LH_291|LH_204|LH_460|LH_143|LH_179|LH_360|LH_382|LH_183|LH_361|LH_340|LH_123|LH_181|LH_403|LH_228|LH_110|LH_25|LH_178|LH_69|LH_416|LH_177|LH_425|LH_353|LH_212|LH_199|LH_4|LH_444|LH_350|LH_288|LH_17|LH_180|LH_115|LH_308|LH_386|LH_297,LH_368|LH_71|LH_24|LH_362|LH_156|LH_373|LH_271|LH_314|LH_153|LH_257|LH_20|LH_275|LH_231|LH_85|LH_207|LH_222|LH_72|LH_160|LH_250|LH_287|LH_375|LH_497|LH_128|LH_54|LH_335|LH_51|LH_234|LH_443|LH_23|LH_397|LH_316|LH_26|LH_252|LH_158|LH_393|LH_194|LH_142|LH_29|LH_357|LH_48|LH_494|LH_193|LH_42|LH_268|LH_209|LH_18|LH_50|LH_239|LH_173|LH_302|LH_240|LH_125|LH_75|LH_144|LH_320|LH_265|LH_8|LH_454|LH_31|LH_427|LH_52|LH_465|LH_107|LH_87|LH_483|LH_283|LH_313|LH_218|LH_55|LH_417|LH_232|LH_488|LH_395|LH_21|LH_182,LH_455|LH_140|LH_407|LH_206|LH_118|LH_439|LH_369|LH_57|LH_124|LH_28|LH_383|LH_7|LH_452|LH_255|LH_334|LH_338|LH_66|LH_188|LH_381|LH_356|LH_238|LH_304|LH_282|LH_44|LH_84|LH_169|LH_345|LH_445|LH_95|LH_106|LH_256|LH_447|LH_328|LH_102|LH_12|LH_138|LH_38|LH_205|LH_323|LH_426|LH_116|LH_401|LH_450|LH_203|LH_129|LH_399|LH_359|LH_27|LH_292|LH_135|LH_76|LH_96|LH_428|LH_330|LH_49|LH_419|LH_432|LH_484|LH_406|LH_329|LH_162|LH_331|LH_408|LH_449|LH_67|LH_247|LH_251|LH_273|LH_293|LH_290|LH_446|LH_458|LH_40|LH_347|LH_400,d033c42cc03a8890de838709a8647c8682054f8213181a1567cf059fe84861c4,True,True,True,True,True,True,complete,True,0.03565223629985537,0.03688303271929423,0.05158310244480769,0.06510258858690583,0.004238347040715922,0.6357099669661666,0.8149675236572795,defined,0.314573332965374,0.29644210656483966,0.10858988781411083,0.09005752333629127,0.8293361854324399,75,0.0,0.0,0.12159529328346252,0.4673279821872711,0.3457326889038086,-0.01813122640053431,0.06294790051289699,0.16725710034370422,not recorded,not recorded,528cda5ed05d197994852efa3a28142233970d23d31cccebf58479228e0be0ce,True,0.0,normalization_alternative,normalization_incompatible,alternative_protocol,unique,"normalization=none, expected minmax"
Static GCN,static_gcn_500u_top500_final_snapshot_h32_seed999_zscore,experiments/static_gcn_500u_top500_final_snapshot_h32_seed999_zscore,data/processed/temporal_500u_zscore_top500_periodic_knn/camels_500u_temporal_logmass_zscore_top500_periodic_knn.pt,data/processed/temporal_500u_zscore_top500_periodic_knn/camels_500u_temporal_logmass_zscore_top500_periodic_knn.metadata.json,static_final_snapshot,500,LH_0..LH_499,1,final snapshot a=1.0,500,log10_Mvir|X|Y|Z|VX|VY|VZ,zscore,per_universe_per_snapshot_per_feature,False,True,8,25.0,32,3,gcn,True,mean,not_applicable,static_mlp_readout,"Linear(D,H)-ReLU-Dropout-Linear(H,H/2)-ReLU-Dropout-Linear(H/2,1)",False,False,8,300,40,0.001,1e-05,0.2,relu,1.0,MSE,999,0.7|0.15|0.15,LH_45|LH_34|LH_437|LH_155|LH_97|LH_89|LH_83|LH_482|LH_463|LH_496|LH_15|LH_479|LH_73|LH_481|LH_396|LH_130|LH_295|LH_315|LH_410|LH_344|LH_411|LH_280|LH_430|LH_300|LH_170|LH_489|LH_390|LH_88|LH_5|LH_343|LH_168|LH_421|LH_148|LH_46|LH_10|LH_438|LH_187|LH_0|LH_163|LH_436|LH_451|LH_389|LH_266|LH_372|LH_279|LH_376|LH_225|LH_284|LH_358|LH_98|LH_464|LH_263|LH_167|LH_318|LH_354|LH_105|LH_404|LH_433|LH_272|LH_322|LH_246|LH_224|LH_159|LH_235|LH_47|LH_100|LH_244|LH_16|LH_245|LH_58|LH_312|LH_254|LH_378|LH_64|LH_385|LH_289|LH_9|LH_477|LH_208|LH_82|LH_457|LH_379|LH_299|LH_332|LH_117|LH_336|LH_219|LH_122|LH_462|LH_37|LH_269|LH_387|LH_11|LH_442|LH_371|LH_474|LH_151|LH_59|LH_190|LH_492|LH_374|LH_253|LH_13|LH_346|LH_341|LH_101|LH_493|LH_229|LH_367|LH_398|LH_249|LH_241|LH_119|LH_77|LH_145|LH_220|LH_414|LH_90|LH_120|LH_176|LH_298|LH_262|LH_236|LH_226|LH_139|LH_152|LH_243|LH_264|LH_267|LH_33|LH_149|LH_146|LH_485|LH_103|LH_189|LH_39|LH_233|LH_339|LH_185|LH_270|LH_306|LH_301|LH_351|LH_333|LH_3|LH_171|LH_94|LH_490|LH_217|LH_111|LH_154|LH_259|LH_471|LH_258|LH_242|LH_365|LH_2|LH_62|LH_459|LH_22|LH_210|LH_476|LH_19|LH_380|LH_113|LH_391|LH_495|LH_53|LH_191|LH_80|LH_448|LH_147|LH_43|LH_223|LH_248|LH_161|LH_311|LH_32|LH_420|LH_441|LH_384|LH_307|LH_370|LH_121|LH_74|LH_413|LH_440|LH_157|LH_213|LH_363|LH_475|LH_310|LH_431|LH_214|LH_104|LH_470|LH_78|LH_377|LH_327|LH_215|LH_435|LH_237|LH_79|LH_422|LH_127|LH_274|LH_319|LH_342|LH_325|LH_133|LH_174|LH_108|LH_366|LH_472|LH_286|LH_285|LH_392|LH_112|LH_467|LH_35|LH_326|LH_429|LH_424|LH_405|LH_469|LH_99|LH_65|LH_56|LH_195|LH_60|LH_423|LH_491|LH_468|LH_126|LH_412|LH_198|LH_92|LH_132|LH_70|LH_109|LH_281|LH_309|LH_186|LH_303|LH_30|LH_166|LH_6|LH_131|LH_260|LH_461|LH_394|LH_230|LH_487|LH_41|LH_337|LH_201|LH_276|LH_227|LH_184|LH_352|LH_63|LH_409|LH_324|LH_278|LH_196|LH_402|LH_36|LH_61|LH_221|LH_348|LH_349|LH_305|LH_81|LH_480|LH_216|LH_434|LH_415|LH_364|LH_134|LH_388|LH_93|LH_499|LH_141|LH_68|LH_478|LH_197|LH_1|LH_296|LH_453|LH_137|LH_277|LH_418|LH_114|LH_175|LH_294|LH_86|LH_164|LH_202|LH_261|LH_150|LH_498|LH_473|LH_456|LH_14|LH_466|LH_486|LH_91|LH_165|LH_317|LH_136|LH_200|LH_192|LH_321|LH_211|LH_172|LH_355|LH_291|LH_204|LH_460|LH_143|LH_179|LH_360|LH_382|LH_183|LH_361|LH_340|LH_123|LH_181|LH_403|LH_228|LH_110|LH_25|LH_178|LH_69|LH_416|LH_177|LH_425|LH_353|LH_212|LH_199|LH_4|LH_444|LH_350|LH_288|LH_17|LH_180|LH_115|LH_308|LH_386|LH_297,LH_368|LH_71|LH_24|LH_362|LH_156|LH_373|LH_271|LH_314|LH_153|LH_257|LH_20|LH_275|LH_231|LH_85|LH_207|LH_222|LH_72|LH_160|LH_250|LH_287|LH_375|LH_497|LH_128|LH_54|LH_335|LH_51|LH_234|LH_443|LH_23|LH_397|LH_316|LH_26|LH_252|LH_158|LH_393|LH_194|LH_142|LH_29|LH_357|LH_48|LH_494|LH_193|LH_42|LH_268|LH_209|LH_18|LH_50|LH_239|LH_173|LH_302|LH_240|LH_125|LH_75|LH_144|LH_320|LH_265|LH_8|LH_454|LH_31|LH_427|LH_52|LH_465|LH_107|LH_87|LH_483|LH_283|LH_313|LH_218|LH_55|LH_417|LH_232|LH_488|LH_395|LH_21|LH_182,LH_455|LH_140|LH_407|LH_206|LH_118|LH_439|LH_369|LH_57|LH_124|LH_28|LH_383|LH_7|LH_452|LH_255|LH_334|LH_338|LH_66|LH_188|LH_381|LH_356|LH_238|LH_304|LH_282|LH_44|LH_84|LH_169|LH_345|LH_445|LH_95|LH_106|LH_256|LH_447|LH_328|LH_102|LH_12|LH_138|LH_38|LH_205|LH_323|LH_426|LH_116|LH_401|LH_450|LH_203|LH_129|LH_399|LH_359|LH_27|LH_292|LH_135|LH_76|LH_96|LH_428|LH_330|LH_49|LH_419|LH_432|LH_484|LH_406|LH_329|LH_162|LH_331|LH_408|LH_449|LH_67|LH_247|LH_251|LH_273|LH_293|LH_290|LH_446|LH_458|LH_40|LH_347|LH_400,d033c42cc03a8890de838709a8647c8682054f8213181a1567cf059fe84861c4,True,True,True,True,True,True,complete,True,0.09504613033362798,0.1044531265894572,0.09377965639034908,0.11015531803317209,0.01213419409098929,-0.04294573421688663,0.023174349249998963,defined,0.314573332965374,0.29343984206517537,0.10858988781411083,0.010267552849561521,0.09455348979766874,58,0.22666666666666666,0.22666666666666666,0.2612859904766083,0.3341927230358124,0.0729067325592041,-0.02113349090019862,0.10883707908526087,0.2125140130519867,not recorded,not recorded,e6e28942e47b34b9bc3b5c39493d0d610a5cfc8b5593e65dcf97dd69c6f12f49,True,0.0,normalization_alternative,normalization_incompatible,alternative_protocol,unique,"normalization=zscore, expected minmax"
Static GCN,static_gcn_50u_seed123_final32,experiments/static_gcn_50u_seed123_final32,data/processed/static_50u_logmass_minmax_top100_periodic_knn/camels_50u_static_logmass_minmax_top100_periodic_knn.pt,data/processed/static_50u_logmass_minmax_top100_periodic_knn/camels_50u_static_logmass_minmax_top100_periodic_knn.metadata.json,static_final_snapshot,50,LH_0..LH_49,1,final snapshot a=1.0,100,log10_Mvir|X|Y|Z|VX|VY|VZ,minmax,per_universe_per_snapshot_per_feature,False,True,8,25.0,32,2,gcn,True,mean,not_applicable,static_mlp_readout,"Linear(D,H)-ReLU-Dropout-Linear(H,H/2)-ReLU-Dropout-Linear(H/2,1)",False,False,8,300,40,0.001,1e-05,0.2,relu,1.0,MSE,123,0.7|0.15|0.15,LH_47|LH_18|LH_25|LH_40|LH_45|LH_29|LH_11|LH_33|LH_20|LH_7|LH_9|LH_44|LH_32|LH_22|LH_27|LH_16|LH_4|LH_23|LH_1|LH_37|LH_14|LH_31|LH_30|LH_46|LH_12|LH_19|LH_43|LH_42|LH_13|LH_28|LH_0|LH_36|LH_15|LH_41|LH_38,LH_8|LH_10|LH_49|LH_39|LH_21|LH_35|LH_34,LH_24|LH_2|LH_6|LH_48|LH_26|LH_5|LH_17|LH_3,7f94f9364f1187977f57e511eae46d5935b1a521fa5e8981e1bca8f661cb8f53,True,True,True,True,True,True,complete,True,0.11668117663690022,0.04936453912939344,0.10015647299587727,0.12603853986013672,0.01588571353007527,-0.023011841950808964,0.1242011801825041,defined,0.2541500013321638,0.263885747641325,0.13321680277292594,0.040500200685808806,0.3040172098623567,8,0.0,0.0,0.20642854273319244,0.3232837915420532,0.11685524880886078,0.009735746309161186,0.13433828844218582,0.2345236986875534,not recorded,not recorded,15f112024d110ff547384b73736385269dad985799b36b730850c2a647ec83ae,True,0.0,universe_scaling_or_u750_context,universe_count_incompatible,alternative_protocol,unique,universe count differs from U500 canonical Top-N family
Static GCN,static_gcn_50u_seed2025,experiments/static_gcn_50u_seed2025,data/processed/static_50u_logmass_minmax_top100_periodic_knn/camels_50u_static_logmass_minmax_top100_periodic_knn.pt,data/processed/static_50u_logmass_minmax_top100_periodic_knn/camels_50u_static_logmass_minmax_top100_periodic_knn.metadata.json,static_final_snapshot,50,LH_0..LH_49,1,final snapshot a=1.0,100,log10_Mvir|X|Y|Z|VX|VY|VZ,minmax,per_universe_per_snapshot_per_feature,False,True,8,25.0,32,2,gcn,True,mean,not_applicable,static_mlp_readout,"Linear(D,H)-ReLU-Dropout-Linear(H,H/2)-ReLU-Dropout-Linear(H/2,1)",False,False,4,200,40,0.001,1e-05,0.2,relu,1.0,MSE,2025,0.7|0.15|0.15,LH_18|LH_48|LH_21|LH_42|LH_38|LH_40|LH_27|LH_15|LH_10|LH_29|LH_31|LH_46|LH_8|LH_28|LH_9|LH_20|LH_45|LH_39|LH_12|LH_44|LH_26|LH_22|LH_49|LH_34|LH_16|LH_17|LH_43|LH_19|LH_1|LH_32|LH_3|LH_37|LH_13|LH_7|LH_2,LH_6|LH_25|LH_47|LH_4|LH_14|LH_36|LH_24,LH_23|LH_0|LH_33|LH_11|LH_30|LH_41|LH_5|LH_35,a323cf033bdb75d169bc3c3549b2ea5cda4ee985186aa59915b3a071305fca0a,True,True,True,True,True,True,complete,True,0.10968369181667055,0.09061511818851743,0.10566602740436792,0.11368459366350352,0.012924186836435904,0.37360231657236465,0.7170481579852088,defined,0.30125000048428774,0.2893688026815653,0.15355802433217589,0.05395705273447587,0.35137891991730935,8,0.0,0.0,0.21605584025382996,0.3633451461791992,0.14728930592536926,-0.011881197802722454,0.1208684005742656,0.1536904275417328,not recorded,not recorded,79b842c3e0de59ecc07ed42d1acc0df30b9d219a1eb2577b0ec226d3800027c0,True,0.0,universe_scaling_or_u750_context,universe_count_incompatible,alternative_protocol,unique,universe count differs from U500 canonical Top-N family
Static GCN,static_gcn_50u_seed42,experiments/static_gcn_50u_seed42,data/processed/static_50u_logmass_minmax_top100_periodic_knn/camels_50u_static_logmass_minmax_top100_periodic_knn.pt,data/processed/static_50u_logmass_minmax_top100_periodic_knn/camels_50u_static_logmass_minmax_top100_periodic_knn.metadata.json,static_final_snapshot,50,LH_0..LH_49,1,final snapshot a=1.0,100,log10_Mvir|X|Y|Z|VX|VY|VZ,minmax,per_universe_per_snapshot_per_feature,False,True,8,25.0,32,2,gcn,True,mean,not_applicable,static_mlp_readout,"Linear(D,H)-ReLU-Dropout-Linear(H,H/2)-ReLU-Dropout-Linear(H/2,1)",False,False,4,200,40,0.001,1e-05,0.2,relu,1.0,MSE,42,0.7|0.15|0.15,LH_25|LH_23|LH_19|LH_11|LH_4|LH_45|LH_26|LH_9|LH_29|LH_16|LH_31|LH_21|LH_12|LH_3|LH_39|LH_38|LH_10|LH_24|LH_35|LH_0|LH_43|LH_18|LH_33|LH_48|LH_41|LH_30|LH_28|LH_20|LH_22|LH_42|LH_46|LH_36|LH_32|LH_44|LH_13,LH_49|LH_47|LH_2|LH_27|LH_37|LH_5|LH_34,LH_6|LH_8|LH_14|LH_15|LH_17|LH_1|LH_7|LH_40,c0b5e03520b87262cb2bd0fbfa8b4a0d882a62c2d51e04ccf0ec64ef6a85f3a8,True,True,True,True,True,True,complete,True,0.09570366506065642,0.11778486307178225,0.09946961048990488,0.10997620389710115,0.012094765423616767,-0.0522640451230898,-0.07894974427682902,defined,0.2638000017032027,0.26285800337791443,0.11461259157263834,0.018653469340209873,0.16275235630098994,8,0.0,0.0,0.24162757396697998,0.296000212430954,0.054372638463974,-0.0009419983252882957,0.11756519437691665,0.1600365713238716,not recorded,not recorded,bfa38b4516396e940597be7711f5abaccaca29c9adcefa827338b37c1c5f119a,True,0.0,universe_scaling_or_u750_context,universe_count_incompatible,alternative_protocol,unique,universe count differs from U500 canonical Top-N family
Static GCN,static_gcn_top500_final_snapshot_same_split_h32_seed42,experiments/static_gcn_top500_final_snapshot_same_split_h32_seed42,data/processed/temporal_500u_minmax_top500_periodic_knn/camels_500u_temporal_logmass_minmax_top500_periodic_knn.pt,data/processed/temporal_500u_minmax_top500_periodic_knn/camels_500u_temporal_logmass_minmax_top500_periodic_knn.metadata.json,static_final_snapshot,500,LH_0..LH_499,1,final snapshot a=1.0,500,log10_Mvir|X|Y|Z|VX|VY|VZ,minmax,per_universe_per_snapshot_per_feature,False,True,8,25.0,32,3,gcn,True,mean,not_applicable,static_mlp_readout,"Linear(D,H)-ReLU-Dropout-Linear(H,H/2)-ReLU-Dropout-Linear(H/2,1)",False,False,8,300,40,0.001,1e-05,0.2,relu,1.0,MSE,42,0.7|0.15|0.15,LH_164|LH_383|LH_45|LH_156|LH_53|LH_72|LH_315|LH_209|LH_74|LH_333|LH_403|LH_415|LH_92|LH_215|LH_479|LH_59|LH_368|LH_163|LH_210|LH_251|LH_443|LH_320|LH_289|LH_389|LH_7|LH_462|LH_249|LH_228|LH_245|LH_211|LH_129|LH_162|LH_223|LH_41|LH_278|LH_21|LH_434|LH_68|LH_227|LH_151|LH_369|LH_217|LH_154|LH_177|LH_397|LH_139|LH_141|LH_326|LH_175|LH_170|LH_88|LH_96|LH_439|LH_303|LH_50|LH_199|LH_297|LH_131|LH_120|LH_358|LH_180|LH_370|LH_37|LH_160|LH_4|LH_93|LH_304|LH_188|LH_374|LH_453|LH_94|LH_468|LH_292|LH_340|LH_407|LH_408|LH_187|LH_334|LH_213|LH_127|LH_11|LH_6|LH_442|LH_246|LH_396|LH_425|LH_345|LH_89|LH_426|LH_26|LH_77|LH_184|LH_262|LH_207|LH_182|LH_95|LH_100|LH_419|LH_394|LH_155|LH_230|LH_362|LH_237|LH_353|LH_85|LH_323|LH_171|LH_393|LH_153|LH_313|LH_38|LH_392|LH_69|LH_106|LH_348|LH_489|LH_428|LH_158|LH_31|LH_244|LH_8|LH_267|LH_485|LH_233|LH_261|LH_401|LH_291|LH_198|LH_132|LH_324|LH_322|LH_2|LH_18|LH_488|LH_263|LH_76|LH_253|LH_314|LH_351|LH_471|LH_143|LH_449|LH_66|LH_179|LH_133|LH_144|LH_406|LH_280|LH_269|LH_466|LH_208|LH_145|LH_432|LH_277|LH_341|LH_465|LH_317|LH_17|LH_448|LH_20|LH_130|LH_238|LH_296|LH_286|LH_336|LH_300|LH_149|LH_203|LH_387|LH_398|LH_190|LH_201|LH_418|LH_14|LH_55|LH_75|LH_284|LH_39|LH_391|LH_460|LH_257|LH_178|LH_212|LH_472|LH_420|LH_67|LH_99|LH_476|LH_97|LH_196|LH_339|LH_288|LH_318|LH_457|LH_124|LH_242|LH_42|LH_60|LH_192|LH_422|LH_266|LH_254|LH_384|LH_497|LH_226|LH_495|LH_113|LH_19|LH_218|LH_118|LH_364|LH_385|LH_437|LH_293|LH_493|LH_378|LH_241|LH_446|LH_435|LH_27|LH_220|LH_469|LH_86|LH_361|LH_103|LH_481|LH_25|LH_307|LH_167|LH_450|LH_475|LH_410|LH_221|LH_416|LH_105|LH_371|LH_90|LH_452|LH_168|LH_240|LH_402|LH_48|LH_104|LH_206|LH_247|LH_200|LH_62|LH_477|LH_147|LH_146|LH_225|LH_421|LH_484|LH_491|LH_451|LH_109|LH_294|LH_440|LH_121|LH_265|LH_169|LH_381|LH_34|LH_268|LH_30|LH_400|LH_461|LH_354|LH_382|LH_10|LH_173|LH_342|LH_115|LH_363|LH_61|LH_231|LH_264|LH_224|LH_312|LH_356|LH_159|LH_102|LH_310|LH_372|LH_344|LH_337|LH_365|LH_84|LH_281|LH_243|LH_65|LH_64|LH_272|LH_423|LH_248|LH_43|LH_417|LH_375|LH_123|LH_29|LH_122|LH_157|LH_355|LH_330|LH_9|LH_250|LH_165|LH_306|LH_0|LH_271|LH_276|LH_82|LH_191|LH_347|LH_473|LH_399|LH_319|LH_152|LH_54|LH_259|LH_91|LH_256|LH_430|LH_1|LH_459|LH_80|LH_222|LH_431|LH_498|LH_455|LH_328|LH_404|LH_436|LH_58|LH_5|LH_283|LH_128|LH_270|LH_239|LH_405|LH_195|LH_197|LH_32|LH_305|LH_487|LH_458|LH_429|LH_78|LH_56|LH_24,LH_46|LH_252|LH_260|LH_70|LH_386|LH_427|LH_204|LH_298|LH_219|LH_299|LH_134|LH_275|LH_474|LH_126|LH_492|LH_441|LH_73|LH_234|LH_329|LH_202|LH_255|LH_335|LH_376|LH_380|LH_367|LH_290|LH_108|LH_33|LH_137|LH_205|LH_161|LH_482|LH_117|LH_28|LH_166|LH_350|LH_467|LH_285|LH_352|LH_499|LH_138|LH_463|LH_236|LH_409|LH_494|LH_438|LH_273|LH_87|LH_411|LH_311|LH_36|LH_331|LH_349|LH_470|LH_136|LH_343|LH_107|LH_181|LH_189|LH_83|LH_186|LH_325|LH_232|LH_454|LH_447|LH_51|LH_478|LH_444|LH_148|LH_395|LH_116|LH_338|LH_23|LH_35|LH_360,LH_98|LH_295|LH_185|LH_316|LH_321|LH_424|LH_150|LH_282|LH_40|LH_193|LH_63|LH_274|LH_235|LH_373|LH_22|LH_413|LH_135|LH_309|LH_176|LH_433|LH_183|LH_49|LH_194|LH_480|LH_490|LH_172|LH_390|LH_110|LH_79|LH_464|LH_174|LH_483|LH_357|LH_81|LH_412|LH_388|LH_3|LH_445|LH_414|LH_142|LH_301|LH_229|LH_112|LH_214|LH_486|LH_359|LH_332|LH_366|LH_101|LH_287|LH_13|LH_308|LH_258|LH_119|LH_111|LH_47|LH_15|LH_16|LH_216|LH_302|LH_44|LH_279|LH_456|LH_496|LH_346|LH_52|LH_377|LH_71|LH_114|LH_125|LH_140|LH_379|LH_12|LH_57|LH_327,0f963679cd284fca861fc2c59d88bdae8e8f1f21e2cbe1bb73bd593b49056748,True,True,True,True,True,True,complete,True,0.10071637745414462,0.09341276715199152,0.08630532364050547,0.10153666035926817,0.01030969339691338,-0.0038315795313037526,nan,undefined_zero_prediction_variance,0.2916933327913284,0.2979664206504822,0.10202514478236673,0.0,0.0,1,0.9866666666666667,0.9866666666666667,0.2979664206504822,0.2979664206504822,0.0,0.006273087859153747,0.10202514478236673,0.1909664198756218,not recorded,not recorded,3a8bcdb50f152457a9901b0b284e0989042ac5553f6de3cbeb1ccf98e2638f22,True,0.0,canonical_static_gcn_top100_top200_top500_500u,canonical_topn_compatible,reusable_existing,unique,
Static GCN,static_gcn_u100_top100_norm-minmax_h32_l2_gpool-mean_conv-gcn_batch8_canonical300_seed2025,experiments/static_gcn_u100_top100_norm-minmax_h32_l2_gpool-mean_conv-gcn_batch8_canonical300_seed2025,data/processed/static_100u_logmass_minmax_top100_periodic_knn/camels_100u_static_logmass_minmax_top100_periodic_knn.pt,data/processed/static_100u_logmass_minmax_top100_periodic_knn/camels_100u_static_logmass_minmax_top100_periodic_knn.metadata.json,static_final_snapshot,100,LH_0..LH_99,1,final snapshot a=1.0,100,log10_Mvir|X|Y|Z|VX|VY|VZ,minmax,per_universe_per_snapshot_per_feature,False,True,8,25.0,32,2,gcn,True,mean,not_applicable,static_mlp_readout,"Linear(D,H)-ReLU-Dropout-Linear(H,H/2)-ReLU-Dropout-Linear(H/2,1)",False,False,8,300,40,0.001,1e-05,0.2,relu,1.0,MSE,2025,0.7|0.15|0.15,LH_78|LH_31|LH_62|LH_54|LH_57|LH_75|LH_43|LH_41|LH_90|LH_80|LH_40|LH_53|LH_32|LH_26|LH_93|LH_42|LH_18|LH_44|LH_39|LH_59|LH_30|LH_68|LH_94|LH_86|LH_98|LH_55|LH_79|LH_9|LH_19|LH_16|LH_49|LH_64|LH_95|LH_60|LH_21|LH_1|LH_97|LH_46|LH_4|LH_63|LH_56|LH_34|LH_92|LH_33|LH_20|LH_11|LH_36|LH_28|LH_17|LH_81|LH_76|LH_37|LH_84|LH_23|LH_35|LH_74|LH_69|LH_96|LH_2|LH_38|LH_83|LH_7|LH_13|LH_25|LH_14|LH_99|LH_66|LH_45|LH_58|LH_50,LH_89|LH_77|LH_73|LH_24|LH_88|LH_65|LH_70|LH_3|LH_6|LH_52|LH_85|LH_87|LH_27|LH_15|LH_5,LH_12|LH_51|LH_91|LH_8|LH_29|LH_72|LH_48|LH_47|LH_0|LH_67|LH_22|LH_61|LH_82|LH_10|LH_71,a8b0e2d9ade3a7ca620bd4aed7eea68ee44da8d326b65c8f35a309273f4a79f2,True,True,True,True,True,True,complete,True,0.09685984860573496,0.0915262038509051,0.09527274767557779,0.11641933299735532,0.013553461095549106,-0.21993693310833518,-0.32036750287720683,defined,0.2612399995326996,0.259466419617335,0.10910333565639337,0.026985362415734664,0.2473376478673532,15,0.0,0.0,0.1910451054573059,0.3074380159378052,0.11639291048049927,-0.0017735799153645833,0.12049147351205687,0.2227238118648529,not recorded,not recorded,a59244b116b68773abbd478b3255e9869a6e0b3c0a139c33e87e863df1aa95e4,True,0.0,universe_scaling_or_u750_context,universe_count_incompatible,alternative_protocol,unique,universe count differs from U500 canonical Top-N family
Static GCN,static_gcn_u100_top100_norm-minmax_h32_l2_gpool-mean_conv-gcn_batch8_canonical300_seed42,experiments/static_gcn_u100_top100_norm-minmax_h32_l2_gpool-mean_conv-gcn_batch8_canonical300_seed42,data/processed/static_100u_logmass_minmax_top100_periodic_knn/camels_100u_static_logmass_minmax_top100_periodic_knn.pt,data/processed/static_100u_logmass_minmax_top100_periodic_knn/camels_100u_static_logmass_minmax_top100_periodic_knn.metadata.json,static_final_snapshot,100,LH_0..LH_99,1,final snapshot a=1.0,100,log10_Mvir|X|Y|Z|VX|VY|VZ,minmax,per_universe_per_snapshot_per_feature,False,True,8,25.0,32,2,gcn,True,mean,not_applicable,static_mlp_readout,"Linear(D,H)-ReLU-Dropout-Linear(H,H/2)-ReLU-Dropout-Linear(H/2,1)",False,False,8,300,40,0.001,1e-05,0.2,relu,1.0,MSE,42,0.7|0.15|0.15,LH_42|LH_41|LH_91|LH_9|LH_65|LH_50|LH_1|LH_70|LH_15|LH_78|LH_73|LH_10|LH_55|LH_56|LH_72|LH_45|LH_48|LH_92|LH_76|LH_37|LH_30|LH_21|LH_32|LH_96|LH_80|LH_49|LH_83|LH_26|LH_87|LH_33|LH_8|LH_47|LH_59|LH_63|LH_74|LH_44|LH_98|LH_52|LH_85|LH_12|LH_36|LH_23|LH_39|LH_40|LH_18|LH_66|LH_61|LH_60|LH_7|LH_34|LH_99|LH_46|LH_2|LH_51|LH_16|LH_38|LH_58|LH_68|LH_22|LH_62|LH_24|LH_5|LH_6|LH_67|LH_82|LH_19|LH_79|LH_43|LH_90|LH_20,LH_0|LH_95|LH_57|LH_93|LH_53|LH_89|LH_25|LH_71|LH_84|LH_77|LH_64|LH_29|LH_27|LH_88|LH_97,LH_4|LH_54|LH_75|LH_11|LH_69|LH_86|LH_13|LH_17|LH_28|LH_31|LH_35|LH_94|LH_3|LH_14|LH_81,314f7bac57d93fa0848e55ef03271ba12c2669419b7c3d5946dba2d5e112ea80,True,True,True,True,True,True,complete,True,0.08984872347542218,0.11172909488280615,0.0806014746427536,0.10917941626769455,0.011920144936554525,-0.3637072776539614,0.47588605181002497,defined,0.31166666448116304,0.24568041364351909,0.09677469262602026,0.016694061766442784,0.1725044152912574,15,0.0,0.0,0.2161388099193573,0.27359411120414734,0.05745530128479004,-0.06598625083764394,0.09003546704104638,0.2534867227077484,not recorded,not recorded,7daf3c0a5d5a24d3459592c0fce3755343b4d7ed27a639d5567ed9c465c89697,True,0.0,universe_scaling_or_u750_context,universe_count_incompatible,alternative_protocol,unique,universe count differs from U500 canonical Top-N family
Static GCN,static_gcn_u20_top100_norm-minmax_h32_l2_gpool-mean_conv-gcn_batch8_canonical300_seed2025,experiments/static_gcn_u20_top100_norm-minmax_h32_l2_gpool-mean_conv-gcn_batch8_canonical300_seed2025,data/processed/static_20u_logmass_minmax_top100_periodic_knn/camels_20u_static_logmass_minmax_top100_periodic_knn.pt,data/processed/static_20u_logmass_minmax_top100_periodic_knn/camels_20u_static_logmass_minmax_top100_periodic_knn.metadata.json,static_final_snapshot,20,LH_0..LH_19,1,final snapshot a=1.0,100,log10_Mvir|X|Y|Z|VX|VY|VZ,minmax,per_universe_per_snapshot_per_feature,False,True,8,25.0,32,2,gcn,True,mean,not_applicable,static_mlp_readout,"Linear(D,H)-ReLU-Dropout-Linear(H,H/2)-ReLU-Dropout-Linear(H/2,1)",False,False,8,300,40,0.001,1e-05,0.2,relu,1.0,MSE,2025,0.7|0.15|0.15,LH_18|LH_4|LH_14|LH_11|LH_7|LH_8|LH_19|LH_10|LH_12|LH_13|LH_1|LH_3|LH_9|LH_6,LH_16|LH_0|LH_5,LH_15|LH_2|LH_17,7e5e08400b3be5b952b05ca039d96548792538cacb2de678f873831850349370,True,True,True,True,True,True,complete,True,0.36099397311253206,0.05873142058650652,0.4734494189421336,0.49181922094388586,0.2418861460898508,-22.712592535001523,-0.9946636970950014,defined,0.2930000027020772,-0.18044941624005637,0.12369769520690155,0.03955028811990152,0.3197334279652356,3,0.0,0.0,-0.22364643216133118,-0.14601585268974304,0.07763057947158813,-0.4734494189421336,0.1630879845047154,0.6462464332580566,not recorded,not recorded,e216e72e515e0f55b1a9c006f6cc00f7c4faf299a438d45856ce5956c7594255,True,0.0,universe_scaling_or_u750_context,universe_count_incompatible,alternative_protocol,unique,universe count differs from U500 canonical Top-N family
Static GCN,static_gcn_u20_top100_norm-minmax_h32_l2_gpool-mean_conv-gcn_batch8_canonical300_seed42,experiments/static_gcn_u20_top100_norm-minmax_h32_l2_gpool-mean_conv-gcn_batch8_canonical300_seed42,data/processed/static_20u_logmass_minmax_top100_periodic_knn/camels_20u_static_logmass_minmax_top100_periodic_knn.pt,data/processed/static_20u_logmass_minmax_top100_periodic_knn/camels_20u_static_logmass_minmax_top100_periodic_knn.metadata.json,static_final_snapshot,20,LH_0..LH_19,1,final snapshot a=1.0,100,log10_Mvir|X|Y|Z|VX|VY|VZ,minmax,per_universe_per_snapshot_per_feature,False,True,8,25.0,32,2,gcn,True,mean,not_applicable,static_mlp_readout,"Linear(D,H)-ReLU-Dropout-Linear(H,H/2)-ReLU-Dropout-Linear(H/2,1)",False,False,8,300,40,0.001,1e-05,0.2,relu,1.0,MSE,42,0.7|0.15|0.15,LH_19|LH_5|LH_14|LH_4|LH_9|LH_13|LH_15|LH_18|LH_6|LH_12|LH_17|LH_10|LH_1|LH_11,LH_2|LH_16|LH_7,LH_8|LH_0|LH_3,9a1244427ae4384e8bb9c5f10d9cf32f477a5fbec3658cf875b682f03556c63e,True,True,True,True,True,True,complete,True,0.14078950243336813,0.09079885482788086,0.17516184722383818,0.21411148163961694,0.045843726569912015,-3.1121054009799884,-0.8687916392312691,defined,0.26260000467300415,0.20681078359484673,0.1293163587411328,0.1325928683044817,1.0253371622526726,3,0.0,0.0,0.055373404175043106,0.30204635858535767,0.24667295441031456,-0.055789221078157425,0.2531737231074875,0.3464266024529934,not recorded,not recorded,8cae6a2daa7ccf0db082fa7f552d50e69f57609073d436b7bcca62761ea44ec1,True,0.0,universe_scaling_or_u750_context,universe_count_incompatible,alternative_protocol,unique,universe count differs from U500 canonical Top-N family
Static GCN,static_gcn_u500_top100_norm-minmax_h32_l2_gpool-mean_conv-gcn_batch8_canonical300_seed123,experiments/static_gcn_u500_top100_norm-minmax_h32_l2_gpool-mean_conv-gcn_batch8_canonical300_seed123,data/processed/static_500u_logmass_minmax_top100_periodic_knn/camels_500u_static_logmass_minmax_top100_periodic_knn.pt,data/processed/static_500u_logmass_minmax_top100_periodic_knn/camels_500u_static_logmass_minmax_top100_periodic_knn.metadata.json,static_final_snapshot,500,LH_0..LH_499,1,final snapshot a=1.0,100,log10_Mvir|X|Y|Z|VX|VY|VZ,minmax,per_universe_per_snapshot_per_feature,False,True,8,25.0,32,2,gcn,True,mean,not_applicable,static_mlp_readout,"Linear(D,H)-ReLU-Dropout-Linear(H,H/2)-ReLU-Dropout-Linear(H/2,1)",False,False,8,300,40,0.001,1e-05,0.2,relu,1.0,MSE,123,0.7|0.15|0.15,LH_380|LH_468|LH_145|LH_2|LH_282|LH_103|LH_148|LH_312|LH_130|LH_411|LH_168|LH_204|LH_113|LH_132|LH_418|LH_270|LH_351|LH_157|LH_451|LH_339|LH_288|LH_277|LH_354|LH_48|LH_318|LH_303|LH_314|LH_234|LH_95|LH_304|LH_271|LH_434|LH_173|LH_357|LH_495|LH_133|LH_431|LH_39|LH_490|LH_310|LH_317|LH_471|LH_23|LH_426|LH_224|LH_286|LH_20|LH_365|LH_255|LH_216|LH_405|LH_79|LH_228|LH_445|LH_189|LH_184|LH_243|LH_358|LH_276|LH_218|LH_488|LH_60|LH_438|LH_159|LH_167|LH_349|LH_89|LH_121|LH_333|LH_51|LH_9|LH_482|LH_152|LH_416|LH_379|LH_306|LH_111|LH_185|LH_340|LH_489|LH_475|LH_93|LH_84|LH_376|LH_291|LH_158|LH_250|LH_323|LH_406|LH_460|LH_50|LH_433|LH_372|LH_66|LH_108|LH_465|LH_71|LH_298|LH_369|LH_437|LH_211|LH_11|LH_110|LH_142|LH_28|LH_59|LH_163|LH_38|LH_24|LH_205|LH_440|LH_140|LH_177|LH_252|LH_235|LH_245|LH_242|LH_25|LH_21|LH_217|LH_160|LH_231|LH_77|LH_151|LH_54|LH_345|LH_280|LH_257|LH_456|LH_308|LH_331|LH_58|LH_360|LH_179|LH_464|LH_388|LH_129|LH_285|LH_347|LH_56|LH_387|LH_169|LH_36|LH_138|LH_319|LH_296|LH_246|LH_122|LH_33|LH_127|LH_109|LH_363|LH_183|LH_196|LH_422|LH_86|LH_400|LH_297|LH_346|LH_116|LH_63|LH_88|LH_477|LH_144|LH_112|LH_362|LH_399|LH_334|LH_62|LH_353|LH_146|LH_373|LH_27|LH_76|LH_260|LH_150|LH_210|LH_195|LH_290|LH_82|LH_154|LH_432|LH_320|LH_361|LH_75|LH_17|LH_94|LH_238|LH_143|LH_469|LH_67|LH_225|LH_391|LH_106|LH_15|LH_97|LH_46|LH_49|LH_192|LH_226|LH_114|LH_302|LH_356|LH_91|LH_80|LH_107|LH_329|LH_209|LH_384|LH_409|LH_13|LH_176|LH_299|LH_483|LH_295|LH_491|LH_332|LH_292|LH_153|LH_202|LH_268|LH_1|LH_417|LH_313|LH_375|LH_128|LH_352|LH_57|LH_408|LH_254|LH_382|LH_390|LH_377|LH_328|LH_213|LH_182|LH_65|LH_7|LH_315|LH_101|LH_187|LH_126|LH_123|LH_394|LH_201|LH_251|LH_494|LH_239|LH_383|LH_367|LH_237|LH_34|LH_307|LH_141|LH_403|LH_344|LH_162|LH_43|LH_118|LH_498|LH_99|LH_392|LH_102|LH_258|LH_100|LH_41|LH_281|LH_364|LH_492|LH_448|LH_164|LH_104|LH_124|LH_259|LH_355|LH_458|LH_484|LH_115|LH_309|LH_338|LH_53|LH_381|LH_442|LH_70|LH_284|LH_263|LH_419|LH_166|LH_441|LH_481|LH_335|LH_219|LH_155|LH_294|LH_230|LH_378|LH_476|LH_232|LH_480|LH_31|LH_343|LH_197|LH_301|LH_85|LH_61|LH_264|LH_446|LH_273|LH_455|LH_188|LH_199|LH_452|LH_74|LH_443|LH_423|LH_395|LH_265|LH_29|LH_40|LH_120|LH_190|LH_73|LH_348|LH_415|LH_474|LH_337|LH_12|LH_178|LH_212|LH_402|LH_478|LH_412|LH_241|LH_454|LH_165|LH_14|LH_206|LH_325|LH_279|LH_398|LH_366|LH_462|LH_4|LH_221|LH_421|LH_389|LH_181|LH_413|LH_32|LH_316,LH_493|LH_473|LH_215|LH_324|LH_425|LH_139|LH_424|LH_385|LH_131|LH_453|LH_98|LH_470|LH_68|LH_5|LH_459|LH_236|LH_466|LH_227|LH_487|LH_78|LH_90|LH_439|LH_278|LH_119|LH_368|LH_322|LH_253|LH_147|LH_435|LH_30|LH_397|LH_256|LH_272|LH_207|LH_117|LH_180|LH_430|LH_186|LH_321|LH_45|LH_300|LH_96|LH_8|LH_401|LH_450|LH_198|LH_233|LH_370|LH_37|LH_200|LH_283|LH_479|LH_171|LH_87|LH_134|LH_336|LH_249|LH_42|LH_371|LH_92|LH_427|LH_386|LH_16|LH_261|LH_191|LH_214|LH_342|LH_266|LH_248|LH_467|LH_457|LH_407|LH_326|LH_275|LH_350,LH_222|LH_262|LH_330|LH_444|LH_203|LH_6|LH_472|LH_414|LH_289|LH_269|LH_327|LH_311|LH_420|LH_105|LH_247|LH_410|LH_267|LH_175|LH_156|LH_496|LH_18|LH_428|LH_240|LH_135|LH_244|LH_293|LH_220|LH_149|LH_10|LH_404|LH_64|LH_72|LH_341|LH_47|LH_22|LH_52|LH_229|LH_374|LH_161|LH_3|LH_35|LH_193|LH_305|LH_449|LH_497|LH_396|LH_223|LH_463|LH_0|LH_83|LH_125|LH_359|LH_485|LH_486|LH_172|LH_69|LH_81|LH_499|LH_436|LH_174|LH_170|LH_287|LH_274|LH_194|LH_19|LH_447|LH_461|LH_429|LH_55|LH_136|LH_208|LH_393|LH_44|LH_137|LH_26,853549f16ef8eb3d7f18ae850c94b13c0c8bf0e770bb99cfbffff48b03530266,True,True,True,True,True,True,complete,True,0.09738640299865178,0.10144998083511989,0.09737441301345826,0.11448828811518416,0.01310756811554542,-0.012476780112041563,0.05530510272576662,defined,0.29364533245563507,0.2942966717481613,0.11454688870034196,0.02059722574610602,0.17981479881124462,75,0.0,0.0,0.24741293489933014,0.3486936092376709,0.10128067433834076,0.0006513392925262451,0.11525739645904876,0.23849360644817352,not recorded,not recorded,6ca9a91e760f9f175b70c7b1cf25ded82e55702be847acf7df6e5028cb8f1196,True,0.0,architecture_alternative,architecture_incompatible,alternative_protocol,unique,hidden dimension or layer count differs
Static GCN,static_gcn_u500_top100_norm-minmax_h32_l2_gpool-mean_conv-gcn_batch8_canonical300_seed2025,experiments/static_gcn_u500_top100_norm-minmax_h32_l2_gpool-mean_conv-gcn_batch8_canonical300_seed2025,data/processed/static_500u_logmass_minmax_top100_periodic_knn/camels_500u_static_logmass_minmax_top100_periodic_knn.pt,data/processed/static_500u_logmass_minmax_top100_periodic_knn/camels_500u_static_logmass_minmax_top100_periodic_knn.metadata.json,static_final_snapshot,500,LH_0..LH_499,1,final snapshot a=1.0,100,log10_Mvir|X|Y|Z|VX|VY|VZ,minmax,per_universe_per_snapshot_per_feature,False,True,8,25.0,32,2,gcn,True,mean,not_applicable,static_mlp_readout,"Linear(D,H)-ReLU-Dropout-Linear(H,H/2)-ReLU-Dropout-Linear(H/2,1)",False,False,8,300,40,0.001,1e-05,0.2,relu,1.0,MSE,2025,0.7|0.15|0.15,LH_322|LH_49|LH_312|LH_130|LH_467|LH_459|LH_70|LH_456|LH_248|LH_365|LH_329|LH_63|LH_331|LH_324|LH_311|LH_87|LH_469|LH_119|LH_209|LH_452|LH_212|LH_167|LH_91|LH_460|LH_485|LH_255|LH_155|LH_458|LH_372|LH_479|LH_446|LH_97|LH_19|LH_149|LH_170|LH_287|LH_334|LH_495|LH_369|LH_318|LH_144|LH_440|LH_297|LH_219|LH_498|LH_350|LH_177|LH_368|LH_339|LH_8|LH_129|LH_275|LH_345|LH_206|LH_92|LH_36|LH_46|LH_128|LH_490|LH_103|LH_411|LH_237|LH_249|LH_434|LH_201|LH_114|LH_325|LH_284|LH_10|LH_239|LH_224|LH_277|LH_138|LH_281|LH_315|LH_361|LH_439|LH_274|LH_379|LH_57|LH_173|LH_455|LH_407|LH_113|LH_437|LH_360|LH_317|LH_250|LH_207|LH_26|LH_236|LH_89|LH_110|LH_102|LH_83|LH_299|LH_366|LH_6|LH_216|LH_191|LH_463|LH_454|LH_17|LH_85|LH_482|LH_112|LH_4|LH_223|LH_417|LH_444|LH_347|LH_20|LH_349|LH_306|LH_40|LH_380|LH_185|LH_151|LH_390|LH_174|LH_303|LH_494|LH_432|LH_241|LH_41|LH_21|LH_164|LH_478|LH_328|LH_80|LH_148|LH_246|LH_441|LH_340|LH_364|LH_422|LH_435|LH_154|LH_158|LH_24|LH_396|LH_447|LH_198|LH_54|LH_146|LH_217|LH_35|LH_18|LH_32|LH_389|LH_359|LH_68|LH_320|LH_337|LH_356|LH_358|LH_426|LH_405|LH_464|LH_240|LH_348|LH_74|LH_357|LH_443|LH_252|LH_302|LH_256|LH_53|LH_55|LH_160|LH_415|LH_465|LH_199|LH_273|LH_135|LH_107|LH_412|LH_61|LH_342|LH_247|LH_374|LH_289|LH_294|LH_71|LH_449|LH_404|LH_197|LH_375|LH_376|LH_47|LH_120|LH_121|LH_453|LH_211|LH_242|LH_67|LH_305|LH_156|LH_332|LH_265|LH_314|LH_496|LH_431|LH_153|LH_84|LH_268|LH_95|LH_187|LH_43|LH_9|LH_111|LH_168|LH_262|LH_338|LH_225|LH_1|LH_413|LH_2|LH_269|LH_231|LH_316|LH_267|LH_81|LH_193|LH_468|LH_397|LH_386|LH_423|LH_286|LH_31|LH_66|LH_65|LH_346|LH_28|LH_497|LH_245|LH_336|LH_178|LH_254|LH_486|LH_215|LH_476|LH_7|LH_343|LH_194|LH_425|LH_378|LH_427|LH_86|LH_29|LH_64|LH_23|LH_229|LH_333|LH_139|LH_251|LH_414|LH_51|LH_260|LH_147|LH_45|LH_475|LH_308|LH_290|LH_436|LH_200|LH_477|LH_424|LH_238|LH_11|LH_183|LH_382|LH_234|LH_480|LH_450|LH_162|LH_136|LH_145|LH_221|LH_430|LH_27|LH_98|LH_137|LH_488|LH_115|LH_152|LH_172|LH_448|LH_3|LH_30|LH_385|LH_134|LH_296|LH_52|LH_419|LH_384|LH_93|LH_253|LH_418|LH_487|LH_171|LH_58|LH_131|LH_79|LH_127|LH_481|LH_403|LH_399|LH_213|LH_218|LH_232|LH_259|LH_371|LH_76|LH_470|LH_133|LH_166|LH_243|LH_393|LH_189|LH_182|LH_264|LH_180|LH_352|LH_406|LH_395|LH_370|LH_344|LH_214|LH_123|LH_377|LH_420|LH_39|LH_94|LH_230|LH_309|LH_117|LH_202|LH_355|LH_186|LH_163|LH_321|LH_442|LH_354|LH_161|LH_122|LH_493|LH_72|LH_100|LH_222,LH_298|LH_48|LH_5|LH_471|LH_132|LH_77|LH_367|LH_227|LH_323|LH_73|LH_109|LH_104|LH_363|LH_105|LH_445|LH_351|LH_208|LH_293|LH_258|LH_12|LH_381|LH_157|LH_126|LH_263|LH_175|LH_196|LH_257|LH_78|LH_292|LH_472|LH_276|LH_301|LH_280|LH_319|LH_429|LH_179|LH_491|LH_466|LH_326|LH_433|LH_140|LH_451|LH_141|LH_341|LH_75|LH_499|LH_38|LH_184|LH_150|LH_410|LH_143|LH_82|LH_159|LH_307|LH_271|LH_278|LH_462|LH_176|LH_125|LH_474|LH_169|LH_388|LH_473|LH_438|LH_335|LH_220|LH_288|LH_383|LH_387|LH_37|LH_353|LH_204|LH_233|LH_408|LH_409,LH_272|LH_228|LH_492|LH_165|LH_373|LH_421|LH_90|LH_295|LH_416|LH_226|LH_142|LH_391|LH_457|LH_300|LH_44|LH_188|LH_282|LH_69|LH_401|LH_59|LH_16|LH_310|LH_124|LH_62|LH_106|LH_101|LH_279|LH_56|LH_304|LH_15|LH_266|LH_181|LH_235|LH_203|LH_327|LH_400|LH_402|LH_116|LH_362|LH_13|LH_96|LH_394|LH_99|LH_461|LH_398|LH_34|LH_261|LH_283|LH_14|LH_313|LH_25|LH_210|LH_483|LH_489|LH_108|LH_392|LH_60|LH_22|LH_50|LH_205|LH_195|LH_33|LH_118|LH_291|LH_192|LH_190|LH_0|LH_270|LH_88|LH_484|LH_244|LH_428|LH_330|LH_42|LH_285,3ce48b66c11e30bec459c52ba7f4a900809dd2b45be0995b8b56aeaefc747951,True,True,True,True,True,True,complete,True,0.09651139482855797,0.09552393784125646,0.10615608960390091,0.12196673837984479,0.014875885271017504,-0.04797617189763437,-0.09039795750752276,defined,0.29471200038989387,0.3143369690577189,0.11994453853216079,0.009588594468172973,0.07994190136136943,75,0.0,0.0,0.282798707485199,0.33044084906578064,0.047642141580581665,0.019624968667825062,0.12118814614481882,0.21490976959466934,not recorded,not recorded,73bead633468e71a5f7b98212e6fe9676eb7e2c82dc34ea1fe8de8462dc629f1,True,1.3877787807814457e-17,architecture_alternative,architecture_incompatible,alternative_protocol,unique,hidden dimension or layer count differs
Static GCN,static_gcn_u500_top100_norm-minmax_h32_l2_gpool-mean_conv-gcn_batch8_canonical300_seed42,experiments/static_gcn_u500_top100_norm-minmax_h32_l2_gpool-mean_conv-gcn_batch8_canonical300_seed42,data/processed/static_500u_logmass_minmax_top100_periodic_knn/camels_500u_static_logmass_minmax_top100_periodic_knn.pt,data/processed/static_500u_logmass_minmax_top100_periodic_knn/camels_500u_static_logmass_minmax_top100_periodic_knn.metadata.json,static_final_snapshot,500,LH_0..LH_499,1,final snapshot a=1.0,100,log10_Mvir|X|Y|Z|VX|VY|VZ,minmax,per_universe_per_snapshot_per_feature,False,True,8,25.0,32,2,gcn,True,mean,not_applicable,static_mlp_readout,"Linear(D,H)-ReLU-Dropout-Linear(H,H/2)-ReLU-Dropout-Linear(H/2,1)",False,False,8,300,40,0.001,1e-05,0.2,relu,1.0,MSE,42,0.7|0.15|0.15,LH_164|LH_383|LH_45|LH_156|LH_53|LH_72|LH_315|LH_209|LH_74|LH_333|LH_403|LH_415|LH_92|LH_215|LH_479|LH_59|LH_368|LH_163|LH_210|LH_251|LH_443|LH_320|LH_289|LH_389|LH_7|LH_462|LH_249|LH_228|LH_245|LH_211|LH_129|LH_162|LH_223|LH_41|LH_278|LH_21|LH_434|LH_68|LH_227|LH_151|LH_369|LH_217|LH_154|LH_177|LH_397|LH_139|LH_141|LH_326|LH_175|LH_170|LH_88|LH_96|LH_439|LH_303|LH_50|LH_199|LH_297|LH_131|LH_120|LH_358|LH_180|LH_370|LH_37|LH_160|LH_4|LH_93|LH_304|LH_188|LH_374|LH_453|LH_94|LH_468|LH_292|LH_340|LH_407|LH_408|LH_187|LH_334|LH_213|LH_127|LH_11|LH_6|LH_442|LH_246|LH_396|LH_425|LH_345|LH_89|LH_426|LH_26|LH_77|LH_184|LH_262|LH_207|LH_182|LH_95|LH_100|LH_419|LH_394|LH_155|LH_230|LH_362|LH_237|LH_353|LH_85|LH_323|LH_171|LH_393|LH_153|LH_313|LH_38|LH_392|LH_69|LH_106|LH_348|LH_489|LH_428|LH_158|LH_31|LH_244|LH_8|LH_267|LH_485|LH_233|LH_261|LH_401|LH_291|LH_198|LH_132|LH_324|LH_322|LH_2|LH_18|LH_488|LH_263|LH_76|LH_253|LH_314|LH_351|LH_471|LH_143|LH_449|LH_66|LH_179|LH_133|LH_144|LH_406|LH_280|LH_269|LH_466|LH_208|LH_145|LH_432|LH_277|LH_341|LH_465|LH_317|LH_17|LH_448|LH_20|LH_130|LH_238|LH_296|LH_286|LH_336|LH_300|LH_149|LH_203|LH_387|LH_398|LH_190|LH_201|LH_418|LH_14|LH_55|LH_75|LH_284|LH_39|LH_391|LH_460|LH_257|LH_178|LH_212|LH_472|LH_420|LH_67|LH_99|LH_476|LH_97|LH_196|LH_339|LH_288|LH_318|LH_457|LH_124|LH_242|LH_42|LH_60|LH_192|LH_422|LH_266|LH_254|LH_384|LH_497|LH_226|LH_495|LH_113|LH_19|LH_218|LH_118|LH_364|LH_385|LH_437|LH_293|LH_493|LH_378|LH_241|LH_446|LH_435|LH_27|LH_220|LH_469|LH_86|LH_361|LH_103|LH_481|LH_25|LH_307|LH_167|LH_450|LH_475|LH_410|LH_221|LH_416|LH_105|LH_371|LH_90|LH_452|LH_168|LH_240|LH_402|LH_48|LH_104|LH_206|LH_247|LH_200|LH_62|LH_477|LH_147|LH_146|LH_225|LH_421|LH_484|LH_491|LH_451|LH_109|LH_294|LH_440|LH_121|LH_265|LH_169|LH_381|LH_34|LH_268|LH_30|LH_400|LH_461|LH_354|LH_382|LH_10|LH_173|LH_342|LH_115|LH_363|LH_61|LH_231|LH_264|LH_224|LH_312|LH_356|LH_159|LH_102|LH_310|LH_372|LH_344|LH_337|LH_365|LH_84|LH_281|LH_243|LH_65|LH_64|LH_272|LH_423|LH_248|LH_43|LH_417|LH_375|LH_123|LH_29|LH_122|LH_157|LH_355|LH_330|LH_9|LH_250|LH_165|LH_306|LH_0|LH_271|LH_276|LH_82|LH_191|LH_347|LH_473|LH_399|LH_319|LH_152|LH_54|LH_259|LH_91|LH_256|LH_430|LH_1|LH_459|LH_80|LH_222|LH_431|LH_498|LH_455|LH_328|LH_404|LH_436|LH_58|LH_5|LH_283|LH_128|LH_270|LH_239|LH_405|LH_195|LH_197|LH_32|LH_305|LH_487|LH_458|LH_429|LH_78|LH_56|LH_24,LH_46|LH_252|LH_260|LH_70|LH_386|LH_427|LH_204|LH_298|LH_219|LH_299|LH_134|LH_275|LH_474|LH_126|LH_492|LH_441|LH_73|LH_234|LH_329|LH_202|LH_255|LH_335|LH_376|LH_380|LH_367|LH_290|LH_108|LH_33|LH_137|LH_205|LH_161|LH_482|LH_117|LH_28|LH_166|LH_350|LH_467|LH_285|LH_352|LH_499|LH_138|LH_463|LH_236|LH_409|LH_494|LH_438|LH_273|LH_87|LH_411|LH_311|LH_36|LH_331|LH_349|LH_470|LH_136|LH_343|LH_107|LH_181|LH_189|LH_83|LH_186|LH_325|LH_232|LH_454|LH_447|LH_51|LH_478|LH_444|LH_148|LH_395|LH_116|LH_338|LH_23|LH_35|LH_360,LH_98|LH_295|LH_185|LH_316|LH_321|LH_424|LH_150|LH_282|LH_40|LH_193|LH_63|LH_274|LH_235|LH_373|LH_22|LH_413|LH_135|LH_309|LH_176|LH_433|LH_183|LH_49|LH_194|LH_480|LH_490|LH_172|LH_390|LH_110|LH_79|LH_464|LH_174|LH_483|LH_357|LH_81|LH_412|LH_388|LH_3|LH_445|LH_414|LH_142|LH_301|LH_229|LH_112|LH_214|LH_486|LH_359|LH_332|LH_366|LH_101|LH_287|LH_13|LH_308|LH_258|LH_119|LH_111|LH_47|LH_15|LH_16|LH_216|LH_302|LH_44|LH_279|LH_456|LH_496|LH_346|LH_52|LH_377|LH_71|LH_114|LH_125|LH_140|LH_379|LH_12|LH_57|LH_327,0f963679cd284fca861fc2c59d88bdae8e8f1f21e2cbe1bb73bd593b49056748,True,True,True,True,True,True,complete,True,0.10135053076914378,0.0928928851087888,0.08711746076742809,0.10201640676577252,0.010407347249399556,-0.013339914766361538,0.018855713383035683,defined,0.2916933327913284,0.30203171730041506,0.10202514478236673,0.007774500563749401,0.07620180868484382,73,0.02666666666666667,0.02666666666666667,0.29233217239379883,0.31757545471191406,0.025243282318115234,0.010338384509086609,0.10217465697940936,0.19075117260217667,not recorded,not recorded,04ac72c7771bcf8a3798238471ccb4ad600821b0a1b0c26fa6e90f571edf5d0c,True,0.0,architecture_alternative,architecture_incompatible,alternative_protocol,unique,hidden dimension or layer count differs
Static GCN,static_gcn_u500_top100_norm-minmax_k12_h32_l3_gpool-mean_conv-gcn_batch8_factorial_seed123,experiments/static_gcn_u500_top100_norm-minmax_k12_h32_l3_gpool-mean_conv-gcn_batch8_factorial_seed123,data/processed/static_500u_logmass_minmax_top100_periodic_knn_k12/camels_500u_static_logmass_minmax_top100_periodic_knn_k12.pt,data/processed/static_500u_logmass_minmax_top100_periodic_knn_k12/camels_500u_static_logmass_minmax_top100_periodic_knn_k12.metadata.json,static_final_snapshot,500,LH_0..LH_499,1,final snapshot a=1.0,100,log10_Mvir|X|Y|Z|VX|VY|VZ,minmax,per_universe_per_snapshot_per_feature,False,True,12,25.0,32,3,gcn,True,mean,not_applicable,static_mlp_readout,"Linear(D,H)-ReLU-Dropout-Linear(H,H/2)-ReLU-Dropout-Linear(H/2,1)",False,False,8,300,40,0.001,1e-05,0.2,relu,1.0,MSE,123,0.7|0.15|0.15,LH_380|LH_468|LH_145|LH_2|LH_282|LH_103|LH_148|LH_312|LH_130|LH_411|LH_168|LH_204|LH_113|LH_132|LH_418|LH_270|LH_351|LH_157|LH_451|LH_339|LH_288|LH_277|LH_354|LH_48|LH_318|LH_303|LH_314|LH_234|LH_95|LH_304|LH_271|LH_434|LH_173|LH_357|LH_495|LH_133|LH_431|LH_39|LH_490|LH_310|LH_317|LH_471|LH_23|LH_426|LH_224|LH_286|LH_20|LH_365|LH_255|LH_216|LH_405|LH_79|LH_228|LH_445|LH_189|LH_184|LH_243|LH_358|LH_276|LH_218|LH_488|LH_60|LH_438|LH_159|LH_167|LH_349|LH_89|LH_121|LH_333|LH_51|LH_9|LH_482|LH_152|LH_416|LH_379|LH_306|LH_111|LH_185|LH_340|LH_489|LH_475|LH_93|LH_84|LH_376|LH_291|LH_158|LH_250|LH_323|LH_406|LH_460|LH_50|LH_433|LH_372|LH_66|LH_108|LH_465|LH_71|LH_298|LH_369|LH_437|LH_211|LH_11|LH_110|LH_142|LH_28|LH_59|LH_163|LH_38|LH_24|LH_205|LH_440|LH_140|LH_177|LH_252|LH_235|LH_245|LH_242|LH_25|LH_21|LH_217|LH_160|LH_231|LH_77|LH_151|LH_54|LH_345|LH_280|LH_257|LH_456|LH_308|LH_331|LH_58|LH_360|LH_179|LH_464|LH_388|LH_129|LH_285|LH_347|LH_56|LH_387|LH_169|LH_36|LH_138|LH_319|LH_296|LH_246|LH_122|LH_33|LH_127|LH_109|LH_363|LH_183|LH_196|LH_422|LH_86|LH_400|LH_297|LH_346|LH_116|LH_63|LH_88|LH_477|LH_144|LH_112|LH_362|LH_399|LH_334|LH_62|LH_353|LH_146|LH_373|LH_27|LH_76|LH_260|LH_150|LH_210|LH_195|LH_290|LH_82|LH_154|LH_432|LH_320|LH_361|LH_75|LH_17|LH_94|LH_238|LH_143|LH_469|LH_67|LH_225|LH_391|LH_106|LH_15|LH_97|LH_46|LH_49|LH_192|LH_226|LH_114|LH_302|LH_356|LH_91|LH_80|LH_107|LH_329|LH_209|LH_384|LH_409|LH_13|LH_176|LH_299|LH_483|LH_295|LH_491|LH_332|LH_292|LH_153|LH_202|LH_268|LH_1|LH_417|LH_313|LH_375|LH_128|LH_352|LH_57|LH_408|LH_254|LH_382|LH_390|LH_377|LH_328|LH_213|LH_182|LH_65|LH_7|LH_315|LH_101|LH_187|LH_126|LH_123|LH_394|LH_201|LH_251|LH_494|LH_239|LH_383|LH_367|LH_237|LH_34|LH_307|LH_141|LH_403|LH_344|LH_162|LH_43|LH_118|LH_498|LH_99|LH_392|LH_102|LH_258|LH_100|LH_41|LH_281|LH_364|LH_492|LH_448|LH_164|LH_104|LH_124|LH_259|LH_355|LH_458|LH_484|LH_115|LH_309|LH_338|LH_53|LH_381|LH_442|LH_70|LH_284|LH_263|LH_419|LH_166|LH_441|LH_481|LH_335|LH_219|LH_155|LH_294|LH_230|LH_378|LH_476|LH_232|LH_480|LH_31|LH_343|LH_197|LH_301|LH_85|LH_61|LH_264|LH_446|LH_273|LH_455|LH_188|LH_199|LH_452|LH_74|LH_443|LH_423|LH_395|LH_265|LH_29|LH_40|LH_120|LH_190|LH_73|LH_348|LH_415|LH_474|LH_337|LH_12|LH_178|LH_212|LH_402|LH_478|LH_412|LH_241|LH_454|LH_165|LH_14|LH_206|LH_325|LH_279|LH_398|LH_366|LH_462|LH_4|LH_221|LH_421|LH_389|LH_181|LH_413|LH_32|LH_316,LH_493|LH_473|LH_215|LH_324|LH_425|LH_139|LH_424|LH_385|LH_131|LH_453|LH_98|LH_470|LH_68|LH_5|LH_459|LH_236|LH_466|LH_227|LH_487|LH_78|LH_90|LH_439|LH_278|LH_119|LH_368|LH_322|LH_253|LH_147|LH_435|LH_30|LH_397|LH_256|LH_272|LH_207|LH_117|LH_180|LH_430|LH_186|LH_321|LH_45|LH_300|LH_96|LH_8|LH_401|LH_450|LH_198|LH_233|LH_370|LH_37|LH_200|LH_283|LH_479|LH_171|LH_87|LH_134|LH_336|LH_249|LH_42|LH_371|LH_92|LH_427|LH_386|LH_16|LH_261|LH_191|LH_214|LH_342|LH_266|LH_248|LH_467|LH_457|LH_407|LH_326|LH_275|LH_350,LH_222|LH_262|LH_330|LH_444|LH_203|LH_6|LH_472|LH_414|LH_289|LH_269|LH_327|LH_311|LH_420|LH_105|LH_247|LH_410|LH_267|LH_175|LH_156|LH_496|LH_18|LH_428|LH_240|LH_135|LH_244|LH_293|LH_220|LH_149|LH_10|LH_404|LH_64|LH_72|LH_341|LH_47|LH_22|LH_52|LH_229|LH_374|LH_161|LH_3|LH_35|LH_193|LH_305|LH_449|LH_497|LH_396|LH_223|LH_463|LH_0|LH_83|LH_125|LH_359|LH_485|LH_486|LH_172|LH_69|LH_81|LH_499|LH_436|LH_174|LH_170|LH_287|LH_274|LH_194|LH_19|LH_447|LH_461|LH_429|LH_55|LH_136|LH_208|LH_393|LH_44|LH_137|LH_26,853549f16ef8eb3d7f18ae850c94b13c0c8bf0e770bb99cfbffff48b03530266,True,True,True,True,True,True,complete,True,0.09633597382477352,0.1044387591878573,0.09732251067956289,0.1139835144374115,0.012992241563503596,-0.003568532980047223,-0.05109381601225733,defined,0.29364533245563507,0.2892817310492198,0.11454688870034196,0.002007242989966252,0.017523330513299743,75,0.0,0.0,0.28597286343574524,0.2973439693450928,0.011371105909347534,-0.004363601406415303,0.11466697025370934,0.20394909381866455,not recorded,not recorded,316f1e335f86048f10fe5552ab08fcf6c02977b72b5c78b263d6458e9e1ad60a,True,1.734723475976807e-18,knn_alternative,alternative_protocol,alternative_protocol,unique,"k=12, expected 8"
Static GCN,static_gcn_u500_top100_norm-minmax_k12_h32_l3_gpool-mean_conv-gcn_batch8_factorial_seed2025,experiments/static_gcn_u500_top100_norm-minmax_k12_h32_l3_gpool-mean_conv-gcn_batch8_factorial_seed2025,data/processed/static_500u_logmass_minmax_top100_periodic_knn_k12/camels_500u_static_logmass_minmax_top100_periodic_knn_k12.pt,data/processed/static_500u_logmass_minmax_top100_periodic_knn_k12/camels_500u_static_logmass_minmax_top100_periodic_knn_k12.metadata.json,static_final_snapshot,500,LH_0..LH_499,1,final snapshot a=1.0,100,log10_Mvir|X|Y|Z|VX|VY|VZ,minmax,per_universe_per_snapshot_per_feature,False,True,12,25.0,32,3,gcn,True,mean,not_applicable,static_mlp_readout,"Linear(D,H)-ReLU-Dropout-Linear(H,H/2)-ReLU-Dropout-Linear(H/2,1)",False,False,8,300,40,0.001,1e-05,0.2,relu,1.0,MSE,2025,0.7|0.15|0.15,LH_322|LH_49|LH_312|LH_130|LH_467|LH_459|LH_70|LH_456|LH_248|LH_365|LH_329|LH_63|LH_331|LH_324|LH_311|LH_87|LH_469|LH_119|LH_209|LH_452|LH_212|LH_167|LH_91|LH_460|LH_485|LH_255|LH_155|LH_458|LH_372|LH_479|LH_446|LH_97|LH_19|LH_149|LH_170|LH_287|LH_334|LH_495|LH_369|LH_318|LH_144|LH_440|LH_297|LH_219|LH_498|LH_350|LH_177|LH_368|LH_339|LH_8|LH_129|LH_275|LH_345|LH_206|LH_92|LH_36|LH_46|LH_128|LH_490|LH_103|LH_411|LH_237|LH_249|LH_434|LH_201|LH_114|LH_325|LH_284|LH_10|LH_239|LH_224|LH_277|LH_138|LH_281|LH_315|LH_361|LH_439|LH_274|LH_379|LH_57|LH_173|LH_455|LH_407|LH_113|LH_437|LH_360|LH_317|LH_250|LH_207|LH_26|LH_236|LH_89|LH_110|LH_102|LH_83|LH_299|LH_366|LH_6|LH_216|LH_191|LH_463|LH_454|LH_17|LH_85|LH_482|LH_112|LH_4|LH_223|LH_417|LH_444|LH_347|LH_20|LH_349|LH_306|LH_40|LH_380|LH_185|LH_151|LH_390|LH_174|LH_303|LH_494|LH_432|LH_241|LH_41|LH_21|LH_164|LH_478|LH_328|LH_80|LH_148|LH_246|LH_441|LH_340|LH_364|LH_422|LH_435|LH_154|LH_158|LH_24|LH_396|LH_447|LH_198|LH_54|LH_146|LH_217|LH_35|LH_18|LH_32|LH_389|LH_359|LH_68|LH_320|LH_337|LH_356|LH_358|LH_426|LH_405|LH_464|LH_240|LH_348|LH_74|LH_357|LH_443|LH_252|LH_302|LH_256|LH_53|LH_55|LH_160|LH_415|LH_465|LH_199|LH_273|LH_135|LH_107|LH_412|LH_61|LH_342|LH_247|LH_374|LH_289|LH_294|LH_71|LH_449|LH_404|LH_197|LH_375|LH_376|LH_47|LH_120|LH_121|LH_453|LH_211|LH_242|LH_67|LH_305|LH_156|LH_332|LH_265|LH_314|LH_496|LH_431|LH_153|LH_84|LH_268|LH_95|LH_187|LH_43|LH_9|LH_111|LH_168|LH_262|LH_338|LH_225|LH_1|LH_413|LH_2|LH_269|LH_231|LH_316|LH_267|LH_81|LH_193|LH_468|LH_397|LH_386|LH_423|LH_286|LH_31|LH_66|LH_65|LH_346|LH_28|LH_497|LH_245|LH_336|LH_178|LH_254|LH_486|LH_215|LH_476|LH_7|LH_343|LH_194|LH_425|LH_378|LH_427|LH_86|LH_29|LH_64|LH_23|LH_229|LH_333|LH_139|LH_251|LH_414|LH_51|LH_260|LH_147|LH_45|LH_475|LH_308|LH_290|LH_436|LH_200|LH_477|LH_424|LH_238|LH_11|LH_183|LH_382|LH_234|LH_480|LH_450|LH_162|LH_136|LH_145|LH_221|LH_430|LH_27|LH_98|LH_137|LH_488|LH_115|LH_152|LH_172|LH_448|LH_3|LH_30|LH_385|LH_134|LH_296|LH_52|LH_419|LH_384|LH_93|LH_253|LH_418|LH_487|LH_171|LH_58|LH_131|LH_79|LH_127|LH_481|LH_403|LH_399|LH_213|LH_218|LH_232|LH_259|LH_371|LH_76|LH_470|LH_133|LH_166|LH_243|LH_393|LH_189|LH_182|LH_264|LH_180|LH_352|LH_406|LH_395|LH_370|LH_344|LH_214|LH_123|LH_377|LH_420|LH_39|LH_94|LH_230|LH_309|LH_117|LH_202|LH_355|LH_186|LH_163|LH_321|LH_442|LH_354|LH_161|LH_122|LH_493|LH_72|LH_100|LH_222,LH_298|LH_48|LH_5|LH_471|LH_132|LH_77|LH_367|LH_227|LH_323|LH_73|LH_109|LH_104|LH_363|LH_105|LH_445|LH_351|LH_208|LH_293|LH_258|LH_12|LH_381|LH_157|LH_126|LH_263|LH_175|LH_196|LH_257|LH_78|LH_292|LH_472|LH_276|LH_301|LH_280|LH_319|LH_429|LH_179|LH_491|LH_466|LH_326|LH_433|LH_140|LH_451|LH_141|LH_341|LH_75|LH_499|LH_38|LH_184|LH_150|LH_410|LH_143|LH_82|LH_159|LH_307|LH_271|LH_278|LH_462|LH_176|LH_125|LH_474|LH_169|LH_388|LH_473|LH_438|LH_335|LH_220|LH_288|LH_383|LH_387|LH_37|LH_353|LH_204|LH_233|LH_408|LH_409,LH_272|LH_228|LH_492|LH_165|LH_373|LH_421|LH_90|LH_295|LH_416|LH_226|LH_142|LH_391|LH_457|LH_300|LH_44|LH_188|LH_282|LH_69|LH_401|LH_59|LH_16|LH_310|LH_124|LH_62|LH_106|LH_101|LH_279|LH_56|LH_304|LH_15|LH_266|LH_181|LH_235|LH_203|LH_327|LH_400|LH_402|LH_116|LH_362|LH_13|LH_96|LH_394|LH_99|LH_461|LH_398|LH_34|LH_261|LH_283|LH_14|LH_313|LH_25|LH_210|LH_483|LH_489|LH_108|LH_392|LH_60|LH_22|LH_50|LH_205|LH_195|LH_33|LH_118|LH_291|LH_192|LH_190|LH_0|LH_270|LH_88|LH_484|LH_244|LH_428|LH_330|LH_42|LH_285,3ce48b66c11e30bec459c52ba7f4a900809dd2b45be0995b8b56aeaefc747951,True,True,True,True,True,True,complete,True,0.09709715913449014,0.09783882409334183,0.10313976993163426,0.11986673594154365,0.01436803438527975,-0.012199099311091866,-0.04757348272069304,defined,0.29471200038989387,0.30547475934028623,0.11994453853216079,0.003815523530626367,0.03181073167081558,75,0.0,0.0,0.2890447974205017,0.3072251081466675,0.01818031072616577,0.010762758950392404,0.12018649952172657,0.1949085220694542,not recorded,not recorded,1d17b462d04279ec2e31566249246c2e69ffc63105ce8c83f6309911022599cd,True,1.3877787807814457e-17,knn_alternative,alternative_protocol,alternative_protocol,unique,"k=12, expected 8"
Static GCN,static_gcn_u500_top100_norm-minmax_k12_h32_l3_gpool-mean_conv-gcn_batch8_factorial_seed42,experiments/static_gcn_u500_top100_norm-minmax_k12_h32_l3_gpool-mean_conv-gcn_batch8_factorial_seed42,data/processed/static_500u_logmass_minmax_top100_periodic_knn_k12/camels_500u_static_logmass_minmax_top100_periodic_knn_k12.pt,data/processed/static_500u_logmass_minmax_top100_periodic_knn_k12/camels_500u_static_logmass_minmax_top100_periodic_knn_k12.metadata.json,static_final_snapshot,500,LH_0..LH_499,1,final snapshot a=1.0,100,log10_Mvir|X|Y|Z|VX|VY|VZ,minmax,per_universe_per_snapshot_per_feature,False,True,12,25.0,32,3,gcn,True,mean,not_applicable,static_mlp_readout,"Linear(D,H)-ReLU-Dropout-Linear(H,H/2)-ReLU-Dropout-Linear(H/2,1)",False,False,8,300,40,0.001,1e-05,0.2,relu,1.0,MSE,42,0.7|0.15|0.15,LH_164|LH_383|LH_45|LH_156|LH_53|LH_72|LH_315|LH_209|LH_74|LH_333|LH_403|LH_415|LH_92|LH_215|LH_479|LH_59|LH_368|LH_163|LH_210|LH_251|LH_443|LH_320|LH_289|LH_389|LH_7|LH_462|LH_249|LH_228|LH_245|LH_211|LH_129|LH_162|LH_223|LH_41|LH_278|LH_21|LH_434|LH_68|LH_227|LH_151|LH_369|LH_217|LH_154|LH_177|LH_397|LH_139|LH_141|LH_326|LH_175|LH_170|LH_88|LH_96|LH_439|LH_303|LH_50|LH_199|LH_297|LH_131|LH_120|LH_358|LH_180|LH_370|LH_37|LH_160|LH_4|LH_93|LH_304|LH_188|LH_374|LH_453|LH_94|LH_468|LH_292|LH_340|LH_407|LH_408|LH_187|LH_334|LH_213|LH_127|LH_11|LH_6|LH_442|LH_246|LH_396|LH_425|LH_345|LH_89|LH_426|LH_26|LH_77|LH_184|LH_262|LH_207|LH_182|LH_95|LH_100|LH_419|LH_394|LH_155|LH_230|LH_362|LH_237|LH_353|LH_85|LH_323|LH_171|LH_393|LH_153|LH_313|LH_38|LH_392|LH_69|LH_106|LH_348|LH_489|LH_428|LH_158|LH_31|LH_244|LH_8|LH_267|LH_485|LH_233|LH_261|LH_401|LH_291|LH_198|LH_132|LH_324|LH_322|LH_2|LH_18|LH_488|LH_263|LH_76|LH_253|LH_314|LH_351|LH_471|LH_143|LH_449|LH_66|LH_179|LH_133|LH_144|LH_406|LH_280|LH_269|LH_466|LH_208|LH_145|LH_432|LH_277|LH_341|LH_465|LH_317|LH_17|LH_448|LH_20|LH_130|LH_238|LH_296|LH_286|LH_336|LH_300|LH_149|LH_203|LH_387|LH_398|LH_190|LH_201|LH_418|LH_14|LH_55|LH_75|LH_284|LH_39|LH_391|LH_460|LH_257|LH_178|LH_212|LH_472|LH_420|LH_67|LH_99|LH_476|LH_97|LH_196|LH_339|LH_288|LH_318|LH_457|LH_124|LH_242|LH_42|LH_60|LH_192|LH_422|LH_266|LH_254|LH_384|LH_497|LH_226|LH_495|LH_113|LH_19|LH_218|LH_118|LH_364|LH_385|LH_437|LH_293|LH_493|LH_378|LH_241|LH_446|LH_435|LH_27|LH_220|LH_469|LH_86|LH_361|LH_103|LH_481|LH_25|LH_307|LH_167|LH_450|LH_475|LH_410|LH_221|LH_416|LH_105|LH_371|LH_90|LH_452|LH_168|LH_240|LH_402|LH_48|LH_104|LH_206|LH_247|LH_200|LH_62|LH_477|LH_147|LH_146|LH_225|LH_421|LH_484|LH_491|LH_451|LH_109|LH_294|LH_440|LH_121|LH_265|LH_169|LH_381|LH_34|LH_268|LH_30|LH_400|LH_461|LH_354|LH_382|LH_10|LH_173|LH_342|LH_115|LH_363|LH_61|LH_231|LH_264|LH_224|LH_312|LH_356|LH_159|LH_102|LH_310|LH_372|LH_344|LH_337|LH_365|LH_84|LH_281|LH_243|LH_65|LH_64|LH_272|LH_423|LH_248|LH_43|LH_417|LH_375|LH_123|LH_29|LH_122|LH_157|LH_355|LH_330|LH_9|LH_250|LH_165|LH_306|LH_0|LH_271|LH_276|LH_82|LH_191|LH_347|LH_473|LH_399|LH_319|LH_152|LH_54|LH_259|LH_91|LH_256|LH_430|LH_1|LH_459|LH_80|LH_222|LH_431|LH_498|LH_455|LH_328|LH_404|LH_436|LH_58|LH_5|LH_283|LH_128|LH_270|LH_239|LH_405|LH_195|LH_197|LH_32|LH_305|LH_487|LH_458|LH_429|LH_78|LH_56|LH_24,LH_46|LH_252|LH_260|LH_70|LH_386|LH_427|LH_204|LH_298|LH_219|LH_299|LH_134|LH_275|LH_474|LH_126|LH_492|LH_441|LH_73|LH_234|LH_329|LH_202|LH_255|LH_335|LH_376|LH_380|LH_367|LH_290|LH_108|LH_33|LH_137|LH_205|LH_161|LH_482|LH_117|LH_28|LH_166|LH_350|LH_467|LH_285|LH_352|LH_499|LH_138|LH_463|LH_236|LH_409|LH_494|LH_438|LH_273|LH_87|LH_411|LH_311|LH_36|LH_331|LH_349|LH_470|LH_136|LH_343|LH_107|LH_181|LH_189|LH_83|LH_186|LH_325|LH_232|LH_454|LH_447|LH_51|LH_478|LH_444|LH_148|LH_395|LH_116|LH_338|LH_23|LH_35|LH_360,LH_98|LH_295|LH_185|LH_316|LH_321|LH_424|LH_150|LH_282|LH_40|LH_193|LH_63|LH_274|LH_235|LH_373|LH_22|LH_413|LH_135|LH_309|LH_176|LH_433|LH_183|LH_49|LH_194|LH_480|LH_490|LH_172|LH_390|LH_110|LH_79|LH_464|LH_174|LH_483|LH_357|LH_81|LH_412|LH_388|LH_3|LH_445|LH_414|LH_142|LH_301|LH_229|LH_112|LH_214|LH_486|LH_359|LH_332|LH_366|LH_101|LH_287|LH_13|LH_308|LH_258|LH_119|LH_111|LH_47|LH_15|LH_16|LH_216|LH_302|LH_44|LH_279|LH_456|LH_496|LH_346|LH_52|LH_377|LH_71|LH_114|LH_125|LH_140|LH_379|LH_12|LH_57|LH_327,0f963679cd284fca861fc2c59d88bdae8e8f1f21e2cbe1bb73bd593b49056748,True,True,True,True,True,True,complete,True,0.1008070781826973,0.09281264175971349,0.08587227046489715,0.10078432652949351,0.01015748047400357,0.01098904926405675,0.23891693154927665,defined,0.2916933327913284,0.2981648310025533,0.10202514478236673,0.003463002390687331,0.033942636377281094,12,0.84,0.84,0.29324275255203247,0.31863436102867126,0.025391608476638794,0.0064714982112248735,0.1012536294890297,0.1905251070857048,not recorded,not recorded,4fd65c1a01128d95aac6d4e01fbc4b65a2257a81a0094a32c61df0dbe16b81f7,True,0.0,knn_alternative,alternative_protocol,alternative_protocol,unique,"k=12, expected 8"
Static GCN,static_gcn_u500_top100_norm-minmax_k4_h32_l3_gpool-mean_conv-gcn_batch8_factorial_seed123,experiments/static_gcn_u500_top100_norm-minmax_k4_h32_l3_gpool-mean_conv-gcn_batch8_factorial_seed123,data/processed/static_500u_logmass_minmax_top100_periodic_knn_k4/camels_500u_static_logmass_minmax_top100_periodic_knn_k4.pt,data/processed/static_500u_logmass_minmax_top100_periodic_knn_k4/camels_500u_static_logmass_minmax_top100_periodic_knn_k4.metadata.json,static_final_snapshot,500,LH_0..LH_499,1,final snapshot a=1.0,100,log10_Mvir|X|Y|Z|VX|VY|VZ,minmax,per_universe_per_snapshot_per_feature,False,True,4,25.0,32,3,gcn,True,mean,not_applicable,static_mlp_readout,"Linear(D,H)-ReLU-Dropout-Linear(H,H/2)-ReLU-Dropout-Linear(H/2,1)",False,False,8,300,40,0.001,1e-05,0.2,relu,1.0,MSE,123,0.7|0.15|0.15,LH_380|LH_468|LH_145|LH_2|LH_282|LH_103|LH_148|LH_312|LH_130|LH_411|LH_168|LH_204|LH_113|LH_132|LH_418|LH_270|LH_351|LH_157|LH_451|LH_339|LH_288|LH_277|LH_354|LH_48|LH_318|LH_303|LH_314|LH_234|LH_95|LH_304|LH_271|LH_434|LH_173|LH_357|LH_495|LH_133|LH_431|LH_39|LH_490|LH_310|LH_317|LH_471|LH_23|LH_426|LH_224|LH_286|LH_20|LH_365|LH_255|LH_216|LH_405|LH_79|LH_228|LH_445|LH_189|LH_184|LH_243|LH_358|LH_276|LH_218|LH_488|LH_60|LH_438|LH_159|LH_167|LH_349|LH_89|LH_121|LH_333|LH_51|LH_9|LH_482|LH_152|LH_416|LH_379|LH_306|LH_111|LH_185|LH_340|LH_489|LH_475|LH_93|LH_84|LH_376|LH_291|LH_158|LH_250|LH_323|LH_406|LH_460|LH_50|LH_433|LH_372|LH_66|LH_108|LH_465|LH_71|LH_298|LH_369|LH_437|LH_211|LH_11|LH_110|LH_142|LH_28|LH_59|LH_163|LH_38|LH_24|LH_205|LH_440|LH_140|LH_177|LH_252|LH_235|LH_245|LH_242|LH_25|LH_21|LH_217|LH_160|LH_231|LH_77|LH_151|LH_54|LH_345|LH_280|LH_257|LH_456|LH_308|LH_331|LH_58|LH_360|LH_179|LH_464|LH_388|LH_129|LH_285|LH_347|LH_56|LH_387|LH_169|LH_36|LH_138|LH_319|LH_296|LH_246|LH_122|LH_33|LH_127|LH_109|LH_363|LH_183|LH_196|LH_422|LH_86|LH_400|LH_297|LH_346|LH_116|LH_63|LH_88|LH_477|LH_144|LH_112|LH_362|LH_399|LH_334|LH_62|LH_353|LH_146|LH_373|LH_27|LH_76|LH_260|LH_150|LH_210|LH_195|LH_290|LH_82|LH_154|LH_432|LH_320|LH_361|LH_75|LH_17|LH_94|LH_238|LH_143|LH_469|LH_67|LH_225|LH_391|LH_106|LH_15|LH_97|LH_46|LH_49|LH_192|LH_226|LH_114|LH_302|LH_356|LH_91|LH_80|LH_107|LH_329|LH_209|LH_384|LH_409|LH_13|LH_176|LH_299|LH_483|LH_295|LH_491|LH_332|LH_292|LH_153|LH_202|LH_268|LH_1|LH_417|LH_313|LH_375|LH_128|LH_352|LH_57|LH_408|LH_254|LH_382|LH_390|LH_377|LH_328|LH_213|LH_182|LH_65|LH_7|LH_315|LH_101|LH_187|LH_126|LH_123|LH_394|LH_201|LH_251|LH_494|LH_239|LH_383|LH_367|LH_237|LH_34|LH_307|LH_141|LH_403|LH_344|LH_162|LH_43|LH_118|LH_498|LH_99|LH_392|LH_102|LH_258|LH_100|LH_41|LH_281|LH_364|LH_492|LH_448|LH_164|LH_104|LH_124|LH_259|LH_355|LH_458|LH_484|LH_115|LH_309|LH_338|LH_53|LH_381|LH_442|LH_70|LH_284|LH_263|LH_419|LH_166|LH_441|LH_481|LH_335|LH_219|LH_155|LH_294|LH_230|LH_378|LH_476|LH_232|LH_480|LH_31|LH_343|LH_197|LH_301|LH_85|LH_61|LH_264|LH_446|LH_273|LH_455|LH_188|LH_199|LH_452|LH_74|LH_443|LH_423|LH_395|LH_265|LH_29|LH_40|LH_120|LH_190|LH_73|LH_348|LH_415|LH_474|LH_337|LH_12|LH_178|LH_212|LH_402|LH_478|LH_412|LH_241|LH_454|LH_165|LH_14|LH_206|LH_325|LH_279|LH_398|LH_366|LH_462|LH_4|LH_221|LH_421|LH_389|LH_181|LH_413|LH_32|LH_316,LH_493|LH_473|LH_215|LH_324|LH_425|LH_139|LH_424|LH_385|LH_131|LH_453|LH_98|LH_470|LH_68|LH_5|LH_459|LH_236|LH_466|LH_227|LH_487|LH_78|LH_90|LH_439|LH_278|LH_119|LH_368|LH_322|LH_253|LH_147|LH_435|LH_30|LH_397|LH_256|LH_272|LH_207|LH_117|LH_180|LH_430|LH_186|LH_321|LH_45|LH_300|LH_96|LH_8|LH_401|LH_450|LH_198|LH_233|LH_370|LH_37|LH_200|LH_283|LH_479|LH_171|LH_87|LH_134|LH_336|LH_249|LH_42|LH_371|LH_92|LH_427|LH_386|LH_16|LH_261|LH_191|LH_214|LH_342|LH_266|LH_248|LH_467|LH_457|LH_407|LH_326|LH_275|LH_350,LH_222|LH_262|LH_330|LH_444|LH_203|LH_6|LH_472|LH_414|LH_289|LH_269|LH_327|LH_311|LH_420|LH_105|LH_247|LH_410|LH_267|LH_175|LH_156|LH_496|LH_18|LH_428|LH_240|LH_135|LH_244|LH_293|LH_220|LH_149|LH_10|LH_404|LH_64|LH_72|LH_341|LH_47|LH_22|LH_52|LH_229|LH_374|LH_161|LH_3|LH_35|LH_193|LH_305|LH_449|LH_497|LH_396|LH_223|LH_463|LH_0|LH_83|LH_125|LH_359|LH_485|LH_486|LH_172|LH_69|LH_81|LH_499|LH_436|LH_174|LH_170|LH_287|LH_274|LH_194|LH_19|LH_447|LH_461|LH_429|LH_55|LH_136|LH_208|LH_393|LH_44|LH_137|LH_26,853549f16ef8eb3d7f18ae850c94b13c0c8bf0e770bb99cfbffff48b03530266,True,True,True,True,True,True,complete,True,0.0962544583422797,0.10445904622475306,0.09743845760822296,0.11379488619848535,0.012949276124926232,-0.00024972444718751596,0.004551534001146711,defined,0.29364533245563507,0.29534013946851095,0.11454688870034196,0.0013196533239482704,0.011520638743846831,17,0.7733333333333333,0.7733333333333333,0.2930843234062195,0.3049277067184448,0.011843383312225342,0.0016948070128758748,0.11454848386686739,0.19897541403770447,not recorded,not recorded,c4bf0a4b1ccb74b053fbe153d22d9bf9ebd427bcd8b7eb3093063997605bc55a,True,1.3877787807814457e-17,knn_alternative,alternative_protocol,alternative_protocol,unique,"k=4, expected 8"
Static GCN,static_gcn_u500_top100_norm-minmax_k4_h32_l3_gpool-mean_conv-gcn_batch8_factorial_seed2025,experiments/static_gcn_u500_top100_norm-minmax_k4_h32_l3_gpool-mean_conv-gcn_batch8_factorial_seed2025,data/processed/static_500u_logmass_minmax_top100_periodic_knn_k4/camels_500u_static_logmass_minmax_top100_periodic_knn_k4.pt,data/processed/static_500u_logmass_minmax_top100_periodic_knn_k4/camels_500u_static_logmass_minmax_top100_periodic_knn_k4.metadata.json,static_final_snapshot,500,LH_0..LH_499,1,final snapshot a=1.0,100,log10_Mvir|X|Y|Z|VX|VY|VZ,minmax,per_universe_per_snapshot_per_feature,False,True,4,25.0,32,3,gcn,True,mean,not_applicable,static_mlp_readout,"Linear(D,H)-ReLU-Dropout-Linear(H,H/2)-ReLU-Dropout-Linear(H/2,1)",False,False,8,300,40,0.001,1e-05,0.2,relu,1.0,MSE,2025,0.7|0.15|0.15,LH_322|LH_49|LH_312|LH_130|LH_467|LH_459|LH_70|LH_456|LH_248|LH_365|LH_329|LH_63|LH_331|LH_324|LH_311|LH_87|LH_469|LH_119|LH_209|LH_452|LH_212|LH_167|LH_91|LH_460|LH_485|LH_255|LH_155|LH_458|LH_372|LH_479|LH_446|LH_97|LH_19|LH_149|LH_170|LH_287|LH_334|LH_495|LH_369|LH_318|LH_144|LH_440|LH_297|LH_219|LH_498|LH_350|LH_177|LH_368|LH_339|LH_8|LH_129|LH_275|LH_345|LH_206|LH_92|LH_36|LH_46|LH_128|LH_490|LH_103|LH_411|LH_237|LH_249|LH_434|LH_201|LH_114|LH_325|LH_284|LH_10|LH_239|LH_224|LH_277|LH_138|LH_281|LH_315|LH_361|LH_439|LH_274|LH_379|LH_57|LH_173|LH_455|LH_407|LH_113|LH_437|LH_360|LH_317|LH_250|LH_207|LH_26|LH_236|LH_89|LH_110|LH_102|LH_83|LH_299|LH_366|LH_6|LH_216|LH_191|LH_463|LH_454|LH_17|LH_85|LH_482|LH_112|LH_4|LH_223|LH_417|LH_444|LH_347|LH_20|LH_349|LH_306|LH_40|LH_380|LH_185|LH_151|LH_390|LH_174|LH_303|LH_494|LH_432|LH_241|LH_41|LH_21|LH_164|LH_478|LH_328|LH_80|LH_148|LH_246|LH_441|LH_340|LH_364|LH_422|LH_435|LH_154|LH_158|LH_24|LH_396|LH_447|LH_198|LH_54|LH_146|LH_217|LH_35|LH_18|LH_32|LH_389|LH_359|LH_68|LH_320|LH_337|LH_356|LH_358|LH_426|LH_405|LH_464|LH_240|LH_348|LH_74|LH_357|LH_443|LH_252|LH_302|LH_256|LH_53|LH_55|LH_160|LH_415|LH_465|LH_199|LH_273|LH_135|LH_107|LH_412|LH_61|LH_342|LH_247|LH_374|LH_289|LH_294|LH_71|LH_449|LH_404|LH_197|LH_375|LH_376|LH_47|LH_120|LH_121|LH_453|LH_211|LH_242|LH_67|LH_305|LH_156|LH_332|LH_265|LH_314|LH_496|LH_431|LH_153|LH_84|LH_268|LH_95|LH_187|LH_43|LH_9|LH_111|LH_168|LH_262|LH_338|LH_225|LH_1|LH_413|LH_2|LH_269|LH_231|LH_316|LH_267|LH_81|LH_193|LH_468|LH_397|LH_386|LH_423|LH_286|LH_31|LH_66|LH_65|LH_346|LH_28|LH_497|LH_245|LH_336|LH_178|LH_254|LH_486|LH_215|LH_476|LH_7|LH_343|LH_194|LH_425|LH_378|LH_427|LH_86|LH_29|LH_64|LH_23|LH_229|LH_333|LH_139|LH_251|LH_414|LH_51|LH_260|LH_147|LH_45|LH_475|LH_308|LH_290|LH_436|LH_200|LH_477|LH_424|LH_238|LH_11|LH_183|LH_382|LH_234|LH_480|LH_450|LH_162|LH_136|LH_145|LH_221|LH_430|LH_27|LH_98|LH_137|LH_488|LH_115|LH_152|LH_172|LH_448|LH_3|LH_30|LH_385|LH_134|LH_296|LH_52|LH_419|LH_384|LH_93|LH_253|LH_418|LH_487|LH_171|LH_58|LH_131|LH_79|LH_127|LH_481|LH_403|LH_399|LH_213|LH_218|LH_232|LH_259|LH_371|LH_76|LH_470|LH_133|LH_166|LH_243|LH_393|LH_189|LH_182|LH_264|LH_180|LH_352|LH_406|LH_395|LH_370|LH_344|LH_214|LH_123|LH_377|LH_420|LH_39|LH_94|LH_230|LH_309|LH_117|LH_202|LH_355|LH_186|LH_163|LH_321|LH_442|LH_354|LH_161|LH_122|LH_493|LH_72|LH_100|LH_222,LH_298|LH_48|LH_5|LH_471|LH_132|LH_77|LH_367|LH_227|LH_323|LH_73|LH_109|LH_104|LH_363|LH_105|LH_445|LH_351|LH_208|LH_293|LH_258|LH_12|LH_381|LH_157|LH_126|LH_263|LH_175|LH_196|LH_257|LH_78|LH_292|LH_472|LH_276|LH_301|LH_280|LH_319|LH_429|LH_179|LH_491|LH_466|LH_326|LH_433|LH_140|LH_451|LH_141|LH_341|LH_75|LH_499|LH_38|LH_184|LH_150|LH_410|LH_143|LH_82|LH_159|LH_307|LH_271|LH_278|LH_462|LH_176|LH_125|LH_474|LH_169|LH_388|LH_473|LH_438|LH_335|LH_220|LH_288|LH_383|LH_387|LH_37|LH_353|LH_204|LH_233|LH_408|LH_409,LH_272|LH_228|LH_492|LH_165|LH_373|LH_421|LH_90|LH_295|LH_416|LH_226|LH_142|LH_391|LH_457|LH_300|LH_44|LH_188|LH_282|LH_69|LH_401|LH_59|LH_16|LH_310|LH_124|LH_62|LH_106|LH_101|LH_279|LH_56|LH_304|LH_15|LH_266|LH_181|LH_235|LH_203|LH_327|LH_400|LH_402|LH_116|LH_362|LH_13|LH_96|LH_394|LH_99|LH_461|LH_398|LH_34|LH_261|LH_283|LH_14|LH_313|LH_25|LH_210|LH_483|LH_489|LH_108|LH_392|LH_60|LH_22|LH_50|LH_205|LH_195|LH_33|LH_118|LH_291|LH_192|LH_190|LH_0|LH_270|LH_88|LH_484|LH_244|LH_428|LH_330|LH_42|LH_285,3ce48b66c11e30bec459c52ba7f4a900809dd2b45be0995b8b56aeaefc747951,True,True,True,True,True,True,complete,True,0.09511420609695571,0.0974944348136584,0.10372771014769872,0.11957196075052486,0.014297453797725058,-0.007226838997955287,0.11445067407609798,defined,0.29471200038989387,0.3109933650493622,0.11994453853216079,0.008853727267189145,0.07381517637683178,75,0.0,0.0,0.29448509216308594,0.3519856333732605,0.05750054121017456,0.016281364659468334,0.11925601702714851,0.20803814381361008,not recorded,not recorded,f7fe943507c700ed40cd3cc7acb7340e28780914fff7cdf8de07a54e19f5ef90,True,1.3877787807814457e-17,knn_alternative,alternative_protocol,alternative_protocol,unique,"k=4, expected 8"
Static GCN,static_gcn_u500_top100_norm-minmax_k4_h32_l3_gpool-mean_conv-gcn_batch8_factorial_seed42,experiments/static_gcn_u500_top100_norm-minmax_k4_h32_l3_gpool-mean_conv-gcn_batch8_factorial_seed42,data/processed/static_500u_logmass_minmax_top100_periodic_knn_k4/camels_500u_static_logmass_minmax_top100_periodic_knn_k4.pt,data/processed/static_500u_logmass_minmax_top100_periodic_knn_k4/camels_500u_static_logmass_minmax_top100_periodic_knn_k4.metadata.json,static_final_snapshot,500,LH_0..LH_499,1,final snapshot a=1.0,100,log10_Mvir|X|Y|Z|VX|VY|VZ,minmax,per_universe_per_snapshot_per_feature,False,True,4,25.0,32,3,gcn,True,mean,not_applicable,static_mlp_readout,"Linear(D,H)-ReLU-Dropout-Linear(H,H/2)-ReLU-Dropout-Linear(H/2,1)",False,False,8,300,40,0.001,1e-05,0.2,relu,1.0,MSE,42,0.7|0.15|0.15,LH_164|LH_383|LH_45|LH_156|LH_53|LH_72|LH_315|LH_209|LH_74|LH_333|LH_403|LH_415|LH_92|LH_215|LH_479|LH_59|LH_368|LH_163|LH_210|LH_251|LH_443|LH_320|LH_289|LH_389|LH_7|LH_462|LH_249|LH_228|LH_245|LH_211|LH_129|LH_162|LH_223|LH_41|LH_278|LH_21|LH_434|LH_68|LH_227|LH_151|LH_369|LH_217|LH_154|LH_177|LH_397|LH_139|LH_141|LH_326|LH_175|LH_170|LH_88|LH_96|LH_439|LH_303|LH_50|LH_199|LH_297|LH_131|LH_120|LH_358|LH_180|LH_370|LH_37|LH_160|LH_4|LH_93|LH_304|LH_188|LH_374|LH_453|LH_94|LH_468|LH_292|LH_340|LH_407|LH_408|LH_187|LH_334|LH_213|LH_127|LH_11|LH_6|LH_442|LH_246|LH_396|LH_425|LH_345|LH_89|LH_426|LH_26|LH_77|LH_184|LH_262|LH_207|LH_182|LH_95|LH_100|LH_419|LH_394|LH_155|LH_230|LH_362|LH_237|LH_353|LH_85|LH_323|LH_171|LH_393|LH_153|LH_313|LH_38|LH_392|LH_69|LH_106|LH_348|LH_489|LH_428|LH_158|LH_31|LH_244|LH_8|LH_267|LH_485|LH_233|LH_261|LH_401|LH_291|LH_198|LH_132|LH_324|LH_322|LH_2|LH_18|LH_488|LH_263|LH_76|LH_253|LH_314|LH_351|LH_471|LH_143|LH_449|LH_66|LH_179|LH_133|LH_144|LH_406|LH_280|LH_269|LH_466|LH_208|LH_145|LH_432|LH_277|LH_341|LH_465|LH_317|LH_17|LH_448|LH_20|LH_130|LH_238|LH_296|LH_286|LH_336|LH_300|LH_149|LH_203|LH_387|LH_398|LH_190|LH_201|LH_418|LH_14|LH_55|LH_75|LH_284|LH_39|LH_391|LH_460|LH_257|LH_178|LH_212|LH_472|LH_420|LH_67|LH_99|LH_476|LH_97|LH_196|LH_339|LH_288|LH_318|LH_457|LH_124|LH_242|LH_42|LH_60|LH_192|LH_422|LH_266|LH_254|LH_384|LH_497|LH_226|LH_495|LH_113|LH_19|LH_218|LH_118|LH_364|LH_385|LH_437|LH_293|LH_493|LH_378|LH_241|LH_446|LH_435|LH_27|LH_220|LH_469|LH_86|LH_361|LH_103|LH_481|LH_25|LH_307|LH_167|LH_450|LH_475|LH_410|LH_221|LH_416|LH_105|LH_371|LH_90|LH_452|LH_168|LH_240|LH_402|LH_48|LH_104|LH_206|LH_247|LH_200|LH_62|LH_477|LH_147|LH_146|LH_225|LH_421|LH_484|LH_491|LH_451|LH_109|LH_294|LH_440|LH_121|LH_265|LH_169|LH_381|LH_34|LH_268|LH_30|LH_400|LH_461|LH_354|LH_382|LH_10|LH_173|LH_342|LH_115|LH_363|LH_61|LH_231|LH_264|LH_224|LH_312|LH_356|LH_159|LH_102|LH_310|LH_372|LH_344|LH_337|LH_365|LH_84|LH_281|LH_243|LH_65|LH_64|LH_272|LH_423|LH_248|LH_43|LH_417|LH_375|LH_123|LH_29|LH_122|LH_157|LH_355|LH_330|LH_9|LH_250|LH_165|LH_306|LH_0|LH_271|LH_276|LH_82|LH_191|LH_347|LH_473|LH_399|LH_319|LH_152|LH_54|LH_259|LH_91|LH_256|LH_430|LH_1|LH_459|LH_80|LH_222|LH_431|LH_498|LH_455|LH_328|LH_404|LH_436|LH_58|LH_5|LH_283|LH_128|LH_270|LH_239|LH_405|LH_195|LH_197|LH_32|LH_305|LH_487|LH_458|LH_429|LH_78|LH_56|LH_24,LH_46|LH_252|LH_260|LH_70|LH_386|LH_427|LH_204|LH_298|LH_219|LH_299|LH_134|LH_275|LH_474|LH_126|LH_492|LH_441|LH_73|LH_234|LH_329|LH_202|LH_255|LH_335|LH_376|LH_380|LH_367|LH_290|LH_108|LH_33|LH_137|LH_205|LH_161|LH_482|LH_117|LH_28|LH_166|LH_350|LH_467|LH_285|LH_352|LH_499|LH_138|LH_463|LH_236|LH_409|LH_494|LH_438|LH_273|LH_87|LH_411|LH_311|LH_36|LH_331|LH_349|LH_470|LH_136|LH_343|LH_107|LH_181|LH_189|LH_83|LH_186|LH_325|LH_232|LH_454|LH_447|LH_51|LH_478|LH_444|LH_148|LH_395|LH_116|LH_338|LH_23|LH_35|LH_360,LH_98|LH_295|LH_185|LH_316|LH_321|LH_424|LH_150|LH_282|LH_40|LH_193|LH_63|LH_274|LH_235|LH_373|LH_22|LH_413|LH_135|LH_309|LH_176|LH_433|LH_183|LH_49|LH_194|LH_480|LH_490|LH_172|LH_390|LH_110|LH_79|LH_464|LH_174|LH_483|LH_357|LH_81|LH_412|LH_388|LH_3|LH_445|LH_414|LH_142|LH_301|LH_229|LH_112|LH_214|LH_486|LH_359|LH_332|LH_366|LH_101|LH_287|LH_13|LH_308|LH_258|LH_119|LH_111|LH_47|LH_15|LH_16|LH_216|LH_302|LH_44|LH_279|LH_456|LH_496|LH_346|LH_52|LH_377|LH_71|LH_114|LH_125|LH_140|LH_379|LH_12|LH_57|LH_327,0f963679cd284fca861fc2c59d88bdae8e8f1f21e2cbe1bb73bd593b49056748,True,True,True,True,True,True,complete,True,0.10074639265026365,0.09344887167215347,0.08639862438042958,0.10163982028879918,0.010330653068339394,-0.005872375437060873,nan,undefined_zero_prediction_variance,0.2916933327913284,0.2994593679904938,0.10202514478236673,0.0,0.0,1,0.9866666666666667,0.9866666666666667,0.2994593679904938,0.2994593679904938,0.0,0.007766035199165344,0.10202514478236673,0.1924593672156334,not recorded,not recorded,4aaeca2bcbfbc37f9f2a0647635cef6082a78cbd5ec0f230fc586bf7a7733828,True,0.0,knn_alternative,alternative_protocol,alternative_protocol,unique,"k=4, expected 8"
Static GCN,static_gcn_u500_top100_norm-minmax_k6_h32_l3_gpool-mean_conv-gcn_batch8_factorial_seed123,experiments/static_gcn_u500_top100_norm-minmax_k6_h32_l3_gpool-mean_conv-gcn_batch8_factorial_seed123,data/processed/static_500u_logmass_minmax_top100_periodic_knn_k6/camels_500u_static_logmass_minmax_top100_periodic_knn_k6.pt,data/processed/static_500u_logmass_minmax_top100_periodic_knn_k6/camels_500u_static_logmass_minmax_top100_periodic_knn_k6.metadata.json,static_final_snapshot,500,LH_0..LH_499,1,final snapshot a=1.0,100,log10_Mvir|X|Y|Z|VX|VY|VZ,minmax,per_universe_per_snapshot_per_feature,False,True,6,25.0,32,3,gcn,True,mean,not_applicable,static_mlp_readout,"Linear(D,H)-ReLU-Dropout-Linear(H,H/2)-ReLU-Dropout-Linear(H/2,1)",False,False,8,300,40,0.001,1e-05,0.2,relu,1.0,MSE,123,0.7|0.15|0.15,LH_380|LH_468|LH_145|LH_2|LH_282|LH_103|LH_148|LH_312|LH_130|LH_411|LH_168|LH_204|LH_113|LH_132|LH_418|LH_270|LH_351|LH_157|LH_451|LH_339|LH_288|LH_277|LH_354|LH_48|LH_318|LH_303|LH_314|LH_234|LH_95|LH_304|LH_271|LH_434|LH_173|LH_357|LH_495|LH_133|LH_431|LH_39|LH_490|LH_310|LH_317|LH_471|LH_23|LH_426|LH_224|LH_286|LH_20|LH_365|LH_255|LH_216|LH_405|LH_79|LH_228|LH_445|LH_189|LH_184|LH_243|LH_358|LH_276|LH_218|LH_488|LH_60|LH_438|LH_159|LH_167|LH_349|LH_89|LH_121|LH_333|LH_51|LH_9|LH_482|LH_152|LH_416|LH_379|LH_306|LH_111|LH_185|LH_340|LH_489|LH_475|LH_93|LH_84|LH_376|LH_291|LH_158|LH_250|LH_323|LH_406|LH_460|LH_50|LH_433|LH_372|LH_66|LH_108|LH_465|LH_71|LH_298|LH_369|LH_437|LH_211|LH_11|LH_110|LH_142|LH_28|LH_59|LH_163|LH_38|LH_24|LH_205|LH_440|LH_140|LH_177|LH_252|LH_235|LH_245|LH_242|LH_25|LH_21|LH_217|LH_160|LH_231|LH_77|LH_151|LH_54|LH_345|LH_280|LH_257|LH_456|LH_308|LH_331|LH_58|LH_360|LH_179|LH_464|LH_388|LH_129|LH_285|LH_347|LH_56|LH_387|LH_169|LH_36|LH_138|LH_319|LH_296|LH_246|LH_122|LH_33|LH_127|LH_109|LH_363|LH_183|LH_196|LH_422|LH_86|LH_400|LH_297|LH_346|LH_116|LH_63|LH_88|LH_477|LH_144|LH_112|LH_362|LH_399|LH_334|LH_62|LH_353|LH_146|LH_373|LH_27|LH_76|LH_260|LH_150|LH_210|LH_195|LH_290|LH_82|LH_154|LH_432|LH_320|LH_361|LH_75|LH_17|LH_94|LH_238|LH_143|LH_469|LH_67|LH_225|LH_391|LH_106|LH_15|LH_97|LH_46|LH_49|LH_192|LH_226|LH_114|LH_302|LH_356|LH_91|LH_80|LH_107|LH_329|LH_209|LH_384|LH_409|LH_13|LH_176|LH_299|LH_483|LH_295|LH_491|LH_332|LH_292|LH_153|LH_202|LH_268|LH_1|LH_417|LH_313|LH_375|LH_128|LH_352|LH_57|LH_408|LH_254|LH_382|LH_390|LH_377|LH_328|LH_213|LH_182|LH_65|LH_7|LH_315|LH_101|LH_187|LH_126|LH_123|LH_394|LH_201|LH_251|LH_494|LH_239|LH_383|LH_367|LH_237|LH_34|LH_307|LH_141|LH_403|LH_344|LH_162|LH_43|LH_118|LH_498|LH_99|LH_392|LH_102|LH_258|LH_100|LH_41|LH_281|LH_364|LH_492|LH_448|LH_164|LH_104|LH_124|LH_259|LH_355|LH_458|LH_484|LH_115|LH_309|LH_338|LH_53|LH_381|LH_442|LH_70|LH_284|LH_263|LH_419|LH_166|LH_441|LH_481|LH_335|LH_219|LH_155|LH_294|LH_230|LH_378|LH_476|LH_232|LH_480|LH_31|LH_343|LH_197|LH_301|LH_85|LH_61|LH_264|LH_446|LH_273|LH_455|LH_188|LH_199|LH_452|LH_74|LH_443|LH_423|LH_395|LH_265|LH_29|LH_40|LH_120|LH_190|LH_73|LH_348|LH_415|LH_474|LH_337|LH_12|LH_178|LH_212|LH_402|LH_478|LH_412|LH_241|LH_454|LH_165|LH_14|LH_206|LH_325|LH_279|LH_398|LH_366|LH_462|LH_4|LH_221|LH_421|LH_389|LH_181|LH_413|LH_32|LH_316,LH_493|LH_473|LH_215|LH_324|LH_425|LH_139|LH_424|LH_385|LH_131|LH_453|LH_98|LH_470|LH_68|LH_5|LH_459|LH_236|LH_466|LH_227|LH_487|LH_78|LH_90|LH_439|LH_278|LH_119|LH_368|LH_322|LH_253|LH_147|LH_435|LH_30|LH_397|LH_256|LH_272|LH_207|LH_117|LH_180|LH_430|LH_186|LH_321|LH_45|LH_300|LH_96|LH_8|LH_401|LH_450|LH_198|LH_233|LH_370|LH_37|LH_200|LH_283|LH_479|LH_171|LH_87|LH_134|LH_336|LH_249|LH_42|LH_371|LH_92|LH_427|LH_386|LH_16|LH_261|LH_191|LH_214|LH_342|LH_266|LH_248|LH_467|LH_457|LH_407|LH_326|LH_275|LH_350,LH_222|LH_262|LH_330|LH_444|LH_203|LH_6|LH_472|LH_414|LH_289|LH_269|LH_327|LH_311|LH_420|LH_105|LH_247|LH_410|LH_267|LH_175|LH_156|LH_496|LH_18|LH_428|LH_240|LH_135|LH_244|LH_293|LH_220|LH_149|LH_10|LH_404|LH_64|LH_72|LH_341|LH_47|LH_22|LH_52|LH_229|LH_374|LH_161|LH_3|LH_35|LH_193|LH_305|LH_449|LH_497|LH_396|LH_223|LH_463|LH_0|LH_83|LH_125|LH_359|LH_485|LH_486|LH_172|LH_69|LH_81|LH_499|LH_436|LH_174|LH_170|LH_287|LH_274|LH_194|LH_19|LH_447|LH_461|LH_429|LH_55|LH_136|LH_208|LH_393|LH_44|LH_137|LH_26,853549f16ef8eb3d7f18ae850c94b13c0c8bf0e770bb99cfbffff48b03530266,True,True,True,True,True,True,complete,True,0.0975635632446834,0.10473855306704839,0.09607514441013336,0.11299919824292774,0.012768818803544484,0.013689462905464578,0.11734874142872403,defined,0.29364533245563507,0.29461230397224425,0.11454688870034196,0.013097553565951913,0.11434228999633067,75,0.0,0.0,0.24125167727470398,0.3231339454650879,0.08188226819038391,0.0009669715166091919,0.11375597891755151,0.21274437010288239,not recorded,not recorded,a062d214d16712c872daba4a8aa79b5ae16beeaf14207e7a1dc58e99e07948aa,True,1.734723475976807e-18,knn_alternative,alternative_protocol,alternative_protocol,unique,"k=6, expected 8"
Static GCN,static_gcn_u500_top100_norm-minmax_k6_h32_l3_gpool-mean_conv-gcn_batch8_factorial_seed2025,experiments/static_gcn_u500_top100_norm-minmax_k6_h32_l3_gpool-mean_conv-gcn_batch8_factorial_seed2025,data/processed/static_500u_logmass_minmax_top100_periodic_knn_k6/camels_500u_static_logmass_minmax_top100_periodic_knn_k6.pt,data/processed/static_500u_logmass_minmax_top100_periodic_knn_k6/camels_500u_static_logmass_minmax_top100_periodic_knn_k6.metadata.json,static_final_snapshot,500,LH_0..LH_499,1,final snapshot a=1.0,100,log10_Mvir|X|Y|Z|VX|VY|VZ,minmax,per_universe_per_snapshot_per_feature,False,True,6,25.0,32,3,gcn,True,mean,not_applicable,static_mlp_readout,"Linear(D,H)-ReLU-Dropout-Linear(H,H/2)-ReLU-Dropout-Linear(H/2,1)",False,False,8,300,40,0.001,1e-05,0.2,relu,1.0,MSE,2025,0.7|0.15|0.15,LH_322|LH_49|LH_312|LH_130|LH_467|LH_459|LH_70|LH_456|LH_248|LH_365|LH_329|LH_63|LH_331|LH_324|LH_311|LH_87|LH_469|LH_119|LH_209|LH_452|LH_212|LH_167|LH_91|LH_460|LH_485|LH_255|LH_155|LH_458|LH_372|LH_479|LH_446|LH_97|LH_19|LH_149|LH_170|LH_287|LH_334|LH_495|LH_369|LH_318|LH_144|LH_440|LH_297|LH_219|LH_498|LH_350|LH_177|LH_368|LH_339|LH_8|LH_129|LH_275|LH_345|LH_206|LH_92|LH_36|LH_46|LH_128|LH_490|LH_103|LH_411|LH_237|LH_249|LH_434|LH_201|LH_114|LH_325|LH_284|LH_10|LH_239|LH_224|LH_277|LH_138|LH_281|LH_315|LH_361|LH_439|LH_274|LH_379|LH_57|LH_173|LH_455|LH_407|LH_113|LH_437|LH_360|LH_317|LH_250|LH_207|LH_26|LH_236|LH_89|LH_110|LH_102|LH_83|LH_299|LH_366|LH_6|LH_216|LH_191|LH_463|LH_454|LH_17|LH_85|LH_482|LH_112|LH_4|LH_223|LH_417|LH_444|LH_347|LH_20|LH_349|LH_306|LH_40|LH_380|LH_185|LH_151|LH_390|LH_174|LH_303|LH_494|LH_432|LH_241|LH_41|LH_21|LH_164|LH_478|LH_328|LH_80|LH_148|LH_246|LH_441|LH_340|LH_364|LH_422|LH_435|LH_154|LH_158|LH_24|LH_396|LH_447|LH_198|LH_54|LH_146|LH_217|LH_35|LH_18|LH_32|LH_389|LH_359|LH_68|LH_320|LH_337|LH_356|LH_358|LH_426|LH_405|LH_464|LH_240|LH_348|LH_74|LH_357|LH_443|LH_252|LH_302|LH_256|LH_53|LH_55|LH_160|LH_415|LH_465|LH_199|LH_273|LH_135|LH_107|LH_412|LH_61|LH_342|LH_247|LH_374|LH_289|LH_294|LH_71|LH_449|LH_404|LH_197|LH_375|LH_376|LH_47|LH_120|LH_121|LH_453|LH_211|LH_242|LH_67|LH_305|LH_156|LH_332|LH_265|LH_314|LH_496|LH_431|LH_153|LH_84|LH_268|LH_95|LH_187|LH_43|LH_9|LH_111|LH_168|LH_262|LH_338|LH_225|LH_1|LH_413|LH_2|LH_269|LH_231|LH_316|LH_267|LH_81|LH_193|LH_468|LH_397|LH_386|LH_423|LH_286|LH_31|LH_66|LH_65|LH_346|LH_28|LH_497|LH_245|LH_336|LH_178|LH_254|LH_486|LH_215|LH_476|LH_7|LH_343|LH_194|LH_425|LH_378|LH_427|LH_86|LH_29|LH_64|LH_23|LH_229|LH_333|LH_139|LH_251|LH_414|LH_51|LH_260|LH_147|LH_45|LH_475|LH_308|LH_290|LH_436|LH_200|LH_477|LH_424|LH_238|LH_11|LH_183|LH_382|LH_234|LH_480|LH_450|LH_162|LH_136|LH_145|LH_221|LH_430|LH_27|LH_98|LH_137|LH_488|LH_115|LH_152|LH_172|LH_448|LH_3|LH_30|LH_385|LH_134|LH_296|LH_52|LH_419|LH_384|LH_93|LH_253|LH_418|LH_487|LH_171|LH_58|LH_131|LH_79|LH_127|LH_481|LH_403|LH_399|LH_213|LH_218|LH_232|LH_259|LH_371|LH_76|LH_470|LH_133|LH_166|LH_243|LH_393|LH_189|LH_182|LH_264|LH_180|LH_352|LH_406|LH_395|LH_370|LH_344|LH_214|LH_123|LH_377|LH_420|LH_39|LH_94|LH_230|LH_309|LH_117|LH_202|LH_355|LH_186|LH_163|LH_321|LH_442|LH_354|LH_161|LH_122|LH_493|LH_72|LH_100|LH_222,LH_298|LH_48|LH_5|LH_471|LH_132|LH_77|LH_367|LH_227|LH_323|LH_73|LH_109|LH_104|LH_363|LH_105|LH_445|LH_351|LH_208|LH_293|LH_258|LH_12|LH_381|LH_157|LH_126|LH_263|LH_175|LH_196|LH_257|LH_78|LH_292|LH_472|LH_276|LH_301|LH_280|LH_319|LH_429|LH_179|LH_491|LH_466|LH_326|LH_433|LH_140|LH_451|LH_141|LH_341|LH_75|LH_499|LH_38|LH_184|LH_150|LH_410|LH_143|LH_82|LH_159|LH_307|LH_271|LH_278|LH_462|LH_176|LH_125|LH_474|LH_169|LH_388|LH_473|LH_438|LH_335|LH_220|LH_288|LH_383|LH_387|LH_37|LH_353|LH_204|LH_233|LH_408|LH_409,LH_272|LH_228|LH_492|LH_165|LH_373|LH_421|LH_90|LH_295|LH_416|LH_226|LH_142|LH_391|LH_457|LH_300|LH_44|LH_188|LH_282|LH_69|LH_401|LH_59|LH_16|LH_310|LH_124|LH_62|LH_106|LH_101|LH_279|LH_56|LH_304|LH_15|LH_266|LH_181|LH_235|LH_203|LH_327|LH_400|LH_402|LH_116|LH_362|LH_13|LH_96|LH_394|LH_99|LH_461|LH_398|LH_34|LH_261|LH_283|LH_14|LH_313|LH_25|LH_210|LH_483|LH_489|LH_108|LH_392|LH_60|LH_22|LH_50|LH_205|LH_195|LH_33|LH_118|LH_291|LH_192|LH_190|LH_0|LH_270|LH_88|LH_484|LH_244|LH_428|LH_330|LH_42|LH_285,3ce48b66c11e30bec459c52ba7f4a900809dd2b45be0995b8b56aeaefc747951,True,True,True,True,True,True,complete,True,0.09601795028362956,0.09717268258333206,0.10279027213652929,0.11880268578460583,0.014114078149635783,0.005691606271198246,0.23647260828153555,defined,0.29471200038989387,0.30775648474693296,0.11994453853216079,0.00490827259764843,0.04092118455507978,75,0.0,0.0,0.2959612011909485,0.32065385580062866,0.024692654609680176,0.013044484357039133,0.11887956478359335,0.1983725056052208,not recorded,not recorded,b6a2708cb5b33778fb16b0df4d99a42124578dbcb0bd3268258a48a575ac1cb8,True,1.3877787807814457e-17,knn_alternative,alternative_protocol,alternative_protocol,unique,"k=6, expected 8"
Static GCN,static_gcn_u500_top100_norm-minmax_k6_h32_l3_gpool-mean_conv-gcn_batch8_factorial_seed42,experiments/static_gcn_u500_top100_norm-minmax_k6_h32_l3_gpool-mean_conv-gcn_batch8_factorial_seed42,data/processed/static_500u_logmass_minmax_top100_periodic_knn_k6/camels_500u_static_logmass_minmax_top100_periodic_knn_k6.pt,data/processed/static_500u_logmass_minmax_top100_periodic_knn_k6/camels_500u_static_logmass_minmax_top100_periodic_knn_k6.metadata.json,static_final_snapshot,500,LH_0..LH_499,1,final snapshot a=1.0,100,log10_Mvir|X|Y|Z|VX|VY|VZ,minmax,per_universe_per_snapshot_per_feature,False,True,6,25.0,32,3,gcn,True,mean,not_applicable,static_mlp_readout,"Linear(D,H)-ReLU-Dropout-Linear(H,H/2)-ReLU-Dropout-Linear(H/2,1)",False,False,8,300,40,0.001,1e-05,0.2,relu,1.0,MSE,42,0.7|0.15|0.15,LH_164|LH_383|LH_45|LH_156|LH_53|LH_72|LH_315|LH_209|LH_74|LH_333|LH_403|LH_415|LH_92|LH_215|LH_479|LH_59|LH_368|LH_163|LH_210|LH_251|LH_443|LH_320|LH_289|LH_389|LH_7|LH_462|LH_249|LH_228|LH_245|LH_211|LH_129|LH_162|LH_223|LH_41|LH_278|LH_21|LH_434|LH_68|LH_227|LH_151|LH_369|LH_217|LH_154|LH_177|LH_397|LH_139|LH_141|LH_326|LH_175|LH_170|LH_88|LH_96|LH_439|LH_303|LH_50|LH_199|LH_297|LH_131|LH_120|LH_358|LH_180|LH_370|LH_37|LH_160|LH_4|LH_93|LH_304|LH_188|LH_374|LH_453|LH_94|LH_468|LH_292|LH_340|LH_407|LH_408|LH_187|LH_334|LH_213|LH_127|LH_11|LH_6|LH_442|LH_246|LH_396|LH_425|LH_345|LH_89|LH_426|LH_26|LH_77|LH_184|LH_262|LH_207|LH_182|LH_95|LH_100|LH_419|LH_394|LH_155|LH_230|LH_362|LH_237|LH_353|LH_85|LH_323|LH_171|LH_393|LH_153|LH_313|LH_38|LH_392|LH_69|LH_106|LH_348|LH_489|LH_428|LH_158|LH_31|LH_244|LH_8|LH_267|LH_485|LH_233|LH_261|LH_401|LH_291|LH_198|LH_132|LH_324|LH_322|LH_2|LH_18|LH_488|LH_263|LH_76|LH_253|LH_314|LH_351|LH_471|LH_143|LH_449|LH_66|LH_179|LH_133|LH_144|LH_406|LH_280|LH_269|LH_466|LH_208|LH_145|LH_432|LH_277|LH_341|LH_465|LH_317|LH_17|LH_448|LH_20|LH_130|LH_238|LH_296|LH_286|LH_336|LH_300|LH_149|LH_203|LH_387|LH_398|LH_190|LH_201|LH_418|LH_14|LH_55|LH_75|LH_284|LH_39|LH_391|LH_460|LH_257|LH_178|LH_212|LH_472|LH_420|LH_67|LH_99|LH_476|LH_97|LH_196|LH_339|LH_288|LH_318|LH_457|LH_124|LH_242|LH_42|LH_60|LH_192|LH_422|LH_266|LH_254|LH_384|LH_497|LH_226|LH_495|LH_113|LH_19|LH_218|LH_118|LH_364|LH_385|LH_437|LH_293|LH_493|LH_378|LH_241|LH_446|LH_435|LH_27|LH_220|LH_469|LH_86|LH_361|LH_103|LH_481|LH_25|LH_307|LH_167|LH_450|LH_475|LH_410|LH_221|LH_416|LH_105|LH_371|LH_90|LH_452|LH_168|LH_240|LH_402|LH_48|LH_104|LH_206|LH_247|LH_200|LH_62|LH_477|LH_147|LH_146|LH_225|LH_421|LH_484|LH_491|LH_451|LH_109|LH_294|LH_440|LH_121|LH_265|LH_169|LH_381|LH_34|LH_268|LH_30|LH_400|LH_461|LH_354|LH_382|LH_10|LH_173|LH_342|LH_115|LH_363|LH_61|LH_231|LH_264|LH_224|LH_312|LH_356|LH_159|LH_102|LH_310|LH_372|LH_344|LH_337|LH_365|LH_84|LH_281|LH_243|LH_65|LH_64|LH_272|LH_423|LH_248|LH_43|LH_417|LH_375|LH_123|LH_29|LH_122|LH_157|LH_355|LH_330|LH_9|LH_250|LH_165|LH_306|LH_0|LH_271|LH_276|LH_82|LH_191|LH_347|LH_473|LH_399|LH_319|LH_152|LH_54|LH_259|LH_91|LH_256|LH_430|LH_1|LH_459|LH_80|LH_222|LH_431|LH_498|LH_455|LH_328|LH_404|LH_436|LH_58|LH_5|LH_283|LH_128|LH_270|LH_239|LH_405|LH_195|LH_197|LH_32|LH_305|LH_487|LH_458|LH_429|LH_78|LH_56|LH_24,LH_46|LH_252|LH_260|LH_70|LH_386|LH_427|LH_204|LH_298|LH_219|LH_299|LH_134|LH_275|LH_474|LH_126|LH_492|LH_441|LH_73|LH_234|LH_329|LH_202|LH_255|LH_335|LH_376|LH_380|LH_367|LH_290|LH_108|LH_33|LH_137|LH_205|LH_161|LH_482|LH_117|LH_28|LH_166|LH_350|LH_467|LH_285|LH_352|LH_499|LH_138|LH_463|LH_236|LH_409|LH_494|LH_438|LH_273|LH_87|LH_411|LH_311|LH_36|LH_331|LH_349|LH_470|LH_136|LH_343|LH_107|LH_181|LH_189|LH_83|LH_186|LH_325|LH_232|LH_454|LH_447|LH_51|LH_478|LH_444|LH_148|LH_395|LH_116|LH_338|LH_23|LH_35|LH_360,LH_98|LH_295|LH_185|LH_316|LH_321|LH_424|LH_150|LH_282|LH_40|LH_193|LH_63|LH_274|LH_235|LH_373|LH_22|LH_413|LH_135|LH_309|LH_176|LH_433|LH_183|LH_49|LH_194|LH_480|LH_490|LH_172|LH_390|LH_110|LH_79|LH_464|LH_174|LH_483|LH_357|LH_81|LH_412|LH_388|LH_3|LH_445|LH_414|LH_142|LH_301|LH_229|LH_112|LH_214|LH_486|LH_359|LH_332|LH_366|LH_101|LH_287|LH_13|LH_308|LH_258|LH_119|LH_111|LH_47|LH_15|LH_16|LH_216|LH_302|LH_44|LH_279|LH_456|LH_496|LH_346|LH_52|LH_377|LH_71|LH_114|LH_125|LH_140|LH_379|LH_12|LH_57|LH_327,0f963679cd284fca861fc2c59d88bdae8e8f1f21e2cbe1bb73bd593b49056748,True,True,True,True,True,True,complete,True,0.10066090894596917,0.09243293593327205,0.08642414391040802,0.10208317595395418,0.010420974812845967,-0.014666799864968771,0.044102592473483304,defined,0.2916933327913284,0.30167455951372785,0.10202514478236673,0.01298153190767792,0.12723855413652452,52,0.30666666666666664,0.30666666666666664,0.27362728118896484,0.3245466947555542,0.050919413566589355,0.009981226722399393,0.10227818744807818,0.20391178131103516,not recorded,not recorded,3be72370e4768e58f1a4c79d868f28301e4cf92911040cf42ee8a9347d1e76ce,True,0.0,knn_alternative,alternative_protocol,alternative_protocol,unique,"k=6, expected 8"
Static GCN,static_gcn_u500_top100_norm-minmax_k8_h32_l3_gpool-mean_conv-gcn_batch8_factorial_seed123,experiments/static_gcn_u500_top100_norm-minmax_k8_h32_l3_gpool-mean_conv-gcn_batch8_factorial_seed123,data/processed/static_500u_logmass_minmax_top100_periodic_knn/camels_500u_static_logmass_minmax_top100_periodic_knn.pt,data/processed/static_500u_logmass_minmax_top100_periodic_knn/camels_500u_static_logmass_minmax_top100_periodic_knn.metadata.json,static_final_snapshot,500,LH_0..LH_499,1,final snapshot a=1.0,100,log10_Mvir|X|Y|Z|VX|VY|VZ,minmax,per_universe_per_snapshot_per_feature,False,True,8,25.0,32,3,gcn,True,mean,not_applicable,static_mlp_readout,"Linear(D,H)-ReLU-Dropout-Linear(H,H/2)-ReLU-Dropout-Linear(H/2,1)",False,False,8,300,40,0.001,1e-05,0.2,relu,1.0,MSE,123,0.7|0.15|0.15,LH_380|LH_468|LH_145|LH_2|LH_282|LH_103|LH_148|LH_312|LH_130|LH_411|LH_168|LH_204|LH_113|LH_132|LH_418|LH_270|LH_351|LH_157|LH_451|LH_339|LH_288|LH_277|LH_354|LH_48|LH_318|LH_303|LH_314|LH_234|LH_95|LH_304|LH_271|LH_434|LH_173|LH_357|LH_495|LH_133|LH_431|LH_39|LH_490|LH_310|LH_317|LH_471|LH_23|LH_426|LH_224|LH_286|LH_20|LH_365|LH_255|LH_216|LH_405|LH_79|LH_228|LH_445|LH_189|LH_184|LH_243|LH_358|LH_276|LH_218|LH_488|LH_60|LH_438|LH_159|LH_167|LH_349|LH_89|LH_121|LH_333|LH_51|LH_9|LH_482|LH_152|LH_416|LH_379|LH_306|LH_111|LH_185|LH_340|LH_489|LH_475|LH_93|LH_84|LH_376|LH_291|LH_158|LH_250|LH_323|LH_406|LH_460|LH_50|LH_433|LH_372|LH_66|LH_108|LH_465|LH_71|LH_298|LH_369|LH_437|LH_211|LH_11|LH_110|LH_142|LH_28|LH_59|LH_163|LH_38|LH_24|LH_205|LH_440|LH_140|LH_177|LH_252|LH_235|LH_245|LH_242|LH_25|LH_21|LH_217|LH_160|LH_231|LH_77|LH_151|LH_54|LH_345|LH_280|LH_257|LH_456|LH_308|LH_331|LH_58|LH_360|LH_179|LH_464|LH_388|LH_129|LH_285|LH_347|LH_56|LH_387|LH_169|LH_36|LH_138|LH_319|LH_296|LH_246|LH_122|LH_33|LH_127|LH_109|LH_363|LH_183|LH_196|LH_422|LH_86|LH_400|LH_297|LH_346|LH_116|LH_63|LH_88|LH_477|LH_144|LH_112|LH_362|LH_399|LH_334|LH_62|LH_353|LH_146|LH_373|LH_27|LH_76|LH_260|LH_150|LH_210|LH_195|LH_290|LH_82|LH_154|LH_432|LH_320|LH_361|LH_75|LH_17|LH_94|LH_238|LH_143|LH_469|LH_67|LH_225|LH_391|LH_106|LH_15|LH_97|LH_46|LH_49|LH_192|LH_226|LH_114|LH_302|LH_356|LH_91|LH_80|LH_107|LH_329|LH_209|LH_384|LH_409|LH_13|LH_176|LH_299|LH_483|LH_295|LH_491|LH_332|LH_292|LH_153|LH_202|LH_268|LH_1|LH_417|LH_313|LH_375|LH_128|LH_352|LH_57|LH_408|LH_254|LH_382|LH_390|LH_377|LH_328|LH_213|LH_182|LH_65|LH_7|LH_315|LH_101|LH_187|LH_126|LH_123|LH_394|LH_201|LH_251|LH_494|LH_239|LH_383|LH_367|LH_237|LH_34|LH_307|LH_141|LH_403|LH_344|LH_162|LH_43|LH_118|LH_498|LH_99|LH_392|LH_102|LH_258|LH_100|LH_41|LH_281|LH_364|LH_492|LH_448|LH_164|LH_104|LH_124|LH_259|LH_355|LH_458|LH_484|LH_115|LH_309|LH_338|LH_53|LH_381|LH_442|LH_70|LH_284|LH_263|LH_419|LH_166|LH_441|LH_481|LH_335|LH_219|LH_155|LH_294|LH_230|LH_378|LH_476|LH_232|LH_480|LH_31|LH_343|LH_197|LH_301|LH_85|LH_61|LH_264|LH_446|LH_273|LH_455|LH_188|LH_199|LH_452|LH_74|LH_443|LH_423|LH_395|LH_265|LH_29|LH_40|LH_120|LH_190|LH_73|LH_348|LH_415|LH_474|LH_337|LH_12|LH_178|LH_212|LH_402|LH_478|LH_412|LH_241|LH_454|LH_165|LH_14|LH_206|LH_325|LH_279|LH_398|LH_366|LH_462|LH_4|LH_221|LH_421|LH_389|LH_181|LH_413|LH_32|LH_316,LH_493|LH_473|LH_215|LH_324|LH_425|LH_139|LH_424|LH_385|LH_131|LH_453|LH_98|LH_470|LH_68|LH_5|LH_459|LH_236|LH_466|LH_227|LH_487|LH_78|LH_90|LH_439|LH_278|LH_119|LH_368|LH_322|LH_253|LH_147|LH_435|LH_30|LH_397|LH_256|LH_272|LH_207|LH_117|LH_180|LH_430|LH_186|LH_321|LH_45|LH_300|LH_96|LH_8|LH_401|LH_450|LH_198|LH_233|LH_370|LH_37|LH_200|LH_283|LH_479|LH_171|LH_87|LH_134|LH_336|LH_249|LH_42|LH_371|LH_92|LH_427|LH_386|LH_16|LH_261|LH_191|LH_214|LH_342|LH_266|LH_248|LH_467|LH_457|LH_407|LH_326|LH_275|LH_350,LH_222|LH_262|LH_330|LH_444|LH_203|LH_6|LH_472|LH_414|LH_289|LH_269|LH_327|LH_311|LH_420|LH_105|LH_247|LH_410|LH_267|LH_175|LH_156|LH_496|LH_18|LH_428|LH_240|LH_135|LH_244|LH_293|LH_220|LH_149|LH_10|LH_404|LH_64|LH_72|LH_341|LH_47|LH_22|LH_52|LH_229|LH_374|LH_161|LH_3|LH_35|LH_193|LH_305|LH_449|LH_497|LH_396|LH_223|LH_463|LH_0|LH_83|LH_125|LH_359|LH_485|LH_486|LH_172|LH_69|LH_81|LH_499|LH_436|LH_174|LH_170|LH_287|LH_274|LH_194|LH_19|LH_447|LH_461|LH_429|LH_55|LH_136|LH_208|LH_393|LH_44|LH_137|LH_26,853549f16ef8eb3d7f18ae850c94b13c0c8bf0e770bb99cfbffff48b03530266,True,True,True,True,True,True,complete,True,0.09613936850002834,0.10420323659976323,0.09758658031622569,0.11386256652535626,0.01296468405574118,-0.0014398897045555525,-0.042412321857963994,defined,0.29364533245563507,0.2957346200942993,0.11454688870034196,0.0013119519865311432,0.011453405687545546,43,0.4266666666666667,0.4266666666666667,0.29373860359191895,0.30215609073638916,0.008417487144470215,0.0020892876386642456,0.11461002738828462,0.1984497606754303,not recorded,not recorded,1d7e6aadedca20966afcb6f2454fe91d0cb51eeb08a61622170063234d2c0eea,True,1.3877787807814457e-17,canonical_static_gcn_top100_top200_top500_500u,canonical_topn_compatible,reusable_existing,unique,
Static GCN,static_gcn_u500_top100_norm-minmax_k8_h32_l3_gpool-mean_conv-gcn_batch8_factorial_seed2025,experiments/static_gcn_u500_top100_norm-minmax_k8_h32_l3_gpool-mean_conv-gcn_batch8_factorial_seed2025,data/processed/static_500u_logmass_minmax_top100_periodic_knn/camels_500u_static_logmass_minmax_top100_periodic_knn.pt,data/processed/static_500u_logmass_minmax_top100_periodic_knn/camels_500u_static_logmass_minmax_top100_periodic_knn.metadata.json,static_final_snapshot,500,LH_0..LH_499,1,final snapshot a=1.0,100,log10_Mvir|X|Y|Z|VX|VY|VZ,minmax,per_universe_per_snapshot_per_feature,False,True,8,25.0,32,3,gcn,True,mean,not_applicable,static_mlp_readout,"Linear(D,H)-ReLU-Dropout-Linear(H,H/2)-ReLU-Dropout-Linear(H/2,1)",False,False,8,300,40,0.001,1e-05,0.2,relu,1.0,MSE,2025,0.7|0.15|0.15,LH_322|LH_49|LH_312|LH_130|LH_467|LH_459|LH_70|LH_456|LH_248|LH_365|LH_329|LH_63|LH_331|LH_324|LH_311|LH_87|LH_469|LH_119|LH_209|LH_452|LH_212|LH_167|LH_91|LH_460|LH_485|LH_255|LH_155|LH_458|LH_372|LH_479|LH_446|LH_97|LH_19|LH_149|LH_170|LH_287|LH_334|LH_495|LH_369|LH_318|LH_144|LH_440|LH_297|LH_219|LH_498|LH_350|LH_177|LH_368|LH_339|LH_8|LH_129|LH_275|LH_345|LH_206|LH_92|LH_36|LH_46|LH_128|LH_490|LH_103|LH_411|LH_237|LH_249|LH_434|LH_201|LH_114|LH_325|LH_284|LH_10|LH_239|LH_224|LH_277|LH_138|LH_281|LH_315|LH_361|LH_439|LH_274|LH_379|LH_57|LH_173|LH_455|LH_407|LH_113|LH_437|LH_360|LH_317|LH_250|LH_207|LH_26|LH_236|LH_89|LH_110|LH_102|LH_83|LH_299|LH_366|LH_6|LH_216|LH_191|LH_463|LH_454|LH_17|LH_85|LH_482|LH_112|LH_4|LH_223|LH_417|LH_444|LH_347|LH_20|LH_349|LH_306|LH_40|LH_380|LH_185|LH_151|LH_390|LH_174|LH_303|LH_494|LH_432|LH_241|LH_41|LH_21|LH_164|LH_478|LH_328|LH_80|LH_148|LH_246|LH_441|LH_340|LH_364|LH_422|LH_435|LH_154|LH_158|LH_24|LH_396|LH_447|LH_198|LH_54|LH_146|LH_217|LH_35|LH_18|LH_32|LH_389|LH_359|LH_68|LH_320|LH_337|LH_356|LH_358|LH_426|LH_405|LH_464|LH_240|LH_348|LH_74|LH_357|LH_443|LH_252|LH_302|LH_256|LH_53|LH_55|LH_160|LH_415|LH_465|LH_199|LH_273|LH_135|LH_107|LH_412|LH_61|LH_342|LH_247|LH_374|LH_289|LH_294|LH_71|LH_449|LH_404|LH_197|LH_375|LH_376|LH_47|LH_120|LH_121|LH_453|LH_211|LH_242|LH_67|LH_305|LH_156|LH_332|LH_265|LH_314|LH_496|LH_431|LH_153|LH_84|LH_268|LH_95|LH_187|LH_43|LH_9|LH_111|LH_168|LH_262|LH_338|LH_225|LH_1|LH_413|LH_2|LH_269|LH_231|LH_316|LH_267|LH_81|LH_193|LH_468|LH_397|LH_386|LH_423|LH_286|LH_31|LH_66|LH_65|LH_346|LH_28|LH_497|LH_245|LH_336|LH_178|LH_254|LH_486|LH_215|LH_476|LH_7|LH_343|LH_194|LH_425|LH_378|LH_427|LH_86|LH_29|LH_64|LH_23|LH_229|LH_333|LH_139|LH_251|LH_414|LH_51|LH_260|LH_147|LH_45|LH_475|LH_308|LH_290|LH_436|LH_200|LH_477|LH_424|LH_238|LH_11|LH_183|LH_382|LH_234|LH_480|LH_450|LH_162|LH_136|LH_145|LH_221|LH_430|LH_27|LH_98|LH_137|LH_488|LH_115|LH_152|LH_172|LH_448|LH_3|LH_30|LH_385|LH_134|LH_296|LH_52|LH_419|LH_384|LH_93|LH_253|LH_418|LH_487|LH_171|LH_58|LH_131|LH_79|LH_127|LH_481|LH_403|LH_399|LH_213|LH_218|LH_232|LH_259|LH_371|LH_76|LH_470|LH_133|LH_166|LH_243|LH_393|LH_189|LH_182|LH_264|LH_180|LH_352|LH_406|LH_395|LH_370|LH_344|LH_214|LH_123|LH_377|LH_420|LH_39|LH_94|LH_230|LH_309|LH_117|LH_202|LH_355|LH_186|LH_163|LH_321|LH_442|LH_354|LH_161|LH_122|LH_493|LH_72|LH_100|LH_222,LH_298|LH_48|LH_5|LH_471|LH_132|LH_77|LH_367|LH_227|LH_323|LH_73|LH_109|LH_104|LH_363|LH_105|LH_445|LH_351|LH_208|LH_293|LH_258|LH_12|LH_381|LH_157|LH_126|LH_263|LH_175|LH_196|LH_257|LH_78|LH_292|LH_472|LH_276|LH_301|LH_280|LH_319|LH_429|LH_179|LH_491|LH_466|LH_326|LH_433|LH_140|LH_451|LH_141|LH_341|LH_75|LH_499|LH_38|LH_184|LH_150|LH_410|LH_143|LH_82|LH_159|LH_307|LH_271|LH_278|LH_462|LH_176|LH_125|LH_474|LH_169|LH_388|LH_473|LH_438|LH_335|LH_220|LH_288|LH_383|LH_387|LH_37|LH_353|LH_204|LH_233|LH_408|LH_409,LH_272|LH_228|LH_492|LH_165|LH_373|LH_421|LH_90|LH_295|LH_416|LH_226|LH_142|LH_391|LH_457|LH_300|LH_44|LH_188|LH_282|LH_69|LH_401|LH_59|LH_16|LH_310|LH_124|LH_62|LH_106|LH_101|LH_279|LH_56|LH_304|LH_15|LH_266|LH_181|LH_235|LH_203|LH_327|LH_400|LH_402|LH_116|LH_362|LH_13|LH_96|LH_394|LH_99|LH_461|LH_398|LH_34|LH_261|LH_283|LH_14|LH_313|LH_25|LH_210|LH_483|LH_489|LH_108|LH_392|LH_60|LH_22|LH_50|LH_205|LH_195|LH_33|LH_118|LH_291|LH_192|LH_190|LH_0|LH_270|LH_88|LH_484|LH_244|LH_428|LH_330|LH_42|LH_285,3ce48b66c11e30bec459c52ba7f4a900809dd2b45be0995b8b56aeaefc747951,True,True,True,True,True,True,complete,True,0.09645790068166596,0.09727201571067175,0.1038611434896787,0.11966396451035682,0.014319464402335938,-0.008777441785017714,0.15433372434232898,defined,0.29471200038989387,0.31309921622276304,0.11994453853216079,0.007273381090157981,0.0606395353983355,75,0.0,0.0,0.295044869184494,0.33446210622787476,0.03941723704338074,0.018387215832869213,0.11903912042747423,0.20371045917272568,not recorded,not recorded,ad906a9ec73c88757ef99766dca8e9b9d5a3ff55850d2610cbfac0272418c8dd,True,1.3877787807814457e-17,canonical_static_gcn_top100_top200_top500_500u,canonical_topn_compatible,reusable_existing,unique,
Static GCN,static_gcn_u500_top100_norm-minmax_k8_h32_l3_gpool-mean_conv-gcn_batch8_factorial_seed42,experiments/static_gcn_u500_top100_norm-minmax_k8_h32_l3_gpool-mean_conv-gcn_batch8_factorial_seed42,data/processed/static_500u_logmass_minmax_top100_periodic_knn/camels_500u_static_logmass_minmax_top100_periodic_knn.pt,data/processed/static_500u_logmass_minmax_top100_periodic_knn/camels_500u_static_logmass_minmax_top100_periodic_knn.metadata.json,static_final_snapshot,500,LH_0..LH_499,1,final snapshot a=1.0,100,log10_Mvir|X|Y|Z|VX|VY|VZ,minmax,per_universe_per_snapshot_per_feature,False,True,8,25.0,32,3,gcn,True,mean,not_applicable,static_mlp_readout,"Linear(D,H)-ReLU-Dropout-Linear(H,H/2)-ReLU-Dropout-Linear(H/2,1)",False,False,8,300,40,0.001,1e-05,0.2,relu,1.0,MSE,42,0.7|0.15|0.15,LH_164|LH_383|LH_45|LH_156|LH_53|LH_72|LH_315|LH_209|LH_74|LH_333|LH_403|LH_415|LH_92|LH_215|LH_479|LH_59|LH_368|LH_163|LH_210|LH_251|LH_443|LH_320|LH_289|LH_389|LH_7|LH_462|LH_249|LH_228|LH_245|LH_211|LH_129|LH_162|LH_223|LH_41|LH_278|LH_21|LH_434|LH_68|LH_227|LH_151|LH_369|LH_217|LH_154|LH_177|LH_397|LH_139|LH_141|LH_326|LH_175|LH_170|LH_88|LH_96|LH_439|LH_303|LH_50|LH_199|LH_297|LH_131|LH_120|LH_358|LH_180|LH_370|LH_37|LH_160|LH_4|LH_93|LH_304|LH_188|LH_374|LH_453|LH_94|LH_468|LH_292|LH_340|LH_407|LH_408|LH_187|LH_334|LH_213|LH_127|LH_11|LH_6|LH_442|LH_246|LH_396|LH_425|LH_345|LH_89|LH_426|LH_26|LH_77|LH_184|LH_262|LH_207|LH_182|LH_95|LH_100|LH_419|LH_394|LH_155|LH_230|LH_362|LH_237|LH_353|LH_85|LH_323|LH_171|LH_393|LH_153|LH_313|LH_38|LH_392|LH_69|LH_106|LH_348|LH_489|LH_428|LH_158|LH_31|LH_244|LH_8|LH_267|LH_485|LH_233|LH_261|LH_401|LH_291|LH_198|LH_132|LH_324|LH_322|LH_2|LH_18|LH_488|LH_263|LH_76|LH_253|LH_314|LH_351|LH_471|LH_143|LH_449|LH_66|LH_179|LH_133|LH_144|LH_406|LH_280|LH_269|LH_466|LH_208|LH_145|LH_432|LH_277|LH_341|LH_465|LH_317|LH_17|LH_448|LH_20|LH_130|LH_238|LH_296|LH_286|LH_336|LH_300|LH_149|LH_203|LH_387|LH_398|LH_190|LH_201|LH_418|LH_14|LH_55|LH_75|LH_284|LH_39|LH_391|LH_460|LH_257|LH_178|LH_212|LH_472|LH_420|LH_67|LH_99|LH_476|LH_97|LH_196|LH_339|LH_288|LH_318|LH_457|LH_124|LH_242|LH_42|LH_60|LH_192|LH_422|LH_266|LH_254|LH_384|LH_497|LH_226|LH_495|LH_113|LH_19|LH_218|LH_118|LH_364|LH_385|LH_437|LH_293|LH_493|LH_378|LH_241|LH_446|LH_435|LH_27|LH_220|LH_469|LH_86|LH_361|LH_103|LH_481|LH_25|LH_307|LH_167|LH_450|LH_475|LH_410|LH_221|LH_416|LH_105|LH_371|LH_90|LH_452|LH_168|LH_240|LH_402|LH_48|LH_104|LH_206|LH_247|LH_200|LH_62|LH_477|LH_147|LH_146|LH_225|LH_421|LH_484|LH_491|LH_451|LH_109|LH_294|LH_440|LH_121|LH_265|LH_169|LH_381|LH_34|LH_268|LH_30|LH_400|LH_461|LH_354|LH_382|LH_10|LH_173|LH_342|LH_115|LH_363|LH_61|LH_231|LH_264|LH_224|LH_312|LH_356|LH_159|LH_102|LH_310|LH_372|LH_344|LH_337|LH_365|LH_84|LH_281|LH_243|LH_65|LH_64|LH_272|LH_423|LH_248|LH_43|LH_417|LH_375|LH_123|LH_29|LH_122|LH_157|LH_355|LH_330|LH_9|LH_250|LH_165|LH_306|LH_0|LH_271|LH_276|LH_82|LH_191|LH_347|LH_473|LH_399|LH_319|LH_152|LH_54|LH_259|LH_91|LH_256|LH_430|LH_1|LH_459|LH_80|LH_222|LH_431|LH_498|LH_455|LH_328|LH_404|LH_436|LH_58|LH_5|LH_283|LH_128|LH_270|LH_239|LH_405|LH_195|LH_197|LH_32|LH_305|LH_487|LH_458|LH_429|LH_78|LH_56|LH_24,LH_46|LH_252|LH_260|LH_70|LH_386|LH_427|LH_204|LH_298|LH_219|LH_299|LH_134|LH_275|LH_474|LH_126|LH_492|LH_441|LH_73|LH_234|LH_329|LH_202|LH_255|LH_335|LH_376|LH_380|LH_367|LH_290|LH_108|LH_33|LH_137|LH_205|LH_161|LH_482|LH_117|LH_28|LH_166|LH_350|LH_467|LH_285|LH_352|LH_499|LH_138|LH_463|LH_236|LH_409|LH_494|LH_438|LH_273|LH_87|LH_411|LH_311|LH_36|LH_331|LH_349|LH_470|LH_136|LH_343|LH_107|LH_181|LH_189|LH_83|LH_186|LH_325|LH_232|LH_454|LH_447|LH_51|LH_478|LH_444|LH_148|LH_395|LH_116|LH_338|LH_23|LH_35|LH_360,LH_98|LH_295|LH_185|LH_316|LH_321|LH_424|LH_150|LH_282|LH_40|LH_193|LH_63|LH_274|LH_235|LH_373|LH_22|LH_413|LH_135|LH_309|LH_176|LH_433|LH_183|LH_49|LH_194|LH_480|LH_490|LH_172|LH_390|LH_110|LH_79|LH_464|LH_174|LH_483|LH_357|LH_81|LH_412|LH_388|LH_3|LH_445|LH_414|LH_142|LH_301|LH_229|LH_112|LH_214|LH_486|LH_359|LH_332|LH_366|LH_101|LH_287|LH_13|LH_308|LH_258|LH_119|LH_111|LH_47|LH_15|LH_16|LH_216|LH_302|LH_44|LH_279|LH_456|LH_496|LH_346|LH_52|LH_377|LH_71|LH_114|LH_125|LH_140|LH_379|LH_12|LH_57|LH_327,0f963679cd284fca861fc2c59d88bdae8e8f1f21e2cbe1bb73bd593b49056748,True,True,True,True,True,True,complete,True,0.10044606076819557,0.09374431004126867,0.08733965853850047,0.1028531004951362,0.010578760281462587,-0.030030014859890874,-0.1760432274870446,defined,0.2916933327913284,0.29975558320681256,0.10202514478236673,0.005899166254443543,0.05782070946360579,6,0.92,0.92,0.2987684905529022,0.3465231657028198,0.0477546751499176,0.00806225041548411,0.10322711970669245,0.19176848977804184,not recorded,not recorded,b7d6da30b320a247bc8de60a767424850cb98d9d6be9bcae4d40b3417718c40d,True,0.0,canonical_static_gcn_top100_top200_top500_500u,canonical_topn_compatible,reusable_existing,unique,
Static GCN,static_gcn_u50_top100_norm-minmax_h32_l2_gpool-mean_conv-gcn_batch8_canonical300_seed2025,experiments/static_gcn_u50_top100_norm-minmax_h32_l2_gpool-mean_conv-gcn_batch8_canonical300_seed2025,data/processed/static_50u_logmass_minmax_top100_periodic_knn/camels_50u_static_logmass_minmax_top100_periodic_knn.pt,data/processed/static_50u_logmass_minmax_top100_periodic_knn/camels_50u_static_logmass_minmax_top100_periodic_knn.metadata.json,static_final_snapshot,50,LH_0..LH_49,1,final snapshot a=1.0,100,log10_Mvir|X|Y|Z|VX|VY|VZ,minmax,per_universe_per_snapshot_per_feature,False,True,8,25.0,32,2,gcn,True,mean,not_applicable,static_mlp_readout,"Linear(D,H)-ReLU-Dropout-Linear(H,H/2)-ReLU-Dropout-Linear(H/2,1)",False,False,8,300,40,0.001,1e-05,0.2,relu,1.0,MSE,2025,0.7|0.15|0.15,LH_18|LH_48|LH_21|LH_42|LH_38|LH_40|LH_27|LH_15|LH_10|LH_29|LH_31|LH_46|LH_8|LH_28|LH_9|LH_20|LH_45|LH_39|LH_12|LH_44|LH_26|LH_22|LH_49|LH_34|LH_16|LH_17|LH_43|LH_19|LH_1|LH_32|LH_3|LH_37|LH_13|LH_7|LH_2,LH_6|LH_25|LH_47|LH_4|LH_14|LH_36|LH_24,LH_23|LH_0|LH_33|LH_11|LH_30|LH_41|LH_5|LH_35,a323cf033bdb75d169bc3c3549b2ea5cda4ee985186aa59915b3a071305fca0a,True,True,True,True,True,True,complete,True,0.0881239122578076,0.08834424508469445,0.1487970845773816,0.1633833629725307,0.026694123296213713,-0.2937863871434965,-0.3293461781363088,defined,0.30125000048428774,0.28676298819482327,0.15355802433217589,0.04557900096945565,0.29681940209688684,8,0.0,0.0,0.2372324913740158,0.3834052085876465,0.14617271721363068,-0.014487012289464474,0.17397618809526327,0.2464052140712738,not recorded,not recorded,8483c8defa774808c027da3243120307efd9a4bfaff9ae9276f8e868f245676b,True,0.0,universe_scaling_or_u750_context,universe_count_incompatible,alternative_protocol,unique,universe count differs from U500 canonical Top-N family
Static GCN,static_gcn_u50_top100_norm-minmax_h32_l2_gpool-mean_conv-gcn_batch8_canonical300_seed42,experiments/static_gcn_u50_top100_norm-minmax_h32_l2_gpool-mean_conv-gcn_batch8_canonical300_seed42,data/processed/static_50u_logmass_minmax_top100_periodic_knn/camels_50u_static_logmass_minmax_top100_periodic_knn.pt,data/processed/static_50u_logmass_minmax_top100_periodic_knn/camels_50u_static_logmass_minmax_top100_periodic_knn.metadata.json,static_final_snapshot,50,LH_0..LH_49,1,final snapshot a=1.0,100,log10_Mvir|X|Y|Z|VX|VY|VZ,minmax,per_universe_per_snapshot_per_feature,False,True,8,25.0,32,2,gcn,True,mean,not_applicable,static_mlp_readout,"Linear(D,H)-ReLU-Dropout-Linear(H,H/2)-ReLU-Dropout-Linear(H/2,1)",False,False,8,300,40,0.001,1e-05,0.2,relu,1.0,MSE,42,0.7|0.15|0.15,LH_25|LH_23|LH_19|LH_11|LH_4|LH_45|LH_26|LH_9|LH_29|LH_16|LH_31|LH_21|LH_12|LH_3|LH_39|LH_38|LH_10|LH_24|LH_35|LH_0|LH_43|LH_18|LH_33|LH_48|LH_41|LH_30|LH_28|LH_20|LH_22|LH_42|LH_46|LH_36|LH_32|LH_44|LH_13,LH_49|LH_47|LH_2|LH_27|LH_37|LH_5|LH_34,LH_6|LH_8|LH_14|LH_15|LH_17|LH_1|LH_7|LH_40,c0b5e03520b87262cb2bd0fbfa8b4a0d882a62c2d51e04ccf0ec64ef6a85f3a8,True,True,True,True,True,True,complete,True,0.1014661505818367,0.10397206566163472,0.08003606554120779,0.09485658687160253,0.008997772072929879,0.2171793576029949,0.48958767195022357,defined,0.2638000017032027,0.25697835348546505,0.11461259157263834,0.040537351173831955,0.3536902064389713,8,0.0,0.0,0.21122823655605316,0.3480297327041626,0.13680149614810944,-0.006821648217737675,0.10114339008710534,0.17389759421348572,not recorded,not recorded,4be5c435d6cdb2d681190a946b9c532b7bb951c08cfb3bad271d796c32da85fc,True,0.0,universe_scaling_or_u750_context,universe_count_incompatible,alternative_protocol,unique,universe count differs from U500 canonical Top-N family
Static GCN,static_graphsage_500u_top500_final_snapshot_h32_seed42,experiments/static_graphsage_500u_top500_final_snapshot_h32_seed42,data/processed/temporal_500u_minmax_top500_periodic_knn/camels_500u_temporal_logmass_minmax_top500_periodic_knn.pt,data/processed/temporal_500u_minmax_top500_periodic_knn/camels_500u_temporal_logmass_minmax_top500_periodic_knn.metadata.json,static_final_snapshot,500,LH_0..LH_499,1,final snapshot a=1.0,500,log10_Mvir|X|Y|Z|VX|VY|VZ,minmax,per_universe_per_snapshot_per_feature,False,True,8,25.0,32,3,graphsage,True,mean,not_applicable,static_mlp_readout,"Linear(D,H)-ReLU-Dropout-Linear(H,H/2)-ReLU-Dropout-Linear(H/2,1)",False,False,8,300,40,0.001,1e-05,0.2,relu,1.0,MSE,42,0.7|0.15|0.15,LH_164|LH_383|LH_45|LH_156|LH_53|LH_72|LH_315|LH_209|LH_74|LH_333|LH_403|LH_415|LH_92|LH_215|LH_479|LH_59|LH_368|LH_163|LH_210|LH_251|LH_443|LH_320|LH_289|LH_389|LH_7|LH_462|LH_249|LH_228|LH_245|LH_211|LH_129|LH_162|LH_223|LH_41|LH_278|LH_21|LH_434|LH_68|LH_227|LH_151|LH_369|LH_217|LH_154|LH_177|LH_397|LH_139|LH_141|LH_326|LH_175|LH_170|LH_88|LH_96|LH_439|LH_303|LH_50|LH_199|LH_297|LH_131|LH_120|LH_358|LH_180|LH_370|LH_37|LH_160|LH_4|LH_93|LH_304|LH_188|LH_374|LH_453|LH_94|LH_468|LH_292|LH_340|LH_407|LH_408|LH_187|LH_334|LH_213|LH_127|LH_11|LH_6|LH_442|LH_246|LH_396|LH_425|LH_345|LH_89|LH_426|LH_26|LH_77|LH_184|LH_262|LH_207|LH_182|LH_95|LH_100|LH_419|LH_394|LH_155|LH_230|LH_362|LH_237|LH_353|LH_85|LH_323|LH_171|LH_393|LH_153|LH_313|LH_38|LH_392|LH_69|LH_106|LH_348|LH_489|LH_428|LH_158|LH_31|LH_244|LH_8|LH_267|LH_485|LH_233|LH_261|LH_401|LH_291|LH_198|LH_132|LH_324|LH_322|LH_2|LH_18|LH_488|LH_263|LH_76|LH_253|LH_314|LH_351|LH_471|LH_143|LH_449|LH_66|LH_179|LH_133|LH_144|LH_406|LH_280|LH_269|LH_466|LH_208|LH_145|LH_432|LH_277|LH_341|LH_465|LH_317|LH_17|LH_448|LH_20|LH_130|LH_238|LH_296|LH_286|LH_336|LH_300|LH_149|LH_203|LH_387|LH_398|LH_190|LH_201|LH_418|LH_14|LH_55|LH_75|LH_284|LH_39|LH_391|LH_460|LH_257|LH_178|LH_212|LH_472|LH_420|LH_67|LH_99|LH_476|LH_97|LH_196|LH_339|LH_288|LH_318|LH_457|LH_124|LH_242|LH_42|LH_60|LH_192|LH_422|LH_266|LH_254|LH_384|LH_497|LH_226|LH_495|LH_113|LH_19|LH_218|LH_118|LH_364|LH_385|LH_437|LH_293|LH_493|LH_378|LH_241|LH_446|LH_435|LH_27|LH_220|LH_469|LH_86|LH_361|LH_103|LH_481|LH_25|LH_307|LH_167|LH_450|LH_475|LH_410|LH_221|LH_416|LH_105|LH_371|LH_90|LH_452|LH_168|LH_240|LH_402|LH_48|LH_104|LH_206|LH_247|LH_200|LH_62|LH_477|LH_147|LH_146|LH_225|LH_421|LH_484|LH_491|LH_451|LH_109|LH_294|LH_440|LH_121|LH_265|LH_169|LH_381|LH_34|LH_268|LH_30|LH_400|LH_461|LH_354|LH_382|LH_10|LH_173|LH_342|LH_115|LH_363|LH_61|LH_231|LH_264|LH_224|LH_312|LH_356|LH_159|LH_102|LH_310|LH_372|LH_344|LH_337|LH_365|LH_84|LH_281|LH_243|LH_65|LH_64|LH_272|LH_423|LH_248|LH_43|LH_417|LH_375|LH_123|LH_29|LH_122|LH_157|LH_355|LH_330|LH_9|LH_250|LH_165|LH_306|LH_0|LH_271|LH_276|LH_82|LH_191|LH_347|LH_473|LH_399|LH_319|LH_152|LH_54|LH_259|LH_91|LH_256|LH_430|LH_1|LH_459|LH_80|LH_222|LH_431|LH_498|LH_455|LH_328|LH_404|LH_436|LH_58|LH_5|LH_283|LH_128|LH_270|LH_239|LH_405|LH_195|LH_197|LH_32|LH_305|LH_487|LH_458|LH_429|LH_78|LH_56|LH_24,LH_46|LH_252|LH_260|LH_70|LH_386|LH_427|LH_204|LH_298|LH_219|LH_299|LH_134|LH_275|LH_474|LH_126|LH_492|LH_441|LH_73|LH_234|LH_329|LH_202|LH_255|LH_335|LH_376|LH_380|LH_367|LH_290|LH_108|LH_33|LH_137|LH_205|LH_161|LH_482|LH_117|LH_28|LH_166|LH_350|LH_467|LH_285|LH_352|LH_499|LH_138|LH_463|LH_236|LH_409|LH_494|LH_438|LH_273|LH_87|LH_411|LH_311|LH_36|LH_331|LH_349|LH_470|LH_136|LH_343|LH_107|LH_181|LH_189|LH_83|LH_186|LH_325|LH_232|LH_454|LH_447|LH_51|LH_478|LH_444|LH_148|LH_395|LH_116|LH_338|LH_23|LH_35|LH_360,LH_98|LH_295|LH_185|LH_316|LH_321|LH_424|LH_150|LH_282|LH_40|LH_193|LH_63|LH_274|LH_235|LH_373|LH_22|LH_413|LH_135|LH_309|LH_176|LH_433|LH_183|LH_49|LH_194|LH_480|LH_490|LH_172|LH_390|LH_110|LH_79|LH_464|LH_174|LH_483|LH_357|LH_81|LH_412|LH_388|LH_3|LH_445|LH_414|LH_142|LH_301|LH_229|LH_112|LH_214|LH_486|LH_359|LH_332|LH_366|LH_101|LH_287|LH_13|LH_308|LH_258|LH_119|LH_111|LH_47|LH_15|LH_16|LH_216|LH_302|LH_44|LH_279|LH_456|LH_496|LH_346|LH_52|LH_377|LH_71|LH_114|LH_125|LH_140|LH_379|LH_12|LH_57|LH_327,0f963679cd284fca861fc2c59d88bdae8e8f1f21e2cbe1bb73bd593b49056748,True,True,True,True,True,True,complete,True,0.10046518466302327,0.09479284872611364,0.0872836575905482,0.10302447994873618,0.010614043468707543,-0.03346545917616961,0.04405053811438092,defined,0.2916933327913284,0.30980194807052613,0.10202514478236673,0.010510190667873278,0.10301568981149618,75,0.0,0.0,0.28450649976730347,0.33498454093933105,0.05047804117202759,0.018108615279197694,0.10210349241606934,0.21509017795324326,not recorded,not recorded,7861df0a0d7e6e910e23bff4747f5d326e8e9c82eb606701719d2fc7eb2338b0,True,0.0,compatible_anchor_or_duplicate_protocol,compatible_anchor_only,compatible_anchor_only,unique,same broad Top-N setting but not selected canonical mapping
