canonical_universe_id,universe_index,raw_directory,target_row_identity,snapshot_1_id,snapshot_1_path,snapshot_1_exists,snapshot_1_raw_halo_count,snapshot_1_valid_real_halo_count,snapshot_2_id,snapshot_2_path,snapshot_2_exists,snapshot_2_raw_halo_count,snapshot_2_valid_real_halo_count,snapshot_3_id,snapshot_3_path,snapshot_3_exists,snapshot_3_raw_halo_count,snapshot_3_valid_real_halo_count,snapshot_4_id,snapshot_4_path,snapshot_4_exists,snapshot_4_raw_halo_count,snapshot_4_valid_real_halo_count,snapshot_5_id,snapshot_5_path,snapshot_5_exists,snapshot_5_raw_halo_count,snapshot_5_valid_real_halo_count,seed42_train700_membership,seed123_train700_membership,seed2025_train700_membership,anomaly_flag
LH_0,0,/home/ml/thesis-camels/data/raw/CAMELS_SIMBA_1000U,row_universe_id=LH_0;universe_index=0;omega_m=0.1462,0.20000,/home/ml/thesis-camels/data/raw/CAMELS_SIMBA_1000U/LH_0_hlist_0.20000.list,true,350,350,0.25000,/home/ml/thesis-camels/data/raw/CAMELS_SIMBA_1000U/LH_0_hlist_0.25000.list,true,1482,1482,0.51209,/home/ml/thesis-camels/data/raw/CAMELS_SIMBA_1000U/LH_0_hlist_0.51209.list,true,4985,4985,0.75065,/home/ml/thesis-camels/data/raw/CAMELS_SIMBA_1000U/LH_0_hlist_0.75065.list,true,5617,5617,1.00000,/home/ml/thesis-camels/data/raw/CAMELS_SIMBA_1000U/LH_0_hlist_1.00000.list,true,6260,6260,test,test,test,NONE
LH_1,1,/home/ml/thesis-camels/data/raw/CAMELS_SIMBA_1000U,row_universe_id=LH_1;universe_index=1;omega_m=0.1198,0.20000,/home/ml/thesis-camels/data/raw/CAMELS_SIMBA_1000U/LH_1_hlist_0.20000.list,true,1736,1736,0.25000,/home/ml/thesis-camels/data/raw/CAMELS_SIMBA_1000U/LH_1_hlist_0.25000.list,true,3201,3201,0.51209,/home/ml/thesis-camels/data/raw/CAMELS_SIMBA_1000U/LH_1_hlist_0.51209.list,true,4287,4287,0.75065,/home/ml/thesis-camels/data/raw/CAMELS_SIMBA_1000U/LH_1_hlist_0.75065.list,true,4412,4412,1.00000,/home/ml/thesis-camels/data/raw/CAMELS_SIMBA_1000U/LH_1_hlist_1.00000.list,true,4812,4812,validation,test,validation,NONE
LH_2,2,/home/ml/thesis-camels/data/raw/CAMELS_SIMBA_1000U,row_universe_id=LH_2;universe_index=2;omega_m=0.4226,0.20000,/home/ml/thesis-camels/data/raw/CAMELS_SIMBA_1000U/LH_2_hlist_0.20000.list,true,7746,7746,0.25000,/home/ml/thesis-camels/data/raw/CAMELS_SIMBA_1000U/LH_2_hlist_0.25000.list,true,8444,8444,0.51209,/home/ml/thesis-camels/data/raw/CAMELS_SIMBA_1000U/LH_2_hlist_0.51209.list,true,7407,7407,0.75065,/home/ml/thesis-camels/data/raw/CAMELS_SIMBA_1000U/LH_2_hlist_0.75065.list,true,6105,6105,1.00000,/home/ml/thesis-camels/data/raw/CAMELS_SIMBA_1000U/LH_2_hlist_1.00000.list,true,5647,5647,train,train,train,NONE
LH_3,3,/home/ml/thesis-camels/data/raw/CAMELS_SIMBA_1000U,row_universe_id=LH_3;universe_index=3;omega_m=0.2398,0.20000,/home/ml/thesis-camels/data/raw/CAMELS_SIMBA_1000U/LH_3_hlist_0.20000.list,true,3326,3326,0.25000,/home/ml/thesis-camels/data/raw/CAMELS_SIMBA_1000U/LH_3_hlist_0.25000.list,true,4930,4930,0.51209,/home/ml/thesis-camels/data/raw/CAMELS_SIMBA_1000U/LH_3_hlist_0.51209.list,true,7213,7213,0.75065,/home/ml/thesis-camels/data/raw/CAMELS_SIMBA_1000U/LH_3_hlist_0.75065.list,true,6704,6704,1.00000,/home/ml/thesis-camels/data/raw/CAMELS_SIMBA_1000U/LH_3_hlist_1.00000.list,true,6715,6715,test,train,validation,NONE
LH_4,4,/home/ml/thesis-camels/data/raw/CAMELS_SIMBA_1000U,row_universe_id=LH_4;universe_index=4;omega_m=0.3742,0.20000,/home/ml/thesis-camels/data/raw/CAMELS_SIMBA_1000U/LH_4_hlist_0.20000.list,true,6917,6917,0.25000,/home/ml/thesis-camels/data/raw/CAMELS_SIMBA_1000U/LH_4_hlist_0.25000.list,true,7844,7844,0.51209,/home/ml/thesis-camels/data/raw/CAMELS_SIMBA_1000U/LH_4_hlist_0.51209.list,true,7968,7968,0.75065,/home/ml/thesis-camels/data/raw/CAMELS_SIMBA_1000U/LH_4_hlist_0.75065.list,true,6801,6801,1.00000,/home/ml/thesis-camels/data/raw/CAMELS_SIMBA_1000U/LH_4_hlist_1.00000.list,true,6666,6666,train,train,train,NONE
LH_5,5,/home/ml/thesis-camels/data/raw/CAMELS_SIMBA_1000U,row_universe_id=LH_5;universe_index=5;omega_m=0.1174,0.20000,/home/ml/thesis-camels/data/raw/CAMELS_SIMBA_1000U/LH_5_hlist_0.20000.list,true,806,806,0.25000,/home/ml/thesis-camels/data/raw/CAMELS_SIMBA_1000U/LH_5_hlist_0.25000.list,true,1946,1946,0.51209,/home/ml/thesis-camels/data/raw/CAMELS_SIMBA_1000U/LH_5_hlist_0.51209.list,true,4256,4256,0.75065,/home/ml/thesis-camels/data/raw/CAMELS_SIMBA_1000U/LH_5_hlist_0.75065.list,true,4638,4638,1.00000,/home/ml/thesis-camels/data/raw/CAMELS_SIMBA_1000U/LH_5_hlist_1.00000.list,true,5184,5184,train,train,validation,NONE
LH_6,6,/home/ml/thesis-camels/data/raw/CAMELS_SIMBA_1000U,row_universe_id=LH_6;universe_index=6;omega_m=0.1202,0.20000,/home/ml/thesis-camels/data/raw/CAMELS_SIMBA_1000U/LH_6_hlist_0.20000.list,true,1780,1780,0.25000,/home/ml/thesis-camels/data/raw/CAMELS_SIMBA_1000U/LH_6_hlist_0.25000.list,true,2795,2795,0.51209,/home/ml/thesis-camels/data/raw/CAMELS_SIMBA_1000U/LH_6_hlist_0.51209.list,true,4856,4856,0.75065,/home/ml/thesis-camels/data/raw/CAMELS_SIMBA_1000U/LH_6_hlist_0.75065.list,true,5216,5216,1.00000,/home/ml/thesis-camels/data/raw/CAMELS_SIMBA_1000U/LH_6_hlist_1.00000.list,true,5740,5740,test,test,train,NONE
LH_7,7,/home/ml/thesis-camels/data/raw/CAMELS_SIMBA_1000U,row_universe_id=LH_7;universe_index=7;omega_m=0.3438,0.20000,/home/ml/thesis-camels/data/raw/CAMELS_SIMBA_1000U/LH_7_hlist_0.20000.list,true,3220,3220,0.25000,/home/ml/thesis-camels/data/raw/CAMELS_SIMBA_1000U/LH_7_hlist_0.25000.list,true,4847,4847,0.51209,/home/ml/thesis-camels/data/raw/CAMELS_SIMBA_1000U/LH_7_hlist_0.51209.list,true,8071,8071,0.75065,/home/ml/thesis-camels/data/raw/CAMELS_SIMBA_1000U/LH_7_hlist_0.75065.list,true,7767,7767,1.00000,/home/ml/thesis-camels/data/raw/CAMELS_SIMBA_1000U/LH_7_hlist_1.00000.list,true,7817,7817,validation,train,test,NONE
LH_8,8,/home/ml/thesis-camels/data/raw/CAMELS_SIMBA_1000U,row_universe_id=LH_8;universe_index=8;omega_m=0.4018,0.20000,/home/ml/thesis-camels/data/raw/CAMELS_SIMBA_1000U/LH_8_hlist_0.20000.list,true,6285,6285,0.25000,/home/ml/thesis-camels/data/raw/CAMELS_SIMBA_1000U/LH_8_hlist_0.25000.list,true,7756,7756,0.51209,/home/ml/thesis-camels/data/raw/CAMELS_SIMBA_1000U/LH_8_hlist_0.51209.list,true,7619,7619,0.75065,/home/ml/thesis-camels/data/raw/CAMELS_SIMBA_1000U/LH_8_hlist_0.75065.list,true,6554,6554,1.00000,/home/ml/thesis-camels/data/raw/CAMELS_SIMBA_1000U/LH_8_hlist_1.00000.list,true,6464,6464,train,test,train,NONE
LH_9,9,/home/ml/thesis-camels/data/raw/CAMELS_SIMBA_1000U,row_universe_id=LH_9;universe_index=9;omega_m=0.2062,0.20000,/home/ml/thesis-camels/data/raw/CAMELS_SIMBA_1000U/LH_9_hlist_0.20000.list,true,3003,3003,0.25000,/home/ml/thesis-camels/data/raw/CAMELS_SIMBA_1000U/LH_9_hlist_0.25000.list,true,4374,4374,0.51209,/home/ml/thesis-camels/data/raw/CAMELS_SIMBA_1000U/LH_9_hlist_0.51209.list,true,6452,6452,0.75065,/home/ml/thesis-camels/data/raw/CAMELS_SIMBA_1000U/LH_9_hlist_0.75065.list,true,6439,6439,1.00000,/home/ml/thesis-camels/data/raw/CAMELS_SIMBA_1000U/LH_9_hlist_1.00000.list,true,6776,6776,train,train,train,NONE
LH_10,10,/home/ml/thesis-camels/data/raw/CAMELS_SIMBA_1000U,row_universe_id=LH_10;universe_index=10;omega_m=0.1602,0.20000,/home/ml/thesis-camels/data/raw/CAMELS_SIMBA_1000U/LH_10_hlist_0.20000.list,true,2838,2838,0.25000,/home/ml/thesis-camels/data/raw/CAMELS_SIMBA_1000U/LH_10_hlist_0.25000.list,true,4195,4195,0.51209,/home/ml/thesis-camels/data/raw/CAMELS_SIMBA_1000U/LH_10_hlist_0.51209.list,true,6131,6131,0.75065,/home/ml/thesis-camels/data/raw/CAMELS_SIMBA_1000U/LH_10_hlist_0.75065.list,true,5996,5996,1.00000,/home/ml/thesis-camels/data/raw/CAMELS_SIMBA_1000U/LH_10_hlist_1.00000.list,true,6316,6316,train,test,test,NONE
LH_11,11,/home/ml/thesis-camels/data/raw/CAMELS_SIMBA_1000U,row_universe_id=LH_11;universe_index=11;omega_m=0.4754,0.20000,/home/ml/thesis-camels/data/raw/CAMELS_SIMBA_1000U/LH_11_hlist_0.20000.list,true,7579,7579,0.25000,/home/ml/thesis-camels/data/raw/CAMELS_SIMBA_1000U/LH_11_hlist_0.25000.list,true,8614,8614,0.51209,/home/ml/thesis-camels/data/raw/CAMELS_SIMBA_1000U/LH_11_hlist_0.51209.list,true,8190,8190,0.75065,/home/ml/thesis-camels/data/raw/CAMELS_SIMBA_1000U/LH_11_hlist_0.75065.list,true,7004,7004,1.00000,/home/ml/thesis-camels/data/raw/CAMELS_SIMBA_1000U/LH_11_hlist_1.00000.list,true,6553,6553,test,train,test,NONE
LH_12,12,/home/ml/thesis-camels/data/raw/CAMELS_SIMBA_1000U,row_universe_id=LH_12;universe_index=12;omega_m=0.2914,0.20000,/home/ml/thesis-camels/data/raw/CAMELS_SIMBA_1000U/LH_12_hlist_0.20000.list,true,2268,2268,0.25000,/home/ml/thesis-camels/data/raw/CAMELS_SIMBA_1000U/LH_12_hlist_0.25000.list,true,4041,4041,0.51209,/home/ml/thesis-camels/data/raw/CAMELS_SIMBA_1000U/LH_12_hlist_0.51209.list,true,7578,7578,0.75065,/home/ml/thesis-camels/data/raw/CAMELS_SIMBA_1000U/LH_12_hlist_0.75065.list,true,7320,7320,1.00000,/home/ml/thesis-camels/data/raw/CAMELS_SIMBA_1000U/LH_12_hlist_1.00000.list,true,7525,7525,train,test,train,NONE
LH_13,13,/home/ml/thesis-camels/data/raw/CAMELS_SIMBA_1000U,row_universe_id=LH_13;universe_index=13;omega_m=0.269,0.20000,/home/ml/thesis-camels/data/raw/CAMELS_SIMBA_1000U/LH_13_hlist_0.20000.list,true,2803,2803,0.25000,/home/ml/thesis-camels/data/raw/CAMELS_SIMBA_1000U/LH_13_hlist_0.25000.list,true,4443,4443,0.51209,/home/ml/thesis-camels/data/raw/CAMELS_SIMBA_1000U/LH_13_hlist_0.51209.list,true,7251,7251,0.75065,/home/ml/thesis-camels/data/raw/CAMELS_SIMBA_1000U/LH_13_hlist_0.75065.list,true,6963,6963,1.00000,/home/ml/thesis-camels/data/raw/CAMELS_SIMBA_1000U/LH_13_hlist_1.00000.list,true,7337,7337,train,test,train,NONE
LH_14,14,/home/ml/thesis-camels/data/raw/CAMELS_SIMBA_1000U,row_universe_id=LH_14;universe_index=14;omega_m=0.3946,0.20000,/home/ml/thesis-camels/data/raw/CAMELS_SIMBA_1000U/LH_14_hlist_0.20000.list,true,5671,5671,0.25000,/home/ml/thesis-camels/data/raw/CAMELS_SIMBA_1000U/LH_14_hlist_0.25000.list,true,6962,6962,0.51209,/home/ml/thesis-camels/data/raw/CAMELS_SIMBA_1000U/LH_14_hlist_0.51209.list,true,7975,7975,0.75065,/home/ml/thesis-camels/data/raw/CAMELS_SIMBA_1000U/LH_14_hlist_0.75065.list,true,7013,7013,1.00000,/home/ml/thesis-camels/data/raw/CAMELS_SIMBA_1000U/LH_14_hlist_1.00000.list,true,6724,6724,train,train,validation,NONE
LH_15,15,/home/ml/thesis-camels/data/raw/CAMELS_SIMBA_1000U,row_universe_id=LH_15;universe_index=15;omega_m=0.1762,0.20000,/home/ml/thesis-camels/data/raw/CAMELS_SIMBA_1000U/LH_15_hlist_0.20000.list,true,3369,3369,0.25000,/home/ml/thesis-camels/data/raw/CAMELS_SIMBA_1000U/LH_15_hlist_0.25000.list,true,4809,4809,0.51209,/home/ml/thesis-camels/data/raw/CAMELS_SIMBA_1000U/LH_15_hlist_0.51209.list,true,6162,6162,0.75065,/home/ml/thesis-camels/data/raw/CAMELS_SIMBA_1000U/LH_15_hlist_0.75065.list,true,5993,5993,1.00000,/home/ml/thesis-camels/data/raw/CAMELS_SIMBA_1000U/LH_15_hlist_1.00000.list,true,6319,6319,train,train,train,NONE
LH_16,16,/home/ml/thesis-camels/data/raw/CAMELS_SIMBA_1000U,row_universe_id=LH_16;universe_index=16;omega_m=0.1658,0.20000,/home/ml/thesis-camels/data/raw/CAMELS_SIMBA_1000U/LH_16_hlist_0.20000.list,true,1044,1044,0.25000,/home/ml/thesis-camels/data/raw/CAMELS_SIMBA_1000U/LH_16_hlist_0.25000.list,true,2217,2217,0.51209,/home/ml/thesis-camels/data/raw/CAMELS_SIMBA_1000U/LH_16_hlist_0.51209.list,true,5860,5860,0.75065,/home/ml/thesis-camels/data/raw/CAMELS_SIMBA_1000U/LH_16_hlist_0.75065.list,true,6369,6369,1.00000,/home/ml/thesis-camels/data/raw/CAMELS_SIMBA_1000U/LH_16_hlist_1.00000.list,true,6890,6890,train,test,train,NONE
LH_17,17,/home/ml/thesis-camels/data/raw/CAMELS_SIMBA_1000U,row_universe_id=LH_17;universe_index=17;omega_m=0.2802,0.20000,/home/ml/thesis-camels/data/raw/CAMELS_SIMBA_1000U/LH_17_hlist_0.20000.list,true,3578,3578,0.25000,/home/ml/thesis-camels/data/raw/CAMELS_SIMBA_1000U/LH_17_hlist_0.25000.list,true,5152,5152,0.51209,/home/ml/thesis-camels/data/raw/CAMELS_SIMBA_1000U/LH_17_hlist_0.51209.list,true,7539,7539,0.75065,/home/ml/thesis-camels/data/raw/CAMELS_SIMBA_1000U/LH_17_hlist_0.75065.list,true,7306,7306,1.00000,/home/ml/thesis-camels/data/raw/CAMELS_SIMBA_1000U/LH_17_hlist_1.00000.list,true,7446,7446,train,validation,train,NONE
LH_18,18,/home/ml/thesis-camels/data/raw/CAMELS_SIMBA_1000U,row_universe_id=LH_18;universe_index=18;omega_m=0.4578,0.20000,/home/ml/thesis-camels/data/raw/CAMELS_SIMBA_1000U/LH_18_hlist_0.20000.list,true,7088,7088,0.25000,/home/ml/thesis-camels/data/raw/CAMELS_SIMBA_1000U/LH_18_hlist_0.25000.list,true,8381,8381,0.51209,/home/ml/thesis-camels/data/raw/CAMELS_SIMBA_1000U/LH_18_hlist_0.51209.list,true,8128,8128,0.75065,/home/ml/thesis-camels/data/raw/CAMELS_SIMBA_1000U/LH_18_hlist_0.75065.list,true,7031,7031,1.00000,/home/ml/thesis-camels/data/raw/CAMELS_SIMBA_1000U/LH_18_hlist_1.00000.list,true,6550,6550,train,train,train,NONE
LH_19,19,/home/ml/thesis-camels/data/raw/CAMELS_SIMBA_1000U,row_universe_id=LH_19;universe_index=19;omega_m=0.3062,0.20000,/home/ml/thesis-camels/data/raw/CAMELS_SIMBA_1000U/LH_19_hlist_0.20000.list,true,6562,6562,0.25000,/home/ml/thesis-camels/data/raw/CAMELS_SIMBA_1000U/LH_19_hlist_0.25000.list,true,7568,7568,0.51209,/home/ml/thesis-camels/data/raw/CAMELS_SIMBA_1000U/LH_19_hlist_0.51209.list,true,7383,7383,0.75065,/home/ml/thesis-camels/data/raw/CAMELS_SIMBA_1000U/LH_19_hlist_0.75065.list,true,6455,6455,1.00000,/home/ml/thesis-camels/data/raw/CAMELS_SIMBA_1000U/LH_19_hlist_1.00000.list,true,6413,6413,test,train,validation,NONE
LH_20,20,/home/ml/thesis-camels/data/raw/CAMELS_SIMBA_1000U,row_universe_id=LH_20;universe_index=20;omega_m=0.1398,0.20000,/home/ml/thesis-camels/data/raw/CAMELS_SIMBA_1000U/LH_20_hlist_0.20000.list,true,1317,1317,0.25000,/home/ml/thesis-camels/data/raw/CAMELS_SIMBA_1000U/LH_20_hlist_0.25000.list,true,2483,2483,0.51209,/home/ml/thesis-camels/data/raw/CAMELS_SIMBA_1000U/LH_20_hlist_0.51209.list,true,5253,5253,0.75065,/home/ml/thesis-camels/data/raw/CAMELS_SIMBA_1000U/LH_20_hlist_0.75065.list,true,5782,5782,1.00000,/home/ml/thesis-camels/data/raw/CAMELS_SIMBA_1000U/LH_20_hlist_1.00000.list,true,6348,6348,train,train,train,NONE
LH_21,21,/home/ml/thesis-camels/data/raw/CAMELS_SIMBA_1000U,row_universe_id=LH_21;universe_index=21;omega_m=0.1342,0.20000,/home/ml/thesis-camels/data/raw/CAMELS_SIMBA_1000U/LH_21_hlist_0.20000.list,true,2329,2329,0.25000,/home/ml/thesis-camels/data/raw/CAMELS_SIMBA_1000U/LH_21_hlist_0.25000.list,true,3586,3586,0.51209,/home/ml/thesis-camels/data/raw/CAMELS_SIMBA_1000U/LH_21_hlist_0.51209.list,true,5247,5247,0.75065,/home/ml/thesis-camels/data/raw/CAMELS_SIMBA_1000U/LH_21_hlist_0.75065.list,true,5182,5182,1.00000,/home/ml/thesis-camels/data/raw/CAMELS_SIMBA_1000U/LH_21_hlist_1.00000.list,true,5622,5622,test,test,train,NONE
LH_22,22,/home/ml/thesis-camels/data/raw/CAMELS_SIMBA_1000U,row_universe_id=LH_22;universe_index=22;omega_m=0.1738,0.20000,/home/ml/thesis-camels/data/raw/CAMELS_SIMBA_1000U/LH_22_hlist_0.20000.list,true,3105,3105,0.25000,/home/ml/thesis-camels/data/raw/CAMELS_SIMBA_1000U/LH_22_hlist_0.25000.list,true,4488,4488,0.51209,/home/ml/thesis-camels/data/raw/CAMELS_SIMBA_1000U/LH_22_hlist_0.51209.list,true,6270,6270,0.75065,/home/ml/thesis-camels/data/raw/CAMELS_SIMBA_1000U/LH_22_hlist_0.75065.list,true,6139,6139,1.00000,/home/ml/thesis-camels/data/raw/CAMELS_SIMBA_1000U/LH_22_hlist_1.00000.list,true,6437,6437,train,train,train,NONE
LH_23,23,/home/ml/thesis-camels/data/raw/CAMELS_SIMBA_1000U,row_universe_id=LH_23;universe_index=23;omega_m=0.3642,0.20000,/home/ml/thesis-camels/data/raw/CAMELS_SIMBA_1000U/LH_23_hlist_0.20000.list,true,7570,7570,0.25000,/home/ml/thesis-camels/data/raw/CAMELS_SIMBA_1000U/LH_23_hlist_0.25000.list,true,8261,8261,0.51209,/home/ml/thesis-camels/data/raw/CAMELS_SIMBA_1000U/LH_23_hlist_0.51209.list,true,7262,7262,0.75065,/home/ml/thesis-camels/data/raw/CAMELS_SIMBA_1000U/LH_23_hlist_0.75065.list,true,6273,6273,1.00000,/home/ml/thesis-camels/data/raw/CAMELS_SIMBA_1000U/LH_23_hlist_1.00000.list,true,6006,6006,train,train,validation,NONE
LH_24,24,/home/ml/thesis-camels/data/raw/CAMELS_SIMBA_1000U,row_universe_id=LH_24;universe_index=24;omega_m=0.1966,0.20000,/home/ml/thesis-camels/data/raw/CAMELS_SIMBA_1000U/LH_24_hlist_0.20000.list,true,2115,2115,0.25000,/home/ml/thesis-camels/data/raw/CAMELS_SIMBA_1000U/LH_24_hlist_0.25000.list,true,3660,3660,0.51209,/home/ml/thesis-camels/data/raw/CAMELS_SIMBA_1000U/LH_24_hlist_0.51209.list,true,6457,6457,0.75065,/home/ml/thesis-camels/data/raw/CAMELS_SIMBA_1000U/LH_24_hlist_0.75065.list,true,6533,6533,1.00000,/home/ml/thesis-camels/data/raw/CAMELS_SIMBA_1000U/LH_24_hlist_1.00000.list,true,6835,6835,train,test,train,NONE
LH_25,25,/home/ml/thesis-camels/data/raw/CAMELS_SIMBA_1000U,row_universe_id=LH_25;universe_index=25;omega_m=0.3226,0.20000,/home/ml/thesis-camels/data/raw/CAMELS_SIMBA_1000U/LH_25_hlist_0.20000.list,true,6745,6745,0.25000,/home/ml/thesis-camels/data/raw/CAMELS_SIMBA_1000U/LH_25_hlist_0.25000.list,true,7654,7654,0.51209,/home/ml/thesis-camels/data/raw/CAMELS_SIMBA_1000U/LH_25_hlist_0.51209.list,true,6986,6986,0.75065,/home/ml/thesis-camels/data/raw/CAMELS_SIMBA_1000U/LH_25_hlist_0.75065.list,true,6229,6229,1.00000,/home/ml/thesis-camels/data/raw/CAMELS_SIMBA_1000U/LH_25_hlist_1.00000.list,true,6226,6226,test,train,test,NONE
LH_26,26,/home/ml/thesis-camels/data/raw/CAMELS_SIMBA_1000U,row_universe_id=LH_26;universe_index=26;omega_m=0.1798,0.20000,/home/ml/thesis-camels/data/raw/CAMELS_SIMBA_1000U/LH_26_hlist_0.20000.list,true,4513,4513,0.25000,/home/ml/thesis-camels/data/raw/CAMELS_SIMBA_1000U/LH_26_hlist_0.25000.list,true,5801,5801,0.51209,/home/ml/thesis-camels/data/raw/CAMELS_SIMBA_1000U/LH_26_hlist_0.51209.list,true,5721,5721,0.75065,/home/ml/thesis-camels/data/raw/CAMELS_SIMBA_1000U/LH_26_hlist_0.75065.list,true,5106,5106,1.00000,/home/ml/thesis-camels/data/raw/CAMELS_SIMBA_1000U/LH_26_hlist_1.00000.list,true,5451,5451,train,validation,train,NONE
LH_27,27,/home/ml/thesis-camels/data/raw/CAMELS_SIMBA_1000U,row_universe_id=LH_27;universe_index=27;omega_m=0.3818,0.20000,/home/ml/thesis-camels/data/raw/CAMELS_SIMBA_1000U/LH_27_hlist_0.20000.list,true,6425,6425,0.25000,/home/ml/thesis-camels/data/raw/CAMELS_SIMBA_1000U/LH_27_hlist_0.25000.list,true,7613,7613,0.51209,/home/ml/thesis-camels/data/raw/CAMELS_SIMBA_1000U/LH_27_hlist_0.51209.list,true,7647,7647,0.75065,/home/ml/thesis-camels/data/raw/CAMELS_SIMBA_1000U/LH_27_hlist_0.75065.list,true,6794,6794,1.00000,/home/ml/thesis-camels/data/raw/CAMELS_SIMBA_1000U/LH_27_hlist_1.00000.list,true,6518,6518,test,train,test,NONE
LH_28,28,/home/ml/thesis-camels/data/raw/CAMELS_SIMBA_1000U,row_universe_id=LH_28;universe_index=28;omega_m=0.267,0.20000,/home/ml/thesis-camels/data/raw/CAMELS_SIMBA_1000U/LH_28_hlist_0.20000.list,true,6091,6091,0.25000,/home/ml/thesis-camels/data/raw/CAMELS_SIMBA_1000U/LH_28_hlist_0.25000.list,true,7220,7220,0.51209,/home/ml/thesis-camels/data/raw/CAMELS_SIMBA_1000U/LH_28_hlist_0.51209.list,true,6692,6692,0.75065,/home/ml/thesis-camels/data/raw/CAMELS_SIMBA_1000U/LH_28_hlist_0.75065.list,true,5923,5923,1.00000,/home/ml/thesis-camels/data/raw/CAMELS_SIMBA_1000U/LH_28_hlist_1.00000.list,true,6000,6000,train,test,test,NONE
LH_29,29,/home/ml/thesis-camels/data/raw/CAMELS_SIMBA_1000U,row_universe_id=LH_29;universe_index=29;omega_m=0.157,0.20000,/home/ml/thesis-camels/data/raw/CAMELS_SIMBA_1000U/LH_29_hlist_0.20000.list,true,3290,3290,0.25000,/home/ml/thesis-camels/data/raw/CAMELS_SIMBA_1000U/LH_29_hlist_0.25000.list,true,4650,4650,0.51209,/home/ml/thesis-camels/data/raw/CAMELS_SIMBA_1000U/LH_29_hlist_0.51209.list,true,5356,5356,0.75065,/home/ml/thesis-camels/data/raw/CAMELS_SIMBA_1000U/LH_29_hlist_0.75065.list,true,5076,5076,1.00000,/home/ml/thesis-camels/data/raw/CAMELS_SIMBA_1000U/LH_29_hlist_1.00000.list,true,5476,5476,validation,test,test,NONE
LH_30,30,/home/ml/thesis-camels/data/raw/CAMELS_SIMBA_1000U,row_universe_id=LH_30;universe_index=30;omega_m=0.137,0.20000,/home/ml/thesis-camels/data/raw/CAMELS_SIMBA_1000U/LH_30_hlist_0.20000.list,true,2111,2111,0.25000,/home/ml/thesis-camels/data/raw/CAMELS_SIMBA_1000U/LH_30_hlist_0.25000.list,true,3373,3373,0.51209,/home/ml/thesis-camels/data/raw/CAMELS_SIMBA_1000U/LH_30_hlist_0.51209.list,true,5689,5689,0.75065,/home/ml/thesis-camels/data/raw/CAMELS_SIMBA_1000U/LH_30_hlist_0.75065.list,true,5704,5704,1.00000,/home/ml/thesis-camels/data/raw/CAMELS_SIMBA_1000U/LH_30_hlist_1.00000.list,true,6155,6155,test,train,train,NONE
LH_31,31,/home/ml/thesis-camels/data/raw/CAMELS_SIMBA_1000U,row_universe_id=LH_31;universe_index=31;omega_m=0.4978,0.20000,/home/ml/thesis-camels/data/raw/CAMELS_SIMBA_1000U/LH_31_hlist_0.20000.list,true,5376,5376,0.25000,/home/ml/thesis-camels/data/raw/CAMELS_SIMBA_1000U/LH_31_hlist_0.25000.list,true,6988,6988,0.51209,/home/ml/thesis-camels/data/raw/CAMELS_SIMBA_1000U/LH_31_hlist_0.51209.list,true,9059,9059,0.75065,/home/ml/thesis-camels/data/raw/CAMELS_SIMBA_1000U/LH_31_hlist_0.75065.list,true,8112,8112,1.00000,/home/ml/thesis-camels/data/raw/CAMELS_SIMBA_1000U/LH_31_hlist_1.00000.list,true,7801,7801,validation,validation,test,NONE
LH_32,32,/home/ml/thesis-camels/data/raw/CAMELS_SIMBA_1000U,row_universe_id=LH_32;universe_index=32;omega_m=0.2998,0.20000,/home/ml/thesis-camels/data/raw/CAMELS_SIMBA_1000U/LH_32_hlist_0.20000.list,true,6522,6522,0.25000,/home/ml/thesis-camels/data/raw/CAMELS_SIMBA_1000U/LH_32_hlist_0.25000.list,true,7469,7469,0.51209,/home/ml/thesis-camels/data/raw/CAMELS_SIMBA_1000U/LH_32_hlist_0.51209.list,true,7428,7428,0.75065,/home/ml/thesis-camels/data/raw/CAMELS_SIMBA_1000U/LH_32_hlist_0.75065.list,true,6650,6650,1.00000,/home/ml/thesis-camels/data/raw/CAMELS_SIMBA_1000U/LH_32_hlist_1.00000.list,true,6663,6663,test,test,train,NONE
LH_33,33,/home/ml/thesis-camels/data/raw/CAMELS_SIMBA_1000U,row_universe_id=LH_33;universe_index=33;omega_m=0.4778,0.20000,/home/ml/thesis-camels/data/raw/CAMELS_SIMBA_1000U/LH_33_hlist_0.20000.list,true,7808,7808,0.25000,/home/ml/thesis-camels/data/raw/CAMELS_SIMBA_1000U/LH_33_hlist_0.25000.list,true,8598,8598,0.51209,/home/ml/thesis-camels/data/raw/CAMELS_SIMBA_1000U/LH_33_hlist_0.51209.list,true,8071,8071,0.75065,/home/ml/thesis-camels/data/raw/CAMELS_SIMBA_1000U/LH_33_hlist_0.75065.list,true,6718,6718,1.00000,/home/ml/thesis-camels/data/raw/CAMELS_SIMBA_1000U/LH_33_hlist_1.00000.list,true,6285,6285,train,test,test,NONE
LH_34,34,/home/ml/thesis-camels/data/raw/CAMELS_SIMBA_1000U,row_universe_id=LH_34;universe_index=34;omega_m=0.2538,0.20000,/home/ml/thesis-camels/data/raw/CAMELS_SIMBA_1000U/LH_34_hlist_0.20000.list,true,4009,4009,0.25000,/home/ml/thesis-camels/data/raw/CAMELS_SIMBA_1000U/LH_34_hlist_0.25000.list,true,5535,5535,0.51209,/home/ml/thesis-camels/data/raw/CAMELS_SIMBA_1000U/LH_34_hlist_0.51209.list,true,6969,6969,0.75065,/home/ml/thesis-camels/data/raw/CAMELS_SIMBA_1000U/LH_34_hlist_0.75065.list,true,6621,6621,1.00000,/home/ml/thesis-camels/data/raw/CAMELS_SIMBA_1000U/LH_34_hlist_1.00000.list,true,6693,6693,train,train,train,NONE
LH_35,35,/home/ml/thesis-camels/data/raw/CAMELS_SIMBA_1000U,row_universe_id=LH_35;universe_index=35;omega_m=0.2726,0.20000,/home/ml/thesis-camels/data/raw/CAMELS_SIMBA_1000U/LH_35_hlist_0.20000.list,true,3354,3354,0.25000,/home/ml/thesis-camels/data/raw/CAMELS_SIMBA_1000U/LH_35_hlist_0.25000.list,true,4910,4910,0.51209,/home/ml/thesis-camels/data/raw/CAMELS_SIMBA_1000U/LH_35_hlist_0.51209.list,true,7509,7509,0.75065,/home/ml/thesis-camels/data/raw/CAMELS_SIMBA_1000U/LH_35_hlist_0.75065.list,true,6941,6941,1.00000,/home/ml/thesis-camels/data/raw/CAMELS_SIMBA_1000U/LH_35_hlist_1.00000.list,true,7246,7246,train,validation,train,NONE
LH_36,36,/home/ml/thesis-camels/data/raw/CAMELS_SIMBA_1000U,row_universe_id=LH_36;universe_index=36;omega_m=0.2894,0.20000,/home/ml/thesis-camels/data/raw/CAMELS_SIMBA_1000U/LH_36_hlist_0.20000.list,true,3726,3726,0.25000,/home/ml/thesis-camels/data/raw/CAMELS_SIMBA_1000U/LH_36_hlist_0.25000.list,true,5303,5303,0.51209,/home/ml/thesis-camels/data/raw/CAMELS_SIMBA_1000U/LH_36_hlist_0.51209.list,true,7522,7522,0.75065,/home/ml/thesis-camels/data/raw/CAMELS_SIMBA_1000U/LH_36_hlist_0.75065.list,true,7142,7142,1.00000,/home/ml/thesis-camels/data/raw/CAMELS_SIMBA_1000U/LH_36_hlist_1.00000.list,true,7110,7110,train,train,train,NONE
LH_37,37,/home/ml/thesis-camels/data/raw/CAMELS_SIMBA_1000U,row_universe_id=LH_37;universe_index=37;omega_m=0.111,0.20000,/home/ml/thesis-camels/data/raw/CAMELS_SIMBA_1000U/LH_37_hlist_0.20000.list,true,873,873,0.25000,/home/ml/thesis-camels/data/raw/CAMELS_SIMBA_1000U/LH_37_hlist_0.25000.list,true,1891,1891,0.51209,/home/ml/thesis-camels/data/raw/CAMELS_SIMBA_1000U/LH_37_hlist_0.51209.list,true,4154,4154,0.75065,/home/ml/thesis-camels/data/raw/CAMELS_SIMBA_1000U/LH_37_hlist_0.75065.list,true,4559,4559,1.00000,/home/ml/thesis-camels/data/raw/CAMELS_SIMBA_1000U/LH_37_hlist_1.00000.list,true,5230,5230,train,test,train,NONE
LH_38,38,/home/ml/thesis-camels/data/raw/CAMELS_SIMBA_1000U,row_universe_id=LH_38;universe_index=38;omega_m=0.4618,0.20000,/home/ml/thesis-camels/data/raw/CAMELS_SIMBA_1000U/LH_38_hlist_0.20000.list,true,5061,5061,0.25000,/home/ml/thesis-camels/data/raw/CAMELS_SIMBA_1000U/LH_38_hlist_0.25000.list,true,6640,6640,0.51209,/home/ml/thesis-camels/data/raw/CAMELS_SIMBA_1000U/LH_38_hlist_0.51209.list,true,8536,8536,0.75065,/home/ml/thesis-camels/data/raw/CAMELS_SIMBA_1000U/LH_38_hlist_0.75065.list,true,7592,7592,1.00000,/home/ml/thesis-camels/data/raw/CAMELS_SIMBA_1000U/LH_38_hlist_1.00000.list,true,7349,7349,validation,train,train,NONE
LH_39,39,/home/ml/thesis-camels/data/raw/CAMELS_SIMBA_1000U,row_universe_id=LH_39;universe_index=39;omega_m=0.3178,0.20000,/home/ml/thesis-camels/data/raw/CAMELS_SIMBA_1000U/LH_39_hlist_0.20000.list,true,4620,4620,0.25000,/home/ml/thesis-camels/data/raw/CAMELS_SIMBA_1000U/LH_39_hlist_0.25000.list,true,6227,6227,0.51209,/home/ml/thesis-camels/data/raw/CAMELS_SIMBA_1000U/LH_39_hlist_0.51209.list,true,7796,7796,0.75065,/home/ml/thesis-camels/data/raw/CAMELS_SIMBA_1000U/LH_39_hlist_0.75065.list,true,7289,7289,1.00000,/home/ml/thesis-camels/data/raw/CAMELS_SIMBA_1000U/LH_39_hlist_1.00000.list,true,7317,7317,train,test,train,NONE
LH_40,40,/home/ml/thesis-camels/data/raw/CAMELS_SIMBA_1000U,row_universe_id=LH_40;universe_index=40;omega_m=0.2738,0.20000,/home/ml/thesis-camels/data/raw/CAMELS_SIMBA_1000U/LH_40_hlist_0.20000.list,true,4220,4220,0.25000,/home/ml/thesis-camels/data/raw/CAMELS_SIMBA_1000U/LH_40_hlist_0.25000.list,true,5755,5755,0.51209,/home/ml/thesis-camels/data/raw/CAMELS_SIMBA_1000U/LH_40_hlist_0.51209.list,true,7377,7377,0.75065,/home/ml/thesis-camels/data/raw/CAMELS_SIMBA_1000U/LH_40_hlist_0.75065.list,true,7064,7064,1.00000,/home/ml/thesis-camels/data/raw/CAMELS_SIMBA_1000U/LH_40_hlist_1.00000.list,true,7117,7117,train,train,train,NONE
LH_41,41,/home/ml/thesis-camels/data/raw/CAMELS_SIMBA_1000U,row_universe_id=LH_41;universe_index=41;omega_m=0.4194,0.20000,/home/ml/thesis-camels/data/raw/CAMELS_SIMBA_1000U/LH_41_hlist_0.20000.list,true,6330,6330,0.25000,/home/ml/thesis-camels/data/raw/CAMELS_SIMBA_1000U/LH_41_hlist_0.25000.list,true,7631,7631,0.51209,/home/ml/thesis-camels/data/raw/CAMELS_SIMBA_1000U/LH_41_hlist_0.51209.list,true,7746,7746,0.75065,/home/ml/thesis-camels/data/raw/CAMELS_SIMBA_1000U/LH_41_hlist_0.75065.list,true,6854,6854,1.00000,/home/ml/thesis-camels/data/raw/CAMELS_SIMBA_1000U/LH_41_hlist_1.00000.list,true,6580,6580,train,train,train,NONE
LH_42,42,/home/ml/thesis-camels/data/raw/CAMELS_SIMBA_1000U,row_universe_id=LH_42;universe_index=42;omega_m=0.1122,0.20000,/home/ml/thesis-camels/data/raw/CAMELS_SIMBA_1000U/LH_42_hlist_0.20000.list,true,2774,2774,0.25000,/home/ml/thesis-camels/data/raw/CAMELS_SIMBA_1000U/LH_42_hlist_0.25000.list,true,3776,3776,0.51209,/home/ml/thesis-camels/data/raw/CAMELS_SIMBA_1000U/LH_42_hlist_0.51209.list,true,4559,4559,0.75065,/home/ml/thesis-camels/data/raw/CAMELS_SIMBA_1000U/LH_42_hlist_0.75065.list,true,4707,4707,1.00000,/home/ml/thesis-camels/data/raw/CAMELS_SIMBA_1000U/LH_42_hlist_1.00000.list,true,5067,5067,train,train,train,NONE
LH_43,43,/home/ml/thesis-camels/data/raw/CAMELS_SIMBA_1000U,row_universe_id=LH_43;universe_index=43;omega_m=0.1846,0.20000,/home/ml/thesis-camels/data/raw/CAMELS_SIMBA_1000U/LH_43_hlist_0.20000.list,true,4686,4686,0.25000,/home/ml/thesis-camels/data/raw/CAMELS_SIMBA_1000U/LH_43_hlist_0.25000.list,true,5834,5834,0.51209,/home/ml/thesis-camels/data/raw/CAMELS_SIMBA_1000U/LH_43_hlist_0.51209.list,true,6021,6021,0.75065,/home/ml/thesis-camels/data/raw/CAMELS_SIMBA_1000U/LH_43_hlist_0.75065.list,true,5448,5448,1.00000,/home/ml/thesis-camels/data/raw/CAMELS_SIMBA_1000U/LH_43_hlist_1.00000.list,true,5639,5639,train,train,train,NONE
LH_44,44,/home/ml/thesis-camels/data/raw/CAMELS_SIMBA_1000U,row_universe_id=LH_44;universe_index=44;omega_m=0.2962,0.20000,/home/ml/thesis-camels/data/raw/CAMELS_SIMBA_1000U/LH_44_hlist_0.20000.list,true,6677,6677,0.25000,/home/ml/thesis-camels/data/raw/CAMELS_SIMBA_1000U/LH_44_hlist_0.25000.list,true,7478,7478,0.51209,/home/ml/thesis-camels/data/raw/CAMELS_SIMBA_1000U/LH_44_hlist_0.51209.list,true,6746,6746,0.75065,/home/ml/thesis-camels/data/raw/CAMELS_SIMBA_1000U/LH_44_hlist_0.75065.list,true,5775,5775,1.00000,/home/ml/thesis-camels/data/raw/CAMELS_SIMBA_1000U/LH_44_hlist_1.00000.list,true,5819,5819,test,test,test,NONE
LH_45,45,/home/ml/thesis-camels/data/raw/CAMELS_SIMBA_1000U,row_universe_id=LH_45;universe_index=45;omega_m=0.3182,0.20000,/home/ml/thesis-camels/data/raw/CAMELS_SIMBA_1000U/LH_45_hlist_0.20000.list,true,6388,6388,0.25000,/home/ml/thesis-camels/data/raw/CAMELS_SIMBA_1000U/LH_45_hlist_0.25000.list,true,7275,7275,0.51209,/home/ml/thesis-camels/data/raw/CAMELS_SIMBA_1000U/LH_45_hlist_0.51209.list,true,7124,7124,0.75065,/home/ml/thesis-camels/data/raw/CAMELS_SIMBA_1000U/LH_45_hlist_0.75065.list,true,6166,6166,1.00000,/home/ml/thesis-camels/data/raw/CAMELS_SIMBA_1000U/LH_45_hlist_1.00000.list,true,6264,6264,train,test,train,NONE
LH_46,46,/home/ml/thesis-camels/data/raw/CAMELS_SIMBA_1000U,row_universe_id=LH_46;universe_index=46;omega_m=0.335,0.20000,/home/ml/thesis-camels/data/raw/CAMELS_SIMBA_1000U/LH_46_hlist_0.20000.list,true,5006,5006,0.25000,/home/ml/thesis-camels/data/raw/CAMELS_SIMBA_1000U/LH_46_hlist_0.25000.list,true,6400,6400,0.51209,/home/ml/thesis-camels/data/raw/CAMELS_SIMBA_1000U/LH_46_hlist_0.51209.list,true,7475,7475,0.75065,/home/ml/thesis-camels/data/raw/CAMELS_SIMBA_1000U/LH_46_hlist_0.75065.list,true,6877,6877,1.00000,/home/ml/thesis-camels/data/raw/CAMELS_SIMBA_1000U/LH_46_hlist_1.00000.list,true,6694,6694,test,train,train,NONE
LH_47,47,/home/ml/thesis-camels/data/raw/CAMELS_SIMBA_1000U,row_universe_id=LH_47;universe_index=47;omega_m=0.419,0.20000,/home/ml/thesis-camels/data/raw/CAMELS_SIMBA_1000U/LH_47_hlist_0.20000.list,true,5059,5059,0.25000,/home/ml/thesis-camels/data/raw/CAMELS_SIMBA_1000U/LH_47_hlist_0.25000.list,true,6599,6599,0.51209,/home/ml/thesis-camels/data/raw/CAMELS_SIMBA_1000U/LH_47_hlist_0.51209.list,true,8524,8524,0.75065,/home/ml/thesis-camels/data/raw/CAMELS_SIMBA_1000U/LH_47_hlist_0.75065.list,true,7713,7713,1.00000,/home/ml/thesis-camels/data/raw/CAMELS_SIMBA_1000U/LH_47_hlist_1.00000.list,true,7525,7525,validation,train,train,NONE
LH_48,48,/home/ml/thesis-camels/data/raw/CAMELS_SIMBA_1000U,row_universe_id=LH_48;universe_index=48;omega_m=0.4766,0.20000,/home/ml/thesis-camels/data/raw/CAMELS_SIMBA_1000U/LH_48_hlist_0.20000.list,true,8621,8621,0.25000,/home/ml/thesis-camels/data/raw/CAMELS_SIMBA_1000U/LH_48_hlist_0.25000.list,true,9043,9043,0.51209,/home/ml/thesis-camels/data/raw/CAMELS_SIMBA_1000U/LH_48_hlist_0.51209.list,true,7596,7596,0.75065,/home/ml/thesis-camels/data/raw/CAMELS_SIMBA_1000U/LH_48_hlist_0.75065.list,true,6216,6216,1.00000,/home/ml/thesis-camels/data/raw/CAMELS_SIMBA_1000U/LH_48_hlist_1.00000.list,true,5815,5815,test,train,train,NONE
LH_49,49,/home/ml/thesis-camels/data/raw/CAMELS_SIMBA_1000U,row_universe_id=LH_49;universe_index=49;omega_m=0.2278,0.20000,/home/ml/thesis-camels/data/raw/CAMELS_SIMBA_1000U/LH_49_hlist_0.20000.list,true,4710,4710,0.25000,/home/ml/thesis-camels/data/raw/CAMELS_SIMBA_1000U/LH_49_hlist_0.25000.list,true,5930,5930,0.51209,/home/ml/thesis-camels/data/raw/CAMELS_SIMBA_1000U/LH_49_hlist_0.51209.list,true,7181,7181,0.75065,/home/ml/thesis-camels/data/raw/CAMELS_SIMBA_1000U/LH_49_hlist_0.75065.list,true,6585,6585,1.00000,/home/ml/thesis-camels/data/raw/CAMELS_SIMBA_1000U/LH_49_hlist_1.00000.list,true,6810,6810,train,train,train,NONE
LH_50,50,/home/ml/thesis-camels/data/raw/CAMELS_SIMBA_1000U,row_universe_id=LH_50;universe_index=50;omega_m=0.259,0.20000,/home/ml/thesis-camels/data/raw/CAMELS_SIMBA_1000U/LH_50_hlist_0.20000.list,true,5698,5698,0.25000,/home/ml/thesis-camels/data/raw/CAMELS_SIMBA_1000U/LH_50_hlist_0.25000.list,true,6841,6841,0.51209,/home/ml/thesis-camels/data/raw/CAMELS_SIMBA_1000U/LH_50_hlist_0.51209.list,true,7384,7384,0.75065,/home/ml/thesis-camels/data/raw/CAMELS_SIMBA_1000U/LH_50_hlist_0.75065.list,true,6576,6576,1.00000,/home/ml/thesis-camels/data/raw/CAMELS_SIMBA_1000U/LH_50_hlist_1.00000.list,true,6534,6534,validation,train,test,NONE
LH_51,51,/home/ml/thesis-camels/data/raw/CAMELS_SIMBA_1000U,row_universe_id=LH_51;universe_index=51;omega_m=0.2678,0.20000,/home/ml/thesis-camels/data/raw/CAMELS_SIMBA_1000U/LH_51_hlist_0.20000.list,true,5763,5763,0.25000,/home/ml/thesis-camels/data/raw/CAMELS_SIMBA_1000U/LH_51_hlist_0.25000.list,true,6661,6661,0.51209,/home/ml/thesis-camels/data/raw/CAMELS_SIMBA_1000U/LH_51_hlist_0.51209.list,true,6666,6666,0.75065,/home/ml/thesis-camels/data/raw/CAMELS_SIMBA_1000U/LH_51_hlist_0.75065.list,true,6184,6184,1.00000,/home/ml/thesis-camels/data/raw/CAMELS_SIMBA_1000U/LH_51_hlist_1.00000.list,true,6244,6244,train,train,train,NONE
LH_52,52,/home/ml/thesis-camels/data/raw/CAMELS_SIMBA_1000U,row_universe_id=LH_52;universe_index=52;omega_m=0.4138,0.20000,/home/ml/thesis-camels/data/raw/CAMELS_SIMBA_1000U/LH_52_hlist_0.20000.list,true,7768,7768,0.25000,/home/ml/thesis-camels/data/raw/CAMELS_SIMBA_1000U/LH_52_hlist_0.25000.list,true,8449,8449,0.51209,/home/ml/thesis-camels/data/raw/CAMELS_SIMBA_1000U/LH_52_hlist_0.51209.list,true,7748,7748,0.75065,/home/ml/thesis-camels/data/raw/CAMELS_SIMBA_1000U/LH_52_hlist_0.75065.list,true,6623,6623,1.00000,/home/ml/thesis-camels/data/raw/CAMELS_SIMBA_1000U/LH_52_hlist_1.00000.list,true,6163,6163,train,train,train,NONE
LH_53,53,/home/ml/thesis-camels/data/raw/CAMELS_SIMBA_1000U,row_universe_id=LH_53;universe_index=53;omega_m=0.1686,0.20000,/home/ml/thesis-camels/data/raw/CAMELS_SIMBA_1000U/LH_53_hlist_0.20000.list,true,2255,2255,0.25000,/home/ml/thesis-camels/data/raw/CAMELS_SIMBA_1000U/LH_53_hlist_0.25000.list,true,3726,3726,0.51209,/home/ml/thesis-camels/data/raw/CAMELS_SIMBA_1000U/LH_53_hlist_0.51209.list,true,5558,5558,0.75065,/home/ml/thesis-camels/data/raw/CAMELS_SIMBA_1000U/LH_53_hlist_0.75065.list,true,5554,5554,1.00000,/home/ml/thesis-camels/data/raw/CAMELS_SIMBA_1000U/LH_53_hlist_1.00000.list,true,5842,5842,train,test,train,NONE
LH_54,54,/home/ml/thesis-camels/data/raw/CAMELS_SIMBA_1000U,row_universe_id=LH_54;universe_index=54;omega_m=0.3846,0.20000,/home/ml/thesis-camels/data/raw/CAMELS_SIMBA_1000U/LH_54_hlist_0.20000.list,true,7859,7859,0.25000,/home/ml/thesis-camels/data/raw/CAMELS_SIMBA_1000U/LH_54_hlist_0.25000.list,true,8518,8518,0.51209,/home/ml/thesis-camels/data/raw/CAMELS_SIMBA_1000U/LH_54_hlist_0.51209.list,true,7199,7199,0.75065,/home/ml/thesis-camels/data/raw/CAMELS_SIMBA_1000U/LH_54_hlist_0.75065.list,true,6156,6156,1.00000,/home/ml/thesis-camels/data/raw/CAMELS_SIMBA_1000U/LH_54_hlist_1.00000.list,true,5904,5904,train,train,train,NONE
LH_55,55,/home/ml/thesis-camels/data/raw/CAMELS_SIMBA_1000U,row_universe_id=LH_55;universe_index=55;omega_m=0.1902,0.20000,/home/ml/thesis-camels/data/raw/CAMELS_SIMBA_1000U/LH_55_hlist_0.20000.list,true,3161,3161,0.25000,/home/ml/thesis-camels/data/raw/CAMELS_SIMBA_1000U/LH_55_hlist_0.25000.list,true,4748,4748,0.51209,/home/ml/thesis-camels/data/raw/CAMELS_SIMBA_1000U/LH_55_hlist_0.51209.list,true,6483,6483,0.75065,/home/ml/thesis-camels/data/raw/CAMELS_SIMBA_1000U/LH_55_hlist_0.75065.list,true,6390,6390,1.00000,/home/ml/thesis-camels/data/raw/CAMELS_SIMBA_1000U/LH_55_hlist_1.00000.list,true,6843,6843,validation,validation,test,NONE
LH_56,56,/home/ml/thesis-camels/data/raw/CAMELS_SIMBA_1000U,row_universe_id=LH_56;universe_index=56;omega_m=0.4166,0.20000,/home/ml/thesis-camels/data/raw/CAMELS_SIMBA_1000U/LH_56_hlist_0.20000.list,true,6015,6015,0.25000,/home/ml/thesis-camels/data/raw/CAMELS_SIMBA_1000U/LH_56_hlist_0.25000.list,true,7315,7315,0.51209,/home/ml/thesis-camels/data/raw/CAMELS_SIMBA_1000U/LH_56_hlist_0.51209.list,true,8112,8112,0.75065,/home/ml/thesis-camels/data/raw/CAMELS_SIMBA_1000U/LH_56_hlist_0.75065.list,true,7092,7092,1.00000,/home/ml/thesis-camels/data/raw/CAMELS_SIMBA_1000U/LH_56_hlist_1.00000.list,true,6850,6850,train,train,train,NONE
LH_57,57,/home/ml/thesis-camels/data/raw/CAMELS_SIMBA_1000U,row_universe_id=LH_57;universe_index=57;omega_m=0.3874,0.20000,/home/ml/thesis-camels/data/raw/CAMELS_SIMBA_1000U/LH_57_hlist_0.20000.list,true,4633,4633,0.25000,/home/ml/thesis-camels/data/raw/CAMELS_SIMBA_1000U/LH_57_hlist_0.25000.list,true,6283,6283,0.51209,/home/ml/thesis-camels/data/raw/CAMELS_SIMBA_1000U/LH_57_hlist_0.51209.list,true,8392,8392,0.75065,/home/ml/thesis-camels/data/raw/CAMELS_SIMBA_1000U/LH_57_hlist_0.75065.list,true,7569,7569,1.00000,/home/ml/thesis-camels/data/raw/CAMELS_SIMBA_1000U/LH_57_hlist_1.00000.list,true,7353,7353,test,train,train,NONE
LH_58,58,/home/ml/thesis-camels/data/raw/CAMELS_SIMBA_1000U,row_universe_id=LH_58;universe_index=58;omega_m=0.1914,0.20000,/home/ml/thesis-camels/data/raw/CAMELS_SIMBA_1000U/LH_58_hlist_0.20000.list,true,3241,3241,0.25000,/home/ml/thesis-camels/data/raw/CAMELS_SIMBA_1000U/LH_58_hlist_0.25000.list,true,4607,4607,0.51209,/home/ml/thesis-camels/data/raw/CAMELS_SIMBA_1000U/LH_58_hlist_0.51209.list,true,5959,5959,0.75065,/home/ml/thesis-camels/data/raw/CAMELS_SIMBA_1000U/LH_58_hlist_0.75065.list,true,5873,5873,1.00000,/home/ml/thesis-camels/data/raw/CAMELS_SIMBA_1000U/LH_58_hlist_1.00000.list,true,6206,6206,train,test,train,NONE
LH_59,59,/home/ml/thesis-camels/data/raw/CAMELS_SIMBA_1000U,row_universe_id=LH_59;universe_index=59;omega_m=0.4782,0.20000,/home/ml/thesis-camels/data/raw/CAMELS_SIMBA_1000U/LH_59_hlist_0.20000.list,true,8207,8207,0.25000,/home/ml/thesis-camels/data/raw/CAMELS_SIMBA_1000U/LH_59_hlist_0.25000.list,true,8834,8834,0.51209,/home/ml/thesis-camels/data/raw/CAMELS_SIMBA_1000U/LH_59_hlist_0.51209.list,true,7794,7794,0.75065,/home/ml/thesis-camels/data/raw/CAMELS_SIMBA_1000U/LH_59_hlist_0.75065.list,true,6502,6502,1.00000,/home/ml/thesis-camels/data/raw/CAMELS_SIMBA_1000U/LH_59_hlist_1.00000.list,true,5970,5970,test,train,train,NONE
LH_60,60,/home/ml/thesis-camels/data/raw/CAMELS_SIMBA_1000U,row_universe_id=LH_60;universe_index=60;omega_m=0.4258,0.20000,/home/ml/thesis-camels/data/raw/CAMELS_SIMBA_1000U/LH_60_hlist_0.20000.list,true,4763,4763,0.25000,/home/ml/thesis-camels/data/raw/CAMELS_SIMBA_1000U/LH_60_hlist_0.25000.list,true,6337,6337,0.51209,/home/ml/thesis-camels/data/raw/CAMELS_SIMBA_1000U/LH_60_hlist_0.51209.list,true,8465,8465,0.75065,/home/ml/thesis-camels/data/raw/CAMELS_SIMBA_1000U/LH_60_hlist_0.75065.list,true,7726,7726,1.00000,/home/ml/thesis-camels/data/raw/CAMELS_SIMBA_1000U/LH_60_hlist_1.00000.list,true,7630,7630,validation,train,validation,NONE
LH_61,61,/home/ml/thesis-camels/data/raw/CAMELS_SIMBA_1000U,row_universe_id=LH_61;universe_index=61;omega_m=0.175,0.20000,/home/ml/thesis-camels/data/raw/CAMELS_SIMBA_1000U/LH_61_hlist_0.20000.list,true,4667,4667,0.25000,/home/ml/thesis-camels/data/raw/CAMELS_SIMBA_1000U/LH_61_hlist_0.25000.list,true,5739,5739,0.51209,/home/ml/thesis-camels/data/raw/CAMELS_SIMBA_1000U/LH_61_hlist_0.51209.list,true,6143,6143,0.75065,/home/ml/thesis-camels/data/raw/CAMELS_SIMBA_1000U/LH_61_hlist_0.75065.list,true,5729,5729,1.00000,/home/ml/thesis-camels/data/raw/CAMELS_SIMBA_1000U/LH_61_hlist_1.00000.list,true,6078,6078,train,test,test,NONE
LH_62,62,/home/ml/thesis-camels/data/raw/CAMELS_SIMBA_1000U,row_universe_id=LH_62;universe_index=62;omega_m=0.239,0.20000,/home/ml/thesis-camels/data/raw/CAMELS_SIMBA_1000U/LH_62_hlist_0.20000.list,true,2676,2676,0.25000,/home/ml/thesis-camels/data/raw/CAMELS_SIMBA_1000U/LH_62_hlist_0.25000.list,true,4295,4295,0.51209,/home/ml/thesis-camels/data/raw/CAMELS_SIMBA_1000U/LH_62_hlist_0.51209.list,true,6434,6434,0.75065,/home/ml/thesis-camels/data/raw/CAMELS_SIMBA_1000U/LH_62_hlist_0.75065.list,true,6067,6067,1.00000,/home/ml/thesis-camels/data/raw/CAMELS_SIMBA_1000U/LH_62_hlist_1.00000.list,true,6335,6335,validation,validation,train,NONE
LH_63,63,/home/ml/thesis-camels/data/raw/CAMELS_SIMBA_1000U,row_universe_id=LH_63;universe_index=63;omega_m=0.1418,0.20000,/home/ml/thesis-camels/data/raw/CAMELS_SIMBA_1000U/LH_63_hlist_0.20000.list,true,3196,3196,0.25000,/home/ml/thesis-camels/data/raw/CAMELS_SIMBA_1000U/LH_63_hlist_0.25000.list,true,4363,4363,0.51209,/home/ml/thesis-camels/data/raw/CAMELS_SIMBA_1000U/LH_63_hlist_0.51209.list,true,5094,5094,0.75065,/home/ml/thesis-camels/data/raw/CAMELS_SIMBA_1000U/LH_63_hlist_0.75065.list,true,5171,5171,1.00000,/home/ml/thesis-camels/data/raw/CAMELS_SIMBA_1000U/LH_63_hlist_1.00000.list,true,5529,5529,train,test,train,NONE
LH_64,64,/home/ml/thesis-camels/data/raw/CAMELS_SIMBA_1000U,row_universe_id=LH_64;universe_index=64;omega_m=0.1774,0.20000,/home/ml/thesis-camels/data/raw/CAMELS_SIMBA_1000U/LH_64_hlist_0.20000.list,true,4305,4305,0.25000,/home/ml/thesis-camels/data/raw/CAMELS_SIMBA_1000U/LH_64_hlist_0.25000.list,true,5469,5469,0.51209,/home/ml/thesis-camels/data/raw/CAMELS_SIMBA_1000U/LH_64_hlist_0.51209.list,true,5904,5904,0.75065,/home/ml/thesis-camels/data/raw/CAMELS_SIMBA_1000U/LH_64_hlist_0.75065.list,true,5674,5674,1.00000,/home/ml/thesis-camels/data/raw/CAMELS_SIMBA_1000U/LH_64_hlist_1.00000.list,true,6096,6096,train,test,train,NONE
LH_65,65,/home/ml/thesis-camels/data/raw/CAMELS_SIMBA_1000U,row_universe_id=LH_65;universe_index=65;omega_m=0.2922,0.20000,/home/ml/thesis-camels/data/raw/CAMELS_SIMBA_1000U/LH_65_hlist_0.20000.list,true,4235,4235,0.25000,/home/ml/thesis-camels/data/raw/CAMELS_SIMBA_1000U/LH_65_hlist_0.25000.list,true,5678,5678,0.51209,/home/ml/thesis-camels/data/raw/CAMELS_SIMBA_1000U/LH_65_hlist_0.51209.list,true,7508,7508,0.75065,/home/ml/thesis-camels/data/raw/CAMELS_SIMBA_1000U/LH_65_hlist_0.75065.list,true,6832,6832,1.00000,/home/ml/thesis-camels/data/raw/CAMELS_SIMBA_1000U/LH_65_hlist_1.00000.list,true,6970,6970,test,test,train,NONE
LH_66,66,/home/ml/thesis-camels/data/raw/CAMELS_SIMBA_1000U,row_universe_id=LH_66;universe_index=66;omega_m=0.3042,0.20000,/home/ml/thesis-camels/data/raw/CAMELS_SIMBA_1000U/LH_66_hlist_0.20000.list,true,2556,2556,0.25000,/home/ml/thesis-camels/data/raw/CAMELS_SIMBA_1000U/LH_66_hlist_0.25000.list,true,3976,3976,0.51209,/home/ml/thesis-camels/data/raw/CAMELS_SIMBA_1000U/LH_66_hlist_0.51209.list,true,7804,7804,0.75065,/home/ml/thesis-camels/data/raw/CAMELS_SIMBA_1000U/LH_66_hlist_0.75065.list,true,7863,7863,1.00000,/home/ml/thesis-camels/data/raw/CAMELS_SIMBA_1000U/LH_66_hlist_1.00000.list,true,8046,8046,train,train,train,NONE
LH_67,67,/home/ml/thesis-camels/data/raw/CAMELS_SIMBA_1000U,row_universe_id=LH_67;universe_index=67;omega_m=0.1474,0.20000,/home/ml/thesis-camels/data/raw/CAMELS_SIMBA_1000U/LH_67_hlist_0.20000.list,true,3432,3432,0.25000,/home/ml/thesis-camels/data/raw/CAMELS_SIMBA_1000U/LH_67_hlist_0.25000.list,true,4371,4371,0.51209,/home/ml/thesis-camels/data/raw/CAMELS_SIMBA_1000U/LH_67_hlist_0.51209.list,true,5161,5161,0.75065,/home/ml/thesis-camels/data/raw/CAMELS_SIMBA_1000U/LH_67_hlist_0.75065.list,true,5295,5295,1.00000,/home/ml/thesis-camels/data/raw/CAMELS_SIMBA_1000U/LH_67_hlist_1.00000.list,true,5580,5580,test,train,test,NONE
LH_68,68,/home/ml/thesis-camels/data/raw/CAMELS_SIMBA_1000U,row_universe_id=LH_68;universe_index=68;omega_m=0.119,0.20000,/home/ml/thesis-camels/data/raw/CAMELS_SIMBA_1000U/LH_68_hlist_0.20000.list,true,1484,1484,0.25000,/home/ml/thesis-camels/data/raw/CAMELS_SIMBA_1000U/LH_68_hlist_0.25000.list,true,2565,2565,0.51209,/home/ml/thesis-camels/data/raw/CAMELS_SIMBA_1000U/LH_68_hlist_0.51209.list,true,4330,4330,0.75065,/home/ml/thesis-camels/data/raw/CAMELS_SIMBA_1000U/LH_68_hlist_0.75065.list,true,4546,4546,1.00000,/home/ml/thesis-camels/data/raw/CAMELS_SIMBA_1000U/LH_68_hlist_1.00000.list,true,5077,5077,train,train,test,NONE
LH_69,69,/home/ml/thesis-camels/data/raw/CAMELS_SIMBA_1000U,row_universe_id=LH_69;universe_index=69;omega_m=0.2418,0.20000,/home/ml/thesis-camels/data/raw/CAMELS_SIMBA_1000U/LH_69_hlist_0.20000.list,true,2681,2681,0.25000,/home/ml/thesis-camels/data/raw/CAMELS_SIMBA_1000U/LH_69_hlist_0.25000.list,true,4404,4404,0.51209,/home/ml/thesis-camels/data/raw/CAMELS_SIMBA_1000U/LH_69_hlist_0.51209.list,true,6963,6963,0.75065,/home/ml/thesis-camels/data/raw/CAMELS_SIMBA_1000U/LH_69_hlist_0.75065.list,true,6806,6806,1.00000,/home/ml/thesis-camels/data/raw/CAMELS_SIMBA_1000U/LH_69_hlist_1.00000.list,true,7049,7049,validation,train,validation,NONE
LH_70,70,/home/ml/thesis-camels/data/raw/CAMELS_SIMBA_1000U,row_universe_id=LH_70;universe_index=70;omega_m=0.337,0.20000,/home/ml/thesis-camels/data/raw/CAMELS_SIMBA_1000U/LH_70_hlist_0.20000.list,true,6736,6736,0.25000,/home/ml/thesis-camels/data/raw/CAMELS_SIMBA_1000U/LH_70_hlist_0.25000.list,true,7773,7773,0.51209,/home/ml/thesis-camels/data/raw/CAMELS_SIMBA_1000U/LH_70_hlist_0.51209.list,true,7366,7366,0.75065,/home/ml/thesis-camels/data/raw/CAMELS_SIMBA_1000U/LH_70_hlist_0.75065.list,true,6447,6447,1.00000,/home/ml/thesis-camels/data/raw/CAMELS_SIMBA_1000U/LH_70_hlist_1.00000.list,true,6347,6347,test,train,train,NONE
LH_71,71,/home/ml/thesis-camels/data/raw/CAMELS_SIMBA_1000U,row_universe_id=LH_71;universe_index=71;omega_m=0.2534,0.20000,/home/ml/thesis-camels/data/raw/CAMELS_SIMBA_1000U/LH_71_hlist_0.20000.list,true,2914,2914,0.25000,/home/ml/thesis-camels/data/raw/CAMELS_SIMBA_1000U/LH_71_hlist_0.25000.list,true,4311,4311,0.51209,/home/ml/thesis-camels/data/raw/CAMELS_SIMBA_1000U/LH_71_hlist_0.51209.list,true,6899,6899,0.75065,/home/ml/thesis-camels/data/raw/CAMELS_SIMBA_1000U/LH_71_hlist_0.75065.list,true,6716,6716,1.00000,/home/ml/thesis-camels/data/raw/CAMELS_SIMBA_1000U/LH_71_hlist_1.00000.list,true,7151,7151,test,test,train,NONE
LH_72,72,/home/ml/thesis-camels/data/raw/CAMELS_SIMBA_1000U,row_universe_id=LH_72;universe_index=72;omega_m=0.2102,0.20000,/home/ml/thesis-camels/data/raw/CAMELS_SIMBA_1000U/LH_72_hlist_0.20000.list,true,4365,4365,0.25000,/home/ml/thesis-camels/data/raw/CAMELS_SIMBA_1000U/LH_72_hlist_0.25000.list,true,5600,5600,0.51209,/home/ml/thesis-camels/data/raw/CAMELS_SIMBA_1000U/LH_72_hlist_0.51209.list,true,6752,6752,0.75065,/home/ml/thesis-camels/data/raw/CAMELS_SIMBA_1000U/LH_72_hlist_0.75065.list,true,6080,6080,1.00000,/home/ml/thesis-camels/data/raw/CAMELS_SIMBA_1000U/LH_72_hlist_1.00000.list,true,6271,6271,validation,train,train,NONE
LH_73,73,/home/ml/thesis-camels/data/raw/CAMELS_SIMBA_1000U,row_universe_id=LH_73;universe_index=73;omega_m=0.1434,0.20000,/home/ml/thesis-camels/data/raw/CAMELS_SIMBA_1000U/LH_73_hlist_0.20000.list,true,2456,2456,0.25000,/home/ml/thesis-camels/data/raw/CAMELS_SIMBA_1000U/LH_73_hlist_0.25000.list,true,3820,3820,0.51209,/home/ml/thesis-camels/data/raw/CAMELS_SIMBA_1000U/LH_73_hlist_0.51209.list,true,5184,5184,0.75065,/home/ml/thesis-camels/data/raw/CAMELS_SIMBA_1000U/LH_73_hlist_0.75065.list,true,5264,5264,1.00000,/home/ml/thesis-camels/data/raw/CAMELS_SIMBA_1000U/LH_73_hlist_1.00000.list,true,5586,5586,test,train,train,NONE
LH_74,74,/home/ml/thesis-camels/data/raw/CAMELS_SIMBA_1000U,row_universe_id=LH_74;universe_index=74;omega_m=0.2794,0.20000,/home/ml/thesis-camels/data/raw/CAMELS_SIMBA_1000U/LH_74_hlist_0.20000.list,true,2178,2178,0.25000,/home/ml/thesis-camels/data/raw/CAMELS_SIMBA_1000U/LH_74_hlist_0.25000.list,true,3733,3733,0.51209,/home/ml/thesis-camels/data/raw/CAMELS_SIMBA_1000U/LH_74_hlist_0.51209.list,true,7098,7098,0.75065,/home/ml/thesis-camels/data/raw/CAMELS_SIMBA_1000U/LH_74_hlist_0.75065.list,true,7267,7267,1.00000,/home/ml/thesis-camels/data/raw/CAMELS_SIMBA_1000U/LH_74_hlist_1.00000.list,true,7538,7538,train,train,test,NONE
LH_75,75,/home/ml/thesis-camels/data/raw/CAMELS_SIMBA_1000U,row_universe_id=LH_75;universe_index=75;omega_m=0.1378,0.20000,/home/ml/thesis-camels/data/raw/CAMELS_SIMBA_1000U/LH_75_hlist_0.20000.list,true,1017,1017,0.25000,/home/ml/thesis-camels/data/raw/CAMELS_SIMBA_1000U/LH_75_hlist_0.25000.list,true,2157,2157,0.51209,/home/ml/thesis-camels/data/raw/CAMELS_SIMBA_1000U/LH_75_hlist_0.51209.list,true,5086,5086,0.75065,/home/ml/thesis-camels/data/raw/CAMELS_SIMBA_1000U/LH_75_hlist_0.75065.list,true,5388,5388,1.00000,/home/ml/thesis-camels/data/raw/CAMELS_SIMBA_1000U/LH_75_hlist_1.00000.list,true,6078,6078,train,test,validation,NONE
LH_76,76,/home/ml/thesis-camels/data/raw/CAMELS_SIMBA_1000U,row_universe_id=LH_76;universe_index=76;omega_m=0.3978,0.20000,/home/ml/thesis-camels/data/raw/CAMELS_SIMBA_1000U/LH_76_hlist_0.20000.list,true,6943,6943,0.25000,/home/ml/thesis-camels/data/raw/CAMELS_SIMBA_1000U/LH_76_hlist_0.25000.list,true,7998,7998,0.51209,/home/ml/thesis-camels/data/raw/CAMELS_SIMBA_1000U/LH_76_hlist_0.51209.list,true,7523,7523,0.75065,/home/ml/thesis-camels/data/raw/CAMELS_SIMBA_1000U/LH_76_hlist_0.75065.list,true,6577,6577,1.00000,/home/ml/thesis-camels/data/raw/CAMELS_SIMBA_1000U/LH_76_hlist_1.00000.list,true,6191,6191,train,train,train,NONE
LH_77,77,/home/ml/thesis-camels/data/raw/CAMELS_SIMBA_1000U,row_universe_id=LH_77;universe_index=77;omega_m=0.1018,0.20000,/home/ml/thesis-camels/data/raw/CAMELS_SIMBA_1000U/LH_77_hlist_0.20000.list,true,678,678,0.25000,/home/ml/thesis-camels/data/raw/CAMELS_SIMBA_1000U/LH_77_hlist_0.25000.list,true,1559,1559,0.51209,/home/ml/thesis-camels/data/raw/CAMELS_SIMBA_1000U/LH_77_hlist_0.51209.list,true,3699,3699,0.75065,/home/ml/thesis-camels/data/raw/CAMELS_SIMBA_1000U/LH_77_hlist_0.75065.list,true,4294,4294,1.00000,/home/ml/thesis-camels/data/raw/CAMELS_SIMBA_1000U/LH_77_hlist_1.00000.list,true,5017,5017,train,train,test,NONE
LH_78,78,/home/ml/thesis-camels/data/raw/CAMELS_SIMBA_1000U,row_universe_id=LH_78;universe_index=78;omega_m=0.1906,0.20000,/home/ml/thesis-camels/data/raw/CAMELS_SIMBA_1000U/LH_78_hlist_0.20000.list,true,4303,4303,0.25000,/home/ml/thesis-camels/data/raw/CAMELS_SIMBA_1000U/LH_78_hlist_0.25000.list,true,5719,5719,0.51209,/home/ml/thesis-camels/data/raw/CAMELS_SIMBA_1000U/LH_78_hlist_0.51209.list,true,6046,6046,0.75065,/home/ml/thesis-camels/data/raw/CAMELS_SIMBA_1000U/LH_78_hlist_0.75065.list,true,5778,5778,1.00000,/home/ml/thesis-camels/data/raw/CAMELS_SIMBA_1000U/LH_78_hlist_1.00000.list,true,6043,6043,train,train,validation,NONE
LH_79,79,/home/ml/thesis-camels/data/raw/CAMELS_SIMBA_1000U,row_universe_id=LH_79;universe_index=79;omega_m=0.3882,0.20000,/home/ml/thesis-camels/data/raw/CAMELS_SIMBA_1000U/LH_79_hlist_0.20000.list,true,4053,4053,0.25000,/home/ml/thesis-camels/data/raw/CAMELS_SIMBA_1000U/LH_79_hlist_0.25000.list,true,5624,5624,0.51209,/home/ml/thesis-camels/data/raw/CAMELS_SIMBA_1000U/LH_79_hlist_0.51209.list,true,8348,8348,0.75065,/home/ml/thesis-camels/data/raw/CAMELS_SIMBA_1000U/LH_79_hlist_0.75065.list,true,7909,7909,1.00000,/home/ml/thesis-camels/data/raw/CAMELS_SIMBA_1000U/LH_79_hlist_1.00000.list,true,7914,7914,validation,train,test,NONE
LH_80,80,/home/ml/thesis-camels/data/raw/CAMELS_SIMBA_1000U,row_universe_id=LH_80;universe_index=80;omega_m=0.4546,0.20000,/home/ml/thesis-camels/data/raw/CAMELS_SIMBA_1000U/LH_80_hlist_0.20000.list,true,8158,8158,0.25000,/home/ml/thesis-camels/data/raw/CAMELS_SIMBA_1000U/LH_80_hlist_0.25000.list,true,8734,8734,0.51209,/home/ml/thesis-camels/data/raw/CAMELS_SIMBA_1000U/LH_80_hlist_0.51209.list,true,7388,7388,0.75065,/home/ml/thesis-camels/data/raw/CAMELS_SIMBA_1000U/LH_80_hlist_0.75065.list,true,6091,6091,1.00000,/home/ml/thesis-camels/data/raw/CAMELS_SIMBA_1000U/LH_80_hlist_1.00000.list,true,5776,5776,test,test,train,NONE
LH_81,81,/home/ml/thesis-camels/data/raw/CAMELS_SIMBA_1000U,row_universe_id=LH_81;universe_index=81;omega_m=0.3234,0.20000,/home/ml/thesis-camels/data/raw/CAMELS_SIMBA_1000U/LH_81_hlist_0.20000.list,true,6029,6029,0.25000,/home/ml/thesis-camels/data/raw/CAMELS_SIMBA_1000U/LH_81_hlist_0.25000.list,true,7440,7440,0.51209,/home/ml/thesis-camels/data/raw/CAMELS_SIMBA_1000U/LH_81_hlist_0.51209.list,true,7422,7422,0.75065,/home/ml/thesis-camels/data/raw/CAMELS_SIMBA_1000U/LH_81_hlist_0.75065.list,true,6574,6574,1.00000,/home/ml/thesis-camels/data/raw/CAMELS_SIMBA_1000U/LH_81_hlist_1.00000.list,true,6427,6427,test,train,train,NONE
LH_82,82,/home/ml/thesis-camels/data/raw/CAMELS_SIMBA_1000U,row_universe_id=LH_82;universe_index=82;omega_m=0.3574,0.20000,/home/ml/thesis-camels/data/raw/CAMELS_SIMBA_1000U/LH_82_hlist_0.20000.list,true,7896,7896,0.25000,/home/ml/thesis-camels/data/raw/CAMELS_SIMBA_1000U/LH_82_hlist_0.25000.list,true,8481,8481,0.51209,/home/ml/thesis-camels/data/raw/CAMELS_SIMBA_1000U/LH_82_hlist_0.51209.list,true,7356,7356,0.75065,/home/ml/thesis-camels/data/raw/CAMELS_SIMBA_1000U/LH_82_hlist_0.75065.list,true,6488,6488,1.00000,/home/ml/thesis-camels/data/raw/CAMELS_SIMBA_1000U/LH_82_hlist_1.00000.list,true,6176,6176,train,validation,train,NONE
LH_83,83,/home/ml/thesis-camels/data/raw/CAMELS_SIMBA_1000U,row_universe_id=LH_83;universe_index=83;omega_m=0.3358,0.20000,/home/ml/thesis-camels/data/raw/CAMELS_SIMBA_1000U/LH_83_hlist_0.20000.list,true,3187,3187,0.25000,/home/ml/thesis-camels/data/raw/CAMELS_SIMBA_1000U/LH_83_hlist_0.25000.list,true,4789,4789,0.51209,/home/ml/thesis-camels/data/raw/CAMELS_SIMBA_1000U/LH_83_hlist_0.51209.list,true,7677,7677,0.75065,/home/ml/thesis-camels/data/raw/CAMELS_SIMBA_1000U/LH_83_hlist_0.75065.list,true,7520,7520,1.00000,/home/ml/thesis-camels/data/raw/CAMELS_SIMBA_1000U/LH_83_hlist_1.00000.list,true,7469,7469,train,train,train,NONE
LH_84,84,/home/ml/thesis-camels/data/raw/CAMELS_SIMBA_1000U,row_universe_id=LH_84;universe_index=84;omega_m=0.1514,0.20000,/home/ml/thesis-camels/data/raw/CAMELS_SIMBA_1000U/LH_84_hlist_0.20000.list,true,4311,4311,0.25000,/home/ml/thesis-camels/data/raw/CAMELS_SIMBA_1000U/LH_84_hlist_0.25000.list,true,5426,5426,0.51209,/home/ml/thesis-camels/data/raw/CAMELS_SIMBA_1000U/LH_84_hlist_0.51209.list,true,5065,5065,0.75065,/home/ml/thesis-camels/data/raw/CAMELS_SIMBA_1000U/LH_84_hlist_0.75065.list,true,4726,4726,1.00000,/home/ml/thesis-camels/data/raw/CAMELS_SIMBA_1000U/LH_84_hlist_1.00000.list,true,4956,4956,validation,test,test,NONE
LH_85,85,/home/ml/thesis-camels/data/raw/CAMELS_SIMBA_1000U,row_universe_id=LH_85;universe_index=85;omega_m=0.2594,0.20000,/home/ml/thesis-camels/data/raw/CAMELS_SIMBA_1000U/LH_85_hlist_0.20000.list,true,2978,2978,0.25000,/home/ml/thesis-camels/data/raw/CAMELS_SIMBA_1000U/LH_85_hlist_0.25000.list,true,4837,4837,0.51209,/home/ml/thesis-camels/data/raw/CAMELS_SIMBA_1000U/LH_85_hlist_0.51209.list,true,7100,7100,0.75065,/home/ml/thesis-camels/data/raw/CAMELS_SIMBA_1000U/LH_85_hlist_0.75065.list,true,6740,6740,1.00000,/home/ml/thesis-camels/data/raw/CAMELS_SIMBA_1000U/LH_85_hlist_1.00000.list,true,7109,7109,validation,validation,train,NONE
LH_86,86,/home/ml/thesis-camels/data/raw/CAMELS_SIMBA_1000U,row_universe_id=LH_86;universe_index=86;omega_m=0.2346,0.20000,/home/ml/thesis-camels/data/raw/CAMELS_SIMBA_1000U/LH_86_hlist_0.20000.list,true,2743,2743,0.25000,/home/ml/thesis-camels/data/raw/CAMELS_SIMBA_1000U/LH_86_hlist_0.25000.list,true,4421,4421,0.51209,/home/ml/thesis-camels/data/raw/CAMELS_SIMBA_1000U/LH_86_hlist_0.51209.list,true,6906,6906,0.75065,/home/ml/thesis-camels/data/raw/CAMELS_SIMBA_1000U/LH_86_hlist_0.75065.list,true,6692,6692,1.00000,/home/ml/thesis-camels/data/raw/CAMELS_SIMBA_1000U/LH_86_hlist_1.00000.list,true,7002,7002,train,train,train,NONE
LH_87,87,/home/ml/thesis-camels/data/raw/CAMELS_SIMBA_1000U,row_universe_id=LH_87;universe_index=87;omega_m=0.3006,0.20000,/home/ml/thesis-camels/data/raw/CAMELS_SIMBA_1000U/LH_87_hlist_0.20000.list,true,4444,4444,0.25000,/home/ml/thesis-camels/data/raw/CAMELS_SIMBA_1000U/LH_87_hlist_0.25000.list,true,5950,5950,0.51209,/home/ml/thesis-camels/data/raw/CAMELS_SIMBA_1000U/LH_87_hlist_0.51209.list,true,7262,7262,0.75065,/home/ml/thesis-camels/data/raw/CAMELS_SIMBA_1000U/LH_87_hlist_0.75065.list,true,6692,6692,1.00000,/home/ml/thesis-camels/data/raw/CAMELS_SIMBA_1000U/LH_87_hlist_1.00000.list,true,6757,6757,test,validation,validation,NONE
LH_88,88,/home/ml/thesis-camels/data/raw/CAMELS_SIMBA_1000U,row_universe_id=LH_88;universe_index=88;omega_m=0.481,0.20000,/home/ml/thesis-camels/data/raw/CAMELS_SIMBA_1000U/LH_88_hlist_0.20000.list,true,8039,8039,0.25000,/home/ml/thesis-camels/data/raw/CAMELS_SIMBA_1000U/LH_88_hlist_0.25000.list,true,8854,8854,0.51209,/home/ml/thesis-camels/data/raw/CAMELS_SIMBA_1000U/LH_88_hlist_0.51209.list,true,7730,7730,0.75065,/home/ml/thesis-camels/data/raw/CAMELS_SIMBA_1000U/LH_88_hlist_0.75065.list,true,6141,6141,1.00000,/home/ml/thesis-camels/data/raw/CAMELS_SIMBA_1000U/LH_88_hlist_1.00000.list,true,5797,5797,train,train,test,NONE
LH_89,89,/home/ml/thesis-camels/data/raw/CAMELS_SIMBA_1000U,row_universe_id=LH_89;universe_index=89;omega_m=0.3342,0.20000,/home/ml/thesis-camels/data/raw/CAMELS_SIMBA_1000U/LH_89_hlist_0.20000.list,true,5823,5823,0.25000,/home/ml/thesis-camels/data/raw/CAMELS_SIMBA_1000U/LH_89_hlist_0.25000.list,true,6898,6898,0.51209,/home/ml/thesis-camels/data/raw/CAMELS_SIMBA_1000U/LH_89_hlist_0.51209.list,true,7646,7646,0.75065,/home/ml/thesis-camels/data/raw/CAMELS_SIMBA_1000U/LH_89_hlist_0.75065.list,true,6888,6888,1.00000,/home/ml/thesis-camels/data/raw/CAMELS_SIMBA_1000U/LH_89_hlist_1.00000.list,true,6897,6897,test,test,train,NONE
LH_90,90,/home/ml/thesis-camels/data/raw/CAMELS_SIMBA_1000U,row_universe_id=LH_90;universe_index=90;omega_m=0.133,0.20000,/home/ml/thesis-camels/data/raw/CAMELS_SIMBA_1000U/LH_90_hlist_0.20000.list,true,697,697,0.25000,/home/ml/thesis-camels/data/raw/CAMELS_SIMBA_1000U/LH_90_hlist_0.25000.list,true,1791,1791,0.51209,/home/ml/thesis-camels/data/raw/CAMELS_SIMBA_1000U/LH_90_hlist_0.51209.list,true,4940,4940,0.75065,/home/ml/thesis-camels/data/raw/CAMELS_SIMBA_1000U/LH_90_hlist_0.75065.list,true,5676,5676,1.00000,/home/ml/thesis-camels/data/raw/CAMELS_SIMBA_1000U/LH_90_hlist_1.00000.list,true,6451,6451,train,test,validation,NONE
LH_91,91,/home/ml/thesis-camels/data/raw/CAMELS_SIMBA_1000U,row_universe_id=LH_91;universe_index=91;omega_m=0.2814,0.20000,/home/ml/thesis-camels/data/raw/CAMELS_SIMBA_1000U/LH_91_hlist_0.20000.list,true,3361,3361,0.25000,/home/ml/thesis-camels/data/raw/CAMELS_SIMBA_1000U/LH_91_hlist_0.25000.list,true,5023,5023,0.51209,/home/ml/thesis-camels/data/raw/CAMELS_SIMBA_1000U/LH_91_hlist_0.51209.list,true,7341,7341,0.75065,/home/ml/thesis-camels/data/raw/CAMELS_SIMBA_1000U/LH_91_hlist_0.75065.list,true,6818,6818,1.00000,/home/ml/thesis-camels/data/raw/CAMELS_SIMBA_1000U/LH_91_hlist_1.00000.list,true,6891,6891,train,train,train,NONE
LH_92,92,/home/ml/thesis-camels/data/raw/CAMELS_SIMBA_1000U,row_universe_id=LH_92;universe_index=92;omega_m=0.4674,0.20000,/home/ml/thesis-camels/data/raw/CAMELS_SIMBA_1000U/LH_92_hlist_0.20000.list,true,8167,8167,0.25000,/home/ml/thesis-camels/data/raw/CAMELS_SIMBA_1000U/LH_92_hlist_0.25000.list,true,8918,8918,0.51209,/home/ml/thesis-camels/data/raw/CAMELS_SIMBA_1000U/LH_92_hlist_0.51209.list,true,8095,8095,0.75065,/home/ml/thesis-camels/data/raw/CAMELS_SIMBA_1000U/LH_92_hlist_0.75065.list,true,6754,6754,1.00000,/home/ml/thesis-camels/data/raw/CAMELS_SIMBA_1000U/LH_92_hlist_1.00000.list,true,6305,6305,train,validation,train,NONE
LH_93,93,/home/ml/thesis-camels/data/raw/CAMELS_SIMBA_1000U,row_universe_id=LH_93;universe_index=93;omega_m=0.417,0.20000,/home/ml/thesis-camels/data/raw/CAMELS_SIMBA_1000U/LH_93_hlist_0.20000.list,true,6925,6925,0.25000,/home/ml/thesis-camels/data/raw/CAMELS_SIMBA_1000U/LH_93_hlist_0.25000.list,true,8050,8050,0.51209,/home/ml/thesis-camels/data/raw/CAMELS_SIMBA_1000U/LH_93_hlist_0.51209.list,true,8081,8081,0.75065,/home/ml/thesis-camels/data/raw/CAMELS_SIMBA_1000U/LH_93_hlist_0.75065.list,true,6897,6897,1.00000,/home/ml/thesis-camels/data/raw/CAMELS_SIMBA_1000U/LH_93_hlist_1.00000.list,true,6501,6501,test,train,validation,NONE
LH_94,94,/home/ml/thesis-camels/data/raw/CAMELS_SIMBA_1000U,row_universe_id=LH_94;universe_index=94;omega_m=0.2822,0.20000,/home/ml/thesis-camels/data/raw/CAMELS_SIMBA_1000U/LH_94_hlist_0.20000.list,true,5290,5290,0.25000,/home/ml/thesis-camels/data/raw/CAMELS_SIMBA_1000U/LH_94_hlist_0.25000.list,true,6497,6497,0.51209,/home/ml/thesis-camels/data/raw/CAMELS_SIMBA_1000U/LH_94_hlist_0.51209.list,true,7338,7338,0.75065,/home/ml/thesis-camels/data/raw/CAMELS_SIMBA_1000U/LH_94_hlist_0.75065.list,true,6586,6586,1.00000,/home/ml/thesis-camels/data/raw/CAMELS_SIMBA_1000U/LH_94_hlist_1.00000.list,true,6642,6642,test,test,validation,NONE
LH_95,95,/home/ml/thesis-camels/data/raw/CAMELS_SIMBA_1000U,row_universe_id=LH_95;universe_index=95;omega_m=0.1706,0.20000,/home/ml/thesis-camels/data/raw/CAMELS_SIMBA_1000U/LH_95_hlist_0.20000.list,true,2085,2085,0.25000,/home/ml/thesis-camels/data/raw/CAMELS_SIMBA_1000U/LH_95_hlist_0.25000.list,true,3473,3473,0.51209,/home/ml/thesis-camels/data/raw/CAMELS_SIMBA_1000U/LH_95_hlist_0.51209.list,true,6535,6535,0.75065,/home/ml/thesis-camels/data/raw/CAMELS_SIMBA_1000U/LH_95_hlist_0.75065.list,true,6576,6576,1.00000,/home/ml/thesis-camels/data/raw/CAMELS_SIMBA_1000U/LH_95_hlist_1.00000.list,true,7110,7110,test,test,train,NONE
LH_96,96,/home/ml/thesis-camels/data/raw/CAMELS_SIMBA_1000U,row_universe_id=LH_96;universe_index=96;omega_m=0.359,0.20000,/home/ml/thesis-camels/data/raw/CAMELS_SIMBA_1000U/LH_96_hlist_0.20000.list,true,5076,5076,0.25000,/home/ml/thesis-camels/data/raw/CAMELS_SIMBA_1000U/LH_96_hlist_0.25000.list,true,6499,6499,0.51209,/home/ml/thesis-camels/data/raw/CAMELS_SIMBA_1000U/LH_96_hlist_0.51209.list,true,7858,7858,0.75065,/home/ml/thesis-camels/data/raw/CAMELS_SIMBA_1000U/LH_96_hlist_0.75065.list,true,7209,7209,1.00000,/home/ml/thesis-camels/data/raw/CAMELS_SIMBA_1000U/LH_96_hlist_1.00000.list,true,7079,7079,validation,train,test,NONE
LH_97,97,/home/ml/thesis-camels/data/raw/CAMELS_SIMBA_1000U,row_universe_id=LH_97;universe_index=97;omega_m=0.4686,0.20000,/home/ml/thesis-camels/data/raw/CAMELS_SIMBA_1000U/LH_97_hlist_0.20000.list,true,6133,6133,0.25000,/home/ml/thesis-camels/data/raw/CAMELS_SIMBA_1000U/LH_97_hlist_0.25000.list,true,7592,7592,0.51209,/home/ml/thesis-camels/data/raw/CAMELS_SIMBA_1000U/LH_97_hlist_0.51209.list,true,8798,8798,0.75065,/home/ml/thesis-camels/data/raw/CAMELS_SIMBA_1000U/LH_97_hlist_0.75065.list,true,7876,7876,1.00000,/home/ml/thesis-camels/data/raw/CAMELS_SIMBA_1000U/LH_97_hlist_1.00000.list,true,7694,7694,validation,train,train,NONE
LH_98,98,/home/ml/thesis-camels/data/raw/CAMELS_SIMBA_1000U,row_universe_id=LH_98;universe_index=98;omega_m=0.313,0.20000,/home/ml/thesis-camels/data/raw/CAMELS_SIMBA_1000U/LH_98_hlist_0.20000.list,true,5832,5832,0.25000,/home/ml/thesis-camels/data/raw/CAMELS_SIMBA_1000U/LH_98_hlist_0.25000.list,true,6974,6974,0.51209,/home/ml/thesis-camels/data/raw/CAMELS_SIMBA_1000U/LH_98_hlist_0.51209.list,true,7400,7400,0.75065,/home/ml/thesis-camels/data/raw/CAMELS_SIMBA_1000U/LH_98_hlist_0.75065.list,true,6459,6459,1.00000,/home/ml/thesis-camels/data/raw/CAMELS_SIMBA_1000U/LH_98_hlist_1.00000.list,true,6390,6390,train,validation,train,NONE
LH_99,99,/home/ml/thesis-camels/data/raw/CAMELS_SIMBA_1000U,row_universe_id=LH_99;universe_index=99;omega_m=0.2014,0.20000,/home/ml/thesis-camels/data/raw/CAMELS_SIMBA_1000U/LH_99_hlist_0.20000.list,true,4647,4647,0.25000,/home/ml/thesis-camels/data/raw/CAMELS_SIMBA_1000U/LH_99_hlist_0.25000.list,true,5773,5773,0.51209,/home/ml/thesis-camels/data/raw/CAMELS_SIMBA_1000U/LH_99_hlist_0.51209.list,true,5919,5919,0.75065,/home/ml/thesis-camels/data/raw/CAMELS_SIMBA_1000U/LH_99_hlist_0.75065.list,true,5549,5549,1.00000,/home/ml/thesis-camels/data/raw/CAMELS_SIMBA_1000U/LH_99_hlist_1.00000.list,true,5748,5748,test,train,train,NONE
LH_100,100,/home/ml/thesis-camels/data/raw/CAMELS_SIMBA_1000U,row_universe_id=LH_100;universe_index=100;omega_m=0.3386,0.20000,/home/ml/thesis-camels/data/raw/CAMELS_SIMBA_1000U/LH_100_hlist_0.20000.list,true,3433,3433,0.25000,/home/ml/thesis-camels/data/raw/CAMELS_SIMBA_1000U/LH_100_hlist_0.25000.list,true,5044,5044,0.51209,/home/ml/thesis-camels/data/raw/CAMELS_SIMBA_1000U/LH_100_hlist_0.51209.list,true,7791,7791,0.75065,/home/ml/thesis-camels/data/raw/CAMELS_SIMBA_1000U/LH_100_hlist_0.75065.list,true,7189,7189,1.00000,/home/ml/thesis-camels/data/raw/CAMELS_SIMBA_1000U/LH_100_hlist_1.00000.list,true,7319,7319,validation,train,test,NONE
LH_101,101,/home/ml/thesis-camels/data/raw/CAMELS_SIMBA_1000U,row_universe_id=LH_101;universe_index=101;omega_m=0.2574,0.20000,/home/ml/thesis-camels/data/raw/CAMELS_SIMBA_1000U/LH_101_hlist_0.20000.list,true,4383,4383,0.25000,/home/ml/thesis-camels/data/raw/CAMELS_SIMBA_1000U/LH_101_hlist_0.25000.list,true,5883,5883,0.51209,/home/ml/thesis-camels/data/raw/CAMELS_SIMBA_1000U/LH_101_hlist_0.51209.list,true,7050,7050,0.75065,/home/ml/thesis-camels/data/raw/CAMELS_SIMBA_1000U/LH_101_hlist_0.75065.list,true,6449,6449,1.00000,/home/ml/thesis-camels/data/raw/CAMELS_SIMBA_1000U/LH_101_hlist_1.00000.list,true,6539,6539,train,train,test,NONE
LH_102,102,/home/ml/thesis-camels/data/raw/CAMELS_SIMBA_1000U,row_universe_id=LH_102;universe_index=102;omega_m=0.1498,0.20000,/home/ml/thesis-camels/data/raw/CAMELS_SIMBA_1000U/LH_102_hlist_0.20000.list,true,873,873,0.25000,/home/ml/thesis-camels/data/raw/CAMELS_SIMBA_1000U/LH_102_hlist_0.25000.list,true,2092,2092,0.51209,/home/ml/thesis-camels/data/raw/CAMELS_SIMBA_1000U/LH_102_hlist_0.51209.list,true,5022,5022,0.75065,/home/ml/thesis-camels/data/raw/CAMELS_SIMBA_1000U/LH_102_hlist_0.75065.list,true,5411,5411,1.00000,/home/ml/thesis-camels/data/raw/CAMELS_SIMBA_1000U/LH_102_hlist_1.00000.list,true,5996,5996,train,train,validation,NONE
LH_103,103,/home/ml/thesis-camels/data/raw/CAMELS_SIMBA_1000U,row_universe_id=LH_103;universe_index=103;omega_m=0.1678,0.20000,/home/ml/thesis-camels/data/raw/CAMELS_SIMBA_1000U/LH_103_hlist_0.20000.list,true,723,723,0.25000,/home/ml/thesis-camels/data/raw/CAMELS_SIMBA_1000U/LH_103_hlist_0.25000.list,true,2293,2293,0.51209,/home/ml/thesis-camels/data/raw/CAMELS_SIMBA_1000U/LH_103_hlist_0.51209.list,true,5645,5645,0.75065,/home/ml/thesis-camels/data/raw/CAMELS_SIMBA_1000U/LH_103_hlist_0.75065.list,true,5901,5901,1.00000,/home/ml/thesis-camels/data/raw/CAMELS_SIMBA_1000U/LH_103_hlist_1.00000.list,true,6586,6586,test,train,validation,NONE
LH_104,104,/home/ml/thesis-camels/data/raw/CAMELS_SIMBA_1000U,row_universe_id=LH_104;universe_index=104;omega_m=0.349,0.20000,/home/ml/thesis-camels/data/raw/CAMELS_SIMBA_1000U/LH_104_hlist_0.20000.list,true,4686,4686,0.25000,/home/ml/thesis-camels/data/raw/CAMELS_SIMBA_1000U/LH_104_hlist_0.25000.list,true,6029,6029,0.51209,/home/ml/thesis-camels/data/raw/CAMELS_SIMBA_1000U/LH_104_hlist_0.51209.list,true,7893,7893,0.75065,/home/ml/thesis-camels/data/raw/CAMELS_SIMBA_1000U/LH_104_hlist_0.75065.list,true,7272,7272,1.00000,/home/ml/thesis-camels/data/raw/CAMELS_SIMBA_1000U/LH_104_hlist_1.00000.list,true,7154,7154,test,test,test,NONE
LH_105,105,/home/ml/thesis-camels/data/raw/CAMELS_SIMBA_1000U,row_universe_id=LH_105;universe_index=105;omega_m=0.2754,0.20000,/home/ml/thesis-camels/data/raw/CAMELS_SIMBA_1000U/LH_105_hlist_0.20000.list,true,4348,4348,0.25000,/home/ml/thesis-camels/data/raw/CAMELS_SIMBA_1000U/LH_105_hlist_0.25000.list,true,5701,5701,0.51209,/home/ml/thesis-camels/data/raw/CAMELS_SIMBA_1000U/LH_105_hlist_0.51209.list,true,7202,7202,0.75065,/home/ml/thesis-camels/data/raw/CAMELS_SIMBA_1000U/LH_105_hlist_0.75065.list,true,6773,6773,1.00000,/home/ml/thesis-camels/data/raw/CAMELS_SIMBA_1000U/LH_105_hlist_1.00000.list,true,6893,6893,train,train,train,NONE
LH_106,106,/home/ml/thesis-camels/data/raw/CAMELS_SIMBA_1000U,row_universe_id=LH_106;universe_index=106;omega_m=0.3078,0.20000,/home/ml/thesis-camels/data/raw/CAMELS_SIMBA_1000U/LH_106_hlist_0.20000.list,true,4108,4108,0.25000,/home/ml/thesis-camels/data/raw/CAMELS_SIMBA_1000U/LH_106_hlist_0.25000.list,true,5798,5798,0.51209,/home/ml/thesis-camels/data/raw/CAMELS_SIMBA_1000U/LH_106_hlist_0.51209.list,true,7715,7715,0.75065,/home/ml/thesis-camels/data/raw/CAMELS_SIMBA_1000U/LH_106_hlist_0.75065.list,true,7331,7331,1.00000,/home/ml/thesis-camels/data/raw/CAMELS_SIMBA_1000U/LH_106_hlist_1.00000.list,true,7377,7377,train,train,train,NONE
LH_107,107,/home/ml/thesis-camels/data/raw/CAMELS_SIMBA_1000U,row_universe_id=LH_107;universe_index=107;omega_m=0.4186,0.20000,/home/ml/thesis-camels/data/raw/CAMELS_SIMBA_1000U/LH_107_hlist_0.20000.list,true,6110,6110,0.25000,/home/ml/thesis-camels/data/raw/CAMELS_SIMBA_1000U/LH_107_hlist_0.25000.list,true,7511,7511,0.51209,/home/ml/thesis-camels/data/raw/CAMELS_SIMBA_1000U/LH_107_hlist_0.51209.list,true,8303,8303,0.75065,/home/ml/thesis-camels/data/raw/CAMELS_SIMBA_1000U/LH_107_hlist_0.75065.list,true,7311,7311,1.00000,/home/ml/thesis-camels/data/raw/CAMELS_SIMBA_1000U/LH_107_hlist_1.00000.list,true,6934,6934,train,test,train,NONE
LH_108,108,/home/ml/thesis-camels/data/raw/CAMELS_SIMBA_1000U,row_universe_id=LH_108;universe_index=108;omega_m=0.4994,0.20000,/home/ml/thesis-camels/data/raw/CAMELS_SIMBA_1000U/LH_108_hlist_0.20000.list,true,6280,6280,0.25000,/home/ml/thesis-camels/data/raw/CAMELS_SIMBA_1000U/LH_108_hlist_0.25000.list,true,7800,7800,0.51209,/home/ml/thesis-camels/data/raw/CAMELS_SIMBA_1000U/LH_108_hlist_0.51209.list,true,8699,8699,0.75065,/home/ml/thesis-camels/data/raw/CAMELS_SIMBA_1000U/LH_108_hlist_0.75065.list,true,7762,7762,1.00000,/home/ml/thesis-camels/data/raw/CAMELS_SIMBA_1000U/LH_108_hlist_1.00000.list,true,7271,7271,test,train,train,NONE
LH_109,109,/home/ml/thesis-camels/data/raw/CAMELS_SIMBA_1000U,row_universe_id=LH_109;universe_index=109;omega_m=0.4254,0.20000,/home/ml/thesis-camels/data/raw/CAMELS_SIMBA_1000U/LH_109_hlist_0.20000.list,true,3999,3999,0.25000,/home/ml/thesis-camels/data/raw/CAMELS_SIMBA_1000U/LH_109_hlist_0.25000.list,true,5736,5736,0.51209,/home/ml/thesis-camels/data/raw/CAMELS_SIMBA_1000U/LH_109_hlist_0.51209.list,true,8491,8491,0.75065,/home/ml/thesis-camels/data/raw/CAMELS_SIMBA_1000U/LH_109_hlist_0.75065.list,true,7867,7867,1.00000,/home/ml/thesis-camels/data/raw/CAMELS_SIMBA_1000U/LH_109_hlist_1.00000.list,true,7481,7481,validation,train,train,NONE
LH_110,110,/home/ml/thesis-camels/data/raw/CAMELS_SIMBA_1000U,row_universe_id=LH_110;universe_index=110;omega_m=0.3362,0.20000,/home/ml/thesis-camels/data/raw/CAMELS_SIMBA_1000U/LH_110_hlist_0.20000.list,true,7046,7046,0.25000,/home/ml/thesis-camels/data/raw/CAMELS_SIMBA_1000U/LH_110_hlist_0.25000.list,true,7999,7999,0.51209,/home/ml/thesis-camels/data/raw/CAMELS_SIMBA_1000U/LH_110_hlist_0.51209.list,true,7526,7526,0.75065,/home/ml/thesis-camels/data/raw/CAMELS_SIMBA_1000U/LH_110_hlist_0.75065.list,true,6471,6471,1.00000,/home/ml/thesis-camels/data/raw/CAMELS_SIMBA_1000U/LH_110_hlist_1.00000.list,true,6273,6273,train,test,train,NONE
LH_111,111,/home/ml/thesis-camels/data/raw/CAMELS_SIMBA_1000U,row_universe_id=LH_111;universe_index=111;omega_m=0.3986,0.20000,/home/ml/thesis-camels/data/raw/CAMELS_SIMBA_1000U/LH_111_hlist_0.20000.list,true,7002,7002,0.25000,/home/ml/thesis-camels/data/raw/CAMELS_SIMBA_1000U/LH_111_hlist_0.25000.list,true,8051,8051,0.51209,/home/ml/thesis-camels/data/raw/CAMELS_SIMBA_1000U/LH_111_hlist_0.51209.list,true,8092,8092,0.75065,/home/ml/thesis-camels/data/raw/CAMELS_SIMBA_1000U/LH_111_hlist_0.75065.list,true,6897,6897,1.00000,/home/ml/thesis-camels/data/raw/CAMELS_SIMBA_1000U/LH_111_hlist_1.00000.list,true,6485,6485,validation,test,train,NONE
LH_112,112,/home/ml/thesis-camels/data/raw/CAMELS_SIMBA_1000U,row_universe_id=LH_112;universe_index=112;omega_m=0.3374,0.20000,/home/ml/thesis-camels/data/raw/CAMELS_SIMBA_1000U/LH_112_hlist_0.20000.list,true,3896,3896,0.25000,/home/ml/thesis-camels/data/raw/CAMELS_SIMBA_1000U/LH_112_hlist_0.25000.list,true,5323,5323,0.51209,/home/ml/thesis-camels/data/raw/CAMELS_SIMBA_1000U/LH_112_hlist_0.51209.list,true,8087,8087,0.75065,/home/ml/thesis-camels/data/raw/CAMELS_SIMBA_1000U/LH_112_hlist_0.75065.list,true,7508,7508,1.00000,/home/ml/thesis-camels/data/raw/CAMELS_SIMBA_1000U/LH_112_hlist_1.00000.list,true,7609,7609,test,train,train,NONE
LH_113,113,/home/ml/thesis-camels/data/raw/CAMELS_SIMBA_1000U,row_universe_id=LH_113;universe_index=113;omega_m=0.3146,0.20000,/home/ml/thesis-camels/data/raw/CAMELS_SIMBA_1000U/LH_113_hlist_0.20000.list,true,5957,5957,0.25000,/home/ml/thesis-camels/data/raw/CAMELS_SIMBA_1000U/LH_113_hlist_0.25000.list,true,7133,7133,0.51209,/home/ml/thesis-camels/data/raw/CAMELS_SIMBA_1000U/LH_113_hlist_0.51209.list,true,7241,7241,0.75065,/home/ml/thesis-camels/data/raw/CAMELS_SIMBA_1000U/LH_113_hlist_0.75065.list,true,6301,6301,1.00000,/home/ml/thesis-camels/data/raw/CAMELS_SIMBA_1000U/LH_113_hlist_1.00000.list,true,6265,6265,train,train,test,NONE
LH_114,114,/home/ml/thesis-camels/data/raw/CAMELS_SIMBA_1000U,row_universe_id=LH_114;universe_index=114;omega_m=0.1854,0.20000,/home/ml/thesis-camels/data/raw/CAMELS_SIMBA_1000U/LH_114_hlist_0.20000.list,true,1032,1032,0.25000,/home/ml/thesis-camels/data/raw/CAMELS_SIMBA_1000U/LH_114_hlist_0.25000.list,true,2265,2265,0.51209,/home/ml/thesis-camels/data/raw/CAMELS_SIMBA_1000U/LH_114_hlist_0.51209.list,true,6175,6175,0.75065,/home/ml/thesis-camels/data/raw/CAMELS_SIMBA_1000U/LH_114_hlist_0.75065.list,true,6550,6550,1.00000,/home/ml/thesis-camels/data/raw/CAMELS_SIMBA_1000U/LH_114_hlist_1.00000.list,true,7198,7198,test,train,train,NONE
LH_115,115,/home/ml/thesis-camels/data/raw/CAMELS_SIMBA_1000U,row_universe_id=LH_115;universe_index=115;omega_m=0.2506,0.20000,/home/ml/thesis-camels/data/raw/CAMELS_SIMBA_1000U/LH_115_hlist_0.20000.list,true,4087,4087,0.25000,/home/ml/thesis-camels/data/raw/CAMELS_SIMBA_1000U/LH_115_hlist_0.25000.list,true,5415,5415,0.51209,/home/ml/thesis-camels/data/raw/CAMELS_SIMBA_1000U/LH_115_hlist_0.51209.list,true,6880,6880,0.75065,/home/ml/thesis-camels/data/raw/CAMELS_SIMBA_1000U/LH_115_hlist_0.75065.list,true,6574,6574,1.00000,/home/ml/thesis-camels/data/raw/CAMELS_SIMBA_1000U/LH_115_hlist_1.00000.list,true,6696,6696,train,train,validation,NONE
LH_116,116,/home/ml/thesis-camels/data/raw/CAMELS_SIMBA_1000U,row_universe_id=LH_116;universe_index=116;omega_m=0.1266,0.20000,/home/ml/thesis-camels/data/raw/CAMELS_SIMBA_1000U/LH_116_hlist_0.20000.list,true,2363,2363,0.25000,/home/ml/thesis-camels/data/raw/CAMELS_SIMBA_1000U/LH_116_hlist_0.25000.list,true,3706,3706,0.51209,/home/ml/thesis-camels/data/raw/CAMELS_SIMBA_1000U/LH_116_hlist_0.51209.list,true,4893,4893,0.75065,/home/ml/thesis-camels/data/raw/CAMELS_SIMBA_1000U/LH_116_hlist_0.75065.list,true,5106,5106,1.00000,/home/ml/thesis-camels/data/raw/CAMELS_SIMBA_1000U/LH_116_hlist_1.00000.list,true,5562,5562,train,train,test,NONE
LH_117,117,/home/ml/thesis-camels/data/raw/CAMELS_SIMBA_1000U,row_universe_id=LH_117;universe_index=117;omega_m=0.293,0.20000,/home/ml/thesis-camels/data/raw/CAMELS_SIMBA_1000U/LH_117_hlist_0.20000.list,true,6142,6142,0.25000,/home/ml/thesis-camels/data/raw/CAMELS_SIMBA_1000U/LH_117_hlist_0.25000.list,true,7202,7202,0.51209,/home/ml/thesis-camels/data/raw/CAMELS_SIMBA_1000U/LH_117_hlist_0.51209.list,true,7480,7480,0.75065,/home/ml/thesis-camels/data/raw/CAMELS_SIMBA_1000U/LH_117_hlist_0.75065.list,true,6480,6480,1.00000,/home/ml/thesis-camels/data/raw/CAMELS_SIMBA_1000U/LH_117_hlist_1.00000.list,true,6449,6449,test,train,validation,NONE
LH_118,118,/home/ml/thesis-camels/data/raw/CAMELS_SIMBA_1000U,row_universe_id=LH_118;universe_index=118;omega_m=0.1874,0.20000,/home/ml/thesis-camels/data/raw/CAMELS_SIMBA_1000U/LH_118_hlist_0.20000.list,true,2987,2987,0.25000,/home/ml/thesis-camels/data/raw/CAMELS_SIMBA_1000U/LH_118_hlist_0.25000.list,true,4483,4483,0.51209,/home/ml/thesis-camels/data/raw/CAMELS_SIMBA_1000U/LH_118_hlist_0.51209.list,true,6049,6049,0.75065,/home/ml/thesis-camels/data/raw/CAMELS_SIMBA_1000U/LH_118_hlist_0.75065.list,true,5848,5848,1.00000,/home/ml/thesis-camels/data/raw/CAMELS_SIMBA_1000U/LH_118_hlist_1.00000.list,true,6245,6245,train,train,test,NONE
LH_119,119,/home/ml/thesis-camels/data/raw/CAMELS_SIMBA_1000U,row_universe_id=LH_119;universe_index=119;omega_m=0.3686,0.20000,/home/ml/thesis-camels/data/raw/CAMELS_SIMBA_1000U/LH_119_hlist_0.20000.list,true,2835,2835,0.25000,/home/ml/thesis-camels/data/raw/CAMELS_SIMBA_1000U/LH_119_hlist_0.25000.list,true,4766,4766,0.51209,/home/ml/thesis-camels/data/raw/CAMELS_SIMBA_1000U/LH_119_hlist_0.51209.list,true,8445,8445,0.75065,/home/ml/thesis-camels/data/raw/CAMELS_SIMBA_1000U/LH_119_hlist_0.75065.list,true,8199,8199,1.00000,/home/ml/thesis-camels/data/raw/CAMELS_SIMBA_1000U/LH_119_hlist_1.00000.list,true,8250,8250,train,train,train,NONE
LH_120,120,/home/ml/thesis-camels/data/raw/CAMELS_SIMBA_1000U,row_universe_id=LH_120;universe_index=120;omega_m=0.4082,0.20000,/home/ml/thesis-camels/data/raw/CAMELS_SIMBA_1000U/LH_120_hlist_0.20000.list,true,5535,5535,0.25000,/home/ml/thesis-camels/data/raw/CAMELS_SIMBA_1000U/LH_120_hlist_0.25000.list,true,7056,7056,0.51209,/home/ml/thesis-camels/data/raw/CAMELS_SIMBA_1000U/LH_120_hlist_0.51209.list,true,8157,8157,0.75065,/home/ml/thesis-camels/data/raw/CAMELS_SIMBA_1000U/LH_120_hlist_0.75065.list,true,7199,7199,1.00000,/home/ml/thesis-camels/data/raw/CAMELS_SIMBA_1000U/LH_120_hlist_1.00000.list,true,7143,7143,train,train,test,NONE
LH_121,121,/home/ml/thesis-camels/data/raw/CAMELS_SIMBA_1000U,row_universe_id=LH_121;universe_index=121;omega_m=0.2318,0.20000,/home/ml/thesis-camels/data/raw/CAMELS_SIMBA_1000U/LH_121_hlist_0.20000.list,true,5080,5080,0.25000,/home/ml/thesis-camels/data/raw/CAMELS_SIMBA_1000U/LH_121_hlist_0.25000.list,true,6389,6389,0.51209,/home/ml/thesis-camels/data/raw/CAMELS_SIMBA_1000U/LH_121_hlist_0.51209.list,true,6570,6570,0.75065,/home/ml/thesis-camels/data/raw/CAMELS_SIMBA_1000U/LH_121_hlist_0.75065.list,true,5866,5866,1.00000,/home/ml/thesis-camels/data/raw/CAMELS_SIMBA_1000U/LH_121_hlist_1.00000.list,true,5813,5813,validation,train,test,NONE
LH_122,122,/home/ml/thesis-camels/data/raw/CAMELS_SIMBA_1000U,row_universe_id=LH_122;universe_index=122;omega_m=0.3002,0.20000,/home/ml/thesis-camels/data/raw/CAMELS_SIMBA_1000U/LH_122_hlist_0.20000.list,true,5892,5892,0.25000,/home/ml/thesis-camels/data/raw/CAMELS_SIMBA_1000U/LH_122_hlist_0.25000.list,true,6861,6861,0.51209,/home/ml/thesis-camels/data/raw/CAMELS_SIMBA_1000U/LH_122_hlist_0.51209.list,true,6980,6980,0.75065,/home/ml/thesis-camels/data/raw/CAMELS_SIMBA_1000U/LH_122_hlist_0.75065.list,true,6290,6290,1.00000,/home/ml/thesis-camels/data/raw/CAMELS_SIMBA_1000U/LH_122_hlist_1.00000.list,true,6257,6257,train,test,validation,NONE
LH_123,123,/home/ml/thesis-camels/data/raw/CAMELS_SIMBA_1000U,row_universe_id=LH_123;universe_index=123;omega_m=0.2946,0.20000,/home/ml/thesis-camels/data/raw/CAMELS_SIMBA_1000U/LH_123_hlist_0.20000.list,true,4107,4107,0.25000,/home/ml/thesis-camels/data/raw/CAMELS_SIMBA_1000U/LH_123_hlist_0.25000.list,true,5680,5680,0.51209,/home/ml/thesis-camels/data/raw/CAMELS_SIMBA_1000U/LH_123_hlist_0.51209.list,true,7741,7741,0.75065,/home/ml/thesis-camels/data/raw/CAMELS_SIMBA_1000U/LH_123_hlist_0.75065.list,true,7316,7316,1.00000,/home/ml/thesis-camels/data/raw/CAMELS_SIMBA_1000U/LH_123_hlist_1.00000.list,true,7371,7371,test,train,train,NONE
LH_124,124,/home/ml/thesis-camels/data/raw/CAMELS_SIMBA_1000U,row_universe_id=LH_124;universe_index=124;omega_m=0.3942,0.20000,/home/ml/thesis-camels/data/raw/CAMELS_SIMBA_1000U/LH_124_hlist_0.20000.list,true,3844,3844,0.25000,/home/ml/thesis-camels/data/raw/CAMELS_SIMBA_1000U/LH_124_hlist_0.25000.list,true,5454,5454,0.51209,/home/ml/thesis-camels/data/raw/CAMELS_SIMBA_1000U/LH_124_hlist_0.51209.list,true,8417,8417,0.75065,/home/ml/thesis-camels/data/raw/CAMELS_SIMBA_1000U/LH_124_hlist_0.75065.list,true,8027,8027,1.00000,/home/ml/thesis-camels/data/raw/CAMELS_SIMBA_1000U/LH_124_hlist_1.00000.list,true,7929,7929,train,validation,test,NONE
LH_125,125,/home/ml/thesis-camels/data/raw/CAMELS_SIMBA_1000U,row_universe_id=LH_125;universe_index=125;omega_m=0.4102,0.20000,/home/ml/thesis-camels/data/raw/CAMELS_SIMBA_1000U/LH_125_hlist_0.20000.list,true,5644,5644,0.25000,/home/ml/thesis-camels/data/raw/CAMELS_SIMBA_1000U/LH_125_hlist_0.25000.list,true,7069,7069,0.51209,/home/ml/thesis-camels/data/raw/CAMELS_SIMBA_1000U/LH_125_hlist_0.51209.list,true,8279,8279,0.75065,/home/ml/thesis-camels/data/raw/CAMELS_SIMBA_1000U/LH_125_hlist_0.75065.list,true,7060,7060,1.00000,/home/ml/thesis-camels/data/raw/CAMELS_SIMBA_1000U/LH_125_hlist_1.00000.list,true,6748,6748,train,validation,train,NONE
LH_126,126,/home/ml/thesis-camels/data/raw/CAMELS_SIMBA_1000U,row_universe_id=LH_126;universe_index=126;omega_m=0.3514,0.20000,/home/ml/thesis-camels/data/raw/CAMELS_SIMBA_1000U/LH_126_hlist_0.20000.list,true,3464,3464,0.25000,/home/ml/thesis-camels/data/raw/CAMELS_SIMBA_1000U/LH_126_hlist_0.25000.list,true,5115,5115,0.51209,/home/ml/thesis-camels/data/raw/CAMELS_SIMBA_1000U/LH_126_hlist_0.51209.list,true,8031,8031,0.75065,/home/ml/thesis-camels/data/raw/CAMELS_SIMBA_1000U/LH_126_hlist_0.75065.list,true,7518,7518,1.00000,/home/ml/thesis-camels/data/raw/CAMELS_SIMBA_1000U/LH_126_hlist_1.00000.list,true,7494,7494,train,train,train,NONE
LH_127,127,/home/ml/thesis-camels/data/raw/CAMELS_SIMBA_1000U,row_universe_id=LH_127;universe_index=127;omega_m=0.1442,0.20000,/home/ml/thesis-camels/data/raw/CAMELS_SIMBA_1000U/LH_127_hlist_0.20000.list,true,1020,1020,0.25000,/home/ml/thesis-camels/data/raw/CAMELS_SIMBA_1000U/LH_127_hlist_0.25000.list,true,2266,2266,0.51209,/home/ml/thesis-camels/data/raw/CAMELS_SIMBA_1000U/LH_127_hlist_0.51209.list,true,5134,5134,0.75065,/home/ml/thesis-camels/data/raw/CAMELS_SIMBA_1000U/LH_127_hlist_0.75065.list,true,5524,5524,1.00000,/home/ml/thesis-camels/data/raw/CAMELS_SIMBA_1000U/LH_127_hlist_1.00000.list,true,6166,6166,test,validation,validation,NONE
LH_128,128,/home/ml/thesis-camels/data/raw/CAMELS_SIMBA_1000U,row_universe_id=LH_128;universe_index=128;omega_m=0.1582,0.20000,/home/ml/thesis-camels/data/raw/CAMELS_SIMBA_1000U/LH_128_hlist_0.20000.list,true,875,875,0.25000,/home/ml/thesis-camels/data/raw/CAMELS_SIMBA_1000U/LH_128_hlist_0.25000.list,true,1989,1989,0.51209,/home/ml/thesis-camels/data/raw/CAMELS_SIMBA_1000U/LH_128_hlist_0.51209.list,true,5524,5524,0.75065,/home/ml/thesis-camels/data/raw/CAMELS_SIMBA_1000U/LH_128_hlist_0.75065.list,true,5929,5929,1.00000,/home/ml/thesis-camels/data/raw/CAMELS_SIMBA_1000U/LH_128_hlist_1.00000.list,true,6604,6604,test,train,train,NONE
LH_129,129,/home/ml/thesis-camels/data/raw/CAMELS_SIMBA_1000U,row_universe_id=LH_129;universe_index=129;omega_m=0.433,0.20000,/home/ml/thesis-camels/data/raw/CAMELS_SIMBA_1000U/LH_129_hlist_0.20000.list,true,6101,6101,0.25000,/home/ml/thesis-camels/data/raw/CAMELS_SIMBA_1000U/LH_129_hlist_0.25000.list,true,7563,7563,0.51209,/home/ml/thesis-camels/data/raw/CAMELS_SIMBA_1000U/LH_129_hlist_0.51209.list,true,8520,8520,0.75065,/home/ml/thesis-camels/data/raw/CAMELS_SIMBA_1000U/LH_129_hlist_0.75065.list,true,7608,7608,1.00000,/home/ml/thesis-camels/data/raw/CAMELS_SIMBA_1000U/LH_129_hlist_1.00000.list,true,7266,7266,train,test,train,NONE
LH_130,130,/home/ml/thesis-camels/data/raw/CAMELS_SIMBA_1000U,row_universe_id=LH_130;universe_index=130;omega_m=0.4366,0.20000,/home/ml/thesis-camels/data/raw/CAMELS_SIMBA_1000U/LH_130_hlist_0.20000.list,true,8360,8360,0.25000,/home/ml/thesis-camels/data/raw/CAMELS_SIMBA_1000U/LH_130_hlist_0.25000.list,true,8855,8855,0.51209,/home/ml/thesis-camels/data/raw/CAMELS_SIMBA_1000U/LH_130_hlist_0.51209.list,true,7239,7239,0.75065,/home/ml/thesis-camels/data/raw/CAMELS_SIMBA_1000U/LH_130_hlist_0.75065.list,true,5948,5948,1.00000,/home/ml/thesis-camels/data/raw/CAMELS_SIMBA_1000U/LH_130_hlist_1.00000.list,true,5642,5642,train,train,validation,NONE
LH_131,131,/home/ml/thesis-camels/data/raw/CAMELS_SIMBA_1000U,row_universe_id=LH_131;universe_index=131;omega_m=0.4086,0.20000,/home/ml/thesis-camels/data/raw/CAMELS_SIMBA_1000U/LH_131_hlist_0.20000.list,true,4362,4362,0.25000,/home/ml/thesis-camels/data/raw/CAMELS_SIMBA_1000U/LH_131_hlist_0.25000.list,true,6068,6068,0.51209,/home/ml/thesis-camels/data/raw/CAMELS_SIMBA_1000U/LH_131_hlist_0.51209.list,true,7909,7909,0.75065,/home/ml/thesis-camels/data/raw/CAMELS_SIMBA_1000U/LH_131_hlist_0.75065.list,true,7086,7086,1.00000,/home/ml/thesis-camels/data/raw/CAMELS_SIMBA_1000U/LH_131_hlist_1.00000.list,true,7056,7056,test,train,train,NONE
LH_132,132,/home/ml/thesis-camels/data/raw/CAMELS_SIMBA_1000U,row_universe_id=LH_132;universe_index=132;omega_m=0.1542,0.20000,/home/ml/thesis-camels/data/raw/CAMELS_SIMBA_1000U/LH_132_hlist_0.20000.list,true,2484,2484,0.25000,/home/ml/thesis-camels/data/raw/CAMELS_SIMBA_1000U/LH_132_hlist_0.25000.list,true,3768,3768,0.51209,/home/ml/thesis-camels/data/raw/CAMELS_SIMBA_1000U/LH_132_hlist_0.51209.list,true,5189,5189,0.75065,/home/ml/thesis-camels/data/raw/CAMELS_SIMBA_1000U/LH_132_hlist_0.75065.list,true,5380,5380,1.00000,/home/ml/thesis-camels/data/raw/CAMELS_SIMBA_1000U/LH_132_hlist_1.00000.list,true,5829,5829,train,train,validation,NONE
LH_133,133,/home/ml/thesis-camels/data/raw/CAMELS_SIMBA_1000U,row_universe_id=LH_133;universe_index=133;omega_m=0.1046,0.20000,/home/ml/thesis-camels/data/raw/CAMELS_SIMBA_1000U/LH_133_hlist_0.20000.list,true,385,385,0.25000,/home/ml/thesis-camels/data/raw/CAMELS_SIMBA_1000U/LH_133_hlist_0.25000.list,true,1216,1216,0.51209,/home/ml/thesis-camels/data/raw/CAMELS_SIMBA_1000U/LH_133_hlist_0.51209.list,true,3420,3420,0.75065,/home/ml/thesis-camels/data/raw/CAMELS_SIMBA_1000U/LH_133_hlist_0.75065.list,true,3944,3944,1.00000,/home/ml/thesis-camels/data/raw/CAMELS_SIMBA_1000U/LH_133_hlist_1.00000.list,true,4687,4687,train,train,train,NONE
LH_134,134,/home/ml/thesis-camels/data/raw/CAMELS_SIMBA_1000U,row_universe_id=LH_134;universe_index=134;omega_m=0.329,0.20000,/home/ml/thesis-camels/data/raw/CAMELS_SIMBA_1000U/LH_134_hlist_0.20000.list,true,7445,7445,0.25000,/home/ml/thesis-camels/data/raw/CAMELS_SIMBA_1000U/LH_134_hlist_0.25000.list,true,8119,8119,0.51209,/home/ml/thesis-camels/data/raw/CAMELS_SIMBA_1000U/LH_134_hlist_0.51209.list,true,7161,7161,0.75065,/home/ml/thesis-camels/data/raw/CAMELS_SIMBA_1000U/LH_134_hlist_0.75065.list,true,6092,6092,1.00000,/home/ml/thesis-camels/data/raw/CAMELS_SIMBA_1000U/LH_134_hlist_1.00000.list,true,5906,5906,train,train,train,NONE
LH_135,135,/home/ml/thesis-camels/data/raw/CAMELS_SIMBA_1000U,row_universe_id=LH_135;universe_index=135;omega_m=0.107,0.20000,/home/ml/thesis-camels/data/raw/CAMELS_SIMBA_1000U/LH_135_hlist_0.20000.list,true,2320,2320,0.25000,/home/ml/thesis-camels/data/raw/CAMELS_SIMBA_1000U/LH_135_hlist_0.25000.list,true,3324,3324,0.51209,/home/ml/thesis-camels/data/raw/CAMELS_SIMBA_1000U/LH_135_hlist_0.51209.list,true,4104,4104,0.75065,/home/ml/thesis-camels/data/raw/CAMELS_SIMBA_1000U/LH_135_hlist_0.75065.list,true,4296,4296,1.00000,/home/ml/thesis-camels/data/raw/CAMELS_SIMBA_1000U/LH_135_hlist_1.00000.list,true,4715,4715,validation,validation,validation,NONE
LH_136,136,/home/ml/thesis-camels/data/raw/CAMELS_SIMBA_1000U,row_universe_id=LH_136;universe_index=136;omega_m=0.2034,0.20000,/home/ml/thesis-camels/data/raw/CAMELS_SIMBA_1000U/LH_136_hlist_0.20000.list,true,1548,1548,0.25000,/home/ml/thesis-camels/data/raw/CAMELS_SIMBA_1000U/LH_136_hlist_0.25000.list,true,3147,3147,0.51209,/home/ml/thesis-camels/data/raw/CAMELS_SIMBA_1000U/LH_136_hlist_0.51209.list,true,6533,6533,0.75065,/home/ml/thesis-camels/data/raw/CAMELS_SIMBA_1000U/LH_136_hlist_0.75065.list,true,6723,6723,1.00000,/home/ml/thesis-camels/data/raw/CAMELS_SIMBA_1000U/LH_136_hlist_1.00000.list,true,7103,7103,train,validation,train,NONE
LH_137,137,/home/ml/thesis-camels/data/raw/CAMELS_SIMBA_1000U,row_universe_id=LH_137;universe_index=137;omega_m=0.371,0.20000,/home/ml/thesis-camels/data/raw/CAMELS_SIMBA_1000U/LH_137_hlist_0.20000.list,true,7715,7715,0.25000,/home/ml/thesis-camels/data/raw/CAMELS_SIMBA_1000U/LH_137_hlist_0.25000.list,true,8348,8348,0.51209,/home/ml/thesis-camels/data/raw/CAMELS_SIMBA_1000U/LH_137_hlist_0.51209.list,true,7139,7139,0.75065,/home/ml/thesis-camels/data/raw/CAMELS_SIMBA_1000U/LH_137_hlist_0.75065.list,true,6034,6034,1.00000,/home/ml/thesis-camels/data/raw/CAMELS_SIMBA_1000U/LH_137_hlist_1.00000.list,true,6001,6001,train,test,train,NONE
LH_138,138,/home/ml/thesis-camels/data/raw/CAMELS_SIMBA_1000U,row_universe_id=LH_138;universe_index=138;omega_m=0.3974,0.20000,/home/ml/thesis-camels/data/raw/CAMELS_SIMBA_1000U/LH_138_hlist_0.20000.list,true,5929,5929,0.25000,/home/ml/thesis-camels/data/raw/CAMELS_SIMBA_1000U/LH_138_hlist_0.25000.list,true,7292,7292,0.51209,/home/ml/thesis-camels/data/raw/CAMELS_SIMBA_1000U/LH_138_hlist_0.51209.list,true,8050,8050,0.75065,/home/ml/thesis-camels/data/raw/CAMELS_SIMBA_1000U/LH_138_hlist_0.75065.list,true,6995,6995,1.00000,/home/ml/thesis-camels/data/raw/CAMELS_SIMBA_1000U/LH_138_hlist_1.00000.list,true,6755,6755,train,test,validation,NONE
LH_139,139,/home/ml/thesis-camels/data/raw/CAMELS_SIMBA_1000U,row_universe_id=LH_139;universe_index=139;omega_m=0.4182,0.20000,/home/ml/thesis-camels/data/raw/CAMELS_SIMBA_1000U/LH_139_hlist_0.20000.list,true,6714,6714,0.25000,/home/ml/thesis-camels/data/raw/CAMELS_SIMBA_1000U/LH_139_hlist_0.25000.list,true,7719,7719,0.51209,/home/ml/thesis-camels/data/raw/CAMELS_SIMBA_1000U/LH_139_hlist_0.51209.list,true,8297,8297,0.75065,/home/ml/thesis-camels/data/raw/CAMELS_SIMBA_1000U/LH_139_hlist_0.75065.list,true,7093,7093,1.00000,/home/ml/thesis-camels/data/raw/CAMELS_SIMBA_1000U/LH_139_hlist_1.00000.list,true,6867,6867,train,test,test,NONE
LH_140,140,/home/ml/thesis-camels/data/raw/CAMELS_SIMBA_1000U,row_universe_id=LH_140;universe_index=140;omega_m=0.3726,0.20000,/home/ml/thesis-camels/data/raw/CAMELS_SIMBA_1000U/LH_140_hlist_0.20000.list,true,7056,7056,0.25000,/home/ml/thesis-camels/data/raw/CAMELS_SIMBA_1000U/LH_140_hlist_0.25000.list,true,8154,8154,0.51209,/home/ml/thesis-camels/data/raw/CAMELS_SIMBA_1000U/LH_140_hlist_0.51209.list,true,7636,7636,0.75065,/home/ml/thesis-camels/data/raw/CAMELS_SIMBA_1000U/LH_140_hlist_0.75065.list,true,6376,6376,1.00000,/home/ml/thesis-camels/data/raw/CAMELS_SIMBA_1000U/LH_140_hlist_1.00000.list,true,6131,6131,train,test,train,NONE
LH_141,141,/home/ml/thesis-camels/data/raw/CAMELS_SIMBA_1000U,row_universe_id=LH_141;universe_index=141;omega_m=0.3322,0.20000,/home/ml/thesis-camels/data/raw/CAMELS_SIMBA_1000U/LH_141_hlist_0.20000.list,true,5624,5624,0.25000,/home/ml/thesis-camels/data/raw/CAMELS_SIMBA_1000U/LH_141_hlist_0.25000.list,true,6894,6894,0.51209,/home/ml/thesis-camels/data/raw/CAMELS_SIMBA_1000U/LH_141_hlist_0.51209.list,true,8004,8004,0.75065,/home/ml/thesis-camels/data/raw/CAMELS_SIMBA_1000U/LH_141_hlist_0.75065.list,true,7102,7102,1.00000,/home/ml/thesis-camels/data/raw/CAMELS_SIMBA_1000U/LH_141_hlist_1.00000.list,true,7010,7010,test,train,train,NONE
LH_142,142,/home/ml/thesis-camels/data/raw/CAMELS_SIMBA_1000U,row_universe_id=LH_142;universe_index=142;omega_m=0.1178,0.20000,/home/ml/thesis-camels/data/raw/CAMELS_SIMBA_1000U/LH_142_hlist_0.20000.list,true,1681,1681,0.25000,/home/ml/thesis-camels/data/raw/CAMELS_SIMBA_1000U/LH_142_hlist_0.25000.list,true,2995,2995,0.51209,/home/ml/thesis-camels/data/raw/CAMELS_SIMBA_1000U/LH_142_hlist_0.51209.list,true,4564,4564,0.75065,/home/ml/thesis-camels/data/raw/CAMELS_SIMBA_1000U/LH_142_hlist_0.75065.list,true,4685,4685,1.00000,/home/ml/thesis-camels/data/raw/CAMELS_SIMBA_1000U/LH_142_hlist_1.00000.list,true,5135,5135,test,train,validation,NONE
LH_143,143,/home/ml/thesis-camels/data/raw/CAMELS_SIMBA_1000U,row_universe_id=LH_143;universe_index=143;omega_m=0.367,0.20000,/home/ml/thesis-camels/data/raw/CAMELS_SIMBA_1000U/LH_143_hlist_0.20000.list,true,5244,5244,0.25000,/home/ml/thesis-camels/data/raw/CAMELS_SIMBA_1000U/LH_143_hlist_0.25000.list,true,6748,6748,0.51209,/home/ml/thesis-camels/data/raw/CAMELS_SIMBA_1000U/LH_143_hlist_0.51209.list,true,8122,8122,0.75065,/home/ml/thesis-camels/data/raw/CAMELS_SIMBA_1000U/LH_143_hlist_0.75065.list,true,7150,7150,1.00000,/home/ml/thesis-camels/data/raw/CAMELS_SIMBA_1000U/LH_143_hlist_1.00000.list,true,6887,6887,train,train,validation,NONE
LH_144,144,/home/ml/thesis-camels/data/raw/CAMELS_SIMBA_1000U,row_universe_id=LH_144;universe_index=144;omega_m=0.211,0.20000,/home/ml/thesis-camels/data/raw/CAMELS_SIMBA_1000U/LH_144_hlist_0.20000.list,true,4985,4985,0.25000,/home/ml/thesis-camels/data/raw/CAMELS_SIMBA_1000U/LH_144_hlist_0.25000.list,true,6087,6087,0.51209,/home/ml/thesis-camels/data/raw/CAMELS_SIMBA_1000U/LH_144_hlist_0.51209.list,true,6438,6438,0.75065,/home/ml/thesis-camels/data/raw/CAMELS_SIMBA_1000U/LH_144_hlist_0.75065.list,true,5992,5992,1.00000,/home/ml/thesis-camels/data/raw/CAMELS_SIMBA_1000U/LH_144_hlist_1.00000.list,true,6095,6095,train,train,train,NONE
LH_145,145,/home/ml/thesis-camels/data/raw/CAMELS_SIMBA_1000U,row_universe_id=LH_145;universe_index=145;omega_m=0.1218,0.20000,/home/ml/thesis-camels/data/raw/CAMELS_SIMBA_1000U/LH_145_hlist_0.20000.list,true,2118,2118,0.25000,/home/ml/thesis-camels/data/raw/CAMELS_SIMBA_1000U/LH_145_hlist_0.25000.list,true,3338,3338,0.51209,/home/ml/thesis-camels/data/raw/CAMELS_SIMBA_1000U/LH_145_hlist_0.51209.list,true,4505,4505,0.75065,/home/ml/thesis-camels/data/raw/CAMELS_SIMBA_1000U/LH_145_hlist_0.75065.list,true,4661,4661,1.00000,/home/ml/thesis-camels/data/raw/CAMELS_SIMBA_1000U/LH_145_hlist_1.00000.list,true,5132,5132,train,test,test,NONE
LH_146,146,/home/ml/thesis-camels/data/raw/CAMELS_SIMBA_1000U,row_universe_id=LH_146;universe_index=146;omega_m=0.2898,0.20000,/home/ml/thesis-camels/data/raw/CAMELS_SIMBA_1000U/LH_146_hlist_0.20000.list,true,6377,6377,0.25000,/home/ml/thesis-camels/data/raw/CAMELS_SIMBA_1000U/LH_146_hlist_0.25000.list,true,7517,7517,0.51209,/home/ml/thesis-camels/data/raw/CAMELS_SIMBA_1000U/LH_146_hlist_0.51209.list,true,7318,7318,0.75065,/home/ml/thesis-camels/data/raw/CAMELS_SIMBA_1000U/LH_146_hlist_0.75065.list,true,6476,6476,1.00000,/home/ml/thesis-camels/data/raw/CAMELS_SIMBA_1000U/LH_146_hlist_1.00000.list,true,6527,6527,test,train,test,NONE
LH_147,147,/home/ml/thesis-camels/data/raw/CAMELS_SIMBA_1000U,row_universe_id=LH_147;universe_index=147;omega_m=0.3502,0.20000,/home/ml/thesis-camels/data/raw/CAMELS_SIMBA_1000U/LH_147_hlist_0.20000.list,true,4065,4065,0.25000,/home/ml/thesis-camels/data/raw/CAMELS_SIMBA_1000U/LH_147_hlist_0.25000.list,true,5580,5580,0.51209,/home/ml/thesis-camels/data/raw/CAMELS_SIMBA_1000U/LH_147_hlist_0.51209.list,true,7723,7723,0.75065,/home/ml/thesis-camels/data/raw/CAMELS_SIMBA_1000U/LH_147_hlist_0.75065.list,true,7234,7234,1.00000,/home/ml/thesis-camels/data/raw/CAMELS_SIMBA_1000U/LH_147_hlist_1.00000.list,true,7050,7050,train,test,train,NONE
LH_148,148,/home/ml/thesis-camels/data/raw/CAMELS_SIMBA_1000U,row_universe_id=LH_148;universe_index=148;omega_m=0.465,0.20000,/home/ml/thesis-camels/data/raw/CAMELS_SIMBA_1000U/LH_148_hlist_0.20000.list,true,7859,7859,0.25000,/home/ml/thesis-camels/data/raw/CAMELS_SIMBA_1000U/LH_148_hlist_0.25000.list,true,8700,8700,0.51209,/home/ml/thesis-camels/data/raw/CAMELS_SIMBA_1000U/LH_148_hlist_0.51209.list,true,7798,7798,0.75065,/home/ml/thesis-camels/data/raw/CAMELS_SIMBA_1000U/LH_148_hlist_0.75065.list,true,6621,6621,1.00000,/home/ml/thesis-camels/data/raw/CAMELS_SIMBA_1000U/LH_148_hlist_1.00000.list,true,6339,6339,train,train,train,NONE
LH_149,149,/home/ml/thesis-camels/data/raw/CAMELS_SIMBA_1000U,row_universe_id=LH_149;universe_index=149;omega_m=0.109,0.20000,/home/ml/thesis-camels/data/raw/CAMELS_SIMBA_1000U/LH_149_hlist_0.20000.list,true,2377,2377,0.25000,/home/ml/thesis-camels/data/raw/CAMELS_SIMBA_1000U/LH_149_hlist_0.25000.list,true,3344,3344,0.51209,/home/ml/thesis-camels/data/raw/CAMELS_SIMBA_1000U/LH_149_hlist_0.51209.list,true,4144,4144,0.75065,/home/ml/thesis-camels/data/raw/CAMELS_SIMBA_1000U/LH_149_hlist_0.75065.list,true,4452,4452,1.00000,/home/ml/thesis-camels/data/raw/CAMELS_SIMBA_1000U/LH_149_hlist_1.00000.list,true,4860,4860,train,test,train,NONE
LH_150,150,/home/ml/thesis-camels/data/raw/CAMELS_SIMBA_1000U,row_universe_id=LH_150;universe_index=150;omega_m=0.3366,0.20000,/home/ml/thesis-camels/data/raw/CAMELS_SIMBA_1000U/LH_150_hlist_0.20000.list,true,6647,6647,0.25000,/home/ml/thesis-camels/data/raw/CAMELS_SIMBA_1000U/LH_150_hlist_0.25000.list,true,7780,7780,0.51209,/home/ml/thesis-camels/data/raw/CAMELS_SIMBA_1000U/LH_150_hlist_0.51209.list,true,7896,7896,0.75065,/home/ml/thesis-camels/data/raw/CAMELS_SIMBA_1000U/LH_150_hlist_0.75065.list,true,6847,6847,1.00000,/home/ml/thesis-camels/data/raw/CAMELS_SIMBA_1000U/LH_150_hlist_1.00000.list,true,6713,6713,train,train,test,NONE
LH_151,151,/home/ml/thesis-camels/data/raw/CAMELS_SIMBA_1000U,row_universe_id=LH_151;universe_index=151;omega_m=0.4822,0.20000,/home/ml/thesis-camels/data/raw/CAMELS_SIMBA_1000U/LH_151_hlist_0.20000.list,true,7331,7331,0.25000,/home/ml/thesis-camels/data/raw/CAMELS_SIMBA_1000U/LH_151_hlist_0.25000.list,true,8315,8315,0.51209,/home/ml/thesis-camels/data/raw/CAMELS_SIMBA_1000U/LH_151_hlist_0.51209.list,true,8226,8226,0.75065,/home/ml/thesis-camels/data/raw/CAMELS_SIMBA_1000U/LH_151_hlist_0.75065.list,true,6935,6935,1.00000,/home/ml/thesis-camels/data/raw/CAMELS_SIMBA_1000U/LH_151_hlist_1.00000.list,true,6491,6491,validation,validation,test,NONE
LH_152,152,/home/ml/thesis-camels/data/raw/CAMELS_SIMBA_1000U,row_universe_id=LH_152;universe_index=152;omega_m=0.4314,0.20000,/home/ml/thesis-camels/data/raw/CAMELS_SIMBA_1000U/LH_152_hlist_0.20000.list,true,7542,7542,0.25000,/home/ml/thesis-camels/data/raw/CAMELS_SIMBA_1000U/LH_152_hlist_0.25000.list,true,8365,8365,0.51209,/home/ml/thesis-camels/data/raw/CAMELS_SIMBA_1000U/LH_152_hlist_0.51209.list,true,7647,7647,0.75065,/home/ml/thesis-camels/data/raw/CAMELS_SIMBA_1000U/LH_152_hlist_0.75065.list,true,6404,6404,1.00000,/home/ml/thesis-camels/data/raw/CAMELS_SIMBA_1000U/LH_152_hlist_1.00000.list,true,6132,6132,train,validation,test,NONE
LH_153,153,/home/ml/thesis-camels/data/raw/CAMELS_SIMBA_1000U,row_universe_id=LH_153;universe_index=153;omega_m=0.1522,0.20000,/home/ml/thesis-camels/data/raw/CAMELS_SIMBA_1000U/LH_153_hlist_0.20000.list,true,2820,2820,0.25000,/home/ml/thesis-camels/data/raw/CAMELS_SIMBA_1000U/LH_153_hlist_0.25000.list,true,4154,4154,0.51209,/home/ml/thesis-camels/data/raw/CAMELS_SIMBA_1000U/LH_153_hlist_0.51209.list,true,5364,5364,0.75065,/home/ml/thesis-camels/data/raw/CAMELS_SIMBA_1000U/LH_153_hlist_0.75065.list,true,5369,5369,1.00000,/home/ml/thesis-camels/data/raw/CAMELS_SIMBA_1000U/LH_153_hlist_1.00000.list,true,5816,5816,train,train,train,NONE
LH_154,154,/home/ml/thesis-camels/data/raw/CAMELS_SIMBA_1000U,row_universe_id=LH_154;universe_index=154;omega_m=0.4142,0.20000,/home/ml/thesis-camels/data/raw/CAMELS_SIMBA_1000U/LH_154_hlist_0.20000.list,true,5673,5673,0.25000,/home/ml/thesis-camels/data/raw/CAMELS_SIMBA_1000U/LH_154_hlist_0.25000.list,true,7091,7091,0.51209,/home/ml/thesis-camels/data/raw/CAMELS_SIMBA_1000U/LH_154_hlist_0.51209.list,true,8138,8138,0.75065,/home/ml/thesis-camels/data/raw/CAMELS_SIMBA_1000U/LH_154_hlist_0.75065.list,true,7309,7309,1.00000,/home/ml/thesis-camels/data/raw/CAMELS_SIMBA_1000U/LH_154_hlist_1.00000.list,true,6983,6983,train,train,test,NONE
LH_155,155,/home/ml/thesis-camels/data/raw/CAMELS_SIMBA_1000U,row_universe_id=LH_155;universe_index=155;omega_m=0.2866,0.20000,/home/ml/thesis-camels/data/raw/CAMELS_SIMBA_1000U/LH_155_hlist_0.20000.list,true,5649,5649,0.25000,/home/ml/thesis-camels/data/raw/CAMELS_SIMBA_1000U/LH_155_hlist_0.25000.list,true,6809,6809,0.51209,/home/ml/thesis-camels/data/raw/CAMELS_SIMBA_1000U/LH_155_hlist_0.51209.list,true,7113,7113,0.75065,/home/ml/thesis-camels/data/raw/CAMELS_SIMBA_1000U/LH_155_hlist_0.75065.list,true,6332,6332,1.00000,/home/ml/thesis-camels/data/raw/CAMELS_SIMBA_1000U/LH_155_hlist_1.00000.list,true,6326,6326,train,train,validation,NONE
LH_156,156,/home/ml/thesis-camels/data/raw/CAMELS_SIMBA_1000U,row_universe_id=LH_156;universe_index=156;omega_m=0.167,0.20000,/home/ml/thesis-camels/data/raw/CAMELS_SIMBA_1000U/LH_156_hlist_0.20000.list,true,1262,1262,0.25000,/home/ml/thesis-camels/data/raw/CAMELS_SIMBA_1000U/LH_156_hlist_0.25000.list,true,2699,2699,0.51209,/home/ml/thesis-camels/data/raw/CAMELS_SIMBA_1000U/LH_156_hlist_0.51209.list,true,5808,5808,0.75065,/home/ml/thesis-camels/data/raw/CAMELS_SIMBA_1000U/LH_156_hlist_0.75065.list,true,6332,6332,1.00000,/home/ml/thesis-camels/data/raw/CAMELS_SIMBA_1000U/LH_156_hlist_1.00000.list,true,6919,6919,test,train,test,NONE
LH_157,157,/home/ml/thesis-camels/data/raw/CAMELS_SIMBA_1000U,row_universe_id=LH_157;universe_index=157;omega_m=0.2202,0.20000,/home/ml/thesis-camels/data/raw/CAMELS_SIMBA_1000U/LH_157_hlist_0.20000.list,true,5382,5382,0.25000,/home/ml/thesis-camels/data/raw/CAMELS_SIMBA_1000U/LH_157_hlist_0.25000.list,true,6379,6379,0.51209,/home/ml/thesis-camels/data/raw/CAMELS_SIMBA_1000U/LH_157_hlist_0.51209.list,true,6480,6480,0.75065,/home/ml/thesis-camels/data/raw/CAMELS_SIMBA_1000U/LH_157_hlist_0.75065.list,true,5916,5916,1.00000,/home/ml/thesis-camels/data/raw/CAMELS_SIMBA_1000U/LH_157_hlist_1.00000.list,true,6047,6047,train,test,test,NONE
LH_158,158,/home/ml/thesis-camels/data/raw/CAMELS_SIMBA_1000U,row_universe_id=LH_158;universe_index=158;omega_m=0.2942,0.20000,/home/ml/thesis-camels/data/raw/CAMELS_SIMBA_1000U/LH_158_hlist_0.20000.list,true,7198,7198,0.25000,/home/ml/thesis-camels/data/raw/CAMELS_SIMBA_1000U/LH_158_hlist_0.25000.list,true,7857,7857,0.51209,/home/ml/thesis-camels/data/raw/CAMELS_SIMBA_1000U/LH_158_hlist_0.51209.list,true,6338,6338,0.75065,/home/ml/thesis-camels/data/raw/CAMELS_SIMBA_1000U/LH_158_hlist_0.75065.list,true,5441,5441,1.00000,/home/ml/thesis-camels/data/raw/CAMELS_SIMBA_1000U/LH_158_hlist_1.00000.list,true,5396,5396,train,train,train,NONE
LH_159,159,/home/ml/thesis-camels/data/raw/CAMELS_SIMBA_1000U,row_universe_id=LH_159;universe_index=159;omega_m=0.2878,0.20000,/home/ml/thesis-camels/data/raw/CAMELS_SIMBA_1000U/LH_159_hlist_0.20000.list,true,6024,6024,0.25000,/home/ml/thesis-camels/data/raw/CAMELS_SIMBA_1000U/LH_159_hlist_0.25000.list,true,7072,7072,0.51209,/home/ml/thesis-camels/data/raw/CAMELS_SIMBA_1000U/LH_159_hlist_0.51209.list,true,7596,7596,0.75065,/home/ml/thesis-camels/data/raw/CAMELS_SIMBA_1000U/LH_159_hlist_0.75065.list,true,7056,7056,1.00000,/home/ml/thesis-camels/data/raw/CAMELS_SIMBA_1000U/LH_159_hlist_1.00000.list,true,6960,6960,test,train,test,NONE
LH_160,160,/home/ml/thesis-camels/data/raw/CAMELS_SIMBA_1000U,row_universe_id=LH_160;universe_index=160;omega_m=0.3126,0.20000,/home/ml/thesis-camels/data/raw/CAMELS_SIMBA_1000U/LH_160_hlist_0.20000.list,true,7079,7079,0.25000,/home/ml/thesis-camels/data/raw/CAMELS_SIMBA_1000U/LH_160_hlist_0.25000.list,true,7766,7766,0.51209,/home/ml/thesis-camels/data/raw/CAMELS_SIMBA_1000U/LH_160_hlist_0.51209.list,true,7276,7276,0.75065,/home/ml/thesis-camels/data/raw/CAMELS_SIMBA_1000U/LH_160_hlist_0.75065.list,true,6426,6426,1.00000,/home/ml/thesis-camels/data/raw/CAMELS_SIMBA_1000U/LH_160_hlist_1.00000.list,true,6478,6478,train,train,train,NONE
LH_161,161,/home/ml/thesis-camels/data/raw/CAMELS_SIMBA_1000U,row_universe_id=LH_161;universe_index=161;omega_m=0.1042,0.20000,/home/ml/thesis-camels/data/raw/CAMELS_SIMBA_1000U/LH_161_hlist_0.20000.list,true,350,350,0.25000,/home/ml/thesis-camels/data/raw/CAMELS_SIMBA_1000U/LH_161_hlist_0.25000.list,true,1062,1062,0.51209,/home/ml/thesis-camels/data/raw/CAMELS_SIMBA_1000U/LH_161_hlist_0.51209.list,true,3280,3280,0.75065,/home/ml/thesis-camels/data/raw/CAMELS_SIMBA_1000U/LH_161_hlist_0.75065.list,true,3941,3941,1.00000,/home/ml/thesis-camels/data/raw/CAMELS_SIMBA_1000U/LH_161_hlist_1.00000.list,true,4669,4669,test,train,train,NONE
LH_162,162,/home/ml/thesis-camels/data/raw/CAMELS_SIMBA_1000U,row_universe_id=LH_162;universe_index=162;omega_m=0.4738,0.20000,/home/ml/thesis-camels/data/raw/CAMELS_SIMBA_1000U/LH_162_hlist_0.20000.list,true,4234,4234,0.25000,/home/ml/thesis-camels/data/raw/CAMELS_SIMBA_1000U/LH_162_hlist_0.25000.list,true,6239,6239,0.51209,/home/ml/thesis-camels/data/raw/CAMELS_SIMBA_1000U/LH_162_hlist_0.51209.list,true,8770,8770,0.75065,/home/ml/thesis-camels/data/raw/CAMELS_SIMBA_1000U/LH_162_hlist_0.75065.list,true,8025,8025,1.00000,/home/ml/thesis-camels/data/raw/CAMELS_SIMBA_1000U/LH_162_hlist_1.00000.list,true,7526,7526,train,test,train,NONE
LH_163,163,/home/ml/thesis-camels/data/raw/CAMELS_SIMBA_1000U,row_universe_id=LH_163;universe_index=163;omega_m=0.2342,0.20000,/home/ml/thesis-camels/data/raw/CAMELS_SIMBA_1000U/LH_163_hlist_0.20000.list,true,3885,3885,0.25000,/home/ml/thesis-camels/data/raw/CAMELS_SIMBA_1000U/LH_163_hlist_0.25000.list,true,5407,5407,0.51209,/home/ml/thesis-camels/data/raw/CAMELS_SIMBA_1000U/LH_163_hlist_0.51209.list,true,6424,6424,0.75065,/home/ml/thesis-camels/data/raw/CAMELS_SIMBA_1000U/LH_163_hlist_0.75065.list,true,6064,6064,1.00000,/home/ml/thesis-camels/data/raw/CAMELS_SIMBA_1000U/LH_163_hlist_1.00000.list,true,6142,6142,test,test,train,NONE
LH_164,164,/home/ml/thesis-camels/data/raw/CAMELS_SIMBA_1000U,row_universe_id=LH_164;universe_index=164;omega_m=0.2094,0.20000,/home/ml/thesis-camels/data/raw/CAMELS_SIMBA_1000U/LH_164_hlist_0.20000.list,true,2825,2825,0.25000,/home/ml/thesis-camels/data/raw/CAMELS_SIMBA_1000U/LH_164_hlist_0.25000.list,true,4163,4163,0.51209,/home/ml/thesis-camels/data/raw/CAMELS_SIMBA_1000U/LH_164_hlist_0.51209.list,true,6433,6433,0.75065,/home/ml/thesis-camels/data/raw/CAMELS_SIMBA_1000U/LH_164_hlist_0.75065.list,true,6443,6443,1.00000,/home/ml/thesis-camels/data/raw/CAMELS_SIMBA_1000U/LH_164_hlist_1.00000.list,true,6697,6697,train,validation,test,NONE
LH_165,165,/home/ml/thesis-camels/data/raw/CAMELS_SIMBA_1000U,row_universe_id=LH_165;universe_index=165;omega_m=0.4214,0.20000,/home/ml/thesis-camels/data/raw/CAMELS_SIMBA_1000U/LH_165_hlist_0.20000.list,true,5071,5071,0.25000,/home/ml/thesis-camels/data/raw/CAMELS_SIMBA_1000U/LH_165_hlist_0.25000.list,true,6636,6636,0.51209,/home/ml/thesis-camels/data/raw/CAMELS_SIMBA_1000U/LH_165_hlist_0.51209.list,true,8618,8618,0.75065,/home/ml/thesis-camels/data/raw/CAMELS_SIMBA_1000U/LH_165_hlist_0.75065.list,true,7538,7538,1.00000,/home/ml/thesis-camels/data/raw/CAMELS_SIMBA_1000U/LH_165_hlist_1.00000.list,true,7219,7219,test,train,train,NONE
LH_166,166,/home/ml/thesis-camels/data/raw/CAMELS_SIMBA_1000U,row_universe_id=LH_166;universe_index=166;omega_m=0.169,0.20000,/home/ml/thesis-camels/data/raw/CAMELS_SIMBA_1000U/LH_166_hlist_0.20000.list,true,1936,1936,0.25000,/home/ml/thesis-camels/data/raw/CAMELS_SIMBA_1000U/LH_166_hlist_0.25000.list,true,3410,3410,0.51209,/home/ml/thesis-camels/data/raw/CAMELS_SIMBA_1000U/LH_166_hlist_0.51209.list,true,6187,6187,0.75065,/home/ml/thesis-camels/data/raw/CAMELS_SIMBA_1000U/LH_166_hlist_0.75065.list,true,6216,6216,1.00000,/home/ml/thesis-camels/data/raw/CAMELS_SIMBA_1000U/LH_166_hlist_1.00000.list,true,6674,6674,test,validation,train,NONE
LH_167,167,/home/ml/thesis-camels/data/raw/CAMELS_SIMBA_1000U,row_universe_id=LH_167;universe_index=167;omega_m=0.255,0.20000,/home/ml/thesis-camels/data/raw/CAMELS_SIMBA_1000U/LH_167_hlist_0.20000.list,true,4412,4412,0.25000,/home/ml/thesis-camels/data/raw/CAMELS_SIMBA_1000U/LH_167_hlist_0.25000.list,true,5694,5694,0.51209,/home/ml/thesis-camels/data/raw/CAMELS_SIMBA_1000U/LH_167_hlist_0.51209.list,true,7254,7254,0.75065,/home/ml/thesis-camels/data/raw/CAMELS_SIMBA_1000U/LH_167_hlist_0.75065.list,true,6899,6899,1.00000,/home/ml/thesis-camels/data/raw/CAMELS_SIMBA_1000U/LH_167_hlist_1.00000.list,true,7062,7062,test,test,train,NONE
LH_168,168,/home/ml/thesis-camels/data/raw/CAMELS_SIMBA_1000U,row_universe_id=LH_168;universe_index=168;omega_m=0.1126,0.20000,/home/ml/thesis-camels/data/raw/CAMELS_SIMBA_1000U/LH_168_hlist_0.20000.list,true,1806,1806,0.25000,/home/ml/thesis-camels/data/raw/CAMELS_SIMBA_1000U/LH_168_hlist_0.25000.list,true,2787,2787,0.51209,/home/ml/thesis-camels/data/raw/CAMELS_SIMBA_1000U/LH_168_hlist_0.51209.list,true,3958,3958,0.75065,/home/ml/thesis-camels/data/raw/CAMELS_SIMBA_1000U/LH_168_hlist_0.75065.list,true,4264,4264,1.00000,/home/ml/thesis-camels/data/raw/CAMELS_SIMBA_1000U/LH_168_hlist_1.00000.list,true,4813,4813,train,train,train,NONE
LH_169,169,/home/ml/thesis-camels/data/raw/CAMELS_SIMBA_1000U,row_universe_id=LH_169;universe_index=169;omega_m=0.4402,0.20000,/home/ml/thesis-camels/data/raw/CAMELS_SIMBA_1000U/LH_169_hlist_0.20000.list,true,8346,8346,0.25000,/home/ml/thesis-camels/data/raw/CAMELS_SIMBA_1000U/LH_169_hlist_0.25000.list,true,8914,8914,0.51209,/home/ml/thesis-camels/data/raw/CAMELS_SIMBA_1000U/LH_169_hlist_0.51209.list,true,7687,7687,0.75065,/home/ml/thesis-camels/data/raw/CAMELS_SIMBA_1000U/LH_169_hlist_0.75065.list,true,6258,6258,1.00000,/home/ml/thesis-camels/data/raw/CAMELS_SIMBA_1000U/LH_169_hlist_1.00000.list,true,5770,5770,test,train,validation,NONE
LH_170,170,/home/ml/thesis-camels/data/raw/CAMELS_SIMBA_1000U,row_universe_id=LH_170;universe_index=170;omega_m=0.3558,0.20000,/home/ml/thesis-camels/data/raw/CAMELS_SIMBA_1000U/LH_170_hlist_0.20000.list,true,4483,4483,0.25000,/home/ml/thesis-camels/data/raw/CAMELS_SIMBA_1000U/LH_170_hlist_0.25000.list,true,6068,6068,0.51209,/home/ml/thesis-camels/data/raw/CAMELS_SIMBA_1000U/LH_170_hlist_0.51209.list,true,8050,8050,0.75065,/home/ml/thesis-camels/data/raw/CAMELS_SIMBA_1000U/LH_170_hlist_0.75065.list,true,7376,7376,1.00000,/home/ml/thesis-camels/data/raw/CAMELS_SIMBA_1000U/LH_170_hlist_1.00000.list,true,7271,7271,train,test,train,NONE
LH_171,171,/home/ml/thesis-camels/data/raw/CAMELS_SIMBA_1000U,row_universe_id=LH_171;universe_index=171;omega_m=0.233,0.20000,/home/ml/thesis-camels/data/raw/CAMELS_SIMBA_1000U/LH_171_hlist_0.20000.list,true,5626,5626,0.25000,/home/ml/thesis-camels/data/raw/CAMELS_SIMBA_1000U/LH_171_hlist_0.25000.list,true,6683,6683,0.51209,/home/ml/thesis-camels/data/raw/CAMELS_SIMBA_1000U/LH_171_hlist_0.51209.list,true,6329,6329,0.75065,/home/ml/thesis-camels/data/raw/CAMELS_SIMBA_1000U/LH_171_hlist_0.75065.list,true,5803,5803,1.00000,/home/ml/thesis-camels/data/raw/CAMELS_SIMBA_1000U/LH_171_hlist_1.00000.list,true,5923,5923,train,train,train,NONE
LH_172,172,/home/ml/thesis-camels/data/raw/CAMELS_SIMBA_1000U,row_universe_id=LH_172;universe_index=172;omega_m=0.3902,0.20000,/home/ml/thesis-camels/data/raw/CAMELS_SIMBA_1000U/LH_172_hlist_0.20000.list,true,6284,6284,0.25000,/home/ml/thesis-camels/data/raw/CAMELS_SIMBA_1000U/LH_172_hlist_0.25000.list,true,7547,7547,0.51209,/home/ml/thesis-camels/data/raw/CAMELS_SIMBA_1000U/LH_172_hlist_0.51209.list,true,7770,7770,0.75065,/home/ml/thesis-camels/data/raw/CAMELS_SIMBA_1000U/LH_172_hlist_0.75065.list,true,6647,6647,1.00000,/home/ml/thesis-camels/data/raw/CAMELS_SIMBA_1000U/LH_172_hlist_1.00000.list,true,6519,6519,train,train,train,NONE
LH_173,173,/home/ml/thesis-camels/data/raw/CAMELS_SIMBA_1000U,row_universe_id=LH_173;universe_index=173;omega_m=0.4378,0.20000,/home/ml/thesis-camels/data/raw/CAMELS_SIMBA_1000U/LH_173_hlist_0.20000.list,true,5011,5011,0.25000,/home/ml/thesis-camels/data/raw/CAMELS_SIMBA_1000U/LH_173_hlist_0.25000.list,true,6566,6566,0.51209,/home/ml/thesis-camels/data/raw/CAMELS_SIMBA_1000U/LH_173_hlist_0.51209.list,true,8453,8453,0.75065,/home/ml/thesis-camels/data/raw/CAMELS_SIMBA_1000U/LH_173_hlist_0.75065.list,true,7557,7557,1.00000,/home/ml/thesis-camels/data/raw/CAMELS_SIMBA_1000U/LH_173_hlist_1.00000.list,true,7346,7346,train,train,train,NONE
LH_174,174,/home/ml/thesis-camels/data/raw/CAMELS_SIMBA_1000U,row_universe_id=LH_174;universe_index=174;omega_m=0.4302,0.20000,/home/ml/thesis-camels/data/raw/CAMELS_SIMBA_1000U/LH_174_hlist_0.20000.list,true,4540,4540,0.25000,/home/ml/thesis-camels/data/raw/CAMELS_SIMBA_1000U/LH_174_hlist_0.25000.list,true,6205,6205,0.51209,/home/ml/thesis-camels/data/raw/CAMELS_SIMBA_1000U/LH_174_hlist_0.51209.list,true,8671,8671,0.75065,/home/ml/thesis-camels/data/raw/CAMELS_SIMBA_1000U/LH_174_hlist_0.75065.list,true,8102,8102,1.00000,/home/ml/thesis-camels/data/raw/CAMELS_SIMBA_1000U/LH_174_hlist_1.00000.list,true,7806,7806,train,test,train,NONE
LH_175,175,/home/ml/thesis-camels/data/raw/CAMELS_SIMBA_1000U,row_universe_id=LH_175;universe_index=175;omega_m=0.385,0.20000,/home/ml/thesis-camels/data/raw/CAMELS_SIMBA_1000U/LH_175_hlist_0.20000.list,true,3449,3449,0.25000,/home/ml/thesis-camels/data/raw/CAMELS_SIMBA_1000U/LH_175_hlist_0.25000.list,true,5292,5292,0.51209,/home/ml/thesis-camels/data/raw/CAMELS_SIMBA_1000U/LH_175_hlist_0.51209.list,true,8272,8272,0.75065,/home/ml/thesis-camels/data/raw/CAMELS_SIMBA_1000U/LH_175_hlist_0.75065.list,true,7835,7835,1.00000,/home/ml/thesis-camels/data/raw/CAMELS_SIMBA_1000U/LH_175_hlist_1.00000.list,true,7929,7929,test,validation,train,NONE
LH_176,176,/home/ml/thesis-camels/data/raw/CAMELS_SIMBA_1000U,row_universe_id=LH_176;universe_index=176;omega_m=0.235,0.20000,/home/ml/thesis-camels/data/raw/CAMELS_SIMBA_1000U/LH_176_hlist_0.20000.list,true,6282,6282,0.25000,/home/ml/thesis-camels/data/raw/CAMELS_SIMBA_1000U/LH_176_hlist_0.25000.list,true,6913,6913,0.51209,/home/ml/thesis-camels/data/raw/CAMELS_SIMBA_1000U/LH_176_hlist_0.51209.list,true,5841,5841,0.75065,/home/ml/thesis-camels/data/raw/CAMELS_SIMBA_1000U/LH_176_hlist_0.75065.list,true,5108,5108,1.00000,/home/ml/thesis-camels/data/raw/CAMELS_SIMBA_1000U/LH_176_hlist_1.00000.list,true,5270,5270,train,validation,test,NONE
LH_177,177,/home/ml/thesis-camels/data/raw/CAMELS_SIMBA_1000U,row_universe_id=LH_177;universe_index=177;omega_m=0.2714,0.20000,/home/ml/thesis-camels/data/raw/CAMELS_SIMBA_1000U/LH_177_hlist_0.20000.list,true,4446,4446,0.25000,/home/ml/thesis-camels/data/raw/CAMELS_SIMBA_1000U/LH_177_hlist_0.25000.list,true,5777,5777,0.51209,/home/ml/thesis-camels/data/raw/CAMELS_SIMBA_1000U/LH_177_hlist_0.51209.list,true,7069,7069,0.75065,/home/ml/thesis-camels/data/raw/CAMELS_SIMBA_1000U/LH_177_hlist_0.75065.list,true,6597,6597,1.00000,/home/ml/thesis-camels/data/raw/CAMELS_SIMBA_1000U/LH_177_hlist_1.00000.list,true,6604,6604,train,train,test,NONE
LH_178,178,/home/ml/thesis-camels/data/raw/CAMELS_SIMBA_1000U,row_universe_id=LH_178;universe_index=178;omega_m=0.2214,0.20000,/home/ml/thesis-camels/data/raw/CAMELS_SIMBA_1000U/LH_178_hlist_0.20000.list,true,4974,4974,0.25000,/home/ml/thesis-camels/data/raw/CAMELS_SIMBA_1000U/LH_178_hlist_0.25000.list,true,5897,5897,0.51209,/home/ml/thesis-camels/data/raw/CAMELS_SIMBA_1000U/LH_178_hlist_0.51209.list,true,6456,6456,0.75065,/home/ml/thesis-camels/data/raw/CAMELS_SIMBA_1000U/LH_178_hlist_0.75065.list,true,5925,5925,1.00000,/home/ml/thesis-camels/data/raw/CAMELS_SIMBA_1000U/LH_178_hlist_1.00000.list,true,6017,6017,train,train,train,NONE
LH_179,179,/home/ml/thesis-camels/data/raw/CAMELS_SIMBA_1000U,row_universe_id=LH_179;universe_index=179;omega_m=0.127,0.20000,/home/ml/thesis-camels/data/raw/CAMELS_SIMBA_1000U/LH_179_hlist_0.20000.list,true,989,989,0.25000,/home/ml/thesis-camels/data/raw/CAMELS_SIMBA_1000U/LH_179_hlist_0.25000.list,true,2408,2408,0.51209,/home/ml/thesis-camels/data/raw/CAMELS_SIMBA_1000U/LH_179_hlist_0.51209.list,true,4900,4900,0.75065,/home/ml/thesis-camels/data/raw/CAMELS_SIMBA_1000U/LH_179_hlist_0.75065.list,true,5312,5312,1.00000,/home/ml/thesis-camels/data/raw/CAMELS_SIMBA_1000U/LH_179_hlist_1.00000.list,true,5832,5832,train,train,train,NONE
LH_180,180,/home/ml/thesis-camels/data/raw/CAMELS_SIMBA_1000U,row_universe_id=LH_180;universe_index=180;omega_m=0.4638,0.20000,/home/ml/thesis-camels/data/raw/CAMELS_SIMBA_1000U/LH_180_hlist_0.20000.list,true,8616,8616,0.25000,/home/ml/thesis-camels/data/raw/CAMELS_SIMBA_1000U/LH_180_hlist_0.25000.list,true,9152,9152,0.51209,/home/ml/thesis-camels/data/raw/CAMELS_SIMBA_1000U/LH_180_hlist_0.51209.list,true,7246,7246,0.75065,/home/ml/thesis-camels/data/raw/CAMELS_SIMBA_1000U/LH_180_hlist_0.75065.list,true,5876,5876,1.00000,/home/ml/thesis-camels/data/raw/CAMELS_SIMBA_1000U/LH_180_hlist_1.00000.list,true,5447,5447,train,train,test,NONE
LH_181,181,/home/ml/thesis-camels/data/raw/CAMELS_SIMBA_1000U,row_universe_id=LH_181;universe_index=181;omega_m=0.3878,0.20000,/home/ml/thesis-camels/data/raw/CAMELS_SIMBA_1000U/LH_181_hlist_0.20000.list,true,7016,7016,0.25000,/home/ml/thesis-camels/data/raw/CAMELS_SIMBA_1000U/LH_181_hlist_0.25000.list,true,8074,8074,0.51209,/home/ml/thesis-camels/data/raw/CAMELS_SIMBA_1000U/LH_181_hlist_0.51209.list,true,7875,7875,0.75065,/home/ml/thesis-camels/data/raw/CAMELS_SIMBA_1000U/LH_181_hlist_0.75065.list,true,6855,6855,1.00000,/home/ml/thesis-camels/data/raw/CAMELS_SIMBA_1000U/LH_181_hlist_1.00000.list,true,6684,6684,train,test,validation,NONE
LH_182,182,/home/ml/thesis-camels/data/raw/CAMELS_SIMBA_1000U,row_universe_id=LH_182;universe_index=182;omega_m=0.3938,0.20000,/home/ml/thesis-camels/data/raw/CAMELS_SIMBA_1000U/LH_182_hlist_0.20000.list,true,4171,4171,0.25000,/home/ml/thesis-camels/data/raw/CAMELS_SIMBA_1000U/LH_182_hlist_0.25000.list,true,5822,5822,0.51209,/home/ml/thesis-camels/data/raw/CAMELS_SIMBA_1000U/LH_182_hlist_0.51209.list,true,8592,8592,0.75065,/home/ml/thesis-camels/data/raw/CAMELS_SIMBA_1000U/LH_182_hlist_0.75065.list,true,8065,8065,1.00000,/home/ml/thesis-camels/data/raw/CAMELS_SIMBA_1000U/LH_182_hlist_1.00000.list,true,8010,8010,test,train,train,NONE
LH_183,183,/home/ml/thesis-camels/data/raw/CAMELS_SIMBA_1000U,row_universe_id=LH_183;universe_index=183;omega_m=0.4814,0.20000,/home/ml/thesis-camels/data/raw/CAMELS_SIMBA_1000U/LH_183_hlist_0.20000.list,true,8876,8876,0.25000,/home/ml/thesis-camels/data/raw/CAMELS_SIMBA_1000U/LH_183_hlist_0.25000.list,true,9186,9186,0.51209,/home/ml/thesis-camels/data/raw/CAMELS_SIMBA_1000U/LH_183_hlist_0.51209.list,true,7016,7016,0.75065,/home/ml/thesis-camels/data/raw/CAMELS_SIMBA_1000U/LH_183_hlist_0.75065.list,true,5648,5648,1.00000,/home/ml/thesis-camels/data/raw/CAMELS_SIMBA_1000U/LH_183_hlist_1.00000.list,true,5361,5361,train,train,train,NONE
LH_184,184,/home/ml/thesis-camels/data/raw/CAMELS_SIMBA_1000U,row_universe_id=LH_184;universe_index=184;omega_m=0.1078,0.20000,/home/ml/thesis-camels/data/raw/CAMELS_SIMBA_1000U/LH_184_hlist_0.20000.list,true,417,417,0.25000,/home/ml/thesis-camels/data/raw/CAMELS_SIMBA_1000U/LH_184_hlist_0.25000.list,true,1110,1110,0.51209,/home/ml/thesis-camels/data/raw/CAMELS_SIMBA_1000U/LH_184_hlist_0.51209.list,true,3469,3469,0.75065,/home/ml/thesis-camels/data/raw/CAMELS_SIMBA_1000U/LH_184_hlist_0.75065.list,true,3975,3975,1.00000,/home/ml/thesis-camels/data/raw/CAMELS_SIMBA_1000U/LH_184_hlist_1.00000.list,true,4650,4650,train,train,train,NONE
LH_185,185,/home/ml/thesis-camels/data/raw/CAMELS_SIMBA_1000U,row_universe_id=LH_185;universe_index=185;omega_m=0.4418,0.20000,/home/ml/thesis-camels/data/raw/CAMELS_SIMBA_1000U/LH_185_hlist_0.20000.list,true,6383,6383,0.25000,/home/ml/thesis-camels/data/raw/CAMELS_SIMBA_1000U/LH_185_hlist_0.25000.list,true,7675,7675,0.51209,/home/ml/thesis-camels/data/raw/CAMELS_SIMBA_1000U/LH_185_hlist_0.51209.list,true,8270,8270,0.75065,/home/ml/thesis-camels/data/raw/CAMELS_SIMBA_1000U/LH_185_hlist_0.75065.list,true,7059,7059,1.00000,/home/ml/thesis-camels/data/raw/CAMELS_SIMBA_1000U/LH_185_hlist_1.00000.list,true,6721,6721,train,test,train,NONE
LH_186,186,/home/ml/thesis-camels/data/raw/CAMELS_SIMBA_1000U,row_universe_id=LH_186;universe_index=186;omega_m=0.2414,0.20000,/home/ml/thesis-camels/data/raw/CAMELS_SIMBA_1000U/LH_186_hlist_0.20000.list,true,1785,1785,0.25000,/home/ml/thesis-camels/data/raw/CAMELS_SIMBA_1000U/LH_186_hlist_0.25000.list,true,3192,3192,0.51209,/home/ml/thesis-camels/data/raw/CAMELS_SIMBA_1000U/LH_186_hlist_0.51209.list,true,7015,7015,0.75065,/home/ml/thesis-camels/data/raw/CAMELS_SIMBA_1000U/LH_186_hlist_0.75065.list,true,7152,7152,1.00000,/home/ml/thesis-camels/data/raw/CAMELS_SIMBA_1000U/LH_186_hlist_1.00000.list,true,7623,7623,train,train,train,NONE
LH_187,187,/home/ml/thesis-camels/data/raw/CAMELS_SIMBA_1000U,row_universe_id=LH_187;universe_index=187;omega_m=0.3162,0.20000,/home/ml/thesis-camels/data/raw/CAMELS_SIMBA_1000U/LH_187_hlist_0.20000.list,true,7498,7498,0.25000,/home/ml/thesis-camels/data/raw/CAMELS_SIMBA_1000U/LH_187_hlist_0.25000.list,true,8126,8126,0.51209,/home/ml/thesis-camels/data/raw/CAMELS_SIMBA_1000U/LH_187_hlist_0.51209.list,true,6999,6999,0.75065,/home/ml/thesis-camels/data/raw/CAMELS_SIMBA_1000U/LH_187_hlist_0.75065.list,true,5866,5866,1.00000,/home/ml/thesis-camels/data/raw/CAMELS_SIMBA_1000U/LH_187_hlist_1.00000.list,true,5686,5686,train,train,test,NONE
LH_188,188,/home/ml/thesis-camels/data/raw/CAMELS_SIMBA_1000U,row_universe_id=LH_188;universe_index=188;omega_m=0.2862,0.20000,/home/ml/thesis-camels/data/raw/CAMELS_SIMBA_1000U/LH_188_hlist_0.20000.list,true,2494,2494,0.25000,/home/ml/thesis-camels/data/raw/CAMELS_SIMBA_1000U/LH_188_hlist_0.25000.list,true,4303,4303,0.51209,/home/ml/thesis-camels/data/raw/CAMELS_SIMBA_1000U/LH_188_hlist_0.51209.list,true,7687,7687,0.75065,/home/ml/thesis-camels/data/raw/CAMELS_SIMBA_1000U/LH_188_hlist_0.75065.list,true,7450,7450,1.00000,/home/ml/thesis-camels/data/raw/CAMELS_SIMBA_1000U/LH_188_hlist_1.00000.list,true,7733,7733,train,validation,test,NONE
LH_189,189,/home/ml/thesis-camels/data/raw/CAMELS_SIMBA_1000U,row_universe_id=LH_189;universe_index=189;omega_m=0.3074,0.20000,/home/ml/thesis-camels/data/raw/CAMELS_SIMBA_1000U/LH_189_hlist_0.20000.list,true,3698,3698,0.25000,/home/ml/thesis-camels/data/raw/CAMELS_SIMBA_1000U/LH_189_hlist_0.25000.list,true,5437,5437,0.51209,/home/ml/thesis-camels/data/raw/CAMELS_SIMBA_1000U/LH_189_hlist_0.51209.list,true,7610,7610,0.75065,/home/ml/thesis-camels/data/raw/CAMELS_SIMBA_1000U/LH_189_hlist_0.75065.list,true,7029,7029,1.00000,/home/ml/thesis-camels/data/raw/CAMELS_SIMBA_1000U/LH_189_hlist_1.00000.list,true,7189,7189,train,train,train,NONE
LH_190,190,/home/ml/thesis-camels/data/raw/CAMELS_SIMBA_1000U,row_universe_id=LH_190;universe_index=190;omega_m=0.3106,0.20000,/home/ml/thesis-camels/data/raw/CAMELS_SIMBA_1000U/LH_190_hlist_0.20000.list,true,6472,6472,0.25000,/home/ml/thesis-camels/data/raw/CAMELS_SIMBA_1000U/LH_190_hlist_0.25000.list,true,7129,7129,0.51209,/home/ml/thesis-camels/data/raw/CAMELS_SIMBA_1000U/LH_190_hlist_0.51209.list,true,6802,6802,0.75065,/home/ml/thesis-camels/data/raw/CAMELS_SIMBA_1000U/LH_190_hlist_0.75065.list,true,5961,5961,1.00000,/home/ml/thesis-camels/data/raw/CAMELS_SIMBA_1000U/LH_190_hlist_1.00000.list,true,5946,5946,train,train,validation,NONE
LH_191,191,/home/ml/thesis-camels/data/raw/CAMELS_SIMBA_1000U,row_universe_id=LH_191;universe_index=191;omega_m=0.1386,0.20000,/home/ml/thesis-camels/data/raw/CAMELS_SIMBA_1000U/LH_191_hlist_0.20000.list,true,1512,1512,0.25000,/home/ml/thesis-camels/data/raw/CAMELS_SIMBA_1000U/LH_191_hlist_0.25000.list,true,2898,2898,0.51209,/home/ml/thesis-camels/data/raw/CAMELS_SIMBA_1000U/LH_191_hlist_0.51209.list,true,5112,5112,0.75065,/home/ml/thesis-camels/data/raw/CAMELS_SIMBA_1000U/LH_191_hlist_0.75065.list,true,5329,5329,1.00000,/home/ml/thesis-camels/data/raw/CAMELS_SIMBA_1000U/LH_191_hlist_1.00000.list,true,5743,5743,train,train,train,NONE
LH_192,192,/home/ml/thesis-camels/data/raw/CAMELS_SIMBA_1000U,row_universe_id=LH_192;universe_index=192;omega_m=0.2474,0.20000,/home/ml/thesis-camels/data/raw/CAMELS_SIMBA_1000U/LH_192_hlist_0.20000.list,true,5790,5790,0.25000,/home/ml/thesis-camels/data/raw/CAMELS_SIMBA_1000U/LH_192_hlist_0.25000.list,true,6936,6936,0.51209,/home/ml/thesis-camels/data/raw/CAMELS_SIMBA_1000U/LH_192_hlist_0.51209.list,true,6881,6881,0.75065,/home/ml/thesis-camels/data/raw/CAMELS_SIMBA_1000U/LH_192_hlist_0.75065.list,true,6163,6163,1.00000,/home/ml/thesis-camels/data/raw/CAMELS_SIMBA_1000U/LH_192_hlist_1.00000.list,true,6235,6235,train,validation,validation,NONE
LH_193,193,/home/ml/thesis-camels/data/raw/CAMELS_SIMBA_1000U,row_universe_id=LH_193;universe_index=193;omega_m=0.3842,0.20000,/home/ml/thesis-camels/data/raw/CAMELS_SIMBA_1000U/LH_193_hlist_0.20000.list,true,6800,6800,0.25000,/home/ml/thesis-camels/data/raw/CAMELS_SIMBA_1000U/LH_193_hlist_0.25000.list,true,7793,7793,0.51209,/home/ml/thesis-camels/data/raw/CAMELS_SIMBA_1000U/LH_193_hlist_0.51209.list,true,8086,8086,0.75065,/home/ml/thesis-camels/data/raw/CAMELS_SIMBA_1000U/LH_193_hlist_0.75065.list,true,7237,7237,1.00000,/home/ml/thesis-camels/data/raw/CAMELS_SIMBA_1000U/LH_193_hlist_1.00000.list,true,7201,7201,train,test,test,NONE
LH_194,194,/home/ml/thesis-camels/data/raw/CAMELS_SIMBA_1000U,row_universe_id=LH_194;universe_index=194;omega_m=0.415,0.20000,/home/ml/thesis-camels/data/raw/CAMELS_SIMBA_1000U/LH_194_hlist_0.20000.list,true,7342,7342,0.25000,/home/ml/thesis-camels/data/raw/CAMELS_SIMBA_1000U/LH_194_hlist_0.25000.list,true,8108,8108,0.51209,/home/ml/thesis-camels/data/raw/CAMELS_SIMBA_1000U/LH_194_hlist_0.51209.list,true,7520,7520,0.75065,/home/ml/thesis-camels/data/raw/CAMELS_SIMBA_1000U/LH_194_hlist_0.75065.list,true,6394,6394,1.00000,/home/ml/thesis-camels/data/raw/CAMELS_SIMBA_1000U/LH_194_hlist_1.00000.list,true,6031,6031,validation,validation,train,NONE
LH_195,195,/home/ml/thesis-camels/data/raw/CAMELS_SIMBA_1000U,row_universe_id=LH_195;universe_index=195;omega_m=0.4698,0.20000,/home/ml/thesis-camels/data/raw/CAMELS_SIMBA_1000U/LH_195_hlist_0.20000.list,true,5085,5085,0.25000,/home/ml/thesis-camels/data/raw/CAMELS_SIMBA_1000U/LH_195_hlist_0.25000.list,true,6705,6705,0.51209,/home/ml/thesis-camels/data/raw/CAMELS_SIMBA_1000U/LH_195_hlist_0.51209.list,true,8977,8977,0.75065,/home/ml/thesis-camels/data/raw/CAMELS_SIMBA_1000U/LH_195_hlist_0.75065.list,true,8134,8134,1.00000,/home/ml/thesis-camels/data/raw/CAMELS_SIMBA_1000U/LH_195_hlist_1.00000.list,true,7794,7794,train,validation,train,NONE
LH_196,196,/home/ml/thesis-camels/data/raw/CAMELS_SIMBA_1000U,row_universe_id=LH_196;universe_index=196;omega_m=0.4878,0.20000,/home/ml/thesis-camels/data/raw/CAMELS_SIMBA_1000U/LH_196_hlist_0.20000.list,true,6846,6846,0.25000,/home/ml/thesis-camels/data/raw/CAMELS_SIMBA_1000U/LH_196_hlist_0.25000.list,true,8142,8142,0.51209,/home/ml/thesis-camels/data/raw/CAMELS_SIMBA_1000U/LH_196_hlist_0.51209.list,true,8336,8336,0.75065,/home/ml/thesis-camels/data/raw/CAMELS_SIMBA_1000U/LH_196_hlist_0.75065.list,true,7042,7042,1.00000,/home/ml/thesis-camels/data/raw/CAMELS_SIMBA_1000U/LH_196_hlist_1.00000.list,true,6602,6602,test,train,train,NONE
LH_197,197,/home/ml/thesis-camels/data/raw/CAMELS_SIMBA_1000U,row_universe_id=LH_197;universe_index=197;omega_m=0.2358,0.20000,/home/ml/thesis-camels/data/raw/CAMELS_SIMBA_1000U/LH_197_hlist_0.20000.list,true,5371,5371,0.25000,/home/ml/thesis-camels/data/raw/CAMELS_SIMBA_1000U/LH_197_hlist_0.25000.list,true,6387,6387,0.51209,/home/ml/thesis-camels/data/raw/CAMELS_SIMBA_1000U/LH_197_hlist_0.51209.list,true,6510,6510,0.75065,/home/ml/thesis-camels/data/raw/CAMELS_SIMBA_1000U/LH_197_hlist_0.75065.list,true,6177,6177,1.00000,/home/ml/thesis-camels/data/raw/CAMELS_SIMBA_1000U/LH_197_hlist_1.00000.list,true,6310,6310,train,test,test,NONE
LH_198,198,/home/ml/thesis-camels/data/raw/CAMELS_SIMBA_1000U,row_universe_id=LH_198;universe_index=198;omega_m=0.219,0.20000,/home/ml/thesis-camels/data/raw/CAMELS_SIMBA_1000U/LH_198_hlist_0.20000.list,true,3477,3477,0.25000,/home/ml/thesis-camels/data/raw/CAMELS_SIMBA_1000U/LH_198_hlist_0.25000.list,true,4978,4978,0.51209,/home/ml/thesis-camels/data/raw/CAMELS_SIMBA_1000U/LH_198_hlist_0.51209.list,true,6731,6731,0.75065,/home/ml/thesis-camels/data/raw/CAMELS_SIMBA_1000U/LH_198_hlist_0.75065.list,true,6495,6495,1.00000,/home/ml/thesis-camels/data/raw/CAMELS_SIMBA_1000U/LH_198_hlist_1.00000.list,true,6710,6710,train,validation,test,NONE
LH_199,199,/home/ml/thesis-camels/data/raw/CAMELS_SIMBA_1000U,row_universe_id=LH_199;universe_index=199;omega_m=0.4334,0.20000,/home/ml/thesis-camels/data/raw/CAMELS_SIMBA_1000U/LH_199_hlist_0.20000.list,true,7960,7960,0.25000,/home/ml/thesis-camels/data/raw/CAMELS_SIMBA_1000U/LH_199_hlist_0.25000.list,true,8733,8733,0.51209,/home/ml/thesis-camels/data/raw/CAMELS_SIMBA_1000U/LH_199_hlist_0.51209.list,true,7765,7765,0.75065,/home/ml/thesis-camels/data/raw/CAMELS_SIMBA_1000U/LH_199_hlist_0.75065.list,true,6696,6696,1.00000,/home/ml/thesis-camels/data/raw/CAMELS_SIMBA_1000U/LH_199_hlist_1.00000.list,true,6395,6395,validation,train,train,NONE
LH_200,200,/home/ml/thesis-camels/data/raw/CAMELS_SIMBA_1000U,row_universe_id=LH_200;universe_index=200;omega_m=0.145,0.20000,/home/ml/thesis-camels/data/raw/CAMELS_SIMBA_1000U/LH_200_hlist_0.20000.list,true,2899,2899,0.25000,/home/ml/thesis-camels/data/raw/CAMELS_SIMBA_1000U/LH_200_hlist_0.25000.list,true,4156,4156,0.51209,/home/ml/thesis-camels/data/raw/CAMELS_SIMBA_1000U/LH_200_hlist_0.51209.list,true,5106,5106,0.75065,/home/ml/thesis-camels/data/raw/CAMELS_SIMBA_1000U/LH_200_hlist_0.75065.list,true,5153,5153,1.00000,/home/ml/thesis-camels/data/raw/CAMELS_SIMBA_1000U/LH_200_hlist_1.00000.list,true,5607,5607,train,train,test,NONE
LH_201,201,/home/ml/thesis-camels/data/raw/CAMELS_SIMBA_1000U,row_universe_id=LH_201;universe_index=201;omega_m=0.4966,0.20000,/home/ml/thesis-camels/data/raw/CAMELS_SIMBA_1000U/LH_201_hlist_0.20000.list,true,7244,7244,0.25000,/home/ml/thesis-camels/data/raw/CAMELS_SIMBA_1000U/LH_201_hlist_0.25000.list,true,8367,8367,0.51209,/home/ml/thesis-camels/data/raw/CAMELS_SIMBA_1000U/LH_201_hlist_0.51209.list,true,8461,8461,0.75065,/home/ml/thesis-camels/data/raw/CAMELS_SIMBA_1000U/LH_201_hlist_0.75065.list,true,7282,7282,1.00000,/home/ml/thesis-camels/data/raw/CAMELS_SIMBA_1000U/LH_201_hlist_1.00000.list,true,6859,6859,train,validation,train,NONE
LH_202,202,/home/ml/thesis-camels/data/raw/CAMELS_SIMBA_1000U,row_universe_id=LH_202;universe_index=202;omega_m=0.4726,0.20000,/home/ml/thesis-camels/data/raw/CAMELS_SIMBA_1000U/LH_202_hlist_0.20000.list,true,8835,8835,0.25000,/home/ml/thesis-camels/data/raw/CAMELS_SIMBA_1000U/LH_202_hlist_0.25000.list,true,9223,9223,0.51209,/home/ml/thesis-camels/data/raw/CAMELS_SIMBA_1000U/LH_202_hlist_0.51209.list,true,7510,7510,0.75065,/home/ml/thesis-camels/data/raw/CAMELS_SIMBA_1000U/LH_202_hlist_0.75065.list,true,6406,6406,1.00000,/home/ml/thesis-camels/data/raw/CAMELS_SIMBA_1000U/LH_202_hlist_1.00000.list,true,5976,5976,train,train,test,NONE
LH_203,203,/home/ml/thesis-camels/data/raw/CAMELS_SIMBA_1000U,row_universe_id=LH_203;universe_index=203;omega_m=0.4918,0.20000,/home/ml/thesis-camels/data/raw/CAMELS_SIMBA_1000U/LH_203_hlist_0.20000.list,true,7206,7206,0.25000,/home/ml/thesis-camels/data/raw/CAMELS_SIMBA_1000U/LH_203_hlist_0.25000.list,true,8333,8333,0.51209,/home/ml/thesis-camels/data/raw/CAMELS_SIMBA_1000U/LH_203_hlist_0.51209.list,true,8040,8040,0.75065,/home/ml/thesis-camels/data/raw/CAMELS_SIMBA_1000U/LH_203_hlist_0.75065.list,true,6665,6665,1.00000,/home/ml/thesis-camels/data/raw/CAMELS_SIMBA_1000U/LH_203_hlist_1.00000.list,true,6226,6226,test,train,train,NONE
LH_204,204,/home/ml/thesis-camels/data/raw/CAMELS_SIMBA_1000U,row_universe_id=LH_204;universe_index=204;omega_m=0.185,0.20000,/home/ml/thesis-camels/data/raw/CAMELS_SIMBA_1000U/LH_204_hlist_0.20000.list,true,4084,4084,0.25000,/home/ml/thesis-camels/data/raw/CAMELS_SIMBA_1000U/LH_204_hlist_0.25000.list,true,5360,5360,0.51209,/home/ml/thesis-camels/data/raw/CAMELS_SIMBA_1000U/LH_204_hlist_0.51209.list,true,6365,6365,0.75065,/home/ml/thesis-camels/data/raw/CAMELS_SIMBA_1000U/LH_204_hlist_0.75065.list,true,6002,6002,1.00000,/home/ml/thesis-camels/data/raw/CAMELS_SIMBA_1000U/LH_204_hlist_1.00000.list,true,6154,6154,train,validation,train,NONE
LH_205,205,/home/ml/thesis-camels/data/raw/CAMELS_SIMBA_1000U,row_universe_id=LH_205;universe_index=205;omega_m=0.3054,0.20000,/home/ml/thesis-camels/data/raw/CAMELS_SIMBA_1000U/LH_205_hlist_0.20000.list,true,6537,6537,0.25000,/home/ml/thesis-camels/data/raw/CAMELS_SIMBA_1000U/LH_205_hlist_0.25000.list,true,7312,7312,0.51209,/home/ml/thesis-camels/data/raw/CAMELS_SIMBA_1000U/LH_205_hlist_0.51209.list,true,6909,6909,0.75065,/home/ml/thesis-camels/data/raw/CAMELS_SIMBA_1000U/LH_205_hlist_0.75065.list,true,5886,5886,1.00000,/home/ml/thesis-camels/data/raw/CAMELS_SIMBA_1000U/LH_205_hlist_1.00000.list,true,5995,5995,test,train,train,NONE
LH_206,206,/home/ml/thesis-camels/data/raw/CAMELS_SIMBA_1000U,row_universe_id=LH_206;universe_index=206;omega_m=0.3154,0.20000,/home/ml/thesis-camels/data/raw/CAMELS_SIMBA_1000U/LH_206_hlist_0.20000.list,true,4928,4928,0.25000,/home/ml/thesis-camels/data/raw/CAMELS_SIMBA_1000U/LH_206_hlist_0.25000.list,true,6357,6357,0.51209,/home/ml/thesis-camels/data/raw/CAMELS_SIMBA_1000U/LH_206_hlist_0.51209.list,true,7972,7972,0.75065,/home/ml/thesis-camels/data/raw/CAMELS_SIMBA_1000U/LH_206_hlist_0.75065.list,true,7259,7259,1.00000,/home/ml/thesis-camels/data/raw/CAMELS_SIMBA_1000U/LH_206_hlist_1.00000.list,true,7109,7109,train,train,train,NONE
LH_207,207,/home/ml/thesis-camels/data/raw/CAMELS_SIMBA_1000U,row_universe_id=LH_207;universe_index=207;omega_m=0.357,0.20000,/home/ml/thesis-camels/data/raw/CAMELS_SIMBA_1000U/LH_207_hlist_0.20000.list,true,3725,3725,0.25000,/home/ml/thesis-camels/data/raw/CAMELS_SIMBA_1000U/LH_207_hlist_0.25000.list,true,5493,5493,0.51209,/home/ml/thesis-camels/data/raw/CAMELS_SIMBA_1000U/LH_207_hlist_0.51209.list,true,8316,8316,0.75065,/home/ml/thesis-camels/data/raw/CAMELS_SIMBA_1000U/LH_207_hlist_0.75065.list,true,7821,7821,1.00000,/home/ml/thesis-camels/data/raw/CAMELS_SIMBA_1000U/LH_207_hlist_1.00000.list,true,7869,7869,train,train,train,NONE
LH_208,208,/home/ml/thesis-camels/data/raw/CAMELS_SIMBA_1000U,row_universe_id=LH_208;universe_index=208;omega_m=0.2938,0.20000,/home/ml/thesis-camels/data/raw/CAMELS_SIMBA_1000U/LH_208_hlist_0.20000.list,true,5637,5637,0.25000,/home/ml/thesis-camels/data/raw/CAMELS_SIMBA_1000U/LH_208_hlist_0.25000.list,true,6776,6776,0.51209,/home/ml/thesis-camels/data/raw/CAMELS_SIMBA_1000U/LH_208_hlist_0.51209.list,true,7350,7350,0.75065,/home/ml/thesis-camels/data/raw/CAMELS_SIMBA_1000U/LH_208_hlist_0.75065.list,true,6630,6630,1.00000,/home/ml/thesis-camels/data/raw/CAMELS_SIMBA_1000U/LH_208_hlist_1.00000.list,true,6510,6510,validation,test,train,NONE
LH_209,209,/home/ml/thesis-camels/data/raw/CAMELS_SIMBA_1000U,row_universe_id=LH_209;universe_index=209;omega_m=0.3526,0.20000,/home/ml/thesis-camels/data/raw/CAMELS_SIMBA_1000U/LH_209_hlist_0.20000.list,true,7188,7188,0.25000,/home/ml/thesis-camels/data/raw/CAMELS_SIMBA_1000U/LH_209_hlist_0.25000.list,true,7942,7942,0.51209,/home/ml/thesis-camels/data/raw/CAMELS_SIMBA_1000U/LH_209_hlist_0.51209.list,true,7402,7402,0.75065,/home/ml/thesis-camels/data/raw/CAMELS_SIMBA_1000U/LH_209_hlist_0.75065.list,true,6411,6411,1.00000,/home/ml/thesis-camels/data/raw/CAMELS_SIMBA_1000U/LH_209_hlist_1.00000.list,true,6338,6338,train,train,test,NONE
LH_210,210,/home/ml/thesis-camels/data/raw/CAMELS_SIMBA_1000U,row_universe_id=LH_210;universe_index=210;omega_m=0.4318,0.20000,/home/ml/thesis-camels/data/raw/CAMELS_SIMBA_1000U/LH_210_hlist_0.20000.list,true,4889,4889,0.25000,/home/ml/thesis-camels/data/raw/CAMELS_SIMBA_1000U/LH_210_hlist_0.25000.list,true,6529,6529,0.51209,/home/ml/thesis-camels/data/raw/CAMELS_SIMBA_1000U/LH_210_hlist_0.51209.list,true,8480,8480,0.75065,/home/ml/thesis-camels/data/raw/CAMELS_SIMBA_1000U/LH_210_hlist_0.75065.list,true,7640,7640,1.00000,/home/ml/thesis-camels/data/raw/CAMELS_SIMBA_1000U/LH_210_hlist_1.00000.list,true,7338,7338,train,train,test,NONE
LH_211,211,/home/ml/thesis-camels/data/raw/CAMELS_SIMBA_1000U,row_universe_id=LH_211;universe_index=211;omega_m=0.4154,0.20000,/home/ml/thesis-camels/data/raw/CAMELS_SIMBA_1000U/LH_211_hlist_0.20000.list,true,5781,5781,0.25000,/home/ml/thesis-camels/data/raw/CAMELS_SIMBA_1000U/LH_211_hlist_0.25000.list,true,7055,7055,0.51209,/home/ml/thesis-camels/data/raw/CAMELS_SIMBA_1000U/LH_211_hlist_0.51209.list,true,8480,8480,0.75065,/home/ml/thesis-camels/data/raw/CAMELS_SIMBA_1000U/LH_211_hlist_0.75065.list,true,7479,7479,1.00000,/home/ml/thesis-camels/data/raw/CAMELS_SIMBA_1000U/LH_211_hlist_1.00000.list,true,7095,7095,train,test,test,NONE
LH_212,212,/home/ml/thesis-camels/data/raw/CAMELS_SIMBA_1000U,row_universe_id=LH_212;universe_index=212;omega_m=0.2666,0.20000,/home/ml/thesis-camels/data/raw/CAMELS_SIMBA_1000U/LH_212_hlist_0.20000.list,true,5103,5103,0.25000,/home/ml/thesis-camels/data/raw/CAMELS_SIMBA_1000U/LH_212_hlist_0.25000.list,true,6482,6482,0.51209,/home/ml/thesis-camels/data/raw/CAMELS_SIMBA_1000U/LH_212_hlist_0.51209.list,true,6883,6883,0.75065,/home/ml/thesis-camels/data/raw/CAMELS_SIMBA_1000U/LH_212_hlist_0.75065.list,true,6266,6266,1.00000,/home/ml/thesis-camels/data/raw/CAMELS_SIMBA_1000U/LH_212_hlist_1.00000.list,true,6241,6241,train,validation,validation,NONE
LH_213,213,/home/ml/thesis-camels/data/raw/CAMELS_SIMBA_1000U,row_universe_id=LH_213;universe_index=213;omega_m=0.4502,0.20000,/home/ml/thesis-camels/data/raw/CAMELS_SIMBA_1000U/LH_213_hlist_0.20000.list,true,7280,7280,0.25000,/home/ml/thesis-camels/data/raw/CAMELS_SIMBA_1000U/LH_213_hlist_0.25000.list,true,8294,8294,0.51209,/home/ml/thesis-camels/data/raw/CAMELS_SIMBA_1000U/LH_213_hlist_0.51209.list,true,7882,7882,0.75065,/home/ml/thesis-camels/data/raw/CAMELS_SIMBA_1000U/LH_213_hlist_0.75065.list,true,6796,6796,1.00000,/home/ml/thesis-camels/data/raw/CAMELS_SIMBA_1000U/LH_213_hlist_1.00000.list,true,6417,6417,train,train,test,NONE
LH_214,214,/home/ml/thesis-camels/data/raw/CAMELS_SIMBA_1000U,row_universe_id=LH_214;universe_index=214;omega_m=0.4474,0.20000,/home/ml/thesis-camels/data/raw/CAMELS_SIMBA_1000U/LH_214_hlist_0.20000.list,true,8827,8827,0.25000,/home/ml/thesis-camels/data/raw/CAMELS_SIMBA_1000U/LH_214_hlist_0.25000.list,true,9171,9171,0.51209,/home/ml/thesis-camels/data/raw/CAMELS_SIMBA_1000U/LH_214_hlist_0.51209.list,true,7710,7710,0.75065,/home/ml/thesis-camels/data/raw/CAMELS_SIMBA_1000U/LH_214_hlist_0.75065.list,true,6102,6102,1.00000,/home/ml/thesis-camels/data/raw/CAMELS_SIMBA_1000U/LH_214_hlist_1.00000.list,true,5928,5928,test,train,validation,NONE
LH_215,215,/home/ml/thesis-camels/data/raw/CAMELS_SIMBA_1000U,row_universe_id=LH_215;universe_index=215;omega_m=0.407,0.20000,/home/ml/thesis-camels/data/raw/CAMELS_SIMBA_1000U/LH_215_hlist_0.20000.list,true,8239,8239,0.25000,/home/ml/thesis-camels/data/raw/CAMELS_SIMBA_1000U/LH_215_hlist_0.25000.list,true,8961,8961,0.51209,/home/ml/thesis-camels/data/raw/CAMELS_SIMBA_1000U/LH_215_hlist_0.51209.list,true,7286,7286,0.75065,/home/ml/thesis-camels/data/raw/CAMELS_SIMBA_1000U/LH_215_hlist_0.75065.list,true,5956,5956,1.00000,/home/ml/thesis-camels/data/raw/CAMELS_SIMBA_1000U/LH_215_hlist_1.00000.list,true,5715,5715,train,train,train,NONE
LH_216,216,/home/ml/thesis-camels/data/raw/CAMELS_SIMBA_1000U,row_universe_id=LH_216;universe_index=216;omega_m=0.4794,0.20000,/home/ml/thesis-camels/data/raw/CAMELS_SIMBA_1000U/LH_216_hlist_0.20000.list,true,9144,9144,0.25000,/home/ml/thesis-camels/data/raw/CAMELS_SIMBA_1000U/LH_216_hlist_0.25000.list,true,9380,9380,0.51209,/home/ml/thesis-camels/data/raw/CAMELS_SIMBA_1000U/LH_216_hlist_0.51209.list,true,7847,7847,0.75065,/home/ml/thesis-camels/data/raw/CAMELS_SIMBA_1000U/LH_216_hlist_0.75065.list,true,6276,6276,1.00000,/home/ml/thesis-camels/data/raw/CAMELS_SIMBA_1000U/LH_216_hlist_1.00000.list,true,5861,5861,test,train,test,NONE
LH_217,217,/home/ml/thesis-camels/data/raw/CAMELS_SIMBA_1000U,row_universe_id=LH_217;universe_index=217;omega_m=0.2626,0.20000,/home/ml/thesis-camels/data/raw/CAMELS_SIMBA_1000U/LH_217_hlist_0.20000.list,true,1990,1990,0.25000,/home/ml/thesis-camels/data/raw/CAMELS_SIMBA_1000U/LH_217_hlist_0.25000.list,true,3752,3752,0.51209,/home/ml/thesis-camels/data/raw/CAMELS_SIMBA_1000U/LH_217_hlist_0.51209.list,true,7159,7159,0.75065,/home/ml/thesis-camels/data/raw/CAMELS_SIMBA_1000U/LH_217_hlist_0.75065.list,true,7378,7378,1.00000,/home/ml/thesis-camels/data/raw/CAMELS_SIMBA_1000U/LH_217_hlist_1.00000.list,true,7627,7627,test,train,train,NONE
LH_218,218,/home/ml/thesis-camels/data/raw/CAMELS_SIMBA_1000U,row_universe_id=LH_218;universe_index=218;omega_m=0.483,0.20000,/home/ml/thesis-camels/data/raw/CAMELS_SIMBA_1000U/LH_218_hlist_0.20000.list,true,5358,5358,0.25000,/home/ml/thesis-camels/data/raw/CAMELS_SIMBA_1000U/LH_218_hlist_0.25000.list,true,6797,6797,0.51209,/home/ml/thesis-camels/data/raw/CAMELS_SIMBA_1000U/LH_218_hlist_0.51209.list,true,8506,8506,0.75065,/home/ml/thesis-camels/data/raw/CAMELS_SIMBA_1000U/LH_218_hlist_0.75065.list,true,7733,7733,1.00000,/home/ml/thesis-camels/data/raw/CAMELS_SIMBA_1000U/LH_218_hlist_1.00000.list,true,7424,7424,train,train,test,NONE
LH_219,219,/home/ml/thesis-camels/data/raw/CAMELS_SIMBA_1000U,row_universe_id=LH_219;universe_index=219;omega_m=0.4902,0.20000,/home/ml/thesis-camels/data/raw/CAMELS_SIMBA_1000U/LH_219_hlist_0.20000.list,true,8825,8825,0.25000,/home/ml/thesis-camels/data/raw/CAMELS_SIMBA_1000U/LH_219_hlist_0.25000.list,true,9050,9050,0.51209,/home/ml/thesis-camels/data/raw/CAMELS_SIMBA_1000U/LH_219_hlist_0.51209.list,true,7306,7306,0.75065,/home/ml/thesis-camels/data/raw/CAMELS_SIMBA_1000U/LH_219_hlist_0.75065.list,true,5910,5910,1.00000,/home/ml/thesis-camels/data/raw/CAMELS_SIMBA_1000U/LH_219_hlist_1.00000.list,true,5606,5606,validation,train,train,NONE
LH_220,220,/home/ml/thesis-camels/data/raw/CAMELS_SIMBA_1000U,row_universe_id=LH_220;universe_index=220;omega_m=0.3534,0.20000,/home/ml/thesis-camels/data/raw/CAMELS_SIMBA_1000U/LH_220_hlist_0.20000.list,true,6324,6324,0.25000,/home/ml/thesis-camels/data/raw/CAMELS_SIMBA_1000U/LH_220_hlist_0.25000.list,true,7308,7308,0.51209,/home/ml/thesis-camels/data/raw/CAMELS_SIMBA_1000U/LH_220_hlist_0.51209.list,true,7612,7612,0.75065,/home/ml/thesis-camels/data/raw/CAMELS_SIMBA_1000U/LH_220_hlist_0.75065.list,true,6851,6851,1.00000,/home/ml/thesis-camels/data/raw/CAMELS_SIMBA_1000U/LH_220_hlist_1.00000.list,true,6757,6757,test,train,train,NONE
LH_221,221,/home/ml/thesis-camels/data/raw/CAMELS_SIMBA_1000U,row_universe_id=LH_221;universe_index=221;omega_m=0.339,0.20000,/home/ml/thesis-camels/data/raw/CAMELS_SIMBA_1000U/LH_221_hlist_0.20000.list,true,5965,5965,0.25000,/home/ml/thesis-camels/data/raw/CAMELS_SIMBA_1000U/LH_221_hlist_0.25000.list,true,7072,7072,0.51209,/home/ml/thesis-camels/data/raw/CAMELS_SIMBA_1000U/LH_221_hlist_0.51209.list,true,7475,7475,0.75065,/home/ml/thesis-camels/data/raw/CAMELS_SIMBA_1000U/LH_221_hlist_0.75065.list,true,6373,6373,1.00000,/home/ml/thesis-camels/data/raw/CAMELS_SIMBA_1000U/LH_221_hlist_1.00000.list,true,6341,6341,train,train,train,NONE
LH_222,222,/home/ml/thesis-camels/data/raw/CAMELS_SIMBA_1000U,row_universe_id=LH_222;universe_index=222;omega_m=0.1102,0.20000,/home/ml/thesis-camels/data/raw/CAMELS_SIMBA_1000U/LH_222_hlist_0.20000.list,true,2472,2472,0.25000,/home/ml/thesis-camels/data/raw/CAMELS_SIMBA_1000U/LH_222_hlist_0.25000.list,true,3581,3581,0.51209,/home/ml/thesis-camels/data/raw/CAMELS_SIMBA_1000U/LH_222_hlist_0.51209.list,true,4376,4376,0.75065,/home/ml/thesis-camels/data/raw/CAMELS_SIMBA_1000U/LH_222_hlist_0.75065.list,true,4634,4634,1.00000,/home/ml/thesis-camels/data/raw/CAMELS_SIMBA_1000U/LH_222_hlist_1.00000.list,true,5157,5157,train,train,validation,NONE
LH_223,223,/home/ml/thesis-camels/data/raw/CAMELS_SIMBA_1000U,row_universe_id=LH_223;universe_index=223;omega_m=0.4406,0.20000,/home/ml/thesis-camels/data/raw/CAMELS_SIMBA_1000U/LH_223_hlist_0.20000.list,true,4783,4783,0.25000,/home/ml/thesis-camels/data/raw/CAMELS_SIMBA_1000U/LH_223_hlist_0.25000.list,true,6423,6423,0.51209,/home/ml/thesis-camels/data/raw/CAMELS_SIMBA_1000U/LH_223_hlist_0.51209.list,true,8473,8473,0.75065,/home/ml/thesis-camels/data/raw/CAMELS_SIMBA_1000U/LH_223_hlist_0.75065.list,true,7805,7805,1.00000,/home/ml/thesis-camels/data/raw/CAMELS_SIMBA_1000U/LH_223_hlist_1.00000.list,true,7532,7532,test,train,train,NONE
LH_224,224,/home/ml/thesis-camels/data/raw/CAMELS_SIMBA_1000U,row_universe_id=LH_224;universe_index=224;omega_m=0.4374,0.20000,/home/ml/thesis-camels/data/raw/CAMELS_SIMBA_1000U/LH_224_hlist_0.20000.list,true,8062,8062,0.25000,/home/ml/thesis-camels/data/raw/CAMELS_SIMBA_1000U/LH_224_hlist_0.25000.list,true,8609,8609,0.51209,/home/ml/thesis-camels/data/raw/CAMELS_SIMBA_1000U/LH_224_hlist_0.51209.list,true,7598,7598,0.75065,/home/ml/thesis-camels/data/raw/CAMELS_SIMBA_1000U/LH_224_hlist_0.75065.list,true,6228,6228,1.00000,/home/ml/thesis-camels/data/raw/CAMELS_SIMBA_1000U/LH_224_hlist_1.00000.list,true,5977,5977,test,validation,train,NONE
LH_225,225,/home/ml/thesis-camels/data/raw/CAMELS_SIMBA_1000U,row_universe_id=LH_225;universe_index=225;omega_m=0.249,0.20000,/home/ml/thesis-camels/data/raw/CAMELS_SIMBA_1000U/LH_225_hlist_0.20000.list,true,3054,3054,0.25000,/home/ml/thesis-camels/data/raw/CAMELS_SIMBA_1000U/LH_225_hlist_0.25000.list,true,4535,4535,0.51209,/home/ml/thesis-camels/data/raw/CAMELS_SIMBA_1000U/LH_225_hlist_0.51209.list,true,6669,6669,0.75065,/home/ml/thesis-camels/data/raw/CAMELS_SIMBA_1000U/LH_225_hlist_0.75065.list,true,6437,6437,1.00000,/home/ml/thesis-camels/data/raw/CAMELS_SIMBA_1000U/LH_225_hlist_1.00000.list,true,6587,6587,test,train,train,NONE
LH_226,226,/home/ml/thesis-camels/data/raw/CAMELS_SIMBA_1000U,row_universe_id=LH_226;universe_index=226;omega_m=0.163,0.20000,/home/ml/thesis-camels/data/raw/CAMELS_SIMBA_1000U/LH_226_hlist_0.20000.list,true,3996,3996,0.25000,/home/ml/thesis-camels/data/raw/CAMELS_SIMBA_1000U/LH_226_hlist_0.25000.list,true,5322,5322,0.51209,/home/ml/thesis-camels/data/raw/CAMELS_SIMBA_1000U/LH_226_hlist_0.51209.list,true,5893,5893,0.75065,/home/ml/thesis-camels/data/raw/CAMELS_SIMBA_1000U/LH_226_hlist_0.75065.list,true,5591,5591,1.00000,/home/ml/thesis-camels/data/raw/CAMELS_SIMBA_1000U/LH_226_hlist_1.00000.list,true,5946,5946,validation,train,train,NONE
LH_227,227,/home/ml/thesis-camels/data/raw/CAMELS_SIMBA_1000U,row_universe_id=LH_227;universe_index=227;omega_m=0.333,0.20000,/home/ml/thesis-camels/data/raw/CAMELS_SIMBA_1000U/LH_227_hlist_0.20000.list,true,2641,2641,0.25000,/home/ml/thesis-camels/data/raw/CAMELS_SIMBA_1000U/LH_227_hlist_0.25000.list,true,4495,4495,0.51209,/home/ml/thesis-camels/data/raw/CAMELS_SIMBA_1000U/LH_227_hlist_0.51209.list,true,7686,7686,0.75065,/home/ml/thesis-camels/data/raw/CAMELS_SIMBA_1000U/LH_227_hlist_0.75065.list,true,7269,7269,1.00000,/home/ml/thesis-camels/data/raw/CAMELS_SIMBA_1000U/LH_227_hlist_1.00000.list,true,7350,7350,train,train,train,NONE
LH_228,228,/home/ml/thesis-camels/data/raw/CAMELS_SIMBA_1000U,row_universe_id=LH_228;universe_index=228;omega_m=0.4262,0.20000,/home/ml/thesis-camels/data/raw/CAMELS_SIMBA_1000U/LH_228_hlist_0.20000.list,true,8051,8051,0.25000,/home/ml/thesis-camels/data/raw/CAMELS_SIMBA_1000U/LH_228_hlist_0.25000.list,true,9020,9020,0.51209,/home/ml/thesis-camels/data/raw/CAMELS_SIMBA_1000U/LH_228_hlist_0.51209.list,true,8132,8132,0.75065,/home/ml/thesis-camels/data/raw/CAMELS_SIMBA_1000U/LH_228_hlist_0.75065.list,true,6883,6883,1.00000,/home/ml/thesis-camels/data/raw/CAMELS_SIMBA_1000U/LH_228_hlist_1.00000.list,true,6454,6454,test,validation,train,NONE
LH_229,229,/home/ml/thesis-camels/data/raw/CAMELS_SIMBA_1000U,row_universe_id=LH_229;universe_index=229;omega_m=0.115,0.20000,/home/ml/thesis-camels/data/raw/CAMELS_SIMBA_1000U/LH_229_hlist_0.20000.list,true,1989,1989,0.25000,/home/ml/thesis-camels/data/raw/CAMELS_SIMBA_1000U/LH_229_hlist_0.25000.list,true,3021,3021,0.51209,/home/ml/thesis-camels/data/raw/CAMELS_SIMBA_1000U/LH_229_hlist_0.51209.list,true,4262,4262,0.75065,/home/ml/thesis-camels/data/raw/CAMELS_SIMBA_1000U/LH_229_hlist_0.75065.list,true,4543,4543,1.00000,/home/ml/thesis-camels/data/raw/CAMELS_SIMBA_1000U/LH_229_hlist_1.00000.list,true,4997,4997,train,validation,train,NONE
LH_230,230,/home/ml/thesis-camels/data/raw/CAMELS_SIMBA_1000U,row_universe_id=LH_230;universe_index=230;omega_m=0.103,0.20000,/home/ml/thesis-camels/data/raw/CAMELS_SIMBA_1000U/LH_230_hlist_0.20000.list,true,1874,1874,0.25000,/home/ml/thesis-camels/data/raw/CAMELS_SIMBA_1000U/LH_230_hlist_0.25000.list,true,2803,2803,0.51209,/home/ml/thesis-camels/data/raw/CAMELS_SIMBA_1000U/LH_230_hlist_0.51209.list,true,3712,3712,0.75065,/home/ml/thesis-camels/data/raw/CAMELS_SIMBA_1000U/LH_230_hlist_0.75065.list,true,4016,4016,1.00000,/home/ml/thesis-camels/data/raw/CAMELS_SIMBA_1000U/LH_230_hlist_1.00000.list,true,4499,4499,test,test,test,NONE
LH_231,231,/home/ml/thesis-camels/data/raw/CAMELS_SIMBA_1000U,row_universe_id=LH_231;universe_index=231;omega_m=0.3866,0.20000,/home/ml/thesis-camels/data/raw/CAMELS_SIMBA_1000U/LH_231_hlist_0.20000.list,true,5561,5561,0.25000,/home/ml/thesis-camels/data/raw/CAMELS_SIMBA_1000U/LH_231_hlist_0.25000.list,true,7164,7164,0.51209,/home/ml/thesis-camels/data/raw/CAMELS_SIMBA_1000U/LH_231_hlist_0.51209.list,true,8160,8160,0.75065,/home/ml/thesis-camels/data/raw/CAMELS_SIMBA_1000U/LH_231_hlist_0.75065.list,true,7318,7318,1.00000,/home/ml/thesis-camels/data/raw/CAMELS_SIMBA_1000U/LH_231_hlist_1.00000.list,true,7200,7200,train,train,train,NONE
LH_232,232,/home/ml/thesis-camels/data/raw/CAMELS_SIMBA_1000U,row_universe_id=LH_232;universe_index=232;omega_m=0.2166,0.20000,/home/ml/thesis-camels/data/raw/CAMELS_SIMBA_1000U/LH_232_hlist_0.20000.list,true,4612,4612,0.25000,/home/ml/thesis-camels/data/raw/CAMELS_SIMBA_1000U/LH_232_hlist_0.25000.list,true,5783,5783,0.51209,/home/ml/thesis-camels/data/raw/CAMELS_SIMBA_1000U/LH_232_hlist_0.51209.list,true,6425,6425,0.75065,/home/ml/thesis-camels/data/raw/CAMELS_SIMBA_1000U/LH_232_hlist_0.75065.list,true,6115,6115,1.00000,/home/ml/thesis-camels/data/raw/CAMELS_SIMBA_1000U/LH_232_hlist_1.00000.list,true,6288,6288,validation,train,test,NONE
LH_233,233,/home/ml/thesis-camels/data/raw/CAMELS_SIMBA_1000U,row_universe_id=LH_233;universe_index=233;omega_m=0.2254,0.20000,/home/ml/thesis-camels/data/raw/CAMELS_SIMBA_1000U/LH_233_hlist_0.20000.list,true,3030,3030,0.25000,/home/ml/thesis-camels/data/raw/CAMELS_SIMBA_1000U/LH_233_hlist_0.25000.list,true,4512,4512,0.51209,/home/ml/thesis-camels/data/raw/CAMELS_SIMBA_1000U/LH_233_hlist_0.51209.list,true,6638,6638,0.75065,/home/ml/thesis-camels/data/raw/CAMELS_SIMBA_1000U/LH_233_hlist_0.75065.list,true,6433,6433,1.00000,/home/ml/thesis-camels/data/raw/CAMELS_SIMBA_1000U/LH_233_hlist_1.00000.list,true,6735,6735,test,validation,test,NONE
LH_234,234,/home/ml/thesis-camels/data/raw/CAMELS_SIMBA_1000U,row_universe_id=LH_234;universe_index=234;omega_m=0.1074,0.20000,/home/ml/thesis-camels/data/raw/CAMELS_SIMBA_1000U/LH_234_hlist_0.20000.list,true,580,580,0.25000,/home/ml/thesis-camels/data/raw/CAMELS_SIMBA_1000U/LH_234_hlist_0.25000.list,true,1476,1476,0.51209,/home/ml/thesis-camels/data/raw/CAMELS_SIMBA_1000U/LH_234_hlist_0.51209.list,true,3742,3742,0.75065,/home/ml/thesis-camels/data/raw/CAMELS_SIMBA_1000U/LH_234_hlist_0.75065.list,true,4283,4283,1.00000,/home/ml/thesis-camels/data/raw/CAMELS_SIMBA_1000U/LH_234_hlist_1.00000.list,true,4942,4942,test,test,test,NONE
LH_235,235,/home/ml/thesis-camels/data/raw/CAMELS_SIMBA_1000U,row_universe_id=LH_235;universe_index=235;omega_m=0.265,0.20000,/home/ml/thesis-camels/data/raw/CAMELS_SIMBA_1000U/LH_235_hlist_0.20000.list,true,4629,4629,0.25000,/home/ml/thesis-camels/data/raw/CAMELS_SIMBA_1000U/LH_235_hlist_0.25000.list,true,5953,5953,0.51209,/home/ml/thesis-camels/data/raw/CAMELS_SIMBA_1000U/LH_235_hlist_0.51209.list,true,6721,6721,0.75065,/home/ml/thesis-camels/data/raw/CAMELS_SIMBA_1000U/LH_235_hlist_0.75065.list,true,6340,6340,1.00000,/home/ml/thesis-camels/data/raw/CAMELS_SIMBA_1000U/LH_235_hlist_1.00000.list,true,6398,6398,validation,train,train,NONE
LH_236,236,/home/ml/thesis-camels/data/raw/CAMELS_SIMBA_1000U,row_universe_id=LH_236;universe_index=236;omega_m=0.2262,0.20000,/home/ml/thesis-camels/data/raw/CAMELS_SIMBA_1000U/LH_236_hlist_0.20000.list,true,2641,2641,0.25000,/home/ml/thesis-camels/data/raw/CAMELS_SIMBA_1000U/LH_236_hlist_0.25000.list,true,4293,4293,0.51209,/home/ml/thesis-camels/data/raw/CAMELS_SIMBA_1000U/LH_236_hlist_0.51209.list,true,7019,7019,0.75065,/home/ml/thesis-camels/data/raw/CAMELS_SIMBA_1000U/LH_236_hlist_0.75065.list,true,6750,6750,1.00000,/home/ml/thesis-camels/data/raw/CAMELS_SIMBA_1000U/LH_236_hlist_1.00000.list,true,7157,7157,validation,validation,train,NONE
LH_237,237,/home/ml/thesis-camels/data/raw/CAMELS_SIMBA_1000U,row_universe_id=LH_237;universe_index=237;omega_m=0.221,0.20000,/home/ml/thesis-camels/data/raw/CAMELS_SIMBA_1000U/LH_237_hlist_0.20000.list,true,4448,4448,0.25000,/home/ml/thesis-camels/data/raw/CAMELS_SIMBA_1000U/LH_237_hlist_0.25000.list,true,5716,5716,0.51209,/home/ml/thesis-camels/data/raw/CAMELS_SIMBA_1000U/LH_237_hlist_0.51209.list,true,6603,6603,0.75065,/home/ml/thesis-camels/data/raw/CAMELS_SIMBA_1000U/LH_237_hlist_0.75065.list,true,6317,6317,1.00000,/home/ml/thesis-camels/data/raw/CAMELS_SIMBA_1000U/LH_237_hlist_1.00000.list,true,6577,6577,train,train,test,NONE
LH_238,238,/home/ml/thesis-camels/data/raw/CAMELS_SIMBA_1000U,row_universe_id=LH_238;universe_index=238;omega_m=0.3318,0.20000,/home/ml/thesis-camels/data/raw/CAMELS_SIMBA_1000U/LH_238_hlist_0.20000.list,true,6926,6926,0.25000,/home/ml/thesis-camels/data/raw/CAMELS_SIMBA_1000U/LH_238_hlist_0.25000.list,true,7693,7693,0.51209,/home/ml/thesis-camels/data/raw/CAMELS_SIMBA_1000U/LH_238_hlist_0.51209.list,true,7394,7394,0.75065,/home/ml/thesis-camels/data/raw/CAMELS_SIMBA_1000U/LH_238_hlist_0.75065.list,true,6431,6431,1.00000,/home/ml/thesis-camels/data/raw/CAMELS_SIMBA_1000U/LH_238_hlist_1.00000.list,true,6325,6325,test,test,train,NONE
LH_239,239,/home/ml/thesis-camels/data/raw/CAMELS_SIMBA_1000U,row_universe_id=LH_239;universe_index=239;omega_m=0.401,0.20000,/home/ml/thesis-camels/data/raw/CAMELS_SIMBA_1000U/LH_239_hlist_0.20000.list,true,5138,5138,0.25000,/home/ml/thesis-camels/data/raw/CAMELS_SIMBA_1000U/LH_239_hlist_0.25000.list,true,6560,6560,0.51209,/home/ml/thesis-camels/data/raw/CAMELS_SIMBA_1000U/LH_239_hlist_0.51209.list,true,8289,8289,0.75065,/home/ml/thesis-camels/data/raw/CAMELS_SIMBA_1000U/LH_239_hlist_0.75065.list,true,7524,7524,1.00000,/home/ml/thesis-camels/data/raw/CAMELS_SIMBA_1000U/LH_239_hlist_1.00000.list,true,7320,7320,train,train,train,NONE
LH_240,240,/home/ml/thesis-camels/data/raw/CAMELS_SIMBA_1000U,row_universe_id=LH_240;universe_index=240;omega_m=0.2438,0.20000,/home/ml/thesis-camels/data/raw/CAMELS_SIMBA_1000U/LH_240_hlist_0.20000.list,true,4716,4716,0.25000,/home/ml/thesis-camels/data/raw/CAMELS_SIMBA_1000U/LH_240_hlist_0.25000.list,true,6013,6013,0.51209,/home/ml/thesis-camels/data/raw/CAMELS_SIMBA_1000U/LH_240_hlist_0.51209.list,true,6856,6856,0.75065,/home/ml/thesis-camels/data/raw/CAMELS_SIMBA_1000U/LH_240_hlist_0.75065.list,true,6317,6317,1.00000,/home/ml/thesis-camels/data/raw/CAMELS_SIMBA_1000U/LH_240_hlist_1.00000.list,true,6561,6561,train,test,validation,NONE
LH_241,241,/home/ml/thesis-camels/data/raw/CAMELS_SIMBA_1000U,row_universe_id=LH_241;universe_index=241;omega_m=0.1234,0.20000,/home/ml/thesis-camels/data/raw/CAMELS_SIMBA_1000U/LH_241_hlist_0.20000.list,true,649,649,0.25000,/home/ml/thesis-camels/data/raw/CAMELS_SIMBA_1000U/LH_241_hlist_0.25000.list,true,1528,1528,0.51209,/home/ml/thesis-camels/data/raw/CAMELS_SIMBA_1000U/LH_241_hlist_0.51209.list,true,4241,4241,0.75065,/home/ml/thesis-camels/data/raw/CAMELS_SIMBA_1000U/LH_241_hlist_0.75065.list,true,4928,4928,1.00000,/home/ml/thesis-camels/data/raw/CAMELS_SIMBA_1000U/LH_241_hlist_1.00000.list,true,5641,5641,train,train,train,NONE
LH_242,242,/home/ml/thesis-camels/data/raw/CAMELS_SIMBA_1000U,row_universe_id=LH_242;universe_index=242;omega_m=0.3474,0.20000,/home/ml/thesis-camels/data/raw/CAMELS_SIMBA_1000U/LH_242_hlist_0.20000.list,true,6985,6985,0.25000,/home/ml/thesis-camels/data/raw/CAMELS_SIMBA_1000U/LH_242_hlist_0.25000.list,true,7850,7850,0.51209,/home/ml/thesis-camels/data/raw/CAMELS_SIMBA_1000U/LH_242_hlist_0.51209.list,true,7337,7337,0.75065,/home/ml/thesis-camels/data/raw/CAMELS_SIMBA_1000U/LH_242_hlist_0.75065.list,true,6119,6119,1.00000,/home/ml/thesis-camels/data/raw/CAMELS_SIMBA_1000U/LH_242_hlist_1.00000.list,true,5961,5961,train,train,train,NONE
LH_243,243,/home/ml/thesis-camels/data/raw/CAMELS_SIMBA_1000U,row_universe_id=LH_243;universe_index=243;omega_m=0.4122,0.20000,/home/ml/thesis-camels/data/raw/CAMELS_SIMBA_1000U/LH_243_hlist_0.20000.list,true,7214,7214,0.25000,/home/ml/thesis-camels/data/raw/CAMELS_SIMBA_1000U/LH_243_hlist_0.25000.list,true,8191,8191,0.51209,/home/ml/thesis-camels/data/raw/CAMELS_SIMBA_1000U/LH_243_hlist_0.51209.list,true,7720,7720,0.75065,/home/ml/thesis-camels/data/raw/CAMELS_SIMBA_1000U/LH_243_hlist_0.75065.list,true,6555,6555,1.00000,/home/ml/thesis-camels/data/raw/CAMELS_SIMBA_1000U/LH_243_hlist_1.00000.list,true,6314,6314,validation,train,validation,NONE
LH_244,244,/home/ml/thesis-camels/data/raw/CAMELS_SIMBA_1000U,row_universe_id=LH_244;universe_index=244;omega_m=0.1898,0.20000,/home/ml/thesis-camels/data/raw/CAMELS_SIMBA_1000U/LH_244_hlist_0.20000.list,true,2223,2223,0.25000,/home/ml/thesis-camels/data/raw/CAMELS_SIMBA_1000U/LH_244_hlist_0.25000.list,true,3649,3649,0.51209,/home/ml/thesis-camels/data/raw/CAMELS_SIMBA_1000U/LH_244_hlist_0.51209.list,true,6725,6725,0.75065,/home/ml/thesis-camels/data/raw/CAMELS_SIMBA_1000U/LH_244_hlist_0.75065.list,true,6649,6649,1.00000,/home/ml/thesis-camels/data/raw/CAMELS_SIMBA_1000U/LH_244_hlist_1.00000.list,true,7143,7143,train,train,test,NONE
LH_245,245,/home/ml/thesis-camels/data/raw/CAMELS_SIMBA_1000U,row_universe_id=LH_245;universe_index=245;omega_m=0.4322,0.20000,/home/ml/thesis-camels/data/raw/CAMELS_SIMBA_1000U/LH_245_hlist_0.20000.list,true,4385,4385,0.25000,/home/ml/thesis-camels/data/raw/CAMELS_SIMBA_1000U/LH_245_hlist_0.25000.list,true,6200,6200,0.51209,/home/ml/thesis-camels/data/raw/CAMELS_SIMBA_1000U/LH_245_hlist_0.51209.list,true,8544,8544,0.75065,/home/ml/thesis-camels/data/raw/CAMELS_SIMBA_1000U/LH_245_hlist_0.75065.list,true,7731,7731,1.00000,/home/ml/thesis-camels/data/raw/CAMELS_SIMBA_1000U/LH_245_hlist_1.00000.list,true,7481,7481,test,train,train,NONE
LH_246,246,/home/ml/thesis-camels/data/raw/CAMELS_SIMBA_1000U,row_universe_id=LH_246;universe_index=246;omega_m=0.2314,0.20000,/home/ml/thesis-camels/data/raw/CAMELS_SIMBA_1000U/LH_246_hlist_0.20000.list,true,2431,2431,0.25000,/home/ml/thesis-camels/data/raw/CAMELS_SIMBA_1000U/LH_246_hlist_0.25000.list,true,3822,3822,0.51209,/home/ml/thesis-camels/data/raw/CAMELS_SIMBA_1000U/LH_246_hlist_0.51209.list,true,6531,6531,0.75065,/home/ml/thesis-camels/data/raw/CAMELS_SIMBA_1000U/LH_246_hlist_0.75065.list,true,6538,6538,1.00000,/home/ml/thesis-camels/data/raw/CAMELS_SIMBA_1000U/LH_246_hlist_1.00000.list,true,6733,6733,test,train,test,NONE
LH_247,247,/home/ml/thesis-camels/data/raw/CAMELS_SIMBA_1000U,row_universe_id=LH_247;universe_index=247;omega_m=0.1942,0.20000,/home/ml/thesis-camels/data/raw/CAMELS_SIMBA_1000U/LH_247_hlist_0.20000.list,true,3886,3886,0.25000,/home/ml/thesis-camels/data/raw/CAMELS_SIMBA_1000U/LH_247_hlist_0.25000.list,true,5478,5478,0.51209,/home/ml/thesis-camels/data/raw/CAMELS_SIMBA_1000U/LH_247_hlist_0.51209.list,true,6522,6522,0.75065,/home/ml/thesis-camels/data/raw/CAMELS_SIMBA_1000U/LH_247_hlist_0.75065.list,true,6183,6183,1.00000,/home/ml/thesis-camels/data/raw/CAMELS_SIMBA_1000U/LH_247_hlist_1.00000.list,true,6435,6435,train,train,train,NONE
LH_248,248,/home/ml/thesis-camels/data/raw/CAMELS_SIMBA_1000U,row_universe_id=LH_248;universe_index=248;omega_m=0.1546,0.20000,/home/ml/thesis-camels/data/raw/CAMELS_SIMBA_1000U/LH_248_hlist_0.20000.list,true,3303,3303,0.25000,/home/ml/thesis-camels/data/raw/CAMELS_SIMBA_1000U/LH_248_hlist_0.25000.list,true,4488,4488,0.51209,/home/ml/thesis-camels/data/raw/CAMELS_SIMBA_1000U/LH_248_hlist_0.51209.list,true,5643,5643,0.75065,/home/ml/thesis-camels/data/raw/CAMELS_SIMBA_1000U/LH_248_hlist_0.75065.list,true,5542,5542,1.00000,/home/ml/thesis-camels/data/raw/CAMELS_SIMBA_1000U/LH_248_hlist_1.00000.list,true,5963,5963,validation,train,train,NONE
LH_249,249,/home/ml/thesis-camels/data/raw/CAMELS_SIMBA_1000U,row_universe_id=LH_249;universe_index=249;omega_m=0.4666,0.20000,/home/ml/thesis-camels/data/raw/CAMELS_SIMBA_1000U/LH_249_hlist_0.20000.list,true,6350,6350,0.25000,/home/ml/thesis-camels/data/raw/CAMELS_SIMBA_1000U/LH_249_hlist_0.25000.list,true,7707,7707,0.51209,/home/ml/thesis-camels/data/raw/CAMELS_SIMBA_1000U/LH_249_hlist_0.51209.list,true,8683,8683,0.75065,/home/ml/thesis-camels/data/raw/CAMELS_SIMBA_1000U/LH_249_hlist_0.75065.list,true,7702,7702,1.00000,/home/ml/thesis-camels/data/raw/CAMELS_SIMBA_1000U/LH_249_hlist_1.00000.list,true,7234,7234,validation,test,test,NONE
LH_250,250,/home/ml/thesis-camels/data/raw/CAMELS_SIMBA_1000U,row_universe_id=LH_250;universe_index=250;omega_m=0.1262,0.20000,/home/ml/thesis-camels/data/raw/CAMELS_SIMBA_1000U/LH_250_hlist_0.20000.list,true,2258,2258,0.25000,/home/ml/thesis-camels/data/raw/CAMELS_SIMBA_1000U/LH_250_hlist_0.25000.list,true,3502,3502,0.51209,/home/ml/thesis-camels/data/raw/CAMELS_SIMBA_1000U/LH_250_hlist_0.51209.list,true,4578,4578,0.75065,/home/ml/thesis-camels/data/raw/CAMELS_SIMBA_1000U/LH_250_hlist_0.75065.list,true,4740,4740,1.00000,/home/ml/thesis-camels/data/raw/CAMELS_SIMBA_1000U/LH_250_hlist_1.00000.list,true,5149,5149,test,train,test,NONE
LH_251,251,/home/ml/thesis-camels/data/raw/CAMELS_SIMBA_1000U,row_universe_id=LH_251;universe_index=251;omega_m=0.4118,0.20000,/home/ml/thesis-camels/data/raw/CAMELS_SIMBA_1000U/LH_251_hlist_0.20000.list,true,7662,7662,0.25000,/home/ml/thesis-camels/data/raw/CAMELS_SIMBA_1000U/LH_251_hlist_0.25000.list,true,8186,8186,0.51209,/home/ml/thesis-camels/data/raw/CAMELS_SIMBA_1000U/LH_251_hlist_0.51209.list,true,7741,7741,0.75065,/home/ml/thesis-camels/data/raw/CAMELS_SIMBA_1000U/LH_251_hlist_0.75065.list,true,6619,6619,1.00000,/home/ml/thesis-camels/data/raw/CAMELS_SIMBA_1000U/LH_251_hlist_1.00000.list,true,6284,6284,train,test,train,NONE
LH_252,252,/home/ml/thesis-camels/data/raw/CAMELS_SIMBA_1000U,row_universe_id=LH_252;universe_index=252;omega_m=0.3634,0.20000,/home/ml/thesis-camels/data/raw/CAMELS_SIMBA_1000U/LH_252_hlist_0.20000.list,true,7782,7782,0.25000,/home/ml/thesis-camels/data/raw/CAMELS_SIMBA_1000U/LH_252_hlist_0.25000.list,true,8303,8303,0.51209,/home/ml/thesis-camels/data/raw/CAMELS_SIMBA_1000U/LH_252_hlist_0.51209.list,true,7248,7248,0.75065,/home/ml/thesis-camels/data/raw/CAMELS_SIMBA_1000U/LH_252_hlist_0.75065.list,true,6098,6098,1.00000,/home/ml/thesis-camels/data/raw/CAMELS_SIMBA_1000U/LH_252_hlist_1.00000.list,true,5947,5947,test,train,test,NONE
LH_253,253,/home/ml/thesis-camels/data/raw/CAMELS_SIMBA_1000U,row_universe_id=LH_253;universe_index=253;omega_m=0.279,0.20000,/home/ml/thesis-camels/data/raw/CAMELS_SIMBA_1000U/LH_253_hlist_0.20000.list,true,4219,4219,0.25000,/home/ml/thesis-camels/data/raw/CAMELS_SIMBA_1000U/LH_253_hlist_0.25000.list,true,5703,5703,0.51209,/home/ml/thesis-camels/data/raw/CAMELS_SIMBA_1000U/LH_253_hlist_0.51209.list,true,7274,7274,0.75065,/home/ml/thesis-camels/data/raw/CAMELS_SIMBA_1000U/LH_253_hlist_0.75065.list,true,6607,6607,1.00000,/home/ml/thesis-camels/data/raw/CAMELS_SIMBA_1000U/LH_253_hlist_1.00000.list,true,6691,6691,test,train,train,NONE
LH_254,254,/home/ml/thesis-camels/data/raw/CAMELS_SIMBA_1000U,row_universe_id=LH_254;universe_index=254;omega_m=0.4002,0.20000,/home/ml/thesis-camels/data/raw/CAMELS_SIMBA_1000U/LH_254_hlist_0.20000.list,true,4681,4681,0.25000,/home/ml/thesis-camels/data/raw/CAMELS_SIMBA_1000U/LH_254_hlist_0.25000.list,true,6299,6299,0.51209,/home/ml/thesis-camels/data/raw/CAMELS_SIMBA_1000U/LH_254_hlist_0.51209.list,true,8066,8066,0.75065,/home/ml/thesis-camels/data/raw/CAMELS_SIMBA_1000U/LH_254_hlist_0.75065.list,true,7322,7322,1.00000,/home/ml/thesis-camels/data/raw/CAMELS_SIMBA_1000U/LH_254_hlist_1.00000.list,true,7001,7001,validation,train,test,NONE
LH_255,255,/home/ml/thesis-camels/data/raw/CAMELS_SIMBA_1000U,row_universe_id=LH_255;universe_index=255;omega_m=0.3158,0.20000,/home/ml/thesis-camels/data/raw/CAMELS_SIMBA_1000U/LH_255_hlist_0.20000.list,true,5610,5610,0.25000,/home/ml/thesis-camels/data/raw/CAMELS_SIMBA_1000U/LH_255_hlist_0.25000.list,true,6755,6755,0.51209,/home/ml/thesis-camels/data/raw/CAMELS_SIMBA_1000U/LH_255_hlist_0.51209.list,true,7669,7669,0.75065,/home/ml/thesis-camels/data/raw/CAMELS_SIMBA_1000U/LH_255_hlist_0.75065.list,true,6842,6842,1.00000,/home/ml/thesis-camels/data/raw/CAMELS_SIMBA_1000U/LH_255_hlist_1.00000.list,true,6840,6840,train,train,validation,NONE
LH_256,256,/home/ml/thesis-camels/data/raw/CAMELS_SIMBA_1000U,row_universe_id=LH_256;universe_index=256;omega_m=0.4382,0.20000,/home/ml/thesis-camels/data/raw/CAMELS_SIMBA_1000U/LH_256_hlist_0.20000.list,true,7141,7141,0.25000,/home/ml/thesis-camels/data/raw/CAMELS_SIMBA_1000U/LH_256_hlist_0.25000.list,true,8330,8330,0.51209,/home/ml/thesis-camels/data/raw/CAMELS_SIMBA_1000U/LH_256_hlist_0.51209.list,true,7829,7829,0.75065,/home/ml/thesis-camels/data/raw/CAMELS_SIMBA_1000U/LH_256_hlist_0.75065.list,true,6725,6725,1.00000,/home/ml/thesis-camels/data/raw/CAMELS_SIMBA_1000U/LH_256_hlist_1.00000.list,true,6474,6474,train,validation,train,NONE
LH_257,257,/home/ml/thesis-camels/data/raw/CAMELS_SIMBA_1000U,row_universe_id=LH_257;universe_index=257;omega_m=0.1358,0.20000,/home/ml/thesis-camels/data/raw/CAMELS_SIMBA_1000U/LH_257_hlist_0.20000.list,true,1006,1006,0.25000,/home/ml/thesis-camels/data/raw/CAMELS_SIMBA_1000U/LH_257_hlist_0.25000.list,true,2166,2166,0.51209,/home/ml/thesis-camels/data/raw/CAMELS_SIMBA_1000U/LH_257_hlist_0.51209.list,true,5374,5374,0.75065,/home/ml/thesis-camels/data/raw/CAMELS_SIMBA_1000U/LH_257_hlist_0.75065.list,true,5761,5761,1.00000,/home/ml/thesis-camels/data/raw/CAMELS_SIMBA_1000U/LH_257_hlist_1.00000.list,true,6390,6390,test,validation,train,NONE
LH_258,258,/home/ml/thesis-camels/data/raw/CAMELS_SIMBA_1000U,row_universe_id=LH_258;universe_index=258;omega_m=0.231,0.20000,/home/ml/thesis-camels/data/raw/CAMELS_SIMBA_1000U/LH_258_hlist_0.20000.list,true,1655,1655,0.25000,/home/ml/thesis-camels/data/raw/CAMELS_SIMBA_1000U/LH_258_hlist_0.25000.list,true,3321,3321,0.51209,/home/ml/thesis-camels/data/raw/CAMELS_SIMBA_1000U/LH_258_hlist_0.51209.list,true,6755,6755,0.75065,/home/ml/thesis-camels/data/raw/CAMELS_SIMBA_1000U/LH_258_hlist_0.75065.list,true,6781,6781,1.00000,/home/ml/thesis-camels/data/raw/CAMELS_SIMBA_1000U/LH_258_hlist_1.00000.list,true,7105,7105,train,train,train,NONE
LH_259,259,/home/ml/thesis-camels/data/raw/CAMELS_SIMBA_1000U,row_universe_id=LH_259;universe_index=259;omega_m=0.1862,0.20000,/home/ml/thesis-camels/data/raw/CAMELS_SIMBA_1000U/LH_259_hlist_0.20000.list,true,3124,3124,0.25000,/home/ml/thesis-camels/data/raw/CAMELS_SIMBA_1000U/LH_259_hlist_0.25000.list,true,4622,4622,0.51209,/home/ml/thesis-camels/data/raw/CAMELS_SIMBA_1000U/LH_259_hlist_0.51209.list,true,6264,6264,0.75065,/home/ml/thesis-camels/data/raw/CAMELS_SIMBA_1000U/LH_259_hlist_0.75065.list,true,6183,6183,1.00000,/home/ml/thesis-camels/data/raw/CAMELS_SIMBA_1000U/LH_259_hlist_1.00000.list,true,6549,6549,train,train,validation,NONE
LH_260,260,/home/ml/thesis-camels/data/raw/CAMELS_SIMBA_1000U,row_universe_id=LH_260;universe_index=260;omega_m=0.4026,0.20000,/home/ml/thesis-camels/data/raw/CAMELS_SIMBA_1000U/LH_260_hlist_0.20000.list,true,4815,4815,0.25000,/home/ml/thesis-camels/data/raw/CAMELS_SIMBA_1000U/LH_260_hlist_0.25000.list,true,6397,6397,0.51209,/home/ml/thesis-camels/data/raw/CAMELS_SIMBA_1000U/LH_260_hlist_0.51209.list,true,7902,7902,0.75065,/home/ml/thesis-camels/data/raw/CAMELS_SIMBA_1000U/LH_260_hlist_0.75065.list,true,7182,7182,1.00000,/home/ml/thesis-camels/data/raw/CAMELS_SIMBA_1000U/LH_260_hlist_1.00000.list,true,6994,6994,train,train,train,NONE
LH_261,261,/home/ml/thesis-camels/data/raw/CAMELS_SIMBA_1000U,row_universe_id=LH_261;universe_index=261;omega_m=0.3058,0.20000,/home/ml/thesis-camels/data/raw/CAMELS_SIMBA_1000U/LH_261_hlist_0.20000.list,true,3354,3354,0.25000,/home/ml/thesis-camels/data/raw/CAMELS_SIMBA_1000U/LH_261_hlist_0.25000.list,true,4974,4974,0.51209,/home/ml/thesis-camels/data/raw/CAMELS_SIMBA_1000U/LH_261_hlist_0.51209.list,true,7918,7918,0.75065,/home/ml/thesis-camels/data/raw/CAMELS_SIMBA_1000U/LH_261_hlist_0.75065.list,true,7594,7594,1.00000,/home/ml/thesis-camels/data/raw/CAMELS_SIMBA_1000U/LH_261_hlist_1.00000.list,true,7684,7684,train,train,train,NONE
LH_262,262,/home/ml/thesis-camels/data/raw/CAMELS_SIMBA_1000U,row_universe_id=LH_262;universe_index=262;omega_m=0.2766,0.20000,/home/ml/thesis-camels/data/raw/CAMELS_SIMBA_1000U/LH_262_hlist_0.20000.list,true,3353,3353,0.25000,/home/ml/thesis-camels/data/raw/CAMELS_SIMBA_1000U/LH_262_hlist_0.25000.list,true,4990,4990,0.51209,/home/ml/thesis-camels/data/raw/CAMELS_SIMBA_1000U/LH_262_hlist_0.51209.list,true,7401,7401,0.75065,/home/ml/thesis-camels/data/raw/CAMELS_SIMBA_1000U/LH_262_hlist_0.75065.list,true,7210,7210,1.00000,/home/ml/thesis-camels/data/raw/CAMELS_SIMBA_1000U/LH_262_hlist_1.00000.list,true,7314,7314,train,test,train,NONE
LH_263,263,/home/ml/thesis-camels/data/raw/CAMELS_SIMBA_1000U,row_universe_id=LH_263;universe_index=263;omega_m=0.3678,0.20000,/home/ml/thesis-camels/data/raw/CAMELS_SIMBA_1000U/LH_263_hlist_0.20000.list,true,5872,5872,0.25000,/home/ml/thesis-camels/data/raw/CAMELS_SIMBA_1000U/LH_263_hlist_0.25000.list,true,7208,7208,0.51209,/home/ml/thesis-camels/data/raw/CAMELS_SIMBA_1000U/LH_263_hlist_0.51209.list,true,7962,7962,0.75065,/home/ml/thesis-camels/data/raw/CAMELS_SIMBA_1000U/LH_263_hlist_0.75065.list,true,6978,6978,1.00000,/home/ml/thesis-camels/data/raw/CAMELS_SIMBA_1000U/LH_263_hlist_1.00000.list,true,6715,6715,train,validation,test,NONE
LH_264,264,/home/ml/thesis-camels/data/raw/CAMELS_SIMBA_1000U,row_universe_id=LH_264;universe_index=264;omega_m=0.3626,0.20000,/home/ml/thesis-camels/data/raw/CAMELS_SIMBA_1000U/LH_264_hlist_0.20000.list,true,4833,4833,0.25000,/home/ml/thesis-camels/data/raw/CAMELS_SIMBA_1000U/LH_264_hlist_0.25000.list,true,6363,6363,0.51209,/home/ml/thesis-camels/data/raw/CAMELS_SIMBA_1000U/LH_264_hlist_0.51209.list,true,8117,8117,0.75065,/home/ml/thesis-camels/data/raw/CAMELS_SIMBA_1000U/LH_264_hlist_0.75065.list,true,7579,7579,1.00000,/home/ml/thesis-camels/data/raw/CAMELS_SIMBA_1000U/LH_264_hlist_1.00000.list,true,7418,7418,train,train,test,NONE
LH_265,265,/home/ml/thesis-camels/data/raw/CAMELS_SIMBA_1000U,row_universe_id=LH_265;universe_index=265;omega_m=0.2566,0.20000,/home/ml/thesis-camels/data/raw/CAMELS_SIMBA_1000U/LH_265_hlist_0.20000.list,true,5073,5073,0.25000,/home/ml/thesis-camels/data/raw/CAMELS_SIMBA_1000U/LH_265_hlist_0.25000.list,true,6448,6448,0.51209,/home/ml/thesis-camels/data/raw/CAMELS_SIMBA_1000U/LH_265_hlist_0.51209.list,true,6977,6977,0.75065,/home/ml/thesis-camels/data/raw/CAMELS_SIMBA_1000U/LH_265_hlist_0.75065.list,true,6410,6410,1.00000,/home/ml/thesis-camels/data/raw/CAMELS_SIMBA_1000U/LH_265_hlist_1.00000.list,true,6432,6432,train,train,test,NONE
LH_266,266,/home/ml/thesis-camels/data/raw/CAMELS_SIMBA_1000U,row_universe_id=LH_266;universe_index=266;omega_m=0.2478,0.20000,/home/ml/thesis-camels/data/raw/CAMELS_SIMBA_1000U/LH_266_hlist_0.20000.list,true,2731,2731,0.25000,/home/ml/thesis-camels/data/raw/CAMELS_SIMBA_1000U/LH_266_hlist_0.25000.list,true,4293,4293,0.51209,/home/ml/thesis-camels/data/raw/CAMELS_SIMBA_1000U/LH_266_hlist_0.51209.list,true,7032,7032,0.75065,/home/ml/thesis-camels/data/raw/CAMELS_SIMBA_1000U/LH_266_hlist_0.75065.list,true,6882,6882,1.00000,/home/ml/thesis-camels/data/raw/CAMELS_SIMBA_1000U/LH_266_hlist_1.00000.list,true,7151,7151,train,train,test,NONE
LH_267,267,/home/ml/thesis-camels/data/raw/CAMELS_SIMBA_1000U,row_universe_id=LH_267;universe_index=267;omega_m=0.1194,0.20000,/home/ml/thesis-camels/data/raw/CAMELS_SIMBA_1000U/LH_267_hlist_0.20000.list,true,233,233,0.25000,/home/ml/thesis-camels/data/raw/CAMELS_SIMBA_1000U/LH_267_hlist_0.25000.list,true,1094,1094,0.51209,/home/ml/thesis-camels/data/raw/CAMELS_SIMBA_1000U/LH_267_hlist_0.51209.list,true,4202,4202,0.75065,/home/ml/thesis-camels/data/raw/CAMELS_SIMBA_1000U/LH_267_hlist_0.75065.list,true,5004,5004,1.00000,/home/ml/thesis-camels/data/raw/CAMELS_SIMBA_1000U/LH_267_hlist_1.00000.list,true,5818,5818,train,train,train,NONE
LH_268,268,/home/ml/thesis-camels/data/raw/CAMELS_SIMBA_1000U,row_universe_id=LH_268;universe_index=268;omega_m=0.2926,0.20000,/home/ml/thesis-camels/data/raw/CAMELS_SIMBA_1000U/LH_268_hlist_0.20000.list,true,6345,6345,0.25000,/home/ml/thesis-camels/data/raw/CAMELS_SIMBA_1000U/LH_268_hlist_0.25000.list,true,7144,7144,0.51209,/home/ml/thesis-camels/data/raw/CAMELS_SIMBA_1000U/LH_268_hlist_0.51209.list,true,7109,7109,0.75065,/home/ml/thesis-camels/data/raw/CAMELS_SIMBA_1000U/LH_268_hlist_0.75065.list,true,6469,6469,1.00000,/home/ml/thesis-camels/data/raw/CAMELS_SIMBA_1000U/LH_268_hlist_1.00000.list,true,6592,6592,train,test,test,NONE
LH_269,269,/home/ml/thesis-camels/data/raw/CAMELS_SIMBA_1000U,row_universe_id=LH_269;universe_index=269;omega_m=0.353,0.20000,/home/ml/thesis-camels/data/raw/CAMELS_SIMBA_1000U/LH_269_hlist_0.20000.list,true,6655,6655,0.25000,/home/ml/thesis-camels/data/raw/CAMELS_SIMBA_1000U/LH_269_hlist_0.25000.list,true,7503,7503,0.51209,/home/ml/thesis-camels/data/raw/CAMELS_SIMBA_1000U/LH_269_hlist_0.51209.list,true,7424,7424,0.75065,/home/ml/thesis-camels/data/raw/CAMELS_SIMBA_1000U/LH_269_hlist_0.75065.list,true,6441,6441,1.00000,/home/ml/thesis-camels/data/raw/CAMELS_SIMBA_1000U/LH_269_hlist_1.00000.list,true,6373,6373,test,train,train,NONE
LH_270,270,/home/ml/thesis-camels/data/raw/CAMELS_SIMBA_1000U,row_universe_id=LH_270;universe_index=270;omega_m=0.1166,0.20000,/home/ml/thesis-camels/data/raw/CAMELS_SIMBA_1000U/LH_270_hlist_0.20000.list,true,865,865,0.25000,/home/ml/thesis-camels/data/raw/CAMELS_SIMBA_1000U/LH_270_hlist_0.25000.list,true,2050,2050,0.51209,/home/ml/thesis-camels/data/raw/CAMELS_SIMBA_1000U/LH_270_hlist_0.51209.list,true,4401,4401,0.75065,/home/ml/thesis-camels/data/raw/CAMELS_SIMBA_1000U/LH_270_hlist_0.75065.list,true,4829,4829,1.00000,/home/ml/thesis-camels/data/raw/CAMELS_SIMBA_1000U/LH_270_hlist_1.00000.list,true,5477,5477,test,test,train,NONE
LH_271,271,/home/ml/thesis-camels/data/raw/CAMELS_SIMBA_1000U,row_universe_id=LH_271;universe_index=271;omega_m=0.3862,0.20000,/home/ml/thesis-camels/data/raw/CAMELS_SIMBA_1000U/LH_271_hlist_0.20000.list,true,6251,6251,0.25000,/home/ml/thesis-camels/data/raw/CAMELS_SIMBA_1000U/LH_271_hlist_0.25000.list,true,7453,7453,0.51209,/home/ml/thesis-camels/data/raw/CAMELS_SIMBA_1000U/LH_271_hlist_0.51209.list,true,7610,7610,0.75065,/home/ml/thesis-camels/data/raw/CAMELS_SIMBA_1000U/LH_271_hlist_0.75065.list,true,6361,6361,1.00000,/home/ml/thesis-camels/data/raw/CAMELS_SIMBA_1000U/LH_271_hlist_1.00000.list,true,6090,6090,test,test,validation,NONE
LH_272,272,/home/ml/thesis-camels/data/raw/CAMELS_SIMBA_1000U,row_universe_id=LH_272;universe_index=272;omega_m=0.281,0.20000,/home/ml/thesis-camels/data/raw/CAMELS_SIMBA_1000U/LH_272_hlist_0.20000.list,true,4266,4266,0.25000,/home/ml/thesis-camels/data/raw/CAMELS_SIMBA_1000U/LH_272_hlist_0.25000.list,true,5771,5771,0.51209,/home/ml/thesis-camels/data/raw/CAMELS_SIMBA_1000U/LH_272_hlist_0.51209.list,true,7382,7382,0.75065,/home/ml/thesis-camels/data/raw/CAMELS_SIMBA_1000U/LH_272_hlist_0.75065.list,true,6842,6842,1.00000,/home/ml/thesis-camels/data/raw/CAMELS_SIMBA_1000U/LH_272_hlist_1.00000.list,true,6913,6913,train,test,test,NONE
LH_273,273,/home/ml/thesis-camels/data/raw/CAMELS_SIMBA_1000U,row_universe_id=LH_273;universe_index=273;omega_m=0.183,0.20000,/home/ml/thesis-camels/data/raw/CAMELS_SIMBA_1000U/LH_273_hlist_0.20000.list,true,4444,4444,0.25000,/home/ml/thesis-camels/data/raw/CAMELS_SIMBA_1000U/LH_273_hlist_0.25000.list,true,5629,5629,0.51209,/home/ml/thesis-camels/data/raw/CAMELS_SIMBA_1000U/LH_273_hlist_0.51209.list,true,5780,5780,0.75065,/home/ml/thesis-camels/data/raw/CAMELS_SIMBA_1000U/LH_273_hlist_0.75065.list,true,5363,5363,1.00000,/home/ml/thesis-camels/data/raw/CAMELS_SIMBA_1000U/LH_273_hlist_1.00000.list,true,5425,5425,test,train,train,NONE
LH_274,274,/home/ml/thesis-camels/data/raw/CAMELS_SIMBA_1000U,row_universe_id=LH_274;universe_index=274;omega_m=0.275,0.20000,/home/ml/thesis-camels/data/raw/CAMELS_SIMBA_1000U/LH_274_hlist_0.20000.list,true,5521,5521,0.25000,/home/ml/thesis-camels/data/raw/CAMELS_SIMBA_1000U/LH_274_hlist_0.25000.list,true,6746,6746,0.51209,/home/ml/thesis-camels/data/raw/CAMELS_SIMBA_1000U/LH_274_hlist_0.51209.list,true,7239,7239,0.75065,/home/ml/thesis-camels/data/raw/CAMELS_SIMBA_1000U/LH_274_hlist_0.75065.list,true,6423,6423,1.00000,/home/ml/thesis-camels/data/raw/CAMELS_SIMBA_1000U/LH_274_hlist_1.00000.list,true,6596,6596,test,test,train,NONE
LH_275,275,/home/ml/thesis-camels/data/raw/CAMELS_SIMBA_1000U,row_universe_id=LH_275;universe_index=275;omega_m=0.347,0.20000,/home/ml/thesis-camels/data/raw/CAMELS_SIMBA_1000U/LH_275_hlist_0.20000.list,true,4201,4201,0.25000,/home/ml/thesis-camels/data/raw/CAMELS_SIMBA_1000U/LH_275_hlist_0.25000.list,true,5858,5858,0.51209,/home/ml/thesis-camels/data/raw/CAMELS_SIMBA_1000U/LH_275_hlist_0.51209.list,true,7635,7635,0.75065,/home/ml/thesis-camels/data/raw/CAMELS_SIMBA_1000U/LH_275_hlist_0.75065.list,true,6918,6918,1.00000,/home/ml/thesis-camels/data/raw/CAMELS_SIMBA_1000U/LH_275_hlist_1.00000.list,true,6906,6906,train,train,test,NONE
LH_276,276,/home/ml/thesis-camels/data/raw/CAMELS_SIMBA_1000U,row_universe_id=LH_276;universe_index=276;omega_m=0.4458,0.20000,/home/ml/thesis-camels/data/raw/CAMELS_SIMBA_1000U/LH_276_hlist_0.20000.list,true,7906,7906,0.25000,/home/ml/thesis-camels/data/raw/CAMELS_SIMBA_1000U/LH_276_hlist_0.25000.list,true,8645,8645,0.51209,/home/ml/thesis-camels/data/raw/CAMELS_SIMBA_1000U/LH_276_hlist_0.51209.list,true,7659,7659,0.75065,/home/ml/thesis-camels/data/raw/CAMELS_SIMBA_1000U/LH_276_hlist_0.75065.list,true,6475,6475,1.00000,/home/ml/thesis-camels/data/raw/CAMELS_SIMBA_1000U/LH_276_hlist_1.00000.list,true,6028,6028,test,train,train,NONE
LH_277,277,/home/ml/thesis-camels/data/raw/CAMELS_SIMBA_1000U,row_universe_id=LH_277;universe_index=277;omega_m=0.3606,0.20000,/home/ml/thesis-camels/data/raw/CAMELS_SIMBA_1000U/LH_277_hlist_0.20000.list,true,6555,6555,0.25000,/home/ml/thesis-camels/data/raw/CAMELS_SIMBA_1000U/LH_277_hlist_0.25000.list,true,7666,7666,0.51209,/home/ml/thesis-camels/data/raw/CAMELS_SIMBA_1000U/LH_277_hlist_0.51209.list,true,7463,7463,0.75065,/home/ml/thesis-camels/data/raw/CAMELS_SIMBA_1000U/LH_277_hlist_0.75065.list,true,6399,6399,1.00000,/home/ml/thesis-camels/data/raw/CAMELS_SIMBA_1000U/LH_277_hlist_1.00000.list,true,6247,6247,validation,train,train,NONE
LH_278,278,/home/ml/thesis-camels/data/raw/CAMELS_SIMBA_1000U,row_universe_id=LH_278;universe_index=278;omega_m=0.1578,0.20000,/home/ml/thesis-camels/data/raw/CAMELS_SIMBA_1000U/LH_278_hlist_0.20000.list,true,2480,2480,0.25000,/home/ml/thesis-camels/data/raw/CAMELS_SIMBA_1000U/LH_278_hlist_0.25000.list,true,4005,4005,0.51209,/home/ml/thesis-camels/data/raw/CAMELS_SIMBA_1000U/LH_278_hlist_0.51209.list,true,5208,5208,0.75065,/home/ml/thesis-camels/data/raw/CAMELS_SIMBA_1000U/LH_278_hlist_0.75065.list,true,5076,5076,1.00000,/home/ml/thesis-camels/data/raw/CAMELS_SIMBA_1000U/LH_278_hlist_1.00000.list,true,5423,5423,train,test,train,NONE
LH_279,279,/home/ml/thesis-camels/data/raw/CAMELS_SIMBA_1000U,row_universe_id=LH_279;universe_index=279;omega_m=0.4094,0.20000,/home/ml/thesis-camels/data/raw/CAMELS_SIMBA_1000U/LH_279_hlist_0.20000.list,true,5935,5935,0.25000,/home/ml/thesis-camels/data/raw/CAMELS_SIMBA_1000U/LH_279_hlist_0.25000.list,true,7277,7277,0.51209,/home/ml/thesis-camels/data/raw/CAMELS_SIMBA_1000U/LH_279_hlist_0.51209.list,true,8642,8642,0.75065,/home/ml/thesis-camels/data/raw/CAMELS_SIMBA_1000U/LH_279_hlist_0.75065.list,true,7819,7819,1.00000,/home/ml/thesis-camels/data/raw/CAMELS_SIMBA_1000U/LH_279_hlist_1.00000.list,true,7646,7646,train,train,validation,NONE
LH_280,280,/home/ml/thesis-camels/data/raw/CAMELS_SIMBA_1000U,row_universe_id=LH_280;universe_index=280;omega_m=0.3414,0.20000,/home/ml/thesis-camels/data/raw/CAMELS_SIMBA_1000U/LH_280_hlist_0.20000.list,true,6909,6909,0.25000,/home/ml/thesis-camels/data/raw/CAMELS_SIMBA_1000U/LH_280_hlist_0.25000.list,true,7777,7777,0.51209,/home/ml/thesis-camels/data/raw/CAMELS_SIMBA_1000U/LH_280_hlist_0.51209.list,true,7239,7239,0.75065,/home/ml/thesis-camels/data/raw/CAMELS_SIMBA_1000U/LH_280_hlist_0.75065.list,true,6357,6357,1.00000,/home/ml/thesis-camels/data/raw/CAMELS_SIMBA_1000U/LH_280_hlist_1.00000.list,true,6165,6165,train,train,train,NONE
LH_281,281,/home/ml/thesis-camels/data/raw/CAMELS_SIMBA_1000U,row_universe_id=LH_281;universe_index=281;omega_m=0.2838,0.20000,/home/ml/thesis-camels/data/raw/CAMELS_SIMBA_1000U/LH_281_hlist_0.20000.list,true,5776,5776,0.25000,/home/ml/thesis-camels/data/raw/CAMELS_SIMBA_1000U/LH_281_hlist_0.25000.list,true,6993,6993,0.51209,/home/ml/thesis-camels/data/raw/CAMELS_SIMBA_1000U/LH_281_hlist_0.51209.list,true,7438,7438,0.75065,/home/ml/thesis-camels/data/raw/CAMELS_SIMBA_1000U/LH_281_hlist_0.75065.list,true,6781,6781,1.00000,/home/ml/thesis-camels/data/raw/CAMELS_SIMBA_1000U/LH_281_hlist_1.00000.list,true,6857,6857,test,train,test,NONE
LH_282,282,/home/ml/thesis-camels/data/raw/CAMELS_SIMBA_1000U,row_universe_id=LH_282;universe_index=282;omega_m=0.4174,0.20000,/home/ml/thesis-camels/data/raw/CAMELS_SIMBA_1000U/LH_282_hlist_0.20000.list,true,7171,7171,0.25000,/home/ml/thesis-camels/data/raw/CAMELS_SIMBA_1000U/LH_282_hlist_0.25000.list,true,8181,8181,0.51209,/home/ml/thesis-camels/data/raw/CAMELS_SIMBA_1000U/LH_282_hlist_0.51209.list,true,7774,7774,0.75065,/home/ml/thesis-camels/data/raw/CAMELS_SIMBA_1000U/LH_282_hlist_0.75065.list,true,6873,6873,1.00000,/home/ml/thesis-camels/data/raw/CAMELS_SIMBA_1000U/LH_282_hlist_1.00000.list,true,6485,6485,train,train,test,NONE
LH_283,283,/home/ml/thesis-camels/data/raw/CAMELS_SIMBA_1000U,row_universe_id=LH_283;universe_index=283;omega_m=0.4582,0.20000,/home/ml/thesis-camels/data/raw/CAMELS_SIMBA_1000U/LH_283_hlist_0.20000.list,true,8730,8730,0.25000,/home/ml/thesis-camels/data/raw/CAMELS_SIMBA_1000U/LH_283_hlist_0.25000.list,true,9242,9242,0.51209,/home/ml/thesis-camels/data/raw/CAMELS_SIMBA_1000U/LH_283_hlist_0.51209.list,true,7848,7848,0.75065,/home/ml/thesis-camels/data/raw/CAMELS_SIMBA_1000U/LH_283_hlist_0.75065.list,true,6182,6182,1.00000,/home/ml/thesis-camels/data/raw/CAMELS_SIMBA_1000U/LH_283_hlist_1.00000.list,true,5815,5815,train,train,test,NONE
LH_284,284,/home/ml/thesis-camels/data/raw/CAMELS_SIMBA_1000U,row_universe_id=LH_284;universe_index=284;omega_m=0.283,0.20000,/home/ml/thesis-camels/data/raw/CAMELS_SIMBA_1000U/LH_284_hlist_0.20000.list,true,2863,2863,0.25000,/home/ml/thesis-camels/data/raw/CAMELS_SIMBA_1000U/LH_284_hlist_0.25000.list,true,4591,4591,0.51209,/home/ml/thesis-camels/data/raw/CAMELS_SIMBA_1000U/LH_284_hlist_0.51209.list,true,7634,7634,0.75065,/home/ml/thesis-camels/data/raw/CAMELS_SIMBA_1000U/LH_284_hlist_0.75065.list,true,7592,7592,1.00000,/home/ml/thesis-camels/data/raw/CAMELS_SIMBA_1000U/LH_284_hlist_1.00000.list,true,7777,7777,test,train,test,NONE
LH_285,285,/home/ml/thesis-camels/data/raw/CAMELS_SIMBA_1000U,row_universe_id=LH_285;universe_index=285;omega_m=0.321,0.20000,/home/ml/thesis-camels/data/raw/CAMELS_SIMBA_1000U/LH_285_hlist_0.20000.list,true,3967,3967,0.25000,/home/ml/thesis-camels/data/raw/CAMELS_SIMBA_1000U/LH_285_hlist_0.25000.list,true,5408,5408,0.51209,/home/ml/thesis-camels/data/raw/CAMELS_SIMBA_1000U/LH_285_hlist_0.51209.list,true,7682,7682,0.75065,/home/ml/thesis-camels/data/raw/CAMELS_SIMBA_1000U/LH_285_hlist_0.75065.list,true,7277,7277,1.00000,/home/ml/thesis-camels/data/raw/CAMELS_SIMBA_1000U/LH_285_hlist_1.00000.list,true,7240,7240,validation,train,train,NONE
LH_286,286,/home/ml/thesis-camels/data/raw/CAMELS_SIMBA_1000U,row_universe_id=LH_286;universe_index=286;omega_m=0.2758,0.20000,/home/ml/thesis-camels/data/raw/CAMELS_SIMBA_1000U/LH_286_hlist_0.20000.list,true,6275,6275,0.25000,/home/ml/thesis-camels/data/raw/CAMELS_SIMBA_1000U/LH_286_hlist_0.25000.list,true,7113,7113,0.51209,/home/ml/thesis-camels/data/raw/CAMELS_SIMBA_1000U/LH_286_hlist_0.51209.list,true,6807,6807,0.75065,/home/ml/thesis-camels/data/raw/CAMELS_SIMBA_1000U/LH_286_hlist_0.75065.list,true,6197,6197,1.00000,/home/ml/thesis-camels/data/raw/CAMELS_SIMBA_1000U/LH_286_hlist_1.00000.list,true,6135,6135,train,validation,test,NONE
LH_287,287,/home/ml/thesis-camels/data/raw/CAMELS_SIMBA_1000U,row_universe_id=LH_287;universe_index=287;omega_m=0.4306,0.20000,/home/ml/thesis-camels/data/raw/CAMELS_SIMBA_1000U/LH_287_hlist_0.20000.list,true,3831,3831,0.25000,/home/ml/thesis-camels/data/raw/CAMELS_SIMBA_1000U/LH_287_hlist_0.25000.list,true,5529,5529,0.51209,/home/ml/thesis-camels/data/raw/CAMELS_SIMBA_1000U/LH_287_hlist_0.51209.list,true,8262,8262,0.75065,/home/ml/thesis-camels/data/raw/CAMELS_SIMBA_1000U/LH_287_hlist_0.75065.list,true,7863,7863,1.00000,/home/ml/thesis-camels/data/raw/CAMELS_SIMBA_1000U/LH_287_hlist_1.00000.list,true,7493,7493,train,train,train,NONE
LH_288,288,/home/ml/thesis-camels/data/raw/CAMELS_SIMBA_1000U,row_universe_id=LH_288;universe_index=288;omega_m=0.141,0.20000,/home/ml/thesis-camels/data/raw/CAMELS_SIMBA_1000U/LH_288_hlist_0.20000.list,true,2485,2485,0.25000,/home/ml/thesis-camels/data/raw/CAMELS_SIMBA_1000U/LH_288_hlist_0.25000.list,true,3856,3856,0.51209,/home/ml/thesis-camels/data/raw/CAMELS_SIMBA_1000U/LH_288_hlist_0.51209.list,true,5327,5327,0.75065,/home/ml/thesis-camels/data/raw/CAMELS_SIMBA_1000U/LH_288_hlist_0.75065.list,true,5436,5436,1.00000,/home/ml/thesis-camels/data/raw/CAMELS_SIMBA_1000U/LH_288_hlist_1.00000.list,true,5886,5886,train,validation,train,NONE
LH_289,289,/home/ml/thesis-camels/data/raw/CAMELS_SIMBA_1000U,row_universe_id=LH_289;universe_index=289;omega_m=0.2074,0.20000,/home/ml/thesis-camels/data/raw/CAMELS_SIMBA_1000U/LH_289_hlist_0.20000.list,true,5218,5218,0.25000,/home/ml/thesis-camels/data/raw/CAMELS_SIMBA_1000U/LH_289_hlist_0.25000.list,true,6286,6286,0.51209,/home/ml/thesis-camels/data/raw/CAMELS_SIMBA_1000U/LH_289_hlist_0.51209.list,true,5979,5979,0.75065,/home/ml/thesis-camels/data/raw/CAMELS_SIMBA_1000U/LH_289_hlist_0.75065.list,true,5737,5737,1.00000,/home/ml/thesis-camels/data/raw/CAMELS_SIMBA_1000U/LH_289_hlist_1.00000.list,true,5928,5928,train,train,train,NONE
LH_290,290,/home/ml/thesis-camels/data/raw/CAMELS_SIMBA_1000U,row_universe_id=LH_290;universe_index=290;omega_m=0.3714,0.20000,/home/ml/thesis-camels/data/raw/CAMELS_SIMBA_1000U/LH_290_hlist_0.20000.list,true,7477,7477,0.25000,/home/ml/thesis-camels/data/raw/CAMELS_SIMBA_1000U/LH_290_hlist_0.25000.list,true,8253,8253,0.51209,/home/ml/thesis-camels/data/raw/CAMELS_SIMBA_1000U/LH_290_hlist_0.51209.list,true,7230,7230,0.75065,/home/ml/thesis-camels/data/raw/CAMELS_SIMBA_1000U/LH_290_hlist_0.75065.list,true,6312,6312,1.00000,/home/ml/thesis-camels/data/raw/CAMELS_SIMBA_1000U/LH_290_hlist_1.00000.list,true,6031,6031,train,train,test,NONE
LH_291,291,/home/ml/thesis-camels/data/raw/CAMELS_SIMBA_1000U,row_universe_id=LH_291;universe_index=291;omega_m=0.3118,0.20000,/home/ml/thesis-camels/data/raw/CAMELS_SIMBA_1000U/LH_291_hlist_0.20000.list,true,6969,6969,0.25000,/home/ml/thesis-camels/data/raw/CAMELS_SIMBA_1000U/LH_291_hlist_0.25000.list,true,7531,7531,0.51209,/home/ml/thesis-camels/data/raw/CAMELS_SIMBA_1000U/LH_291_hlist_0.51209.list,true,6632,6632,0.75065,/home/ml/thesis-camels/data/raw/CAMELS_SIMBA_1000U/LH_291_hlist_0.75065.list,true,5819,5819,1.00000,/home/ml/thesis-camels/data/raw/CAMELS_SIMBA_1000U/LH_291_hlist_1.00000.list,true,5803,5803,train,train,train,NONE
LH_292,292,/home/ml/thesis-camels/data/raw/CAMELS_SIMBA_1000U,row_universe_id=LH_292;universe_index=292;omega_m=0.4926,0.20000,/home/ml/thesis-camels/data/raw/CAMELS_SIMBA_1000U/LH_292_hlist_0.20000.list,true,8377,8377,0.25000,/home/ml/thesis-camels/data/raw/CAMELS_SIMBA_1000U/LH_292_hlist_0.25000.list,true,9096,9096,0.51209,/home/ml/thesis-camels/data/raw/CAMELS_SIMBA_1000U/LH_292_hlist_0.51209.list,true,8369,8369,0.75065,/home/ml/thesis-camels/data/raw/CAMELS_SIMBA_1000U/LH_292_hlist_0.75065.list,true,6938,6938,1.00000,/home/ml/thesis-camels/data/raw/CAMELS_SIMBA_1000U/LH_292_hlist_1.00000.list,true,6346,6346,train,validation,train,NONE
LH_293,293,/home/ml/thesis-camels/data/raw/CAMELS_SIMBA_1000U,row_universe_id=LH_293;universe_index=293;omega_m=0.2978,0.20000,/home/ml/thesis-camels/data/raw/CAMELS_SIMBA_1000U/LH_293_hlist_0.20000.list,true,5314,5314,0.25000,/home/ml/thesis-camels/data/raw/CAMELS_SIMBA_1000U/LH_293_hlist_0.25000.list,true,6759,6759,0.51209,/home/ml/thesis-camels/data/raw/CAMELS_SIMBA_1000U/LH_293_hlist_0.51209.list,true,7518,7518,0.75065,/home/ml/thesis-camels/data/raw/CAMELS_SIMBA_1000U/LH_293_hlist_0.75065.list,true,6776,6776,1.00000,/home/ml/thesis-camels/data/raw/CAMELS_SIMBA_1000U/LH_293_hlist_1.00000.list,true,6828,6828,train,validation,train,NONE
LH_294,294,/home/ml/thesis-camels/data/raw/CAMELS_SIMBA_1000U,row_universe_id=LH_294;universe_index=294;omega_m=0.2558,0.20000,/home/ml/thesis-camels/data/raw/CAMELS_SIMBA_1000U/LH_294_hlist_0.20000.list,true,1800,1800,0.25000,/home/ml/thesis-camels/data/raw/CAMELS_SIMBA_1000U/LH_294_hlist_0.25000.list,true,3404,3404,0.51209,/home/ml/thesis-camels/data/raw/CAMELS_SIMBA_1000U/LH_294_hlist_0.51209.list,true,7447,7447,0.75065,/home/ml/thesis-camels/data/raw/CAMELS_SIMBA_1000U/LH_294_hlist_0.75065.list,true,7635,7635,1.00000,/home/ml/thesis-camels/data/raw/CAMELS_SIMBA_1000U/LH_294_hlist_1.00000.list,true,8100,8100,train,test,validation,NONE
LH_295,295,/home/ml/thesis-camels/data/raw/CAMELS_SIMBA_1000U,row_universe_id=LH_295;universe_index=295;omega_m=0.149,0.20000,/home/ml/thesis-camels/data/raw/CAMELS_SIMBA_1000U/LH_295_hlist_0.20000.list,true,719,719,0.25000,/home/ml/thesis-camels/data/raw/CAMELS_SIMBA_1000U/LH_295_hlist_0.25000.list,true,1815,1815,0.51209,/home/ml/thesis-camels/data/raw/CAMELS_SIMBA_1000U/LH_295_hlist_0.51209.list,true,5488,5488,0.75065,/home/ml/thesis-camels/data/raw/CAMELS_SIMBA_1000U/LH_295_hlist_0.75065.list,true,6088,6088,1.00000,/home/ml/thesis-camels/data/raw/CAMELS_SIMBA_1000U/LH_295_hlist_1.00000.list,true,6823,6823,train,train,train,NONE
LH_296,296,/home/ml/thesis-camels/data/raw/CAMELS_SIMBA_1000U,row_universe_id=LH_296;universe_index=296;omega_m=0.2442,0.20000,/home/ml/thesis-camels/data/raw/CAMELS_SIMBA_1000U/LH_296_hlist_0.20000.list,true,5067,5067,0.25000,/home/ml/thesis-camels/data/raw/CAMELS_SIMBA_1000U/LH_296_hlist_0.25000.list,true,6188,6188,0.51209,/home/ml/thesis-camels/data/raw/CAMELS_SIMBA_1000U/LH_296_hlist_0.51209.list,true,6340,6340,0.75065,/home/ml/thesis-camels/data/raw/CAMELS_SIMBA_1000U/LH_296_hlist_0.75065.list,true,5859,5859,1.00000,/home/ml/thesis-camels/data/raw/CAMELS_SIMBA_1000U/LH_296_hlist_1.00000.list,true,5949,5949,test,train,train,NONE
LH_297,297,/home/ml/thesis-camels/data/raw/CAMELS_SIMBA_1000U,row_universe_id=LH_297;universe_index=297;omega_m=0.161,0.20000,/home/ml/thesis-camels/data/raw/CAMELS_SIMBA_1000U/LH_297_hlist_0.20000.list,true,2566,2566,0.25000,/home/ml/thesis-camels/data/raw/CAMELS_SIMBA_1000U/LH_297_hlist_0.25000.list,true,3958,3958,0.51209,/home/ml/thesis-camels/data/raw/CAMELS_SIMBA_1000U/LH_297_hlist_0.51209.list,true,6219,6219,0.75065,/home/ml/thesis-camels/data/raw/CAMELS_SIMBA_1000U/LH_297_hlist_0.75065.list,true,6233,6233,1.00000,/home/ml/thesis-camels/data/raw/CAMELS_SIMBA_1000U/LH_297_hlist_1.00000.list,true,6691,6691,train,train,train,NONE
LH_298,298,/home/ml/thesis-camels/data/raw/CAMELS_SIMBA_1000U,row_universe_id=LH_298;universe_index=298;omega_m=0.271,0.20000,/home/ml/thesis-camels/data/raw/CAMELS_SIMBA_1000U/LH_298_hlist_0.20000.list,true,2279,2279,0.25000,/home/ml/thesis-camels/data/raw/CAMELS_SIMBA_1000U/LH_298_hlist_0.25000.list,true,3649,3649,0.51209,/home/ml/thesis-camels/data/raw/CAMELS_SIMBA_1000U/LH_298_hlist_0.51209.list,true,7391,7391,0.75065,/home/ml/thesis-camels/data/raw/CAMELS_SIMBA_1000U/LH_298_hlist_0.75065.list,true,7386,7386,1.00000,/home/ml/thesis-camels/data/raw/CAMELS_SIMBA_1000U/LH_298_hlist_1.00000.list,true,7576,7576,train,test,train,NONE
LH_299,299,/home/ml/thesis-camels/data/raw/CAMELS_SIMBA_1000U,row_universe_id=LH_299;universe_index=299;omega_m=0.2798,0.20000,/home/ml/thesis-camels/data/raw/CAMELS_SIMBA_1000U/LH_299_hlist_0.20000.list,true,3840,3840,0.25000,/home/ml/thesis-camels/data/raw/CAMELS_SIMBA_1000U/LH_299_hlist_0.25000.list,true,5425,5425,0.51209,/home/ml/thesis-camels/data/raw/CAMELS_SIMBA_1000U/LH_299_hlist_0.51209.list,true,7450,7450,0.75065,/home/ml/thesis-camels/data/raw/CAMELS_SIMBA_1000U/LH_299_hlist_0.75065.list,true,6951,6951,1.00000,/home/ml/thesis-camels/data/raw/CAMELS_SIMBA_1000U/LH_299_hlist_1.00000.list,true,6891,6891,train,train,train,NONE
LH_300,300,/home/ml/thesis-camels/data/raw/CAMELS_SIMBA_1000U,row_universe_id=LH_300;universe_index=300;omega_m=0.2614,0.20000,/home/ml/thesis-camels/data/raw/CAMELS_SIMBA_1000U/LH_300_hlist_0.20000.list,true,6191,6191,0.25000,/home/ml/thesis-camels/data/raw/CAMELS_SIMBA_1000U/LH_300_hlist_0.25000.list,true,6981,6981,0.51209,/home/ml/thesis-camels/data/raw/CAMELS_SIMBA_1000U/LH_300_hlist_0.51209.list,true,6626,6626,0.75065,/home/ml/thesis-camels/data/raw/CAMELS_SIMBA_1000U/LH_300_hlist_0.75065.list,true,6009,6009,1.00000,/home/ml/thesis-camels/data/raw/CAMELS_SIMBA_1000U/LH_300_hlist_1.00000.list,true,6130,6130,test,validation,train,NONE
LH_301,301,/home/ml/thesis-camels/data/raw/CAMELS_SIMBA_1000U,row_universe_id=LH_301;universe_index=301;omega_m=0.3262,0.20000,/home/ml/thesis-camels/data/raw/CAMELS_SIMBA_1000U/LH_301_hlist_0.20000.list,true,5020,5020,0.25000,/home/ml/thesis-camels/data/raw/CAMELS_SIMBA_1000U/LH_301_hlist_0.25000.list,true,6294,6294,0.51209,/home/ml/thesis-camels/data/raw/CAMELS_SIMBA_1000U/LH_301_hlist_0.51209.list,true,7342,7342,0.75065,/home/ml/thesis-camels/data/raw/CAMELS_SIMBA_1000U/LH_301_hlist_0.75065.list,true,6658,6658,1.00000,/home/ml/thesis-camels/data/raw/CAMELS_SIMBA_1000U/LH_301_hlist_1.00000.list,true,6688,6688,train,train,test,NONE
LH_302,302,/home/ml/thesis-camels/data/raw/CAMELS_SIMBA_1000U,row_universe_id=LH_302;universe_index=302;omega_m=0.2462,0.20000,/home/ml/thesis-camels/data/raw/CAMELS_SIMBA_1000U/LH_302_hlist_0.20000.list,true,3389,3389,0.25000,/home/ml/thesis-camels/data/raw/CAMELS_SIMBA_1000U/LH_302_hlist_0.25000.list,true,4831,4831,0.51209,/home/ml/thesis-camels/data/raw/CAMELS_SIMBA_1000U/LH_302_hlist_0.51209.list,true,7069,7069,0.75065,/home/ml/thesis-camels/data/raw/CAMELS_SIMBA_1000U/LH_302_hlist_0.75065.list,true,7018,7018,1.00000,/home/ml/thesis-camels/data/raw/CAMELS_SIMBA_1000U/LH_302_hlist_1.00000.list,true,7184,7184,train,train,train,NONE
LH_303,303,/home/ml/thesis-camels/data/raw/CAMELS_SIMBA_1000U,row_universe_id=LH_303;universe_index=303;omega_m=0.1594,0.20000,/home/ml/thesis-camels/data/raw/CAMELS_SIMBA_1000U/LH_303_hlist_0.20000.list,true,577,577,0.25000,/home/ml/thesis-camels/data/raw/CAMELS_SIMBA_1000U/LH_303_hlist_0.25000.list,true,2044,2044,0.51209,/home/ml/thesis-camels/data/raw/CAMELS_SIMBA_1000U/LH_303_hlist_0.51209.list,true,5433,5433,0.75065,/home/ml/thesis-camels/data/raw/CAMELS_SIMBA_1000U/LH_303_hlist_0.75065.list,true,5822,5822,1.00000,/home/ml/thesis-camels/data/raw/CAMELS_SIMBA_1000U/LH_303_hlist_1.00000.list,true,6386,6386,train,train,train,NONE
LH_304,304,/home/ml/thesis-camels/data/raw/CAMELS_SIMBA_1000U,row_universe_id=LH_304;universe_index=304;omega_m=0.1926,0.20000,/home/ml/thesis-camels/data/raw/CAMELS_SIMBA_1000U/LH_304_hlist_0.20000.list,true,1721,1721,0.25000,/home/ml/thesis-camels/data/raw/CAMELS_SIMBA_1000U/LH_304_hlist_0.25000.list,true,3044,3044,0.51209,/home/ml/thesis-camels/data/raw/CAMELS_SIMBA_1000U/LH_304_hlist_0.51209.list,true,6025,6025,0.75065,/home/ml/thesis-camels/data/raw/CAMELS_SIMBA_1000U/LH_304_hlist_0.75065.list,true,6341,6341,1.00000,/home/ml/thesis-camels/data/raw/CAMELS_SIMBA_1000U/LH_304_hlist_1.00000.list,true,6951,6951,train,train,test,NONE
LH_305,305,/home/ml/thesis-camels/data/raw/CAMELS_SIMBA_1000U,row_universe_id=LH_305;universe_index=305;omega_m=0.457,0.20000,/home/ml/thesis-camels/data/raw/CAMELS_SIMBA_1000U/LH_305_hlist_0.20000.list,true,7661,7661,0.25000,/home/ml/thesis-camels/data/raw/CAMELS_SIMBA_1000U/LH_305_hlist_0.25000.list,true,8556,8556,0.51209,/home/ml/thesis-camels/data/raw/CAMELS_SIMBA_1000U/LH_305_hlist_0.51209.list,true,8232,8232,0.75065,/home/ml/thesis-camels/data/raw/CAMELS_SIMBA_1000U/LH_305_hlist_0.75065.list,true,7061,7061,1.00000,/home/ml/thesis-camels/data/raw/CAMELS_SIMBA_1000U/LH_305_hlist_1.00000.list,true,6666,6666,test,train,train,NONE
LH_306,306,/home/ml/thesis-camels/data/raw/CAMELS_SIMBA_1000U,row_universe_id=LH_306;universe_index=306;omega_m=0.251,0.20000,/home/ml/thesis-camels/data/raw/CAMELS_SIMBA_1000U/LH_306_hlist_0.20000.list,true,4730,4730,0.25000,/home/ml/thesis-camels/data/raw/CAMELS_SIMBA_1000U/LH_306_hlist_0.25000.list,true,6068,6068,0.51209,/home/ml/thesis-camels/data/raw/CAMELS_SIMBA_1000U/LH_306_hlist_0.51209.list,true,6935,6935,0.75065,/home/ml/thesis-camels/data/raw/CAMELS_SIMBA_1000U/LH_306_hlist_0.75065.list,true,6394,6394,1.00000,/home/ml/thesis-camels/data/raw/CAMELS_SIMBA_1000U/LH_306_hlist_1.00000.list,true,6569,6569,train,train,train,NONE
LH_307,307,/home/ml/thesis-camels/data/raw/CAMELS_SIMBA_1000U,row_universe_id=LH_307;universe_index=307;omega_m=0.375,0.20000,/home/ml/thesis-camels/data/raw/CAMELS_SIMBA_1000U/LH_307_hlist_0.20000.list,true,3701,3701,0.25000,/home/ml/thesis-camels/data/raw/CAMELS_SIMBA_1000U/LH_307_hlist_0.25000.list,true,5440,5440,0.51209,/home/ml/thesis-camels/data/raw/CAMELS_SIMBA_1000U/LH_307_hlist_0.51209.list,true,8181,8181,0.75065,/home/ml/thesis-camels/data/raw/CAMELS_SIMBA_1000U/LH_307_hlist_0.75065.list,true,7849,7849,1.00000,/home/ml/thesis-camels/data/raw/CAMELS_SIMBA_1000U/LH_307_hlist_1.00000.list,true,7798,7798,train,train,validation,NONE
LH_308,308,/home/ml/thesis-camels/data/raw/CAMELS_SIMBA_1000U,row_universe_id=LH_308;universe_index=308;omega_m=0.361,0.20000,/home/ml/thesis-camels/data/raw/CAMELS_SIMBA_1000U/LH_308_hlist_0.20000.list,true,6735,6735,0.25000,/home/ml/thesis-camels/data/raw/CAMELS_SIMBA_1000U/LH_308_hlist_0.25000.list,true,7673,7673,0.51209,/home/ml/thesis-camels/data/raw/CAMELS_SIMBA_1000U/LH_308_hlist_0.51209.list,true,7172,7172,0.75065,/home/ml/thesis-camels/data/raw/CAMELS_SIMBA_1000U/LH_308_hlist_0.75065.list,true,6357,6357,1.00000,/home/ml/thesis-camels/data/raw/CAMELS_SIMBA_1000U/LH_308_hlist_1.00000.list,true,6146,6146,train,train,train,NONE
LH_309,309,/home/ml/thesis-camels/data/raw/CAMELS_SIMBA_1000U,row_universe_id=LH_309;universe_index=309;omega_m=0.2226,0.20000,/home/ml/thesis-camels/data/raw/CAMELS_SIMBA_1000U/LH_309_hlist_0.20000.list,true,3275,3275,0.25000,/home/ml/thesis-camels/data/raw/CAMELS_SIMBA_1000U/LH_309_hlist_0.25000.list,true,4718,4718,0.51209,/home/ml/thesis-camels/data/raw/CAMELS_SIMBA_1000U/LH_309_hlist_0.51209.list,true,6397,6397,0.75065,/home/ml/thesis-camels/data/raw/CAMELS_SIMBA_1000U/LH_309_hlist_0.75065.list,true,6305,6305,1.00000,/home/ml/thesis-camels/data/raw/CAMELS_SIMBA_1000U/LH_309_hlist_1.00000.list,true,6555,6555,train,validation,train,NONE
LH_310,310,/home/ml/thesis-camels/data/raw/CAMELS_SIMBA_1000U,row_universe_id=LH_310;universe_index=310;omega_m=0.1922,0.20000,/home/ml/thesis-camels/data/raw/CAMELS_SIMBA_1000U/LH_310_hlist_0.20000.list,true,2691,2691,0.25000,/home/ml/thesis-camels/data/raw/CAMELS_SIMBA_1000U/LH_310_hlist_0.25000.list,true,4172,4172,0.51209,/home/ml/thesis-camels/data/raw/CAMELS_SIMBA_1000U/LH_310_hlist_0.51209.list,true,6164,6164,0.75065,/home/ml/thesis-camels/data/raw/CAMELS_SIMBA_1000U/LH_310_hlist_0.75065.list,true,6217,6217,1.00000,/home/ml/thesis-camels/data/raw/CAMELS_SIMBA_1000U/LH_310_hlist_1.00000.list,true,6686,6686,train,train,train,NONE
LH_311,311,/home/ml/thesis-camels/data/raw/CAMELS_SIMBA_1000U,row_universe_id=LH_311;universe_index=311;omega_m=0.1086,0.20000,/home/ml/thesis-camels/data/raw/CAMELS_SIMBA_1000U/LH_311_hlist_0.20000.list,true,398,398,0.25000,/home/ml/thesis-camels/data/raw/CAMELS_SIMBA_1000U/LH_311_hlist_0.25000.list,true,1720,1720,0.51209,/home/ml/thesis-camels/data/raw/CAMELS_SIMBA_1000U/LH_311_hlist_0.51209.list,true,3930,3930,0.75065,/home/ml/thesis-camels/data/raw/CAMELS_SIMBA_1000U/LH_311_hlist_0.75065.list,true,4212,4212,1.00000,/home/ml/thesis-camels/data/raw/CAMELS_SIMBA_1000U/LH_311_hlist_1.00000.list,true,4676,4676,train,test,train,NONE
LH_312,312,/home/ml/thesis-camels/data/raw/CAMELS_SIMBA_1000U,row_universe_id=LH_312;universe_index=312;omega_m=0.1754,0.20000,/home/ml/thesis-camels/data/raw/CAMELS_SIMBA_1000U/LH_312_hlist_0.20000.list,true,4071,4071,0.25000,/home/ml/thesis-camels/data/raw/CAMELS_SIMBA_1000U/LH_312_hlist_0.25000.list,true,5406,5406,0.51209,/home/ml/thesis-camels/data/raw/CAMELS_SIMBA_1000U/LH_312_hlist_0.51209.list,true,6415,6415,0.75065,/home/ml/thesis-camels/data/raw/CAMELS_SIMBA_1000U/LH_312_hlist_0.75065.list,true,6180,6180,1.00000,/home/ml/thesis-camels/data/raw/CAMELS_SIMBA_1000U/LH_312_hlist_1.00000.list,true,6388,6388,train,test,train,NONE
LH_313,313,/home/ml/thesis-camels/data/raw/CAMELS_SIMBA_1000U,row_universe_id=LH_313;universe_index=313;omega_m=0.1242,0.20000,/home/ml/thesis-camels/data/raw/CAMELS_SIMBA_1000U/LH_313_hlist_0.20000.list,true,1132,1132,0.25000,/home/ml/thesis-camels/data/raw/CAMELS_SIMBA_1000U/LH_313_hlist_0.25000.list,true,2123,2123,0.51209,/home/ml/thesis-camels/data/raw/CAMELS_SIMBA_1000U/LH_313_hlist_0.51209.list,true,4169,4169,0.75065,/home/ml/thesis-camels/data/raw/CAMELS_SIMBA_1000U/LH_313_hlist_0.75065.list,true,4621,4621,1.00000,/home/ml/thesis-camels/data/raw/CAMELS_SIMBA_1000U/LH_313_hlist_1.00000.list,true,5315,5315,train,test,validation,NONE
LH_314,314,/home/ml/thesis-camels/data/raw/CAMELS_SIMBA_1000U,row_universe_id=LH_314;universe_index=314;omega_m=0.1614,0.20000,/home/ml/thesis-camels/data/raw/CAMELS_SIMBA_1000U/LH_314_hlist_0.20000.list,true,1048,1048,0.25000,/home/ml/thesis-camels/data/raw/CAMELS_SIMBA_1000U/LH_314_hlist_0.25000.list,true,2275,2275,0.51209,/home/ml/thesis-camels/data/raw/CAMELS_SIMBA_1000U/LH_314_hlist_0.51209.list,true,5044,5044,0.75065,/home/ml/thesis-camels/data/raw/CAMELS_SIMBA_1000U/LH_314_hlist_0.75065.list,true,5467,5467,1.00000,/home/ml/thesis-camels/data/raw/CAMELS_SIMBA_1000U/LH_314_hlist_1.00000.list,true,6182,6182,test,train,test,NONE
LH_315,315,/home/ml/thesis-camels/data/raw/CAMELS_SIMBA_1000U,row_universe_id=LH_315;universe_index=315;omega_m=0.3422,0.20000,/home/ml/thesis-camels/data/raw/CAMELS_SIMBA_1000U/LH_315_hlist_0.20000.list,true,5927,5927,0.25000,/home/ml/thesis-camels/data/raw/CAMELS_SIMBA_1000U/LH_315_hlist_0.25000.list,true,7377,7377,0.51209,/home/ml/thesis-camels/data/raw/CAMELS_SIMBA_1000U/LH_315_hlist_0.51209.list,true,7675,7675,0.75065,/home/ml/thesis-camels/data/raw/CAMELS_SIMBA_1000U/LH_315_hlist_0.75065.list,true,6753,6753,1.00000,/home/ml/thesis-camels/data/raw/CAMELS_SIMBA_1000U/LH_315_hlist_1.00000.list,true,6670,6670,train,train,train,NONE
LH_316,316,/home/ml/thesis-camels/data/raw/CAMELS_SIMBA_1000U,row_universe_id=LH_316;universe_index=316;omega_m=0.1634,0.20000,/home/ml/thesis-camels/data/raw/CAMELS_SIMBA_1000U/LH_316_hlist_0.20000.list,true,3130,3130,0.25000,/home/ml/thesis-camels/data/raw/CAMELS_SIMBA_1000U/LH_316_hlist_0.25000.list,true,4476,4476,0.51209,/home/ml/thesis-camels/data/raw/CAMELS_SIMBA_1000U/LH_316_hlist_0.51209.list,true,5819,5819,0.75065,/home/ml/thesis-camels/data/raw/CAMELS_SIMBA_1000U/LH_316_hlist_0.75065.list,true,5809,5809,1.00000,/home/ml/thesis-camels/data/raw/CAMELS_SIMBA_1000U/LH_316_hlist_1.00000.list,true,6027,6027,train,train,train,NONE
LH_317,317,/home/ml/thesis-camels/data/raw/CAMELS_SIMBA_1000U,row_universe_id=LH_317;universe_index=317;omega_m=0.4594,0.20000,/home/ml/thesis-camels/data/raw/CAMELS_SIMBA_1000U/LH_317_hlist_0.20000.list,true,6642,6642,0.25000,/home/ml/thesis-camels/data/raw/CAMELS_SIMBA_1000U/LH_317_hlist_0.25000.list,true,7647,7647,0.51209,/home/ml/thesis-camels/data/raw/CAMELS_SIMBA_1000U/LH_317_hlist_0.51209.list,true,7807,7807,0.75065,/home/ml/thesis-camels/data/raw/CAMELS_SIMBA_1000U/LH_317_hlist_0.75065.list,true,6757,6757,1.00000,/home/ml/thesis-camels/data/raw/CAMELS_SIMBA_1000U/LH_317_hlist_1.00000.list,true,6404,6404,train,train,train,NONE
LH_318,318,/home/ml/thesis-camels/data/raw/CAMELS_SIMBA_1000U,row_universe_id=LH_318;universe_index=318;omega_m=0.4998,0.20000,/home/ml/thesis-camels/data/raw/CAMELS_SIMBA_1000U/LH_318_hlist_0.20000.list,true,6109,6109,0.25000,/home/ml/thesis-camels/data/raw/CAMELS_SIMBA_1000U/LH_318_hlist_0.25000.list,true,7583,7583,0.51209,/home/ml/thesis-camels/data/raw/CAMELS_SIMBA_1000U/LH_318_hlist_0.51209.list,true,8717,8717,0.75065,/home/ml/thesis-camels/data/raw/CAMELS_SIMBA_1000U/LH_318_hlist_0.75065.list,true,7670,7670,1.00000,/home/ml/thesis-camels/data/raw/CAMELS_SIMBA_1000U/LH_318_hlist_1.00000.list,true,7098,7098,train,train,train,NONE
LH_319,319,/home/ml/thesis-camels/data/raw/CAMELS_SIMBA_1000U,row_universe_id=LH_319;universe_index=319;omega_m=0.4986,0.20000,/home/ml/thesis-camels/data/raw/CAMELS_SIMBA_1000U/LH_319_hlist_0.20000.list,true,4812,4812,0.25000,/home/ml/thesis-camels/data/raw/CAMELS_SIMBA_1000U/LH_319_hlist_0.25000.list,true,6602,6602,0.51209,/home/ml/thesis-camels/data/raw/CAMELS_SIMBA_1000U/LH_319_hlist_0.51209.list,true,8591,8591,0.75065,/home/ml/thesis-camels/data/raw/CAMELS_SIMBA_1000U/LH_319_hlist_0.75065.list,true,7767,7767,1.00000,/home/ml/thesis-camels/data/raw/CAMELS_SIMBA_1000U/LH_319_hlist_1.00000.list,true,7233,7233,test,train,test,NONE
LH_320,320,/home/ml/thesis-camels/data/raw/CAMELS_SIMBA_1000U,row_universe_id=LH_320;universe_index=320;omega_m=0.4882,0.20000,/home/ml/thesis-camels/data/raw/CAMELS_SIMBA_1000U/LH_320_hlist_0.20000.list,true,6968,6968,0.25000,/home/ml/thesis-camels/data/raw/CAMELS_SIMBA_1000U/LH_320_hlist_0.25000.list,true,8109,8109,0.51209,/home/ml/thesis-camels/data/raw/CAMELS_SIMBA_1000U/LH_320_hlist_0.51209.list,true,8333,8333,0.75065,/home/ml/thesis-camels/data/raw/CAMELS_SIMBA_1000U/LH_320_hlist_0.75065.list,true,7024,7024,1.00000,/home/ml/thesis-camels/data/raw/CAMELS_SIMBA_1000U/LH_320_hlist_1.00000.list,true,6707,6707,train,train,train,NONE
LH_321,321,/home/ml/thesis-camels/data/raw/CAMELS_SIMBA_1000U,row_universe_id=LH_321;universe_index=321;omega_m=0.365,0.20000,/home/ml/thesis-camels/data/raw/CAMELS_SIMBA_1000U/LH_321_hlist_0.20000.list,true,7129,7129,0.25000,/home/ml/thesis-camels/data/raw/CAMELS_SIMBA_1000U/LH_321_hlist_0.25000.list,true,7946,7946,0.51209,/home/ml/thesis-camels/data/raw/CAMELS_SIMBA_1000U/LH_321_hlist_0.51209.list,true,7611,7611,0.75065,/home/ml/thesis-camels/data/raw/CAMELS_SIMBA_1000U/LH_321_hlist_0.75065.list,true,6632,6632,1.00000,/home/ml/thesis-camels/data/raw/CAMELS_SIMBA_1000U/LH_321_hlist_1.00000.list,true,6314,6314,train,train,train,NONE
LH_322,322,/home/ml/thesis-camels/data/raw/CAMELS_SIMBA_1000U,row_universe_id=LH_322;universe_index=322;omega_m=0.105,0.20000,/home/ml/thesis-camels/data/raw/CAMELS_SIMBA_1000U/LH_322_hlist_0.20000.list,true,206,206,0.25000,/home/ml/thesis-camels/data/raw/CAMELS_SIMBA_1000U/LH_322_hlist_0.25000.list,true,1094,1094,0.51209,/home/ml/thesis-camels/data/raw/CAMELS_SIMBA_1000U/LH_322_hlist_0.51209.list,true,3624,3624,0.75065,/home/ml/thesis-camels/data/raw/CAMELS_SIMBA_1000U/LH_322_hlist_0.75065.list,true,4241,4241,1.00000,/home/ml/thesis-camels/data/raw/CAMELS_SIMBA_1000U/LH_322_hlist_1.00000.list,true,4912,4912,test,test,test,NONE
LH_323,323,/home/ml/thesis-camels/data/raw/CAMELS_SIMBA_1000U,row_universe_id=LH_323;universe_index=323;omega_m=0.4566,0.20000,/home/ml/thesis-camels/data/raw/CAMELS_SIMBA_1000U/LH_323_hlist_0.20000.list,true,8196,8196,0.25000,/home/ml/thesis-camels/data/raw/CAMELS_SIMBA_1000U/LH_323_hlist_0.25000.list,true,8802,8802,0.51209,/home/ml/thesis-camels/data/raw/CAMELS_SIMBA_1000U/LH_323_hlist_0.51209.list,true,7732,7732,0.75065,/home/ml/thesis-camels/data/raw/CAMELS_SIMBA_1000U/LH_323_hlist_0.75065.list,true,6274,6274,1.00000,/home/ml/thesis-camels/data/raw/CAMELS_SIMBA_1000U/LH_323_hlist_1.00000.list,true,5769,5769,test,test,train,NONE
LH_324,324,/home/ml/thesis-camels/data/raw/CAMELS_SIMBA_1000U,row_universe_id=LH_324;universe_index=324;omega_m=0.1186,0.20000,/home/ml/thesis-camels/data/raw/CAMELS_SIMBA_1000U/LH_324_hlist_0.20000.list,true,2178,2178,0.25000,/home/ml/thesis-camels/data/raw/CAMELS_SIMBA_1000U/LH_324_hlist_0.25000.list,true,3486,3486,0.51209,/home/ml/thesis-camels/data/raw/CAMELS_SIMBA_1000U/LH_324_hlist_0.51209.list,true,4655,4655,0.75065,/home/ml/thesis-camels/data/raw/CAMELS_SIMBA_1000U/LH_324_hlist_0.75065.list,true,4756,4756,1.00000,/home/ml/thesis-camels/data/raw/CAMELS_SIMBA_1000U/LH_324_hlist_1.00000.list,true,5172,5172,train,validation,validation,NONE
LH_325,325,/home/ml/thesis-camels/data/raw/CAMELS_SIMBA_1000U,row_universe_id=LH_325;universe_index=325;omega_m=0.1114,0.20000,/home/ml/thesis-camels/data/raw/CAMELS_SIMBA_1000U/LH_325_hlist_0.20000.list,true,182,182,0.25000,/home/ml/thesis-camels/data/raw/CAMELS_SIMBA_1000U/LH_325_hlist_0.25000.list,true,1076,1076,0.51209,/home/ml/thesis-camels/data/raw/CAMELS_SIMBA_1000U/LH_325_hlist_0.51209.list,true,3473,3473,0.75065,/home/ml/thesis-camels/data/raw/CAMELS_SIMBA_1000U/LH_325_hlist_0.75065.list,true,4168,4168,1.00000,/home/ml/thesis-camels/data/raw/CAMELS_SIMBA_1000U/LH_325_hlist_1.00000.list,true,4809,4809,train,train,test,NONE
LH_326,326,/home/ml/thesis-camels/data/raw/CAMELS_SIMBA_1000U,row_universe_id=LH_326;universe_index=326;omega_m=0.1882,0.20000,/home/ml/thesis-camels/data/raw/CAMELS_SIMBA_1000U/LH_326_hlist_0.20000.list,true,3924,3924,0.25000,/home/ml/thesis-camels/data/raw/CAMELS_SIMBA_1000U/LH_326_hlist_0.25000.list,true,5410,5410,0.51209,/home/ml/thesis-camels/data/raw/CAMELS_SIMBA_1000U/LH_326_hlist_0.51209.list,true,6202,6202,0.75065,/home/ml/thesis-camels/data/raw/CAMELS_SIMBA_1000U/LH_326_hlist_0.75065.list,true,5807,5807,1.00000,/home/ml/thesis-camels/data/raw/CAMELS_SIMBA_1000U/LH_326_hlist_1.00000.list,true,5982,5982,train,train,train,NONE
LH_327,327,/home/ml/thesis-camels/data/raw/CAMELS_SIMBA_1000U,row_universe_id=LH_327;universe_index=327;omega_m=0.1506,0.20000,/home/ml/thesis-camels/data/raw/CAMELS_SIMBA_1000U/LH_327_hlist_0.20000.list,true,3110,3110,0.25000,/home/ml/thesis-camels/data/raw/CAMELS_SIMBA_1000U/LH_327_hlist_0.25000.list,true,4377,4377,0.51209,/home/ml/thesis-camels/data/raw/CAMELS_SIMBA_1000U/LH_327_hlist_0.51209.list,true,5852,5852,0.75065,/home/ml/thesis-camels/data/raw/CAMELS_SIMBA_1000U/LH_327_hlist_0.75065.list,true,5877,5877,1.00000,/home/ml/thesis-camels/data/raw/CAMELS_SIMBA_1000U/LH_327_hlist_1.00000.list,true,6319,6319,train,train,test,NONE
LH_328,328,/home/ml/thesis-camels/data/raw/CAMELS_SIMBA_1000U,row_universe_id=LH_328;universe_index=328;omega_m=0.253,0.20000,/home/ml/thesis-camels/data/raw/CAMELS_SIMBA_1000U/LH_328_hlist_0.20000.list,true,6242,6242,0.25000,/home/ml/thesis-camels/data/raw/CAMELS_SIMBA_1000U/LH_328_hlist_0.25000.list,true,7163,7163,0.51209,/home/ml/thesis-camels/data/raw/CAMELS_SIMBA_1000U/LH_328_hlist_0.51209.list,true,6712,6712,0.75065,/home/ml/thesis-camels/data/raw/CAMELS_SIMBA_1000U/LH_328_hlist_0.75065.list,true,5926,5926,1.00000,/home/ml/thesis-camels/data/raw/CAMELS_SIMBA_1000U/LH_328_hlist_1.00000.list,true,6207,6207,train,train,train,NONE
LH_329,329,/home/ml/thesis-camels/data/raw/CAMELS_SIMBA_1000U,row_universe_id=LH_329;universe_index=329;omega_m=0.205,0.20000,/home/ml/thesis-camels/data/raw/CAMELS_SIMBA_1000U/LH_329_hlist_0.20000.list,true,2401,2401,0.25000,/home/ml/thesis-camels/data/raw/CAMELS_SIMBA_1000U/LH_329_hlist_0.25000.list,true,3954,3954,0.51209,/home/ml/thesis-camels/data/raw/CAMELS_SIMBA_1000U/LH_329_hlist_0.51209.list,true,6588,6588,0.75065,/home/ml/thesis-camels/data/raw/CAMELS_SIMBA_1000U/LH_329_hlist_0.75065.list,true,6829,6829,1.00000,/home/ml/thesis-camels/data/raw/CAMELS_SIMBA_1000U/LH_329_hlist_1.00000.list,true,7127,7127,train,test,train,NONE
LH_330,330,/home/ml/thesis-camels/data/raw/CAMELS_SIMBA_1000U,row_universe_id=LH_330;universe_index=330;omega_m=0.4758,0.20000,/home/ml/thesis-camels/data/raw/CAMELS_SIMBA_1000U/LH_330_hlist_0.20000.list,true,7506,7506,0.25000,/home/ml/thesis-camels/data/raw/CAMELS_SIMBA_1000U/LH_330_hlist_0.25000.list,true,8168,8168,0.51209,/home/ml/thesis-camels/data/raw/CAMELS_SIMBA_1000U/LH_330_hlist_0.51209.list,true,7170,7170,0.75065,/home/ml/thesis-camels/data/raw/CAMELS_SIMBA_1000U/LH_330_hlist_0.75065.list,true,6150,6150,1.00000,/home/ml/thesis-camels/data/raw/CAMELS_SIMBA_1000U/LH_330_hlist_1.00000.list,true,5744,5744,train,test,train,NONE
LH_331,331,/home/ml/thesis-camels/data/raw/CAMELS_SIMBA_1000U,row_universe_id=LH_331;universe_index=331;omega_m=0.459,0.20000,/home/ml/thesis-camels/data/raw/CAMELS_SIMBA_1000U/LH_331_hlist_0.20000.list,true,7768,7768,0.25000,/home/ml/thesis-camels/data/raw/CAMELS_SIMBA_1000U/LH_331_hlist_0.25000.list,true,8604,8604,0.51209,/home/ml/thesis-camels/data/raw/CAMELS_SIMBA_1000U/LH_331_hlist_0.51209.list,true,7873,7873,0.75065,/home/ml/thesis-camels/data/raw/CAMELS_SIMBA_1000U/LH_331_hlist_0.75065.list,true,6457,6457,1.00000,/home/ml/thesis-camels/data/raw/CAMELS_SIMBA_1000U/LH_331_hlist_1.00000.list,true,6109,6109,test,validation,test,NONE
LH_332,332,/home/ml/thesis-camels/data/raw/CAMELS_SIMBA_1000U,row_universe_id=LH_332;universe_index=332;omega_m=0.3354,0.20000,/home/ml/thesis-camels/data/raw/CAMELS_SIMBA_1000U/LH_332_hlist_0.20000.list,true,6100,6100,0.25000,/home/ml/thesis-camels/data/raw/CAMELS_SIMBA_1000U/LH_332_hlist_0.25000.list,true,7140,7140,0.51209,/home/ml/thesis-camels/data/raw/CAMELS_SIMBA_1000U/LH_332_hlist_0.51209.list,true,7541,7541,0.75065,/home/ml/thesis-camels/data/raw/CAMELS_SIMBA_1000U/LH_332_hlist_0.75065.list,true,6763,6763,1.00000,/home/ml/thesis-camels/data/raw/CAMELS_SIMBA_1000U/LH_332_hlist_1.00000.list,true,6631,6631,test,test,validation,NONE
LH_333,333,/home/ml/thesis-camels/data/raw/CAMELS_SIMBA_1000U,row_universe_id=LH_333;universe_index=333;omega_m=0.4642,0.20000,/home/ml/thesis-camels/data/raw/CAMELS_SIMBA_1000U/LH_333_hlist_0.20000.list,true,6087,6087,0.25000,/home/ml/thesis-camels/data/raw/CAMELS_SIMBA_1000U/LH_333_hlist_0.25000.list,true,7396,7396,0.51209,/home/ml/thesis-camels/data/raw/CAMELS_SIMBA_1000U/LH_333_hlist_0.51209.list,true,8227,8227,0.75065,/home/ml/thesis-camels/data/raw/CAMELS_SIMBA_1000U/LH_333_hlist_0.75065.list,true,7371,7371,1.00000,/home/ml/thesis-camels/data/raw/CAMELS_SIMBA_1000U/LH_333_hlist_1.00000.list,true,6901,6901,validation,train,test,NONE
LH_334,334,/home/ml/thesis-camels/data/raw/CAMELS_SIMBA_1000U,row_universe_id=LH_334;universe_index=334;omega_m=0.1598,0.20000,/home/ml/thesis-camels/data/raw/CAMELS_SIMBA_1000U/LH_334_hlist_0.20000.list,true,2410,2410,0.25000,/home/ml/thesis-camels/data/raw/CAMELS_SIMBA_1000U/LH_334_hlist_0.25000.list,true,3837,3837,0.51209,/home/ml/thesis-camels/data/raw/CAMELS_SIMBA_1000U/LH_334_hlist_0.51209.list,true,5664,5664,0.75065,/home/ml/thesis-camels/data/raw/CAMELS_SIMBA_1000U/LH_334_hlist_0.75065.list,true,5838,5838,1.00000,/home/ml/thesis-camels/data/raw/CAMELS_SIMBA_1000U/LH_334_hlist_1.00000.list,true,6224,6224,train,train,train,NONE
LH_335,335,/home/ml/thesis-camels/data/raw/CAMELS_SIMBA_1000U,row_universe_id=LH_335;universe_index=335;omega_m=0.2258,0.20000,/home/ml/thesis-camels/data/raw/CAMELS_SIMBA_1000U/LH_335_hlist_0.20000.list,true,3282,3282,0.25000,/home/ml/thesis-camels/data/raw/CAMELS_SIMBA_1000U/LH_335_hlist_0.25000.list,true,4769,4769,0.51209,/home/ml/thesis-camels/data/raw/CAMELS_SIMBA_1000U/LH_335_hlist_0.51209.list,true,6575,6575,0.75065,/home/ml/thesis-camels/data/raw/CAMELS_SIMBA_1000U/LH_335_hlist_0.75065.list,true,6397,6397,1.00000,/home/ml/thesis-camels/data/raw/CAMELS_SIMBA_1000U/LH_335_hlist_1.00000.list,true,6645,6645,train,train,train,NONE
LH_336,336,/home/ml/thesis-camels/data/raw/CAMELS_SIMBA_1000U,row_universe_id=LH_336;universe_index=336;omega_m=0.3114,0.20000,/home/ml/thesis-camels/data/raw/CAMELS_SIMBA_1000U/LH_336_hlist_0.20000.list,true,6385,6385,0.25000,/home/ml/thesis-camels/data/raw/CAMELS_SIMBA_1000U/LH_336_hlist_0.25000.list,true,7471,7471,0.51209,/home/ml/thesis-camels/data/raw/CAMELS_SIMBA_1000U/LH_336_hlist_0.51209.list,true,7420,7420,0.75065,/home/ml/thesis-camels/data/raw/CAMELS_SIMBA_1000U/LH_336_hlist_0.75065.list,true,6236,6236,1.00000,/home/ml/thesis-camels/data/raw/CAMELS_SIMBA_1000U/LH_336_hlist_1.00000.list,true,6244,6244,train,train,validation,NONE
LH_337,337,/home/ml/thesis-camels/data/raw/CAMELS_SIMBA_1000U,row_universe_id=LH_337;universe_index=337;omega_m=0.3486,0.20000,/home/ml/thesis-camels/data/raw/CAMELS_SIMBA_1000U/LH_337_hlist_0.20000.list,true,7273,7273,0.25000,/home/ml/thesis-camels/data/raw/CAMELS_SIMBA_1000U/LH_337_hlist_0.25000.list,true,8038,8038,0.51209,/home/ml/thesis-camels/data/raw/CAMELS_SIMBA_1000U/LH_337_hlist_0.51209.list,true,7218,7218,0.75065,/home/ml/thesis-camels/data/raw/CAMELS_SIMBA_1000U/LH_337_hlist_0.75065.list,true,6248,6248,1.00000,/home/ml/thesis-camels/data/raw/CAMELS_SIMBA_1000U/LH_337_hlist_1.00000.list,true,6098,6098,train,train,validation,NONE
LH_338,338,/home/ml/thesis-camels/data/raw/CAMELS_SIMBA_1000U,row_universe_id=LH_338;universe_index=338;omega_m=0.2402,0.20000,/home/ml/thesis-camels/data/raw/CAMELS_SIMBA_1000U/LH_338_hlist_0.20000.list,true,1798,1798,0.25000,/home/ml/thesis-camels/data/raw/CAMELS_SIMBA_1000U/LH_338_hlist_0.25000.list,true,3350,3350,0.51209,/home/ml/thesis-camels/data/raw/CAMELS_SIMBA_1000U/LH_338_hlist_0.51209.list,true,6690,6690,0.75065,/home/ml/thesis-camels/data/raw/CAMELS_SIMBA_1000U/LH_338_hlist_0.75065.list,true,6844,6844,1.00000,/home/ml/thesis-camels/data/raw/CAMELS_SIMBA_1000U/LH_338_hlist_1.00000.list,true,7333,7333,validation,train,test,NONE
LH_339,339,/home/ml/thesis-camels/data/raw/CAMELS_SIMBA_1000U,row_universe_id=LH_339;universe_index=339;omega_m=0.1362,0.20000,/home/ml/thesis-camels/data/raw/CAMELS_SIMBA_1000U/LH_339_hlist_0.20000.list,true,3292,3292,0.25000,/home/ml/thesis-camels/data/raw/CAMELS_SIMBA_1000U/LH_339_hlist_0.25000.list,true,4476,4476,0.51209,/home/ml/thesis-camels/data/raw/CAMELS_SIMBA_1000U/LH_339_hlist_0.51209.list,true,5351,5351,0.75065,/home/ml/thesis-camels/data/raw/CAMELS_SIMBA_1000U/LH_339_hlist_0.75065.list,true,5380,5380,1.00000,/home/ml/thesis-camels/data/raw/CAMELS_SIMBA_1000U/LH_339_hlist_1.00000.list,true,5845,5845,train,train,test,NONE
LH_340,340,/home/ml/thesis-camels/data/raw/CAMELS_SIMBA_1000U,row_universe_id=LH_340;universe_index=340;omega_m=0.125,0.20000,/home/ml/thesis-camels/data/raw/CAMELS_SIMBA_1000U/LH_340_hlist_0.20000.list,true,1631,1631,0.25000,/home/ml/thesis-camels/data/raw/CAMELS_SIMBA_1000U/LH_340_hlist_0.25000.list,true,2677,2677,0.51209,/home/ml/thesis-camels/data/raw/CAMELS_SIMBA_1000U/LH_340_hlist_0.51209.list,true,4728,4728,0.75065,/home/ml/thesis-camels/data/raw/CAMELS_SIMBA_1000U/LH_340_hlist_0.75065.list,true,5071,5071,1.00000,/home/ml/thesis-camels/data/raw/CAMELS_SIMBA_1000U/LH_340_hlist_1.00000.list,true,5519,5519,train,test,train,NONE
LH_341,341,/home/ml/thesis-camels/data/raw/CAMELS_SIMBA_1000U,row_universe_id=LH_341;universe_index=341;omega_m=0.2634,0.20000,/home/ml/thesis-camels/data/raw/CAMELS_SIMBA_1000U/LH_341_hlist_0.20000.list,true,5836,5836,0.25000,/home/ml/thesis-camels/data/raw/CAMELS_SIMBA_1000U/LH_341_hlist_0.25000.list,true,6770,6770,0.51209,/home/ml/thesis-camels/data/raw/CAMELS_SIMBA_1000U/LH_341_hlist_0.51209.list,true,6625,6625,0.75065,/home/ml/thesis-camels/data/raw/CAMELS_SIMBA_1000U/LH_341_hlist_0.75065.list,true,6136,6136,1.00000,/home/ml/thesis-camels/data/raw/CAMELS_SIMBA_1000U/LH_341_hlist_1.00000.list,true,6226,6226,train,test,train,NONE
LH_342,342,/home/ml/thesis-camels/data/raw/CAMELS_SIMBA_1000U,row_universe_id=LH_342;universe_index=342;omega_m=0.1094,0.20000,/home/ml/thesis-camels/data/raw/CAMELS_SIMBA_1000U/LH_342_hlist_0.20000.list,true,1392,1392,0.25000,/home/ml/thesis-camels/data/raw/CAMELS_SIMBA_1000U/LH_342_hlist_0.25000.list,true,2472,2472,0.51209,/home/ml/thesis-camels/data/raw/CAMELS_SIMBA_1000U/LH_342_hlist_0.51209.list,true,4377,4377,0.75065,/home/ml/thesis-camels/data/raw/CAMELS_SIMBA_1000U/LH_342_hlist_0.75065.list,true,4708,4708,1.00000,/home/ml/thesis-camels/data/raw/CAMELS_SIMBA_1000U/LH_342_hlist_1.00000.list,true,5279,5279,train,test,test,NONE
LH_343,343,/home/ml/thesis-camels/data/raw/CAMELS_SIMBA_1000U,row_universe_id=LH_343;universe_index=343;omega_m=0.247,0.20000,/home/ml/thesis-camels/data/raw/CAMELS_SIMBA_1000U/LH_343_hlist_0.20000.list,true,4998,4998,0.25000,/home/ml/thesis-camels/data/raw/CAMELS_SIMBA_1000U/LH_343_hlist_0.25000.list,true,6221,6221,0.51209,/home/ml/thesis-camels/data/raw/CAMELS_SIMBA_1000U/LH_343_hlist_0.51209.list,true,7379,7379,0.75065,/home/ml/thesis-camels/data/raw/CAMELS_SIMBA_1000U/LH_343_hlist_0.75065.list,true,6673,6673,1.00000,/home/ml/thesis-camels/data/raw/CAMELS_SIMBA_1000U/LH_343_hlist_1.00000.list,true,6666,6666,train,train,train,NONE
LH_344,344,/home/ml/thesis-camels/data/raw/CAMELS_SIMBA_1000U,row_universe_id=LH_344;universe_index=344;omega_m=0.381,0.20000,/home/ml/thesis-camels/data/raw/CAMELS_SIMBA_1000U/LH_344_hlist_0.20000.list,true,7606,7606,0.25000,/home/ml/thesis-camels/data/raw/CAMELS_SIMBA_1000U/LH_344_hlist_0.25000.list,true,8132,8132,0.51209,/home/ml/thesis-camels/data/raw/CAMELS_SIMBA_1000U/LH_344_hlist_0.51209.list,true,7165,7165,0.75065,/home/ml/thesis-camels/data/raw/CAMELS_SIMBA_1000U/LH_344_hlist_0.75065.list,true,6204,6204,1.00000,/home/ml/thesis-camels/data/raw/CAMELS_SIMBA_1000U/LH_344_hlist_1.00000.list,true,6022,6022,test,test,test,NONE
LH_345,345,/home/ml/thesis-camels/data/raw/CAMELS_SIMBA_1000U,row_universe_id=LH_345;universe_index=345;omega_m=0.3394,0.20000,/home/ml/thesis-camels/data/raw/CAMELS_SIMBA_1000U/LH_345_hlist_0.20000.list,true,4038,4038,0.25000,/home/ml/thesis-camels/data/raw/CAMELS_SIMBA_1000U/LH_345_hlist_0.25000.list,true,5635,5635,0.51209,/home/ml/thesis-camels/data/raw/CAMELS_SIMBA_1000U/LH_345_hlist_0.51209.list,true,8008,8008,0.75065,/home/ml/thesis-camels/data/raw/CAMELS_SIMBA_1000U/LH_345_hlist_0.75065.list,true,7638,7638,1.00000,/home/ml/thesis-camels/data/raw/CAMELS_SIMBA_1000U/LH_345_hlist_1.00000.list,true,7622,7622,train,test,train,NONE
LH_346,346,/home/ml/thesis-camels/data/raw/CAMELS_SIMBA_1000U,row_universe_id=LH_346;universe_index=346;omega_m=0.3338,0.20000,/home/ml/thesis-camels/data/raw/CAMELS_SIMBA_1000U/LH_346_hlist_0.20000.list,true,4263,4263,0.25000,/home/ml/thesis-camels/data/raw/CAMELS_SIMBA_1000U/LH_346_hlist_0.25000.list,true,5755,5755,0.51209,/home/ml/thesis-camels/data/raw/CAMELS_SIMBA_1000U/LH_346_hlist_0.51209.list,true,8097,8097,0.75065,/home/ml/thesis-camels/data/raw/CAMELS_SIMBA_1000U/LH_346_hlist_0.75065.list,true,7528,7528,1.00000,/home/ml/thesis-camels/data/raw/CAMELS_SIMBA_1000U/LH_346_hlist_1.00000.list,true,7429,7429,test,train,train,NONE
LH_347,347,/home/ml/thesis-camels/data/raw/CAMELS_SIMBA_1000U,row_universe_id=LH_347;universe_index=347;omega_m=0.189,0.20000,/home/ml/thesis-camels/data/raw/CAMELS_SIMBA_1000U/LH_347_hlist_0.20000.list,true,2593,2593,0.25000,/home/ml/thesis-camels/data/raw/CAMELS_SIMBA_1000U/LH_347_hlist_0.25000.list,true,4023,4023,0.51209,/home/ml/thesis-camels/data/raw/CAMELS_SIMBA_1000U/LH_347_hlist_0.51209.list,true,6190,6190,0.75065,/home/ml/thesis-camels/data/raw/CAMELS_SIMBA_1000U/LH_347_hlist_0.75065.list,true,6228,6228,1.00000,/home/ml/thesis-camels/data/raw/CAMELS_SIMBA_1000U/LH_347_hlist_1.00000.list,true,6643,6643,validation,train,train,NONE
LH_348,348,/home/ml/thesis-camels/data/raw/CAMELS_SIMBA_1000U,row_universe_id=LH_348;universe_index=348;omega_m=0.3222,0.20000,/home/ml/thesis-camels/data/raw/CAMELS_SIMBA_1000U/LH_348_hlist_0.20000.list,true,6492,6492,0.25000,/home/ml/thesis-camels/data/raw/CAMELS_SIMBA_1000U/LH_348_hlist_0.25000.list,true,7366,7366,0.51209,/home/ml/thesis-camels/data/raw/CAMELS_SIMBA_1000U/LH_348_hlist_0.51209.list,true,7405,7405,0.75065,/home/ml/thesis-camels/data/raw/CAMELS_SIMBA_1000U/LH_348_hlist_0.75065.list,true,6408,6408,1.00000,/home/ml/thesis-camels/data/raw/CAMELS_SIMBA_1000U/LH_348_hlist_1.00000.list,true,6298,6298,test,test,train,NONE
LH_349,349,/home/ml/thesis-camels/data/raw/CAMELS_SIMBA_1000U,row_universe_id=LH_349;universe_index=349;omega_m=0.421,0.20000,/home/ml/thesis-camels/data/raw/CAMELS_SIMBA_1000U/LH_349_hlist_0.20000.list,true,4596,4596,0.25000,/home/ml/thesis-camels/data/raw/CAMELS_SIMBA_1000U/LH_349_hlist_0.25000.list,true,6323,6323,0.51209,/home/ml/thesis-camels/data/raw/CAMELS_SIMBA_1000U/LH_349_hlist_0.51209.list,true,8880,8880,0.75065,/home/ml/thesis-camels/data/raw/CAMELS_SIMBA_1000U/LH_349_hlist_0.75065.list,true,8261,8261,1.00000,/home/ml/thesis-camels/data/raw/CAMELS_SIMBA_1000U/LH_349_hlist_1.00000.list,true,7997,7997,train,validation,train,NONE
LH_350,350,/home/ml/thesis-camels/data/raw/CAMELS_SIMBA_1000U,row_universe_id=LH_350;universe_index=350;omega_m=0.4938,0.20000,/home/ml/thesis-camels/data/raw/CAMELS_SIMBA_1000U/LH_350_hlist_0.20000.list,true,8118,8118,0.25000,/home/ml/thesis-camels/data/raw/CAMELS_SIMBA_1000U/LH_350_hlist_0.25000.list,true,8759,8759,0.51209,/home/ml/thesis-camels/data/raw/CAMELS_SIMBA_1000U/LH_350_hlist_0.51209.list,true,7546,7546,0.75065,/home/ml/thesis-camels/data/raw/CAMELS_SIMBA_1000U/LH_350_hlist_0.75065.list,true,6236,6236,1.00000,/home/ml/thesis-camels/data/raw/CAMELS_SIMBA_1000U/LH_350_hlist_1.00000.list,true,5862,5862,train,train,validation,NONE
LH_351,351,/home/ml/thesis-camels/data/raw/CAMELS_SIMBA_1000U,row_universe_id=LH_351;universe_index=351;omega_m=0.4506,0.20000,/home/ml/thesis-camels/data/raw/CAMELS_SIMBA_1000U/LH_351_hlist_0.20000.list,true,8493,8493,0.25000,/home/ml/thesis-camels/data/raw/CAMELS_SIMBA_1000U/LH_351_hlist_0.25000.list,true,8994,8994,0.51209,/home/ml/thesis-camels/data/raw/CAMELS_SIMBA_1000U/LH_351_hlist_0.51209.list,true,7722,7722,0.75065,/home/ml/thesis-camels/data/raw/CAMELS_SIMBA_1000U/LH_351_hlist_0.75065.list,true,6531,6531,1.00000,/home/ml/thesis-camels/data/raw/CAMELS_SIMBA_1000U/LH_351_hlist_1.00000.list,true,6120,6120,train,test,test,NONE
LH_352,352,/home/ml/thesis-camels/data/raw/CAMELS_SIMBA_1000U,row_universe_id=LH_352;universe_index=352;omega_m=0.351,0.20000,/home/ml/thesis-camels/data/raw/CAMELS_SIMBA_1000U/LH_352_hlist_0.20000.list,true,7257,7257,0.25000,/home/ml/thesis-camels/data/raw/CAMELS_SIMBA_1000U/LH_352_hlist_0.25000.list,true,8116,8116,0.51209,/home/ml/thesis-camels/data/raw/CAMELS_SIMBA_1000U/LH_352_hlist_0.51209.list,true,7505,7505,0.75065,/home/ml/thesis-camels/data/raw/CAMELS_SIMBA_1000U/LH_352_hlist_0.75065.list,true,6261,6261,1.00000,/home/ml/thesis-camels/data/raw/CAMELS_SIMBA_1000U/LH_352_hlist_1.00000.list,true,6110,6110,test,train,test,NONE
LH_353,353,/home/ml/thesis-camels/data/raw/CAMELS_SIMBA_1000U,row_universe_id=LH_353;universe_index=353;omega_m=0.3458,0.20000,/home/ml/thesis-camels/data/raw/CAMELS_SIMBA_1000U/LH_353_hlist_0.20000.list,true,6019,6019,0.25000,/home/ml/thesis-camels/data/raw/CAMELS_SIMBA_1000U/LH_353_hlist_0.25000.list,true,7169,7169,0.51209,/home/ml/thesis-camels/data/raw/CAMELS_SIMBA_1000U/LH_353_hlist_0.51209.list,true,7542,7542,0.75065,/home/ml/thesis-camels/data/raw/CAMELS_SIMBA_1000U/LH_353_hlist_0.75065.list,true,6826,6826,1.00000,/home/ml/thesis-camels/data/raw/CAMELS_SIMBA_1000U/LH_353_hlist_1.00000.list,true,6620,6620,train,validation,train,NONE
LH_354,354,/home/ml/thesis-camels/data/raw/CAMELS_SIMBA_1000U,row_universe_id=LH_354;universe_index=354;omega_m=0.4006,0.20000,/home/ml/thesis-camels/data/raw/CAMELS_SIMBA_1000U/LH_354_hlist_0.20000.list,true,6487,6487,0.25000,/home/ml/thesis-camels/data/raw/CAMELS_SIMBA_1000U/LH_354_hlist_0.25000.list,true,7583,7583,0.51209,/home/ml/thesis-camels/data/raw/CAMELS_SIMBA_1000U/LH_354_hlist_0.51209.list,true,7832,7832,0.75065,/home/ml/thesis-camels/data/raw/CAMELS_SIMBA_1000U/LH_354_hlist_0.75065.list,true,6849,6849,1.00000,/home/ml/thesis-camels/data/raw/CAMELS_SIMBA_1000U/LH_354_hlist_1.00000.list,true,6630,6630,train,train,train,NONE
LH_355,355,/home/ml/thesis-camels/data/raw/CAMELS_SIMBA_1000U,row_universe_id=LH_355;universe_index=355;omega_m=0.1562,0.20000,/home/ml/thesis-camels/data/raw/CAMELS_SIMBA_1000U/LH_355_hlist_0.20000.list,true,778,778,0.25000,/home/ml/thesis-camels/data/raw/CAMELS_SIMBA_1000U/LH_355_hlist_0.25000.list,true,1999,1999,0.51209,/home/ml/thesis-camels/data/raw/CAMELS_SIMBA_1000U/LH_355_hlist_0.51209.list,true,5240,5240,0.75065,/home/ml/thesis-camels/data/raw/CAMELS_SIMBA_1000U/LH_355_hlist_0.75065.list,true,5664,5664,1.00000,/home/ml/thesis-camels/data/raw/CAMELS_SIMBA_1000U/LH_355_hlist_1.00000.list,true,6084,6084,train,train,train,NONE
LH_356,356,/home/ml/thesis-camels/data/raw/CAMELS_SIMBA_1000U,row_universe_id=LH_356;universe_index=356;omega_m=0.153,0.20000,/home/ml/thesis-camels/data/raw/CAMELS_SIMBA_1000U/LH_356_hlist_0.20000.list,true,918,918,0.25000,/home/ml/thesis-camels/data/raw/CAMELS_SIMBA_1000U/LH_356_hlist_0.25000.list,true,2435,2435,0.51209,/home/ml/thesis-camels/data/raw/CAMELS_SIMBA_1000U/LH_356_hlist_0.51209.list,true,5462,5462,0.75065,/home/ml/thesis-camels/data/raw/CAMELS_SIMBA_1000U/LH_356_hlist_0.75065.list,true,5778,5778,1.00000,/home/ml/thesis-camels/data/raw/CAMELS_SIMBA_1000U/LH_356_hlist_1.00000.list,true,6309,6309,validation,test,train,NONE
LH_357,357,/home/ml/thesis-camels/data/raw/CAMELS_SIMBA_1000U,row_universe_id=LH_357;universe_index=357;omega_m=0.397,0.20000,/home/ml/thesis-camels/data/raw/CAMELS_SIMBA_1000U/LH_357_hlist_0.20000.list,true,4738,4738,0.25000,/home/ml/thesis-camels/data/raw/CAMELS_SIMBA_1000U/LH_357_hlist_0.25000.list,true,6341,6341,0.51209,/home/ml/thesis-camels/data/raw/CAMELS_SIMBA_1000U/LH_357_hlist_0.51209.list,true,8151,8151,0.75065,/home/ml/thesis-camels/data/raw/CAMELS_SIMBA_1000U/LH_357_hlist_0.75065.list,true,7276,7276,1.00000,/home/ml/thesis-camels/data/raw/CAMELS_SIMBA_1000U/LH_357_hlist_1.00000.list,true,7067,7067,train,test,train,NONE
LH_358,358,/home/ml/thesis-camels/data/raw/CAMELS_SIMBA_1000U,row_universe_id=LH_358;universe_index=358;omega_m=0.2098,0.20000,/home/ml/thesis-camels/data/raw/CAMELS_SIMBA_1000U/LH_358_hlist_0.20000.list,true,3373,3373,0.25000,/home/ml/thesis-camels/data/raw/CAMELS_SIMBA_1000U/LH_358_hlist_0.25000.list,true,4975,4975,0.51209,/home/ml/thesis-camels/data/raw/CAMELS_SIMBA_1000U/LH_358_hlist_0.51209.list,true,6862,6862,0.75065,/home/ml/thesis-camels/data/raw/CAMELS_SIMBA_1000U/LH_358_hlist_0.75065.list,true,6462,6462,1.00000,/home/ml/thesis-camels/data/raw/CAMELS_SIMBA_1000U/LH_358_hlist_1.00000.list,true,6630,6630,train,train,test,NONE
LH_359,359,/home/ml/thesis-camels/data/raw/CAMELS_SIMBA_1000U,row_universe_id=LH_359;universe_index=359;omega_m=0.245,0.20000,/home/ml/thesis-camels/data/raw/CAMELS_SIMBA_1000U/LH_359_hlist_0.20000.list,true,5890,5890,0.25000,/home/ml/thesis-camels/data/raw/CAMELS_SIMBA_1000U/LH_359_hlist_0.25000.list,true,6726,6726,0.51209,/home/ml/thesis-camels/data/raw/CAMELS_SIMBA_1000U/LH_359_hlist_0.51209.list,true,6463,6463,0.75065,/home/ml/thesis-camels/data/raw/CAMELS_SIMBA_1000U/LH_359_hlist_0.75065.list,true,5794,5794,1.00000,/home/ml/thesis-camels/data/raw/CAMELS_SIMBA_1000U/LH_359_hlist_1.00000.list,true,5824,5824,train,train,test,NONE
LH_360,360,/home/ml/thesis-camels/data/raw/CAMELS_SIMBA_1000U,row_universe_id=LH_360;universe_index=360;omega_m=0.1286,0.20000,/home/ml/thesis-camels/data/raw/CAMELS_SIMBA_1000U/LH_360_hlist_0.20000.list,true,3311,3311,0.25000,/home/ml/thesis-camels/data/raw/CAMELS_SIMBA_1000U/LH_360_hlist_0.25000.list,true,4392,4392,0.51209,/home/ml/thesis-camels/data/raw/CAMELS_SIMBA_1000U/LH_360_hlist_0.51209.list,true,5032,5032,0.75065,/home/ml/thesis-camels/data/raw/CAMELS_SIMBA_1000U/LH_360_hlist_0.75065.list,true,5203,5203,1.00000,/home/ml/thesis-camels/data/raw/CAMELS_SIMBA_1000U/LH_360_hlist_1.00000.list,true,5526,5526,train,test,train,NONE
LH_361,361,/home/ml/thesis-camels/data/raw/CAMELS_SIMBA_1000U,row_universe_id=LH_361;universe_index=361;omega_m=0.4654,0.20000,/home/ml/thesis-camels/data/raw/CAMELS_SIMBA_1000U/LH_361_hlist_0.20000.list,true,8459,8459,0.25000,/home/ml/thesis-camels/data/raw/CAMELS_SIMBA_1000U/LH_361_hlist_0.25000.list,true,9043,9043,0.51209,/home/ml/thesis-camels/data/raw/CAMELS_SIMBA_1000U/LH_361_hlist_0.51209.list,true,8026,8026,0.75065,/home/ml/thesis-camels/data/raw/CAMELS_SIMBA_1000U/LH_361_hlist_0.75065.list,true,6572,6572,1.00000,/home/ml/thesis-camels/data/raw/CAMELS_SIMBA_1000U/LH_361_hlist_1.00000.list,true,5968,5968,train,validation,test,NONE
LH_362,362,/home/ml/thesis-camels/data/raw/CAMELS_SIMBA_1000U,row_universe_id=LH_362;universe_index=362;omega_m=0.4558,0.20000,/home/ml/thesis-camels/data/raw/CAMELS_SIMBA_1000U/LH_362_hlist_0.20000.list,true,6265,6265,0.25000,/home/ml/thesis-camels/data/raw/CAMELS_SIMBA_1000U/LH_362_hlist_0.25000.list,true,7583,7583,0.51209,/home/ml/thesis-camels/data/raw/CAMELS_SIMBA_1000U/LH_362_hlist_0.51209.list,true,8175,8175,0.75065,/home/ml/thesis-camels/data/raw/CAMELS_SIMBA_1000U/LH_362_hlist_0.75065.list,true,7118,7118,1.00000,/home/ml/thesis-camels/data/raw/CAMELS_SIMBA_1000U/LH_362_hlist_1.00000.list,true,6798,6798,validation,train,test,NONE
LH_363,363,/home/ml/thesis-camels/data/raw/CAMELS_SIMBA_1000U,row_universe_id=LH_363;universe_index=363;omega_m=0.4786,0.20000,/home/ml/thesis-camels/data/raw/CAMELS_SIMBA_1000U/LH_363_hlist_0.20000.list,true,7168,7168,0.25000,/home/ml/thesis-camels/data/raw/CAMELS_SIMBA_1000U/LH_363_hlist_0.25000.list,true,8323,8323,0.51209,/home/ml/thesis-camels/data/raw/CAMELS_SIMBA_1000U/LH_363_hlist_0.51209.list,true,8364,8364,0.75065,/home/ml/thesis-camels/data/raw/CAMELS_SIMBA_1000U/LH_363_hlist_0.75065.list,true,7064,7064,1.00000,/home/ml/thesis-camels/data/raw/CAMELS_SIMBA_1000U/LH_363_hlist_1.00000.list,true,6502,6502,test,test,train,NONE
LH_364,364,/home/ml/thesis-camels/data/raw/CAMELS_SIMBA_1000U,row_universe_id=LH_364;universe_index=364;omega_m=0.3886,0.20000,/home/ml/thesis-camels/data/raw/CAMELS_SIMBA_1000U/LH_364_hlist_0.20000.list,true,3834,3834,0.25000,/home/ml/thesis-camels/data/raw/CAMELS_SIMBA_1000U/LH_364_hlist_0.25000.list,true,5659,5659,0.51209,/home/ml/thesis-camels/data/raw/CAMELS_SIMBA_1000U/LH_364_hlist_0.51209.list,true,8149,8149,0.75065,/home/ml/thesis-camels/data/raw/CAMELS_SIMBA_1000U/LH_364_hlist_0.75065.list,true,7503,7503,1.00000,/home/ml/thesis-camels/data/raw/CAMELS_SIMBA_1000U/LH_364_hlist_1.00000.list,true,7379,7379,train,train,train,NONE
LH_365,365,/home/ml/thesis-camels/data/raw/CAMELS_SIMBA_1000U,row_universe_id=LH_365;universe_index=365;omega_m=0.3618,0.20000,/home/ml/thesis-camels/data/raw/CAMELS_SIMBA_1000U/LH_365_hlist_0.20000.list,true,5845,5845,0.25000,/home/ml/thesis-camels/data/raw/CAMELS_SIMBA_1000U/LH_365_hlist_0.25000.list,true,7144,7144,0.51209,/home/ml/thesis-camels/data/raw/CAMELS_SIMBA_1000U/LH_365_hlist_0.51209.list,true,7932,7932,0.75065,/home/ml/thesis-camels/data/raw/CAMELS_SIMBA_1000U/LH_365_hlist_0.75065.list,true,6977,6977,1.00000,/home/ml/thesis-camels/data/raw/CAMELS_SIMBA_1000U/LH_365_hlist_1.00000.list,true,6751,6751,train,train,test,NONE
LH_366,366,/home/ml/thesis-camels/data/raw/CAMELS_SIMBA_1000U,row_universe_id=LH_366;universe_index=366;omega_m=0.3518,0.20000,/home/ml/thesis-camels/data/raw/CAMELS_SIMBA_1000U/LH_366_hlist_0.20000.list,true,6000,6000,0.25000,/home/ml/thesis-camels/data/raw/CAMELS_SIMBA_1000U/LH_366_hlist_0.25000.list,true,7313,7313,0.51209,/home/ml/thesis-camels/data/raw/CAMELS_SIMBA_1000U/LH_366_hlist_0.51209.list,true,7792,7792,0.75065,/home/ml/thesis-camels/data/raw/CAMELS_SIMBA_1000U/LH_366_hlist_0.75065.list,true,6829,6829,1.00000,/home/ml/thesis-camels/data/raw/CAMELS_SIMBA_1000U/LH_366_hlist_1.00000.list,true,6762,6762,train,train,validation,NONE
LH_367,367,/home/ml/thesis-camels/data/raw/CAMELS_SIMBA_1000U,row_universe_id=LH_367;universe_index=367;omega_m=0.3614,0.20000,/home/ml/thesis-camels/data/raw/CAMELS_SIMBA_1000U/LH_367_hlist_0.20000.list,true,4349,4349,0.25000,/home/ml/thesis-camels/data/raw/CAMELS_SIMBA_1000U/LH_367_hlist_0.25000.list,true,5949,5949,0.51209,/home/ml/thesis-camels/data/raw/CAMELS_SIMBA_1000U/LH_367_hlist_0.51209.list,true,8013,8013,0.75065,/home/ml/thesis-camels/data/raw/CAMELS_SIMBA_1000U/LH_367_hlist_0.75065.list,true,7145,7145,1.00000,/home/ml/thesis-camels/data/raw/CAMELS_SIMBA_1000U/LH_367_hlist_1.00000.list,true,6956,6956,test,validation,train,NONE
LH_368,368,/home/ml/thesis-camels/data/raw/CAMELS_SIMBA_1000U,row_universe_id=LH_368;universe_index=368;omega_m=0.4114,0.20000,/home/ml/thesis-camels/data/raw/CAMELS_SIMBA_1000U/LH_368_hlist_0.20000.list,true,6065,6065,0.25000,/home/ml/thesis-camels/data/raw/CAMELS_SIMBA_1000U/LH_368_hlist_0.25000.list,true,7408,7408,0.51209,/home/ml/thesis-camels/data/raw/CAMELS_SIMBA_1000U/LH_368_hlist_0.51209.list,true,8090,8090,0.75065,/home/ml/thesis-camels/data/raw/CAMELS_SIMBA_1000U/LH_368_hlist_0.75065.list,true,7265,7265,1.00000,/home/ml/thesis-camels/data/raw/CAMELS_SIMBA_1000U/LH_368_hlist_1.00000.list,true,7004,7004,train,train,validation,NONE
LH_369,369,/home/ml/thesis-camels/data/raw/CAMELS_SIMBA_1000U,row_universe_id=LH_369;universe_index=369;omega_m=0.311,0.20000,/home/ml/thesis-camels/data/raw/CAMELS_SIMBA_1000U/LH_369_hlist_0.20000.list,true,6857,6857,0.25000,/home/ml/thesis-camels/data/raw/CAMELS_SIMBA_1000U/LH_369_hlist_0.25000.list,true,7578,7578,0.51209,/home/ml/thesis-camels/data/raw/CAMELS_SIMBA_1000U/LH_369_hlist_0.51209.list,true,6852,6852,0.75065,/home/ml/thesis-camels/data/raw/CAMELS_SIMBA_1000U/LH_369_hlist_0.75065.list,true,6051,6051,1.00000,/home/ml/thesis-camels/data/raw/CAMELS_SIMBA_1000U/LH_369_hlist_1.00000.list,true,5922,5922,train,validation,test,NONE
LH_370,370,/home/ml/thesis-camels/data/raw/CAMELS_SIMBA_1000U,row_universe_id=LH_370;universe_index=370;omega_m=0.1458,0.20000,/home/ml/thesis-camels/data/raw/CAMELS_SIMBA_1000U/LH_370_hlist_0.20000.list,true,821,821,0.25000,/home/ml/thesis-camels/data/raw/CAMELS_SIMBA_1000U/LH_370_hlist_0.25000.list,true,2069,2069,0.51209,/home/ml/thesis-camels/data/raw/CAMELS_SIMBA_1000U/LH_370_hlist_0.51209.list,true,4824,4824,0.75065,/home/ml/thesis-camels/data/raw/CAMELS_SIMBA_1000U/LH_370_hlist_0.75065.list,true,5353,5353,1.00000,/home/ml/thesis-camels/data/raw/CAMELS_SIMBA_1000U/LH_370_hlist_1.00000.list,true,5875,5875,test,validation,train,NONE
LH_371,371,/home/ml/thesis-camels/data/raw/CAMELS_SIMBA_1000U,row_universe_id=LH_371;universe_index=371;omega_m=0.3954,0.20000,/home/ml/thesis-camels/data/raw/CAMELS_SIMBA_1000U/LH_371_hlist_0.20000.list,true,6850,6850,0.25000,/home/ml/thesis-camels/data/raw/CAMELS_SIMBA_1000U/LH_371_hlist_0.25000.list,true,7779,7779,0.51209,/home/ml/thesis-camels/data/raw/CAMELS_SIMBA_1000U/LH_371_hlist_0.51209.list,true,7795,7795,0.75065,/home/ml/thesis-camels/data/raw/CAMELS_SIMBA_1000U/LH_371_hlist_0.75065.list,true,6722,6722,1.00000,/home/ml/thesis-camels/data/raw/CAMELS_SIMBA_1000U/LH_371_hlist_1.00000.list,true,6525,6525,test,train,train,NONE
LH_372,372,/home/ml/thesis-camels/data/raw/CAMELS_SIMBA_1000U,row_universe_id=LH_372;universe_index=372;omega_m=0.2282,0.20000,/home/ml/thesis-camels/data/raw/CAMELS_SIMBA_1000U/LH_372_hlist_0.20000.list,true,6019,6019,0.25000,/home/ml/thesis-camels/data/raw/CAMELS_SIMBA_1000U/LH_372_hlist_0.25000.list,true,6812,6812,0.51209,/home/ml/thesis-camels/data/raw/CAMELS_SIMBA_1000U/LH_372_hlist_0.51209.list,true,6101,6101,0.75065,/home/ml/thesis-camels/data/raw/CAMELS_SIMBA_1000U/LH_372_hlist_0.75065.list,true,5425,5425,1.00000,/home/ml/thesis-camels/data/raw/CAMELS_SIMBA_1000U/LH_372_hlist_1.00000.list,true,5484,5484,train,test,test,NONE
LH_373,373,/home/ml/thesis-camels/data/raw/CAMELS_SIMBA_1000U,row_universe_id=LH_373;universe_index=373;omega_m=0.1534,0.20000,/home/ml/thesis-camels/data/raw/CAMELS_SIMBA_1000U/LH_373_hlist_0.20000.list,true,3888,3888,0.25000,/home/ml/thesis-camels/data/raw/CAMELS_SIMBA_1000U/LH_373_hlist_0.25000.list,true,5046,5046,0.51209,/home/ml/thesis-camels/data/raw/CAMELS_SIMBA_1000U/LH_373_hlist_0.51209.list,true,5662,5662,0.75065,/home/ml/thesis-camels/data/raw/CAMELS_SIMBA_1000U/LH_373_hlist_0.75065.list,true,5307,5307,1.00000,/home/ml/thesis-camels/data/raw/CAMELS_SIMBA_1000U/LH_373_hlist_1.00000.list,true,5557,5557,test,train,train,NONE
LH_374,374,/home/ml/thesis-camels/data/raw/CAMELS_SIMBA_1000U,row_universe_id=LH_374;universe_index=374;omega_m=0.3694,0.20000,/home/ml/thesis-camels/data/raw/CAMELS_SIMBA_1000U/LH_374_hlist_0.20000.list,true,6536,6536,0.25000,/home/ml/thesis-camels/data/raw/CAMELS_SIMBA_1000U/LH_374_hlist_0.25000.list,true,7546,7546,0.51209,/home/ml/thesis-camels/data/raw/CAMELS_SIMBA_1000U/LH_374_hlist_0.51209.list,true,7401,7401,0.75065,/home/ml/thesis-camels/data/raw/CAMELS_SIMBA_1000U/LH_374_hlist_0.75065.list,true,6529,6529,1.00000,/home/ml/thesis-camels/data/raw/CAMELS_SIMBA_1000U/LH_374_hlist_1.00000.list,true,6366,6366,validation,train,validation,NONE
LH_375,375,/home/ml/thesis-camels/data/raw/CAMELS_SIMBA_1000U,row_universe_id=LH_375;universe_index=375;omega_m=0.4022,0.20000,/home/ml/thesis-camels/data/raw/CAMELS_SIMBA_1000U/LH_375_hlist_0.20000.list,true,8158,8158,0.25000,/home/ml/thesis-camels/data/raw/CAMELS_SIMBA_1000U/LH_375_hlist_0.25000.list,true,8777,8777,0.51209,/home/ml/thesis-camels/data/raw/CAMELS_SIMBA_1000U/LH_375_hlist_0.51209.list,true,7163,7163,0.75065,/home/ml/thesis-camels/data/raw/CAMELS_SIMBA_1000U/LH_375_hlist_0.75065.list,true,6058,6058,1.00000,/home/ml/thesis-camels/data/raw/CAMELS_SIMBA_1000U/LH_375_hlist_1.00000.list,true,5750,5750,train,train,validation,NONE
LH_376,376,/home/ml/thesis-camels/data/raw/CAMELS_SIMBA_1000U,row_universe_id=LH_376;universe_index=376;omega_m=0.2006,0.20000,/home/ml/thesis-camels/data/raw/CAMELS_SIMBA_1000U/LH_376_hlist_0.20000.list,true,3601,3601,0.25000,/home/ml/thesis-camels/data/raw/CAMELS_SIMBA_1000U/LH_376_hlist_0.25000.list,true,4791,4791,0.51209,/home/ml/thesis-camels/data/raw/CAMELS_SIMBA_1000U/LH_376_hlist_0.51209.list,true,5949,5949,0.75065,/home/ml/thesis-camels/data/raw/CAMELS_SIMBA_1000U/LH_376_hlist_0.75065.list,true,5796,5796,1.00000,/home/ml/thesis-camels/data/raw/CAMELS_SIMBA_1000U/LH_376_hlist_1.00000.list,true,6113,6113,validation,train,test,NONE
LH_377,377,/home/ml/thesis-camels/data/raw/CAMELS_SIMBA_1000U,row_universe_id=LH_377;universe_index=377;omega_m=0.1878,0.20000,/home/ml/thesis-camels/data/raw/CAMELS_SIMBA_1000U/LH_377_hlist_0.20000.list,true,4896,4896,0.25000,/home/ml/thesis-camels/data/raw/CAMELS_SIMBA_1000U/LH_377_hlist_0.25000.list,true,5780,5780,0.51209,/home/ml/thesis-camels/data/raw/CAMELS_SIMBA_1000U/LH_377_hlist_0.51209.list,true,5985,5985,0.75065,/home/ml/thesis-camels/data/raw/CAMELS_SIMBA_1000U/LH_377_hlist_0.75065.list,true,5680,5680,1.00000,/home/ml/thesis-camels/data/raw/CAMELS_SIMBA_1000U/LH_377_hlist_1.00000.list,true,5870,5870,train,test,train,NONE
LH_378,378,/home/ml/thesis-camels/data/raw/CAMELS_SIMBA_1000U,row_universe_id=LH_378;universe_index=378;omega_m=0.1182,0.20000,/home/ml/thesis-camels/data/raw/CAMELS_SIMBA_1000U/LH_378_hlist_0.20000.list,true,3211,3211,0.25000,/home/ml/thesis-camels/data/raw/CAMELS_SIMBA_1000U/LH_378_hlist_0.25000.list,true,4152,4152,0.51209,/home/ml/thesis-camels/data/raw/CAMELS_SIMBA_1000U/LH_378_hlist_0.51209.list,true,4316,4316,0.75065,/home/ml/thesis-camels/data/raw/CAMELS_SIMBA_1000U/LH_378_hlist_0.75065.list,true,4445,4445,1.00000,/home/ml/thesis-camels/data/raw/CAMELS_SIMBA_1000U/LH_378_hlist_1.00000.list,true,4802,4802,train,train,test,NONE
LH_379,379,/home/ml/thesis-camels/data/raw/CAMELS_SIMBA_1000U,row_universe_id=LH_379;universe_index=379;omega_m=0.2778,0.20000,/home/ml/thesis-camels/data/raw/CAMELS_SIMBA_1000U/LH_379_hlist_0.20000.list,true,2861,2861,0.25000,/home/ml/thesis-camels/data/raw/CAMELS_SIMBA_1000U/LH_379_hlist_0.25000.list,true,4422,4422,0.51209,/home/ml/thesis-camels/data/raw/CAMELS_SIMBA_1000U/LH_379_hlist_0.51209.list,true,7301,7301,0.75065,/home/ml/thesis-camels/data/raw/CAMELS_SIMBA_1000U/LH_379_hlist_0.75065.list,true,7254,7254,1.00000,/home/ml/thesis-camels/data/raw/CAMELS_SIMBA_1000U/LH_379_hlist_1.00000.list,true,7478,7478,test,train,train,NONE
LH_380,380,/home/ml/thesis-camels/data/raw/CAMELS_SIMBA_1000U,row_universe_id=LH_380;universe_index=380;omega_m=0.4278,0.20000,/home/ml/thesis-camels/data/raw/CAMELS_SIMBA_1000U/LH_380_hlist_0.20000.list,true,6740,6740,0.25000,/home/ml/thesis-camels/data/raw/CAMELS_SIMBA_1000U/LH_380_hlist_0.25000.list,true,8005,8005,0.51209,/home/ml/thesis-camels/data/raw/CAMELS_SIMBA_1000U/LH_380_hlist_0.51209.list,true,8065,8065,0.75065,/home/ml/thesis-camels/data/raw/CAMELS_SIMBA_1000U/LH_380_hlist_0.75065.list,true,6796,6796,1.00000,/home/ml/thesis-camels/data/raw/CAMELS_SIMBA_1000U/LH_380_hlist_1.00000.list,true,6398,6398,train,train,test,NONE
LH_381,381,/home/ml/thesis-camels/data/raw/CAMELS_SIMBA_1000U,row_universe_id=LH_381;universe_index=381;omega_m=0.439,0.20000,/home/ml/thesis-camels/data/raw/CAMELS_SIMBA_1000U/LH_381_hlist_0.20000.list,true,6200,6200,0.25000,/home/ml/thesis-camels/data/raw/CAMELS_SIMBA_1000U/LH_381_hlist_0.25000.list,true,7471,7471,0.51209,/home/ml/thesis-camels/data/raw/CAMELS_SIMBA_1000U/LH_381_hlist_0.51209.list,true,8148,8148,0.75065,/home/ml/thesis-camels/data/raw/CAMELS_SIMBA_1000U/LH_381_hlist_0.75065.list,true,7177,7177,1.00000,/home/ml/thesis-camels/data/raw/CAMELS_SIMBA_1000U/LH_381_hlist_1.00000.list,true,6820,6820,train,test,train,NONE
LH_382,382,/home/ml/thesis-camels/data/raw/CAMELS_SIMBA_1000U,row_universe_id=LH_382;universe_index=382;omega_m=0.3918,0.20000,/home/ml/thesis-camels/data/raw/CAMELS_SIMBA_1000U/LH_382_hlist_0.20000.list,true,4667,4667,0.25000,/home/ml/thesis-camels/data/raw/CAMELS_SIMBA_1000U/LH_382_hlist_0.25000.list,true,6356,6356,0.51209,/home/ml/thesis-camels/data/raw/CAMELS_SIMBA_1000U/LH_382_hlist_0.51209.list,true,8458,8458,0.75065,/home/ml/thesis-camels/data/raw/CAMELS_SIMBA_1000U/LH_382_hlist_0.75065.list,true,7572,7572,1.00000,/home/ml/thesis-camels/data/raw/CAMELS_SIMBA_1000U/LH_382_hlist_1.00000.list,true,7375,7375,test,train,train,NONE
LH_383,383,/home/ml/thesis-camels/data/raw/CAMELS_SIMBA_1000U,row_universe_id=LH_383;universe_index=383;omega_m=0.389,0.20000,/home/ml/thesis-camels/data/raw/CAMELS_SIMBA_1000U/LH_383_hlist_0.20000.list,true,8218,8218,0.25000,/home/ml/thesis-camels/data/raw/CAMELS_SIMBA_1000U/LH_383_hlist_0.25000.list,true,8750,8750,0.51209,/home/ml/thesis-camels/data/raw/CAMELS_SIMBA_1000U/LH_383_hlist_0.51209.list,true,7240,7240,0.75065,/home/ml/thesis-camels/data/raw/CAMELS_SIMBA_1000U/LH_383_hlist_0.75065.list,true,6172,6172,1.00000,/home/ml/thesis-camels/data/raw/CAMELS_SIMBA_1000U/LH_383_hlist_1.00000.list,true,6031,6031,train,test,train,NONE
LH_384,384,/home/ml/thesis-camels/data/raw/CAMELS_SIMBA_1000U,row_universe_id=LH_384;universe_index=384;omega_m=0.2602,0.20000,/home/ml/thesis-camels/data/raw/CAMELS_SIMBA_1000U/LH_384_hlist_0.20000.list,true,2653,2653,0.25000,/home/ml/thesis-camels/data/raw/CAMELS_SIMBA_1000U/LH_384_hlist_0.25000.list,true,4416,4416,0.51209,/home/ml/thesis-camels/data/raw/CAMELS_SIMBA_1000U/LH_384_hlist_0.51209.list,true,7217,7217,0.75065,/home/ml/thesis-camels/data/raw/CAMELS_SIMBA_1000U/LH_384_hlist_0.75065.list,true,7021,7021,1.00000,/home/ml/thesis-camels/data/raw/CAMELS_SIMBA_1000U/LH_384_hlist_1.00000.list,true,7320,7320,train,train,test,NONE
LH_385,385,/home/ml/thesis-camels/data/raw/CAMELS_SIMBA_1000U,row_universe_id=LH_385;universe_index=385;omega_m=0.1702,0.20000,/home/ml/thesis-camels/data/raw/CAMELS_SIMBA_1000U/LH_385_hlist_0.20000.list,true,1402,1402,0.25000,/home/ml/thesis-camels/data/raw/CAMELS_SIMBA_1000U/LH_385_hlist_0.25000.list,true,2939,2939,0.51209,/home/ml/thesis-camels/data/raw/CAMELS_SIMBA_1000U/LH_385_hlist_0.51209.list,true,6115,6115,0.75065,/home/ml/thesis-camels/data/raw/CAMELS_SIMBA_1000U/LH_385_hlist_0.75065.list,true,6279,6279,1.00000,/home/ml/thesis-camels/data/raw/CAMELS_SIMBA_1000U/LH_385_hlist_1.00000.list,true,6810,6810,validation,validation,train,NONE
LH_386,386,/home/ml/thesis-camels/data/raw/CAMELS_SIMBA_1000U,row_universe_id=LH_386;universe_index=386;omega_m=0.2554,0.20000,/home/ml/thesis-camels/data/raw/CAMELS_SIMBA_1000U/LH_386_hlist_0.20000.list,true,5027,5027,0.25000,/home/ml/thesis-camels/data/raw/CAMELS_SIMBA_1000U/LH_386_hlist_0.25000.list,true,6477,6477,0.51209,/home/ml/thesis-camels/data/raw/CAMELS_SIMBA_1000U/LH_386_hlist_0.51209.list,true,6661,6661,0.75065,/home/ml/thesis-camels/data/raw/CAMELS_SIMBA_1000U/LH_386_hlist_0.75065.list,true,5853,5853,1.00000,/home/ml/thesis-camels/data/raw/CAMELS_SIMBA_1000U/LH_386_hlist_1.00000.list,true,5979,5979,train,test,train,NONE
LH_387,387,/home/ml/thesis-camels/data/raw/CAMELS_SIMBA_1000U,row_universe_id=LH_387;universe_index=387;omega_m=0.4042,0.20000,/home/ml/thesis-camels/data/raw/CAMELS_SIMBA_1000U/LH_387_hlist_0.20000.list,true,6794,6794,0.25000,/home/ml/thesis-camels/data/raw/CAMELS_SIMBA_1000U/LH_387_hlist_0.25000.list,true,7879,7879,0.51209,/home/ml/thesis-camels/data/raw/CAMELS_SIMBA_1000U/LH_387_hlist_0.51209.list,true,7596,7596,0.75065,/home/ml/thesis-camels/data/raw/CAMELS_SIMBA_1000U/LH_387_hlist_0.75065.list,true,6661,6661,1.00000,/home/ml/thesis-camels/data/raw/CAMELS_SIMBA_1000U/LH_387_hlist_1.00000.list,true,6281,6281,test,test,train,NONE
LH_388,388,/home/ml/thesis-camels/data/raw/CAMELS_SIMBA_1000U,row_universe_id=LH_388;universe_index=388;omega_m=0.1626,0.20000,/home/ml/thesis-camels/data/raw/CAMELS_SIMBA_1000U/LH_388_hlist_0.20000.list,true,3890,3890,0.25000,/home/ml/thesis-camels/data/raw/CAMELS_SIMBA_1000U/LH_388_hlist_0.25000.list,true,5111,5111,0.51209,/home/ml/thesis-camels/data/raw/CAMELS_SIMBA_1000U/LH_388_hlist_0.51209.list,true,5805,5805,0.75065,/home/ml/thesis-camels/data/raw/CAMELS_SIMBA_1000U/LH_388_hlist_0.75065.list,true,5779,5779,1.00000,/home/ml/thesis-camels/data/raw/CAMELS_SIMBA_1000U/LH_388_hlist_1.00000.list,true,5994,5994,test,test,train,NONE
LH_389,389,/home/ml/thesis-camels/data/raw/CAMELS_SIMBA_1000U,row_universe_id=LH_389;universe_index=389;omega_m=0.1694,0.20000,/home/ml/thesis-camels/data/raw/CAMELS_SIMBA_1000U/LH_389_hlist_0.20000.list,true,2116,2116,0.25000,/home/ml/thesis-camels/data/raw/CAMELS_SIMBA_1000U/LH_389_hlist_0.25000.list,true,3543,3543,0.51209,/home/ml/thesis-camels/data/raw/CAMELS_SIMBA_1000U/LH_389_hlist_0.51209.list,true,5940,5940,0.75065,/home/ml/thesis-camels/data/raw/CAMELS_SIMBA_1000U/LH_389_hlist_0.75065.list,true,5990,5990,1.00000,/home/ml/thesis-camels/data/raw/CAMELS_SIMBA_1000U/LH_389_hlist_1.00000.list,true,6451,6451,test,train,train,NONE
LH_390,390,/home/ml/thesis-camels/data/raw/CAMELS_SIMBA_1000U,row_universe_id=LH_390;universe_index=390;omega_m=0.3442,0.20000,/home/ml/thesis-camels/data/raw/CAMELS_SIMBA_1000U/LH_390_hlist_0.20000.list,true,6653,6653,0.25000,/home/ml/thesis-camels/data/raw/CAMELS_SIMBA_1000U/LH_390_hlist_0.25000.list,true,7477,7477,0.51209,/home/ml/thesis-camels/data/raw/CAMELS_SIMBA_1000U/LH_390_hlist_0.51209.list,true,7250,7250,0.75065,/home/ml/thesis-camels/data/raw/CAMELS_SIMBA_1000U/LH_390_hlist_0.75065.list,true,6372,6372,1.00000,/home/ml/thesis-camels/data/raw/CAMELS_SIMBA_1000U/LH_390_hlist_1.00000.list,true,6280,6280,test,train,train,NONE
LH_391,391,/home/ml/thesis-camels/data/raw/CAMELS_SIMBA_1000U,row_universe_id=LH_391;universe_index=391;omega_m=0.2106,0.20000,/home/ml/thesis-camels/data/raw/CAMELS_SIMBA_1000U/LH_391_hlist_0.20000.list,true,5054,5054,0.25000,/home/ml/thesis-camels/data/raw/CAMELS_SIMBA_1000U/LH_391_hlist_0.25000.list,true,6269,6269,0.51209,/home/ml/thesis-camels/data/raw/CAMELS_SIMBA_1000U/LH_391_hlist_0.51209.list,true,6588,6588,0.75065,/home/ml/thesis-camels/data/raw/CAMELS_SIMBA_1000U/LH_391_hlist_0.75065.list,true,6094,6094,1.00000,/home/ml/thesis-camels/data/raw/CAMELS_SIMBA_1000U/LH_391_hlist_1.00000.list,true,6378,6378,train,validation,test,NONE
LH_392,392,/home/ml/thesis-camels/data/raw/CAMELS_SIMBA_1000U,row_universe_id=LH_392;universe_index=392;omega_m=0.3022,0.20000,/home/ml/thesis-camels/data/raw/CAMELS_SIMBA_1000U/LH_392_hlist_0.20000.list,true,2156,2156,0.25000,/home/ml/thesis-camels/data/raw/CAMELS_SIMBA_1000U/LH_392_hlist_0.25000.list,true,4116,4116,0.51209,/home/ml/thesis-camels/data/raw/CAMELS_SIMBA_1000U/LH_392_hlist_0.51209.list,true,7617,7617,0.75065,/home/ml/thesis-camels/data/raw/CAMELS_SIMBA_1000U/LH_392_hlist_0.75065.list,true,7454,7454,1.00000,/home/ml/thesis-camels/data/raw/CAMELS_SIMBA_1000U/LH_392_hlist_1.00000.list,true,7784,7784,train,train,test,NONE
LH_393,393,/home/ml/thesis-camels/data/raw/CAMELS_SIMBA_1000U,row_universe_id=LH_393;universe_index=393;omega_m=0.2502,0.20000,/home/ml/thesis-camels/data/raw/CAMELS_SIMBA_1000U/LH_393_hlist_0.20000.list,true,3855,3855,0.25000,/home/ml/thesis-camels/data/raw/CAMELS_SIMBA_1000U/LH_393_hlist_0.25000.list,true,5408,5408,0.51209,/home/ml/thesis-camels/data/raw/CAMELS_SIMBA_1000U/LH_393_hlist_0.51209.list,true,6850,6850,0.75065,/home/ml/thesis-camels/data/raw/CAMELS_SIMBA_1000U/LH_393_hlist_0.75065.list,true,6471,6471,1.00000,/home/ml/thesis-camels/data/raw/CAMELS_SIMBA_1000U/LH_393_hlist_1.00000.list,true,6644,6644,train,train,train,NONE
LH_394,394,/home/ml/thesis-camels/data/raw/CAMELS_SIMBA_1000U,row_universe_id=LH_394;universe_index=394;omega_m=0.2078,0.20000,/home/ml/thesis-camels/data/raw/CAMELS_SIMBA_1000U/LH_394_hlist_0.20000.list,true,3985,3985,0.25000,/home/ml/thesis-camels/data/raw/CAMELS_SIMBA_1000U/LH_394_hlist_0.25000.list,true,5460,5460,0.51209,/home/ml/thesis-camels/data/raw/CAMELS_SIMBA_1000U/LH_394_hlist_0.51209.list,true,6545,6545,0.75065,/home/ml/thesis-camels/data/raw/CAMELS_SIMBA_1000U/LH_394_hlist_0.75065.list,true,6204,6204,1.00000,/home/ml/thesis-camels/data/raw/CAMELS_SIMBA_1000U/LH_394_hlist_1.00000.list,true,6531,6531,test,validation,train,NONE
LH_395,395,/home/ml/thesis-camels/data/raw/CAMELS_SIMBA_1000U,row_universe_id=LH_395;universe_index=395;omega_m=0.4622,0.20000,/home/ml/thesis-camels/data/raw/CAMELS_SIMBA_1000U/LH_395_hlist_0.20000.list,true,8367,8367,0.25000,/home/ml/thesis-camels/data/raw/CAMELS_SIMBA_1000U/LH_395_hlist_0.25000.list,true,8907,8907,0.51209,/home/ml/thesis-camels/data/raw/CAMELS_SIMBA_1000U/LH_395_hlist_0.51209.list,true,7453,7453,0.75065,/home/ml/thesis-camels/data/raw/CAMELS_SIMBA_1000U/LH_395_hlist_0.75065.list,true,6007,6007,1.00000,/home/ml/thesis-camels/data/raw/CAMELS_SIMBA_1000U/LH_395_hlist_1.00000.list,true,5627,5627,train,test,train,NONE
LH_396,396,/home/ml/thesis-camels/data/raw/CAMELS_SIMBA_1000U,row_universe_id=LH_396;universe_index=396;omega_m=0.3578,0.20000,/home/ml/thesis-camels/data/raw/CAMELS_SIMBA_1000U/LH_396_hlist_0.20000.list,true,6874,6874,0.25000,/home/ml/thesis-camels/data/raw/CAMELS_SIMBA_1000U/LH_396_hlist_0.25000.list,true,7951,7951,0.51209,/home/ml/thesis-camels/data/raw/CAMELS_SIMBA_1000U/LH_396_hlist_0.51209.list,true,7477,7477,0.75065,/home/ml/thesis-camels/data/raw/CAMELS_SIMBA_1000U/LH_396_hlist_0.75065.list,true,6427,6427,1.00000,/home/ml/thesis-camels/data/raw/CAMELS_SIMBA_1000U/LH_396_hlist_1.00000.list,true,6332,6332,train,test,train,NONE
LH_397,397,/home/ml/thesis-camels/data/raw/CAMELS_SIMBA_1000U,row_universe_id=LH_397;universe_index=397;omega_m=0.151,0.20000,/home/ml/thesis-camels/data/raw/CAMELS_SIMBA_1000U/LH_397_hlist_0.20000.list,true,962,962,0.25000,/home/ml/thesis-camels/data/raw/CAMELS_SIMBA_1000U/LH_397_hlist_0.25000.list,true,2169,2169,0.51209,/home/ml/thesis-camels/data/raw/CAMELS_SIMBA_1000U/LH_397_hlist_0.51209.list,true,5320,5320,0.75065,/home/ml/thesis-camels/data/raw/CAMELS_SIMBA_1000U/LH_397_hlist_0.75065.list,true,5779,5779,1.00000,/home/ml/thesis-camels/data/raw/CAMELS_SIMBA_1000U/LH_397_hlist_1.00000.list,true,6190,6190,train,train,train,NONE
LH_398,398,/home/ml/thesis-camels/data/raw/CAMELS_SIMBA_1000U,row_universe_id=LH_398;universe_index=398;omega_m=0.1346,0.20000,/home/ml/thesis-camels/data/raw/CAMELS_SIMBA_1000U/LH_398_hlist_0.20000.list,true,476,476,0.25000,/home/ml/thesis-camels/data/raw/CAMELS_SIMBA_1000U/LH_398_hlist_0.25000.list,true,1627,1627,0.51209,/home/ml/thesis-camels/data/raw/CAMELS_SIMBA_1000U/LH_398_hlist_0.51209.list,true,4657,4657,0.75065,/home/ml/thesis-camels/data/raw/CAMELS_SIMBA_1000U/LH_398_hlist_0.75065.list,true,5181,5181,1.00000,/home/ml/thesis-camels/data/raw/CAMELS_SIMBA_1000U/LH_398_hlist_1.00000.list,true,5824,5824,train,test,train,NONE
LH_399,399,/home/ml/thesis-camels/data/raw/CAMELS_SIMBA_1000U,row_universe_id=LH_399;universe_index=399;omega_m=0.2274,0.20000,/home/ml/thesis-camels/data/raw/CAMELS_SIMBA_1000U/LH_399_hlist_0.20000.list,true,5208,5208,0.25000,/home/ml/thesis-camels/data/raw/CAMELS_SIMBA_1000U/LH_399_hlist_0.25000.list,true,6459,6459,0.51209,/home/ml/thesis-camels/data/raw/CAMELS_SIMBA_1000U/LH_399_hlist_0.51209.list,true,6365,6365,0.75065,/home/ml/thesis-camels/data/raw/CAMELS_SIMBA_1000U/LH_399_hlist_0.75065.list,true,5910,5910,1.00000,/home/ml/thesis-camels/data/raw/CAMELS_SIMBA_1000U/LH_399_hlist_1.00000.list,true,5958,5958,train,train,train,NONE
LH_400,400,/home/ml/thesis-camels/data/raw/CAMELS_SIMBA_1000U,row_universe_id=LH_400;universe_index=400;omega_m=0.3782,0.20000,/home/ml/thesis-camels/data/raw/CAMELS_SIMBA_1000U/LH_400_hlist_0.20000.list,true,7876,7876,0.25000,/home/ml/thesis-camels/data/raw/CAMELS_SIMBA_1000U/LH_400_hlist_0.25000.list,true,8507,8507,0.51209,/home/ml/thesis-camels/data/raw/CAMELS_SIMBA_1000U/LH_400_hlist_0.51209.list,true,7451,7451,0.75065,/home/ml/thesis-camels/data/raw/CAMELS_SIMBA_1000U/LH_400_hlist_0.75065.list,true,6213,6213,1.00000,/home/ml/thesis-camels/data/raw/CAMELS_SIMBA_1000U/LH_400_hlist_1.00000.list,true,5827,5827,train,test,validation,NONE
LH_401,401,/home/ml/thesis-camels/data/raw/CAMELS_SIMBA_1000U,row_universe_id=LH_401;universe_index=401;omega_m=0.4598,0.20000,/home/ml/thesis-camels/data/raw/CAMELS_SIMBA_1000U/LH_401_hlist_0.20000.list,true,7466,7466,0.25000,/home/ml/thesis-camels/data/raw/CAMELS_SIMBA_1000U/LH_401_hlist_0.25000.list,true,8550,8550,0.51209,/home/ml/thesis-camels/data/raw/CAMELS_SIMBA_1000U/LH_401_hlist_0.51209.list,true,8300,8300,0.75065,/home/ml/thesis-camels/data/raw/CAMELS_SIMBA_1000U/LH_401_hlist_0.75065.list,true,6707,6707,1.00000,/home/ml/thesis-camels/data/raw/CAMELS_SIMBA_1000U/LH_401_hlist_1.00000.list,true,6266,6266,validation,train,train,NONE
LH_402,402,/home/ml/thesis-camels/data/raw/CAMELS_SIMBA_1000U,row_universe_id=LH_402;universe_index=402;omega_m=0.303,0.20000,/home/ml/thesis-camels/data/raw/CAMELS_SIMBA_1000U/LH_402_hlist_0.20000.list,true,5681,5681,0.25000,/home/ml/thesis-camels/data/raw/CAMELS_SIMBA_1000U/LH_402_hlist_0.25000.list,true,6924,6924,0.51209,/home/ml/thesis-camels/data/raw/CAMELS_SIMBA_1000U/LH_402_hlist_0.51209.list,true,7317,7317,0.75065,/home/ml/thesis-camels/data/raw/CAMELS_SIMBA_1000U/LH_402_hlist_0.75065.list,true,6521,6521,1.00000,/home/ml/thesis-camels/data/raw/CAMELS_SIMBA_1000U/LH_402_hlist_1.00000.list,true,6555,6555,train,train,train,NONE
LH_403,403,/home/ml/thesis-camels/data/raw/CAMELS_SIMBA_1000U,row_universe_id=LH_403;universe_index=403;omega_m=0.1734,0.20000,/home/ml/thesis-camels/data/raw/CAMELS_SIMBA_1000U/LH_403_hlist_0.20000.list,true,1147,1147,0.25000,/home/ml/thesis-camels/data/raw/CAMELS_SIMBA_1000U/LH_403_hlist_0.25000.list,true,2449,2449,0.51209,/home/ml/thesis-camels/data/raw/CAMELS_SIMBA_1000U/LH_403_hlist_0.51209.list,true,5496,5496,0.75065,/home/ml/thesis-camels/data/raw/CAMELS_SIMBA_1000U/LH_403_hlist_0.75065.list,true,5976,5976,1.00000,/home/ml/thesis-camels/data/raw/CAMELS_SIMBA_1000U/LH_403_hlist_1.00000.list,true,6545,6545,train,train,train,NONE
LH_404,404,/home/ml/thesis-camels/data/raw/CAMELS_SIMBA_1000U,row_universe_id=LH_404;universe_index=404;omega_m=0.2902,0.20000,/home/ml/thesis-camels/data/raw/CAMELS_SIMBA_1000U/LH_404_hlist_0.20000.list,true,5632,5632,0.25000,/home/ml/thesis-camels/data/raw/CAMELS_SIMBA_1000U/LH_404_hlist_0.25000.list,true,6805,6805,0.51209,/home/ml/thesis-camels/data/raw/CAMELS_SIMBA_1000U/LH_404_hlist_0.51209.list,true,6783,6783,0.75065,/home/ml/thesis-camels/data/raw/CAMELS_SIMBA_1000U/LH_404_hlist_0.75065.list,true,6372,6372,1.00000,/home/ml/thesis-camels/data/raw/CAMELS_SIMBA_1000U/LH_404_hlist_1.00000.list,true,6324,6324,train,train,test,NONE
LH_405,405,/home/ml/thesis-camels/data/raw/CAMELS_SIMBA_1000U,row_universe_id=LH_405;universe_index=405;omega_m=0.341,0.20000,/home/ml/thesis-camels/data/raw/CAMELS_SIMBA_1000U/LH_405_hlist_0.20000.list,true,4856,4856,0.25000,/home/ml/thesis-camels/data/raw/CAMELS_SIMBA_1000U/LH_405_hlist_0.25000.list,true,6348,6348,0.51209,/home/ml/thesis-camels/data/raw/CAMELS_SIMBA_1000U/LH_405_hlist_0.51209.list,true,7672,7672,0.75065,/home/ml/thesis-camels/data/raw/CAMELS_SIMBA_1000U/LH_405_hlist_0.75065.list,true,7123,7123,1.00000,/home/ml/thesis-camels/data/raw/CAMELS_SIMBA_1000U/LH_405_hlist_1.00000.list,true,7108,7108,test,validation,train,NONE
LH_406,406,/home/ml/thesis-camels/data/raw/CAMELS_SIMBA_1000U,row_universe_id=LH_406;universe_index=406;omega_m=0.2526,0.20000,/home/ml/thesis-camels/data/raw/CAMELS_SIMBA_1000U/LH_406_hlist_0.20000.list,true,4914,4914,0.25000,/home/ml/thesis-camels/data/raw/CAMELS_SIMBA_1000U/LH_406_hlist_0.25000.list,true,6253,6253,0.51209,/home/ml/thesis-camels/data/raw/CAMELS_SIMBA_1000U/LH_406_hlist_0.51209.list,true,6805,6805,0.75065,/home/ml/thesis-camels/data/raw/CAMELS_SIMBA_1000U/LH_406_hlist_0.75065.list,true,6292,6292,1.00000,/home/ml/thesis-camels/data/raw/CAMELS_SIMBA_1000U/LH_406_hlist_1.00000.list,true,6374,6374,train,train,train,NONE
LH_407,407,/home/ml/thesis-camels/data/raw/CAMELS_SIMBA_1000U,row_universe_id=LH_407;universe_index=407;omega_m=0.2578,0.20000,/home/ml/thesis-camels/data/raw/CAMELS_SIMBA_1000U/LH_407_hlist_0.20000.list,true,6051,6051,0.25000,/home/ml/thesis-camels/data/raw/CAMELS_SIMBA_1000U/LH_407_hlist_0.25000.list,true,6968,6968,0.51209,/home/ml/thesis-camels/data/raw/CAMELS_SIMBA_1000U/LH_407_hlist_0.51209.list,true,7133,7133,0.75065,/home/ml/thesis-camels/data/raw/CAMELS_SIMBA_1000U/LH_407_hlist_0.75065.list,true,6507,6507,1.00000,/home/ml/thesis-camels/data/raw/CAMELS_SIMBA_1000U/LH_407_hlist_1.00000.list,true,6621,6621,train,test,test,NONE
LH_408,408,/home/ml/thesis-camels/data/raw/CAMELS_SIMBA_1000U,row_universe_id=LH_408;universe_index=408;omega_m=0.3586,0.20000,/home/ml/thesis-camels/data/raw/CAMELS_SIMBA_1000U/LH_408_hlist_0.20000.list,true,3217,3217,0.25000,/home/ml/thesis-camels/data/raw/CAMELS_SIMBA_1000U/LH_408_hlist_0.25000.list,true,4716,4716,0.51209,/home/ml/thesis-camels/data/raw/CAMELS_SIMBA_1000U/LH_408_hlist_0.51209.list,true,7942,7942,0.75065,/home/ml/thesis-camels/data/raw/CAMELS_SIMBA_1000U/LH_408_hlist_0.75065.list,true,7768,7768,1.00000,/home/ml/thesis-camels/data/raw/CAMELS_SIMBA_1000U/LH_408_hlist_1.00000.list,true,7755,7755,test,train,test,NONE
LH_409,409,/home/ml/thesis-camels/data/raw/CAMELS_SIMBA_1000U,row_universe_id=LH_409;universe_index=409;omega_m=0.4898,0.20000,/home/ml/thesis-camels/data/raw/CAMELS_SIMBA_1000U/LH_409_hlist_0.20000.list,true,6200,6200,0.25000,/home/ml/thesis-camels/data/raw/CAMELS_SIMBA_1000U/LH_409_hlist_0.25000.list,true,7626,7626,0.51209,/home/ml/thesis-camels/data/raw/CAMELS_SIMBA_1000U/LH_409_hlist_0.51209.list,true,8653,8653,0.75065,/home/ml/thesis-camels/data/raw/CAMELS_SIMBA_1000U/LH_409_hlist_0.75065.list,true,7739,7739,1.00000,/home/ml/thesis-camels/data/raw/CAMELS_SIMBA_1000U/LH_409_hlist_1.00000.list,true,7205,7205,train,train,validation,NONE
LH_410,410,/home/ml/thesis-camels/data/raw/CAMELS_SIMBA_1000U,row_universe_id=LH_410;universe_index=410;omega_m=0.4078,0.20000,/home/ml/thesis-camels/data/raw/CAMELS_SIMBA_1000U/LH_410_hlist_0.20000.list,true,5427,5427,0.25000,/home/ml/thesis-camels/data/raw/CAMELS_SIMBA_1000U/LH_410_hlist_0.25000.list,true,6844,6844,0.51209,/home/ml/thesis-camels/data/raw/CAMELS_SIMBA_1000U/LH_410_hlist_0.51209.list,true,8548,8548,0.75065,/home/ml/thesis-camels/data/raw/CAMELS_SIMBA_1000U/LH_410_hlist_0.75065.list,true,7628,7628,1.00000,/home/ml/thesis-camels/data/raw/CAMELS_SIMBA_1000U/LH_410_hlist_1.00000.list,true,7456,7456,test,train,test,NONE
LH_411,411,/home/ml/thesis-camels/data/raw/CAMELS_SIMBA_1000U,row_universe_id=LH_411;universe_index=411;omega_m=0.2854,0.20000,/home/ml/thesis-camels/data/raw/CAMELS_SIMBA_1000U/LH_411_hlist_0.20000.list,true,6733,6733,0.25000,/home/ml/thesis-camels/data/raw/CAMELS_SIMBA_1000U/LH_411_hlist_0.25000.list,true,7441,7441,0.51209,/home/ml/thesis-camels/data/raw/CAMELS_SIMBA_1000U/LH_411_hlist_0.51209.list,true,6727,6727,0.75065,/home/ml/thesis-camels/data/raw/CAMELS_SIMBA_1000U/LH_411_hlist_0.75065.list,true,5808,5808,1.00000,/home/ml/thesis-camels/data/raw/CAMELS_SIMBA_1000U/LH_411_hlist_1.00000.list,true,5866,5866,train,train,train,NONE
LH_412,412,/home/ml/thesis-camels/data/raw/CAMELS_SIMBA_1000U,row_universe_id=LH_412;universe_index=412;omega_m=0.1214,0.20000,/home/ml/thesis-camels/data/raw/CAMELS_SIMBA_1000U/LH_412_hlist_0.20000.list,true,2641,2641,0.25000,/home/ml/thesis-camels/data/raw/CAMELS_SIMBA_1000U/LH_412_hlist_0.25000.list,true,3818,3818,0.51209,/home/ml/thesis-camels/data/raw/CAMELS_SIMBA_1000U/LH_412_hlist_0.51209.list,true,4682,4682,0.75065,/home/ml/thesis-camels/data/raw/CAMELS_SIMBA_1000U/LH_412_hlist_0.75065.list,true,4731,4731,1.00000,/home/ml/thesis-camels/data/raw/CAMELS_SIMBA_1000U/LH_412_hlist_1.00000.list,true,5196,5196,validation,validation,train,NONE
LH_413,413,/home/ml/thesis-camels/data/raw/CAMELS_SIMBA_1000U,row_universe_id=LH_413;universe_index=413;omega_m=0.273,0.20000,/home/ml/thesis-camels/data/raw/CAMELS_SIMBA_1000U/LH_413_hlist_0.20000.list,true,4364,4364,0.25000,/home/ml/thesis-camels/data/raw/CAMELS_SIMBA_1000U/LH_413_hlist_0.25000.list,true,5793,5793,0.51209,/home/ml/thesis-camels/data/raw/CAMELS_SIMBA_1000U/LH_413_hlist_0.51209.list,true,7236,7236,0.75065,/home/ml/thesis-camels/data/raw/CAMELS_SIMBA_1000U/LH_413_hlist_0.75065.list,true,6516,6516,1.00000,/home/ml/thesis-camels/data/raw/CAMELS_SIMBA_1000U/LH_413_hlist_1.00000.list,true,6441,6441,validation,test,train,NONE
LH_414,414,/home/ml/thesis-camels/data/raw/CAMELS_SIMBA_1000U,row_universe_id=LH_414;universe_index=414;omega_m=0.2982,0.20000,/home/ml/thesis-camels/data/raw/CAMELS_SIMBA_1000U/LH_414_hlist_0.20000.list,true,3322,3322,0.25000,/home/ml/thesis-camels/data/raw/CAMELS_SIMBA_1000U/LH_414_hlist_0.25000.list,true,4799,4799,0.51209,/home/ml/thesis-camels/data/raw/CAMELS_SIMBA_1000U/LH_414_hlist_0.51209.list,true,7448,7448,0.75065,/home/ml/thesis-camels/data/raw/CAMELS_SIMBA_1000U/LH_414_hlist_0.75065.list,true,7072,7072,1.00000,/home/ml/thesis-camels/data/raw/CAMELS_SIMBA_1000U/LH_414_hlist_1.00000.list,true,7213,7213,train,train,train,NONE
LH_415,415,/home/ml/thesis-camels/data/raw/CAMELS_SIMBA_1000U,row_universe_id=LH_415;universe_index=415;omega_m=0.4462,0.20000,/home/ml/thesis-camels/data/raw/CAMELS_SIMBA_1000U/LH_415_hlist_0.20000.list,true,5515,5515,0.25000,/home/ml/thesis-camels/data/raw/CAMELS_SIMBA_1000U/LH_415_hlist_0.25000.list,true,6896,6896,0.51209,/home/ml/thesis-camels/data/raw/CAMELS_SIMBA_1000U/LH_415_hlist_0.51209.list,true,8693,8693,0.75065,/home/ml/thesis-camels/data/raw/CAMELS_SIMBA_1000U/LH_415_hlist_0.75065.list,true,7735,7735,1.00000,/home/ml/thesis-camels/data/raw/CAMELS_SIMBA_1000U/LH_415_hlist_1.00000.list,true,7458,7458,train,test,train,NONE
LH_416,416,/home/ml/thesis-camels/data/raw/CAMELS_SIMBA_1000U,row_universe_id=LH_416;universe_index=416;omega_m=0.4338,0.20000,/home/ml/thesis-camels/data/raw/CAMELS_SIMBA_1000U/LH_416_hlist_0.20000.list,true,4225,4225,0.25000,/home/ml/thesis-camels/data/raw/CAMELS_SIMBA_1000U/LH_416_hlist_0.25000.list,true,5865,5865,0.51209,/home/ml/thesis-camels/data/raw/CAMELS_SIMBA_1000U/LH_416_hlist_0.51209.list,true,8469,8469,0.75065,/home/ml/thesis-camels/data/raw/CAMELS_SIMBA_1000U/LH_416_hlist_0.75065.list,true,7854,7854,1.00000,/home/ml/thesis-camels/data/raw/CAMELS_SIMBA_1000U/LH_416_hlist_1.00000.list,true,7646,7646,validation,train,train,NONE
LH_417,417,/home/ml/thesis-camels/data/raw/CAMELS_SIMBA_1000U,row_universe_id=LH_417;universe_index=417;omega_m=0.299,0.20000,/home/ml/thesis-camels/data/raw/CAMELS_SIMBA_1000U/LH_417_hlist_0.20000.list,true,2373,2373,0.25000,/home/ml/thesis-camels/data/raw/CAMELS_SIMBA_1000U/LH_417_hlist_0.25000.list,true,3903,3903,0.51209,/home/ml/thesis-camels/data/raw/CAMELS_SIMBA_1000U/LH_417_hlist_0.51209.list,true,7688,7688,0.75065,/home/ml/thesis-camels/data/raw/CAMELS_SIMBA_1000U/LH_417_hlist_0.75065.list,true,7735,7735,1.00000,/home/ml/thesis-camels/data/raw/CAMELS_SIMBA_1000U/LH_417_hlist_1.00000.list,true,8044,8044,train,test,test,NONE
LH_418,418,/home/ml/thesis-camels/data/raw/CAMELS_SIMBA_1000U,row_universe_id=LH_418;universe_index=418;omega_m=0.1038,0.20000,/home/ml/thesis-camels/data/raw/CAMELS_SIMBA_1000U/LH_418_hlist_0.20000.list,true,157,157,0.25000,/home/ml/thesis-camels/data/raw/CAMELS_SIMBA_1000U/LH_418_hlist_0.25000.list,true,869,869,0.51209,/home/ml/thesis-camels/data/raw/CAMELS_SIMBA_1000U/LH_418_hlist_0.51209.list,true,3196,3196,0.75065,/home/ml/thesis-camels/data/raw/CAMELS_SIMBA_1000U/LH_418_hlist_0.75065.list,true,3818,3818,1.00000,/home/ml/thesis-camels/data/raw/CAMELS_SIMBA_1000U/LH_418_hlist_1.00000.list,true,4458,4458,train,train,validation,NONE
LH_419,419,/home/ml/thesis-camels/data/raw/CAMELS_SIMBA_1000U,row_universe_id=LH_419;universe_index=419;omega_m=0.2994,0.20000,/home/ml/thesis-camels/data/raw/CAMELS_SIMBA_1000U/LH_419_hlist_0.20000.list,true,5094,5094,0.25000,/home/ml/thesis-camels/data/raw/CAMELS_SIMBA_1000U/LH_419_hlist_0.25000.list,true,6491,6491,0.51209,/home/ml/thesis-camels/data/raw/CAMELS_SIMBA_1000U/LH_419_hlist_0.51209.list,true,7122,7122,0.75065,/home/ml/thesis-camels/data/raw/CAMELS_SIMBA_1000U/LH_419_hlist_0.75065.list,true,6347,6347,1.00000,/home/ml/thesis-camels/data/raw/CAMELS_SIMBA_1000U/LH_419_hlist_1.00000.list,true,6381,6381,train,validation,train,NONE
LH_420,420,/home/ml/thesis-camels/data/raw/CAMELS_SIMBA_1000U,row_universe_id=LH_420;universe_index=420;omega_m=0.4626,0.20000,/home/ml/thesis-camels/data/raw/CAMELS_SIMBA_1000U/LH_420_hlist_0.20000.list,true,5707,5707,0.25000,/home/ml/thesis-camels/data/raw/CAMELS_SIMBA_1000U/LH_420_hlist_0.25000.list,true,7159,7159,0.51209,/home/ml/thesis-camels/data/raw/CAMELS_SIMBA_1000U/LH_420_hlist_0.51209.list,true,8062,8062,0.75065,/home/ml/thesis-camels/data/raw/CAMELS_SIMBA_1000U/LH_420_hlist_0.75065.list,true,6996,6996,1.00000,/home/ml/thesis-camels/data/raw/CAMELS_SIMBA_1000U/LH_420_hlist_1.00000.list,true,6634,6634,validation,validation,train,NONE
LH_421,421,/home/ml/thesis-camels/data/raw/CAMELS_SIMBA_1000U,row_universe_id=LH_421;universe_index=421;omega_m=0.1722,0.20000,/home/ml/thesis-camels/data/raw/CAMELS_SIMBA_1000U/LH_421_hlist_0.20000.list,true,3904,3904,0.25000,/home/ml/thesis-camels/data/raw/CAMELS_SIMBA_1000U/LH_421_hlist_0.25000.list,true,5204,5204,0.51209,/home/ml/thesis-camels/data/raw/CAMELS_SIMBA_1000U/LH_421_hlist_0.51209.list,true,6209,6209,0.75065,/home/ml/thesis-camels/data/raw/CAMELS_SIMBA_1000U/LH_421_hlist_0.75065.list,true,5886,5886,1.00000,/home/ml/thesis-camels/data/raw/CAMELS_SIMBA_1000U/LH_421_hlist_1.00000.list,true,6090,6090,train,train,test,NONE
LH_422,422,/home/ml/thesis-camels/data/raw/CAMELS_SIMBA_1000U,row_universe_id=LH_422;universe_index=422;omega_m=0.499,0.20000,/home/ml/thesis-camels/data/raw/CAMELS_SIMBA_1000U/LH_422_hlist_0.20000.list,true,7938,7938,0.25000,/home/ml/thesis-camels/data/raw/CAMELS_SIMBA_1000U/LH_422_hlist_0.25000.list,true,8878,8878,0.51209,/home/ml/thesis-camels/data/raw/CAMELS_SIMBA_1000U/LH_422_hlist_0.51209.list,true,8129,8129,0.75065,/home/ml/thesis-camels/data/raw/CAMELS_SIMBA_1000U/LH_422_hlist_0.75065.list,true,6674,6674,1.00000,/home/ml/thesis-camels/data/raw/CAMELS_SIMBA_1000U/LH_422_hlist_1.00000.list,true,6247,6247,train,train,train,NONE
LH_423,423,/home/ml/thesis-camels/data/raw/CAMELS_SIMBA_1000U,row_universe_id=LH_423;universe_index=423;omega_m=0.2374,0.20000,/home/ml/thesis-camels/data/raw/CAMELS_SIMBA_1000U/LH_423_hlist_0.20000.list,true,2363,2363,0.25000,/home/ml/thesis-camels/data/raw/CAMELS_SIMBA_1000U/LH_423_hlist_0.25000.list,true,4107,4107,0.51209,/home/ml/thesis-camels/data/raw/CAMELS_SIMBA_1000U/LH_423_hlist_0.51209.list,true,7016,7016,0.75065,/home/ml/thesis-camels/data/raw/CAMELS_SIMBA_1000U/LH_423_hlist_0.75065.list,true,6752,6752,1.00000,/home/ml/thesis-camels/data/raw/CAMELS_SIMBA_1000U/LH_423_hlist_1.00000.list,true,6929,6929,train,train,train,NONE
LH_424,424,/home/ml/thesis-camels/data/raw/CAMELS_SIMBA_1000U,row_universe_id=LH_424;universe_index=424;omega_m=0.2086,0.20000,/home/ml/thesis-camels/data/raw/CAMELS_SIMBA_1000U/LH_424_hlist_0.20000.list,true,2276,2276,0.25000,/home/ml/thesis-camels/data/raw/CAMELS_SIMBA_1000U/LH_424_hlist_0.25000.list,true,3618,3618,0.51209,/home/ml/thesis-camels/data/raw/CAMELS_SIMBA_1000U/LH_424_hlist_0.51209.list,true,6194,6194,0.75065,/home/ml/thesis-camels/data/raw/CAMELS_SIMBA_1000U/LH_424_hlist_0.75065.list,true,6302,6302,1.00000,/home/ml/thesis-camels/data/raw/CAMELS_SIMBA_1000U/LH_424_hlist_1.00000.list,true,6560,6560,train,test,train,NONE
LH_425,425,/home/ml/thesis-camels/data/raw/CAMELS_SIMBA_1000U,row_universe_id=LH_425;universe_index=425;omega_m=0.4746,0.20000,/home/ml/thesis-camels/data/raw/CAMELS_SIMBA_1000U/LH_425_hlist_0.20000.list,true,6952,6952,0.25000,/home/ml/thesis-camels/data/raw/CAMELS_SIMBA_1000U/LH_425_hlist_0.25000.list,true,8213,8213,0.51209,/home/ml/thesis-camels/data/raw/CAMELS_SIMBA_1000U/LH_425_hlist_0.51209.list,true,8308,8308,0.75065,/home/ml/thesis-camels/data/raw/CAMELS_SIMBA_1000U/LH_425_hlist_0.75065.list,true,6803,6803,1.00000,/home/ml/thesis-camels/data/raw/CAMELS_SIMBA_1000U/LH_425_hlist_1.00000.list,true,6276,6276,train,train,train,NONE
LH_426,426,/home/ml/thesis-camels/data/raw/CAMELS_SIMBA_1000U,row_universe_id=LH_426;universe_index=426;omega_m=0.3346,0.20000,/home/ml/thesis-camels/data/raw/CAMELS_SIMBA_1000U/LH_426_hlist_0.20000.list,true,5152,5152,0.25000,/home/ml/thesis-camels/data/raw/CAMELS_SIMBA_1000U/LH_426_hlist_0.25000.list,true,6576,6576,0.51209,/home/ml/thesis-camels/data/raw/CAMELS_SIMBA_1000U/LH_426_hlist_0.51209.list,true,7616,7616,0.75065,/home/ml/thesis-camels/data/raw/CAMELS_SIMBA_1000U/LH_426_hlist_0.75065.list,true,6704,6704,1.00000,/home/ml/thesis-camels/data/raw/CAMELS_SIMBA_1000U/LH_426_hlist_1.00000.list,true,6628,6628,train,train,train,NONE
LH_427,427,/home/ml/thesis-camels/data/raw/CAMELS_SIMBA_1000U,row_universe_id=LH_427;universe_index=427;omega_m=0.201,0.20000,/home/ml/thesis-camels/data/raw/CAMELS_SIMBA_1000U/LH_427_hlist_0.20000.list,true,3529,3529,0.25000,/home/ml/thesis-camels/data/raw/CAMELS_SIMBA_1000U/LH_427_hlist_0.25000.list,true,4972,4972,0.51209,/home/ml/thesis-camels/data/raw/CAMELS_SIMBA_1000U/LH_427_hlist_0.51209.list,true,6263,6263,0.75065,/home/ml/thesis-camels/data/raw/CAMELS_SIMBA_1000U/LH_427_hlist_0.75065.list,true,6055,6055,1.00000,/home/ml/thesis-camels/data/raw/CAMELS_SIMBA_1000U/LH_427_hlist_1.00000.list,true,6298,6298,train,train,test,NONE
LH_428,428,/home/ml/thesis-camels/data/raw/CAMELS_SIMBA_1000U,row_universe_id=LH_428;universe_index=428;omega_m=0.4942,0.20000,/home/ml/thesis-camels/data/raw/CAMELS_SIMBA_1000U/LH_428_hlist_0.20000.list,true,7899,7899,0.25000,/home/ml/thesis-camels/data/raw/CAMELS_SIMBA_1000U/LH_428_hlist_0.25000.list,true,8797,8797,0.51209,/home/ml/thesis-camels/data/raw/CAMELS_SIMBA_1000U/LH_428_hlist_0.51209.list,true,8272,8272,0.75065,/home/ml/thesis-camels/data/raw/CAMELS_SIMBA_1000U/LH_428_hlist_0.75065.list,true,6984,6984,1.00000,/home/ml/thesis-camels/data/raw/CAMELS_SIMBA_1000U/LH_428_hlist_1.00000.list,true,6607,6607,validation,train,test,NONE
LH_429,429,/home/ml/thesis-camels/data/raw/CAMELS_SIMBA_1000U,row_universe_id=LH_429;universe_index=429;omega_m=0.3454,0.20000,/home/ml/thesis-camels/data/raw/CAMELS_SIMBA_1000U/LH_429_hlist_0.20000.list,true,6678,6678,0.25000,/home/ml/thesis-camels/data/raw/CAMELS_SIMBA_1000U/LH_429_hlist_0.25000.list,true,7568,7568,0.51209,/home/ml/thesis-camels/data/raw/CAMELS_SIMBA_1000U/LH_429_hlist_0.51209.list,true,7619,7619,0.75065,/home/ml/thesis-camels/data/raw/CAMELS_SIMBA_1000U/LH_429_hlist_0.75065.list,true,6774,6774,1.00000,/home/ml/thesis-camels/data/raw/CAMELS_SIMBA_1000U/LH_429_hlist_1.00000.list,true,6706,6706,test,test,train,NONE
LH_430,430,/home/ml/thesis-camels/data/raw/CAMELS_SIMBA_1000U,row_universe_id=LH_430;universe_index=430;omega_m=0.209,0.20000,/home/ml/thesis-camels/data/raw/CAMELS_SIMBA_1000U/LH_430_hlist_0.20000.list,true,2278,2278,0.25000,/home/ml/thesis-camels/data/raw/CAMELS_SIMBA_1000U/LH_430_hlist_0.25000.list,true,3862,3862,0.51209,/home/ml/thesis-camels/data/raw/CAMELS_SIMBA_1000U/LH_430_hlist_0.51209.list,true,6409,6409,0.75065,/home/ml/thesis-camels/data/raw/CAMELS_SIMBA_1000U/LH_430_hlist_0.75065.list,true,6559,6559,1.00000,/home/ml/thesis-camels/data/raw/CAMELS_SIMBA_1000U/LH_430_hlist_1.00000.list,true,6863,6863,train,test,train,NONE
LH_431,431,/home/ml/thesis-camels/data/raw/CAMELS_SIMBA_1000U,row_universe_id=LH_431;universe_index=431;omega_m=0.3658,0.20000,/home/ml/thesis-camels/data/raw/CAMELS_SIMBA_1000U/LH_431_hlist_0.20000.list,true,7644,7644,0.25000,/home/ml/thesis-camels/data/raw/CAMELS_SIMBA_1000U/LH_431_hlist_0.25000.list,true,8311,8311,0.51209,/home/ml/thesis-camels/data/raw/CAMELS_SIMBA_1000U/LH_431_hlist_0.51209.list,true,7106,7106,0.75065,/home/ml/thesis-camels/data/raw/CAMELS_SIMBA_1000U/LH_431_hlist_0.75065.list,true,5765,5765,1.00000,/home/ml/thesis-camels/data/raw/CAMELS_SIMBA_1000U/LH_431_hlist_1.00000.list,true,5552,5552,train,train,train,NONE
LH_432,432,/home/ml/thesis-camels/data/raw/CAMELS_SIMBA_1000U,row_universe_id=LH_432;universe_index=432;omega_m=0.467,0.20000,/home/ml/thesis-camels/data/raw/CAMELS_SIMBA_1000U/LH_432_hlist_0.20000.list,true,5846,5846,0.25000,/home/ml/thesis-camels/data/raw/CAMELS_SIMBA_1000U/LH_432_hlist_0.25000.list,true,7324,7324,0.51209,/home/ml/thesis-camels/data/raw/CAMELS_SIMBA_1000U/LH_432_hlist_0.51209.list,true,8855,8855,0.75065,/home/ml/thesis-camels/data/raw/CAMELS_SIMBA_1000U/LH_432_hlist_0.75065.list,true,7824,7824,1.00000,/home/ml/thesis-camels/data/raw/CAMELS_SIMBA_1000U/LH_432_hlist_1.00000.list,true,7391,7391,test,train,train,NONE
LH_433,433,/home/ml/thesis-camels/data/raw/CAMELS_SIMBA_1000U,row_universe_id=LH_433;universe_index=433;omega_m=0.1222,0.20000,/home/ml/thesis-camels/data/raw/CAMELS_SIMBA_1000U/LH_433_hlist_0.20000.list,true,3405,3405,0.25000,/home/ml/thesis-camels/data/raw/CAMELS_SIMBA_1000U/LH_433_hlist_0.25000.list,true,4459,4459,0.51209,/home/ml/thesis-camels/data/raw/CAMELS_SIMBA_1000U/LH_433_hlist_0.51209.list,true,4584,4584,0.75065,/home/ml/thesis-camels/data/raw/CAMELS_SIMBA_1000U/LH_433_hlist_0.75065.list,true,4591,4591,1.00000,/home/ml/thesis-camels/data/raw/CAMELS_SIMBA_1000U/LH_433_hlist_1.00000.list,true,4995,4995,test,train,validation,NONE
LH_434,434,/home/ml/thesis-camels/data/raw/CAMELS_SIMBA_1000U,row_universe_id=LH_434;universe_index=434;omega_m=0.187,0.20000,/home/ml/thesis-camels/data/raw/CAMELS_SIMBA_1000U/LH_434_hlist_0.20000.list,true,1560,1560,0.25000,/home/ml/thesis-camels/data/raw/CAMELS_SIMBA_1000U/LH_434_hlist_0.25000.list,true,3061,3061,0.51209,/home/ml/thesis-camels/data/raw/CAMELS_SIMBA_1000U/LH_434_hlist_0.51209.list,true,6279,6279,0.75065,/home/ml/thesis-camels/data/raw/CAMELS_SIMBA_1000U/LH_434_hlist_0.75065.list,true,6498,6498,1.00000,/home/ml/thesis-camels/data/raw/CAMELS_SIMBA_1000U/LH_434_hlist_1.00000.list,true,7025,7025,validation,train,train,NONE
LH_435,435,/home/ml/thesis-camels/data/raw/CAMELS_SIMBA_1000U,row_universe_id=LH_435;universe_index=435;omega_m=0.4826,0.20000,/home/ml/thesis-camels/data/raw/CAMELS_SIMBA_1000U/LH_435_hlist_0.20000.list,true,8604,8604,0.25000,/home/ml/thesis-camels/data/raw/CAMELS_SIMBA_1000U/LH_435_hlist_0.25000.list,true,9444,9444,0.51209,/home/ml/thesis-camels/data/raw/CAMELS_SIMBA_1000U/LH_435_hlist_0.51209.list,true,7806,7806,0.75065,/home/ml/thesis-camels/data/raw/CAMELS_SIMBA_1000U/LH_435_hlist_0.75065.list,true,6386,6386,1.00000,/home/ml/thesis-camels/data/raw/CAMELS_SIMBA_1000U/LH_435_hlist_1.00000.list,true,5843,5843,train,train,train,NONE
LH_436,436,/home/ml/thesis-camels/data/raw/CAMELS_SIMBA_1000U,row_universe_id=LH_436;universe_index=436;omega_m=0.473,0.20000,/home/ml/thesis-camels/data/raw/CAMELS_SIMBA_1000U/LH_436_hlist_0.20000.list,true,6404,6404,0.25000,/home/ml/thesis-camels/data/raw/CAMELS_SIMBA_1000U/LH_436_hlist_0.25000.list,true,7690,7690,0.51209,/home/ml/thesis-camels/data/raw/CAMELS_SIMBA_1000U/LH_436_hlist_0.51209.list,true,8032,8032,0.75065,/home/ml/thesis-camels/data/raw/CAMELS_SIMBA_1000U/LH_436_hlist_0.75065.list,true,7057,7057,1.00000,/home/ml/thesis-camels/data/raw/CAMELS_SIMBA_1000U/LH_436_hlist_1.00000.list,true,6711,6711,train,train,train,NONE
LH_437,437,/home/ml/thesis-camels/data/raw/CAMELS_SIMBA_1000U,row_universe_id=LH_437;universe_index=437;omega_m=0.3202,0.20000,/home/ml/thesis-camels/data/raw/CAMELS_SIMBA_1000U/LH_437_hlist_0.20000.list,true,3942,3942,0.25000,/home/ml/thesis-camels/data/raw/CAMELS_SIMBA_1000U/LH_437_hlist_0.25000.list,true,5540,5540,0.51209,/home/ml/thesis-camels/data/raw/CAMELS_SIMBA_1000U/LH_437_hlist_0.51209.list,true,7902,7902,0.75065,/home/ml/thesis-camels/data/raw/CAMELS_SIMBA_1000U/LH_437_hlist_0.75065.list,true,7202,7202,1.00000,/home/ml/thesis-camels/data/raw/CAMELS_SIMBA_1000U/LH_437_hlist_1.00000.list,true,7350,7350,train,train,test,NONE
LH_438,438,/home/ml/thesis-camels/data/raw/CAMELS_SIMBA_1000U,row_universe_id=LH_438;universe_index=438;omega_m=0.4134,0.20000,/home/ml/thesis-camels/data/raw/CAMELS_SIMBA_1000U/LH_438_hlist_0.20000.list,true,3638,3638,0.25000,/home/ml/thesis-camels/data/raw/CAMELS_SIMBA_1000U/LH_438_hlist_0.25000.list,true,5247,5247,0.51209,/home/ml/thesis-camels/data/raw/CAMELS_SIMBA_1000U/LH_438_hlist_0.51209.list,true,8783,8783,0.75065,/home/ml/thesis-camels/data/raw/CAMELS_SIMBA_1000U/LH_438_hlist_0.75065.list,true,8231,8231,1.00000,/home/ml/thesis-camels/data/raw/CAMELS_SIMBA_1000U/LH_438_hlist_1.00000.list,true,8045,8045,test,validation,train,NONE
LH_439,439,/home/ml/thesis-camels/data/raw/CAMELS_SIMBA_1000U,row_universe_id=LH_439;universe_index=439;omega_m=0.4958,0.20000,/home/ml/thesis-camels/data/raw/CAMELS_SIMBA_1000U/LH_439_hlist_0.20000.list,true,5364,5364,0.25000,/home/ml/thesis-camels/data/raw/CAMELS_SIMBA_1000U/LH_439_hlist_0.25000.list,true,6919,6919,0.51209,/home/ml/thesis-camels/data/raw/CAMELS_SIMBA_1000U/LH_439_hlist_0.51209.list,true,8883,8883,0.75065,/home/ml/thesis-camels/data/raw/CAMELS_SIMBA_1000U/LH_439_hlist_0.75065.list,true,7974,7974,1.00000,/home/ml/thesis-camels/data/raw/CAMELS_SIMBA_1000U/LH_439_hlist_1.00000.list,true,7629,7629,train,test,train,NONE
LH_440,440,/home/ml/thesis-camels/data/raw/CAMELS_SIMBA_1000U,row_universe_id=LH_440;universe_index=440;omega_m=0.139,0.20000,/home/ml/thesis-camels/data/raw/CAMELS_SIMBA_1000U/LH_440_hlist_0.20000.list,true,1650,1650,0.25000,/home/ml/thesis-camels/data/raw/CAMELS_SIMBA_1000U/LH_440_hlist_0.25000.list,true,2974,2974,0.51209,/home/ml/thesis-camels/data/raw/CAMELS_SIMBA_1000U/LH_440_hlist_0.51209.list,true,5538,5538,0.75065,/home/ml/thesis-camels/data/raw/CAMELS_SIMBA_1000U/LH_440_hlist_0.75065.list,true,5802,5802,1.00000,/home/ml/thesis-camels/data/raw/CAMELS_SIMBA_1000U/LH_440_hlist_1.00000.list,true,6204,6204,train,test,train,NONE
LH_441,441,/home/ml/thesis-camels/data/raw/CAMELS_SIMBA_1000U,row_universe_id=LH_441;universe_index=441;omega_m=0.4574,0.20000,/home/ml/thesis-camels/data/raw/CAMELS_SIMBA_1000U/LH_441_hlist_0.20000.list,true,8688,8688,0.25000,/home/ml/thesis-camels/data/raw/CAMELS_SIMBA_1000U/LH_441_hlist_0.25000.list,true,9189,9189,0.51209,/home/ml/thesis-camels/data/raw/CAMELS_SIMBA_1000U/LH_441_hlist_0.51209.list,true,7270,7270,0.75065,/home/ml/thesis-camels/data/raw/CAMELS_SIMBA_1000U/LH_441_hlist_0.75065.list,true,6067,6067,1.00000,/home/ml/thesis-camels/data/raw/CAMELS_SIMBA_1000U/LH_441_hlist_1.00000.list,true,5721,5721,validation,train,test,NONE
LH_442,442,/home/ml/thesis-camels/data/raw/CAMELS_SIMBA_1000U,row_universe_id=LH_442;universe_index=442;omega_m=0.4734,0.20000,/home/ml/thesis-camels/data/raw/CAMELS_SIMBA_1000U/LH_442_hlist_0.20000.list,true,7635,7635,0.25000,/home/ml/thesis-camels/data/raw/CAMELS_SIMBA_1000U/LH_442_hlist_0.25000.list,true,8688,8688,0.51209,/home/ml/thesis-camels/data/raw/CAMELS_SIMBA_1000U/LH_442_hlist_0.51209.list,true,8149,8149,0.75065,/home/ml/thesis-camels/data/raw/CAMELS_SIMBA_1000U/LH_442_hlist_0.75065.list,true,6795,6795,1.00000,/home/ml/thesis-camels/data/raw/CAMELS_SIMBA_1000U/LH_442_hlist_1.00000.list,true,6475,6475,validation,test,train,NONE
LH_443,443,/home/ml/thesis-camels/data/raw/CAMELS_SIMBA_1000U,row_universe_id=LH_443;universe_index=443;omega_m=0.3666,0.20000,/home/ml/thesis-camels/data/raw/CAMELS_SIMBA_1000U/LH_443_hlist_0.20000.list,true,5590,5590,0.25000,/home/ml/thesis-camels/data/raw/CAMELS_SIMBA_1000U/LH_443_hlist_0.25000.list,true,6918,6918,0.51209,/home/ml/thesis-camels/data/raw/CAMELS_SIMBA_1000U/LH_443_hlist_0.51209.list,true,7687,7687,0.75065,/home/ml/thesis-camels/data/raw/CAMELS_SIMBA_1000U/LH_443_hlist_0.75065.list,true,6820,6820,1.00000,/home/ml/thesis-camels/data/raw/CAMELS_SIMBA_1000U/LH_443_hlist_1.00000.list,true,6749,6749,train,test,test,NONE
LH_444,444,/home/ml/thesis-camels/data/raw/CAMELS_SIMBA_1000U,row_universe_id=LH_444;universe_index=444;omega_m=0.1758,0.20000,/home/ml/thesis-camels/data/raw/CAMELS_SIMBA_1000U/LH_444_hlist_0.20000.list,true,3202,3202,0.25000,/home/ml/thesis-camels/data/raw/CAMELS_SIMBA_1000U/LH_444_hlist_0.25000.list,true,4573,4573,0.51209,/home/ml/thesis-camels/data/raw/CAMELS_SIMBA_1000U/LH_444_hlist_0.51209.list,true,6422,6422,0.75065,/home/ml/thesis-camels/data/raw/CAMELS_SIMBA_1000U/LH_444_hlist_0.75065.list,true,6364,6364,1.00000,/home/ml/thesis-camels/data/raw/CAMELS_SIMBA_1000U/LH_444_hlist_1.00000.list,true,6637,6637,train,test,test,NONE
LH_445,445,/home/ml/thesis-camels/data/raw/CAMELS_SIMBA_1000U,row_universe_id=LH_445;universe_index=445;omega_m=0.315,0.20000,/home/ml/thesis-camels/data/raw/CAMELS_SIMBA_1000U/LH_445_hlist_0.20000.list,true,4230,4230,0.25000,/home/ml/thesis-camels/data/raw/CAMELS_SIMBA_1000U/LH_445_hlist_0.25000.list,true,5739,5739,0.51209,/home/ml/thesis-camels/data/raw/CAMELS_SIMBA_1000U/LH_445_hlist_0.51209.list,true,7635,7635,0.75065,/home/ml/thesis-camels/data/raw/CAMELS_SIMBA_1000U/LH_445_hlist_0.75065.list,true,7145,7145,1.00000,/home/ml/thesis-camels/data/raw/CAMELS_SIMBA_1000U/LH_445_hlist_1.00000.list,true,7019,7019,test,train,train,NONE
LH_446,446,/home/ml/thesis-camels/data/raw/CAMELS_SIMBA_1000U,row_universe_id=LH_446;universe_index=446;omega_m=0.1718,0.20000,/home/ml/thesis-camels/data/raw/CAMELS_SIMBA_1000U/LH_446_hlist_0.20000.list,true,2450,2450,0.25000,/home/ml/thesis-camels/data/raw/CAMELS_SIMBA_1000U/LH_446_hlist_0.25000.list,true,3922,3922,0.51209,/home/ml/thesis-camels/data/raw/CAMELS_SIMBA_1000U/LH_446_hlist_0.51209.list,true,6059,6059,0.75065,/home/ml/thesis-camels/data/raw/CAMELS_SIMBA_1000U/LH_446_hlist_0.75065.list,true,6182,6182,1.00000,/home/ml/thesis-camels/data/raw/CAMELS_SIMBA_1000U/LH_446_hlist_1.00000.list,true,6488,6488,train,test,train,NONE
LH_447,447,/home/ml/thesis-camels/data/raw/CAMELS_SIMBA_1000U,row_universe_id=LH_447;universe_index=447;omega_m=0.2206,0.20000,/home/ml/thesis-camels/data/raw/CAMELS_SIMBA_1000U/LH_447_hlist_0.20000.list,true,1690,1690,0.25000,/home/ml/thesis-camels/data/raw/CAMELS_SIMBA_1000U/LH_447_hlist_0.25000.list,true,3174,3174,0.51209,/home/ml/thesis-camels/data/raw/CAMELS_SIMBA_1000U/LH_447_hlist_0.51209.list,true,6707,6707,0.75065,/home/ml/thesis-camels/data/raw/CAMELS_SIMBA_1000U/LH_447_hlist_0.75065.list,true,6896,6896,1.00000,/home/ml/thesis-camels/data/raw/CAMELS_SIMBA_1000U/LH_447_hlist_1.00000.list,true,7444,7444,validation,train,train,NONE
LH_448,448,/home/ml/thesis-camels/data/raw/CAMELS_SIMBA_1000U,row_universe_id=LH_448;universe_index=448;omega_m=0.2774,0.20000,/home/ml/thesis-camels/data/raw/CAMELS_SIMBA_1000U/LH_448_hlist_0.20000.list,true,3139,3139,0.25000,/home/ml/thesis-camels/data/raw/CAMELS_SIMBA_1000U/LH_448_hlist_0.25000.list,true,4913,4913,0.51209,/home/ml/thesis-camels/data/raw/CAMELS_SIMBA_1000U/LH_448_hlist_0.51209.list,true,7333,7333,0.75065,/home/ml/thesis-camels/data/raw/CAMELS_SIMBA_1000U/LH_448_hlist_0.75065.list,true,7041,7041,1.00000,/home/ml/thesis-camels/data/raw/CAMELS_SIMBA_1000U/LH_448_hlist_1.00000.list,true,7224,7224,test,train,train,NONE
LH_449,449,/home/ml/thesis-camels/data/raw/CAMELS_SIMBA_1000U,row_universe_id=LH_449;universe_index=449;omega_m=0.4162,0.20000,/home/ml/thesis-camels/data/raw/CAMELS_SIMBA_1000U/LH_449_hlist_0.20000.list,true,4852,4852,0.25000,/home/ml/thesis-camels/data/raw/CAMELS_SIMBA_1000U/LH_449_hlist_0.25000.list,true,6348,6348,0.51209,/home/ml/thesis-camels/data/raw/CAMELS_SIMBA_1000U/LH_449_hlist_0.51209.list,true,8474,8474,0.75065,/home/ml/thesis-camels/data/raw/CAMELS_SIMBA_1000U/LH_449_hlist_0.75065.list,true,7743,7743,1.00000,/home/ml/thesis-camels/data/raw/CAMELS_SIMBA_1000U/LH_449_hlist_1.00000.list,true,7479,7479,train,train,train,NONE
LH_450,450,/home/ml/thesis-camels/data/raw/CAMELS_SIMBA_1000U,row_universe_id=LH_450;universe_index=450;omega_m=0.3838,0.20000,/home/ml/thesis-camels/data/raw/CAMELS_SIMBA_1000U/LH_450_hlist_0.20000.list,true,4931,4931,0.25000,/home/ml/thesis-camels/data/raw/CAMELS_SIMBA_1000U/LH_450_hlist_0.25000.list,true,6346,6346,0.51209,/home/ml/thesis-camels/data/raw/CAMELS_SIMBA_1000U/LH_450_hlist_0.51209.list,true,8351,8351,0.75065,/home/ml/thesis-camels/data/raw/CAMELS_SIMBA_1000U/LH_450_hlist_0.75065.list,true,7702,7702,1.00000,/home/ml/thesis-camels/data/raw/CAMELS_SIMBA_1000U/LH_450_hlist_1.00000.list,true,7606,7606,train,train,train,NONE
LH_451,451,/home/ml/thesis-camels/data/raw/CAMELS_SIMBA_1000U,row_universe_id=LH_451;universe_index=451;omega_m=0.3598,0.20000,/home/ml/thesis-camels/data/raw/CAMELS_SIMBA_1000U/LH_451_hlist_0.20000.list,true,7257,7257,0.25000,/home/ml/thesis-camels/data/raw/CAMELS_SIMBA_1000U/LH_451_hlist_0.25000.list,true,8074,8074,0.51209,/home/ml/thesis-camels/data/raw/CAMELS_SIMBA_1000U/LH_451_hlist_0.51209.list,true,7772,7772,0.75065,/home/ml/thesis-camels/data/raw/CAMELS_SIMBA_1000U/LH_451_hlist_0.75065.list,true,6650,6650,1.00000,/home/ml/thesis-camels/data/raw/CAMELS_SIMBA_1000U/LH_451_hlist_1.00000.list,true,6573,6573,train,train,train,NONE
LH_452,452,/home/ml/thesis-camels/data/raw/CAMELS_SIMBA_1000U,row_universe_id=LH_452;universe_index=452;omega_m=0.2234,0.20000,/home/ml/thesis-camels/data/raw/CAMELS_SIMBA_1000U/LH_452_hlist_0.20000.list,true,4406,4406,0.25000,/home/ml/thesis-camels/data/raw/CAMELS_SIMBA_1000U/LH_452_hlist_0.25000.list,true,5901,5901,0.51209,/home/ml/thesis-camels/data/raw/CAMELS_SIMBA_1000U/LH_452_hlist_0.51209.list,true,6784,6784,0.75065,/home/ml/thesis-camels/data/raw/CAMELS_SIMBA_1000U/LH_452_hlist_0.75065.list,true,6362,6362,1.00000,/home/ml/thesis-camels/data/raw/CAMELS_SIMBA_1000U/LH_452_hlist_1.00000.list,true,6549,6549,train,train,train,NONE
LH_453,453,/home/ml/thesis-camels/data/raw/CAMELS_SIMBA_1000U,row_universe_id=LH_453;universe_index=453;omega_m=0.3826,0.20000,/home/ml/thesis-camels/data/raw/CAMELS_SIMBA_1000U/LH_453_hlist_0.20000.list,true,4736,4736,0.25000,/home/ml/thesis-camels/data/raw/CAMELS_SIMBA_1000U/LH_453_hlist_0.25000.list,true,6535,6535,0.51209,/home/ml/thesis-camels/data/raw/CAMELS_SIMBA_1000U/LH_453_hlist_0.51209.list,true,8317,8317,0.75065,/home/ml/thesis-camels/data/raw/CAMELS_SIMBA_1000U/LH_453_hlist_0.75065.list,true,7529,7529,1.00000,/home/ml/thesis-camels/data/raw/CAMELS_SIMBA_1000U/LH_453_hlist_1.00000.list,true,7433,7433,train,train,test,NONE
LH_454,454,/home/ml/thesis-camels/data/raw/CAMELS_SIMBA_1000U,row_universe_id=LH_454;universe_index=454;omega_m=0.1158,0.20000,/home/ml/thesis-camels/data/raw/CAMELS_SIMBA_1000U/LH_454_hlist_0.20000.list,true,1660,1660,0.25000,/home/ml/thesis-camels/data/raw/CAMELS_SIMBA_1000U/LH_454_hlist_0.25000.list,true,2864,2864,0.51209,/home/ml/thesis-camels/data/raw/CAMELS_SIMBA_1000U/LH_454_hlist_0.51209.list,true,4761,4761,0.75065,/home/ml/thesis-camels/data/raw/CAMELS_SIMBA_1000U/LH_454_hlist_0.75065.list,true,4829,4829,1.00000,/home/ml/thesis-camels/data/raw/CAMELS_SIMBA_1000U/LH_454_hlist_1.00000.list,true,5322,5322,train,train,test,NONE
LH_455,455,/home/ml/thesis-camels/data/raw/CAMELS_SIMBA_1000U,row_universe_id=LH_455;universe_index=455;omega_m=0.1682,0.20000,/home/ml/thesis-camels/data/raw/CAMELS_SIMBA_1000U/LH_455_hlist_0.20000.list,true,3484,3484,0.25000,/home/ml/thesis-camels/data/raw/CAMELS_SIMBA_1000U/LH_455_hlist_0.25000.list,true,4574,4574,0.51209,/home/ml/thesis-camels/data/raw/CAMELS_SIMBA_1000U/LH_455_hlist_0.51209.list,true,5523,5523,0.75065,/home/ml/thesis-camels/data/raw/CAMELS_SIMBA_1000U/LH_455_hlist_0.75065.list,true,5446,5446,1.00000,/home/ml/thesis-camels/data/raw/CAMELS_SIMBA_1000U/LH_455_hlist_1.00000.list,true,5581,5581,train,test,train,NONE
LH_456,456,/home/ml/thesis-camels/data/raw/CAMELS_SIMBA_1000U,row_universe_id=LH_456;universe_index=456;omega_m=0.2818,0.20000,/home/ml/thesis-camels/data/raw/CAMELS_SIMBA_1000U/LH_456_hlist_0.20000.list,true,5433,5433,0.25000,/home/ml/thesis-camels/data/raw/CAMELS_SIMBA_1000U/LH_456_hlist_0.25000.list,true,6529,6529,0.51209,/home/ml/thesis-camels/data/raw/CAMELS_SIMBA_1000U/LH_456_hlist_0.51209.list,true,6687,6687,0.75065,/home/ml/thesis-camels/data/raw/CAMELS_SIMBA_1000U/LH_456_hlist_0.75065.list,true,5988,5988,1.00000,/home/ml/thesis-camels/data/raw/CAMELS_SIMBA_1000U/LH_456_hlist_1.00000.list,true,5962,5962,train,train,train,NONE
LH_457,457,/home/ml/thesis-camels/data/raw/CAMELS_SIMBA_1000U,row_universe_id=LH_457;universe_index=457;omega_m=0.379,0.20000,/home/ml/thesis-camels/data/raw/CAMELS_SIMBA_1000U/LH_457_hlist_0.20000.list,true,4614,4614,0.25000,/home/ml/thesis-camels/data/raw/CAMELS_SIMBA_1000U/LH_457_hlist_0.25000.list,true,6406,6406,0.51209,/home/ml/thesis-camels/data/raw/CAMELS_SIMBA_1000U/LH_457_hlist_0.51209.list,true,8003,8003,0.75065,/home/ml/thesis-camels/data/raw/CAMELS_SIMBA_1000U/LH_457_hlist_0.75065.list,true,7281,7281,1.00000,/home/ml/thesis-camels/data/raw/CAMELS_SIMBA_1000U/LH_457_hlist_1.00000.list,true,7097,7097,train,train,test,NONE
LH_458,458,/home/ml/thesis-camels/data/raw/CAMELS_SIMBA_1000U,row_universe_id=LH_458;universe_index=458;omega_m=0.2334,0.20000,/home/ml/thesis-camels/data/raw/CAMELS_SIMBA_1000U/LH_458_hlist_0.20000.list,true,3761,3761,0.25000,/home/ml/thesis-camels/data/raw/CAMELS_SIMBA_1000U/LH_458_hlist_0.25000.list,true,5271,5271,0.51209,/home/ml/thesis-camels/data/raw/CAMELS_SIMBA_1000U/LH_458_hlist_0.51209.list,true,6643,6643,0.75065,/home/ml/thesis-camels/data/raw/CAMELS_SIMBA_1000U/LH_458_hlist_0.75065.list,true,6390,6390,1.00000,/home/ml/thesis-camels/data/raw/CAMELS_SIMBA_1000U/LH_458_hlist_1.00000.list,true,6610,6610,train,train,train,NONE
LH_459,459,/home/ml/thesis-camels/data/raw/CAMELS_SIMBA_1000U,row_universe_id=LH_459;universe_index=459;omega_m=0.3302,0.20000,/home/ml/thesis-camels/data/raw/CAMELS_SIMBA_1000U/LH_459_hlist_0.20000.list,true,4426,4426,0.25000,/home/ml/thesis-camels/data/raw/CAMELS_SIMBA_1000U/LH_459_hlist_0.25000.list,true,5963,5963,0.51209,/home/ml/thesis-camels/data/raw/CAMELS_SIMBA_1000U/LH_459_hlist_0.51209.list,true,7908,7908,0.75065,/home/ml/thesis-camels/data/raw/CAMELS_SIMBA_1000U/LH_459_hlist_0.75065.list,true,7398,7398,1.00000,/home/ml/thesis-camels/data/raw/CAMELS_SIMBA_1000U/LH_459_hlist_1.00000.list,true,7300,7300,test,test,train,NONE
LH_460,460,/home/ml/thesis-camels/data/raw/CAMELS_SIMBA_1000U,row_universe_id=LH_460;universe_index=460;omega_m=0.147,0.20000,/home/ml/thesis-camels/data/raw/CAMELS_SIMBA_1000U/LH_460_hlist_0.20000.list,true,564,564,0.25000,/home/ml/thesis-camels/data/raw/CAMELS_SIMBA_1000U/LH_460_hlist_0.25000.list,true,1537,1537,0.51209,/home/ml/thesis-camels/data/raw/CAMELS_SIMBA_1000U/LH_460_hlist_0.51209.list,true,5023,5023,0.75065,/home/ml/thesis-camels/data/raw/CAMELS_SIMBA_1000U/LH_460_hlist_0.75065.list,true,5603,5603,1.00000,/home/ml/thesis-camels/data/raw/CAMELS_SIMBA_1000U/LH_460_hlist_1.00000.list,true,6320,6320,train,test,train,NONE
LH_461,461,/home/ml/thesis-camels/data/raw/CAMELS_SIMBA_1000U,row_universe_id=LH_461;universe_index=461;omega_m=0.441,0.20000,/home/ml/thesis-camels/data/raw/CAMELS_SIMBA_1000U/LH_461_hlist_0.20000.list,true,4559,4559,0.25000,/home/ml/thesis-camels/data/raw/CAMELS_SIMBA_1000U/LH_461_hlist_0.25000.list,true,6166,6166,0.51209,/home/ml/thesis-camels/data/raw/CAMELS_SIMBA_1000U/LH_461_hlist_0.51209.list,true,8722,8722,0.75065,/home/ml/thesis-camels/data/raw/CAMELS_SIMBA_1000U/LH_461_hlist_0.75065.list,true,7941,7941,1.00000,/home/ml/thesis-camels/data/raw/CAMELS_SIMBA_1000U/LH_461_hlist_1.00000.list,true,7705,7705,train,test,test,NONE
LH_462,462,/home/ml/thesis-camels/data/raw/CAMELS_SIMBA_1000U,row_universe_id=LH_462;universe_index=462;omega_m=0.295,0.20000,/home/ml/thesis-camels/data/raw/CAMELS_SIMBA_1000U/LH_462_hlist_0.20000.list,true,6490,6490,0.25000,/home/ml/thesis-camels/data/raw/CAMELS_SIMBA_1000U/LH_462_hlist_0.25000.list,true,7245,7245,0.51209,/home/ml/thesis-camels/data/raw/CAMELS_SIMBA_1000U/LH_462_hlist_0.51209.list,true,7326,7326,0.75065,/home/ml/thesis-camels/data/raw/CAMELS_SIMBA_1000U/LH_462_hlist_0.75065.list,true,6709,6709,1.00000,/home/ml/thesis-camels/data/raw/CAMELS_SIMBA_1000U/LH_462_hlist_1.00000.list,true,6825,6825,test,train,train,NONE
LH_463,463,/home/ml/thesis-camels/data/raw/CAMELS_SIMBA_1000U,row_universe_id=LH_463;universe_index=463;omega_m=0.3418,0.20000,/home/ml/thesis-camels/data/raw/CAMELS_SIMBA_1000U/LH_463_hlist_0.20000.list,true,3213,3213,0.25000,/home/ml/thesis-camels/data/raw/CAMELS_SIMBA_1000U/LH_463_hlist_0.25000.list,true,4777,4777,0.51209,/home/ml/thesis-camels/data/raw/CAMELS_SIMBA_1000U/LH_463_hlist_0.51209.list,true,8010,8010,0.75065,/home/ml/thesis-camels/data/raw/CAMELS_SIMBA_1000U/LH_463_hlist_0.75065.list,true,7593,7593,1.00000,/home/ml/thesis-camels/data/raw/CAMELS_SIMBA_1000U/LH_463_hlist_1.00000.list,true,7618,7618,train,train,train,NONE
LH_464,464,/home/ml/thesis-camels/data/raw/CAMELS_SIMBA_1000U,row_universe_id=LH_464;universe_index=464;omega_m=0.2114,0.20000,/home/ml/thesis-camels/data/raw/CAMELS_SIMBA_1000U/LH_464_hlist_0.20000.list,true,4528,4528,0.25000,/home/ml/thesis-camels/data/raw/CAMELS_SIMBA_1000U/LH_464_hlist_0.25000.list,true,5801,5801,0.51209,/home/ml/thesis-camels/data/raw/CAMELS_SIMBA_1000U/LH_464_hlist_0.51209.list,true,6468,6468,0.75065,/home/ml/thesis-camels/data/raw/CAMELS_SIMBA_1000U/LH_464_hlist_0.75065.list,true,6275,6275,1.00000,/home/ml/thesis-camels/data/raw/CAMELS_SIMBA_1000U/LH_464_hlist_1.00000.list,true,6512,6512,test,train,test,NONE
LH_465,465,/home/ml/thesis-camels/data/raw/CAMELS_SIMBA_1000U,row_universe_id=LH_465;universe_index=465;omega_m=0.2986,0.20000,/home/ml/thesis-camels/data/raw/CAMELS_SIMBA_1000U/LH_465_hlist_0.20000.list,true,5313,5313,0.25000,/home/ml/thesis-camels/data/raw/CAMELS_SIMBA_1000U/LH_465_hlist_0.25000.list,true,6884,6884,0.51209,/home/ml/thesis-camels/data/raw/CAMELS_SIMBA_1000U/LH_465_hlist_0.51209.list,true,7411,7411,0.75065,/home/ml/thesis-camels/data/raw/CAMELS_SIMBA_1000U/LH_465_hlist_0.75065.list,true,6669,6669,1.00000,/home/ml/thesis-camels/data/raw/CAMELS_SIMBA_1000U/LH_465_hlist_1.00000.list,true,6604,6604,train,test,train,NONE
LH_466,466,/home/ml/thesis-camels/data/raw/CAMELS_SIMBA_1000U,row_universe_id=LH_466;universe_index=466;omega_m=0.393,0.20000,/home/ml/thesis-camels/data/raw/CAMELS_SIMBA_1000U/LH_466_hlist_0.20000.list,true,6731,6731,0.25000,/home/ml/thesis-camels/data/raw/CAMELS_SIMBA_1000U/LH_466_hlist_0.25000.list,true,7806,7806,0.51209,/home/ml/thesis-camels/data/raw/CAMELS_SIMBA_1000U/LH_466_hlist_0.51209.list,true,7561,7561,0.75065,/home/ml/thesis-camels/data/raw/CAMELS_SIMBA_1000U/LH_466_hlist_0.75065.list,true,6522,6522,1.00000,/home/ml/thesis-camels/data/raw/CAMELS_SIMBA_1000U/LH_466_hlist_1.00000.list,true,6263,6263,train,train,train,NONE
LH_467,467,/home/ml/thesis-camels/data/raw/CAMELS_SIMBA_1000U,row_universe_id=LH_467;universe_index=467;omega_m=0.2302,0.20000,/home/ml/thesis-camels/data/raw/CAMELS_SIMBA_1000U/LH_467_hlist_0.20000.list,true,1908,1908,0.25000,/home/ml/thesis-camels/data/raw/CAMELS_SIMBA_1000U/LH_467_hlist_0.25000.list,true,3248,3248,0.51209,/home/ml/thesis-camels/data/raw/CAMELS_SIMBA_1000U/LH_467_hlist_0.51209.list,true,6788,6788,0.75065,/home/ml/thesis-camels/data/raw/CAMELS_SIMBA_1000U/LH_467_hlist_0.75065.list,true,7017,7017,1.00000,/home/ml/thesis-camels/data/raw/CAMELS_SIMBA_1000U/LH_467_hlist_1.00000.list,true,7422,7422,train,test,test,NONE
LH_468,468,/home/ml/thesis-camels/data/raw/CAMELS_SIMBA_1000U,row_universe_id=LH_468;universe_index=468;omega_m=0.4518,0.20000,/home/ml/thesis-camels/data/raw/CAMELS_SIMBA_1000U/LH_468_hlist_0.20000.list,true,4642,4642,0.25000,/home/ml/thesis-camels/data/raw/CAMELS_SIMBA_1000U/LH_468_hlist_0.25000.list,true,6349,6349,0.51209,/home/ml/thesis-camels/data/raw/CAMELS_SIMBA_1000U/LH_468_hlist_0.51209.list,true,8919,8919,0.75065,/home/ml/thesis-camels/data/raw/CAMELS_SIMBA_1000U/LH_468_hlist_0.75065.list,true,8132,8132,1.00000,/home/ml/thesis-camels/data/raw/CAMELS_SIMBA_1000U/LH_468_hlist_1.00000.list,true,7868,7868,train,train,train,NONE
LH_469,469,/home/ml/thesis-camels/data/raw/CAMELS_SIMBA_1000U,row_universe_id=LH_469;universe_index=469;omega_m=0.4706,0.20000,/home/ml/thesis-camels/data/raw/CAMELS_SIMBA_1000U/LH_469_hlist_0.20000.list,true,4311,4311,0.25000,/home/ml/thesis-camels/data/raw/CAMELS_SIMBA_1000U/LH_469_hlist_0.25000.list,true,5931,5931,0.51209,/home/ml/thesis-camels/data/raw/CAMELS_SIMBA_1000U/LH_469_hlist_0.51209.list,true,8621,8621,0.75065,/home/ml/thesis-camels/data/raw/CAMELS_SIMBA_1000U/LH_469_hlist_0.75065.list,true,8104,8104,1.00000,/home/ml/thesis-camels/data/raw/CAMELS_SIMBA_1000U/LH_469_hlist_1.00000.list,true,7746,7746,test,train,validation,NONE
LH_470,470,/home/ml/thesis-camels/data/raw/CAMELS_SIMBA_1000U,row_universe_id=LH_470;universe_index=470;omega_m=0.3102,0.20000,/home/ml/thesis-camels/data/raw/CAMELS_SIMBA_1000U/LH_470_hlist_0.20000.list,true,7529,7529,0.25000,/home/ml/thesis-camels/data/raw/CAMELS_SIMBA_1000U/LH_470_hlist_0.25000.list,true,7901,7901,0.51209,/home/ml/thesis-camels/data/raw/CAMELS_SIMBA_1000U/LH_470_hlist_0.51209.list,true,6110,6110,0.75065,/home/ml/thesis-camels/data/raw/CAMELS_SIMBA_1000U/LH_470_hlist_0.75065.list,true,5247,5247,1.00000,/home/ml/thesis-camels/data/raw/CAMELS_SIMBA_1000U/LH_470_hlist_1.00000.list,true,5009,5009,test,train,validation,NONE
LH_471,471,/home/ml/thesis-camels/data/raw/CAMELS_SIMBA_1000U,row_universe_id=LH_471;universe_index=471;omega_m=0.3282,0.20000,/home/ml/thesis-camels/data/raw/CAMELS_SIMBA_1000U/LH_471_hlist_0.20000.list,true,6054,6054,0.25000,/home/ml/thesis-camels/data/raw/CAMELS_SIMBA_1000U/LH_471_hlist_0.25000.list,true,7124,7124,0.51209,/home/ml/thesis-camels/data/raw/CAMELS_SIMBA_1000U/LH_471_hlist_0.51209.list,true,7185,7185,0.75065,/home/ml/thesis-camels/data/raw/CAMELS_SIMBA_1000U/LH_471_hlist_0.75065.list,true,6380,6380,1.00000,/home/ml/thesis-camels/data/raw/CAMELS_SIMBA_1000U/LH_471_hlist_1.00000.list,true,6319,6319,validation,validation,test,NONE
LH_472,472,/home/ml/thesis-camels/data/raw/CAMELS_SIMBA_1000U,row_universe_id=LH_472;universe_index=472;omega_m=0.3602,0.20000,/home/ml/thesis-camels/data/raw/CAMELS_SIMBA_1000U/LH_472_hlist_0.20000.list,true,7377,7377,0.25000,/home/ml/thesis-camels/data/raw/CAMELS_SIMBA_1000U/LH_472_hlist_0.25000.list,true,8134,8134,0.51209,/home/ml/thesis-camels/data/raw/CAMELS_SIMBA_1000U/LH_472_hlist_0.51209.list,true,7469,7469,0.75065,/home/ml/thesis-camels/data/raw/CAMELS_SIMBA_1000U/LH_472_hlist_0.75065.list,true,6419,6419,1.00000,/home/ml/thesis-camels/data/raw/CAMELS_SIMBA_1000U/LH_472_hlist_1.00000.list,true,6224,6224,validation,test,train,NONE
LH_473,473,/home/ml/thesis-camels/data/raw/CAMELS_SIMBA_1000U,row_universe_id=LH_473;universe_index=473;omega_m=0.4946,0.20000,/home/ml/thesis-camels/data/raw/CAMELS_SIMBA_1000U/LH_473_hlist_0.20000.list,true,9226,9226,0.25000,/home/ml/thesis-camels/data/raw/CAMELS_SIMBA_1000U/LH_473_hlist_0.25000.list,true,9543,9543,0.51209,/home/ml/thesis-camels/data/raw/CAMELS_SIMBA_1000U/LH_473_hlist_0.51209.list,true,7646,7646,0.75065,/home/ml/thesis-camels/data/raw/CAMELS_SIMBA_1000U/LH_473_hlist_0.75065.list,true,6137,6137,1.00000,/home/ml/thesis-camels/data/raw/CAMELS_SIMBA_1000U/LH_473_hlist_1.00000.list,true,5745,5745,test,validation,train,NONE
LH_474,474,/home/ml/thesis-camels/data/raw/CAMELS_SIMBA_1000U,row_universe_id=LH_474;universe_index=474;omega_m=0.4714,0.20000,/home/ml/thesis-camels/data/raw/CAMELS_SIMBA_1000U/LH_474_hlist_0.20000.list,true,5659,5659,0.25000,/home/ml/thesis-camels/data/raw/CAMELS_SIMBA_1000U/LH_474_hlist_0.25000.list,true,7175,7175,0.51209,/home/ml/thesis-camels/data/raw/CAMELS_SIMBA_1000U/LH_474_hlist_0.51209.list,true,8692,8692,0.75065,/home/ml/thesis-camels/data/raw/CAMELS_SIMBA_1000U/LH_474_hlist_0.75065.list,true,7611,7611,1.00000,/home/ml/thesis-camels/data/raw/CAMELS_SIMBA_1000U/LH_474_hlist_1.00000.list,true,7218,7218,validation,train,train,NONE
LH_475,475,/home/ml/thesis-camels/data/raw/CAMELS_SIMBA_1000U,row_universe_id=LH_475;universe_index=475;omega_m=0.287,0.20000,/home/ml/thesis-camels/data/raw/CAMELS_SIMBA_1000U/LH_475_hlist_0.20000.list,true,3743,3743,0.25000,/home/ml/thesis-camels/data/raw/CAMELS_SIMBA_1000U/LH_475_hlist_0.25000.list,true,5266,5266,0.51209,/home/ml/thesis-camels/data/raw/CAMELS_SIMBA_1000U/LH_475_hlist_0.51209.list,true,7571,7571,0.75065,/home/ml/thesis-camels/data/raw/CAMELS_SIMBA_1000U/LH_475_hlist_0.75065.list,true,7384,7384,1.00000,/home/ml/thesis-camels/data/raw/CAMELS_SIMBA_1000U/LH_475_hlist_1.00000.list,true,7637,7637,train,train,train,NONE
LH_476,476,/home/ml/thesis-camels/data/raw/CAMELS_SIMBA_1000U,row_universe_id=LH_476;universe_index=476;omega_m=0.2746,0.20000,/home/ml/thesis-camels/data/raw/CAMELS_SIMBA_1000U/LH_476_hlist_0.20000.list,true,3158,3158,0.25000,/home/ml/thesis-camels/data/raw/CAMELS_SIMBA_1000U/LH_476_hlist_0.25000.list,true,4807,4807,0.51209,/home/ml/thesis-camels/data/raw/CAMELS_SIMBA_1000U/LH_476_hlist_0.51209.list,true,7592,7592,0.75065,/home/ml/thesis-camels/data/raw/CAMELS_SIMBA_1000U/LH_476_hlist_0.75065.list,true,7182,7182,1.00000,/home/ml/thesis-camels/data/raw/CAMELS_SIMBA_1000U/LH_476_hlist_1.00000.list,true,7367,7367,train,train,train,NONE
LH_477,477,/home/ml/thesis-camels/data/raw/CAMELS_SIMBA_1000U,row_universe_id=LH_477;universe_index=477;omega_m=0.4266,0.20000,/home/ml/thesis-camels/data/raw/CAMELS_SIMBA_1000U/LH_477_hlist_0.20000.list,true,8204,8204,0.25000,/home/ml/thesis-camels/data/raw/CAMELS_SIMBA_1000U/LH_477_hlist_0.25000.list,true,8961,8961,0.51209,/home/ml/thesis-camels/data/raw/CAMELS_SIMBA_1000U/LH_477_hlist_0.51209.list,true,7540,7540,0.75065,/home/ml/thesis-camels/data/raw/CAMELS_SIMBA_1000U/LH_477_hlist_0.75065.list,true,6435,6435,1.00000,/home/ml/thesis-camels/data/raw/CAMELS_SIMBA_1000U/LH_477_hlist_1.00000.list,true,6033,6033,train,train,validation,NONE
LH_478,478,/home/ml/thesis-camels/data/raw/CAMELS_SIMBA_1000U,row_universe_id=LH_478;universe_index=478;omega_m=0.423,0.20000,/home/ml/thesis-camels/data/raw/CAMELS_SIMBA_1000U/LH_478_hlist_0.20000.list,true,6826,6826,0.25000,/home/ml/thesis-camels/data/raw/CAMELS_SIMBA_1000U/LH_478_hlist_0.25000.list,true,8015,8015,0.51209,/home/ml/thesis-camels/data/raw/CAMELS_SIMBA_1000U/LH_478_hlist_0.51209.list,true,8598,8598,0.75065,/home/ml/thesis-camels/data/raw/CAMELS_SIMBA_1000U/LH_478_hlist_0.75065.list,true,6951,6951,1.00000,/home/ml/thesis-camels/data/raw/CAMELS_SIMBA_1000U/LH_478_hlist_1.00000.list,true,6613,6613,validation,train,train,NONE
LH_479,479,/home/ml/thesis-camels/data/raw/CAMELS_SIMBA_1000U,row_universe_id=LH_479;universe_index=479;omega_m=0.4954,0.20000,/home/ml/thesis-camels/data/raw/CAMELS_SIMBA_1000U/LH_479_hlist_0.20000.list,true,9354,9354,0.25000,/home/ml/thesis-camels/data/raw/CAMELS_SIMBA_1000U/LH_479_hlist_0.25000.list,true,9612,9612,0.51209,/home/ml/thesis-camels/data/raw/CAMELS_SIMBA_1000U/LH_479_hlist_0.51209.list,true,7246,7246,0.75065,/home/ml/thesis-camels/data/raw/CAMELS_SIMBA_1000U/LH_479_hlist_0.75065.list,true,5830,5830,1.00000,/home/ml/thesis-camels/data/raw/CAMELS_SIMBA_1000U/LH_479_hlist_1.00000.list,true,5185,5185,test,train,train,NONE
LH_480,480,/home/ml/thesis-camels/data/raw/CAMELS_SIMBA_1000U,row_universe_id=LH_480;universe_index=480;omega_m=0.2146,0.20000,/home/ml/thesis-camels/data/raw/CAMELS_SIMBA_1000U/LH_480_hlist_0.20000.list,true,5044,5044,0.25000,/home/ml/thesis-camels/data/raw/CAMELS_SIMBA_1000U/LH_480_hlist_0.25000.list,true,5969,5969,0.51209,/home/ml/thesis-camels/data/raw/CAMELS_SIMBA_1000U/LH_480_hlist_0.51209.list,true,5999,5999,0.75065,/home/ml/thesis-camels/data/raw/CAMELS_SIMBA_1000U/LH_480_hlist_0.75065.list,true,5636,5636,1.00000,/home/ml/thesis-camels/data/raw/CAMELS_SIMBA_1000U/LH_480_hlist_1.00000.list,true,5815,5815,train,test,train,NONE
LH_481,481,/home/ml/thesis-camels/data/raw/CAMELS_SIMBA_1000U,row_universe_id=LH_481;universe_index=481;omega_m=0.131,0.20000,/home/ml/thesis-camels/data/raw/CAMELS_SIMBA_1000U/LH_481_hlist_0.20000.list,true,1168,1168,0.25000,/home/ml/thesis-camels/data/raw/CAMELS_SIMBA_1000U/LH_481_hlist_0.25000.list,true,2403,2403,0.51209,/home/ml/thesis-camels/data/raw/CAMELS_SIMBA_1000U/LH_481_hlist_0.51209.list,true,4455,4455,0.75065,/home/ml/thesis-camels/data/raw/CAMELS_SIMBA_1000U/LH_481_hlist_0.75065.list,true,4859,4859,1.00000,/home/ml/thesis-camels/data/raw/CAMELS_SIMBA_1000U/LH_481_hlist_1.00000.list,true,5406,5406,train,train,train,NONE
LH_482,482,/home/ml/thesis-camels/data/raw/CAMELS_SIMBA_1000U,row_universe_id=LH_482;universe_index=482;omega_m=0.3166,0.20000,/home/ml/thesis-camels/data/raw/CAMELS_SIMBA_1000U/LH_482_hlist_0.20000.list,true,5839,5839,0.25000,/home/ml/thesis-camels/data/raw/CAMELS_SIMBA_1000U/LH_482_hlist_0.25000.list,true,7074,7074,0.51209,/home/ml/thesis-camels/data/raw/CAMELS_SIMBA_1000U/LH_482_hlist_0.51209.list,true,7211,7211,0.75065,/home/ml/thesis-camels/data/raw/CAMELS_SIMBA_1000U/LH_482_hlist_0.75065.list,true,6246,6246,1.00000,/home/ml/thesis-camels/data/raw/CAMELS_SIMBA_1000U/LH_482_hlist_1.00000.list,true,6366,6366,train,train,train,NONE
LH_483,483,/home/ml/thesis-camels/data/raw/CAMELS_SIMBA_1000U,row_universe_id=LH_483;universe_index=483;omega_m=0.3038,0.20000,/home/ml/thesis-camels/data/raw/CAMELS_SIMBA_1000U/LH_483_hlist_0.20000.list,true,6551,6551,0.25000,/home/ml/thesis-camels/data/raw/CAMELS_SIMBA_1000U/LH_483_hlist_0.25000.list,true,7489,7489,0.51209,/home/ml/thesis-camels/data/raw/CAMELS_SIMBA_1000U/LH_483_hlist_0.51209.list,true,7397,7397,0.75065,/home/ml/thesis-camels/data/raw/CAMELS_SIMBA_1000U/LH_483_hlist_0.75065.list,true,6562,6562,1.00000,/home/ml/thesis-camels/data/raw/CAMELS_SIMBA_1000U/LH_483_hlist_1.00000.list,true,6596,6596,train,test,validation,NONE
LH_484,484,/home/ml/thesis-camels/data/raw/CAMELS_SIMBA_1000U,row_universe_id=LH_484;universe_index=484;omega_m=0.2238,0.20000,/home/ml/thesis-camels/data/raw/CAMELS_SIMBA_1000U/LH_484_hlist_0.20000.list,true,3109,3109,0.25000,/home/ml/thesis-camels/data/raw/CAMELS_SIMBA_1000U/LH_484_hlist_0.25000.list,true,4666,4666,0.51209,/home/ml/thesis-camels/data/raw/CAMELS_SIMBA_1000U/LH_484_hlist_0.51209.list,true,6565,6565,0.75065,/home/ml/thesis-camels/data/raw/CAMELS_SIMBA_1000U/LH_484_hlist_0.75065.list,true,6377,6377,1.00000,/home/ml/thesis-camels/data/raw/CAMELS_SIMBA_1000U/LH_484_hlist_1.00000.list,true,6824,6824,validation,train,train,NONE
LH_485,485,/home/ml/thesis-camels/data/raw/CAMELS_SIMBA_1000U,row_universe_id=LH_485;universe_index=485;omega_m=0.1982,0.20000,/home/ml/thesis-camels/data/raw/CAMELS_SIMBA_1000U/LH_485_hlist_0.20000.list,true,2954,2954,0.25000,/home/ml/thesis-camels/data/raw/CAMELS_SIMBA_1000U/LH_485_hlist_0.25000.list,true,4505,4505,0.51209,/home/ml/thesis-camels/data/raw/CAMELS_SIMBA_1000U/LH_485_hlist_0.51209.list,true,6136,6136,0.75065,/home/ml/thesis-camels/data/raw/CAMELS_SIMBA_1000U/LH_485_hlist_0.75065.list,true,5822,5822,1.00000,/home/ml/thesis-camels/data/raw/CAMELS_SIMBA_1000U/LH_485_hlist_1.00000.list,true,6057,6057,train,train,train,NONE
LH_486,486,/home/ml/thesis-camels/data/raw/CAMELS_SIMBA_1000U,row_universe_id=LH_486;universe_index=486;omega_m=0.4646,0.20000,/home/ml/thesis-camels/data/raw/CAMELS_SIMBA_1000U/LH_486_hlist_0.20000.list,true,4408,4408,0.25000,/home/ml/thesis-camels/data/raw/CAMELS_SIMBA_1000U/LH_486_hlist_0.25000.list,true,5886,5886,0.51209,/home/ml/thesis-camels/data/raw/CAMELS_SIMBA_1000U/LH_486_hlist_0.51209.list,true,8698,8698,0.75065,/home/ml/thesis-camels/data/raw/CAMELS_SIMBA_1000U/LH_486_hlist_0.75065.list,true,8276,8276,1.00000,/home/ml/thesis-camels/data/raw/CAMELS_SIMBA_1000U/LH_486_hlist_1.00000.list,true,7967,7967,test,train,test,NONE
LH_487,487,/home/ml/thesis-camels/data/raw/CAMELS_SIMBA_1000U,row_universe_id=LH_487;universe_index=487;omega_m=0.193,0.20000,/home/ml/thesis-camels/data/raw/CAMELS_SIMBA_1000U/LH_487_hlist_0.20000.list,true,2838,2838,0.25000,/home/ml/thesis-camels/data/raw/CAMELS_SIMBA_1000U/LH_487_hlist_0.25000.list,true,4405,4405,0.51209,/home/ml/thesis-camels/data/raw/CAMELS_SIMBA_1000U/LH_487_hlist_0.51209.list,true,5986,5986,0.75065,/home/ml/thesis-camels/data/raw/CAMELS_SIMBA_1000U/LH_487_hlist_0.75065.list,true,5882,5882,1.00000,/home/ml/thesis-camels/data/raw/CAMELS_SIMBA_1000U/LH_487_hlist_1.00000.list,true,6161,6161,train,train,validation,NONE
LH_488,488,/home/ml/thesis-camels/data/raw/CAMELS_SIMBA_1000U,row_universe_id=LH_488;universe_index=488;omega_m=0.2198,0.20000,/home/ml/thesis-camels/data/raw/CAMELS_SIMBA_1000U/LH_488_hlist_0.20000.list,true,5357,5357,0.25000,/home/ml/thesis-camels/data/raw/CAMELS_SIMBA_1000U/LH_488_hlist_0.25000.list,true,6244,6244,0.51209,/home/ml/thesis-camels/data/raw/CAMELS_SIMBA_1000U/LH_488_hlist_0.51209.list,true,6326,6326,0.75065,/home/ml/thesis-camels/data/raw/CAMELS_SIMBA_1000U/LH_488_hlist_0.75065.list,true,5742,5742,1.00000,/home/ml/thesis-camels/data/raw/CAMELS_SIMBA_1000U/LH_488_hlist_1.00000.list,true,5917,5917,train,test,train,NONE
LH_489,489,/home/ml/thesis-camels/data/raw/CAMELS_SIMBA_1000U,row_universe_id=LH_489;universe_index=489;omega_m=0.2126,0.20000,/home/ml/thesis-camels/data/raw/CAMELS_SIMBA_1000U/LH_489_hlist_0.20000.list,true,3665,3665,0.25000,/home/ml/thesis-camels/data/raw/CAMELS_SIMBA_1000U/LH_489_hlist_0.25000.list,true,5100,5100,0.51209,/home/ml/thesis-camels/data/raw/CAMELS_SIMBA_1000U/LH_489_hlist_0.51209.list,true,6229,6229,0.75065,/home/ml/thesis-camels/data/raw/CAMELS_SIMBA_1000U/LH_489_hlist_0.75065.list,true,5917,5917,1.00000,/home/ml/thesis-camels/data/raw/CAMELS_SIMBA_1000U/LH_489_hlist_1.00000.list,true,6209,6209,train,train,test,NONE
LH_490,490,/home/ml/thesis-camels/data/raw/CAMELS_SIMBA_1000U,row_universe_id=LH_490;universe_index=490;omega_m=0.1838,0.20000,/home/ml/thesis-camels/data/raw/CAMELS_SIMBA_1000U/LH_490_hlist_0.20000.list,true,4038,4038,0.25000,/home/ml/thesis-camels/data/raw/CAMELS_SIMBA_1000U/LH_490_hlist_0.25000.list,true,5273,5273,0.51209,/home/ml/thesis-camels/data/raw/CAMELS_SIMBA_1000U/LH_490_hlist_0.51209.list,true,6209,6209,0.75065,/home/ml/thesis-camels/data/raw/CAMELS_SIMBA_1000U/LH_490_hlist_0.75065.list,true,5940,5940,1.00000,/home/ml/thesis-camels/data/raw/CAMELS_SIMBA_1000U/LH_490_hlist_1.00000.list,true,6187,6187,train,train,train,NONE
LH_491,491,/home/ml/thesis-camels/data/raw/CAMELS_SIMBA_1000U,row_universe_id=LH_491;universe_index=491;omega_m=0.3594,0.20000,/home/ml/thesis-camels/data/raw/CAMELS_SIMBA_1000U/LH_491_hlist_0.20000.list,true,7993,7993,0.25000,/home/ml/thesis-camels/data/raw/CAMELS_SIMBA_1000U/LH_491_hlist_0.25000.list,true,8459,8459,0.51209,/home/ml/thesis-camels/data/raw/CAMELS_SIMBA_1000U/LH_491_hlist_0.51209.list,true,6860,6860,0.75065,/home/ml/thesis-camels/data/raw/CAMELS_SIMBA_1000U/LH_491_hlist_0.75065.list,true,5829,5829,1.00000,/home/ml/thesis-camels/data/raw/CAMELS_SIMBA_1000U/LH_491_hlist_1.00000.list,true,5671,5671,train,train,train,NONE
LH_492,492,/home/ml/thesis-camels/data/raw/CAMELS_SIMBA_1000U,row_universe_id=LH_492;universe_index=492;omega_m=0.113,0.20000,/home/ml/thesis-camels/data/raw/CAMELS_SIMBA_1000U/LH_492_hlist_0.20000.list,true,361,361,0.25000,/home/ml/thesis-camels/data/raw/CAMELS_SIMBA_1000U/LH_492_hlist_0.25000.list,true,1159,1159,0.51209,/home/ml/thesis-camels/data/raw/CAMELS_SIMBA_1000U/LH_492_hlist_0.51209.list,true,3835,3835,0.75065,/home/ml/thesis-camels/data/raw/CAMELS_SIMBA_1000U/LH_492_hlist_0.75065.list,true,4352,4352,1.00000,/home/ml/thesis-camels/data/raw/CAMELS_SIMBA_1000U/LH_492_hlist_1.00000.list,true,4997,4997,train,train,train,NONE
LH_493,493,/home/ml/thesis-camels/data/raw/CAMELS_SIMBA_1000U,row_universe_id=LH_493;universe_index=493;omega_m=0.3446,0.20000,/home/ml/thesis-camels/data/raw/CAMELS_SIMBA_1000U/LH_493_hlist_0.20000.list,true,2947,2947,0.25000,/home/ml/thesis-camels/data/raw/CAMELS_SIMBA_1000U/LH_493_hlist_0.25000.list,true,4715,4715,0.51209,/home/ml/thesis-camels/data/raw/CAMELS_SIMBA_1000U/LH_493_hlist_0.51209.list,true,7664,7664,0.75065,/home/ml/thesis-camels/data/raw/CAMELS_SIMBA_1000U/LH_493_hlist_0.75065.list,true,7293,7293,1.00000,/home/ml/thesis-camels/data/raw/CAMELS_SIMBA_1000U/LH_493_hlist_1.00000.list,true,7202,7202,train,validation,train,NONE
LH_494,494,/home/ml/thesis-camels/data/raw/CAMELS_SIMBA_1000U,row_universe_id=LH_494;universe_index=494;omega_m=0.4286,0.20000,/home/ml/thesis-camels/data/raw/CAMELS_SIMBA_1000U/LH_494_hlist_0.20000.list,true,6799,6799,0.25000,/home/ml/thesis-camels/data/raw/CAMELS_SIMBA_1000U/LH_494_hlist_0.25000.list,true,8119,8119,0.51209,/home/ml/thesis-camels/data/raw/CAMELS_SIMBA_1000U/LH_494_hlist_0.51209.list,true,8098,8098,0.75065,/home/ml/thesis-camels/data/raw/CAMELS_SIMBA_1000U/LH_494_hlist_0.75065.list,true,6876,6876,1.00000,/home/ml/thesis-camels/data/raw/CAMELS_SIMBA_1000U/LH_494_hlist_1.00000.list,true,6495,6495,train,test,train,NONE
LH_495,495,/home/ml/thesis-camels/data/raw/CAMELS_SIMBA_1000U,row_universe_id=LH_495;universe_index=495;omega_m=0.2002,0.20000,/home/ml/thesis-camels/data/raw/CAMELS_SIMBA_1000U/LH_495_hlist_0.20000.list,true,3100,3100,0.25000,/home/ml/thesis-camels/data/raw/CAMELS_SIMBA_1000U/LH_495_hlist_0.25000.list,true,4571,4571,0.51209,/home/ml/thesis-camels/data/raw/CAMELS_SIMBA_1000U/LH_495_hlist_0.51209.list,true,6252,6252,0.75065,/home/ml/thesis-camels/data/raw/CAMELS_SIMBA_1000U/LH_495_hlist_0.75065.list,true,6053,6053,1.00000,/home/ml/thesis-camels/data/raw/CAMELS_SIMBA_1000U/LH_495_hlist_1.00000.list,true,6311,6311,train,test,validation,NONE
LH_496,496,/home/ml/thesis-camels/data/raw/CAMELS_SIMBA_1000U,row_universe_id=LH_496;universe_index=496;omega_m=0.2762,0.20000,/home/ml/thesis-camels/data/raw/CAMELS_SIMBA_1000U/LH_496_hlist_0.20000.list,true,5498,5498,0.25000,/home/ml/thesis-camels/data/raw/CAMELS_SIMBA_1000U/LH_496_hlist_0.25000.list,true,6755,6755,0.51209,/home/ml/thesis-camels/data/raw/CAMELS_SIMBA_1000U/LH_496_hlist_0.51209.list,true,6819,6819,0.75065,/home/ml/thesis-camels/data/raw/CAMELS_SIMBA_1000U/LH_496_hlist_0.75065.list,true,6148,6148,1.00000,/home/ml/thesis-camels/data/raw/CAMELS_SIMBA_1000U/LH_496_hlist_1.00000.list,true,6186,6186,train,train,train,NONE
LH_497,497,/home/ml/thesis-camels/data/raw/CAMELS_SIMBA_1000U,row_universe_id=LH_497;universe_index=497;omega_m=0.277,0.20000,/home/ml/thesis-camels/data/raw/CAMELS_SIMBA_1000U/LH_497_hlist_0.20000.list,true,4530,4530,0.25000,/home/ml/thesis-camels/data/raw/CAMELS_SIMBA_1000U/LH_497_hlist_0.25000.list,true,5833,5833,0.51209,/home/ml/thesis-camels/data/raw/CAMELS_SIMBA_1000U/LH_497_hlist_0.51209.list,true,7258,7258,0.75065,/home/ml/thesis-camels/data/raw/CAMELS_SIMBA_1000U/LH_497_hlist_0.75065.list,true,6750,6750,1.00000,/home/ml/thesis-camels/data/raw/CAMELS_SIMBA_1000U/LH_497_hlist_1.00000.list,true,6763,6763,test,test,train,NONE
LH_498,498,/home/ml/thesis-camels/data/raw/CAMELS_SIMBA_1000U,row_universe_id=LH_498;universe_index=498;omega_m=0.2638,0.20000,/home/ml/thesis-camels/data/raw/CAMELS_SIMBA_1000U/LH_498_hlist_0.20000.list,true,4312,4312,0.25000,/home/ml/thesis-camels/data/raw/CAMELS_SIMBA_1000U/LH_498_hlist_0.25000.list,true,5778,5778,0.51209,/home/ml/thesis-camels/data/raw/CAMELS_SIMBA_1000U/LH_498_hlist_0.51209.list,true,7380,7380,0.75065,/home/ml/thesis-camels/data/raw/CAMELS_SIMBA_1000U/LH_498_hlist_0.75065.list,true,6932,6932,1.00000,/home/ml/thesis-camels/data/raw/CAMELS_SIMBA_1000U/LH_498_hlist_1.00000.list,true,7005,7005,train,test,train,NONE
LH_499,499,/home/ml/thesis-camels/data/raw/CAMELS_SIMBA_1000U,row_universe_id=LH_499;universe_index=499;omega_m=0.2382,0.20000,/home/ml/thesis-camels/data/raw/CAMELS_SIMBA_1000U/LH_499_hlist_0.20000.list,true,1788,1788,0.25000,/home/ml/thesis-camels/data/raw/CAMELS_SIMBA_1000U/LH_499_hlist_0.25000.list,true,3410,3410,0.51209,/home/ml/thesis-camels/data/raw/CAMELS_SIMBA_1000U/LH_499_hlist_0.51209.list,true,6723,6723,0.75065,/home/ml/thesis-camels/data/raw/CAMELS_SIMBA_1000U/LH_499_hlist_0.75065.list,true,6961,6961,1.00000,/home/ml/thesis-camels/data/raw/CAMELS_SIMBA_1000U/LH_499_hlist_1.00000.list,true,7371,7371,train,train,train,NONE
LH_500,500,/home/ml/thesis-camels/data/raw/CAMELS_SIMBA_1000U,row_universe_id=LH_500;universe_index=500;omega_m=0.1366,0.20000,/home/ml/thesis-camels/data/raw/CAMELS_SIMBA_1000U/LH_500_hlist_0.20000.list,true,422,422,0.25000,/home/ml/thesis-camels/data/raw/CAMELS_SIMBA_1000U/LH_500_hlist_0.25000.list,true,1094,1094,0.51209,/home/ml/thesis-camels/data/raw/CAMELS_SIMBA_1000U/LH_500_hlist_0.51209.list,true,4624,4624,0.75065,/home/ml/thesis-camels/data/raw/CAMELS_SIMBA_1000U/LH_500_hlist_0.75065.list,true,5315,5315,1.00000,/home/ml/thesis-camels/data/raw/CAMELS_SIMBA_1000U/LH_500_hlist_1.00000.list,true,6016,6016,test,validation,validation,NONE
LH_501,501,/home/ml/thesis-camels/data/raw/CAMELS_SIMBA_1000U,row_universe_id=LH_501;universe_index=501;omega_m=0.2694,0.20000,/home/ml/thesis-camels/data/raw/CAMELS_SIMBA_1000U/LH_501_hlist_0.20000.list,true,3180,3180,0.25000,/home/ml/thesis-camels/data/raw/CAMELS_SIMBA_1000U/LH_501_hlist_0.25000.list,true,4634,4634,0.51209,/home/ml/thesis-camels/data/raw/CAMELS_SIMBA_1000U/LH_501_hlist_0.51209.list,true,7682,7682,0.75065,/home/ml/thesis-camels/data/raw/CAMELS_SIMBA_1000U/LH_501_hlist_0.75065.list,true,7647,7647,1.00000,/home/ml/thesis-camels/data/raw/CAMELS_SIMBA_1000U/LH_501_hlist_1.00000.list,true,7755,7755,train,train,train,NONE
LH_502,502,/home/ml/thesis-camels/data/raw/CAMELS_SIMBA_1000U,row_universe_id=LH_502;universe_index=502;omega_m=0.3966,0.20000,/home/ml/thesis-camels/data/raw/CAMELS_SIMBA_1000U/LH_502_hlist_0.20000.list,true,5140,5140,0.25000,/home/ml/thesis-camels/data/raw/CAMELS_SIMBA_1000U/LH_502_hlist_0.25000.list,true,6703,6703,0.51209,/home/ml/thesis-camels/data/raw/CAMELS_SIMBA_1000U/LH_502_hlist_0.51209.list,true,8284,8284,0.75065,/home/ml/thesis-camels/data/raw/CAMELS_SIMBA_1000U/LH_502_hlist_0.75065.list,true,7384,7384,1.00000,/home/ml/thesis-camels/data/raw/CAMELS_SIMBA_1000U/LH_502_hlist_1.00000.list,true,7194,7194,train,train,validation,NONE
LH_503,503,/home/ml/thesis-camels/data/raw/CAMELS_SIMBA_1000U,row_universe_id=LH_503;universe_index=503;omega_m=0.3698,0.20000,/home/ml/thesis-camels/data/raw/CAMELS_SIMBA_1000U/LH_503_hlist_0.20000.list,true,6484,6484,0.25000,/home/ml/thesis-camels/data/raw/CAMELS_SIMBA_1000U/LH_503_hlist_0.25000.list,true,7623,7623,0.51209,/home/ml/thesis-camels/data/raw/CAMELS_SIMBA_1000U/LH_503_hlist_0.51209.list,true,7472,7472,0.75065,/home/ml/thesis-camels/data/raw/CAMELS_SIMBA_1000U/LH_503_hlist_0.75065.list,true,6496,6496,1.00000,/home/ml/thesis-camels/data/raw/CAMELS_SIMBA_1000U/LH_503_hlist_1.00000.list,true,6341,6341,train,train,validation,NONE
LH_504,504,/home/ml/thesis-camels/data/raw/CAMELS_SIMBA_1000U,row_universe_id=LH_504;universe_index=504;omega_m=0.4062,0.20000,/home/ml/thesis-camels/data/raw/CAMELS_SIMBA_1000U/LH_504_hlist_0.20000.list,true,6482,6482,0.25000,/home/ml/thesis-camels/data/raw/CAMELS_SIMBA_1000U/LH_504_hlist_0.25000.list,true,7497,7497,0.51209,/home/ml/thesis-camels/data/raw/CAMELS_SIMBA_1000U/LH_504_hlist_0.51209.list,true,8019,8019,0.75065,/home/ml/thesis-camels/data/raw/CAMELS_SIMBA_1000U/LH_504_hlist_0.75065.list,true,6960,6960,1.00000,/home/ml/thesis-camels/data/raw/CAMELS_SIMBA_1000U/LH_504_hlist_1.00000.list,true,6660,6660,train,validation,train,NONE
LH_505,505,/home/ml/thesis-camels/data/raw/CAMELS_SIMBA_1000U,row_universe_id=LH_505;universe_index=505;omega_m=0.3122,0.20000,/home/ml/thesis-camels/data/raw/CAMELS_SIMBA_1000U/LH_505_hlist_0.20000.list,true,6828,6828,0.25000,/home/ml/thesis-camels/data/raw/CAMELS_SIMBA_1000U/LH_505_hlist_0.25000.list,true,7563,7563,0.51209,/home/ml/thesis-camels/data/raw/CAMELS_SIMBA_1000U/LH_505_hlist_0.51209.list,true,6978,6978,0.75065,/home/ml/thesis-camels/data/raw/CAMELS_SIMBA_1000U/LH_505_hlist_0.75065.list,true,6181,6181,1.00000,/home/ml/thesis-camels/data/raw/CAMELS_SIMBA_1000U/LH_505_hlist_1.00000.list,true,6220,6220,test,train,train,NONE
LH_506,506,/home/ml/thesis-camels/data/raw/CAMELS_SIMBA_1000U,row_universe_id=LH_506;universe_index=506;omega_m=0.3294,0.20000,/home/ml/thesis-camels/data/raw/CAMELS_SIMBA_1000U/LH_506_hlist_0.20000.list,true,6542,6542,0.25000,/home/ml/thesis-camels/data/raw/CAMELS_SIMBA_1000U/LH_506_hlist_0.25000.list,true,7433,7433,0.51209,/home/ml/thesis-camels/data/raw/CAMELS_SIMBA_1000U/LH_506_hlist_0.51209.list,true,6914,6914,0.75065,/home/ml/thesis-camels/data/raw/CAMELS_SIMBA_1000U/LH_506_hlist_0.75065.list,true,5950,5950,1.00000,/home/ml/thesis-camels/data/raw/CAMELS_SIMBA_1000U/LH_506_hlist_1.00000.list,true,5919,5919,train,test,train,NONE
LH_507,507,/home/ml/thesis-camels/data/raw/CAMELS_SIMBA_1000U,row_universe_id=LH_507;universe_index=507;omega_m=0.3662,0.20000,/home/ml/thesis-camels/data/raw/CAMELS_SIMBA_1000U/LH_507_hlist_0.20000.list,true,7441,7441,0.25000,/home/ml/thesis-camels/data/raw/CAMELS_SIMBA_1000U/LH_507_hlist_0.25000.list,true,8127,8127,0.51209,/home/ml/thesis-camels/data/raw/CAMELS_SIMBA_1000U/LH_507_hlist_0.51209.list,true,7284,7284,0.75065,/home/ml/thesis-camels/data/raw/CAMELS_SIMBA_1000U/LH_507_hlist_0.75065.list,true,6187,6187,1.00000,/home/ml/thesis-camels/data/raw/CAMELS_SIMBA_1000U/LH_507_hlist_1.00000.list,true,6077,6077,train,train,test,NONE
LH_508,508,/home/ml/thesis-camels/data/raw/CAMELS_SIMBA_1000U,row_universe_id=LH_508;universe_index=508;omega_m=0.1822,0.20000,/home/ml/thesis-camels/data/raw/CAMELS_SIMBA_1000U/LH_508_hlist_0.20000.list,true,3515,3515,0.25000,/home/ml/thesis-camels/data/raw/CAMELS_SIMBA_1000U/LH_508_hlist_0.25000.list,true,4848,4848,0.51209,/home/ml/thesis-camels/data/raw/CAMELS_SIMBA_1000U/LH_508_hlist_0.51209.list,true,6517,6517,0.75065,/home/ml/thesis-camels/data/raw/CAMELS_SIMBA_1000U/LH_508_hlist_0.75065.list,true,6458,6458,1.00000,/home/ml/thesis-camels/data/raw/CAMELS_SIMBA_1000U/LH_508_hlist_1.00000.list,true,6863,6863,train,train,train,NONE
LH_509,509,/home/ml/thesis-camels/data/raw/CAMELS_SIMBA_1000U,row_universe_id=LH_509;universe_index=509;omega_m=0.477,0.20000,/home/ml/thesis-camels/data/raw/CAMELS_SIMBA_1000U/LH_509_hlist_0.20000.list,true,6381,6381,0.25000,/home/ml/thesis-camels/data/raw/CAMELS_SIMBA_1000U/LH_509_hlist_0.25000.list,true,7595,7595,0.51209,/home/ml/thesis-camels/data/raw/CAMELS_SIMBA_1000U/LH_509_hlist_0.51209.list,true,8387,8387,0.75065,/home/ml/thesis-camels/data/raw/CAMELS_SIMBA_1000U/LH_509_hlist_0.75065.list,true,7357,7357,1.00000,/home/ml/thesis-camels/data/raw/CAMELS_SIMBA_1000U/LH_509_hlist_1.00000.list,true,6858,6858,validation,train,train,NONE
LH_510,510,/home/ml/thesis-camels/data/raw/CAMELS_SIMBA_1000U,row_universe_id=LH_510;universe_index=510;omega_m=0.4394,0.20000,/home/ml/thesis-camels/data/raw/CAMELS_SIMBA_1000U/LH_510_hlist_0.20000.list,true,5276,5276,0.25000,/home/ml/thesis-camels/data/raw/CAMELS_SIMBA_1000U/LH_510_hlist_0.25000.list,true,6862,6862,0.51209,/home/ml/thesis-camels/data/raw/CAMELS_SIMBA_1000U/LH_510_hlist_0.51209.list,true,8870,8870,0.75065,/home/ml/thesis-camels/data/raw/CAMELS_SIMBA_1000U/LH_510_hlist_0.75065.list,true,7912,7912,1.00000,/home/ml/thesis-camels/data/raw/CAMELS_SIMBA_1000U/LH_510_hlist_1.00000.list,true,7472,7472,train,train,validation,NONE
LH_511,511,/home/ml/thesis-camels/data/raw/CAMELS_SIMBA_1000U,row_universe_id=LH_511;universe_index=511;omega_m=0.1806,0.20000,/home/ml/thesis-camels/data/raw/CAMELS_SIMBA_1000U/LH_511_hlist_0.20000.list,true,1238,1238,0.25000,/home/ml/thesis-camels/data/raw/CAMELS_SIMBA_1000U/LH_511_hlist_0.25000.list,true,2495,2495,0.51209,/home/ml/thesis-camels/data/raw/CAMELS_SIMBA_1000U/LH_511_hlist_0.51209.list,true,5900,5900,0.75065,/home/ml/thesis-camels/data/raw/CAMELS_SIMBA_1000U/LH_511_hlist_0.75065.list,true,5951,5951,1.00000,/home/ml/thesis-camels/data/raw/CAMELS_SIMBA_1000U/LH_511_hlist_1.00000.list,true,6413,6413,test,train,train,NONE
LH_512,512,/home/ml/thesis-camels/data/raw/CAMELS_SIMBA_1000U,row_universe_id=LH_512;universe_index=512;omega_m=0.4206,0.20000,/home/ml/thesis-camels/data/raw/CAMELS_SIMBA_1000U/LH_512_hlist_0.20000.list,true,8370,8370,0.25000,/home/ml/thesis-camels/data/raw/CAMELS_SIMBA_1000U/LH_512_hlist_0.25000.list,true,8927,8927,0.51209,/home/ml/thesis-camels/data/raw/CAMELS_SIMBA_1000U/LH_512_hlist_0.51209.list,true,7402,7402,0.75065,/home/ml/thesis-camels/data/raw/CAMELS_SIMBA_1000U/LH_512_hlist_0.75065.list,true,5970,5970,1.00000,/home/ml/thesis-camels/data/raw/CAMELS_SIMBA_1000U/LH_512_hlist_1.00000.list,true,5745,5745,test,test,train,NONE
LH_513,513,/home/ml/thesis-camels/data/raw/CAMELS_SIMBA_1000U,row_universe_id=LH_513;universe_index=513;omega_m=0.203,0.20000,/home/ml/thesis-camels/data/raw/CAMELS_SIMBA_1000U/LH_513_hlist_0.20000.list,true,4781,4781,0.25000,/home/ml/thesis-camels/data/raw/CAMELS_SIMBA_1000U/LH_513_hlist_0.25000.list,true,5729,5729,0.51209,/home/ml/thesis-camels/data/raw/CAMELS_SIMBA_1000U/LH_513_hlist_0.51209.list,true,6467,6467,0.75065,/home/ml/thesis-camels/data/raw/CAMELS_SIMBA_1000U/LH_513_hlist_0.75065.list,true,6028,6028,1.00000,/home/ml/thesis-camels/data/raw/CAMELS_SIMBA_1000U/LH_513_hlist_1.00000.list,true,6320,6320,train,test,train,NONE
LH_514,514,/home/ml/thesis-camels/data/raw/CAMELS_SIMBA_1000U,row_universe_id=LH_514;universe_index=514;omega_m=0.4146,0.20000,/home/ml/thesis-camels/data/raw/CAMELS_SIMBA_1000U/LH_514_hlist_0.20000.list,true,5541,5541,0.25000,/home/ml/thesis-camels/data/raw/CAMELS_SIMBA_1000U/LH_514_hlist_0.25000.list,true,6918,6918,0.51209,/home/ml/thesis-camels/data/raw/CAMELS_SIMBA_1000U/LH_514_hlist_0.51209.list,true,8116,8116,0.75065,/home/ml/thesis-camels/data/raw/CAMELS_SIMBA_1000U/LH_514_hlist_0.75065.list,true,7229,7229,1.00000,/home/ml/thesis-camels/data/raw/CAMELS_SIMBA_1000U/LH_514_hlist_1.00000.list,true,6912,6912,train,train,test,NONE
LH_515,515,/home/ml/thesis-camels/data/raw/CAMELS_SIMBA_1000U,row_universe_id=LH_515;universe_index=515;omega_m=0.431,0.20000,/home/ml/thesis-camels/data/raw/CAMELS_SIMBA_1000U/LH_515_hlist_0.20000.list,true,8557,8557,0.25000,/home/ml/thesis-camels/data/raw/CAMELS_SIMBA_1000U/LH_515_hlist_0.25000.list,true,8942,8942,0.51209,/home/ml/thesis-camels/data/raw/CAMELS_SIMBA_1000U/LH_515_hlist_0.51209.list,true,6839,6839,0.75065,/home/ml/thesis-camels/data/raw/CAMELS_SIMBA_1000U/LH_515_hlist_0.75065.list,true,5614,5614,1.00000,/home/ml/thesis-camels/data/raw/CAMELS_SIMBA_1000U/LH_515_hlist_1.00000.list,true,5275,5275,validation,validation,train,NONE
LH_516,516,/home/ml/thesis-camels/data/raw/CAMELS_SIMBA_1000U,row_universe_id=LH_516;universe_index=516;omega_m=0.2306,0.20000,/home/ml/thesis-camels/data/raw/CAMELS_SIMBA_1000U/LH_516_hlist_0.20000.list,true,5713,5713,0.25000,/home/ml/thesis-camels/data/raw/CAMELS_SIMBA_1000U/LH_516_hlist_0.25000.list,true,6640,6640,0.51209,/home/ml/thesis-camels/data/raw/CAMELS_SIMBA_1000U/LH_516_hlist_0.51209.list,true,6420,6420,0.75065,/home/ml/thesis-camels/data/raw/CAMELS_SIMBA_1000U/LH_516_hlist_0.75065.list,true,5755,5755,1.00000,/home/ml/thesis-camels/data/raw/CAMELS_SIMBA_1000U/LH_516_hlist_1.00000.list,true,5911,5911,train,train,train,NONE
LH_517,517,/home/ml/thesis-camels/data/raw/CAMELS_SIMBA_1000U,row_universe_id=LH_517;universe_index=517;omega_m=0.3762,0.20000,/home/ml/thesis-camels/data/raw/CAMELS_SIMBA_1000U/LH_517_hlist_0.20000.list,true,3531,3531,0.25000,/home/ml/thesis-camels/data/raw/CAMELS_SIMBA_1000U/LH_517_hlist_0.25000.list,true,5118,5118,0.51209,/home/ml/thesis-camels/data/raw/CAMELS_SIMBA_1000U/LH_517_hlist_0.51209.list,true,8100,8100,0.75065,/home/ml/thesis-camels/data/raw/CAMELS_SIMBA_1000U/LH_517_hlist_0.75065.list,true,7653,7653,1.00000,/home/ml/thesis-camels/data/raw/CAMELS_SIMBA_1000U/LH_517_hlist_1.00000.list,true,7752,7752,test,validation,test,NONE
LH_518,518,/home/ml/thesis-camels/data/raw/CAMELS_SIMBA_1000U,row_universe_id=LH_518;universe_index=518;omega_m=0.3766,0.20000,/home/ml/thesis-camels/data/raw/CAMELS_SIMBA_1000U/LH_518_hlist_0.20000.list,true,3388,3388,0.25000,/home/ml/thesis-camels/data/raw/CAMELS_SIMBA_1000U/LH_518_hlist_0.25000.list,true,5104,5104,0.51209,/home/ml/thesis-camels/data/raw/CAMELS_SIMBA_1000U/LH_518_hlist_0.51209.list,true,8083,8083,0.75065,/home/ml/thesis-camels/data/raw/CAMELS_SIMBA_1000U/LH_518_hlist_0.75065.list,true,7643,7643,1.00000,/home/ml/thesis-camels/data/raw/CAMELS_SIMBA_1000U/LH_518_hlist_1.00000.list,true,7532,7532,train,test,train,NONE
LH_519,519,/home/ml/thesis-camels/data/raw/CAMELS_SIMBA_1000U,row_universe_id=LH_519;universe_index=519;omega_m=0.411,0.20000,/home/ml/thesis-camels/data/raw/CAMELS_SIMBA_1000U/LH_519_hlist_0.20000.list,true,5974,5974,0.25000,/home/ml/thesis-camels/data/raw/CAMELS_SIMBA_1000U/LH_519_hlist_0.25000.list,true,7319,7319,0.51209,/home/ml/thesis-camels/data/raw/CAMELS_SIMBA_1000U/LH_519_hlist_0.51209.list,true,8228,8228,0.75065,/home/ml/thesis-camels/data/raw/CAMELS_SIMBA_1000U/LH_519_hlist_0.75065.list,true,7058,7058,1.00000,/home/ml/thesis-camels/data/raw/CAMELS_SIMBA_1000U/LH_519_hlist_1.00000.list,true,6608,6608,test,train,test,NONE
LH_520,520,/home/ml/thesis-camels/data/raw/CAMELS_SIMBA_1000U,row_universe_id=LH_520;universe_index=520;omega_m=0.309,0.20000,/home/ml/thesis-camels/data/raw/CAMELS_SIMBA_1000U/LH_520_hlist_0.20000.list,true,4605,4605,0.25000,/home/ml/thesis-camels/data/raw/CAMELS_SIMBA_1000U/LH_520_hlist_0.25000.list,true,5960,5960,0.51209,/home/ml/thesis-camels/data/raw/CAMELS_SIMBA_1000U/LH_520_hlist_0.51209.list,true,7668,7668,0.75065,/home/ml/thesis-camels/data/raw/CAMELS_SIMBA_1000U/LH_520_hlist_0.75065.list,true,7231,7231,1.00000,/home/ml/thesis-camels/data/raw/CAMELS_SIMBA_1000U/LH_520_hlist_1.00000.list,true,7239,7239,train,train,train,NONE
LH_521,521,/home/ml/thesis-camels/data/raw/CAMELS_SIMBA_1000U,row_universe_id=LH_521;universe_index=521;omega_m=0.2718,0.20000,/home/ml/thesis-camels/data/raw/CAMELS_SIMBA_1000U/LH_521_hlist_0.20000.list,true,5690,5690,0.25000,/home/ml/thesis-camels/data/raw/CAMELS_SIMBA_1000U/LH_521_hlist_0.25000.list,true,6636,6636,0.51209,/home/ml/thesis-camels/data/raw/CAMELS_SIMBA_1000U/LH_521_hlist_0.51209.list,true,6687,6687,0.75065,/home/ml/thesis-camels/data/raw/CAMELS_SIMBA_1000U/LH_521_hlist_0.75065.list,true,6209,6209,1.00000,/home/ml/thesis-camels/data/raw/CAMELS_SIMBA_1000U/LH_521_hlist_1.00000.list,true,6288,6288,test,train,train,NONE
LH_522,522,/home/ml/thesis-camels/data/raw/CAMELS_SIMBA_1000U,row_universe_id=LH_522;universe_index=522;omega_m=0.1014,0.20000,/home/ml/thesis-camels/data/raw/CAMELS_SIMBA_1000U/LH_522_hlist_0.20000.list,true,235,235,0.25000,/home/ml/thesis-camels/data/raw/CAMELS_SIMBA_1000U/LH_522_hlist_0.25000.list,true,928,928,0.51209,/home/ml/thesis-camels/data/raw/CAMELS_SIMBA_1000U/LH_522_hlist_0.51209.list,true,3412,3412,0.75065,/home/ml/thesis-camels/data/raw/CAMELS_SIMBA_1000U/LH_522_hlist_0.75065.list,true,4151,4151,1.00000,/home/ml/thesis-camels/data/raw/CAMELS_SIMBA_1000U/LH_522_hlist_1.00000.list,true,4891,4891,train,test,test,NONE
LH_523,523,/home/ml/thesis-camels/data/raw/CAMELS_SIMBA_1000U,row_universe_id=LH_523;universe_index=523;omega_m=0.3094,0.20000,/home/ml/thesis-camels/data/raw/CAMELS_SIMBA_1000U/LH_523_hlist_0.20000.list,true,6777,6777,0.25000,/home/ml/thesis-camels/data/raw/CAMELS_SIMBA_1000U/LH_523_hlist_0.25000.list,true,7502,7502,0.51209,/home/ml/thesis-camels/data/raw/CAMELS_SIMBA_1000U/LH_523_hlist_0.51209.list,true,7144,7144,0.75065,/home/ml/thesis-camels/data/raw/CAMELS_SIMBA_1000U/LH_523_hlist_0.75065.list,true,6070,6070,1.00000,/home/ml/thesis-camels/data/raw/CAMELS_SIMBA_1000U/LH_523_hlist_1.00000.list,true,6203,6203,train,validation,train,NONE
LH_524,524,/home/ml/thesis-camels/data/raw/CAMELS_SIMBA_1000U,row_universe_id=LH_524;universe_index=524;omega_m=0.319,0.20000,/home/ml/thesis-camels/data/raw/CAMELS_SIMBA_1000U/LH_524_hlist_0.20000.list,true,6802,6802,0.25000,/home/ml/thesis-camels/data/raw/CAMELS_SIMBA_1000U/LH_524_hlist_0.25000.list,true,7711,7711,0.51209,/home/ml/thesis-camels/data/raw/CAMELS_SIMBA_1000U/LH_524_hlist_0.51209.list,true,7401,7401,0.75065,/home/ml/thesis-camels/data/raw/CAMELS_SIMBA_1000U/LH_524_hlist_0.75065.list,true,6368,6368,1.00000,/home/ml/thesis-camels/data/raw/CAMELS_SIMBA_1000U/LH_524_hlist_1.00000.list,true,6414,6414,train,validation,train,NONE
LH_525,525,/home/ml/thesis-camels/data/raw/CAMELS_SIMBA_1000U,row_universe_id=LH_525;universe_index=525;omega_m=0.3654,0.20000,/home/ml/thesis-camels/data/raw/CAMELS_SIMBA_1000U/LH_525_hlist_0.20000.list,true,4835,4835,0.25000,/home/ml/thesis-camels/data/raw/CAMELS_SIMBA_1000U/LH_525_hlist_0.25000.list,true,6307,6307,0.51209,/home/ml/thesis-camels/data/raw/CAMELS_SIMBA_1000U/LH_525_hlist_0.51209.list,true,7751,7751,0.75065,/home/ml/thesis-camels/data/raw/CAMELS_SIMBA_1000U/LH_525_hlist_0.75065.list,true,6959,6959,1.00000,/home/ml/thesis-camels/data/raw/CAMELS_SIMBA_1000U/LH_525_hlist_1.00000.list,true,6796,6796,validation,test,train,NONE
LH_526,526,/home/ml/thesis-camels/data/raw/CAMELS_SIMBA_1000U,row_universe_id=LH_526;universe_index=526;omega_m=0.1934,0.20000,/home/ml/thesis-camels/data/raw/CAMELS_SIMBA_1000U/LH_526_hlist_0.20000.list,true,2389,2389,0.25000,/home/ml/thesis-camels/data/raw/CAMELS_SIMBA_1000U/LH_526_hlist_0.25000.list,true,3735,3735,0.51209,/home/ml/thesis-camels/data/raw/CAMELS_SIMBA_1000U/LH_526_hlist_0.51209.list,true,6397,6397,0.75065,/home/ml/thesis-camels/data/raw/CAMELS_SIMBA_1000U/LH_526_hlist_0.75065.list,true,6541,6541,1.00000,/home/ml/thesis-camels/data/raw/CAMELS_SIMBA_1000U/LH_526_hlist_1.00000.list,true,6870,6870,validation,train,test,NONE
LH_527,527,/home/ml/thesis-camels/data/raw/CAMELS_SIMBA_1000U,row_universe_id=LH_527;universe_index=527;omega_m=0.3854,0.20000,/home/ml/thesis-camels/data/raw/CAMELS_SIMBA_1000U/LH_527_hlist_0.20000.list,true,7813,7813,0.25000,/home/ml/thesis-camels/data/raw/CAMELS_SIMBA_1000U/LH_527_hlist_0.25000.list,true,8577,8577,0.51209,/home/ml/thesis-camels/data/raw/CAMELS_SIMBA_1000U/LH_527_hlist_0.51209.list,true,7401,7401,0.75065,/home/ml/thesis-camels/data/raw/CAMELS_SIMBA_1000U/LH_527_hlist_0.75065.list,true,6035,6035,1.00000,/home/ml/thesis-camels/data/raw/CAMELS_SIMBA_1000U/LH_527_hlist_1.00000.list,true,5849,5849,train,test,train,NONE
LH_528,528,/home/ml/thesis-camels/data/raw/CAMELS_SIMBA_1000U,row_universe_id=LH_528;universe_index=528;omega_m=0.1766,0.20000,/home/ml/thesis-camels/data/raw/CAMELS_SIMBA_1000U/LH_528_hlist_0.20000.list,true,4381,4381,0.25000,/home/ml/thesis-camels/data/raw/CAMELS_SIMBA_1000U/LH_528_hlist_0.25000.list,true,5600,5600,0.51209,/home/ml/thesis-camels/data/raw/CAMELS_SIMBA_1000U/LH_528_hlist_0.51209.list,true,6290,6290,0.75065,/home/ml/thesis-camels/data/raw/CAMELS_SIMBA_1000U/LH_528_hlist_0.75065.list,true,5946,5946,1.00000,/home/ml/thesis-camels/data/raw/CAMELS_SIMBA_1000U/LH_528_hlist_1.00000.list,true,6093,6093,validation,train,test,NONE
LH_529,529,/home/ml/thesis-camels/data/raw/CAMELS_SIMBA_1000U,row_universe_id=LH_529;universe_index=529;omega_m=0.4854,0.20000,/home/ml/thesis-camels/data/raw/CAMELS_SIMBA_1000U/LH_529_hlist_0.20000.list,true,7778,7778,0.25000,/home/ml/thesis-camels/data/raw/CAMELS_SIMBA_1000U/LH_529_hlist_0.25000.list,true,8635,8635,0.51209,/home/ml/thesis-camels/data/raw/CAMELS_SIMBA_1000U/LH_529_hlist_0.51209.list,true,7900,7900,0.75065,/home/ml/thesis-camels/data/raw/CAMELS_SIMBA_1000U/LH_529_hlist_0.75065.list,true,6818,6818,1.00000,/home/ml/thesis-camels/data/raw/CAMELS_SIMBA_1000U/LH_529_hlist_1.00000.list,true,6465,6465,test,test,test,NONE
LH_530,530,/home/ml/thesis-camels/data/raw/CAMELS_SIMBA_1000U,row_universe_id=LH_530;universe_index=530;omega_m=0.3478,0.20000,/home/ml/thesis-camels/data/raw/CAMELS_SIMBA_1000U/LH_530_hlist_0.20000.list,true,4324,4324,0.25000,/home/ml/thesis-camels/data/raw/CAMELS_SIMBA_1000U/LH_530_hlist_0.25000.list,true,5833,5833,0.51209,/home/ml/thesis-camels/data/raw/CAMELS_SIMBA_1000U/LH_530_hlist_0.51209.list,true,7856,7856,0.75065,/home/ml/thesis-camels/data/raw/CAMELS_SIMBA_1000U/LH_530_hlist_0.75065.list,true,7345,7345,1.00000,/home/ml/thesis-camels/data/raw/CAMELS_SIMBA_1000U/LH_530_hlist_1.00000.list,true,7254,7254,train,train,train,NONE
LH_531,531,/home/ml/thesis-camels/data/raw/CAMELS_SIMBA_1000U,row_universe_id=LH_531;universe_index=531;omega_m=0.1726,0.20000,/home/ml/thesis-camels/data/raw/CAMELS_SIMBA_1000U/LH_531_hlist_0.20000.list,true,1966,1966,0.25000,/home/ml/thesis-camels/data/raw/CAMELS_SIMBA_1000U/LH_531_hlist_0.25000.list,true,3422,3422,0.51209,/home/ml/thesis-camels/data/raw/CAMELS_SIMBA_1000U/LH_531_hlist_0.51209.list,true,5996,5996,0.75065,/home/ml/thesis-camels/data/raw/CAMELS_SIMBA_1000U/LH_531_hlist_0.75065.list,true,6177,6177,1.00000,/home/ml/thesis-camels/data/raw/CAMELS_SIMBA_1000U/LH_531_hlist_1.00000.list,true,6686,6686,validation,test,validation,NONE
LH_532,532,/home/ml/thesis-camels/data/raw/CAMELS_SIMBA_1000U,row_universe_id=LH_532;universe_index=532;omega_m=0.1866,0.20000,/home/ml/thesis-camels/data/raw/CAMELS_SIMBA_1000U/LH_532_hlist_0.20000.list,true,2117,2117,0.25000,/home/ml/thesis-camels/data/raw/CAMELS_SIMBA_1000U/LH_532_hlist_0.25000.list,true,3412,3412,0.51209,/home/ml/thesis-camels/data/raw/CAMELS_SIMBA_1000U/LH_532_hlist_0.51209.list,true,6282,6282,0.75065,/home/ml/thesis-camels/data/raw/CAMELS_SIMBA_1000U/LH_532_hlist_0.75065.list,true,6420,6420,1.00000,/home/ml/thesis-camels/data/raw/CAMELS_SIMBA_1000U/LH_532_hlist_1.00000.list,true,6792,6792,validation,validation,test,NONE
LH_533,533,/home/ml/thesis-camels/data/raw/CAMELS_SIMBA_1000U,row_universe_id=LH_533;universe_index=533;omega_m=0.3034,0.20000,/home/ml/thesis-camels/data/raw/CAMELS_SIMBA_1000U/LH_533_hlist_0.20000.list,true,6512,6512,0.25000,/home/ml/thesis-camels/data/raw/CAMELS_SIMBA_1000U/LH_533_hlist_0.25000.list,true,7448,7448,0.51209,/home/ml/thesis-camels/data/raw/CAMELS_SIMBA_1000U/LH_533_hlist_0.51209.list,true,6984,6984,0.75065,/home/ml/thesis-camels/data/raw/CAMELS_SIMBA_1000U/LH_533_hlist_0.75065.list,true,6105,6105,1.00000,/home/ml/thesis-camels/data/raw/CAMELS_SIMBA_1000U/LH_533_hlist_1.00000.list,true,6082,6082,validation,test,train,NONE
LH_534,534,/home/ml/thesis-camels/data/raw/CAMELS_SIMBA_1000U,row_universe_id=LH_534;universe_index=534;omega_m=0.1666,0.20000,/home/ml/thesis-camels/data/raw/CAMELS_SIMBA_1000U/LH_534_hlist_0.20000.list,true,3076,3076,0.25000,/home/ml/thesis-camels/data/raw/CAMELS_SIMBA_1000U/LH_534_hlist_0.25000.list,true,4429,4429,0.51209,/home/ml/thesis-camels/data/raw/CAMELS_SIMBA_1000U/LH_534_hlist_0.51209.list,true,6083,6083,0.75065,/home/ml/thesis-camels/data/raw/CAMELS_SIMBA_1000U/LH_534_hlist_0.75065.list,true,6125,6125,1.00000,/home/ml/thesis-camels/data/raw/CAMELS_SIMBA_1000U/LH_534_hlist_1.00000.list,true,6494,6494,train,test,train,NONE
LH_535,535,/home/ml/thesis-camels/data/raw/CAMELS_SIMBA_1000U,row_universe_id=LH_535;universe_index=535;omega_m=0.2842,0.20000,/home/ml/thesis-camels/data/raw/CAMELS_SIMBA_1000U/LH_535_hlist_0.20000.list,true,3898,3898,0.25000,/home/ml/thesis-camels/data/raw/CAMELS_SIMBA_1000U/LH_535_hlist_0.25000.list,true,5551,5551,0.51209,/home/ml/thesis-camels/data/raw/CAMELS_SIMBA_1000U/LH_535_hlist_0.51209.list,true,7350,7350,0.75065,/home/ml/thesis-camels/data/raw/CAMELS_SIMBA_1000U/LH_535_hlist_0.75065.list,true,6955,6955,1.00000,/home/ml/thesis-camels/data/raw/CAMELS_SIMBA_1000U/LH_535_hlist_1.00000.list,true,7119,7119,train,train,validation,NONE
LH_536,536,/home/ml/thesis-camels/data/raw/CAMELS_SIMBA_1000U,row_universe_id=LH_536;universe_index=536;omega_m=0.445,0.20000,/home/ml/thesis-camels/data/raw/CAMELS_SIMBA_1000U/LH_536_hlist_0.20000.list,true,7392,7392,0.25000,/home/ml/thesis-camels/data/raw/CAMELS_SIMBA_1000U/LH_536_hlist_0.25000.list,true,8393,8393,0.51209,/home/ml/thesis-camels/data/raw/CAMELS_SIMBA_1000U/LH_536_hlist_0.51209.list,true,7861,7861,0.75065,/home/ml/thesis-camels/data/raw/CAMELS_SIMBA_1000U/LH_536_hlist_0.75065.list,true,6777,6777,1.00000,/home/ml/thesis-camels/data/raw/CAMELS_SIMBA_1000U/LH_536_hlist_1.00000.list,true,6573,6573,train,train,train,NONE
LH_537,537,/home/ml/thesis-camels/data/raw/CAMELS_SIMBA_1000U,row_universe_id=LH_537;universe_index=537;omega_m=0.2178,0.20000,/home/ml/thesis-camels/data/raw/CAMELS_SIMBA_1000U/LH_537_hlist_0.20000.list,true,4823,4823,0.25000,/home/ml/thesis-camels/data/raw/CAMELS_SIMBA_1000U/LH_537_hlist_0.25000.list,true,5974,5974,0.51209,/home/ml/thesis-camels/data/raw/CAMELS_SIMBA_1000U/LH_537_hlist_0.51209.list,true,6498,6498,0.75065,/home/ml/thesis-camels/data/raw/CAMELS_SIMBA_1000U/LH_537_hlist_0.75065.list,true,5984,5984,1.00000,/home/ml/thesis-camels/data/raw/CAMELS_SIMBA_1000U/LH_537_hlist_1.00000.list,true,6286,6286,train,train,train,NONE
LH_538,538,/home/ml/thesis-camels/data/raw/CAMELS_SIMBA_1000U,row_universe_id=LH_538;universe_index=538;omega_m=0.493,0.20000,/home/ml/thesis-camels/data/raw/CAMELS_SIMBA_1000U/LH_538_hlist_0.20000.list,true,7271,7271,0.25000,/home/ml/thesis-camels/data/raw/CAMELS_SIMBA_1000U/LH_538_hlist_0.25000.list,true,8409,8409,0.51209,/home/ml/thesis-camels/data/raw/CAMELS_SIMBA_1000U/LH_538_hlist_0.51209.list,true,8410,8410,0.75065,/home/ml/thesis-camels/data/raw/CAMELS_SIMBA_1000U/LH_538_hlist_0.75065.list,true,7061,7061,1.00000,/home/ml/thesis-camels/data/raw/CAMELS_SIMBA_1000U/LH_538_hlist_1.00000.list,true,6596,6596,train,train,train,NONE
LH_539,539,/home/ml/thesis-camels/data/raw/CAMELS_SIMBA_1000U,row_universe_id=LH_539;universe_index=539;omega_m=0.4046,0.20000,/home/ml/thesis-camels/data/raw/CAMELS_SIMBA_1000U/LH_539_hlist_0.20000.list,true,4514,4514,0.25000,/home/ml/thesis-camels/data/raw/CAMELS_SIMBA_1000U/LH_539_hlist_0.25000.list,true,6173,6173,0.51209,/home/ml/thesis-camels/data/raw/CAMELS_SIMBA_1000U/LH_539_hlist_0.51209.list,true,8207,8207,0.75065,/home/ml/thesis-camels/data/raw/CAMELS_SIMBA_1000U/LH_539_hlist_0.75065.list,true,7642,7642,1.00000,/home/ml/thesis-camels/data/raw/CAMELS_SIMBA_1000U/LH_539_hlist_1.00000.list,true,7449,7449,train,test,train,NONE
LH_540,540,/home/ml/thesis-camels/data/raw/CAMELS_SIMBA_1000U,row_universe_id=LH_540;universe_index=540;omega_m=0.4886,0.20000,/home/ml/thesis-camels/data/raw/CAMELS_SIMBA_1000U/LH_540_hlist_0.20000.list,true,9157,9157,0.25000,/home/ml/thesis-camels/data/raw/CAMELS_SIMBA_1000U/LH_540_hlist_0.25000.list,true,9362,9362,0.51209,/home/ml/thesis-camels/data/raw/CAMELS_SIMBA_1000U/LH_540_hlist_0.51209.list,true,7742,7742,0.75065,/home/ml/thesis-camels/data/raw/CAMELS_SIMBA_1000U/LH_540_hlist_0.75065.list,true,6347,6347,1.00000,/home/ml/thesis-camels/data/raw/CAMELS_SIMBA_1000U/LH_540_hlist_1.00000.list,true,5914,5914,test,train,test,NONE
LH_541,541,/home/ml/thesis-camels/data/raw/CAMELS_SIMBA_1000U,row_universe_id=LH_541;universe_index=541;omega_m=0.4658,0.20000,/home/ml/thesis-camels/data/raw/CAMELS_SIMBA_1000U/LH_541_hlist_0.20000.list,true,6348,6348,0.25000,/home/ml/thesis-camels/data/raw/CAMELS_SIMBA_1000U/LH_541_hlist_0.25000.list,true,7570,7570,0.51209,/home/ml/thesis-camels/data/raw/CAMELS_SIMBA_1000U/LH_541_hlist_0.51209.list,true,8277,8277,0.75065,/home/ml/thesis-camels/data/raw/CAMELS_SIMBA_1000U/LH_541_hlist_0.75065.list,true,7194,7194,1.00000,/home/ml/thesis-camels/data/raw/CAMELS_SIMBA_1000U/LH_541_hlist_1.00000.list,true,6764,6764,test,validation,test,NONE
LH_542,542,/home/ml/thesis-camels/data/raw/CAMELS_SIMBA_1000U,row_universe_id=LH_542;universe_index=542;omega_m=0.2518,0.20000,/home/ml/thesis-camels/data/raw/CAMELS_SIMBA_1000U/LH_542_hlist_0.20000.list,true,4840,4840,0.25000,/home/ml/thesis-camels/data/raw/CAMELS_SIMBA_1000U/LH_542_hlist_0.25000.list,true,6120,6120,0.51209,/home/ml/thesis-camels/data/raw/CAMELS_SIMBA_1000U/LH_542_hlist_0.51209.list,true,6718,6718,0.75065,/home/ml/thesis-camels/data/raw/CAMELS_SIMBA_1000U/LH_542_hlist_0.75065.list,true,6266,6266,1.00000,/home/ml/thesis-camels/data/raw/CAMELS_SIMBA_1000U/LH_542_hlist_1.00000.list,true,6366,6366,train,train,train,NONE
LH_543,543,/home/ml/thesis-camels/data/raw/CAMELS_SIMBA_1000U,row_universe_id=LH_543;universe_index=543;omega_m=0.497,0.20000,/home/ml/thesis-camels/data/raw/CAMELS_SIMBA_1000U/LH_543_hlist_0.20000.list,true,5416,5416,0.25000,/home/ml/thesis-camels/data/raw/CAMELS_SIMBA_1000U/LH_543_hlist_0.25000.list,true,7023,7023,0.51209,/home/ml/thesis-camels/data/raw/CAMELS_SIMBA_1000U/LH_543_hlist_0.51209.list,true,8883,8883,0.75065,/home/ml/thesis-camels/data/raw/CAMELS_SIMBA_1000U/LH_543_hlist_0.75065.list,true,7755,7755,1.00000,/home/ml/thesis-camels/data/raw/CAMELS_SIMBA_1000U/LH_543_hlist_1.00000.list,true,7432,7432,test,train,test,NONE
LH_544,544,/home/ml/thesis-camels/data/raw/CAMELS_SIMBA_1000U,row_universe_id=LH_544;universe_index=544;omega_m=0.425,0.20000,/home/ml/thesis-camels/data/raw/CAMELS_SIMBA_1000U/LH_544_hlist_0.20000.list,true,3728,3728,0.25000,/home/ml/thesis-camels/data/raw/CAMELS_SIMBA_1000U/LH_544_hlist_0.25000.list,true,5358,5358,0.51209,/home/ml/thesis-camels/data/raw/CAMELS_SIMBA_1000U/LH_544_hlist_0.51209.list,true,8275,8275,0.75065,/home/ml/thesis-camels/data/raw/CAMELS_SIMBA_1000U/LH_544_hlist_0.75065.list,true,7700,7700,1.00000,/home/ml/thesis-camels/data/raw/CAMELS_SIMBA_1000U/LH_544_hlist_1.00000.list,true,7504,7504,train,test,test,NONE
LH_545,545,/home/ml/thesis-camels/data/raw/CAMELS_SIMBA_1000U,row_universe_id=LH_545;universe_index=545;omega_m=0.1818,0.20000,/home/ml/thesis-camels/data/raw/CAMELS_SIMBA_1000U/LH_545_hlist_0.20000.list,true,2533,2533,0.25000,/home/ml/thesis-camels/data/raw/CAMELS_SIMBA_1000U/LH_545_hlist_0.25000.list,true,3924,3924,0.51209,/home/ml/thesis-camels/data/raw/CAMELS_SIMBA_1000U/LH_545_hlist_0.51209.list,true,5754,5754,0.75065,/home/ml/thesis-camels/data/raw/CAMELS_SIMBA_1000U/LH_545_hlist_0.75065.list,true,5841,5841,1.00000,/home/ml/thesis-camels/data/raw/CAMELS_SIMBA_1000U/LH_545_hlist_1.00000.list,true,6224,6224,test,train,validation,NONE
LH_546,546,/home/ml/thesis-camels/data/raw/CAMELS_SIMBA_1000U,row_universe_id=LH_546;universe_index=546;omega_m=0.3434,0.20000,/home/ml/thesis-camels/data/raw/CAMELS_SIMBA_1000U/LH_546_hlist_0.20000.list,true,6565,6565,0.25000,/home/ml/thesis-camels/data/raw/CAMELS_SIMBA_1000U/LH_546_hlist_0.25000.list,true,7269,7269,0.51209,/home/ml/thesis-camels/data/raw/CAMELS_SIMBA_1000U/LH_546_hlist_0.51209.list,true,6916,6916,0.75065,/home/ml/thesis-camels/data/raw/CAMELS_SIMBA_1000U/LH_546_hlist_0.75065.list,true,6129,6129,1.00000,/home/ml/thesis-camels/data/raw/CAMELS_SIMBA_1000U/LH_546_hlist_1.00000.list,true,5842,5842,test,train,train,NONE
LH_547,547,/home/ml/thesis-camels/data/raw/CAMELS_SIMBA_1000U,row_universe_id=LH_547;universe_index=547;omega_m=0.181,0.20000,/home/ml/thesis-camels/data/raw/CAMELS_SIMBA_1000U/LH_547_hlist_0.20000.list,true,3008,3008,0.25000,/home/ml/thesis-camels/data/raw/CAMELS_SIMBA_1000U/LH_547_hlist_0.25000.list,true,4468,4468,0.51209,/home/ml/thesis-camels/data/raw/CAMELS_SIMBA_1000U/LH_547_hlist_0.51209.list,true,6380,6380,0.75065,/home/ml/thesis-camels/data/raw/CAMELS_SIMBA_1000U/LH_547_hlist_0.75065.list,true,6218,6218,1.00000,/home/ml/thesis-camels/data/raw/CAMELS_SIMBA_1000U/LH_547_hlist_1.00000.list,true,6471,6471,train,test,validation,NONE
LH_548,548,/home/ml/thesis-camels/data/raw/CAMELS_SIMBA_1000U,row_universe_id=LH_548;universe_index=548;omega_m=0.1742,0.20000,/home/ml/thesis-camels/data/raw/CAMELS_SIMBA_1000U/LH_548_hlist_0.20000.list,true,1743,1743,0.25000,/home/ml/thesis-camels/data/raw/CAMELS_SIMBA_1000U/LH_548_hlist_0.25000.list,true,3370,3370,0.51209,/home/ml/thesis-camels/data/raw/CAMELS_SIMBA_1000U/LH_548_hlist_0.51209.list,true,6200,6200,0.75065,/home/ml/thesis-camels/data/raw/CAMELS_SIMBA_1000U/LH_548_hlist_0.75065.list,true,6486,6486,1.00000,/home/ml/thesis-camels/data/raw/CAMELS_SIMBA_1000U/LH_548_hlist_1.00000.list,true,6898,6898,train,test,train,NONE
LH_549,549,/home/ml/thesis-camels/data/raw/CAMELS_SIMBA_1000U,row_universe_id=LH_549;universe_index=549;omega_m=0.3982,0.20000,/home/ml/thesis-camels/data/raw/CAMELS_SIMBA_1000U/LH_549_hlist_0.20000.list,true,7310,7310,0.25000,/home/ml/thesis-camels/data/raw/CAMELS_SIMBA_1000U/LH_549_hlist_0.25000.list,true,8140,8140,0.51209,/home/ml/thesis-camels/data/raw/CAMELS_SIMBA_1000U/LH_549_hlist_0.51209.list,true,7837,7837,0.75065,/home/ml/thesis-camels/data/raw/CAMELS_SIMBA_1000U/LH_549_hlist_0.75065.list,true,6704,6704,1.00000,/home/ml/thesis-camels/data/raw/CAMELS_SIMBA_1000U/LH_549_hlist_1.00000.list,true,6586,6586,test,test,validation,NONE
LH_550,550,/home/ml/thesis-camels/data/raw/CAMELS_SIMBA_1000U,row_universe_id=LH_550;universe_index=550;omega_m=0.453,0.20000,/home/ml/thesis-camels/data/raw/CAMELS_SIMBA_1000U/LH_550_hlist_0.20000.list,true,8776,8776,0.25000,/home/ml/thesis-camels/data/raw/CAMELS_SIMBA_1000U/LH_550_hlist_0.25000.list,true,9154,9154,0.51209,/home/ml/thesis-camels/data/raw/CAMELS_SIMBA_1000U/LH_550_hlist_0.51209.list,true,7292,7292,0.75065,/home/ml/thesis-camels/data/raw/CAMELS_SIMBA_1000U/LH_550_hlist_0.75065.list,true,5722,5722,1.00000,/home/ml/thesis-camels/data/raw/CAMELS_SIMBA_1000U/LH_550_hlist_1.00000.list,true,5380,5380,train,test,train,NONE
LH_551,551,/home/ml/thesis-camels/data/raw/CAMELS_SIMBA_1000U,row_universe_id=LH_551;universe_index=551;omega_m=0.3922,0.20000,/home/ml/thesis-camels/data/raw/CAMELS_SIMBA_1000U/LH_551_hlist_0.20000.list,true,5223,5223,0.25000,/home/ml/thesis-camels/data/raw/CAMELS_SIMBA_1000U/LH_551_hlist_0.25000.list,true,6697,6697,0.51209,/home/ml/thesis-camels/data/raw/CAMELS_SIMBA_1000U/LH_551_hlist_0.51209.list,true,8412,8412,0.75065,/home/ml/thesis-camels/data/raw/CAMELS_SIMBA_1000U/LH_551_hlist_0.75065.list,true,7787,7787,1.00000,/home/ml/thesis-camels/data/raw/CAMELS_SIMBA_1000U/LH_551_hlist_1.00000.list,true,7532,7532,test,test,train,NONE
LH_552,552,/home/ml/thesis-camels/data/raw/CAMELS_SIMBA_1000U,row_universe_id=LH_552;universe_index=552;omega_m=0.1422,0.20000,/home/ml/thesis-camels/data/raw/CAMELS_SIMBA_1000U/LH_552_hlist_0.20000.list,true,2400,2400,0.25000,/home/ml/thesis-camels/data/raw/CAMELS_SIMBA_1000U/LH_552_hlist_0.25000.list,true,3756,3756,0.51209,/home/ml/thesis-camels/data/raw/CAMELS_SIMBA_1000U/LH_552_hlist_0.51209.list,true,5225,5225,0.75065,/home/ml/thesis-camels/data/raw/CAMELS_SIMBA_1000U/LH_552_hlist_0.75065.list,true,5176,5176,1.00000,/home/ml/thesis-camels/data/raw/CAMELS_SIMBA_1000U/LH_552_hlist_1.00000.list,true,5680,5680,test,train,test,NONE
LH_553,553,/home/ml/thesis-camels/data/raw/CAMELS_SIMBA_1000U,row_universe_id=LH_553;universe_index=553;omega_m=0.4054,0.20000,/home/ml/thesis-camels/data/raw/CAMELS_SIMBA_1000U/LH_553_hlist_0.20000.list,true,7053,7053,0.25000,/home/ml/thesis-camels/data/raw/CAMELS_SIMBA_1000U/LH_553_hlist_0.25000.list,true,8014,8014,0.51209,/home/ml/thesis-camels/data/raw/CAMELS_SIMBA_1000U/LH_553_hlist_0.51209.list,true,7492,7492,0.75065,/home/ml/thesis-camels/data/raw/CAMELS_SIMBA_1000U/LH_553_hlist_0.75065.list,true,6435,6435,1.00000,/home/ml/thesis-camels/data/raw/CAMELS_SIMBA_1000U/LH_553_hlist_1.00000.list,true,6304,6304,train,train,train,NONE
LH_554,554,/home/ml/thesis-camels/data/raw/CAMELS_SIMBA_1000U,row_universe_id=LH_554;universe_index=554;omega_m=0.2434,0.20000,/home/ml/thesis-camels/data/raw/CAMELS_SIMBA_1000U/LH_554_hlist_0.20000.list,true,5116,5116,0.25000,/home/ml/thesis-camels/data/raw/CAMELS_SIMBA_1000U/LH_554_hlist_0.25000.list,true,6259,6259,0.51209,/home/ml/thesis-camels/data/raw/CAMELS_SIMBA_1000U/LH_554_hlist_0.51209.list,true,6431,6431,0.75065,/home/ml/thesis-camels/data/raw/CAMELS_SIMBA_1000U/LH_554_hlist_0.75065.list,true,5972,5972,1.00000,/home/ml/thesis-camels/data/raw/CAMELS_SIMBA_1000U/LH_554_hlist_1.00000.list,true,6056,6056,train,train,train,NONE
LH_555,555,/home/ml/thesis-camels/data/raw/CAMELS_SIMBA_1000U,row_universe_id=LH_555;universe_index=555;omega_m=0.3582,0.20000,/home/ml/thesis-camels/data/raw/CAMELS_SIMBA_1000U/LH_555_hlist_0.20000.list,true,5246,5246,0.25000,/home/ml/thesis-camels/data/raw/CAMELS_SIMBA_1000U/LH_555_hlist_0.25000.list,true,6797,6797,0.51209,/home/ml/thesis-camels/data/raw/CAMELS_SIMBA_1000U/LH_555_hlist_0.51209.list,true,8151,8151,0.75065,/home/ml/thesis-camels/data/raw/CAMELS_SIMBA_1000U/LH_555_hlist_0.75065.list,true,7308,7308,1.00000,/home/ml/thesis-camels/data/raw/CAMELS_SIMBA_1000U/LH_555_hlist_1.00000.list,true,7188,7188,validation,train,train,NONE
LH_556,556,/home/ml/thesis-camels/data/raw/CAMELS_SIMBA_1000U,row_universe_id=LH_556;universe_index=556;omega_m=0.3538,0.20000,/home/ml/thesis-camels/data/raw/CAMELS_SIMBA_1000U/LH_556_hlist_0.20000.list,true,4731,4731,0.25000,/home/ml/thesis-camels/data/raw/CAMELS_SIMBA_1000U/LH_556_hlist_0.25000.list,true,6368,6368,0.51209,/home/ml/thesis-camels/data/raw/CAMELS_SIMBA_1000U/LH_556_hlist_0.51209.list,true,7827,7827,0.75065,/home/ml/thesis-camels/data/raw/CAMELS_SIMBA_1000U/LH_556_hlist_0.75065.list,true,7231,7231,1.00000,/home/ml/thesis-camels/data/raw/CAMELS_SIMBA_1000U/LH_556_hlist_1.00000.list,true,7111,7111,train,train,validation,NONE
LH_557,557,/home/ml/thesis-camels/data/raw/CAMELS_SIMBA_1000U,row_universe_id=LH_557;universe_index=557;omega_m=0.3306,0.20000,/home/ml/thesis-camels/data/raw/CAMELS_SIMBA_1000U/LH_557_hlist_0.20000.list,true,7012,7012,0.25000,/home/ml/thesis-camels/data/raw/CAMELS_SIMBA_1000U/LH_557_hlist_0.25000.list,true,7923,7923,0.51209,/home/ml/thesis-camels/data/raw/CAMELS_SIMBA_1000U/LH_557_hlist_0.51209.list,true,7357,7357,0.75065,/home/ml/thesis-camels/data/raw/CAMELS_SIMBA_1000U/LH_557_hlist_0.75065.list,true,6327,6327,1.00000,/home/ml/thesis-camels/data/raw/CAMELS_SIMBA_1000U/LH_557_hlist_1.00000.list,true,6242,6242,train,test,test,NONE
LH_558,558,/home/ml/thesis-camels/data/raw/CAMELS_SIMBA_1000U,row_universe_id=LH_558;universe_index=558;omega_m=0.3382,0.20000,/home/ml/thesis-camels/data/raw/CAMELS_SIMBA_1000U/LH_558_hlist_0.20000.list,true,7356,7356,0.25000,/home/ml/thesis-camels/data/raw/CAMELS_SIMBA_1000U/LH_558_hlist_0.25000.list,true,7873,7873,0.51209,/home/ml/thesis-camels/data/raw/CAMELS_SIMBA_1000U/LH_558_hlist_0.51209.list,true,6426,6426,0.75065,/home/ml/thesis-camels/data/raw/CAMELS_SIMBA_1000U/LH_558_hlist_0.75065.list,true,5524,5524,1.00000,/home/ml/thesis-camels/data/raw/CAMELS_SIMBA_1000U/LH_558_hlist_1.00000.list,true,5268,5268,test,test,test,NONE
LH_559,559,/home/ml/thesis-camels/data/raw/CAMELS_SIMBA_1000U,row_universe_id=LH_559;universe_index=559;omega_m=0.3934,0.20000,/home/ml/thesis-camels/data/raw/CAMELS_SIMBA_1000U/LH_559_hlist_0.20000.list,true,6092,6092,0.25000,/home/ml/thesis-camels/data/raw/CAMELS_SIMBA_1000U/LH_559_hlist_0.25000.list,true,7481,7481,0.51209,/home/ml/thesis-camels/data/raw/CAMELS_SIMBA_1000U/LH_559_hlist_0.51209.list,true,8016,8016,0.75065,/home/ml/thesis-camels/data/raw/CAMELS_SIMBA_1000U/LH_559_hlist_0.75065.list,true,6947,6947,1.00000,/home/ml/thesis-camels/data/raw/CAMELS_SIMBA_1000U/LH_559_hlist_1.00000.list,true,6781,6781,train,test,test,NONE
LH_560,560,/home/ml/thesis-camels/data/raw/CAMELS_SIMBA_1000U,row_universe_id=LH_560;universe_index=560;omega_m=0.2158,0.20000,/home/ml/thesis-camels/data/raw/CAMELS_SIMBA_1000U/LH_560_hlist_0.20000.list,true,2055,2055,0.25000,/home/ml/thesis-camels/data/raw/CAMELS_SIMBA_1000U/LH_560_hlist_0.25000.list,true,3547,3547,0.51209,/home/ml/thesis-camels/data/raw/CAMELS_SIMBA_1000U/LH_560_hlist_0.51209.list,true,6878,6878,0.75065,/home/ml/thesis-camels/data/raw/CAMELS_SIMBA_1000U/LH_560_hlist_0.75065.list,true,7127,7127,1.00000,/home/ml/thesis-camels/data/raw/CAMELS_SIMBA_1000U/LH_560_hlist_1.00000.list,true,7560,7560,train,train,train,NONE
LH_561,561,/home/ml/thesis-camels/data/raw/CAMELS_SIMBA_1000U,row_universe_id=LH_561;universe_index=561;omega_m=0.4562,0.20000,/home/ml/thesis-camels/data/raw/CAMELS_SIMBA_1000U/LH_561_hlist_0.20000.list,true,7196,7196,0.25000,/home/ml/thesis-camels/data/raw/CAMELS_SIMBA_1000U/LH_561_hlist_0.25000.list,true,8369,8369,0.51209,/home/ml/thesis-camels/data/raw/CAMELS_SIMBA_1000U/LH_561_hlist_0.51209.list,true,8418,8418,0.75065,/home/ml/thesis-camels/data/raw/CAMELS_SIMBA_1000U/LH_561_hlist_0.75065.list,true,7227,7227,1.00000,/home/ml/thesis-camels/data/raw/CAMELS_SIMBA_1000U/LH_561_hlist_1.00000.list,true,6804,6804,validation,train,test,NONE
LH_562,562,/home/ml/thesis-camels/data/raw/CAMELS_SIMBA_1000U,row_universe_id=LH_562;universe_index=562;omega_m=0.1566,0.20000,/home/ml/thesis-camels/data/raw/CAMELS_SIMBA_1000U/LH_562_hlist_0.20000.list,true,620,620,0.25000,/home/ml/thesis-camels/data/raw/CAMELS_SIMBA_1000U/LH_562_hlist_0.25000.list,true,1975,1975,0.51209,/home/ml/thesis-camels/data/raw/CAMELS_SIMBA_1000U/LH_562_hlist_0.51209.list,true,5248,5248,0.75065,/home/ml/thesis-camels/data/raw/CAMELS_SIMBA_1000U/LH_562_hlist_0.75065.list,true,5774,5774,1.00000,/home/ml/thesis-camels/data/raw/CAMELS_SIMBA_1000U/LH_562_hlist_1.00000.list,true,6425,6425,test,validation,validation,NONE
LH_563,563,/home/ml/thesis-camels/data/raw/CAMELS_SIMBA_1000U,row_universe_id=LH_563;universe_index=563;omega_m=0.3466,0.20000,/home/ml/thesis-camels/data/raw/CAMELS_SIMBA_1000U/LH_563_hlist_0.20000.list,true,6638,6638,0.25000,/home/ml/thesis-camels/data/raw/CAMELS_SIMBA_1000U/LH_563_hlist_0.25000.list,true,7666,7666,0.51209,/home/ml/thesis-camels/data/raw/CAMELS_SIMBA_1000U/LH_563_hlist_0.51209.list,true,7543,7543,0.75065,/home/ml/thesis-camels/data/raw/CAMELS_SIMBA_1000U/LH_563_hlist_0.75065.list,true,6443,6443,1.00000,/home/ml/thesis-camels/data/raw/CAMELS_SIMBA_1000U/LH_563_hlist_1.00000.list,true,6329,6329,validation,validation,train,NONE
LH_564,564,/home/ml/thesis-camels/data/raw/CAMELS_SIMBA_1000U,row_universe_id=LH_564;universe_index=564;omega_m=0.3754,0.20000,/home/ml/thesis-camels/data/raw/CAMELS_SIMBA_1000U/LH_564_hlist_0.20000.list,true,7433,7433,0.25000,/home/ml/thesis-camels/data/raw/CAMELS_SIMBA_1000U/LH_564_hlist_0.25000.list,true,8080,8080,0.51209,/home/ml/thesis-camels/data/raw/CAMELS_SIMBA_1000U/LH_564_hlist_0.51209.list,true,7381,7381,0.75065,/home/ml/thesis-camels/data/raw/CAMELS_SIMBA_1000U/LH_564_hlist_0.75065.list,true,6352,6352,1.00000,/home/ml/thesis-camels/data/raw/CAMELS_SIMBA_1000U/LH_564_hlist_1.00000.list,true,6231,6231,validation,train,train,NONE
LH_565,565,/home/ml/thesis-camels/data/raw/CAMELS_SIMBA_1000U,row_universe_id=LH_565;universe_index=565;omega_m=0.443,0.20000,/home/ml/thesis-camels/data/raw/CAMELS_SIMBA_1000U/LH_565_hlist_0.20000.list,true,8157,8157,0.25000,/home/ml/thesis-camels/data/raw/CAMELS_SIMBA_1000U/LH_565_hlist_0.25000.list,true,8920,8920,0.51209,/home/ml/thesis-camels/data/raw/CAMELS_SIMBA_1000U/LH_565_hlist_0.51209.list,true,7699,7699,0.75065,/home/ml/thesis-camels/data/raw/CAMELS_SIMBA_1000U/LH_565_hlist_0.75065.list,true,6426,6426,1.00000,/home/ml/thesis-camels/data/raw/CAMELS_SIMBA_1000U/LH_565_hlist_1.00000.list,true,6103,6103,test,validation,test,NONE
LH_566,566,/home/ml/thesis-camels/data/raw/CAMELS_SIMBA_1000U,row_universe_id=LH_566;universe_index=566;omega_m=0.2294,0.20000,/home/ml/thesis-camels/data/raw/CAMELS_SIMBA_1000U/LH_566_hlist_0.20000.list,true,4065,4065,0.25000,/home/ml/thesis-camels/data/raw/CAMELS_SIMBA_1000U/LH_566_hlist_0.25000.list,true,5551,5551,0.51209,/home/ml/thesis-camels/data/raw/CAMELS_SIMBA_1000U/LH_566_hlist_0.51209.list,true,6885,6885,0.75065,/home/ml/thesis-camels/data/raw/CAMELS_SIMBA_1000U/LH_566_hlist_0.75065.list,true,6302,6302,1.00000,/home/ml/thesis-camels/data/raw/CAMELS_SIMBA_1000U/LH_566_hlist_1.00000.list,true,6523,6523,test,validation,validation,NONE
LH_567,567,/home/ml/thesis-camels/data/raw/CAMELS_SIMBA_1000U,row_universe_id=LH_567;universe_index=567;omega_m=0.197,0.20000,/home/ml/thesis-camels/data/raw/CAMELS_SIMBA_1000U/LH_567_hlist_0.20000.list,true,3593,3593,0.25000,/home/ml/thesis-camels/data/raw/CAMELS_SIMBA_1000U/LH_567_hlist_0.25000.list,true,5092,5092,0.51209,/home/ml/thesis-camels/data/raw/CAMELS_SIMBA_1000U/LH_567_hlist_0.51209.list,true,6631,6631,0.75065,/home/ml/thesis-camels/data/raw/CAMELS_SIMBA_1000U/LH_567_hlist_0.75065.list,true,6182,6182,1.00000,/home/ml/thesis-camels/data/raw/CAMELS_SIMBA_1000U/LH_567_hlist_1.00000.list,true,6489,6489,train,test,test,NONE
LH_568,568,/home/ml/thesis-camels/data/raw/CAMELS_SIMBA_1000U,row_universe_id=LH_568;universe_index=568;omega_m=0.391,0.20000,/home/ml/thesis-camels/data/raw/CAMELS_SIMBA_1000U/LH_568_hlist_0.20000.list,true,5249,5249,0.25000,/home/ml/thesis-camels/data/raw/CAMELS_SIMBA_1000U/LH_568_hlist_0.25000.list,true,6719,6719,0.51209,/home/ml/thesis-camels/data/raw/CAMELS_SIMBA_1000U/LH_568_hlist_0.51209.list,true,7981,7981,0.75065,/home/ml/thesis-camels/data/raw/CAMELS_SIMBA_1000U/LH_568_hlist_0.75065.list,true,7386,7386,1.00000,/home/ml/thesis-camels/data/raw/CAMELS_SIMBA_1000U/LH_568_hlist_1.00000.list,true,7195,7195,train,validation,train,NONE
LH_569,569,/home/ml/thesis-camels/data/raw/CAMELS_SIMBA_1000U,row_universe_id=LH_569;universe_index=569;omega_m=0.2082,0.20000,/home/ml/thesis-camels/data/raw/CAMELS_SIMBA_1000U/LH_569_hlist_0.20000.list,true,3392,3392,0.25000,/home/ml/thesis-camels/data/raw/CAMELS_SIMBA_1000U/LH_569_hlist_0.25000.list,true,4989,4989,0.51209,/home/ml/thesis-camels/data/raw/CAMELS_SIMBA_1000U/LH_569_hlist_0.51209.list,true,6756,6756,0.75065,/home/ml/thesis-camels/data/raw/CAMELS_SIMBA_1000U/LH_569_hlist_0.75065.list,true,6508,6508,1.00000,/home/ml/thesis-camels/data/raw/CAMELS_SIMBA_1000U/LH_569_hlist_1.00000.list,true,6784,6784,train,train,train,NONE
LH_570,570,/home/ml/thesis-camels/data/raw/CAMELS_SIMBA_1000U,row_universe_id=LH_570;universe_index=570;omega_m=0.195,0.20000,/home/ml/thesis-camels/data/raw/CAMELS_SIMBA_1000U/LH_570_hlist_0.20000.list,true,1261,1261,0.25000,/home/ml/thesis-camels/data/raw/CAMELS_SIMBA_1000U/LH_570_hlist_0.25000.list,true,2769,2769,0.51209,/home/ml/thesis-camels/data/raw/CAMELS_SIMBA_1000U/LH_570_hlist_0.51209.list,true,6257,6257,0.75065,/home/ml/thesis-camels/data/raw/CAMELS_SIMBA_1000U/LH_570_hlist_0.75065.list,true,6940,6940,1.00000,/home/ml/thesis-camels/data/raw/CAMELS_SIMBA_1000U/LH_570_hlist_1.00000.list,true,7422,7422,test,validation,test,NONE
LH_571,571,/home/ml/thesis-camels/data/raw/CAMELS_SIMBA_1000U,row_universe_id=LH_571;universe_index=571;omega_m=0.495,0.20000,/home/ml/thesis-camels/data/raw/CAMELS_SIMBA_1000U/LH_571_hlist_0.20000.list,true,5585,5585,0.25000,/home/ml/thesis-camels/data/raw/CAMELS_SIMBA_1000U/LH_571_hlist_0.25000.list,true,6952,6952,0.51209,/home/ml/thesis-camels/data/raw/CAMELS_SIMBA_1000U/LH_571_hlist_0.51209.list,true,8315,8315,0.75065,/home/ml/thesis-camels/data/raw/CAMELS_SIMBA_1000U/LH_571_hlist_0.75065.list,true,7422,7422,1.00000,/home/ml/thesis-camels/data/raw/CAMELS_SIMBA_1000U/LH_571_hlist_1.00000.list,true,6900,6900,train,train,test,NONE
LH_572,572,/home/ml/thesis-camels/data/raw/CAMELS_SIMBA_1000U,row_universe_id=LH_572;universe_index=572;omega_m=0.403,0.20000,/home/ml/thesis-camels/data/raw/CAMELS_SIMBA_1000U/LH_572_hlist_0.20000.list,true,5586,5586,0.25000,/home/ml/thesis-camels/data/raw/CAMELS_SIMBA_1000U/LH_572_hlist_0.25000.list,true,6828,6828,0.51209,/home/ml/thesis-camels/data/raw/CAMELS_SIMBA_1000U/LH_572_hlist_0.51209.list,true,7508,7508,0.75065,/home/ml/thesis-camels/data/raw/CAMELS_SIMBA_1000U/LH_572_hlist_0.75065.list,true,6703,6703,1.00000,/home/ml/thesis-camels/data/raw/CAMELS_SIMBA_1000U/LH_572_hlist_1.00000.list,true,6558,6558,validation,train,test,NONE
LH_573,573,/home/ml/thesis-camels/data/raw/CAMELS_SIMBA_1000U,row_universe_id=LH_573;universe_index=573;omega_m=0.4526,0.20000,/home/ml/thesis-camels/data/raw/CAMELS_SIMBA_1000U/LH_573_hlist_0.20000.list,true,8774,8774,0.25000,/home/ml/thesis-camels/data/raw/CAMELS_SIMBA_1000U/LH_573_hlist_0.25000.list,true,9197,9197,0.51209,/home/ml/thesis-camels/data/raw/CAMELS_SIMBA_1000U/LH_573_hlist_0.51209.list,true,7484,7484,0.75065,/home/ml/thesis-camels/data/raw/CAMELS_SIMBA_1000U/LH_573_hlist_0.75065.list,true,6333,6333,1.00000,/home/ml/thesis-camels/data/raw/CAMELS_SIMBA_1000U/LH_573_hlist_1.00000.list,true,5888,5888,train,train,train,NONE
LH_574,574,/home/ml/thesis-camels/data/raw/CAMELS_SIMBA_1000U,row_universe_id=LH_574;universe_index=574;omega_m=0.3566,0.20000,/home/ml/thesis-camels/data/raw/CAMELS_SIMBA_1000U/LH_574_hlist_0.20000.list,true,5364,5364,0.25000,/home/ml/thesis-camels/data/raw/CAMELS_SIMBA_1000U/LH_574_hlist_0.25000.list,true,6837,6837,0.51209,/home/ml/thesis-camels/data/raw/CAMELS_SIMBA_1000U/LH_574_hlist_0.51209.list,true,7726,7726,0.75065,/home/ml/thesis-camels/data/raw/CAMELS_SIMBA_1000U/LH_574_hlist_0.75065.list,true,6722,6722,1.00000,/home/ml/thesis-camels/data/raw/CAMELS_SIMBA_1000U/LH_574_hlist_1.00000.list,true,6654,6654,test,test,train,NONE
LH_575,575,/home/ml/thesis-camels/data/raw/CAMELS_SIMBA_1000U,row_universe_id=LH_575;universe_index=575;omega_m=0.3138,0.20000,/home/ml/thesis-camels/data/raw/CAMELS_SIMBA_1000U/LH_575_hlist_0.20000.list,true,6946,6946,0.25000,/home/ml/thesis-camels/data/raw/CAMELS_SIMBA_1000U/LH_575_hlist_0.25000.list,true,7562,7562,0.51209,/home/ml/thesis-camels/data/raw/CAMELS_SIMBA_1000U/LH_575_hlist_0.51209.list,true,6624,6624,0.75065,/home/ml/thesis-camels/data/raw/CAMELS_SIMBA_1000U/LH_575_hlist_0.75065.list,true,5780,5780,1.00000,/home/ml/thesis-camels/data/raw/CAMELS_SIMBA_1000U/LH_575_hlist_1.00000.list,true,5633,5633,train,test,train,NONE
LH_576,576,/home/ml/thesis-camels/data/raw/CAMELS_SIMBA_1000U,row_universe_id=LH_576;universe_index=576;omega_m=0.1974,0.20000,/home/ml/thesis-camels/data/raw/CAMELS_SIMBA_1000U/LH_576_hlist_0.20000.list,true,1988,1988,0.25000,/home/ml/thesis-camels/data/raw/CAMELS_SIMBA_1000U/LH_576_hlist_0.25000.list,true,3510,3510,0.51209,/home/ml/thesis-camels/data/raw/CAMELS_SIMBA_1000U/LH_576_hlist_0.51209.list,true,6457,6457,0.75065,/home/ml/thesis-camels/data/raw/CAMELS_SIMBA_1000U/LH_576_hlist_0.75065.list,true,6661,6661,1.00000,/home/ml/thesis-camels/data/raw/CAMELS_SIMBA_1000U/LH_576_hlist_1.00000.list,true,6914,6914,train,train,test,NONE
LH_577,577,/home/ml/thesis-camels/data/raw/CAMELS_SIMBA_1000U,row_universe_id=LH_577;universe_index=577;omega_m=0.1618,0.20000,/home/ml/thesis-camels/data/raw/CAMELS_SIMBA_1000U/LH_577_hlist_0.20000.list,true,1578,1578,0.25000,/home/ml/thesis-camels/data/raw/CAMELS_SIMBA_1000U/LH_577_hlist_0.25000.list,true,2974,2974,0.51209,/home/ml/thesis-camels/data/raw/CAMELS_SIMBA_1000U/LH_577_hlist_0.51209.list,true,5896,5896,0.75065,/home/ml/thesis-camels/data/raw/CAMELS_SIMBA_1000U/LH_577_hlist_0.75065.list,true,6190,6190,1.00000,/home/ml/thesis-camels/data/raw/CAMELS_SIMBA_1000U/LH_577_hlist_1.00000.list,true,6720,6720,validation,validation,test,NONE
LH_578,578,/home/ml/thesis-camels/data/raw/CAMELS_SIMBA_1000U,row_universe_id=LH_578;universe_index=578;omega_m=0.4346,0.20000,/home/ml/thesis-camels/data/raw/CAMELS_SIMBA_1000U/LH_578_hlist_0.20000.list,true,6639,6639,0.25000,/home/ml/thesis-camels/data/raw/CAMELS_SIMBA_1000U/LH_578_hlist_0.25000.list,true,7577,7577,0.51209,/home/ml/thesis-camels/data/raw/CAMELS_SIMBA_1000U/LH_578_hlist_0.51209.list,true,7993,7993,0.75065,/home/ml/thesis-camels/data/raw/CAMELS_SIMBA_1000U/LH_578_hlist_0.75065.list,true,6810,6810,1.00000,/home/ml/thesis-camels/data/raw/CAMELS_SIMBA_1000U/LH_578_hlist_1.00000.list,true,6561,6561,train,test,validation,NONE
LH_579,579,/home/ml/thesis-camels/data/raw/CAMELS_SIMBA_1000U,row_universe_id=LH_579;universe_index=579;omega_m=0.3774,0.20000,/home/ml/thesis-camels/data/raw/CAMELS_SIMBA_1000U/LH_579_hlist_0.20000.list,true,7434,7434,0.25000,/home/ml/thesis-camels/data/raw/CAMELS_SIMBA_1000U/LH_579_hlist_0.25000.list,true,8097,8097,0.51209,/home/ml/thesis-camels/data/raw/CAMELS_SIMBA_1000U/LH_579_hlist_0.51209.list,true,7282,7282,0.75065,/home/ml/thesis-camels/data/raw/CAMELS_SIMBA_1000U/LH_579_hlist_0.75065.list,true,6248,6248,1.00000,/home/ml/thesis-camels/data/raw/CAMELS_SIMBA_1000U/LH_579_hlist_1.00000.list,true,6089,6089,train,train,train,NONE
LH_580,580,/home/ml/thesis-camels/data/raw/CAMELS_SIMBA_1000U,row_universe_id=LH_580;universe_index=580;omega_m=0.3218,0.20000,/home/ml/thesis-camels/data/raw/CAMELS_SIMBA_1000U/LH_580_hlist_0.20000.list,true,2551,2551,0.25000,/home/ml/thesis-camels/data/raw/CAMELS_SIMBA_1000U/LH_580_hlist_0.25000.list,true,4095,4095,0.51209,/home/ml/thesis-camels/data/raw/CAMELS_SIMBA_1000U/LH_580_hlist_0.51209.list,true,7646,7646,0.75065,/home/ml/thesis-camels/data/raw/CAMELS_SIMBA_1000U/LH_580_hlist_0.75065.list,true,7832,7832,1.00000,/home/ml/thesis-camels/data/raw/CAMELS_SIMBA_1000U/LH_580_hlist_1.00000.list,true,8092,8092,test,train,train,NONE
LH_581,581,/home/ml/thesis-camels/data/raw/CAMELS_SIMBA_1000U,row_universe_id=LH_581;universe_index=581;omega_m=0.4722,0.20000,/home/ml/thesis-camels/data/raw/CAMELS_SIMBA_1000U/LH_581_hlist_0.20000.list,true,7870,7870,0.25000,/home/ml/thesis-camels/data/raw/CAMELS_SIMBA_1000U/LH_581_hlist_0.25000.list,true,8685,8685,0.51209,/home/ml/thesis-camels/data/raw/CAMELS_SIMBA_1000U/LH_581_hlist_0.51209.list,true,8060,8060,0.75065,/home/ml/thesis-camels/data/raw/CAMELS_SIMBA_1000U/LH_581_hlist_0.75065.list,true,6646,6646,1.00000,/home/ml/thesis-camels/data/raw/CAMELS_SIMBA_1000U/LH_581_hlist_1.00000.list,true,6231,6231,train,train,validation,NONE
LH_582,582,/home/ml/thesis-camels/data/raw/CAMELS_SIMBA_1000U,row_universe_id=LH_582;universe_index=582;omega_m=0.2038,0.20000,/home/ml/thesis-camels/data/raw/CAMELS_SIMBA_1000U/LH_582_hlist_0.20000.list,true,2582,2582,0.25000,/home/ml/thesis-camels/data/raw/CAMELS_SIMBA_1000U/LH_582_hlist_0.25000.list,true,4164,4164,0.51209,/home/ml/thesis-camels/data/raw/CAMELS_SIMBA_1000U/LH_582_hlist_0.51209.list,true,6408,6408,0.75065,/home/ml/thesis-camels/data/raw/CAMELS_SIMBA_1000U/LH_582_hlist_0.75065.list,true,6336,6336,1.00000,/home/ml/thesis-camels/data/raw/CAMELS_SIMBA_1000U/LH_582_hlist_1.00000.list,true,6612,6612,train,train,train,NONE
LH_583,583,/home/ml/thesis-camels/data/raw/CAMELS_SIMBA_1000U,row_universe_id=LH_583;universe_index=583;omega_m=0.4742,0.20000,/home/ml/thesis-camels/data/raw/CAMELS_SIMBA_1000U/LH_583_hlist_0.20000.list,true,8869,8869,0.25000,/home/ml/thesis-camels/data/raw/CAMELS_SIMBA_1000U/LH_583_hlist_0.25000.list,true,9292,9292,0.51209,/home/ml/thesis-camels/data/raw/CAMELS_SIMBA_1000U/LH_583_hlist_0.51209.list,true,7465,7465,0.75065,/home/ml/thesis-camels/data/raw/CAMELS_SIMBA_1000U/LH_583_hlist_0.75065.list,true,6160,6160,1.00000,/home/ml/thesis-camels/data/raw/CAMELS_SIMBA_1000U/LH_583_hlist_1.00000.list,true,5769,5769,train,train,test,NONE
LH_584,584,/home/ml/thesis-camels/data/raw/CAMELS_SIMBA_1000U,row_universe_id=LH_584;universe_index=584;omega_m=0.1622,0.20000,/home/ml/thesis-camels/data/raw/CAMELS_SIMBA_1000U/LH_584_hlist_0.20000.list,true,3490,3490,0.25000,/home/ml/thesis-camels/data/raw/CAMELS_SIMBA_1000U/LH_584_hlist_0.25000.list,true,4487,4487,0.51209,/home/ml/thesis-camels/data/raw/CAMELS_SIMBA_1000U/LH_584_hlist_0.51209.list,true,5297,5297,0.75065,/home/ml/thesis-camels/data/raw/CAMELS_SIMBA_1000U/LH_584_hlist_0.75065.list,true,5213,5213,1.00000,/home/ml/thesis-camels/data/raw/CAMELS_SIMBA_1000U/LH_584_hlist_1.00000.list,true,5526,5526,train,test,test,NONE
LH_585,585,/home/ml/thesis-camels/data/raw/CAMELS_SIMBA_1000U,row_universe_id=LH_585;universe_index=585;omega_m=0.3738,0.20000,/home/ml/thesis-camels/data/raw/CAMELS_SIMBA_1000U/LH_585_hlist_0.20000.list,true,5078,5078,0.25000,/home/ml/thesis-camels/data/raw/CAMELS_SIMBA_1000U/LH_585_hlist_0.25000.list,true,6749,6749,0.51209,/home/ml/thesis-camels/data/raw/CAMELS_SIMBA_1000U/LH_585_hlist_0.51209.list,true,8148,8148,0.75065,/home/ml/thesis-camels/data/raw/CAMELS_SIMBA_1000U/LH_585_hlist_0.75065.list,true,7245,7245,1.00000,/home/ml/thesis-camels/data/raw/CAMELS_SIMBA_1000U/LH_585_hlist_1.00000.list,true,7020,7020,train,train,validation,NONE
LH_586,586,/home/ml/thesis-camels/data/raw/CAMELS_SIMBA_1000U,row_universe_id=LH_586;universe_index=586;omega_m=0.1402,0.20000,/home/ml/thesis-camels/data/raw/CAMELS_SIMBA_1000U/LH_586_hlist_0.20000.list,true,2969,2969,0.25000,/home/ml/thesis-camels/data/raw/CAMELS_SIMBA_1000U/LH_586_hlist_0.25000.list,true,3989,3989,0.51209,/home/ml/thesis-camels/data/raw/CAMELS_SIMBA_1000U/LH_586_hlist_0.51209.list,true,4862,4862,0.75065,/home/ml/thesis-camels/data/raw/CAMELS_SIMBA_1000U/LH_586_hlist_0.75065.list,true,4850,4850,1.00000,/home/ml/thesis-camels/data/raw/CAMELS_SIMBA_1000U/LH_586_hlist_1.00000.list,true,5227,5227,train,test,test,NONE
LH_587,587,/home/ml/thesis-camels/data/raw/CAMELS_SIMBA_1000U,row_universe_id=LH_587;universe_index=587;omega_m=0.3758,0.20000,/home/ml/thesis-camels/data/raw/CAMELS_SIMBA_1000U/LH_587_hlist_0.20000.list,true,5149,5149,0.25000,/home/ml/thesis-camels/data/raw/CAMELS_SIMBA_1000U/LH_587_hlist_0.25000.list,true,6569,6569,0.51209,/home/ml/thesis-camels/data/raw/CAMELS_SIMBA_1000U/LH_587_hlist_0.51209.list,true,7740,7740,0.75065,/home/ml/thesis-camels/data/raw/CAMELS_SIMBA_1000U/LH_587_hlist_0.75065.list,true,6981,6981,1.00000,/home/ml/thesis-camels/data/raw/CAMELS_SIMBA_1000U/LH_587_hlist_1.00000.list,true,6792,6792,train,test,test,NONE
LH_588,588,/home/ml/thesis-camels/data/raw/CAMELS_SIMBA_1000U,row_universe_id=LH_588;universe_index=588;omega_m=0.3554,0.20000,/home/ml/thesis-camels/data/raw/CAMELS_SIMBA_1000U/LH_588_hlist_0.20000.list,true,3934,3934,0.25000,/home/ml/thesis-camels/data/raw/CAMELS_SIMBA_1000U/LH_588_hlist_0.25000.list,true,5476,5476,0.51209,/home/ml/thesis-camels/data/raw/CAMELS_SIMBA_1000U/LH_588_hlist_0.51209.list,true,8031,8031,0.75065,/home/ml/thesis-camels/data/raw/CAMELS_SIMBA_1000U/LH_588_hlist_0.75065.list,true,7537,7537,1.00000,/home/ml/thesis-camels/data/raw/CAMELS_SIMBA_1000U/LH_588_hlist_1.00000.list,true,7387,7387,test,test,validation,NONE
LH_589,589,/home/ml/thesis-camels/data/raw/CAMELS_SIMBA_1000U,row_universe_id=LH_589;universe_index=589;omega_m=0.4358,0.20000,/home/ml/thesis-camels/data/raw/CAMELS_SIMBA_1000U/LH_589_hlist_0.20000.list,true,4321,4321,0.25000,/home/ml/thesis-camels/data/raw/CAMELS_SIMBA_1000U/LH_589_hlist_0.25000.list,true,6058,6058,0.51209,/home/ml/thesis-camels/data/raw/CAMELS_SIMBA_1000U/LH_589_hlist_0.51209.list,true,8701,8701,0.75065,/home/ml/thesis-camels/data/raw/CAMELS_SIMBA_1000U/LH_589_hlist_0.75065.list,true,8109,8109,1.00000,/home/ml/thesis-camels/data/raw/CAMELS_SIMBA_1000U/LH_589_hlist_1.00000.list,true,7828,7828,train,train,validation,NONE
LH_590,590,/home/ml/thesis-camels/data/raw/CAMELS_SIMBA_1000U,row_universe_id=LH_590;universe_index=590;omega_m=0.331,0.20000,/home/ml/thesis-camels/data/raw/CAMELS_SIMBA_1000U/LH_590_hlist_0.20000.list,true,6078,6078,0.25000,/home/ml/thesis-camels/data/raw/CAMELS_SIMBA_1000U/LH_590_hlist_0.25000.list,true,7336,7336,0.51209,/home/ml/thesis-camels/data/raw/CAMELS_SIMBA_1000U/LH_590_hlist_0.51209.list,true,7350,7350,0.75065,/home/ml/thesis-camels/data/raw/CAMELS_SIMBA_1000U/LH_590_hlist_0.75065.list,true,6503,6503,1.00000,/home/ml/thesis-camels/data/raw/CAMELS_SIMBA_1000U/LH_590_hlist_1.00000.list,true,6327,6327,test,train,validation,NONE
LH_591,591,/home/ml/thesis-camels/data/raw/CAMELS_SIMBA_1000U,row_universe_id=LH_591;universe_index=591;omega_m=0.4074,0.20000,/home/ml/thesis-camels/data/raw/CAMELS_SIMBA_1000U/LH_591_hlist_0.20000.list,true,5896,5896,0.25000,/home/ml/thesis-camels/data/raw/CAMELS_SIMBA_1000U/LH_591_hlist_0.25000.list,true,7220,7220,0.51209,/home/ml/thesis-camels/data/raw/CAMELS_SIMBA_1000U/LH_591_hlist_0.51209.list,true,8103,8103,0.75065,/home/ml/thesis-camels/data/raw/CAMELS_SIMBA_1000U/LH_591_hlist_0.75065.list,true,7241,7241,1.00000,/home/ml/thesis-camels/data/raw/CAMELS_SIMBA_1000U/LH_591_hlist_1.00000.list,true,7034,7034,test,train,test,NONE
LH_592,592,/home/ml/thesis-camels/data/raw/CAMELS_SIMBA_1000U,row_universe_id=LH_592;universe_index=592;omega_m=0.455,0.20000,/home/ml/thesis-camels/data/raw/CAMELS_SIMBA_1000U/LH_592_hlist_0.20000.list,true,8018,8018,0.25000,/home/ml/thesis-camels/data/raw/CAMELS_SIMBA_1000U/LH_592_hlist_0.25000.list,true,8737,8737,0.51209,/home/ml/thesis-camels/data/raw/CAMELS_SIMBA_1000U/LH_592_hlist_0.51209.list,true,7968,7968,0.75065,/home/ml/thesis-camels/data/raw/CAMELS_SIMBA_1000U/LH_592_hlist_0.75065.list,true,6708,6708,1.00000,/home/ml/thesis-camels/data/raw/CAMELS_SIMBA_1000U/LH_592_hlist_1.00000.list,true,6295,6295,train,train,train,NONE
LH_593,593,/home/ml/thesis-camels/data/raw/CAMELS_SIMBA_1000U,row_universe_id=LH_593;universe_index=593;omega_m=0.2874,0.20000,/home/ml/thesis-camels/data/raw/CAMELS_SIMBA_1000U/LH_593_hlist_0.20000.list,true,4084,4084,0.25000,/home/ml/thesis-camels/data/raw/CAMELS_SIMBA_1000U/LH_593_hlist_0.25000.list,true,5685,5685,0.51209,/home/ml/thesis-camels/data/raw/CAMELS_SIMBA_1000U/LH_593_hlist_0.51209.list,true,7720,7720,0.75065,/home/ml/thesis-camels/data/raw/CAMELS_SIMBA_1000U/LH_593_hlist_0.75065.list,true,7102,7102,1.00000,/home/ml/thesis-camels/data/raw/CAMELS_SIMBA_1000U/LH_593_hlist_1.00000.list,true,7109,7109,train,train,train,NONE
LH_594,594,/home/ml/thesis-camels/data/raw/CAMELS_SIMBA_1000U,row_universe_id=LH_594;universe_index=594;omega_m=0.217,0.20000,/home/ml/thesis-camels/data/raw/CAMELS_SIMBA_1000U/LH_594_hlist_0.20000.list,true,2403,2403,0.25000,/home/ml/thesis-camels/data/raw/CAMELS_SIMBA_1000U/LH_594_hlist_0.25000.list,true,3817,3817,0.51209,/home/ml/thesis-camels/data/raw/CAMELS_SIMBA_1000U/LH_594_hlist_0.51209.list,true,6250,6250,0.75065,/home/ml/thesis-camels/data/raw/CAMELS_SIMBA_1000U/LH_594_hlist_0.75065.list,true,6183,6183,1.00000,/home/ml/thesis-camels/data/raw/CAMELS_SIMBA_1000U/LH_594_hlist_1.00000.list,true,6487,6487,train,train,train,NONE
LH_595,595,/home/ml/thesis-camels/data/raw/CAMELS_SIMBA_1000U,row_universe_id=LH_595;universe_index=595;omega_m=0.3834,0.20000,/home/ml/thesis-camels/data/raw/CAMELS_SIMBA_1000U/LH_595_hlist_0.20000.list,true,6769,6769,0.25000,/home/ml/thesis-camels/data/raw/CAMELS_SIMBA_1000U/LH_595_hlist_0.25000.list,true,7931,7931,0.51209,/home/ml/thesis-camels/data/raw/CAMELS_SIMBA_1000U/LH_595_hlist_0.51209.list,true,8167,8167,0.75065,/home/ml/thesis-camels/data/raw/CAMELS_SIMBA_1000U/LH_595_hlist_0.75065.list,true,7114,7114,1.00000,/home/ml/thesis-camels/data/raw/CAMELS_SIMBA_1000U/LH_595_hlist_1.00000.list,true,6828,6828,train,train,validation,NONE
LH_596,596,/home/ml/thesis-camels/data/raw/CAMELS_SIMBA_1000U,row_universe_id=LH_596;universe_index=596;omega_m=0.3402,0.20000,/home/ml/thesis-camels/data/raw/CAMELS_SIMBA_1000U/LH_596_hlist_0.20000.list,true,5545,5545,0.25000,/home/ml/thesis-camels/data/raw/CAMELS_SIMBA_1000U/LH_596_hlist_0.25000.list,true,7022,7022,0.51209,/home/ml/thesis-camels/data/raw/CAMELS_SIMBA_1000U/LH_596_hlist_0.51209.list,true,7955,7955,0.75065,/home/ml/thesis-camels/data/raw/CAMELS_SIMBA_1000U/LH_596_hlist_0.75065.list,true,7070,7070,1.00000,/home/ml/thesis-camels/data/raw/CAMELS_SIMBA_1000U/LH_596_hlist_1.00000.list,true,6953,6953,test,train,test,NONE
LH_597,597,/home/ml/thesis-camels/data/raw/CAMELS_SIMBA_1000U,row_universe_id=LH_597;universe_index=597;omega_m=0.4386,0.20000,/home/ml/thesis-camels/data/raw/CAMELS_SIMBA_1000U/LH_597_hlist_0.20000.list,true,5682,5682,0.25000,/home/ml/thesis-camels/data/raw/CAMELS_SIMBA_1000U/LH_597_hlist_0.25000.list,true,7242,7242,0.51209,/home/ml/thesis-camels/data/raw/CAMELS_SIMBA_1000U/LH_597_hlist_0.51209.list,true,8627,8627,0.75065,/home/ml/thesis-camels/data/raw/CAMELS_SIMBA_1000U/LH_597_hlist_0.75065.list,true,7605,7605,1.00000,/home/ml/thesis-camels/data/raw/CAMELS_SIMBA_1000U/LH_597_hlist_1.00000.list,true,7284,7284,test,train,train,NONE
LH_598,598,/home/ml/thesis-camels/data/raw/CAMELS_SIMBA_1000U,row_universe_id=LH_598;universe_index=598;omega_m=0.257,0.20000,/home/ml/thesis-camels/data/raw/CAMELS_SIMBA_1000U/LH_598_hlist_0.20000.list,true,5479,5479,0.25000,/home/ml/thesis-camels/data/raw/CAMELS_SIMBA_1000U/LH_598_hlist_0.25000.list,true,6758,6758,0.51209,/home/ml/thesis-camels/data/raw/CAMELS_SIMBA_1000U/LH_598_hlist_0.51209.list,true,6858,6858,0.75065,/home/ml/thesis-camels/data/raw/CAMELS_SIMBA_1000U/LH_598_hlist_0.75065.list,true,6226,6226,1.00000,/home/ml/thesis-camels/data/raw/CAMELS_SIMBA_1000U/LH_598_hlist_1.00000.list,true,6274,6274,test,train,train,NONE
LH_599,599,/home/ml/thesis-camels/data/raw/CAMELS_SIMBA_1000U,row_universe_id=LH_599;universe_index=599;omega_m=0.1302,0.20000,/home/ml/thesis-camels/data/raw/CAMELS_SIMBA_1000U/LH_599_hlist_0.20000.list,true,1564,1564,0.25000,/home/ml/thesis-camels/data/raw/CAMELS_SIMBA_1000U/LH_599_hlist_0.25000.list,true,2686,2686,0.51209,/home/ml/thesis-camels/data/raw/CAMELS_SIMBA_1000U/LH_599_hlist_0.51209.list,true,4615,4615,0.75065,/home/ml/thesis-camels/data/raw/CAMELS_SIMBA_1000U/LH_599_hlist_0.75065.list,true,4812,4812,1.00000,/home/ml/thesis-camels/data/raw/CAMELS_SIMBA_1000U/LH_599_hlist_1.00000.list,true,5374,5374,train,train,train,NONE
LH_600,600,/home/ml/thesis-camels/data/raw/CAMELS_SIMBA_1000U,row_universe_id=LH_600;universe_index=600;omega_m=0.4922,0.20000,/home/ml/thesis-camels/data/raw/CAMELS_SIMBA_1000U/LH_600_hlist_0.20000.list,true,4607,4607,0.25000,/home/ml/thesis-camels/data/raw/CAMELS_SIMBA_1000U/LH_600_hlist_0.25000.list,true,6206,6206,0.51209,/home/ml/thesis-camels/data/raw/CAMELS_SIMBA_1000U/LH_600_hlist_0.51209.list,true,8521,8521,0.75065,/home/ml/thesis-camels/data/raw/CAMELS_SIMBA_1000U/LH_600_hlist_0.75065.list,true,7917,7917,1.00000,/home/ml/thesis-camels/data/raw/CAMELS_SIMBA_1000U/LH_600_hlist_1.00000.list,true,7507,7507,train,test,test,NONE
LH_601,601,/home/ml/thesis-camels/data/raw/CAMELS_SIMBA_1000U,row_universe_id=LH_601;universe_index=601;omega_m=0.1494,0.20000,/home/ml/thesis-camels/data/raw/CAMELS_SIMBA_1000U/LH_601_hlist_0.20000.list,true,2891,2891,0.25000,/home/ml/thesis-camels/data/raw/CAMELS_SIMBA_1000U/LH_601_hlist_0.25000.list,true,4280,4280,0.51209,/home/ml/thesis-camels/data/raw/CAMELS_SIMBA_1000U/LH_601_hlist_0.51209.list,true,5220,5220,0.75065,/home/ml/thesis-camels/data/raw/CAMELS_SIMBA_1000U/LH_601_hlist_0.75065.list,true,5066,5066,1.00000,/home/ml/thesis-camels/data/raw/CAMELS_SIMBA_1000U/LH_601_hlist_1.00000.list,true,5419,5419,train,train,test,NONE
LH_602,602,/home/ml/thesis-camels/data/raw/CAMELS_SIMBA_1000U,row_universe_id=LH_602;universe_index=602;omega_m=0.135,0.20000,/home/ml/thesis-camels/data/raw/CAMELS_SIMBA_1000U/LH_602_hlist_0.20000.list,true,3348,3348,0.25000,/home/ml/thesis-camels/data/raw/CAMELS_SIMBA_1000U/LH_602_hlist_0.25000.list,true,4589,4589,0.51209,/home/ml/thesis-camels/data/raw/CAMELS_SIMBA_1000U/LH_602_hlist_0.51209.list,true,5636,5636,0.75065,/home/ml/thesis-camels/data/raw/CAMELS_SIMBA_1000U/LH_602_hlist_0.75065.list,true,5533,5533,1.00000,/home/ml/thesis-camels/data/raw/CAMELS_SIMBA_1000U/LH_602_hlist_1.00000.list,true,5884,5884,train,train,test,NONE
LH_603,603,/home/ml/thesis-camels/data/raw/CAMELS_SIMBA_1000U,row_universe_id=LH_603;universe_index=603;omega_m=0.1382,0.20000,/home/ml/thesis-camels/data/raw/CAMELS_SIMBA_1000U/LH_603_hlist_0.20000.list,true,3033,3033,0.25000,/home/ml/thesis-camels/data/raw/CAMELS_SIMBA_1000U/LH_603_hlist_0.25000.list,true,4456,4456,0.51209,/home/ml/thesis-camels/data/raw/CAMELS_SIMBA_1000U/LH_603_hlist_0.51209.list,true,5155,5155,0.75065,/home/ml/thesis-camels/data/raw/CAMELS_SIMBA_1000U/LH_603_hlist_0.75065.list,true,5205,5205,1.00000,/home/ml/thesis-camels/data/raw/CAMELS_SIMBA_1000U/LH_603_hlist_1.00000.list,true,5628,5628,test,train,test,NONE
LH_604,604,/home/ml/thesis-camels/data/raw/CAMELS_SIMBA_1000U,row_universe_id=LH_604;universe_index=604;omega_m=0.1478,0.20000,/home/ml/thesis-camels/data/raw/CAMELS_SIMBA_1000U/LH_604_hlist_0.20000.list,true,1069,1069,0.25000,/home/ml/thesis-camels/data/raw/CAMELS_SIMBA_1000U/LH_604_hlist_0.25000.list,true,2432,2432,0.51209,/home/ml/thesis-camels/data/raw/CAMELS_SIMBA_1000U/LH_604_hlist_0.51209.list,true,5167,5167,0.75065,/home/ml/thesis-camels/data/raw/CAMELS_SIMBA_1000U/LH_604_hlist_0.75065.list,true,5373,5373,1.00000,/home/ml/thesis-camels/data/raw/CAMELS_SIMBA_1000U/LH_604_hlist_1.00000.list,true,5832,5832,test,train,train,NONE
LH_605,605,/home/ml/thesis-camels/data/raw/CAMELS_SIMBA_1000U,row_universe_id=LH_605;universe_index=605;omega_m=0.1082,0.20000,/home/ml/thesis-camels/data/raw/CAMELS_SIMBA_1000U/LH_605_hlist_0.20000.list,true,541,541,0.25000,/home/ml/thesis-camels/data/raw/CAMELS_SIMBA_1000U/LH_605_hlist_0.25000.list,true,1314,1314,0.51209,/home/ml/thesis-camels/data/raw/CAMELS_SIMBA_1000U/LH_605_hlist_0.51209.list,true,3905,3905,0.75065,/home/ml/thesis-camels/data/raw/CAMELS_SIMBA_1000U/LH_605_hlist_0.75065.list,true,4591,4591,1.00000,/home/ml/thesis-camels/data/raw/CAMELS_SIMBA_1000U/LH_605_hlist_1.00000.list,true,5192,5192,test,train,train,NONE
LH_606,606,/home/ml/thesis-camels/data/raw/CAMELS_SIMBA_1000U,row_universe_id=LH_606;universe_index=606;omega_m=0.1394,0.20000,/home/ml/thesis-camels/data/raw/CAMELS_SIMBA_1000U/LH_606_hlist_0.20000.list,true,2848,2848,0.25000,/home/ml/thesis-camels/data/raw/CAMELS_SIMBA_1000U/LH_606_hlist_0.25000.list,true,4033,4033,0.51209,/home/ml/thesis-camels/data/raw/CAMELS_SIMBA_1000U/LH_606_hlist_0.51209.list,true,5273,5273,0.75065,/home/ml/thesis-camels/data/raw/CAMELS_SIMBA_1000U/LH_606_hlist_0.75065.list,true,5360,5360,1.00000,/home/ml/thesis-camels/data/raw/CAMELS_SIMBA_1000U/LH_606_hlist_1.00000.list,true,5875,5875,train,validation,train,NONE
LH_607,607,/home/ml/thesis-camels/data/raw/CAMELS_SIMBA_1000U,row_universe_id=LH_607;universe_index=607;omega_m=0.427,0.20000,/home/ml/thesis-camels/data/raw/CAMELS_SIMBA_1000U/LH_607_hlist_0.20000.list,true,8266,8266,0.25000,/home/ml/thesis-camels/data/raw/CAMELS_SIMBA_1000U/LH_607_hlist_0.25000.list,true,8952,8952,0.51209,/home/ml/thesis-camels/data/raw/CAMELS_SIMBA_1000U/LH_607_hlist_0.51209.list,true,7520,7520,0.75065,/home/ml/thesis-camels/data/raw/CAMELS_SIMBA_1000U/LH_607_hlist_0.75065.list,true,6061,6061,1.00000,/home/ml/thesis-camels/data/raw/CAMELS_SIMBA_1000U/LH_607_hlist_1.00000.list,true,5818,5818,train,train,train,NONE
LH_608,608,/home/ml/thesis-camels/data/raw/CAMELS_SIMBA_1000U,row_universe_id=LH_608;universe_index=608;omega_m=0.3406,0.20000,/home/ml/thesis-camels/data/raw/CAMELS_SIMBA_1000U/LH_608_hlist_0.20000.list,true,3665,3665,0.25000,/home/ml/thesis-camels/data/raw/CAMELS_SIMBA_1000U/LH_608_hlist_0.25000.list,true,5412,5412,0.51209,/home/ml/thesis-camels/data/raw/CAMELS_SIMBA_1000U/LH_608_hlist_0.51209.list,true,7944,7944,0.75065,/home/ml/thesis-camels/data/raw/CAMELS_SIMBA_1000U/LH_608_hlist_0.75065.list,true,7448,7448,1.00000,/home/ml/thesis-camels/data/raw/CAMELS_SIMBA_1000U/LH_608_hlist_1.00000.list,true,7374,7374,train,train,train,NONE
LH_609,609,/home/ml/thesis-camels/data/raw/CAMELS_SIMBA_1000U,row_universe_id=LH_609;universe_index=609;omega_m=0.2046,0.20000,/home/ml/thesis-camels/data/raw/CAMELS_SIMBA_1000U/LH_609_hlist_0.20000.list,true,4331,4331,0.25000,/home/ml/thesis-camels/data/raw/CAMELS_SIMBA_1000U/LH_609_hlist_0.25000.list,true,5610,5610,0.51209,/home/ml/thesis-camels/data/raw/CAMELS_SIMBA_1000U/LH_609_hlist_0.51209.list,true,6623,6623,0.75065,/home/ml/thesis-camels/data/raw/CAMELS_SIMBA_1000U/LH_609_hlist_0.75065.list,true,6221,6221,1.00000,/home/ml/thesis-camels/data/raw/CAMELS_SIMBA_1000U/LH_609_hlist_1.00000.list,true,6515,6515,train,train,test,NONE
LH_610,610,/home/ml/thesis-camels/data/raw/CAMELS_SIMBA_1000U,row_universe_id=LH_610;universe_index=610;omega_m=0.3426,0.20000,/home/ml/thesis-camels/data/raw/CAMELS_SIMBA_1000U/LH_610_hlist_0.20000.list,true,6100,6100,0.25000,/home/ml/thesis-camels/data/raw/CAMELS_SIMBA_1000U/LH_610_hlist_0.25000.list,true,7358,7358,0.51209,/home/ml/thesis-camels/data/raw/CAMELS_SIMBA_1000U/LH_610_hlist_0.51209.list,true,7678,7678,0.75065,/home/ml/thesis-camels/data/raw/CAMELS_SIMBA_1000U/LH_610_hlist_0.75065.list,true,6838,6838,1.00000,/home/ml/thesis-camels/data/raw/CAMELS_SIMBA_1000U/LH_610_hlist_1.00000.list,true,6765,6765,test,test,train,NONE
LH_611,611,/home/ml/thesis-camels/data/raw/CAMELS_SIMBA_1000U,row_universe_id=LH_611;universe_index=611;omega_m=0.2658,0.20000,/home/ml/thesis-camels/data/raw/CAMELS_SIMBA_1000U/LH_611_hlist_0.20000.list,true,5088,5088,0.25000,/home/ml/thesis-camels/data/raw/CAMELS_SIMBA_1000U/LH_611_hlist_0.25000.list,true,6473,6473,0.51209,/home/ml/thesis-camels/data/raw/CAMELS_SIMBA_1000U/LH_611_hlist_0.51209.list,true,6868,6868,0.75065,/home/ml/thesis-camels/data/raw/CAMELS_SIMBA_1000U/LH_611_hlist_0.75065.list,true,6037,6037,1.00000,/home/ml/thesis-camels/data/raw/CAMELS_SIMBA_1000U/LH_611_hlist_1.00000.list,true,6036,6036,train,test,train,NONE
LH_612,612,/home/ml/thesis-camels/data/raw/CAMELS_SIMBA_1000U,row_universe_id=LH_612;universe_index=612;omega_m=0.4662,0.20000,/home/ml/thesis-camels/data/raw/CAMELS_SIMBA_1000U/LH_612_hlist_0.20000.list,true,7207,7207,0.25000,/home/ml/thesis-camels/data/raw/CAMELS_SIMBA_1000U/LH_612_hlist_0.25000.list,true,8273,8273,0.51209,/home/ml/thesis-camels/data/raw/CAMELS_SIMBA_1000U/LH_612_hlist_0.51209.list,true,8037,8037,0.75065,/home/ml/thesis-camels/data/raw/CAMELS_SIMBA_1000U/LH_612_hlist_0.75065.list,true,6835,6835,1.00000,/home/ml/thesis-camels/data/raw/CAMELS_SIMBA_1000U/LH_612_hlist_1.00000.list,true,6507,6507,train,train,validation,NONE
LH_613,613,/home/ml/thesis-camels/data/raw/CAMELS_SIMBA_1000U,row_universe_id=LH_613;universe_index=613;omega_m=0.2686,0.20000,/home/ml/thesis-camels/data/raw/CAMELS_SIMBA_1000U/LH_613_hlist_0.20000.list,true,6446,6446,0.25000,/home/ml/thesis-camels/data/raw/CAMELS_SIMBA_1000U/LH_613_hlist_0.25000.list,true,7098,7098,0.51209,/home/ml/thesis-camels/data/raw/CAMELS_SIMBA_1000U/LH_613_hlist_0.51209.list,true,6496,6496,0.75065,/home/ml/thesis-camels/data/raw/CAMELS_SIMBA_1000U/LH_613_hlist_0.75065.list,true,5744,5744,1.00000,/home/ml/thesis-camels/data/raw/CAMELS_SIMBA_1000U/LH_613_hlist_1.00000.list,true,5789,5789,train,train,train,NONE
LH_614,614,/home/ml/thesis-camels/data/raw/CAMELS_SIMBA_1000U,row_universe_id=LH_614;universe_index=614;omega_m=0.4398,0.20000,/home/ml/thesis-camels/data/raw/CAMELS_SIMBA_1000U/LH_614_hlist_0.20000.list,true,4276,4276,0.25000,/home/ml/thesis-camels/data/raw/CAMELS_SIMBA_1000U/LH_614_hlist_0.25000.list,true,6020,6020,0.51209,/home/ml/thesis-camels/data/raw/CAMELS_SIMBA_1000U/LH_614_hlist_0.51209.list,true,8580,8580,0.75065,/home/ml/thesis-camels/data/raw/CAMELS_SIMBA_1000U/LH_614_hlist_0.75065.list,true,7833,7833,1.00000,/home/ml/thesis-camels/data/raw/CAMELS_SIMBA_1000U/LH_614_hlist_1.00000.list,true,7574,7574,train,train,test,NONE
LH_615,615,/home/ml/thesis-camels/data/raw/CAMELS_SIMBA_1000U,row_universe_id=LH_615;universe_index=615;omega_m=0.1118,0.20000,/home/ml/thesis-camels/data/raw/CAMELS_SIMBA_1000U/LH_615_hlist_0.20000.list,true,2341,2341,0.25000,/home/ml/thesis-camels/data/raw/CAMELS_SIMBA_1000U/LH_615_hlist_0.25000.list,true,3302,3302,0.51209,/home/ml/thesis-camels/data/raw/CAMELS_SIMBA_1000U/LH_615_hlist_0.51209.list,true,4244,4244,0.75065,/home/ml/thesis-camels/data/raw/CAMELS_SIMBA_1000U/LH_615_hlist_0.75065.list,true,4540,4540,1.00000,/home/ml/thesis-camels/data/raw/CAMELS_SIMBA_1000U/LH_615_hlist_1.00000.list,true,4981,4981,train,train,train,NONE
LH_616,616,/home/ml/thesis-camels/data/raw/CAMELS_SIMBA_1000U,row_universe_id=LH_616;universe_index=616;omega_m=0.1322,0.20000,/home/ml/thesis-camels/data/raw/CAMELS_SIMBA_1000U/LH_616_hlist_0.20000.list,true,415,415,0.25000,/home/ml/thesis-camels/data/raw/CAMELS_SIMBA_1000U/LH_616_hlist_0.25000.list,true,1712,1712,0.51209,/home/ml/thesis-camels/data/raw/CAMELS_SIMBA_1000U/LH_616_hlist_0.51209.list,true,4656,4656,0.75065,/home/ml/thesis-camels/data/raw/CAMELS_SIMBA_1000U/LH_616_hlist_0.75065.list,true,5197,5197,1.00000,/home/ml/thesis-camels/data/raw/CAMELS_SIMBA_1000U/LH_616_hlist_1.00000.list,true,5919,5919,test,train,train,NONE
LH_617,617,/home/ml/thesis-camels/data/raw/CAMELS_SIMBA_1000U,row_universe_id=LH_617;universe_index=617;omega_m=0.4538,0.20000,/home/ml/thesis-camels/data/raw/CAMELS_SIMBA_1000U/LH_617_hlist_0.20000.list,true,7520,7520,0.25000,/home/ml/thesis-camels/data/raw/CAMELS_SIMBA_1000U/LH_617_hlist_0.25000.list,true,8018,8018,0.51209,/home/ml/thesis-camels/data/raw/CAMELS_SIMBA_1000U/LH_617_hlist_0.51209.list,true,7326,7326,0.75065,/home/ml/thesis-camels/data/raw/CAMELS_SIMBA_1000U/LH_617_hlist_0.75065.list,true,6125,6125,1.00000,/home/ml/thesis-camels/data/raw/CAMELS_SIMBA_1000U/LH_617_hlist_1.00000.list,true,5515,5515,train,train,validation,NONE
LH_618,618,/home/ml/thesis-camels/data/raw/CAMELS_SIMBA_1000U,row_universe_id=LH_618;universe_index=618;omega_m=0.1962,0.20000,/home/ml/thesis-camels/data/raw/CAMELS_SIMBA_1000U/LH_618_hlist_0.20000.list,true,3694,3694,0.25000,/home/ml/thesis-camels/data/raw/CAMELS_SIMBA_1000U/LH_618_hlist_0.25000.list,true,5118,5118,0.51209,/home/ml/thesis-camels/data/raw/CAMELS_SIMBA_1000U/LH_618_hlist_0.51209.list,true,6833,6833,0.75065,/home/ml/thesis-camels/data/raw/CAMELS_SIMBA_1000U/LH_618_hlist_0.75065.list,true,6743,6743,1.00000,/home/ml/thesis-camels/data/raw/CAMELS_SIMBA_1000U/LH_618_hlist_1.00000.list,true,7002,7002,test,train,test,NONE
LH_619,619,/home/ml/thesis-camels/data/raw/CAMELS_SIMBA_1000U,row_universe_id=LH_619;universe_index=619;omega_m=0.285,0.20000,/home/ml/thesis-camels/data/raw/CAMELS_SIMBA_1000U/LH_619_hlist_0.20000.list,true,5026,5026,0.25000,/home/ml/thesis-camels/data/raw/CAMELS_SIMBA_1000U/LH_619_hlist_0.25000.list,true,6312,6312,0.51209,/home/ml/thesis-camels/data/raw/CAMELS_SIMBA_1000U/LH_619_hlist_0.51209.list,true,7237,7237,0.75065,/home/ml/thesis-camels/data/raw/CAMELS_SIMBA_1000U/LH_619_hlist_0.75065.list,true,6669,6669,1.00000,/home/ml/thesis-camels/data/raw/CAMELS_SIMBA_1000U/LH_619_hlist_1.00000.list,true,6704,6704,test,train,train,NONE
LH_620,620,/home/ml/thesis-camels/data/raw/CAMELS_SIMBA_1000U,row_universe_id=LH_620;universe_index=620;omega_m=0.3398,0.20000,/home/ml/thesis-camels/data/raw/CAMELS_SIMBA_1000U/LH_620_hlist_0.20000.list,true,6690,6690,0.25000,/home/ml/thesis-camels/data/raw/CAMELS_SIMBA_1000U/LH_620_hlist_0.25000.list,true,7539,7539,0.51209,/home/ml/thesis-camels/data/raw/CAMELS_SIMBA_1000U/LH_620_hlist_0.51209.list,true,7232,7232,0.75065,/home/ml/thesis-camels/data/raw/CAMELS_SIMBA_1000U/LH_620_hlist_0.75065.list,true,6380,6380,1.00000,/home/ml/thesis-camels/data/raw/CAMELS_SIMBA_1000U/LH_620_hlist_1.00000.list,true,6264,6264,train,train,test,NONE
LH_621,621,/home/ml/thesis-camels/data/raw/CAMELS_SIMBA_1000U,row_universe_id=LH_621;universe_index=621;omega_m=0.2606,0.20000,/home/ml/thesis-camels/data/raw/CAMELS_SIMBA_1000U/LH_621_hlist_0.20000.list,true,3522,3522,0.25000,/home/ml/thesis-camels/data/raw/CAMELS_SIMBA_1000U/LH_621_hlist_0.25000.list,true,5164,5164,0.51209,/home/ml/thesis-camels/data/raw/CAMELS_SIMBA_1000U/LH_621_hlist_0.51209.list,true,7670,7670,0.75065,/home/ml/thesis-camels/data/raw/CAMELS_SIMBA_1000U/LH_621_hlist_0.75065.list,true,7423,7423,1.00000,/home/ml/thesis-camels/data/raw/CAMELS_SIMBA_1000U/LH_621_hlist_1.00000.list,true,7700,7700,train,train,train,NONE
LH_622,622,/home/ml/thesis-camels/data/raw/CAMELS_SIMBA_1000U,row_universe_id=LH_622;universe_index=622;omega_m=0.121,0.20000,/home/ml/thesis-camels/data/raw/CAMELS_SIMBA_1000U/LH_622_hlist_0.20000.list,true,988,988,0.25000,/home/ml/thesis-camels/data/raw/CAMELS_SIMBA_1000U/LH_622_hlist_0.25000.list,true,1989,1989,0.51209,/home/ml/thesis-camels/data/raw/CAMELS_SIMBA_1000U/LH_622_hlist_0.51209.list,true,4351,4351,0.75065,/home/ml/thesis-camels/data/raw/CAMELS_SIMBA_1000U/LH_622_hlist_0.75065.list,true,4931,4931,1.00000,/home/ml/thesis-camels/data/raw/CAMELS_SIMBA_1000U/LH_622_hlist_1.00000.list,true,5521,5521,test,train,train,NONE
LH_623,623,/home/ml/thesis-camels/data/raw/CAMELS_SIMBA_1000U,row_universe_id=LH_623;universe_index=623;omega_m=0.1786,0.20000,/home/ml/thesis-camels/data/raw/CAMELS_SIMBA_1000U/LH_623_hlist_0.20000.list,true,3791,3791,0.25000,/home/ml/thesis-camels/data/raw/CAMELS_SIMBA_1000U/LH_623_hlist_0.25000.list,true,5282,5282,0.51209,/home/ml/thesis-camels/data/raw/CAMELS_SIMBA_1000U/LH_623_hlist_0.51209.list,true,6268,6268,0.75065,/home/ml/thesis-camels/data/raw/CAMELS_SIMBA_1000U/LH_623_hlist_0.75065.list,true,6083,6083,1.00000,/home/ml/thesis-camels/data/raw/CAMELS_SIMBA_1000U/LH_623_hlist_1.00000.list,true,6326,6326,test,test,train,NONE
LH_624,624,/home/ml/thesis-camels/data/raw/CAMELS_SIMBA_1000U,row_universe_id=LH_624;universe_index=624;omega_m=0.3794,0.20000,/home/ml/thesis-camels/data/raw/CAMELS_SIMBA_1000U/LH_624_hlist_0.20000.list,true,7251,7251,0.25000,/home/ml/thesis-camels/data/raw/CAMELS_SIMBA_1000U/LH_624_hlist_0.25000.list,true,8103,8103,0.51209,/home/ml/thesis-camels/data/raw/CAMELS_SIMBA_1000U/LH_624_hlist_0.51209.list,true,7630,7630,0.75065,/home/ml/thesis-camels/data/raw/CAMELS_SIMBA_1000U/LH_624_hlist_0.75065.list,true,6650,6650,1.00000,/home/ml/thesis-camels/data/raw/CAMELS_SIMBA_1000U/LH_624_hlist_1.00000.list,true,6457,6457,train,train,train,NONE
LH_625,625,/home/ml/thesis-camels/data/raw/CAMELS_SIMBA_1000U,row_universe_id=LH_625;universe_index=625;omega_m=0.1238,0.20000,/home/ml/thesis-camels/data/raw/CAMELS_SIMBA_1000U/LH_625_hlist_0.20000.list,true,729,729,0.25000,/home/ml/thesis-camels/data/raw/CAMELS_SIMBA_1000U/LH_625_hlist_0.25000.list,true,1547,1547,0.51209,/home/ml/thesis-camels/data/raw/CAMELS_SIMBA_1000U/LH_625_hlist_0.51209.list,true,4347,4347,0.75065,/home/ml/thesis-camels/data/raw/CAMELS_SIMBA_1000U/LH_625_hlist_0.75065.list,true,4986,4986,1.00000,/home/ml/thesis-camels/data/raw/CAMELS_SIMBA_1000U/LH_625_hlist_1.00000.list,true,5656,5656,validation,train,train,NONE
LH_626,626,/home/ml/thesis-camels/data/raw/CAMELS_SIMBA_1000U,row_universe_id=LH_626;universe_index=626;omega_m=0.3462,0.20000,/home/ml/thesis-camels/data/raw/CAMELS_SIMBA_1000U/LH_626_hlist_0.20000.list,true,7021,7021,0.25000,/home/ml/thesis-camels/data/raw/CAMELS_SIMBA_1000U/LH_626_hlist_0.25000.list,true,7898,7898,0.51209,/home/ml/thesis-camels/data/raw/CAMELS_SIMBA_1000U/LH_626_hlist_0.51209.list,true,7238,7238,0.75065,/home/ml/thesis-camels/data/raw/CAMELS_SIMBA_1000U/LH_626_hlist_0.75065.list,true,6280,6280,1.00000,/home/ml/thesis-camels/data/raw/CAMELS_SIMBA_1000U/LH_626_hlist_1.00000.list,true,6174,6174,train,train,test,NONE
LH_627,627,/home/ml/thesis-camels/data/raw/CAMELS_SIMBA_1000U,row_universe_id=LH_627;universe_index=627;omega_m=0.4606,0.20000,/home/ml/thesis-camels/data/raw/CAMELS_SIMBA_1000U/LH_627_hlist_0.20000.list,true,7577,7577,0.25000,/home/ml/thesis-camels/data/raw/CAMELS_SIMBA_1000U/LH_627_hlist_0.25000.list,true,8674,8674,0.51209,/home/ml/thesis-camels/data/raw/CAMELS_SIMBA_1000U/LH_627_hlist_0.51209.list,true,8308,8308,0.75065,/home/ml/thesis-camels/data/raw/CAMELS_SIMBA_1000U/LH_627_hlist_0.75065.list,true,7136,7136,1.00000,/home/ml/thesis-camels/data/raw/CAMELS_SIMBA_1000U/LH_627_hlist_1.00000.list,true,6828,6828,train,train,test,NONE
LH_628,628,/home/ml/thesis-camels/data/raw/CAMELS_SIMBA_1000U,row_universe_id=LH_628;universe_index=628;omega_m=0.2782,0.20000,/home/ml/thesis-camels/data/raw/CAMELS_SIMBA_1000U/LH_628_hlist_0.20000.list,true,6112,6112,0.25000,/home/ml/thesis-camels/data/raw/CAMELS_SIMBA_1000U/LH_628_hlist_0.25000.list,true,7194,7194,0.51209,/home/ml/thesis-camels/data/raw/CAMELS_SIMBA_1000U/LH_628_hlist_0.51209.list,true,7083,7083,0.75065,/home/ml/thesis-camels/data/raw/CAMELS_SIMBA_1000U/LH_628_hlist_0.75065.list,true,6397,6397,1.00000,/home/ml/thesis-camels/data/raw/CAMELS_SIMBA_1000U/LH_628_hlist_1.00000.list,true,6323,6323,train,validation,train,NONE
LH_629,629,/home/ml/thesis-camels/data/raw/CAMELS_SIMBA_1000U,row_universe_id=LH_629;universe_index=629;omega_m=0.1486,0.20000,/home/ml/thesis-camels/data/raw/CAMELS_SIMBA_1000U/LH_629_hlist_0.20000.list,true,784,784,0.25000,/home/ml/thesis-camels/data/raw/CAMELS_SIMBA_1000U/LH_629_hlist_0.25000.list,true,1946,1946,0.51209,/home/ml/thesis-camels/data/raw/CAMELS_SIMBA_1000U/LH_629_hlist_0.51209.list,true,5170,5170,0.75065,/home/ml/thesis-camels/data/raw/CAMELS_SIMBA_1000U/LH_629_hlist_0.75065.list,true,5894,5894,1.00000,/home/ml/thesis-camels/data/raw/CAMELS_SIMBA_1000U/LH_629_hlist_1.00000.list,true,6517,6517,train,train,test,NONE
LH_630,630,/home/ml/thesis-camels/data/raw/CAMELS_SIMBA_1000U,row_universe_id=LH_630;universe_index=630;omega_m=0.3718,0.20000,/home/ml/thesis-camels/data/raw/CAMELS_SIMBA_1000U/LH_630_hlist_0.20000.list,true,8016,8016,0.25000,/home/ml/thesis-camels/data/raw/CAMELS_SIMBA_1000U/LH_630_hlist_0.25000.list,true,8573,8573,0.51209,/home/ml/thesis-camels/data/raw/CAMELS_SIMBA_1000U/LH_630_hlist_0.51209.list,true,7573,7573,0.75065,/home/ml/thesis-camels/data/raw/CAMELS_SIMBA_1000U/LH_630_hlist_0.75065.list,true,6731,6731,1.00000,/home/ml/thesis-camels/data/raw/CAMELS_SIMBA_1000U/LH_630_hlist_1.00000.list,true,6426,6426,train,test,train,NONE
LH_631,631,/home/ml/thesis-camels/data/raw/CAMELS_SIMBA_1000U,row_universe_id=LH_631;universe_index=631;omega_m=0.2022,0.20000,/home/ml/thesis-camels/data/raw/CAMELS_SIMBA_1000U/LH_631_hlist_0.20000.list,true,1719,1719,0.25000,/home/ml/thesis-camels/data/raw/CAMELS_SIMBA_1000U/LH_631_hlist_0.25000.list,true,3156,3156,0.51209,/home/ml/thesis-camels/data/raw/CAMELS_SIMBA_1000U/LH_631_hlist_0.51209.list,true,6460,6460,0.75065,/home/ml/thesis-camels/data/raw/CAMELS_SIMBA_1000U/LH_631_hlist_0.75065.list,true,6537,6537,1.00000,/home/ml/thesis-camels/data/raw/CAMELS_SIMBA_1000U/LH_631_hlist_1.00000.list,true,6918,6918,test,train,train,NONE
LH_632,632,/home/ml/thesis-camels/data/raw/CAMELS_SIMBA_1000U,row_universe_id=LH_632;universe_index=632;omega_m=0.2702,0.20000,/home/ml/thesis-camels/data/raw/CAMELS_SIMBA_1000U/LH_632_hlist_0.20000.list,true,3413,3413,0.25000,/home/ml/thesis-camels/data/raw/CAMELS_SIMBA_1000U/LH_632_hlist_0.25000.list,true,4944,4944,0.51209,/home/ml/thesis-camels/data/raw/CAMELS_SIMBA_1000U/LH_632_hlist_0.51209.list,true,7339,7339,0.75065,/home/ml/thesis-camels/data/raw/CAMELS_SIMBA_1000U/LH_632_hlist_0.75065.list,true,7268,7268,1.00000,/home/ml/thesis-camels/data/raw/CAMELS_SIMBA_1000U/LH_632_hlist_1.00000.list,true,7522,7522,train,train,train,NONE
LH_633,633,/home/ml/thesis-camels/data/raw/CAMELS_SIMBA_1000U,row_universe_id=LH_633;universe_index=633;omega_m=0.3962,0.20000,/home/ml/thesis-camels/data/raw/CAMELS_SIMBA_1000U/LH_633_hlist_0.20000.list,true,5593,5593,0.25000,/home/ml/thesis-camels/data/raw/CAMELS_SIMBA_1000U/LH_633_hlist_0.25000.list,true,6853,6853,0.51209,/home/ml/thesis-camels/data/raw/CAMELS_SIMBA_1000U/LH_633_hlist_0.51209.list,true,8436,8436,0.75065,/home/ml/thesis-camels/data/raw/CAMELS_SIMBA_1000U/LH_633_hlist_0.75065.list,true,7632,7632,1.00000,/home/ml/thesis-camels/data/raw/CAMELS_SIMBA_1000U/LH_633_hlist_1.00000.list,true,7135,7135,test,test,train,NONE
LH_634,634,/home/ml/thesis-camels/data/raw/CAMELS_SIMBA_1000U,row_universe_id=LH_634;universe_index=634;omega_m=0.2622,0.20000,/home/ml/thesis-camels/data/raw/CAMELS_SIMBA_1000U/LH_634_hlist_0.20000.list,true,4144,4144,0.25000,/home/ml/thesis-camels/data/raw/CAMELS_SIMBA_1000U/LH_634_hlist_0.25000.list,true,5465,5465,0.51209,/home/ml/thesis-camels/data/raw/CAMELS_SIMBA_1000U/LH_634_hlist_0.51209.list,true,7176,7176,0.75065,/home/ml/thesis-camels/data/raw/CAMELS_SIMBA_1000U/LH_634_hlist_0.75065.list,true,6744,6744,1.00000,/home/ml/thesis-camels/data/raw/CAMELS_SIMBA_1000U/LH_634_hlist_1.00000.list,true,6784,6784,validation,train,train,NONE
LH_635,635,/home/ml/thesis-camels/data/raw/CAMELS_SIMBA_1000U,row_universe_id=LH_635;universe_index=635;omega_m=0.1066,0.20000,/home/ml/thesis-camels/data/raw/CAMELS_SIMBA_1000U/LH_635_hlist_0.20000.list,true,2119,2119,0.25000,/home/ml/thesis-camels/data/raw/CAMELS_SIMBA_1000U/LH_635_hlist_0.25000.list,true,3219,3219,0.51209,/home/ml/thesis-camels/data/raw/CAMELS_SIMBA_1000U/LH_635_hlist_0.51209.list,true,4163,4163,0.75065,/home/ml/thesis-camels/data/raw/CAMELS_SIMBA_1000U/LH_635_hlist_0.75065.list,true,4332,4332,1.00000,/home/ml/thesis-camels/data/raw/CAMELS_SIMBA_1000U/LH_635_hlist_1.00000.list,true,4718,4718,test,train,train,NONE
LH_636,636,/home/ml/thesis-camels/data/raw/CAMELS_SIMBA_1000U,row_universe_id=LH_636;universe_index=636;omega_m=0.2378,0.20000,/home/ml/thesis-camels/data/raw/CAMELS_SIMBA_1000U/LH_636_hlist_0.20000.list,true,5919,5919,0.25000,/home/ml/thesis-camels/data/raw/CAMELS_SIMBA_1000U/LH_636_hlist_0.25000.list,true,6837,6837,0.51209,/home/ml/thesis-camels/data/raw/CAMELS_SIMBA_1000U/LH_636_hlist_0.51209.list,true,6471,6471,0.75065,/home/ml/thesis-camels/data/raw/CAMELS_SIMBA_1000U/LH_636_hlist_0.75065.list,true,5880,5880,1.00000,/home/ml/thesis-camels/data/raw/CAMELS_SIMBA_1000U/LH_636_hlist_1.00000.list,true,6006,6006,train,train,train,NONE
LH_637,637,/home/ml/thesis-camels/data/raw/CAMELS_SIMBA_1000U,row_universe_id=LH_637;universe_index=637;omega_m=0.3958,0.20000,/home/ml/thesis-camels/data/raw/CAMELS_SIMBA_1000U/LH_637_hlist_0.20000.list,true,7645,7645,0.25000,/home/ml/thesis-camels/data/raw/CAMELS_SIMBA_1000U/LH_637_hlist_0.25000.list,true,8301,8301,0.51209,/home/ml/thesis-camels/data/raw/CAMELS_SIMBA_1000U/LH_637_hlist_0.51209.list,true,7240,7240,0.75065,/home/ml/thesis-camels/data/raw/CAMELS_SIMBA_1000U/LH_637_hlist_0.75065.list,true,6077,6077,1.00000,/home/ml/thesis-camels/data/raw/CAMELS_SIMBA_1000U/LH_637_hlist_1.00000.list,true,5728,5728,validation,train,train,NONE
LH_638,638,/home/ml/thesis-camels/data/raw/CAMELS_SIMBA_1000U,row_universe_id=LH_638;universe_index=638;omega_m=0.4066,0.20000,/home/ml/thesis-camels/data/raw/CAMELS_SIMBA_1000U/LH_638_hlist_0.20000.list,true,3542,3542,0.25000,/home/ml/thesis-camels/data/raw/CAMELS_SIMBA_1000U/LH_638_hlist_0.25000.list,true,5280,5280,0.51209,/home/ml/thesis-camels/data/raw/CAMELS_SIMBA_1000U/LH_638_hlist_0.51209.list,true,8695,8695,0.75065,/home/ml/thesis-camels/data/raw/CAMELS_SIMBA_1000U/LH_638_hlist_0.75065.list,true,8455,8455,1.00000,/home/ml/thesis-camels/data/raw/CAMELS_SIMBA_1000U/LH_638_hlist_1.00000.list,true,8388,8388,train,train,test,NONE
LH_639,639,/home/ml/thesis-camels/data/raw/CAMELS_SIMBA_1000U,row_universe_id=LH_639;universe_index=639;omega_m=0.2426,0.20000,/home/ml/thesis-camels/data/raw/CAMELS_SIMBA_1000U/LH_639_hlist_0.20000.list,true,5677,5677,0.25000,/home/ml/thesis-camels/data/raw/CAMELS_SIMBA_1000U/LH_639_hlist_0.25000.list,true,6905,6905,0.51209,/home/ml/thesis-camels/data/raw/CAMELS_SIMBA_1000U/LH_639_hlist_0.51209.list,true,6880,6880,0.75065,/home/ml/thesis-camels/data/raw/CAMELS_SIMBA_1000U/LH_639_hlist_0.75065.list,true,6208,6208,1.00000,/home/ml/thesis-camels/data/raw/CAMELS_SIMBA_1000U/LH_639_hlist_1.00000.list,true,6256,6256,validation,train,train,NONE
LH_640,640,/home/ml/thesis-camels/data/raw/CAMELS_SIMBA_1000U,row_universe_id=LH_640;universe_index=640;omega_m=0.3894,0.20000,/home/ml/thesis-camels/data/raw/CAMELS_SIMBA_1000U/LH_640_hlist_0.20000.list,true,6867,6867,0.25000,/home/ml/thesis-camels/data/raw/CAMELS_SIMBA_1000U/LH_640_hlist_0.25000.list,true,7994,7994,0.51209,/home/ml/thesis-camels/data/raw/CAMELS_SIMBA_1000U/LH_640_hlist_0.51209.list,true,7865,7865,0.75065,/home/ml/thesis-camels/data/raw/CAMELS_SIMBA_1000U/LH_640_hlist_0.75065.list,true,6731,6731,1.00000,/home/ml/thesis-camels/data/raw/CAMELS_SIMBA_1000U/LH_640_hlist_1.00000.list,true,6392,6392,test,train,train,NONE
LH_641,641,/home/ml/thesis-camels/data/raw/CAMELS_SIMBA_1000U,row_universe_id=LH_641;universe_index=641;omega_m=0.241,0.20000,/home/ml/thesis-camels/data/raw/CAMELS_SIMBA_1000U/LH_641_hlist_0.20000.list,true,1785,1785,0.25000,/home/ml/thesis-camels/data/raw/CAMELS_SIMBA_1000U/LH_641_hlist_0.25000.list,true,3386,3386,0.51209,/home/ml/thesis-camels/data/raw/CAMELS_SIMBA_1000U/LH_641_hlist_0.51209.list,true,6904,6904,0.75065,/home/ml/thesis-camels/data/raw/CAMELS_SIMBA_1000U/LH_641_hlist_0.75065.list,true,7066,7066,1.00000,/home/ml/thesis-camels/data/raw/CAMELS_SIMBA_1000U/LH_641_hlist_1.00000.list,true,7264,7264,validation,train,train,NONE
LH_642,642,/home/ml/thesis-camels/data/raw/CAMELS_SIMBA_1000U,row_universe_id=LH_642;universe_index=642;omega_m=0.4818,0.20000,/home/ml/thesis-camels/data/raw/CAMELS_SIMBA_1000U/LH_642_hlist_0.20000.list,true,6685,6685,0.25000,/home/ml/thesis-camels/data/raw/CAMELS_SIMBA_1000U/LH_642_hlist_0.25000.list,true,8084,8084,0.51209,/home/ml/thesis-camels/data/raw/CAMELS_SIMBA_1000U/LH_642_hlist_0.51209.list,true,9066,9066,0.75065,/home/ml/thesis-camels/data/raw/CAMELS_SIMBA_1000U/LH_642_hlist_0.75065.list,true,7658,7658,1.00000,/home/ml/thesis-camels/data/raw/CAMELS_SIMBA_1000U/LH_642_hlist_1.00000.list,true,7361,7361,train,validation,test,NONE
LH_643,643,/home/ml/thesis-camels/data/raw/CAMELS_SIMBA_1000U,row_universe_id=LH_643;universe_index=643;omega_m=0.363,0.20000,/home/ml/thesis-camels/data/raw/CAMELS_SIMBA_1000U/LH_643_hlist_0.20000.list,true,6944,6944,0.25000,/home/ml/thesis-camels/data/raw/CAMELS_SIMBA_1000U/LH_643_hlist_0.25000.list,true,7690,7690,0.51209,/home/ml/thesis-camels/data/raw/CAMELS_SIMBA_1000U/LH_643_hlist_0.51209.list,true,7243,7243,0.75065,/home/ml/thesis-camels/data/raw/CAMELS_SIMBA_1000U/LH_643_hlist_0.75065.list,true,6333,6333,1.00000,/home/ml/thesis-camels/data/raw/CAMELS_SIMBA_1000U/LH_643_hlist_1.00000.list,true,5975,5975,test,test,test,NONE
LH_644,644,/home/ml/thesis-camels/data/raw/CAMELS_SIMBA_1000U,row_universe_id=LH_644;universe_index=644;omega_m=0.2026,0.20000,/home/ml/thesis-camels/data/raw/CAMELS_SIMBA_1000U/LH_644_hlist_0.20000.list,true,3395,3395,0.25000,/home/ml/thesis-camels/data/raw/CAMELS_SIMBA_1000U/LH_644_hlist_0.25000.list,true,4990,4990,0.51209,/home/ml/thesis-camels/data/raw/CAMELS_SIMBA_1000U/LH_644_hlist_0.51209.list,true,6552,6552,0.75065,/home/ml/thesis-camels/data/raw/CAMELS_SIMBA_1000U/LH_644_hlist_0.75065.list,true,6310,6310,1.00000,/home/ml/thesis-camels/data/raw/CAMELS_SIMBA_1000U/LH_644_hlist_1.00000.list,true,6644,6644,train,train,train,NONE
LH_645,645,/home/ml/thesis-camels/data/raw/CAMELS_SIMBA_1000U,row_universe_id=LH_645;universe_index=645;omega_m=0.317,0.20000,/home/ml/thesis-camels/data/raw/CAMELS_SIMBA_1000U/LH_645_hlist_0.20000.list,true,5479,5479,0.25000,/home/ml/thesis-camels/data/raw/CAMELS_SIMBA_1000U/LH_645_hlist_0.25000.list,true,6813,6813,0.51209,/home/ml/thesis-camels/data/raw/CAMELS_SIMBA_1000U/LH_645_hlist_0.51209.list,true,7410,7410,0.75065,/home/ml/thesis-camels/data/raw/CAMELS_SIMBA_1000U/LH_645_hlist_0.75065.list,true,6417,6417,1.00000,/home/ml/thesis-camels/data/raw/CAMELS_SIMBA_1000U/LH_645_hlist_1.00000.list,true,6506,6506,train,test,test,NONE
LH_646,646,/home/ml/thesis-camels/data/raw/CAMELS_SIMBA_1000U,row_universe_id=LH_646;universe_index=646;omega_m=0.4426,0.20000,/home/ml/thesis-camels/data/raw/CAMELS_SIMBA_1000U/LH_646_hlist_0.20000.list,true,7672,7672,0.25000,/home/ml/thesis-camels/data/raw/CAMELS_SIMBA_1000U/LH_646_hlist_0.25000.list,true,8567,8567,0.51209,/home/ml/thesis-camels/data/raw/CAMELS_SIMBA_1000U/LH_646_hlist_0.51209.list,true,8003,8003,0.75065,/home/ml/thesis-camels/data/raw/CAMELS_SIMBA_1000U/LH_646_hlist_0.75065.list,true,6734,6734,1.00000,/home/ml/thesis-camels/data/raw/CAMELS_SIMBA_1000U/LH_646_hlist_1.00000.list,true,6324,6324,train,validation,train,NONE
LH_647,647,/home/ml/thesis-camels/data/raw/CAMELS_SIMBA_1000U,row_universe_id=LH_647;universe_index=647;omega_m=0.1526,0.20000,/home/ml/thesis-camels/data/raw/CAMELS_SIMBA_1000U/LH_647_hlist_0.20000.list,true,333,333,0.25000,/home/ml/thesis-camels/data/raw/CAMELS_SIMBA_1000U/LH_647_hlist_0.25000.list,true,1770,1770,0.51209,/home/ml/thesis-camels/data/raw/CAMELS_SIMBA_1000U/LH_647_hlist_0.51209.list,true,5133,5133,0.75065,/home/ml/thesis-camels/data/raw/CAMELS_SIMBA_1000U/LH_647_hlist_0.75065.list,true,5644,5644,1.00000,/home/ml/thesis-camels/data/raw/CAMELS_SIMBA_1000U/LH_647_hlist_1.00000.list,true,6204,6204,train,validation,train,NONE
LH_648,648,/home/ml/thesis-camels/data/raw/CAMELS_SIMBA_1000U,row_universe_id=LH_648;universe_index=648;omega_m=0.2182,0.20000,/home/ml/thesis-camels/data/raw/CAMELS_SIMBA_1000U/LH_648_hlist_0.20000.list,true,4883,4883,0.25000,/home/ml/thesis-camels/data/raw/CAMELS_SIMBA_1000U/LH_648_hlist_0.25000.list,true,5860,5860,0.51209,/home/ml/thesis-camels/data/raw/CAMELS_SIMBA_1000U/LH_648_hlist_0.51209.list,true,6021,6021,0.75065,/home/ml/thesis-camels/data/raw/CAMELS_SIMBA_1000U/LH_648_hlist_0.75065.list,true,5600,5600,1.00000,/home/ml/thesis-camels/data/raw/CAMELS_SIMBA_1000U/LH_648_hlist_1.00000.list,true,5644,5644,test,validation,train,NONE
LH_649,649,/home/ml/thesis-camels/data/raw/CAMELS_SIMBA_1000U,row_universe_id=LH_649;universe_index=649;omega_m=0.4246,0.20000,/home/ml/thesis-camels/data/raw/CAMELS_SIMBA_1000U/LH_649_hlist_0.20000.list,true,6387,6387,0.25000,/home/ml/thesis-camels/data/raw/CAMELS_SIMBA_1000U/LH_649_hlist_0.25000.list,true,7761,7761,0.51209,/home/ml/thesis-camels/data/raw/CAMELS_SIMBA_1000U/LH_649_hlist_0.51209.list,true,8399,8399,0.75065,/home/ml/thesis-camels/data/raw/CAMELS_SIMBA_1000U/LH_649_hlist_0.75065.list,true,7100,7100,1.00000,/home/ml/thesis-camels/data/raw/CAMELS_SIMBA_1000U/LH_649_hlist_1.00000.list,true,6853,6853,train,validation,train,NONE
LH_650,650,/home/ml/thesis-camels/data/raw/CAMELS_SIMBA_1000U,row_universe_id=LH_650;universe_index=650;omega_m=0.1958,0.20000,/home/ml/thesis-camels/data/raw/CAMELS_SIMBA_1000U/LH_650_hlist_0.20000.list,true,4246,4246,0.25000,/home/ml/thesis-camels/data/raw/CAMELS_SIMBA_1000U/LH_650_hlist_0.25000.list,true,5540,5540,0.51209,/home/ml/thesis-camels/data/raw/CAMELS_SIMBA_1000U/LH_650_hlist_0.51209.list,true,5978,5978,0.75065,/home/ml/thesis-camels/data/raw/CAMELS_SIMBA_1000U/LH_650_hlist_0.75065.list,true,5640,5640,1.00000,/home/ml/thesis-camels/data/raw/CAMELS_SIMBA_1000U/LH_650_hlist_1.00000.list,true,5933,5933,test,validation,validation,NONE
LH_651,651,/home/ml/thesis-camels/data/raw/CAMELS_SIMBA_1000U,row_universe_id=LH_651;universe_index=651;omega_m=0.191,0.20000,/home/ml/thesis-camels/data/raw/CAMELS_SIMBA_1000U/LH_651_hlist_0.20000.list,true,4929,4929,0.25000,/home/ml/thesis-camels/data/raw/CAMELS_SIMBA_1000U/LH_651_hlist_0.25000.list,true,6259,6259,0.51209,/home/ml/thesis-camels/data/raw/CAMELS_SIMBA_1000U/LH_651_hlist_0.51209.list,true,6385,6385,0.75065,/home/ml/thesis-camels/data/raw/CAMELS_SIMBA_1000U/LH_651_hlist_0.75065.list,true,5734,5734,1.00000,/home/ml/thesis-camels/data/raw/CAMELS_SIMBA_1000U/LH_651_hlist_1.00000.list,true,5845,5845,train,train,test,NONE
LH_652,652,/home/ml/thesis-camels/data/raw/CAMELS_SIMBA_1000U,row_universe_id=LH_652;universe_index=652;omega_m=0.2322,0.20000,/home/ml/thesis-camels/data/raw/CAMELS_SIMBA_1000U/LH_652_hlist_0.20000.list,true,4840,4840,0.25000,/home/ml/thesis-camels/data/raw/CAMELS_SIMBA_1000U/LH_652_hlist_0.25000.list,true,6154,6154,0.51209,/home/ml/thesis-camels/data/raw/CAMELS_SIMBA_1000U/LH_652_hlist_0.51209.list,true,7062,7062,0.75065,/home/ml/thesis-camels/data/raw/CAMELS_SIMBA_1000U/LH_652_hlist_0.75065.list,true,6608,6608,1.00000,/home/ml/thesis-camels/data/raw/CAMELS_SIMBA_1000U/LH_652_hlist_1.00000.list,true,6799,6799,train,validation,train,NONE
LH_653,653,/home/ml/thesis-camels/data/raw/CAMELS_SIMBA_1000U,row_universe_id=LH_653;universe_index=653;omega_m=0.2266,0.20000,/home/ml/thesis-camels/data/raw/CAMELS_SIMBA_1000U/LH_653_hlist_0.20000.list,true,5556,5556,0.25000,/home/ml/thesis-camels/data/raw/CAMELS_SIMBA_1000U/LH_653_hlist_0.25000.list,true,6609,6609,0.51209,/home/ml/thesis-camels/data/raw/CAMELS_SIMBA_1000U/LH_653_hlist_0.51209.list,true,6591,6591,0.75065,/home/ml/thesis-camels/data/raw/CAMELS_SIMBA_1000U/LH_653_hlist_0.75065.list,true,5903,5903,1.00000,/home/ml/thesis-camels/data/raw/CAMELS_SIMBA_1000U/LH_653_hlist_1.00000.list,true,6003,6003,validation,test,test,NONE
LH_654,654,/home/ml/thesis-camels/data/raw/CAMELS_SIMBA_1000U,row_universe_id=LH_654;universe_index=654;omega_m=0.4478,0.20000,/home/ml/thesis-camels/data/raw/CAMELS_SIMBA_1000U/LH_654_hlist_0.20000.list,true,8401,8401,0.25000,/home/ml/thesis-camels/data/raw/CAMELS_SIMBA_1000U/LH_654_hlist_0.25000.list,true,8887,8887,0.51209,/home/ml/thesis-camels/data/raw/CAMELS_SIMBA_1000U/LH_654_hlist_0.51209.list,true,7591,7591,0.75065,/home/ml/thesis-camels/data/raw/CAMELS_SIMBA_1000U/LH_654_hlist_0.75065.list,true,6293,6293,1.00000,/home/ml/thesis-camels/data/raw/CAMELS_SIMBA_1000U/LH_654_hlist_1.00000.list,true,6063,6063,test,test,test,NONE
LH_655,655,/home/ml/thesis-camels/data/raw/CAMELS_SIMBA_1000U,row_universe_id=LH_655;universe_index=655;omega_m=0.4678,0.20000,/home/ml/thesis-camels/data/raw/CAMELS_SIMBA_1000U/LH_655_hlist_0.20000.list,true,7721,7721,0.25000,/home/ml/thesis-camels/data/raw/CAMELS_SIMBA_1000U/LH_655_hlist_0.25000.list,true,8449,8449,0.51209,/home/ml/thesis-camels/data/raw/CAMELS_SIMBA_1000U/LH_655_hlist_0.51209.list,true,8102,8102,0.75065,/home/ml/thesis-camels/data/raw/CAMELS_SIMBA_1000U/LH_655_hlist_0.75065.list,true,6690,6690,1.00000,/home/ml/thesis-camels/data/raw/CAMELS_SIMBA_1000U/LH_655_hlist_1.00000.list,true,6412,6412,test,train,validation,NONE
LH_656,656,/home/ml/thesis-camels/data/raw/CAMELS_SIMBA_1000U,row_universe_id=LH_656;universe_index=656;omega_m=0.461,0.20000,/home/ml/thesis-camels/data/raw/CAMELS_SIMBA_1000U/LH_656_hlist_0.20000.list,true,7369,7369,0.25000,/home/ml/thesis-camels/data/raw/CAMELS_SIMBA_1000U/LH_656_hlist_0.25000.list,true,8445,8445,0.51209,/home/ml/thesis-camels/data/raw/CAMELS_SIMBA_1000U/LH_656_hlist_0.51209.list,true,7871,7871,0.75065,/home/ml/thesis-camels/data/raw/CAMELS_SIMBA_1000U/LH_656_hlist_0.75065.list,true,6743,6743,1.00000,/home/ml/thesis-camels/data/raw/CAMELS_SIMBA_1000U/LH_656_hlist_1.00000.list,true,6345,6345,train,test,train,NONE
LH_657,657,/home/ml/thesis-camels/data/raw/CAMELS_SIMBA_1000U,row_universe_id=LH_657;universe_index=657;omega_m=0.4834,0.20000,/home/ml/thesis-camels/data/raw/CAMELS_SIMBA_1000U/LH_657_hlist_0.20000.list,true,5794,5794,0.25000,/home/ml/thesis-camels/data/raw/CAMELS_SIMBA_1000U/LH_657_hlist_0.25000.list,true,7288,7288,0.51209,/home/ml/thesis-camels/data/raw/CAMELS_SIMBA_1000U/LH_657_hlist_0.51209.list,true,8685,8685,0.75065,/home/ml/thesis-camels/data/raw/CAMELS_SIMBA_1000U/LH_657_hlist_0.75065.list,true,7753,7753,1.00000,/home/ml/thesis-camels/data/raw/CAMELS_SIMBA_1000U/LH_657_hlist_1.00000.list,true,7282,7282,test,train,train,NONE
LH_658,658,/home/ml/thesis-camels/data/raw/CAMELS_SIMBA_1000U,row_universe_id=LH_658;universe_index=658;omega_m=0.4126,0.20000,/home/ml/thesis-camels/data/raw/CAMELS_SIMBA_1000U/LH_658_hlist_0.20000.list,true,7179,7179,0.25000,/home/ml/thesis-camels/data/raw/CAMELS_SIMBA_1000U/LH_658_hlist_0.25000.list,true,8267,8267,0.51209,/home/ml/thesis-camels/data/raw/CAMELS_SIMBA_1000U/LH_658_hlist_0.51209.list,true,7986,7986,0.75065,/home/ml/thesis-camels/data/raw/CAMELS_SIMBA_1000U/LH_658_hlist_0.75065.list,true,6664,6664,1.00000,/home/ml/thesis-camels/data/raw/CAMELS_SIMBA_1000U/LH_658_hlist_1.00000.list,true,6438,6438,train,train,test,NONE
LH_659,659,/home/ml/thesis-camels/data/raw/CAMELS_SIMBA_1000U,row_universe_id=LH_659;universe_index=659;omega_m=0.1054,0.20000,/home/ml/thesis-camels/data/raw/CAMELS_SIMBA_1000U/LH_659_hlist_0.20000.list,true,682,682,0.25000,/home/ml/thesis-camels/data/raw/CAMELS_SIMBA_1000U/LH_659_hlist_0.25000.list,true,1375,1375,0.51209,/home/ml/thesis-camels/data/raw/CAMELS_SIMBA_1000U/LH_659_hlist_0.51209.list,true,3352,3352,0.75065,/home/ml/thesis-camels/data/raw/CAMELS_SIMBA_1000U/LH_659_hlist_0.75065.list,true,3786,3786,1.00000,/home/ml/thesis-camels/data/raw/CAMELS_SIMBA_1000U/LH_659_hlist_1.00000.list,true,4324,4324,train,train,train,NONE
LH_660,660,/home/ml/thesis-camels/data/raw/CAMELS_SIMBA_1000U,row_universe_id=LH_660;universe_index=660;omega_m=0.2514,0.20000,/home/ml/thesis-camels/data/raw/CAMELS_SIMBA_1000U/LH_660_hlist_0.20000.list,true,6163,6163,0.25000,/home/ml/thesis-camels/data/raw/CAMELS_SIMBA_1000U/LH_660_hlist_0.25000.list,true,6944,6944,0.51209,/home/ml/thesis-camels/data/raw/CAMELS_SIMBA_1000U/LH_660_hlist_0.51209.list,true,6793,6793,0.75065,/home/ml/thesis-camels/data/raw/CAMELS_SIMBA_1000U/LH_660_hlist_0.75065.list,true,6254,6254,1.00000,/home/ml/thesis-camels/data/raw/CAMELS_SIMBA_1000U/LH_660_hlist_1.00000.list,true,6184,6184,validation,test,train,NONE
LH_661,661,/home/ml/thesis-camels/data/raw/CAMELS_SIMBA_1000U,row_universe_id=LH_661;universe_index=661;omega_m=0.3746,0.20000,/home/ml/thesis-camels/data/raw/CAMELS_SIMBA_1000U/LH_661_hlist_0.20000.list,true,6873,6873,0.25000,/home/ml/thesis-camels/data/raw/CAMELS_SIMBA_1000U/LH_661_hlist_0.25000.list,true,7935,7935,0.51209,/home/ml/thesis-camels/data/raw/CAMELS_SIMBA_1000U/LH_661_hlist_0.51209.list,true,7835,7835,0.75065,/home/ml/thesis-camels/data/raw/CAMELS_SIMBA_1000U/LH_661_hlist_0.75065.list,true,6835,6835,1.00000,/home/ml/thesis-camels/data/raw/CAMELS_SIMBA_1000U/LH_661_hlist_1.00000.list,true,6801,6801,train,test,test,NONE
LH_662,662,/home/ml/thesis-camels/data/raw/CAMELS_SIMBA_1000U,row_universe_id=LH_662;universe_index=662;omega_m=0.173,0.20000,/home/ml/thesis-camels/data/raw/CAMELS_SIMBA_1000U/LH_662_hlist_0.20000.list,true,4689,4689,0.25000,/home/ml/thesis-camels/data/raw/CAMELS_SIMBA_1000U/LH_662_hlist_0.25000.list,true,5791,5791,0.51209,/home/ml/thesis-camels/data/raw/CAMELS_SIMBA_1000U/LH_662_hlist_0.51209.list,true,5750,5750,0.75065,/home/ml/thesis-camels/data/raw/CAMELS_SIMBA_1000U/LH_662_hlist_0.75065.list,true,5574,5574,1.00000,/home/ml/thesis-camels/data/raw/CAMELS_SIMBA_1000U/LH_662_hlist_1.00000.list,true,5901,5901,train,train,train,NONE
LH_663,663,/home/ml/thesis-camels/data/raw/CAMELS_SIMBA_1000U,row_universe_id=LH_663;universe_index=663;omega_m=0.155,0.20000,/home/ml/thesis-camels/data/raw/CAMELS_SIMBA_1000U/LH_663_hlist_0.20000.list,true,3903,3903,0.25000,/home/ml/thesis-camels/data/raw/CAMELS_SIMBA_1000U/LH_663_hlist_0.25000.list,true,4960,4960,0.51209,/home/ml/thesis-camels/data/raw/CAMELS_SIMBA_1000U/LH_663_hlist_0.51209.list,true,5485,5485,0.75065,/home/ml/thesis-camels/data/raw/CAMELS_SIMBA_1000U/LH_663_hlist_0.75065.list,true,5515,5515,1.00000,/home/ml/thesis-camels/data/raw/CAMELS_SIMBA_1000U/LH_663_hlist_1.00000.list,true,5829,5829,test,train,train,NONE
LH_664,664,/home/ml/thesis-camels/data/raw/CAMELS_SIMBA_1000U,row_universe_id=LH_664;universe_index=664;omega_m=0.2242,0.20000,/home/ml/thesis-camels/data/raw/CAMELS_SIMBA_1000U/LH_664_hlist_0.20000.list,true,1796,1796,0.25000,/home/ml/thesis-camels/data/raw/CAMELS_SIMBA_1000U/LH_664_hlist_0.25000.list,true,3350,3350,0.51209,/home/ml/thesis-camels/data/raw/CAMELS_SIMBA_1000U/LH_664_hlist_0.51209.list,true,6851,6851,0.75065,/home/ml/thesis-camels/data/raw/CAMELS_SIMBA_1000U/LH_664_hlist_0.75065.list,true,7077,7077,1.00000,/home/ml/thesis-camels/data/raw/CAMELS_SIMBA_1000U/LH_664_hlist_1.00000.list,true,7359,7359,train,train,train,NONE
LH_665,665,/home/ml/thesis-camels/data/raw/CAMELS_SIMBA_1000U,row_universe_id=LH_665;universe_index=665;omega_m=0.4486,0.20000,/home/ml/thesis-camels/data/raw/CAMELS_SIMBA_1000U/LH_665_hlist_0.20000.list,true,8401,8401,0.25000,/home/ml/thesis-camels/data/raw/CAMELS_SIMBA_1000U/LH_665_hlist_0.25000.list,true,9015,9015,0.51209,/home/ml/thesis-camels/data/raw/CAMELS_SIMBA_1000U/LH_665_hlist_0.51209.list,true,7416,7416,0.75065,/home/ml/thesis-camels/data/raw/CAMELS_SIMBA_1000U/LH_665_hlist_0.75065.list,true,5914,5914,1.00000,/home/ml/thesis-camels/data/raw/CAMELS_SIMBA_1000U/LH_665_hlist_1.00000.list,true,5704,5704,test,train,train,NONE
LH_666,666,/home/ml/thesis-camels/data/raw/CAMELS_SIMBA_1000U,row_universe_id=LH_666;universe_index=666;omega_m=0.4234,0.20000,/home/ml/thesis-camels/data/raw/CAMELS_SIMBA_1000U/LH_666_hlist_0.20000.list,true,7950,7950,0.25000,/home/ml/thesis-camels/data/raw/CAMELS_SIMBA_1000U/LH_666_hlist_0.25000.list,true,8693,8693,0.51209,/home/ml/thesis-camels/data/raw/CAMELS_SIMBA_1000U/LH_666_hlist_0.51209.list,true,7748,7748,0.75065,/home/ml/thesis-camels/data/raw/CAMELS_SIMBA_1000U/LH_666_hlist_0.75065.list,true,6208,6208,1.00000,/home/ml/thesis-camels/data/raw/CAMELS_SIMBA_1000U/LH_666_hlist_1.00000.list,true,5892,5892,train,test,train,NONE
LH_667,667,/home/ml/thesis-camels/data/raw/CAMELS_SIMBA_1000U,row_universe_id=LH_667;universe_index=667;omega_m=0.1826,0.20000,/home/ml/thesis-camels/data/raw/CAMELS_SIMBA_1000U/LH_667_hlist_0.20000.list,true,3149,3149,0.25000,/home/ml/thesis-camels/data/raw/CAMELS_SIMBA_1000U/LH_667_hlist_0.25000.list,true,4245,4245,0.51209,/home/ml/thesis-camels/data/raw/CAMELS_SIMBA_1000U/LH_667_hlist_0.51209.list,true,5785,5785,0.75065,/home/ml/thesis-camels/data/raw/CAMELS_SIMBA_1000U/LH_667_hlist_0.75065.list,true,5968,5968,1.00000,/home/ml/thesis-camels/data/raw/CAMELS_SIMBA_1000U/LH_667_hlist_1.00000.list,true,6151,6151,train,test,train,NONE
LH_668,668,/home/ml/thesis-camels/data/raw/CAMELS_SIMBA_1000U,row_universe_id=LH_668;universe_index=668;omega_m=0.3186,0.20000,/home/ml/thesis-camels/data/raw/CAMELS_SIMBA_1000U/LH_668_hlist_0.20000.list,true,5879,5879,0.25000,/home/ml/thesis-camels/data/raw/CAMELS_SIMBA_1000U/LH_668_hlist_0.25000.list,true,7123,7123,0.51209,/home/ml/thesis-camels/data/raw/CAMELS_SIMBA_1000U/LH_668_hlist_0.51209.list,true,7540,7540,0.75065,/home/ml/thesis-camels/data/raw/CAMELS_SIMBA_1000U/LH_668_hlist_0.75065.list,true,6557,6557,1.00000,/home/ml/thesis-camels/data/raw/CAMELS_SIMBA_1000U/LH_668_hlist_1.00000.list,true,6427,6427,train,test,train,NONE
LH_669,669,/home/ml/thesis-camels/data/raw/CAMELS_SIMBA_1000U,row_universe_id=LH_669;universe_index=669;omega_m=0.307,0.20000,/home/ml/thesis-camels/data/raw/CAMELS_SIMBA_1000U/LH_669_hlist_0.20000.list,true,2624,2624,0.25000,/home/ml/thesis-camels/data/raw/CAMELS_SIMBA_1000U/LH_669_hlist_0.25000.list,true,4185,4185,0.51209,/home/ml/thesis-camels/data/raw/CAMELS_SIMBA_1000U/LH_669_hlist_0.51209.list,true,7682,7682,0.75065,/home/ml/thesis-camels/data/raw/CAMELS_SIMBA_1000U/LH_669_hlist_0.75065.list,true,7414,7414,1.00000,/home/ml/thesis-camels/data/raw/CAMELS_SIMBA_1000U/LH_669_hlist_1.00000.list,true,7593,7593,train,train,test,NONE
LH_670,670,/home/ml/thesis-camels/data/raw/CAMELS_SIMBA_1000U,row_universe_id=LH_670;universe_index=670;omega_m=0.4414,0.20000,/home/ml/thesis-camels/data/raw/CAMELS_SIMBA_1000U/LH_670_hlist_0.20000.list,true,5098,5098,0.25000,/home/ml/thesis-camels/data/raw/CAMELS_SIMBA_1000U/LH_670_hlist_0.25000.list,true,6927,6927,0.51209,/home/ml/thesis-camels/data/raw/CAMELS_SIMBA_1000U/LH_670_hlist_0.51209.list,true,8687,8687,0.75065,/home/ml/thesis-camels/data/raw/CAMELS_SIMBA_1000U/LH_670_hlist_0.75065.list,true,7601,7601,1.00000,/home/ml/thesis-camels/data/raw/CAMELS_SIMBA_1000U/LH_670_hlist_1.00000.list,true,7260,7260,train,train,test,NONE
LH_671,671,/home/ml/thesis-camels/data/raw/CAMELS_SIMBA_1000U,row_universe_id=LH_671;universe_index=671;omega_m=0.4326,0.20000,/home/ml/thesis-camels/data/raw/CAMELS_SIMBA_1000U/LH_671_hlist_0.20000.list,true,7749,7749,0.25000,/home/ml/thesis-camels/data/raw/CAMELS_SIMBA_1000U/LH_671_hlist_0.25000.list,true,8446,8446,0.51209,/home/ml/thesis-camels/data/raw/CAMELS_SIMBA_1000U/LH_671_hlist_0.51209.list,true,7623,7623,0.75065,/home/ml/thesis-camels/data/raw/CAMELS_SIMBA_1000U/LH_671_hlist_0.75065.list,true,6399,6399,1.00000,/home/ml/thesis-camels/data/raw/CAMELS_SIMBA_1000U/LH_671_hlist_1.00000.list,true,6112,6112,test,test,train,NONE
LH_672,672,/home/ml/thesis-camels/data/raw/CAMELS_SIMBA_1000U,row_universe_id=LH_672;universe_index=672;omega_m=0.223,0.20000,/home/ml/thesis-camels/data/raw/CAMELS_SIMBA_1000U/LH_672_hlist_0.20000.list,true,5284,5284,0.25000,/home/ml/thesis-camels/data/raw/CAMELS_SIMBA_1000U/LH_672_hlist_0.25000.list,true,6531,6531,0.51209,/home/ml/thesis-camels/data/raw/CAMELS_SIMBA_1000U/LH_672_hlist_0.51209.list,true,6548,6548,0.75065,/home/ml/thesis-camels/data/raw/CAMELS_SIMBA_1000U/LH_672_hlist_0.75065.list,true,6017,6017,1.00000,/home/ml/thesis-camels/data/raw/CAMELS_SIMBA_1000U/LH_672_hlist_1.00000.list,true,6047,6047,train,test,train,NONE
LH_673,673,/home/ml/thesis-camels/data/raw/CAMELS_SIMBA_1000U,row_universe_id=LH_673;universe_index=673;omega_m=0.1294,0.20000,/home/ml/thesis-camels/data/raw/CAMELS_SIMBA_1000U/LH_673_hlist_0.20000.list,true,1416,1416,0.25000,/home/ml/thesis-camels/data/raw/CAMELS_SIMBA_1000U/LH_673_hlist_0.25000.list,true,2865,2865,0.51209,/home/ml/thesis-camels/data/raw/CAMELS_SIMBA_1000U/LH_673_hlist_0.51209.list,true,4434,4434,0.75065,/home/ml/thesis-camels/data/raw/CAMELS_SIMBA_1000U/LH_673_hlist_0.75065.list,true,4796,4796,1.00000,/home/ml/thesis-camels/data/raw/CAMELS_SIMBA_1000U/LH_673_hlist_1.00000.list,true,5247,5247,train,test,validation,NONE
LH_674,674,/home/ml/thesis-camels/data/raw/CAMELS_SIMBA_1000U,row_universe_id=LH_674;universe_index=674;omega_m=0.479,0.20000,/home/ml/thesis-camels/data/raw/CAMELS_SIMBA_1000U/LH_674_hlist_0.20000.list,true,8052,8052,0.25000,/home/ml/thesis-camels/data/raw/CAMELS_SIMBA_1000U/LH_674_hlist_0.25000.list,true,8491,8491,0.51209,/home/ml/thesis-camels/data/raw/CAMELS_SIMBA_1000U/LH_674_hlist_0.51209.list,true,7101,7101,0.75065,/home/ml/thesis-camels/data/raw/CAMELS_SIMBA_1000U/LH_674_hlist_0.75065.list,true,6097,6097,1.00000,/home/ml/thesis-camels/data/raw/CAMELS_SIMBA_1000U/LH_674_hlist_1.00000.list,true,5508,5508,train,test,train,NONE
LH_675,675,/home/ml/thesis-camels/data/raw/CAMELS_SIMBA_1000U,row_universe_id=LH_675;universe_index=675;omega_m=0.227,0.20000,/home/ml/thesis-camels/data/raw/CAMELS_SIMBA_1000U/LH_675_hlist_0.20000.list,true,1830,1830,0.25000,/home/ml/thesis-camels/data/raw/CAMELS_SIMBA_1000U/LH_675_hlist_0.25000.list,true,3534,3534,0.51209,/home/ml/thesis-camels/data/raw/CAMELS_SIMBA_1000U/LH_675_hlist_0.51209.list,true,7005,7005,0.75065,/home/ml/thesis-camels/data/raw/CAMELS_SIMBA_1000U/LH_675_hlist_0.75065.list,true,7013,7013,1.00000,/home/ml/thesis-camels/data/raw/CAMELS_SIMBA_1000U/LH_675_hlist_1.00000.list,true,7281,7281,train,train,train,NONE
LH_676,676,/home/ml/thesis-camels/data/raw/CAMELS_SIMBA_1000U,row_universe_id=LH_676;universe_index=676;omega_m=0.2846,0.20000,/home/ml/thesis-camels/data/raw/CAMELS_SIMBA_1000U/LH_676_hlist_0.20000.list,true,6855,6855,0.25000,/home/ml/thesis-camels/data/raw/CAMELS_SIMBA_1000U/LH_676_hlist_0.25000.list,true,7313,7313,0.51209,/home/ml/thesis-camels/data/raw/CAMELS_SIMBA_1000U/LH_676_hlist_0.51209.list,true,6584,6584,0.75065,/home/ml/thesis-camels/data/raw/CAMELS_SIMBA_1000U/LH_676_hlist_0.75065.list,true,5799,5799,1.00000,/home/ml/thesis-camels/data/raw/CAMELS_SIMBA_1000U/LH_676_hlist_1.00000.list,true,5674,5674,train,train,train,NONE
LH_677,677,/home/ml/thesis-camels/data/raw/CAMELS_SIMBA_1000U,row_universe_id=LH_677;universe_index=677;omega_m=0.2122,0.20000,/home/ml/thesis-camels/data/raw/CAMELS_SIMBA_1000U/LH_677_hlist_0.20000.list,true,1755,1755,0.25000,/home/ml/thesis-camels/data/raw/CAMELS_SIMBA_1000U/LH_677_hlist_0.25000.list,true,3188,3188,0.51209,/home/ml/thesis-camels/data/raw/CAMELS_SIMBA_1000U/LH_677_hlist_0.51209.list,true,6516,6516,0.75065,/home/ml/thesis-camels/data/raw/CAMELS_SIMBA_1000U/LH_677_hlist_0.75065.list,true,6639,6639,1.00000,/home/ml/thesis-camels/data/raw/CAMELS_SIMBA_1000U/LH_677_hlist_1.00000.list,true,7039,7039,test,test,validation,NONE
LH_678,678,/home/ml/thesis-camels/data/raw/CAMELS_SIMBA_1000U,row_universe_id=LH_678;universe_index=678;omega_m=0.101,0.20000,/home/ml/thesis-camels/data/raw/CAMELS_SIMBA_1000U/LH_678_hlist_0.20000.list,true,1808,1808,0.25000,/home/ml/thesis-camels/data/raw/CAMELS_SIMBA_1000U/LH_678_hlist_0.25000.list,true,2834,2834,0.51209,/home/ml/thesis-camels/data/raw/CAMELS_SIMBA_1000U/LH_678_hlist_0.51209.list,true,3762,3762,0.75065,/home/ml/thesis-camels/data/raw/CAMELS_SIMBA_1000U/LH_678_hlist_0.75065.list,true,3939,3939,1.00000,/home/ml/thesis-camels/data/raw/CAMELS_SIMBA_1000U/LH_678_hlist_1.00000.list,true,4428,4428,test,train,train,NONE
LH_679,679,/home/ml/thesis-camels/data/raw/CAMELS_SIMBA_1000U,row_universe_id=LH_679;universe_index=679;omega_m=0.3194,0.20000,/home/ml/thesis-camels/data/raw/CAMELS_SIMBA_1000U/LH_679_hlist_0.20000.list,true,6261,6261,0.25000,/home/ml/thesis-camels/data/raw/CAMELS_SIMBA_1000U/LH_679_hlist_0.25000.list,true,7205,7205,0.51209,/home/ml/thesis-camels/data/raw/CAMELS_SIMBA_1000U/LH_679_hlist_0.51209.list,true,7428,7428,0.75065,/home/ml/thesis-camels/data/raw/CAMELS_SIMBA_1000U/LH_679_hlist_0.75065.list,true,6670,6670,1.00000,/home/ml/thesis-camels/data/raw/CAMELS_SIMBA_1000U/LH_679_hlist_1.00000.list,true,6498,6498,validation,test,train,NONE
LH_680,680,/home/ml/thesis-camels/data/raw/CAMELS_SIMBA_1000U,row_universe_id=LH_680;universe_index=680;omega_m=0.1006,0.20000,/home/ml/thesis-camels/data/raw/CAMELS_SIMBA_1000U/LH_680_hlist_0.20000.list,true,966,966,0.25000,/home/ml/thesis-camels/data/raw/CAMELS_SIMBA_1000U/LH_680_hlist_0.25000.list,true,1601,1601,0.51209,/home/ml/thesis-camels/data/raw/CAMELS_SIMBA_1000U/LH_680_hlist_0.51209.list,true,3254,3254,0.75065,/home/ml/thesis-camels/data/raw/CAMELS_SIMBA_1000U/LH_680_hlist_0.75065.list,true,3724,3724,1.00000,/home/ml/thesis-camels/data/raw/CAMELS_SIMBA_1000U/LH_680_hlist_1.00000.list,true,4256,4256,train,train,test,NONE
LH_681,681,/home/ml/thesis-camels/data/raw/CAMELS_SIMBA_1000U,row_universe_id=LH_681;universe_index=681;omega_m=0.3142,0.20000,/home/ml/thesis-camels/data/raw/CAMELS_SIMBA_1000U/LH_681_hlist_0.20000.list,true,3389,3389,0.25000,/home/ml/thesis-camels/data/raw/CAMELS_SIMBA_1000U/LH_681_hlist_0.25000.list,true,4962,4962,0.51209,/home/ml/thesis-camels/data/raw/CAMELS_SIMBA_1000U/LH_681_hlist_0.51209.list,true,8036,8036,0.75065,/home/ml/thesis-camels/data/raw/CAMELS_SIMBA_1000U/LH_681_hlist_0.75065.list,true,7801,7801,1.00000,/home/ml/thesis-camels/data/raw/CAMELS_SIMBA_1000U/LH_681_hlist_1.00000.list,true,7860,7860,train,test,validation,NONE
LH_682,682,/home/ml/thesis-camels/data/raw/CAMELS_SIMBA_1000U,row_universe_id=LH_682;universe_index=682;omega_m=0.237,0.20000,/home/ml/thesis-camels/data/raw/CAMELS_SIMBA_1000U/LH_682_hlist_0.20000.list,true,5391,5391,0.25000,/home/ml/thesis-camels/data/raw/CAMELS_SIMBA_1000U/LH_682_hlist_0.25000.list,true,6395,6395,0.51209,/home/ml/thesis-camels/data/raw/CAMELS_SIMBA_1000U/LH_682_hlist_0.51209.list,true,6536,6536,0.75065,/home/ml/thesis-camels/data/raw/CAMELS_SIMBA_1000U/LH_682_hlist_0.75065.list,true,5904,5904,1.00000,/home/ml/thesis-camels/data/raw/CAMELS_SIMBA_1000U/LH_682_hlist_1.00000.list,true,5973,5973,train,test,train,NONE
LH_683,683,/home/ml/thesis-camels/data/raw/CAMELS_SIMBA_1000U,row_universe_id=LH_683;universe_index=683;omega_m=0.325,0.20000,/home/ml/thesis-camels/data/raw/CAMELS_SIMBA_1000U/LH_683_hlist_0.20000.list,true,3370,3370,0.25000,/home/ml/thesis-camels/data/raw/CAMELS_SIMBA_1000U/LH_683_hlist_0.25000.list,true,4854,4854,0.51209,/home/ml/thesis-camels/data/raw/CAMELS_SIMBA_1000U/LH_683_hlist_0.51209.list,true,7713,7713,0.75065,/home/ml/thesis-camels/data/raw/CAMELS_SIMBA_1000U/LH_683_hlist_0.75065.list,true,7437,7437,1.00000,/home/ml/thesis-camels/data/raw/CAMELS_SIMBA_1000U/LH_683_hlist_1.00000.list,true,7417,7417,train,test,train,NONE
LH_684,684,/home/ml/thesis-camels/data/raw/CAMELS_SIMBA_1000U,row_universe_id=LH_684;universe_index=684;omega_m=0.4602,0.20000,/home/ml/thesis-camels/data/raw/CAMELS_SIMBA_1000U/LH_684_hlist_0.20000.list,true,8552,8552,0.25000,/home/ml/thesis-camels/data/raw/CAMELS_SIMBA_1000U/LH_684_hlist_0.25000.list,true,9060,9060,0.51209,/home/ml/thesis-camels/data/raw/CAMELS_SIMBA_1000U/LH_684_hlist_0.51209.list,true,7161,7161,0.75065,/home/ml/thesis-camels/data/raw/CAMELS_SIMBA_1000U/LH_684_hlist_0.75065.list,true,5853,5853,1.00000,/home/ml/thesis-camels/data/raw/CAMELS_SIMBA_1000U/LH_684_hlist_1.00000.list,true,5514,5514,validation,test,train,NONE
LH_685,685,/home/ml/thesis-camels/data/raw/CAMELS_SIMBA_1000U,row_universe_id=LH_685;universe_index=685;omega_m=0.4842,0.20000,/home/ml/thesis-camels/data/raw/CAMELS_SIMBA_1000U/LH_685_hlist_0.20000.list,true,6793,6793,0.25000,/home/ml/thesis-camels/data/raw/CAMELS_SIMBA_1000U/LH_685_hlist_0.25000.list,true,7953,7953,0.51209,/home/ml/thesis-camels/data/raw/CAMELS_SIMBA_1000U/LH_685_hlist_0.51209.list,true,8533,8533,0.75065,/home/ml/thesis-camels/data/raw/CAMELS_SIMBA_1000U/LH_685_hlist_0.75065.list,true,7144,7144,1.00000,/home/ml/thesis-camels/data/raw/CAMELS_SIMBA_1000U/LH_685_hlist_1.00000.list,true,6587,6587,train,train,validation,NONE
LH_686,686,/home/ml/thesis-camels/data/raw/CAMELS_SIMBA_1000U,row_universe_id=LH_686;universe_index=686;omega_m=0.123,0.20000,/home/ml/thesis-camels/data/raw/CAMELS_SIMBA_1000U/LH_686_hlist_0.20000.list,true,3472,3472,0.25000,/home/ml/thesis-camels/data/raw/CAMELS_SIMBA_1000U/LH_686_hlist_0.25000.list,true,4335,4335,0.51209,/home/ml/thesis-camels/data/raw/CAMELS_SIMBA_1000U/LH_686_hlist_0.51209.list,true,4348,4348,0.75065,/home/ml/thesis-camels/data/raw/CAMELS_SIMBA_1000U/LH_686_hlist_0.75065.list,true,4446,4446,1.00000,/home/ml/thesis-camels/data/raw/CAMELS_SIMBA_1000U/LH_686_hlist_1.00000.list,true,4784,4784,test,validation,test,NONE
LH_687,687,/home/ml/thesis-camels/data/raw/CAMELS_SIMBA_1000U,row_universe_id=LH_687;universe_index=687;omega_m=0.451,0.20000,/home/ml/thesis-camels/data/raw/CAMELS_SIMBA_1000U/LH_687_hlist_0.20000.list,true,7978,7978,0.25000,/home/ml/thesis-camels/data/raw/CAMELS_SIMBA_1000U/LH_687_hlist_0.25000.list,true,8983,8983,0.51209,/home/ml/thesis-camels/data/raw/CAMELS_SIMBA_1000U/LH_687_hlist_0.51209.list,true,7983,7983,0.75065,/home/ml/thesis-camels/data/raw/CAMELS_SIMBA_1000U/LH_687_hlist_0.75065.list,true,6617,6617,1.00000,/home/ml/thesis-camels/data/raw/CAMELS_SIMBA_1000U/LH_687_hlist_1.00000.list,true,6143,6143,train,train,test,NONE
LH_688,688,/home/ml/thesis-camels/data/raw/CAMELS_SIMBA_1000U,row_universe_id=LH_688;universe_index=688;omega_m=0.4422,0.20000,/home/ml/thesis-camels/data/raw/CAMELS_SIMBA_1000U/LH_688_hlist_0.20000.list,true,7023,7023,0.25000,/home/ml/thesis-camels/data/raw/CAMELS_SIMBA_1000U/LH_688_hlist_0.25000.list,true,8182,8182,0.51209,/home/ml/thesis-camels/data/raw/CAMELS_SIMBA_1000U/LH_688_hlist_0.51209.list,true,8176,8176,0.75065,/home/ml/thesis-camels/data/raw/CAMELS_SIMBA_1000U/LH_688_hlist_0.75065.list,true,6915,6915,1.00000,/home/ml/thesis-camels/data/raw/CAMELS_SIMBA_1000U/LH_688_hlist_1.00000.list,true,6487,6487,validation,train,train,NONE
LH_689,689,/home/ml/thesis-camels/data/raw/CAMELS_SIMBA_1000U,row_universe_id=LH_689;universe_index=689;omega_m=0.3622,0.20000,/home/ml/thesis-camels/data/raw/CAMELS_SIMBA_1000U/LH_689_hlist_0.20000.list,true,6242,6242,0.25000,/home/ml/thesis-camels/data/raw/CAMELS_SIMBA_1000U/LH_689_hlist_0.25000.list,true,7478,7478,0.51209,/home/ml/thesis-camels/data/raw/CAMELS_SIMBA_1000U/LH_689_hlist_0.51209.list,true,7677,7677,0.75065,/home/ml/thesis-camels/data/raw/CAMELS_SIMBA_1000U/LH_689_hlist_0.75065.list,true,6717,6717,1.00000,/home/ml/thesis-camels/data/raw/CAMELS_SIMBA_1000U/LH_689_hlist_1.00000.list,true,6616,6616,validation,train,validation,NONE
LH_690,690,/home/ml/thesis-camels/data/raw/CAMELS_SIMBA_1000U,row_universe_id=LH_690;universe_index=690;omega_m=0.4342,0.20000,/home/ml/thesis-camels/data/raw/CAMELS_SIMBA_1000U/LH_690_hlist_0.20000.list,true,8380,8380,0.25000,/home/ml/thesis-camels/data/raw/CAMELS_SIMBA_1000U/LH_690_hlist_0.25000.list,true,8863,8863,0.51209,/home/ml/thesis-camels/data/raw/CAMELS_SIMBA_1000U/LH_690_hlist_0.51209.list,true,7065,7065,0.75065,/home/ml/thesis-camels/data/raw/CAMELS_SIMBA_1000U/LH_690_hlist_0.75065.list,true,5879,5879,1.00000,/home/ml/thesis-camels/data/raw/CAMELS_SIMBA_1000U/LH_690_hlist_1.00000.list,true,5557,5557,train,train,validation,NONE
LH_691,691,/home/ml/thesis-camels/data/raw/CAMELS_SIMBA_1000U,row_universe_id=LH_691;universe_index=691;omega_m=0.4014,0.20000,/home/ml/thesis-camels/data/raw/CAMELS_SIMBA_1000U/LH_691_hlist_0.20000.list,true,3867,3867,0.25000,/home/ml/thesis-camels/data/raw/CAMELS_SIMBA_1000U/LH_691_hlist_0.25000.list,true,5571,5571,0.51209,/home/ml/thesis-camels/data/raw/CAMELS_SIMBA_1000U/LH_691_hlist_0.51209.list,true,8349,8349,0.75065,/home/ml/thesis-camels/data/raw/CAMELS_SIMBA_1000U/LH_691_hlist_0.75065.list,true,7966,7966,1.00000,/home/ml/thesis-camels/data/raw/CAMELS_SIMBA_1000U/LH_691_hlist_1.00000.list,true,7943,7943,test,test,train,NONE
LH_692,692,/home/ml/thesis-camels/data/raw/CAMELS_SIMBA_1000U,row_universe_id=LH_692;universe_index=692;omega_m=0.1162,0.20000,/home/ml/thesis-camels/data/raw/CAMELS_SIMBA_1000U/LH_692_hlist_0.20000.list,true,544,544,0.25000,/home/ml/thesis-camels/data/raw/CAMELS_SIMBA_1000U/LH_692_hlist_0.25000.list,true,1421,1421,0.51209,/home/ml/thesis-camels/data/raw/CAMELS_SIMBA_1000U/LH_692_hlist_0.51209.list,true,3901,3901,0.75065,/home/ml/thesis-camels/data/raw/CAMELS_SIMBA_1000U/LH_692_hlist_0.75065.list,true,4438,4438,1.00000,/home/ml/thesis-camels/data/raw/CAMELS_SIMBA_1000U/LH_692_hlist_1.00000.list,true,5045,5045,test,train,validation,NONE
LH_693,693,/home/ml/thesis-camels/data/raw/CAMELS_SIMBA_1000U,row_universe_id=LH_693;universe_index=693;omega_m=0.2682,0.20000,/home/ml/thesis-camels/data/raw/CAMELS_SIMBA_1000U/LH_693_hlist_0.20000.list,true,3757,3757,0.25000,/home/ml/thesis-camels/data/raw/CAMELS_SIMBA_1000U/LH_693_hlist_0.25000.list,true,5311,5311,0.51209,/home/ml/thesis-camels/data/raw/CAMELS_SIMBA_1000U/LH_693_hlist_0.51209.list,true,7194,7194,0.75065,/home/ml/thesis-camels/data/raw/CAMELS_SIMBA_1000U/LH_693_hlist_0.75065.list,true,7082,7082,1.00000,/home/ml/thesis-camels/data/raw/CAMELS_SIMBA_1000U/LH_693_hlist_1.00000.list,true,6992,6992,train,train,train,NONE
LH_694,694,/home/ml/thesis-camels/data/raw/CAMELS_SIMBA_1000U,row_universe_id=LH_694;universe_index=694;omega_m=0.447,0.20000,/home/ml/thesis-camels/data/raw/CAMELS_SIMBA_1000U/LH_694_hlist_0.20000.list,true,7885,7885,0.25000,/home/ml/thesis-camels/data/raw/CAMELS_SIMBA_1000U/LH_694_hlist_0.25000.list,true,8696,8696,0.51209,/home/ml/thesis-camels/data/raw/CAMELS_SIMBA_1000U/LH_694_hlist_0.51209.list,true,7860,7860,0.75065,/home/ml/thesis-camels/data/raw/CAMELS_SIMBA_1000U/LH_694_hlist_0.75065.list,true,6756,6756,1.00000,/home/ml/thesis-camels/data/raw/CAMELS_SIMBA_1000U/LH_694_hlist_1.00000.list,true,6467,6467,test,test,train,NONE
LH_695,695,/home/ml/thesis-camels/data/raw/CAMELS_SIMBA_1000U,row_universe_id=LH_695;universe_index=695;omega_m=0.229,0.20000,/home/ml/thesis-camels/data/raw/CAMELS_SIMBA_1000U/LH_695_hlist_0.20000.list,true,3721,3721,0.25000,/home/ml/thesis-camels/data/raw/CAMELS_SIMBA_1000U/LH_695_hlist_0.25000.list,true,5242,5242,0.51209,/home/ml/thesis-camels/data/raw/CAMELS_SIMBA_1000U/LH_695_hlist_0.51209.list,true,7053,7053,0.75065,/home/ml/thesis-camels/data/raw/CAMELS_SIMBA_1000U/LH_695_hlist_0.75065.list,true,6817,6817,1.00000,/home/ml/thesis-camels/data/raw/CAMELS_SIMBA_1000U/LH_695_hlist_1.00000.list,true,6938,6938,validation,train,validation,NONE
LH_696,696,/home/ml/thesis-camels/data/raw/CAMELS_SIMBA_1000U,row_universe_id=LH_696;universe_index=696;omega_m=0.225,0.20000,/home/ml/thesis-camels/data/raw/CAMELS_SIMBA_1000U/LH_696_hlist_0.20000.list,true,2871,2871,0.25000,/home/ml/thesis-camels/data/raw/CAMELS_SIMBA_1000U/LH_696_hlist_0.25000.list,true,4562,4562,0.51209,/home/ml/thesis-camels/data/raw/CAMELS_SIMBA_1000U/LH_696_hlist_0.51209.list,true,6988,6988,0.75065,/home/ml/thesis-camels/data/raw/CAMELS_SIMBA_1000U/LH_696_hlist_0.75065.list,true,6788,6788,1.00000,/home/ml/thesis-camels/data/raw/CAMELS_SIMBA_1000U/LH_696_hlist_1.00000.list,true,7053,7053,test,train,train,NONE
LH_697,697,/home/ml/thesis-camels/data/raw/CAMELS_SIMBA_1000U,row_universe_id=LH_697;universe_index=697;omega_m=0.3994,0.20000,/home/ml/thesis-camels/data/raw/CAMELS_SIMBA_1000U/LH_697_hlist_0.20000.list,true,6612,6612,0.25000,/home/ml/thesis-camels/data/raw/CAMELS_SIMBA_1000U/LH_697_hlist_0.25000.list,true,7931,7931,0.51209,/home/ml/thesis-camels/data/raw/CAMELS_SIMBA_1000U/LH_697_hlist_0.51209.list,true,8283,8283,0.75065,/home/ml/thesis-camels/data/raw/CAMELS_SIMBA_1000U/LH_697_hlist_0.75065.list,true,7322,7322,1.00000,/home/ml/thesis-camels/data/raw/CAMELS_SIMBA_1000U/LH_697_hlist_1.00000.list,true,7226,7226,train,train,train,NONE
LH_698,698,/home/ml/thesis-camels/data/raw/CAMELS_SIMBA_1000U,row_universe_id=LH_698;universe_index=698;omega_m=0.2486,0.20000,/home/ml/thesis-camels/data/raw/CAMELS_SIMBA_1000U/LH_698_hlist_0.20000.list,true,3677,3677,0.25000,/home/ml/thesis-camels/data/raw/CAMELS_SIMBA_1000U/LH_698_hlist_0.25000.list,true,5141,5141,0.51209,/home/ml/thesis-camels/data/raw/CAMELS_SIMBA_1000U/LH_698_hlist_0.51209.list,true,7256,7256,0.75065,/home/ml/thesis-camels/data/raw/CAMELS_SIMBA_1000U/LH_698_hlist_0.75065.list,true,6894,6894,1.00000,/home/ml/thesis-camels/data/raw/CAMELS_SIMBA_1000U/LH_698_hlist_1.00000.list,true,7028,7028,validation,train,train,NONE
LH_699,699,/home/ml/thesis-camels/data/raw/CAMELS_SIMBA_1000U,row_universe_id=LH_699;universe_index=699;omega_m=0.395,0.20000,/home/ml/thesis-camels/data/raw/CAMELS_SIMBA_1000U/LH_699_hlist_0.20000.list,true,6819,6819,0.25000,/home/ml/thesis-camels/data/raw/CAMELS_SIMBA_1000U/LH_699_hlist_0.25000.list,true,7962,7962,0.51209,/home/ml/thesis-camels/data/raw/CAMELS_SIMBA_1000U/LH_699_hlist_0.51209.list,true,7382,7382,0.75065,/home/ml/thesis-camels/data/raw/CAMELS_SIMBA_1000U/LH_699_hlist_0.75065.list,true,6307,6307,1.00000,/home/ml/thesis-camels/data/raw/CAMELS_SIMBA_1000U/LH_699_hlist_1.00000.list,true,6197,6197,test,validation,train,NONE
LH_700,700,/home/ml/thesis-camels/data/raw/CAMELS_SIMBA_1000U,row_universe_id=LH_700;universe_index=700;omega_m=0.3674,0.20000,/home/ml/thesis-camels/data/raw/CAMELS_SIMBA_1000U/LH_700_hlist_0.20000.list,true,4502,4502,0.25000,/home/ml/thesis-camels/data/raw/CAMELS_SIMBA_1000U/LH_700_hlist_0.25000.list,true,5991,5991,0.51209,/home/ml/thesis-camels/data/raw/CAMELS_SIMBA_1000U/LH_700_hlist_0.51209.list,true,7865,7865,0.75065,/home/ml/thesis-camels/data/raw/CAMELS_SIMBA_1000U/LH_700_hlist_0.75065.list,true,7181,7181,1.00000,/home/ml/thesis-camels/data/raw/CAMELS_SIMBA_1000U/LH_700_hlist_1.00000.list,true,7145,7145,validation,train,train,NONE
LH_701,701,/home/ml/thesis-camels/data/raw/CAMELS_SIMBA_1000U,row_universe_id=LH_701;universe_index=701;omega_m=0.1698,0.20000,/home/ml/thesis-camels/data/raw/CAMELS_SIMBA_1000U/LH_701_hlist_0.20000.list,true,936,936,0.25000,/home/ml/thesis-camels/data/raw/CAMELS_SIMBA_1000U/LH_701_hlist_0.25000.list,true,2171,2171,0.51209,/home/ml/thesis-camels/data/raw/CAMELS_SIMBA_1000U/LH_701_hlist_0.51209.list,true,5589,5589,0.75065,/home/ml/thesis-camels/data/raw/CAMELS_SIMBA_1000U/LH_701_hlist_0.75065.list,true,6254,6254,1.00000,/home/ml/thesis-camels/data/raw/CAMELS_SIMBA_1000U/LH_701_hlist_1.00000.list,true,6930,6930,train,train,train,NONE
LH_702,702,/home/ml/thesis-camels/data/raw/CAMELS_SIMBA_1000U,row_universe_id=LH_702;universe_index=702;omega_m=0.1226,0.20000,/home/ml/thesis-camels/data/raw/CAMELS_SIMBA_1000U/LH_702_hlist_0.20000.list,true,3042,3042,0.25000,/home/ml/thesis-camels/data/raw/CAMELS_SIMBA_1000U/LH_702_hlist_0.25000.list,true,4174,4174,0.51209,/home/ml/thesis-camels/data/raw/CAMELS_SIMBA_1000U/LH_702_hlist_0.51209.list,true,4984,4984,0.75065,/home/ml/thesis-camels/data/raw/CAMELS_SIMBA_1000U/LH_702_hlist_0.75065.list,true,5006,5006,1.00000,/home/ml/thesis-camels/data/raw/CAMELS_SIMBA_1000U/LH_702_hlist_1.00000.list,true,5518,5518,train,validation,test,NONE
LH_703,703,/home/ml/thesis-camels/data/raw/CAMELS_SIMBA_1000U,row_universe_id=LH_703;universe_index=703;omega_m=0.1778,0.20000,/home/ml/thesis-camels/data/raw/CAMELS_SIMBA_1000U/LH_703_hlist_0.20000.list,true,3375,3375,0.25000,/home/ml/thesis-camels/data/raw/CAMELS_SIMBA_1000U/LH_703_hlist_0.25000.list,true,4691,4691,0.51209,/home/ml/thesis-camels/data/raw/CAMELS_SIMBA_1000U/LH_703_hlist_0.51209.list,true,6280,6280,0.75065,/home/ml/thesis-camels/data/raw/CAMELS_SIMBA_1000U/LH_703_hlist_0.75065.list,true,6115,6115,1.00000,/home/ml/thesis-camels/data/raw/CAMELS_SIMBA_1000U/LH_703_hlist_1.00000.list,true,6385,6385,test,test,train,NONE
LH_704,704,/home/ml/thesis-camels/data/raw/CAMELS_SIMBA_1000U,row_universe_id=LH_704;universe_index=704;omega_m=0.4682,0.20000,/home/ml/thesis-camels/data/raw/CAMELS_SIMBA_1000U/LH_704_hlist_0.20000.list,true,7867,7867,0.25000,/home/ml/thesis-camels/data/raw/CAMELS_SIMBA_1000U/LH_704_hlist_0.25000.list,true,8730,8730,0.51209,/home/ml/thesis-camels/data/raw/CAMELS_SIMBA_1000U/LH_704_hlist_0.51209.list,true,8390,8390,0.75065,/home/ml/thesis-camels/data/raw/CAMELS_SIMBA_1000U/LH_704_hlist_0.75065.list,true,7258,7258,1.00000,/home/ml/thesis-camels/data/raw/CAMELS_SIMBA_1000U/LH_704_hlist_1.00000.list,true,6789,6789,train,test,test,NONE
LH_705,705,/home/ml/thesis-camels/data/raw/CAMELS_SIMBA_1000U,row_universe_id=LH_705;universe_index=705;omega_m=0.199,0.20000,/home/ml/thesis-camels/data/raw/CAMELS_SIMBA_1000U/LH_705_hlist_0.20000.list,true,4673,4673,0.25000,/home/ml/thesis-camels/data/raw/CAMELS_SIMBA_1000U/LH_705_hlist_0.25000.list,true,5809,5809,0.51209,/home/ml/thesis-camels/data/raw/CAMELS_SIMBA_1000U/LH_705_hlist_0.51209.list,true,6121,6121,0.75065,/home/ml/thesis-camels/data/raw/CAMELS_SIMBA_1000U/LH_705_hlist_0.75065.list,true,5923,5923,1.00000,/home/ml/thesis-camels/data/raw/CAMELS_SIMBA_1000U/LH_705_hlist_1.00000.list,true,6164,6164,validation,train,train,NONE
LH_706,706,/home/ml/thesis-camels/data/raw/CAMELS_SIMBA_1000U,row_universe_id=LH_706;universe_index=706;omega_m=0.2354,0.20000,/home/ml/thesis-camels/data/raw/CAMELS_SIMBA_1000U/LH_706_hlist_0.20000.list,true,3206,3206,0.25000,/home/ml/thesis-camels/data/raw/CAMELS_SIMBA_1000U/LH_706_hlist_0.25000.list,true,4696,4696,0.51209,/home/ml/thesis-camels/data/raw/CAMELS_SIMBA_1000U/LH_706_hlist_0.51209.list,true,7161,7161,0.75065,/home/ml/thesis-camels/data/raw/CAMELS_SIMBA_1000U/LH_706_hlist_0.75065.list,true,6777,6777,1.00000,/home/ml/thesis-camels/data/raw/CAMELS_SIMBA_1000U/LH_706_hlist_1.00000.list,true,7051,7051,validation,train,train,NONE
LH_707,707,/home/ml/thesis-camels/data/raw/CAMELS_SIMBA_1000U,row_universe_id=LH_707;universe_index=707;omega_m=0.4514,0.20000,/home/ml/thesis-camels/data/raw/CAMELS_SIMBA_1000U/LH_707_hlist_0.20000.list,true,6219,6219,0.25000,/home/ml/thesis-camels/data/raw/CAMELS_SIMBA_1000U/LH_707_hlist_0.25000.list,true,7562,7562,0.51209,/home/ml/thesis-camels/data/raw/CAMELS_SIMBA_1000U/LH_707_hlist_0.51209.list,true,8429,8429,0.75065,/home/ml/thesis-camels/data/raw/CAMELS_SIMBA_1000U/LH_707_hlist_0.75065.list,true,7408,7408,1.00000,/home/ml/thesis-camels/data/raw/CAMELS_SIMBA_1000U/LH_707_hlist_1.00000.list,true,7060,7060,test,train,test,NONE
LH_708,708,/home/ml/thesis-camels/data/raw/CAMELS_SIMBA_1000U,row_universe_id=LH_708;universe_index=708;omega_m=0.305,0.20000,/home/ml/thesis-camels/data/raw/CAMELS_SIMBA_1000U/LH_708_hlist_0.20000.list,true,6971,6971,0.25000,/home/ml/thesis-camels/data/raw/CAMELS_SIMBA_1000U/LH_708_hlist_0.25000.list,true,7881,7881,0.51209,/home/ml/thesis-camels/data/raw/CAMELS_SIMBA_1000U/LH_708_hlist_0.51209.list,true,7095,7095,0.75065,/home/ml/thesis-camels/data/raw/CAMELS_SIMBA_1000U/LH_708_hlist_0.75065.list,true,6089,6089,1.00000,/home/ml/thesis-camels/data/raw/CAMELS_SIMBA_1000U/LH_708_hlist_1.00000.list,true,5948,5948,train,train,train,NONE
LH_709,709,/home/ml/thesis-camels/data/raw/CAMELS_SIMBA_1000U,row_universe_id=LH_709;universe_index=709;omega_m=0.3086,0.20000,/home/ml/thesis-camels/data/raw/CAMELS_SIMBA_1000U/LH_709_hlist_0.20000.list,true,3436,3436,0.25000,/home/ml/thesis-camels/data/raw/CAMELS_SIMBA_1000U/LH_709_hlist_0.25000.list,true,5251,5251,0.51209,/home/ml/thesis-camels/data/raw/CAMELS_SIMBA_1000U/LH_709_hlist_0.51209.list,true,7506,7506,0.75065,/home/ml/thesis-camels/data/raw/CAMELS_SIMBA_1000U/LH_709_hlist_0.75065.list,true,7103,7103,1.00000,/home/ml/thesis-camels/data/raw/CAMELS_SIMBA_1000U/LH_709_hlist_1.00000.list,true,7139,7139,train,train,test,NONE
LH_710,710,/home/ml/thesis-camels/data/raw/CAMELS_SIMBA_1000U,row_universe_id=LH_710;universe_index=710;omega_m=0.3822,0.20000,/home/ml/thesis-camels/data/raw/CAMELS_SIMBA_1000U/LH_710_hlist_0.20000.list,true,3433,3433,0.25000,/home/ml/thesis-camels/data/raw/CAMELS_SIMBA_1000U/LH_710_hlist_0.25000.list,true,5187,5187,0.51209,/home/ml/thesis-camels/data/raw/CAMELS_SIMBA_1000U/LH_710_hlist_0.51209.list,true,7825,7825,0.75065,/home/ml/thesis-camels/data/raw/CAMELS_SIMBA_1000U/LH_710_hlist_0.75065.list,true,7305,7305,1.00000,/home/ml/thesis-camels/data/raw/CAMELS_SIMBA_1000U/LH_710_hlist_1.00000.list,true,7251,7251,train,validation,train,NONE
LH_711,711,/home/ml/thesis-camels/data/raw/CAMELS_SIMBA_1000U,row_universe_id=LH_711;universe_index=711;omega_m=0.2858,0.20000,/home/ml/thesis-camels/data/raw/CAMELS_SIMBA_1000U/LH_711_hlist_0.20000.list,true,4618,4618,0.25000,/home/ml/thesis-camels/data/raw/CAMELS_SIMBA_1000U/LH_711_hlist_0.25000.list,true,5861,5861,0.51209,/home/ml/thesis-camels/data/raw/CAMELS_SIMBA_1000U/LH_711_hlist_0.51209.list,true,7038,7038,0.75065,/home/ml/thesis-camels/data/raw/CAMELS_SIMBA_1000U/LH_711_hlist_0.75065.list,true,6641,6641,1.00000,/home/ml/thesis-camels/data/raw/CAMELS_SIMBA_1000U/LH_711_hlist_1.00000.list,true,6723,6723,train,train,train,NONE
LH_712,712,/home/ml/thesis-camels/data/raw/CAMELS_SIMBA_1000U,row_universe_id=LH_712;universe_index=712;omega_m=0.1802,0.20000,/home/ml/thesis-camels/data/raw/CAMELS_SIMBA_1000U/LH_712_hlist_0.20000.list,true,1616,1616,0.25000,/home/ml/thesis-camels/data/raw/CAMELS_SIMBA_1000U/LH_712_hlist_0.25000.list,true,3157,3157,0.51209,/home/ml/thesis-camels/data/raw/CAMELS_SIMBA_1000U/LH_712_hlist_0.51209.list,true,5996,5996,0.75065,/home/ml/thesis-camels/data/raw/CAMELS_SIMBA_1000U/LH_712_hlist_0.75065.list,true,6210,6210,1.00000,/home/ml/thesis-camels/data/raw/CAMELS_SIMBA_1000U/LH_712_hlist_1.00000.list,true,6640,6640,train,test,train,NONE
LH_713,713,/home/ml/thesis-camels/data/raw/CAMELS_SIMBA_1000U,row_universe_id=LH_713;universe_index=713;omega_m=0.4498,0.20000,/home/ml/thesis-camels/data/raw/CAMELS_SIMBA_1000U/LH_713_hlist_0.20000.list,true,5345,5345,0.25000,/home/ml/thesis-camels/data/raw/CAMELS_SIMBA_1000U/LH_713_hlist_0.25000.list,true,6876,6876,0.51209,/home/ml/thesis-camels/data/raw/CAMELS_SIMBA_1000U/LH_713_hlist_0.51209.list,true,8689,8689,0.75065,/home/ml/thesis-camels/data/raw/CAMELS_SIMBA_1000U/LH_713_hlist_0.75065.list,true,7874,7874,1.00000,/home/ml/thesis-camels/data/raw/CAMELS_SIMBA_1000U/LH_713_hlist_1.00000.list,true,7632,7632,test,test,train,NONE
LH_714,714,/home/ml/thesis-camels/data/raw/CAMELS_SIMBA_1000U,row_universe_id=LH_714;universe_index=714;omega_m=0.487,0.20000,/home/ml/thesis-camels/data/raw/CAMELS_SIMBA_1000U/LH_714_hlist_0.20000.list,true,6112,6112,0.25000,/home/ml/thesis-camels/data/raw/CAMELS_SIMBA_1000U/LH_714_hlist_0.25000.list,true,7412,7412,0.51209,/home/ml/thesis-camels/data/raw/CAMELS_SIMBA_1000U/LH_714_hlist_0.51209.list,true,8272,8272,0.75065,/home/ml/thesis-camels/data/raw/CAMELS_SIMBA_1000U/LH_714_hlist_0.75065.list,true,7018,7018,1.00000,/home/ml/thesis-camels/data/raw/CAMELS_SIMBA_1000U/LH_714_hlist_1.00000.list,true,6663,6663,test,test,train,NONE
LH_715,715,/home/ml/thesis-camels/data/raw/CAMELS_SIMBA_1000U,row_universe_id=LH_715;universe_index=715;omega_m=0.1894,0.20000,/home/ml/thesis-camels/data/raw/CAMELS_SIMBA_1000U/LH_715_hlist_0.20000.list,true,2069,2069,0.25000,/home/ml/thesis-camels/data/raw/CAMELS_SIMBA_1000U/LH_715_hlist_0.25000.list,true,3592,3592,0.51209,/home/ml/thesis-camels/data/raw/CAMELS_SIMBA_1000U/LH_715_hlist_0.51209.list,true,6102,6102,0.75065,/home/ml/thesis-camels/data/raw/CAMELS_SIMBA_1000U/LH_715_hlist_0.75065.list,true,6226,6226,1.00000,/home/ml/thesis-camels/data/raw/CAMELS_SIMBA_1000U/LH_715_hlist_1.00000.list,true,6734,6734,test,train,train,NONE
LH_716,716,/home/ml/thesis-camels/data/raw/CAMELS_SIMBA_1000U,row_universe_id=LH_716;universe_index=716;omega_m=0.1314,0.20000,/home/ml/thesis-camels/data/raw/CAMELS_SIMBA_1000U/LH_716_hlist_0.20000.list,true,3221,3221,0.25000,/home/ml/thesis-camels/data/raw/CAMELS_SIMBA_1000U/LH_716_hlist_0.25000.list,true,4368,4368,0.51209,/home/ml/thesis-camels/data/raw/CAMELS_SIMBA_1000U/LH_716_hlist_0.51209.list,true,5048,5048,0.75065,/home/ml/thesis-camels/data/raw/CAMELS_SIMBA_1000U/LH_716_hlist_0.75065.list,true,5171,5171,1.00000,/home/ml/thesis-camels/data/raw/CAMELS_SIMBA_1000U/LH_716_hlist_1.00000.list,true,5504,5504,test,test,test,NONE
LH_717,717,/home/ml/thesis-camels/data/raw/CAMELS_SIMBA_1000U,row_universe_id=LH_717;universe_index=717;omega_m=0.4906,0.20000,/home/ml/thesis-camels/data/raw/CAMELS_SIMBA_1000U/LH_717_hlist_0.20000.list,true,6774,6774,0.25000,/home/ml/thesis-camels/data/raw/CAMELS_SIMBA_1000U/LH_717_hlist_0.25000.list,true,8231,8231,0.51209,/home/ml/thesis-camels/data/raw/CAMELS_SIMBA_1000U/LH_717_hlist_0.51209.list,true,8363,8363,0.75065,/home/ml/thesis-camels/data/raw/CAMELS_SIMBA_1000U/LH_717_hlist_0.75065.list,true,7228,7228,1.00000,/home/ml/thesis-camels/data/raw/CAMELS_SIMBA_1000U/LH_717_hlist_1.00000.list,true,6847,6847,test,train,train,NONE
LH_718,718,/home/ml/thesis-camels/data/raw/CAMELS_SIMBA_1000U,row_universe_id=LH_718;universe_index=718;omega_m=0.469,0.20000,/home/ml/thesis-camels/data/raw/CAMELS_SIMBA_1000U/LH_718_hlist_0.20000.list,true,7080,7080,0.25000,/home/ml/thesis-camels/data/raw/CAMELS_SIMBA_1000U/LH_718_hlist_0.25000.list,true,8071,8071,0.51209,/home/ml/thesis-camels/data/raw/CAMELS_SIMBA_1000U/LH_718_hlist_0.51209.list,true,8513,8513,0.75065,/home/ml/thesis-camels/data/raw/CAMELS_SIMBA_1000U/LH_718_hlist_0.75065.list,true,7382,7382,1.00000,/home/ml/thesis-camels/data/raw/CAMELS_SIMBA_1000U/LH_718_hlist_1.00000.list,true,7062,7062,test,test,validation,NONE
LH_719,719,/home/ml/thesis-camels/data/raw/CAMELS_SIMBA_1000U,row_universe_id=LH_719;universe_index=719;omega_m=0.4098,0.20000,/home/ml/thesis-camels/data/raw/CAMELS_SIMBA_1000U/LH_719_hlist_0.20000.list,true,6613,6613,0.25000,/home/ml/thesis-camels/data/raw/CAMELS_SIMBA_1000U/LH_719_hlist_0.25000.list,true,7727,7727,0.51209,/home/ml/thesis-camels/data/raw/CAMELS_SIMBA_1000U/LH_719_hlist_0.51209.list,true,7943,7943,0.75065,/home/ml/thesis-camels/data/raw/CAMELS_SIMBA_1000U/LH_719_hlist_0.75065.list,true,7006,7006,1.00000,/home/ml/thesis-camels/data/raw/CAMELS_SIMBA_1000U/LH_719_hlist_1.00000.list,true,6901,6901,test,train,test,NONE
LH_720,720,/home/ml/thesis-camels/data/raw/CAMELS_SIMBA_1000U,row_universe_id=LH_720;universe_index=720;omega_m=0.1326,0.20000,/home/ml/thesis-camels/data/raw/CAMELS_SIMBA_1000U/LH_720_hlist_0.20000.list,true,987,987,0.25000,/home/ml/thesis-camels/data/raw/CAMELS_SIMBA_1000U/LH_720_hlist_0.25000.list,true,2180,2180,0.51209,/home/ml/thesis-camels/data/raw/CAMELS_SIMBA_1000U/LH_720_hlist_0.51209.list,true,4837,4837,0.75065,/home/ml/thesis-camels/data/raw/CAMELS_SIMBA_1000U/LH_720_hlist_0.75065.list,true,5456,5456,1.00000,/home/ml/thesis-camels/data/raw/CAMELS_SIMBA_1000U/LH_720_hlist_1.00000.list,true,6060,6060,train,train,train,NONE
LH_721,721,/home/ml/thesis-camels/data/raw/CAMELS_SIMBA_1000U,row_universe_id=LH_721;universe_index=721;omega_m=0.383,0.20000,/home/ml/thesis-camels/data/raw/CAMELS_SIMBA_1000U/LH_721_hlist_0.20000.list,true,4004,4004,0.25000,/home/ml/thesis-camels/data/raw/CAMELS_SIMBA_1000U/LH_721_hlist_0.25000.list,true,5600,5600,0.51209,/home/ml/thesis-camels/data/raw/CAMELS_SIMBA_1000U/LH_721_hlist_0.51209.list,true,8693,8693,0.75065,/home/ml/thesis-camels/data/raw/CAMELS_SIMBA_1000U/LH_721_hlist_0.75065.list,true,8191,8191,1.00000,/home/ml/thesis-camels/data/raw/CAMELS_SIMBA_1000U/LH_721_hlist_1.00000.list,true,7858,7858,validation,validation,train,NONE
LH_722,722,/home/ml/thesis-camels/data/raw/CAMELS_SIMBA_1000U,row_universe_id=LH_722;universe_index=722;omega_m=0.3206,0.20000,/home/ml/thesis-camels/data/raw/CAMELS_SIMBA_1000U/LH_722_hlist_0.20000.list,true,7272,7272,0.25000,/home/ml/thesis-camels/data/raw/CAMELS_SIMBA_1000U/LH_722_hlist_0.25000.list,true,7498,7498,0.51209,/home/ml/thesis-camels/data/raw/CAMELS_SIMBA_1000U/LH_722_hlist_0.51209.list,true,6881,6881,0.75065,/home/ml/thesis-camels/data/raw/CAMELS_SIMBA_1000U/LH_722_hlist_0.75065.list,true,6015,6015,1.00000,/home/ml/thesis-camels/data/raw/CAMELS_SIMBA_1000U/LH_722_hlist_1.00000.list,true,6019,6019,validation,validation,train,NONE
LH_723,723,/home/ml/thesis-camels/data/raw/CAMELS_SIMBA_1000U,row_universe_id=LH_723;universe_index=723;omega_m=0.1306,0.20000,/home/ml/thesis-camels/data/raw/CAMELS_SIMBA_1000U/LH_723_hlist_0.20000.list,true,265,265,0.25000,/home/ml/thesis-camels/data/raw/CAMELS_SIMBA_1000U/LH_723_hlist_0.25000.list,true,1259,1259,0.51209,/home/ml/thesis-camels/data/raw/CAMELS_SIMBA_1000U/LH_723_hlist_0.51209.list,true,4255,4255,0.75065,/home/ml/thesis-camels/data/raw/CAMELS_SIMBA_1000U/LH_723_hlist_0.75065.list,true,4856,4856,1.00000,/home/ml/thesis-camels/data/raw/CAMELS_SIMBA_1000U/LH_723_hlist_1.00000.list,true,5532,5532,train,train,test,NONE
LH_724,724,/home/ml/thesis-camels/data/raw/CAMELS_SIMBA_1000U,row_universe_id=LH_724;universe_index=724;omega_m=0.1662,0.20000,/home/ml/thesis-camels/data/raw/CAMELS_SIMBA_1000U/LH_724_hlist_0.20000.list,true,2257,2257,0.25000,/home/ml/thesis-camels/data/raw/CAMELS_SIMBA_1000U/LH_724_hlist_0.25000.list,true,3750,3750,0.51209,/home/ml/thesis-camels/data/raw/CAMELS_SIMBA_1000U/LH_724_hlist_0.51209.list,true,5876,5876,0.75065,/home/ml/thesis-camels/data/raw/CAMELS_SIMBA_1000U/LH_724_hlist_0.75065.list,true,6032,6032,1.00000,/home/ml/thesis-camels/data/raw/CAMELS_SIMBA_1000U/LH_724_hlist_1.00000.list,true,6455,6455,validation,test,test,NONE
LH_725,725,/home/ml/thesis-camels/data/raw/CAMELS_SIMBA_1000U,row_universe_id=LH_725;universe_index=725;omega_m=0.387,0.20000,/home/ml/thesis-camels/data/raw/CAMELS_SIMBA_1000U/LH_725_hlist_0.20000.list,true,6570,6570,0.25000,/home/ml/thesis-camels/data/raw/CAMELS_SIMBA_1000U/LH_725_hlist_0.25000.list,true,7682,7682,0.51209,/home/ml/thesis-camels/data/raw/CAMELS_SIMBA_1000U/LH_725_hlist_0.51209.list,true,8077,8077,0.75065,/home/ml/thesis-camels/data/raw/CAMELS_SIMBA_1000U/LH_725_hlist_0.75065.list,true,7067,7067,1.00000,/home/ml/thesis-camels/data/raw/CAMELS_SIMBA_1000U/LH_725_hlist_1.00000.list,true,6752,6752,train,train,test,NONE
LH_726,726,/home/ml/thesis-camels/data/raw/CAMELS_SIMBA_1000U,row_universe_id=LH_726;universe_index=726;omega_m=0.2466,0.20000,/home/ml/thesis-camels/data/raw/CAMELS_SIMBA_1000U/LH_726_hlist_0.20000.list,true,2010,2010,0.25000,/home/ml/thesis-camels/data/raw/CAMELS_SIMBA_1000U/LH_726_hlist_0.25000.list,true,3836,3836,0.51209,/home/ml/thesis-camels/data/raw/CAMELS_SIMBA_1000U/LH_726_hlist_0.51209.list,true,7115,7115,0.75065,/home/ml/thesis-camels/data/raw/CAMELS_SIMBA_1000U/LH_726_hlist_0.75065.list,true,7137,7137,1.00000,/home/ml/thesis-camels/data/raw/CAMELS_SIMBA_1000U/LH_726_hlist_1.00000.list,true,7483,7483,validation,validation,validation,NONE
LH_727,727,/home/ml/thesis-camels/data/raw/CAMELS_SIMBA_1000U,row_universe_id=LH_727;universe_index=727;omega_m=0.3098,0.20000,/home/ml/thesis-camels/data/raw/CAMELS_SIMBA_1000U/LH_727_hlist_0.20000.list,true,5144,5144,0.25000,/home/ml/thesis-camels/data/raw/CAMELS_SIMBA_1000U/LH_727_hlist_0.25000.list,true,6481,6481,0.51209,/home/ml/thesis-camels/data/raw/CAMELS_SIMBA_1000U/LH_727_hlist_0.51209.list,true,7342,7342,0.75065,/home/ml/thesis-camels/data/raw/CAMELS_SIMBA_1000U/LH_727_hlist_0.75065.list,true,6450,6450,1.00000,/home/ml/thesis-camels/data/raw/CAMELS_SIMBA_1000U/LH_727_hlist_1.00000.list,true,6221,6221,test,train,test,NONE
LH_728,728,/home/ml/thesis-camels/data/raw/CAMELS_SIMBA_1000U,row_universe_id=LH_728;universe_index=728;omega_m=0.4202,0.20000,/home/ml/thesis-camels/data/raw/CAMELS_SIMBA_1000U/LH_728_hlist_0.20000.list,true,6088,6088,0.25000,/home/ml/thesis-camels/data/raw/CAMELS_SIMBA_1000U/LH_728_hlist_0.25000.list,true,7328,7328,0.51209,/home/ml/thesis-camels/data/raw/CAMELS_SIMBA_1000U/LH_728_hlist_0.51209.list,true,7946,7946,0.75065,/home/ml/thesis-camels/data/raw/CAMELS_SIMBA_1000U/LH_728_hlist_0.75065.list,true,6833,6833,1.00000,/home/ml/thesis-camels/data/raw/CAMELS_SIMBA_1000U/LH_728_hlist_1.00000.list,true,6522,6522,test,train,validation,NONE
LH_729,729,/home/ml/thesis-camels/data/raw/CAMELS_SIMBA_1000U,row_universe_id=LH_729;universe_index=729;omega_m=0.4242,0.20000,/home/ml/thesis-camels/data/raw/CAMELS_SIMBA_1000U/LH_729_hlist_0.20000.list,true,8187,8187,0.25000,/home/ml/thesis-camels/data/raw/CAMELS_SIMBA_1000U/LH_729_hlist_0.25000.list,true,8631,8631,0.51209,/home/ml/thesis-camels/data/raw/CAMELS_SIMBA_1000U/LH_729_hlist_0.51209.list,true,7313,7313,0.75065,/home/ml/thesis-camels/data/raw/CAMELS_SIMBA_1000U/LH_729_hlist_0.75065.list,true,6361,6361,1.00000,/home/ml/thesis-camels/data/raw/CAMELS_SIMBA_1000U/LH_729_hlist_1.00000.list,true,5898,5898,train,test,validation,NONE
LH_730,730,/home/ml/thesis-camels/data/raw/CAMELS_SIMBA_1000U,row_universe_id=LH_730;universe_index=730;omega_m=0.1554,0.20000,/home/ml/thesis-camels/data/raw/CAMELS_SIMBA_1000U/LH_730_hlist_0.20000.list,true,2533,2533,0.25000,/home/ml/thesis-camels/data/raw/CAMELS_SIMBA_1000U/LH_730_hlist_0.25000.list,true,3837,3837,0.51209,/home/ml/thesis-camels/data/raw/CAMELS_SIMBA_1000U/LH_730_hlist_0.51209.list,true,5719,5719,0.75065,/home/ml/thesis-camels/data/raw/CAMELS_SIMBA_1000U/LH_730_hlist_0.75065.list,true,5973,5973,1.00000,/home/ml/thesis-camels/data/raw/CAMELS_SIMBA_1000U/LH_730_hlist_1.00000.list,true,6433,6433,train,train,validation,NONE
LH_731,731,/home/ml/thesis-camels/data/raw/CAMELS_SIMBA_1000U,row_universe_id=LH_731;universe_index=731;omega_m=0.3246,0.20000,/home/ml/thesis-camels/data/raw/CAMELS_SIMBA_1000U/LH_731_hlist_0.20000.list,true,4049,4049,0.25000,/home/ml/thesis-camels/data/raw/CAMELS_SIMBA_1000U/LH_731_hlist_0.25000.list,true,5764,5764,0.51209,/home/ml/thesis-camels/data/raw/CAMELS_SIMBA_1000U/LH_731_hlist_0.51209.list,true,7966,7966,0.75065,/home/ml/thesis-camels/data/raw/CAMELS_SIMBA_1000U/LH_731_hlist_0.75065.list,true,7353,7353,1.00000,/home/ml/thesis-camels/data/raw/CAMELS_SIMBA_1000U/LH_731_hlist_1.00000.list,true,7375,7375,train,validation,train,NONE
LH_732,732,/home/ml/thesis-camels/data/raw/CAMELS_SIMBA_1000U,row_universe_id=LH_732;universe_index=732;omega_m=0.4702,0.20000,/home/ml/thesis-camels/data/raw/CAMELS_SIMBA_1000U/LH_732_hlist_0.20000.list,true,8769,8769,0.25000,/home/ml/thesis-camels/data/raw/CAMELS_SIMBA_1000U/LH_732_hlist_0.25000.list,true,9236,9236,0.51209,/home/ml/thesis-camels/data/raw/CAMELS_SIMBA_1000U/LH_732_hlist_0.51209.list,true,7649,7649,0.75065,/home/ml/thesis-camels/data/raw/CAMELS_SIMBA_1000U/LH_732_hlist_0.75065.list,true,6173,6173,1.00000,/home/ml/thesis-camels/data/raw/CAMELS_SIMBA_1000U/LH_732_hlist_1.00000.list,true,5819,5819,test,train,train,NONE
LH_733,733,/home/ml/thesis-camels/data/raw/CAMELS_SIMBA_1000U,row_universe_id=LH_733;universe_index=733;omega_m=0.4694,0.20000,/home/ml/thesis-camels/data/raw/CAMELS_SIMBA_1000U/LH_733_hlist_0.20000.list,true,4297,4297,0.25000,/home/ml/thesis-camels/data/raw/CAMELS_SIMBA_1000U/LH_733_hlist_0.25000.list,true,6027,6027,0.51209,/home/ml/thesis-camels/data/raw/CAMELS_SIMBA_1000U/LH_733_hlist_0.51209.list,true,8878,8878,0.75065,/home/ml/thesis-camels/data/raw/CAMELS_SIMBA_1000U/LH_733_hlist_0.75065.list,true,8223,8223,1.00000,/home/ml/thesis-camels/data/raw/CAMELS_SIMBA_1000U/LH_733_hlist_1.00000.list,true,7877,7877,train,train,validation,NONE
LH_734,734,/home/ml/thesis-camels/data/raw/CAMELS_SIMBA_1000U,row_universe_id=LH_734;universe_index=734;omega_m=0.3254,0.20000,/home/ml/thesis-camels/data/raw/CAMELS_SIMBA_1000U/LH_734_hlist_0.20000.list,true,7404,7404,0.25000,/home/ml/thesis-camels/data/raw/CAMELS_SIMBA_1000U/LH_734_hlist_0.25000.list,true,8215,8215,0.51209,/home/ml/thesis-camels/data/raw/CAMELS_SIMBA_1000U/LH_734_hlist_0.51209.list,true,7068,7068,0.75065,/home/ml/thesis-camels/data/raw/CAMELS_SIMBA_1000U/LH_734_hlist_0.75065.list,true,6055,6055,1.00000,/home/ml/thesis-camels/data/raw/CAMELS_SIMBA_1000U/LH_734_hlist_1.00000.list,true,6039,6039,train,test,train,NONE
LH_735,735,/home/ml/thesis-camels/data/raw/CAMELS_SIMBA_1000U,row_universe_id=LH_735;universe_index=735;omega_m=0.1834,0.20000,/home/ml/thesis-camels/data/raw/CAMELS_SIMBA_1000U/LH_735_hlist_0.20000.list,true,2036,2036,0.25000,/home/ml/thesis-camels/data/raw/CAMELS_SIMBA_1000U/LH_735_hlist_0.25000.list,true,3363,3363,0.51209,/home/ml/thesis-camels/data/raw/CAMELS_SIMBA_1000U/LH_735_hlist_0.51209.list,true,6463,6463,0.75065,/home/ml/thesis-camels/data/raw/CAMELS_SIMBA_1000U/LH_735_hlist_0.75065.list,true,6628,6628,1.00000,/home/ml/thesis-camels/data/raw/CAMELS_SIMBA_1000U/LH_735_hlist_1.00000.list,true,7011,7011,validation,validation,train,NONE
LH_736,736,/home/ml/thesis-camels/data/raw/CAMELS_SIMBA_1000U,row_universe_id=LH_736;universe_index=736;omega_m=0.2118,0.20000,/home/ml/thesis-camels/data/raw/CAMELS_SIMBA_1000U/LH_736_hlist_0.20000.list,true,4049,4049,0.25000,/home/ml/thesis-camels/data/raw/CAMELS_SIMBA_1000U/LH_736_hlist_0.25000.list,true,5389,5389,0.51209,/home/ml/thesis-camels/data/raw/CAMELS_SIMBA_1000U/LH_736_hlist_0.51209.list,true,6319,6319,0.75065,/home/ml/thesis-camels/data/raw/CAMELS_SIMBA_1000U/LH_736_hlist_0.75065.list,true,6140,6140,1.00000,/home/ml/thesis-camels/data/raw/CAMELS_SIMBA_1000U/LH_736_hlist_1.00000.list,true,6433,6433,test,train,train,NONE
LH_737,737,/home/ml/thesis-camels/data/raw/CAMELS_SIMBA_1000U,row_universe_id=LH_737;universe_index=737;omega_m=0.4762,0.20000,/home/ml/thesis-camels/data/raw/CAMELS_SIMBA_1000U/LH_737_hlist_0.20000.list,true,4711,4711,0.25000,/home/ml/thesis-camels/data/raw/CAMELS_SIMBA_1000U/LH_737_hlist_0.25000.list,true,6513,6513,0.51209,/home/ml/thesis-camels/data/raw/CAMELS_SIMBA_1000U/LH_737_hlist_0.51209.list,true,8747,8747,0.75065,/home/ml/thesis-camels/data/raw/CAMELS_SIMBA_1000U/LH_737_hlist_0.75065.list,true,7954,7954,1.00000,/home/ml/thesis-camels/data/raw/CAMELS_SIMBA_1000U/LH_737_hlist_1.00000.list,true,7600,7600,test,validation,train,NONE
LH_738,738,/home/ml/thesis-camels/data/raw/CAMELS_SIMBA_1000U,row_universe_id=LH_738;universe_index=738;omega_m=0.3858,0.20000,/home/ml/thesis-camels/data/raw/CAMELS_SIMBA_1000U/LH_738_hlist_0.20000.list,true,8155,8155,0.25000,/home/ml/thesis-camels/data/raw/CAMELS_SIMBA_1000U/LH_738_hlist_0.25000.list,true,8553,8553,0.51209,/home/ml/thesis-camels/data/raw/CAMELS_SIMBA_1000U/LH_738_hlist_0.51209.list,true,6854,6854,0.75065,/home/ml/thesis-camels/data/raw/CAMELS_SIMBA_1000U/LH_738_hlist_0.75065.list,true,5741,5741,1.00000,/home/ml/thesis-camels/data/raw/CAMELS_SIMBA_1000U/LH_738_hlist_1.00000.list,true,5597,5597,train,test,train,NONE
LH_739,739,/home/ml/thesis-camels/data/raw/CAMELS_SIMBA_1000U,row_universe_id=LH_739;universe_index=739;omega_m=0.409,0.20000,/home/ml/thesis-camels/data/raw/CAMELS_SIMBA_1000U/LH_739_hlist_0.20000.list,true,5852,5852,0.25000,/home/ml/thesis-camels/data/raw/CAMELS_SIMBA_1000U/LH_739_hlist_0.25000.list,true,7436,7436,0.51209,/home/ml/thesis-camels/data/raw/CAMELS_SIMBA_1000U/LH_739_hlist_0.51209.list,true,8329,8329,0.75065,/home/ml/thesis-camels/data/raw/CAMELS_SIMBA_1000U/LH_739_hlist_0.75065.list,true,7352,7352,1.00000,/home/ml/thesis-camels/data/raw/CAMELS_SIMBA_1000U/LH_739_hlist_1.00000.list,true,7001,7001,train,train,test,NONE
LH_740,740,/home/ml/thesis-camels/data/raw/CAMELS_SIMBA_1000U,row_universe_id=LH_740;universe_index=740;omega_m=0.171,0.20000,/home/ml/thesis-camels/data/raw/CAMELS_SIMBA_1000U/LH_740_hlist_0.20000.list,true,843,843,0.25000,/home/ml/thesis-camels/data/raw/CAMELS_SIMBA_1000U/LH_740_hlist_0.25000.list,true,1929,1929,0.51209,/home/ml/thesis-camels/data/raw/CAMELS_SIMBA_1000U/LH_740_hlist_0.51209.list,true,5698,5698,0.75065,/home/ml/thesis-camels/data/raw/CAMELS_SIMBA_1000U/LH_740_hlist_0.75065.list,true,6510,6510,1.00000,/home/ml/thesis-camels/data/raw/CAMELS_SIMBA_1000U/LH_740_hlist_1.00000.list,true,7286,7286,test,test,train,NONE
LH_741,741,/home/ml/thesis-camels/data/raw/CAMELS_SIMBA_1000U,row_universe_id=LH_741;universe_index=741;omega_m=0.3334,0.20000,/home/ml/thesis-camels/data/raw/CAMELS_SIMBA_1000U/LH_741_hlist_0.20000.list,true,7432,7432,0.25000,/home/ml/thesis-camels/data/raw/CAMELS_SIMBA_1000U/LH_741_hlist_0.25000.list,true,7931,7931,0.51209,/home/ml/thesis-camels/data/raw/CAMELS_SIMBA_1000U/LH_741_hlist_0.51209.list,true,6664,6664,0.75065,/home/ml/thesis-camels/data/raw/CAMELS_SIMBA_1000U/LH_741_hlist_0.75065.list,true,5639,5639,1.00000,/home/ml/thesis-camels/data/raw/CAMELS_SIMBA_1000U/LH_741_hlist_1.00000.list,true,5511,5511,validation,test,test,NONE
LH_742,742,/home/ml/thesis-camels/data/raw/CAMELS_SIMBA_1000U,row_universe_id=LH_742;universe_index=742;omega_m=0.1026,0.20000,/home/ml/thesis-camels/data/raw/CAMELS_SIMBA_1000U/LH_742_hlist_0.20000.list,true,346,346,0.25000,/home/ml/thesis-camels/data/raw/CAMELS_SIMBA_1000U/LH_742_hlist_0.25000.list,true,948,948,0.51209,/home/ml/thesis-camels/data/raw/CAMELS_SIMBA_1000U/LH_742_hlist_0.51209.list,true,3046,3046,0.75065,/home/ml/thesis-camels/data/raw/CAMELS_SIMBA_1000U/LH_742_hlist_0.75065.list,true,3805,3805,1.00000,/home/ml/thesis-camels/data/raw/CAMELS_SIMBA_1000U/LH_742_hlist_1.00000.list,true,4586,4586,test,train,train,NONE
LH_743,743,/home/ml/thesis-camels/data/raw/CAMELS_SIMBA_1000U,row_universe_id=LH_743;universe_index=743;omega_m=0.3926,0.20000,/home/ml/thesis-camels/data/raw/CAMELS_SIMBA_1000U/LH_743_hlist_0.20000.list,true,6418,6418,0.25000,/home/ml/thesis-camels/data/raw/CAMELS_SIMBA_1000U/LH_743_hlist_0.25000.list,true,7697,7697,0.51209,/home/ml/thesis-camels/data/raw/CAMELS_SIMBA_1000U/LH_743_hlist_0.51209.list,true,7786,7786,0.75065,/home/ml/thesis-camels/data/raw/CAMELS_SIMBA_1000U/LH_743_hlist_0.75065.list,true,6676,6676,1.00000,/home/ml/thesis-camels/data/raw/CAMELS_SIMBA_1000U/LH_743_hlist_1.00000.list,true,6448,6448,test,train,test,NONE
LH_744,744,/home/ml/thesis-camels/data/raw/CAMELS_SIMBA_1000U,row_universe_id=LH_744;universe_index=744;omega_m=0.2958,0.20000,/home/ml/thesis-camels/data/raw/CAMELS_SIMBA_1000U/LH_744_hlist_0.20000.list,true,6732,6732,0.25000,/home/ml/thesis-camels/data/raw/CAMELS_SIMBA_1000U/LH_744_hlist_0.25000.list,true,7603,7603,0.51209,/home/ml/thesis-camels/data/raw/CAMELS_SIMBA_1000U/LH_744_hlist_0.51209.list,true,7239,7239,0.75065,/home/ml/thesis-camels/data/raw/CAMELS_SIMBA_1000U/LH_744_hlist_0.75065.list,true,6269,6269,1.00000,/home/ml/thesis-camels/data/raw/CAMELS_SIMBA_1000U/LH_744_hlist_1.00000.list,true,6272,6272,train,validation,train,NONE
LH_745,745,/home/ml/thesis-camels/data/raw/CAMELS_SIMBA_1000U,row_universe_id=LH_745;universe_index=745;omega_m=0.2194,0.20000,/home/ml/thesis-camels/data/raw/CAMELS_SIMBA_1000U/LH_745_hlist_0.20000.list,true,2346,2346,0.25000,/home/ml/thesis-camels/data/raw/CAMELS_SIMBA_1000U/LH_745_hlist_0.25000.list,true,4056,4056,0.51209,/home/ml/thesis-camels/data/raw/CAMELS_SIMBA_1000U/LH_745_hlist_0.51209.list,true,6873,6873,0.75065,/home/ml/thesis-camels/data/raw/CAMELS_SIMBA_1000U/LH_745_hlist_0.75065.list,true,6924,6924,1.00000,/home/ml/thesis-camels/data/raw/CAMELS_SIMBA_1000U/LH_745_hlist_1.00000.list,true,7316,7316,test,train,train,NONE
LH_746,746,/home/ml/thesis-camels/data/raw/CAMELS_SIMBA_1000U,row_universe_id=LH_746;universe_index=746;omega_m=0.2222,0.20000,/home/ml/thesis-camels/data/raw/CAMELS_SIMBA_1000U/LH_746_hlist_0.20000.list,true,4910,4910,0.25000,/home/ml/thesis-camels/data/raw/CAMELS_SIMBA_1000U/LH_746_hlist_0.25000.list,true,5977,5977,0.51209,/home/ml/thesis-camels/data/raw/CAMELS_SIMBA_1000U/LH_746_hlist_0.51209.list,true,6885,6885,0.75065,/home/ml/thesis-camels/data/raw/CAMELS_SIMBA_1000U/LH_746_hlist_0.75065.list,true,6244,6244,1.00000,/home/ml/thesis-camels/data/raw/CAMELS_SIMBA_1000U/LH_746_hlist_1.00000.list,true,6332,6332,validation,train,train,NONE
LH_747,747,/home/ml/thesis-camels/data/raw/CAMELS_SIMBA_1000U,row_universe_id=LH_747;universe_index=747;omega_m=0.3214,0.20000,/home/ml/thesis-camels/data/raw/CAMELS_SIMBA_1000U/LH_747_hlist_0.20000.list,true,6672,6672,0.25000,/home/ml/thesis-camels/data/raw/CAMELS_SIMBA_1000U/LH_747_hlist_0.25000.list,true,7378,7378,0.51209,/home/ml/thesis-camels/data/raw/CAMELS_SIMBA_1000U/LH_747_hlist_0.51209.list,true,6876,6876,0.75065,/home/ml/thesis-camels/data/raw/CAMELS_SIMBA_1000U/LH_747_hlist_0.75065.list,true,5886,5886,1.00000,/home/ml/thesis-camels/data/raw/CAMELS_SIMBA_1000U/LH_747_hlist_1.00000.list,true,5932,5932,validation,test,train,NONE
LH_748,748,/home/ml/thesis-camels/data/raw/CAMELS_SIMBA_1000U,row_universe_id=LH_748;universe_index=748;omega_m=0.4238,0.20000,/home/ml/thesis-camels/data/raw/CAMELS_SIMBA_1000U/LH_748_hlist_0.20000.list,true,7292,7292,0.25000,/home/ml/thesis-camels/data/raw/CAMELS_SIMBA_1000U/LH_748_hlist_0.25000.list,true,8363,8363,0.51209,/home/ml/thesis-camels/data/raw/CAMELS_SIMBA_1000U/LH_748_hlist_0.51209.list,true,7613,7613,0.75065,/home/ml/thesis-camels/data/raw/CAMELS_SIMBA_1000U/LH_748_hlist_0.75065.list,true,6322,6322,1.00000,/home/ml/thesis-camels/data/raw/CAMELS_SIMBA_1000U/LH_748_hlist_1.00000.list,true,5919,5919,test,validation,train,NONE
LH_749,749,/home/ml/thesis-camels/data/raw/CAMELS_SIMBA_1000U,row_universe_id=LH_749;universe_index=749;omega_m=0.2646,0.20000,/home/ml/thesis-camels/data/raw/CAMELS_SIMBA_1000U/LH_749_hlist_0.20000.list,true,3562,3562,0.25000,/home/ml/thesis-camels/data/raw/CAMELS_SIMBA_1000U/LH_749_hlist_0.25000.list,true,5083,5083,0.51209,/home/ml/thesis-camels/data/raw/CAMELS_SIMBA_1000U/LH_749_hlist_0.51209.list,true,7370,7370,0.75065,/home/ml/thesis-camels/data/raw/CAMELS_SIMBA_1000U/LH_749_hlist_0.75065.list,true,6954,6954,1.00000,/home/ml/thesis-camels/data/raw/CAMELS_SIMBA_1000U/LH_749_hlist_1.00000.list,true,6988,6988,validation,test,test,NONE
LH_750,750,/home/ml/thesis-camels/data/raw/CAMELS_SIMBA_1000U,row_universe_id=LH_750;universe_index=750;omega_m=0.4614,0.20000,/home/ml/thesis-camels/data/raw/CAMELS_SIMBA_1000U/LH_750_hlist_0.20000.list,true,5606,5606,0.25000,/home/ml/thesis-camels/data/raw/CAMELS_SIMBA_1000U/LH_750_hlist_0.25000.list,true,6918,6918,0.51209,/home/ml/thesis-camels/data/raw/CAMELS_SIMBA_1000U/LH_750_hlist_0.51209.list,true,8411,8411,0.75065,/home/ml/thesis-camels/data/raw/CAMELS_SIMBA_1000U/LH_750_hlist_0.75065.list,true,7604,7604,1.00000,/home/ml/thesis-camels/data/raw/CAMELS_SIMBA_1000U/LH_750_hlist_1.00000.list,true,7114,7114,train,train,train,NONE
LH_751,751,/home/ml/thesis-camels/data/raw/CAMELS_SIMBA_1000U,row_universe_id=LH_751;universe_index=751;omega_m=0.289,0.20000,/home/ml/thesis-camels/data/raw/CAMELS_SIMBA_1000U/LH_751_hlist_0.20000.list,true,5848,5848,0.25000,/home/ml/thesis-camels/data/raw/CAMELS_SIMBA_1000U/LH_751_hlist_0.25000.list,true,6917,6917,0.51209,/home/ml/thesis-camels/data/raw/CAMELS_SIMBA_1000U/LH_751_hlist_0.51209.list,true,7233,7233,0.75065,/home/ml/thesis-camels/data/raw/CAMELS_SIMBA_1000U/LH_751_hlist_0.75065.list,true,6339,6339,1.00000,/home/ml/thesis-camels/data/raw/CAMELS_SIMBA_1000U/LH_751_hlist_1.00000.list,true,6372,6372,train,train,train,NONE
LH_752,752,/home/ml/thesis-camels/data/raw/CAMELS_SIMBA_1000U,row_universe_id=LH_752;universe_index=752;omega_m=0.491,0.20000,/home/ml/thesis-camels/data/raw/CAMELS_SIMBA_1000U/LH_752_hlist_0.20000.list,true,6227,6227,0.25000,/home/ml/thesis-camels/data/raw/CAMELS_SIMBA_1000U/LH_752_hlist_0.25000.list,true,7635,7635,0.51209,/home/ml/thesis-camels/data/raw/CAMELS_SIMBA_1000U/LH_752_hlist_0.51209.list,true,8307,8307,0.75065,/home/ml/thesis-camels/data/raw/CAMELS_SIMBA_1000U/LH_752_hlist_0.75065.list,true,7210,7210,1.00000,/home/ml/thesis-camels/data/raw/CAMELS_SIMBA_1000U/LH_752_hlist_1.00000.list,true,6586,6586,train,train,train,NONE
LH_753,753,/home/ml/thesis-camels/data/raw/CAMELS_SIMBA_1000U,row_universe_id=LH_753;universe_index=753;omega_m=0.377,0.20000,/home/ml/thesis-camels/data/raw/CAMELS_SIMBA_1000U/LH_753_hlist_0.20000.list,true,5721,5721,0.25000,/home/ml/thesis-camels/data/raw/CAMELS_SIMBA_1000U/LH_753_hlist_0.25000.list,true,7091,7091,0.51209,/home/ml/thesis-camels/data/raw/CAMELS_SIMBA_1000U/LH_753_hlist_0.51209.list,true,8404,8404,0.75065,/home/ml/thesis-camels/data/raw/CAMELS_SIMBA_1000U/LH_753_hlist_0.75065.list,true,7594,7594,1.00000,/home/ml/thesis-camels/data/raw/CAMELS_SIMBA_1000U/LH_753_hlist_1.00000.list,true,7380,7380,train,train,train,NONE
LH_754,754,/home/ml/thesis-camels/data/raw/CAMELS_SIMBA_1000U,row_universe_id=LH_754;universe_index=754;omega_m=0.471,0.20000,/home/ml/thesis-camels/data/raw/CAMELS_SIMBA_1000U/LH_754_hlist_0.20000.list,true,8677,8677,0.25000,/home/ml/thesis-camels/data/raw/CAMELS_SIMBA_1000U/LH_754_hlist_0.25000.list,true,9061,9061,0.51209,/home/ml/thesis-camels/data/raw/CAMELS_SIMBA_1000U/LH_754_hlist_0.51209.list,true,7083,7083,0.75065,/home/ml/thesis-camels/data/raw/CAMELS_SIMBA_1000U/LH_754_hlist_0.75065.list,true,5783,5783,1.00000,/home/ml/thesis-camels/data/raw/CAMELS_SIMBA_1000U/LH_754_hlist_1.00000.list,true,5388,5388,train,train,train,NONE
LH_755,755,/home/ml/thesis-camels/data/raw/CAMELS_SIMBA_1000U,row_universe_id=LH_755;universe_index=755;omega_m=0.4806,0.20000,/home/ml/thesis-camels/data/raw/CAMELS_SIMBA_1000U/LH_755_hlist_0.20000.list,true,6658,6658,0.25000,/home/ml/thesis-camels/data/raw/CAMELS_SIMBA_1000U/LH_755_hlist_0.25000.list,true,7886,7886,0.51209,/home/ml/thesis-camels/data/raw/CAMELS_SIMBA_1000U/LH_755_hlist_0.51209.list,true,8461,8461,0.75065,/home/ml/thesis-camels/data/raw/CAMELS_SIMBA_1000U/LH_755_hlist_0.75065.list,true,7423,7423,1.00000,/home/ml/thesis-camels/data/raw/CAMELS_SIMBA_1000U/LH_755_hlist_1.00000.list,true,6848,6848,train,train,train,NONE
LH_756,756,/home/ml/thesis-camels/data/raw/CAMELS_SIMBA_1000U,row_universe_id=LH_756;universe_index=756;omega_m=0.3806,0.20000,/home/ml/thesis-camels/data/raw/CAMELS_SIMBA_1000U/LH_756_hlist_0.20000.list,true,6396,6396,0.25000,/home/ml/thesis-camels/data/raw/CAMELS_SIMBA_1000U/LH_756_hlist_0.25000.list,true,7310,7310,0.51209,/home/ml/thesis-camels/data/raw/CAMELS_SIMBA_1000U/LH_756_hlist_0.51209.list,true,7162,7162,0.75065,/home/ml/thesis-camels/data/raw/CAMELS_SIMBA_1000U/LH_756_hlist_0.75065.list,true,6229,6229,1.00000,/home/ml/thesis-camels/data/raw/CAMELS_SIMBA_1000U/LH_756_hlist_1.00000.list,true,6004,6004,train,train,train,NONE
LH_757,757,/home/ml/thesis-camels/data/raw/CAMELS_SIMBA_1000U,row_universe_id=LH_757;universe_index=757;omega_m=0.2422,0.20000,/home/ml/thesis-camels/data/raw/CAMELS_SIMBA_1000U/LH_757_hlist_0.20000.list,true,1956,1956,0.25000,/home/ml/thesis-camels/data/raw/CAMELS_SIMBA_1000U/LH_757_hlist_0.25000.list,true,3748,3748,0.51209,/home/ml/thesis-camels/data/raw/CAMELS_SIMBA_1000U/LH_757_hlist_0.51209.list,true,7018,7018,0.75065,/home/ml/thesis-camels/data/raw/CAMELS_SIMBA_1000U/LH_757_hlist_0.75065.list,true,6920,6920,1.00000,/home/ml/thesis-camels/data/raw/CAMELS_SIMBA_1000U/LH_757_hlist_1.00000.list,true,7267,7267,train,train,train,NONE
LH_758,758,/home/ml/thesis-camels/data/raw/CAMELS_SIMBA_1000U,row_universe_id=LH_758;universe_index=758;omega_m=0.213,0.20000,/home/ml/thesis-camels/data/raw/CAMELS_SIMBA_1000U/LH_758_hlist_0.20000.list,true,5341,5341,0.25000,/home/ml/thesis-camels/data/raw/CAMELS_SIMBA_1000U/LH_758_hlist_0.25000.list,true,6436,6436,0.51209,/home/ml/thesis-camels/data/raw/CAMELS_SIMBA_1000U/LH_758_hlist_0.51209.list,true,6664,6664,0.75065,/home/ml/thesis-camels/data/raw/CAMELS_SIMBA_1000U/LH_758_hlist_0.75065.list,true,6134,6134,1.00000,/home/ml/thesis-camels/data/raw/CAMELS_SIMBA_1000U/LH_758_hlist_1.00000.list,true,6324,6324,train,train,train,NONE
LH_759,759,/home/ml/thesis-camels/data/raw/CAMELS_SIMBA_1000U,row_universe_id=LH_759;universe_index=759;omega_m=0.1354,0.20000,/home/ml/thesis-camels/data/raw/CAMELS_SIMBA_1000U/LH_759_hlist_0.20000.list,true,2864,2864,0.25000,/home/ml/thesis-camels/data/raw/CAMELS_SIMBA_1000U/LH_759_hlist_0.25000.list,true,4074,4074,0.51209,/home/ml/thesis-camels/data/raw/CAMELS_SIMBA_1000U/LH_759_hlist_0.51209.list,true,4995,4995,0.75065,/home/ml/thesis-camels/data/raw/CAMELS_SIMBA_1000U/LH_759_hlist_0.75065.list,true,5010,5010,1.00000,/home/ml/thesis-camels/data/raw/CAMELS_SIMBA_1000U/LH_759_hlist_1.00000.list,true,5535,5535,train,train,train,NONE
LH_760,760,/home/ml/thesis-camels/data/raw/CAMELS_SIMBA_1000U,row_universe_id=LH_760;universe_index=760;omega_m=0.2494,0.20000,/home/ml/thesis-camels/data/raw/CAMELS_SIMBA_1000U/LH_760_hlist_0.20000.list,true,5283,5283,0.25000,/home/ml/thesis-camels/data/raw/CAMELS_SIMBA_1000U/LH_760_hlist_0.25000.list,true,6437,6437,0.51209,/home/ml/thesis-camels/data/raw/CAMELS_SIMBA_1000U/LH_760_hlist_0.51209.list,true,6565,6565,0.75065,/home/ml/thesis-camels/data/raw/CAMELS_SIMBA_1000U/LH_760_hlist_0.75065.list,true,6016,6016,1.00000,/home/ml/thesis-camels/data/raw/CAMELS_SIMBA_1000U/LH_760_hlist_1.00000.list,true,6170,6170,train,train,train,NONE
LH_761,761,/home/ml/thesis-camels/data/raw/CAMELS_SIMBA_1000U,row_universe_id=LH_761;universe_index=761;omega_m=0.2562,0.20000,/home/ml/thesis-camels/data/raw/CAMELS_SIMBA_1000U/LH_761_hlist_0.20000.list,true,3427,3427,0.25000,/home/ml/thesis-camels/data/raw/CAMELS_SIMBA_1000U/LH_761_hlist_0.25000.list,true,4908,4908,0.51209,/home/ml/thesis-camels/data/raw/CAMELS_SIMBA_1000U/LH_761_hlist_0.51209.list,true,7395,7395,0.75065,/home/ml/thesis-camels/data/raw/CAMELS_SIMBA_1000U/LH_761_hlist_0.75065.list,true,7011,7011,1.00000,/home/ml/thesis-camels/data/raw/CAMELS_SIMBA_1000U/LH_761_hlist_1.00000.list,true,7269,7269,train,train,train,NONE
LH_762,762,/home/ml/thesis-camels/data/raw/CAMELS_SIMBA_1000U,row_universe_id=LH_762;universe_index=762;omega_m=0.2742,0.20000,/home/ml/thesis-camels/data/raw/CAMELS_SIMBA_1000U/LH_762_hlist_0.20000.list,true,4646,4646,0.25000,/home/ml/thesis-camels/data/raw/CAMELS_SIMBA_1000U/LH_762_hlist_0.25000.list,true,5940,5940,0.51209,/home/ml/thesis-camels/data/raw/CAMELS_SIMBA_1000U/LH_762_hlist_0.51209.list,true,6911,6911,0.75065,/home/ml/thesis-camels/data/raw/CAMELS_SIMBA_1000U/LH_762_hlist_0.75065.list,true,6343,6343,1.00000,/home/ml/thesis-camels/data/raw/CAMELS_SIMBA_1000U/LH_762_hlist_1.00000.list,true,6442,6442,train,train,train,NONE
LH_763,763,/home/ml/thesis-camels/data/raw/CAMELS_SIMBA_1000U,row_universe_id=LH_763;universe_index=763;omega_m=0.2338,0.20000,/home/ml/thesis-camels/data/raw/CAMELS_SIMBA_1000U/LH_763_hlist_0.20000.list,true,3674,3674,0.25000,/home/ml/thesis-camels/data/raw/CAMELS_SIMBA_1000U/LH_763_hlist_0.25000.list,true,5104,5104,0.51209,/home/ml/thesis-camels/data/raw/CAMELS_SIMBA_1000U/LH_763_hlist_0.51209.list,true,6706,6706,0.75065,/home/ml/thesis-camels/data/raw/CAMELS_SIMBA_1000U/LH_763_hlist_0.75065.list,true,6510,6510,1.00000,/home/ml/thesis-camels/data/raw/CAMELS_SIMBA_1000U/LH_763_hlist_1.00000.list,true,6805,6805,train,train,train,NONE
LH_764,764,/home/ml/thesis-camels/data/raw/CAMELS_SIMBA_1000U,row_universe_id=LH_764;universe_index=764;omega_m=0.3798,0.20000,/home/ml/thesis-camels/data/raw/CAMELS_SIMBA_1000U/LH_764_hlist_0.20000.list,true,7165,7165,0.25000,/home/ml/thesis-camels/data/raw/CAMELS_SIMBA_1000U/LH_764_hlist_0.25000.list,true,8037,8037,0.51209,/home/ml/thesis-camels/data/raw/CAMELS_SIMBA_1000U/LH_764_hlist_0.51209.list,true,7457,7457,0.75065,/home/ml/thesis-camels/data/raw/CAMELS_SIMBA_1000U/LH_764_hlist_0.75065.list,true,6503,6503,1.00000,/home/ml/thesis-camels/data/raw/CAMELS_SIMBA_1000U/LH_764_hlist_1.00000.list,true,6307,6307,train,train,train,NONE
LH_765,765,/home/ml/thesis-camels/data/raw/CAMELS_SIMBA_1000U,row_universe_id=LH_765;universe_index=765;omega_m=0.1246,0.20000,/home/ml/thesis-camels/data/raw/CAMELS_SIMBA_1000U/LH_765_hlist_0.20000.list,true,2518,2518,0.25000,/home/ml/thesis-camels/data/raw/CAMELS_SIMBA_1000U/LH_765_hlist_0.25000.list,true,3714,3714,0.51209,/home/ml/thesis-camels/data/raw/CAMELS_SIMBA_1000U/LH_765_hlist_0.51209.list,true,4515,4515,0.75065,/home/ml/thesis-camels/data/raw/CAMELS_SIMBA_1000U/LH_765_hlist_0.75065.list,true,4625,4625,1.00000,/home/ml/thesis-camels/data/raw/CAMELS_SIMBA_1000U/LH_765_hlist_1.00000.list,true,5046,5046,train,train,train,NONE
LH_766,766,/home/ml/thesis-camels/data/raw/CAMELS_SIMBA_1000U,row_universe_id=LH_766;universe_index=766;omega_m=0.1842,0.20000,/home/ml/thesis-camels/data/raw/CAMELS_SIMBA_1000U/LH_766_hlist_0.20000.list,true,1137,1137,0.25000,/home/ml/thesis-camels/data/raw/CAMELS_SIMBA_1000U/LH_766_hlist_0.25000.list,true,2654,2654,0.51209,/home/ml/thesis-camels/data/raw/CAMELS_SIMBA_1000U/LH_766_hlist_0.51209.list,true,5945,5945,0.75065,/home/ml/thesis-camels/data/raw/CAMELS_SIMBA_1000U/LH_766_hlist_0.75065.list,true,6286,6286,1.00000,/home/ml/thesis-camels/data/raw/CAMELS_SIMBA_1000U/LH_766_hlist_1.00000.list,true,6833,6833,train,train,train,NONE
LH_767,767,/home/ml/thesis-camels/data/raw/CAMELS_SIMBA_1000U,row_universe_id=LH_767;universe_index=767;omega_m=0.159,0.20000,/home/ml/thesis-camels/data/raw/CAMELS_SIMBA_1000U/LH_767_hlist_0.20000.list,true,1667,1667,0.25000,/home/ml/thesis-camels/data/raw/CAMELS_SIMBA_1000U/LH_767_hlist_0.25000.list,true,2987,2987,0.51209,/home/ml/thesis-camels/data/raw/CAMELS_SIMBA_1000U/LH_767_hlist_0.51209.list,true,5141,5141,0.75065,/home/ml/thesis-camels/data/raw/CAMELS_SIMBA_1000U/LH_767_hlist_0.75065.list,true,5435,5435,1.00000,/home/ml/thesis-camels/data/raw/CAMELS_SIMBA_1000U/LH_767_hlist_1.00000.list,true,5912,5912,train,train,train,NONE
LH_768,768,/home/ml/thesis-camels/data/raw/CAMELS_SIMBA_1000U,row_universe_id=LH_768;universe_index=768;omega_m=0.2162,0.20000,/home/ml/thesis-camels/data/raw/CAMELS_SIMBA_1000U/LH_768_hlist_0.20000.list,true,5393,5393,0.25000,/home/ml/thesis-camels/data/raw/CAMELS_SIMBA_1000U/LH_768_hlist_0.25000.list,true,6475,6475,0.51209,/home/ml/thesis-camels/data/raw/CAMELS_SIMBA_1000U/LH_768_hlist_0.51209.list,true,6314,6314,0.75065,/home/ml/thesis-camels/data/raw/CAMELS_SIMBA_1000U/LH_768_hlist_0.75065.list,true,5654,5654,1.00000,/home/ml/thesis-camels/data/raw/CAMELS_SIMBA_1000U/LH_768_hlist_1.00000.list,true,5823,5823,train,train,train,NONE
LH_769,769,/home/ml/thesis-camels/data/raw/CAMELS_SIMBA_1000U,row_universe_id=LH_769;universe_index=769;omega_m=0.1794,0.20000,/home/ml/thesis-camels/data/raw/CAMELS_SIMBA_1000U/LH_769_hlist_0.20000.list,true,2276,2276,0.25000,/home/ml/thesis-camels/data/raw/CAMELS_SIMBA_1000U/LH_769_hlist_0.25000.list,true,3728,3728,0.51209,/home/ml/thesis-camels/data/raw/CAMELS_SIMBA_1000U/LH_769_hlist_0.51209.list,true,6065,6065,0.75065,/home/ml/thesis-camels/data/raw/CAMELS_SIMBA_1000U/LH_769_hlist_0.75065.list,true,6274,6274,1.00000,/home/ml/thesis-camels/data/raw/CAMELS_SIMBA_1000U/LH_769_hlist_1.00000.list,true,6759,6759,train,train,train,NONE
LH_770,770,/home/ml/thesis-camels/data/raw/CAMELS_SIMBA_1000U,row_universe_id=LH_770;universe_index=770;omega_m=0.2134,0.20000,/home/ml/thesis-camels/data/raw/CAMELS_SIMBA_1000U/LH_770_hlist_0.20000.list,true,4544,4544,0.25000,/home/ml/thesis-camels/data/raw/CAMELS_SIMBA_1000U/LH_770_hlist_0.25000.list,true,5866,5866,0.51209,/home/ml/thesis-camels/data/raw/CAMELS_SIMBA_1000U/LH_770_hlist_0.51209.list,true,6238,6238,0.75065,/home/ml/thesis-camels/data/raw/CAMELS_SIMBA_1000U/LH_770_hlist_0.75065.list,true,5703,5703,1.00000,/home/ml/thesis-camels/data/raw/CAMELS_SIMBA_1000U/LH_770_hlist_1.00000.list,true,5906,5906,train,train,train,NONE
LH_771,771,/home/ml/thesis-camels/data/raw/CAMELS_SIMBA_1000U,row_universe_id=LH_771;universe_index=771;omega_m=0.3778,0.20000,/home/ml/thesis-camels/data/raw/CAMELS_SIMBA_1000U/LH_771_hlist_0.20000.list,true,6299,6299,0.25000,/home/ml/thesis-camels/data/raw/CAMELS_SIMBA_1000U/LH_771_hlist_0.25000.list,true,7718,7718,0.51209,/home/ml/thesis-camels/data/raw/CAMELS_SIMBA_1000U/LH_771_hlist_0.51209.list,true,8082,8082,0.75065,/home/ml/thesis-camels/data/raw/CAMELS_SIMBA_1000U/LH_771_hlist_0.75065.list,true,6962,6962,1.00000,/home/ml/thesis-camels/data/raw/CAMELS_SIMBA_1000U/LH_771_hlist_1.00000.list,true,6765,6765,train,train,train,NONE
LH_772,772,/home/ml/thesis-camels/data/raw/CAMELS_SIMBA_1000U,row_universe_id=LH_772;universe_index=772;omega_m=0.3238,0.20000,/home/ml/thesis-camels/data/raw/CAMELS_SIMBA_1000U/LH_772_hlist_0.20000.list,true,5992,5992,0.25000,/home/ml/thesis-camels/data/raw/CAMELS_SIMBA_1000U/LH_772_hlist_0.25000.list,true,7010,7010,0.51209,/home/ml/thesis-camels/data/raw/CAMELS_SIMBA_1000U/LH_772_hlist_0.51209.list,true,7383,7383,0.75065,/home/ml/thesis-camels/data/raw/CAMELS_SIMBA_1000U/LH_772_hlist_0.75065.list,true,6561,6561,1.00000,/home/ml/thesis-camels/data/raw/CAMELS_SIMBA_1000U/LH_772_hlist_1.00000.list,true,6430,6430,train,train,train,NONE
LH_773,773,/home/ml/thesis-camels/data/raw/CAMELS_SIMBA_1000U,row_universe_id=LH_773;universe_index=773;omega_m=0.327,0.20000,/home/ml/thesis-camels/data/raw/CAMELS_SIMBA_1000U/LH_773_hlist_0.20000.list,true,3332,3332,0.25000,/home/ml/thesis-camels/data/raw/CAMELS_SIMBA_1000U/LH_773_hlist_0.25000.list,true,5171,5171,0.51209,/home/ml/thesis-camels/data/raw/CAMELS_SIMBA_1000U/LH_773_hlist_0.51209.list,true,7936,7936,0.75065,/home/ml/thesis-camels/data/raw/CAMELS_SIMBA_1000U/LH_773_hlist_0.75065.list,true,7607,7607,1.00000,/home/ml/thesis-camels/data/raw/CAMELS_SIMBA_1000U/LH_773_hlist_1.00000.list,true,7629,7629,train,train,train,NONE
LH_774,774,/home/ml/thesis-camels/data/raw/CAMELS_SIMBA_1000U,row_universe_id=LH_774;universe_index=774;omega_m=0.4034,0.20000,/home/ml/thesis-camels/data/raw/CAMELS_SIMBA_1000U/LH_774_hlist_0.20000.list,true,4078,4078,0.25000,/home/ml/thesis-camels/data/raw/CAMELS_SIMBA_1000U/LH_774_hlist_0.25000.list,true,5553,5553,0.51209,/home/ml/thesis-camels/data/raw/CAMELS_SIMBA_1000U/LH_774_hlist_0.51209.list,true,8374,8374,0.75065,/home/ml/thesis-camels/data/raw/CAMELS_SIMBA_1000U/LH_774_hlist_0.75065.list,true,7711,7711,1.00000,/home/ml/thesis-camels/data/raw/CAMELS_SIMBA_1000U/LH_774_hlist_1.00000.list,true,7597,7597,train,train,train,NONE
LH_775,775,/home/ml/thesis-camels/data/raw/CAMELS_SIMBA_1000U,row_universe_id=LH_775;universe_index=775;omega_m=0.1138,0.20000,/home/ml/thesis-camels/data/raw/CAMELS_SIMBA_1000U/LH_775_hlist_0.20000.list,true,1931,1931,0.25000,/home/ml/thesis-camels/data/raw/CAMELS_SIMBA_1000U/LH_775_hlist_0.25000.list,true,3004,3004,0.51209,/home/ml/thesis-camels/data/raw/CAMELS_SIMBA_1000U/LH_775_hlist_0.51209.list,true,4300,4300,0.75065,/home/ml/thesis-camels/data/raw/CAMELS_SIMBA_1000U/LH_775_hlist_0.75065.list,true,4448,4448,1.00000,/home/ml/thesis-camels/data/raw/CAMELS_SIMBA_1000U/LH_775_hlist_1.00000.list,true,4911,4911,train,train,train,NONE
LH_776,776,/home/ml/thesis-camels/data/raw/CAMELS_SIMBA_1000U,row_universe_id=LH_776;universe_index=776;omega_m=0.1426,0.20000,/home/ml/thesis-camels/data/raw/CAMELS_SIMBA_1000U/LH_776_hlist_0.20000.list,true,1109,1109,0.25000,/home/ml/thesis-camels/data/raw/CAMELS_SIMBA_1000U/LH_776_hlist_0.25000.list,true,2235,2235,0.51209,/home/ml/thesis-camels/data/raw/CAMELS_SIMBA_1000U/LH_776_hlist_0.51209.list,true,5197,5197,0.75065,/home/ml/thesis-camels/data/raw/CAMELS_SIMBA_1000U/LH_776_hlist_0.75065.list,true,5846,5846,1.00000,/home/ml/thesis-camels/data/raw/CAMELS_SIMBA_1000U/LH_776_hlist_1.00000.list,true,6503,6503,train,train,train,NONE
LH_777,777,/home/ml/thesis-camels/data/raw/CAMELS_SIMBA_1000U,row_universe_id=LH_777;universe_index=777;omega_m=0.243,0.20000,/home/ml/thesis-camels/data/raw/CAMELS_SIMBA_1000U/LH_777_hlist_0.20000.list,true,5656,5656,0.25000,/home/ml/thesis-camels/data/raw/CAMELS_SIMBA_1000U/LH_777_hlist_0.25000.list,true,6683,6683,0.51209,/home/ml/thesis-camels/data/raw/CAMELS_SIMBA_1000U/LH_777_hlist_0.51209.list,true,6456,6456,0.75065,/home/ml/thesis-camels/data/raw/CAMELS_SIMBA_1000U/LH_777_hlist_0.75065.list,true,6011,6011,1.00000,/home/ml/thesis-camels/data/raw/CAMELS_SIMBA_1000U/LH_777_hlist_1.00000.list,true,5967,5967,train,train,train,NONE
LH_778,778,/home/ml/thesis-camels/data/raw/CAMELS_SIMBA_1000U,row_universe_id=LH_778;universe_index=778;omega_m=0.3378,0.20000,/home/ml/thesis-camels/data/raw/CAMELS_SIMBA_1000U/LH_778_hlist_0.20000.list,true,3569,3569,0.25000,/home/ml/thesis-camels/data/raw/CAMELS_SIMBA_1000U/LH_778_hlist_0.25000.list,true,5186,5186,0.51209,/home/ml/thesis-camels/data/raw/CAMELS_SIMBA_1000U/LH_778_hlist_0.51209.list,true,8134,8134,0.75065,/home/ml/thesis-camels/data/raw/CAMELS_SIMBA_1000U/LH_778_hlist_0.75065.list,true,7596,7596,1.00000,/home/ml/thesis-camels/data/raw/CAMELS_SIMBA_1000U/LH_778_hlist_1.00000.list,true,7616,7616,train,train,train,NONE
LH_779,779,/home/ml/thesis-camels/data/raw/CAMELS_SIMBA_1000U,row_universe_id=LH_779;universe_index=779;omega_m=0.1154,0.20000,/home/ml/thesis-camels/data/raw/CAMELS_SIMBA_1000U/LH_779_hlist_0.20000.list,true,315,315,0.25000,/home/ml/thesis-camels/data/raw/CAMELS_SIMBA_1000U/LH_779_hlist_0.25000.list,true,1091,1091,0.51209,/home/ml/thesis-camels/data/raw/CAMELS_SIMBA_1000U/LH_779_hlist_0.51209.list,true,3807,3807,0.75065,/home/ml/thesis-camels/data/raw/CAMELS_SIMBA_1000U/LH_779_hlist_0.75065.list,true,4388,4388,1.00000,/home/ml/thesis-camels/data/raw/CAMELS_SIMBA_1000U/LH_779_hlist_1.00000.list,true,5146,5146,train,train,train,NONE
LH_780,780,/home/ml/thesis-camels/data/raw/CAMELS_SIMBA_1000U,row_universe_id=LH_780;universe_index=780;omega_m=0.2446,0.20000,/home/ml/thesis-camels/data/raw/CAMELS_SIMBA_1000U/LH_780_hlist_0.20000.list,true,3722,3722,0.25000,/home/ml/thesis-camels/data/raw/CAMELS_SIMBA_1000U/LH_780_hlist_0.25000.list,true,5412,5412,0.51209,/home/ml/thesis-camels/data/raw/CAMELS_SIMBA_1000U/LH_780_hlist_0.51209.list,true,6495,6495,0.75065,/home/ml/thesis-camels/data/raw/CAMELS_SIMBA_1000U/LH_780_hlist_0.75065.list,true,6073,6073,1.00000,/home/ml/thesis-camels/data/raw/CAMELS_SIMBA_1000U/LH_780_hlist_1.00000.list,true,6207,6207,train,train,train,NONE
LH_781,781,/home/ml/thesis-camels/data/raw/CAMELS_SIMBA_1000U,row_universe_id=LH_781;universe_index=781;omega_m=0.179,0.20000,/home/ml/thesis-camels/data/raw/CAMELS_SIMBA_1000U/LH_781_hlist_0.20000.list,true,1439,1439,0.25000,/home/ml/thesis-camels/data/raw/CAMELS_SIMBA_1000U/LH_781_hlist_0.25000.list,true,2770,2770,0.51209,/home/ml/thesis-camels/data/raw/CAMELS_SIMBA_1000U/LH_781_hlist_0.51209.list,true,5761,5761,0.75065,/home/ml/thesis-camels/data/raw/CAMELS_SIMBA_1000U/LH_781_hlist_0.75065.list,true,6062,6062,1.00000,/home/ml/thesis-camels/data/raw/CAMELS_SIMBA_1000U/LH_781_hlist_1.00000.list,true,6551,6551,train,train,train,NONE
LH_782,782,/home/ml/thesis-camels/data/raw/CAMELS_SIMBA_1000U,row_universe_id=LH_782;universe_index=782;omega_m=0.1946,0.20000,/home/ml/thesis-camels/data/raw/CAMELS_SIMBA_1000U/LH_782_hlist_0.20000.list,true,3768,3768,0.25000,/home/ml/thesis-camels/data/raw/CAMELS_SIMBA_1000U/LH_782_hlist_0.25000.list,true,5088,5088,0.51209,/home/ml/thesis-camels/data/raw/CAMELS_SIMBA_1000U/LH_782_hlist_0.51209.list,true,6528,6528,0.75065,/home/ml/thesis-camels/data/raw/CAMELS_SIMBA_1000U/LH_782_hlist_0.75065.list,true,6369,6369,1.00000,/home/ml/thesis-camels/data/raw/CAMELS_SIMBA_1000U/LH_782_hlist_1.00000.list,true,6609,6609,train,train,train,NONE
LH_783,783,/home/ml/thesis-camels/data/raw/CAMELS_SIMBA_1000U,row_universe_id=LH_783;universe_index=783;omega_m=0.1022,0.20000,/home/ml/thesis-camels/data/raw/CAMELS_SIMBA_1000U/LH_783_hlist_0.20000.list,true,568,568,0.25000,/home/ml/thesis-camels/data/raw/CAMELS_SIMBA_1000U/LH_783_hlist_0.25000.list,true,1367,1367,0.51209,/home/ml/thesis-camels/data/raw/CAMELS_SIMBA_1000U/LH_783_hlist_0.51209.list,true,3593,3593,0.75065,/home/ml/thesis-camels/data/raw/CAMELS_SIMBA_1000U/LH_783_hlist_0.75065.list,true,3962,3962,1.00000,/home/ml/thesis-camels/data/raw/CAMELS_SIMBA_1000U/LH_783_hlist_1.00000.list,true,4573,4573,train,train,train,NONE
LH_784,784,/home/ml/thesis-camels/data/raw/CAMELS_SIMBA_1000U,row_universe_id=LH_784;universe_index=784;omega_m=0.3638,0.20000,/home/ml/thesis-camels/data/raw/CAMELS_SIMBA_1000U/LH_784_hlist_0.20000.list,true,5298,5298,0.25000,/home/ml/thesis-camels/data/raw/CAMELS_SIMBA_1000U/LH_784_hlist_0.25000.list,true,6824,6824,0.51209,/home/ml/thesis-camels/data/raw/CAMELS_SIMBA_1000U/LH_784_hlist_0.51209.list,true,7994,7994,0.75065,/home/ml/thesis-camels/data/raw/CAMELS_SIMBA_1000U/LH_784_hlist_0.75065.list,true,7151,7151,1.00000,/home/ml/thesis-camels/data/raw/CAMELS_SIMBA_1000U/LH_784_hlist_1.00000.list,true,7092,7092,train,train,train,NONE
LH_785,785,/home/ml/thesis-camels/data/raw/CAMELS_SIMBA_1000U,row_universe_id=LH_785;universe_index=785;omega_m=0.1438,0.20000,/home/ml/thesis-camels/data/raw/CAMELS_SIMBA_1000U/LH_785_hlist_0.20000.list,true,3087,3087,0.25000,/home/ml/thesis-camels/data/raw/CAMELS_SIMBA_1000U/LH_785_hlist_0.25000.list,true,4300,4300,0.51209,/home/ml/thesis-camels/data/raw/CAMELS_SIMBA_1000U/LH_785_hlist_0.51209.list,true,5227,5227,0.75065,/home/ml/thesis-camels/data/raw/CAMELS_SIMBA_1000U/LH_785_hlist_0.75065.list,true,5217,5217,1.00000,/home/ml/thesis-camels/data/raw/CAMELS_SIMBA_1000U/LH_785_hlist_1.00000.list,true,5631,5631,train,train,train,NONE
LH_786,786,/home/ml/thesis-camels/data/raw/CAMELS_SIMBA_1000U,row_universe_id=LH_786;universe_index=786;omega_m=0.2918,0.20000,/home/ml/thesis-camels/data/raw/CAMELS_SIMBA_1000U/LH_786_hlist_0.20000.list,true,2892,2892,0.25000,/home/ml/thesis-camels/data/raw/CAMELS_SIMBA_1000U/LH_786_hlist_0.25000.list,true,4595,4595,0.51209,/home/ml/thesis-camels/data/raw/CAMELS_SIMBA_1000U/LH_786_hlist_0.51209.list,true,7468,7468,0.75065,/home/ml/thesis-camels/data/raw/CAMELS_SIMBA_1000U/LH_786_hlist_0.75065.list,true,6971,6971,1.00000,/home/ml/thesis-camels/data/raw/CAMELS_SIMBA_1000U/LH_786_hlist_1.00000.list,true,7156,7156,train,train,train,NONE
LH_787,787,/home/ml/thesis-camels/data/raw/CAMELS_SIMBA_1000U,row_universe_id=LH_787;universe_index=787;omega_m=0.2246,0.20000,/home/ml/thesis-camels/data/raw/CAMELS_SIMBA_1000U/LH_787_hlist_0.20000.list,true,2124,2124,0.25000,/home/ml/thesis-camels/data/raw/CAMELS_SIMBA_1000U/LH_787_hlist_0.25000.list,true,3647,3647,0.51209,/home/ml/thesis-camels/data/raw/CAMELS_SIMBA_1000U/LH_787_hlist_0.51209.list,true,6803,6803,0.75065,/home/ml/thesis-camels/data/raw/CAMELS_SIMBA_1000U/LH_787_hlist_0.75065.list,true,6963,6963,1.00000,/home/ml/thesis-camels/data/raw/CAMELS_SIMBA_1000U/LH_787_hlist_1.00000.list,true,7416,7416,train,train,train,NONE
LH_788,788,/home/ml/thesis-camels/data/raw/CAMELS_SIMBA_1000U,row_universe_id=LH_788;universe_index=788;omega_m=0.1338,0.20000,/home/ml/thesis-camels/data/raw/CAMELS_SIMBA_1000U/LH_788_hlist_0.20000.list,true,2343,2343,0.25000,/home/ml/thesis-camels/data/raw/CAMELS_SIMBA_1000U/LH_788_hlist_0.25000.list,true,3781,3781,0.51209,/home/ml/thesis-camels/data/raw/CAMELS_SIMBA_1000U/LH_788_hlist_0.51209.list,true,5270,5270,0.75065,/home/ml/thesis-camels/data/raw/CAMELS_SIMBA_1000U/LH_788_hlist_0.75065.list,true,5365,5365,1.00000,/home/ml/thesis-camels/data/raw/CAMELS_SIMBA_1000U/LH_788_hlist_1.00000.list,true,5793,5793,train,train,train,NONE
LH_789,789,/home/ml/thesis-camels/data/raw/CAMELS_SIMBA_1000U,row_universe_id=LH_789;universe_index=789;omega_m=0.429,0.20000,/home/ml/thesis-camels/data/raw/CAMELS_SIMBA_1000U/LH_789_hlist_0.20000.list,true,7141,7141,0.25000,/home/ml/thesis-camels/data/raw/CAMELS_SIMBA_1000U/LH_789_hlist_0.25000.list,true,7969,7969,0.51209,/home/ml/thesis-camels/data/raw/CAMELS_SIMBA_1000U/LH_789_hlist_0.51209.list,true,7457,7457,0.75065,/home/ml/thesis-camels/data/raw/CAMELS_SIMBA_1000U/LH_789_hlist_0.75065.list,true,6298,6298,1.00000,/home/ml/thesis-camels/data/raw/CAMELS_SIMBA_1000U/LH_789_hlist_1.00000.list,true,5970,5970,train,train,train,NONE
LH_790,790,/home/ml/thesis-camels/data/raw/CAMELS_SIMBA_1000U,row_universe_id=LH_790;universe_index=790;omega_m=0.2734,0.20000,/home/ml/thesis-camels/data/raw/CAMELS_SIMBA_1000U/LH_790_hlist_0.20000.list,true,5600,5600,0.25000,/home/ml/thesis-camels/data/raw/CAMELS_SIMBA_1000U/LH_790_hlist_0.25000.list,true,6809,6809,0.51209,/home/ml/thesis-camels/data/raw/CAMELS_SIMBA_1000U/LH_790_hlist_0.51209.list,true,7237,7237,0.75065,/home/ml/thesis-camels/data/raw/CAMELS_SIMBA_1000U/LH_790_hlist_0.75065.list,true,6391,6391,1.00000,/home/ml/thesis-camels/data/raw/CAMELS_SIMBA_1000U/LH_790_hlist_1.00000.list,true,6395,6395,train,train,train,NONE
LH_791,791,/home/ml/thesis-camels/data/raw/CAMELS_SIMBA_1000U,row_universe_id=LH_791;universe_index=791;omega_m=0.343,0.20000,/home/ml/thesis-camels/data/raw/CAMELS_SIMBA_1000U/LH_791_hlist_0.20000.list,true,5575,5575,0.25000,/home/ml/thesis-camels/data/raw/CAMELS_SIMBA_1000U/LH_791_hlist_0.25000.list,true,6887,6887,0.51209,/home/ml/thesis-camels/data/raw/CAMELS_SIMBA_1000U/LH_791_hlist_0.51209.list,true,7751,7751,0.75065,/home/ml/thesis-camels/data/raw/CAMELS_SIMBA_1000U/LH_791_hlist_0.75065.list,true,6822,6822,1.00000,/home/ml/thesis-camels/data/raw/CAMELS_SIMBA_1000U/LH_791_hlist_1.00000.list,true,6777,6777,train,train,train,NONE
LH_792,792,/home/ml/thesis-camels/data/raw/CAMELS_SIMBA_1000U,row_universe_id=LH_792;universe_index=792;omega_m=0.2366,0.20000,/home/ml/thesis-camels/data/raw/CAMELS_SIMBA_1000U/LH_792_hlist_0.20000.list,true,3721,3721,0.25000,/home/ml/thesis-camels/data/raw/CAMELS_SIMBA_1000U/LH_792_hlist_0.25000.list,true,5265,5265,0.51209,/home/ml/thesis-camels/data/raw/CAMELS_SIMBA_1000U/LH_792_hlist_0.51209.list,true,6899,6899,0.75065,/home/ml/thesis-camels/data/raw/CAMELS_SIMBA_1000U/LH_792_hlist_0.75065.list,true,6652,6652,1.00000,/home/ml/thesis-camels/data/raw/CAMELS_SIMBA_1000U/LH_792_hlist_1.00000.list,true,6778,6778,train,train,train,NONE
LH_793,793,/home/ml/thesis-camels/data/raw/CAMELS_SIMBA_1000U,row_universe_id=LH_793;universe_index=793;omega_m=0.3706,0.20000,/home/ml/thesis-camels/data/raw/CAMELS_SIMBA_1000U/LH_793_hlist_0.20000.list,true,7916,7916,0.25000,/home/ml/thesis-camels/data/raw/CAMELS_SIMBA_1000U/LH_793_hlist_0.25000.list,true,8622,8622,0.51209,/home/ml/thesis-camels/data/raw/CAMELS_SIMBA_1000U/LH_793_hlist_0.51209.list,true,7813,7813,0.75065,/home/ml/thesis-camels/data/raw/CAMELS_SIMBA_1000U/LH_793_hlist_0.75065.list,true,6691,6691,1.00000,/home/ml/thesis-camels/data/raw/CAMELS_SIMBA_1000U/LH_793_hlist_1.00000.list,true,6351,6351,train,train,train,NONE
LH_794,794,/home/ml/thesis-camels/data/raw/CAMELS_SIMBA_1000U,row_universe_id=LH_794;universe_index=794;omega_m=0.4802,0.20000,/home/ml/thesis-camels/data/raw/CAMELS_SIMBA_1000U/LH_794_hlist_0.20000.list,true,8645,8645,0.25000,/home/ml/thesis-camels/data/raw/CAMELS_SIMBA_1000U/LH_794_hlist_0.25000.list,true,9267,9267,0.51209,/home/ml/thesis-camels/data/raw/CAMELS_SIMBA_1000U/LH_794_hlist_0.51209.list,true,8103,8103,0.75065,/home/ml/thesis-camels/data/raw/CAMELS_SIMBA_1000U/LH_794_hlist_0.75065.list,true,6538,6538,1.00000,/home/ml/thesis-camels/data/raw/CAMELS_SIMBA_1000U/LH_794_hlist_1.00000.list,true,6140,6140,train,train,train,NONE
LH_795,795,/home/ml/thesis-camels/data/raw/CAMELS_SIMBA_1000U,row_universe_id=LH_795;universe_index=795;omega_m=0.2674,0.20000,/home/ml/thesis-camels/data/raw/CAMELS_SIMBA_1000U/LH_795_hlist_0.20000.list,true,5275,5275,0.25000,/home/ml/thesis-camels/data/raw/CAMELS_SIMBA_1000U/LH_795_hlist_0.25000.list,true,6474,6474,0.51209,/home/ml/thesis-camels/data/raw/CAMELS_SIMBA_1000U/LH_795_hlist_0.51209.list,true,6693,6693,0.75065,/home/ml/thesis-camels/data/raw/CAMELS_SIMBA_1000U/LH_795_hlist_0.75065.list,true,6224,6224,1.00000,/home/ml/thesis-camels/data/raw/CAMELS_SIMBA_1000U/LH_795_hlist_1.00000.list,true,6251,6251,train,train,train,NONE
LH_796,796,/home/ml/thesis-camels/data/raw/CAMELS_SIMBA_1000U,row_universe_id=LH_796;universe_index=796;omega_m=0.3506,0.20000,/home/ml/thesis-camels/data/raw/CAMELS_SIMBA_1000U/LH_796_hlist_0.20000.list,true,7783,7783,0.25000,/home/ml/thesis-camels/data/raw/CAMELS_SIMBA_1000U/LH_796_hlist_0.25000.list,true,8314,8314,0.51209,/home/ml/thesis-camels/data/raw/CAMELS_SIMBA_1000U/LH_796_hlist_0.51209.list,true,6832,6832,0.75065,/home/ml/thesis-camels/data/raw/CAMELS_SIMBA_1000U/LH_796_hlist_0.75065.list,true,5828,5828,1.00000,/home/ml/thesis-camels/data/raw/CAMELS_SIMBA_1000U/LH_796_hlist_1.00000.list,true,5527,5527,train,train,train,NONE
LH_797,797,/home/ml/thesis-camels/data/raw/CAMELS_SIMBA_1000U,row_universe_id=LH_797;universe_index=797;omega_m=0.2326,0.20000,/home/ml/thesis-camels/data/raw/CAMELS_SIMBA_1000U/LH_797_hlist_0.20000.list,true,4875,4875,0.25000,/home/ml/thesis-camels/data/raw/CAMELS_SIMBA_1000U/LH_797_hlist_0.25000.list,true,6284,6284,0.51209,/home/ml/thesis-camels/data/raw/CAMELS_SIMBA_1000U/LH_797_hlist_0.51209.list,true,6580,6580,0.75065,/home/ml/thesis-camels/data/raw/CAMELS_SIMBA_1000U/LH_797_hlist_0.75065.list,true,6053,6053,1.00000,/home/ml/thesis-camels/data/raw/CAMELS_SIMBA_1000U/LH_797_hlist_1.00000.list,true,6245,6245,train,train,train,NONE
LH_798,798,/home/ml/thesis-camels/data/raw/CAMELS_SIMBA_1000U,row_universe_id=LH_798;universe_index=798;omega_m=0.2618,0.20000,/home/ml/thesis-camels/data/raw/CAMELS_SIMBA_1000U/LH_798_hlist_0.20000.list,true,3732,3732,0.25000,/home/ml/thesis-camels/data/raw/CAMELS_SIMBA_1000U/LH_798_hlist_0.25000.list,true,5245,5245,0.51209,/home/ml/thesis-camels/data/raw/CAMELS_SIMBA_1000U/LH_798_hlist_0.51209.list,true,7125,7125,0.75065,/home/ml/thesis-camels/data/raw/CAMELS_SIMBA_1000U/LH_798_hlist_0.75065.list,true,6680,6680,1.00000,/home/ml/thesis-camels/data/raw/CAMELS_SIMBA_1000U/LH_798_hlist_1.00000.list,true,6914,6914,train,train,train,NONE
LH_799,799,/home/ml/thesis-camels/data/raw/CAMELS_SIMBA_1000U,row_universe_id=LH_799;universe_index=799;omega_m=0.3914,0.20000,/home/ml/thesis-camels/data/raw/CAMELS_SIMBA_1000U/LH_799_hlist_0.20000.list,true,7542,7542,0.25000,/home/ml/thesis-camels/data/raw/CAMELS_SIMBA_1000U/LH_799_hlist_0.25000.list,true,8337,8337,0.51209,/home/ml/thesis-camels/data/raw/CAMELS_SIMBA_1000U/LH_799_hlist_0.51209.list,true,7424,7424,0.75065,/home/ml/thesis-camels/data/raw/CAMELS_SIMBA_1000U/LH_799_hlist_0.75065.list,true,6176,6176,1.00000,/home/ml/thesis-camels/data/raw/CAMELS_SIMBA_1000U/LH_799_hlist_1.00000.list,true,5849,5849,train,train,train,NONE
LH_800,800,/home/ml/thesis-camels/data/raw/CAMELS_SIMBA_1000U,row_universe_id=LH_800;universe_index=800;omega_m=0.215,0.20000,/home/ml/thesis-camels/data/raw/CAMELS_SIMBA_1000U/LH_800_hlist_0.20000.list,true,2455,2455,0.25000,/home/ml/thesis-camels/data/raw/CAMELS_SIMBA_1000U/LH_800_hlist_0.25000.list,true,3992,3992,0.51209,/home/ml/thesis-camels/data/raw/CAMELS_SIMBA_1000U/LH_800_hlist_0.51209.list,true,6870,6870,0.75065,/home/ml/thesis-camels/data/raw/CAMELS_SIMBA_1000U/LH_800_hlist_0.75065.list,true,6898,6898,1.00000,/home/ml/thesis-camels/data/raw/CAMELS_SIMBA_1000U/LH_800_hlist_1.00000.list,true,7267,7267,train,train,train,NONE
LH_801,801,/home/ml/thesis-camels/data/raw/CAMELS_SIMBA_1000U,row_universe_id=LH_801;universe_index=801;omega_m=0.3802,0.20000,/home/ml/thesis-camels/data/raw/CAMELS_SIMBA_1000U/LH_801_hlist_0.20000.list,true,6560,6560,0.25000,/home/ml/thesis-camels/data/raw/CAMELS_SIMBA_1000U/LH_801_hlist_0.25000.list,true,7732,7732,0.51209,/home/ml/thesis-camels/data/raw/CAMELS_SIMBA_1000U/LH_801_hlist_0.51209.list,true,7623,7623,0.75065,/home/ml/thesis-camels/data/raw/CAMELS_SIMBA_1000U/LH_801_hlist_0.75065.list,true,6459,6459,1.00000,/home/ml/thesis-camels/data/raw/CAMELS_SIMBA_1000U/LH_801_hlist_1.00000.list,true,6077,6077,train,train,train,NONE
LH_802,802,/home/ml/thesis-camels/data/raw/CAMELS_SIMBA_1000U,row_universe_id=LH_802;universe_index=802;omega_m=0.1002,0.20000,/home/ml/thesis-camels/data/raw/CAMELS_SIMBA_1000U/LH_802_hlist_0.20000.list,true,332,332,0.25000,/home/ml/thesis-camels/data/raw/CAMELS_SIMBA_1000U/LH_802_hlist_0.25000.list,true,899,899,0.51209,/home/ml/thesis-camels/data/raw/CAMELS_SIMBA_1000U/LH_802_hlist_0.51209.list,true,3005,3005,0.75065,/home/ml/thesis-camels/data/raw/CAMELS_SIMBA_1000U/LH_802_hlist_0.75065.list,true,3715,3715,1.00000,/home/ml/thesis-camels/data/raw/CAMELS_SIMBA_1000U/LH_802_hlist_1.00000.list,true,4360,4360,train,train,train,NONE
LH_803,803,/home/ml/thesis-camels/data/raw/CAMELS_SIMBA_1000U,row_universe_id=LH_803;universe_index=803;omega_m=0.1674,0.20000,/home/ml/thesis-camels/data/raw/CAMELS_SIMBA_1000U/LH_803_hlist_0.20000.list,true,1705,1705,0.25000,/home/ml/thesis-camels/data/raw/CAMELS_SIMBA_1000U/LH_803_hlist_0.25000.list,true,3076,3076,0.51209,/home/ml/thesis-camels/data/raw/CAMELS_SIMBA_1000U/LH_803_hlist_0.51209.list,true,5693,5693,0.75065,/home/ml/thesis-camels/data/raw/CAMELS_SIMBA_1000U/LH_803_hlist_0.75065.list,true,5917,5917,1.00000,/home/ml/thesis-camels/data/raw/CAMELS_SIMBA_1000U/LH_803_hlist_1.00000.list,true,6393,6393,train,train,train,NONE
LH_804,804,/home/ml/thesis-camels/data/raw/CAMELS_SIMBA_1000U,row_universe_id=LH_804;universe_index=804;omega_m=0.129,0.20000,/home/ml/thesis-camels/data/raw/CAMELS_SIMBA_1000U/LH_804_hlist_0.20000.list,true,3699,3699,0.25000,/home/ml/thesis-camels/data/raw/CAMELS_SIMBA_1000U/LH_804_hlist_0.25000.list,true,4696,4696,0.51209,/home/ml/thesis-camels/data/raw/CAMELS_SIMBA_1000U/LH_804_hlist_0.51209.list,true,4967,4967,0.75065,/home/ml/thesis-camels/data/raw/CAMELS_SIMBA_1000U/LH_804_hlist_0.75065.list,true,4962,4962,1.00000,/home/ml/thesis-camels/data/raw/CAMELS_SIMBA_1000U/LH_804_hlist_1.00000.list,true,5299,5299,train,train,train,NONE
LH_805,805,/home/ml/thesis-camels/data/raw/CAMELS_SIMBA_1000U,row_universe_id=LH_805;universe_index=805;omega_m=0.413,0.20000,/home/ml/thesis-camels/data/raw/CAMELS_SIMBA_1000U/LH_805_hlist_0.20000.list,true,4504,4504,0.25000,/home/ml/thesis-camels/data/raw/CAMELS_SIMBA_1000U/LH_805_hlist_0.25000.list,true,6077,6077,0.51209,/home/ml/thesis-camels/data/raw/CAMELS_SIMBA_1000U/LH_805_hlist_0.51209.list,true,8235,8235,0.75065,/home/ml/thesis-camels/data/raw/CAMELS_SIMBA_1000U/LH_805_hlist_0.75065.list,true,7585,7585,1.00000,/home/ml/thesis-camels/data/raw/CAMELS_SIMBA_1000U/LH_805_hlist_1.00000.list,true,7413,7413,train,train,train,NONE
LH_806,806,/home/ml/thesis-camels/data/raw/CAMELS_SIMBA_1000U,row_universe_id=LH_806;universe_index=806;omega_m=0.4438,0.20000,/home/ml/thesis-camels/data/raw/CAMELS_SIMBA_1000U/LH_806_hlist_0.20000.list,true,8338,8338,0.25000,/home/ml/thesis-camels/data/raw/CAMELS_SIMBA_1000U/LH_806_hlist_0.25000.list,true,8943,8943,0.51209,/home/ml/thesis-camels/data/raw/CAMELS_SIMBA_1000U/LH_806_hlist_0.51209.list,true,7395,7395,0.75065,/home/ml/thesis-camels/data/raw/CAMELS_SIMBA_1000U/LH_806_hlist_0.75065.list,true,6093,6093,1.00000,/home/ml/thesis-camels/data/raw/CAMELS_SIMBA_1000U/LH_806_hlist_1.00000.list,true,5731,5731,train,train,train,NONE
LH_807,807,/home/ml/thesis-camels/data/raw/CAMELS_SIMBA_1000U,row_universe_id=LH_807;universe_index=807;omega_m=0.3906,0.20000,/home/ml/thesis-camels/data/raw/CAMELS_SIMBA_1000U/LH_807_hlist_0.20000.list,true,7042,7042,0.25000,/home/ml/thesis-camels/data/raw/CAMELS_SIMBA_1000U/LH_807_hlist_0.25000.list,true,7878,7878,0.51209,/home/ml/thesis-camels/data/raw/CAMELS_SIMBA_1000U/LH_807_hlist_0.51209.list,true,7448,7448,0.75065,/home/ml/thesis-camels/data/raw/CAMELS_SIMBA_1000U/LH_807_hlist_0.75065.list,true,6381,6381,1.00000,/home/ml/thesis-camels/data/raw/CAMELS_SIMBA_1000U/LH_807_hlist_1.00000.list,true,6043,6043,train,train,train,NONE
LH_808,808,/home/ml/thesis-camels/data/raw/CAMELS_SIMBA_1000U,row_universe_id=LH_808;universe_index=808;omega_m=0.4178,0.20000,/home/ml/thesis-camels/data/raw/CAMELS_SIMBA_1000U/LH_808_hlist_0.20000.list,true,6253,6253,0.25000,/home/ml/thesis-camels/data/raw/CAMELS_SIMBA_1000U/LH_808_hlist_0.25000.list,true,7491,7491,0.51209,/home/ml/thesis-camels/data/raw/CAMELS_SIMBA_1000U/LH_808_hlist_0.51209.list,true,7749,7749,0.75065,/home/ml/thesis-camels/data/raw/CAMELS_SIMBA_1000U/LH_808_hlist_0.75065.list,true,6890,6890,1.00000,/home/ml/thesis-camels/data/raw/CAMELS_SIMBA_1000U/LH_808_hlist_1.00000.list,true,6487,6487,train,train,train,NONE
LH_809,809,/home/ml/thesis-camels/data/raw/CAMELS_SIMBA_1000U,row_universe_id=LH_809;universe_index=809;omega_m=0.4974,0.20000,/home/ml/thesis-camels/data/raw/CAMELS_SIMBA_1000U/LH_809_hlist_0.20000.list,true,8894,8894,0.25000,/home/ml/thesis-camels/data/raw/CAMELS_SIMBA_1000U/LH_809_hlist_0.25000.list,true,9556,9556,0.51209,/home/ml/thesis-camels/data/raw/CAMELS_SIMBA_1000U/LH_809_hlist_0.51209.list,true,7880,7880,0.75065,/home/ml/thesis-camels/data/raw/CAMELS_SIMBA_1000U/LH_809_hlist_0.75065.list,true,6291,6291,1.00000,/home/ml/thesis-camels/data/raw/CAMELS_SIMBA_1000U/LH_809_hlist_1.00000.list,true,5709,5709,train,train,train,NONE
LH_810,810,/home/ml/thesis-camels/data/raw/CAMELS_SIMBA_1000U,row_universe_id=LH_810;universe_index=810;omega_m=0.3702,0.20000,/home/ml/thesis-camels/data/raw/CAMELS_SIMBA_1000U/LH_810_hlist_0.20000.list,true,6543,6543,0.25000,/home/ml/thesis-camels/data/raw/CAMELS_SIMBA_1000U/LH_810_hlist_0.25000.list,true,7668,7668,0.51209,/home/ml/thesis-camels/data/raw/CAMELS_SIMBA_1000U/LH_810_hlist_0.51209.list,true,7795,7795,0.75065,/home/ml/thesis-camels/data/raw/CAMELS_SIMBA_1000U/LH_810_hlist_0.75065.list,true,6690,6690,1.00000,/home/ml/thesis-camels/data/raw/CAMELS_SIMBA_1000U/LH_810_hlist_1.00000.list,true,6590,6590,train,train,train,NONE
LH_811,811,/home/ml/thesis-camels/data/raw/CAMELS_SIMBA_1000U,row_universe_id=LH_811;universe_index=811;omega_m=0.1098,0.20000,/home/ml/thesis-camels/data/raw/CAMELS_SIMBA_1000U/LH_811_hlist_0.20000.list,true,763,763,0.25000,/home/ml/thesis-camels/data/raw/CAMELS_SIMBA_1000U/LH_811_hlist_0.25000.list,true,1738,1738,0.51209,/home/ml/thesis-camels/data/raw/CAMELS_SIMBA_1000U/LH_811_hlist_0.51209.list,true,4264,4264,0.75065,/home/ml/thesis-camels/data/raw/CAMELS_SIMBA_1000U/LH_811_hlist_0.75065.list,true,4908,4908,1.00000,/home/ml/thesis-camels/data/raw/CAMELS_SIMBA_1000U/LH_811_hlist_1.00000.list,true,5585,5585,train,train,train,NONE
LH_812,812,/home/ml/thesis-camels/data/raw/CAMELS_SIMBA_1000U,row_universe_id=LH_812;universe_index=812;omega_m=0.1318,0.20000,/home/ml/thesis-camels/data/raw/CAMELS_SIMBA_1000U/LH_812_hlist_0.20000.list,true,2119,2119,0.25000,/home/ml/thesis-camels/data/raw/CAMELS_SIMBA_1000U/LH_812_hlist_0.25000.list,true,3365,3365,0.51209,/home/ml/thesis-camels/data/raw/CAMELS_SIMBA_1000U/LH_812_hlist_0.51209.list,true,5028,5028,0.75065,/home/ml/thesis-camels/data/raw/CAMELS_SIMBA_1000U/LH_812_hlist_0.75065.list,true,5222,5222,1.00000,/home/ml/thesis-camels/data/raw/CAMELS_SIMBA_1000U/LH_812_hlist_1.00000.list,true,5617,5617,train,train,train,NONE
LH_813,813,/home/ml/thesis-camels/data/raw/CAMELS_SIMBA_1000U,row_universe_id=LH_813;universe_index=813;omega_m=0.1998,0.20000,/home/ml/thesis-camels/data/raw/CAMELS_SIMBA_1000U/LH_813_hlist_0.20000.list,true,3119,3119,0.25000,/home/ml/thesis-camels/data/raw/CAMELS_SIMBA_1000U/LH_813_hlist_0.25000.list,true,4842,4842,0.51209,/home/ml/thesis-camels/data/raw/CAMELS_SIMBA_1000U/LH_813_hlist_0.51209.list,true,6278,6278,0.75065,/home/ml/thesis-camels/data/raw/CAMELS_SIMBA_1000U/LH_813_hlist_0.75065.list,true,6002,6002,1.00000,/home/ml/thesis-camels/data/raw/CAMELS_SIMBA_1000U/LH_813_hlist_1.00000.list,true,6171,6171,train,train,train,NONE
LH_814,814,/home/ml/thesis-camels/data/raw/CAMELS_SIMBA_1000U,row_universe_id=LH_814;universe_index=814;omega_m=0.4442,0.20000,/home/ml/thesis-camels/data/raw/CAMELS_SIMBA_1000U/LH_814_hlist_0.20000.list,true,8359,8359,0.25000,/home/ml/thesis-camels/data/raw/CAMELS_SIMBA_1000U/LH_814_hlist_0.25000.list,true,9115,9115,0.51209,/home/ml/thesis-camels/data/raw/CAMELS_SIMBA_1000U/LH_814_hlist_0.51209.list,true,7951,7951,0.75065,/home/ml/thesis-camels/data/raw/CAMELS_SIMBA_1000U/LH_814_hlist_0.75065.list,true,6531,6531,1.00000,/home/ml/thesis-camels/data/raw/CAMELS_SIMBA_1000U/LH_814_hlist_1.00000.list,true,6215,6215,train,train,train,NONE
LH_815,815,/home/ml/thesis-camels/data/raw/CAMELS_SIMBA_1000U,row_universe_id=LH_815;universe_index=815;omega_m=0.3298,0.20000,/home/ml/thesis-camels/data/raw/CAMELS_SIMBA_1000U/LH_815_hlist_0.20000.list,true,6836,6836,0.25000,/home/ml/thesis-camels/data/raw/CAMELS_SIMBA_1000U/LH_815_hlist_0.25000.list,true,7701,7701,0.51209,/home/ml/thesis-camels/data/raw/CAMELS_SIMBA_1000U/LH_815_hlist_0.51209.list,true,6751,6751,0.75065,/home/ml/thesis-camels/data/raw/CAMELS_SIMBA_1000U/LH_815_hlist_0.75065.list,true,5700,5700,1.00000,/home/ml/thesis-camels/data/raw/CAMELS_SIMBA_1000U/LH_815_hlist_1.00000.list,true,5398,5398,train,train,train,NONE
LH_816,816,/home/ml/thesis-camels/data/raw/CAMELS_SIMBA_1000U,row_universe_id=LH_816;universe_index=816;omega_m=0.2642,0.20000,/home/ml/thesis-camels/data/raw/CAMELS_SIMBA_1000U/LH_816_hlist_0.20000.list,true,5714,5714,0.25000,/home/ml/thesis-camels/data/raw/CAMELS_SIMBA_1000U/LH_816_hlist_0.25000.list,true,6839,6839,0.51209,/home/ml/thesis-camels/data/raw/CAMELS_SIMBA_1000U/LH_816_hlist_0.51209.list,true,7370,7370,0.75065,/home/ml/thesis-camels/data/raw/CAMELS_SIMBA_1000U/LH_816_hlist_0.75065.list,true,6661,6661,1.00000,/home/ml/thesis-camels/data/raw/CAMELS_SIMBA_1000U/LH_816_hlist_1.00000.list,true,6574,6574,train,train,train,NONE
LH_817,817,/home/ml/thesis-camels/data/raw/CAMELS_SIMBA_1000U,row_universe_id=LH_817;universe_index=817;omega_m=0.1986,0.20000,/home/ml/thesis-camels/data/raw/CAMELS_SIMBA_1000U/LH_817_hlist_0.20000.list,true,3286,3286,0.25000,/home/ml/thesis-camels/data/raw/CAMELS_SIMBA_1000U/LH_817_hlist_0.25000.list,true,4738,4738,0.51209,/home/ml/thesis-camels/data/raw/CAMELS_SIMBA_1000U/LH_817_hlist_0.51209.list,true,6479,6479,0.75065,/home/ml/thesis-camels/data/raw/CAMELS_SIMBA_1000U/LH_817_hlist_0.75065.list,true,6494,6494,1.00000,/home/ml/thesis-camels/data/raw/CAMELS_SIMBA_1000U/LH_817_hlist_1.00000.list,true,6819,6819,train,train,train,NONE
LH_818,818,/home/ml/thesis-camels/data/raw/CAMELS_SIMBA_1000U,row_universe_id=LH_818;universe_index=818;omega_m=0.3998,0.20000,/home/ml/thesis-camels/data/raw/CAMELS_SIMBA_1000U/LH_818_hlist_0.20000.list,true,3233,3233,0.25000,/home/ml/thesis-camels/data/raw/CAMELS_SIMBA_1000U/LH_818_hlist_0.25000.list,true,4813,4813,0.51209,/home/ml/thesis-camels/data/raw/CAMELS_SIMBA_1000U/LH_818_hlist_0.51209.list,true,7878,7878,0.75065,/home/ml/thesis-camels/data/raw/CAMELS_SIMBA_1000U/LH_818_hlist_0.75065.list,true,7722,7722,1.00000,/home/ml/thesis-camels/data/raw/CAMELS_SIMBA_1000U/LH_818_hlist_1.00000.list,true,7768,7768,train,train,train,NONE
LH_819,819,/home/ml/thesis-camels/data/raw/CAMELS_SIMBA_1000U,row_universe_id=LH_819;universe_index=819;omega_m=0.1858,0.20000,/home/ml/thesis-camels/data/raw/CAMELS_SIMBA_1000U/LH_819_hlist_0.20000.list,true,4292,4292,0.25000,/home/ml/thesis-camels/data/raw/CAMELS_SIMBA_1000U/LH_819_hlist_0.25000.list,true,5526,5526,0.51209,/home/ml/thesis-camels/data/raw/CAMELS_SIMBA_1000U/LH_819_hlist_0.51209.list,true,5969,5969,0.75065,/home/ml/thesis-camels/data/raw/CAMELS_SIMBA_1000U/LH_819_hlist_0.75065.list,true,5712,5712,1.00000,/home/ml/thesis-camels/data/raw/CAMELS_SIMBA_1000U/LH_819_hlist_1.00000.list,true,6081,6081,train,train,train,NONE
LH_820,820,/home/ml/thesis-camels/data/raw/CAMELS_SIMBA_1000U,row_universe_id=LH_820;universe_index=820;omega_m=0.2586,0.20000,/home/ml/thesis-camels/data/raw/CAMELS_SIMBA_1000U/LH_820_hlist_0.20000.list,true,3208,3208,0.25000,/home/ml/thesis-camels/data/raw/CAMELS_SIMBA_1000U/LH_820_hlist_0.25000.list,true,4801,4801,0.51209,/home/ml/thesis-camels/data/raw/CAMELS_SIMBA_1000U/LH_820_hlist_0.51209.list,true,6792,6792,0.75065,/home/ml/thesis-camels/data/raw/CAMELS_SIMBA_1000U/LH_820_hlist_0.75065.list,true,6260,6260,1.00000,/home/ml/thesis-camels/data/raw/CAMELS_SIMBA_1000U/LH_820_hlist_1.00000.list,true,6457,6457,train,train,train,NONE
LH_821,821,/home/ml/thesis-camels/data/raw/CAMELS_SIMBA_1000U,row_universe_id=LH_821;universe_index=821;omega_m=0.2286,0.20000,/home/ml/thesis-camels/data/raw/CAMELS_SIMBA_1000U/LH_821_hlist_0.20000.list,true,3474,3474,0.25000,/home/ml/thesis-camels/data/raw/CAMELS_SIMBA_1000U/LH_821_hlist_0.25000.list,true,5058,5058,0.51209,/home/ml/thesis-camels/data/raw/CAMELS_SIMBA_1000U/LH_821_hlist_0.51209.list,true,6884,6884,0.75065,/home/ml/thesis-camels/data/raw/CAMELS_SIMBA_1000U/LH_821_hlist_0.75065.list,true,6549,6549,1.00000,/home/ml/thesis-camels/data/raw/CAMELS_SIMBA_1000U/LH_821_hlist_1.00000.list,true,6795,6795,train,train,train,NONE
LH_822,822,/home/ml/thesis-camels/data/raw/CAMELS_SIMBA_1000U,row_universe_id=LH_822;universe_index=822;omega_m=0.3646,0.20000,/home/ml/thesis-camels/data/raw/CAMELS_SIMBA_1000U/LH_822_hlist_0.20000.list,true,3272,3272,0.25000,/home/ml/thesis-camels/data/raw/CAMELS_SIMBA_1000U/LH_822_hlist_0.25000.list,true,5106,5106,0.51209,/home/ml/thesis-camels/data/raw/CAMELS_SIMBA_1000U/LH_822_hlist_0.51209.list,true,8424,8424,0.75065,/home/ml/thesis-camels/data/raw/CAMELS_SIMBA_1000U/LH_822_hlist_0.75065.list,true,8160,8160,1.00000,/home/ml/thesis-camels/data/raw/CAMELS_SIMBA_1000U/LH_822_hlist_1.00000.list,true,7975,7975,train,train,train,NONE
LH_823,823,/home/ml/thesis-camels/data/raw/CAMELS_SIMBA_1000U,row_universe_id=LH_823;universe_index=823;omega_m=0.1886,0.20000,/home/ml/thesis-camels/data/raw/CAMELS_SIMBA_1000U/LH_823_hlist_0.20000.list,true,3901,3901,0.25000,/home/ml/thesis-camels/data/raw/CAMELS_SIMBA_1000U/LH_823_hlist_0.25000.list,true,5077,5077,0.51209,/home/ml/thesis-camels/data/raw/CAMELS_SIMBA_1000U/LH_823_hlist_0.51209.list,true,6647,6647,0.75065,/home/ml/thesis-camels/data/raw/CAMELS_SIMBA_1000U/LH_823_hlist_0.75065.list,true,6415,6415,1.00000,/home/ml/thesis-camels/data/raw/CAMELS_SIMBA_1000U/LH_823_hlist_1.00000.list,true,6649,6649,train,train,train,NONE
LH_824,824,/home/ml/thesis-camels/data/raw/CAMELS_SIMBA_1000U,row_universe_id=LH_824;universe_index=824;omega_m=0.4354,0.20000,/home/ml/thesis-camels/data/raw/CAMELS_SIMBA_1000U/LH_824_hlist_0.20000.list,true,6494,6494,0.25000,/home/ml/thesis-camels/data/raw/CAMELS_SIMBA_1000U/LH_824_hlist_0.25000.list,true,7709,7709,0.51209,/home/ml/thesis-camels/data/raw/CAMELS_SIMBA_1000U/LH_824_hlist_0.51209.list,true,8323,8323,0.75065,/home/ml/thesis-camels/data/raw/CAMELS_SIMBA_1000U/LH_824_hlist_0.75065.list,true,7182,7182,1.00000,/home/ml/thesis-camels/data/raw/CAMELS_SIMBA_1000U/LH_824_hlist_1.00000.list,true,6722,6722,train,train,train,NONE
LH_825,825,/home/ml/thesis-camels/data/raw/CAMELS_SIMBA_1000U,row_universe_id=LH_825;universe_index=825;omega_m=0.3498,0.20000,/home/ml/thesis-camels/data/raw/CAMELS_SIMBA_1000U/LH_825_hlist_0.20000.list,true,6781,6781,0.25000,/home/ml/thesis-camels/data/raw/CAMELS_SIMBA_1000U/LH_825_hlist_0.25000.list,true,7810,7810,0.51209,/home/ml/thesis-camels/data/raw/CAMELS_SIMBA_1000U/LH_825_hlist_0.51209.list,true,7536,7536,0.75065,/home/ml/thesis-camels/data/raw/CAMELS_SIMBA_1000U/LH_825_hlist_0.75065.list,true,6784,6784,1.00000,/home/ml/thesis-camels/data/raw/CAMELS_SIMBA_1000U/LH_825_hlist_1.00000.list,true,6449,6449,train,train,train,NONE
LH_826,826,/home/ml/thesis-camels/data/raw/CAMELS_SIMBA_1000U,row_universe_id=LH_826;universe_index=826;omega_m=0.2966,0.20000,/home/ml/thesis-camels/data/raw/CAMELS_SIMBA_1000U/LH_826_hlist_0.20000.list,true,6236,6236,0.25000,/home/ml/thesis-camels/data/raw/CAMELS_SIMBA_1000U/LH_826_hlist_0.25000.list,true,7302,7302,0.51209,/home/ml/thesis-camels/data/raw/CAMELS_SIMBA_1000U/LH_826_hlist_0.51209.list,true,7291,7291,0.75065,/home/ml/thesis-camels/data/raw/CAMELS_SIMBA_1000U/LH_826_hlist_0.75065.list,true,6455,6455,1.00000,/home/ml/thesis-camels/data/raw/CAMELS_SIMBA_1000U/LH_826_hlist_1.00000.list,true,6522,6522,train,train,train,NONE
LH_827,827,/home/ml/thesis-camels/data/raw/CAMELS_SIMBA_1000U,row_universe_id=LH_827;universe_index=827;omega_m=0.405,0.20000,/home/ml/thesis-camels/data/raw/CAMELS_SIMBA_1000U/LH_827_hlist_0.20000.list,true,6117,6117,0.25000,/home/ml/thesis-camels/data/raw/CAMELS_SIMBA_1000U/LH_827_hlist_0.25000.list,true,7484,7484,0.51209,/home/ml/thesis-camels/data/raw/CAMELS_SIMBA_1000U/LH_827_hlist_0.51209.list,true,8436,8436,0.75065,/home/ml/thesis-camels/data/raw/CAMELS_SIMBA_1000U/LH_827_hlist_0.75065.list,true,7454,7454,1.00000,/home/ml/thesis-camels/data/raw/CAMELS_SIMBA_1000U/LH_827_hlist_1.00000.list,true,7190,7190,train,train,train,NONE
LH_828,828,/home/ml/thesis-camels/data/raw/CAMELS_SIMBA_1000U,row_universe_id=LH_828;universe_index=828;omega_m=0.1558,0.20000,/home/ml/thesis-camels/data/raw/CAMELS_SIMBA_1000U/LH_828_hlist_0.20000.list,true,4213,4213,0.25000,/home/ml/thesis-camels/data/raw/CAMELS_SIMBA_1000U/LH_828_hlist_0.25000.list,true,5248,5248,0.51209,/home/ml/thesis-camels/data/raw/CAMELS_SIMBA_1000U/LH_828_hlist_0.51209.list,true,5346,5346,0.75065,/home/ml/thesis-camels/data/raw/CAMELS_SIMBA_1000U/LH_828_hlist_0.75065.list,true,5273,5273,1.00000,/home/ml/thesis-camels/data/raw/CAMELS_SIMBA_1000U/LH_828_hlist_1.00000.list,true,5473,5473,train,train,train,NONE
LH_829,829,/home/ml/thesis-camels/data/raw/CAMELS_SIMBA_1000U,row_universe_id=LH_829;universe_index=829;omega_m=0.2218,0.20000,/home/ml/thesis-camels/data/raw/CAMELS_SIMBA_1000U/LH_829_hlist_0.20000.list,true,1220,1220,0.25000,/home/ml/thesis-camels/data/raw/CAMELS_SIMBA_1000U/LH_829_hlist_0.25000.list,true,2661,2661,0.51209,/home/ml/thesis-camels/data/raw/CAMELS_SIMBA_1000U/LH_829_hlist_0.51209.list,true,6787,6787,0.75065,/home/ml/thesis-camels/data/raw/CAMELS_SIMBA_1000U/LH_829_hlist_0.75065.list,true,7139,7139,1.00000,/home/ml/thesis-camels/data/raw/CAMELS_SIMBA_1000U/LH_829_hlist_1.00000.list,true,7660,7660,train,train,train,NONE
LH_830,830,/home/ml/thesis-camels/data/raw/CAMELS_SIMBA_1000U,row_universe_id=LH_830;universe_index=830;omega_m=0.1938,0.20000,/home/ml/thesis-camels/data/raw/CAMELS_SIMBA_1000U/LH_830_hlist_0.20000.list,true,1382,1382,0.25000,/home/ml/thesis-camels/data/raw/CAMELS_SIMBA_1000U/LH_830_hlist_0.25000.list,true,2872,2872,0.51209,/home/ml/thesis-camels/data/raw/CAMELS_SIMBA_1000U/LH_830_hlist_0.51209.list,true,6364,6364,0.75065,/home/ml/thesis-camels/data/raw/CAMELS_SIMBA_1000U/LH_830_hlist_0.75065.list,true,6761,6761,1.00000,/home/ml/thesis-camels/data/raw/CAMELS_SIMBA_1000U/LH_830_hlist_1.00000.list,true,7195,7195,train,train,train,NONE
LH_831,831,/home/ml/thesis-camels/data/raw/CAMELS_SIMBA_1000U,row_universe_id=LH_831;universe_index=831;omega_m=0.489,0.20000,/home/ml/thesis-camels/data/raw/CAMELS_SIMBA_1000U/LH_831_hlist_0.20000.list,true,6473,6473,0.25000,/home/ml/thesis-camels/data/raw/CAMELS_SIMBA_1000U/LH_831_hlist_0.25000.list,true,8036,8036,0.51209,/home/ml/thesis-camels/data/raw/CAMELS_SIMBA_1000U/LH_831_hlist_0.51209.list,true,8986,8986,0.75065,/home/ml/thesis-camels/data/raw/CAMELS_SIMBA_1000U/LH_831_hlist_0.75065.list,true,7803,7803,1.00000,/home/ml/thesis-camels/data/raw/CAMELS_SIMBA_1000U/LH_831_hlist_1.00000.list,true,7326,7326,train,train,train,NONE
LH_832,832,/home/ml/thesis-camels/data/raw/CAMELS_SIMBA_1000U,row_universe_id=LH_832;universe_index=832;omega_m=0.3134,0.20000,/home/ml/thesis-camels/data/raw/CAMELS_SIMBA_1000U/LH_832_hlist_0.20000.list,true,4774,4774,0.25000,/home/ml/thesis-camels/data/raw/CAMELS_SIMBA_1000U/LH_832_hlist_0.25000.list,true,6076,6076,0.51209,/home/ml/thesis-camels/data/raw/CAMELS_SIMBA_1000U/LH_832_hlist_0.51209.list,true,7771,7771,0.75065,/home/ml/thesis-camels/data/raw/CAMELS_SIMBA_1000U/LH_832_hlist_0.75065.list,true,7199,7199,1.00000,/home/ml/thesis-camels/data/raw/CAMELS_SIMBA_1000U/LH_832_hlist_1.00000.list,true,7092,7092,train,train,train,NONE
LH_833,833,/home/ml/thesis-camels/data/raw/CAMELS_SIMBA_1000U,row_universe_id=LH_833;universe_index=833;omega_m=0.3542,0.20000,/home/ml/thesis-camels/data/raw/CAMELS_SIMBA_1000U/LH_833_hlist_0.20000.list,true,4836,4836,0.25000,/home/ml/thesis-camels/data/raw/CAMELS_SIMBA_1000U/LH_833_hlist_0.25000.list,true,6328,6328,0.51209,/home/ml/thesis-camels/data/raw/CAMELS_SIMBA_1000U/LH_833_hlist_0.51209.list,true,8100,8100,0.75065,/home/ml/thesis-camels/data/raw/CAMELS_SIMBA_1000U/LH_833_hlist_0.75065.list,true,7309,7309,1.00000,/home/ml/thesis-camels/data/raw/CAMELS_SIMBA_1000U/LH_833_hlist_1.00000.list,true,7169,7169,train,train,train,NONE
LH_834,834,/home/ml/thesis-camels/data/raw/CAMELS_SIMBA_1000U,row_universe_id=LH_834;universe_index=834;omega_m=0.1638,0.20000,/home/ml/thesis-camels/data/raw/CAMELS_SIMBA_1000U/LH_834_hlist_0.20000.list,true,1270,1270,0.25000,/home/ml/thesis-camels/data/raw/CAMELS_SIMBA_1000U/LH_834_hlist_0.25000.list,true,2459,2459,0.51209,/home/ml/thesis-camels/data/raw/CAMELS_SIMBA_1000U/LH_834_hlist_0.51209.list,true,5614,5614,0.75065,/home/ml/thesis-camels/data/raw/CAMELS_SIMBA_1000U/LH_834_hlist_0.75065.list,true,5900,5900,1.00000,/home/ml/thesis-camels/data/raw/CAMELS_SIMBA_1000U/LH_834_hlist_1.00000.list,true,6432,6432,train,train,train,NONE
LH_835,835,/home/ml/thesis-camels/data/raw/CAMELS_SIMBA_1000U,row_universe_id=LH_835;universe_index=835;omega_m=0.1814,0.20000,/home/ml/thesis-camels/data/raw/CAMELS_SIMBA_1000U/LH_835_hlist_0.20000.list,true,4226,4226,0.25000,/home/ml/thesis-camels/data/raw/CAMELS_SIMBA_1000U/LH_835_hlist_0.25000.list,true,5437,5437,0.51209,/home/ml/thesis-camels/data/raw/CAMELS_SIMBA_1000U/LH_835_hlist_0.51209.list,true,6022,6022,0.75065,/home/ml/thesis-camels/data/raw/CAMELS_SIMBA_1000U/LH_835_hlist_0.75065.list,true,5776,5776,1.00000,/home/ml/thesis-camels/data/raw/CAMELS_SIMBA_1000U/LH_835_hlist_1.00000.list,true,6086,6086,train,train,train,NONE
LH_836,836,/home/ml/thesis-camels/data/raw/CAMELS_SIMBA_1000U,row_universe_id=LH_836;universe_index=836;omega_m=0.3242,0.20000,/home/ml/thesis-camels/data/raw/CAMELS_SIMBA_1000U/LH_836_hlist_0.20000.list,true,6001,6001,0.25000,/home/ml/thesis-camels/data/raw/CAMELS_SIMBA_1000U/LH_836_hlist_0.25000.list,true,7235,7235,0.51209,/home/ml/thesis-camels/data/raw/CAMELS_SIMBA_1000U/LH_836_hlist_0.51209.list,true,7374,7374,0.75065,/home/ml/thesis-camels/data/raw/CAMELS_SIMBA_1000U/LH_836_hlist_0.75065.list,true,6510,6510,1.00000,/home/ml/thesis-camels/data/raw/CAMELS_SIMBA_1000U/LH_836_hlist_1.00000.list,true,6479,6479,train,train,train,NONE
LH_837,837,/home/ml/thesis-camels/data/raw/CAMELS_SIMBA_1000U,row_universe_id=LH_837;universe_index=837;omega_m=0.4542,0.20000,/home/ml/thesis-camels/data/raw/CAMELS_SIMBA_1000U/LH_837_hlist_0.20000.list,true,5003,5003,0.25000,/home/ml/thesis-camels/data/raw/CAMELS_SIMBA_1000U/LH_837_hlist_0.25000.list,true,6655,6655,0.51209,/home/ml/thesis-camels/data/raw/CAMELS_SIMBA_1000U/LH_837_hlist_0.51209.list,true,8754,8754,0.75065,/home/ml/thesis-camels/data/raw/CAMELS_SIMBA_1000U/LH_837_hlist_0.75065.list,true,8006,8006,1.00000,/home/ml/thesis-camels/data/raw/CAMELS_SIMBA_1000U/LH_837_hlist_1.00000.list,true,7680,7680,train,train,train,NONE
LH_838,838,/home/ml/thesis-camels/data/raw/CAMELS_SIMBA_1000U,row_universe_id=LH_838;universe_index=838;omega_m=0.4586,0.20000,/home/ml/thesis-camels/data/raw/CAMELS_SIMBA_1000U/LH_838_hlist_0.20000.list,true,7189,7189,0.25000,/home/ml/thesis-camels/data/raw/CAMELS_SIMBA_1000U/LH_838_hlist_0.25000.list,true,8029,8029,0.51209,/home/ml/thesis-camels/data/raw/CAMELS_SIMBA_1000U/LH_838_hlist_0.51209.list,true,7648,7648,0.75065,/home/ml/thesis-camels/data/raw/CAMELS_SIMBA_1000U/LH_838_hlist_0.75065.list,true,6574,6574,1.00000,/home/ml/thesis-camels/data/raw/CAMELS_SIMBA_1000U/LH_838_hlist_1.00000.list,true,6204,6204,train,train,train,NONE
LH_839,839,/home/ml/thesis-camels/data/raw/CAMELS_SIMBA_1000U,row_universe_id=LH_839;universe_index=839;omega_m=0.1606,0.20000,/home/ml/thesis-camels/data/raw/CAMELS_SIMBA_1000U/LH_839_hlist_0.20000.list,true,3425,3425,0.25000,/home/ml/thesis-camels/data/raw/CAMELS_SIMBA_1000U/LH_839_hlist_0.25000.list,true,4776,4776,0.51209,/home/ml/thesis-camels/data/raw/CAMELS_SIMBA_1000U/LH_839_hlist_0.51209.list,true,5897,5897,0.75065,/home/ml/thesis-camels/data/raw/CAMELS_SIMBA_1000U/LH_839_hlist_0.75065.list,true,5810,5810,1.00000,/home/ml/thesis-camels/data/raw/CAMELS_SIMBA_1000U/LH_839_hlist_1.00000.list,true,6064,6064,train,train,train,NONE
LH_840,840,/home/ml/thesis-camels/data/raw/CAMELS_SIMBA_1000U,row_universe_id=LH_840;universe_index=840;omega_m=0.2394,0.20000,/home/ml/thesis-camels/data/raw/CAMELS_SIMBA_1000U/LH_840_hlist_0.20000.list,true,1732,1732,0.25000,/home/ml/thesis-camels/data/raw/CAMELS_SIMBA_1000U/LH_840_hlist_0.25000.list,true,3065,3065,0.51209,/home/ml/thesis-camels/data/raw/CAMELS_SIMBA_1000U/LH_840_hlist_0.51209.list,true,6606,6606,0.75065,/home/ml/thesis-camels/data/raw/CAMELS_SIMBA_1000U/LH_840_hlist_0.75065.list,true,6717,6717,1.00000,/home/ml/thesis-camels/data/raw/CAMELS_SIMBA_1000U/LH_840_hlist_1.00000.list,true,7132,7132,train,train,train,NONE
LH_841,841,/home/ml/thesis-camels/data/raw/CAMELS_SIMBA_1000U,row_universe_id=LH_841;universe_index=841;omega_m=0.2542,0.20000,/home/ml/thesis-camels/data/raw/CAMELS_SIMBA_1000U/LH_841_hlist_0.20000.list,true,4290,4290,0.25000,/home/ml/thesis-camels/data/raw/CAMELS_SIMBA_1000U/LH_841_hlist_0.25000.list,true,5669,5669,0.51209,/home/ml/thesis-camels/data/raw/CAMELS_SIMBA_1000U/LH_841_hlist_0.51209.list,true,6716,6716,0.75065,/home/ml/thesis-camels/data/raw/CAMELS_SIMBA_1000U/LH_841_hlist_0.75065.list,true,6245,6245,1.00000,/home/ml/thesis-camels/data/raw/CAMELS_SIMBA_1000U/LH_841_hlist_1.00000.list,true,6440,6440,train,train,train,NONE
LH_842,842,/home/ml/thesis-camels/data/raw/CAMELS_SIMBA_1000U,row_universe_id=LH_842;universe_index=842;omega_m=0.4874,0.20000,/home/ml/thesis-camels/data/raw/CAMELS_SIMBA_1000U/LH_842_hlist_0.20000.list,true,5381,5381,0.25000,/home/ml/thesis-camels/data/raw/CAMELS_SIMBA_1000U/LH_842_hlist_0.25000.list,true,6956,6956,0.51209,/home/ml/thesis-camels/data/raw/CAMELS_SIMBA_1000U/LH_842_hlist_0.51209.list,true,8835,8835,0.75065,/home/ml/thesis-camels/data/raw/CAMELS_SIMBA_1000U/LH_842_hlist_0.75065.list,true,7924,7924,1.00000,/home/ml/thesis-camels/data/raw/CAMELS_SIMBA_1000U/LH_842_hlist_1.00000.list,true,7340,7340,train,train,train,NONE
LH_843,843,/home/ml/thesis-camels/data/raw/CAMELS_SIMBA_1000U,row_universe_id=LH_843;universe_index=843;omega_m=0.485,0.20000,/home/ml/thesis-camels/data/raw/CAMELS_SIMBA_1000U/LH_843_hlist_0.20000.list,true,9426,9426,0.25000,/home/ml/thesis-camels/data/raw/CAMELS_SIMBA_1000U/LH_843_hlist_0.25000.list,true,9450,9450,0.51209,/home/ml/thesis-camels/data/raw/CAMELS_SIMBA_1000U/LH_843_hlist_0.51209.list,true,6801,6801,0.75065,/home/ml/thesis-camels/data/raw/CAMELS_SIMBA_1000U/LH_843_hlist_0.75065.list,true,5612,5612,1.00000,/home/ml/thesis-camels/data/raw/CAMELS_SIMBA_1000U/LH_843_hlist_1.00000.list,true,5307,5307,train,train,train,NONE
LH_844,844,/home/ml/thesis-camels/data/raw/CAMELS_SIMBA_1000U,row_universe_id=LH_844;universe_index=844;omega_m=0.2954,0.20000,/home/ml/thesis-camels/data/raw/CAMELS_SIMBA_1000U/LH_844_hlist_0.20000.list,true,4426,4426,0.25000,/home/ml/thesis-camels/data/raw/CAMELS_SIMBA_1000U/LH_844_hlist_0.25000.list,true,5891,5891,0.51209,/home/ml/thesis-camels/data/raw/CAMELS_SIMBA_1000U/LH_844_hlist_0.51209.list,true,7579,7579,0.75065,/home/ml/thesis-camels/data/raw/CAMELS_SIMBA_1000U/LH_844_hlist_0.75065.list,true,7132,7132,1.00000,/home/ml/thesis-camels/data/raw/CAMELS_SIMBA_1000U/LH_844_hlist_1.00000.list,true,7168,7168,train,train,train,NONE
LH_845,845,/home/ml/thesis-camels/data/raw/CAMELS_SIMBA_1000U,row_universe_id=LH_845;universe_index=845;omega_m=0.2018,0.20000,/home/ml/thesis-camels/data/raw/CAMELS_SIMBA_1000U/LH_845_hlist_0.20000.list,true,3208,3208,0.25000,/home/ml/thesis-camels/data/raw/CAMELS_SIMBA_1000U/LH_845_hlist_0.25000.list,true,4917,4917,0.51209,/home/ml/thesis-camels/data/raw/CAMELS_SIMBA_1000U/LH_845_hlist_0.51209.list,true,6373,6373,0.75065,/home/ml/thesis-camels/data/raw/CAMELS_SIMBA_1000U/LH_845_hlist_0.75065.list,true,6028,6028,1.00000,/home/ml/thesis-camels/data/raw/CAMELS_SIMBA_1000U/LH_845_hlist_1.00000.list,true,6334,6334,train,train,train,NONE
LH_846,846,/home/ml/thesis-camels/data/raw/CAMELS_SIMBA_1000U,row_universe_id=LH_846;universe_index=846;omega_m=0.4294,0.20000,/home/ml/thesis-camels/data/raw/CAMELS_SIMBA_1000U/LH_846_hlist_0.20000.list,true,8044,8044,0.25000,/home/ml/thesis-camels/data/raw/CAMELS_SIMBA_1000U/LH_846_hlist_0.25000.list,true,8896,8896,0.51209,/home/ml/thesis-camels/data/raw/CAMELS_SIMBA_1000U/LH_846_hlist_0.51209.list,true,7845,7845,0.75065,/home/ml/thesis-camels/data/raw/CAMELS_SIMBA_1000U/LH_846_hlist_0.75065.list,true,6377,6377,1.00000,/home/ml/thesis-camels/data/raw/CAMELS_SIMBA_1000U/LH_846_hlist_1.00000.list,true,5935,5935,train,train,train,NONE
LH_847,847,/home/ml/thesis-camels/data/raw/CAMELS_SIMBA_1000U,row_universe_id=LH_847;universe_index=847;omega_m=0.4846,0.20000,/home/ml/thesis-camels/data/raw/CAMELS_SIMBA_1000U/LH_847_hlist_0.20000.list,true,8904,8904,0.25000,/home/ml/thesis-camels/data/raw/CAMELS_SIMBA_1000U/LH_847_hlist_0.25000.list,true,9795,9795,0.51209,/home/ml/thesis-camels/data/raw/CAMELS_SIMBA_1000U/LH_847_hlist_0.51209.list,true,8342,8342,0.75065,/home/ml/thesis-camels/data/raw/CAMELS_SIMBA_1000U/LH_847_hlist_0.75065.list,true,6988,6988,1.00000,/home/ml/thesis-camels/data/raw/CAMELS_SIMBA_1000U/LH_847_hlist_1.00000.list,true,6518,6518,train,train,train,NONE
LH_848,848,/home/ml/thesis-camels/data/raw/CAMELS_SIMBA_1000U,row_universe_id=LH_848;universe_index=848;omega_m=0.4718,0.20000,/home/ml/thesis-camels/data/raw/CAMELS_SIMBA_1000U/LH_848_hlist_0.20000.list,true,4997,4997,0.25000,/home/ml/thesis-camels/data/raw/CAMELS_SIMBA_1000U/LH_848_hlist_0.25000.list,true,6705,6705,0.51209,/home/ml/thesis-camels/data/raw/CAMELS_SIMBA_1000U/LH_848_hlist_0.51209.list,true,8621,8621,0.75065,/home/ml/thesis-camels/data/raw/CAMELS_SIMBA_1000U/LH_848_hlist_0.75065.list,true,7624,7624,1.00000,/home/ml/thesis-camels/data/raw/CAMELS_SIMBA_1000U/LH_848_hlist_1.00000.list,true,7221,7221,train,train,train,NONE
LH_849,849,/home/ml/thesis-camels/data/raw/CAMELS_SIMBA_1000U,row_universe_id=LH_849;universe_index=849;omega_m=0.3898,0.20000,/home/ml/thesis-camels/data/raw/CAMELS_SIMBA_1000U/LH_849_hlist_0.20000.list,true,5509,5509,0.25000,/home/ml/thesis-camels/data/raw/CAMELS_SIMBA_1000U/LH_849_hlist_0.25000.list,true,6897,6897,0.51209,/home/ml/thesis-camels/data/raw/CAMELS_SIMBA_1000U/LH_849_hlist_0.51209.list,true,8110,8110,0.75065,/home/ml/thesis-camels/data/raw/CAMELS_SIMBA_1000U/LH_849_hlist_0.75065.list,true,7234,7234,1.00000,/home/ml/thesis-camels/data/raw/CAMELS_SIMBA_1000U/LH_849_hlist_1.00000.list,true,6946,6946,train,train,train,NONE
LH_850,850,/home/ml/thesis-camels/data/raw/CAMELS_SIMBA_1000U,row_universe_id=LH_850;universe_index=850;omega_m=0.1374,0.20000,/home/ml/thesis-camels/data/raw/CAMELS_SIMBA_1000U/LH_850_hlist_0.20000.list,true,3278,3278,0.25000,/home/ml/thesis-camels/data/raw/CAMELS_SIMBA_1000U/LH_850_hlist_0.25000.list,true,4416,4416,0.51209,/home/ml/thesis-camels/data/raw/CAMELS_SIMBA_1000U/LH_850_hlist_0.51209.list,true,5466,5466,0.75065,/home/ml/thesis-camels/data/raw/CAMELS_SIMBA_1000U/LH_850_hlist_0.75065.list,true,5410,5410,1.00000,/home/ml/thesis-camels/data/raw/CAMELS_SIMBA_1000U/LH_850_hlist_1.00000.list,true,5846,5846,train,train,train,NONE
LH_851,851,/home/ml/thesis-camels/data/raw/CAMELS_SIMBA_1000U,row_universe_id=LH_851;universe_index=851;omega_m=0.4482,0.20000,/home/ml/thesis-camels/data/raw/CAMELS_SIMBA_1000U/LH_851_hlist_0.20000.list,true,4837,4837,0.25000,/home/ml/thesis-camels/data/raw/CAMELS_SIMBA_1000U/LH_851_hlist_0.25000.list,true,6257,6257,0.51209,/home/ml/thesis-camels/data/raw/CAMELS_SIMBA_1000U/LH_851_hlist_0.51209.list,true,8832,8832,0.75065,/home/ml/thesis-camels/data/raw/CAMELS_SIMBA_1000U/LH_851_hlist_0.75065.list,true,8128,8128,1.00000,/home/ml/thesis-camels/data/raw/CAMELS_SIMBA_1000U/LH_851_hlist_1.00000.list,true,7954,7954,train,train,train,NONE
LH_852,852,/home/ml/thesis-camels/data/raw/CAMELS_SIMBA_1000U,row_universe_id=LH_852;universe_index=852;omega_m=0.4454,0.20000,/home/ml/thesis-camels/data/raw/CAMELS_SIMBA_1000U/LH_852_hlist_0.20000.list,true,5722,5722,0.25000,/home/ml/thesis-camels/data/raw/CAMELS_SIMBA_1000U/LH_852_hlist_0.25000.list,true,7216,7216,0.51209,/home/ml/thesis-camels/data/raw/CAMELS_SIMBA_1000U/LH_852_hlist_0.51209.list,true,8078,8078,0.75065,/home/ml/thesis-camels/data/raw/CAMELS_SIMBA_1000U/LH_852_hlist_0.75065.list,true,7242,7242,1.00000,/home/ml/thesis-camels/data/raw/CAMELS_SIMBA_1000U/LH_852_hlist_1.00000.list,true,7039,7039,train,train,train,NONE
LH_853,853,/home/ml/thesis-camels/data/raw/CAMELS_SIMBA_1000U,row_universe_id=LH_853;universe_index=853;omega_m=0.3326,0.20000,/home/ml/thesis-camels/data/raw/CAMELS_SIMBA_1000U/LH_853_hlist_0.20000.list,true,4513,4513,0.25000,/home/ml/thesis-camels/data/raw/CAMELS_SIMBA_1000U/LH_853_hlist_0.25000.list,true,5843,5843,0.51209,/home/ml/thesis-camels/data/raw/CAMELS_SIMBA_1000U/LH_853_hlist_0.51209.list,true,7532,7532,0.75065,/home/ml/thesis-camels/data/raw/CAMELS_SIMBA_1000U/LH_853_hlist_0.75065.list,true,6776,6776,1.00000,/home/ml/thesis-camels/data/raw/CAMELS_SIMBA_1000U/LH_853_hlist_1.00000.list,true,6877,6877,train,train,train,NONE
LH_854,854,/home/ml/thesis-camels/data/raw/CAMELS_SIMBA_1000U,row_universe_id=LH_854;universe_index=854;omega_m=0.4446,0.20000,/home/ml/thesis-camels/data/raw/CAMELS_SIMBA_1000U/LH_854_hlist_0.20000.list,true,8151,8151,0.25000,/home/ml/thesis-camels/data/raw/CAMELS_SIMBA_1000U/LH_854_hlist_0.25000.list,true,8575,8575,0.51209,/home/ml/thesis-camels/data/raw/CAMELS_SIMBA_1000U/LH_854_hlist_0.51209.list,true,7004,7004,0.75065,/home/ml/thesis-camels/data/raw/CAMELS_SIMBA_1000U/LH_854_hlist_0.75065.list,true,5902,5902,1.00000,/home/ml/thesis-camels/data/raw/CAMELS_SIMBA_1000U/LH_854_hlist_1.00000.list,true,5696,5696,train,train,train,NONE
LH_855,855,/home/ml/thesis-camels/data/raw/CAMELS_SIMBA_1000U,row_universe_id=LH_855;universe_index=855;omega_m=0.2974,0.20000,/home/ml/thesis-camels/data/raw/CAMELS_SIMBA_1000U/LH_855_hlist_0.20000.list,true,6350,6350,0.25000,/home/ml/thesis-camels/data/raw/CAMELS_SIMBA_1000U/LH_855_hlist_0.25000.list,true,7139,7139,0.51209,/home/ml/thesis-camels/data/raw/CAMELS_SIMBA_1000U/LH_855_hlist_0.51209.list,true,6999,6999,0.75065,/home/ml/thesis-camels/data/raw/CAMELS_SIMBA_1000U/LH_855_hlist_0.75065.list,true,6342,6342,1.00000,/home/ml/thesis-camels/data/raw/CAMELS_SIMBA_1000U/LH_855_hlist_1.00000.list,true,6327,6327,train,train,train,NONE
LH_856,856,/home/ml/thesis-camels/data/raw/CAMELS_SIMBA_1000U,row_universe_id=LH_856;universe_index=856;omega_m=0.1978,0.20000,/home/ml/thesis-camels/data/raw/CAMELS_SIMBA_1000U/LH_856_hlist_0.20000.list,true,2993,2993,0.25000,/home/ml/thesis-camels/data/raw/CAMELS_SIMBA_1000U/LH_856_hlist_0.25000.list,true,4322,4322,0.51209,/home/ml/thesis-camels/data/raw/CAMELS_SIMBA_1000U/LH_856_hlist_0.51209.list,true,6463,6463,0.75065,/home/ml/thesis-camels/data/raw/CAMELS_SIMBA_1000U/LH_856_hlist_0.75065.list,true,6435,6435,1.00000,/home/ml/thesis-camels/data/raw/CAMELS_SIMBA_1000U/LH_856_hlist_1.00000.list,true,6583,6583,train,train,train,NONE
LH_857,857,/home/ml/thesis-camels/data/raw/CAMELS_SIMBA_1000U,row_universe_id=LH_857;universe_index=857;omega_m=0.2826,0.20000,/home/ml/thesis-camels/data/raw/CAMELS_SIMBA_1000U/LH_857_hlist_0.20000.list,true,6242,6242,0.25000,/home/ml/thesis-camels/data/raw/CAMELS_SIMBA_1000U/LH_857_hlist_0.25000.list,true,7131,7131,0.51209,/home/ml/thesis-camels/data/raw/CAMELS_SIMBA_1000U/LH_857_hlist_0.51209.list,true,6718,6718,0.75065,/home/ml/thesis-camels/data/raw/CAMELS_SIMBA_1000U/LH_857_hlist_0.75065.list,true,5749,5749,1.00000,/home/ml/thesis-camels/data/raw/CAMELS_SIMBA_1000U/LH_857_hlist_1.00000.list,true,5797,5797,train,train,train,NONE
LH_858,858,/home/ml/thesis-camels/data/raw/CAMELS_SIMBA_1000U,row_universe_id=LH_858;universe_index=858;omega_m=0.4554,0.20000,/home/ml/thesis-camels/data/raw/CAMELS_SIMBA_1000U/LH_858_hlist_0.20000.list,true,7655,7655,0.25000,/home/ml/thesis-camels/data/raw/CAMELS_SIMBA_1000U/LH_858_hlist_0.25000.list,true,8584,8584,0.51209,/home/ml/thesis-camels/data/raw/CAMELS_SIMBA_1000U/LH_858_hlist_0.51209.list,true,8230,8230,0.75065,/home/ml/thesis-camels/data/raw/CAMELS_SIMBA_1000U/LH_858_hlist_0.75065.list,true,6978,6978,1.00000,/home/ml/thesis-camels/data/raw/CAMELS_SIMBA_1000U/LH_858_hlist_1.00000.list,true,6528,6528,train,train,train,NONE
LH_859,859,/home/ml/thesis-camels/data/raw/CAMELS_SIMBA_1000U,row_universe_id=LH_859;universe_index=859;omega_m=0.1282,0.20000,/home/ml/thesis-camels/data/raw/CAMELS_SIMBA_1000U/LH_859_hlist_0.20000.list,true,969,969,0.25000,/home/ml/thesis-camels/data/raw/CAMELS_SIMBA_1000U/LH_859_hlist_0.25000.list,true,2103,2103,0.51209,/home/ml/thesis-camels/data/raw/CAMELS_SIMBA_1000U/LH_859_hlist_0.51209.list,true,4965,4965,0.75065,/home/ml/thesis-camels/data/raw/CAMELS_SIMBA_1000U/LH_859_hlist_0.75065.list,true,5300,5300,1.00000,/home/ml/thesis-camels/data/raw/CAMELS_SIMBA_1000U/LH_859_hlist_1.00000.list,true,5918,5918,train,train,train,NONE
LH_860,860,/home/ml/thesis-camels/data/raw/CAMELS_SIMBA_1000U,row_universe_id=LH_860;universe_index=860;omega_m=0.301,0.20000,/home/ml/thesis-camels/data/raw/CAMELS_SIMBA_1000U/LH_860_hlist_0.20000.list,true,2784,2784,0.25000,/home/ml/thesis-camels/data/raw/CAMELS_SIMBA_1000U/LH_860_hlist_0.25000.list,true,4606,4606,0.51209,/home/ml/thesis-camels/data/raw/CAMELS_SIMBA_1000U/LH_860_hlist_0.51209.list,true,7765,7765,0.75065,/home/ml/thesis-camels/data/raw/CAMELS_SIMBA_1000U/LH_860_hlist_0.75065.list,true,7631,7631,1.00000,/home/ml/thesis-camels/data/raw/CAMELS_SIMBA_1000U/LH_860_hlist_1.00000.list,true,7769,7769,train,train,train,NONE
LH_861,861,/home/ml/thesis-camels/data/raw/CAMELS_SIMBA_1000U,row_universe_id=LH_861;universe_index=861;omega_m=0.4634,0.20000,/home/ml/thesis-camels/data/raw/CAMELS_SIMBA_1000U/LH_861_hlist_0.20000.list,true,4528,4528,0.25000,/home/ml/thesis-camels/data/raw/CAMELS_SIMBA_1000U/LH_861_hlist_0.25000.list,true,6219,6219,0.51209,/home/ml/thesis-camels/data/raw/CAMELS_SIMBA_1000U/LH_861_hlist_0.51209.list,true,8852,8852,0.75065,/home/ml/thesis-camels/data/raw/CAMELS_SIMBA_1000U/LH_861_hlist_0.75065.list,true,8056,8056,1.00000,/home/ml/thesis-camels/data/raw/CAMELS_SIMBA_1000U/LH_861_hlist_1.00000.list,true,7738,7738,train,train,train,NONE
LH_862,862,/home/ml/thesis-camels/data/raw/CAMELS_SIMBA_1000U,row_universe_id=LH_862;universe_index=862;omega_m=0.4158,0.20000,/home/ml/thesis-camels/data/raw/CAMELS_SIMBA_1000U/LH_862_hlist_0.20000.list,true,5776,5776,0.25000,/home/ml/thesis-camels/data/raw/CAMELS_SIMBA_1000U/LH_862_hlist_0.25000.list,true,7417,7417,0.51209,/home/ml/thesis-camels/data/raw/CAMELS_SIMBA_1000U/LH_862_hlist_0.51209.list,true,8291,8291,0.75065,/home/ml/thesis-camels/data/raw/CAMELS_SIMBA_1000U/LH_862_hlist_0.75065.list,true,7276,7276,1.00000,/home/ml/thesis-camels/data/raw/CAMELS_SIMBA_1000U/LH_862_hlist_1.00000.list,true,6983,6983,train,train,train,NONE
LH_863,863,/home/ml/thesis-camels/data/raw/CAMELS_SIMBA_1000U,row_universe_id=LH_863;universe_index=863;omega_m=0.4894,0.20000,/home/ml/thesis-camels/data/raw/CAMELS_SIMBA_1000U/LH_863_hlist_0.20000.list,true,8908,8908,0.25000,/home/ml/thesis-camels/data/raw/CAMELS_SIMBA_1000U/LH_863_hlist_0.25000.list,true,9488,9488,0.51209,/home/ml/thesis-camels/data/raw/CAMELS_SIMBA_1000U/LH_863_hlist_0.51209.list,true,7759,7759,0.75065,/home/ml/thesis-camels/data/raw/CAMELS_SIMBA_1000U/LH_863_hlist_0.75065.list,true,6236,6236,1.00000,/home/ml/thesis-camels/data/raw/CAMELS_SIMBA_1000U/LH_863_hlist_1.00000.list,true,5871,5871,train,train,train,NONE
LH_864,864,/home/ml/thesis-camels/data/raw/CAMELS_SIMBA_1000U,row_universe_id=LH_864;universe_index=864;omega_m=0.1642,0.20000,/home/ml/thesis-camels/data/raw/CAMELS_SIMBA_1000U/LH_864_hlist_0.20000.list,true,1746,1746,0.25000,/home/ml/thesis-camels/data/raw/CAMELS_SIMBA_1000U/LH_864_hlist_0.25000.list,true,3260,3260,0.51209,/home/ml/thesis-camels/data/raw/CAMELS_SIMBA_1000U/LH_864_hlist_0.51209.list,true,5911,5911,0.75065,/home/ml/thesis-camels/data/raw/CAMELS_SIMBA_1000U/LH_864_hlist_0.75065.list,true,6197,6197,1.00000,/home/ml/thesis-camels/data/raw/CAMELS_SIMBA_1000U/LH_864_hlist_1.00000.list,true,6812,6812,train,train,train,NONE
LH_865,865,/home/ml/thesis-camels/data/raw/CAMELS_SIMBA_1000U,row_universe_id=LH_865;universe_index=865;omega_m=0.3562,0.20000,/home/ml/thesis-camels/data/raw/CAMELS_SIMBA_1000U/LH_865_hlist_0.20000.list,true,5482,5482,0.25000,/home/ml/thesis-camels/data/raw/CAMELS_SIMBA_1000U/LH_865_hlist_0.25000.list,true,6959,6959,0.51209,/home/ml/thesis-camels/data/raw/CAMELS_SIMBA_1000U/LH_865_hlist_0.51209.list,true,7630,7630,0.75065,/home/ml/thesis-camels/data/raw/CAMELS_SIMBA_1000U/LH_865_hlist_0.75065.list,true,6694,6694,1.00000,/home/ml/thesis-camels/data/raw/CAMELS_SIMBA_1000U/LH_865_hlist_1.00000.list,true,6604,6604,train,train,train,NONE
LH_866,866,/home/ml/thesis-camels/data/raw/CAMELS_SIMBA_1000U,row_universe_id=LH_866;universe_index=866;omega_m=0.3174,0.20000,/home/ml/thesis-camels/data/raw/CAMELS_SIMBA_1000U/LH_866_hlist_0.20000.list,true,6475,6475,0.25000,/home/ml/thesis-camels/data/raw/CAMELS_SIMBA_1000U/LH_866_hlist_0.25000.list,true,7573,7573,0.51209,/home/ml/thesis-camels/data/raw/CAMELS_SIMBA_1000U/LH_866_hlist_0.51209.list,true,7139,7139,0.75065,/home/ml/thesis-camels/data/raw/CAMELS_SIMBA_1000U/LH_866_hlist_0.75065.list,true,6250,6250,1.00000,/home/ml/thesis-camels/data/raw/CAMELS_SIMBA_1000U/LH_866_hlist_1.00000.list,true,6107,6107,train,train,train,NONE
LH_867,867,/home/ml/thesis-camels/data/raw/CAMELS_SIMBA_1000U,row_universe_id=LH_867;universe_index=867;omega_m=0.1994,0.20000,/home/ml/thesis-camels/data/raw/CAMELS_SIMBA_1000U/LH_867_hlist_0.20000.list,true,3808,3808,0.25000,/home/ml/thesis-camels/data/raw/CAMELS_SIMBA_1000U/LH_867_hlist_0.25000.list,true,5347,5347,0.51209,/home/ml/thesis-camels/data/raw/CAMELS_SIMBA_1000U/LH_867_hlist_0.51209.list,true,6207,6207,0.75065,/home/ml/thesis-camels/data/raw/CAMELS_SIMBA_1000U/LH_867_hlist_0.75065.list,true,5973,5973,1.00000,/home/ml/thesis-camels/data/raw/CAMELS_SIMBA_1000U/LH_867_hlist_1.00000.list,true,6281,6281,train,train,train,NONE
LH_868,868,/home/ml/thesis-camels/data/raw/CAMELS_SIMBA_1000U,row_universe_id=LH_868;universe_index=868;omega_m=0.1654,0.20000,/home/ml/thesis-camels/data/raw/CAMELS_SIMBA_1000U/LH_868_hlist_0.20000.list,true,3683,3683,0.25000,/home/ml/thesis-camels/data/raw/CAMELS_SIMBA_1000U/LH_868_hlist_0.25000.list,true,5092,5092,0.51209,/home/ml/thesis-camels/data/raw/CAMELS_SIMBA_1000U/LH_868_hlist_0.51209.list,true,5937,5937,0.75065,/home/ml/thesis-camels/data/raw/CAMELS_SIMBA_1000U/LH_868_hlist_0.75065.list,true,5857,5857,1.00000,/home/ml/thesis-camels/data/raw/CAMELS_SIMBA_1000U/LH_868_hlist_1.00000.list,true,6227,6227,train,train,train,NONE
LH_869,869,/home/ml/thesis-camels/data/raw/CAMELS_SIMBA_1000U,row_universe_id=LH_869;universe_index=869;omega_m=0.3278,0.20000,/home/ml/thesis-camels/data/raw/CAMELS_SIMBA_1000U/LH_869_hlist_0.20000.list,true,6942,6942,0.25000,/home/ml/thesis-camels/data/raw/CAMELS_SIMBA_1000U/LH_869_hlist_0.25000.list,true,7864,7864,0.51209,/home/ml/thesis-camels/data/raw/CAMELS_SIMBA_1000U/LH_869_hlist_0.51209.list,true,7127,7127,0.75065,/home/ml/thesis-camels/data/raw/CAMELS_SIMBA_1000U/LH_869_hlist_0.75065.list,true,5946,5946,1.00000,/home/ml/thesis-camels/data/raw/CAMELS_SIMBA_1000U/LH_869_hlist_1.00000.list,true,5894,5894,train,train,train,NONE
LH_870,870,/home/ml/thesis-camels/data/raw/CAMELS_SIMBA_1000U,row_universe_id=LH_870;universe_index=870;omega_m=0.2298,0.20000,/home/ml/thesis-camels/data/raw/CAMELS_SIMBA_1000U/LH_870_hlist_0.20000.list,true,3157,3157,0.25000,/home/ml/thesis-camels/data/raw/CAMELS_SIMBA_1000U/LH_870_hlist_0.25000.list,true,4682,4682,0.51209,/home/ml/thesis-camels/data/raw/CAMELS_SIMBA_1000U/LH_870_hlist_0.51209.list,true,7037,7037,0.75065,/home/ml/thesis-camels/data/raw/CAMELS_SIMBA_1000U/LH_870_hlist_0.75065.list,true,6695,6695,1.00000,/home/ml/thesis-camels/data/raw/CAMELS_SIMBA_1000U/LH_870_hlist_1.00000.list,true,6694,6694,train,train,train,NONE
LH_871,871,/home/ml/thesis-camels/data/raw/CAMELS_SIMBA_1000U,row_universe_id=LH_871;universe_index=871;omega_m=0.2482,0.20000,/home/ml/thesis-camels/data/raw/CAMELS_SIMBA_1000U/LH_871_hlist_0.20000.list,true,4272,4272,0.25000,/home/ml/thesis-camels/data/raw/CAMELS_SIMBA_1000U/LH_871_hlist_0.25000.list,true,5728,5728,0.51209,/home/ml/thesis-camels/data/raw/CAMELS_SIMBA_1000U/LH_871_hlist_0.51209.list,true,7118,7118,0.75065,/home/ml/thesis-camels/data/raw/CAMELS_SIMBA_1000U/LH_871_hlist_0.75065.list,true,6516,6516,1.00000,/home/ml/thesis-camels/data/raw/CAMELS_SIMBA_1000U/LH_871_hlist_1.00000.list,true,6697,6697,train,train,train,NONE
LH_872,872,/home/ml/thesis-camels/data/raw/CAMELS_SIMBA_1000U,row_universe_id=LH_872;universe_index=872;omega_m=0.4798,0.20000,/home/ml/thesis-camels/data/raw/CAMELS_SIMBA_1000U/LH_872_hlist_0.20000.list,true,7609,7609,0.25000,/home/ml/thesis-camels/data/raw/CAMELS_SIMBA_1000U/LH_872_hlist_0.25000.list,true,8732,8732,0.51209,/home/ml/thesis-camels/data/raw/CAMELS_SIMBA_1000U/LH_872_hlist_0.51209.list,true,8129,8129,0.75065,/home/ml/thesis-camels/data/raw/CAMELS_SIMBA_1000U/LH_872_hlist_0.75065.list,true,6924,6924,1.00000,/home/ml/thesis-camels/data/raw/CAMELS_SIMBA_1000U/LH_872_hlist_1.00000.list,true,6366,6366,train,train,train,NONE
LH_873,873,/home/ml/thesis-camels/data/raw/CAMELS_SIMBA_1000U,row_universe_id=LH_873;universe_index=873;omega_m=0.2386,0.20000,/home/ml/thesis-camels/data/raw/CAMELS_SIMBA_1000U/LH_873_hlist_0.20000.list,true,2880,2880,0.25000,/home/ml/thesis-camels/data/raw/CAMELS_SIMBA_1000U/LH_873_hlist_0.25000.list,true,4341,4341,0.51209,/home/ml/thesis-camels/data/raw/CAMELS_SIMBA_1000U/LH_873_hlist_0.51209.list,true,6923,6923,0.75065,/home/ml/thesis-camels/data/raw/CAMELS_SIMBA_1000U/LH_873_hlist_0.75065.list,true,6807,6807,1.00000,/home/ml/thesis-camels/data/raw/CAMELS_SIMBA_1000U/LH_873_hlist_1.00000.list,true,7069,7069,train,train,train,NONE
LH_874,874,/home/ml/thesis-camels/data/raw/CAMELS_SIMBA_1000U,row_universe_id=LH_874;universe_index=874;omega_m=0.4962,0.20000,/home/ml/thesis-camels/data/raw/CAMELS_SIMBA_1000U/LH_874_hlist_0.20000.list,true,7237,7237,0.25000,/home/ml/thesis-camels/data/raw/CAMELS_SIMBA_1000U/LH_874_hlist_0.25000.list,true,8469,8469,0.51209,/home/ml/thesis-camels/data/raw/CAMELS_SIMBA_1000U/LH_874_hlist_0.51209.list,true,8432,8432,0.75065,/home/ml/thesis-camels/data/raw/CAMELS_SIMBA_1000U/LH_874_hlist_0.75065.list,true,7052,7052,1.00000,/home/ml/thesis-camels/data/raw/CAMELS_SIMBA_1000U/LH_874_hlist_1.00000.list,true,6553,6553,train,train,train,NONE
LH_875,875,/home/ml/thesis-camels/data/raw/CAMELS_SIMBA_1000U,row_universe_id=LH_875;universe_index=875;omega_m=0.3546,0.20000,/home/ml/thesis-camels/data/raw/CAMELS_SIMBA_1000U/LH_875_hlist_0.20000.list,true,7587,7587,0.25000,/home/ml/thesis-camels/data/raw/CAMELS_SIMBA_1000U/LH_875_hlist_0.25000.list,true,8261,8261,0.51209,/home/ml/thesis-camels/data/raw/CAMELS_SIMBA_1000U/LH_875_hlist_0.51209.list,true,7354,7354,0.75065,/home/ml/thesis-camels/data/raw/CAMELS_SIMBA_1000U/LH_875_hlist_0.75065.list,true,6181,6181,1.00000,/home/ml/thesis-camels/data/raw/CAMELS_SIMBA_1000U/LH_875_hlist_1.00000.list,true,6047,6047,train,train,train,NONE
LH_876,876,/home/ml/thesis-camels/data/raw/CAMELS_SIMBA_1000U,row_universe_id=LH_876;universe_index=876;omega_m=0.4838,0.20000,/home/ml/thesis-camels/data/raw/CAMELS_SIMBA_1000U/LH_876_hlist_0.20000.list,true,6963,6963,0.25000,/home/ml/thesis-camels/data/raw/CAMELS_SIMBA_1000U/LH_876_hlist_0.25000.list,true,8329,8329,0.51209,/home/ml/thesis-camels/data/raw/CAMELS_SIMBA_1000U/LH_876_hlist_0.51209.list,true,8525,8525,0.75065,/home/ml/thesis-camels/data/raw/CAMELS_SIMBA_1000U/LH_876_hlist_0.75065.list,true,7230,7230,1.00000,/home/ml/thesis-camels/data/raw/CAMELS_SIMBA_1000U/LH_876_hlist_1.00000.list,true,6684,6684,train,train,train,NONE
LH_877,877,/home/ml/thesis-camels/data/raw/CAMELS_SIMBA_1000U,row_universe_id=LH_877;universe_index=877;omega_m=0.2138,0.20000,/home/ml/thesis-camels/data/raw/CAMELS_SIMBA_1000U/LH_877_hlist_0.20000.list,true,5598,5598,0.25000,/home/ml/thesis-camels/data/raw/CAMELS_SIMBA_1000U/LH_877_hlist_0.25000.list,true,6666,6666,0.51209,/home/ml/thesis-camels/data/raw/CAMELS_SIMBA_1000U/LH_877_hlist_0.51209.list,true,6266,6266,0.75065,/home/ml/thesis-camels/data/raw/CAMELS_SIMBA_1000U/LH_877_hlist_0.75065.list,true,5721,5721,1.00000,/home/ml/thesis-camels/data/raw/CAMELS_SIMBA_1000U/LH_877_hlist_1.00000.list,true,5809,5809,train,train,train,NONE
LH_878,878,/home/ml/thesis-camels/data/raw/CAMELS_SIMBA_1000U,row_universe_id=LH_878;universe_index=878;omega_m=0.3494,0.20000,/home/ml/thesis-camels/data/raw/CAMELS_SIMBA_1000U/LH_878_hlist_0.20000.list,true,6680,6680,0.25000,/home/ml/thesis-camels/data/raw/CAMELS_SIMBA_1000U/LH_878_hlist_0.25000.list,true,7684,7684,0.51209,/home/ml/thesis-camels/data/raw/CAMELS_SIMBA_1000U/LH_878_hlist_0.51209.list,true,7053,7053,0.75065,/home/ml/thesis-camels/data/raw/CAMELS_SIMBA_1000U/LH_878_hlist_0.75065.list,true,6055,6055,1.00000,/home/ml/thesis-camels/data/raw/CAMELS_SIMBA_1000U/LH_878_hlist_1.00000.list,true,5887,5887,train,train,train,NONE
LH_879,879,/home/ml/thesis-camels/data/raw/CAMELS_SIMBA_1000U,row_universe_id=LH_879;universe_index=879;omega_m=0.1782,0.20000,/home/ml/thesis-camels/data/raw/CAMELS_SIMBA_1000U/LH_879_hlist_0.20000.list,true,4072,4072,0.25000,/home/ml/thesis-camels/data/raw/CAMELS_SIMBA_1000U/LH_879_hlist_0.25000.list,true,5158,5158,0.51209,/home/ml/thesis-camels/data/raw/CAMELS_SIMBA_1000U/LH_879_hlist_0.51209.list,true,5833,5833,0.75065,/home/ml/thesis-camels/data/raw/CAMELS_SIMBA_1000U/LH_879_hlist_0.75065.list,true,5822,5822,1.00000,/home/ml/thesis-camels/data/raw/CAMELS_SIMBA_1000U/LH_879_hlist_1.00000.list,true,6066,6066,train,train,train,NONE
LH_880,880,/home/ml/thesis-camels/data/raw/CAMELS_SIMBA_1000U,row_universe_id=LH_880;universe_index=880;omega_m=0.1034,0.20000,/home/ml/thesis-camels/data/raw/CAMELS_SIMBA_1000U/LH_880_hlist_0.20000.list,true,1097,1097,0.25000,/home/ml/thesis-camels/data/raw/CAMELS_SIMBA_1000U/LH_880_hlist_0.25000.list,true,2291,2291,0.51209,/home/ml/thesis-camels/data/raw/CAMELS_SIMBA_1000U/LH_880_hlist_0.51209.list,true,4344,4344,0.75065,/home/ml/thesis-camels/data/raw/CAMELS_SIMBA_1000U/LH_880_hlist_0.75065.list,true,4817,4817,1.00000,/home/ml/thesis-camels/data/raw/CAMELS_SIMBA_1000U/LH_880_hlist_1.00000.list,true,5451,5451,train,train,train,NONE
LH_881,881,/home/ml/thesis-camels/data/raw/CAMELS_SIMBA_1000U,row_universe_id=LH_881;universe_index=881;omega_m=0.373,0.20000,/home/ml/thesis-camels/data/raw/CAMELS_SIMBA_1000U/LH_881_hlist_0.20000.list,true,5572,5572,0.25000,/home/ml/thesis-camels/data/raw/CAMELS_SIMBA_1000U/LH_881_hlist_0.25000.list,true,6887,6887,0.51209,/home/ml/thesis-camels/data/raw/CAMELS_SIMBA_1000U/LH_881_hlist_0.51209.list,true,7691,7691,0.75065,/home/ml/thesis-camels/data/raw/CAMELS_SIMBA_1000U/LH_881_hlist_0.75065.list,true,6880,6880,1.00000,/home/ml/thesis-camels/data/raw/CAMELS_SIMBA_1000U/LH_881_hlist_1.00000.list,true,6779,6779,train,train,train,NONE
LH_882,882,/home/ml/thesis-camels/data/raw/CAMELS_SIMBA_1000U,row_universe_id=LH_882;universe_index=882;omega_m=0.4982,0.20000,/home/ml/thesis-camels/data/raw/CAMELS_SIMBA_1000U/LH_882_hlist_0.20000.list,true,6211,6211,0.25000,/home/ml/thesis-camels/data/raw/CAMELS_SIMBA_1000U/LH_882_hlist_0.25000.list,true,7559,7559,0.51209,/home/ml/thesis-camels/data/raw/CAMELS_SIMBA_1000U/LH_882_hlist_0.51209.list,true,8523,8523,0.75065,/home/ml/thesis-camels/data/raw/CAMELS_SIMBA_1000U/LH_882_hlist_0.75065.list,true,7351,7351,1.00000,/home/ml/thesis-camels/data/raw/CAMELS_SIMBA_1000U/LH_882_hlist_1.00000.list,true,6735,6735,train,train,train,NONE
LH_883,883,/home/ml/thesis-camels/data/raw/CAMELS_SIMBA_1000U,row_universe_id=LH_883;universe_index=883;omega_m=0.3482,0.20000,/home/ml/thesis-camels/data/raw/CAMELS_SIMBA_1000U/LH_883_hlist_0.20000.list,true,7763,7763,0.25000,/home/ml/thesis-camels/data/raw/CAMELS_SIMBA_1000U/LH_883_hlist_0.25000.list,true,8251,8251,0.51209,/home/ml/thesis-camels/data/raw/CAMELS_SIMBA_1000U/LH_883_hlist_0.51209.list,true,6737,6737,0.75065,/home/ml/thesis-camels/data/raw/CAMELS_SIMBA_1000U/LH_883_hlist_0.75065.list,true,5584,5584,1.00000,/home/ml/thesis-camels/data/raw/CAMELS_SIMBA_1000U/LH_883_hlist_1.00000.list,true,5547,5547,train,train,train,NONE
LH_884,884,/home/ml/thesis-camels/data/raw/CAMELS_SIMBA_1000U,row_universe_id=LH_884;universe_index=884;omega_m=0.1954,0.20000,/home/ml/thesis-camels/data/raw/CAMELS_SIMBA_1000U/LH_884_hlist_0.20000.list,true,4947,4947,0.25000,/home/ml/thesis-camels/data/raw/CAMELS_SIMBA_1000U/LH_884_hlist_0.25000.list,true,6048,6048,0.51209,/home/ml/thesis-camels/data/raw/CAMELS_SIMBA_1000U/LH_884_hlist_0.51209.list,true,5834,5834,0.75065,/home/ml/thesis-camels/data/raw/CAMELS_SIMBA_1000U/LH_884_hlist_0.75065.list,true,5638,5638,1.00000,/home/ml/thesis-camels/data/raw/CAMELS_SIMBA_1000U/LH_884_hlist_1.00000.list,true,5807,5807,train,train,train,NONE
LH_885,885,/home/ml/thesis-camels/data/raw/CAMELS_SIMBA_1000U,row_universe_id=LH_885;universe_index=885;omega_m=0.3722,0.20000,/home/ml/thesis-camels/data/raw/CAMELS_SIMBA_1000U/LH_885_hlist_0.20000.list,true,7717,7717,0.25000,/home/ml/thesis-camels/data/raw/CAMELS_SIMBA_1000U/LH_885_hlist_0.25000.list,true,8415,8415,0.51209,/home/ml/thesis-camels/data/raw/CAMELS_SIMBA_1000U/LH_885_hlist_0.51209.list,true,7131,7131,0.75065,/home/ml/thesis-camels/data/raw/CAMELS_SIMBA_1000U/LH_885_hlist_0.75065.list,true,5906,5906,1.00000,/home/ml/thesis-camels/data/raw/CAMELS_SIMBA_1000U/LH_885_hlist_1.00000.list,true,5796,5796,train,train,train,NONE
LH_886,886,/home/ml/thesis-camels/data/raw/CAMELS_SIMBA_1000U,row_universe_id=LH_886;universe_index=886;omega_m=0.4058,0.20000,/home/ml/thesis-camels/data/raw/CAMELS_SIMBA_1000U/LH_886_hlist_0.20000.list,true,6505,6505,0.25000,/home/ml/thesis-camels/data/raw/CAMELS_SIMBA_1000U/LH_886_hlist_0.25000.list,true,7597,7597,0.51209,/home/ml/thesis-camels/data/raw/CAMELS_SIMBA_1000U/LH_886_hlist_0.51209.list,true,7740,7740,0.75065,/home/ml/thesis-camels/data/raw/CAMELS_SIMBA_1000U/LH_886_hlist_0.75065.list,true,6835,6835,1.00000,/home/ml/thesis-camels/data/raw/CAMELS_SIMBA_1000U/LH_886_hlist_1.00000.list,true,6655,6655,train,train,train,NONE
LH_887,887,/home/ml/thesis-camels/data/raw/CAMELS_SIMBA_1000U,row_universe_id=LH_887;universe_index=887;omega_m=0.2186,0.20000,/home/ml/thesis-camels/data/raw/CAMELS_SIMBA_1000U/LH_887_hlist_0.20000.list,true,4060,4060,0.25000,/home/ml/thesis-camels/data/raw/CAMELS_SIMBA_1000U/LH_887_hlist_0.25000.list,true,5528,5528,0.51209,/home/ml/thesis-camels/data/raw/CAMELS_SIMBA_1000U/LH_887_hlist_0.51209.list,true,6583,6583,0.75065,/home/ml/thesis-camels/data/raw/CAMELS_SIMBA_1000U/LH_887_hlist_0.75065.list,true,6244,6244,1.00000,/home/ml/thesis-camels/data/raw/CAMELS_SIMBA_1000U/LH_887_hlist_1.00000.list,true,6342,6342,train,train,train,NONE
LH_888,888,/home/ml/thesis-camels/data/raw/CAMELS_SIMBA_1000U,row_universe_id=LH_888;universe_index=888;omega_m=0.3734,0.20000,/home/ml/thesis-camels/data/raw/CAMELS_SIMBA_1000U/LH_888_hlist_0.20000.list,true,7175,7175,0.25000,/home/ml/thesis-camels/data/raw/CAMELS_SIMBA_1000U/LH_888_hlist_0.25000.list,true,7875,7875,0.51209,/home/ml/thesis-camels/data/raw/CAMELS_SIMBA_1000U/LH_888_hlist_0.51209.list,true,7065,7065,0.75065,/home/ml/thesis-camels/data/raw/CAMELS_SIMBA_1000U/LH_888_hlist_0.75065.list,true,5865,5865,1.00000,/home/ml/thesis-camels/data/raw/CAMELS_SIMBA_1000U/LH_888_hlist_1.00000.list,true,5644,5644,train,train,train,NONE
LH_889,889,/home/ml/thesis-camels/data/raw/CAMELS_SIMBA_1000U,row_universe_id=LH_889;universe_index=889;omega_m=0.3786,0.20000,/home/ml/thesis-camels/data/raw/CAMELS_SIMBA_1000U/LH_889_hlist_0.20000.list,true,7448,7448,0.25000,/home/ml/thesis-camels/data/raw/CAMELS_SIMBA_1000U/LH_889_hlist_0.25000.list,true,8227,8227,0.51209,/home/ml/thesis-camels/data/raw/CAMELS_SIMBA_1000U/LH_889_hlist_0.51209.list,true,7612,7612,0.75065,/home/ml/thesis-camels/data/raw/CAMELS_SIMBA_1000U/LH_889_hlist_0.75065.list,true,6341,6341,1.00000,/home/ml/thesis-camels/data/raw/CAMELS_SIMBA_1000U/LH_889_hlist_1.00000.list,true,6243,6243,train,train,train,NONE
LH_890,890,/home/ml/thesis-camels/data/raw/CAMELS_SIMBA_1000U,row_universe_id=LH_890;universe_index=890;omega_m=0.165,0.20000,/home/ml/thesis-camels/data/raw/CAMELS_SIMBA_1000U/LH_890_hlist_0.20000.list,true,1025,1025,0.25000,/home/ml/thesis-camels/data/raw/CAMELS_SIMBA_1000U/LH_890_hlist_0.25000.list,true,2151,2151,0.51209,/home/ml/thesis-camels/data/raw/CAMELS_SIMBA_1000U/LH_890_hlist_0.51209.list,true,5434,5434,0.75065,/home/ml/thesis-camels/data/raw/CAMELS_SIMBA_1000U/LH_890_hlist_0.75065.list,true,6030,6030,1.00000,/home/ml/thesis-camels/data/raw/CAMELS_SIMBA_1000U/LH_890_hlist_1.00000.list,true,6610,6610,train,train,train,NONE
LH_891,891,/home/ml/thesis-camels/data/raw/CAMELS_SIMBA_1000U,row_universe_id=LH_891;universe_index=891;omega_m=0.3682,0.20000,/home/ml/thesis-camels/data/raw/CAMELS_SIMBA_1000U/LH_891_hlist_0.20000.list,true,4011,4011,0.25000,/home/ml/thesis-camels/data/raw/CAMELS_SIMBA_1000U/LH_891_hlist_0.25000.list,true,5485,5485,0.51209,/home/ml/thesis-camels/data/raw/CAMELS_SIMBA_1000U/LH_891_hlist_0.51209.list,true,8610,8610,0.75065,/home/ml/thesis-camels/data/raw/CAMELS_SIMBA_1000U/LH_891_hlist_0.75065.list,true,8210,8210,1.00000,/home/ml/thesis-camels/data/raw/CAMELS_SIMBA_1000U/LH_891_hlist_1.00000.list,true,8171,8171,train,train,train,NONE
LH_892,892,/home/ml/thesis-camels/data/raw/CAMELS_SIMBA_1000U,row_universe_id=LH_892;universe_index=892;omega_m=0.1538,0.20000,/home/ml/thesis-camels/data/raw/CAMELS_SIMBA_1000U/LH_892_hlist_0.20000.list,true,1907,1907,0.25000,/home/ml/thesis-camels/data/raw/CAMELS_SIMBA_1000U/LH_892_hlist_0.25000.list,true,3309,3309,0.51209,/home/ml/thesis-camels/data/raw/CAMELS_SIMBA_1000U/LH_892_hlist_0.51209.list,true,5437,5437,0.75065,/home/ml/thesis-camels/data/raw/CAMELS_SIMBA_1000U/LH_892_hlist_0.75065.list,true,5476,5476,1.00000,/home/ml/thesis-camels/data/raw/CAMELS_SIMBA_1000U/LH_892_hlist_1.00000.list,true,5859,5859,train,train,train,NONE
LH_893,893,/home/ml/thesis-camels/data/raw/CAMELS_SIMBA_1000U,row_universe_id=LH_893;universe_index=893;omega_m=0.1258,0.20000,/home/ml/thesis-camels/data/raw/CAMELS_SIMBA_1000U/LH_893_hlist_0.20000.list,true,2151,2151,0.25000,/home/ml/thesis-camels/data/raw/CAMELS_SIMBA_1000U/LH_893_hlist_0.25000.list,true,3528,3528,0.51209,/home/ml/thesis-camels/data/raw/CAMELS_SIMBA_1000U/LH_893_hlist_0.51209.list,true,4701,4701,0.75065,/home/ml/thesis-camels/data/raw/CAMELS_SIMBA_1000U/LH_893_hlist_0.75065.list,true,4794,4794,1.00000,/home/ml/thesis-camels/data/raw/CAMELS_SIMBA_1000U/LH_893_hlist_1.00000.list,true,5197,5197,train,train,train,NONE
LH_894,894,/home/ml/thesis-camels/data/raw/CAMELS_SIMBA_1000U,row_universe_id=LH_894;universe_index=894;omega_m=0.2834,0.20000,/home/ml/thesis-camels/data/raw/CAMELS_SIMBA_1000U/LH_894_hlist_0.20000.list,true,5877,5877,0.25000,/home/ml/thesis-camels/data/raw/CAMELS_SIMBA_1000U/LH_894_hlist_0.25000.list,true,6842,6842,0.51209,/home/ml/thesis-camels/data/raw/CAMELS_SIMBA_1000U/LH_894_hlist_0.51209.list,true,6999,6999,0.75065,/home/ml/thesis-camels/data/raw/CAMELS_SIMBA_1000U/LH_894_hlist_0.75065.list,true,6283,6283,1.00000,/home/ml/thesis-camels/data/raw/CAMELS_SIMBA_1000U/LH_894_hlist_1.00000.list,true,6299,6299,train,train,train,NONE
LH_895,895,/home/ml/thesis-camels/data/raw/CAMELS_SIMBA_1000U,row_universe_id=LH_895;universe_index=895;omega_m=0.355,0.20000,/home/ml/thesis-camels/data/raw/CAMELS_SIMBA_1000U/LH_895_hlist_0.20000.list,true,4972,4972,0.25000,/home/ml/thesis-camels/data/raw/CAMELS_SIMBA_1000U/LH_895_hlist_0.25000.list,true,6490,6490,0.51209,/home/ml/thesis-camels/data/raw/CAMELS_SIMBA_1000U/LH_895_hlist_0.51209.list,true,8049,8049,0.75065,/home/ml/thesis-camels/data/raw/CAMELS_SIMBA_1000U/LH_895_hlist_0.75065.list,true,7270,7270,1.00000,/home/ml/thesis-camels/data/raw/CAMELS_SIMBA_1000U/LH_895_hlist_1.00000.list,true,7057,7057,train,train,train,NONE
LH_896,896,/home/ml/thesis-camels/data/raw/CAMELS_SIMBA_1000U,row_universe_id=LH_896;universe_index=896;omega_m=0.2142,0.20000,/home/ml/thesis-camels/data/raw/CAMELS_SIMBA_1000U/LH_896_hlist_0.20000.list,true,1320,1320,0.25000,/home/ml/thesis-camels/data/raw/CAMELS_SIMBA_1000U/LH_896_hlist_0.25000.list,true,2474,2474,0.51209,/home/ml/thesis-camels/data/raw/CAMELS_SIMBA_1000U/LH_896_hlist_0.51209.list,true,6397,6397,0.75065,/home/ml/thesis-camels/data/raw/CAMELS_SIMBA_1000U/LH_896_hlist_0.75065.list,true,6633,6633,1.00000,/home/ml/thesis-camels/data/raw/CAMELS_SIMBA_1000U/LH_896_hlist_1.00000.list,true,7132,7132,train,train,train,NONE
LH_897,897,/home/ml/thesis-camels/data/raw/CAMELS_SIMBA_1000U,row_universe_id=LH_897;universe_index=897;omega_m=0.1058,0.20000,/home/ml/thesis-camels/data/raw/CAMELS_SIMBA_1000U/LH_897_hlist_0.20000.list,true,770,770,0.25000,/home/ml/thesis-camels/data/raw/CAMELS_SIMBA_1000U/LH_897_hlist_0.25000.list,true,1875,1875,0.51209,/home/ml/thesis-camels/data/raw/CAMELS_SIMBA_1000U/LH_897_hlist_0.51209.list,true,3676,3676,0.75065,/home/ml/thesis-camels/data/raw/CAMELS_SIMBA_1000U/LH_897_hlist_0.75065.list,true,4017,4017,1.00000,/home/ml/thesis-camels/data/raw/CAMELS_SIMBA_1000U/LH_897_hlist_1.00000.list,true,4645,4645,train,train,train,NONE
LH_898,898,/home/ml/thesis-camels/data/raw/CAMELS_SIMBA_1000U,row_universe_id=LH_898;universe_index=898;omega_m=0.1454,0.20000,/home/ml/thesis-camels/data/raw/CAMELS_SIMBA_1000U/LH_898_hlist_0.20000.list,true,3906,3906,0.25000,/home/ml/thesis-camels/data/raw/CAMELS_SIMBA_1000U/LH_898_hlist_0.25000.list,true,4923,4923,0.51209,/home/ml/thesis-camels/data/raw/CAMELS_SIMBA_1000U/LH_898_hlist_0.51209.list,true,5296,5296,0.75065,/home/ml/thesis-camels/data/raw/CAMELS_SIMBA_1000U/LH_898_hlist_0.75065.list,true,5252,5252,1.00000,/home/ml/thesis-camels/data/raw/CAMELS_SIMBA_1000U/LH_898_hlist_1.00000.list,true,5644,5644,train,train,train,NONE
LH_899,899,/home/ml/thesis-camels/data/raw/CAMELS_SIMBA_1000U,row_universe_id=LH_899;universe_index=899;omega_m=0.1466,0.20000,/home/ml/thesis-camels/data/raw/CAMELS_SIMBA_1000U/LH_899_hlist_0.20000.list,true,3352,3352,0.25000,/home/ml/thesis-camels/data/raw/CAMELS_SIMBA_1000U/LH_899_hlist_0.25000.list,true,4419,4419,0.51209,/home/ml/thesis-camels/data/raw/CAMELS_SIMBA_1000U/LH_899_hlist_0.51209.list,true,5424,5424,0.75065,/home/ml/thesis-camels/data/raw/CAMELS_SIMBA_1000U/LH_899_hlist_0.75065.list,true,5330,5330,1.00000,/home/ml/thesis-camels/data/raw/CAMELS_SIMBA_1000U/LH_899_hlist_1.00000.list,true,5757,5757,train,train,train,NONE
LH_900,900,/home/ml/thesis-camels/data/raw/CAMELS_SIMBA_1000U,row_universe_id=LH_900;universe_index=900;omega_m=0.1714,0.20000,/home/ml/thesis-camels/data/raw/CAMELS_SIMBA_1000U/LH_900_hlist_0.20000.list,true,3280,3280,0.25000,/home/ml/thesis-camels/data/raw/CAMELS_SIMBA_1000U/LH_900_hlist_0.25000.list,true,4743,4743,0.51209,/home/ml/thesis-camels/data/raw/CAMELS_SIMBA_1000U/LH_900_hlist_0.51209.list,true,5690,5690,0.75065,/home/ml/thesis-camels/data/raw/CAMELS_SIMBA_1000U/LH_900_hlist_0.75065.list,true,5516,5516,1.00000,/home/ml/thesis-camels/data/raw/CAMELS_SIMBA_1000U/LH_900_hlist_1.00000.list,true,5916,5916,train,train,train,NONE
LH_901,901,/home/ml/thesis-camels/data/raw/CAMELS_SIMBA_1000U,row_universe_id=LH_901;universe_index=901;omega_m=0.2406,0.20000,/home/ml/thesis-camels/data/raw/CAMELS_SIMBA_1000U/LH_901_hlist_0.20000.list,true,4969,4969,0.25000,/home/ml/thesis-camels/data/raw/CAMELS_SIMBA_1000U/LH_901_hlist_0.25000.list,true,6116,6116,0.51209,/home/ml/thesis-camels/data/raw/CAMELS_SIMBA_1000U/LH_901_hlist_0.51209.list,true,6576,6576,0.75065,/home/ml/thesis-camels/data/raw/CAMELS_SIMBA_1000U/LH_901_hlist_0.75065.list,true,6054,6054,1.00000,/home/ml/thesis-camels/data/raw/CAMELS_SIMBA_1000U/LH_901_hlist_1.00000.list,true,6168,6168,train,train,train,NONE
LH_902,902,/home/ml/thesis-camels/data/raw/CAMELS_SIMBA_1000U,row_universe_id=LH_902;universe_index=902;omega_m=0.1062,0.20000,/home/ml/thesis-camels/data/raw/CAMELS_SIMBA_1000U/LH_902_hlist_0.20000.list,true,2164,2164,0.25000,/home/ml/thesis-camels/data/raw/CAMELS_SIMBA_1000U/LH_902_hlist_0.25000.list,true,3207,3207,0.51209,/home/ml/thesis-camels/data/raw/CAMELS_SIMBA_1000U/LH_902_hlist_0.51209.list,true,4173,4173,0.75065,/home/ml/thesis-camels/data/raw/CAMELS_SIMBA_1000U/LH_902_hlist_0.75065.list,true,4288,4288,1.00000,/home/ml/thesis-camels/data/raw/CAMELS_SIMBA_1000U/LH_902_hlist_1.00000.list,true,4743,4743,train,train,train,NONE
LH_903,903,/home/ml/thesis-camels/data/raw/CAMELS_SIMBA_1000U,row_universe_id=LH_903;universe_index=903;omega_m=0.1274,0.20000,/home/ml/thesis-camels/data/raw/CAMELS_SIMBA_1000U/LH_903_hlist_0.20000.list,true,1566,1566,0.25000,/home/ml/thesis-camels/data/raw/CAMELS_SIMBA_1000U/LH_903_hlist_0.25000.list,true,2621,2621,0.51209,/home/ml/thesis-camels/data/raw/CAMELS_SIMBA_1000U/LH_903_hlist_0.51209.list,true,4754,4754,0.75065,/home/ml/thesis-camels/data/raw/CAMELS_SIMBA_1000U/LH_903_hlist_0.75065.list,true,5125,5125,1.00000,/home/ml/thesis-camels/data/raw/CAMELS_SIMBA_1000U/LH_903_hlist_1.00000.list,true,5672,5672,train,train,train,NONE
LH_904,904,/home/ml/thesis-camels/data/raw/CAMELS_SIMBA_1000U,row_universe_id=LH_904;universe_index=904;omega_m=0.3814,0.20000,/home/ml/thesis-camels/data/raw/CAMELS_SIMBA_1000U/LH_904_hlist_0.20000.list,true,5272,5272,0.25000,/home/ml/thesis-camels/data/raw/CAMELS_SIMBA_1000U/LH_904_hlist_0.25000.list,true,6866,6866,0.51209,/home/ml/thesis-camels/data/raw/CAMELS_SIMBA_1000U/LH_904_hlist_0.51209.list,true,7525,7525,0.75065,/home/ml/thesis-camels/data/raw/CAMELS_SIMBA_1000U/LH_904_hlist_0.75065.list,true,6414,6414,1.00000,/home/ml/thesis-camels/data/raw/CAMELS_SIMBA_1000U/LH_904_hlist_1.00000.list,true,6245,6245,train,train,train,NONE
LH_905,905,/home/ml/thesis-camels/data/raw/CAMELS_SIMBA_1000U,row_universe_id=LH_905;universe_index=905;omega_m=0.2582,0.20000,/home/ml/thesis-camels/data/raw/CAMELS_SIMBA_1000U/LH_905_hlist_0.20000.list,true,2305,2305,0.25000,/home/ml/thesis-camels/data/raw/CAMELS_SIMBA_1000U/LH_905_hlist_0.25000.list,true,3774,3774,0.51209,/home/ml/thesis-camels/data/raw/CAMELS_SIMBA_1000U/LH_905_hlist_0.51209.list,true,6898,6898,0.75065,/home/ml/thesis-camels/data/raw/CAMELS_SIMBA_1000U/LH_905_hlist_0.75065.list,true,6758,6758,1.00000,/home/ml/thesis-camels/data/raw/CAMELS_SIMBA_1000U/LH_905_hlist_1.00000.list,true,7098,7098,train,train,train,NONE
LH_906,906,/home/ml/thesis-camels/data/raw/CAMELS_SIMBA_1000U,row_universe_id=LH_906;universe_index=906;omega_m=0.4774,0.20000,/home/ml/thesis-camels/data/raw/CAMELS_SIMBA_1000U/LH_906_hlist_0.20000.list,true,4449,4449,0.25000,/home/ml/thesis-camels/data/raw/CAMELS_SIMBA_1000U/LH_906_hlist_0.25000.list,true,6327,6327,0.51209,/home/ml/thesis-camels/data/raw/CAMELS_SIMBA_1000U/LH_906_hlist_0.51209.list,true,8550,8550,0.75065,/home/ml/thesis-camels/data/raw/CAMELS_SIMBA_1000U/LH_906_hlist_0.75065.list,true,7915,7915,1.00000,/home/ml/thesis-camels/data/raw/CAMELS_SIMBA_1000U/LH_906_hlist_1.00000.list,true,7496,7496,train,train,train,NONE
LH_907,907,/home/ml/thesis-camels/data/raw/CAMELS_SIMBA_1000U,row_universe_id=LH_907;universe_index=907;omega_m=0.2706,0.20000,/home/ml/thesis-camels/data/raw/CAMELS_SIMBA_1000U/LH_907_hlist_0.20000.list,true,6548,6548,0.25000,/home/ml/thesis-camels/data/raw/CAMELS_SIMBA_1000U/LH_907_hlist_0.25000.list,true,7492,7492,0.51209,/home/ml/thesis-camels/data/raw/CAMELS_SIMBA_1000U/LH_907_hlist_0.51209.list,true,7164,7164,0.75065,/home/ml/thesis-camels/data/raw/CAMELS_SIMBA_1000U/LH_907_hlist_0.75065.list,true,6191,6191,1.00000,/home/ml/thesis-camels/data/raw/CAMELS_SIMBA_1000U/LH_907_hlist_1.00000.list,true,6180,6180,train,train,train,NONE
LH_908,908,/home/ml/thesis-camels/data/raw/CAMELS_SIMBA_1000U,row_universe_id=LH_908;universe_index=908;omega_m=0.2174,0.20000,/home/ml/thesis-camels/data/raw/CAMELS_SIMBA_1000U/LH_908_hlist_0.20000.list,true,3144,3144,0.25000,/home/ml/thesis-camels/data/raw/CAMELS_SIMBA_1000U/LH_908_hlist_0.25000.list,true,4612,4612,0.51209,/home/ml/thesis-camels/data/raw/CAMELS_SIMBA_1000U/LH_908_hlist_0.51209.list,true,6330,6330,0.75065,/home/ml/thesis-camels/data/raw/CAMELS_SIMBA_1000U/LH_908_hlist_0.75065.list,true,6191,6191,1.00000,/home/ml/thesis-camels/data/raw/CAMELS_SIMBA_1000U/LH_908_hlist_1.00000.list,true,6577,6577,train,train,train,NONE
LH_909,909,/home/ml/thesis-camels/data/raw/CAMELS_SIMBA_1000U,row_universe_id=LH_909;universe_index=909;omega_m=0.3274,0.20000,/home/ml/thesis-camels/data/raw/CAMELS_SIMBA_1000U/LH_909_hlist_0.20000.list,true,3876,3876,0.25000,/home/ml/thesis-camels/data/raw/CAMELS_SIMBA_1000U/LH_909_hlist_0.25000.list,true,5424,5424,0.51209,/home/ml/thesis-camels/data/raw/CAMELS_SIMBA_1000U/LH_909_hlist_0.51209.list,true,7948,7948,0.75065,/home/ml/thesis-camels/data/raw/CAMELS_SIMBA_1000U/LH_909_hlist_0.75065.list,true,7457,7457,1.00000,/home/ml/thesis-camels/data/raw/CAMELS_SIMBA_1000U/LH_909_hlist_1.00000.list,true,7481,7481,train,train,train,NONE
LH_910,910,/home/ml/thesis-camels/data/raw/CAMELS_SIMBA_1000U,row_universe_id=LH_910;universe_index=910;omega_m=0.207,0.20000,/home/ml/thesis-camels/data/raw/CAMELS_SIMBA_1000U/LH_910_hlist_0.20000.list,true,4183,4183,0.25000,/home/ml/thesis-camels/data/raw/CAMELS_SIMBA_1000U/LH_910_hlist_0.25000.list,true,5503,5503,0.51209,/home/ml/thesis-camels/data/raw/CAMELS_SIMBA_1000U/LH_910_hlist_0.51209.list,true,6318,6318,0.75065,/home/ml/thesis-camels/data/raw/CAMELS_SIMBA_1000U/LH_910_hlist_0.75065.list,true,5883,5883,1.00000,/home/ml/thesis-camels/data/raw/CAMELS_SIMBA_1000U/LH_910_hlist_1.00000.list,true,6125,6125,train,train,train,NONE
LH_911,911,/home/ml/thesis-camels/data/raw/CAMELS_SIMBA_1000U,row_universe_id=LH_911;universe_index=911;omega_m=0.3082,0.20000,/home/ml/thesis-camels/data/raw/CAMELS_SIMBA_1000U/LH_911_hlist_0.20000.list,true,5800,5800,0.25000,/home/ml/thesis-camels/data/raw/CAMELS_SIMBA_1000U/LH_911_hlist_0.25000.list,true,6854,6854,0.51209,/home/ml/thesis-camels/data/raw/CAMELS_SIMBA_1000U/LH_911_hlist_0.51209.list,true,7070,7070,0.75065,/home/ml/thesis-camels/data/raw/CAMELS_SIMBA_1000U/LH_911_hlist_0.75065.list,true,6066,6066,1.00000,/home/ml/thesis-camels/data/raw/CAMELS_SIMBA_1000U/LH_911_hlist_1.00000.list,true,6003,6003,train,train,train,NONE
LH_912,912,/home/ml/thesis-camels/data/raw/CAMELS_SIMBA_1000U,row_universe_id=LH_912;universe_index=912;omega_m=0.2066,0.20000,/home/ml/thesis-camels/data/raw/CAMELS_SIMBA_1000U/LH_912_hlist_0.20000.list,true,1361,1361,0.25000,/home/ml/thesis-camels/data/raw/CAMELS_SIMBA_1000U/LH_912_hlist_0.25000.list,true,2865,2865,0.51209,/home/ml/thesis-camels/data/raw/CAMELS_SIMBA_1000U/LH_912_hlist_0.51209.list,true,6364,6364,0.75065,/home/ml/thesis-camels/data/raw/CAMELS_SIMBA_1000U/LH_912_hlist_0.75065.list,true,6765,6765,1.00000,/home/ml/thesis-camels/data/raw/CAMELS_SIMBA_1000U/LH_912_hlist_1.00000.list,true,7298,7298,train,train,train,NONE
LH_913,913,/home/ml/thesis-camels/data/raw/CAMELS_SIMBA_1000U,row_universe_id=LH_913;universe_index=913;omega_m=0.3014,0.20000,/home/ml/thesis-camels/data/raw/CAMELS_SIMBA_1000U/LH_913_hlist_0.20000.list,true,3165,3165,0.25000,/home/ml/thesis-camels/data/raw/CAMELS_SIMBA_1000U/LH_913_hlist_0.25000.list,true,4874,4874,0.51209,/home/ml/thesis-camels/data/raw/CAMELS_SIMBA_1000U/LH_913_hlist_0.51209.list,true,7146,7146,0.75065,/home/ml/thesis-camels/data/raw/CAMELS_SIMBA_1000U/LH_913_hlist_0.75065.list,true,6840,6840,1.00000,/home/ml/thesis-camels/data/raw/CAMELS_SIMBA_1000U/LH_913_hlist_1.00000.list,true,6841,6841,train,train,train,NONE
LH_914,914,/home/ml/thesis-camels/data/raw/CAMELS_SIMBA_1000U,row_universe_id=LH_914;universe_index=914;omega_m=0.3522,0.20000,/home/ml/thesis-camels/data/raw/CAMELS_SIMBA_1000U/LH_914_hlist_0.20000.list,true,3423,3423,0.25000,/home/ml/thesis-camels/data/raw/CAMELS_SIMBA_1000U/LH_914_hlist_0.25000.list,true,5264,5264,0.51209,/home/ml/thesis-camels/data/raw/CAMELS_SIMBA_1000U/LH_914_hlist_0.51209.list,true,8266,8266,0.75065,/home/ml/thesis-camels/data/raw/CAMELS_SIMBA_1000U/LH_914_hlist_0.75065.list,true,7768,7768,1.00000,/home/ml/thesis-camels/data/raw/CAMELS_SIMBA_1000U/LH_914_hlist_1.00000.list,true,7664,7664,train,train,train,NONE
LH_915,915,/home/ml/thesis-camels/data/raw/CAMELS_SIMBA_1000U,row_universe_id=LH_915;universe_index=915;omega_m=0.475,0.20000,/home/ml/thesis-camels/data/raw/CAMELS_SIMBA_1000U/LH_915_hlist_0.20000.list,true,8601,8601,0.25000,/home/ml/thesis-camels/data/raw/CAMELS_SIMBA_1000U/LH_915_hlist_0.25000.list,true,9259,9259,0.51209,/home/ml/thesis-camels/data/raw/CAMELS_SIMBA_1000U/LH_915_hlist_0.51209.list,true,7818,7818,0.75065,/home/ml/thesis-camels/data/raw/CAMELS_SIMBA_1000U/LH_915_hlist_0.75065.list,true,6492,6492,1.00000,/home/ml/thesis-camels/data/raw/CAMELS_SIMBA_1000U/LH_915_hlist_1.00000.list,true,6133,6133,train,train,train,NONE
LH_916,916,/home/ml/thesis-camels/data/raw/CAMELS_SIMBA_1000U,row_universe_id=LH_916;universe_index=916;omega_m=0.449,0.20000,/home/ml/thesis-camels/data/raw/CAMELS_SIMBA_1000U/LH_916_hlist_0.20000.list,true,8984,8984,0.25000,/home/ml/thesis-camels/data/raw/CAMELS_SIMBA_1000U/LH_916_hlist_0.25000.list,true,9500,9500,0.51209,/home/ml/thesis-camels/data/raw/CAMELS_SIMBA_1000U/LH_916_hlist_0.51209.list,true,7473,7473,0.75065,/home/ml/thesis-camels/data/raw/CAMELS_SIMBA_1000U/LH_916_hlist_0.75065.list,true,5845,5845,1.00000,/home/ml/thesis-camels/data/raw/CAMELS_SIMBA_1000U/LH_916_hlist_1.00000.list,true,5500,5500,train,train,train,NONE
LH_917,917,/home/ml/thesis-camels/data/raw/CAMELS_SIMBA_1000U,row_universe_id=LH_917;universe_index=917;omega_m=0.4218,0.20000,/home/ml/thesis-camels/data/raw/CAMELS_SIMBA_1000U/LH_917_hlist_0.20000.list,true,7220,7220,0.25000,/home/ml/thesis-camels/data/raw/CAMELS_SIMBA_1000U/LH_917_hlist_0.25000.list,true,8346,8346,0.51209,/home/ml/thesis-camels/data/raw/CAMELS_SIMBA_1000U/LH_917_hlist_0.51209.list,true,7653,7653,0.75065,/home/ml/thesis-camels/data/raw/CAMELS_SIMBA_1000U/LH_917_hlist_0.75065.list,true,6298,6298,1.00000,/home/ml/thesis-camels/data/raw/CAMELS_SIMBA_1000U/LH_917_hlist_1.00000.list,true,6108,6108,train,train,train,NONE
LH_918,918,/home/ml/thesis-camels/data/raw/CAMELS_SIMBA_1000U,row_universe_id=LH_918;universe_index=918;omega_m=0.3314,0.20000,/home/ml/thesis-camels/data/raw/CAMELS_SIMBA_1000U/LH_918_hlist_0.20000.list,true,5332,5332,0.25000,/home/ml/thesis-camels/data/raw/CAMELS_SIMBA_1000U/LH_918_hlist_0.25000.list,true,6715,6715,0.51209,/home/ml/thesis-camels/data/raw/CAMELS_SIMBA_1000U/LH_918_hlist_0.51209.list,true,7563,7563,0.75065,/home/ml/thesis-camels/data/raw/CAMELS_SIMBA_1000U/LH_918_hlist_0.75065.list,true,6913,6913,1.00000,/home/ml/thesis-camels/data/raw/CAMELS_SIMBA_1000U/LH_918_hlist_1.00000.list,true,6926,6926,train,train,train,NONE
LH_919,919,/home/ml/thesis-camels/data/raw/CAMELS_SIMBA_1000U,row_universe_id=LH_919;universe_index=919;omega_m=0.1746,0.20000,/home/ml/thesis-camels/data/raw/CAMELS_SIMBA_1000U/LH_919_hlist_0.20000.list,true,3259,3259,0.25000,/home/ml/thesis-camels/data/raw/CAMELS_SIMBA_1000U/LH_919_hlist_0.25000.list,true,4625,4625,0.51209,/home/ml/thesis-camels/data/raw/CAMELS_SIMBA_1000U/LH_919_hlist_0.51209.list,true,6202,6202,0.75065,/home/ml/thesis-camels/data/raw/CAMELS_SIMBA_1000U/LH_919_hlist_0.75065.list,true,6255,6255,1.00000,/home/ml/thesis-camels/data/raw/CAMELS_SIMBA_1000U/LH_919_hlist_1.00000.list,true,6664,6664,train,train,train,NONE
LH_920,920,/home/ml/thesis-camels/data/raw/CAMELS_SIMBA_1000U,row_universe_id=LH_920;universe_index=920;omega_m=0.435,0.20000,/home/ml/thesis-camels/data/raw/CAMELS_SIMBA_1000U/LH_920_hlist_0.20000.list,true,5921,5921,0.25000,/home/ml/thesis-camels/data/raw/CAMELS_SIMBA_1000U/LH_920_hlist_0.25000.list,true,7206,7206,0.51209,/home/ml/thesis-camels/data/raw/CAMELS_SIMBA_1000U/LH_920_hlist_0.51209.list,true,8359,8359,0.75065,/home/ml/thesis-camels/data/raw/CAMELS_SIMBA_1000U/LH_920_hlist_0.75065.list,true,7314,7314,1.00000,/home/ml/thesis-camels/data/raw/CAMELS_SIMBA_1000U/LH_920_hlist_1.00000.list,true,6895,6895,train,train,train,NONE
LH_921,921,/home/ml/thesis-camels/data/raw/CAMELS_SIMBA_1000U,row_universe_id=LH_921;universe_index=921;omega_m=0.2598,0.20000,/home/ml/thesis-camels/data/raw/CAMELS_SIMBA_1000U/LH_921_hlist_0.20000.list,true,3339,3339,0.25000,/home/ml/thesis-camels/data/raw/CAMELS_SIMBA_1000U/LH_921_hlist_0.25000.list,true,4995,4995,0.51209,/home/ml/thesis-camels/data/raw/CAMELS_SIMBA_1000U/LH_921_hlist_0.51209.list,true,6908,6908,0.75065,/home/ml/thesis-camels/data/raw/CAMELS_SIMBA_1000U/LH_921_hlist_0.75065.list,true,6554,6554,1.00000,/home/ml/thesis-camels/data/raw/CAMELS_SIMBA_1000U/LH_921_hlist_1.00000.list,true,6688,6688,train,train,train,NONE
LH_922,922,/home/ml/thesis-camels/data/raw/CAMELS_SIMBA_1000U,row_universe_id=LH_922;universe_index=922;omega_m=0.4362,0.20000,/home/ml/thesis-camels/data/raw/CAMELS_SIMBA_1000U/LH_922_hlist_0.20000.list,true,6960,6960,0.25000,/home/ml/thesis-camels/data/raw/CAMELS_SIMBA_1000U/LH_922_hlist_0.25000.list,true,7998,7998,0.51209,/home/ml/thesis-camels/data/raw/CAMELS_SIMBA_1000U/LH_922_hlist_0.51209.list,true,7814,7814,0.75065,/home/ml/thesis-camels/data/raw/CAMELS_SIMBA_1000U/LH_922_hlist_0.75065.list,true,6708,6708,1.00000,/home/ml/thesis-camels/data/raw/CAMELS_SIMBA_1000U/LH_922_hlist_1.00000.list,true,6233,6233,train,train,train,NONE
LH_923,923,/home/ml/thesis-camels/data/raw/CAMELS_SIMBA_1000U,row_universe_id=LH_923;universe_index=923;omega_m=0.2806,0.20000,/home/ml/thesis-camels/data/raw/CAMELS_SIMBA_1000U/LH_923_hlist_0.20000.list,true,3659,3659,0.25000,/home/ml/thesis-camels/data/raw/CAMELS_SIMBA_1000U/LH_923_hlist_0.25000.list,true,5389,5389,0.51209,/home/ml/thesis-camels/data/raw/CAMELS_SIMBA_1000U/LH_923_hlist_0.51209.list,true,7646,7646,0.75065,/home/ml/thesis-camels/data/raw/CAMELS_SIMBA_1000U/LH_923_hlist_0.75065.list,true,7304,7304,1.00000,/home/ml/thesis-camels/data/raw/CAMELS_SIMBA_1000U/LH_923_hlist_1.00000.list,true,7460,7460,train,train,train,NONE
LH_924,924,/home/ml/thesis-camels/data/raw/CAMELS_SIMBA_1000U,row_universe_id=LH_924;universe_index=924;omega_m=0.3046,0.20000,/home/ml/thesis-camels/data/raw/CAMELS_SIMBA_1000U/LH_924_hlist_0.20000.list,true,5617,5617,0.25000,/home/ml/thesis-camels/data/raw/CAMELS_SIMBA_1000U/LH_924_hlist_0.25000.list,true,6759,6759,0.51209,/home/ml/thesis-camels/data/raw/CAMELS_SIMBA_1000U/LH_924_hlist_0.51209.list,true,7111,7111,0.75065,/home/ml/thesis-camels/data/raw/CAMELS_SIMBA_1000U/LH_924_hlist_0.75065.list,true,6295,6295,1.00000,/home/ml/thesis-camels/data/raw/CAMELS_SIMBA_1000U/LH_924_hlist_1.00000.list,true,6437,6437,train,train,train,NONE
LH_925,925,/home/ml/thesis-camels/data/raw/CAMELS_SIMBA_1000U,row_universe_id=LH_925;universe_index=925;omega_m=0.1574,0.20000,/home/ml/thesis-camels/data/raw/CAMELS_SIMBA_1000U/LH_925_hlist_0.20000.list,true,3453,3453,0.25000,/home/ml/thesis-camels/data/raw/CAMELS_SIMBA_1000U/LH_925_hlist_0.25000.list,true,4772,4772,0.51209,/home/ml/thesis-camels/data/raw/CAMELS_SIMBA_1000U/LH_925_hlist_0.51209.list,true,5649,5649,0.75065,/home/ml/thesis-camels/data/raw/CAMELS_SIMBA_1000U/LH_925_hlist_0.75065.list,true,5647,5647,1.00000,/home/ml/thesis-camels/data/raw/CAMELS_SIMBA_1000U/LH_925_hlist_1.00000.list,true,5909,5909,train,train,train,NONE
LH_926,926,/home/ml/thesis-camels/data/raw/CAMELS_SIMBA_1000U,row_universe_id=LH_926;universe_index=926;omega_m=0.4934,0.20000,/home/ml/thesis-camels/data/raw/CAMELS_SIMBA_1000U/LH_926_hlist_0.20000.list,true,8436,8436,0.25000,/home/ml/thesis-camels/data/raw/CAMELS_SIMBA_1000U/LH_926_hlist_0.25000.list,true,9329,9329,0.51209,/home/ml/thesis-camels/data/raw/CAMELS_SIMBA_1000U/LH_926_hlist_0.51209.list,true,7858,7858,0.75065,/home/ml/thesis-camels/data/raw/CAMELS_SIMBA_1000U/LH_926_hlist_0.75065.list,true,6412,6412,1.00000,/home/ml/thesis-camels/data/raw/CAMELS_SIMBA_1000U/LH_926_hlist_1.00000.list,true,5876,5876,train,train,train,NONE
LH_927,927,/home/ml/thesis-camels/data/raw/CAMELS_SIMBA_1000U,row_universe_id=LH_927;universe_index=927;omega_m=0.1106,0.20000,/home/ml/thesis-camels/data/raw/CAMELS_SIMBA_1000U/LH_927_hlist_0.20000.list,true,2416,2416,0.25000,/home/ml/thesis-camels/data/raw/CAMELS_SIMBA_1000U/LH_927_hlist_0.25000.list,true,3430,3430,0.51209,/home/ml/thesis-camels/data/raw/CAMELS_SIMBA_1000U/LH_927_hlist_0.51209.list,true,4569,4569,0.75065,/home/ml/thesis-camels/data/raw/CAMELS_SIMBA_1000U/LH_927_hlist_0.75065.list,true,4812,4812,1.00000,/home/ml/thesis-camels/data/raw/CAMELS_SIMBA_1000U/LH_927_hlist_1.00000.list,true,5337,5337,train,train,train,NONE
LH_928,928,/home/ml/thesis-camels/data/raw/CAMELS_SIMBA_1000U,row_universe_id=LH_928;universe_index=928;omega_m=0.463,0.20000,/home/ml/thesis-camels/data/raw/CAMELS_SIMBA_1000U/LH_928_hlist_0.20000.list,true,4261,4261,0.25000,/home/ml/thesis-camels/data/raw/CAMELS_SIMBA_1000U/LH_928_hlist_0.25000.list,true,5842,5842,0.51209,/home/ml/thesis-camels/data/raw/CAMELS_SIMBA_1000U/LH_928_hlist_0.51209.list,true,8541,8541,0.75065,/home/ml/thesis-camels/data/raw/CAMELS_SIMBA_1000U/LH_928_hlist_0.75065.list,true,7883,7883,1.00000,/home/ml/thesis-camels/data/raw/CAMELS_SIMBA_1000U/LH_928_hlist_1.00000.list,true,7565,7565,train,train,train,NONE
LH_929,929,/home/ml/thesis-camels/data/raw/CAMELS_SIMBA_1000U,row_universe_id=LH_929;universe_index=929;omega_m=0.4494,0.20000,/home/ml/thesis-camels/data/raw/CAMELS_SIMBA_1000U/LH_929_hlist_0.20000.list,true,6015,6015,0.25000,/home/ml/thesis-camels/data/raw/CAMELS_SIMBA_1000U/LH_929_hlist_0.25000.list,true,7530,7530,0.51209,/home/ml/thesis-camels/data/raw/CAMELS_SIMBA_1000U/LH_929_hlist_0.51209.list,true,8415,8415,0.75065,/home/ml/thesis-camels/data/raw/CAMELS_SIMBA_1000U/LH_929_hlist_0.75065.list,true,7332,7332,1.00000,/home/ml/thesis-camels/data/raw/CAMELS_SIMBA_1000U/LH_929_hlist_1.00000.list,true,6849,6849,train,train,train,NONE
LH_930,930,/home/ml/thesis-camels/data/raw/CAMELS_SIMBA_1000U,row_universe_id=LH_930;universe_index=930;omega_m=0.1298,0.20000,/home/ml/thesis-camels/data/raw/CAMELS_SIMBA_1000U/LH_930_hlist_0.20000.list,true,286,286,0.25000,/home/ml/thesis-camels/data/raw/CAMELS_SIMBA_1000U/LH_930_hlist_0.25000.list,true,1421,1421,0.51209,/home/ml/thesis-camels/data/raw/CAMELS_SIMBA_1000U/LH_930_hlist_0.51209.list,true,4095,4095,0.75065,/home/ml/thesis-camels/data/raw/CAMELS_SIMBA_1000U/LH_930_hlist_0.75065.list,true,4763,4763,1.00000,/home/ml/thesis-camels/data/raw/CAMELS_SIMBA_1000U/LH_930_hlist_1.00000.list,true,5525,5525,train,train,train,NONE
LH_931,931,/home/ml/thesis-camels/data/raw/CAMELS_SIMBA_1000U,row_universe_id=LH_931;universe_index=931;omega_m=0.2058,0.20000,/home/ml/thesis-camels/data/raw/CAMELS_SIMBA_1000U/LH_931_hlist_0.20000.list,true,3237,3237,0.25000,/home/ml/thesis-camels/data/raw/CAMELS_SIMBA_1000U/LH_931_hlist_0.25000.list,true,4740,4740,0.51209,/home/ml/thesis-camels/data/raw/CAMELS_SIMBA_1000U/LH_931_hlist_0.51209.list,true,6317,6317,0.75065,/home/ml/thesis-camels/data/raw/CAMELS_SIMBA_1000U/LH_931_hlist_0.75065.list,true,6314,6314,1.00000,/home/ml/thesis-camels/data/raw/CAMELS_SIMBA_1000U/LH_931_hlist_1.00000.list,true,6493,6493,train,train,train,NONE
LH_932,932,/home/ml/thesis-camels/data/raw/CAMELS_SIMBA_1000U,row_universe_id=LH_932;universe_index=932;omega_m=0.323,0.20000,/home/ml/thesis-camels/data/raw/CAMELS_SIMBA_1000U/LH_932_hlist_0.20000.list,true,6194,6194,0.25000,/home/ml/thesis-camels/data/raw/CAMELS_SIMBA_1000U/LH_932_hlist_0.25000.list,true,7156,7156,0.51209,/home/ml/thesis-camels/data/raw/CAMELS_SIMBA_1000U/LH_932_hlist_0.51209.list,true,6824,6824,0.75065,/home/ml/thesis-camels/data/raw/CAMELS_SIMBA_1000U/LH_932_hlist_0.75065.list,true,6182,6182,1.00000,/home/ml/thesis-camels/data/raw/CAMELS_SIMBA_1000U/LH_932_hlist_1.00000.list,true,6111,6111,train,train,train,NONE
LH_933,933,/home/ml/thesis-camels/data/raw/CAMELS_SIMBA_1000U,row_universe_id=LH_933;universe_index=933;omega_m=0.3198,0.20000,/home/ml/thesis-camels/data/raw/CAMELS_SIMBA_1000U/LH_933_hlist_0.20000.list,true,5592,5592,0.25000,/home/ml/thesis-camels/data/raw/CAMELS_SIMBA_1000U/LH_933_hlist_0.25000.list,true,6925,6925,0.51209,/home/ml/thesis-camels/data/raw/CAMELS_SIMBA_1000U/LH_933_hlist_0.51209.list,true,7479,7479,0.75065,/home/ml/thesis-camels/data/raw/CAMELS_SIMBA_1000U/LH_933_hlist_0.75065.list,true,6678,6678,1.00000,/home/ml/thesis-camels/data/raw/CAMELS_SIMBA_1000U/LH_933_hlist_1.00000.list,true,6684,6684,train,train,train,NONE
LH_934,934,/home/ml/thesis-camels/data/raw/CAMELS_SIMBA_1000U,row_universe_id=LH_934;universe_index=934;omega_m=0.4106,0.20000,/home/ml/thesis-camels/data/raw/CAMELS_SIMBA_1000U/LH_934_hlist_0.20000.list,true,3556,3556,0.25000,/home/ml/thesis-camels/data/raw/CAMELS_SIMBA_1000U/LH_934_hlist_0.25000.list,true,5132,5132,0.51209,/home/ml/thesis-camels/data/raw/CAMELS_SIMBA_1000U/LH_934_hlist_0.51209.list,true,8550,8550,0.75065,/home/ml/thesis-camels/data/raw/CAMELS_SIMBA_1000U/LH_934_hlist_0.75065.list,true,8203,8203,1.00000,/home/ml/thesis-camels/data/raw/CAMELS_SIMBA_1000U/LH_934_hlist_1.00000.list,true,8116,8116,train,train,train,NONE
LH_935,935,/home/ml/thesis-camels/data/raw/CAMELS_SIMBA_1000U,row_universe_id=LH_935;universe_index=935;omega_m=0.1586,0.20000,/home/ml/thesis-camels/data/raw/CAMELS_SIMBA_1000U/LH_935_hlist_0.20000.list,true,829,829,0.25000,/home/ml/thesis-camels/data/raw/CAMELS_SIMBA_1000U/LH_935_hlist_0.25000.list,true,2058,2058,0.51209,/home/ml/thesis-camels/data/raw/CAMELS_SIMBA_1000U/LH_935_hlist_0.51209.list,true,5647,5647,0.75065,/home/ml/thesis-camels/data/raw/CAMELS_SIMBA_1000U/LH_935_hlist_0.75065.list,true,6186,6186,1.00000,/home/ml/thesis-camels/data/raw/CAMELS_SIMBA_1000U/LH_935_hlist_1.00000.list,true,6812,6812,train,train,train,NONE
LH_936,936,/home/ml/thesis-camels/data/raw/CAMELS_SIMBA_1000U,row_universe_id=LH_936;universe_index=936;omega_m=0.1278,0.20000,/home/ml/thesis-camels/data/raw/CAMELS_SIMBA_1000U/LH_936_hlist_0.20000.list,true,2855,2855,0.25000,/home/ml/thesis-camels/data/raw/CAMELS_SIMBA_1000U/LH_936_hlist_0.25000.list,true,4087,4087,0.51209,/home/ml/thesis-camels/data/raw/CAMELS_SIMBA_1000U/LH_936_hlist_0.51209.list,true,5171,5171,0.75065,/home/ml/thesis-camels/data/raw/CAMELS_SIMBA_1000U/LH_936_hlist_0.75065.list,true,5261,5261,1.00000,/home/ml/thesis-camels/data/raw/CAMELS_SIMBA_1000U/LH_936_hlist_1.00000.list,true,5766,5766,train,train,train,NONE
LH_937,937,/home/ml/thesis-camels/data/raw/CAMELS_SIMBA_1000U,row_universe_id=LH_937;universe_index=937;omega_m=0.2882,0.20000,/home/ml/thesis-camels/data/raw/CAMELS_SIMBA_1000U/LH_937_hlist_0.20000.list,true,6268,6268,0.25000,/home/ml/thesis-camels/data/raw/CAMELS_SIMBA_1000U/LH_937_hlist_0.25000.list,true,7279,7279,0.51209,/home/ml/thesis-camels/data/raw/CAMELS_SIMBA_1000U/LH_937_hlist_0.51209.list,true,7172,7172,0.75065,/home/ml/thesis-camels/data/raw/CAMELS_SIMBA_1000U/LH_937_hlist_0.75065.list,true,6445,6445,1.00000,/home/ml/thesis-camels/data/raw/CAMELS_SIMBA_1000U/LH_937_hlist_1.00000.list,true,6424,6424,train,train,train,NONE
LH_938,938,/home/ml/thesis-camels/data/raw/CAMELS_SIMBA_1000U,row_universe_id=LH_938;universe_index=938;omega_m=0.2698,0.20000,/home/ml/thesis-camels/data/raw/CAMELS_SIMBA_1000U/LH_938_hlist_0.20000.list,true,2091,2091,0.25000,/home/ml/thesis-camels/data/raw/CAMELS_SIMBA_1000U/LH_938_hlist_0.25000.list,true,3826,3826,0.51209,/home/ml/thesis-camels/data/raw/CAMELS_SIMBA_1000U/LH_938_hlist_0.51209.list,true,7314,7314,0.75065,/home/ml/thesis-camels/data/raw/CAMELS_SIMBA_1000U/LH_938_hlist_0.75065.list,true,7093,7093,1.00000,/home/ml/thesis-camels/data/raw/CAMELS_SIMBA_1000U/LH_938_hlist_1.00000.list,true,7343,7343,train,train,train,NONE
LH_939,939,/home/ml/thesis-camels/data/raw/CAMELS_SIMBA_1000U,row_universe_id=LH_939;universe_index=939;omega_m=0.4274,0.20000,/home/ml/thesis-camels/data/raw/CAMELS_SIMBA_1000U/LH_939_hlist_0.20000.list,true,4364,4364,0.25000,/home/ml/thesis-camels/data/raw/CAMELS_SIMBA_1000U/LH_939_hlist_0.25000.list,true,6080,6080,0.51209,/home/ml/thesis-camels/data/raw/CAMELS_SIMBA_1000U/LH_939_hlist_0.51209.list,true,8629,8629,0.75065,/home/ml/thesis-camels/data/raw/CAMELS_SIMBA_1000U/LH_939_hlist_0.75065.list,true,7942,7942,1.00000,/home/ml/thesis-camels/data/raw/CAMELS_SIMBA_1000U/LH_939_hlist_1.00000.list,true,7652,7652,train,train,train,NONE
LH_940,940,/home/ml/thesis-camels/data/raw/CAMELS_SIMBA_1000U,row_universe_id=LH_940;universe_index=940;omega_m=0.4434,0.20000,/home/ml/thesis-camels/data/raw/CAMELS_SIMBA_1000U/LH_940_hlist_0.20000.list,true,8429,8429,0.25000,/home/ml/thesis-camels/data/raw/CAMELS_SIMBA_1000U/LH_940_hlist_0.25000.list,true,8892,8892,0.51209,/home/ml/thesis-camels/data/raw/CAMELS_SIMBA_1000U/LH_940_hlist_0.51209.list,true,7709,7709,0.75065,/home/ml/thesis-camels/data/raw/CAMELS_SIMBA_1000U/LH_940_hlist_0.75065.list,true,6595,6595,1.00000,/home/ml/thesis-camels/data/raw/CAMELS_SIMBA_1000U/LH_940_hlist_1.00000.list,true,6126,6126,train,train,train,NONE
LH_941,941,/home/ml/thesis-camels/data/raw/CAMELS_SIMBA_1000U,row_universe_id=LH_941;universe_index=941;omega_m=0.4198,0.20000,/home/ml/thesis-camels/data/raw/CAMELS_SIMBA_1000U/LH_941_hlist_0.20000.list,true,6694,6694,0.25000,/home/ml/thesis-camels/data/raw/CAMELS_SIMBA_1000U/LH_941_hlist_0.25000.list,true,7750,7750,0.51209,/home/ml/thesis-camels/data/raw/CAMELS_SIMBA_1000U/LH_941_hlist_0.51209.list,true,7840,7840,0.75065,/home/ml/thesis-camels/data/raw/CAMELS_SIMBA_1000U/LH_941_hlist_0.75065.list,true,6598,6598,1.00000,/home/ml/thesis-camels/data/raw/CAMELS_SIMBA_1000U/LH_941_hlist_1.00000.list,true,6265,6265,train,train,train,NONE
LH_942,942,/home/ml/thesis-camels/data/raw/CAMELS_SIMBA_1000U,row_universe_id=LH_942;universe_index=942;omega_m=0.1206,0.20000,/home/ml/thesis-camels/data/raw/CAMELS_SIMBA_1000U/LH_942_hlist_0.20000.list,true,1497,1497,0.25000,/home/ml/thesis-camels/data/raw/CAMELS_SIMBA_1000U/LH_942_hlist_0.25000.list,true,2838,2838,0.51209,/home/ml/thesis-camels/data/raw/CAMELS_SIMBA_1000U/LH_942_hlist_0.51209.list,true,4316,4316,0.75065,/home/ml/thesis-camels/data/raw/CAMELS_SIMBA_1000U/LH_942_hlist_0.75065.list,true,4478,4478,1.00000,/home/ml/thesis-camels/data/raw/CAMELS_SIMBA_1000U/LH_942_hlist_1.00000.list,true,4943,4943,train,train,train,NONE
LH_943,943,/home/ml/thesis-camels/data/raw/CAMELS_SIMBA_1000U,row_universe_id=LH_943;universe_index=943;omega_m=0.1142,0.20000,/home/ml/thesis-camels/data/raw/CAMELS_SIMBA_1000U/LH_943_hlist_0.20000.list,true,769,769,0.25000,/home/ml/thesis-camels/data/raw/CAMELS_SIMBA_1000U/LH_943_hlist_0.25000.list,true,1545,1545,0.51209,/home/ml/thesis-camels/data/raw/CAMELS_SIMBA_1000U/LH_943_hlist_0.51209.list,true,3836,3836,0.75065,/home/ml/thesis-camels/data/raw/CAMELS_SIMBA_1000U/LH_943_hlist_0.75065.list,true,4468,4468,1.00000,/home/ml/thesis-camels/data/raw/CAMELS_SIMBA_1000U/LH_943_hlist_1.00000.list,true,5209,5209,train,train,train,NONE
LH_944,944,/home/ml/thesis-camels/data/raw/CAMELS_SIMBA_1000U,row_universe_id=LH_944;universe_index=944;omega_m=0.4522,0.20000,/home/ml/thesis-camels/data/raw/CAMELS_SIMBA_1000U/LH_944_hlist_0.20000.list,true,6601,6601,0.25000,/home/ml/thesis-camels/data/raw/CAMELS_SIMBA_1000U/LH_944_hlist_0.25000.list,true,7978,7978,0.51209,/home/ml/thesis-camels/data/raw/CAMELS_SIMBA_1000U/LH_944_hlist_0.51209.list,true,8323,8323,0.75065,/home/ml/thesis-camels/data/raw/CAMELS_SIMBA_1000U/LH_944_hlist_0.75065.list,true,7078,7078,1.00000,/home/ml/thesis-camels/data/raw/CAMELS_SIMBA_1000U/LH_944_hlist_1.00000.list,true,6637,6637,train,train,train,NONE
LH_945,945,/home/ml/thesis-camels/data/raw/CAMELS_SIMBA_1000U,row_universe_id=LH_945;universe_index=945;omega_m=0.4862,0.20000,/home/ml/thesis-camels/data/raw/CAMELS_SIMBA_1000U/LH_945_hlist_0.20000.list,true,9134,9134,0.25000,/home/ml/thesis-camels/data/raw/CAMELS_SIMBA_1000U/LH_945_hlist_0.25000.list,true,9427,9427,0.51209,/home/ml/thesis-camels/data/raw/CAMELS_SIMBA_1000U/LH_945_hlist_0.51209.list,true,7744,7744,0.75065,/home/ml/thesis-camels/data/raw/CAMELS_SIMBA_1000U/LH_945_hlist_0.75065.list,true,6309,6309,1.00000,/home/ml/thesis-camels/data/raw/CAMELS_SIMBA_1000U/LH_945_hlist_1.00000.list,true,5942,5942,train,train,train,NONE
LH_946,946,/home/ml/thesis-camels/data/raw/CAMELS_SIMBA_1000U,row_universe_id=LH_946;universe_index=946;omega_m=0.2786,0.20000,/home/ml/thesis-camels/data/raw/CAMELS_SIMBA_1000U/LH_946_hlist_0.20000.list,true,4806,4806,0.25000,/home/ml/thesis-camels/data/raw/CAMELS_SIMBA_1000U/LH_946_hlist_0.25000.list,true,6267,6267,0.51209,/home/ml/thesis-camels/data/raw/CAMELS_SIMBA_1000U/LH_946_hlist_0.51209.list,true,7202,7202,0.75065,/home/ml/thesis-camels/data/raw/CAMELS_SIMBA_1000U/LH_946_hlist_0.75065.list,true,6310,6310,1.00000,/home/ml/thesis-camels/data/raw/CAMELS_SIMBA_1000U/LH_946_hlist_1.00000.list,true,6334,6334,train,train,train,NONE
LH_947,947,/home/ml/thesis-camels/data/raw/CAMELS_SIMBA_1000U,row_universe_id=LH_947;universe_index=947;omega_m=0.2546,0.20000,/home/ml/thesis-camels/data/raw/CAMELS_SIMBA_1000U/LH_947_hlist_0.20000.list,true,3923,3923,0.25000,/home/ml/thesis-camels/data/raw/CAMELS_SIMBA_1000U/LH_947_hlist_0.25000.list,true,5327,5327,0.51209,/home/ml/thesis-camels/data/raw/CAMELS_SIMBA_1000U/LH_947_hlist_0.51209.list,true,7297,7297,0.75065,/home/ml/thesis-camels/data/raw/CAMELS_SIMBA_1000U/LH_947_hlist_0.75065.list,true,6926,6926,1.00000,/home/ml/thesis-camels/data/raw/CAMELS_SIMBA_1000U/LH_947_hlist_1.00000.list,true,7050,7050,train,train,train,NONE
LH_948,948,/home/ml/thesis-camels/data/raw/CAMELS_SIMBA_1000U,row_universe_id=LH_948;universe_index=948;omega_m=0.399,0.20000,/home/ml/thesis-camels/data/raw/CAMELS_SIMBA_1000U/LH_948_hlist_0.20000.list,true,4633,4633,0.25000,/home/ml/thesis-camels/data/raw/CAMELS_SIMBA_1000U/LH_948_hlist_0.25000.list,true,6200,6200,0.51209,/home/ml/thesis-camels/data/raw/CAMELS_SIMBA_1000U/LH_948_hlist_0.51209.list,true,8297,8297,0.75065,/home/ml/thesis-camels/data/raw/CAMELS_SIMBA_1000U/LH_948_hlist_0.75065.list,true,7763,7763,1.00000,/home/ml/thesis-camels/data/raw/CAMELS_SIMBA_1000U/LH_948_hlist_1.00000.list,true,7506,7506,train,train,train,NONE
LH_949,949,/home/ml/thesis-camels/data/raw/CAMELS_SIMBA_1000U,row_universe_id=LH_949;universe_index=949;omega_m=0.291,0.20000,/home/ml/thesis-camels/data/raw/CAMELS_SIMBA_1000U/LH_949_hlist_0.20000.list,true,6673,6673,0.25000,/home/ml/thesis-camels/data/raw/CAMELS_SIMBA_1000U/LH_949_hlist_0.25000.list,true,7545,7545,0.51209,/home/ml/thesis-camels/data/raw/CAMELS_SIMBA_1000U/LH_949_hlist_0.51209.list,true,7229,7229,0.75065,/home/ml/thesis-camels/data/raw/CAMELS_SIMBA_1000U/LH_949_hlist_0.75065.list,true,6521,6521,1.00000,/home/ml/thesis-camels/data/raw/CAMELS_SIMBA_1000U/LH_949_hlist_1.00000.list,true,6304,6304,train,train,train,NONE
LH_950,950,/home/ml/thesis-camels/data/raw/CAMELS_SIMBA_1000U,row_universe_id=LH_950;universe_index=950;omega_m=0.1918,0.20000,/home/ml/thesis-camels/data/raw/CAMELS_SIMBA_1000U/LH_950_hlist_0.20000.list,true,4174,4174,0.25000,/home/ml/thesis-camels/data/raw/CAMELS_SIMBA_1000U/LH_950_hlist_0.25000.list,true,5467,5467,0.51209,/home/ml/thesis-camels/data/raw/CAMELS_SIMBA_1000U/LH_950_hlist_0.51209.list,true,6148,6148,0.75065,/home/ml/thesis-camels/data/raw/CAMELS_SIMBA_1000U/LH_950_hlist_0.75065.list,true,5712,5712,1.00000,/home/ml/thesis-camels/data/raw/CAMELS_SIMBA_1000U/LH_950_hlist_1.00000.list,true,5967,5967,train,train,train,NONE
LH_951,951,/home/ml/thesis-camels/data/raw/CAMELS_SIMBA_1000U,row_universe_id=LH_951;universe_index=951;omega_m=0.4282,0.20000,/home/ml/thesis-camels/data/raw/CAMELS_SIMBA_1000U/LH_951_hlist_0.20000.list,true,5405,5405,0.25000,/home/ml/thesis-camels/data/raw/CAMELS_SIMBA_1000U/LH_951_hlist_0.25000.list,true,6985,6985,0.51209,/home/ml/thesis-camels/data/raw/CAMELS_SIMBA_1000U/LH_951_hlist_0.51209.list,true,8083,8083,0.75065,/home/ml/thesis-camels/data/raw/CAMELS_SIMBA_1000U/LH_951_hlist_0.75065.list,true,7247,7247,1.00000,/home/ml/thesis-camels/data/raw/CAMELS_SIMBA_1000U/LH_951_hlist_1.00000.list,true,6878,6878,train,train,train,NONE
LH_952,952,/home/ml/thesis-camels/data/raw/CAMELS_SIMBA_1000U,row_universe_id=LH_952;universe_index=952;omega_m=0.2906,0.20000,/home/ml/thesis-camels/data/raw/CAMELS_SIMBA_1000U/LH_952_hlist_0.20000.list,true,5927,5927,0.25000,/home/ml/thesis-camels/data/raw/CAMELS_SIMBA_1000U/LH_952_hlist_0.25000.list,true,6935,6935,0.51209,/home/ml/thesis-camels/data/raw/CAMELS_SIMBA_1000U/LH_952_hlist_0.51209.list,true,6676,6676,0.75065,/home/ml/thesis-camels/data/raw/CAMELS_SIMBA_1000U/LH_952_hlist_0.75065.list,true,6023,6023,1.00000,/home/ml/thesis-camels/data/raw/CAMELS_SIMBA_1000U/LH_952_hlist_1.00000.list,true,5929,5929,train,train,train,NONE
LH_953,953,/home/ml/thesis-camels/data/raw/CAMELS_SIMBA_1000U,row_universe_id=LH_953;universe_index=953;omega_m=0.4466,0.20000,/home/ml/thesis-camels/data/raw/CAMELS_SIMBA_1000U/LH_953_hlist_0.20000.list,true,7418,7418,0.25000,/home/ml/thesis-camels/data/raw/CAMELS_SIMBA_1000U/LH_953_hlist_0.25000.list,true,8270,8270,0.51209,/home/ml/thesis-camels/data/raw/CAMELS_SIMBA_1000U/LH_953_hlist_0.51209.list,true,7451,7451,0.75065,/home/ml/thesis-camels/data/raw/CAMELS_SIMBA_1000U/LH_953_hlist_0.75065.list,true,6462,6462,1.00000,/home/ml/thesis-camels/data/raw/CAMELS_SIMBA_1000U/LH_953_hlist_1.00000.list,true,6171,6171,train,train,train,NONE
LH_954,954,/home/ml/thesis-camels/data/raw/CAMELS_SIMBA_1000U,row_universe_id=LH_954;universe_index=954;omega_m=0.261,0.20000,/home/ml/thesis-camels/data/raw/CAMELS_SIMBA_1000U/LH_954_hlist_0.20000.list,true,3980,3980,0.25000,/home/ml/thesis-camels/data/raw/CAMELS_SIMBA_1000U/LH_954_hlist_0.25000.list,true,5555,5555,0.51209,/home/ml/thesis-camels/data/raw/CAMELS_SIMBA_1000U/LH_954_hlist_0.51209.list,true,7520,7520,0.75065,/home/ml/thesis-camels/data/raw/CAMELS_SIMBA_1000U/LH_954_hlist_0.75065.list,true,6978,6978,1.00000,/home/ml/thesis-camels/data/raw/CAMELS_SIMBA_1000U/LH_954_hlist_1.00000.list,true,7093,7093,train,train,train,NONE
LH_955,955,/home/ml/thesis-camels/data/raw/CAMELS_SIMBA_1000U,row_universe_id=LH_955;universe_index=955;omega_m=0.1446,0.20000,/home/ml/thesis-camels/data/raw/CAMELS_SIMBA_1000U/LH_955_hlist_0.20000.list,true,3498,3498,0.25000,/home/ml/thesis-camels/data/raw/CAMELS_SIMBA_1000U/LH_955_hlist_0.25000.list,true,4639,4639,0.51209,/home/ml/thesis-camels/data/raw/CAMELS_SIMBA_1000U/LH_955_hlist_0.51209.list,true,5240,5240,0.75065,/home/ml/thesis-camels/data/raw/CAMELS_SIMBA_1000U/LH_955_hlist_0.75065.list,true,5190,5190,1.00000,/home/ml/thesis-camels/data/raw/CAMELS_SIMBA_1000U/LH_955_hlist_1.00000.list,true,5545,5545,train,train,train,NONE
LH_956,956,/home/ml/thesis-camels/data/raw/CAMELS_SIMBA_1000U,row_universe_id=LH_956;universe_index=956;omega_m=0.1482,0.20000,/home/ml/thesis-camels/data/raw/CAMELS_SIMBA_1000U/LH_956_hlist_0.20000.list,true,2129,2129,0.25000,/home/ml/thesis-camels/data/raw/CAMELS_SIMBA_1000U/LH_956_hlist_0.25000.list,true,3423,3423,0.51209,/home/ml/thesis-camels/data/raw/CAMELS_SIMBA_1000U/LH_956_hlist_0.51209.list,true,5846,5846,0.75065,/home/ml/thesis-camels/data/raw/CAMELS_SIMBA_1000U/LH_956_hlist_0.75065.list,true,5950,5950,1.00000,/home/ml/thesis-camels/data/raw/CAMELS_SIMBA_1000U/LH_956_hlist_1.00000.list,true,6352,6352,train,train,train,NONE
LH_957,957,/home/ml/thesis-camels/data/raw/CAMELS_SIMBA_1000U,row_universe_id=LH_957;universe_index=957;omega_m=0.2934,0.20000,/home/ml/thesis-camels/data/raw/CAMELS_SIMBA_1000U/LH_957_hlist_0.20000.list,true,6421,6421,0.25000,/home/ml/thesis-camels/data/raw/CAMELS_SIMBA_1000U/LH_957_hlist_0.25000.list,true,7256,7256,0.51209,/home/ml/thesis-camels/data/raw/CAMELS_SIMBA_1000U/LH_957_hlist_0.51209.list,true,6247,6247,0.75065,/home/ml/thesis-camels/data/raw/CAMELS_SIMBA_1000U/LH_957_hlist_0.75065.list,true,5433,5433,1.00000,/home/ml/thesis-camels/data/raw/CAMELS_SIMBA_1000U/LH_957_hlist_1.00000.list,true,5389,5389,train,train,train,NONE
LH_958,958,/home/ml/thesis-camels/data/raw/CAMELS_SIMBA_1000U,row_universe_id=LH_958;universe_index=958;omega_m=0.117,0.20000,/home/ml/thesis-camels/data/raw/CAMELS_SIMBA_1000U/LH_958_hlist_0.20000.list,true,591,591,0.25000,/home/ml/thesis-camels/data/raw/CAMELS_SIMBA_1000U/LH_958_hlist_0.25000.list,true,1804,1804,0.51209,/home/ml/thesis-camels/data/raw/CAMELS_SIMBA_1000U/LH_958_hlist_0.51209.list,true,4145,4145,0.75065,/home/ml/thesis-camels/data/raw/CAMELS_SIMBA_1000U/LH_958_hlist_0.75065.list,true,4801,4801,1.00000,/home/ml/thesis-camels/data/raw/CAMELS_SIMBA_1000U/LH_958_hlist_1.00000.list,true,5403,5403,train,train,train,NONE
LH_959,959,/home/ml/thesis-camels/data/raw/CAMELS_SIMBA_1000U,row_universe_id=LH_959;universe_index=959;omega_m=0.2362,0.20000,/home/ml/thesis-camels/data/raw/CAMELS_SIMBA_1000U/LH_959_hlist_0.20000.list,true,2927,2927,0.25000,/home/ml/thesis-camels/data/raw/CAMELS_SIMBA_1000U/LH_959_hlist_0.25000.list,true,4553,4553,0.51209,/home/ml/thesis-camels/data/raw/CAMELS_SIMBA_1000U/LH_959_hlist_0.51209.list,true,7009,7009,0.75065,/home/ml/thesis-camels/data/raw/CAMELS_SIMBA_1000U/LH_959_hlist_0.75065.list,true,6939,6939,1.00000,/home/ml/thesis-camels/data/raw/CAMELS_SIMBA_1000U/LH_959_hlist_1.00000.list,true,7164,7164,train,train,train,NONE
LH_960,960,/home/ml/thesis-camels/data/raw/CAMELS_SIMBA_1000U,row_universe_id=LH_960;universe_index=960;omega_m=0.4914,0.20000,/home/ml/thesis-camels/data/raw/CAMELS_SIMBA_1000U/LH_960_hlist_0.20000.list,true,8051,8051,0.25000,/home/ml/thesis-camels/data/raw/CAMELS_SIMBA_1000U/LH_960_hlist_0.25000.list,true,8926,8926,0.51209,/home/ml/thesis-camels/data/raw/CAMELS_SIMBA_1000U/LH_960_hlist_0.51209.list,true,8077,8077,0.75065,/home/ml/thesis-camels/data/raw/CAMELS_SIMBA_1000U/LH_960_hlist_0.75065.list,true,6758,6758,1.00000,/home/ml/thesis-camels/data/raw/CAMELS_SIMBA_1000U/LH_960_hlist_1.00000.list,true,6335,6335,train,train,train,NONE
LH_961,961,/home/ml/thesis-camels/data/raw/CAMELS_SIMBA_1000U,row_universe_id=LH_961;universe_index=961;omega_m=0.437,0.20000,/home/ml/thesis-camels/data/raw/CAMELS_SIMBA_1000U/LH_961_hlist_0.20000.list,true,8476,8476,0.25000,/home/ml/thesis-camels/data/raw/CAMELS_SIMBA_1000U/LH_961_hlist_0.25000.list,true,9113,9113,0.51209,/home/ml/thesis-camels/data/raw/CAMELS_SIMBA_1000U/LH_961_hlist_0.51209.list,true,7958,7958,0.75065,/home/ml/thesis-camels/data/raw/CAMELS_SIMBA_1000U/LH_961_hlist_0.75065.list,true,6597,6597,1.00000,/home/ml/thesis-camels/data/raw/CAMELS_SIMBA_1000U/LH_961_hlist_1.00000.list,true,6276,6276,train,train,train,NONE
LH_962,962,/home/ml/thesis-camels/data/raw/CAMELS_SIMBA_1000U,row_universe_id=LH_962;universe_index=962;omega_m=0.2042,0.20000,/home/ml/thesis-camels/data/raw/CAMELS_SIMBA_1000U/LH_962_hlist_0.20000.list,true,3197,3197,0.25000,/home/ml/thesis-camels/data/raw/CAMELS_SIMBA_1000U/LH_962_hlist_0.25000.list,true,4575,4575,0.51209,/home/ml/thesis-camels/data/raw/CAMELS_SIMBA_1000U/LH_962_hlist_0.51209.list,true,6941,6941,0.75065,/home/ml/thesis-camels/data/raw/CAMELS_SIMBA_1000U/LH_962_hlist_0.75065.list,true,6605,6605,1.00000,/home/ml/thesis-camels/data/raw/CAMELS_SIMBA_1000U/LH_962_hlist_1.00000.list,true,6912,6912,train,train,train,NONE
LH_963,963,/home/ml/thesis-camels/data/raw/CAMELS_SIMBA_1000U,row_universe_id=LH_963;universe_index=963;omega_m=0.263,0.20000,/home/ml/thesis-camels/data/raw/CAMELS_SIMBA_1000U/LH_963_hlist_0.20000.list,true,2764,2764,0.25000,/home/ml/thesis-camels/data/raw/CAMELS_SIMBA_1000U/LH_963_hlist_0.25000.list,true,4320,4320,0.51209,/home/ml/thesis-camels/data/raw/CAMELS_SIMBA_1000U/LH_963_hlist_0.51209.list,true,7087,7087,0.75065,/home/ml/thesis-camels/data/raw/CAMELS_SIMBA_1000U/LH_963_hlist_0.75065.list,true,6969,6969,1.00000,/home/ml/thesis-camels/data/raw/CAMELS_SIMBA_1000U/LH_963_hlist_1.00000.list,true,7168,7168,train,train,train,NONE
LH_964,964,/home/ml/thesis-camels/data/raw/CAMELS_SIMBA_1000U,row_universe_id=LH_964;universe_index=964;omega_m=0.4534,0.20000,/home/ml/thesis-camels/data/raw/CAMELS_SIMBA_1000U/LH_964_hlist_0.20000.list,true,7760,7760,0.25000,/home/ml/thesis-camels/data/raw/CAMELS_SIMBA_1000U/LH_964_hlist_0.25000.list,true,8674,8674,0.51209,/home/ml/thesis-camels/data/raw/CAMELS_SIMBA_1000U/LH_964_hlist_0.51209.list,true,7887,7887,0.75065,/home/ml/thesis-camels/data/raw/CAMELS_SIMBA_1000U/LH_964_hlist_0.75065.list,true,6525,6525,1.00000,/home/ml/thesis-camels/data/raw/CAMELS_SIMBA_1000U/LH_964_hlist_1.00000.list,true,6142,6142,train,train,train,NONE
LH_965,965,/home/ml/thesis-camels/data/raw/CAMELS_SIMBA_1000U,row_universe_id=LH_965;universe_index=965;omega_m=0.177,0.20000,/home/ml/thesis-camels/data/raw/CAMELS_SIMBA_1000U/LH_965_hlist_0.20000.list,true,1720,1720,0.25000,/home/ml/thesis-camels/data/raw/CAMELS_SIMBA_1000U/LH_965_hlist_0.25000.list,true,2981,2981,0.51209,/home/ml/thesis-camels/data/raw/CAMELS_SIMBA_1000U/LH_965_hlist_0.51209.list,true,5897,5897,0.75065,/home/ml/thesis-camels/data/raw/CAMELS_SIMBA_1000U/LH_965_hlist_0.75065.list,true,6232,6232,1.00000,/home/ml/thesis-camels/data/raw/CAMELS_SIMBA_1000U/LH_965_hlist_1.00000.list,true,6710,6710,train,train,train,NONE
LH_966,966,/home/ml/thesis-camels/data/raw/CAMELS_SIMBA_1000U,row_universe_id=LH_966;universe_index=966;omega_m=0.2454,0.20000,/home/ml/thesis-camels/data/raw/CAMELS_SIMBA_1000U/LH_966_hlist_0.20000.list,true,2722,2722,0.25000,/home/ml/thesis-camels/data/raw/CAMELS_SIMBA_1000U/LH_966_hlist_0.25000.list,true,4362,4362,0.51209,/home/ml/thesis-camels/data/raw/CAMELS_SIMBA_1000U/LH_966_hlist_0.51209.list,true,7253,7253,0.75065,/home/ml/thesis-camels/data/raw/CAMELS_SIMBA_1000U/LH_966_hlist_0.75065.list,true,7223,7223,1.00000,/home/ml/thesis-camels/data/raw/CAMELS_SIMBA_1000U/LH_966_hlist_1.00000.list,true,7474,7474,train,train,train,NONE
LH_967,967,/home/ml/thesis-camels/data/raw/CAMELS_SIMBA_1000U,row_universe_id=LH_967;universe_index=967;omega_m=0.3266,0.20000,/home/ml/thesis-camels/data/raw/CAMELS_SIMBA_1000U/LH_967_hlist_0.20000.list,true,4283,4283,0.25000,/home/ml/thesis-camels/data/raw/CAMELS_SIMBA_1000U/LH_967_hlist_0.25000.list,true,5883,5883,0.51209,/home/ml/thesis-camels/data/raw/CAMELS_SIMBA_1000U/LH_967_hlist_0.51209.list,true,7394,7394,0.75065,/home/ml/thesis-camels/data/raw/CAMELS_SIMBA_1000U/LH_967_hlist_0.75065.list,true,6893,6893,1.00000,/home/ml/thesis-camels/data/raw/CAMELS_SIMBA_1000U/LH_967_hlist_1.00000.list,true,6695,6695,train,train,train,NONE
LH_968,968,/home/ml/thesis-camels/data/raw/CAMELS_SIMBA_1000U,row_universe_id=LH_968;universe_index=968;omega_m=0.3026,0.20000,/home/ml/thesis-camels/data/raw/CAMELS_SIMBA_1000U/LH_968_hlist_0.20000.list,true,5626,5626,0.25000,/home/ml/thesis-camels/data/raw/CAMELS_SIMBA_1000U/LH_968_hlist_0.25000.list,true,6739,6739,0.51209,/home/ml/thesis-camels/data/raw/CAMELS_SIMBA_1000U/LH_968_hlist_0.51209.list,true,7170,7170,0.75065,/home/ml/thesis-camels/data/raw/CAMELS_SIMBA_1000U/LH_968_hlist_0.75065.list,true,6397,6397,1.00000,/home/ml/thesis-camels/data/raw/CAMELS_SIMBA_1000U/LH_968_hlist_1.00000.list,true,6356,6356,train,train,train,NONE
LH_969,969,/home/ml/thesis-camels/data/raw/CAMELS_SIMBA_1000U,row_universe_id=LH_969;universe_index=969;omega_m=0.4858,0.20000,/home/ml/thesis-camels/data/raw/CAMELS_SIMBA_1000U/LH_969_hlist_0.20000.list,true,6088,6088,0.25000,/home/ml/thesis-camels/data/raw/CAMELS_SIMBA_1000U/LH_969_hlist_0.25000.list,true,7356,7356,0.51209,/home/ml/thesis-camels/data/raw/CAMELS_SIMBA_1000U/LH_969_hlist_0.51209.list,true,8848,8848,0.75065,/home/ml/thesis-camels/data/raw/CAMELS_SIMBA_1000U/LH_969_hlist_0.75065.list,true,7830,7830,1.00000,/home/ml/thesis-camels/data/raw/CAMELS_SIMBA_1000U/LH_969_hlist_1.00000.list,true,7291,7291,train,train,train,NONE
LH_970,970,/home/ml/thesis-camels/data/raw/CAMELS_SIMBA_1000U,row_universe_id=LH_970;universe_index=970;omega_m=0.2154,0.20000,/home/ml/thesis-camels/data/raw/CAMELS_SIMBA_1000U/LH_970_hlist_0.20000.list,true,1493,1493,0.25000,/home/ml/thesis-camels/data/raw/CAMELS_SIMBA_1000U/LH_970_hlist_0.25000.list,true,2957,2957,0.51209,/home/ml/thesis-camels/data/raw/CAMELS_SIMBA_1000U/LH_970_hlist_0.51209.list,true,6853,6853,0.75065,/home/ml/thesis-camels/data/raw/CAMELS_SIMBA_1000U/LH_970_hlist_0.75065.list,true,6895,6895,1.00000,/home/ml/thesis-camels/data/raw/CAMELS_SIMBA_1000U/LH_970_hlist_1.00000.list,true,7240,7240,train,train,train,NONE
LH_971,971,/home/ml/thesis-camels/data/raw/CAMELS_SIMBA_1000U,row_universe_id=LH_971;universe_index=971;omega_m=0.2722,0.20000,/home/ml/thesis-camels/data/raw/CAMELS_SIMBA_1000U/LH_971_hlist_0.20000.list,true,5530,5530,0.25000,/home/ml/thesis-camels/data/raw/CAMELS_SIMBA_1000U/LH_971_hlist_0.25000.list,true,6697,6697,0.51209,/home/ml/thesis-camels/data/raw/CAMELS_SIMBA_1000U/LH_971_hlist_0.51209.list,true,6735,6735,0.75065,/home/ml/thesis-camels/data/raw/CAMELS_SIMBA_1000U/LH_971_hlist_0.75065.list,true,6153,6153,1.00000,/home/ml/thesis-camels/data/raw/CAMELS_SIMBA_1000U/LH_971_hlist_1.00000.list,true,6151,6151,train,train,train,NONE
LH_972,972,/home/ml/thesis-camels/data/raw/CAMELS_SIMBA_1000U,row_universe_id=LH_972;universe_index=972;omega_m=0.4222,0.20000,/home/ml/thesis-camels/data/raw/CAMELS_SIMBA_1000U/LH_972_hlist_0.20000.list,true,6481,6481,0.25000,/home/ml/thesis-camels/data/raw/CAMELS_SIMBA_1000U/LH_972_hlist_0.25000.list,true,7709,7709,0.51209,/home/ml/thesis-camels/data/raw/CAMELS_SIMBA_1000U/LH_972_hlist_0.51209.list,true,8338,8338,0.75065,/home/ml/thesis-camels/data/raw/CAMELS_SIMBA_1000U/LH_972_hlist_0.75065.list,true,7204,7204,1.00000,/home/ml/thesis-camels/data/raw/CAMELS_SIMBA_1000U/LH_972_hlist_1.00000.list,true,6805,6805,train,train,train,NONE
LH_973,973,/home/ml/thesis-camels/data/raw/CAMELS_SIMBA_1000U,row_universe_id=LH_973;universe_index=973;omega_m=0.369,0.20000,/home/ml/thesis-camels/data/raw/CAMELS_SIMBA_1000U/LH_973_hlist_0.20000.list,true,4132,4132,0.25000,/home/ml/thesis-camels/data/raw/CAMELS_SIMBA_1000U/LH_973_hlist_0.25000.list,true,5899,5899,0.51209,/home/ml/thesis-camels/data/raw/CAMELS_SIMBA_1000U/LH_973_hlist_0.51209.list,true,8385,8385,0.75065,/home/ml/thesis-camels/data/raw/CAMELS_SIMBA_1000U/LH_973_hlist_0.75065.list,true,7788,7788,1.00000,/home/ml/thesis-camels/data/raw/CAMELS_SIMBA_1000U/LH_973_hlist_1.00000.list,true,7687,7687,train,train,train,NONE
LH_974,974,/home/ml/thesis-camels/data/raw/CAMELS_SIMBA_1000U,row_universe_id=LH_974;universe_index=974;omega_m=0.4298,0.20000,/home/ml/thesis-camels/data/raw/CAMELS_SIMBA_1000U/LH_974_hlist_0.20000.list,true,6042,6042,0.25000,/home/ml/thesis-camels/data/raw/CAMELS_SIMBA_1000U/LH_974_hlist_0.25000.list,true,7470,7470,0.51209,/home/ml/thesis-camels/data/raw/CAMELS_SIMBA_1000U/LH_974_hlist_0.51209.list,true,8161,8161,0.75065,/home/ml/thesis-camels/data/raw/CAMELS_SIMBA_1000U/LH_974_hlist_0.75065.list,true,7138,7138,1.00000,/home/ml/thesis-camels/data/raw/CAMELS_SIMBA_1000U/LH_974_hlist_1.00000.list,true,6960,6960,train,train,train,NONE
LH_975,975,/home/ml/thesis-camels/data/raw/CAMELS_SIMBA_1000U,row_universe_id=LH_975;universe_index=975;omega_m=0.2662,0.20000,/home/ml/thesis-camels/data/raw/CAMELS_SIMBA_1000U/LH_975_hlist_0.20000.list,true,5309,5309,0.25000,/home/ml/thesis-camels/data/raw/CAMELS_SIMBA_1000U/LH_975_hlist_0.25000.list,true,6452,6452,0.51209,/home/ml/thesis-camels/data/raw/CAMELS_SIMBA_1000U/LH_975_hlist_0.51209.list,true,6982,6982,0.75065,/home/ml/thesis-camels/data/raw/CAMELS_SIMBA_1000U/LH_975_hlist_0.75065.list,true,6249,6249,1.00000,/home/ml/thesis-camels/data/raw/CAMELS_SIMBA_1000U/LH_975_hlist_1.00000.list,true,6447,6447,train,train,train,NONE
LH_976,976,/home/ml/thesis-camels/data/raw/CAMELS_SIMBA_1000U,row_universe_id=LH_976;universe_index=976;omega_m=0.2522,0.20000,/home/ml/thesis-camels/data/raw/CAMELS_SIMBA_1000U/LH_976_hlist_0.20000.list,true,2408,2408,0.25000,/home/ml/thesis-camels/data/raw/CAMELS_SIMBA_1000U/LH_976_hlist_0.25000.list,true,4171,4171,0.51209,/home/ml/thesis-camels/data/raw/CAMELS_SIMBA_1000U/LH_976_hlist_0.51209.list,true,6860,6860,0.75065,/home/ml/thesis-camels/data/raw/CAMELS_SIMBA_1000U/LH_976_hlist_0.75065.list,true,6656,6656,1.00000,/home/ml/thesis-camels/data/raw/CAMELS_SIMBA_1000U/LH_976_hlist_1.00000.list,true,6933,6933,train,train,train,NONE
LH_977,977,/home/ml/thesis-camels/data/raw/CAMELS_SIMBA_1000U,row_universe_id=LH_977;universe_index=977;omega_m=0.1146,0.20000,/home/ml/thesis-camels/data/raw/CAMELS_SIMBA_1000U/LH_977_hlist_0.20000.list,true,507,507,0.25000,/home/ml/thesis-camels/data/raw/CAMELS_SIMBA_1000U/LH_977_hlist_0.25000.list,true,1243,1243,0.51209,/home/ml/thesis-camels/data/raw/CAMELS_SIMBA_1000U/LH_977_hlist_0.51209.list,true,4147,4147,0.75065,/home/ml/thesis-camels/data/raw/CAMELS_SIMBA_1000U/LH_977_hlist_0.75065.list,true,4787,4787,1.00000,/home/ml/thesis-camels/data/raw/CAMELS_SIMBA_1000U/LH_977_hlist_1.00000.list,true,5524,5524,train,train,train,NONE
LH_978,978,/home/ml/thesis-camels/data/raw/CAMELS_SIMBA_1000U,row_universe_id=LH_978;universe_index=978;omega_m=0.2458,0.20000,/home/ml/thesis-camels/data/raw/CAMELS_SIMBA_1000U/LH_978_hlist_0.20000.list,true,4948,4948,0.25000,/home/ml/thesis-camels/data/raw/CAMELS_SIMBA_1000U/LH_978_hlist_0.25000.list,true,6185,6185,0.51209,/home/ml/thesis-camels/data/raw/CAMELS_SIMBA_1000U/LH_978_hlist_0.51209.list,true,7040,7040,0.75065,/home/ml/thesis-camels/data/raw/CAMELS_SIMBA_1000U/LH_978_hlist_0.75065.list,true,6370,6370,1.00000,/home/ml/thesis-camels/data/raw/CAMELS_SIMBA_1000U/LH_978_hlist_1.00000.list,true,6476,6476,train,train,train,NONE
LH_979,979,/home/ml/thesis-camels/data/raw/CAMELS_SIMBA_1000U,row_universe_id=LH_979;universe_index=979;omega_m=0.143,0.20000,/home/ml/thesis-camels/data/raw/CAMELS_SIMBA_1000U/LH_979_hlist_0.20000.list,true,1885,1885,0.25000,/home/ml/thesis-camels/data/raw/CAMELS_SIMBA_1000U/LH_979_hlist_0.25000.list,true,3207,3207,0.51209,/home/ml/thesis-camels/data/raw/CAMELS_SIMBA_1000U/LH_979_hlist_0.51209.list,true,5156,5156,0.75065,/home/ml/thesis-camels/data/raw/CAMELS_SIMBA_1000U/LH_979_hlist_0.75065.list,true,5342,5342,1.00000,/home/ml/thesis-camels/data/raw/CAMELS_SIMBA_1000U/LH_979_hlist_1.00000.list,true,5819,5819,train,train,train,NONE
LH_980,980,/home/ml/thesis-camels/data/raw/CAMELS_SIMBA_1000U,row_universe_id=LH_980;universe_index=980;omega_m=0.2054,0.20000,/home/ml/thesis-camels/data/raw/CAMELS_SIMBA_1000U/LH_980_hlist_0.20000.list,true,1528,1528,0.25000,/home/ml/thesis-camels/data/raw/CAMELS_SIMBA_1000U/LH_980_hlist_0.25000.list,true,2907,2907,0.51209,/home/ml/thesis-camels/data/raw/CAMELS_SIMBA_1000U/LH_980_hlist_0.51209.list,true,6834,6834,0.75065,/home/ml/thesis-camels/data/raw/CAMELS_SIMBA_1000U/LH_980_hlist_0.75065.list,true,7144,7144,1.00000,/home/ml/thesis-camels/data/raw/CAMELS_SIMBA_1000U/LH_980_hlist_1.00000.list,true,7666,7666,train,train,train,NONE
LH_981,981,/home/ml/thesis-camels/data/raw/CAMELS_SIMBA_1000U,row_universe_id=LH_981;universe_index=981;omega_m=0.1518,0.20000,/home/ml/thesis-camels/data/raw/CAMELS_SIMBA_1000U/LH_981_hlist_0.20000.list,true,1537,1537,0.25000,/home/ml/thesis-camels/data/raw/CAMELS_SIMBA_1000U/LH_981_hlist_0.25000.list,true,3050,3050,0.51209,/home/ml/thesis-camels/data/raw/CAMELS_SIMBA_1000U/LH_981_hlist_0.51209.list,true,5977,5977,0.75065,/home/ml/thesis-camels/data/raw/CAMELS_SIMBA_1000U/LH_981_hlist_0.75065.list,true,6209,6209,1.00000,/home/ml/thesis-camels/data/raw/CAMELS_SIMBA_1000U/LH_981_hlist_1.00000.list,true,6687,6687,train,train,train,NONE
LH_982,982,/home/ml/thesis-camels/data/raw/CAMELS_SIMBA_1000U,row_universe_id=LH_982;universe_index=982;omega_m=0.345,0.20000,/home/ml/thesis-camels/data/raw/CAMELS_SIMBA_1000U/LH_982_hlist_0.20000.list,true,3675,3675,0.25000,/home/ml/thesis-camels/data/raw/CAMELS_SIMBA_1000U/LH_982_hlist_0.25000.list,true,5375,5375,0.51209,/home/ml/thesis-camels/data/raw/CAMELS_SIMBA_1000U/LH_982_hlist_0.51209.list,true,8386,8386,0.75065,/home/ml/thesis-camels/data/raw/CAMELS_SIMBA_1000U/LH_982_hlist_0.75065.list,true,7845,7845,1.00000,/home/ml/thesis-camels/data/raw/CAMELS_SIMBA_1000U/LH_982_hlist_1.00000.list,true,7911,7911,train,train,train,NONE
LH_983,983,/home/ml/thesis-camels/data/raw/CAMELS_SIMBA_1000U,row_universe_id=LH_983;universe_index=983;omega_m=0.3066,0.20000,/home/ml/thesis-camels/data/raw/CAMELS_SIMBA_1000U/LH_983_hlist_0.20000.list,true,6234,6234,0.25000,/home/ml/thesis-camels/data/raw/CAMELS_SIMBA_1000U/LH_983_hlist_0.25000.list,true,7343,7343,0.51209,/home/ml/thesis-camels/data/raw/CAMELS_SIMBA_1000U/LH_983_hlist_0.51209.list,true,7169,7169,0.75065,/home/ml/thesis-camels/data/raw/CAMELS_SIMBA_1000U/LH_983_hlist_0.75065.list,true,6128,6128,1.00000,/home/ml/thesis-camels/data/raw/CAMELS_SIMBA_1000U/LH_983_hlist_1.00000.list,true,5913,5913,train,train,train,NONE
LH_984,984,/home/ml/thesis-camels/data/raw/CAMELS_SIMBA_1000U,row_universe_id=LH_984;universe_index=984;omega_m=0.1414,0.20000,/home/ml/thesis-camels/data/raw/CAMELS_SIMBA_1000U/LH_984_hlist_0.20000.list,true,3844,3844,0.25000,/home/ml/thesis-camels/data/raw/CAMELS_SIMBA_1000U/LH_984_hlist_0.25000.list,true,4835,4835,0.51209,/home/ml/thesis-camels/data/raw/CAMELS_SIMBA_1000U/LH_984_hlist_0.51209.list,true,5372,5372,0.75065,/home/ml/thesis-camels/data/raw/CAMELS_SIMBA_1000U/LH_984_hlist_0.75065.list,true,5366,5366,1.00000,/home/ml/thesis-camels/data/raw/CAMELS_SIMBA_1000U/LH_984_hlist_1.00000.list,true,5789,5789,train,train,train,NONE
LH_985,985,/home/ml/thesis-camels/data/raw/CAMELS_SIMBA_1000U,row_universe_id=LH_985;universe_index=985;omega_m=0.3258,0.20000,/home/ml/thesis-camels/data/raw/CAMELS_SIMBA_1000U/LH_985_hlist_0.20000.list,true,5032,5032,0.25000,/home/ml/thesis-camels/data/raw/CAMELS_SIMBA_1000U/LH_985_hlist_0.25000.list,true,6457,6457,0.51209,/home/ml/thesis-camels/data/raw/CAMELS_SIMBA_1000U/LH_985_hlist_0.51209.list,true,7905,7905,0.75065,/home/ml/thesis-camels/data/raw/CAMELS_SIMBA_1000U/LH_985_hlist_0.75065.list,true,7218,7218,1.00000,/home/ml/thesis-camels/data/raw/CAMELS_SIMBA_1000U/LH_985_hlist_1.00000.list,true,7185,7185,train,train,train,NONE
LH_986,986,/home/ml/thesis-camels/data/raw/CAMELS_SIMBA_1000U,row_universe_id=LH_986;universe_index=986;omega_m=0.4866,0.20000,/home/ml/thesis-camels/data/raw/CAMELS_SIMBA_1000U/LH_986_hlist_0.20000.list,true,7720,7720,0.25000,/home/ml/thesis-camels/data/raw/CAMELS_SIMBA_1000U/LH_986_hlist_0.25000.list,true,8589,8589,0.51209,/home/ml/thesis-camels/data/raw/CAMELS_SIMBA_1000U/LH_986_hlist_0.51209.list,true,7667,7667,0.75065,/home/ml/thesis-camels/data/raw/CAMELS_SIMBA_1000U/LH_986_hlist_0.75065.list,true,6359,6359,1.00000,/home/ml/thesis-camels/data/raw/CAMELS_SIMBA_1000U/LH_986_hlist_1.00000.list,true,5876,5876,train,train,train,NONE
LH_987,987,/home/ml/thesis-camels/data/raw/CAMELS_SIMBA_1000U,row_universe_id=LH_987;universe_index=987;omega_m=0.4038,0.20000,/home/ml/thesis-camels/data/raw/CAMELS_SIMBA_1000U/LH_987_hlist_0.20000.list,true,6550,6550,0.25000,/home/ml/thesis-camels/data/raw/CAMELS_SIMBA_1000U/LH_987_hlist_0.25000.list,true,7607,7607,0.51209,/home/ml/thesis-camels/data/raw/CAMELS_SIMBA_1000U/LH_987_hlist_0.51209.list,true,7499,7499,0.75065,/home/ml/thesis-camels/data/raw/CAMELS_SIMBA_1000U/LH_987_hlist_0.75065.list,true,6688,6688,1.00000,/home/ml/thesis-camels/data/raw/CAMELS_SIMBA_1000U/LH_987_hlist_1.00000.list,true,6363,6363,train,train,train,NONE
LH_988,988,/home/ml/thesis-camels/data/raw/CAMELS_SIMBA_1000U,row_universe_id=LH_988;universe_index=988;omega_m=0.2498,0.20000,/home/ml/thesis-camels/data/raw/CAMELS_SIMBA_1000U/LH_988_hlist_0.20000.list,true,4345,4345,0.25000,/home/ml/thesis-camels/data/raw/CAMELS_SIMBA_1000U/LH_988_hlist_0.25000.list,true,5837,5837,0.51209,/home/ml/thesis-camels/data/raw/CAMELS_SIMBA_1000U/LH_988_hlist_0.51209.list,true,7225,7225,0.75065,/home/ml/thesis-camels/data/raw/CAMELS_SIMBA_1000U/LH_988_hlist_0.75065.list,true,6645,6645,1.00000,/home/ml/thesis-camels/data/raw/CAMELS_SIMBA_1000U/LH_988_hlist_1.00000.list,true,6828,6828,train,train,train,NONE
LH_989,989,/home/ml/thesis-camels/data/raw/CAMELS_SIMBA_1000U,row_universe_id=LH_989;universe_index=989;omega_m=0.1406,0.20000,/home/ml/thesis-camels/data/raw/CAMELS_SIMBA_1000U/LH_989_hlist_0.20000.list,true,3653,3653,0.25000,/home/ml/thesis-camels/data/raw/CAMELS_SIMBA_1000U/LH_989_hlist_0.25000.list,true,4780,4780,0.51209,/home/ml/thesis-camels/data/raw/CAMELS_SIMBA_1000U/LH_989_hlist_0.51209.list,true,5212,5212,0.75065,/home/ml/thesis-camels/data/raw/CAMELS_SIMBA_1000U/LH_989_hlist_0.75065.list,true,5096,5096,1.00000,/home/ml/thesis-camels/data/raw/CAMELS_SIMBA_1000U/LH_989_hlist_1.00000.list,true,5406,5406,train,train,train,NONE
LH_990,990,/home/ml/thesis-camels/data/raw/CAMELS_SIMBA_1000U,row_universe_id=LH_990;universe_index=990;omega_m=0.3286,0.20000,/home/ml/thesis-camels/data/raw/CAMELS_SIMBA_1000U/LH_990_hlist_0.20000.list,true,5923,5923,0.25000,/home/ml/thesis-camels/data/raw/CAMELS_SIMBA_1000U/LH_990_hlist_0.25000.list,true,7091,7091,0.51209,/home/ml/thesis-camels/data/raw/CAMELS_SIMBA_1000U/LH_990_hlist_0.51209.list,true,7433,7433,0.75065,/home/ml/thesis-camels/data/raw/CAMELS_SIMBA_1000U/LH_990_hlist_0.75065.list,true,6742,6742,1.00000,/home/ml/thesis-camels/data/raw/CAMELS_SIMBA_1000U/LH_990_hlist_1.00000.list,true,6684,6684,train,train,train,NONE
LH_991,991,/home/ml/thesis-camels/data/raw/CAMELS_SIMBA_1000U,row_universe_id=LH_991;universe_index=991;omega_m=0.1502,0.20000,/home/ml/thesis-camels/data/raw/CAMELS_SIMBA_1000U/LH_991_hlist_0.20000.list,true,1448,1448,0.25000,/home/ml/thesis-camels/data/raw/CAMELS_SIMBA_1000U/LH_991_hlist_0.25000.list,true,2846,2846,0.51209,/home/ml/thesis-camels/data/raw/CAMELS_SIMBA_1000U/LH_991_hlist_0.51209.list,true,5671,5671,0.75065,/home/ml/thesis-camels/data/raw/CAMELS_SIMBA_1000U/LH_991_hlist_0.75065.list,true,6158,6158,1.00000,/home/ml/thesis-camels/data/raw/CAMELS_SIMBA_1000U/LH_991_hlist_1.00000.list,true,6715,6715,train,train,train,NONE
LH_992,992,/home/ml/thesis-camels/data/raw/CAMELS_SIMBA_1000U,row_universe_id=LH_992;universe_index=992;omega_m=0.2886,0.20000,/home/ml/thesis-camels/data/raw/CAMELS_SIMBA_1000U/LH_992_hlist_0.20000.list,true,4116,4116,0.25000,/home/ml/thesis-camels/data/raw/CAMELS_SIMBA_1000U/LH_992_hlist_0.25000.list,true,5781,5781,0.51209,/home/ml/thesis-camels/data/raw/CAMELS_SIMBA_1000U/LH_992_hlist_0.51209.list,true,7011,7011,0.75065,/home/ml/thesis-camels/data/raw/CAMELS_SIMBA_1000U/LH_992_hlist_0.75065.list,true,6612,6612,1.00000,/home/ml/thesis-camels/data/raw/CAMELS_SIMBA_1000U/LH_992_hlist_1.00000.list,true,6622,6622,train,train,train,NONE
LH_993,993,/home/ml/thesis-camels/data/raw/CAMELS_SIMBA_1000U,row_universe_id=LH_993;universe_index=993;omega_m=0.1334,0.20000,/home/ml/thesis-camels/data/raw/CAMELS_SIMBA_1000U/LH_993_hlist_0.20000.list,true,2980,2980,0.25000,/home/ml/thesis-camels/data/raw/CAMELS_SIMBA_1000U/LH_993_hlist_0.25000.list,true,4142,4142,0.51209,/home/ml/thesis-camels/data/raw/CAMELS_SIMBA_1000U/LH_993_hlist_0.51209.list,true,5077,5077,0.75065,/home/ml/thesis-camels/data/raw/CAMELS_SIMBA_1000U/LH_993_hlist_0.75065.list,true,5263,5263,1.00000,/home/ml/thesis-camels/data/raw/CAMELS_SIMBA_1000U/LH_993_hlist_1.00000.list,true,5603,5603,train,train,train,NONE
LH_994,994,/home/ml/thesis-camels/data/raw/CAMELS_SIMBA_1000U,row_universe_id=LH_994;universe_index=994;omega_m=0.2654,0.20000,/home/ml/thesis-camels/data/raw/CAMELS_SIMBA_1000U/LH_994_hlist_0.20000.list,true,5058,5058,0.25000,/home/ml/thesis-camels/data/raw/CAMELS_SIMBA_1000U/LH_994_hlist_0.25000.list,true,6388,6388,0.51209,/home/ml/thesis-camels/data/raw/CAMELS_SIMBA_1000U/LH_994_hlist_0.51209.list,true,7071,7071,0.75065,/home/ml/thesis-camels/data/raw/CAMELS_SIMBA_1000U/LH_994_hlist_0.75065.list,true,6473,6473,1.00000,/home/ml/thesis-camels/data/raw/CAMELS_SIMBA_1000U/LH_994_hlist_1.00000.list,true,6508,6508,train,train,train,NONE
LH_995,995,/home/ml/thesis-camels/data/raw/CAMELS_SIMBA_1000U,row_universe_id=LH_995;universe_index=995;omega_m=0.1254,0.20000,/home/ml/thesis-camels/data/raw/CAMELS_SIMBA_1000U/LH_995_hlist_0.20000.list,true,1139,1139,0.25000,/home/ml/thesis-camels/data/raw/CAMELS_SIMBA_1000U/LH_995_hlist_0.25000.list,true,2326,2326,0.51209,/home/ml/thesis-camels/data/raw/CAMELS_SIMBA_1000U/LH_995_hlist_0.51209.list,true,4369,4369,0.75065,/home/ml/thesis-camels/data/raw/CAMELS_SIMBA_1000U/LH_995_hlist_0.75065.list,true,4753,4753,1.00000,/home/ml/thesis-camels/data/raw/CAMELS_SIMBA_1000U/LH_995_hlist_1.00000.list,true,5307,5307,train,train,train,NONE
LH_996,996,/home/ml/thesis-camels/data/raw/CAMELS_SIMBA_1000U,row_universe_id=LH_996;universe_index=996;omega_m=0.1646,0.20000,/home/ml/thesis-camels/data/raw/CAMELS_SIMBA_1000U/LH_996_hlist_0.20000.list,true,2251,2251,0.25000,/home/ml/thesis-camels/data/raw/CAMELS_SIMBA_1000U/LH_996_hlist_0.25000.list,true,3659,3659,0.51209,/home/ml/thesis-camels/data/raw/CAMELS_SIMBA_1000U/LH_996_hlist_0.51209.list,true,5473,5473,0.75065,/home/ml/thesis-camels/data/raw/CAMELS_SIMBA_1000U/LH_996_hlist_0.75065.list,true,5489,5489,1.00000,/home/ml/thesis-camels/data/raw/CAMELS_SIMBA_1000U/LH_996_hlist_1.00000.list,true,5928,5928,train,train,train,NONE
LH_997,997,/home/ml/thesis-camels/data/raw/CAMELS_SIMBA_1000U,row_universe_id=LH_997;universe_index=997;omega_m=0.3018,0.20000,/home/ml/thesis-camels/data/raw/CAMELS_SIMBA_1000U/LH_997_hlist_0.20000.list,true,5480,5480,0.25000,/home/ml/thesis-camels/data/raw/CAMELS_SIMBA_1000U/LH_997_hlist_0.25000.list,true,6696,6696,0.51209,/home/ml/thesis-camels/data/raw/CAMELS_SIMBA_1000U/LH_997_hlist_0.51209.list,true,7435,7435,0.75065,/home/ml/thesis-camels/data/raw/CAMELS_SIMBA_1000U/LH_997_hlist_0.75065.list,true,6601,6601,1.00000,/home/ml/thesis-camels/data/raw/CAMELS_SIMBA_1000U/LH_997_hlist_1.00000.list,true,6529,6529,train,train,train,NONE
LH_998,998,/home/ml/thesis-camels/data/raw/CAMELS_SIMBA_1000U,row_universe_id=LH_998;universe_index=998;omega_m=0.297,0.20000,/home/ml/thesis-camels/data/raw/CAMELS_SIMBA_1000U/LH_998_hlist_0.20000.list,true,2705,2705,0.25000,/home/ml/thesis-camels/data/raw/CAMELS_SIMBA_1000U/LH_998_hlist_0.25000.list,true,4386,4386,0.51209,/home/ml/thesis-camels/data/raw/CAMELS_SIMBA_1000U/LH_998_hlist_0.51209.list,true,7719,7719,0.75065,/home/ml/thesis-camels/data/raw/CAMELS_SIMBA_1000U/LH_998_hlist_0.75065.list,true,7587,7587,1.00000,/home/ml/thesis-camels/data/raw/CAMELS_SIMBA_1000U/LH_998_hlist_1.00000.list,true,7758,7758,train,train,train,NONE
LH_999,999,/home/ml/thesis-camels/data/raw/CAMELS_SIMBA_1000U,row_universe_id=LH_999;universe_index=999;omega_m=0.1134,0.20000,/home/ml/thesis-camels/data/raw/CAMELS_SIMBA_1000U/LH_999_hlist_0.20000.list,true,2340,2340,0.25000,/home/ml/thesis-camels/data/raw/CAMELS_SIMBA_1000U/LH_999_hlist_0.25000.list,true,3416,3416,0.51209,/home/ml/thesis-camels/data/raw/CAMELS_SIMBA_1000U/LH_999_hlist_0.51209.list,true,4316,4316,0.75065,/home/ml/thesis-camels/data/raw/CAMELS_SIMBA_1000U/LH_999_hlist_0.75065.list,true,4466,4466,1.00000,/home/ml/thesis-camels/data/raw/CAMELS_SIMBA_1000U/LH_999_hlist_1.00000.list,true,4963,4963,train,train,train,NONE
