universe_id,universe_index,existing_u750_role_seed42,proposed_u1000_role_seed42,existing_u750_role_seed123,proposed_u1000_role_seed123,existing_u750_role_seed2025,proposed_u1000_role_seed2025,raw_data_complete,all_five_snapshots,target_status,top1000_status,minimum_valid_halos
LH_0,0,test,fixed_test,test,fixed_test,test,fixed_test,True,True,finite_consistent,padding_required,350
LH_1,1,validation,fixed_validation,test,fixed_test,validation,fixed_validation,True,True,finite_consistent,no_padding,1736
LH_2,2,train,maximum_training_pool,train,maximum_training_pool,train,maximum_training_pool,True,True,finite_consistent,no_padding,5647
LH_3,3,test,fixed_test,train,maximum_training_pool,validation,fixed_validation,True,True,finite_consistent,no_padding,3326
LH_4,4,train,maximum_training_pool,train,maximum_training_pool,train,maximum_training_pool,True,True,finite_consistent,no_padding,6666
LH_5,5,train,maximum_training_pool,train,maximum_training_pool,validation,fixed_validation,True,True,finite_consistent,padding_required,806
LH_6,6,test,fixed_test,test,fixed_test,train,maximum_training_pool,True,True,finite_consistent,no_padding,1780
LH_7,7,validation,fixed_validation,train,maximum_training_pool,test,fixed_test,True,True,finite_consistent,no_padding,3220
LH_8,8,train,maximum_training_pool,test,fixed_test,train,maximum_training_pool,True,True,finite_consistent,no_padding,6285
LH_9,9,train,maximum_training_pool,train,maximum_training_pool,train,maximum_training_pool,True,True,finite_consistent,no_padding,3003
LH_10,10,train,maximum_training_pool,test,fixed_test,test,fixed_test,True,True,finite_consistent,no_padding,2838
LH_11,11,test,fixed_test,train,maximum_training_pool,test,fixed_test,True,True,finite_consistent,no_padding,6553
LH_12,12,train,maximum_training_pool,test,fixed_test,train,maximum_training_pool,True,True,finite_consistent,no_padding,2268
LH_13,13,train,maximum_training_pool,test,fixed_test,train,maximum_training_pool,True,True,finite_consistent,no_padding,2803
LH_14,14,train,maximum_training_pool,train,maximum_training_pool,validation,fixed_validation,True,True,finite_consistent,no_padding,5671
LH_15,15,train,maximum_training_pool,train,maximum_training_pool,train,maximum_training_pool,True,True,finite_consistent,no_padding,3369
LH_16,16,train,maximum_training_pool,test,fixed_test,train,maximum_training_pool,True,True,finite_consistent,no_padding,1044
LH_17,17,train,maximum_training_pool,validation,fixed_validation,train,maximum_training_pool,True,True,finite_consistent,no_padding,3578
LH_18,18,train,maximum_training_pool,train,maximum_training_pool,train,maximum_training_pool,True,True,finite_consistent,no_padding,6550
LH_19,19,test,fixed_test,train,maximum_training_pool,validation,fixed_validation,True,True,finite_consistent,no_padding,6413
LH_20,20,train,maximum_training_pool,train,maximum_training_pool,train,maximum_training_pool,True,True,finite_consistent,no_padding,1317
LH_21,21,test,fixed_test,test,fixed_test,train,maximum_training_pool,True,True,finite_consistent,no_padding,2329
LH_22,22,train,maximum_training_pool,train,maximum_training_pool,train,maximum_training_pool,True,True,finite_consistent,no_padding,3105
LH_23,23,train,maximum_training_pool,train,maximum_training_pool,validation,fixed_validation,True,True,finite_consistent,no_padding,6006
LH_24,24,train,maximum_training_pool,test,fixed_test,train,maximum_training_pool,True,True,finite_consistent,no_padding,2115
LH_25,25,test,fixed_test,train,maximum_training_pool,test,fixed_test,True,True,finite_consistent,no_padding,6226
LH_26,26,train,maximum_training_pool,validation,fixed_validation,train,maximum_training_pool,True,True,finite_consistent,no_padding,4513
LH_27,27,test,fixed_test,train,maximum_training_pool,test,fixed_test,True,True,finite_consistent,no_padding,6425
LH_28,28,train,maximum_training_pool,test,fixed_test,test,fixed_test,True,True,finite_consistent,no_padding,5923
LH_29,29,validation,fixed_validation,test,fixed_test,test,fixed_test,True,True,finite_consistent,no_padding,3290
LH_30,30,test,fixed_test,train,maximum_training_pool,train,maximum_training_pool,True,True,finite_consistent,no_padding,2111
LH_31,31,validation,fixed_validation,validation,fixed_validation,test,fixed_test,True,True,finite_consistent,no_padding,5376
LH_32,32,test,fixed_test,test,fixed_test,train,maximum_training_pool,True,True,finite_consistent,no_padding,6522
LH_33,33,train,maximum_training_pool,test,fixed_test,test,fixed_test,True,True,finite_consistent,no_padding,6285
LH_34,34,train,maximum_training_pool,train,maximum_training_pool,train,maximum_training_pool,True,True,finite_consistent,no_padding,4009
LH_35,35,train,maximum_training_pool,validation,fixed_validation,train,maximum_training_pool,True,True,finite_consistent,no_padding,3354
LH_36,36,train,maximum_training_pool,train,maximum_training_pool,train,maximum_training_pool,True,True,finite_consistent,no_padding,3726
LH_37,37,train,maximum_training_pool,test,fixed_test,train,maximum_training_pool,True,True,finite_consistent,padding_required,873
LH_38,38,validation,fixed_validation,train,maximum_training_pool,train,maximum_training_pool,True,True,finite_consistent,no_padding,5061
LH_39,39,train,maximum_training_pool,test,fixed_test,train,maximum_training_pool,True,True,finite_consistent,no_padding,4620
LH_40,40,train,maximum_training_pool,train,maximum_training_pool,train,maximum_training_pool,True,True,finite_consistent,no_padding,4220
LH_41,41,train,maximum_training_pool,train,maximum_training_pool,train,maximum_training_pool,True,True,finite_consistent,no_padding,6330
LH_42,42,train,maximum_training_pool,train,maximum_training_pool,train,maximum_training_pool,True,True,finite_consistent,no_padding,2774
LH_43,43,train,maximum_training_pool,train,maximum_training_pool,train,maximum_training_pool,True,True,finite_consistent,no_padding,4686
LH_44,44,test,fixed_test,test,fixed_test,test,fixed_test,True,True,finite_consistent,no_padding,5775
LH_45,45,train,maximum_training_pool,test,fixed_test,train,maximum_training_pool,True,True,finite_consistent,no_padding,6166
LH_46,46,test,fixed_test,train,maximum_training_pool,train,maximum_training_pool,True,True,finite_consistent,no_padding,5006
LH_47,47,validation,fixed_validation,train,maximum_training_pool,train,maximum_training_pool,True,True,finite_consistent,no_padding,5059
LH_48,48,test,fixed_test,train,maximum_training_pool,train,maximum_training_pool,True,True,finite_consistent,no_padding,5815
LH_49,49,train,maximum_training_pool,train,maximum_training_pool,train,maximum_training_pool,True,True,finite_consistent,no_padding,4710
LH_50,50,validation,fixed_validation,train,maximum_training_pool,test,fixed_test,True,True,finite_consistent,no_padding,5698
LH_51,51,train,maximum_training_pool,train,maximum_training_pool,train,maximum_training_pool,True,True,finite_consistent,no_padding,5763
LH_52,52,train,maximum_training_pool,train,maximum_training_pool,train,maximum_training_pool,True,True,finite_consistent,no_padding,6163
LH_53,53,train,maximum_training_pool,test,fixed_test,train,maximum_training_pool,True,True,finite_consistent,no_padding,2255
LH_54,54,train,maximum_training_pool,train,maximum_training_pool,train,maximum_training_pool,True,True,finite_consistent,no_padding,5904
LH_55,55,validation,fixed_validation,validation,fixed_validation,test,fixed_test,True,True,finite_consistent,no_padding,3161
LH_56,56,train,maximum_training_pool,train,maximum_training_pool,train,maximum_training_pool,True,True,finite_consistent,no_padding,6015
LH_57,57,test,fixed_test,train,maximum_training_pool,train,maximum_training_pool,True,True,finite_consistent,no_padding,4633
LH_58,58,train,maximum_training_pool,test,fixed_test,train,maximum_training_pool,True,True,finite_consistent,no_padding,3241
LH_59,59,test,fixed_test,train,maximum_training_pool,train,maximum_training_pool,True,True,finite_consistent,no_padding,5970
LH_60,60,validation,fixed_validation,train,maximum_training_pool,validation,fixed_validation,True,True,finite_consistent,no_padding,4763
LH_61,61,train,maximum_training_pool,test,fixed_test,test,fixed_test,True,True,finite_consistent,no_padding,4667
LH_62,62,validation,fixed_validation,validation,fixed_validation,train,maximum_training_pool,True,True,finite_consistent,no_padding,2676
LH_63,63,train,maximum_training_pool,test,fixed_test,train,maximum_training_pool,True,True,finite_consistent,no_padding,3196
LH_64,64,train,maximum_training_pool,test,fixed_test,train,maximum_training_pool,True,True,finite_consistent,no_padding,4305
LH_65,65,test,fixed_test,test,fixed_test,train,maximum_training_pool,True,True,finite_consistent,no_padding,4235
LH_66,66,train,maximum_training_pool,train,maximum_training_pool,train,maximum_training_pool,True,True,finite_consistent,no_padding,2556
LH_67,67,test,fixed_test,train,maximum_training_pool,test,fixed_test,True,True,finite_consistent,no_padding,3432
LH_68,68,train,maximum_training_pool,train,maximum_training_pool,test,fixed_test,True,True,finite_consistent,no_padding,1484
LH_69,69,validation,fixed_validation,train,maximum_training_pool,validation,fixed_validation,True,True,finite_consistent,no_padding,2681
LH_70,70,test,fixed_test,train,maximum_training_pool,train,maximum_training_pool,True,True,finite_consistent,no_padding,6347
LH_71,71,test,fixed_test,test,fixed_test,train,maximum_training_pool,True,True,finite_consistent,no_padding,2914
LH_72,72,validation,fixed_validation,train,maximum_training_pool,train,maximum_training_pool,True,True,finite_consistent,no_padding,4365
LH_73,73,test,fixed_test,train,maximum_training_pool,train,maximum_training_pool,True,True,finite_consistent,no_padding,2456
LH_74,74,train,maximum_training_pool,train,maximum_training_pool,test,fixed_test,True,True,finite_consistent,no_padding,2178
LH_75,75,train,maximum_training_pool,test,fixed_test,validation,fixed_validation,True,True,finite_consistent,no_padding,1017
LH_76,76,train,maximum_training_pool,train,maximum_training_pool,train,maximum_training_pool,True,True,finite_consistent,no_padding,6191
LH_77,77,train,maximum_training_pool,train,maximum_training_pool,test,fixed_test,True,True,finite_consistent,padding_required,678
LH_78,78,train,maximum_training_pool,train,maximum_training_pool,validation,fixed_validation,True,True,finite_consistent,no_padding,4303
LH_79,79,validation,fixed_validation,train,maximum_training_pool,test,fixed_test,True,True,finite_consistent,no_padding,4053
LH_80,80,test,fixed_test,test,fixed_test,train,maximum_training_pool,True,True,finite_consistent,no_padding,5776
LH_81,81,test,fixed_test,train,maximum_training_pool,train,maximum_training_pool,True,True,finite_consistent,no_padding,6029
LH_82,82,train,maximum_training_pool,validation,fixed_validation,train,maximum_training_pool,True,True,finite_consistent,no_padding,6176
LH_83,83,train,maximum_training_pool,train,maximum_training_pool,train,maximum_training_pool,True,True,finite_consistent,no_padding,3187
LH_84,84,validation,fixed_validation,test,fixed_test,test,fixed_test,True,True,finite_consistent,no_padding,4311
LH_85,85,validation,fixed_validation,validation,fixed_validation,train,maximum_training_pool,True,True,finite_consistent,no_padding,2978
LH_86,86,train,maximum_training_pool,train,maximum_training_pool,train,maximum_training_pool,True,True,finite_consistent,no_padding,2743
LH_87,87,test,fixed_test,validation,fixed_validation,validation,fixed_validation,True,True,finite_consistent,no_padding,4444
LH_88,88,train,maximum_training_pool,train,maximum_training_pool,test,fixed_test,True,True,finite_consistent,no_padding,5797
LH_89,89,test,fixed_test,test,fixed_test,train,maximum_training_pool,True,True,finite_consistent,no_padding,5823
LH_90,90,train,maximum_training_pool,test,fixed_test,validation,fixed_validation,True,True,finite_consistent,padding_required,697
LH_91,91,train,maximum_training_pool,train,maximum_training_pool,train,maximum_training_pool,True,True,finite_consistent,no_padding,3361
LH_92,92,train,maximum_training_pool,validation,fixed_validation,train,maximum_training_pool,True,True,finite_consistent,no_padding,6305
LH_93,93,test,fixed_test,train,maximum_training_pool,validation,fixed_validation,True,True,finite_consistent,no_padding,6501
LH_94,94,test,fixed_test,test,fixed_test,validation,fixed_validation,True,True,finite_consistent,no_padding,5290
LH_95,95,test,fixed_test,test,fixed_test,train,maximum_training_pool,True,True,finite_consistent,no_padding,2085
LH_96,96,validation,fixed_validation,train,maximum_training_pool,test,fixed_test,True,True,finite_consistent,no_padding,5076
LH_97,97,validation,fixed_validation,train,maximum_training_pool,train,maximum_training_pool,True,True,finite_consistent,no_padding,6133
LH_98,98,train,maximum_training_pool,validation,fixed_validation,train,maximum_training_pool,True,True,finite_consistent,no_padding,5832
LH_99,99,test,fixed_test,train,maximum_training_pool,train,maximum_training_pool,True,True,finite_consistent,no_padding,4647
LH_100,100,validation,fixed_validation,train,maximum_training_pool,test,fixed_test,True,True,finite_consistent,no_padding,3433
LH_101,101,train,maximum_training_pool,train,maximum_training_pool,test,fixed_test,True,True,finite_consistent,no_padding,4383
LH_102,102,train,maximum_training_pool,train,maximum_training_pool,validation,fixed_validation,True,True,finite_consistent,padding_required,873
LH_103,103,test,fixed_test,train,maximum_training_pool,validation,fixed_validation,True,True,finite_consistent,padding_required,723
LH_104,104,test,fixed_test,test,fixed_test,test,fixed_test,True,True,finite_consistent,no_padding,4686
LH_105,105,train,maximum_training_pool,train,maximum_training_pool,train,maximum_training_pool,True,True,finite_consistent,no_padding,4348
LH_106,106,train,maximum_training_pool,train,maximum_training_pool,train,maximum_training_pool,True,True,finite_consistent,no_padding,4108
LH_107,107,train,maximum_training_pool,test,fixed_test,train,maximum_training_pool,True,True,finite_consistent,no_padding,6110
LH_108,108,test,fixed_test,train,maximum_training_pool,train,maximum_training_pool,True,True,finite_consistent,no_padding,6280
LH_109,109,validation,fixed_validation,train,maximum_training_pool,train,maximum_training_pool,True,True,finite_consistent,no_padding,3999
LH_110,110,train,maximum_training_pool,test,fixed_test,train,maximum_training_pool,True,True,finite_consistent,no_padding,6273
LH_111,111,validation,fixed_validation,test,fixed_test,train,maximum_training_pool,True,True,finite_consistent,no_padding,6485
LH_112,112,test,fixed_test,train,maximum_training_pool,train,maximum_training_pool,True,True,finite_consistent,no_padding,3896
LH_113,113,train,maximum_training_pool,train,maximum_training_pool,test,fixed_test,True,True,finite_consistent,no_padding,5957
LH_114,114,test,fixed_test,train,maximum_training_pool,train,maximum_training_pool,True,True,finite_consistent,no_padding,1032
LH_115,115,train,maximum_training_pool,train,maximum_training_pool,validation,fixed_validation,True,True,finite_consistent,no_padding,4087
LH_116,116,train,maximum_training_pool,train,maximum_training_pool,test,fixed_test,True,True,finite_consistent,no_padding,2363
LH_117,117,test,fixed_test,train,maximum_training_pool,validation,fixed_validation,True,True,finite_consistent,no_padding,6142
LH_118,118,train,maximum_training_pool,train,maximum_training_pool,test,fixed_test,True,True,finite_consistent,no_padding,2987
LH_119,119,train,maximum_training_pool,train,maximum_training_pool,train,maximum_training_pool,True,True,finite_consistent,no_padding,2835
LH_120,120,train,maximum_training_pool,train,maximum_training_pool,test,fixed_test,True,True,finite_consistent,no_padding,5535
LH_121,121,validation,fixed_validation,train,maximum_training_pool,test,fixed_test,True,True,finite_consistent,no_padding,5080
LH_122,122,train,maximum_training_pool,test,fixed_test,validation,fixed_validation,True,True,finite_consistent,no_padding,5892
LH_123,123,test,fixed_test,train,maximum_training_pool,train,maximum_training_pool,True,True,finite_consistent,no_padding,4107
LH_124,124,train,maximum_training_pool,validation,fixed_validation,test,fixed_test,True,True,finite_consistent,no_padding,3844
LH_125,125,train,maximum_training_pool,validation,fixed_validation,train,maximum_training_pool,True,True,finite_consistent,no_padding,5644
LH_126,126,train,maximum_training_pool,train,maximum_training_pool,train,maximum_training_pool,True,True,finite_consistent,no_padding,3464
LH_127,127,test,fixed_test,validation,fixed_validation,validation,fixed_validation,True,True,finite_consistent,no_padding,1020
LH_128,128,test,fixed_test,train,maximum_training_pool,train,maximum_training_pool,True,True,finite_consistent,padding_required,875
LH_129,129,train,maximum_training_pool,test,fixed_test,train,maximum_training_pool,True,True,finite_consistent,no_padding,6101
LH_130,130,train,maximum_training_pool,train,maximum_training_pool,validation,fixed_validation,True,True,finite_consistent,no_padding,5642
LH_131,131,test,fixed_test,train,maximum_training_pool,train,maximum_training_pool,True,True,finite_consistent,no_padding,4362
LH_132,132,train,maximum_training_pool,train,maximum_training_pool,validation,fixed_validation,True,True,finite_consistent,no_padding,2484
LH_133,133,train,maximum_training_pool,train,maximum_training_pool,train,maximum_training_pool,True,True,finite_consistent,padding_required,385
LH_134,134,train,maximum_training_pool,train,maximum_training_pool,train,maximum_training_pool,True,True,finite_consistent,no_padding,5906
LH_135,135,validation,fixed_validation,validation,fixed_validation,validation,fixed_validation,True,True,finite_consistent,no_padding,2320
LH_136,136,train,maximum_training_pool,validation,fixed_validation,train,maximum_training_pool,True,True,finite_consistent,no_padding,1548
LH_137,137,train,maximum_training_pool,test,fixed_test,train,maximum_training_pool,True,True,finite_consistent,no_padding,6001
LH_138,138,train,maximum_training_pool,test,fixed_test,validation,fixed_validation,True,True,finite_consistent,no_padding,5929
LH_139,139,train,maximum_training_pool,test,fixed_test,test,fixed_test,True,True,finite_consistent,no_padding,6714
LH_140,140,train,maximum_training_pool,test,fixed_test,train,maximum_training_pool,True,True,finite_consistent,no_padding,6131
LH_141,141,test,fixed_test,train,maximum_training_pool,train,maximum_training_pool,True,True,finite_consistent,no_padding,5624
LH_142,142,test,fixed_test,train,maximum_training_pool,validation,fixed_validation,True,True,finite_consistent,no_padding,1681
LH_143,143,train,maximum_training_pool,train,maximum_training_pool,validation,fixed_validation,True,True,finite_consistent,no_padding,5244
LH_144,144,train,maximum_training_pool,train,maximum_training_pool,train,maximum_training_pool,True,True,finite_consistent,no_padding,4985
LH_145,145,train,maximum_training_pool,test,fixed_test,test,fixed_test,True,True,finite_consistent,no_padding,2118
LH_146,146,test,fixed_test,train,maximum_training_pool,test,fixed_test,True,True,finite_consistent,no_padding,6377
LH_147,147,train,maximum_training_pool,test,fixed_test,train,maximum_training_pool,True,True,finite_consistent,no_padding,4065
LH_148,148,train,maximum_training_pool,train,maximum_training_pool,train,maximum_training_pool,True,True,finite_consistent,no_padding,6339
LH_149,149,train,maximum_training_pool,test,fixed_test,train,maximum_training_pool,True,True,finite_consistent,no_padding,2377
LH_150,150,train,maximum_training_pool,train,maximum_training_pool,test,fixed_test,True,True,finite_consistent,no_padding,6647
LH_151,151,validation,fixed_validation,validation,fixed_validation,test,fixed_test,True,True,finite_consistent,no_padding,6491
LH_152,152,train,maximum_training_pool,validation,fixed_validation,test,fixed_test,True,True,finite_consistent,no_padding,6132
LH_153,153,train,maximum_training_pool,train,maximum_training_pool,train,maximum_training_pool,True,True,finite_consistent,no_padding,2820
LH_154,154,train,maximum_training_pool,train,maximum_training_pool,test,fixed_test,True,True,finite_consistent,no_padding,5673
LH_155,155,train,maximum_training_pool,train,maximum_training_pool,validation,fixed_validation,True,True,finite_consistent,no_padding,5649
LH_156,156,test,fixed_test,train,maximum_training_pool,test,fixed_test,True,True,finite_consistent,no_padding,1262
LH_157,157,train,maximum_training_pool,test,fixed_test,test,fixed_test,True,True,finite_consistent,no_padding,5382
LH_158,158,train,maximum_training_pool,train,maximum_training_pool,train,maximum_training_pool,True,True,finite_consistent,no_padding,5396
LH_159,159,test,fixed_test,train,maximum_training_pool,test,fixed_test,True,True,finite_consistent,no_padding,6024
LH_160,160,train,maximum_training_pool,train,maximum_training_pool,train,maximum_training_pool,True,True,finite_consistent,no_padding,6426
LH_161,161,test,fixed_test,train,maximum_training_pool,train,maximum_training_pool,True,True,finite_consistent,padding_required,350
LH_162,162,train,maximum_training_pool,test,fixed_test,train,maximum_training_pool,True,True,finite_consistent,no_padding,4234
LH_163,163,test,fixed_test,test,fixed_test,train,maximum_training_pool,True,True,finite_consistent,no_padding,3885
LH_164,164,train,maximum_training_pool,validation,fixed_validation,test,fixed_test,True,True,finite_consistent,no_padding,2825
LH_165,165,test,fixed_test,train,maximum_training_pool,train,maximum_training_pool,True,True,finite_consistent,no_padding,5071
LH_166,166,test,fixed_test,validation,fixed_validation,train,maximum_training_pool,True,True,finite_consistent,no_padding,1936
LH_167,167,test,fixed_test,test,fixed_test,train,maximum_training_pool,True,True,finite_consistent,no_padding,4412
LH_168,168,train,maximum_training_pool,train,maximum_training_pool,train,maximum_training_pool,True,True,finite_consistent,no_padding,1806
LH_169,169,test,fixed_test,train,maximum_training_pool,validation,fixed_validation,True,True,finite_consistent,no_padding,5770
LH_170,170,train,maximum_training_pool,test,fixed_test,train,maximum_training_pool,True,True,finite_consistent,no_padding,4483
LH_171,171,train,maximum_training_pool,train,maximum_training_pool,train,maximum_training_pool,True,True,finite_consistent,no_padding,5626
LH_172,172,train,maximum_training_pool,train,maximum_training_pool,train,maximum_training_pool,True,True,finite_consistent,no_padding,6284
LH_173,173,train,maximum_training_pool,train,maximum_training_pool,train,maximum_training_pool,True,True,finite_consistent,no_padding,5011
LH_174,174,train,maximum_training_pool,test,fixed_test,train,maximum_training_pool,True,True,finite_consistent,no_padding,4540
LH_175,175,test,fixed_test,validation,fixed_validation,train,maximum_training_pool,True,True,finite_consistent,no_padding,3449
LH_176,176,train,maximum_training_pool,validation,fixed_validation,test,fixed_test,True,True,finite_consistent,no_padding,5108
LH_177,177,train,maximum_training_pool,train,maximum_training_pool,test,fixed_test,True,True,finite_consistent,no_padding,4446
LH_178,178,train,maximum_training_pool,train,maximum_training_pool,train,maximum_training_pool,True,True,finite_consistent,no_padding,4974
LH_179,179,train,maximum_training_pool,train,maximum_training_pool,train,maximum_training_pool,True,True,finite_consistent,padding_required,989
LH_180,180,train,maximum_training_pool,train,maximum_training_pool,test,fixed_test,True,True,finite_consistent,no_padding,5447
LH_181,181,train,maximum_training_pool,test,fixed_test,validation,fixed_validation,True,True,finite_consistent,no_padding,6684
LH_182,182,test,fixed_test,train,maximum_training_pool,train,maximum_training_pool,True,True,finite_consistent,no_padding,4171
LH_183,183,train,maximum_training_pool,train,maximum_training_pool,train,maximum_training_pool,True,True,finite_consistent,no_padding,5361
LH_184,184,train,maximum_training_pool,train,maximum_training_pool,train,maximum_training_pool,True,True,finite_consistent,padding_required,417
LH_185,185,train,maximum_training_pool,test,fixed_test,train,maximum_training_pool,True,True,finite_consistent,no_padding,6383
LH_186,186,train,maximum_training_pool,train,maximum_training_pool,train,maximum_training_pool,True,True,finite_consistent,no_padding,1785
LH_187,187,train,maximum_training_pool,train,maximum_training_pool,test,fixed_test,True,True,finite_consistent,no_padding,5686
LH_188,188,train,maximum_training_pool,validation,fixed_validation,test,fixed_test,True,True,finite_consistent,no_padding,2494
LH_189,189,train,maximum_training_pool,train,maximum_training_pool,train,maximum_training_pool,True,True,finite_consistent,no_padding,3698
LH_190,190,train,maximum_training_pool,train,maximum_training_pool,validation,fixed_validation,True,True,finite_consistent,no_padding,5946
LH_191,191,train,maximum_training_pool,train,maximum_training_pool,train,maximum_training_pool,True,True,finite_consistent,no_padding,1512
LH_192,192,train,maximum_training_pool,validation,fixed_validation,validation,fixed_validation,True,True,finite_consistent,no_padding,5790
LH_193,193,train,maximum_training_pool,test,fixed_test,test,fixed_test,True,True,finite_consistent,no_padding,6800
LH_194,194,validation,fixed_validation,validation,fixed_validation,train,maximum_training_pool,True,True,finite_consistent,no_padding,6031
LH_195,195,train,maximum_training_pool,validation,fixed_validation,train,maximum_training_pool,True,True,finite_consistent,no_padding,5085
LH_196,196,test,fixed_test,train,maximum_training_pool,train,maximum_training_pool,True,True,finite_consistent,no_padding,6602
LH_197,197,train,maximum_training_pool,test,fixed_test,test,fixed_test,True,True,finite_consistent,no_padding,5371
LH_198,198,train,maximum_training_pool,validation,fixed_validation,test,fixed_test,True,True,finite_consistent,no_padding,3477
LH_199,199,validation,fixed_validation,train,maximum_training_pool,train,maximum_training_pool,True,True,finite_consistent,no_padding,6395
LH_200,200,train,maximum_training_pool,train,maximum_training_pool,test,fixed_test,True,True,finite_consistent,no_padding,2899
LH_201,201,train,maximum_training_pool,validation,fixed_validation,train,maximum_training_pool,True,True,finite_consistent,no_padding,6859
LH_202,202,train,maximum_training_pool,train,maximum_training_pool,test,fixed_test,True,True,finite_consistent,no_padding,5976
LH_203,203,test,fixed_test,train,maximum_training_pool,train,maximum_training_pool,True,True,finite_consistent,no_padding,6226
LH_204,204,train,maximum_training_pool,validation,fixed_validation,train,maximum_training_pool,True,True,finite_consistent,no_padding,4084
LH_205,205,test,fixed_test,train,maximum_training_pool,train,maximum_training_pool,True,True,finite_consistent,no_padding,5886
LH_206,206,train,maximum_training_pool,train,maximum_training_pool,train,maximum_training_pool,True,True,finite_consistent,no_padding,4928
LH_207,207,train,maximum_training_pool,train,maximum_training_pool,train,maximum_training_pool,True,True,finite_consistent,no_padding,3725
LH_208,208,validation,fixed_validation,test,fixed_test,train,maximum_training_pool,True,True,finite_consistent,no_padding,5637
LH_209,209,train,maximum_training_pool,train,maximum_training_pool,test,fixed_test,True,True,finite_consistent,no_padding,6338
LH_210,210,train,maximum_training_pool,train,maximum_training_pool,test,fixed_test,True,True,finite_consistent,no_padding,4889
LH_211,211,train,maximum_training_pool,test,fixed_test,test,fixed_test,True,True,finite_consistent,no_padding,5781
LH_212,212,train,maximum_training_pool,validation,fixed_validation,validation,fixed_validation,True,True,finite_consistent,no_padding,5103
LH_213,213,train,maximum_training_pool,train,maximum_training_pool,test,fixed_test,True,True,finite_consistent,no_padding,6417
LH_214,214,test,fixed_test,train,maximum_training_pool,validation,fixed_validation,True,True,finite_consistent,no_padding,5928
LH_215,215,train,maximum_training_pool,train,maximum_training_pool,train,maximum_training_pool,True,True,finite_consistent,no_padding,5715
LH_216,216,test,fixed_test,train,maximum_training_pool,test,fixed_test,True,True,finite_consistent,no_padding,5861
LH_217,217,test,fixed_test,train,maximum_training_pool,train,maximum_training_pool,True,True,finite_consistent,no_padding,1990
LH_218,218,train,maximum_training_pool,train,maximum_training_pool,test,fixed_test,True,True,finite_consistent,no_padding,5358
LH_219,219,validation,fixed_validation,train,maximum_training_pool,train,maximum_training_pool,True,True,finite_consistent,no_padding,5606
LH_220,220,test,fixed_test,train,maximum_training_pool,train,maximum_training_pool,True,True,finite_consistent,no_padding,6324
LH_221,221,train,maximum_training_pool,train,maximum_training_pool,train,maximum_training_pool,True,True,finite_consistent,no_padding,5965
LH_222,222,train,maximum_training_pool,train,maximum_training_pool,validation,fixed_validation,True,True,finite_consistent,no_padding,2472
LH_223,223,test,fixed_test,train,maximum_training_pool,train,maximum_training_pool,True,True,finite_consistent,no_padding,4783
LH_224,224,test,fixed_test,validation,fixed_validation,train,maximum_training_pool,True,True,finite_consistent,no_padding,5977
LH_225,225,test,fixed_test,train,maximum_training_pool,train,maximum_training_pool,True,True,finite_consistent,no_padding,3054
LH_226,226,validation,fixed_validation,train,maximum_training_pool,train,maximum_training_pool,True,True,finite_consistent,no_padding,3996
LH_227,227,train,maximum_training_pool,train,maximum_training_pool,train,maximum_training_pool,True,True,finite_consistent,no_padding,2641
LH_228,228,test,fixed_test,validation,fixed_validation,train,maximum_training_pool,True,True,finite_consistent,no_padding,6454
LH_229,229,train,maximum_training_pool,validation,fixed_validation,train,maximum_training_pool,True,True,finite_consistent,no_padding,1989
LH_230,230,test,fixed_test,test,fixed_test,test,fixed_test,True,True,finite_consistent,no_padding,1874
LH_231,231,train,maximum_training_pool,train,maximum_training_pool,train,maximum_training_pool,True,True,finite_consistent,no_padding,5561
LH_232,232,validation,fixed_validation,train,maximum_training_pool,test,fixed_test,True,True,finite_consistent,no_padding,4612
LH_233,233,test,fixed_test,validation,fixed_validation,test,fixed_test,True,True,finite_consistent,no_padding,3030
LH_234,234,test,fixed_test,test,fixed_test,test,fixed_test,True,True,finite_consistent,padding_required,580
LH_235,235,validation,fixed_validation,train,maximum_training_pool,train,maximum_training_pool,True,True,finite_consistent,no_padding,4629
LH_236,236,validation,fixed_validation,validation,fixed_validation,train,maximum_training_pool,True,True,finite_consistent,no_padding,2641
LH_237,237,train,maximum_training_pool,train,maximum_training_pool,test,fixed_test,True,True,finite_consistent,no_padding,4448
LH_238,238,test,fixed_test,test,fixed_test,train,maximum_training_pool,True,True,finite_consistent,no_padding,6325
LH_239,239,train,maximum_training_pool,train,maximum_training_pool,train,maximum_training_pool,True,True,finite_consistent,no_padding,5138
LH_240,240,train,maximum_training_pool,test,fixed_test,validation,fixed_validation,True,True,finite_consistent,no_padding,4716
LH_241,241,train,maximum_training_pool,train,maximum_training_pool,train,maximum_training_pool,True,True,finite_consistent,padding_required,649
LH_242,242,train,maximum_training_pool,train,maximum_training_pool,train,maximum_training_pool,True,True,finite_consistent,no_padding,5961
LH_243,243,validation,fixed_validation,train,maximum_training_pool,validation,fixed_validation,True,True,finite_consistent,no_padding,6314
LH_244,244,train,maximum_training_pool,train,maximum_training_pool,test,fixed_test,True,True,finite_consistent,no_padding,2223
LH_245,245,test,fixed_test,train,maximum_training_pool,train,maximum_training_pool,True,True,finite_consistent,no_padding,4385
LH_246,246,test,fixed_test,train,maximum_training_pool,test,fixed_test,True,True,finite_consistent,no_padding,2431
LH_247,247,train,maximum_training_pool,train,maximum_training_pool,train,maximum_training_pool,True,True,finite_consistent,no_padding,3886
LH_248,248,validation,fixed_validation,train,maximum_training_pool,train,maximum_training_pool,True,True,finite_consistent,no_padding,3303
LH_249,249,validation,fixed_validation,test,fixed_test,test,fixed_test,True,True,finite_consistent,no_padding,6350
LH_250,250,test,fixed_test,train,maximum_training_pool,test,fixed_test,True,True,finite_consistent,no_padding,2258
LH_251,251,train,maximum_training_pool,test,fixed_test,train,maximum_training_pool,True,True,finite_consistent,no_padding,6284
LH_252,252,test,fixed_test,train,maximum_training_pool,test,fixed_test,True,True,finite_consistent,no_padding,5947
LH_253,253,test,fixed_test,train,maximum_training_pool,train,maximum_training_pool,True,True,finite_consistent,no_padding,4219
LH_254,254,validation,fixed_validation,train,maximum_training_pool,test,fixed_test,True,True,finite_consistent,no_padding,4681
LH_255,255,train,maximum_training_pool,train,maximum_training_pool,validation,fixed_validation,True,True,finite_consistent,no_padding,5610
LH_256,256,train,maximum_training_pool,validation,fixed_validation,train,maximum_training_pool,True,True,finite_consistent,no_padding,6474
LH_257,257,test,fixed_test,validation,fixed_validation,train,maximum_training_pool,True,True,finite_consistent,no_padding,1006
LH_258,258,train,maximum_training_pool,train,maximum_training_pool,train,maximum_training_pool,True,True,finite_consistent,no_padding,1655
LH_259,259,train,maximum_training_pool,train,maximum_training_pool,validation,fixed_validation,True,True,finite_consistent,no_padding,3124
LH_260,260,train,maximum_training_pool,train,maximum_training_pool,train,maximum_training_pool,True,True,finite_consistent,no_padding,4815
LH_261,261,train,maximum_training_pool,train,maximum_training_pool,train,maximum_training_pool,True,True,finite_consistent,no_padding,3354
LH_262,262,train,maximum_training_pool,test,fixed_test,train,maximum_training_pool,True,True,finite_consistent,no_padding,3353
LH_263,263,train,maximum_training_pool,validation,fixed_validation,test,fixed_test,True,True,finite_consistent,no_padding,5872
LH_264,264,train,maximum_training_pool,train,maximum_training_pool,test,fixed_test,True,True,finite_consistent,no_padding,4833
LH_265,265,train,maximum_training_pool,train,maximum_training_pool,test,fixed_test,True,True,finite_consistent,no_padding,5073
LH_266,266,train,maximum_training_pool,train,maximum_training_pool,test,fixed_test,True,True,finite_consistent,no_padding,2731
LH_267,267,train,maximum_training_pool,train,maximum_training_pool,train,maximum_training_pool,True,True,finite_consistent,padding_required,233
LH_268,268,train,maximum_training_pool,test,fixed_test,test,fixed_test,True,True,finite_consistent,no_padding,6345
LH_269,269,test,fixed_test,train,maximum_training_pool,train,maximum_training_pool,True,True,finite_consistent,no_padding,6373
LH_270,270,test,fixed_test,test,fixed_test,train,maximum_training_pool,True,True,finite_consistent,padding_required,865
LH_271,271,test,fixed_test,test,fixed_test,validation,fixed_validation,True,True,finite_consistent,no_padding,6090
LH_272,272,train,maximum_training_pool,test,fixed_test,test,fixed_test,True,True,finite_consistent,no_padding,4266
LH_273,273,test,fixed_test,train,maximum_training_pool,train,maximum_training_pool,True,True,finite_consistent,no_padding,4444
LH_274,274,test,fixed_test,test,fixed_test,train,maximum_training_pool,True,True,finite_consistent,no_padding,5521
LH_275,275,train,maximum_training_pool,train,maximum_training_pool,test,fixed_test,True,True,finite_consistent,no_padding,4201
LH_276,276,test,fixed_test,train,maximum_training_pool,train,maximum_training_pool,True,True,finite_consistent,no_padding,6028
LH_277,277,validation,fixed_validation,train,maximum_training_pool,train,maximum_training_pool,True,True,finite_consistent,no_padding,6247
LH_278,278,train,maximum_training_pool,test,fixed_test,train,maximum_training_pool,True,True,finite_consistent,no_padding,2480
LH_279,279,train,maximum_training_pool,train,maximum_training_pool,validation,fixed_validation,True,True,finite_consistent,no_padding,5935
LH_280,280,train,maximum_training_pool,train,maximum_training_pool,train,maximum_training_pool,True,True,finite_consistent,no_padding,6165
LH_281,281,test,fixed_test,train,maximum_training_pool,test,fixed_test,True,True,finite_consistent,no_padding,5776
LH_282,282,train,maximum_training_pool,train,maximum_training_pool,test,fixed_test,True,True,finite_consistent,no_padding,6485
LH_283,283,train,maximum_training_pool,train,maximum_training_pool,test,fixed_test,True,True,finite_consistent,no_padding,5815
LH_284,284,test,fixed_test,train,maximum_training_pool,test,fixed_test,True,True,finite_consistent,no_padding,2863
LH_285,285,validation,fixed_validation,train,maximum_training_pool,train,maximum_training_pool,True,True,finite_consistent,no_padding,3967
LH_286,286,train,maximum_training_pool,validation,fixed_validation,test,fixed_test,True,True,finite_consistent,no_padding,6135
LH_287,287,train,maximum_training_pool,train,maximum_training_pool,train,maximum_training_pool,True,True,finite_consistent,no_padding,3831
LH_288,288,train,maximum_training_pool,validation,fixed_validation,train,maximum_training_pool,True,True,finite_consistent,no_padding,2485
LH_289,289,train,maximum_training_pool,train,maximum_training_pool,train,maximum_training_pool,True,True,finite_consistent,no_padding,5218
LH_290,290,train,maximum_training_pool,train,maximum_training_pool,test,fixed_test,True,True,finite_consistent,no_padding,6031
LH_291,291,train,maximum_training_pool,train,maximum_training_pool,train,maximum_training_pool,True,True,finite_consistent,no_padding,5803
LH_292,292,train,maximum_training_pool,validation,fixed_validation,train,maximum_training_pool,True,True,finite_consistent,no_padding,6346
LH_293,293,train,maximum_training_pool,validation,fixed_validation,train,maximum_training_pool,True,True,finite_consistent,no_padding,5314
LH_294,294,train,maximum_training_pool,test,fixed_test,validation,fixed_validation,True,True,finite_consistent,no_padding,1800
LH_295,295,train,maximum_training_pool,train,maximum_training_pool,train,maximum_training_pool,True,True,finite_consistent,padding_required,719
LH_296,296,test,fixed_test,train,maximum_training_pool,train,maximum_training_pool,True,True,finite_consistent,no_padding,5067
LH_297,297,train,maximum_training_pool,train,maximum_training_pool,train,maximum_training_pool,True,True,finite_consistent,no_padding,2566
LH_298,298,train,maximum_training_pool,test,fixed_test,train,maximum_training_pool,True,True,finite_consistent,no_padding,2279
LH_299,299,train,maximum_training_pool,train,maximum_training_pool,train,maximum_training_pool,True,True,finite_consistent,no_padding,3840
LH_300,300,test,fixed_test,validation,fixed_validation,train,maximum_training_pool,True,True,finite_consistent,no_padding,6009
LH_301,301,train,maximum_training_pool,train,maximum_training_pool,test,fixed_test,True,True,finite_consistent,no_padding,5020
LH_302,302,train,maximum_training_pool,train,maximum_training_pool,train,maximum_training_pool,True,True,finite_consistent,no_padding,3389
LH_303,303,train,maximum_training_pool,train,maximum_training_pool,train,maximum_training_pool,True,True,finite_consistent,padding_required,577
LH_304,304,train,maximum_training_pool,train,maximum_training_pool,test,fixed_test,True,True,finite_consistent,no_padding,1721
LH_305,305,test,fixed_test,train,maximum_training_pool,train,maximum_training_pool,True,True,finite_consistent,no_padding,6666
LH_306,306,train,maximum_training_pool,train,maximum_training_pool,train,maximum_training_pool,True,True,finite_consistent,no_padding,4730
LH_307,307,train,maximum_training_pool,train,maximum_training_pool,validation,fixed_validation,True,True,finite_consistent,no_padding,3701
LH_308,308,train,maximum_training_pool,train,maximum_training_pool,train,maximum_training_pool,True,True,finite_consistent,no_padding,6146
LH_309,309,train,maximum_training_pool,validation,fixed_validation,train,maximum_training_pool,True,True,finite_consistent,no_padding,3275
LH_310,310,train,maximum_training_pool,train,maximum_training_pool,train,maximum_training_pool,True,True,finite_consistent,no_padding,2691
LH_311,311,train,maximum_training_pool,test,fixed_test,train,maximum_training_pool,True,True,finite_consistent,padding_required,398
LH_312,312,train,maximum_training_pool,test,fixed_test,train,maximum_training_pool,True,True,finite_consistent,no_padding,4071
LH_313,313,train,maximum_training_pool,test,fixed_test,validation,fixed_validation,True,True,finite_consistent,no_padding,1132
LH_314,314,test,fixed_test,train,maximum_training_pool,test,fixed_test,True,True,finite_consistent,no_padding,1048
LH_315,315,train,maximum_training_pool,train,maximum_training_pool,train,maximum_training_pool,True,True,finite_consistent,no_padding,5927
LH_316,316,train,maximum_training_pool,train,maximum_training_pool,train,maximum_training_pool,True,True,finite_consistent,no_padding,3130
LH_317,317,train,maximum_training_pool,train,maximum_training_pool,train,maximum_training_pool,True,True,finite_consistent,no_padding,6404
LH_318,318,train,maximum_training_pool,train,maximum_training_pool,train,maximum_training_pool,True,True,finite_consistent,no_padding,6109
LH_319,319,test,fixed_test,train,maximum_training_pool,test,fixed_test,True,True,finite_consistent,no_padding,4812
LH_320,320,train,maximum_training_pool,train,maximum_training_pool,train,maximum_training_pool,True,True,finite_consistent,no_padding,6707
LH_321,321,train,maximum_training_pool,train,maximum_training_pool,train,maximum_training_pool,True,True,finite_consistent,no_padding,6314
LH_322,322,test,fixed_test,test,fixed_test,test,fixed_test,True,True,finite_consistent,padding_required,206
LH_323,323,test,fixed_test,test,fixed_test,train,maximum_training_pool,True,True,finite_consistent,no_padding,5769
LH_324,324,train,maximum_training_pool,validation,fixed_validation,validation,fixed_validation,True,True,finite_consistent,no_padding,2178
LH_325,325,train,maximum_training_pool,train,maximum_training_pool,test,fixed_test,True,True,finite_consistent,padding_required,182
LH_326,326,train,maximum_training_pool,train,maximum_training_pool,train,maximum_training_pool,True,True,finite_consistent,no_padding,3924
LH_327,327,train,maximum_training_pool,train,maximum_training_pool,test,fixed_test,True,True,finite_consistent,no_padding,3110
LH_328,328,train,maximum_training_pool,train,maximum_training_pool,train,maximum_training_pool,True,True,finite_consistent,no_padding,5926
LH_329,329,train,maximum_training_pool,test,fixed_test,train,maximum_training_pool,True,True,finite_consistent,no_padding,2401
LH_330,330,train,maximum_training_pool,test,fixed_test,train,maximum_training_pool,True,True,finite_consistent,no_padding,5744
LH_331,331,test,fixed_test,validation,fixed_validation,test,fixed_test,True,True,finite_consistent,no_padding,6109
LH_332,332,test,fixed_test,test,fixed_test,validation,fixed_validation,True,True,finite_consistent,no_padding,6100
LH_333,333,validation,fixed_validation,train,maximum_training_pool,test,fixed_test,True,True,finite_consistent,no_padding,6087
LH_334,334,train,maximum_training_pool,train,maximum_training_pool,train,maximum_training_pool,True,True,finite_consistent,no_padding,2410
LH_335,335,train,maximum_training_pool,train,maximum_training_pool,train,maximum_training_pool,True,True,finite_consistent,no_padding,3282
LH_336,336,train,maximum_training_pool,train,maximum_training_pool,validation,fixed_validation,True,True,finite_consistent,no_padding,6236
LH_337,337,train,maximum_training_pool,train,maximum_training_pool,validation,fixed_validation,True,True,finite_consistent,no_padding,6098
LH_338,338,validation,fixed_validation,train,maximum_training_pool,test,fixed_test,True,True,finite_consistent,no_padding,1798
LH_339,339,train,maximum_training_pool,train,maximum_training_pool,test,fixed_test,True,True,finite_consistent,no_padding,3292
LH_340,340,train,maximum_training_pool,test,fixed_test,train,maximum_training_pool,True,True,finite_consistent,no_padding,1631
LH_341,341,train,maximum_training_pool,test,fixed_test,train,maximum_training_pool,True,True,finite_consistent,no_padding,5836
LH_342,342,train,maximum_training_pool,test,fixed_test,test,fixed_test,True,True,finite_consistent,no_padding,1392
LH_343,343,train,maximum_training_pool,train,maximum_training_pool,train,maximum_training_pool,True,True,finite_consistent,no_padding,4998
LH_344,344,test,fixed_test,test,fixed_test,test,fixed_test,True,True,finite_consistent,no_padding,6022
LH_345,345,train,maximum_training_pool,test,fixed_test,train,maximum_training_pool,True,True,finite_consistent,no_padding,4038
LH_346,346,test,fixed_test,train,maximum_training_pool,train,maximum_training_pool,True,True,finite_consistent,no_padding,4263
LH_347,347,validation,fixed_validation,train,maximum_training_pool,train,maximum_training_pool,True,True,finite_consistent,no_padding,2593
LH_348,348,test,fixed_test,test,fixed_test,train,maximum_training_pool,True,True,finite_consistent,no_padding,6298
LH_349,349,train,maximum_training_pool,validation,fixed_validation,train,maximum_training_pool,True,True,finite_consistent,no_padding,4596
LH_350,350,train,maximum_training_pool,train,maximum_training_pool,validation,fixed_validation,True,True,finite_consistent,no_padding,5862
LH_351,351,train,maximum_training_pool,test,fixed_test,test,fixed_test,True,True,finite_consistent,no_padding,6120
LH_352,352,test,fixed_test,train,maximum_training_pool,test,fixed_test,True,True,finite_consistent,no_padding,6110
LH_353,353,train,maximum_training_pool,validation,fixed_validation,train,maximum_training_pool,True,True,finite_consistent,no_padding,6019
LH_354,354,train,maximum_training_pool,train,maximum_training_pool,train,maximum_training_pool,True,True,finite_consistent,no_padding,6487
LH_355,355,train,maximum_training_pool,train,maximum_training_pool,train,maximum_training_pool,True,True,finite_consistent,padding_required,778
LH_356,356,validation,fixed_validation,test,fixed_test,train,maximum_training_pool,True,True,finite_consistent,padding_required,918
LH_357,357,train,maximum_training_pool,test,fixed_test,train,maximum_training_pool,True,True,finite_consistent,no_padding,4738
LH_358,358,train,maximum_training_pool,train,maximum_training_pool,test,fixed_test,True,True,finite_consistent,no_padding,3373
LH_359,359,train,maximum_training_pool,train,maximum_training_pool,test,fixed_test,True,True,finite_consistent,no_padding,5794
LH_360,360,train,maximum_training_pool,test,fixed_test,train,maximum_training_pool,True,True,finite_consistent,no_padding,3311
LH_361,361,train,maximum_training_pool,validation,fixed_validation,test,fixed_test,True,True,finite_consistent,no_padding,5968
LH_362,362,validation,fixed_validation,train,maximum_training_pool,test,fixed_test,True,True,finite_consistent,no_padding,6265
LH_363,363,test,fixed_test,test,fixed_test,train,maximum_training_pool,True,True,finite_consistent,no_padding,6502
LH_364,364,train,maximum_training_pool,train,maximum_training_pool,train,maximum_training_pool,True,True,finite_consistent,no_padding,3834
LH_365,365,train,maximum_training_pool,train,maximum_training_pool,test,fixed_test,True,True,finite_consistent,no_padding,5845
LH_366,366,train,maximum_training_pool,train,maximum_training_pool,validation,fixed_validation,True,True,finite_consistent,no_padding,6000
LH_367,367,test,fixed_test,validation,fixed_validation,train,maximum_training_pool,True,True,finite_consistent,no_padding,4349
LH_368,368,train,maximum_training_pool,train,maximum_training_pool,validation,fixed_validation,True,True,finite_consistent,no_padding,6065
LH_369,369,train,maximum_training_pool,validation,fixed_validation,test,fixed_test,True,True,finite_consistent,no_padding,5922
LH_370,370,test,fixed_test,validation,fixed_validation,train,maximum_training_pool,True,True,finite_consistent,padding_required,821
LH_371,371,test,fixed_test,train,maximum_training_pool,train,maximum_training_pool,True,True,finite_consistent,no_padding,6525
LH_372,372,train,maximum_training_pool,test,fixed_test,test,fixed_test,True,True,finite_consistent,no_padding,5425
LH_373,373,test,fixed_test,train,maximum_training_pool,train,maximum_training_pool,True,True,finite_consistent,no_padding,3888
LH_374,374,validation,fixed_validation,train,maximum_training_pool,validation,fixed_validation,True,True,finite_consistent,no_padding,6366
LH_375,375,train,maximum_training_pool,train,maximum_training_pool,validation,fixed_validation,True,True,finite_consistent,no_padding,5750
LH_376,376,validation,fixed_validation,train,maximum_training_pool,test,fixed_test,True,True,finite_consistent,no_padding,3601
LH_377,377,train,maximum_training_pool,test,fixed_test,train,maximum_training_pool,True,True,finite_consistent,no_padding,4896
LH_378,378,train,maximum_training_pool,train,maximum_training_pool,test,fixed_test,True,True,finite_consistent,no_padding,3211
LH_379,379,test,fixed_test,train,maximum_training_pool,train,maximum_training_pool,True,True,finite_consistent,no_padding,2861
LH_380,380,train,maximum_training_pool,train,maximum_training_pool,test,fixed_test,True,True,finite_consistent,no_padding,6398
LH_381,381,train,maximum_training_pool,test,fixed_test,train,maximum_training_pool,True,True,finite_consistent,no_padding,6200
LH_382,382,test,fixed_test,train,maximum_training_pool,train,maximum_training_pool,True,True,finite_consistent,no_padding,4667
LH_383,383,train,maximum_training_pool,test,fixed_test,train,maximum_training_pool,True,True,finite_consistent,no_padding,6031
LH_384,384,train,maximum_training_pool,train,maximum_training_pool,test,fixed_test,True,True,finite_consistent,no_padding,2653
LH_385,385,validation,fixed_validation,validation,fixed_validation,train,maximum_training_pool,True,True,finite_consistent,no_padding,1402
LH_386,386,train,maximum_training_pool,test,fixed_test,train,maximum_training_pool,True,True,finite_consistent,no_padding,5027
LH_387,387,test,fixed_test,test,fixed_test,train,maximum_training_pool,True,True,finite_consistent,no_padding,6281
LH_388,388,test,fixed_test,test,fixed_test,train,maximum_training_pool,True,True,finite_consistent,no_padding,3890
LH_389,389,test,fixed_test,train,maximum_training_pool,train,maximum_training_pool,True,True,finite_consistent,no_padding,2116
LH_390,390,test,fixed_test,train,maximum_training_pool,train,maximum_training_pool,True,True,finite_consistent,no_padding,6280
LH_391,391,train,maximum_training_pool,validation,fixed_validation,test,fixed_test,True,True,finite_consistent,no_padding,5054
LH_392,392,train,maximum_training_pool,train,maximum_training_pool,test,fixed_test,True,True,finite_consistent,no_padding,2156
LH_393,393,train,maximum_training_pool,train,maximum_training_pool,train,maximum_training_pool,True,True,finite_consistent,no_padding,3855
LH_394,394,test,fixed_test,validation,fixed_validation,train,maximum_training_pool,True,True,finite_consistent,no_padding,3985
LH_395,395,train,maximum_training_pool,test,fixed_test,train,maximum_training_pool,True,True,finite_consistent,no_padding,5627
LH_396,396,train,maximum_training_pool,test,fixed_test,train,maximum_training_pool,True,True,finite_consistent,no_padding,6332
LH_397,397,train,maximum_training_pool,train,maximum_training_pool,train,maximum_training_pool,True,True,finite_consistent,padding_required,962
LH_398,398,train,maximum_training_pool,test,fixed_test,train,maximum_training_pool,True,True,finite_consistent,padding_required,476
LH_399,399,train,maximum_training_pool,train,maximum_training_pool,train,maximum_training_pool,True,True,finite_consistent,no_padding,5208
LH_400,400,train,maximum_training_pool,test,fixed_test,validation,fixed_validation,True,True,finite_consistent,no_padding,5827
LH_401,401,validation,fixed_validation,train,maximum_training_pool,train,maximum_training_pool,True,True,finite_consistent,no_padding,6266
LH_402,402,train,maximum_training_pool,train,maximum_training_pool,train,maximum_training_pool,True,True,finite_consistent,no_padding,5681
LH_403,403,train,maximum_training_pool,train,maximum_training_pool,train,maximum_training_pool,True,True,finite_consistent,no_padding,1147
LH_404,404,train,maximum_training_pool,train,maximum_training_pool,test,fixed_test,True,True,finite_consistent,no_padding,5632
LH_405,405,test,fixed_test,validation,fixed_validation,train,maximum_training_pool,True,True,finite_consistent,no_padding,4856
LH_406,406,train,maximum_training_pool,train,maximum_training_pool,train,maximum_training_pool,True,True,finite_consistent,no_padding,4914
LH_407,407,train,maximum_training_pool,test,fixed_test,test,fixed_test,True,True,finite_consistent,no_padding,6051
LH_408,408,test,fixed_test,train,maximum_training_pool,test,fixed_test,True,True,finite_consistent,no_padding,3217
LH_409,409,train,maximum_training_pool,train,maximum_training_pool,validation,fixed_validation,True,True,finite_consistent,no_padding,6200
LH_410,410,test,fixed_test,train,maximum_training_pool,test,fixed_test,True,True,finite_consistent,no_padding,5427
LH_411,411,train,maximum_training_pool,train,maximum_training_pool,train,maximum_training_pool,True,True,finite_consistent,no_padding,5808
LH_412,412,validation,fixed_validation,validation,fixed_validation,train,maximum_training_pool,True,True,finite_consistent,no_padding,2641
LH_413,413,validation,fixed_validation,test,fixed_test,train,maximum_training_pool,True,True,finite_consistent,no_padding,4364
LH_414,414,train,maximum_training_pool,train,maximum_training_pool,train,maximum_training_pool,True,True,finite_consistent,no_padding,3322
LH_415,415,train,maximum_training_pool,test,fixed_test,train,maximum_training_pool,True,True,finite_consistent,no_padding,5515
LH_416,416,validation,fixed_validation,train,maximum_training_pool,train,maximum_training_pool,True,True,finite_consistent,no_padding,4225
LH_417,417,train,maximum_training_pool,test,fixed_test,test,fixed_test,True,True,finite_consistent,no_padding,2373
LH_418,418,train,maximum_training_pool,train,maximum_training_pool,validation,fixed_validation,True,True,finite_consistent,padding_required,157
LH_419,419,train,maximum_training_pool,validation,fixed_validation,train,maximum_training_pool,True,True,finite_consistent,no_padding,5094
LH_420,420,validation,fixed_validation,validation,fixed_validation,train,maximum_training_pool,True,True,finite_consistent,no_padding,5707
LH_421,421,train,maximum_training_pool,train,maximum_training_pool,test,fixed_test,True,True,finite_consistent,no_padding,3904
LH_422,422,train,maximum_training_pool,train,maximum_training_pool,train,maximum_training_pool,True,True,finite_consistent,no_padding,6247
LH_423,423,train,maximum_training_pool,train,maximum_training_pool,train,maximum_training_pool,True,True,finite_consistent,no_padding,2363
LH_424,424,train,maximum_training_pool,test,fixed_test,train,maximum_training_pool,True,True,finite_consistent,no_padding,2276
LH_425,425,train,maximum_training_pool,train,maximum_training_pool,train,maximum_training_pool,True,True,finite_consistent,no_padding,6276
LH_426,426,train,maximum_training_pool,train,maximum_training_pool,train,maximum_training_pool,True,True,finite_consistent,no_padding,5152
LH_427,427,train,maximum_training_pool,train,maximum_training_pool,test,fixed_test,True,True,finite_consistent,no_padding,3529
LH_428,428,validation,fixed_validation,train,maximum_training_pool,test,fixed_test,True,True,finite_consistent,no_padding,6607
LH_429,429,test,fixed_test,test,fixed_test,train,maximum_training_pool,True,True,finite_consistent,no_padding,6678
LH_430,430,train,maximum_training_pool,test,fixed_test,train,maximum_training_pool,True,True,finite_consistent,no_padding,2278
LH_431,431,train,maximum_training_pool,train,maximum_training_pool,train,maximum_training_pool,True,True,finite_consistent,no_padding,5552
LH_432,432,test,fixed_test,train,maximum_training_pool,train,maximum_training_pool,True,True,finite_consistent,no_padding,5846
LH_433,433,test,fixed_test,train,maximum_training_pool,validation,fixed_validation,True,True,finite_consistent,no_padding,3405
LH_434,434,validation,fixed_validation,train,maximum_training_pool,train,maximum_training_pool,True,True,finite_consistent,no_padding,1560
LH_435,435,train,maximum_training_pool,train,maximum_training_pool,train,maximum_training_pool,True,True,finite_consistent,no_padding,5843
LH_436,436,train,maximum_training_pool,train,maximum_training_pool,train,maximum_training_pool,True,True,finite_consistent,no_padding,6404
LH_437,437,train,maximum_training_pool,train,maximum_training_pool,test,fixed_test,True,True,finite_consistent,no_padding,3942
LH_438,438,test,fixed_test,validation,fixed_validation,train,maximum_training_pool,True,True,finite_consistent,no_padding,3638
LH_439,439,train,maximum_training_pool,test,fixed_test,train,maximum_training_pool,True,True,finite_consistent,no_padding,5364
LH_440,440,train,maximum_training_pool,test,fixed_test,train,maximum_training_pool,True,True,finite_consistent,no_padding,1650
LH_441,441,validation,fixed_validation,train,maximum_training_pool,test,fixed_test,True,True,finite_consistent,no_padding,5721
LH_442,442,validation,fixed_validation,test,fixed_test,train,maximum_training_pool,True,True,finite_consistent,no_padding,6475
LH_443,443,train,maximum_training_pool,test,fixed_test,test,fixed_test,True,True,finite_consistent,no_padding,5590
LH_444,444,train,maximum_training_pool,test,fixed_test,test,fixed_test,True,True,finite_consistent,no_padding,3202
LH_445,445,test,fixed_test,train,maximum_training_pool,train,maximum_training_pool,True,True,finite_consistent,no_padding,4230
LH_446,446,train,maximum_training_pool,test,fixed_test,train,maximum_training_pool,True,True,finite_consistent,no_padding,2450
LH_447,447,validation,fixed_validation,train,maximum_training_pool,train,maximum_training_pool,True,True,finite_consistent,no_padding,1690
LH_448,448,test,fixed_test,train,maximum_training_pool,train,maximum_training_pool,True,True,finite_consistent,no_padding,3139
LH_449,449,train,maximum_training_pool,train,maximum_training_pool,train,maximum_training_pool,True,True,finite_consistent,no_padding,4852
LH_450,450,train,maximum_training_pool,train,maximum_training_pool,train,maximum_training_pool,True,True,finite_consistent,no_padding,4931
LH_451,451,train,maximum_training_pool,train,maximum_training_pool,train,maximum_training_pool,True,True,finite_consistent,no_padding,6573
LH_452,452,train,maximum_training_pool,train,maximum_training_pool,train,maximum_training_pool,True,True,finite_consistent,no_padding,4406
LH_453,453,train,maximum_training_pool,train,maximum_training_pool,test,fixed_test,True,True,finite_consistent,no_padding,4736
LH_454,454,train,maximum_training_pool,train,maximum_training_pool,test,fixed_test,True,True,finite_consistent,no_padding,1660
LH_455,455,train,maximum_training_pool,test,fixed_test,train,maximum_training_pool,True,True,finite_consistent,no_padding,3484
LH_456,456,train,maximum_training_pool,train,maximum_training_pool,train,maximum_training_pool,True,True,finite_consistent,no_padding,5433
LH_457,457,train,maximum_training_pool,train,maximum_training_pool,test,fixed_test,True,True,finite_consistent,no_padding,4614
LH_458,458,train,maximum_training_pool,train,maximum_training_pool,train,maximum_training_pool,True,True,finite_consistent,no_padding,3761
LH_459,459,test,fixed_test,test,fixed_test,train,maximum_training_pool,True,True,finite_consistent,no_padding,4426
LH_460,460,train,maximum_training_pool,test,fixed_test,train,maximum_training_pool,True,True,finite_consistent,padding_required,564
LH_461,461,train,maximum_training_pool,test,fixed_test,test,fixed_test,True,True,finite_consistent,no_padding,4559
LH_462,462,test,fixed_test,train,maximum_training_pool,train,maximum_training_pool,True,True,finite_consistent,no_padding,6490
LH_463,463,train,maximum_training_pool,train,maximum_training_pool,train,maximum_training_pool,True,True,finite_consistent,no_padding,3213
LH_464,464,test,fixed_test,train,maximum_training_pool,test,fixed_test,True,True,finite_consistent,no_padding,4528
LH_465,465,train,maximum_training_pool,test,fixed_test,train,maximum_training_pool,True,True,finite_consistent,no_padding,5313
LH_466,466,train,maximum_training_pool,train,maximum_training_pool,train,maximum_training_pool,True,True,finite_consistent,no_padding,6263
LH_467,467,train,maximum_training_pool,test,fixed_test,test,fixed_test,True,True,finite_consistent,no_padding,1908
LH_468,468,train,maximum_training_pool,train,maximum_training_pool,train,maximum_training_pool,True,True,finite_consistent,no_padding,4642
LH_469,469,test,fixed_test,train,maximum_training_pool,validation,fixed_validation,True,True,finite_consistent,no_padding,4311
LH_470,470,test,fixed_test,train,maximum_training_pool,validation,fixed_validation,True,True,finite_consistent,no_padding,5009
LH_471,471,validation,fixed_validation,validation,fixed_validation,test,fixed_test,True,True,finite_consistent,no_padding,6054
LH_472,472,validation,fixed_validation,test,fixed_test,train,maximum_training_pool,True,True,finite_consistent,no_padding,6224
LH_473,473,test,fixed_test,validation,fixed_validation,train,maximum_training_pool,True,True,finite_consistent,no_padding,5745
LH_474,474,validation,fixed_validation,train,maximum_training_pool,train,maximum_training_pool,True,True,finite_consistent,no_padding,5659
LH_475,475,train,maximum_training_pool,train,maximum_training_pool,train,maximum_training_pool,True,True,finite_consistent,no_padding,3743
LH_476,476,train,maximum_training_pool,train,maximum_training_pool,train,maximum_training_pool,True,True,finite_consistent,no_padding,3158
LH_477,477,train,maximum_training_pool,train,maximum_training_pool,validation,fixed_validation,True,True,finite_consistent,no_padding,6033
LH_478,478,validation,fixed_validation,train,maximum_training_pool,train,maximum_training_pool,True,True,finite_consistent,no_padding,6613
LH_479,479,test,fixed_test,train,maximum_training_pool,train,maximum_training_pool,True,True,finite_consistent,no_padding,5185
LH_480,480,train,maximum_training_pool,test,fixed_test,train,maximum_training_pool,True,True,finite_consistent,no_padding,5044
LH_481,481,train,maximum_training_pool,train,maximum_training_pool,train,maximum_training_pool,True,True,finite_consistent,no_padding,1168
LH_482,482,train,maximum_training_pool,train,maximum_training_pool,train,maximum_training_pool,True,True,finite_consistent,no_padding,5839
LH_483,483,train,maximum_training_pool,test,fixed_test,validation,fixed_validation,True,True,finite_consistent,no_padding,6551
LH_484,484,validation,fixed_validation,train,maximum_training_pool,train,maximum_training_pool,True,True,finite_consistent,no_padding,3109
LH_485,485,train,maximum_training_pool,train,maximum_training_pool,train,maximum_training_pool,True,True,finite_consistent,no_padding,2954
LH_486,486,test,fixed_test,train,maximum_training_pool,test,fixed_test,True,True,finite_consistent,no_padding,4408
LH_487,487,train,maximum_training_pool,train,maximum_training_pool,validation,fixed_validation,True,True,finite_consistent,no_padding,2838
LH_488,488,train,maximum_training_pool,test,fixed_test,train,maximum_training_pool,True,True,finite_consistent,no_padding,5357
LH_489,489,train,maximum_training_pool,train,maximum_training_pool,test,fixed_test,True,True,finite_consistent,no_padding,3665
LH_490,490,train,maximum_training_pool,train,maximum_training_pool,train,maximum_training_pool,True,True,finite_consistent,no_padding,4038
LH_491,491,train,maximum_training_pool,train,maximum_training_pool,train,maximum_training_pool,True,True,finite_consistent,no_padding,5671
LH_492,492,train,maximum_training_pool,train,maximum_training_pool,train,maximum_training_pool,True,True,finite_consistent,padding_required,361
LH_493,493,train,maximum_training_pool,validation,fixed_validation,train,maximum_training_pool,True,True,finite_consistent,no_padding,2947
LH_494,494,train,maximum_training_pool,test,fixed_test,train,maximum_training_pool,True,True,finite_consistent,no_padding,6495
LH_495,495,train,maximum_training_pool,test,fixed_test,validation,fixed_validation,True,True,finite_consistent,no_padding,3100
LH_496,496,train,maximum_training_pool,train,maximum_training_pool,train,maximum_training_pool,True,True,finite_consistent,no_padding,5498
LH_497,497,test,fixed_test,test,fixed_test,train,maximum_training_pool,True,True,finite_consistent,no_padding,4530
LH_498,498,train,maximum_training_pool,test,fixed_test,train,maximum_training_pool,True,True,finite_consistent,no_padding,4312
LH_499,499,train,maximum_training_pool,train,maximum_training_pool,train,maximum_training_pool,True,True,finite_consistent,no_padding,1788
LH_500,500,test,fixed_test,validation,fixed_validation,validation,fixed_validation,True,True,finite_consistent,padding_required,422
LH_501,501,train,maximum_training_pool,train,maximum_training_pool,train,maximum_training_pool,True,True,finite_consistent,no_padding,3180
LH_502,502,train,maximum_training_pool,train,maximum_training_pool,validation,fixed_validation,True,True,finite_consistent,no_padding,5140
LH_503,503,train,maximum_training_pool,train,maximum_training_pool,validation,fixed_validation,True,True,finite_consistent,no_padding,6341
LH_504,504,train,maximum_training_pool,validation,fixed_validation,train,maximum_training_pool,True,True,finite_consistent,no_padding,6482
LH_505,505,test,fixed_test,train,maximum_training_pool,train,maximum_training_pool,True,True,finite_consistent,no_padding,6181
LH_506,506,train,maximum_training_pool,test,fixed_test,train,maximum_training_pool,True,True,finite_consistent,no_padding,5919
LH_507,507,train,maximum_training_pool,train,maximum_training_pool,test,fixed_test,True,True,finite_consistent,no_padding,6077
LH_508,508,train,maximum_training_pool,train,maximum_training_pool,train,maximum_training_pool,True,True,finite_consistent,no_padding,3515
LH_509,509,validation,fixed_validation,train,maximum_training_pool,train,maximum_training_pool,True,True,finite_consistent,no_padding,6381
LH_510,510,train,maximum_training_pool,train,maximum_training_pool,validation,fixed_validation,True,True,finite_consistent,no_padding,5276
LH_511,511,test,fixed_test,train,maximum_training_pool,train,maximum_training_pool,True,True,finite_consistent,no_padding,1238
LH_512,512,test,fixed_test,test,fixed_test,train,maximum_training_pool,True,True,finite_consistent,no_padding,5745
LH_513,513,train,maximum_training_pool,test,fixed_test,train,maximum_training_pool,True,True,finite_consistent,no_padding,4781
LH_514,514,train,maximum_training_pool,train,maximum_training_pool,test,fixed_test,True,True,finite_consistent,no_padding,5541
LH_515,515,validation,fixed_validation,validation,fixed_validation,train,maximum_training_pool,True,True,finite_consistent,no_padding,5275
LH_516,516,train,maximum_training_pool,train,maximum_training_pool,train,maximum_training_pool,True,True,finite_consistent,no_padding,5713
LH_517,517,test,fixed_test,validation,fixed_validation,test,fixed_test,True,True,finite_consistent,no_padding,3531
LH_518,518,train,maximum_training_pool,test,fixed_test,train,maximum_training_pool,True,True,finite_consistent,no_padding,3388
LH_519,519,test,fixed_test,train,maximum_training_pool,test,fixed_test,True,True,finite_consistent,no_padding,5974
LH_520,520,train,maximum_training_pool,train,maximum_training_pool,train,maximum_training_pool,True,True,finite_consistent,no_padding,4605
LH_521,521,test,fixed_test,train,maximum_training_pool,train,maximum_training_pool,True,True,finite_consistent,no_padding,5690
LH_522,522,train,maximum_training_pool,test,fixed_test,test,fixed_test,True,True,finite_consistent,padding_required,235
LH_523,523,train,maximum_training_pool,validation,fixed_validation,train,maximum_training_pool,True,True,finite_consistent,no_padding,6070
LH_524,524,train,maximum_training_pool,validation,fixed_validation,train,maximum_training_pool,True,True,finite_consistent,no_padding,6368
LH_525,525,validation,fixed_validation,test,fixed_test,train,maximum_training_pool,True,True,finite_consistent,no_padding,4835
LH_526,526,validation,fixed_validation,train,maximum_training_pool,test,fixed_test,True,True,finite_consistent,no_padding,2389
LH_527,527,train,maximum_training_pool,test,fixed_test,train,maximum_training_pool,True,True,finite_consistent,no_padding,5849
LH_528,528,validation,fixed_validation,train,maximum_training_pool,test,fixed_test,True,True,finite_consistent,no_padding,4381
LH_529,529,test,fixed_test,test,fixed_test,test,fixed_test,True,True,finite_consistent,no_padding,6465
LH_530,530,train,maximum_training_pool,train,maximum_training_pool,train,maximum_training_pool,True,True,finite_consistent,no_padding,4324
LH_531,531,validation,fixed_validation,test,fixed_test,validation,fixed_validation,True,True,finite_consistent,no_padding,1966
LH_532,532,validation,fixed_validation,validation,fixed_validation,test,fixed_test,True,True,finite_consistent,no_padding,2117
LH_533,533,validation,fixed_validation,test,fixed_test,train,maximum_training_pool,True,True,finite_consistent,no_padding,6082
LH_534,534,train,maximum_training_pool,test,fixed_test,train,maximum_training_pool,True,True,finite_consistent,no_padding,3076
LH_535,535,train,maximum_training_pool,train,maximum_training_pool,validation,fixed_validation,True,True,finite_consistent,no_padding,3898
LH_536,536,train,maximum_training_pool,train,maximum_training_pool,train,maximum_training_pool,True,True,finite_consistent,no_padding,6573
LH_537,537,train,maximum_training_pool,train,maximum_training_pool,train,maximum_training_pool,True,True,finite_consistent,no_padding,4823
LH_538,538,train,maximum_training_pool,train,maximum_training_pool,train,maximum_training_pool,True,True,finite_consistent,no_padding,6596
LH_539,539,train,maximum_training_pool,test,fixed_test,train,maximum_training_pool,True,True,finite_consistent,no_padding,4514
LH_540,540,test,fixed_test,train,maximum_training_pool,test,fixed_test,True,True,finite_consistent,no_padding,5914
LH_541,541,test,fixed_test,validation,fixed_validation,test,fixed_test,True,True,finite_consistent,no_padding,6348
LH_542,542,train,maximum_training_pool,train,maximum_training_pool,train,maximum_training_pool,True,True,finite_consistent,no_padding,4840
LH_543,543,test,fixed_test,train,maximum_training_pool,test,fixed_test,True,True,finite_consistent,no_padding,5416
LH_544,544,train,maximum_training_pool,test,fixed_test,test,fixed_test,True,True,finite_consistent,no_padding,3728
LH_545,545,test,fixed_test,train,maximum_training_pool,validation,fixed_validation,True,True,finite_consistent,no_padding,2533
LH_546,546,test,fixed_test,train,maximum_training_pool,train,maximum_training_pool,True,True,finite_consistent,no_padding,5842
LH_547,547,train,maximum_training_pool,test,fixed_test,validation,fixed_validation,True,True,finite_consistent,no_padding,3008
LH_548,548,train,maximum_training_pool,test,fixed_test,train,maximum_training_pool,True,True,finite_consistent,no_padding,1743
LH_549,549,test,fixed_test,test,fixed_test,validation,fixed_validation,True,True,finite_consistent,no_padding,6586
LH_550,550,train,maximum_training_pool,test,fixed_test,train,maximum_training_pool,True,True,finite_consistent,no_padding,5380
LH_551,551,test,fixed_test,test,fixed_test,train,maximum_training_pool,True,True,finite_consistent,no_padding,5223
LH_552,552,test,fixed_test,train,maximum_training_pool,test,fixed_test,True,True,finite_consistent,no_padding,2400
LH_553,553,train,maximum_training_pool,train,maximum_training_pool,train,maximum_training_pool,True,True,finite_consistent,no_padding,6304
LH_554,554,train,maximum_training_pool,train,maximum_training_pool,train,maximum_training_pool,True,True,finite_consistent,no_padding,5116
LH_555,555,validation,fixed_validation,train,maximum_training_pool,train,maximum_training_pool,True,True,finite_consistent,no_padding,5246
LH_556,556,train,maximum_training_pool,train,maximum_training_pool,validation,fixed_validation,True,True,finite_consistent,no_padding,4731
LH_557,557,train,maximum_training_pool,test,fixed_test,test,fixed_test,True,True,finite_consistent,no_padding,6242
LH_558,558,test,fixed_test,test,fixed_test,test,fixed_test,True,True,finite_consistent,no_padding,5268
LH_559,559,train,maximum_training_pool,test,fixed_test,test,fixed_test,True,True,finite_consistent,no_padding,6092
LH_560,560,train,maximum_training_pool,train,maximum_training_pool,train,maximum_training_pool,True,True,finite_consistent,no_padding,2055
LH_561,561,validation,fixed_validation,train,maximum_training_pool,test,fixed_test,True,True,finite_consistent,no_padding,6804
LH_562,562,test,fixed_test,validation,fixed_validation,validation,fixed_validation,True,True,finite_consistent,padding_required,620
LH_563,563,validation,fixed_validation,validation,fixed_validation,train,maximum_training_pool,True,True,finite_consistent,no_padding,6329
LH_564,564,validation,fixed_validation,train,maximum_training_pool,train,maximum_training_pool,True,True,finite_consistent,no_padding,6231
LH_565,565,test,fixed_test,validation,fixed_validation,test,fixed_test,True,True,finite_consistent,no_padding,6103
LH_566,566,test,fixed_test,validation,fixed_validation,validation,fixed_validation,True,True,finite_consistent,no_padding,4065
LH_567,567,train,maximum_training_pool,test,fixed_test,test,fixed_test,True,True,finite_consistent,no_padding,3593
LH_568,568,train,maximum_training_pool,validation,fixed_validation,train,maximum_training_pool,True,True,finite_consistent,no_padding,5249
LH_569,569,train,maximum_training_pool,train,maximum_training_pool,train,maximum_training_pool,True,True,finite_consistent,no_padding,3392
LH_570,570,test,fixed_test,validation,fixed_validation,test,fixed_test,True,True,finite_consistent,no_padding,1261
LH_571,571,train,maximum_training_pool,train,maximum_training_pool,test,fixed_test,True,True,finite_consistent,no_padding,5585
LH_572,572,validation,fixed_validation,train,maximum_training_pool,test,fixed_test,True,True,finite_consistent,no_padding,5586
LH_573,573,train,maximum_training_pool,train,maximum_training_pool,train,maximum_training_pool,True,True,finite_consistent,no_padding,5888
LH_574,574,test,fixed_test,test,fixed_test,train,maximum_training_pool,True,True,finite_consistent,no_padding,5364
LH_575,575,train,maximum_training_pool,test,fixed_test,train,maximum_training_pool,True,True,finite_consistent,no_padding,5633
LH_576,576,train,maximum_training_pool,train,maximum_training_pool,test,fixed_test,True,True,finite_consistent,no_padding,1988
LH_577,577,validation,fixed_validation,validation,fixed_validation,test,fixed_test,True,True,finite_consistent,no_padding,1578
LH_578,578,train,maximum_training_pool,test,fixed_test,validation,fixed_validation,True,True,finite_consistent,no_padding,6561
LH_579,579,train,maximum_training_pool,train,maximum_training_pool,train,maximum_training_pool,True,True,finite_consistent,no_padding,6089
LH_580,580,test,fixed_test,train,maximum_training_pool,train,maximum_training_pool,True,True,finite_consistent,no_padding,2551
LH_581,581,train,maximum_training_pool,train,maximum_training_pool,validation,fixed_validation,True,True,finite_consistent,no_padding,6231
LH_582,582,train,maximum_training_pool,train,maximum_training_pool,train,maximum_training_pool,True,True,finite_consistent,no_padding,2582
LH_583,583,train,maximum_training_pool,train,maximum_training_pool,test,fixed_test,True,True,finite_consistent,no_padding,5769
LH_584,584,train,maximum_training_pool,test,fixed_test,test,fixed_test,True,True,finite_consistent,no_padding,3490
LH_585,585,train,maximum_training_pool,train,maximum_training_pool,validation,fixed_validation,True,True,finite_consistent,no_padding,5078
LH_586,586,train,maximum_training_pool,test,fixed_test,test,fixed_test,True,True,finite_consistent,no_padding,2969
LH_587,587,train,maximum_training_pool,test,fixed_test,test,fixed_test,True,True,finite_consistent,no_padding,5149
LH_588,588,test,fixed_test,test,fixed_test,validation,fixed_validation,True,True,finite_consistent,no_padding,3934
LH_589,589,train,maximum_training_pool,train,maximum_training_pool,validation,fixed_validation,True,True,finite_consistent,no_padding,4321
LH_590,590,test,fixed_test,train,maximum_training_pool,validation,fixed_validation,True,True,finite_consistent,no_padding,6078
LH_591,591,test,fixed_test,train,maximum_training_pool,test,fixed_test,True,True,finite_consistent,no_padding,5896
LH_592,592,train,maximum_training_pool,train,maximum_training_pool,train,maximum_training_pool,True,True,finite_consistent,no_padding,6295
LH_593,593,train,maximum_training_pool,train,maximum_training_pool,train,maximum_training_pool,True,True,finite_consistent,no_padding,4084
LH_594,594,train,maximum_training_pool,train,maximum_training_pool,train,maximum_training_pool,True,True,finite_consistent,no_padding,2403
LH_595,595,train,maximum_training_pool,train,maximum_training_pool,validation,fixed_validation,True,True,finite_consistent,no_padding,6769
LH_596,596,test,fixed_test,train,maximum_training_pool,test,fixed_test,True,True,finite_consistent,no_padding,5545
LH_597,597,test,fixed_test,train,maximum_training_pool,train,maximum_training_pool,True,True,finite_consistent,no_padding,5682
LH_598,598,test,fixed_test,train,maximum_training_pool,train,maximum_training_pool,True,True,finite_consistent,no_padding,5479
LH_599,599,train,maximum_training_pool,train,maximum_training_pool,train,maximum_training_pool,True,True,finite_consistent,no_padding,1564
LH_600,600,train,maximum_training_pool,test,fixed_test,test,fixed_test,True,True,finite_consistent,no_padding,4607
LH_601,601,train,maximum_training_pool,train,maximum_training_pool,test,fixed_test,True,True,finite_consistent,no_padding,2891
LH_602,602,train,maximum_training_pool,train,maximum_training_pool,test,fixed_test,True,True,finite_consistent,no_padding,3348
LH_603,603,test,fixed_test,train,maximum_training_pool,test,fixed_test,True,True,finite_consistent,no_padding,3033
LH_604,604,test,fixed_test,train,maximum_training_pool,train,maximum_training_pool,True,True,finite_consistent,no_padding,1069
LH_605,605,test,fixed_test,train,maximum_training_pool,train,maximum_training_pool,True,True,finite_consistent,padding_required,541
LH_606,606,train,maximum_training_pool,validation,fixed_validation,train,maximum_training_pool,True,True,finite_consistent,no_padding,2848
LH_607,607,train,maximum_training_pool,train,maximum_training_pool,train,maximum_training_pool,True,True,finite_consistent,no_padding,5818
LH_608,608,train,maximum_training_pool,train,maximum_training_pool,train,maximum_training_pool,True,True,finite_consistent,no_padding,3665
LH_609,609,train,maximum_training_pool,train,maximum_training_pool,test,fixed_test,True,True,finite_consistent,no_padding,4331
LH_610,610,test,fixed_test,test,fixed_test,train,maximum_training_pool,True,True,finite_consistent,no_padding,6100
LH_611,611,train,maximum_training_pool,test,fixed_test,train,maximum_training_pool,True,True,finite_consistent,no_padding,5088
LH_612,612,train,maximum_training_pool,train,maximum_training_pool,validation,fixed_validation,True,True,finite_consistent,no_padding,6507
LH_613,613,train,maximum_training_pool,train,maximum_training_pool,train,maximum_training_pool,True,True,finite_consistent,no_padding,5744
LH_614,614,train,maximum_training_pool,train,maximum_training_pool,test,fixed_test,True,True,finite_consistent,no_padding,4276
LH_615,615,train,maximum_training_pool,train,maximum_training_pool,train,maximum_training_pool,True,True,finite_consistent,no_padding,2341
LH_616,616,test,fixed_test,train,maximum_training_pool,train,maximum_training_pool,True,True,finite_consistent,padding_required,415
LH_617,617,train,maximum_training_pool,train,maximum_training_pool,validation,fixed_validation,True,True,finite_consistent,no_padding,5515
LH_618,618,test,fixed_test,train,maximum_training_pool,test,fixed_test,True,True,finite_consistent,no_padding,3694
LH_619,619,test,fixed_test,train,maximum_training_pool,train,maximum_training_pool,True,True,finite_consistent,no_padding,5026
LH_620,620,train,maximum_training_pool,train,maximum_training_pool,test,fixed_test,True,True,finite_consistent,no_padding,6264
LH_621,621,train,maximum_training_pool,train,maximum_training_pool,train,maximum_training_pool,True,True,finite_consistent,no_padding,3522
LH_622,622,test,fixed_test,train,maximum_training_pool,train,maximum_training_pool,True,True,finite_consistent,padding_required,988
LH_623,623,test,fixed_test,test,fixed_test,train,maximum_training_pool,True,True,finite_consistent,no_padding,3791
LH_624,624,train,maximum_training_pool,train,maximum_training_pool,train,maximum_training_pool,True,True,finite_consistent,no_padding,6457
LH_625,625,validation,fixed_validation,train,maximum_training_pool,train,maximum_training_pool,True,True,finite_consistent,padding_required,729
LH_626,626,train,maximum_training_pool,train,maximum_training_pool,test,fixed_test,True,True,finite_consistent,no_padding,6174
LH_627,627,train,maximum_training_pool,train,maximum_training_pool,test,fixed_test,True,True,finite_consistent,no_padding,6828
LH_628,628,train,maximum_training_pool,validation,fixed_validation,train,maximum_training_pool,True,True,finite_consistent,no_padding,6112
LH_629,629,train,maximum_training_pool,train,maximum_training_pool,test,fixed_test,True,True,finite_consistent,padding_required,784
LH_630,630,train,maximum_training_pool,test,fixed_test,train,maximum_training_pool,True,True,finite_consistent,no_padding,6426
LH_631,631,test,fixed_test,train,maximum_training_pool,train,maximum_training_pool,True,True,finite_consistent,no_padding,1719
LH_632,632,train,maximum_training_pool,train,maximum_training_pool,train,maximum_training_pool,True,True,finite_consistent,no_padding,3413
LH_633,633,test,fixed_test,test,fixed_test,train,maximum_training_pool,True,True,finite_consistent,no_padding,5593
LH_634,634,validation,fixed_validation,train,maximum_training_pool,train,maximum_training_pool,True,True,finite_consistent,no_padding,4144
LH_635,635,test,fixed_test,train,maximum_training_pool,train,maximum_training_pool,True,True,finite_consistent,no_padding,2119
LH_636,636,train,maximum_training_pool,train,maximum_training_pool,train,maximum_training_pool,True,True,finite_consistent,no_padding,5880
LH_637,637,validation,fixed_validation,train,maximum_training_pool,train,maximum_training_pool,True,True,finite_consistent,no_padding,5728
LH_638,638,train,maximum_training_pool,train,maximum_training_pool,test,fixed_test,True,True,finite_consistent,no_padding,3542
LH_639,639,validation,fixed_validation,train,maximum_training_pool,train,maximum_training_pool,True,True,finite_consistent,no_padding,5677
LH_640,640,test,fixed_test,train,maximum_training_pool,train,maximum_training_pool,True,True,finite_consistent,no_padding,6392
LH_641,641,validation,fixed_validation,train,maximum_training_pool,train,maximum_training_pool,True,True,finite_consistent,no_padding,1785
LH_642,642,train,maximum_training_pool,validation,fixed_validation,test,fixed_test,True,True,finite_consistent,no_padding,6685
LH_643,643,test,fixed_test,test,fixed_test,test,fixed_test,True,True,finite_consistent,no_padding,5975
LH_644,644,train,maximum_training_pool,train,maximum_training_pool,train,maximum_training_pool,True,True,finite_consistent,no_padding,3395
LH_645,645,train,maximum_training_pool,test,fixed_test,test,fixed_test,True,True,finite_consistent,no_padding,5479
LH_646,646,train,maximum_training_pool,validation,fixed_validation,train,maximum_training_pool,True,True,finite_consistent,no_padding,6324
LH_647,647,train,maximum_training_pool,validation,fixed_validation,train,maximum_training_pool,True,True,finite_consistent,padding_required,333
LH_648,648,test,fixed_test,validation,fixed_validation,train,maximum_training_pool,True,True,finite_consistent,no_padding,4883
LH_649,649,train,maximum_training_pool,validation,fixed_validation,train,maximum_training_pool,True,True,finite_consistent,no_padding,6387
LH_650,650,test,fixed_test,validation,fixed_validation,validation,fixed_validation,True,True,finite_consistent,no_padding,4246
LH_651,651,train,maximum_training_pool,train,maximum_training_pool,test,fixed_test,True,True,finite_consistent,no_padding,4929
LH_652,652,train,maximum_training_pool,validation,fixed_validation,train,maximum_training_pool,True,True,finite_consistent,no_padding,4840
LH_653,653,validation,fixed_validation,test,fixed_test,test,fixed_test,True,True,finite_consistent,no_padding,5556
LH_654,654,test,fixed_test,test,fixed_test,test,fixed_test,True,True,finite_consistent,no_padding,6063
LH_655,655,test,fixed_test,train,maximum_training_pool,validation,fixed_validation,True,True,finite_consistent,no_padding,6412
LH_656,656,train,maximum_training_pool,test,fixed_test,train,maximum_training_pool,True,True,finite_consistent,no_padding,6345
LH_657,657,test,fixed_test,train,maximum_training_pool,train,maximum_training_pool,True,True,finite_consistent,no_padding,5794
LH_658,658,train,maximum_training_pool,train,maximum_training_pool,test,fixed_test,True,True,finite_consistent,no_padding,6438
LH_659,659,train,maximum_training_pool,train,maximum_training_pool,train,maximum_training_pool,True,True,finite_consistent,padding_required,682
LH_660,660,validation,fixed_validation,test,fixed_test,train,maximum_training_pool,True,True,finite_consistent,no_padding,6163
LH_661,661,train,maximum_training_pool,test,fixed_test,test,fixed_test,True,True,finite_consistent,no_padding,6801
LH_662,662,train,maximum_training_pool,train,maximum_training_pool,train,maximum_training_pool,True,True,finite_consistent,no_padding,4689
LH_663,663,test,fixed_test,train,maximum_training_pool,train,maximum_training_pool,True,True,finite_consistent,no_padding,3903
LH_664,664,train,maximum_training_pool,train,maximum_training_pool,train,maximum_training_pool,True,True,finite_consistent,no_padding,1796
LH_665,665,test,fixed_test,train,maximum_training_pool,train,maximum_training_pool,True,True,finite_consistent,no_padding,5704
LH_666,666,train,maximum_training_pool,test,fixed_test,train,maximum_training_pool,True,True,finite_consistent,no_padding,5892
LH_667,667,train,maximum_training_pool,test,fixed_test,train,maximum_training_pool,True,True,finite_consistent,no_padding,3149
LH_668,668,train,maximum_training_pool,test,fixed_test,train,maximum_training_pool,True,True,finite_consistent,no_padding,5879
LH_669,669,train,maximum_training_pool,train,maximum_training_pool,test,fixed_test,True,True,finite_consistent,no_padding,2624
LH_670,670,train,maximum_training_pool,train,maximum_training_pool,test,fixed_test,True,True,finite_consistent,no_padding,5098
LH_671,671,test,fixed_test,test,fixed_test,train,maximum_training_pool,True,True,finite_consistent,no_padding,6112
LH_672,672,train,maximum_training_pool,test,fixed_test,train,maximum_training_pool,True,True,finite_consistent,no_padding,5284
LH_673,673,train,maximum_training_pool,test,fixed_test,validation,fixed_validation,True,True,finite_consistent,no_padding,1416
LH_674,674,train,maximum_training_pool,test,fixed_test,train,maximum_training_pool,True,True,finite_consistent,no_padding,5508
LH_675,675,train,maximum_training_pool,train,maximum_training_pool,train,maximum_training_pool,True,True,finite_consistent,no_padding,1830
LH_676,676,train,maximum_training_pool,train,maximum_training_pool,train,maximum_training_pool,True,True,finite_consistent,no_padding,5674
LH_677,677,test,fixed_test,test,fixed_test,validation,fixed_validation,True,True,finite_consistent,no_padding,1755
LH_678,678,test,fixed_test,train,maximum_training_pool,train,maximum_training_pool,True,True,finite_consistent,no_padding,1808
LH_679,679,validation,fixed_validation,test,fixed_test,train,maximum_training_pool,True,True,finite_consistent,no_padding,6261
LH_680,680,train,maximum_training_pool,train,maximum_training_pool,test,fixed_test,True,True,finite_consistent,padding_required,966
LH_681,681,train,maximum_training_pool,test,fixed_test,validation,fixed_validation,True,True,finite_consistent,no_padding,3389
LH_682,682,train,maximum_training_pool,test,fixed_test,train,maximum_training_pool,True,True,finite_consistent,no_padding,5391
LH_683,683,train,maximum_training_pool,test,fixed_test,train,maximum_training_pool,True,True,finite_consistent,no_padding,3370
LH_684,684,validation,fixed_validation,test,fixed_test,train,maximum_training_pool,True,True,finite_consistent,no_padding,5514
LH_685,685,train,maximum_training_pool,train,maximum_training_pool,validation,fixed_validation,True,True,finite_consistent,no_padding,6587
LH_686,686,test,fixed_test,validation,fixed_validation,test,fixed_test,True,True,finite_consistent,no_padding,3472
LH_687,687,train,maximum_training_pool,train,maximum_training_pool,test,fixed_test,True,True,finite_consistent,no_padding,6143
LH_688,688,validation,fixed_validation,train,maximum_training_pool,train,maximum_training_pool,True,True,finite_consistent,no_padding,6487
LH_689,689,validation,fixed_validation,train,maximum_training_pool,validation,fixed_validation,True,True,finite_consistent,no_padding,6242
LH_690,690,train,maximum_training_pool,train,maximum_training_pool,validation,fixed_validation,True,True,finite_consistent,no_padding,5557
LH_691,691,test,fixed_test,test,fixed_test,train,maximum_training_pool,True,True,finite_consistent,no_padding,3867
LH_692,692,test,fixed_test,train,maximum_training_pool,validation,fixed_validation,True,True,finite_consistent,padding_required,544
LH_693,693,train,maximum_training_pool,train,maximum_training_pool,train,maximum_training_pool,True,True,finite_consistent,no_padding,3757
LH_694,694,test,fixed_test,test,fixed_test,train,maximum_training_pool,True,True,finite_consistent,no_padding,6467
LH_695,695,validation,fixed_validation,train,maximum_training_pool,validation,fixed_validation,True,True,finite_consistent,no_padding,3721
LH_696,696,test,fixed_test,train,maximum_training_pool,train,maximum_training_pool,True,True,finite_consistent,no_padding,2871
LH_697,697,train,maximum_training_pool,train,maximum_training_pool,train,maximum_training_pool,True,True,finite_consistent,no_padding,6612
LH_698,698,validation,fixed_validation,train,maximum_training_pool,train,maximum_training_pool,True,True,finite_consistent,no_padding,3677
LH_699,699,test,fixed_test,validation,fixed_validation,train,maximum_training_pool,True,True,finite_consistent,no_padding,6197
LH_700,700,validation,fixed_validation,train,maximum_training_pool,train,maximum_training_pool,True,True,finite_consistent,no_padding,4502
LH_701,701,train,maximum_training_pool,train,maximum_training_pool,train,maximum_training_pool,True,True,finite_consistent,padding_required,936
LH_702,702,train,maximum_training_pool,validation,fixed_validation,test,fixed_test,True,True,finite_consistent,no_padding,3042
LH_703,703,test,fixed_test,test,fixed_test,train,maximum_training_pool,True,True,finite_consistent,no_padding,3375
LH_704,704,train,maximum_training_pool,test,fixed_test,test,fixed_test,True,True,finite_consistent,no_padding,6789
LH_705,705,validation,fixed_validation,train,maximum_training_pool,train,maximum_training_pool,True,True,finite_consistent,no_padding,4673
LH_706,706,validation,fixed_validation,train,maximum_training_pool,train,maximum_training_pool,True,True,finite_consistent,no_padding,3206
LH_707,707,test,fixed_test,train,maximum_training_pool,test,fixed_test,True,True,finite_consistent,no_padding,6219
LH_708,708,train,maximum_training_pool,train,maximum_training_pool,train,maximum_training_pool,True,True,finite_consistent,no_padding,5948
LH_709,709,train,maximum_training_pool,train,maximum_training_pool,test,fixed_test,True,True,finite_consistent,no_padding,3436
LH_710,710,train,maximum_training_pool,validation,fixed_validation,train,maximum_training_pool,True,True,finite_consistent,no_padding,3433
LH_711,711,train,maximum_training_pool,train,maximum_training_pool,train,maximum_training_pool,True,True,finite_consistent,no_padding,4618
LH_712,712,train,maximum_training_pool,test,fixed_test,train,maximum_training_pool,True,True,finite_consistent,no_padding,1616
LH_713,713,test,fixed_test,test,fixed_test,train,maximum_training_pool,True,True,finite_consistent,no_padding,5345
LH_714,714,test,fixed_test,test,fixed_test,train,maximum_training_pool,True,True,finite_consistent,no_padding,6112
LH_715,715,test,fixed_test,train,maximum_training_pool,train,maximum_training_pool,True,True,finite_consistent,no_padding,2069
LH_716,716,test,fixed_test,test,fixed_test,test,fixed_test,True,True,finite_consistent,no_padding,3221
LH_717,717,test,fixed_test,train,maximum_training_pool,train,maximum_training_pool,True,True,finite_consistent,no_padding,6774
LH_718,718,test,fixed_test,test,fixed_test,validation,fixed_validation,True,True,finite_consistent,no_padding,7062
LH_719,719,test,fixed_test,train,maximum_training_pool,test,fixed_test,True,True,finite_consistent,no_padding,6613
LH_720,720,train,maximum_training_pool,train,maximum_training_pool,train,maximum_training_pool,True,True,finite_consistent,padding_required,987
LH_721,721,validation,fixed_validation,validation,fixed_validation,train,maximum_training_pool,True,True,finite_consistent,no_padding,4004
LH_722,722,validation,fixed_validation,validation,fixed_validation,train,maximum_training_pool,True,True,finite_consistent,no_padding,6015
LH_723,723,train,maximum_training_pool,train,maximum_training_pool,test,fixed_test,True,True,finite_consistent,padding_required,265
LH_724,724,validation,fixed_validation,test,fixed_test,test,fixed_test,True,True,finite_consistent,no_padding,2257
LH_725,725,train,maximum_training_pool,train,maximum_training_pool,test,fixed_test,True,True,finite_consistent,no_padding,6570
LH_726,726,validation,fixed_validation,validation,fixed_validation,validation,fixed_validation,True,True,finite_consistent,no_padding,2010
LH_727,727,test,fixed_test,train,maximum_training_pool,test,fixed_test,True,True,finite_consistent,no_padding,5144
LH_728,728,test,fixed_test,train,maximum_training_pool,validation,fixed_validation,True,True,finite_consistent,no_padding,6088
LH_729,729,train,maximum_training_pool,test,fixed_test,validation,fixed_validation,True,True,finite_consistent,no_padding,5898
LH_730,730,train,maximum_training_pool,train,maximum_training_pool,validation,fixed_validation,True,True,finite_consistent,no_padding,2533
LH_731,731,train,maximum_training_pool,validation,fixed_validation,train,maximum_training_pool,True,True,finite_consistent,no_padding,4049
LH_732,732,test,fixed_test,train,maximum_training_pool,train,maximum_training_pool,True,True,finite_consistent,no_padding,5819
LH_733,733,train,maximum_training_pool,train,maximum_training_pool,validation,fixed_validation,True,True,finite_consistent,no_padding,4297
LH_734,734,train,maximum_training_pool,test,fixed_test,train,maximum_training_pool,True,True,finite_consistent,no_padding,6039
LH_735,735,validation,fixed_validation,validation,fixed_validation,train,maximum_training_pool,True,True,finite_consistent,no_padding,2036
LH_736,736,test,fixed_test,train,maximum_training_pool,train,maximum_training_pool,True,True,finite_consistent,no_padding,4049
LH_737,737,test,fixed_test,validation,fixed_validation,train,maximum_training_pool,True,True,finite_consistent,no_padding,4711
LH_738,738,train,maximum_training_pool,test,fixed_test,train,maximum_training_pool,True,True,finite_consistent,no_padding,5597
LH_739,739,train,maximum_training_pool,train,maximum_training_pool,test,fixed_test,True,True,finite_consistent,no_padding,5852
LH_740,740,test,fixed_test,test,fixed_test,train,maximum_training_pool,True,True,finite_consistent,padding_required,843
LH_741,741,validation,fixed_validation,test,fixed_test,test,fixed_test,True,True,finite_consistent,no_padding,5511
LH_742,742,test,fixed_test,train,maximum_training_pool,train,maximum_training_pool,True,True,finite_consistent,padding_required,346
LH_743,743,test,fixed_test,train,maximum_training_pool,test,fixed_test,True,True,finite_consistent,no_padding,6418
LH_744,744,train,maximum_training_pool,validation,fixed_validation,train,maximum_training_pool,True,True,finite_consistent,no_padding,6269
LH_745,745,test,fixed_test,train,maximum_training_pool,train,maximum_training_pool,True,True,finite_consistent,no_padding,2346
LH_746,746,validation,fixed_validation,train,maximum_training_pool,train,maximum_training_pool,True,True,finite_consistent,no_padding,4910
LH_747,747,validation,fixed_validation,test,fixed_test,train,maximum_training_pool,True,True,finite_consistent,no_padding,5886
LH_748,748,test,fixed_test,validation,fixed_validation,train,maximum_training_pool,True,True,finite_consistent,no_padding,5919
LH_749,749,validation,fixed_validation,test,fixed_test,test,fixed_test,True,True,finite_consistent,no_padding,3562
LH_750,750,not_in_u750,maximum_training_pool,not_in_u750,maximum_training_pool,not_in_u750,maximum_training_pool,True,True,finite_consistent,no_padding,5606
LH_751,751,not_in_u750,maximum_training_pool,not_in_u750,maximum_training_pool,not_in_u750,maximum_training_pool,True,True,finite_consistent,no_padding,5848
LH_752,752,not_in_u750,maximum_training_pool,not_in_u750,maximum_training_pool,not_in_u750,maximum_training_pool,True,True,finite_consistent,no_padding,6227
LH_753,753,not_in_u750,maximum_training_pool,not_in_u750,maximum_training_pool,not_in_u750,maximum_training_pool,True,True,finite_consistent,no_padding,5721
LH_754,754,not_in_u750,maximum_training_pool,not_in_u750,maximum_training_pool,not_in_u750,maximum_training_pool,True,True,finite_consistent,no_padding,5388
LH_755,755,not_in_u750,maximum_training_pool,not_in_u750,maximum_training_pool,not_in_u750,maximum_training_pool,True,True,finite_consistent,no_padding,6658
LH_756,756,not_in_u750,maximum_training_pool,not_in_u750,maximum_training_pool,not_in_u750,maximum_training_pool,True,True,finite_consistent,no_padding,6004
LH_757,757,not_in_u750,maximum_training_pool,not_in_u750,maximum_training_pool,not_in_u750,maximum_training_pool,True,True,finite_consistent,no_padding,1956
LH_758,758,not_in_u750,maximum_training_pool,not_in_u750,maximum_training_pool,not_in_u750,maximum_training_pool,True,True,finite_consistent,no_padding,5341
LH_759,759,not_in_u750,maximum_training_pool,not_in_u750,maximum_training_pool,not_in_u750,maximum_training_pool,True,True,finite_consistent,no_padding,2864
LH_760,760,not_in_u750,maximum_training_pool,not_in_u750,maximum_training_pool,not_in_u750,maximum_training_pool,True,True,finite_consistent,no_padding,5283
LH_761,761,not_in_u750,maximum_training_pool,not_in_u750,maximum_training_pool,not_in_u750,maximum_training_pool,True,True,finite_consistent,no_padding,3427
LH_762,762,not_in_u750,maximum_training_pool,not_in_u750,maximum_training_pool,not_in_u750,maximum_training_pool,True,True,finite_consistent,no_padding,4646
LH_763,763,not_in_u750,maximum_training_pool,not_in_u750,maximum_training_pool,not_in_u750,maximum_training_pool,True,True,finite_consistent,no_padding,3674
LH_764,764,not_in_u750,maximum_training_pool,not_in_u750,maximum_training_pool,not_in_u750,maximum_training_pool,True,True,finite_consistent,no_padding,6307
LH_765,765,not_in_u750,maximum_training_pool,not_in_u750,maximum_training_pool,not_in_u750,maximum_training_pool,True,True,finite_consistent,no_padding,2518
LH_766,766,not_in_u750,maximum_training_pool,not_in_u750,maximum_training_pool,not_in_u750,maximum_training_pool,True,True,finite_consistent,no_padding,1137
LH_767,767,not_in_u750,maximum_training_pool,not_in_u750,maximum_training_pool,not_in_u750,maximum_training_pool,True,True,finite_consistent,no_padding,1667
LH_768,768,not_in_u750,maximum_training_pool,not_in_u750,maximum_training_pool,not_in_u750,maximum_training_pool,True,True,finite_consistent,no_padding,5393
LH_769,769,not_in_u750,maximum_training_pool,not_in_u750,maximum_training_pool,not_in_u750,maximum_training_pool,True,True,finite_consistent,no_padding,2276
LH_770,770,not_in_u750,maximum_training_pool,not_in_u750,maximum_training_pool,not_in_u750,maximum_training_pool,True,True,finite_consistent,no_padding,4544
LH_771,771,not_in_u750,maximum_training_pool,not_in_u750,maximum_training_pool,not_in_u750,maximum_training_pool,True,True,finite_consistent,no_padding,6299
LH_772,772,not_in_u750,maximum_training_pool,not_in_u750,maximum_training_pool,not_in_u750,maximum_training_pool,True,True,finite_consistent,no_padding,5992
LH_773,773,not_in_u750,maximum_training_pool,not_in_u750,maximum_training_pool,not_in_u750,maximum_training_pool,True,True,finite_consistent,no_padding,3332
LH_774,774,not_in_u750,maximum_training_pool,not_in_u750,maximum_training_pool,not_in_u750,maximum_training_pool,True,True,finite_consistent,no_padding,4078
LH_775,775,not_in_u750,maximum_training_pool,not_in_u750,maximum_training_pool,not_in_u750,maximum_training_pool,True,True,finite_consistent,no_padding,1931
LH_776,776,not_in_u750,maximum_training_pool,not_in_u750,maximum_training_pool,not_in_u750,maximum_training_pool,True,True,finite_consistent,no_padding,1109
LH_777,777,not_in_u750,maximum_training_pool,not_in_u750,maximum_training_pool,not_in_u750,maximum_training_pool,True,True,finite_consistent,no_padding,5656
LH_778,778,not_in_u750,maximum_training_pool,not_in_u750,maximum_training_pool,not_in_u750,maximum_training_pool,True,True,finite_consistent,no_padding,3569
LH_779,779,not_in_u750,maximum_training_pool,not_in_u750,maximum_training_pool,not_in_u750,maximum_training_pool,True,True,finite_consistent,padding_required,315
LH_780,780,not_in_u750,maximum_training_pool,not_in_u750,maximum_training_pool,not_in_u750,maximum_training_pool,True,True,finite_consistent,no_padding,3722
LH_781,781,not_in_u750,maximum_training_pool,not_in_u750,maximum_training_pool,not_in_u750,maximum_training_pool,True,True,finite_consistent,no_padding,1439
LH_782,782,not_in_u750,maximum_training_pool,not_in_u750,maximum_training_pool,not_in_u750,maximum_training_pool,True,True,finite_consistent,no_padding,3768
LH_783,783,not_in_u750,maximum_training_pool,not_in_u750,maximum_training_pool,not_in_u750,maximum_training_pool,True,True,finite_consistent,padding_required,568
LH_784,784,not_in_u750,maximum_training_pool,not_in_u750,maximum_training_pool,not_in_u750,maximum_training_pool,True,True,finite_consistent,no_padding,5298
LH_785,785,not_in_u750,maximum_training_pool,not_in_u750,maximum_training_pool,not_in_u750,maximum_training_pool,True,True,finite_consistent,no_padding,3087
LH_786,786,not_in_u750,maximum_training_pool,not_in_u750,maximum_training_pool,not_in_u750,maximum_training_pool,True,True,finite_consistent,no_padding,2892
LH_787,787,not_in_u750,maximum_training_pool,not_in_u750,maximum_training_pool,not_in_u750,maximum_training_pool,True,True,finite_consistent,no_padding,2124
LH_788,788,not_in_u750,maximum_training_pool,not_in_u750,maximum_training_pool,not_in_u750,maximum_training_pool,True,True,finite_consistent,no_padding,2343
LH_789,789,not_in_u750,maximum_training_pool,not_in_u750,maximum_training_pool,not_in_u750,maximum_training_pool,True,True,finite_consistent,no_padding,5970
LH_790,790,not_in_u750,maximum_training_pool,not_in_u750,maximum_training_pool,not_in_u750,maximum_training_pool,True,True,finite_consistent,no_padding,5600
LH_791,791,not_in_u750,maximum_training_pool,not_in_u750,maximum_training_pool,not_in_u750,maximum_training_pool,True,True,finite_consistent,no_padding,5575
LH_792,792,not_in_u750,maximum_training_pool,not_in_u750,maximum_training_pool,not_in_u750,maximum_training_pool,True,True,finite_consistent,no_padding,3721
LH_793,793,not_in_u750,maximum_training_pool,not_in_u750,maximum_training_pool,not_in_u750,maximum_training_pool,True,True,finite_consistent,no_padding,6351
LH_794,794,not_in_u750,maximum_training_pool,not_in_u750,maximum_training_pool,not_in_u750,maximum_training_pool,True,True,finite_consistent,no_padding,6140
LH_795,795,not_in_u750,maximum_training_pool,not_in_u750,maximum_training_pool,not_in_u750,maximum_training_pool,True,True,finite_consistent,no_padding,5275
LH_796,796,not_in_u750,maximum_training_pool,not_in_u750,maximum_training_pool,not_in_u750,maximum_training_pool,True,True,finite_consistent,no_padding,5527
LH_797,797,not_in_u750,maximum_training_pool,not_in_u750,maximum_training_pool,not_in_u750,maximum_training_pool,True,True,finite_consistent,no_padding,4875
LH_798,798,not_in_u750,maximum_training_pool,not_in_u750,maximum_training_pool,not_in_u750,maximum_training_pool,True,True,finite_consistent,no_padding,3732
LH_799,799,not_in_u750,maximum_training_pool,not_in_u750,maximum_training_pool,not_in_u750,maximum_training_pool,True,True,finite_consistent,no_padding,5849
LH_800,800,not_in_u750,maximum_training_pool,not_in_u750,maximum_training_pool,not_in_u750,maximum_training_pool,True,True,finite_consistent,no_padding,2455
LH_801,801,not_in_u750,maximum_training_pool,not_in_u750,maximum_training_pool,not_in_u750,maximum_training_pool,True,True,finite_consistent,no_padding,6077
LH_802,802,not_in_u750,maximum_training_pool,not_in_u750,maximum_training_pool,not_in_u750,maximum_training_pool,True,True,finite_consistent,padding_required,332
LH_803,803,not_in_u750,maximum_training_pool,not_in_u750,maximum_training_pool,not_in_u750,maximum_training_pool,True,True,finite_consistent,no_padding,1705
LH_804,804,not_in_u750,maximum_training_pool,not_in_u750,maximum_training_pool,not_in_u750,maximum_training_pool,True,True,finite_consistent,no_padding,3699
LH_805,805,not_in_u750,maximum_training_pool,not_in_u750,maximum_training_pool,not_in_u750,maximum_training_pool,True,True,finite_consistent,no_padding,4504
LH_806,806,not_in_u750,maximum_training_pool,not_in_u750,maximum_training_pool,not_in_u750,maximum_training_pool,True,True,finite_consistent,no_padding,5731
LH_807,807,not_in_u750,maximum_training_pool,not_in_u750,maximum_training_pool,not_in_u750,maximum_training_pool,True,True,finite_consistent,no_padding,6043
LH_808,808,not_in_u750,maximum_training_pool,not_in_u750,maximum_training_pool,not_in_u750,maximum_training_pool,True,True,finite_consistent,no_padding,6253
LH_809,809,not_in_u750,maximum_training_pool,not_in_u750,maximum_training_pool,not_in_u750,maximum_training_pool,True,True,finite_consistent,no_padding,5709
LH_810,810,not_in_u750,maximum_training_pool,not_in_u750,maximum_training_pool,not_in_u750,maximum_training_pool,True,True,finite_consistent,no_padding,6543
LH_811,811,not_in_u750,maximum_training_pool,not_in_u750,maximum_training_pool,not_in_u750,maximum_training_pool,True,True,finite_consistent,padding_required,763
LH_812,812,not_in_u750,maximum_training_pool,not_in_u750,maximum_training_pool,not_in_u750,maximum_training_pool,True,True,finite_consistent,no_padding,2119
LH_813,813,not_in_u750,maximum_training_pool,not_in_u750,maximum_training_pool,not_in_u750,maximum_training_pool,True,True,finite_consistent,no_padding,3119
LH_814,814,not_in_u750,maximum_training_pool,not_in_u750,maximum_training_pool,not_in_u750,maximum_training_pool,True,True,finite_consistent,no_padding,6215
LH_815,815,not_in_u750,maximum_training_pool,not_in_u750,maximum_training_pool,not_in_u750,maximum_training_pool,True,True,finite_consistent,no_padding,5398
LH_816,816,not_in_u750,maximum_training_pool,not_in_u750,maximum_training_pool,not_in_u750,maximum_training_pool,True,True,finite_consistent,no_padding,5714
LH_817,817,not_in_u750,maximum_training_pool,not_in_u750,maximum_training_pool,not_in_u750,maximum_training_pool,True,True,finite_consistent,no_padding,3286
LH_818,818,not_in_u750,maximum_training_pool,not_in_u750,maximum_training_pool,not_in_u750,maximum_training_pool,True,True,finite_consistent,no_padding,3233
LH_819,819,not_in_u750,maximum_training_pool,not_in_u750,maximum_training_pool,not_in_u750,maximum_training_pool,True,True,finite_consistent,no_padding,4292
LH_820,820,not_in_u750,maximum_training_pool,not_in_u750,maximum_training_pool,not_in_u750,maximum_training_pool,True,True,finite_consistent,no_padding,3208
LH_821,821,not_in_u750,maximum_training_pool,not_in_u750,maximum_training_pool,not_in_u750,maximum_training_pool,True,True,finite_consistent,no_padding,3474
LH_822,822,not_in_u750,maximum_training_pool,not_in_u750,maximum_training_pool,not_in_u750,maximum_training_pool,True,True,finite_consistent,no_padding,3272
LH_823,823,not_in_u750,maximum_training_pool,not_in_u750,maximum_training_pool,not_in_u750,maximum_training_pool,True,True,finite_consistent,no_padding,3901
LH_824,824,not_in_u750,maximum_training_pool,not_in_u750,maximum_training_pool,not_in_u750,maximum_training_pool,True,True,finite_consistent,no_padding,6494
LH_825,825,not_in_u750,maximum_training_pool,not_in_u750,maximum_training_pool,not_in_u750,maximum_training_pool,True,True,finite_consistent,no_padding,6449
LH_826,826,not_in_u750,maximum_training_pool,not_in_u750,maximum_training_pool,not_in_u750,maximum_training_pool,True,True,finite_consistent,no_padding,6236
LH_827,827,not_in_u750,maximum_training_pool,not_in_u750,maximum_training_pool,not_in_u750,maximum_training_pool,True,True,finite_consistent,no_padding,6117
LH_828,828,not_in_u750,maximum_training_pool,not_in_u750,maximum_training_pool,not_in_u750,maximum_training_pool,True,True,finite_consistent,no_padding,4213
LH_829,829,not_in_u750,maximum_training_pool,not_in_u750,maximum_training_pool,not_in_u750,maximum_training_pool,True,True,finite_consistent,no_padding,1220
LH_830,830,not_in_u750,maximum_training_pool,not_in_u750,maximum_training_pool,not_in_u750,maximum_training_pool,True,True,finite_consistent,no_padding,1382
LH_831,831,not_in_u750,maximum_training_pool,not_in_u750,maximum_training_pool,not_in_u750,maximum_training_pool,True,True,finite_consistent,no_padding,6473
LH_832,832,not_in_u750,maximum_training_pool,not_in_u750,maximum_training_pool,not_in_u750,maximum_training_pool,True,True,finite_consistent,no_padding,4774
LH_833,833,not_in_u750,maximum_training_pool,not_in_u750,maximum_training_pool,not_in_u750,maximum_training_pool,True,True,finite_consistent,no_padding,4836
LH_834,834,not_in_u750,maximum_training_pool,not_in_u750,maximum_training_pool,not_in_u750,maximum_training_pool,True,True,finite_consistent,no_padding,1270
LH_835,835,not_in_u750,maximum_training_pool,not_in_u750,maximum_training_pool,not_in_u750,maximum_training_pool,True,True,finite_consistent,no_padding,4226
LH_836,836,not_in_u750,maximum_training_pool,not_in_u750,maximum_training_pool,not_in_u750,maximum_training_pool,True,True,finite_consistent,no_padding,6001
LH_837,837,not_in_u750,maximum_training_pool,not_in_u750,maximum_training_pool,not_in_u750,maximum_training_pool,True,True,finite_consistent,no_padding,5003
LH_838,838,not_in_u750,maximum_training_pool,not_in_u750,maximum_training_pool,not_in_u750,maximum_training_pool,True,True,finite_consistent,no_padding,6204
LH_839,839,not_in_u750,maximum_training_pool,not_in_u750,maximum_training_pool,not_in_u750,maximum_training_pool,True,True,finite_consistent,no_padding,3425
LH_840,840,not_in_u750,maximum_training_pool,not_in_u750,maximum_training_pool,not_in_u750,maximum_training_pool,True,True,finite_consistent,no_padding,1732
LH_841,841,not_in_u750,maximum_training_pool,not_in_u750,maximum_training_pool,not_in_u750,maximum_training_pool,True,True,finite_consistent,no_padding,4290
LH_842,842,not_in_u750,maximum_training_pool,not_in_u750,maximum_training_pool,not_in_u750,maximum_training_pool,True,True,finite_consistent,no_padding,5381
LH_843,843,not_in_u750,maximum_training_pool,not_in_u750,maximum_training_pool,not_in_u750,maximum_training_pool,True,True,finite_consistent,no_padding,5307
LH_844,844,not_in_u750,maximum_training_pool,not_in_u750,maximum_training_pool,not_in_u750,maximum_training_pool,True,True,finite_consistent,no_padding,4426
LH_845,845,not_in_u750,maximum_training_pool,not_in_u750,maximum_training_pool,not_in_u750,maximum_training_pool,True,True,finite_consistent,no_padding,3208
LH_846,846,not_in_u750,maximum_training_pool,not_in_u750,maximum_training_pool,not_in_u750,maximum_training_pool,True,True,finite_consistent,no_padding,5935
LH_847,847,not_in_u750,maximum_training_pool,not_in_u750,maximum_training_pool,not_in_u750,maximum_training_pool,True,True,finite_consistent,no_padding,6518
LH_848,848,not_in_u750,maximum_training_pool,not_in_u750,maximum_training_pool,not_in_u750,maximum_training_pool,True,True,finite_consistent,no_padding,4997
LH_849,849,not_in_u750,maximum_training_pool,not_in_u750,maximum_training_pool,not_in_u750,maximum_training_pool,True,True,finite_consistent,no_padding,5509
LH_850,850,not_in_u750,maximum_training_pool,not_in_u750,maximum_training_pool,not_in_u750,maximum_training_pool,True,True,finite_consistent,no_padding,3278
LH_851,851,not_in_u750,maximum_training_pool,not_in_u750,maximum_training_pool,not_in_u750,maximum_training_pool,True,True,finite_consistent,no_padding,4837
LH_852,852,not_in_u750,maximum_training_pool,not_in_u750,maximum_training_pool,not_in_u750,maximum_training_pool,True,True,finite_consistent,no_padding,5722
LH_853,853,not_in_u750,maximum_training_pool,not_in_u750,maximum_training_pool,not_in_u750,maximum_training_pool,True,True,finite_consistent,no_padding,4513
LH_854,854,not_in_u750,maximum_training_pool,not_in_u750,maximum_training_pool,not_in_u750,maximum_training_pool,True,True,finite_consistent,no_padding,5696
LH_855,855,not_in_u750,maximum_training_pool,not_in_u750,maximum_training_pool,not_in_u750,maximum_training_pool,True,True,finite_consistent,no_padding,6327
LH_856,856,not_in_u750,maximum_training_pool,not_in_u750,maximum_training_pool,not_in_u750,maximum_training_pool,True,True,finite_consistent,no_padding,2993
LH_857,857,not_in_u750,maximum_training_pool,not_in_u750,maximum_training_pool,not_in_u750,maximum_training_pool,True,True,finite_consistent,no_padding,5749
LH_858,858,not_in_u750,maximum_training_pool,not_in_u750,maximum_training_pool,not_in_u750,maximum_training_pool,True,True,finite_consistent,no_padding,6528
LH_859,859,not_in_u750,maximum_training_pool,not_in_u750,maximum_training_pool,not_in_u750,maximum_training_pool,True,True,finite_consistent,padding_required,969
LH_860,860,not_in_u750,maximum_training_pool,not_in_u750,maximum_training_pool,not_in_u750,maximum_training_pool,True,True,finite_consistent,no_padding,2784
LH_861,861,not_in_u750,maximum_training_pool,not_in_u750,maximum_training_pool,not_in_u750,maximum_training_pool,True,True,finite_consistent,no_padding,4528
LH_862,862,not_in_u750,maximum_training_pool,not_in_u750,maximum_training_pool,not_in_u750,maximum_training_pool,True,True,finite_consistent,no_padding,5776
LH_863,863,not_in_u750,maximum_training_pool,not_in_u750,maximum_training_pool,not_in_u750,maximum_training_pool,True,True,finite_consistent,no_padding,5871
LH_864,864,not_in_u750,maximum_training_pool,not_in_u750,maximum_training_pool,not_in_u750,maximum_training_pool,True,True,finite_consistent,no_padding,1746
LH_865,865,not_in_u750,maximum_training_pool,not_in_u750,maximum_training_pool,not_in_u750,maximum_training_pool,True,True,finite_consistent,no_padding,5482
LH_866,866,not_in_u750,maximum_training_pool,not_in_u750,maximum_training_pool,not_in_u750,maximum_training_pool,True,True,finite_consistent,no_padding,6107
LH_867,867,not_in_u750,maximum_training_pool,not_in_u750,maximum_training_pool,not_in_u750,maximum_training_pool,True,True,finite_consistent,no_padding,3808
LH_868,868,not_in_u750,maximum_training_pool,not_in_u750,maximum_training_pool,not_in_u750,maximum_training_pool,True,True,finite_consistent,no_padding,3683
LH_869,869,not_in_u750,maximum_training_pool,not_in_u750,maximum_training_pool,not_in_u750,maximum_training_pool,True,True,finite_consistent,no_padding,5894
LH_870,870,not_in_u750,maximum_training_pool,not_in_u750,maximum_training_pool,not_in_u750,maximum_training_pool,True,True,finite_consistent,no_padding,3157
LH_871,871,not_in_u750,maximum_training_pool,not_in_u750,maximum_training_pool,not_in_u750,maximum_training_pool,True,True,finite_consistent,no_padding,4272
LH_872,872,not_in_u750,maximum_training_pool,not_in_u750,maximum_training_pool,not_in_u750,maximum_training_pool,True,True,finite_consistent,no_padding,6366
LH_873,873,not_in_u750,maximum_training_pool,not_in_u750,maximum_training_pool,not_in_u750,maximum_training_pool,True,True,finite_consistent,no_padding,2880
LH_874,874,not_in_u750,maximum_training_pool,not_in_u750,maximum_training_pool,not_in_u750,maximum_training_pool,True,True,finite_consistent,no_padding,6553
LH_875,875,not_in_u750,maximum_training_pool,not_in_u750,maximum_training_pool,not_in_u750,maximum_training_pool,True,True,finite_consistent,no_padding,6047
LH_876,876,not_in_u750,maximum_training_pool,not_in_u750,maximum_training_pool,not_in_u750,maximum_training_pool,True,True,finite_consistent,no_padding,6684
LH_877,877,not_in_u750,maximum_training_pool,not_in_u750,maximum_training_pool,not_in_u750,maximum_training_pool,True,True,finite_consistent,no_padding,5598
LH_878,878,not_in_u750,maximum_training_pool,not_in_u750,maximum_training_pool,not_in_u750,maximum_training_pool,True,True,finite_consistent,no_padding,5887
LH_879,879,not_in_u750,maximum_training_pool,not_in_u750,maximum_training_pool,not_in_u750,maximum_training_pool,True,True,finite_consistent,no_padding,4072
LH_880,880,not_in_u750,maximum_training_pool,not_in_u750,maximum_training_pool,not_in_u750,maximum_training_pool,True,True,finite_consistent,no_padding,1097
LH_881,881,not_in_u750,maximum_training_pool,not_in_u750,maximum_training_pool,not_in_u750,maximum_training_pool,True,True,finite_consistent,no_padding,5572
LH_882,882,not_in_u750,maximum_training_pool,not_in_u750,maximum_training_pool,not_in_u750,maximum_training_pool,True,True,finite_consistent,no_padding,6211
LH_883,883,not_in_u750,maximum_training_pool,not_in_u750,maximum_training_pool,not_in_u750,maximum_training_pool,True,True,finite_consistent,no_padding,5547
LH_884,884,not_in_u750,maximum_training_pool,not_in_u750,maximum_training_pool,not_in_u750,maximum_training_pool,True,True,finite_consistent,no_padding,4947
LH_885,885,not_in_u750,maximum_training_pool,not_in_u750,maximum_training_pool,not_in_u750,maximum_training_pool,True,True,finite_consistent,no_padding,5796
LH_886,886,not_in_u750,maximum_training_pool,not_in_u750,maximum_training_pool,not_in_u750,maximum_training_pool,True,True,finite_consistent,no_padding,6505
LH_887,887,not_in_u750,maximum_training_pool,not_in_u750,maximum_training_pool,not_in_u750,maximum_training_pool,True,True,finite_consistent,no_padding,4060
LH_888,888,not_in_u750,maximum_training_pool,not_in_u750,maximum_training_pool,not_in_u750,maximum_training_pool,True,True,finite_consistent,no_padding,5644
LH_889,889,not_in_u750,maximum_training_pool,not_in_u750,maximum_training_pool,not_in_u750,maximum_training_pool,True,True,finite_consistent,no_padding,6243
LH_890,890,not_in_u750,maximum_training_pool,not_in_u750,maximum_training_pool,not_in_u750,maximum_training_pool,True,True,finite_consistent,no_padding,1025
LH_891,891,not_in_u750,maximum_training_pool,not_in_u750,maximum_training_pool,not_in_u750,maximum_training_pool,True,True,finite_consistent,no_padding,4011
LH_892,892,not_in_u750,maximum_training_pool,not_in_u750,maximum_training_pool,not_in_u750,maximum_training_pool,True,True,finite_consistent,no_padding,1907
LH_893,893,not_in_u750,maximum_training_pool,not_in_u750,maximum_training_pool,not_in_u750,maximum_training_pool,True,True,finite_consistent,no_padding,2151
LH_894,894,not_in_u750,maximum_training_pool,not_in_u750,maximum_training_pool,not_in_u750,maximum_training_pool,True,True,finite_consistent,no_padding,5877
LH_895,895,not_in_u750,maximum_training_pool,not_in_u750,maximum_training_pool,not_in_u750,maximum_training_pool,True,True,finite_consistent,no_padding,4972
LH_896,896,not_in_u750,maximum_training_pool,not_in_u750,maximum_training_pool,not_in_u750,maximum_training_pool,True,True,finite_consistent,no_padding,1320
LH_897,897,not_in_u750,maximum_training_pool,not_in_u750,maximum_training_pool,not_in_u750,maximum_training_pool,True,True,finite_consistent,padding_required,770
LH_898,898,not_in_u750,maximum_training_pool,not_in_u750,maximum_training_pool,not_in_u750,maximum_training_pool,True,True,finite_consistent,no_padding,3906
LH_899,899,not_in_u750,maximum_training_pool,not_in_u750,maximum_training_pool,not_in_u750,maximum_training_pool,True,True,finite_consistent,no_padding,3352
LH_900,900,not_in_u750,maximum_training_pool,not_in_u750,maximum_training_pool,not_in_u750,maximum_training_pool,True,True,finite_consistent,no_padding,3280
LH_901,901,not_in_u750,maximum_training_pool,not_in_u750,maximum_training_pool,not_in_u750,maximum_training_pool,True,True,finite_consistent,no_padding,4969
LH_902,902,not_in_u750,maximum_training_pool,not_in_u750,maximum_training_pool,not_in_u750,maximum_training_pool,True,True,finite_consistent,no_padding,2164
LH_903,903,not_in_u750,maximum_training_pool,not_in_u750,maximum_training_pool,not_in_u750,maximum_training_pool,True,True,finite_consistent,no_padding,1566
LH_904,904,not_in_u750,maximum_training_pool,not_in_u750,maximum_training_pool,not_in_u750,maximum_training_pool,True,True,finite_consistent,no_padding,5272
LH_905,905,not_in_u750,maximum_training_pool,not_in_u750,maximum_training_pool,not_in_u750,maximum_training_pool,True,True,finite_consistent,no_padding,2305
LH_906,906,not_in_u750,maximum_training_pool,not_in_u750,maximum_training_pool,not_in_u750,maximum_training_pool,True,True,finite_consistent,no_padding,4449
LH_907,907,not_in_u750,maximum_training_pool,not_in_u750,maximum_training_pool,not_in_u750,maximum_training_pool,True,True,finite_consistent,no_padding,6180
LH_908,908,not_in_u750,maximum_training_pool,not_in_u750,maximum_training_pool,not_in_u750,maximum_training_pool,True,True,finite_consistent,no_padding,3144
LH_909,909,not_in_u750,maximum_training_pool,not_in_u750,maximum_training_pool,not_in_u750,maximum_training_pool,True,True,finite_consistent,no_padding,3876
LH_910,910,not_in_u750,maximum_training_pool,not_in_u750,maximum_training_pool,not_in_u750,maximum_training_pool,True,True,finite_consistent,no_padding,4183
LH_911,911,not_in_u750,maximum_training_pool,not_in_u750,maximum_training_pool,not_in_u750,maximum_training_pool,True,True,finite_consistent,no_padding,5800
LH_912,912,not_in_u750,maximum_training_pool,not_in_u750,maximum_training_pool,not_in_u750,maximum_training_pool,True,True,finite_consistent,no_padding,1361
LH_913,913,not_in_u750,maximum_training_pool,not_in_u750,maximum_training_pool,not_in_u750,maximum_training_pool,True,True,finite_consistent,no_padding,3165
LH_914,914,not_in_u750,maximum_training_pool,not_in_u750,maximum_training_pool,not_in_u750,maximum_training_pool,True,True,finite_consistent,no_padding,3423
LH_915,915,not_in_u750,maximum_training_pool,not_in_u750,maximum_training_pool,not_in_u750,maximum_training_pool,True,True,finite_consistent,no_padding,6133
LH_916,916,not_in_u750,maximum_training_pool,not_in_u750,maximum_training_pool,not_in_u750,maximum_training_pool,True,True,finite_consistent,no_padding,5500
LH_917,917,not_in_u750,maximum_training_pool,not_in_u750,maximum_training_pool,not_in_u750,maximum_training_pool,True,True,finite_consistent,no_padding,6108
LH_918,918,not_in_u750,maximum_training_pool,not_in_u750,maximum_training_pool,not_in_u750,maximum_training_pool,True,True,finite_consistent,no_padding,5332
LH_919,919,not_in_u750,maximum_training_pool,not_in_u750,maximum_training_pool,not_in_u750,maximum_training_pool,True,True,finite_consistent,no_padding,3259
LH_920,920,not_in_u750,maximum_training_pool,not_in_u750,maximum_training_pool,not_in_u750,maximum_training_pool,True,True,finite_consistent,no_padding,5921
LH_921,921,not_in_u750,maximum_training_pool,not_in_u750,maximum_training_pool,not_in_u750,maximum_training_pool,True,True,finite_consistent,no_padding,3339
LH_922,922,not_in_u750,maximum_training_pool,not_in_u750,maximum_training_pool,not_in_u750,maximum_training_pool,True,True,finite_consistent,no_padding,6233
LH_923,923,not_in_u750,maximum_training_pool,not_in_u750,maximum_training_pool,not_in_u750,maximum_training_pool,True,True,finite_consistent,no_padding,3659
LH_924,924,not_in_u750,maximum_training_pool,not_in_u750,maximum_training_pool,not_in_u750,maximum_training_pool,True,True,finite_consistent,no_padding,5617
LH_925,925,not_in_u750,maximum_training_pool,not_in_u750,maximum_training_pool,not_in_u750,maximum_training_pool,True,True,finite_consistent,no_padding,3453
LH_926,926,not_in_u750,maximum_training_pool,not_in_u750,maximum_training_pool,not_in_u750,maximum_training_pool,True,True,finite_consistent,no_padding,5876
LH_927,927,not_in_u750,maximum_training_pool,not_in_u750,maximum_training_pool,not_in_u750,maximum_training_pool,True,True,finite_consistent,no_padding,2416
LH_928,928,not_in_u750,maximum_training_pool,not_in_u750,maximum_training_pool,not_in_u750,maximum_training_pool,True,True,finite_consistent,no_padding,4261
LH_929,929,not_in_u750,maximum_training_pool,not_in_u750,maximum_training_pool,not_in_u750,maximum_training_pool,True,True,finite_consistent,no_padding,6015
LH_930,930,not_in_u750,maximum_training_pool,not_in_u750,maximum_training_pool,not_in_u750,maximum_training_pool,True,True,finite_consistent,padding_required,286
LH_931,931,not_in_u750,maximum_training_pool,not_in_u750,maximum_training_pool,not_in_u750,maximum_training_pool,True,True,finite_consistent,no_padding,3237
LH_932,932,not_in_u750,maximum_training_pool,not_in_u750,maximum_training_pool,not_in_u750,maximum_training_pool,True,True,finite_consistent,no_padding,6111
LH_933,933,not_in_u750,maximum_training_pool,not_in_u750,maximum_training_pool,not_in_u750,maximum_training_pool,True,True,finite_consistent,no_padding,5592
LH_934,934,not_in_u750,maximum_training_pool,not_in_u750,maximum_training_pool,not_in_u750,maximum_training_pool,True,True,finite_consistent,no_padding,3556
LH_935,935,not_in_u750,maximum_training_pool,not_in_u750,maximum_training_pool,not_in_u750,maximum_training_pool,True,True,finite_consistent,padding_required,829
LH_936,936,not_in_u750,maximum_training_pool,not_in_u750,maximum_training_pool,not_in_u750,maximum_training_pool,True,True,finite_consistent,no_padding,2855
LH_937,937,not_in_u750,maximum_training_pool,not_in_u750,maximum_training_pool,not_in_u750,maximum_training_pool,True,True,finite_consistent,no_padding,6268
LH_938,938,not_in_u750,maximum_training_pool,not_in_u750,maximum_training_pool,not_in_u750,maximum_training_pool,True,True,finite_consistent,no_padding,2091
LH_939,939,not_in_u750,maximum_training_pool,not_in_u750,maximum_training_pool,not_in_u750,maximum_training_pool,True,True,finite_consistent,no_padding,4364
LH_940,940,not_in_u750,maximum_training_pool,not_in_u750,maximum_training_pool,not_in_u750,maximum_training_pool,True,True,finite_consistent,no_padding,6126
LH_941,941,not_in_u750,maximum_training_pool,not_in_u750,maximum_training_pool,not_in_u750,maximum_training_pool,True,True,finite_consistent,no_padding,6265
LH_942,942,not_in_u750,maximum_training_pool,not_in_u750,maximum_training_pool,not_in_u750,maximum_training_pool,True,True,finite_consistent,no_padding,1497
LH_943,943,not_in_u750,maximum_training_pool,not_in_u750,maximum_training_pool,not_in_u750,maximum_training_pool,True,True,finite_consistent,padding_required,769
LH_944,944,not_in_u750,maximum_training_pool,not_in_u750,maximum_training_pool,not_in_u750,maximum_training_pool,True,True,finite_consistent,no_padding,6601
LH_945,945,not_in_u750,maximum_training_pool,not_in_u750,maximum_training_pool,not_in_u750,maximum_training_pool,True,True,finite_consistent,no_padding,5942
LH_946,946,not_in_u750,maximum_training_pool,not_in_u750,maximum_training_pool,not_in_u750,maximum_training_pool,True,True,finite_consistent,no_padding,4806
LH_947,947,not_in_u750,maximum_training_pool,not_in_u750,maximum_training_pool,not_in_u750,maximum_training_pool,True,True,finite_consistent,no_padding,3923
LH_948,948,not_in_u750,maximum_training_pool,not_in_u750,maximum_training_pool,not_in_u750,maximum_training_pool,True,True,finite_consistent,no_padding,4633
LH_949,949,not_in_u750,maximum_training_pool,not_in_u750,maximum_training_pool,not_in_u750,maximum_training_pool,True,True,finite_consistent,no_padding,6304
LH_950,950,not_in_u750,maximum_training_pool,not_in_u750,maximum_training_pool,not_in_u750,maximum_training_pool,True,True,finite_consistent,no_padding,4174
LH_951,951,not_in_u750,maximum_training_pool,not_in_u750,maximum_training_pool,not_in_u750,maximum_training_pool,True,True,finite_consistent,no_padding,5405
LH_952,952,not_in_u750,maximum_training_pool,not_in_u750,maximum_training_pool,not_in_u750,maximum_training_pool,True,True,finite_consistent,no_padding,5927
LH_953,953,not_in_u750,maximum_training_pool,not_in_u750,maximum_training_pool,not_in_u750,maximum_training_pool,True,True,finite_consistent,no_padding,6171
LH_954,954,not_in_u750,maximum_training_pool,not_in_u750,maximum_training_pool,not_in_u750,maximum_training_pool,True,True,finite_consistent,no_padding,3980
LH_955,955,not_in_u750,maximum_training_pool,not_in_u750,maximum_training_pool,not_in_u750,maximum_training_pool,True,True,finite_consistent,no_padding,3498
LH_956,956,not_in_u750,maximum_training_pool,not_in_u750,maximum_training_pool,not_in_u750,maximum_training_pool,True,True,finite_consistent,no_padding,2129
LH_957,957,not_in_u750,maximum_training_pool,not_in_u750,maximum_training_pool,not_in_u750,maximum_training_pool,True,True,finite_consistent,no_padding,5389
LH_958,958,not_in_u750,maximum_training_pool,not_in_u750,maximum_training_pool,not_in_u750,maximum_training_pool,True,True,finite_consistent,padding_required,591
LH_959,959,not_in_u750,maximum_training_pool,not_in_u750,maximum_training_pool,not_in_u750,maximum_training_pool,True,True,finite_consistent,no_padding,2927
LH_960,960,not_in_u750,maximum_training_pool,not_in_u750,maximum_training_pool,not_in_u750,maximum_training_pool,True,True,finite_consistent,no_padding,6335
LH_961,961,not_in_u750,maximum_training_pool,not_in_u750,maximum_training_pool,not_in_u750,maximum_training_pool,True,True,finite_consistent,no_padding,6276
LH_962,962,not_in_u750,maximum_training_pool,not_in_u750,maximum_training_pool,not_in_u750,maximum_training_pool,True,True,finite_consistent,no_padding,3197
LH_963,963,not_in_u750,maximum_training_pool,not_in_u750,maximum_training_pool,not_in_u750,maximum_training_pool,True,True,finite_consistent,no_padding,2764
LH_964,964,not_in_u750,maximum_training_pool,not_in_u750,maximum_training_pool,not_in_u750,maximum_training_pool,True,True,finite_consistent,no_padding,6142
LH_965,965,not_in_u750,maximum_training_pool,not_in_u750,maximum_training_pool,not_in_u750,maximum_training_pool,True,True,finite_consistent,no_padding,1720
LH_966,966,not_in_u750,maximum_training_pool,not_in_u750,maximum_training_pool,not_in_u750,maximum_training_pool,True,True,finite_consistent,no_padding,2722
LH_967,967,not_in_u750,maximum_training_pool,not_in_u750,maximum_training_pool,not_in_u750,maximum_training_pool,True,True,finite_consistent,no_padding,4283
LH_968,968,not_in_u750,maximum_training_pool,not_in_u750,maximum_training_pool,not_in_u750,maximum_training_pool,True,True,finite_consistent,no_padding,5626
LH_969,969,not_in_u750,maximum_training_pool,not_in_u750,maximum_training_pool,not_in_u750,maximum_training_pool,True,True,finite_consistent,no_padding,6088
LH_970,970,not_in_u750,maximum_training_pool,not_in_u750,maximum_training_pool,not_in_u750,maximum_training_pool,True,True,finite_consistent,no_padding,1493
LH_971,971,not_in_u750,maximum_training_pool,not_in_u750,maximum_training_pool,not_in_u750,maximum_training_pool,True,True,finite_consistent,no_padding,5530
LH_972,972,not_in_u750,maximum_training_pool,not_in_u750,maximum_training_pool,not_in_u750,maximum_training_pool,True,True,finite_consistent,no_padding,6481
LH_973,973,not_in_u750,maximum_training_pool,not_in_u750,maximum_training_pool,not_in_u750,maximum_training_pool,True,True,finite_consistent,no_padding,4132
LH_974,974,not_in_u750,maximum_training_pool,not_in_u750,maximum_training_pool,not_in_u750,maximum_training_pool,True,True,finite_consistent,no_padding,6042
LH_975,975,not_in_u750,maximum_training_pool,not_in_u750,maximum_training_pool,not_in_u750,maximum_training_pool,True,True,finite_consistent,no_padding,5309
LH_976,976,not_in_u750,maximum_training_pool,not_in_u750,maximum_training_pool,not_in_u750,maximum_training_pool,True,True,finite_consistent,no_padding,2408
LH_977,977,not_in_u750,maximum_training_pool,not_in_u750,maximum_training_pool,not_in_u750,maximum_training_pool,True,True,finite_consistent,padding_required,507
LH_978,978,not_in_u750,maximum_training_pool,not_in_u750,maximum_training_pool,not_in_u750,maximum_training_pool,True,True,finite_consistent,no_padding,4948
LH_979,979,not_in_u750,maximum_training_pool,not_in_u750,maximum_training_pool,not_in_u750,maximum_training_pool,True,True,finite_consistent,no_padding,1885
LH_980,980,not_in_u750,maximum_training_pool,not_in_u750,maximum_training_pool,not_in_u750,maximum_training_pool,True,True,finite_consistent,no_padding,1528
LH_981,981,not_in_u750,maximum_training_pool,not_in_u750,maximum_training_pool,not_in_u750,maximum_training_pool,True,True,finite_consistent,no_padding,1537
LH_982,982,not_in_u750,maximum_training_pool,not_in_u750,maximum_training_pool,not_in_u750,maximum_training_pool,True,True,finite_consistent,no_padding,3675
LH_983,983,not_in_u750,maximum_training_pool,not_in_u750,maximum_training_pool,not_in_u750,maximum_training_pool,True,True,finite_consistent,no_padding,5913
LH_984,984,not_in_u750,maximum_training_pool,not_in_u750,maximum_training_pool,not_in_u750,maximum_training_pool,True,True,finite_consistent,no_padding,3844
LH_985,985,not_in_u750,maximum_training_pool,not_in_u750,maximum_training_pool,not_in_u750,maximum_training_pool,True,True,finite_consistent,no_padding,5032
LH_986,986,not_in_u750,maximum_training_pool,not_in_u750,maximum_training_pool,not_in_u750,maximum_training_pool,True,True,finite_consistent,no_padding,5876
LH_987,987,not_in_u750,maximum_training_pool,not_in_u750,maximum_training_pool,not_in_u750,maximum_training_pool,True,True,finite_consistent,no_padding,6363
LH_988,988,not_in_u750,maximum_training_pool,not_in_u750,maximum_training_pool,not_in_u750,maximum_training_pool,True,True,finite_consistent,no_padding,4345
LH_989,989,not_in_u750,maximum_training_pool,not_in_u750,maximum_training_pool,not_in_u750,maximum_training_pool,True,True,finite_consistent,no_padding,3653
LH_990,990,not_in_u750,maximum_training_pool,not_in_u750,maximum_training_pool,not_in_u750,maximum_training_pool,True,True,finite_consistent,no_padding,5923
LH_991,991,not_in_u750,maximum_training_pool,not_in_u750,maximum_training_pool,not_in_u750,maximum_training_pool,True,True,finite_consistent,no_padding,1448
LH_992,992,not_in_u750,maximum_training_pool,not_in_u750,maximum_training_pool,not_in_u750,maximum_training_pool,True,True,finite_consistent,no_padding,4116
LH_993,993,not_in_u750,maximum_training_pool,not_in_u750,maximum_training_pool,not_in_u750,maximum_training_pool,True,True,finite_consistent,no_padding,2980
LH_994,994,not_in_u750,maximum_training_pool,not_in_u750,maximum_training_pool,not_in_u750,maximum_training_pool,True,True,finite_consistent,no_padding,5058
LH_995,995,not_in_u750,maximum_training_pool,not_in_u750,maximum_training_pool,not_in_u750,maximum_training_pool,True,True,finite_consistent,no_padding,1139
LH_996,996,not_in_u750,maximum_training_pool,not_in_u750,maximum_training_pool,not_in_u750,maximum_training_pool,True,True,finite_consistent,no_padding,2251
LH_997,997,not_in_u750,maximum_training_pool,not_in_u750,maximum_training_pool,not_in_u750,maximum_training_pool,True,True,finite_consistent,no_padding,5480
LH_998,998,not_in_u750,maximum_training_pool,not_in_u750,maximum_training_pool,not_in_u750,maximum_training_pool,True,True,finite_consistent,no_padding,2705
LH_999,999,not_in_u750,maximum_training_pool,not_in_u750,maximum_training_pool,not_in_u750,maximum_training_pool,True,True,finite_consistent,no_padding,2340
