universe_id,universe_index,snapshot,path,status,error,raw_halo_count,valid_real_halo_count,at_least_1500,padded_slots_top1500,padded_slot_percentage
LH_0,0,0.20000,/home/ml/thesis-camels/data/raw/CAMELS_SIMBA_1000U/LH_0_hlist_0.20000.list,PASS,,350,350,False,1150,76.66666666666667
LH_0,0,0.25000,/home/ml/thesis-camels/data/raw/CAMELS_SIMBA_1000U/LH_0_hlist_0.25000.list,PASS,,1482,1482,False,18,1.2
LH_0,0,0.51209,/home/ml/thesis-camels/data/raw/CAMELS_SIMBA_1000U/LH_0_hlist_0.51209.list,PASS,,4985,4985,True,0,0.0
LH_0,0,0.75065,/home/ml/thesis-camels/data/raw/CAMELS_SIMBA_1000U/LH_0_hlist_0.75065.list,PASS,,5617,5617,True,0,0.0
LH_0,0,1.00000,/home/ml/thesis-camels/data/raw/CAMELS_SIMBA_1000U/LH_0_hlist_1.00000.list,PASS,,6260,6260,True,0,0.0
LH_1,1,0.20000,/home/ml/thesis-camels/data/raw/CAMELS_SIMBA_1000U/LH_1_hlist_0.20000.list,PASS,,1736,1736,True,0,0.0
LH_1,1,0.25000,/home/ml/thesis-camels/data/raw/CAMELS_SIMBA_1000U/LH_1_hlist_0.25000.list,PASS,,3201,3201,True,0,0.0
LH_1,1,0.51209,/home/ml/thesis-camels/data/raw/CAMELS_SIMBA_1000U/LH_1_hlist_0.51209.list,PASS,,4287,4287,True,0,0.0
LH_1,1,0.75065,/home/ml/thesis-camels/data/raw/CAMELS_SIMBA_1000U/LH_1_hlist_0.75065.list,PASS,,4412,4412,True,0,0.0
LH_1,1,1.00000,/home/ml/thesis-camels/data/raw/CAMELS_SIMBA_1000U/LH_1_hlist_1.00000.list,PASS,,4812,4812,True,0,0.0
LH_2,2,0.20000,/home/ml/thesis-camels/data/raw/CAMELS_SIMBA_1000U/LH_2_hlist_0.20000.list,PASS,,7746,7746,True,0,0.0
LH_2,2,0.25000,/home/ml/thesis-camels/data/raw/CAMELS_SIMBA_1000U/LH_2_hlist_0.25000.list,PASS,,8444,8444,True,0,0.0
LH_2,2,0.51209,/home/ml/thesis-camels/data/raw/CAMELS_SIMBA_1000U/LH_2_hlist_0.51209.list,PASS,,7407,7407,True,0,0.0
LH_2,2,0.75065,/home/ml/thesis-camels/data/raw/CAMELS_SIMBA_1000U/LH_2_hlist_0.75065.list,PASS,,6105,6105,True,0,0.0
LH_2,2,1.00000,/home/ml/thesis-camels/data/raw/CAMELS_SIMBA_1000U/LH_2_hlist_1.00000.list,PASS,,5647,5647,True,0,0.0
LH_3,3,0.20000,/home/ml/thesis-camels/data/raw/CAMELS_SIMBA_1000U/LH_3_hlist_0.20000.list,PASS,,3326,3326,True,0,0.0
LH_3,3,0.25000,/home/ml/thesis-camels/data/raw/CAMELS_SIMBA_1000U/LH_3_hlist_0.25000.list,PASS,,4930,4930,True,0,0.0
LH_3,3,0.51209,/home/ml/thesis-camels/data/raw/CAMELS_SIMBA_1000U/LH_3_hlist_0.51209.list,PASS,,7213,7213,True,0,0.0
LH_3,3,0.75065,/home/ml/thesis-camels/data/raw/CAMELS_SIMBA_1000U/LH_3_hlist_0.75065.list,PASS,,6704,6704,True,0,0.0
LH_3,3,1.00000,/home/ml/thesis-camels/data/raw/CAMELS_SIMBA_1000U/LH_3_hlist_1.00000.list,PASS,,6715,6715,True,0,0.0
LH_4,4,0.20000,/home/ml/thesis-camels/data/raw/CAMELS_SIMBA_1000U/LH_4_hlist_0.20000.list,PASS,,6917,6917,True,0,0.0
LH_4,4,0.25000,/home/ml/thesis-camels/data/raw/CAMELS_SIMBA_1000U/LH_4_hlist_0.25000.list,PASS,,7844,7844,True,0,0.0
LH_4,4,0.51209,/home/ml/thesis-camels/data/raw/CAMELS_SIMBA_1000U/LH_4_hlist_0.51209.list,PASS,,7968,7968,True,0,0.0
LH_4,4,0.75065,/home/ml/thesis-camels/data/raw/CAMELS_SIMBA_1000U/LH_4_hlist_0.75065.list,PASS,,6801,6801,True,0,0.0
LH_4,4,1.00000,/home/ml/thesis-camels/data/raw/CAMELS_SIMBA_1000U/LH_4_hlist_1.00000.list,PASS,,6666,6666,True,0,0.0
LH_5,5,0.20000,/home/ml/thesis-camels/data/raw/CAMELS_SIMBA_1000U/LH_5_hlist_0.20000.list,PASS,,806,806,False,694,46.266666666666666
LH_5,5,0.25000,/home/ml/thesis-camels/data/raw/CAMELS_SIMBA_1000U/LH_5_hlist_0.25000.list,PASS,,1946,1946,True,0,0.0
LH_5,5,0.51209,/home/ml/thesis-camels/data/raw/CAMELS_SIMBA_1000U/LH_5_hlist_0.51209.list,PASS,,4256,4256,True,0,0.0
LH_5,5,0.75065,/home/ml/thesis-camels/data/raw/CAMELS_SIMBA_1000U/LH_5_hlist_0.75065.list,PASS,,4638,4638,True,0,0.0
LH_5,5,1.00000,/home/ml/thesis-camels/data/raw/CAMELS_SIMBA_1000U/LH_5_hlist_1.00000.list,PASS,,5184,5184,True,0,0.0
LH_6,6,0.20000,/home/ml/thesis-camels/data/raw/CAMELS_SIMBA_1000U/LH_6_hlist_0.20000.list,PASS,,1780,1780,True,0,0.0
LH_6,6,0.25000,/home/ml/thesis-camels/data/raw/CAMELS_SIMBA_1000U/LH_6_hlist_0.25000.list,PASS,,2795,2795,True,0,0.0
LH_6,6,0.51209,/home/ml/thesis-camels/data/raw/CAMELS_SIMBA_1000U/LH_6_hlist_0.51209.list,PASS,,4856,4856,True,0,0.0
LH_6,6,0.75065,/home/ml/thesis-camels/data/raw/CAMELS_SIMBA_1000U/LH_6_hlist_0.75065.list,PASS,,5216,5216,True,0,0.0
LH_6,6,1.00000,/home/ml/thesis-camels/data/raw/CAMELS_SIMBA_1000U/LH_6_hlist_1.00000.list,PASS,,5740,5740,True,0,0.0
LH_7,7,0.20000,/home/ml/thesis-camels/data/raw/CAMELS_SIMBA_1000U/LH_7_hlist_0.20000.list,PASS,,3220,3220,True,0,0.0
LH_7,7,0.25000,/home/ml/thesis-camels/data/raw/CAMELS_SIMBA_1000U/LH_7_hlist_0.25000.list,PASS,,4847,4847,True,0,0.0
LH_7,7,0.51209,/home/ml/thesis-camels/data/raw/CAMELS_SIMBA_1000U/LH_7_hlist_0.51209.list,PASS,,8071,8071,True,0,0.0
LH_7,7,0.75065,/home/ml/thesis-camels/data/raw/CAMELS_SIMBA_1000U/LH_7_hlist_0.75065.list,PASS,,7767,7767,True,0,0.0
LH_7,7,1.00000,/home/ml/thesis-camels/data/raw/CAMELS_SIMBA_1000U/LH_7_hlist_1.00000.list,PASS,,7817,7817,True,0,0.0
LH_8,8,0.20000,/home/ml/thesis-camels/data/raw/CAMELS_SIMBA_1000U/LH_8_hlist_0.20000.list,PASS,,6285,6285,True,0,0.0
LH_8,8,0.25000,/home/ml/thesis-camels/data/raw/CAMELS_SIMBA_1000U/LH_8_hlist_0.25000.list,PASS,,7756,7756,True,0,0.0
LH_8,8,0.51209,/home/ml/thesis-camels/data/raw/CAMELS_SIMBA_1000U/LH_8_hlist_0.51209.list,PASS,,7619,7619,True,0,0.0
LH_8,8,0.75065,/home/ml/thesis-camels/data/raw/CAMELS_SIMBA_1000U/LH_8_hlist_0.75065.list,PASS,,6554,6554,True,0,0.0
LH_8,8,1.00000,/home/ml/thesis-camels/data/raw/CAMELS_SIMBA_1000U/LH_8_hlist_1.00000.list,PASS,,6464,6464,True,0,0.0
LH_9,9,0.20000,/home/ml/thesis-camels/data/raw/CAMELS_SIMBA_1000U/LH_9_hlist_0.20000.list,PASS,,3003,3003,True,0,0.0
LH_9,9,0.25000,/home/ml/thesis-camels/data/raw/CAMELS_SIMBA_1000U/LH_9_hlist_0.25000.list,PASS,,4374,4374,True,0,0.0
LH_9,9,0.51209,/home/ml/thesis-camels/data/raw/CAMELS_SIMBA_1000U/LH_9_hlist_0.51209.list,PASS,,6452,6452,True,0,0.0
LH_9,9,0.75065,/home/ml/thesis-camels/data/raw/CAMELS_SIMBA_1000U/LH_9_hlist_0.75065.list,PASS,,6439,6439,True,0,0.0
LH_9,9,1.00000,/home/ml/thesis-camels/data/raw/CAMELS_SIMBA_1000U/LH_9_hlist_1.00000.list,PASS,,6776,6776,True,0,0.0
LH_10,10,0.20000,/home/ml/thesis-camels/data/raw/CAMELS_SIMBA_1000U/LH_10_hlist_0.20000.list,PASS,,2838,2838,True,0,0.0
LH_10,10,0.25000,/home/ml/thesis-camels/data/raw/CAMELS_SIMBA_1000U/LH_10_hlist_0.25000.list,PASS,,4195,4195,True,0,0.0
LH_10,10,0.51209,/home/ml/thesis-camels/data/raw/CAMELS_SIMBA_1000U/LH_10_hlist_0.51209.list,PASS,,6131,6131,True,0,0.0
LH_10,10,0.75065,/home/ml/thesis-camels/data/raw/CAMELS_SIMBA_1000U/LH_10_hlist_0.75065.list,PASS,,5996,5996,True,0,0.0
LH_10,10,1.00000,/home/ml/thesis-camels/data/raw/CAMELS_SIMBA_1000U/LH_10_hlist_1.00000.list,PASS,,6316,6316,True,0,0.0
LH_11,11,0.20000,/home/ml/thesis-camels/data/raw/CAMELS_SIMBA_1000U/LH_11_hlist_0.20000.list,PASS,,7579,7579,True,0,0.0
LH_11,11,0.25000,/home/ml/thesis-camels/data/raw/CAMELS_SIMBA_1000U/LH_11_hlist_0.25000.list,PASS,,8614,8614,True,0,0.0
LH_11,11,0.51209,/home/ml/thesis-camels/data/raw/CAMELS_SIMBA_1000U/LH_11_hlist_0.51209.list,PASS,,8190,8190,True,0,0.0
LH_11,11,0.75065,/home/ml/thesis-camels/data/raw/CAMELS_SIMBA_1000U/LH_11_hlist_0.75065.list,PASS,,7004,7004,True,0,0.0
LH_11,11,1.00000,/home/ml/thesis-camels/data/raw/CAMELS_SIMBA_1000U/LH_11_hlist_1.00000.list,PASS,,6553,6553,True,0,0.0
LH_12,12,0.20000,/home/ml/thesis-camels/data/raw/CAMELS_SIMBA_1000U/LH_12_hlist_0.20000.list,PASS,,2268,2268,True,0,0.0
LH_12,12,0.25000,/home/ml/thesis-camels/data/raw/CAMELS_SIMBA_1000U/LH_12_hlist_0.25000.list,PASS,,4041,4041,True,0,0.0
LH_12,12,0.51209,/home/ml/thesis-camels/data/raw/CAMELS_SIMBA_1000U/LH_12_hlist_0.51209.list,PASS,,7578,7578,True,0,0.0
LH_12,12,0.75065,/home/ml/thesis-camels/data/raw/CAMELS_SIMBA_1000U/LH_12_hlist_0.75065.list,PASS,,7320,7320,True,0,0.0
LH_12,12,1.00000,/home/ml/thesis-camels/data/raw/CAMELS_SIMBA_1000U/LH_12_hlist_1.00000.list,PASS,,7525,7525,True,0,0.0
LH_13,13,0.20000,/home/ml/thesis-camels/data/raw/CAMELS_SIMBA_1000U/LH_13_hlist_0.20000.list,PASS,,2803,2803,True,0,0.0
LH_13,13,0.25000,/home/ml/thesis-camels/data/raw/CAMELS_SIMBA_1000U/LH_13_hlist_0.25000.list,PASS,,4443,4443,True,0,0.0
LH_13,13,0.51209,/home/ml/thesis-camels/data/raw/CAMELS_SIMBA_1000U/LH_13_hlist_0.51209.list,PASS,,7251,7251,True,0,0.0
LH_13,13,0.75065,/home/ml/thesis-camels/data/raw/CAMELS_SIMBA_1000U/LH_13_hlist_0.75065.list,PASS,,6963,6963,True,0,0.0
LH_13,13,1.00000,/home/ml/thesis-camels/data/raw/CAMELS_SIMBA_1000U/LH_13_hlist_1.00000.list,PASS,,7337,7337,True,0,0.0
LH_14,14,0.20000,/home/ml/thesis-camels/data/raw/CAMELS_SIMBA_1000U/LH_14_hlist_0.20000.list,PASS,,5671,5671,True,0,0.0
LH_14,14,0.25000,/home/ml/thesis-camels/data/raw/CAMELS_SIMBA_1000U/LH_14_hlist_0.25000.list,PASS,,6962,6962,True,0,0.0
LH_14,14,0.51209,/home/ml/thesis-camels/data/raw/CAMELS_SIMBA_1000U/LH_14_hlist_0.51209.list,PASS,,7975,7975,True,0,0.0
LH_14,14,0.75065,/home/ml/thesis-camels/data/raw/CAMELS_SIMBA_1000U/LH_14_hlist_0.75065.list,PASS,,7013,7013,True,0,0.0
LH_14,14,1.00000,/home/ml/thesis-camels/data/raw/CAMELS_SIMBA_1000U/LH_14_hlist_1.00000.list,PASS,,6724,6724,True,0,0.0
LH_15,15,0.20000,/home/ml/thesis-camels/data/raw/CAMELS_SIMBA_1000U/LH_15_hlist_0.20000.list,PASS,,3369,3369,True,0,0.0
LH_15,15,0.25000,/home/ml/thesis-camels/data/raw/CAMELS_SIMBA_1000U/LH_15_hlist_0.25000.list,PASS,,4809,4809,True,0,0.0
LH_15,15,0.51209,/home/ml/thesis-camels/data/raw/CAMELS_SIMBA_1000U/LH_15_hlist_0.51209.list,PASS,,6162,6162,True,0,0.0
LH_15,15,0.75065,/home/ml/thesis-camels/data/raw/CAMELS_SIMBA_1000U/LH_15_hlist_0.75065.list,PASS,,5993,5993,True,0,0.0
LH_15,15,1.00000,/home/ml/thesis-camels/data/raw/CAMELS_SIMBA_1000U/LH_15_hlist_1.00000.list,PASS,,6319,6319,True,0,0.0
LH_16,16,0.20000,/home/ml/thesis-camels/data/raw/CAMELS_SIMBA_1000U/LH_16_hlist_0.20000.list,PASS,,1044,1044,False,456,30.4
LH_16,16,0.25000,/home/ml/thesis-camels/data/raw/CAMELS_SIMBA_1000U/LH_16_hlist_0.25000.list,PASS,,2217,2217,True,0,0.0
LH_16,16,0.51209,/home/ml/thesis-camels/data/raw/CAMELS_SIMBA_1000U/LH_16_hlist_0.51209.list,PASS,,5860,5860,True,0,0.0
LH_16,16,0.75065,/home/ml/thesis-camels/data/raw/CAMELS_SIMBA_1000U/LH_16_hlist_0.75065.list,PASS,,6369,6369,True,0,0.0
LH_16,16,1.00000,/home/ml/thesis-camels/data/raw/CAMELS_SIMBA_1000U/LH_16_hlist_1.00000.list,PASS,,6890,6890,True,0,0.0
LH_17,17,0.20000,/home/ml/thesis-camels/data/raw/CAMELS_SIMBA_1000U/LH_17_hlist_0.20000.list,PASS,,3578,3578,True,0,0.0
LH_17,17,0.25000,/home/ml/thesis-camels/data/raw/CAMELS_SIMBA_1000U/LH_17_hlist_0.25000.list,PASS,,5152,5152,True,0,0.0
LH_17,17,0.51209,/home/ml/thesis-camels/data/raw/CAMELS_SIMBA_1000U/LH_17_hlist_0.51209.list,PASS,,7539,7539,True,0,0.0
LH_17,17,0.75065,/home/ml/thesis-camels/data/raw/CAMELS_SIMBA_1000U/LH_17_hlist_0.75065.list,PASS,,7306,7306,True,0,0.0
LH_17,17,1.00000,/home/ml/thesis-camels/data/raw/CAMELS_SIMBA_1000U/LH_17_hlist_1.00000.list,PASS,,7446,7446,True,0,0.0
LH_18,18,0.20000,/home/ml/thesis-camels/data/raw/CAMELS_SIMBA_1000U/LH_18_hlist_0.20000.list,PASS,,7088,7088,True,0,0.0
LH_18,18,0.25000,/home/ml/thesis-camels/data/raw/CAMELS_SIMBA_1000U/LH_18_hlist_0.25000.list,PASS,,8381,8381,True,0,0.0
LH_18,18,0.51209,/home/ml/thesis-camels/data/raw/CAMELS_SIMBA_1000U/LH_18_hlist_0.51209.list,PASS,,8128,8128,True,0,0.0
LH_18,18,0.75065,/home/ml/thesis-camels/data/raw/CAMELS_SIMBA_1000U/LH_18_hlist_0.75065.list,PASS,,7031,7031,True,0,0.0
LH_18,18,1.00000,/home/ml/thesis-camels/data/raw/CAMELS_SIMBA_1000U/LH_18_hlist_1.00000.list,PASS,,6550,6550,True,0,0.0
LH_19,19,0.20000,/home/ml/thesis-camels/data/raw/CAMELS_SIMBA_1000U/LH_19_hlist_0.20000.list,PASS,,6562,6562,True,0,0.0
LH_19,19,0.25000,/home/ml/thesis-camels/data/raw/CAMELS_SIMBA_1000U/LH_19_hlist_0.25000.list,PASS,,7568,7568,True,0,0.0
LH_19,19,0.51209,/home/ml/thesis-camels/data/raw/CAMELS_SIMBA_1000U/LH_19_hlist_0.51209.list,PASS,,7383,7383,True,0,0.0
LH_19,19,0.75065,/home/ml/thesis-camels/data/raw/CAMELS_SIMBA_1000U/LH_19_hlist_0.75065.list,PASS,,6455,6455,True,0,0.0
LH_19,19,1.00000,/home/ml/thesis-camels/data/raw/CAMELS_SIMBA_1000U/LH_19_hlist_1.00000.list,PASS,,6413,6413,True,0,0.0
LH_20,20,0.20000,/home/ml/thesis-camels/data/raw/CAMELS_SIMBA_1000U/LH_20_hlist_0.20000.list,PASS,,1317,1317,False,183,12.2
LH_20,20,0.25000,/home/ml/thesis-camels/data/raw/CAMELS_SIMBA_1000U/LH_20_hlist_0.25000.list,PASS,,2483,2483,True,0,0.0
LH_20,20,0.51209,/home/ml/thesis-camels/data/raw/CAMELS_SIMBA_1000U/LH_20_hlist_0.51209.list,PASS,,5253,5253,True,0,0.0
LH_20,20,0.75065,/home/ml/thesis-camels/data/raw/CAMELS_SIMBA_1000U/LH_20_hlist_0.75065.list,PASS,,5782,5782,True,0,0.0
LH_20,20,1.00000,/home/ml/thesis-camels/data/raw/CAMELS_SIMBA_1000U/LH_20_hlist_1.00000.list,PASS,,6348,6348,True,0,0.0
LH_21,21,0.20000,/home/ml/thesis-camels/data/raw/CAMELS_SIMBA_1000U/LH_21_hlist_0.20000.list,PASS,,2329,2329,True,0,0.0
LH_21,21,0.25000,/home/ml/thesis-camels/data/raw/CAMELS_SIMBA_1000U/LH_21_hlist_0.25000.list,PASS,,3586,3586,True,0,0.0
LH_21,21,0.51209,/home/ml/thesis-camels/data/raw/CAMELS_SIMBA_1000U/LH_21_hlist_0.51209.list,PASS,,5247,5247,True,0,0.0
LH_21,21,0.75065,/home/ml/thesis-camels/data/raw/CAMELS_SIMBA_1000U/LH_21_hlist_0.75065.list,PASS,,5182,5182,True,0,0.0
LH_21,21,1.00000,/home/ml/thesis-camels/data/raw/CAMELS_SIMBA_1000U/LH_21_hlist_1.00000.list,PASS,,5622,5622,True,0,0.0
LH_22,22,0.20000,/home/ml/thesis-camels/data/raw/CAMELS_SIMBA_1000U/LH_22_hlist_0.20000.list,PASS,,3105,3105,True,0,0.0
LH_22,22,0.25000,/home/ml/thesis-camels/data/raw/CAMELS_SIMBA_1000U/LH_22_hlist_0.25000.list,PASS,,4488,4488,True,0,0.0
LH_22,22,0.51209,/home/ml/thesis-camels/data/raw/CAMELS_SIMBA_1000U/LH_22_hlist_0.51209.list,PASS,,6270,6270,True,0,0.0
LH_22,22,0.75065,/home/ml/thesis-camels/data/raw/CAMELS_SIMBA_1000U/LH_22_hlist_0.75065.list,PASS,,6139,6139,True,0,0.0
LH_22,22,1.00000,/home/ml/thesis-camels/data/raw/CAMELS_SIMBA_1000U/LH_22_hlist_1.00000.list,PASS,,6437,6437,True,0,0.0
LH_23,23,0.20000,/home/ml/thesis-camels/data/raw/CAMELS_SIMBA_1000U/LH_23_hlist_0.20000.list,PASS,,7570,7570,True,0,0.0
LH_23,23,0.25000,/home/ml/thesis-camels/data/raw/CAMELS_SIMBA_1000U/LH_23_hlist_0.25000.list,PASS,,8261,8261,True,0,0.0
LH_23,23,0.51209,/home/ml/thesis-camels/data/raw/CAMELS_SIMBA_1000U/LH_23_hlist_0.51209.list,PASS,,7262,7262,True,0,0.0
LH_23,23,0.75065,/home/ml/thesis-camels/data/raw/CAMELS_SIMBA_1000U/LH_23_hlist_0.75065.list,PASS,,6273,6273,True,0,0.0
LH_23,23,1.00000,/home/ml/thesis-camels/data/raw/CAMELS_SIMBA_1000U/LH_23_hlist_1.00000.list,PASS,,6006,6006,True,0,0.0
LH_24,24,0.20000,/home/ml/thesis-camels/data/raw/CAMELS_SIMBA_1000U/LH_24_hlist_0.20000.list,PASS,,2115,2115,True,0,0.0
LH_24,24,0.25000,/home/ml/thesis-camels/data/raw/CAMELS_SIMBA_1000U/LH_24_hlist_0.25000.list,PASS,,3660,3660,True,0,0.0
LH_24,24,0.51209,/home/ml/thesis-camels/data/raw/CAMELS_SIMBA_1000U/LH_24_hlist_0.51209.list,PASS,,6457,6457,True,0,0.0
LH_24,24,0.75065,/home/ml/thesis-camels/data/raw/CAMELS_SIMBA_1000U/LH_24_hlist_0.75065.list,PASS,,6533,6533,True,0,0.0
LH_24,24,1.00000,/home/ml/thesis-camels/data/raw/CAMELS_SIMBA_1000U/LH_24_hlist_1.00000.list,PASS,,6835,6835,True,0,0.0
LH_25,25,0.20000,/home/ml/thesis-camels/data/raw/CAMELS_SIMBA_1000U/LH_25_hlist_0.20000.list,PASS,,6745,6745,True,0,0.0
LH_25,25,0.25000,/home/ml/thesis-camels/data/raw/CAMELS_SIMBA_1000U/LH_25_hlist_0.25000.list,PASS,,7654,7654,True,0,0.0
LH_25,25,0.51209,/home/ml/thesis-camels/data/raw/CAMELS_SIMBA_1000U/LH_25_hlist_0.51209.list,PASS,,6986,6986,True,0,0.0
LH_25,25,0.75065,/home/ml/thesis-camels/data/raw/CAMELS_SIMBA_1000U/LH_25_hlist_0.75065.list,PASS,,6229,6229,True,0,0.0
LH_25,25,1.00000,/home/ml/thesis-camels/data/raw/CAMELS_SIMBA_1000U/LH_25_hlist_1.00000.list,PASS,,6226,6226,True,0,0.0
LH_26,26,0.20000,/home/ml/thesis-camels/data/raw/CAMELS_SIMBA_1000U/LH_26_hlist_0.20000.list,PASS,,4513,4513,True,0,0.0
LH_26,26,0.25000,/home/ml/thesis-camels/data/raw/CAMELS_SIMBA_1000U/LH_26_hlist_0.25000.list,PASS,,5801,5801,True,0,0.0
LH_26,26,0.51209,/home/ml/thesis-camels/data/raw/CAMELS_SIMBA_1000U/LH_26_hlist_0.51209.list,PASS,,5721,5721,True,0,0.0
LH_26,26,0.75065,/home/ml/thesis-camels/data/raw/CAMELS_SIMBA_1000U/LH_26_hlist_0.75065.list,PASS,,5106,5106,True,0,0.0
LH_26,26,1.00000,/home/ml/thesis-camels/data/raw/CAMELS_SIMBA_1000U/LH_26_hlist_1.00000.list,PASS,,5451,5451,True,0,0.0
LH_27,27,0.20000,/home/ml/thesis-camels/data/raw/CAMELS_SIMBA_1000U/LH_27_hlist_0.20000.list,PASS,,6425,6425,True,0,0.0
LH_27,27,0.25000,/home/ml/thesis-camels/data/raw/CAMELS_SIMBA_1000U/LH_27_hlist_0.25000.list,PASS,,7613,7613,True,0,0.0
LH_27,27,0.51209,/home/ml/thesis-camels/data/raw/CAMELS_SIMBA_1000U/LH_27_hlist_0.51209.list,PASS,,7647,7647,True,0,0.0
LH_27,27,0.75065,/home/ml/thesis-camels/data/raw/CAMELS_SIMBA_1000U/LH_27_hlist_0.75065.list,PASS,,6794,6794,True,0,0.0
LH_27,27,1.00000,/home/ml/thesis-camels/data/raw/CAMELS_SIMBA_1000U/LH_27_hlist_1.00000.list,PASS,,6518,6518,True,0,0.0
LH_28,28,0.20000,/home/ml/thesis-camels/data/raw/CAMELS_SIMBA_1000U/LH_28_hlist_0.20000.list,PASS,,6091,6091,True,0,0.0
LH_28,28,0.25000,/home/ml/thesis-camels/data/raw/CAMELS_SIMBA_1000U/LH_28_hlist_0.25000.list,PASS,,7220,7220,True,0,0.0
LH_28,28,0.51209,/home/ml/thesis-camels/data/raw/CAMELS_SIMBA_1000U/LH_28_hlist_0.51209.list,PASS,,6692,6692,True,0,0.0
LH_28,28,0.75065,/home/ml/thesis-camels/data/raw/CAMELS_SIMBA_1000U/LH_28_hlist_0.75065.list,PASS,,5923,5923,True,0,0.0
LH_28,28,1.00000,/home/ml/thesis-camels/data/raw/CAMELS_SIMBA_1000U/LH_28_hlist_1.00000.list,PASS,,6000,6000,True,0,0.0
LH_29,29,0.20000,/home/ml/thesis-camels/data/raw/CAMELS_SIMBA_1000U/LH_29_hlist_0.20000.list,PASS,,3290,3290,True,0,0.0
LH_29,29,0.25000,/home/ml/thesis-camels/data/raw/CAMELS_SIMBA_1000U/LH_29_hlist_0.25000.list,PASS,,4650,4650,True,0,0.0
LH_29,29,0.51209,/home/ml/thesis-camels/data/raw/CAMELS_SIMBA_1000U/LH_29_hlist_0.51209.list,PASS,,5356,5356,True,0,0.0
LH_29,29,0.75065,/home/ml/thesis-camels/data/raw/CAMELS_SIMBA_1000U/LH_29_hlist_0.75065.list,PASS,,5076,5076,True,0,0.0
LH_29,29,1.00000,/home/ml/thesis-camels/data/raw/CAMELS_SIMBA_1000U/LH_29_hlist_1.00000.list,PASS,,5476,5476,True,0,0.0
LH_30,30,0.20000,/home/ml/thesis-camels/data/raw/CAMELS_SIMBA_1000U/LH_30_hlist_0.20000.list,PASS,,2111,2111,True,0,0.0
LH_30,30,0.25000,/home/ml/thesis-camels/data/raw/CAMELS_SIMBA_1000U/LH_30_hlist_0.25000.list,PASS,,3373,3373,True,0,0.0
LH_30,30,0.51209,/home/ml/thesis-camels/data/raw/CAMELS_SIMBA_1000U/LH_30_hlist_0.51209.list,PASS,,5689,5689,True,0,0.0
LH_30,30,0.75065,/home/ml/thesis-camels/data/raw/CAMELS_SIMBA_1000U/LH_30_hlist_0.75065.list,PASS,,5704,5704,True,0,0.0
LH_30,30,1.00000,/home/ml/thesis-camels/data/raw/CAMELS_SIMBA_1000U/LH_30_hlist_1.00000.list,PASS,,6155,6155,True,0,0.0
LH_31,31,0.20000,/home/ml/thesis-camels/data/raw/CAMELS_SIMBA_1000U/LH_31_hlist_0.20000.list,PASS,,5376,5376,True,0,0.0
LH_31,31,0.25000,/home/ml/thesis-camels/data/raw/CAMELS_SIMBA_1000U/LH_31_hlist_0.25000.list,PASS,,6988,6988,True,0,0.0
LH_31,31,0.51209,/home/ml/thesis-camels/data/raw/CAMELS_SIMBA_1000U/LH_31_hlist_0.51209.list,PASS,,9059,9059,True,0,0.0
LH_31,31,0.75065,/home/ml/thesis-camels/data/raw/CAMELS_SIMBA_1000U/LH_31_hlist_0.75065.list,PASS,,8112,8112,True,0,0.0
LH_31,31,1.00000,/home/ml/thesis-camels/data/raw/CAMELS_SIMBA_1000U/LH_31_hlist_1.00000.list,PASS,,7801,7801,True,0,0.0
LH_32,32,0.20000,/home/ml/thesis-camels/data/raw/CAMELS_SIMBA_1000U/LH_32_hlist_0.20000.list,PASS,,6522,6522,True,0,0.0
LH_32,32,0.25000,/home/ml/thesis-camels/data/raw/CAMELS_SIMBA_1000U/LH_32_hlist_0.25000.list,PASS,,7469,7469,True,0,0.0
LH_32,32,0.51209,/home/ml/thesis-camels/data/raw/CAMELS_SIMBA_1000U/LH_32_hlist_0.51209.list,PASS,,7428,7428,True,0,0.0
LH_32,32,0.75065,/home/ml/thesis-camels/data/raw/CAMELS_SIMBA_1000U/LH_32_hlist_0.75065.list,PASS,,6650,6650,True,0,0.0
LH_32,32,1.00000,/home/ml/thesis-camels/data/raw/CAMELS_SIMBA_1000U/LH_32_hlist_1.00000.list,PASS,,6663,6663,True,0,0.0
LH_33,33,0.20000,/home/ml/thesis-camels/data/raw/CAMELS_SIMBA_1000U/LH_33_hlist_0.20000.list,PASS,,7808,7808,True,0,0.0
LH_33,33,0.25000,/home/ml/thesis-camels/data/raw/CAMELS_SIMBA_1000U/LH_33_hlist_0.25000.list,PASS,,8598,8598,True,0,0.0
LH_33,33,0.51209,/home/ml/thesis-camels/data/raw/CAMELS_SIMBA_1000U/LH_33_hlist_0.51209.list,PASS,,8071,8071,True,0,0.0
LH_33,33,0.75065,/home/ml/thesis-camels/data/raw/CAMELS_SIMBA_1000U/LH_33_hlist_0.75065.list,PASS,,6718,6718,True,0,0.0
LH_33,33,1.00000,/home/ml/thesis-camels/data/raw/CAMELS_SIMBA_1000U/LH_33_hlist_1.00000.list,PASS,,6285,6285,True,0,0.0
LH_34,34,0.20000,/home/ml/thesis-camels/data/raw/CAMELS_SIMBA_1000U/LH_34_hlist_0.20000.list,PASS,,4009,4009,True,0,0.0
LH_34,34,0.25000,/home/ml/thesis-camels/data/raw/CAMELS_SIMBA_1000U/LH_34_hlist_0.25000.list,PASS,,5535,5535,True,0,0.0
LH_34,34,0.51209,/home/ml/thesis-camels/data/raw/CAMELS_SIMBA_1000U/LH_34_hlist_0.51209.list,PASS,,6969,6969,True,0,0.0
LH_34,34,0.75065,/home/ml/thesis-camels/data/raw/CAMELS_SIMBA_1000U/LH_34_hlist_0.75065.list,PASS,,6621,6621,True,0,0.0
LH_34,34,1.00000,/home/ml/thesis-camels/data/raw/CAMELS_SIMBA_1000U/LH_34_hlist_1.00000.list,PASS,,6693,6693,True,0,0.0
LH_35,35,0.20000,/home/ml/thesis-camels/data/raw/CAMELS_SIMBA_1000U/LH_35_hlist_0.20000.list,PASS,,3354,3354,True,0,0.0
LH_35,35,0.25000,/home/ml/thesis-camels/data/raw/CAMELS_SIMBA_1000U/LH_35_hlist_0.25000.list,PASS,,4910,4910,True,0,0.0
LH_35,35,0.51209,/home/ml/thesis-camels/data/raw/CAMELS_SIMBA_1000U/LH_35_hlist_0.51209.list,PASS,,7509,7509,True,0,0.0
LH_35,35,0.75065,/home/ml/thesis-camels/data/raw/CAMELS_SIMBA_1000U/LH_35_hlist_0.75065.list,PASS,,6941,6941,True,0,0.0
LH_35,35,1.00000,/home/ml/thesis-camels/data/raw/CAMELS_SIMBA_1000U/LH_35_hlist_1.00000.list,PASS,,7246,7246,True,0,0.0
LH_36,36,0.20000,/home/ml/thesis-camels/data/raw/CAMELS_SIMBA_1000U/LH_36_hlist_0.20000.list,PASS,,3726,3726,True,0,0.0
LH_36,36,0.25000,/home/ml/thesis-camels/data/raw/CAMELS_SIMBA_1000U/LH_36_hlist_0.25000.list,PASS,,5303,5303,True,0,0.0
LH_36,36,0.51209,/home/ml/thesis-camels/data/raw/CAMELS_SIMBA_1000U/LH_36_hlist_0.51209.list,PASS,,7522,7522,True,0,0.0
LH_36,36,0.75065,/home/ml/thesis-camels/data/raw/CAMELS_SIMBA_1000U/LH_36_hlist_0.75065.list,PASS,,7142,7142,True,0,0.0
LH_36,36,1.00000,/home/ml/thesis-camels/data/raw/CAMELS_SIMBA_1000U/LH_36_hlist_1.00000.list,PASS,,7110,7110,True,0,0.0
LH_37,37,0.20000,/home/ml/thesis-camels/data/raw/CAMELS_SIMBA_1000U/LH_37_hlist_0.20000.list,PASS,,873,873,False,627,41.8
LH_37,37,0.25000,/home/ml/thesis-camels/data/raw/CAMELS_SIMBA_1000U/LH_37_hlist_0.25000.list,PASS,,1891,1891,True,0,0.0
LH_37,37,0.51209,/home/ml/thesis-camels/data/raw/CAMELS_SIMBA_1000U/LH_37_hlist_0.51209.list,PASS,,4154,4154,True,0,0.0
LH_37,37,0.75065,/home/ml/thesis-camels/data/raw/CAMELS_SIMBA_1000U/LH_37_hlist_0.75065.list,PASS,,4559,4559,True,0,0.0
LH_37,37,1.00000,/home/ml/thesis-camels/data/raw/CAMELS_SIMBA_1000U/LH_37_hlist_1.00000.list,PASS,,5230,5230,True,0,0.0
LH_38,38,0.20000,/home/ml/thesis-camels/data/raw/CAMELS_SIMBA_1000U/LH_38_hlist_0.20000.list,PASS,,5061,5061,True,0,0.0
LH_38,38,0.25000,/home/ml/thesis-camels/data/raw/CAMELS_SIMBA_1000U/LH_38_hlist_0.25000.list,PASS,,6640,6640,True,0,0.0
LH_38,38,0.51209,/home/ml/thesis-camels/data/raw/CAMELS_SIMBA_1000U/LH_38_hlist_0.51209.list,PASS,,8536,8536,True,0,0.0
LH_38,38,0.75065,/home/ml/thesis-camels/data/raw/CAMELS_SIMBA_1000U/LH_38_hlist_0.75065.list,PASS,,7592,7592,True,0,0.0
LH_38,38,1.00000,/home/ml/thesis-camels/data/raw/CAMELS_SIMBA_1000U/LH_38_hlist_1.00000.list,PASS,,7349,7349,True,0,0.0
LH_39,39,0.20000,/home/ml/thesis-camels/data/raw/CAMELS_SIMBA_1000U/LH_39_hlist_0.20000.list,PASS,,4620,4620,True,0,0.0
LH_39,39,0.25000,/home/ml/thesis-camels/data/raw/CAMELS_SIMBA_1000U/LH_39_hlist_0.25000.list,PASS,,6227,6227,True,0,0.0
LH_39,39,0.51209,/home/ml/thesis-camels/data/raw/CAMELS_SIMBA_1000U/LH_39_hlist_0.51209.list,PASS,,7796,7796,True,0,0.0
LH_39,39,0.75065,/home/ml/thesis-camels/data/raw/CAMELS_SIMBA_1000U/LH_39_hlist_0.75065.list,PASS,,7289,7289,True,0,0.0
LH_39,39,1.00000,/home/ml/thesis-camels/data/raw/CAMELS_SIMBA_1000U/LH_39_hlist_1.00000.list,PASS,,7317,7317,True,0,0.0
LH_40,40,0.20000,/home/ml/thesis-camels/data/raw/CAMELS_SIMBA_1000U/LH_40_hlist_0.20000.list,PASS,,4220,4220,True,0,0.0
LH_40,40,0.25000,/home/ml/thesis-camels/data/raw/CAMELS_SIMBA_1000U/LH_40_hlist_0.25000.list,PASS,,5755,5755,True,0,0.0
LH_40,40,0.51209,/home/ml/thesis-camels/data/raw/CAMELS_SIMBA_1000U/LH_40_hlist_0.51209.list,PASS,,7377,7377,True,0,0.0
LH_40,40,0.75065,/home/ml/thesis-camels/data/raw/CAMELS_SIMBA_1000U/LH_40_hlist_0.75065.list,PASS,,7064,7064,True,0,0.0
LH_40,40,1.00000,/home/ml/thesis-camels/data/raw/CAMELS_SIMBA_1000U/LH_40_hlist_1.00000.list,PASS,,7117,7117,True,0,0.0
LH_41,41,0.20000,/home/ml/thesis-camels/data/raw/CAMELS_SIMBA_1000U/LH_41_hlist_0.20000.list,PASS,,6330,6330,True,0,0.0
LH_41,41,0.25000,/home/ml/thesis-camels/data/raw/CAMELS_SIMBA_1000U/LH_41_hlist_0.25000.list,PASS,,7631,7631,True,0,0.0
LH_41,41,0.51209,/home/ml/thesis-camels/data/raw/CAMELS_SIMBA_1000U/LH_41_hlist_0.51209.list,PASS,,7746,7746,True,0,0.0
LH_41,41,0.75065,/home/ml/thesis-camels/data/raw/CAMELS_SIMBA_1000U/LH_41_hlist_0.75065.list,PASS,,6854,6854,True,0,0.0
LH_41,41,1.00000,/home/ml/thesis-camels/data/raw/CAMELS_SIMBA_1000U/LH_41_hlist_1.00000.list,PASS,,6580,6580,True,0,0.0
LH_42,42,0.20000,/home/ml/thesis-camels/data/raw/CAMELS_SIMBA_1000U/LH_42_hlist_0.20000.list,PASS,,2774,2774,True,0,0.0
LH_42,42,0.25000,/home/ml/thesis-camels/data/raw/CAMELS_SIMBA_1000U/LH_42_hlist_0.25000.list,PASS,,3776,3776,True,0,0.0
LH_42,42,0.51209,/home/ml/thesis-camels/data/raw/CAMELS_SIMBA_1000U/LH_42_hlist_0.51209.list,PASS,,4559,4559,True,0,0.0
LH_42,42,0.75065,/home/ml/thesis-camels/data/raw/CAMELS_SIMBA_1000U/LH_42_hlist_0.75065.list,PASS,,4707,4707,True,0,0.0
LH_42,42,1.00000,/home/ml/thesis-camels/data/raw/CAMELS_SIMBA_1000U/LH_42_hlist_1.00000.list,PASS,,5067,5067,True,0,0.0
LH_43,43,0.20000,/home/ml/thesis-camels/data/raw/CAMELS_SIMBA_1000U/LH_43_hlist_0.20000.list,PASS,,4686,4686,True,0,0.0
LH_43,43,0.25000,/home/ml/thesis-camels/data/raw/CAMELS_SIMBA_1000U/LH_43_hlist_0.25000.list,PASS,,5834,5834,True,0,0.0
LH_43,43,0.51209,/home/ml/thesis-camels/data/raw/CAMELS_SIMBA_1000U/LH_43_hlist_0.51209.list,PASS,,6021,6021,True,0,0.0
LH_43,43,0.75065,/home/ml/thesis-camels/data/raw/CAMELS_SIMBA_1000U/LH_43_hlist_0.75065.list,PASS,,5448,5448,True,0,0.0
LH_43,43,1.00000,/home/ml/thesis-camels/data/raw/CAMELS_SIMBA_1000U/LH_43_hlist_1.00000.list,PASS,,5639,5639,True,0,0.0
LH_44,44,0.20000,/home/ml/thesis-camels/data/raw/CAMELS_SIMBA_1000U/LH_44_hlist_0.20000.list,PASS,,6677,6677,True,0,0.0
LH_44,44,0.25000,/home/ml/thesis-camels/data/raw/CAMELS_SIMBA_1000U/LH_44_hlist_0.25000.list,PASS,,7478,7478,True,0,0.0
LH_44,44,0.51209,/home/ml/thesis-camels/data/raw/CAMELS_SIMBA_1000U/LH_44_hlist_0.51209.list,PASS,,6746,6746,True,0,0.0
LH_44,44,0.75065,/home/ml/thesis-camels/data/raw/CAMELS_SIMBA_1000U/LH_44_hlist_0.75065.list,PASS,,5775,5775,True,0,0.0
LH_44,44,1.00000,/home/ml/thesis-camels/data/raw/CAMELS_SIMBA_1000U/LH_44_hlist_1.00000.list,PASS,,5819,5819,True,0,0.0
LH_45,45,0.20000,/home/ml/thesis-camels/data/raw/CAMELS_SIMBA_1000U/LH_45_hlist_0.20000.list,PASS,,6388,6388,True,0,0.0
LH_45,45,0.25000,/home/ml/thesis-camels/data/raw/CAMELS_SIMBA_1000U/LH_45_hlist_0.25000.list,PASS,,7275,7275,True,0,0.0
LH_45,45,0.51209,/home/ml/thesis-camels/data/raw/CAMELS_SIMBA_1000U/LH_45_hlist_0.51209.list,PASS,,7124,7124,True,0,0.0
LH_45,45,0.75065,/home/ml/thesis-camels/data/raw/CAMELS_SIMBA_1000U/LH_45_hlist_0.75065.list,PASS,,6166,6166,True,0,0.0
LH_45,45,1.00000,/home/ml/thesis-camels/data/raw/CAMELS_SIMBA_1000U/LH_45_hlist_1.00000.list,PASS,,6264,6264,True,0,0.0
LH_46,46,0.20000,/home/ml/thesis-camels/data/raw/CAMELS_SIMBA_1000U/LH_46_hlist_0.20000.list,PASS,,5006,5006,True,0,0.0
LH_46,46,0.25000,/home/ml/thesis-camels/data/raw/CAMELS_SIMBA_1000U/LH_46_hlist_0.25000.list,PASS,,6400,6400,True,0,0.0
LH_46,46,0.51209,/home/ml/thesis-camels/data/raw/CAMELS_SIMBA_1000U/LH_46_hlist_0.51209.list,PASS,,7475,7475,True,0,0.0
LH_46,46,0.75065,/home/ml/thesis-camels/data/raw/CAMELS_SIMBA_1000U/LH_46_hlist_0.75065.list,PASS,,6877,6877,True,0,0.0
LH_46,46,1.00000,/home/ml/thesis-camels/data/raw/CAMELS_SIMBA_1000U/LH_46_hlist_1.00000.list,PASS,,6694,6694,True,0,0.0
LH_47,47,0.20000,/home/ml/thesis-camels/data/raw/CAMELS_SIMBA_1000U/LH_47_hlist_0.20000.list,PASS,,5059,5059,True,0,0.0
LH_47,47,0.25000,/home/ml/thesis-camels/data/raw/CAMELS_SIMBA_1000U/LH_47_hlist_0.25000.list,PASS,,6599,6599,True,0,0.0
LH_47,47,0.51209,/home/ml/thesis-camels/data/raw/CAMELS_SIMBA_1000U/LH_47_hlist_0.51209.list,PASS,,8524,8524,True,0,0.0
LH_47,47,0.75065,/home/ml/thesis-camels/data/raw/CAMELS_SIMBA_1000U/LH_47_hlist_0.75065.list,PASS,,7713,7713,True,0,0.0
LH_47,47,1.00000,/home/ml/thesis-camels/data/raw/CAMELS_SIMBA_1000U/LH_47_hlist_1.00000.list,PASS,,7525,7525,True,0,0.0
LH_48,48,0.20000,/home/ml/thesis-camels/data/raw/CAMELS_SIMBA_1000U/LH_48_hlist_0.20000.list,PASS,,8621,8621,True,0,0.0
LH_48,48,0.25000,/home/ml/thesis-camels/data/raw/CAMELS_SIMBA_1000U/LH_48_hlist_0.25000.list,PASS,,9043,9043,True,0,0.0
LH_48,48,0.51209,/home/ml/thesis-camels/data/raw/CAMELS_SIMBA_1000U/LH_48_hlist_0.51209.list,PASS,,7596,7596,True,0,0.0
LH_48,48,0.75065,/home/ml/thesis-camels/data/raw/CAMELS_SIMBA_1000U/LH_48_hlist_0.75065.list,PASS,,6216,6216,True,0,0.0
LH_48,48,1.00000,/home/ml/thesis-camels/data/raw/CAMELS_SIMBA_1000U/LH_48_hlist_1.00000.list,PASS,,5815,5815,True,0,0.0
LH_49,49,0.20000,/home/ml/thesis-camels/data/raw/CAMELS_SIMBA_1000U/LH_49_hlist_0.20000.list,PASS,,4710,4710,True,0,0.0
LH_49,49,0.25000,/home/ml/thesis-camels/data/raw/CAMELS_SIMBA_1000U/LH_49_hlist_0.25000.list,PASS,,5930,5930,True,0,0.0
LH_49,49,0.51209,/home/ml/thesis-camels/data/raw/CAMELS_SIMBA_1000U/LH_49_hlist_0.51209.list,PASS,,7181,7181,True,0,0.0
LH_49,49,0.75065,/home/ml/thesis-camels/data/raw/CAMELS_SIMBA_1000U/LH_49_hlist_0.75065.list,PASS,,6585,6585,True,0,0.0
LH_49,49,1.00000,/home/ml/thesis-camels/data/raw/CAMELS_SIMBA_1000U/LH_49_hlist_1.00000.list,PASS,,6810,6810,True,0,0.0
LH_50,50,0.20000,/home/ml/thesis-camels/data/raw/CAMELS_SIMBA_1000U/LH_50_hlist_0.20000.list,PASS,,5698,5698,True,0,0.0
LH_50,50,0.25000,/home/ml/thesis-camels/data/raw/CAMELS_SIMBA_1000U/LH_50_hlist_0.25000.list,PASS,,6841,6841,True,0,0.0
LH_50,50,0.51209,/home/ml/thesis-camels/data/raw/CAMELS_SIMBA_1000U/LH_50_hlist_0.51209.list,PASS,,7384,7384,True,0,0.0
LH_50,50,0.75065,/home/ml/thesis-camels/data/raw/CAMELS_SIMBA_1000U/LH_50_hlist_0.75065.list,PASS,,6576,6576,True,0,0.0
LH_50,50,1.00000,/home/ml/thesis-camels/data/raw/CAMELS_SIMBA_1000U/LH_50_hlist_1.00000.list,PASS,,6534,6534,True,0,0.0
LH_51,51,0.20000,/home/ml/thesis-camels/data/raw/CAMELS_SIMBA_1000U/LH_51_hlist_0.20000.list,PASS,,5763,5763,True,0,0.0
LH_51,51,0.25000,/home/ml/thesis-camels/data/raw/CAMELS_SIMBA_1000U/LH_51_hlist_0.25000.list,PASS,,6661,6661,True,0,0.0
LH_51,51,0.51209,/home/ml/thesis-camels/data/raw/CAMELS_SIMBA_1000U/LH_51_hlist_0.51209.list,PASS,,6666,6666,True,0,0.0
LH_51,51,0.75065,/home/ml/thesis-camels/data/raw/CAMELS_SIMBA_1000U/LH_51_hlist_0.75065.list,PASS,,6184,6184,True,0,0.0
LH_51,51,1.00000,/home/ml/thesis-camels/data/raw/CAMELS_SIMBA_1000U/LH_51_hlist_1.00000.list,PASS,,6244,6244,True,0,0.0
LH_52,52,0.20000,/home/ml/thesis-camels/data/raw/CAMELS_SIMBA_1000U/LH_52_hlist_0.20000.list,PASS,,7768,7768,True,0,0.0
LH_52,52,0.25000,/home/ml/thesis-camels/data/raw/CAMELS_SIMBA_1000U/LH_52_hlist_0.25000.list,PASS,,8449,8449,True,0,0.0
LH_52,52,0.51209,/home/ml/thesis-camels/data/raw/CAMELS_SIMBA_1000U/LH_52_hlist_0.51209.list,PASS,,7748,7748,True,0,0.0
LH_52,52,0.75065,/home/ml/thesis-camels/data/raw/CAMELS_SIMBA_1000U/LH_52_hlist_0.75065.list,PASS,,6623,6623,True,0,0.0
LH_52,52,1.00000,/home/ml/thesis-camels/data/raw/CAMELS_SIMBA_1000U/LH_52_hlist_1.00000.list,PASS,,6163,6163,True,0,0.0
LH_53,53,0.20000,/home/ml/thesis-camels/data/raw/CAMELS_SIMBA_1000U/LH_53_hlist_0.20000.list,PASS,,2255,2255,True,0,0.0
LH_53,53,0.25000,/home/ml/thesis-camels/data/raw/CAMELS_SIMBA_1000U/LH_53_hlist_0.25000.list,PASS,,3726,3726,True,0,0.0
LH_53,53,0.51209,/home/ml/thesis-camels/data/raw/CAMELS_SIMBA_1000U/LH_53_hlist_0.51209.list,PASS,,5558,5558,True,0,0.0
LH_53,53,0.75065,/home/ml/thesis-camels/data/raw/CAMELS_SIMBA_1000U/LH_53_hlist_0.75065.list,PASS,,5554,5554,True,0,0.0
LH_53,53,1.00000,/home/ml/thesis-camels/data/raw/CAMELS_SIMBA_1000U/LH_53_hlist_1.00000.list,PASS,,5842,5842,True,0,0.0
LH_54,54,0.20000,/home/ml/thesis-camels/data/raw/CAMELS_SIMBA_1000U/LH_54_hlist_0.20000.list,PASS,,7859,7859,True,0,0.0
LH_54,54,0.25000,/home/ml/thesis-camels/data/raw/CAMELS_SIMBA_1000U/LH_54_hlist_0.25000.list,PASS,,8518,8518,True,0,0.0
LH_54,54,0.51209,/home/ml/thesis-camels/data/raw/CAMELS_SIMBA_1000U/LH_54_hlist_0.51209.list,PASS,,7199,7199,True,0,0.0
LH_54,54,0.75065,/home/ml/thesis-camels/data/raw/CAMELS_SIMBA_1000U/LH_54_hlist_0.75065.list,PASS,,6156,6156,True,0,0.0
LH_54,54,1.00000,/home/ml/thesis-camels/data/raw/CAMELS_SIMBA_1000U/LH_54_hlist_1.00000.list,PASS,,5904,5904,True,0,0.0
LH_55,55,0.20000,/home/ml/thesis-camels/data/raw/CAMELS_SIMBA_1000U/LH_55_hlist_0.20000.list,PASS,,3161,3161,True,0,0.0
LH_55,55,0.25000,/home/ml/thesis-camels/data/raw/CAMELS_SIMBA_1000U/LH_55_hlist_0.25000.list,PASS,,4748,4748,True,0,0.0
LH_55,55,0.51209,/home/ml/thesis-camels/data/raw/CAMELS_SIMBA_1000U/LH_55_hlist_0.51209.list,PASS,,6483,6483,True,0,0.0
LH_55,55,0.75065,/home/ml/thesis-camels/data/raw/CAMELS_SIMBA_1000U/LH_55_hlist_0.75065.list,PASS,,6390,6390,True,0,0.0
LH_55,55,1.00000,/home/ml/thesis-camels/data/raw/CAMELS_SIMBA_1000U/LH_55_hlist_1.00000.list,PASS,,6843,6843,True,0,0.0
LH_56,56,0.20000,/home/ml/thesis-camels/data/raw/CAMELS_SIMBA_1000U/LH_56_hlist_0.20000.list,PASS,,6015,6015,True,0,0.0
LH_56,56,0.25000,/home/ml/thesis-camels/data/raw/CAMELS_SIMBA_1000U/LH_56_hlist_0.25000.list,PASS,,7315,7315,True,0,0.0
LH_56,56,0.51209,/home/ml/thesis-camels/data/raw/CAMELS_SIMBA_1000U/LH_56_hlist_0.51209.list,PASS,,8112,8112,True,0,0.0
LH_56,56,0.75065,/home/ml/thesis-camels/data/raw/CAMELS_SIMBA_1000U/LH_56_hlist_0.75065.list,PASS,,7092,7092,True,0,0.0
LH_56,56,1.00000,/home/ml/thesis-camels/data/raw/CAMELS_SIMBA_1000U/LH_56_hlist_1.00000.list,PASS,,6850,6850,True,0,0.0
LH_57,57,0.20000,/home/ml/thesis-camels/data/raw/CAMELS_SIMBA_1000U/LH_57_hlist_0.20000.list,PASS,,4633,4633,True,0,0.0
LH_57,57,0.25000,/home/ml/thesis-camels/data/raw/CAMELS_SIMBA_1000U/LH_57_hlist_0.25000.list,PASS,,6283,6283,True,0,0.0
LH_57,57,0.51209,/home/ml/thesis-camels/data/raw/CAMELS_SIMBA_1000U/LH_57_hlist_0.51209.list,PASS,,8392,8392,True,0,0.0
LH_57,57,0.75065,/home/ml/thesis-camels/data/raw/CAMELS_SIMBA_1000U/LH_57_hlist_0.75065.list,PASS,,7569,7569,True,0,0.0
LH_57,57,1.00000,/home/ml/thesis-camels/data/raw/CAMELS_SIMBA_1000U/LH_57_hlist_1.00000.list,PASS,,7353,7353,True,0,0.0
LH_58,58,0.20000,/home/ml/thesis-camels/data/raw/CAMELS_SIMBA_1000U/LH_58_hlist_0.20000.list,PASS,,3241,3241,True,0,0.0
LH_58,58,0.25000,/home/ml/thesis-camels/data/raw/CAMELS_SIMBA_1000U/LH_58_hlist_0.25000.list,PASS,,4607,4607,True,0,0.0
LH_58,58,0.51209,/home/ml/thesis-camels/data/raw/CAMELS_SIMBA_1000U/LH_58_hlist_0.51209.list,PASS,,5959,5959,True,0,0.0
LH_58,58,0.75065,/home/ml/thesis-camels/data/raw/CAMELS_SIMBA_1000U/LH_58_hlist_0.75065.list,PASS,,5873,5873,True,0,0.0
LH_58,58,1.00000,/home/ml/thesis-camels/data/raw/CAMELS_SIMBA_1000U/LH_58_hlist_1.00000.list,PASS,,6206,6206,True,0,0.0
LH_59,59,0.20000,/home/ml/thesis-camels/data/raw/CAMELS_SIMBA_1000U/LH_59_hlist_0.20000.list,PASS,,8207,8207,True,0,0.0
LH_59,59,0.25000,/home/ml/thesis-camels/data/raw/CAMELS_SIMBA_1000U/LH_59_hlist_0.25000.list,PASS,,8834,8834,True,0,0.0
LH_59,59,0.51209,/home/ml/thesis-camels/data/raw/CAMELS_SIMBA_1000U/LH_59_hlist_0.51209.list,PASS,,7794,7794,True,0,0.0
LH_59,59,0.75065,/home/ml/thesis-camels/data/raw/CAMELS_SIMBA_1000U/LH_59_hlist_0.75065.list,PASS,,6502,6502,True,0,0.0
LH_59,59,1.00000,/home/ml/thesis-camels/data/raw/CAMELS_SIMBA_1000U/LH_59_hlist_1.00000.list,PASS,,5970,5970,True,0,0.0
LH_60,60,0.20000,/home/ml/thesis-camels/data/raw/CAMELS_SIMBA_1000U/LH_60_hlist_0.20000.list,PASS,,4763,4763,True,0,0.0
LH_60,60,0.25000,/home/ml/thesis-camels/data/raw/CAMELS_SIMBA_1000U/LH_60_hlist_0.25000.list,PASS,,6337,6337,True,0,0.0
LH_60,60,0.51209,/home/ml/thesis-camels/data/raw/CAMELS_SIMBA_1000U/LH_60_hlist_0.51209.list,PASS,,8465,8465,True,0,0.0
LH_60,60,0.75065,/home/ml/thesis-camels/data/raw/CAMELS_SIMBA_1000U/LH_60_hlist_0.75065.list,PASS,,7726,7726,True,0,0.0
LH_60,60,1.00000,/home/ml/thesis-camels/data/raw/CAMELS_SIMBA_1000U/LH_60_hlist_1.00000.list,PASS,,7630,7630,True,0,0.0
LH_61,61,0.20000,/home/ml/thesis-camels/data/raw/CAMELS_SIMBA_1000U/LH_61_hlist_0.20000.list,PASS,,4667,4667,True,0,0.0
LH_61,61,0.25000,/home/ml/thesis-camels/data/raw/CAMELS_SIMBA_1000U/LH_61_hlist_0.25000.list,PASS,,5739,5739,True,0,0.0
LH_61,61,0.51209,/home/ml/thesis-camels/data/raw/CAMELS_SIMBA_1000U/LH_61_hlist_0.51209.list,PASS,,6143,6143,True,0,0.0
LH_61,61,0.75065,/home/ml/thesis-camels/data/raw/CAMELS_SIMBA_1000U/LH_61_hlist_0.75065.list,PASS,,5729,5729,True,0,0.0
LH_61,61,1.00000,/home/ml/thesis-camels/data/raw/CAMELS_SIMBA_1000U/LH_61_hlist_1.00000.list,PASS,,6078,6078,True,0,0.0
LH_62,62,0.20000,/home/ml/thesis-camels/data/raw/CAMELS_SIMBA_1000U/LH_62_hlist_0.20000.list,PASS,,2676,2676,True,0,0.0
LH_62,62,0.25000,/home/ml/thesis-camels/data/raw/CAMELS_SIMBA_1000U/LH_62_hlist_0.25000.list,PASS,,4295,4295,True,0,0.0
LH_62,62,0.51209,/home/ml/thesis-camels/data/raw/CAMELS_SIMBA_1000U/LH_62_hlist_0.51209.list,PASS,,6434,6434,True,0,0.0
LH_62,62,0.75065,/home/ml/thesis-camels/data/raw/CAMELS_SIMBA_1000U/LH_62_hlist_0.75065.list,PASS,,6067,6067,True,0,0.0
LH_62,62,1.00000,/home/ml/thesis-camels/data/raw/CAMELS_SIMBA_1000U/LH_62_hlist_1.00000.list,PASS,,6335,6335,True,0,0.0
LH_63,63,0.20000,/home/ml/thesis-camels/data/raw/CAMELS_SIMBA_1000U/LH_63_hlist_0.20000.list,PASS,,3196,3196,True,0,0.0
LH_63,63,0.25000,/home/ml/thesis-camels/data/raw/CAMELS_SIMBA_1000U/LH_63_hlist_0.25000.list,PASS,,4363,4363,True,0,0.0
LH_63,63,0.51209,/home/ml/thesis-camels/data/raw/CAMELS_SIMBA_1000U/LH_63_hlist_0.51209.list,PASS,,5094,5094,True,0,0.0
LH_63,63,0.75065,/home/ml/thesis-camels/data/raw/CAMELS_SIMBA_1000U/LH_63_hlist_0.75065.list,PASS,,5171,5171,True,0,0.0
LH_63,63,1.00000,/home/ml/thesis-camels/data/raw/CAMELS_SIMBA_1000U/LH_63_hlist_1.00000.list,PASS,,5529,5529,True,0,0.0
LH_64,64,0.20000,/home/ml/thesis-camels/data/raw/CAMELS_SIMBA_1000U/LH_64_hlist_0.20000.list,PASS,,4305,4305,True,0,0.0
LH_64,64,0.25000,/home/ml/thesis-camels/data/raw/CAMELS_SIMBA_1000U/LH_64_hlist_0.25000.list,PASS,,5469,5469,True,0,0.0
LH_64,64,0.51209,/home/ml/thesis-camels/data/raw/CAMELS_SIMBA_1000U/LH_64_hlist_0.51209.list,PASS,,5904,5904,True,0,0.0
LH_64,64,0.75065,/home/ml/thesis-camels/data/raw/CAMELS_SIMBA_1000U/LH_64_hlist_0.75065.list,PASS,,5674,5674,True,0,0.0
LH_64,64,1.00000,/home/ml/thesis-camels/data/raw/CAMELS_SIMBA_1000U/LH_64_hlist_1.00000.list,PASS,,6096,6096,True,0,0.0
LH_65,65,0.20000,/home/ml/thesis-camels/data/raw/CAMELS_SIMBA_1000U/LH_65_hlist_0.20000.list,PASS,,4235,4235,True,0,0.0
LH_65,65,0.25000,/home/ml/thesis-camels/data/raw/CAMELS_SIMBA_1000U/LH_65_hlist_0.25000.list,PASS,,5678,5678,True,0,0.0
LH_65,65,0.51209,/home/ml/thesis-camels/data/raw/CAMELS_SIMBA_1000U/LH_65_hlist_0.51209.list,PASS,,7508,7508,True,0,0.0
LH_65,65,0.75065,/home/ml/thesis-camels/data/raw/CAMELS_SIMBA_1000U/LH_65_hlist_0.75065.list,PASS,,6832,6832,True,0,0.0
LH_65,65,1.00000,/home/ml/thesis-camels/data/raw/CAMELS_SIMBA_1000U/LH_65_hlist_1.00000.list,PASS,,6970,6970,True,0,0.0
LH_66,66,0.20000,/home/ml/thesis-camels/data/raw/CAMELS_SIMBA_1000U/LH_66_hlist_0.20000.list,PASS,,2556,2556,True,0,0.0
LH_66,66,0.25000,/home/ml/thesis-camels/data/raw/CAMELS_SIMBA_1000U/LH_66_hlist_0.25000.list,PASS,,3976,3976,True,0,0.0
LH_66,66,0.51209,/home/ml/thesis-camels/data/raw/CAMELS_SIMBA_1000U/LH_66_hlist_0.51209.list,PASS,,7804,7804,True,0,0.0
LH_66,66,0.75065,/home/ml/thesis-camels/data/raw/CAMELS_SIMBA_1000U/LH_66_hlist_0.75065.list,PASS,,7863,7863,True,0,0.0
LH_66,66,1.00000,/home/ml/thesis-camels/data/raw/CAMELS_SIMBA_1000U/LH_66_hlist_1.00000.list,PASS,,8046,8046,True,0,0.0
LH_67,67,0.20000,/home/ml/thesis-camels/data/raw/CAMELS_SIMBA_1000U/LH_67_hlist_0.20000.list,PASS,,3432,3432,True,0,0.0
LH_67,67,0.25000,/home/ml/thesis-camels/data/raw/CAMELS_SIMBA_1000U/LH_67_hlist_0.25000.list,PASS,,4371,4371,True,0,0.0
LH_67,67,0.51209,/home/ml/thesis-camels/data/raw/CAMELS_SIMBA_1000U/LH_67_hlist_0.51209.list,PASS,,5161,5161,True,0,0.0
LH_67,67,0.75065,/home/ml/thesis-camels/data/raw/CAMELS_SIMBA_1000U/LH_67_hlist_0.75065.list,PASS,,5295,5295,True,0,0.0
LH_67,67,1.00000,/home/ml/thesis-camels/data/raw/CAMELS_SIMBA_1000U/LH_67_hlist_1.00000.list,PASS,,5580,5580,True,0,0.0
LH_68,68,0.20000,/home/ml/thesis-camels/data/raw/CAMELS_SIMBA_1000U/LH_68_hlist_0.20000.list,PASS,,1484,1484,False,16,1.0666666666666667
LH_68,68,0.25000,/home/ml/thesis-camels/data/raw/CAMELS_SIMBA_1000U/LH_68_hlist_0.25000.list,PASS,,2565,2565,True,0,0.0
LH_68,68,0.51209,/home/ml/thesis-camels/data/raw/CAMELS_SIMBA_1000U/LH_68_hlist_0.51209.list,PASS,,4330,4330,True,0,0.0
LH_68,68,0.75065,/home/ml/thesis-camels/data/raw/CAMELS_SIMBA_1000U/LH_68_hlist_0.75065.list,PASS,,4546,4546,True,0,0.0
LH_68,68,1.00000,/home/ml/thesis-camels/data/raw/CAMELS_SIMBA_1000U/LH_68_hlist_1.00000.list,PASS,,5077,5077,True,0,0.0
LH_69,69,0.20000,/home/ml/thesis-camels/data/raw/CAMELS_SIMBA_1000U/LH_69_hlist_0.20000.list,PASS,,2681,2681,True,0,0.0
LH_69,69,0.25000,/home/ml/thesis-camels/data/raw/CAMELS_SIMBA_1000U/LH_69_hlist_0.25000.list,PASS,,4404,4404,True,0,0.0
LH_69,69,0.51209,/home/ml/thesis-camels/data/raw/CAMELS_SIMBA_1000U/LH_69_hlist_0.51209.list,PASS,,6963,6963,True,0,0.0
LH_69,69,0.75065,/home/ml/thesis-camels/data/raw/CAMELS_SIMBA_1000U/LH_69_hlist_0.75065.list,PASS,,6806,6806,True,0,0.0
LH_69,69,1.00000,/home/ml/thesis-camels/data/raw/CAMELS_SIMBA_1000U/LH_69_hlist_1.00000.list,PASS,,7049,7049,True,0,0.0
LH_70,70,0.20000,/home/ml/thesis-camels/data/raw/CAMELS_SIMBA_1000U/LH_70_hlist_0.20000.list,PASS,,6736,6736,True,0,0.0
LH_70,70,0.25000,/home/ml/thesis-camels/data/raw/CAMELS_SIMBA_1000U/LH_70_hlist_0.25000.list,PASS,,7773,7773,True,0,0.0
LH_70,70,0.51209,/home/ml/thesis-camels/data/raw/CAMELS_SIMBA_1000U/LH_70_hlist_0.51209.list,PASS,,7366,7366,True,0,0.0
LH_70,70,0.75065,/home/ml/thesis-camels/data/raw/CAMELS_SIMBA_1000U/LH_70_hlist_0.75065.list,PASS,,6447,6447,True,0,0.0
LH_70,70,1.00000,/home/ml/thesis-camels/data/raw/CAMELS_SIMBA_1000U/LH_70_hlist_1.00000.list,PASS,,6347,6347,True,0,0.0
LH_71,71,0.20000,/home/ml/thesis-camels/data/raw/CAMELS_SIMBA_1000U/LH_71_hlist_0.20000.list,PASS,,2914,2914,True,0,0.0
LH_71,71,0.25000,/home/ml/thesis-camels/data/raw/CAMELS_SIMBA_1000U/LH_71_hlist_0.25000.list,PASS,,4311,4311,True,0,0.0
LH_71,71,0.51209,/home/ml/thesis-camels/data/raw/CAMELS_SIMBA_1000U/LH_71_hlist_0.51209.list,PASS,,6899,6899,True,0,0.0
LH_71,71,0.75065,/home/ml/thesis-camels/data/raw/CAMELS_SIMBA_1000U/LH_71_hlist_0.75065.list,PASS,,6716,6716,True,0,0.0
LH_71,71,1.00000,/home/ml/thesis-camels/data/raw/CAMELS_SIMBA_1000U/LH_71_hlist_1.00000.list,PASS,,7151,7151,True,0,0.0
LH_72,72,0.20000,/home/ml/thesis-camels/data/raw/CAMELS_SIMBA_1000U/LH_72_hlist_0.20000.list,PASS,,4365,4365,True,0,0.0
LH_72,72,0.25000,/home/ml/thesis-camels/data/raw/CAMELS_SIMBA_1000U/LH_72_hlist_0.25000.list,PASS,,5600,5600,True,0,0.0
LH_72,72,0.51209,/home/ml/thesis-camels/data/raw/CAMELS_SIMBA_1000U/LH_72_hlist_0.51209.list,PASS,,6752,6752,True,0,0.0
LH_72,72,0.75065,/home/ml/thesis-camels/data/raw/CAMELS_SIMBA_1000U/LH_72_hlist_0.75065.list,PASS,,6080,6080,True,0,0.0
LH_72,72,1.00000,/home/ml/thesis-camels/data/raw/CAMELS_SIMBA_1000U/LH_72_hlist_1.00000.list,PASS,,6271,6271,True,0,0.0
LH_73,73,0.20000,/home/ml/thesis-camels/data/raw/CAMELS_SIMBA_1000U/LH_73_hlist_0.20000.list,PASS,,2456,2456,True,0,0.0
LH_73,73,0.25000,/home/ml/thesis-camels/data/raw/CAMELS_SIMBA_1000U/LH_73_hlist_0.25000.list,PASS,,3820,3820,True,0,0.0
LH_73,73,0.51209,/home/ml/thesis-camels/data/raw/CAMELS_SIMBA_1000U/LH_73_hlist_0.51209.list,PASS,,5184,5184,True,0,0.0
LH_73,73,0.75065,/home/ml/thesis-camels/data/raw/CAMELS_SIMBA_1000U/LH_73_hlist_0.75065.list,PASS,,5264,5264,True,0,0.0
LH_73,73,1.00000,/home/ml/thesis-camels/data/raw/CAMELS_SIMBA_1000U/LH_73_hlist_1.00000.list,PASS,,5586,5586,True,0,0.0
LH_74,74,0.20000,/home/ml/thesis-camels/data/raw/CAMELS_SIMBA_1000U/LH_74_hlist_0.20000.list,PASS,,2178,2178,True,0,0.0
LH_74,74,0.25000,/home/ml/thesis-camels/data/raw/CAMELS_SIMBA_1000U/LH_74_hlist_0.25000.list,PASS,,3733,3733,True,0,0.0
LH_74,74,0.51209,/home/ml/thesis-camels/data/raw/CAMELS_SIMBA_1000U/LH_74_hlist_0.51209.list,PASS,,7098,7098,True,0,0.0
LH_74,74,0.75065,/home/ml/thesis-camels/data/raw/CAMELS_SIMBA_1000U/LH_74_hlist_0.75065.list,PASS,,7267,7267,True,0,0.0
LH_74,74,1.00000,/home/ml/thesis-camels/data/raw/CAMELS_SIMBA_1000U/LH_74_hlist_1.00000.list,PASS,,7538,7538,True,0,0.0
LH_75,75,0.20000,/home/ml/thesis-camels/data/raw/CAMELS_SIMBA_1000U/LH_75_hlist_0.20000.list,PASS,,1017,1017,False,483,32.2
LH_75,75,0.25000,/home/ml/thesis-camels/data/raw/CAMELS_SIMBA_1000U/LH_75_hlist_0.25000.list,PASS,,2157,2157,True,0,0.0
LH_75,75,0.51209,/home/ml/thesis-camels/data/raw/CAMELS_SIMBA_1000U/LH_75_hlist_0.51209.list,PASS,,5086,5086,True,0,0.0
LH_75,75,0.75065,/home/ml/thesis-camels/data/raw/CAMELS_SIMBA_1000U/LH_75_hlist_0.75065.list,PASS,,5388,5388,True,0,0.0
LH_75,75,1.00000,/home/ml/thesis-camels/data/raw/CAMELS_SIMBA_1000U/LH_75_hlist_1.00000.list,PASS,,6078,6078,True,0,0.0
LH_76,76,0.20000,/home/ml/thesis-camels/data/raw/CAMELS_SIMBA_1000U/LH_76_hlist_0.20000.list,PASS,,6943,6943,True,0,0.0
LH_76,76,0.25000,/home/ml/thesis-camels/data/raw/CAMELS_SIMBA_1000U/LH_76_hlist_0.25000.list,PASS,,7998,7998,True,0,0.0
LH_76,76,0.51209,/home/ml/thesis-camels/data/raw/CAMELS_SIMBA_1000U/LH_76_hlist_0.51209.list,PASS,,7523,7523,True,0,0.0
LH_76,76,0.75065,/home/ml/thesis-camels/data/raw/CAMELS_SIMBA_1000U/LH_76_hlist_0.75065.list,PASS,,6577,6577,True,0,0.0
LH_76,76,1.00000,/home/ml/thesis-camels/data/raw/CAMELS_SIMBA_1000U/LH_76_hlist_1.00000.list,PASS,,6191,6191,True,0,0.0
LH_77,77,0.20000,/home/ml/thesis-camels/data/raw/CAMELS_SIMBA_1000U/LH_77_hlist_0.20000.list,PASS,,678,678,False,822,54.8
LH_77,77,0.25000,/home/ml/thesis-camels/data/raw/CAMELS_SIMBA_1000U/LH_77_hlist_0.25000.list,PASS,,1559,1559,True,0,0.0
LH_77,77,0.51209,/home/ml/thesis-camels/data/raw/CAMELS_SIMBA_1000U/LH_77_hlist_0.51209.list,PASS,,3699,3699,True,0,0.0
LH_77,77,0.75065,/home/ml/thesis-camels/data/raw/CAMELS_SIMBA_1000U/LH_77_hlist_0.75065.list,PASS,,4294,4294,True,0,0.0
LH_77,77,1.00000,/home/ml/thesis-camels/data/raw/CAMELS_SIMBA_1000U/LH_77_hlist_1.00000.list,PASS,,5017,5017,True,0,0.0
LH_78,78,0.20000,/home/ml/thesis-camels/data/raw/CAMELS_SIMBA_1000U/LH_78_hlist_0.20000.list,PASS,,4303,4303,True,0,0.0
LH_78,78,0.25000,/home/ml/thesis-camels/data/raw/CAMELS_SIMBA_1000U/LH_78_hlist_0.25000.list,PASS,,5719,5719,True,0,0.0
LH_78,78,0.51209,/home/ml/thesis-camels/data/raw/CAMELS_SIMBA_1000U/LH_78_hlist_0.51209.list,PASS,,6046,6046,True,0,0.0
LH_78,78,0.75065,/home/ml/thesis-camels/data/raw/CAMELS_SIMBA_1000U/LH_78_hlist_0.75065.list,PASS,,5778,5778,True,0,0.0
LH_78,78,1.00000,/home/ml/thesis-camels/data/raw/CAMELS_SIMBA_1000U/LH_78_hlist_1.00000.list,PASS,,6043,6043,True,0,0.0
LH_79,79,0.20000,/home/ml/thesis-camels/data/raw/CAMELS_SIMBA_1000U/LH_79_hlist_0.20000.list,PASS,,4053,4053,True,0,0.0
LH_79,79,0.25000,/home/ml/thesis-camels/data/raw/CAMELS_SIMBA_1000U/LH_79_hlist_0.25000.list,PASS,,5624,5624,True,0,0.0
LH_79,79,0.51209,/home/ml/thesis-camels/data/raw/CAMELS_SIMBA_1000U/LH_79_hlist_0.51209.list,PASS,,8348,8348,True,0,0.0
LH_79,79,0.75065,/home/ml/thesis-camels/data/raw/CAMELS_SIMBA_1000U/LH_79_hlist_0.75065.list,PASS,,7909,7909,True,0,0.0
LH_79,79,1.00000,/home/ml/thesis-camels/data/raw/CAMELS_SIMBA_1000U/LH_79_hlist_1.00000.list,PASS,,7914,7914,True,0,0.0
LH_80,80,0.20000,/home/ml/thesis-camels/data/raw/CAMELS_SIMBA_1000U/LH_80_hlist_0.20000.list,PASS,,8158,8158,True,0,0.0
LH_80,80,0.25000,/home/ml/thesis-camels/data/raw/CAMELS_SIMBA_1000U/LH_80_hlist_0.25000.list,PASS,,8734,8734,True,0,0.0
LH_80,80,0.51209,/home/ml/thesis-camels/data/raw/CAMELS_SIMBA_1000U/LH_80_hlist_0.51209.list,PASS,,7388,7388,True,0,0.0
LH_80,80,0.75065,/home/ml/thesis-camels/data/raw/CAMELS_SIMBA_1000U/LH_80_hlist_0.75065.list,PASS,,6091,6091,True,0,0.0
LH_80,80,1.00000,/home/ml/thesis-camels/data/raw/CAMELS_SIMBA_1000U/LH_80_hlist_1.00000.list,PASS,,5776,5776,True,0,0.0
LH_81,81,0.20000,/home/ml/thesis-camels/data/raw/CAMELS_SIMBA_1000U/LH_81_hlist_0.20000.list,PASS,,6029,6029,True,0,0.0
LH_81,81,0.25000,/home/ml/thesis-camels/data/raw/CAMELS_SIMBA_1000U/LH_81_hlist_0.25000.list,PASS,,7440,7440,True,0,0.0
LH_81,81,0.51209,/home/ml/thesis-camels/data/raw/CAMELS_SIMBA_1000U/LH_81_hlist_0.51209.list,PASS,,7422,7422,True,0,0.0
LH_81,81,0.75065,/home/ml/thesis-camels/data/raw/CAMELS_SIMBA_1000U/LH_81_hlist_0.75065.list,PASS,,6574,6574,True,0,0.0
LH_81,81,1.00000,/home/ml/thesis-camels/data/raw/CAMELS_SIMBA_1000U/LH_81_hlist_1.00000.list,PASS,,6427,6427,True,0,0.0
LH_82,82,0.20000,/home/ml/thesis-camels/data/raw/CAMELS_SIMBA_1000U/LH_82_hlist_0.20000.list,PASS,,7896,7896,True,0,0.0
LH_82,82,0.25000,/home/ml/thesis-camels/data/raw/CAMELS_SIMBA_1000U/LH_82_hlist_0.25000.list,PASS,,8481,8481,True,0,0.0
LH_82,82,0.51209,/home/ml/thesis-camels/data/raw/CAMELS_SIMBA_1000U/LH_82_hlist_0.51209.list,PASS,,7356,7356,True,0,0.0
LH_82,82,0.75065,/home/ml/thesis-camels/data/raw/CAMELS_SIMBA_1000U/LH_82_hlist_0.75065.list,PASS,,6488,6488,True,0,0.0
LH_82,82,1.00000,/home/ml/thesis-camels/data/raw/CAMELS_SIMBA_1000U/LH_82_hlist_1.00000.list,PASS,,6176,6176,True,0,0.0
LH_83,83,0.20000,/home/ml/thesis-camels/data/raw/CAMELS_SIMBA_1000U/LH_83_hlist_0.20000.list,PASS,,3187,3187,True,0,0.0
LH_83,83,0.25000,/home/ml/thesis-camels/data/raw/CAMELS_SIMBA_1000U/LH_83_hlist_0.25000.list,PASS,,4789,4789,True,0,0.0
LH_83,83,0.51209,/home/ml/thesis-camels/data/raw/CAMELS_SIMBA_1000U/LH_83_hlist_0.51209.list,PASS,,7677,7677,True,0,0.0
LH_83,83,0.75065,/home/ml/thesis-camels/data/raw/CAMELS_SIMBA_1000U/LH_83_hlist_0.75065.list,PASS,,7520,7520,True,0,0.0
LH_83,83,1.00000,/home/ml/thesis-camels/data/raw/CAMELS_SIMBA_1000U/LH_83_hlist_1.00000.list,PASS,,7469,7469,True,0,0.0
LH_84,84,0.20000,/home/ml/thesis-camels/data/raw/CAMELS_SIMBA_1000U/LH_84_hlist_0.20000.list,PASS,,4311,4311,True,0,0.0
LH_84,84,0.25000,/home/ml/thesis-camels/data/raw/CAMELS_SIMBA_1000U/LH_84_hlist_0.25000.list,PASS,,5426,5426,True,0,0.0
LH_84,84,0.51209,/home/ml/thesis-camels/data/raw/CAMELS_SIMBA_1000U/LH_84_hlist_0.51209.list,PASS,,5065,5065,True,0,0.0
LH_84,84,0.75065,/home/ml/thesis-camels/data/raw/CAMELS_SIMBA_1000U/LH_84_hlist_0.75065.list,PASS,,4726,4726,True,0,0.0
LH_84,84,1.00000,/home/ml/thesis-camels/data/raw/CAMELS_SIMBA_1000U/LH_84_hlist_1.00000.list,PASS,,4956,4956,True,0,0.0
LH_85,85,0.20000,/home/ml/thesis-camels/data/raw/CAMELS_SIMBA_1000U/LH_85_hlist_0.20000.list,PASS,,2978,2978,True,0,0.0
LH_85,85,0.25000,/home/ml/thesis-camels/data/raw/CAMELS_SIMBA_1000U/LH_85_hlist_0.25000.list,PASS,,4837,4837,True,0,0.0
LH_85,85,0.51209,/home/ml/thesis-camels/data/raw/CAMELS_SIMBA_1000U/LH_85_hlist_0.51209.list,PASS,,7100,7100,True,0,0.0
LH_85,85,0.75065,/home/ml/thesis-camels/data/raw/CAMELS_SIMBA_1000U/LH_85_hlist_0.75065.list,PASS,,6740,6740,True,0,0.0
LH_85,85,1.00000,/home/ml/thesis-camels/data/raw/CAMELS_SIMBA_1000U/LH_85_hlist_1.00000.list,PASS,,7109,7109,True,0,0.0
LH_86,86,0.20000,/home/ml/thesis-camels/data/raw/CAMELS_SIMBA_1000U/LH_86_hlist_0.20000.list,PASS,,2743,2743,True,0,0.0
LH_86,86,0.25000,/home/ml/thesis-camels/data/raw/CAMELS_SIMBA_1000U/LH_86_hlist_0.25000.list,PASS,,4421,4421,True,0,0.0
LH_86,86,0.51209,/home/ml/thesis-camels/data/raw/CAMELS_SIMBA_1000U/LH_86_hlist_0.51209.list,PASS,,6906,6906,True,0,0.0
LH_86,86,0.75065,/home/ml/thesis-camels/data/raw/CAMELS_SIMBA_1000U/LH_86_hlist_0.75065.list,PASS,,6692,6692,True,0,0.0
LH_86,86,1.00000,/home/ml/thesis-camels/data/raw/CAMELS_SIMBA_1000U/LH_86_hlist_1.00000.list,PASS,,7002,7002,True,0,0.0
LH_87,87,0.20000,/home/ml/thesis-camels/data/raw/CAMELS_SIMBA_1000U/LH_87_hlist_0.20000.list,PASS,,4444,4444,True,0,0.0
LH_87,87,0.25000,/home/ml/thesis-camels/data/raw/CAMELS_SIMBA_1000U/LH_87_hlist_0.25000.list,PASS,,5950,5950,True,0,0.0
LH_87,87,0.51209,/home/ml/thesis-camels/data/raw/CAMELS_SIMBA_1000U/LH_87_hlist_0.51209.list,PASS,,7262,7262,True,0,0.0
LH_87,87,0.75065,/home/ml/thesis-camels/data/raw/CAMELS_SIMBA_1000U/LH_87_hlist_0.75065.list,PASS,,6692,6692,True,0,0.0
LH_87,87,1.00000,/home/ml/thesis-camels/data/raw/CAMELS_SIMBA_1000U/LH_87_hlist_1.00000.list,PASS,,6757,6757,True,0,0.0
LH_88,88,0.20000,/home/ml/thesis-camels/data/raw/CAMELS_SIMBA_1000U/LH_88_hlist_0.20000.list,PASS,,8039,8039,True,0,0.0
LH_88,88,0.25000,/home/ml/thesis-camels/data/raw/CAMELS_SIMBA_1000U/LH_88_hlist_0.25000.list,PASS,,8854,8854,True,0,0.0
LH_88,88,0.51209,/home/ml/thesis-camels/data/raw/CAMELS_SIMBA_1000U/LH_88_hlist_0.51209.list,PASS,,7730,7730,True,0,0.0
LH_88,88,0.75065,/home/ml/thesis-camels/data/raw/CAMELS_SIMBA_1000U/LH_88_hlist_0.75065.list,PASS,,6141,6141,True,0,0.0
LH_88,88,1.00000,/home/ml/thesis-camels/data/raw/CAMELS_SIMBA_1000U/LH_88_hlist_1.00000.list,PASS,,5797,5797,True,0,0.0
LH_89,89,0.20000,/home/ml/thesis-camels/data/raw/CAMELS_SIMBA_1000U/LH_89_hlist_0.20000.list,PASS,,5823,5823,True,0,0.0
LH_89,89,0.25000,/home/ml/thesis-camels/data/raw/CAMELS_SIMBA_1000U/LH_89_hlist_0.25000.list,PASS,,6898,6898,True,0,0.0
LH_89,89,0.51209,/home/ml/thesis-camels/data/raw/CAMELS_SIMBA_1000U/LH_89_hlist_0.51209.list,PASS,,7646,7646,True,0,0.0
LH_89,89,0.75065,/home/ml/thesis-camels/data/raw/CAMELS_SIMBA_1000U/LH_89_hlist_0.75065.list,PASS,,6888,6888,True,0,0.0
LH_89,89,1.00000,/home/ml/thesis-camels/data/raw/CAMELS_SIMBA_1000U/LH_89_hlist_1.00000.list,PASS,,6897,6897,True,0,0.0
LH_90,90,0.20000,/home/ml/thesis-camels/data/raw/CAMELS_SIMBA_1000U/LH_90_hlist_0.20000.list,PASS,,697,697,False,803,53.53333333333333
LH_90,90,0.25000,/home/ml/thesis-camels/data/raw/CAMELS_SIMBA_1000U/LH_90_hlist_0.25000.list,PASS,,1791,1791,True,0,0.0
LH_90,90,0.51209,/home/ml/thesis-camels/data/raw/CAMELS_SIMBA_1000U/LH_90_hlist_0.51209.list,PASS,,4940,4940,True,0,0.0
LH_90,90,0.75065,/home/ml/thesis-camels/data/raw/CAMELS_SIMBA_1000U/LH_90_hlist_0.75065.list,PASS,,5676,5676,True,0,0.0
LH_90,90,1.00000,/home/ml/thesis-camels/data/raw/CAMELS_SIMBA_1000U/LH_90_hlist_1.00000.list,PASS,,6451,6451,True,0,0.0
LH_91,91,0.20000,/home/ml/thesis-camels/data/raw/CAMELS_SIMBA_1000U/LH_91_hlist_0.20000.list,PASS,,3361,3361,True,0,0.0
LH_91,91,0.25000,/home/ml/thesis-camels/data/raw/CAMELS_SIMBA_1000U/LH_91_hlist_0.25000.list,PASS,,5023,5023,True,0,0.0
LH_91,91,0.51209,/home/ml/thesis-camels/data/raw/CAMELS_SIMBA_1000U/LH_91_hlist_0.51209.list,PASS,,7341,7341,True,0,0.0
LH_91,91,0.75065,/home/ml/thesis-camels/data/raw/CAMELS_SIMBA_1000U/LH_91_hlist_0.75065.list,PASS,,6818,6818,True,0,0.0
LH_91,91,1.00000,/home/ml/thesis-camels/data/raw/CAMELS_SIMBA_1000U/LH_91_hlist_1.00000.list,PASS,,6891,6891,True,0,0.0
LH_92,92,0.20000,/home/ml/thesis-camels/data/raw/CAMELS_SIMBA_1000U/LH_92_hlist_0.20000.list,PASS,,8167,8167,True,0,0.0
LH_92,92,0.25000,/home/ml/thesis-camels/data/raw/CAMELS_SIMBA_1000U/LH_92_hlist_0.25000.list,PASS,,8918,8918,True,0,0.0
LH_92,92,0.51209,/home/ml/thesis-camels/data/raw/CAMELS_SIMBA_1000U/LH_92_hlist_0.51209.list,PASS,,8095,8095,True,0,0.0
LH_92,92,0.75065,/home/ml/thesis-camels/data/raw/CAMELS_SIMBA_1000U/LH_92_hlist_0.75065.list,PASS,,6754,6754,True,0,0.0
LH_92,92,1.00000,/home/ml/thesis-camels/data/raw/CAMELS_SIMBA_1000U/LH_92_hlist_1.00000.list,PASS,,6305,6305,True,0,0.0
LH_93,93,0.20000,/home/ml/thesis-camels/data/raw/CAMELS_SIMBA_1000U/LH_93_hlist_0.20000.list,PASS,,6925,6925,True,0,0.0
LH_93,93,0.25000,/home/ml/thesis-camels/data/raw/CAMELS_SIMBA_1000U/LH_93_hlist_0.25000.list,PASS,,8050,8050,True,0,0.0
LH_93,93,0.51209,/home/ml/thesis-camels/data/raw/CAMELS_SIMBA_1000U/LH_93_hlist_0.51209.list,PASS,,8081,8081,True,0,0.0
LH_93,93,0.75065,/home/ml/thesis-camels/data/raw/CAMELS_SIMBA_1000U/LH_93_hlist_0.75065.list,PASS,,6897,6897,True,0,0.0
LH_93,93,1.00000,/home/ml/thesis-camels/data/raw/CAMELS_SIMBA_1000U/LH_93_hlist_1.00000.list,PASS,,6501,6501,True,0,0.0
LH_94,94,0.20000,/home/ml/thesis-camels/data/raw/CAMELS_SIMBA_1000U/LH_94_hlist_0.20000.list,PASS,,5290,5290,True,0,0.0
LH_94,94,0.25000,/home/ml/thesis-camels/data/raw/CAMELS_SIMBA_1000U/LH_94_hlist_0.25000.list,PASS,,6497,6497,True,0,0.0
LH_94,94,0.51209,/home/ml/thesis-camels/data/raw/CAMELS_SIMBA_1000U/LH_94_hlist_0.51209.list,PASS,,7338,7338,True,0,0.0
LH_94,94,0.75065,/home/ml/thesis-camels/data/raw/CAMELS_SIMBA_1000U/LH_94_hlist_0.75065.list,PASS,,6586,6586,True,0,0.0
LH_94,94,1.00000,/home/ml/thesis-camels/data/raw/CAMELS_SIMBA_1000U/LH_94_hlist_1.00000.list,PASS,,6642,6642,True,0,0.0
LH_95,95,0.20000,/home/ml/thesis-camels/data/raw/CAMELS_SIMBA_1000U/LH_95_hlist_0.20000.list,PASS,,2085,2085,True,0,0.0
LH_95,95,0.25000,/home/ml/thesis-camels/data/raw/CAMELS_SIMBA_1000U/LH_95_hlist_0.25000.list,PASS,,3473,3473,True,0,0.0
LH_95,95,0.51209,/home/ml/thesis-camels/data/raw/CAMELS_SIMBA_1000U/LH_95_hlist_0.51209.list,PASS,,6535,6535,True,0,0.0
LH_95,95,0.75065,/home/ml/thesis-camels/data/raw/CAMELS_SIMBA_1000U/LH_95_hlist_0.75065.list,PASS,,6576,6576,True,0,0.0
LH_95,95,1.00000,/home/ml/thesis-camels/data/raw/CAMELS_SIMBA_1000U/LH_95_hlist_1.00000.list,PASS,,7110,7110,True,0,0.0
LH_96,96,0.20000,/home/ml/thesis-camels/data/raw/CAMELS_SIMBA_1000U/LH_96_hlist_0.20000.list,PASS,,5076,5076,True,0,0.0
LH_96,96,0.25000,/home/ml/thesis-camels/data/raw/CAMELS_SIMBA_1000U/LH_96_hlist_0.25000.list,PASS,,6499,6499,True,0,0.0
LH_96,96,0.51209,/home/ml/thesis-camels/data/raw/CAMELS_SIMBA_1000U/LH_96_hlist_0.51209.list,PASS,,7858,7858,True,0,0.0
LH_96,96,0.75065,/home/ml/thesis-camels/data/raw/CAMELS_SIMBA_1000U/LH_96_hlist_0.75065.list,PASS,,7209,7209,True,0,0.0
LH_96,96,1.00000,/home/ml/thesis-camels/data/raw/CAMELS_SIMBA_1000U/LH_96_hlist_1.00000.list,PASS,,7079,7079,True,0,0.0
LH_97,97,0.20000,/home/ml/thesis-camels/data/raw/CAMELS_SIMBA_1000U/LH_97_hlist_0.20000.list,PASS,,6133,6133,True,0,0.0
LH_97,97,0.25000,/home/ml/thesis-camels/data/raw/CAMELS_SIMBA_1000U/LH_97_hlist_0.25000.list,PASS,,7592,7592,True,0,0.0
LH_97,97,0.51209,/home/ml/thesis-camels/data/raw/CAMELS_SIMBA_1000U/LH_97_hlist_0.51209.list,PASS,,8798,8798,True,0,0.0
LH_97,97,0.75065,/home/ml/thesis-camels/data/raw/CAMELS_SIMBA_1000U/LH_97_hlist_0.75065.list,PASS,,7876,7876,True,0,0.0
LH_97,97,1.00000,/home/ml/thesis-camels/data/raw/CAMELS_SIMBA_1000U/LH_97_hlist_1.00000.list,PASS,,7694,7694,True,0,0.0
LH_98,98,0.20000,/home/ml/thesis-camels/data/raw/CAMELS_SIMBA_1000U/LH_98_hlist_0.20000.list,PASS,,5832,5832,True,0,0.0
LH_98,98,0.25000,/home/ml/thesis-camels/data/raw/CAMELS_SIMBA_1000U/LH_98_hlist_0.25000.list,PASS,,6974,6974,True,0,0.0
LH_98,98,0.51209,/home/ml/thesis-camels/data/raw/CAMELS_SIMBA_1000U/LH_98_hlist_0.51209.list,PASS,,7400,7400,True,0,0.0
LH_98,98,0.75065,/home/ml/thesis-camels/data/raw/CAMELS_SIMBA_1000U/LH_98_hlist_0.75065.list,PASS,,6459,6459,True,0,0.0
LH_98,98,1.00000,/home/ml/thesis-camels/data/raw/CAMELS_SIMBA_1000U/LH_98_hlist_1.00000.list,PASS,,6390,6390,True,0,0.0
LH_99,99,0.20000,/home/ml/thesis-camels/data/raw/CAMELS_SIMBA_1000U/LH_99_hlist_0.20000.list,PASS,,4647,4647,True,0,0.0
LH_99,99,0.25000,/home/ml/thesis-camels/data/raw/CAMELS_SIMBA_1000U/LH_99_hlist_0.25000.list,PASS,,5773,5773,True,0,0.0
LH_99,99,0.51209,/home/ml/thesis-camels/data/raw/CAMELS_SIMBA_1000U/LH_99_hlist_0.51209.list,PASS,,5919,5919,True,0,0.0
LH_99,99,0.75065,/home/ml/thesis-camels/data/raw/CAMELS_SIMBA_1000U/LH_99_hlist_0.75065.list,PASS,,5549,5549,True,0,0.0
LH_99,99,1.00000,/home/ml/thesis-camels/data/raw/CAMELS_SIMBA_1000U/LH_99_hlist_1.00000.list,PASS,,5748,5748,True,0,0.0
LH_100,100,0.20000,/home/ml/thesis-camels/data/raw/CAMELS_SIMBA_1000U/LH_100_hlist_0.20000.list,PASS,,3433,3433,True,0,0.0
LH_100,100,0.25000,/home/ml/thesis-camels/data/raw/CAMELS_SIMBA_1000U/LH_100_hlist_0.25000.list,PASS,,5044,5044,True,0,0.0
LH_100,100,0.51209,/home/ml/thesis-camels/data/raw/CAMELS_SIMBA_1000U/LH_100_hlist_0.51209.list,PASS,,7791,7791,True,0,0.0
LH_100,100,0.75065,/home/ml/thesis-camels/data/raw/CAMELS_SIMBA_1000U/LH_100_hlist_0.75065.list,PASS,,7189,7189,True,0,0.0
LH_100,100,1.00000,/home/ml/thesis-camels/data/raw/CAMELS_SIMBA_1000U/LH_100_hlist_1.00000.list,PASS,,7319,7319,True,0,0.0
LH_101,101,0.20000,/home/ml/thesis-camels/data/raw/CAMELS_SIMBA_1000U/LH_101_hlist_0.20000.list,PASS,,4383,4383,True,0,0.0
LH_101,101,0.25000,/home/ml/thesis-camels/data/raw/CAMELS_SIMBA_1000U/LH_101_hlist_0.25000.list,PASS,,5883,5883,True,0,0.0
LH_101,101,0.51209,/home/ml/thesis-camels/data/raw/CAMELS_SIMBA_1000U/LH_101_hlist_0.51209.list,PASS,,7050,7050,True,0,0.0
LH_101,101,0.75065,/home/ml/thesis-camels/data/raw/CAMELS_SIMBA_1000U/LH_101_hlist_0.75065.list,PASS,,6449,6449,True,0,0.0
LH_101,101,1.00000,/home/ml/thesis-camels/data/raw/CAMELS_SIMBA_1000U/LH_101_hlist_1.00000.list,PASS,,6539,6539,True,0,0.0
LH_102,102,0.20000,/home/ml/thesis-camels/data/raw/CAMELS_SIMBA_1000U/LH_102_hlist_0.20000.list,PASS,,873,873,False,627,41.8
LH_102,102,0.25000,/home/ml/thesis-camels/data/raw/CAMELS_SIMBA_1000U/LH_102_hlist_0.25000.list,PASS,,2092,2092,True,0,0.0
LH_102,102,0.51209,/home/ml/thesis-camels/data/raw/CAMELS_SIMBA_1000U/LH_102_hlist_0.51209.list,PASS,,5022,5022,True,0,0.0
LH_102,102,0.75065,/home/ml/thesis-camels/data/raw/CAMELS_SIMBA_1000U/LH_102_hlist_0.75065.list,PASS,,5411,5411,True,0,0.0
LH_102,102,1.00000,/home/ml/thesis-camels/data/raw/CAMELS_SIMBA_1000U/LH_102_hlist_1.00000.list,PASS,,5996,5996,True,0,0.0
LH_103,103,0.20000,/home/ml/thesis-camels/data/raw/CAMELS_SIMBA_1000U/LH_103_hlist_0.20000.list,PASS,,723,723,False,777,51.8
LH_103,103,0.25000,/home/ml/thesis-camels/data/raw/CAMELS_SIMBA_1000U/LH_103_hlist_0.25000.list,PASS,,2293,2293,True,0,0.0
LH_103,103,0.51209,/home/ml/thesis-camels/data/raw/CAMELS_SIMBA_1000U/LH_103_hlist_0.51209.list,PASS,,5645,5645,True,0,0.0
LH_103,103,0.75065,/home/ml/thesis-camels/data/raw/CAMELS_SIMBA_1000U/LH_103_hlist_0.75065.list,PASS,,5901,5901,True,0,0.0
LH_103,103,1.00000,/home/ml/thesis-camels/data/raw/CAMELS_SIMBA_1000U/LH_103_hlist_1.00000.list,PASS,,6586,6586,True,0,0.0
LH_104,104,0.20000,/home/ml/thesis-camels/data/raw/CAMELS_SIMBA_1000U/LH_104_hlist_0.20000.list,PASS,,4686,4686,True,0,0.0
LH_104,104,0.25000,/home/ml/thesis-camels/data/raw/CAMELS_SIMBA_1000U/LH_104_hlist_0.25000.list,PASS,,6029,6029,True,0,0.0
LH_104,104,0.51209,/home/ml/thesis-camels/data/raw/CAMELS_SIMBA_1000U/LH_104_hlist_0.51209.list,PASS,,7893,7893,True,0,0.0
LH_104,104,0.75065,/home/ml/thesis-camels/data/raw/CAMELS_SIMBA_1000U/LH_104_hlist_0.75065.list,PASS,,7272,7272,True,0,0.0
LH_104,104,1.00000,/home/ml/thesis-camels/data/raw/CAMELS_SIMBA_1000U/LH_104_hlist_1.00000.list,PASS,,7154,7154,True,0,0.0
LH_105,105,0.20000,/home/ml/thesis-camels/data/raw/CAMELS_SIMBA_1000U/LH_105_hlist_0.20000.list,PASS,,4348,4348,True,0,0.0
LH_105,105,0.25000,/home/ml/thesis-camels/data/raw/CAMELS_SIMBA_1000U/LH_105_hlist_0.25000.list,PASS,,5701,5701,True,0,0.0
LH_105,105,0.51209,/home/ml/thesis-camels/data/raw/CAMELS_SIMBA_1000U/LH_105_hlist_0.51209.list,PASS,,7202,7202,True,0,0.0
LH_105,105,0.75065,/home/ml/thesis-camels/data/raw/CAMELS_SIMBA_1000U/LH_105_hlist_0.75065.list,PASS,,6773,6773,True,0,0.0
LH_105,105,1.00000,/home/ml/thesis-camels/data/raw/CAMELS_SIMBA_1000U/LH_105_hlist_1.00000.list,PASS,,6893,6893,True,0,0.0
LH_106,106,0.20000,/home/ml/thesis-camels/data/raw/CAMELS_SIMBA_1000U/LH_106_hlist_0.20000.list,PASS,,4108,4108,True,0,0.0
LH_106,106,0.25000,/home/ml/thesis-camels/data/raw/CAMELS_SIMBA_1000U/LH_106_hlist_0.25000.list,PASS,,5798,5798,True,0,0.0
LH_106,106,0.51209,/home/ml/thesis-camels/data/raw/CAMELS_SIMBA_1000U/LH_106_hlist_0.51209.list,PASS,,7715,7715,True,0,0.0
LH_106,106,0.75065,/home/ml/thesis-camels/data/raw/CAMELS_SIMBA_1000U/LH_106_hlist_0.75065.list,PASS,,7331,7331,True,0,0.0
LH_106,106,1.00000,/home/ml/thesis-camels/data/raw/CAMELS_SIMBA_1000U/LH_106_hlist_1.00000.list,PASS,,7377,7377,True,0,0.0
LH_107,107,0.20000,/home/ml/thesis-camels/data/raw/CAMELS_SIMBA_1000U/LH_107_hlist_0.20000.list,PASS,,6110,6110,True,0,0.0
LH_107,107,0.25000,/home/ml/thesis-camels/data/raw/CAMELS_SIMBA_1000U/LH_107_hlist_0.25000.list,PASS,,7511,7511,True,0,0.0
LH_107,107,0.51209,/home/ml/thesis-camels/data/raw/CAMELS_SIMBA_1000U/LH_107_hlist_0.51209.list,PASS,,8303,8303,True,0,0.0
LH_107,107,0.75065,/home/ml/thesis-camels/data/raw/CAMELS_SIMBA_1000U/LH_107_hlist_0.75065.list,PASS,,7311,7311,True,0,0.0
LH_107,107,1.00000,/home/ml/thesis-camels/data/raw/CAMELS_SIMBA_1000U/LH_107_hlist_1.00000.list,PASS,,6934,6934,True,0,0.0
LH_108,108,0.20000,/home/ml/thesis-camels/data/raw/CAMELS_SIMBA_1000U/LH_108_hlist_0.20000.list,PASS,,6280,6280,True,0,0.0
LH_108,108,0.25000,/home/ml/thesis-camels/data/raw/CAMELS_SIMBA_1000U/LH_108_hlist_0.25000.list,PASS,,7800,7800,True,0,0.0
LH_108,108,0.51209,/home/ml/thesis-camels/data/raw/CAMELS_SIMBA_1000U/LH_108_hlist_0.51209.list,PASS,,8699,8699,True,0,0.0
LH_108,108,0.75065,/home/ml/thesis-camels/data/raw/CAMELS_SIMBA_1000U/LH_108_hlist_0.75065.list,PASS,,7762,7762,True,0,0.0
LH_108,108,1.00000,/home/ml/thesis-camels/data/raw/CAMELS_SIMBA_1000U/LH_108_hlist_1.00000.list,PASS,,7271,7271,True,0,0.0
LH_109,109,0.20000,/home/ml/thesis-camels/data/raw/CAMELS_SIMBA_1000U/LH_109_hlist_0.20000.list,PASS,,3999,3999,True,0,0.0
LH_109,109,0.25000,/home/ml/thesis-camels/data/raw/CAMELS_SIMBA_1000U/LH_109_hlist_0.25000.list,PASS,,5736,5736,True,0,0.0
LH_109,109,0.51209,/home/ml/thesis-camels/data/raw/CAMELS_SIMBA_1000U/LH_109_hlist_0.51209.list,PASS,,8491,8491,True,0,0.0
LH_109,109,0.75065,/home/ml/thesis-camels/data/raw/CAMELS_SIMBA_1000U/LH_109_hlist_0.75065.list,PASS,,7867,7867,True,0,0.0
LH_109,109,1.00000,/home/ml/thesis-camels/data/raw/CAMELS_SIMBA_1000U/LH_109_hlist_1.00000.list,PASS,,7481,7481,True,0,0.0
LH_110,110,0.20000,/home/ml/thesis-camels/data/raw/CAMELS_SIMBA_1000U/LH_110_hlist_0.20000.list,PASS,,7046,7046,True,0,0.0
LH_110,110,0.25000,/home/ml/thesis-camels/data/raw/CAMELS_SIMBA_1000U/LH_110_hlist_0.25000.list,PASS,,7999,7999,True,0,0.0
LH_110,110,0.51209,/home/ml/thesis-camels/data/raw/CAMELS_SIMBA_1000U/LH_110_hlist_0.51209.list,PASS,,7526,7526,True,0,0.0
LH_110,110,0.75065,/home/ml/thesis-camels/data/raw/CAMELS_SIMBA_1000U/LH_110_hlist_0.75065.list,PASS,,6471,6471,True,0,0.0
LH_110,110,1.00000,/home/ml/thesis-camels/data/raw/CAMELS_SIMBA_1000U/LH_110_hlist_1.00000.list,PASS,,6273,6273,True,0,0.0
LH_111,111,0.20000,/home/ml/thesis-camels/data/raw/CAMELS_SIMBA_1000U/LH_111_hlist_0.20000.list,PASS,,7002,7002,True,0,0.0
LH_111,111,0.25000,/home/ml/thesis-camels/data/raw/CAMELS_SIMBA_1000U/LH_111_hlist_0.25000.list,PASS,,8051,8051,True,0,0.0
LH_111,111,0.51209,/home/ml/thesis-camels/data/raw/CAMELS_SIMBA_1000U/LH_111_hlist_0.51209.list,PASS,,8092,8092,True,0,0.0
LH_111,111,0.75065,/home/ml/thesis-camels/data/raw/CAMELS_SIMBA_1000U/LH_111_hlist_0.75065.list,PASS,,6897,6897,True,0,0.0
LH_111,111,1.00000,/home/ml/thesis-camels/data/raw/CAMELS_SIMBA_1000U/LH_111_hlist_1.00000.list,PASS,,6485,6485,True,0,0.0
LH_112,112,0.20000,/home/ml/thesis-camels/data/raw/CAMELS_SIMBA_1000U/LH_112_hlist_0.20000.list,PASS,,3896,3896,True,0,0.0
LH_112,112,0.25000,/home/ml/thesis-camels/data/raw/CAMELS_SIMBA_1000U/LH_112_hlist_0.25000.list,PASS,,5323,5323,True,0,0.0
LH_112,112,0.51209,/home/ml/thesis-camels/data/raw/CAMELS_SIMBA_1000U/LH_112_hlist_0.51209.list,PASS,,8087,8087,True,0,0.0
LH_112,112,0.75065,/home/ml/thesis-camels/data/raw/CAMELS_SIMBA_1000U/LH_112_hlist_0.75065.list,PASS,,7508,7508,True,0,0.0
LH_112,112,1.00000,/home/ml/thesis-camels/data/raw/CAMELS_SIMBA_1000U/LH_112_hlist_1.00000.list,PASS,,7609,7609,True,0,0.0
LH_113,113,0.20000,/home/ml/thesis-camels/data/raw/CAMELS_SIMBA_1000U/LH_113_hlist_0.20000.list,PASS,,5957,5957,True,0,0.0
LH_113,113,0.25000,/home/ml/thesis-camels/data/raw/CAMELS_SIMBA_1000U/LH_113_hlist_0.25000.list,PASS,,7133,7133,True,0,0.0
LH_113,113,0.51209,/home/ml/thesis-camels/data/raw/CAMELS_SIMBA_1000U/LH_113_hlist_0.51209.list,PASS,,7241,7241,True,0,0.0
LH_113,113,0.75065,/home/ml/thesis-camels/data/raw/CAMELS_SIMBA_1000U/LH_113_hlist_0.75065.list,PASS,,6301,6301,True,0,0.0
LH_113,113,1.00000,/home/ml/thesis-camels/data/raw/CAMELS_SIMBA_1000U/LH_113_hlist_1.00000.list,PASS,,6265,6265,True,0,0.0
LH_114,114,0.20000,/home/ml/thesis-camels/data/raw/CAMELS_SIMBA_1000U/LH_114_hlist_0.20000.list,PASS,,1032,1032,False,468,31.2
LH_114,114,0.25000,/home/ml/thesis-camels/data/raw/CAMELS_SIMBA_1000U/LH_114_hlist_0.25000.list,PASS,,2265,2265,True,0,0.0
LH_114,114,0.51209,/home/ml/thesis-camels/data/raw/CAMELS_SIMBA_1000U/LH_114_hlist_0.51209.list,PASS,,6175,6175,True,0,0.0
LH_114,114,0.75065,/home/ml/thesis-camels/data/raw/CAMELS_SIMBA_1000U/LH_114_hlist_0.75065.list,PASS,,6550,6550,True,0,0.0
LH_114,114,1.00000,/home/ml/thesis-camels/data/raw/CAMELS_SIMBA_1000U/LH_114_hlist_1.00000.list,PASS,,7198,7198,True,0,0.0
LH_115,115,0.20000,/home/ml/thesis-camels/data/raw/CAMELS_SIMBA_1000U/LH_115_hlist_0.20000.list,PASS,,4087,4087,True,0,0.0
LH_115,115,0.25000,/home/ml/thesis-camels/data/raw/CAMELS_SIMBA_1000U/LH_115_hlist_0.25000.list,PASS,,5415,5415,True,0,0.0
LH_115,115,0.51209,/home/ml/thesis-camels/data/raw/CAMELS_SIMBA_1000U/LH_115_hlist_0.51209.list,PASS,,6880,6880,True,0,0.0
LH_115,115,0.75065,/home/ml/thesis-camels/data/raw/CAMELS_SIMBA_1000U/LH_115_hlist_0.75065.list,PASS,,6574,6574,True,0,0.0
LH_115,115,1.00000,/home/ml/thesis-camels/data/raw/CAMELS_SIMBA_1000U/LH_115_hlist_1.00000.list,PASS,,6696,6696,True,0,0.0
LH_116,116,0.20000,/home/ml/thesis-camels/data/raw/CAMELS_SIMBA_1000U/LH_116_hlist_0.20000.list,PASS,,2363,2363,True,0,0.0
LH_116,116,0.25000,/home/ml/thesis-camels/data/raw/CAMELS_SIMBA_1000U/LH_116_hlist_0.25000.list,PASS,,3706,3706,True,0,0.0
LH_116,116,0.51209,/home/ml/thesis-camels/data/raw/CAMELS_SIMBA_1000U/LH_116_hlist_0.51209.list,PASS,,4893,4893,True,0,0.0
LH_116,116,0.75065,/home/ml/thesis-camels/data/raw/CAMELS_SIMBA_1000U/LH_116_hlist_0.75065.list,PASS,,5106,5106,True,0,0.0
LH_116,116,1.00000,/home/ml/thesis-camels/data/raw/CAMELS_SIMBA_1000U/LH_116_hlist_1.00000.list,PASS,,5562,5562,True,0,0.0
LH_117,117,0.20000,/home/ml/thesis-camels/data/raw/CAMELS_SIMBA_1000U/LH_117_hlist_0.20000.list,PASS,,6142,6142,True,0,0.0
LH_117,117,0.25000,/home/ml/thesis-camels/data/raw/CAMELS_SIMBA_1000U/LH_117_hlist_0.25000.list,PASS,,7202,7202,True,0,0.0
LH_117,117,0.51209,/home/ml/thesis-camels/data/raw/CAMELS_SIMBA_1000U/LH_117_hlist_0.51209.list,PASS,,7480,7480,True,0,0.0
LH_117,117,0.75065,/home/ml/thesis-camels/data/raw/CAMELS_SIMBA_1000U/LH_117_hlist_0.75065.list,PASS,,6480,6480,True,0,0.0
LH_117,117,1.00000,/home/ml/thesis-camels/data/raw/CAMELS_SIMBA_1000U/LH_117_hlist_1.00000.list,PASS,,6449,6449,True,0,0.0
LH_118,118,0.20000,/home/ml/thesis-camels/data/raw/CAMELS_SIMBA_1000U/LH_118_hlist_0.20000.list,PASS,,2987,2987,True,0,0.0
LH_118,118,0.25000,/home/ml/thesis-camels/data/raw/CAMELS_SIMBA_1000U/LH_118_hlist_0.25000.list,PASS,,4483,4483,True,0,0.0
LH_118,118,0.51209,/home/ml/thesis-camels/data/raw/CAMELS_SIMBA_1000U/LH_118_hlist_0.51209.list,PASS,,6049,6049,True,0,0.0
LH_118,118,0.75065,/home/ml/thesis-camels/data/raw/CAMELS_SIMBA_1000U/LH_118_hlist_0.75065.list,PASS,,5848,5848,True,0,0.0
LH_118,118,1.00000,/home/ml/thesis-camels/data/raw/CAMELS_SIMBA_1000U/LH_118_hlist_1.00000.list,PASS,,6245,6245,True,0,0.0
LH_119,119,0.20000,/home/ml/thesis-camels/data/raw/CAMELS_SIMBA_1000U/LH_119_hlist_0.20000.list,PASS,,2835,2835,True,0,0.0
LH_119,119,0.25000,/home/ml/thesis-camels/data/raw/CAMELS_SIMBA_1000U/LH_119_hlist_0.25000.list,PASS,,4766,4766,True,0,0.0
LH_119,119,0.51209,/home/ml/thesis-camels/data/raw/CAMELS_SIMBA_1000U/LH_119_hlist_0.51209.list,PASS,,8445,8445,True,0,0.0
LH_119,119,0.75065,/home/ml/thesis-camels/data/raw/CAMELS_SIMBA_1000U/LH_119_hlist_0.75065.list,PASS,,8199,8199,True,0,0.0
LH_119,119,1.00000,/home/ml/thesis-camels/data/raw/CAMELS_SIMBA_1000U/LH_119_hlist_1.00000.list,PASS,,8250,8250,True,0,0.0
LH_120,120,0.20000,/home/ml/thesis-camels/data/raw/CAMELS_SIMBA_1000U/LH_120_hlist_0.20000.list,PASS,,5535,5535,True,0,0.0
LH_120,120,0.25000,/home/ml/thesis-camels/data/raw/CAMELS_SIMBA_1000U/LH_120_hlist_0.25000.list,PASS,,7056,7056,True,0,0.0
LH_120,120,0.51209,/home/ml/thesis-camels/data/raw/CAMELS_SIMBA_1000U/LH_120_hlist_0.51209.list,PASS,,8157,8157,True,0,0.0
LH_120,120,0.75065,/home/ml/thesis-camels/data/raw/CAMELS_SIMBA_1000U/LH_120_hlist_0.75065.list,PASS,,7199,7199,True,0,0.0
LH_120,120,1.00000,/home/ml/thesis-camels/data/raw/CAMELS_SIMBA_1000U/LH_120_hlist_1.00000.list,PASS,,7143,7143,True,0,0.0
LH_121,121,0.20000,/home/ml/thesis-camels/data/raw/CAMELS_SIMBA_1000U/LH_121_hlist_0.20000.list,PASS,,5080,5080,True,0,0.0
LH_121,121,0.25000,/home/ml/thesis-camels/data/raw/CAMELS_SIMBA_1000U/LH_121_hlist_0.25000.list,PASS,,6389,6389,True,0,0.0
LH_121,121,0.51209,/home/ml/thesis-camels/data/raw/CAMELS_SIMBA_1000U/LH_121_hlist_0.51209.list,PASS,,6570,6570,True,0,0.0
LH_121,121,0.75065,/home/ml/thesis-camels/data/raw/CAMELS_SIMBA_1000U/LH_121_hlist_0.75065.list,PASS,,5866,5866,True,0,0.0
LH_121,121,1.00000,/home/ml/thesis-camels/data/raw/CAMELS_SIMBA_1000U/LH_121_hlist_1.00000.list,PASS,,5813,5813,True,0,0.0
LH_122,122,0.20000,/home/ml/thesis-camels/data/raw/CAMELS_SIMBA_1000U/LH_122_hlist_0.20000.list,PASS,,5892,5892,True,0,0.0
LH_122,122,0.25000,/home/ml/thesis-camels/data/raw/CAMELS_SIMBA_1000U/LH_122_hlist_0.25000.list,PASS,,6861,6861,True,0,0.0
LH_122,122,0.51209,/home/ml/thesis-camels/data/raw/CAMELS_SIMBA_1000U/LH_122_hlist_0.51209.list,PASS,,6980,6980,True,0,0.0
LH_122,122,0.75065,/home/ml/thesis-camels/data/raw/CAMELS_SIMBA_1000U/LH_122_hlist_0.75065.list,PASS,,6290,6290,True,0,0.0
LH_122,122,1.00000,/home/ml/thesis-camels/data/raw/CAMELS_SIMBA_1000U/LH_122_hlist_1.00000.list,PASS,,6257,6257,True,0,0.0
LH_123,123,0.20000,/home/ml/thesis-camels/data/raw/CAMELS_SIMBA_1000U/LH_123_hlist_0.20000.list,PASS,,4107,4107,True,0,0.0
LH_123,123,0.25000,/home/ml/thesis-camels/data/raw/CAMELS_SIMBA_1000U/LH_123_hlist_0.25000.list,PASS,,5680,5680,True,0,0.0
LH_123,123,0.51209,/home/ml/thesis-camels/data/raw/CAMELS_SIMBA_1000U/LH_123_hlist_0.51209.list,PASS,,7741,7741,True,0,0.0
LH_123,123,0.75065,/home/ml/thesis-camels/data/raw/CAMELS_SIMBA_1000U/LH_123_hlist_0.75065.list,PASS,,7316,7316,True,0,0.0
LH_123,123,1.00000,/home/ml/thesis-camels/data/raw/CAMELS_SIMBA_1000U/LH_123_hlist_1.00000.list,PASS,,7371,7371,True,0,0.0
LH_124,124,0.20000,/home/ml/thesis-camels/data/raw/CAMELS_SIMBA_1000U/LH_124_hlist_0.20000.list,PASS,,3844,3844,True,0,0.0
LH_124,124,0.25000,/home/ml/thesis-camels/data/raw/CAMELS_SIMBA_1000U/LH_124_hlist_0.25000.list,PASS,,5454,5454,True,0,0.0
LH_124,124,0.51209,/home/ml/thesis-camels/data/raw/CAMELS_SIMBA_1000U/LH_124_hlist_0.51209.list,PASS,,8417,8417,True,0,0.0
LH_124,124,0.75065,/home/ml/thesis-camels/data/raw/CAMELS_SIMBA_1000U/LH_124_hlist_0.75065.list,PASS,,8027,8027,True,0,0.0
LH_124,124,1.00000,/home/ml/thesis-camels/data/raw/CAMELS_SIMBA_1000U/LH_124_hlist_1.00000.list,PASS,,7929,7929,True,0,0.0
LH_125,125,0.20000,/home/ml/thesis-camels/data/raw/CAMELS_SIMBA_1000U/LH_125_hlist_0.20000.list,PASS,,5644,5644,True,0,0.0
LH_125,125,0.25000,/home/ml/thesis-camels/data/raw/CAMELS_SIMBA_1000U/LH_125_hlist_0.25000.list,PASS,,7069,7069,True,0,0.0
LH_125,125,0.51209,/home/ml/thesis-camels/data/raw/CAMELS_SIMBA_1000U/LH_125_hlist_0.51209.list,PASS,,8279,8279,True,0,0.0
LH_125,125,0.75065,/home/ml/thesis-camels/data/raw/CAMELS_SIMBA_1000U/LH_125_hlist_0.75065.list,PASS,,7060,7060,True,0,0.0
LH_125,125,1.00000,/home/ml/thesis-camels/data/raw/CAMELS_SIMBA_1000U/LH_125_hlist_1.00000.list,PASS,,6748,6748,True,0,0.0
LH_126,126,0.20000,/home/ml/thesis-camels/data/raw/CAMELS_SIMBA_1000U/LH_126_hlist_0.20000.list,PASS,,3464,3464,True,0,0.0
LH_126,126,0.25000,/home/ml/thesis-camels/data/raw/CAMELS_SIMBA_1000U/LH_126_hlist_0.25000.list,PASS,,5115,5115,True,0,0.0
LH_126,126,0.51209,/home/ml/thesis-camels/data/raw/CAMELS_SIMBA_1000U/LH_126_hlist_0.51209.list,PASS,,8031,8031,True,0,0.0
LH_126,126,0.75065,/home/ml/thesis-camels/data/raw/CAMELS_SIMBA_1000U/LH_126_hlist_0.75065.list,PASS,,7518,7518,True,0,0.0
LH_126,126,1.00000,/home/ml/thesis-camels/data/raw/CAMELS_SIMBA_1000U/LH_126_hlist_1.00000.list,PASS,,7494,7494,True,0,0.0
LH_127,127,0.20000,/home/ml/thesis-camels/data/raw/CAMELS_SIMBA_1000U/LH_127_hlist_0.20000.list,PASS,,1020,1020,False,480,32.0
LH_127,127,0.25000,/home/ml/thesis-camels/data/raw/CAMELS_SIMBA_1000U/LH_127_hlist_0.25000.list,PASS,,2266,2266,True,0,0.0
LH_127,127,0.51209,/home/ml/thesis-camels/data/raw/CAMELS_SIMBA_1000U/LH_127_hlist_0.51209.list,PASS,,5134,5134,True,0,0.0
LH_127,127,0.75065,/home/ml/thesis-camels/data/raw/CAMELS_SIMBA_1000U/LH_127_hlist_0.75065.list,PASS,,5524,5524,True,0,0.0
LH_127,127,1.00000,/home/ml/thesis-camels/data/raw/CAMELS_SIMBA_1000U/LH_127_hlist_1.00000.list,PASS,,6166,6166,True,0,0.0
LH_128,128,0.20000,/home/ml/thesis-camels/data/raw/CAMELS_SIMBA_1000U/LH_128_hlist_0.20000.list,PASS,,875,875,False,625,41.666666666666664
LH_128,128,0.25000,/home/ml/thesis-camels/data/raw/CAMELS_SIMBA_1000U/LH_128_hlist_0.25000.list,PASS,,1989,1989,True,0,0.0
LH_128,128,0.51209,/home/ml/thesis-camels/data/raw/CAMELS_SIMBA_1000U/LH_128_hlist_0.51209.list,PASS,,5524,5524,True,0,0.0
LH_128,128,0.75065,/home/ml/thesis-camels/data/raw/CAMELS_SIMBA_1000U/LH_128_hlist_0.75065.list,PASS,,5929,5929,True,0,0.0
LH_128,128,1.00000,/home/ml/thesis-camels/data/raw/CAMELS_SIMBA_1000U/LH_128_hlist_1.00000.list,PASS,,6604,6604,True,0,0.0
LH_129,129,0.20000,/home/ml/thesis-camels/data/raw/CAMELS_SIMBA_1000U/LH_129_hlist_0.20000.list,PASS,,6101,6101,True,0,0.0
LH_129,129,0.25000,/home/ml/thesis-camels/data/raw/CAMELS_SIMBA_1000U/LH_129_hlist_0.25000.list,PASS,,7563,7563,True,0,0.0
LH_129,129,0.51209,/home/ml/thesis-camels/data/raw/CAMELS_SIMBA_1000U/LH_129_hlist_0.51209.list,PASS,,8520,8520,True,0,0.0
LH_129,129,0.75065,/home/ml/thesis-camels/data/raw/CAMELS_SIMBA_1000U/LH_129_hlist_0.75065.list,PASS,,7608,7608,True,0,0.0
LH_129,129,1.00000,/home/ml/thesis-camels/data/raw/CAMELS_SIMBA_1000U/LH_129_hlist_1.00000.list,PASS,,7266,7266,True,0,0.0
LH_130,130,0.20000,/home/ml/thesis-camels/data/raw/CAMELS_SIMBA_1000U/LH_130_hlist_0.20000.list,PASS,,8360,8360,True,0,0.0
LH_130,130,0.25000,/home/ml/thesis-camels/data/raw/CAMELS_SIMBA_1000U/LH_130_hlist_0.25000.list,PASS,,8855,8855,True,0,0.0
LH_130,130,0.51209,/home/ml/thesis-camels/data/raw/CAMELS_SIMBA_1000U/LH_130_hlist_0.51209.list,PASS,,7239,7239,True,0,0.0
LH_130,130,0.75065,/home/ml/thesis-camels/data/raw/CAMELS_SIMBA_1000U/LH_130_hlist_0.75065.list,PASS,,5948,5948,True,0,0.0
LH_130,130,1.00000,/home/ml/thesis-camels/data/raw/CAMELS_SIMBA_1000U/LH_130_hlist_1.00000.list,PASS,,5642,5642,True,0,0.0
LH_131,131,0.20000,/home/ml/thesis-camels/data/raw/CAMELS_SIMBA_1000U/LH_131_hlist_0.20000.list,PASS,,4362,4362,True,0,0.0
LH_131,131,0.25000,/home/ml/thesis-camels/data/raw/CAMELS_SIMBA_1000U/LH_131_hlist_0.25000.list,PASS,,6068,6068,True,0,0.0
LH_131,131,0.51209,/home/ml/thesis-camels/data/raw/CAMELS_SIMBA_1000U/LH_131_hlist_0.51209.list,PASS,,7909,7909,True,0,0.0
LH_131,131,0.75065,/home/ml/thesis-camels/data/raw/CAMELS_SIMBA_1000U/LH_131_hlist_0.75065.list,PASS,,7086,7086,True,0,0.0
LH_131,131,1.00000,/home/ml/thesis-camels/data/raw/CAMELS_SIMBA_1000U/LH_131_hlist_1.00000.list,PASS,,7056,7056,True,0,0.0
LH_132,132,0.20000,/home/ml/thesis-camels/data/raw/CAMELS_SIMBA_1000U/LH_132_hlist_0.20000.list,PASS,,2484,2484,True,0,0.0
LH_132,132,0.25000,/home/ml/thesis-camels/data/raw/CAMELS_SIMBA_1000U/LH_132_hlist_0.25000.list,PASS,,3768,3768,True,0,0.0
LH_132,132,0.51209,/home/ml/thesis-camels/data/raw/CAMELS_SIMBA_1000U/LH_132_hlist_0.51209.list,PASS,,5189,5189,True,0,0.0
LH_132,132,0.75065,/home/ml/thesis-camels/data/raw/CAMELS_SIMBA_1000U/LH_132_hlist_0.75065.list,PASS,,5380,5380,True,0,0.0
LH_132,132,1.00000,/home/ml/thesis-camels/data/raw/CAMELS_SIMBA_1000U/LH_132_hlist_1.00000.list,PASS,,5829,5829,True,0,0.0
LH_133,133,0.20000,/home/ml/thesis-camels/data/raw/CAMELS_SIMBA_1000U/LH_133_hlist_0.20000.list,PASS,,385,385,False,1115,74.33333333333333
LH_133,133,0.25000,/home/ml/thesis-camels/data/raw/CAMELS_SIMBA_1000U/LH_133_hlist_0.25000.list,PASS,,1216,1216,False,284,18.933333333333334
LH_133,133,0.51209,/home/ml/thesis-camels/data/raw/CAMELS_SIMBA_1000U/LH_133_hlist_0.51209.list,PASS,,3420,3420,True,0,0.0
LH_133,133,0.75065,/home/ml/thesis-camels/data/raw/CAMELS_SIMBA_1000U/LH_133_hlist_0.75065.list,PASS,,3944,3944,True,0,0.0
LH_133,133,1.00000,/home/ml/thesis-camels/data/raw/CAMELS_SIMBA_1000U/LH_133_hlist_1.00000.list,PASS,,4687,4687,True,0,0.0
LH_134,134,0.20000,/home/ml/thesis-camels/data/raw/CAMELS_SIMBA_1000U/LH_134_hlist_0.20000.list,PASS,,7445,7445,True,0,0.0
LH_134,134,0.25000,/home/ml/thesis-camels/data/raw/CAMELS_SIMBA_1000U/LH_134_hlist_0.25000.list,PASS,,8119,8119,True,0,0.0
LH_134,134,0.51209,/home/ml/thesis-camels/data/raw/CAMELS_SIMBA_1000U/LH_134_hlist_0.51209.list,PASS,,7161,7161,True,0,0.0
LH_134,134,0.75065,/home/ml/thesis-camels/data/raw/CAMELS_SIMBA_1000U/LH_134_hlist_0.75065.list,PASS,,6092,6092,True,0,0.0
LH_134,134,1.00000,/home/ml/thesis-camels/data/raw/CAMELS_SIMBA_1000U/LH_134_hlist_1.00000.list,PASS,,5906,5906,True,0,0.0
LH_135,135,0.20000,/home/ml/thesis-camels/data/raw/CAMELS_SIMBA_1000U/LH_135_hlist_0.20000.list,PASS,,2320,2320,True,0,0.0
LH_135,135,0.25000,/home/ml/thesis-camels/data/raw/CAMELS_SIMBA_1000U/LH_135_hlist_0.25000.list,PASS,,3324,3324,True,0,0.0
LH_135,135,0.51209,/home/ml/thesis-camels/data/raw/CAMELS_SIMBA_1000U/LH_135_hlist_0.51209.list,PASS,,4104,4104,True,0,0.0
LH_135,135,0.75065,/home/ml/thesis-camels/data/raw/CAMELS_SIMBA_1000U/LH_135_hlist_0.75065.list,PASS,,4296,4296,True,0,0.0
LH_135,135,1.00000,/home/ml/thesis-camels/data/raw/CAMELS_SIMBA_1000U/LH_135_hlist_1.00000.list,PASS,,4715,4715,True,0,0.0
LH_136,136,0.20000,/home/ml/thesis-camels/data/raw/CAMELS_SIMBA_1000U/LH_136_hlist_0.20000.list,PASS,,1548,1548,True,0,0.0
LH_136,136,0.25000,/home/ml/thesis-camels/data/raw/CAMELS_SIMBA_1000U/LH_136_hlist_0.25000.list,PASS,,3147,3147,True,0,0.0
LH_136,136,0.51209,/home/ml/thesis-camels/data/raw/CAMELS_SIMBA_1000U/LH_136_hlist_0.51209.list,PASS,,6533,6533,True,0,0.0
LH_136,136,0.75065,/home/ml/thesis-camels/data/raw/CAMELS_SIMBA_1000U/LH_136_hlist_0.75065.list,PASS,,6723,6723,True,0,0.0
LH_136,136,1.00000,/home/ml/thesis-camels/data/raw/CAMELS_SIMBA_1000U/LH_136_hlist_1.00000.list,PASS,,7103,7103,True,0,0.0
LH_137,137,0.20000,/home/ml/thesis-camels/data/raw/CAMELS_SIMBA_1000U/LH_137_hlist_0.20000.list,PASS,,7715,7715,True,0,0.0
LH_137,137,0.25000,/home/ml/thesis-camels/data/raw/CAMELS_SIMBA_1000U/LH_137_hlist_0.25000.list,PASS,,8348,8348,True,0,0.0
LH_137,137,0.51209,/home/ml/thesis-camels/data/raw/CAMELS_SIMBA_1000U/LH_137_hlist_0.51209.list,PASS,,7139,7139,True,0,0.0
LH_137,137,0.75065,/home/ml/thesis-camels/data/raw/CAMELS_SIMBA_1000U/LH_137_hlist_0.75065.list,PASS,,6034,6034,True,0,0.0
LH_137,137,1.00000,/home/ml/thesis-camels/data/raw/CAMELS_SIMBA_1000U/LH_137_hlist_1.00000.list,PASS,,6001,6001,True,0,0.0
LH_138,138,0.20000,/home/ml/thesis-camels/data/raw/CAMELS_SIMBA_1000U/LH_138_hlist_0.20000.list,PASS,,5929,5929,True,0,0.0
LH_138,138,0.25000,/home/ml/thesis-camels/data/raw/CAMELS_SIMBA_1000U/LH_138_hlist_0.25000.list,PASS,,7292,7292,True,0,0.0
LH_138,138,0.51209,/home/ml/thesis-camels/data/raw/CAMELS_SIMBA_1000U/LH_138_hlist_0.51209.list,PASS,,8050,8050,True,0,0.0
LH_138,138,0.75065,/home/ml/thesis-camels/data/raw/CAMELS_SIMBA_1000U/LH_138_hlist_0.75065.list,PASS,,6995,6995,True,0,0.0
LH_138,138,1.00000,/home/ml/thesis-camels/data/raw/CAMELS_SIMBA_1000U/LH_138_hlist_1.00000.list,PASS,,6755,6755,True,0,0.0
LH_139,139,0.20000,/home/ml/thesis-camels/data/raw/CAMELS_SIMBA_1000U/LH_139_hlist_0.20000.list,PASS,,6714,6714,True,0,0.0
LH_139,139,0.25000,/home/ml/thesis-camels/data/raw/CAMELS_SIMBA_1000U/LH_139_hlist_0.25000.list,PASS,,7719,7719,True,0,0.0
LH_139,139,0.51209,/home/ml/thesis-camels/data/raw/CAMELS_SIMBA_1000U/LH_139_hlist_0.51209.list,PASS,,8297,8297,True,0,0.0
LH_139,139,0.75065,/home/ml/thesis-camels/data/raw/CAMELS_SIMBA_1000U/LH_139_hlist_0.75065.list,PASS,,7093,7093,True,0,0.0
LH_139,139,1.00000,/home/ml/thesis-camels/data/raw/CAMELS_SIMBA_1000U/LH_139_hlist_1.00000.list,PASS,,6867,6867,True,0,0.0
LH_140,140,0.20000,/home/ml/thesis-camels/data/raw/CAMELS_SIMBA_1000U/LH_140_hlist_0.20000.list,PASS,,7056,7056,True,0,0.0
LH_140,140,0.25000,/home/ml/thesis-camels/data/raw/CAMELS_SIMBA_1000U/LH_140_hlist_0.25000.list,PASS,,8154,8154,True,0,0.0
LH_140,140,0.51209,/home/ml/thesis-camels/data/raw/CAMELS_SIMBA_1000U/LH_140_hlist_0.51209.list,PASS,,7636,7636,True,0,0.0
LH_140,140,0.75065,/home/ml/thesis-camels/data/raw/CAMELS_SIMBA_1000U/LH_140_hlist_0.75065.list,PASS,,6376,6376,True,0,0.0
LH_140,140,1.00000,/home/ml/thesis-camels/data/raw/CAMELS_SIMBA_1000U/LH_140_hlist_1.00000.list,PASS,,6131,6131,True,0,0.0
LH_141,141,0.20000,/home/ml/thesis-camels/data/raw/CAMELS_SIMBA_1000U/LH_141_hlist_0.20000.list,PASS,,5624,5624,True,0,0.0
LH_141,141,0.25000,/home/ml/thesis-camels/data/raw/CAMELS_SIMBA_1000U/LH_141_hlist_0.25000.list,PASS,,6894,6894,True,0,0.0
LH_141,141,0.51209,/home/ml/thesis-camels/data/raw/CAMELS_SIMBA_1000U/LH_141_hlist_0.51209.list,PASS,,8004,8004,True,0,0.0
LH_141,141,0.75065,/home/ml/thesis-camels/data/raw/CAMELS_SIMBA_1000U/LH_141_hlist_0.75065.list,PASS,,7102,7102,True,0,0.0
LH_141,141,1.00000,/home/ml/thesis-camels/data/raw/CAMELS_SIMBA_1000U/LH_141_hlist_1.00000.list,PASS,,7010,7010,True,0,0.0
LH_142,142,0.20000,/home/ml/thesis-camels/data/raw/CAMELS_SIMBA_1000U/LH_142_hlist_0.20000.list,PASS,,1681,1681,True,0,0.0
LH_142,142,0.25000,/home/ml/thesis-camels/data/raw/CAMELS_SIMBA_1000U/LH_142_hlist_0.25000.list,PASS,,2995,2995,True,0,0.0
LH_142,142,0.51209,/home/ml/thesis-camels/data/raw/CAMELS_SIMBA_1000U/LH_142_hlist_0.51209.list,PASS,,4564,4564,True,0,0.0
LH_142,142,0.75065,/home/ml/thesis-camels/data/raw/CAMELS_SIMBA_1000U/LH_142_hlist_0.75065.list,PASS,,4685,4685,True,0,0.0
LH_142,142,1.00000,/home/ml/thesis-camels/data/raw/CAMELS_SIMBA_1000U/LH_142_hlist_1.00000.list,PASS,,5135,5135,True,0,0.0
LH_143,143,0.20000,/home/ml/thesis-camels/data/raw/CAMELS_SIMBA_1000U/LH_143_hlist_0.20000.list,PASS,,5244,5244,True,0,0.0
LH_143,143,0.25000,/home/ml/thesis-camels/data/raw/CAMELS_SIMBA_1000U/LH_143_hlist_0.25000.list,PASS,,6748,6748,True,0,0.0
LH_143,143,0.51209,/home/ml/thesis-camels/data/raw/CAMELS_SIMBA_1000U/LH_143_hlist_0.51209.list,PASS,,8122,8122,True,0,0.0
LH_143,143,0.75065,/home/ml/thesis-camels/data/raw/CAMELS_SIMBA_1000U/LH_143_hlist_0.75065.list,PASS,,7150,7150,True,0,0.0
LH_143,143,1.00000,/home/ml/thesis-camels/data/raw/CAMELS_SIMBA_1000U/LH_143_hlist_1.00000.list,PASS,,6887,6887,True,0,0.0
LH_144,144,0.20000,/home/ml/thesis-camels/data/raw/CAMELS_SIMBA_1000U/LH_144_hlist_0.20000.list,PASS,,4985,4985,True,0,0.0
LH_144,144,0.25000,/home/ml/thesis-camels/data/raw/CAMELS_SIMBA_1000U/LH_144_hlist_0.25000.list,PASS,,6087,6087,True,0,0.0
LH_144,144,0.51209,/home/ml/thesis-camels/data/raw/CAMELS_SIMBA_1000U/LH_144_hlist_0.51209.list,PASS,,6438,6438,True,0,0.0
LH_144,144,0.75065,/home/ml/thesis-camels/data/raw/CAMELS_SIMBA_1000U/LH_144_hlist_0.75065.list,PASS,,5992,5992,True,0,0.0
LH_144,144,1.00000,/home/ml/thesis-camels/data/raw/CAMELS_SIMBA_1000U/LH_144_hlist_1.00000.list,PASS,,6095,6095,True,0,0.0
LH_145,145,0.20000,/home/ml/thesis-camels/data/raw/CAMELS_SIMBA_1000U/LH_145_hlist_0.20000.list,PASS,,2118,2118,True,0,0.0
LH_145,145,0.25000,/home/ml/thesis-camels/data/raw/CAMELS_SIMBA_1000U/LH_145_hlist_0.25000.list,PASS,,3338,3338,True,0,0.0
LH_145,145,0.51209,/home/ml/thesis-camels/data/raw/CAMELS_SIMBA_1000U/LH_145_hlist_0.51209.list,PASS,,4505,4505,True,0,0.0
LH_145,145,0.75065,/home/ml/thesis-camels/data/raw/CAMELS_SIMBA_1000U/LH_145_hlist_0.75065.list,PASS,,4661,4661,True,0,0.0
LH_145,145,1.00000,/home/ml/thesis-camels/data/raw/CAMELS_SIMBA_1000U/LH_145_hlist_1.00000.list,PASS,,5132,5132,True,0,0.0
LH_146,146,0.20000,/home/ml/thesis-camels/data/raw/CAMELS_SIMBA_1000U/LH_146_hlist_0.20000.list,PASS,,6377,6377,True,0,0.0
LH_146,146,0.25000,/home/ml/thesis-camels/data/raw/CAMELS_SIMBA_1000U/LH_146_hlist_0.25000.list,PASS,,7517,7517,True,0,0.0
LH_146,146,0.51209,/home/ml/thesis-camels/data/raw/CAMELS_SIMBA_1000U/LH_146_hlist_0.51209.list,PASS,,7318,7318,True,0,0.0
LH_146,146,0.75065,/home/ml/thesis-camels/data/raw/CAMELS_SIMBA_1000U/LH_146_hlist_0.75065.list,PASS,,6476,6476,True,0,0.0
LH_146,146,1.00000,/home/ml/thesis-camels/data/raw/CAMELS_SIMBA_1000U/LH_146_hlist_1.00000.list,PASS,,6527,6527,True,0,0.0
LH_147,147,0.20000,/home/ml/thesis-camels/data/raw/CAMELS_SIMBA_1000U/LH_147_hlist_0.20000.list,PASS,,4065,4065,True,0,0.0
LH_147,147,0.25000,/home/ml/thesis-camels/data/raw/CAMELS_SIMBA_1000U/LH_147_hlist_0.25000.list,PASS,,5580,5580,True,0,0.0
LH_147,147,0.51209,/home/ml/thesis-camels/data/raw/CAMELS_SIMBA_1000U/LH_147_hlist_0.51209.list,PASS,,7723,7723,True,0,0.0
LH_147,147,0.75065,/home/ml/thesis-camels/data/raw/CAMELS_SIMBA_1000U/LH_147_hlist_0.75065.list,PASS,,7234,7234,True,0,0.0
LH_147,147,1.00000,/home/ml/thesis-camels/data/raw/CAMELS_SIMBA_1000U/LH_147_hlist_1.00000.list,PASS,,7050,7050,True,0,0.0
LH_148,148,0.20000,/home/ml/thesis-camels/data/raw/CAMELS_SIMBA_1000U/LH_148_hlist_0.20000.list,PASS,,7859,7859,True,0,0.0
LH_148,148,0.25000,/home/ml/thesis-camels/data/raw/CAMELS_SIMBA_1000U/LH_148_hlist_0.25000.list,PASS,,8700,8700,True,0,0.0
LH_148,148,0.51209,/home/ml/thesis-camels/data/raw/CAMELS_SIMBA_1000U/LH_148_hlist_0.51209.list,PASS,,7798,7798,True,0,0.0
LH_148,148,0.75065,/home/ml/thesis-camels/data/raw/CAMELS_SIMBA_1000U/LH_148_hlist_0.75065.list,PASS,,6621,6621,True,0,0.0
LH_148,148,1.00000,/home/ml/thesis-camels/data/raw/CAMELS_SIMBA_1000U/LH_148_hlist_1.00000.list,PASS,,6339,6339,True,0,0.0
LH_149,149,0.20000,/home/ml/thesis-camels/data/raw/CAMELS_SIMBA_1000U/LH_149_hlist_0.20000.list,PASS,,2377,2377,True,0,0.0
LH_149,149,0.25000,/home/ml/thesis-camels/data/raw/CAMELS_SIMBA_1000U/LH_149_hlist_0.25000.list,PASS,,3344,3344,True,0,0.0
LH_149,149,0.51209,/home/ml/thesis-camels/data/raw/CAMELS_SIMBA_1000U/LH_149_hlist_0.51209.list,PASS,,4144,4144,True,0,0.0
LH_149,149,0.75065,/home/ml/thesis-camels/data/raw/CAMELS_SIMBA_1000U/LH_149_hlist_0.75065.list,PASS,,4452,4452,True,0,0.0
LH_149,149,1.00000,/home/ml/thesis-camels/data/raw/CAMELS_SIMBA_1000U/LH_149_hlist_1.00000.list,PASS,,4860,4860,True,0,0.0
LH_150,150,0.20000,/home/ml/thesis-camels/data/raw/CAMELS_SIMBA_1000U/LH_150_hlist_0.20000.list,PASS,,6647,6647,True,0,0.0
LH_150,150,0.25000,/home/ml/thesis-camels/data/raw/CAMELS_SIMBA_1000U/LH_150_hlist_0.25000.list,PASS,,7780,7780,True,0,0.0
LH_150,150,0.51209,/home/ml/thesis-camels/data/raw/CAMELS_SIMBA_1000U/LH_150_hlist_0.51209.list,PASS,,7896,7896,True,0,0.0
LH_150,150,0.75065,/home/ml/thesis-camels/data/raw/CAMELS_SIMBA_1000U/LH_150_hlist_0.75065.list,PASS,,6847,6847,True,0,0.0
LH_150,150,1.00000,/home/ml/thesis-camels/data/raw/CAMELS_SIMBA_1000U/LH_150_hlist_1.00000.list,PASS,,6713,6713,True,0,0.0
LH_151,151,0.20000,/home/ml/thesis-camels/data/raw/CAMELS_SIMBA_1000U/LH_151_hlist_0.20000.list,PASS,,7331,7331,True,0,0.0
LH_151,151,0.25000,/home/ml/thesis-camels/data/raw/CAMELS_SIMBA_1000U/LH_151_hlist_0.25000.list,PASS,,8315,8315,True,0,0.0
LH_151,151,0.51209,/home/ml/thesis-camels/data/raw/CAMELS_SIMBA_1000U/LH_151_hlist_0.51209.list,PASS,,8226,8226,True,0,0.0
LH_151,151,0.75065,/home/ml/thesis-camels/data/raw/CAMELS_SIMBA_1000U/LH_151_hlist_0.75065.list,PASS,,6935,6935,True,0,0.0
LH_151,151,1.00000,/home/ml/thesis-camels/data/raw/CAMELS_SIMBA_1000U/LH_151_hlist_1.00000.list,PASS,,6491,6491,True,0,0.0
LH_152,152,0.20000,/home/ml/thesis-camels/data/raw/CAMELS_SIMBA_1000U/LH_152_hlist_0.20000.list,PASS,,7542,7542,True,0,0.0
LH_152,152,0.25000,/home/ml/thesis-camels/data/raw/CAMELS_SIMBA_1000U/LH_152_hlist_0.25000.list,PASS,,8365,8365,True,0,0.0
LH_152,152,0.51209,/home/ml/thesis-camels/data/raw/CAMELS_SIMBA_1000U/LH_152_hlist_0.51209.list,PASS,,7647,7647,True,0,0.0
LH_152,152,0.75065,/home/ml/thesis-camels/data/raw/CAMELS_SIMBA_1000U/LH_152_hlist_0.75065.list,PASS,,6404,6404,True,0,0.0
LH_152,152,1.00000,/home/ml/thesis-camels/data/raw/CAMELS_SIMBA_1000U/LH_152_hlist_1.00000.list,PASS,,6132,6132,True,0,0.0
LH_153,153,0.20000,/home/ml/thesis-camels/data/raw/CAMELS_SIMBA_1000U/LH_153_hlist_0.20000.list,PASS,,2820,2820,True,0,0.0
LH_153,153,0.25000,/home/ml/thesis-camels/data/raw/CAMELS_SIMBA_1000U/LH_153_hlist_0.25000.list,PASS,,4154,4154,True,0,0.0
LH_153,153,0.51209,/home/ml/thesis-camels/data/raw/CAMELS_SIMBA_1000U/LH_153_hlist_0.51209.list,PASS,,5364,5364,True,0,0.0
LH_153,153,0.75065,/home/ml/thesis-camels/data/raw/CAMELS_SIMBA_1000U/LH_153_hlist_0.75065.list,PASS,,5369,5369,True,0,0.0
LH_153,153,1.00000,/home/ml/thesis-camels/data/raw/CAMELS_SIMBA_1000U/LH_153_hlist_1.00000.list,PASS,,5816,5816,True,0,0.0
LH_154,154,0.20000,/home/ml/thesis-camels/data/raw/CAMELS_SIMBA_1000U/LH_154_hlist_0.20000.list,PASS,,5673,5673,True,0,0.0
LH_154,154,0.25000,/home/ml/thesis-camels/data/raw/CAMELS_SIMBA_1000U/LH_154_hlist_0.25000.list,PASS,,7091,7091,True,0,0.0
LH_154,154,0.51209,/home/ml/thesis-camels/data/raw/CAMELS_SIMBA_1000U/LH_154_hlist_0.51209.list,PASS,,8138,8138,True,0,0.0
LH_154,154,0.75065,/home/ml/thesis-camels/data/raw/CAMELS_SIMBA_1000U/LH_154_hlist_0.75065.list,PASS,,7309,7309,True,0,0.0
LH_154,154,1.00000,/home/ml/thesis-camels/data/raw/CAMELS_SIMBA_1000U/LH_154_hlist_1.00000.list,PASS,,6983,6983,True,0,0.0
LH_155,155,0.20000,/home/ml/thesis-camels/data/raw/CAMELS_SIMBA_1000U/LH_155_hlist_0.20000.list,PASS,,5649,5649,True,0,0.0
LH_155,155,0.25000,/home/ml/thesis-camels/data/raw/CAMELS_SIMBA_1000U/LH_155_hlist_0.25000.list,PASS,,6809,6809,True,0,0.0
LH_155,155,0.51209,/home/ml/thesis-camels/data/raw/CAMELS_SIMBA_1000U/LH_155_hlist_0.51209.list,PASS,,7113,7113,True,0,0.0
LH_155,155,0.75065,/home/ml/thesis-camels/data/raw/CAMELS_SIMBA_1000U/LH_155_hlist_0.75065.list,PASS,,6332,6332,True,0,0.0
LH_155,155,1.00000,/home/ml/thesis-camels/data/raw/CAMELS_SIMBA_1000U/LH_155_hlist_1.00000.list,PASS,,6326,6326,True,0,0.0
LH_156,156,0.20000,/home/ml/thesis-camels/data/raw/CAMELS_SIMBA_1000U/LH_156_hlist_0.20000.list,PASS,,1262,1262,False,238,15.866666666666667
LH_156,156,0.25000,/home/ml/thesis-camels/data/raw/CAMELS_SIMBA_1000U/LH_156_hlist_0.25000.list,PASS,,2699,2699,True,0,0.0
LH_156,156,0.51209,/home/ml/thesis-camels/data/raw/CAMELS_SIMBA_1000U/LH_156_hlist_0.51209.list,PASS,,5808,5808,True,0,0.0
LH_156,156,0.75065,/home/ml/thesis-camels/data/raw/CAMELS_SIMBA_1000U/LH_156_hlist_0.75065.list,PASS,,6332,6332,True,0,0.0
LH_156,156,1.00000,/home/ml/thesis-camels/data/raw/CAMELS_SIMBA_1000U/LH_156_hlist_1.00000.list,PASS,,6919,6919,True,0,0.0
LH_157,157,0.20000,/home/ml/thesis-camels/data/raw/CAMELS_SIMBA_1000U/LH_157_hlist_0.20000.list,PASS,,5382,5382,True,0,0.0
LH_157,157,0.25000,/home/ml/thesis-camels/data/raw/CAMELS_SIMBA_1000U/LH_157_hlist_0.25000.list,PASS,,6379,6379,True,0,0.0
LH_157,157,0.51209,/home/ml/thesis-camels/data/raw/CAMELS_SIMBA_1000U/LH_157_hlist_0.51209.list,PASS,,6480,6480,True,0,0.0
LH_157,157,0.75065,/home/ml/thesis-camels/data/raw/CAMELS_SIMBA_1000U/LH_157_hlist_0.75065.list,PASS,,5916,5916,True,0,0.0
LH_157,157,1.00000,/home/ml/thesis-camels/data/raw/CAMELS_SIMBA_1000U/LH_157_hlist_1.00000.list,PASS,,6047,6047,True,0,0.0
LH_158,158,0.20000,/home/ml/thesis-camels/data/raw/CAMELS_SIMBA_1000U/LH_158_hlist_0.20000.list,PASS,,7198,7198,True,0,0.0
LH_158,158,0.25000,/home/ml/thesis-camels/data/raw/CAMELS_SIMBA_1000U/LH_158_hlist_0.25000.list,PASS,,7857,7857,True,0,0.0
LH_158,158,0.51209,/home/ml/thesis-camels/data/raw/CAMELS_SIMBA_1000U/LH_158_hlist_0.51209.list,PASS,,6338,6338,True,0,0.0
LH_158,158,0.75065,/home/ml/thesis-camels/data/raw/CAMELS_SIMBA_1000U/LH_158_hlist_0.75065.list,PASS,,5441,5441,True,0,0.0
LH_158,158,1.00000,/home/ml/thesis-camels/data/raw/CAMELS_SIMBA_1000U/LH_158_hlist_1.00000.list,PASS,,5396,5396,True,0,0.0
LH_159,159,0.20000,/home/ml/thesis-camels/data/raw/CAMELS_SIMBA_1000U/LH_159_hlist_0.20000.list,PASS,,6024,6024,True,0,0.0
LH_159,159,0.25000,/home/ml/thesis-camels/data/raw/CAMELS_SIMBA_1000U/LH_159_hlist_0.25000.list,PASS,,7072,7072,True,0,0.0
LH_159,159,0.51209,/home/ml/thesis-camels/data/raw/CAMELS_SIMBA_1000U/LH_159_hlist_0.51209.list,PASS,,7596,7596,True,0,0.0
LH_159,159,0.75065,/home/ml/thesis-camels/data/raw/CAMELS_SIMBA_1000U/LH_159_hlist_0.75065.list,PASS,,7056,7056,True,0,0.0
LH_159,159,1.00000,/home/ml/thesis-camels/data/raw/CAMELS_SIMBA_1000U/LH_159_hlist_1.00000.list,PASS,,6960,6960,True,0,0.0
LH_160,160,0.20000,/home/ml/thesis-camels/data/raw/CAMELS_SIMBA_1000U/LH_160_hlist_0.20000.list,PASS,,7079,7079,True,0,0.0
LH_160,160,0.25000,/home/ml/thesis-camels/data/raw/CAMELS_SIMBA_1000U/LH_160_hlist_0.25000.list,PASS,,7766,7766,True,0,0.0
LH_160,160,0.51209,/home/ml/thesis-camels/data/raw/CAMELS_SIMBA_1000U/LH_160_hlist_0.51209.list,PASS,,7276,7276,True,0,0.0
LH_160,160,0.75065,/home/ml/thesis-camels/data/raw/CAMELS_SIMBA_1000U/LH_160_hlist_0.75065.list,PASS,,6426,6426,True,0,0.0
LH_160,160,1.00000,/home/ml/thesis-camels/data/raw/CAMELS_SIMBA_1000U/LH_160_hlist_1.00000.list,PASS,,6478,6478,True,0,0.0
LH_161,161,0.20000,/home/ml/thesis-camels/data/raw/CAMELS_SIMBA_1000U/LH_161_hlist_0.20000.list,PASS,,350,350,False,1150,76.66666666666667
LH_161,161,0.25000,/home/ml/thesis-camels/data/raw/CAMELS_SIMBA_1000U/LH_161_hlist_0.25000.list,PASS,,1062,1062,False,438,29.2
LH_161,161,0.51209,/home/ml/thesis-camels/data/raw/CAMELS_SIMBA_1000U/LH_161_hlist_0.51209.list,PASS,,3280,3280,True,0,0.0
LH_161,161,0.75065,/home/ml/thesis-camels/data/raw/CAMELS_SIMBA_1000U/LH_161_hlist_0.75065.list,PASS,,3941,3941,True,0,0.0
LH_161,161,1.00000,/home/ml/thesis-camels/data/raw/CAMELS_SIMBA_1000U/LH_161_hlist_1.00000.list,PASS,,4669,4669,True,0,0.0
LH_162,162,0.20000,/home/ml/thesis-camels/data/raw/CAMELS_SIMBA_1000U/LH_162_hlist_0.20000.list,PASS,,4234,4234,True,0,0.0
LH_162,162,0.25000,/home/ml/thesis-camels/data/raw/CAMELS_SIMBA_1000U/LH_162_hlist_0.25000.list,PASS,,6239,6239,True,0,0.0
LH_162,162,0.51209,/home/ml/thesis-camels/data/raw/CAMELS_SIMBA_1000U/LH_162_hlist_0.51209.list,PASS,,8770,8770,True,0,0.0
LH_162,162,0.75065,/home/ml/thesis-camels/data/raw/CAMELS_SIMBA_1000U/LH_162_hlist_0.75065.list,PASS,,8025,8025,True,0,0.0
LH_162,162,1.00000,/home/ml/thesis-camels/data/raw/CAMELS_SIMBA_1000U/LH_162_hlist_1.00000.list,PASS,,7526,7526,True,0,0.0
LH_163,163,0.20000,/home/ml/thesis-camels/data/raw/CAMELS_SIMBA_1000U/LH_163_hlist_0.20000.list,PASS,,3885,3885,True,0,0.0
LH_163,163,0.25000,/home/ml/thesis-camels/data/raw/CAMELS_SIMBA_1000U/LH_163_hlist_0.25000.list,PASS,,5407,5407,True,0,0.0
LH_163,163,0.51209,/home/ml/thesis-camels/data/raw/CAMELS_SIMBA_1000U/LH_163_hlist_0.51209.list,PASS,,6424,6424,True,0,0.0
LH_163,163,0.75065,/home/ml/thesis-camels/data/raw/CAMELS_SIMBA_1000U/LH_163_hlist_0.75065.list,PASS,,6064,6064,True,0,0.0
LH_163,163,1.00000,/home/ml/thesis-camels/data/raw/CAMELS_SIMBA_1000U/LH_163_hlist_1.00000.list,PASS,,6142,6142,True,0,0.0
LH_164,164,0.20000,/home/ml/thesis-camels/data/raw/CAMELS_SIMBA_1000U/LH_164_hlist_0.20000.list,PASS,,2825,2825,True,0,0.0
LH_164,164,0.25000,/home/ml/thesis-camels/data/raw/CAMELS_SIMBA_1000U/LH_164_hlist_0.25000.list,PASS,,4163,4163,True,0,0.0
LH_164,164,0.51209,/home/ml/thesis-camels/data/raw/CAMELS_SIMBA_1000U/LH_164_hlist_0.51209.list,PASS,,6433,6433,True,0,0.0
LH_164,164,0.75065,/home/ml/thesis-camels/data/raw/CAMELS_SIMBA_1000U/LH_164_hlist_0.75065.list,PASS,,6443,6443,True,0,0.0
LH_164,164,1.00000,/home/ml/thesis-camels/data/raw/CAMELS_SIMBA_1000U/LH_164_hlist_1.00000.list,PASS,,6697,6697,True,0,0.0
LH_165,165,0.20000,/home/ml/thesis-camels/data/raw/CAMELS_SIMBA_1000U/LH_165_hlist_0.20000.list,PASS,,5071,5071,True,0,0.0
LH_165,165,0.25000,/home/ml/thesis-camels/data/raw/CAMELS_SIMBA_1000U/LH_165_hlist_0.25000.list,PASS,,6636,6636,True,0,0.0
LH_165,165,0.51209,/home/ml/thesis-camels/data/raw/CAMELS_SIMBA_1000U/LH_165_hlist_0.51209.list,PASS,,8618,8618,True,0,0.0
LH_165,165,0.75065,/home/ml/thesis-camels/data/raw/CAMELS_SIMBA_1000U/LH_165_hlist_0.75065.list,PASS,,7538,7538,True,0,0.0
LH_165,165,1.00000,/home/ml/thesis-camels/data/raw/CAMELS_SIMBA_1000U/LH_165_hlist_1.00000.list,PASS,,7219,7219,True,0,0.0
LH_166,166,0.20000,/home/ml/thesis-camels/data/raw/CAMELS_SIMBA_1000U/LH_166_hlist_0.20000.list,PASS,,1936,1936,True,0,0.0
LH_166,166,0.25000,/home/ml/thesis-camels/data/raw/CAMELS_SIMBA_1000U/LH_166_hlist_0.25000.list,PASS,,3410,3410,True,0,0.0
LH_166,166,0.51209,/home/ml/thesis-camels/data/raw/CAMELS_SIMBA_1000U/LH_166_hlist_0.51209.list,PASS,,6187,6187,True,0,0.0
LH_166,166,0.75065,/home/ml/thesis-camels/data/raw/CAMELS_SIMBA_1000U/LH_166_hlist_0.75065.list,PASS,,6216,6216,True,0,0.0
LH_166,166,1.00000,/home/ml/thesis-camels/data/raw/CAMELS_SIMBA_1000U/LH_166_hlist_1.00000.list,PASS,,6674,6674,True,0,0.0
LH_167,167,0.20000,/home/ml/thesis-camels/data/raw/CAMELS_SIMBA_1000U/LH_167_hlist_0.20000.list,PASS,,4412,4412,True,0,0.0
LH_167,167,0.25000,/home/ml/thesis-camels/data/raw/CAMELS_SIMBA_1000U/LH_167_hlist_0.25000.list,PASS,,5694,5694,True,0,0.0
LH_167,167,0.51209,/home/ml/thesis-camels/data/raw/CAMELS_SIMBA_1000U/LH_167_hlist_0.51209.list,PASS,,7254,7254,True,0,0.0
LH_167,167,0.75065,/home/ml/thesis-camels/data/raw/CAMELS_SIMBA_1000U/LH_167_hlist_0.75065.list,PASS,,6899,6899,True,0,0.0
LH_167,167,1.00000,/home/ml/thesis-camels/data/raw/CAMELS_SIMBA_1000U/LH_167_hlist_1.00000.list,PASS,,7062,7062,True,0,0.0
LH_168,168,0.20000,/home/ml/thesis-camels/data/raw/CAMELS_SIMBA_1000U/LH_168_hlist_0.20000.list,PASS,,1806,1806,True,0,0.0
LH_168,168,0.25000,/home/ml/thesis-camels/data/raw/CAMELS_SIMBA_1000U/LH_168_hlist_0.25000.list,PASS,,2787,2787,True,0,0.0
LH_168,168,0.51209,/home/ml/thesis-camels/data/raw/CAMELS_SIMBA_1000U/LH_168_hlist_0.51209.list,PASS,,3958,3958,True,0,0.0
LH_168,168,0.75065,/home/ml/thesis-camels/data/raw/CAMELS_SIMBA_1000U/LH_168_hlist_0.75065.list,PASS,,4264,4264,True,0,0.0
LH_168,168,1.00000,/home/ml/thesis-camels/data/raw/CAMELS_SIMBA_1000U/LH_168_hlist_1.00000.list,PASS,,4813,4813,True,0,0.0
LH_169,169,0.20000,/home/ml/thesis-camels/data/raw/CAMELS_SIMBA_1000U/LH_169_hlist_0.20000.list,PASS,,8346,8346,True,0,0.0
LH_169,169,0.25000,/home/ml/thesis-camels/data/raw/CAMELS_SIMBA_1000U/LH_169_hlist_0.25000.list,PASS,,8914,8914,True,0,0.0
LH_169,169,0.51209,/home/ml/thesis-camels/data/raw/CAMELS_SIMBA_1000U/LH_169_hlist_0.51209.list,PASS,,7687,7687,True,0,0.0
LH_169,169,0.75065,/home/ml/thesis-camels/data/raw/CAMELS_SIMBA_1000U/LH_169_hlist_0.75065.list,PASS,,6258,6258,True,0,0.0
LH_169,169,1.00000,/home/ml/thesis-camels/data/raw/CAMELS_SIMBA_1000U/LH_169_hlist_1.00000.list,PASS,,5770,5770,True,0,0.0
LH_170,170,0.20000,/home/ml/thesis-camels/data/raw/CAMELS_SIMBA_1000U/LH_170_hlist_0.20000.list,PASS,,4483,4483,True,0,0.0
LH_170,170,0.25000,/home/ml/thesis-camels/data/raw/CAMELS_SIMBA_1000U/LH_170_hlist_0.25000.list,PASS,,6068,6068,True,0,0.0
LH_170,170,0.51209,/home/ml/thesis-camels/data/raw/CAMELS_SIMBA_1000U/LH_170_hlist_0.51209.list,PASS,,8050,8050,True,0,0.0
LH_170,170,0.75065,/home/ml/thesis-camels/data/raw/CAMELS_SIMBA_1000U/LH_170_hlist_0.75065.list,PASS,,7376,7376,True,0,0.0
LH_170,170,1.00000,/home/ml/thesis-camels/data/raw/CAMELS_SIMBA_1000U/LH_170_hlist_1.00000.list,PASS,,7271,7271,True,0,0.0
LH_171,171,0.20000,/home/ml/thesis-camels/data/raw/CAMELS_SIMBA_1000U/LH_171_hlist_0.20000.list,PASS,,5626,5626,True,0,0.0
LH_171,171,0.25000,/home/ml/thesis-camels/data/raw/CAMELS_SIMBA_1000U/LH_171_hlist_0.25000.list,PASS,,6683,6683,True,0,0.0
LH_171,171,0.51209,/home/ml/thesis-camels/data/raw/CAMELS_SIMBA_1000U/LH_171_hlist_0.51209.list,PASS,,6329,6329,True,0,0.0
LH_171,171,0.75065,/home/ml/thesis-camels/data/raw/CAMELS_SIMBA_1000U/LH_171_hlist_0.75065.list,PASS,,5803,5803,True,0,0.0
LH_171,171,1.00000,/home/ml/thesis-camels/data/raw/CAMELS_SIMBA_1000U/LH_171_hlist_1.00000.list,PASS,,5923,5923,True,0,0.0
LH_172,172,0.20000,/home/ml/thesis-camels/data/raw/CAMELS_SIMBA_1000U/LH_172_hlist_0.20000.list,PASS,,6284,6284,True,0,0.0
LH_172,172,0.25000,/home/ml/thesis-camels/data/raw/CAMELS_SIMBA_1000U/LH_172_hlist_0.25000.list,PASS,,7547,7547,True,0,0.0
LH_172,172,0.51209,/home/ml/thesis-camels/data/raw/CAMELS_SIMBA_1000U/LH_172_hlist_0.51209.list,PASS,,7770,7770,True,0,0.0
LH_172,172,0.75065,/home/ml/thesis-camels/data/raw/CAMELS_SIMBA_1000U/LH_172_hlist_0.75065.list,PASS,,6647,6647,True,0,0.0
LH_172,172,1.00000,/home/ml/thesis-camels/data/raw/CAMELS_SIMBA_1000U/LH_172_hlist_1.00000.list,PASS,,6519,6519,True,0,0.0
LH_173,173,0.20000,/home/ml/thesis-camels/data/raw/CAMELS_SIMBA_1000U/LH_173_hlist_0.20000.list,PASS,,5011,5011,True,0,0.0
LH_173,173,0.25000,/home/ml/thesis-camels/data/raw/CAMELS_SIMBA_1000U/LH_173_hlist_0.25000.list,PASS,,6566,6566,True,0,0.0
LH_173,173,0.51209,/home/ml/thesis-camels/data/raw/CAMELS_SIMBA_1000U/LH_173_hlist_0.51209.list,PASS,,8453,8453,True,0,0.0
LH_173,173,0.75065,/home/ml/thesis-camels/data/raw/CAMELS_SIMBA_1000U/LH_173_hlist_0.75065.list,PASS,,7557,7557,True,0,0.0
LH_173,173,1.00000,/home/ml/thesis-camels/data/raw/CAMELS_SIMBA_1000U/LH_173_hlist_1.00000.list,PASS,,7346,7346,True,0,0.0
LH_174,174,0.20000,/home/ml/thesis-camels/data/raw/CAMELS_SIMBA_1000U/LH_174_hlist_0.20000.list,PASS,,4540,4540,True,0,0.0
LH_174,174,0.25000,/home/ml/thesis-camels/data/raw/CAMELS_SIMBA_1000U/LH_174_hlist_0.25000.list,PASS,,6205,6205,True,0,0.0
LH_174,174,0.51209,/home/ml/thesis-camels/data/raw/CAMELS_SIMBA_1000U/LH_174_hlist_0.51209.list,PASS,,8671,8671,True,0,0.0
LH_174,174,0.75065,/home/ml/thesis-camels/data/raw/CAMELS_SIMBA_1000U/LH_174_hlist_0.75065.list,PASS,,8102,8102,True,0,0.0
LH_174,174,1.00000,/home/ml/thesis-camels/data/raw/CAMELS_SIMBA_1000U/LH_174_hlist_1.00000.list,PASS,,7806,7806,True,0,0.0
LH_175,175,0.20000,/home/ml/thesis-camels/data/raw/CAMELS_SIMBA_1000U/LH_175_hlist_0.20000.list,PASS,,3449,3449,True,0,0.0
LH_175,175,0.25000,/home/ml/thesis-camels/data/raw/CAMELS_SIMBA_1000U/LH_175_hlist_0.25000.list,PASS,,5292,5292,True,0,0.0
LH_175,175,0.51209,/home/ml/thesis-camels/data/raw/CAMELS_SIMBA_1000U/LH_175_hlist_0.51209.list,PASS,,8272,8272,True,0,0.0
LH_175,175,0.75065,/home/ml/thesis-camels/data/raw/CAMELS_SIMBA_1000U/LH_175_hlist_0.75065.list,PASS,,7835,7835,True,0,0.0
LH_175,175,1.00000,/home/ml/thesis-camels/data/raw/CAMELS_SIMBA_1000U/LH_175_hlist_1.00000.list,PASS,,7929,7929,True,0,0.0
LH_176,176,0.20000,/home/ml/thesis-camels/data/raw/CAMELS_SIMBA_1000U/LH_176_hlist_0.20000.list,PASS,,6282,6282,True,0,0.0
LH_176,176,0.25000,/home/ml/thesis-camels/data/raw/CAMELS_SIMBA_1000U/LH_176_hlist_0.25000.list,PASS,,6913,6913,True,0,0.0
LH_176,176,0.51209,/home/ml/thesis-camels/data/raw/CAMELS_SIMBA_1000U/LH_176_hlist_0.51209.list,PASS,,5841,5841,True,0,0.0
LH_176,176,0.75065,/home/ml/thesis-camels/data/raw/CAMELS_SIMBA_1000U/LH_176_hlist_0.75065.list,PASS,,5108,5108,True,0,0.0
LH_176,176,1.00000,/home/ml/thesis-camels/data/raw/CAMELS_SIMBA_1000U/LH_176_hlist_1.00000.list,PASS,,5270,5270,True,0,0.0
LH_177,177,0.20000,/home/ml/thesis-camels/data/raw/CAMELS_SIMBA_1000U/LH_177_hlist_0.20000.list,PASS,,4446,4446,True,0,0.0
LH_177,177,0.25000,/home/ml/thesis-camels/data/raw/CAMELS_SIMBA_1000U/LH_177_hlist_0.25000.list,PASS,,5777,5777,True,0,0.0
LH_177,177,0.51209,/home/ml/thesis-camels/data/raw/CAMELS_SIMBA_1000U/LH_177_hlist_0.51209.list,PASS,,7069,7069,True,0,0.0
LH_177,177,0.75065,/home/ml/thesis-camels/data/raw/CAMELS_SIMBA_1000U/LH_177_hlist_0.75065.list,PASS,,6597,6597,True,0,0.0
LH_177,177,1.00000,/home/ml/thesis-camels/data/raw/CAMELS_SIMBA_1000U/LH_177_hlist_1.00000.list,PASS,,6604,6604,True,0,0.0
LH_178,178,0.20000,/home/ml/thesis-camels/data/raw/CAMELS_SIMBA_1000U/LH_178_hlist_0.20000.list,PASS,,4974,4974,True,0,0.0
LH_178,178,0.25000,/home/ml/thesis-camels/data/raw/CAMELS_SIMBA_1000U/LH_178_hlist_0.25000.list,PASS,,5897,5897,True,0,0.0
LH_178,178,0.51209,/home/ml/thesis-camels/data/raw/CAMELS_SIMBA_1000U/LH_178_hlist_0.51209.list,PASS,,6456,6456,True,0,0.0
LH_178,178,0.75065,/home/ml/thesis-camels/data/raw/CAMELS_SIMBA_1000U/LH_178_hlist_0.75065.list,PASS,,5925,5925,True,0,0.0
LH_178,178,1.00000,/home/ml/thesis-camels/data/raw/CAMELS_SIMBA_1000U/LH_178_hlist_1.00000.list,PASS,,6017,6017,True,0,0.0
LH_179,179,0.20000,/home/ml/thesis-camels/data/raw/CAMELS_SIMBA_1000U/LH_179_hlist_0.20000.list,PASS,,989,989,False,511,34.06666666666667
LH_179,179,0.25000,/home/ml/thesis-camels/data/raw/CAMELS_SIMBA_1000U/LH_179_hlist_0.25000.list,PASS,,2408,2408,True,0,0.0
LH_179,179,0.51209,/home/ml/thesis-camels/data/raw/CAMELS_SIMBA_1000U/LH_179_hlist_0.51209.list,PASS,,4900,4900,True,0,0.0
LH_179,179,0.75065,/home/ml/thesis-camels/data/raw/CAMELS_SIMBA_1000U/LH_179_hlist_0.75065.list,PASS,,5312,5312,True,0,0.0
LH_179,179,1.00000,/home/ml/thesis-camels/data/raw/CAMELS_SIMBA_1000U/LH_179_hlist_1.00000.list,PASS,,5832,5832,True,0,0.0
LH_180,180,0.20000,/home/ml/thesis-camels/data/raw/CAMELS_SIMBA_1000U/LH_180_hlist_0.20000.list,PASS,,8616,8616,True,0,0.0
LH_180,180,0.25000,/home/ml/thesis-camels/data/raw/CAMELS_SIMBA_1000U/LH_180_hlist_0.25000.list,PASS,,9152,9152,True,0,0.0
LH_180,180,0.51209,/home/ml/thesis-camels/data/raw/CAMELS_SIMBA_1000U/LH_180_hlist_0.51209.list,PASS,,7246,7246,True,0,0.0
LH_180,180,0.75065,/home/ml/thesis-camels/data/raw/CAMELS_SIMBA_1000U/LH_180_hlist_0.75065.list,PASS,,5876,5876,True,0,0.0
LH_180,180,1.00000,/home/ml/thesis-camels/data/raw/CAMELS_SIMBA_1000U/LH_180_hlist_1.00000.list,PASS,,5447,5447,True,0,0.0
LH_181,181,0.20000,/home/ml/thesis-camels/data/raw/CAMELS_SIMBA_1000U/LH_181_hlist_0.20000.list,PASS,,7016,7016,True,0,0.0
LH_181,181,0.25000,/home/ml/thesis-camels/data/raw/CAMELS_SIMBA_1000U/LH_181_hlist_0.25000.list,PASS,,8074,8074,True,0,0.0
LH_181,181,0.51209,/home/ml/thesis-camels/data/raw/CAMELS_SIMBA_1000U/LH_181_hlist_0.51209.list,PASS,,7875,7875,True,0,0.0
LH_181,181,0.75065,/home/ml/thesis-camels/data/raw/CAMELS_SIMBA_1000U/LH_181_hlist_0.75065.list,PASS,,6855,6855,True,0,0.0
LH_181,181,1.00000,/home/ml/thesis-camels/data/raw/CAMELS_SIMBA_1000U/LH_181_hlist_1.00000.list,PASS,,6684,6684,True,0,0.0
LH_182,182,0.20000,/home/ml/thesis-camels/data/raw/CAMELS_SIMBA_1000U/LH_182_hlist_0.20000.list,PASS,,4171,4171,True,0,0.0
LH_182,182,0.25000,/home/ml/thesis-camels/data/raw/CAMELS_SIMBA_1000U/LH_182_hlist_0.25000.list,PASS,,5822,5822,True,0,0.0
LH_182,182,0.51209,/home/ml/thesis-camels/data/raw/CAMELS_SIMBA_1000U/LH_182_hlist_0.51209.list,PASS,,8592,8592,True,0,0.0
LH_182,182,0.75065,/home/ml/thesis-camels/data/raw/CAMELS_SIMBA_1000U/LH_182_hlist_0.75065.list,PASS,,8065,8065,True,0,0.0
LH_182,182,1.00000,/home/ml/thesis-camels/data/raw/CAMELS_SIMBA_1000U/LH_182_hlist_1.00000.list,PASS,,8010,8010,True,0,0.0
LH_183,183,0.20000,/home/ml/thesis-camels/data/raw/CAMELS_SIMBA_1000U/LH_183_hlist_0.20000.list,PASS,,8876,8876,True,0,0.0
LH_183,183,0.25000,/home/ml/thesis-camels/data/raw/CAMELS_SIMBA_1000U/LH_183_hlist_0.25000.list,PASS,,9186,9186,True,0,0.0
LH_183,183,0.51209,/home/ml/thesis-camels/data/raw/CAMELS_SIMBA_1000U/LH_183_hlist_0.51209.list,PASS,,7016,7016,True,0,0.0
LH_183,183,0.75065,/home/ml/thesis-camels/data/raw/CAMELS_SIMBA_1000U/LH_183_hlist_0.75065.list,PASS,,5648,5648,True,0,0.0
LH_183,183,1.00000,/home/ml/thesis-camels/data/raw/CAMELS_SIMBA_1000U/LH_183_hlist_1.00000.list,PASS,,5361,5361,True,0,0.0
LH_184,184,0.20000,/home/ml/thesis-camels/data/raw/CAMELS_SIMBA_1000U/LH_184_hlist_0.20000.list,PASS,,417,417,False,1083,72.2
LH_184,184,0.25000,/home/ml/thesis-camels/data/raw/CAMELS_SIMBA_1000U/LH_184_hlist_0.25000.list,PASS,,1110,1110,False,390,26.0
LH_184,184,0.51209,/home/ml/thesis-camels/data/raw/CAMELS_SIMBA_1000U/LH_184_hlist_0.51209.list,PASS,,3469,3469,True,0,0.0
LH_184,184,0.75065,/home/ml/thesis-camels/data/raw/CAMELS_SIMBA_1000U/LH_184_hlist_0.75065.list,PASS,,3975,3975,True,0,0.0
LH_184,184,1.00000,/home/ml/thesis-camels/data/raw/CAMELS_SIMBA_1000U/LH_184_hlist_1.00000.list,PASS,,4650,4650,True,0,0.0
LH_185,185,0.20000,/home/ml/thesis-camels/data/raw/CAMELS_SIMBA_1000U/LH_185_hlist_0.20000.list,PASS,,6383,6383,True,0,0.0
LH_185,185,0.25000,/home/ml/thesis-camels/data/raw/CAMELS_SIMBA_1000U/LH_185_hlist_0.25000.list,PASS,,7675,7675,True,0,0.0
LH_185,185,0.51209,/home/ml/thesis-camels/data/raw/CAMELS_SIMBA_1000U/LH_185_hlist_0.51209.list,PASS,,8270,8270,True,0,0.0
LH_185,185,0.75065,/home/ml/thesis-camels/data/raw/CAMELS_SIMBA_1000U/LH_185_hlist_0.75065.list,PASS,,7059,7059,True,0,0.0
LH_185,185,1.00000,/home/ml/thesis-camels/data/raw/CAMELS_SIMBA_1000U/LH_185_hlist_1.00000.list,PASS,,6721,6721,True,0,0.0
LH_186,186,0.20000,/home/ml/thesis-camels/data/raw/CAMELS_SIMBA_1000U/LH_186_hlist_0.20000.list,PASS,,1785,1785,True,0,0.0
LH_186,186,0.25000,/home/ml/thesis-camels/data/raw/CAMELS_SIMBA_1000U/LH_186_hlist_0.25000.list,PASS,,3192,3192,True,0,0.0
LH_186,186,0.51209,/home/ml/thesis-camels/data/raw/CAMELS_SIMBA_1000U/LH_186_hlist_0.51209.list,PASS,,7015,7015,True,0,0.0
LH_186,186,0.75065,/home/ml/thesis-camels/data/raw/CAMELS_SIMBA_1000U/LH_186_hlist_0.75065.list,PASS,,7152,7152,True,0,0.0
LH_186,186,1.00000,/home/ml/thesis-camels/data/raw/CAMELS_SIMBA_1000U/LH_186_hlist_1.00000.list,PASS,,7623,7623,True,0,0.0
LH_187,187,0.20000,/home/ml/thesis-camels/data/raw/CAMELS_SIMBA_1000U/LH_187_hlist_0.20000.list,PASS,,7498,7498,True,0,0.0
LH_187,187,0.25000,/home/ml/thesis-camels/data/raw/CAMELS_SIMBA_1000U/LH_187_hlist_0.25000.list,PASS,,8126,8126,True,0,0.0
LH_187,187,0.51209,/home/ml/thesis-camels/data/raw/CAMELS_SIMBA_1000U/LH_187_hlist_0.51209.list,PASS,,6999,6999,True,0,0.0
LH_187,187,0.75065,/home/ml/thesis-camels/data/raw/CAMELS_SIMBA_1000U/LH_187_hlist_0.75065.list,PASS,,5866,5866,True,0,0.0
LH_187,187,1.00000,/home/ml/thesis-camels/data/raw/CAMELS_SIMBA_1000U/LH_187_hlist_1.00000.list,PASS,,5686,5686,True,0,0.0
LH_188,188,0.20000,/home/ml/thesis-camels/data/raw/CAMELS_SIMBA_1000U/LH_188_hlist_0.20000.list,PASS,,2494,2494,True,0,0.0
LH_188,188,0.25000,/home/ml/thesis-camels/data/raw/CAMELS_SIMBA_1000U/LH_188_hlist_0.25000.list,PASS,,4303,4303,True,0,0.0
LH_188,188,0.51209,/home/ml/thesis-camels/data/raw/CAMELS_SIMBA_1000U/LH_188_hlist_0.51209.list,PASS,,7687,7687,True,0,0.0
LH_188,188,0.75065,/home/ml/thesis-camels/data/raw/CAMELS_SIMBA_1000U/LH_188_hlist_0.75065.list,PASS,,7450,7450,True,0,0.0
LH_188,188,1.00000,/home/ml/thesis-camels/data/raw/CAMELS_SIMBA_1000U/LH_188_hlist_1.00000.list,PASS,,7733,7733,True,0,0.0
LH_189,189,0.20000,/home/ml/thesis-camels/data/raw/CAMELS_SIMBA_1000U/LH_189_hlist_0.20000.list,PASS,,3698,3698,True,0,0.0
LH_189,189,0.25000,/home/ml/thesis-camels/data/raw/CAMELS_SIMBA_1000U/LH_189_hlist_0.25000.list,PASS,,5437,5437,True,0,0.0
LH_189,189,0.51209,/home/ml/thesis-camels/data/raw/CAMELS_SIMBA_1000U/LH_189_hlist_0.51209.list,PASS,,7610,7610,True,0,0.0
LH_189,189,0.75065,/home/ml/thesis-camels/data/raw/CAMELS_SIMBA_1000U/LH_189_hlist_0.75065.list,PASS,,7029,7029,True,0,0.0
LH_189,189,1.00000,/home/ml/thesis-camels/data/raw/CAMELS_SIMBA_1000U/LH_189_hlist_1.00000.list,PASS,,7189,7189,True,0,0.0
LH_190,190,0.20000,/home/ml/thesis-camels/data/raw/CAMELS_SIMBA_1000U/LH_190_hlist_0.20000.list,PASS,,6472,6472,True,0,0.0
LH_190,190,0.25000,/home/ml/thesis-camels/data/raw/CAMELS_SIMBA_1000U/LH_190_hlist_0.25000.list,PASS,,7129,7129,True,0,0.0
LH_190,190,0.51209,/home/ml/thesis-camels/data/raw/CAMELS_SIMBA_1000U/LH_190_hlist_0.51209.list,PASS,,6802,6802,True,0,0.0
LH_190,190,0.75065,/home/ml/thesis-camels/data/raw/CAMELS_SIMBA_1000U/LH_190_hlist_0.75065.list,PASS,,5961,5961,True,0,0.0
LH_190,190,1.00000,/home/ml/thesis-camels/data/raw/CAMELS_SIMBA_1000U/LH_190_hlist_1.00000.list,PASS,,5946,5946,True,0,0.0
LH_191,191,0.20000,/home/ml/thesis-camels/data/raw/CAMELS_SIMBA_1000U/LH_191_hlist_0.20000.list,PASS,,1512,1512,True,0,0.0
LH_191,191,0.25000,/home/ml/thesis-camels/data/raw/CAMELS_SIMBA_1000U/LH_191_hlist_0.25000.list,PASS,,2898,2898,True,0,0.0
LH_191,191,0.51209,/home/ml/thesis-camels/data/raw/CAMELS_SIMBA_1000U/LH_191_hlist_0.51209.list,PASS,,5112,5112,True,0,0.0
LH_191,191,0.75065,/home/ml/thesis-camels/data/raw/CAMELS_SIMBA_1000U/LH_191_hlist_0.75065.list,PASS,,5329,5329,True,0,0.0
LH_191,191,1.00000,/home/ml/thesis-camels/data/raw/CAMELS_SIMBA_1000U/LH_191_hlist_1.00000.list,PASS,,5743,5743,True,0,0.0
LH_192,192,0.20000,/home/ml/thesis-camels/data/raw/CAMELS_SIMBA_1000U/LH_192_hlist_0.20000.list,PASS,,5790,5790,True,0,0.0
LH_192,192,0.25000,/home/ml/thesis-camels/data/raw/CAMELS_SIMBA_1000U/LH_192_hlist_0.25000.list,PASS,,6936,6936,True,0,0.0
LH_192,192,0.51209,/home/ml/thesis-camels/data/raw/CAMELS_SIMBA_1000U/LH_192_hlist_0.51209.list,PASS,,6881,6881,True,0,0.0
LH_192,192,0.75065,/home/ml/thesis-camels/data/raw/CAMELS_SIMBA_1000U/LH_192_hlist_0.75065.list,PASS,,6163,6163,True,0,0.0
LH_192,192,1.00000,/home/ml/thesis-camels/data/raw/CAMELS_SIMBA_1000U/LH_192_hlist_1.00000.list,PASS,,6235,6235,True,0,0.0
LH_193,193,0.20000,/home/ml/thesis-camels/data/raw/CAMELS_SIMBA_1000U/LH_193_hlist_0.20000.list,PASS,,6800,6800,True,0,0.0
LH_193,193,0.25000,/home/ml/thesis-camels/data/raw/CAMELS_SIMBA_1000U/LH_193_hlist_0.25000.list,PASS,,7793,7793,True,0,0.0
LH_193,193,0.51209,/home/ml/thesis-camels/data/raw/CAMELS_SIMBA_1000U/LH_193_hlist_0.51209.list,PASS,,8086,8086,True,0,0.0
LH_193,193,0.75065,/home/ml/thesis-camels/data/raw/CAMELS_SIMBA_1000U/LH_193_hlist_0.75065.list,PASS,,7237,7237,True,0,0.0
LH_193,193,1.00000,/home/ml/thesis-camels/data/raw/CAMELS_SIMBA_1000U/LH_193_hlist_1.00000.list,PASS,,7201,7201,True,0,0.0
LH_194,194,0.20000,/home/ml/thesis-camels/data/raw/CAMELS_SIMBA_1000U/LH_194_hlist_0.20000.list,PASS,,7342,7342,True,0,0.0
LH_194,194,0.25000,/home/ml/thesis-camels/data/raw/CAMELS_SIMBA_1000U/LH_194_hlist_0.25000.list,PASS,,8108,8108,True,0,0.0
LH_194,194,0.51209,/home/ml/thesis-camels/data/raw/CAMELS_SIMBA_1000U/LH_194_hlist_0.51209.list,PASS,,7520,7520,True,0,0.0
LH_194,194,0.75065,/home/ml/thesis-camels/data/raw/CAMELS_SIMBA_1000U/LH_194_hlist_0.75065.list,PASS,,6394,6394,True,0,0.0
LH_194,194,1.00000,/home/ml/thesis-camels/data/raw/CAMELS_SIMBA_1000U/LH_194_hlist_1.00000.list,PASS,,6031,6031,True,0,0.0
LH_195,195,0.20000,/home/ml/thesis-camels/data/raw/CAMELS_SIMBA_1000U/LH_195_hlist_0.20000.list,PASS,,5085,5085,True,0,0.0
LH_195,195,0.25000,/home/ml/thesis-camels/data/raw/CAMELS_SIMBA_1000U/LH_195_hlist_0.25000.list,PASS,,6705,6705,True,0,0.0
LH_195,195,0.51209,/home/ml/thesis-camels/data/raw/CAMELS_SIMBA_1000U/LH_195_hlist_0.51209.list,PASS,,8977,8977,True,0,0.0
LH_195,195,0.75065,/home/ml/thesis-camels/data/raw/CAMELS_SIMBA_1000U/LH_195_hlist_0.75065.list,PASS,,8134,8134,True,0,0.0
LH_195,195,1.00000,/home/ml/thesis-camels/data/raw/CAMELS_SIMBA_1000U/LH_195_hlist_1.00000.list,PASS,,7794,7794,True,0,0.0
LH_196,196,0.20000,/home/ml/thesis-camels/data/raw/CAMELS_SIMBA_1000U/LH_196_hlist_0.20000.list,PASS,,6846,6846,True,0,0.0
LH_196,196,0.25000,/home/ml/thesis-camels/data/raw/CAMELS_SIMBA_1000U/LH_196_hlist_0.25000.list,PASS,,8142,8142,True,0,0.0
LH_196,196,0.51209,/home/ml/thesis-camels/data/raw/CAMELS_SIMBA_1000U/LH_196_hlist_0.51209.list,PASS,,8336,8336,True,0,0.0
LH_196,196,0.75065,/home/ml/thesis-camels/data/raw/CAMELS_SIMBA_1000U/LH_196_hlist_0.75065.list,PASS,,7042,7042,True,0,0.0
LH_196,196,1.00000,/home/ml/thesis-camels/data/raw/CAMELS_SIMBA_1000U/LH_196_hlist_1.00000.list,PASS,,6602,6602,True,0,0.0
LH_197,197,0.20000,/home/ml/thesis-camels/data/raw/CAMELS_SIMBA_1000U/LH_197_hlist_0.20000.list,PASS,,5371,5371,True,0,0.0
LH_197,197,0.25000,/home/ml/thesis-camels/data/raw/CAMELS_SIMBA_1000U/LH_197_hlist_0.25000.list,PASS,,6387,6387,True,0,0.0
LH_197,197,0.51209,/home/ml/thesis-camels/data/raw/CAMELS_SIMBA_1000U/LH_197_hlist_0.51209.list,PASS,,6510,6510,True,0,0.0
LH_197,197,0.75065,/home/ml/thesis-camels/data/raw/CAMELS_SIMBA_1000U/LH_197_hlist_0.75065.list,PASS,,6177,6177,True,0,0.0
LH_197,197,1.00000,/home/ml/thesis-camels/data/raw/CAMELS_SIMBA_1000U/LH_197_hlist_1.00000.list,PASS,,6310,6310,True,0,0.0
LH_198,198,0.20000,/home/ml/thesis-camels/data/raw/CAMELS_SIMBA_1000U/LH_198_hlist_0.20000.list,PASS,,3477,3477,True,0,0.0
LH_198,198,0.25000,/home/ml/thesis-camels/data/raw/CAMELS_SIMBA_1000U/LH_198_hlist_0.25000.list,PASS,,4978,4978,True,0,0.0
LH_198,198,0.51209,/home/ml/thesis-camels/data/raw/CAMELS_SIMBA_1000U/LH_198_hlist_0.51209.list,PASS,,6731,6731,True,0,0.0
LH_198,198,0.75065,/home/ml/thesis-camels/data/raw/CAMELS_SIMBA_1000U/LH_198_hlist_0.75065.list,PASS,,6495,6495,True,0,0.0
LH_198,198,1.00000,/home/ml/thesis-camels/data/raw/CAMELS_SIMBA_1000U/LH_198_hlist_1.00000.list,PASS,,6710,6710,True,0,0.0
LH_199,199,0.20000,/home/ml/thesis-camels/data/raw/CAMELS_SIMBA_1000U/LH_199_hlist_0.20000.list,PASS,,7960,7960,True,0,0.0
LH_199,199,0.25000,/home/ml/thesis-camels/data/raw/CAMELS_SIMBA_1000U/LH_199_hlist_0.25000.list,PASS,,8733,8733,True,0,0.0
LH_199,199,0.51209,/home/ml/thesis-camels/data/raw/CAMELS_SIMBA_1000U/LH_199_hlist_0.51209.list,PASS,,7765,7765,True,0,0.0
LH_199,199,0.75065,/home/ml/thesis-camels/data/raw/CAMELS_SIMBA_1000U/LH_199_hlist_0.75065.list,PASS,,6696,6696,True,0,0.0
LH_199,199,1.00000,/home/ml/thesis-camels/data/raw/CAMELS_SIMBA_1000U/LH_199_hlist_1.00000.list,PASS,,6395,6395,True,0,0.0
LH_200,200,0.20000,/home/ml/thesis-camels/data/raw/CAMELS_SIMBA_1000U/LH_200_hlist_0.20000.list,PASS,,2899,2899,True,0,0.0
LH_200,200,0.25000,/home/ml/thesis-camels/data/raw/CAMELS_SIMBA_1000U/LH_200_hlist_0.25000.list,PASS,,4156,4156,True,0,0.0
LH_200,200,0.51209,/home/ml/thesis-camels/data/raw/CAMELS_SIMBA_1000U/LH_200_hlist_0.51209.list,PASS,,5106,5106,True,0,0.0
LH_200,200,0.75065,/home/ml/thesis-camels/data/raw/CAMELS_SIMBA_1000U/LH_200_hlist_0.75065.list,PASS,,5153,5153,True,0,0.0
LH_200,200,1.00000,/home/ml/thesis-camels/data/raw/CAMELS_SIMBA_1000U/LH_200_hlist_1.00000.list,PASS,,5607,5607,True,0,0.0
LH_201,201,0.20000,/home/ml/thesis-camels/data/raw/CAMELS_SIMBA_1000U/LH_201_hlist_0.20000.list,PASS,,7244,7244,True,0,0.0
LH_201,201,0.25000,/home/ml/thesis-camels/data/raw/CAMELS_SIMBA_1000U/LH_201_hlist_0.25000.list,PASS,,8367,8367,True,0,0.0
LH_201,201,0.51209,/home/ml/thesis-camels/data/raw/CAMELS_SIMBA_1000U/LH_201_hlist_0.51209.list,PASS,,8461,8461,True,0,0.0
LH_201,201,0.75065,/home/ml/thesis-camels/data/raw/CAMELS_SIMBA_1000U/LH_201_hlist_0.75065.list,PASS,,7282,7282,True,0,0.0
LH_201,201,1.00000,/home/ml/thesis-camels/data/raw/CAMELS_SIMBA_1000U/LH_201_hlist_1.00000.list,PASS,,6859,6859,True,0,0.0
LH_202,202,0.20000,/home/ml/thesis-camels/data/raw/CAMELS_SIMBA_1000U/LH_202_hlist_0.20000.list,PASS,,8835,8835,True,0,0.0
LH_202,202,0.25000,/home/ml/thesis-camels/data/raw/CAMELS_SIMBA_1000U/LH_202_hlist_0.25000.list,PASS,,9223,9223,True,0,0.0
LH_202,202,0.51209,/home/ml/thesis-camels/data/raw/CAMELS_SIMBA_1000U/LH_202_hlist_0.51209.list,PASS,,7510,7510,True,0,0.0
LH_202,202,0.75065,/home/ml/thesis-camels/data/raw/CAMELS_SIMBA_1000U/LH_202_hlist_0.75065.list,PASS,,6406,6406,True,0,0.0
LH_202,202,1.00000,/home/ml/thesis-camels/data/raw/CAMELS_SIMBA_1000U/LH_202_hlist_1.00000.list,PASS,,5976,5976,True,0,0.0
LH_203,203,0.20000,/home/ml/thesis-camels/data/raw/CAMELS_SIMBA_1000U/LH_203_hlist_0.20000.list,PASS,,7206,7206,True,0,0.0
LH_203,203,0.25000,/home/ml/thesis-camels/data/raw/CAMELS_SIMBA_1000U/LH_203_hlist_0.25000.list,PASS,,8333,8333,True,0,0.0
LH_203,203,0.51209,/home/ml/thesis-camels/data/raw/CAMELS_SIMBA_1000U/LH_203_hlist_0.51209.list,PASS,,8040,8040,True,0,0.0
LH_203,203,0.75065,/home/ml/thesis-camels/data/raw/CAMELS_SIMBA_1000U/LH_203_hlist_0.75065.list,PASS,,6665,6665,True,0,0.0
LH_203,203,1.00000,/home/ml/thesis-camels/data/raw/CAMELS_SIMBA_1000U/LH_203_hlist_1.00000.list,PASS,,6226,6226,True,0,0.0
LH_204,204,0.20000,/home/ml/thesis-camels/data/raw/CAMELS_SIMBA_1000U/LH_204_hlist_0.20000.list,PASS,,4084,4084,True,0,0.0
LH_204,204,0.25000,/home/ml/thesis-camels/data/raw/CAMELS_SIMBA_1000U/LH_204_hlist_0.25000.list,PASS,,5360,5360,True,0,0.0
LH_204,204,0.51209,/home/ml/thesis-camels/data/raw/CAMELS_SIMBA_1000U/LH_204_hlist_0.51209.list,PASS,,6365,6365,True,0,0.0
LH_204,204,0.75065,/home/ml/thesis-camels/data/raw/CAMELS_SIMBA_1000U/LH_204_hlist_0.75065.list,PASS,,6002,6002,True,0,0.0
LH_204,204,1.00000,/home/ml/thesis-camels/data/raw/CAMELS_SIMBA_1000U/LH_204_hlist_1.00000.list,PASS,,6154,6154,True,0,0.0
LH_205,205,0.20000,/home/ml/thesis-camels/data/raw/CAMELS_SIMBA_1000U/LH_205_hlist_0.20000.list,PASS,,6537,6537,True,0,0.0
LH_205,205,0.25000,/home/ml/thesis-camels/data/raw/CAMELS_SIMBA_1000U/LH_205_hlist_0.25000.list,PASS,,7312,7312,True,0,0.0
LH_205,205,0.51209,/home/ml/thesis-camels/data/raw/CAMELS_SIMBA_1000U/LH_205_hlist_0.51209.list,PASS,,6909,6909,True,0,0.0
LH_205,205,0.75065,/home/ml/thesis-camels/data/raw/CAMELS_SIMBA_1000U/LH_205_hlist_0.75065.list,PASS,,5886,5886,True,0,0.0
LH_205,205,1.00000,/home/ml/thesis-camels/data/raw/CAMELS_SIMBA_1000U/LH_205_hlist_1.00000.list,PASS,,5995,5995,True,0,0.0
LH_206,206,0.20000,/home/ml/thesis-camels/data/raw/CAMELS_SIMBA_1000U/LH_206_hlist_0.20000.list,PASS,,4928,4928,True,0,0.0
LH_206,206,0.25000,/home/ml/thesis-camels/data/raw/CAMELS_SIMBA_1000U/LH_206_hlist_0.25000.list,PASS,,6357,6357,True,0,0.0
LH_206,206,0.51209,/home/ml/thesis-camels/data/raw/CAMELS_SIMBA_1000U/LH_206_hlist_0.51209.list,PASS,,7972,7972,True,0,0.0
LH_206,206,0.75065,/home/ml/thesis-camels/data/raw/CAMELS_SIMBA_1000U/LH_206_hlist_0.75065.list,PASS,,7259,7259,True,0,0.0
LH_206,206,1.00000,/home/ml/thesis-camels/data/raw/CAMELS_SIMBA_1000U/LH_206_hlist_1.00000.list,PASS,,7109,7109,True,0,0.0
LH_207,207,0.20000,/home/ml/thesis-camels/data/raw/CAMELS_SIMBA_1000U/LH_207_hlist_0.20000.list,PASS,,3725,3725,True,0,0.0
LH_207,207,0.25000,/home/ml/thesis-camels/data/raw/CAMELS_SIMBA_1000U/LH_207_hlist_0.25000.list,PASS,,5493,5493,True,0,0.0
LH_207,207,0.51209,/home/ml/thesis-camels/data/raw/CAMELS_SIMBA_1000U/LH_207_hlist_0.51209.list,PASS,,8316,8316,True,0,0.0
LH_207,207,0.75065,/home/ml/thesis-camels/data/raw/CAMELS_SIMBA_1000U/LH_207_hlist_0.75065.list,PASS,,7821,7821,True,0,0.0
LH_207,207,1.00000,/home/ml/thesis-camels/data/raw/CAMELS_SIMBA_1000U/LH_207_hlist_1.00000.list,PASS,,7869,7869,True,0,0.0
LH_208,208,0.20000,/home/ml/thesis-camels/data/raw/CAMELS_SIMBA_1000U/LH_208_hlist_0.20000.list,PASS,,5637,5637,True,0,0.0
LH_208,208,0.25000,/home/ml/thesis-camels/data/raw/CAMELS_SIMBA_1000U/LH_208_hlist_0.25000.list,PASS,,6776,6776,True,0,0.0
LH_208,208,0.51209,/home/ml/thesis-camels/data/raw/CAMELS_SIMBA_1000U/LH_208_hlist_0.51209.list,PASS,,7350,7350,True,0,0.0
LH_208,208,0.75065,/home/ml/thesis-camels/data/raw/CAMELS_SIMBA_1000U/LH_208_hlist_0.75065.list,PASS,,6630,6630,True,0,0.0
LH_208,208,1.00000,/home/ml/thesis-camels/data/raw/CAMELS_SIMBA_1000U/LH_208_hlist_1.00000.list,PASS,,6510,6510,True,0,0.0
LH_209,209,0.20000,/home/ml/thesis-camels/data/raw/CAMELS_SIMBA_1000U/LH_209_hlist_0.20000.list,PASS,,7188,7188,True,0,0.0
LH_209,209,0.25000,/home/ml/thesis-camels/data/raw/CAMELS_SIMBA_1000U/LH_209_hlist_0.25000.list,PASS,,7942,7942,True,0,0.0
LH_209,209,0.51209,/home/ml/thesis-camels/data/raw/CAMELS_SIMBA_1000U/LH_209_hlist_0.51209.list,PASS,,7402,7402,True,0,0.0
LH_209,209,0.75065,/home/ml/thesis-camels/data/raw/CAMELS_SIMBA_1000U/LH_209_hlist_0.75065.list,PASS,,6411,6411,True,0,0.0
LH_209,209,1.00000,/home/ml/thesis-camels/data/raw/CAMELS_SIMBA_1000U/LH_209_hlist_1.00000.list,PASS,,6338,6338,True,0,0.0
LH_210,210,0.20000,/home/ml/thesis-camels/data/raw/CAMELS_SIMBA_1000U/LH_210_hlist_0.20000.list,PASS,,4889,4889,True,0,0.0
LH_210,210,0.25000,/home/ml/thesis-camels/data/raw/CAMELS_SIMBA_1000U/LH_210_hlist_0.25000.list,PASS,,6529,6529,True,0,0.0
LH_210,210,0.51209,/home/ml/thesis-camels/data/raw/CAMELS_SIMBA_1000U/LH_210_hlist_0.51209.list,PASS,,8480,8480,True,0,0.0
LH_210,210,0.75065,/home/ml/thesis-camels/data/raw/CAMELS_SIMBA_1000U/LH_210_hlist_0.75065.list,PASS,,7640,7640,True,0,0.0
LH_210,210,1.00000,/home/ml/thesis-camels/data/raw/CAMELS_SIMBA_1000U/LH_210_hlist_1.00000.list,PASS,,7338,7338,True,0,0.0
LH_211,211,0.20000,/home/ml/thesis-camels/data/raw/CAMELS_SIMBA_1000U/LH_211_hlist_0.20000.list,PASS,,5781,5781,True,0,0.0
LH_211,211,0.25000,/home/ml/thesis-camels/data/raw/CAMELS_SIMBA_1000U/LH_211_hlist_0.25000.list,PASS,,7055,7055,True,0,0.0
LH_211,211,0.51209,/home/ml/thesis-camels/data/raw/CAMELS_SIMBA_1000U/LH_211_hlist_0.51209.list,PASS,,8480,8480,True,0,0.0
LH_211,211,0.75065,/home/ml/thesis-camels/data/raw/CAMELS_SIMBA_1000U/LH_211_hlist_0.75065.list,PASS,,7479,7479,True,0,0.0
LH_211,211,1.00000,/home/ml/thesis-camels/data/raw/CAMELS_SIMBA_1000U/LH_211_hlist_1.00000.list,PASS,,7095,7095,True,0,0.0
LH_212,212,0.20000,/home/ml/thesis-camels/data/raw/CAMELS_SIMBA_1000U/LH_212_hlist_0.20000.list,PASS,,5103,5103,True,0,0.0
LH_212,212,0.25000,/home/ml/thesis-camels/data/raw/CAMELS_SIMBA_1000U/LH_212_hlist_0.25000.list,PASS,,6482,6482,True,0,0.0
LH_212,212,0.51209,/home/ml/thesis-camels/data/raw/CAMELS_SIMBA_1000U/LH_212_hlist_0.51209.list,PASS,,6883,6883,True,0,0.0
LH_212,212,0.75065,/home/ml/thesis-camels/data/raw/CAMELS_SIMBA_1000U/LH_212_hlist_0.75065.list,PASS,,6266,6266,True,0,0.0
LH_212,212,1.00000,/home/ml/thesis-camels/data/raw/CAMELS_SIMBA_1000U/LH_212_hlist_1.00000.list,PASS,,6241,6241,True,0,0.0
LH_213,213,0.20000,/home/ml/thesis-camels/data/raw/CAMELS_SIMBA_1000U/LH_213_hlist_0.20000.list,PASS,,7280,7280,True,0,0.0
LH_213,213,0.25000,/home/ml/thesis-camels/data/raw/CAMELS_SIMBA_1000U/LH_213_hlist_0.25000.list,PASS,,8294,8294,True,0,0.0
LH_213,213,0.51209,/home/ml/thesis-camels/data/raw/CAMELS_SIMBA_1000U/LH_213_hlist_0.51209.list,PASS,,7882,7882,True,0,0.0
LH_213,213,0.75065,/home/ml/thesis-camels/data/raw/CAMELS_SIMBA_1000U/LH_213_hlist_0.75065.list,PASS,,6796,6796,True,0,0.0
LH_213,213,1.00000,/home/ml/thesis-camels/data/raw/CAMELS_SIMBA_1000U/LH_213_hlist_1.00000.list,PASS,,6417,6417,True,0,0.0
LH_214,214,0.20000,/home/ml/thesis-camels/data/raw/CAMELS_SIMBA_1000U/LH_214_hlist_0.20000.list,PASS,,8827,8827,True,0,0.0
LH_214,214,0.25000,/home/ml/thesis-camels/data/raw/CAMELS_SIMBA_1000U/LH_214_hlist_0.25000.list,PASS,,9171,9171,True,0,0.0
LH_214,214,0.51209,/home/ml/thesis-camels/data/raw/CAMELS_SIMBA_1000U/LH_214_hlist_0.51209.list,PASS,,7710,7710,True,0,0.0
LH_214,214,0.75065,/home/ml/thesis-camels/data/raw/CAMELS_SIMBA_1000U/LH_214_hlist_0.75065.list,PASS,,6102,6102,True,0,0.0
LH_214,214,1.00000,/home/ml/thesis-camels/data/raw/CAMELS_SIMBA_1000U/LH_214_hlist_1.00000.list,PASS,,5928,5928,True,0,0.0
LH_215,215,0.20000,/home/ml/thesis-camels/data/raw/CAMELS_SIMBA_1000U/LH_215_hlist_0.20000.list,PASS,,8239,8239,True,0,0.0
LH_215,215,0.25000,/home/ml/thesis-camels/data/raw/CAMELS_SIMBA_1000U/LH_215_hlist_0.25000.list,PASS,,8961,8961,True,0,0.0
LH_215,215,0.51209,/home/ml/thesis-camels/data/raw/CAMELS_SIMBA_1000U/LH_215_hlist_0.51209.list,PASS,,7286,7286,True,0,0.0
LH_215,215,0.75065,/home/ml/thesis-camels/data/raw/CAMELS_SIMBA_1000U/LH_215_hlist_0.75065.list,PASS,,5956,5956,True,0,0.0
LH_215,215,1.00000,/home/ml/thesis-camels/data/raw/CAMELS_SIMBA_1000U/LH_215_hlist_1.00000.list,PASS,,5715,5715,True,0,0.0
LH_216,216,0.20000,/home/ml/thesis-camels/data/raw/CAMELS_SIMBA_1000U/LH_216_hlist_0.20000.list,PASS,,9144,9144,True,0,0.0
LH_216,216,0.25000,/home/ml/thesis-camels/data/raw/CAMELS_SIMBA_1000U/LH_216_hlist_0.25000.list,PASS,,9380,9380,True,0,0.0
LH_216,216,0.51209,/home/ml/thesis-camels/data/raw/CAMELS_SIMBA_1000U/LH_216_hlist_0.51209.list,PASS,,7847,7847,True,0,0.0
LH_216,216,0.75065,/home/ml/thesis-camels/data/raw/CAMELS_SIMBA_1000U/LH_216_hlist_0.75065.list,PASS,,6276,6276,True,0,0.0
LH_216,216,1.00000,/home/ml/thesis-camels/data/raw/CAMELS_SIMBA_1000U/LH_216_hlist_1.00000.list,PASS,,5861,5861,True,0,0.0
LH_217,217,0.20000,/home/ml/thesis-camels/data/raw/CAMELS_SIMBA_1000U/LH_217_hlist_0.20000.list,PASS,,1990,1990,True,0,0.0
LH_217,217,0.25000,/home/ml/thesis-camels/data/raw/CAMELS_SIMBA_1000U/LH_217_hlist_0.25000.list,PASS,,3752,3752,True,0,0.0
LH_217,217,0.51209,/home/ml/thesis-camels/data/raw/CAMELS_SIMBA_1000U/LH_217_hlist_0.51209.list,PASS,,7159,7159,True,0,0.0
LH_217,217,0.75065,/home/ml/thesis-camels/data/raw/CAMELS_SIMBA_1000U/LH_217_hlist_0.75065.list,PASS,,7378,7378,True,0,0.0
LH_217,217,1.00000,/home/ml/thesis-camels/data/raw/CAMELS_SIMBA_1000U/LH_217_hlist_1.00000.list,PASS,,7627,7627,True,0,0.0
LH_218,218,0.20000,/home/ml/thesis-camels/data/raw/CAMELS_SIMBA_1000U/LH_218_hlist_0.20000.list,PASS,,5358,5358,True,0,0.0
LH_218,218,0.25000,/home/ml/thesis-camels/data/raw/CAMELS_SIMBA_1000U/LH_218_hlist_0.25000.list,PASS,,6797,6797,True,0,0.0
LH_218,218,0.51209,/home/ml/thesis-camels/data/raw/CAMELS_SIMBA_1000U/LH_218_hlist_0.51209.list,PASS,,8506,8506,True,0,0.0
LH_218,218,0.75065,/home/ml/thesis-camels/data/raw/CAMELS_SIMBA_1000U/LH_218_hlist_0.75065.list,PASS,,7733,7733,True,0,0.0
LH_218,218,1.00000,/home/ml/thesis-camels/data/raw/CAMELS_SIMBA_1000U/LH_218_hlist_1.00000.list,PASS,,7424,7424,True,0,0.0
LH_219,219,0.20000,/home/ml/thesis-camels/data/raw/CAMELS_SIMBA_1000U/LH_219_hlist_0.20000.list,PASS,,8825,8825,True,0,0.0
LH_219,219,0.25000,/home/ml/thesis-camels/data/raw/CAMELS_SIMBA_1000U/LH_219_hlist_0.25000.list,PASS,,9050,9050,True,0,0.0
LH_219,219,0.51209,/home/ml/thesis-camels/data/raw/CAMELS_SIMBA_1000U/LH_219_hlist_0.51209.list,PASS,,7306,7306,True,0,0.0
LH_219,219,0.75065,/home/ml/thesis-camels/data/raw/CAMELS_SIMBA_1000U/LH_219_hlist_0.75065.list,PASS,,5910,5910,True,0,0.0
LH_219,219,1.00000,/home/ml/thesis-camels/data/raw/CAMELS_SIMBA_1000U/LH_219_hlist_1.00000.list,PASS,,5606,5606,True,0,0.0
LH_220,220,0.20000,/home/ml/thesis-camels/data/raw/CAMELS_SIMBA_1000U/LH_220_hlist_0.20000.list,PASS,,6324,6324,True,0,0.0
LH_220,220,0.25000,/home/ml/thesis-camels/data/raw/CAMELS_SIMBA_1000U/LH_220_hlist_0.25000.list,PASS,,7308,7308,True,0,0.0
LH_220,220,0.51209,/home/ml/thesis-camels/data/raw/CAMELS_SIMBA_1000U/LH_220_hlist_0.51209.list,PASS,,7612,7612,True,0,0.0
LH_220,220,0.75065,/home/ml/thesis-camels/data/raw/CAMELS_SIMBA_1000U/LH_220_hlist_0.75065.list,PASS,,6851,6851,True,0,0.0
LH_220,220,1.00000,/home/ml/thesis-camels/data/raw/CAMELS_SIMBA_1000U/LH_220_hlist_1.00000.list,PASS,,6757,6757,True,0,0.0
LH_221,221,0.20000,/home/ml/thesis-camels/data/raw/CAMELS_SIMBA_1000U/LH_221_hlist_0.20000.list,PASS,,5965,5965,True,0,0.0
LH_221,221,0.25000,/home/ml/thesis-camels/data/raw/CAMELS_SIMBA_1000U/LH_221_hlist_0.25000.list,PASS,,7072,7072,True,0,0.0
LH_221,221,0.51209,/home/ml/thesis-camels/data/raw/CAMELS_SIMBA_1000U/LH_221_hlist_0.51209.list,PASS,,7475,7475,True,0,0.0
LH_221,221,0.75065,/home/ml/thesis-camels/data/raw/CAMELS_SIMBA_1000U/LH_221_hlist_0.75065.list,PASS,,6373,6373,True,0,0.0
LH_221,221,1.00000,/home/ml/thesis-camels/data/raw/CAMELS_SIMBA_1000U/LH_221_hlist_1.00000.list,PASS,,6341,6341,True,0,0.0
LH_222,222,0.20000,/home/ml/thesis-camels/data/raw/CAMELS_SIMBA_1000U/LH_222_hlist_0.20000.list,PASS,,2472,2472,True,0,0.0
LH_222,222,0.25000,/home/ml/thesis-camels/data/raw/CAMELS_SIMBA_1000U/LH_222_hlist_0.25000.list,PASS,,3581,3581,True,0,0.0
LH_222,222,0.51209,/home/ml/thesis-camels/data/raw/CAMELS_SIMBA_1000U/LH_222_hlist_0.51209.list,PASS,,4376,4376,True,0,0.0
LH_222,222,0.75065,/home/ml/thesis-camels/data/raw/CAMELS_SIMBA_1000U/LH_222_hlist_0.75065.list,PASS,,4634,4634,True,0,0.0
LH_222,222,1.00000,/home/ml/thesis-camels/data/raw/CAMELS_SIMBA_1000U/LH_222_hlist_1.00000.list,PASS,,5157,5157,True,0,0.0
LH_223,223,0.20000,/home/ml/thesis-camels/data/raw/CAMELS_SIMBA_1000U/LH_223_hlist_0.20000.list,PASS,,4783,4783,True,0,0.0
LH_223,223,0.25000,/home/ml/thesis-camels/data/raw/CAMELS_SIMBA_1000U/LH_223_hlist_0.25000.list,PASS,,6423,6423,True,0,0.0
LH_223,223,0.51209,/home/ml/thesis-camels/data/raw/CAMELS_SIMBA_1000U/LH_223_hlist_0.51209.list,PASS,,8473,8473,True,0,0.0
LH_223,223,0.75065,/home/ml/thesis-camels/data/raw/CAMELS_SIMBA_1000U/LH_223_hlist_0.75065.list,PASS,,7805,7805,True,0,0.0
LH_223,223,1.00000,/home/ml/thesis-camels/data/raw/CAMELS_SIMBA_1000U/LH_223_hlist_1.00000.list,PASS,,7532,7532,True,0,0.0
LH_224,224,0.20000,/home/ml/thesis-camels/data/raw/CAMELS_SIMBA_1000U/LH_224_hlist_0.20000.list,PASS,,8062,8062,True,0,0.0
LH_224,224,0.25000,/home/ml/thesis-camels/data/raw/CAMELS_SIMBA_1000U/LH_224_hlist_0.25000.list,PASS,,8609,8609,True,0,0.0
LH_224,224,0.51209,/home/ml/thesis-camels/data/raw/CAMELS_SIMBA_1000U/LH_224_hlist_0.51209.list,PASS,,7598,7598,True,0,0.0
LH_224,224,0.75065,/home/ml/thesis-camels/data/raw/CAMELS_SIMBA_1000U/LH_224_hlist_0.75065.list,PASS,,6228,6228,True,0,0.0
LH_224,224,1.00000,/home/ml/thesis-camels/data/raw/CAMELS_SIMBA_1000U/LH_224_hlist_1.00000.list,PASS,,5977,5977,True,0,0.0
LH_225,225,0.20000,/home/ml/thesis-camels/data/raw/CAMELS_SIMBA_1000U/LH_225_hlist_0.20000.list,PASS,,3054,3054,True,0,0.0
LH_225,225,0.25000,/home/ml/thesis-camels/data/raw/CAMELS_SIMBA_1000U/LH_225_hlist_0.25000.list,PASS,,4535,4535,True,0,0.0
LH_225,225,0.51209,/home/ml/thesis-camels/data/raw/CAMELS_SIMBA_1000U/LH_225_hlist_0.51209.list,PASS,,6669,6669,True,0,0.0
LH_225,225,0.75065,/home/ml/thesis-camels/data/raw/CAMELS_SIMBA_1000U/LH_225_hlist_0.75065.list,PASS,,6437,6437,True,0,0.0
LH_225,225,1.00000,/home/ml/thesis-camels/data/raw/CAMELS_SIMBA_1000U/LH_225_hlist_1.00000.list,PASS,,6587,6587,True,0,0.0
LH_226,226,0.20000,/home/ml/thesis-camels/data/raw/CAMELS_SIMBA_1000U/LH_226_hlist_0.20000.list,PASS,,3996,3996,True,0,0.0
LH_226,226,0.25000,/home/ml/thesis-camels/data/raw/CAMELS_SIMBA_1000U/LH_226_hlist_0.25000.list,PASS,,5322,5322,True,0,0.0
LH_226,226,0.51209,/home/ml/thesis-camels/data/raw/CAMELS_SIMBA_1000U/LH_226_hlist_0.51209.list,PASS,,5893,5893,True,0,0.0
LH_226,226,0.75065,/home/ml/thesis-camels/data/raw/CAMELS_SIMBA_1000U/LH_226_hlist_0.75065.list,PASS,,5591,5591,True,0,0.0
LH_226,226,1.00000,/home/ml/thesis-camels/data/raw/CAMELS_SIMBA_1000U/LH_226_hlist_1.00000.list,PASS,,5946,5946,True,0,0.0
LH_227,227,0.20000,/home/ml/thesis-camels/data/raw/CAMELS_SIMBA_1000U/LH_227_hlist_0.20000.list,PASS,,2641,2641,True,0,0.0
LH_227,227,0.25000,/home/ml/thesis-camels/data/raw/CAMELS_SIMBA_1000U/LH_227_hlist_0.25000.list,PASS,,4495,4495,True,0,0.0
LH_227,227,0.51209,/home/ml/thesis-camels/data/raw/CAMELS_SIMBA_1000U/LH_227_hlist_0.51209.list,PASS,,7686,7686,True,0,0.0
LH_227,227,0.75065,/home/ml/thesis-camels/data/raw/CAMELS_SIMBA_1000U/LH_227_hlist_0.75065.list,PASS,,7269,7269,True,0,0.0
LH_227,227,1.00000,/home/ml/thesis-camels/data/raw/CAMELS_SIMBA_1000U/LH_227_hlist_1.00000.list,PASS,,7350,7350,True,0,0.0
LH_228,228,0.20000,/home/ml/thesis-camels/data/raw/CAMELS_SIMBA_1000U/LH_228_hlist_0.20000.list,PASS,,8051,8051,True,0,0.0
LH_228,228,0.25000,/home/ml/thesis-camels/data/raw/CAMELS_SIMBA_1000U/LH_228_hlist_0.25000.list,PASS,,9020,9020,True,0,0.0
LH_228,228,0.51209,/home/ml/thesis-camels/data/raw/CAMELS_SIMBA_1000U/LH_228_hlist_0.51209.list,PASS,,8132,8132,True,0,0.0
LH_228,228,0.75065,/home/ml/thesis-camels/data/raw/CAMELS_SIMBA_1000U/LH_228_hlist_0.75065.list,PASS,,6883,6883,True,0,0.0
LH_228,228,1.00000,/home/ml/thesis-camels/data/raw/CAMELS_SIMBA_1000U/LH_228_hlist_1.00000.list,PASS,,6454,6454,True,0,0.0
LH_229,229,0.20000,/home/ml/thesis-camels/data/raw/CAMELS_SIMBA_1000U/LH_229_hlist_0.20000.list,PASS,,1989,1989,True,0,0.0
LH_229,229,0.25000,/home/ml/thesis-camels/data/raw/CAMELS_SIMBA_1000U/LH_229_hlist_0.25000.list,PASS,,3021,3021,True,0,0.0
LH_229,229,0.51209,/home/ml/thesis-camels/data/raw/CAMELS_SIMBA_1000U/LH_229_hlist_0.51209.list,PASS,,4262,4262,True,0,0.0
LH_229,229,0.75065,/home/ml/thesis-camels/data/raw/CAMELS_SIMBA_1000U/LH_229_hlist_0.75065.list,PASS,,4543,4543,True,0,0.0
LH_229,229,1.00000,/home/ml/thesis-camels/data/raw/CAMELS_SIMBA_1000U/LH_229_hlist_1.00000.list,PASS,,4997,4997,True,0,0.0
LH_230,230,0.20000,/home/ml/thesis-camels/data/raw/CAMELS_SIMBA_1000U/LH_230_hlist_0.20000.list,PASS,,1874,1874,True,0,0.0
LH_230,230,0.25000,/home/ml/thesis-camels/data/raw/CAMELS_SIMBA_1000U/LH_230_hlist_0.25000.list,PASS,,2803,2803,True,0,0.0
LH_230,230,0.51209,/home/ml/thesis-camels/data/raw/CAMELS_SIMBA_1000U/LH_230_hlist_0.51209.list,PASS,,3712,3712,True,0,0.0
LH_230,230,0.75065,/home/ml/thesis-camels/data/raw/CAMELS_SIMBA_1000U/LH_230_hlist_0.75065.list,PASS,,4016,4016,True,0,0.0
LH_230,230,1.00000,/home/ml/thesis-camels/data/raw/CAMELS_SIMBA_1000U/LH_230_hlist_1.00000.list,PASS,,4499,4499,True,0,0.0
LH_231,231,0.20000,/home/ml/thesis-camels/data/raw/CAMELS_SIMBA_1000U/LH_231_hlist_0.20000.list,PASS,,5561,5561,True,0,0.0
LH_231,231,0.25000,/home/ml/thesis-camels/data/raw/CAMELS_SIMBA_1000U/LH_231_hlist_0.25000.list,PASS,,7164,7164,True,0,0.0
LH_231,231,0.51209,/home/ml/thesis-camels/data/raw/CAMELS_SIMBA_1000U/LH_231_hlist_0.51209.list,PASS,,8160,8160,True,0,0.0
LH_231,231,0.75065,/home/ml/thesis-camels/data/raw/CAMELS_SIMBA_1000U/LH_231_hlist_0.75065.list,PASS,,7318,7318,True,0,0.0
LH_231,231,1.00000,/home/ml/thesis-camels/data/raw/CAMELS_SIMBA_1000U/LH_231_hlist_1.00000.list,PASS,,7200,7200,True,0,0.0
LH_232,232,0.20000,/home/ml/thesis-camels/data/raw/CAMELS_SIMBA_1000U/LH_232_hlist_0.20000.list,PASS,,4612,4612,True,0,0.0
LH_232,232,0.25000,/home/ml/thesis-camels/data/raw/CAMELS_SIMBA_1000U/LH_232_hlist_0.25000.list,PASS,,5783,5783,True,0,0.0
LH_232,232,0.51209,/home/ml/thesis-camels/data/raw/CAMELS_SIMBA_1000U/LH_232_hlist_0.51209.list,PASS,,6425,6425,True,0,0.0
LH_232,232,0.75065,/home/ml/thesis-camels/data/raw/CAMELS_SIMBA_1000U/LH_232_hlist_0.75065.list,PASS,,6115,6115,True,0,0.0
LH_232,232,1.00000,/home/ml/thesis-camels/data/raw/CAMELS_SIMBA_1000U/LH_232_hlist_1.00000.list,PASS,,6288,6288,True,0,0.0
LH_233,233,0.20000,/home/ml/thesis-camels/data/raw/CAMELS_SIMBA_1000U/LH_233_hlist_0.20000.list,PASS,,3030,3030,True,0,0.0
LH_233,233,0.25000,/home/ml/thesis-camels/data/raw/CAMELS_SIMBA_1000U/LH_233_hlist_0.25000.list,PASS,,4512,4512,True,0,0.0
LH_233,233,0.51209,/home/ml/thesis-camels/data/raw/CAMELS_SIMBA_1000U/LH_233_hlist_0.51209.list,PASS,,6638,6638,True,0,0.0
LH_233,233,0.75065,/home/ml/thesis-camels/data/raw/CAMELS_SIMBA_1000U/LH_233_hlist_0.75065.list,PASS,,6433,6433,True,0,0.0
LH_233,233,1.00000,/home/ml/thesis-camels/data/raw/CAMELS_SIMBA_1000U/LH_233_hlist_1.00000.list,PASS,,6735,6735,True,0,0.0
LH_234,234,0.20000,/home/ml/thesis-camels/data/raw/CAMELS_SIMBA_1000U/LH_234_hlist_0.20000.list,PASS,,580,580,False,920,61.333333333333336
LH_234,234,0.25000,/home/ml/thesis-camels/data/raw/CAMELS_SIMBA_1000U/LH_234_hlist_0.25000.list,PASS,,1476,1476,False,24,1.6
LH_234,234,0.51209,/home/ml/thesis-camels/data/raw/CAMELS_SIMBA_1000U/LH_234_hlist_0.51209.list,PASS,,3742,3742,True,0,0.0
LH_234,234,0.75065,/home/ml/thesis-camels/data/raw/CAMELS_SIMBA_1000U/LH_234_hlist_0.75065.list,PASS,,4283,4283,True,0,0.0
LH_234,234,1.00000,/home/ml/thesis-camels/data/raw/CAMELS_SIMBA_1000U/LH_234_hlist_1.00000.list,PASS,,4942,4942,True,0,0.0
LH_235,235,0.20000,/home/ml/thesis-camels/data/raw/CAMELS_SIMBA_1000U/LH_235_hlist_0.20000.list,PASS,,4629,4629,True,0,0.0
LH_235,235,0.25000,/home/ml/thesis-camels/data/raw/CAMELS_SIMBA_1000U/LH_235_hlist_0.25000.list,PASS,,5953,5953,True,0,0.0
LH_235,235,0.51209,/home/ml/thesis-camels/data/raw/CAMELS_SIMBA_1000U/LH_235_hlist_0.51209.list,PASS,,6721,6721,True,0,0.0
LH_235,235,0.75065,/home/ml/thesis-camels/data/raw/CAMELS_SIMBA_1000U/LH_235_hlist_0.75065.list,PASS,,6340,6340,True,0,0.0
LH_235,235,1.00000,/home/ml/thesis-camels/data/raw/CAMELS_SIMBA_1000U/LH_235_hlist_1.00000.list,PASS,,6398,6398,True,0,0.0
LH_236,236,0.20000,/home/ml/thesis-camels/data/raw/CAMELS_SIMBA_1000U/LH_236_hlist_0.20000.list,PASS,,2641,2641,True,0,0.0
LH_236,236,0.25000,/home/ml/thesis-camels/data/raw/CAMELS_SIMBA_1000U/LH_236_hlist_0.25000.list,PASS,,4293,4293,True,0,0.0
LH_236,236,0.51209,/home/ml/thesis-camels/data/raw/CAMELS_SIMBA_1000U/LH_236_hlist_0.51209.list,PASS,,7019,7019,True,0,0.0
LH_236,236,0.75065,/home/ml/thesis-camels/data/raw/CAMELS_SIMBA_1000U/LH_236_hlist_0.75065.list,PASS,,6750,6750,True,0,0.0
LH_236,236,1.00000,/home/ml/thesis-camels/data/raw/CAMELS_SIMBA_1000U/LH_236_hlist_1.00000.list,PASS,,7157,7157,True,0,0.0
LH_237,237,0.20000,/home/ml/thesis-camels/data/raw/CAMELS_SIMBA_1000U/LH_237_hlist_0.20000.list,PASS,,4448,4448,True,0,0.0
LH_237,237,0.25000,/home/ml/thesis-camels/data/raw/CAMELS_SIMBA_1000U/LH_237_hlist_0.25000.list,PASS,,5716,5716,True,0,0.0
LH_237,237,0.51209,/home/ml/thesis-camels/data/raw/CAMELS_SIMBA_1000U/LH_237_hlist_0.51209.list,PASS,,6603,6603,True,0,0.0
LH_237,237,0.75065,/home/ml/thesis-camels/data/raw/CAMELS_SIMBA_1000U/LH_237_hlist_0.75065.list,PASS,,6317,6317,True,0,0.0
LH_237,237,1.00000,/home/ml/thesis-camels/data/raw/CAMELS_SIMBA_1000U/LH_237_hlist_1.00000.list,PASS,,6577,6577,True,0,0.0
LH_238,238,0.20000,/home/ml/thesis-camels/data/raw/CAMELS_SIMBA_1000U/LH_238_hlist_0.20000.list,PASS,,6926,6926,True,0,0.0
LH_238,238,0.25000,/home/ml/thesis-camels/data/raw/CAMELS_SIMBA_1000U/LH_238_hlist_0.25000.list,PASS,,7693,7693,True,0,0.0
LH_238,238,0.51209,/home/ml/thesis-camels/data/raw/CAMELS_SIMBA_1000U/LH_238_hlist_0.51209.list,PASS,,7394,7394,True,0,0.0
LH_238,238,0.75065,/home/ml/thesis-camels/data/raw/CAMELS_SIMBA_1000U/LH_238_hlist_0.75065.list,PASS,,6431,6431,True,0,0.0
LH_238,238,1.00000,/home/ml/thesis-camels/data/raw/CAMELS_SIMBA_1000U/LH_238_hlist_1.00000.list,PASS,,6325,6325,True,0,0.0
LH_239,239,0.20000,/home/ml/thesis-camels/data/raw/CAMELS_SIMBA_1000U/LH_239_hlist_0.20000.list,PASS,,5138,5138,True,0,0.0
LH_239,239,0.25000,/home/ml/thesis-camels/data/raw/CAMELS_SIMBA_1000U/LH_239_hlist_0.25000.list,PASS,,6560,6560,True,0,0.0
LH_239,239,0.51209,/home/ml/thesis-camels/data/raw/CAMELS_SIMBA_1000U/LH_239_hlist_0.51209.list,PASS,,8289,8289,True,0,0.0
LH_239,239,0.75065,/home/ml/thesis-camels/data/raw/CAMELS_SIMBA_1000U/LH_239_hlist_0.75065.list,PASS,,7524,7524,True,0,0.0
LH_239,239,1.00000,/home/ml/thesis-camels/data/raw/CAMELS_SIMBA_1000U/LH_239_hlist_1.00000.list,PASS,,7320,7320,True,0,0.0
LH_240,240,0.20000,/home/ml/thesis-camels/data/raw/CAMELS_SIMBA_1000U/LH_240_hlist_0.20000.list,PASS,,4716,4716,True,0,0.0
LH_240,240,0.25000,/home/ml/thesis-camels/data/raw/CAMELS_SIMBA_1000U/LH_240_hlist_0.25000.list,PASS,,6013,6013,True,0,0.0
LH_240,240,0.51209,/home/ml/thesis-camels/data/raw/CAMELS_SIMBA_1000U/LH_240_hlist_0.51209.list,PASS,,6856,6856,True,0,0.0
LH_240,240,0.75065,/home/ml/thesis-camels/data/raw/CAMELS_SIMBA_1000U/LH_240_hlist_0.75065.list,PASS,,6317,6317,True,0,0.0
LH_240,240,1.00000,/home/ml/thesis-camels/data/raw/CAMELS_SIMBA_1000U/LH_240_hlist_1.00000.list,PASS,,6561,6561,True,0,0.0
LH_241,241,0.20000,/home/ml/thesis-camels/data/raw/CAMELS_SIMBA_1000U/LH_241_hlist_0.20000.list,PASS,,649,649,False,851,56.733333333333334
LH_241,241,0.25000,/home/ml/thesis-camels/data/raw/CAMELS_SIMBA_1000U/LH_241_hlist_0.25000.list,PASS,,1528,1528,True,0,0.0
LH_241,241,0.51209,/home/ml/thesis-camels/data/raw/CAMELS_SIMBA_1000U/LH_241_hlist_0.51209.list,PASS,,4241,4241,True,0,0.0
LH_241,241,0.75065,/home/ml/thesis-camels/data/raw/CAMELS_SIMBA_1000U/LH_241_hlist_0.75065.list,PASS,,4928,4928,True,0,0.0
LH_241,241,1.00000,/home/ml/thesis-camels/data/raw/CAMELS_SIMBA_1000U/LH_241_hlist_1.00000.list,PASS,,5641,5641,True,0,0.0
LH_242,242,0.20000,/home/ml/thesis-camels/data/raw/CAMELS_SIMBA_1000U/LH_242_hlist_0.20000.list,PASS,,6985,6985,True,0,0.0
LH_242,242,0.25000,/home/ml/thesis-camels/data/raw/CAMELS_SIMBA_1000U/LH_242_hlist_0.25000.list,PASS,,7850,7850,True,0,0.0
LH_242,242,0.51209,/home/ml/thesis-camels/data/raw/CAMELS_SIMBA_1000U/LH_242_hlist_0.51209.list,PASS,,7337,7337,True,0,0.0
LH_242,242,0.75065,/home/ml/thesis-camels/data/raw/CAMELS_SIMBA_1000U/LH_242_hlist_0.75065.list,PASS,,6119,6119,True,0,0.0
LH_242,242,1.00000,/home/ml/thesis-camels/data/raw/CAMELS_SIMBA_1000U/LH_242_hlist_1.00000.list,PASS,,5961,5961,True,0,0.0
LH_243,243,0.20000,/home/ml/thesis-camels/data/raw/CAMELS_SIMBA_1000U/LH_243_hlist_0.20000.list,PASS,,7214,7214,True,0,0.0
LH_243,243,0.25000,/home/ml/thesis-camels/data/raw/CAMELS_SIMBA_1000U/LH_243_hlist_0.25000.list,PASS,,8191,8191,True,0,0.0
LH_243,243,0.51209,/home/ml/thesis-camels/data/raw/CAMELS_SIMBA_1000U/LH_243_hlist_0.51209.list,PASS,,7720,7720,True,0,0.0
LH_243,243,0.75065,/home/ml/thesis-camels/data/raw/CAMELS_SIMBA_1000U/LH_243_hlist_0.75065.list,PASS,,6555,6555,True,0,0.0
LH_243,243,1.00000,/home/ml/thesis-camels/data/raw/CAMELS_SIMBA_1000U/LH_243_hlist_1.00000.list,PASS,,6314,6314,True,0,0.0
LH_244,244,0.20000,/home/ml/thesis-camels/data/raw/CAMELS_SIMBA_1000U/LH_244_hlist_0.20000.list,PASS,,2223,2223,True,0,0.0
LH_244,244,0.25000,/home/ml/thesis-camels/data/raw/CAMELS_SIMBA_1000U/LH_244_hlist_0.25000.list,PASS,,3649,3649,True,0,0.0
LH_244,244,0.51209,/home/ml/thesis-camels/data/raw/CAMELS_SIMBA_1000U/LH_244_hlist_0.51209.list,PASS,,6725,6725,True,0,0.0
LH_244,244,0.75065,/home/ml/thesis-camels/data/raw/CAMELS_SIMBA_1000U/LH_244_hlist_0.75065.list,PASS,,6649,6649,True,0,0.0
LH_244,244,1.00000,/home/ml/thesis-camels/data/raw/CAMELS_SIMBA_1000U/LH_244_hlist_1.00000.list,PASS,,7143,7143,True,0,0.0
LH_245,245,0.20000,/home/ml/thesis-camels/data/raw/CAMELS_SIMBA_1000U/LH_245_hlist_0.20000.list,PASS,,4385,4385,True,0,0.0
LH_245,245,0.25000,/home/ml/thesis-camels/data/raw/CAMELS_SIMBA_1000U/LH_245_hlist_0.25000.list,PASS,,6200,6200,True,0,0.0
LH_245,245,0.51209,/home/ml/thesis-camels/data/raw/CAMELS_SIMBA_1000U/LH_245_hlist_0.51209.list,PASS,,8544,8544,True,0,0.0
LH_245,245,0.75065,/home/ml/thesis-camels/data/raw/CAMELS_SIMBA_1000U/LH_245_hlist_0.75065.list,PASS,,7731,7731,True,0,0.0
LH_245,245,1.00000,/home/ml/thesis-camels/data/raw/CAMELS_SIMBA_1000U/LH_245_hlist_1.00000.list,PASS,,7481,7481,True,0,0.0
LH_246,246,0.20000,/home/ml/thesis-camels/data/raw/CAMELS_SIMBA_1000U/LH_246_hlist_0.20000.list,PASS,,2431,2431,True,0,0.0
LH_246,246,0.25000,/home/ml/thesis-camels/data/raw/CAMELS_SIMBA_1000U/LH_246_hlist_0.25000.list,PASS,,3822,3822,True,0,0.0
LH_246,246,0.51209,/home/ml/thesis-camels/data/raw/CAMELS_SIMBA_1000U/LH_246_hlist_0.51209.list,PASS,,6531,6531,True,0,0.0
LH_246,246,0.75065,/home/ml/thesis-camels/data/raw/CAMELS_SIMBA_1000U/LH_246_hlist_0.75065.list,PASS,,6538,6538,True,0,0.0
LH_246,246,1.00000,/home/ml/thesis-camels/data/raw/CAMELS_SIMBA_1000U/LH_246_hlist_1.00000.list,PASS,,6733,6733,True,0,0.0
LH_247,247,0.20000,/home/ml/thesis-camels/data/raw/CAMELS_SIMBA_1000U/LH_247_hlist_0.20000.list,PASS,,3886,3886,True,0,0.0
LH_247,247,0.25000,/home/ml/thesis-camels/data/raw/CAMELS_SIMBA_1000U/LH_247_hlist_0.25000.list,PASS,,5478,5478,True,0,0.0
LH_247,247,0.51209,/home/ml/thesis-camels/data/raw/CAMELS_SIMBA_1000U/LH_247_hlist_0.51209.list,PASS,,6522,6522,True,0,0.0
LH_247,247,0.75065,/home/ml/thesis-camels/data/raw/CAMELS_SIMBA_1000U/LH_247_hlist_0.75065.list,PASS,,6183,6183,True,0,0.0
LH_247,247,1.00000,/home/ml/thesis-camels/data/raw/CAMELS_SIMBA_1000U/LH_247_hlist_1.00000.list,PASS,,6435,6435,True,0,0.0
LH_248,248,0.20000,/home/ml/thesis-camels/data/raw/CAMELS_SIMBA_1000U/LH_248_hlist_0.20000.list,PASS,,3303,3303,True,0,0.0
LH_248,248,0.25000,/home/ml/thesis-camels/data/raw/CAMELS_SIMBA_1000U/LH_248_hlist_0.25000.list,PASS,,4488,4488,True,0,0.0
LH_248,248,0.51209,/home/ml/thesis-camels/data/raw/CAMELS_SIMBA_1000U/LH_248_hlist_0.51209.list,PASS,,5643,5643,True,0,0.0
LH_248,248,0.75065,/home/ml/thesis-camels/data/raw/CAMELS_SIMBA_1000U/LH_248_hlist_0.75065.list,PASS,,5542,5542,True,0,0.0
LH_248,248,1.00000,/home/ml/thesis-camels/data/raw/CAMELS_SIMBA_1000U/LH_248_hlist_1.00000.list,PASS,,5963,5963,True,0,0.0
LH_249,249,0.20000,/home/ml/thesis-camels/data/raw/CAMELS_SIMBA_1000U/LH_249_hlist_0.20000.list,PASS,,6350,6350,True,0,0.0
LH_249,249,0.25000,/home/ml/thesis-camels/data/raw/CAMELS_SIMBA_1000U/LH_249_hlist_0.25000.list,PASS,,7707,7707,True,0,0.0
LH_249,249,0.51209,/home/ml/thesis-camels/data/raw/CAMELS_SIMBA_1000U/LH_249_hlist_0.51209.list,PASS,,8683,8683,True,0,0.0
LH_249,249,0.75065,/home/ml/thesis-camels/data/raw/CAMELS_SIMBA_1000U/LH_249_hlist_0.75065.list,PASS,,7702,7702,True,0,0.0
LH_249,249,1.00000,/home/ml/thesis-camels/data/raw/CAMELS_SIMBA_1000U/LH_249_hlist_1.00000.list,PASS,,7234,7234,True,0,0.0
LH_250,250,0.20000,/home/ml/thesis-camels/data/raw/CAMELS_SIMBA_1000U/LH_250_hlist_0.20000.list,PASS,,2258,2258,True,0,0.0
LH_250,250,0.25000,/home/ml/thesis-camels/data/raw/CAMELS_SIMBA_1000U/LH_250_hlist_0.25000.list,PASS,,3502,3502,True,0,0.0
LH_250,250,0.51209,/home/ml/thesis-camels/data/raw/CAMELS_SIMBA_1000U/LH_250_hlist_0.51209.list,PASS,,4578,4578,True,0,0.0
LH_250,250,0.75065,/home/ml/thesis-camels/data/raw/CAMELS_SIMBA_1000U/LH_250_hlist_0.75065.list,PASS,,4740,4740,True,0,0.0
LH_250,250,1.00000,/home/ml/thesis-camels/data/raw/CAMELS_SIMBA_1000U/LH_250_hlist_1.00000.list,PASS,,5149,5149,True,0,0.0
LH_251,251,0.20000,/home/ml/thesis-camels/data/raw/CAMELS_SIMBA_1000U/LH_251_hlist_0.20000.list,PASS,,7662,7662,True,0,0.0
LH_251,251,0.25000,/home/ml/thesis-camels/data/raw/CAMELS_SIMBA_1000U/LH_251_hlist_0.25000.list,PASS,,8186,8186,True,0,0.0
LH_251,251,0.51209,/home/ml/thesis-camels/data/raw/CAMELS_SIMBA_1000U/LH_251_hlist_0.51209.list,PASS,,7741,7741,True,0,0.0
LH_251,251,0.75065,/home/ml/thesis-camels/data/raw/CAMELS_SIMBA_1000U/LH_251_hlist_0.75065.list,PASS,,6619,6619,True,0,0.0
LH_251,251,1.00000,/home/ml/thesis-camels/data/raw/CAMELS_SIMBA_1000U/LH_251_hlist_1.00000.list,PASS,,6284,6284,True,0,0.0
LH_252,252,0.20000,/home/ml/thesis-camels/data/raw/CAMELS_SIMBA_1000U/LH_252_hlist_0.20000.list,PASS,,7782,7782,True,0,0.0
LH_252,252,0.25000,/home/ml/thesis-camels/data/raw/CAMELS_SIMBA_1000U/LH_252_hlist_0.25000.list,PASS,,8303,8303,True,0,0.0
LH_252,252,0.51209,/home/ml/thesis-camels/data/raw/CAMELS_SIMBA_1000U/LH_252_hlist_0.51209.list,PASS,,7248,7248,True,0,0.0
LH_252,252,0.75065,/home/ml/thesis-camels/data/raw/CAMELS_SIMBA_1000U/LH_252_hlist_0.75065.list,PASS,,6098,6098,True,0,0.0
LH_252,252,1.00000,/home/ml/thesis-camels/data/raw/CAMELS_SIMBA_1000U/LH_252_hlist_1.00000.list,PASS,,5947,5947,True,0,0.0
LH_253,253,0.20000,/home/ml/thesis-camels/data/raw/CAMELS_SIMBA_1000U/LH_253_hlist_0.20000.list,PASS,,4219,4219,True,0,0.0
LH_253,253,0.25000,/home/ml/thesis-camels/data/raw/CAMELS_SIMBA_1000U/LH_253_hlist_0.25000.list,PASS,,5703,5703,True,0,0.0
LH_253,253,0.51209,/home/ml/thesis-camels/data/raw/CAMELS_SIMBA_1000U/LH_253_hlist_0.51209.list,PASS,,7274,7274,True,0,0.0
LH_253,253,0.75065,/home/ml/thesis-camels/data/raw/CAMELS_SIMBA_1000U/LH_253_hlist_0.75065.list,PASS,,6607,6607,True,0,0.0
LH_253,253,1.00000,/home/ml/thesis-camels/data/raw/CAMELS_SIMBA_1000U/LH_253_hlist_1.00000.list,PASS,,6691,6691,True,0,0.0
LH_254,254,0.20000,/home/ml/thesis-camels/data/raw/CAMELS_SIMBA_1000U/LH_254_hlist_0.20000.list,PASS,,4681,4681,True,0,0.0
LH_254,254,0.25000,/home/ml/thesis-camels/data/raw/CAMELS_SIMBA_1000U/LH_254_hlist_0.25000.list,PASS,,6299,6299,True,0,0.0
LH_254,254,0.51209,/home/ml/thesis-camels/data/raw/CAMELS_SIMBA_1000U/LH_254_hlist_0.51209.list,PASS,,8066,8066,True,0,0.0
LH_254,254,0.75065,/home/ml/thesis-camels/data/raw/CAMELS_SIMBA_1000U/LH_254_hlist_0.75065.list,PASS,,7322,7322,True,0,0.0
LH_254,254,1.00000,/home/ml/thesis-camels/data/raw/CAMELS_SIMBA_1000U/LH_254_hlist_1.00000.list,PASS,,7001,7001,True,0,0.0
LH_255,255,0.20000,/home/ml/thesis-camels/data/raw/CAMELS_SIMBA_1000U/LH_255_hlist_0.20000.list,PASS,,5610,5610,True,0,0.0
LH_255,255,0.25000,/home/ml/thesis-camels/data/raw/CAMELS_SIMBA_1000U/LH_255_hlist_0.25000.list,PASS,,6755,6755,True,0,0.0
LH_255,255,0.51209,/home/ml/thesis-camels/data/raw/CAMELS_SIMBA_1000U/LH_255_hlist_0.51209.list,PASS,,7669,7669,True,0,0.0
LH_255,255,0.75065,/home/ml/thesis-camels/data/raw/CAMELS_SIMBA_1000U/LH_255_hlist_0.75065.list,PASS,,6842,6842,True,0,0.0
LH_255,255,1.00000,/home/ml/thesis-camels/data/raw/CAMELS_SIMBA_1000U/LH_255_hlist_1.00000.list,PASS,,6840,6840,True,0,0.0
LH_256,256,0.20000,/home/ml/thesis-camels/data/raw/CAMELS_SIMBA_1000U/LH_256_hlist_0.20000.list,PASS,,7141,7141,True,0,0.0
LH_256,256,0.25000,/home/ml/thesis-camels/data/raw/CAMELS_SIMBA_1000U/LH_256_hlist_0.25000.list,PASS,,8330,8330,True,0,0.0
LH_256,256,0.51209,/home/ml/thesis-camels/data/raw/CAMELS_SIMBA_1000U/LH_256_hlist_0.51209.list,PASS,,7829,7829,True,0,0.0
LH_256,256,0.75065,/home/ml/thesis-camels/data/raw/CAMELS_SIMBA_1000U/LH_256_hlist_0.75065.list,PASS,,6725,6725,True,0,0.0
LH_256,256,1.00000,/home/ml/thesis-camels/data/raw/CAMELS_SIMBA_1000U/LH_256_hlist_1.00000.list,PASS,,6474,6474,True,0,0.0
LH_257,257,0.20000,/home/ml/thesis-camels/data/raw/CAMELS_SIMBA_1000U/LH_257_hlist_0.20000.list,PASS,,1006,1006,False,494,32.93333333333333
LH_257,257,0.25000,/home/ml/thesis-camels/data/raw/CAMELS_SIMBA_1000U/LH_257_hlist_0.25000.list,PASS,,2166,2166,True,0,0.0
LH_257,257,0.51209,/home/ml/thesis-camels/data/raw/CAMELS_SIMBA_1000U/LH_257_hlist_0.51209.list,PASS,,5374,5374,True,0,0.0
LH_257,257,0.75065,/home/ml/thesis-camels/data/raw/CAMELS_SIMBA_1000U/LH_257_hlist_0.75065.list,PASS,,5761,5761,True,0,0.0
LH_257,257,1.00000,/home/ml/thesis-camels/data/raw/CAMELS_SIMBA_1000U/LH_257_hlist_1.00000.list,PASS,,6390,6390,True,0,0.0
LH_258,258,0.20000,/home/ml/thesis-camels/data/raw/CAMELS_SIMBA_1000U/LH_258_hlist_0.20000.list,PASS,,1655,1655,True,0,0.0
LH_258,258,0.25000,/home/ml/thesis-camels/data/raw/CAMELS_SIMBA_1000U/LH_258_hlist_0.25000.list,PASS,,3321,3321,True,0,0.0
LH_258,258,0.51209,/home/ml/thesis-camels/data/raw/CAMELS_SIMBA_1000U/LH_258_hlist_0.51209.list,PASS,,6755,6755,True,0,0.0
LH_258,258,0.75065,/home/ml/thesis-camels/data/raw/CAMELS_SIMBA_1000U/LH_258_hlist_0.75065.list,PASS,,6781,6781,True,0,0.0
LH_258,258,1.00000,/home/ml/thesis-camels/data/raw/CAMELS_SIMBA_1000U/LH_258_hlist_1.00000.list,PASS,,7105,7105,True,0,0.0
LH_259,259,0.20000,/home/ml/thesis-camels/data/raw/CAMELS_SIMBA_1000U/LH_259_hlist_0.20000.list,PASS,,3124,3124,True,0,0.0
LH_259,259,0.25000,/home/ml/thesis-camels/data/raw/CAMELS_SIMBA_1000U/LH_259_hlist_0.25000.list,PASS,,4622,4622,True,0,0.0
LH_259,259,0.51209,/home/ml/thesis-camels/data/raw/CAMELS_SIMBA_1000U/LH_259_hlist_0.51209.list,PASS,,6264,6264,True,0,0.0
LH_259,259,0.75065,/home/ml/thesis-camels/data/raw/CAMELS_SIMBA_1000U/LH_259_hlist_0.75065.list,PASS,,6183,6183,True,0,0.0
LH_259,259,1.00000,/home/ml/thesis-camels/data/raw/CAMELS_SIMBA_1000U/LH_259_hlist_1.00000.list,PASS,,6549,6549,True,0,0.0
LH_260,260,0.20000,/home/ml/thesis-camels/data/raw/CAMELS_SIMBA_1000U/LH_260_hlist_0.20000.list,PASS,,4815,4815,True,0,0.0
LH_260,260,0.25000,/home/ml/thesis-camels/data/raw/CAMELS_SIMBA_1000U/LH_260_hlist_0.25000.list,PASS,,6397,6397,True,0,0.0
LH_260,260,0.51209,/home/ml/thesis-camels/data/raw/CAMELS_SIMBA_1000U/LH_260_hlist_0.51209.list,PASS,,7902,7902,True,0,0.0
LH_260,260,0.75065,/home/ml/thesis-camels/data/raw/CAMELS_SIMBA_1000U/LH_260_hlist_0.75065.list,PASS,,7182,7182,True,0,0.0
LH_260,260,1.00000,/home/ml/thesis-camels/data/raw/CAMELS_SIMBA_1000U/LH_260_hlist_1.00000.list,PASS,,6994,6994,True,0,0.0
LH_261,261,0.20000,/home/ml/thesis-camels/data/raw/CAMELS_SIMBA_1000U/LH_261_hlist_0.20000.list,PASS,,3354,3354,True,0,0.0
LH_261,261,0.25000,/home/ml/thesis-camels/data/raw/CAMELS_SIMBA_1000U/LH_261_hlist_0.25000.list,PASS,,4974,4974,True,0,0.0
LH_261,261,0.51209,/home/ml/thesis-camels/data/raw/CAMELS_SIMBA_1000U/LH_261_hlist_0.51209.list,PASS,,7918,7918,True,0,0.0
LH_261,261,0.75065,/home/ml/thesis-camels/data/raw/CAMELS_SIMBA_1000U/LH_261_hlist_0.75065.list,PASS,,7594,7594,True,0,0.0
LH_261,261,1.00000,/home/ml/thesis-camels/data/raw/CAMELS_SIMBA_1000U/LH_261_hlist_1.00000.list,PASS,,7684,7684,True,0,0.0
LH_262,262,0.20000,/home/ml/thesis-camels/data/raw/CAMELS_SIMBA_1000U/LH_262_hlist_0.20000.list,PASS,,3353,3353,True,0,0.0
LH_262,262,0.25000,/home/ml/thesis-camels/data/raw/CAMELS_SIMBA_1000U/LH_262_hlist_0.25000.list,PASS,,4990,4990,True,0,0.0
LH_262,262,0.51209,/home/ml/thesis-camels/data/raw/CAMELS_SIMBA_1000U/LH_262_hlist_0.51209.list,PASS,,7401,7401,True,0,0.0
LH_262,262,0.75065,/home/ml/thesis-camels/data/raw/CAMELS_SIMBA_1000U/LH_262_hlist_0.75065.list,PASS,,7210,7210,True,0,0.0
LH_262,262,1.00000,/home/ml/thesis-camels/data/raw/CAMELS_SIMBA_1000U/LH_262_hlist_1.00000.list,PASS,,7314,7314,True,0,0.0
LH_263,263,0.20000,/home/ml/thesis-camels/data/raw/CAMELS_SIMBA_1000U/LH_263_hlist_0.20000.list,PASS,,5872,5872,True,0,0.0
LH_263,263,0.25000,/home/ml/thesis-camels/data/raw/CAMELS_SIMBA_1000U/LH_263_hlist_0.25000.list,PASS,,7208,7208,True,0,0.0
LH_263,263,0.51209,/home/ml/thesis-camels/data/raw/CAMELS_SIMBA_1000U/LH_263_hlist_0.51209.list,PASS,,7962,7962,True,0,0.0
LH_263,263,0.75065,/home/ml/thesis-camels/data/raw/CAMELS_SIMBA_1000U/LH_263_hlist_0.75065.list,PASS,,6978,6978,True,0,0.0
LH_263,263,1.00000,/home/ml/thesis-camels/data/raw/CAMELS_SIMBA_1000U/LH_263_hlist_1.00000.list,PASS,,6715,6715,True,0,0.0
LH_264,264,0.20000,/home/ml/thesis-camels/data/raw/CAMELS_SIMBA_1000U/LH_264_hlist_0.20000.list,PASS,,4833,4833,True,0,0.0
LH_264,264,0.25000,/home/ml/thesis-camels/data/raw/CAMELS_SIMBA_1000U/LH_264_hlist_0.25000.list,PASS,,6363,6363,True,0,0.0
LH_264,264,0.51209,/home/ml/thesis-camels/data/raw/CAMELS_SIMBA_1000U/LH_264_hlist_0.51209.list,PASS,,8117,8117,True,0,0.0
LH_264,264,0.75065,/home/ml/thesis-camels/data/raw/CAMELS_SIMBA_1000U/LH_264_hlist_0.75065.list,PASS,,7579,7579,True,0,0.0
LH_264,264,1.00000,/home/ml/thesis-camels/data/raw/CAMELS_SIMBA_1000U/LH_264_hlist_1.00000.list,PASS,,7418,7418,True,0,0.0
LH_265,265,0.20000,/home/ml/thesis-camels/data/raw/CAMELS_SIMBA_1000U/LH_265_hlist_0.20000.list,PASS,,5073,5073,True,0,0.0
LH_265,265,0.25000,/home/ml/thesis-camels/data/raw/CAMELS_SIMBA_1000U/LH_265_hlist_0.25000.list,PASS,,6448,6448,True,0,0.0
LH_265,265,0.51209,/home/ml/thesis-camels/data/raw/CAMELS_SIMBA_1000U/LH_265_hlist_0.51209.list,PASS,,6977,6977,True,0,0.0
LH_265,265,0.75065,/home/ml/thesis-camels/data/raw/CAMELS_SIMBA_1000U/LH_265_hlist_0.75065.list,PASS,,6410,6410,True,0,0.0
LH_265,265,1.00000,/home/ml/thesis-camels/data/raw/CAMELS_SIMBA_1000U/LH_265_hlist_1.00000.list,PASS,,6432,6432,True,0,0.0
LH_266,266,0.20000,/home/ml/thesis-camels/data/raw/CAMELS_SIMBA_1000U/LH_266_hlist_0.20000.list,PASS,,2731,2731,True,0,0.0
LH_266,266,0.25000,/home/ml/thesis-camels/data/raw/CAMELS_SIMBA_1000U/LH_266_hlist_0.25000.list,PASS,,4293,4293,True,0,0.0
LH_266,266,0.51209,/home/ml/thesis-camels/data/raw/CAMELS_SIMBA_1000U/LH_266_hlist_0.51209.list,PASS,,7032,7032,True,0,0.0
LH_266,266,0.75065,/home/ml/thesis-camels/data/raw/CAMELS_SIMBA_1000U/LH_266_hlist_0.75065.list,PASS,,6882,6882,True,0,0.0
LH_266,266,1.00000,/home/ml/thesis-camels/data/raw/CAMELS_SIMBA_1000U/LH_266_hlist_1.00000.list,PASS,,7151,7151,True,0,0.0
LH_267,267,0.20000,/home/ml/thesis-camels/data/raw/CAMELS_SIMBA_1000U/LH_267_hlist_0.20000.list,PASS,,233,233,False,1267,84.46666666666667
LH_267,267,0.25000,/home/ml/thesis-camels/data/raw/CAMELS_SIMBA_1000U/LH_267_hlist_0.25000.list,PASS,,1094,1094,False,406,27.066666666666666
LH_267,267,0.51209,/home/ml/thesis-camels/data/raw/CAMELS_SIMBA_1000U/LH_267_hlist_0.51209.list,PASS,,4202,4202,True,0,0.0
LH_267,267,0.75065,/home/ml/thesis-camels/data/raw/CAMELS_SIMBA_1000U/LH_267_hlist_0.75065.list,PASS,,5004,5004,True,0,0.0
LH_267,267,1.00000,/home/ml/thesis-camels/data/raw/CAMELS_SIMBA_1000U/LH_267_hlist_1.00000.list,PASS,,5818,5818,True,0,0.0
LH_268,268,0.20000,/home/ml/thesis-camels/data/raw/CAMELS_SIMBA_1000U/LH_268_hlist_0.20000.list,PASS,,6345,6345,True,0,0.0
LH_268,268,0.25000,/home/ml/thesis-camels/data/raw/CAMELS_SIMBA_1000U/LH_268_hlist_0.25000.list,PASS,,7144,7144,True,0,0.0
LH_268,268,0.51209,/home/ml/thesis-camels/data/raw/CAMELS_SIMBA_1000U/LH_268_hlist_0.51209.list,PASS,,7109,7109,True,0,0.0
LH_268,268,0.75065,/home/ml/thesis-camels/data/raw/CAMELS_SIMBA_1000U/LH_268_hlist_0.75065.list,PASS,,6469,6469,True,0,0.0
LH_268,268,1.00000,/home/ml/thesis-camels/data/raw/CAMELS_SIMBA_1000U/LH_268_hlist_1.00000.list,PASS,,6592,6592,True,0,0.0
LH_269,269,0.20000,/home/ml/thesis-camels/data/raw/CAMELS_SIMBA_1000U/LH_269_hlist_0.20000.list,PASS,,6655,6655,True,0,0.0
LH_269,269,0.25000,/home/ml/thesis-camels/data/raw/CAMELS_SIMBA_1000U/LH_269_hlist_0.25000.list,PASS,,7503,7503,True,0,0.0
LH_269,269,0.51209,/home/ml/thesis-camels/data/raw/CAMELS_SIMBA_1000U/LH_269_hlist_0.51209.list,PASS,,7424,7424,True,0,0.0
LH_269,269,0.75065,/home/ml/thesis-camels/data/raw/CAMELS_SIMBA_1000U/LH_269_hlist_0.75065.list,PASS,,6441,6441,True,0,0.0
LH_269,269,1.00000,/home/ml/thesis-camels/data/raw/CAMELS_SIMBA_1000U/LH_269_hlist_1.00000.list,PASS,,6373,6373,True,0,0.0
LH_270,270,0.20000,/home/ml/thesis-camels/data/raw/CAMELS_SIMBA_1000U/LH_270_hlist_0.20000.list,PASS,,865,865,False,635,42.333333333333336
LH_270,270,0.25000,/home/ml/thesis-camels/data/raw/CAMELS_SIMBA_1000U/LH_270_hlist_0.25000.list,PASS,,2050,2050,True,0,0.0
LH_270,270,0.51209,/home/ml/thesis-camels/data/raw/CAMELS_SIMBA_1000U/LH_270_hlist_0.51209.list,PASS,,4401,4401,True,0,0.0
LH_270,270,0.75065,/home/ml/thesis-camels/data/raw/CAMELS_SIMBA_1000U/LH_270_hlist_0.75065.list,PASS,,4829,4829,True,0,0.0
LH_270,270,1.00000,/home/ml/thesis-camels/data/raw/CAMELS_SIMBA_1000U/LH_270_hlist_1.00000.list,PASS,,5477,5477,True,0,0.0
LH_271,271,0.20000,/home/ml/thesis-camels/data/raw/CAMELS_SIMBA_1000U/LH_271_hlist_0.20000.list,PASS,,6251,6251,True,0,0.0
LH_271,271,0.25000,/home/ml/thesis-camels/data/raw/CAMELS_SIMBA_1000U/LH_271_hlist_0.25000.list,PASS,,7453,7453,True,0,0.0
LH_271,271,0.51209,/home/ml/thesis-camels/data/raw/CAMELS_SIMBA_1000U/LH_271_hlist_0.51209.list,PASS,,7610,7610,True,0,0.0
LH_271,271,0.75065,/home/ml/thesis-camels/data/raw/CAMELS_SIMBA_1000U/LH_271_hlist_0.75065.list,PASS,,6361,6361,True,0,0.0
LH_271,271,1.00000,/home/ml/thesis-camels/data/raw/CAMELS_SIMBA_1000U/LH_271_hlist_1.00000.list,PASS,,6090,6090,True,0,0.0
LH_272,272,0.20000,/home/ml/thesis-camels/data/raw/CAMELS_SIMBA_1000U/LH_272_hlist_0.20000.list,PASS,,4266,4266,True,0,0.0
LH_272,272,0.25000,/home/ml/thesis-camels/data/raw/CAMELS_SIMBA_1000U/LH_272_hlist_0.25000.list,PASS,,5771,5771,True,0,0.0
LH_272,272,0.51209,/home/ml/thesis-camels/data/raw/CAMELS_SIMBA_1000U/LH_272_hlist_0.51209.list,PASS,,7382,7382,True,0,0.0
LH_272,272,0.75065,/home/ml/thesis-camels/data/raw/CAMELS_SIMBA_1000U/LH_272_hlist_0.75065.list,PASS,,6842,6842,True,0,0.0
LH_272,272,1.00000,/home/ml/thesis-camels/data/raw/CAMELS_SIMBA_1000U/LH_272_hlist_1.00000.list,PASS,,6913,6913,True,0,0.0
LH_273,273,0.20000,/home/ml/thesis-camels/data/raw/CAMELS_SIMBA_1000U/LH_273_hlist_0.20000.list,PASS,,4444,4444,True,0,0.0
LH_273,273,0.25000,/home/ml/thesis-camels/data/raw/CAMELS_SIMBA_1000U/LH_273_hlist_0.25000.list,PASS,,5629,5629,True,0,0.0
LH_273,273,0.51209,/home/ml/thesis-camels/data/raw/CAMELS_SIMBA_1000U/LH_273_hlist_0.51209.list,PASS,,5780,5780,True,0,0.0
LH_273,273,0.75065,/home/ml/thesis-camels/data/raw/CAMELS_SIMBA_1000U/LH_273_hlist_0.75065.list,PASS,,5363,5363,True,0,0.0
LH_273,273,1.00000,/home/ml/thesis-camels/data/raw/CAMELS_SIMBA_1000U/LH_273_hlist_1.00000.list,PASS,,5425,5425,True,0,0.0
LH_274,274,0.20000,/home/ml/thesis-camels/data/raw/CAMELS_SIMBA_1000U/LH_274_hlist_0.20000.list,PASS,,5521,5521,True,0,0.0
LH_274,274,0.25000,/home/ml/thesis-camels/data/raw/CAMELS_SIMBA_1000U/LH_274_hlist_0.25000.list,PASS,,6746,6746,True,0,0.0
LH_274,274,0.51209,/home/ml/thesis-camels/data/raw/CAMELS_SIMBA_1000U/LH_274_hlist_0.51209.list,PASS,,7239,7239,True,0,0.0
LH_274,274,0.75065,/home/ml/thesis-camels/data/raw/CAMELS_SIMBA_1000U/LH_274_hlist_0.75065.list,PASS,,6423,6423,True,0,0.0
LH_274,274,1.00000,/home/ml/thesis-camels/data/raw/CAMELS_SIMBA_1000U/LH_274_hlist_1.00000.list,PASS,,6596,6596,True,0,0.0
LH_275,275,0.20000,/home/ml/thesis-camels/data/raw/CAMELS_SIMBA_1000U/LH_275_hlist_0.20000.list,PASS,,4201,4201,True,0,0.0
LH_275,275,0.25000,/home/ml/thesis-camels/data/raw/CAMELS_SIMBA_1000U/LH_275_hlist_0.25000.list,PASS,,5858,5858,True,0,0.0
LH_275,275,0.51209,/home/ml/thesis-camels/data/raw/CAMELS_SIMBA_1000U/LH_275_hlist_0.51209.list,PASS,,7635,7635,True,0,0.0
LH_275,275,0.75065,/home/ml/thesis-camels/data/raw/CAMELS_SIMBA_1000U/LH_275_hlist_0.75065.list,PASS,,6918,6918,True,0,0.0
LH_275,275,1.00000,/home/ml/thesis-camels/data/raw/CAMELS_SIMBA_1000U/LH_275_hlist_1.00000.list,PASS,,6906,6906,True,0,0.0
LH_276,276,0.20000,/home/ml/thesis-camels/data/raw/CAMELS_SIMBA_1000U/LH_276_hlist_0.20000.list,PASS,,7906,7906,True,0,0.0
LH_276,276,0.25000,/home/ml/thesis-camels/data/raw/CAMELS_SIMBA_1000U/LH_276_hlist_0.25000.list,PASS,,8645,8645,True,0,0.0
LH_276,276,0.51209,/home/ml/thesis-camels/data/raw/CAMELS_SIMBA_1000U/LH_276_hlist_0.51209.list,PASS,,7659,7659,True,0,0.0
LH_276,276,0.75065,/home/ml/thesis-camels/data/raw/CAMELS_SIMBA_1000U/LH_276_hlist_0.75065.list,PASS,,6475,6475,True,0,0.0
LH_276,276,1.00000,/home/ml/thesis-camels/data/raw/CAMELS_SIMBA_1000U/LH_276_hlist_1.00000.list,PASS,,6028,6028,True,0,0.0
LH_277,277,0.20000,/home/ml/thesis-camels/data/raw/CAMELS_SIMBA_1000U/LH_277_hlist_0.20000.list,PASS,,6555,6555,True,0,0.0
LH_277,277,0.25000,/home/ml/thesis-camels/data/raw/CAMELS_SIMBA_1000U/LH_277_hlist_0.25000.list,PASS,,7666,7666,True,0,0.0
LH_277,277,0.51209,/home/ml/thesis-camels/data/raw/CAMELS_SIMBA_1000U/LH_277_hlist_0.51209.list,PASS,,7463,7463,True,0,0.0
LH_277,277,0.75065,/home/ml/thesis-camels/data/raw/CAMELS_SIMBA_1000U/LH_277_hlist_0.75065.list,PASS,,6399,6399,True,0,0.0
LH_277,277,1.00000,/home/ml/thesis-camels/data/raw/CAMELS_SIMBA_1000U/LH_277_hlist_1.00000.list,PASS,,6247,6247,True,0,0.0
LH_278,278,0.20000,/home/ml/thesis-camels/data/raw/CAMELS_SIMBA_1000U/LH_278_hlist_0.20000.list,PASS,,2480,2480,True,0,0.0
LH_278,278,0.25000,/home/ml/thesis-camels/data/raw/CAMELS_SIMBA_1000U/LH_278_hlist_0.25000.list,PASS,,4005,4005,True,0,0.0
LH_278,278,0.51209,/home/ml/thesis-camels/data/raw/CAMELS_SIMBA_1000U/LH_278_hlist_0.51209.list,PASS,,5208,5208,True,0,0.0
LH_278,278,0.75065,/home/ml/thesis-camels/data/raw/CAMELS_SIMBA_1000U/LH_278_hlist_0.75065.list,PASS,,5076,5076,True,0,0.0
LH_278,278,1.00000,/home/ml/thesis-camels/data/raw/CAMELS_SIMBA_1000U/LH_278_hlist_1.00000.list,PASS,,5423,5423,True,0,0.0
LH_279,279,0.20000,/home/ml/thesis-camels/data/raw/CAMELS_SIMBA_1000U/LH_279_hlist_0.20000.list,PASS,,5935,5935,True,0,0.0
LH_279,279,0.25000,/home/ml/thesis-camels/data/raw/CAMELS_SIMBA_1000U/LH_279_hlist_0.25000.list,PASS,,7277,7277,True,0,0.0
LH_279,279,0.51209,/home/ml/thesis-camels/data/raw/CAMELS_SIMBA_1000U/LH_279_hlist_0.51209.list,PASS,,8642,8642,True,0,0.0
LH_279,279,0.75065,/home/ml/thesis-camels/data/raw/CAMELS_SIMBA_1000U/LH_279_hlist_0.75065.list,PASS,,7819,7819,True,0,0.0
LH_279,279,1.00000,/home/ml/thesis-camels/data/raw/CAMELS_SIMBA_1000U/LH_279_hlist_1.00000.list,PASS,,7646,7646,True,0,0.0
LH_280,280,0.20000,/home/ml/thesis-camels/data/raw/CAMELS_SIMBA_1000U/LH_280_hlist_0.20000.list,PASS,,6909,6909,True,0,0.0
LH_280,280,0.25000,/home/ml/thesis-camels/data/raw/CAMELS_SIMBA_1000U/LH_280_hlist_0.25000.list,PASS,,7777,7777,True,0,0.0
LH_280,280,0.51209,/home/ml/thesis-camels/data/raw/CAMELS_SIMBA_1000U/LH_280_hlist_0.51209.list,PASS,,7239,7239,True,0,0.0
LH_280,280,0.75065,/home/ml/thesis-camels/data/raw/CAMELS_SIMBA_1000U/LH_280_hlist_0.75065.list,PASS,,6357,6357,True,0,0.0
LH_280,280,1.00000,/home/ml/thesis-camels/data/raw/CAMELS_SIMBA_1000U/LH_280_hlist_1.00000.list,PASS,,6165,6165,True,0,0.0
LH_281,281,0.20000,/home/ml/thesis-camels/data/raw/CAMELS_SIMBA_1000U/LH_281_hlist_0.20000.list,PASS,,5776,5776,True,0,0.0
LH_281,281,0.25000,/home/ml/thesis-camels/data/raw/CAMELS_SIMBA_1000U/LH_281_hlist_0.25000.list,PASS,,6993,6993,True,0,0.0
LH_281,281,0.51209,/home/ml/thesis-camels/data/raw/CAMELS_SIMBA_1000U/LH_281_hlist_0.51209.list,PASS,,7438,7438,True,0,0.0
LH_281,281,0.75065,/home/ml/thesis-camels/data/raw/CAMELS_SIMBA_1000U/LH_281_hlist_0.75065.list,PASS,,6781,6781,True,0,0.0
LH_281,281,1.00000,/home/ml/thesis-camels/data/raw/CAMELS_SIMBA_1000U/LH_281_hlist_1.00000.list,PASS,,6857,6857,True,0,0.0
LH_282,282,0.20000,/home/ml/thesis-camels/data/raw/CAMELS_SIMBA_1000U/LH_282_hlist_0.20000.list,PASS,,7171,7171,True,0,0.0
LH_282,282,0.25000,/home/ml/thesis-camels/data/raw/CAMELS_SIMBA_1000U/LH_282_hlist_0.25000.list,PASS,,8181,8181,True,0,0.0
LH_282,282,0.51209,/home/ml/thesis-camels/data/raw/CAMELS_SIMBA_1000U/LH_282_hlist_0.51209.list,PASS,,7774,7774,True,0,0.0
LH_282,282,0.75065,/home/ml/thesis-camels/data/raw/CAMELS_SIMBA_1000U/LH_282_hlist_0.75065.list,PASS,,6873,6873,True,0,0.0
LH_282,282,1.00000,/home/ml/thesis-camels/data/raw/CAMELS_SIMBA_1000U/LH_282_hlist_1.00000.list,PASS,,6485,6485,True,0,0.0
LH_283,283,0.20000,/home/ml/thesis-camels/data/raw/CAMELS_SIMBA_1000U/LH_283_hlist_0.20000.list,PASS,,8730,8730,True,0,0.0
LH_283,283,0.25000,/home/ml/thesis-camels/data/raw/CAMELS_SIMBA_1000U/LH_283_hlist_0.25000.list,PASS,,9242,9242,True,0,0.0
LH_283,283,0.51209,/home/ml/thesis-camels/data/raw/CAMELS_SIMBA_1000U/LH_283_hlist_0.51209.list,PASS,,7848,7848,True,0,0.0
LH_283,283,0.75065,/home/ml/thesis-camels/data/raw/CAMELS_SIMBA_1000U/LH_283_hlist_0.75065.list,PASS,,6182,6182,True,0,0.0
LH_283,283,1.00000,/home/ml/thesis-camels/data/raw/CAMELS_SIMBA_1000U/LH_283_hlist_1.00000.list,PASS,,5815,5815,True,0,0.0
LH_284,284,0.20000,/home/ml/thesis-camels/data/raw/CAMELS_SIMBA_1000U/LH_284_hlist_0.20000.list,PASS,,2863,2863,True,0,0.0
LH_284,284,0.25000,/home/ml/thesis-camels/data/raw/CAMELS_SIMBA_1000U/LH_284_hlist_0.25000.list,PASS,,4591,4591,True,0,0.0
LH_284,284,0.51209,/home/ml/thesis-camels/data/raw/CAMELS_SIMBA_1000U/LH_284_hlist_0.51209.list,PASS,,7634,7634,True,0,0.0
LH_284,284,0.75065,/home/ml/thesis-camels/data/raw/CAMELS_SIMBA_1000U/LH_284_hlist_0.75065.list,PASS,,7592,7592,True,0,0.0
LH_284,284,1.00000,/home/ml/thesis-camels/data/raw/CAMELS_SIMBA_1000U/LH_284_hlist_1.00000.list,PASS,,7777,7777,True,0,0.0
LH_285,285,0.20000,/home/ml/thesis-camels/data/raw/CAMELS_SIMBA_1000U/LH_285_hlist_0.20000.list,PASS,,3967,3967,True,0,0.0
LH_285,285,0.25000,/home/ml/thesis-camels/data/raw/CAMELS_SIMBA_1000U/LH_285_hlist_0.25000.list,PASS,,5408,5408,True,0,0.0
LH_285,285,0.51209,/home/ml/thesis-camels/data/raw/CAMELS_SIMBA_1000U/LH_285_hlist_0.51209.list,PASS,,7682,7682,True,0,0.0
LH_285,285,0.75065,/home/ml/thesis-camels/data/raw/CAMELS_SIMBA_1000U/LH_285_hlist_0.75065.list,PASS,,7277,7277,True,0,0.0
LH_285,285,1.00000,/home/ml/thesis-camels/data/raw/CAMELS_SIMBA_1000U/LH_285_hlist_1.00000.list,PASS,,7240,7240,True,0,0.0
LH_286,286,0.20000,/home/ml/thesis-camels/data/raw/CAMELS_SIMBA_1000U/LH_286_hlist_0.20000.list,PASS,,6275,6275,True,0,0.0
LH_286,286,0.25000,/home/ml/thesis-camels/data/raw/CAMELS_SIMBA_1000U/LH_286_hlist_0.25000.list,PASS,,7113,7113,True,0,0.0
LH_286,286,0.51209,/home/ml/thesis-camels/data/raw/CAMELS_SIMBA_1000U/LH_286_hlist_0.51209.list,PASS,,6807,6807,True,0,0.0
LH_286,286,0.75065,/home/ml/thesis-camels/data/raw/CAMELS_SIMBA_1000U/LH_286_hlist_0.75065.list,PASS,,6197,6197,True,0,0.0
LH_286,286,1.00000,/home/ml/thesis-camels/data/raw/CAMELS_SIMBA_1000U/LH_286_hlist_1.00000.list,PASS,,6135,6135,True,0,0.0
LH_287,287,0.20000,/home/ml/thesis-camels/data/raw/CAMELS_SIMBA_1000U/LH_287_hlist_0.20000.list,PASS,,3831,3831,True,0,0.0
LH_287,287,0.25000,/home/ml/thesis-camels/data/raw/CAMELS_SIMBA_1000U/LH_287_hlist_0.25000.list,PASS,,5529,5529,True,0,0.0
LH_287,287,0.51209,/home/ml/thesis-camels/data/raw/CAMELS_SIMBA_1000U/LH_287_hlist_0.51209.list,PASS,,8262,8262,True,0,0.0
LH_287,287,0.75065,/home/ml/thesis-camels/data/raw/CAMELS_SIMBA_1000U/LH_287_hlist_0.75065.list,PASS,,7863,7863,True,0,0.0
LH_287,287,1.00000,/home/ml/thesis-camels/data/raw/CAMELS_SIMBA_1000U/LH_287_hlist_1.00000.list,PASS,,7493,7493,True,0,0.0
LH_288,288,0.20000,/home/ml/thesis-camels/data/raw/CAMELS_SIMBA_1000U/LH_288_hlist_0.20000.list,PASS,,2485,2485,True,0,0.0
LH_288,288,0.25000,/home/ml/thesis-camels/data/raw/CAMELS_SIMBA_1000U/LH_288_hlist_0.25000.list,PASS,,3856,3856,True,0,0.0
LH_288,288,0.51209,/home/ml/thesis-camels/data/raw/CAMELS_SIMBA_1000U/LH_288_hlist_0.51209.list,PASS,,5327,5327,True,0,0.0
LH_288,288,0.75065,/home/ml/thesis-camels/data/raw/CAMELS_SIMBA_1000U/LH_288_hlist_0.75065.list,PASS,,5436,5436,True,0,0.0
LH_288,288,1.00000,/home/ml/thesis-camels/data/raw/CAMELS_SIMBA_1000U/LH_288_hlist_1.00000.list,PASS,,5886,5886,True,0,0.0
LH_289,289,0.20000,/home/ml/thesis-camels/data/raw/CAMELS_SIMBA_1000U/LH_289_hlist_0.20000.list,PASS,,5218,5218,True,0,0.0
LH_289,289,0.25000,/home/ml/thesis-camels/data/raw/CAMELS_SIMBA_1000U/LH_289_hlist_0.25000.list,PASS,,6286,6286,True,0,0.0
LH_289,289,0.51209,/home/ml/thesis-camels/data/raw/CAMELS_SIMBA_1000U/LH_289_hlist_0.51209.list,PASS,,5979,5979,True,0,0.0
LH_289,289,0.75065,/home/ml/thesis-camels/data/raw/CAMELS_SIMBA_1000U/LH_289_hlist_0.75065.list,PASS,,5737,5737,True,0,0.0
LH_289,289,1.00000,/home/ml/thesis-camels/data/raw/CAMELS_SIMBA_1000U/LH_289_hlist_1.00000.list,PASS,,5928,5928,True,0,0.0
LH_290,290,0.20000,/home/ml/thesis-camels/data/raw/CAMELS_SIMBA_1000U/LH_290_hlist_0.20000.list,PASS,,7477,7477,True,0,0.0
LH_290,290,0.25000,/home/ml/thesis-camels/data/raw/CAMELS_SIMBA_1000U/LH_290_hlist_0.25000.list,PASS,,8253,8253,True,0,0.0
LH_290,290,0.51209,/home/ml/thesis-camels/data/raw/CAMELS_SIMBA_1000U/LH_290_hlist_0.51209.list,PASS,,7230,7230,True,0,0.0
LH_290,290,0.75065,/home/ml/thesis-camels/data/raw/CAMELS_SIMBA_1000U/LH_290_hlist_0.75065.list,PASS,,6312,6312,True,0,0.0
LH_290,290,1.00000,/home/ml/thesis-camels/data/raw/CAMELS_SIMBA_1000U/LH_290_hlist_1.00000.list,PASS,,6031,6031,True,0,0.0
LH_291,291,0.20000,/home/ml/thesis-camels/data/raw/CAMELS_SIMBA_1000U/LH_291_hlist_0.20000.list,PASS,,6969,6969,True,0,0.0
LH_291,291,0.25000,/home/ml/thesis-camels/data/raw/CAMELS_SIMBA_1000U/LH_291_hlist_0.25000.list,PASS,,7531,7531,True,0,0.0
LH_291,291,0.51209,/home/ml/thesis-camels/data/raw/CAMELS_SIMBA_1000U/LH_291_hlist_0.51209.list,PASS,,6632,6632,True,0,0.0
LH_291,291,0.75065,/home/ml/thesis-camels/data/raw/CAMELS_SIMBA_1000U/LH_291_hlist_0.75065.list,PASS,,5819,5819,True,0,0.0
LH_291,291,1.00000,/home/ml/thesis-camels/data/raw/CAMELS_SIMBA_1000U/LH_291_hlist_1.00000.list,PASS,,5803,5803,True,0,0.0
LH_292,292,0.20000,/home/ml/thesis-camels/data/raw/CAMELS_SIMBA_1000U/LH_292_hlist_0.20000.list,PASS,,8377,8377,True,0,0.0
LH_292,292,0.25000,/home/ml/thesis-camels/data/raw/CAMELS_SIMBA_1000U/LH_292_hlist_0.25000.list,PASS,,9096,9096,True,0,0.0
LH_292,292,0.51209,/home/ml/thesis-camels/data/raw/CAMELS_SIMBA_1000U/LH_292_hlist_0.51209.list,PASS,,8369,8369,True,0,0.0
LH_292,292,0.75065,/home/ml/thesis-camels/data/raw/CAMELS_SIMBA_1000U/LH_292_hlist_0.75065.list,PASS,,6938,6938,True,0,0.0
LH_292,292,1.00000,/home/ml/thesis-camels/data/raw/CAMELS_SIMBA_1000U/LH_292_hlist_1.00000.list,PASS,,6346,6346,True,0,0.0
LH_293,293,0.20000,/home/ml/thesis-camels/data/raw/CAMELS_SIMBA_1000U/LH_293_hlist_0.20000.list,PASS,,5314,5314,True,0,0.0
LH_293,293,0.25000,/home/ml/thesis-camels/data/raw/CAMELS_SIMBA_1000U/LH_293_hlist_0.25000.list,PASS,,6759,6759,True,0,0.0
LH_293,293,0.51209,/home/ml/thesis-camels/data/raw/CAMELS_SIMBA_1000U/LH_293_hlist_0.51209.list,PASS,,7518,7518,True,0,0.0
LH_293,293,0.75065,/home/ml/thesis-camels/data/raw/CAMELS_SIMBA_1000U/LH_293_hlist_0.75065.list,PASS,,6776,6776,True,0,0.0
LH_293,293,1.00000,/home/ml/thesis-camels/data/raw/CAMELS_SIMBA_1000U/LH_293_hlist_1.00000.list,PASS,,6828,6828,True,0,0.0
LH_294,294,0.20000,/home/ml/thesis-camels/data/raw/CAMELS_SIMBA_1000U/LH_294_hlist_0.20000.list,PASS,,1800,1800,True,0,0.0
LH_294,294,0.25000,/home/ml/thesis-camels/data/raw/CAMELS_SIMBA_1000U/LH_294_hlist_0.25000.list,PASS,,3404,3404,True,0,0.0
LH_294,294,0.51209,/home/ml/thesis-camels/data/raw/CAMELS_SIMBA_1000U/LH_294_hlist_0.51209.list,PASS,,7447,7447,True,0,0.0
LH_294,294,0.75065,/home/ml/thesis-camels/data/raw/CAMELS_SIMBA_1000U/LH_294_hlist_0.75065.list,PASS,,7635,7635,True,0,0.0
LH_294,294,1.00000,/home/ml/thesis-camels/data/raw/CAMELS_SIMBA_1000U/LH_294_hlist_1.00000.list,PASS,,8100,8100,True,0,0.0
LH_295,295,0.20000,/home/ml/thesis-camels/data/raw/CAMELS_SIMBA_1000U/LH_295_hlist_0.20000.list,PASS,,719,719,False,781,52.06666666666667
LH_295,295,0.25000,/home/ml/thesis-camels/data/raw/CAMELS_SIMBA_1000U/LH_295_hlist_0.25000.list,PASS,,1815,1815,True,0,0.0
LH_295,295,0.51209,/home/ml/thesis-camels/data/raw/CAMELS_SIMBA_1000U/LH_295_hlist_0.51209.list,PASS,,5488,5488,True,0,0.0
LH_295,295,0.75065,/home/ml/thesis-camels/data/raw/CAMELS_SIMBA_1000U/LH_295_hlist_0.75065.list,PASS,,6088,6088,True,0,0.0
LH_295,295,1.00000,/home/ml/thesis-camels/data/raw/CAMELS_SIMBA_1000U/LH_295_hlist_1.00000.list,PASS,,6823,6823,True,0,0.0
LH_296,296,0.20000,/home/ml/thesis-camels/data/raw/CAMELS_SIMBA_1000U/LH_296_hlist_0.20000.list,PASS,,5067,5067,True,0,0.0
LH_296,296,0.25000,/home/ml/thesis-camels/data/raw/CAMELS_SIMBA_1000U/LH_296_hlist_0.25000.list,PASS,,6188,6188,True,0,0.0
LH_296,296,0.51209,/home/ml/thesis-camels/data/raw/CAMELS_SIMBA_1000U/LH_296_hlist_0.51209.list,PASS,,6340,6340,True,0,0.0
LH_296,296,0.75065,/home/ml/thesis-camels/data/raw/CAMELS_SIMBA_1000U/LH_296_hlist_0.75065.list,PASS,,5859,5859,True,0,0.0
LH_296,296,1.00000,/home/ml/thesis-camels/data/raw/CAMELS_SIMBA_1000U/LH_296_hlist_1.00000.list,PASS,,5949,5949,True,0,0.0
LH_297,297,0.20000,/home/ml/thesis-camels/data/raw/CAMELS_SIMBA_1000U/LH_297_hlist_0.20000.list,PASS,,2566,2566,True,0,0.0
LH_297,297,0.25000,/home/ml/thesis-camels/data/raw/CAMELS_SIMBA_1000U/LH_297_hlist_0.25000.list,PASS,,3958,3958,True,0,0.0
LH_297,297,0.51209,/home/ml/thesis-camels/data/raw/CAMELS_SIMBA_1000U/LH_297_hlist_0.51209.list,PASS,,6219,6219,True,0,0.0
LH_297,297,0.75065,/home/ml/thesis-camels/data/raw/CAMELS_SIMBA_1000U/LH_297_hlist_0.75065.list,PASS,,6233,6233,True,0,0.0
LH_297,297,1.00000,/home/ml/thesis-camels/data/raw/CAMELS_SIMBA_1000U/LH_297_hlist_1.00000.list,PASS,,6691,6691,True,0,0.0
LH_298,298,0.20000,/home/ml/thesis-camels/data/raw/CAMELS_SIMBA_1000U/LH_298_hlist_0.20000.list,PASS,,2279,2279,True,0,0.0
LH_298,298,0.25000,/home/ml/thesis-camels/data/raw/CAMELS_SIMBA_1000U/LH_298_hlist_0.25000.list,PASS,,3649,3649,True,0,0.0
LH_298,298,0.51209,/home/ml/thesis-camels/data/raw/CAMELS_SIMBA_1000U/LH_298_hlist_0.51209.list,PASS,,7391,7391,True,0,0.0
LH_298,298,0.75065,/home/ml/thesis-camels/data/raw/CAMELS_SIMBA_1000U/LH_298_hlist_0.75065.list,PASS,,7386,7386,True,0,0.0
LH_298,298,1.00000,/home/ml/thesis-camels/data/raw/CAMELS_SIMBA_1000U/LH_298_hlist_1.00000.list,PASS,,7576,7576,True,0,0.0
LH_299,299,0.20000,/home/ml/thesis-camels/data/raw/CAMELS_SIMBA_1000U/LH_299_hlist_0.20000.list,PASS,,3840,3840,True,0,0.0
LH_299,299,0.25000,/home/ml/thesis-camels/data/raw/CAMELS_SIMBA_1000U/LH_299_hlist_0.25000.list,PASS,,5425,5425,True,0,0.0
LH_299,299,0.51209,/home/ml/thesis-camels/data/raw/CAMELS_SIMBA_1000U/LH_299_hlist_0.51209.list,PASS,,7450,7450,True,0,0.0
LH_299,299,0.75065,/home/ml/thesis-camels/data/raw/CAMELS_SIMBA_1000U/LH_299_hlist_0.75065.list,PASS,,6951,6951,True,0,0.0
LH_299,299,1.00000,/home/ml/thesis-camels/data/raw/CAMELS_SIMBA_1000U/LH_299_hlist_1.00000.list,PASS,,6891,6891,True,0,0.0
LH_300,300,0.20000,/home/ml/thesis-camels/data/raw/CAMELS_SIMBA_1000U/LH_300_hlist_0.20000.list,PASS,,6191,6191,True,0,0.0
LH_300,300,0.25000,/home/ml/thesis-camels/data/raw/CAMELS_SIMBA_1000U/LH_300_hlist_0.25000.list,PASS,,6981,6981,True,0,0.0
LH_300,300,0.51209,/home/ml/thesis-camels/data/raw/CAMELS_SIMBA_1000U/LH_300_hlist_0.51209.list,PASS,,6626,6626,True,0,0.0
LH_300,300,0.75065,/home/ml/thesis-camels/data/raw/CAMELS_SIMBA_1000U/LH_300_hlist_0.75065.list,PASS,,6009,6009,True,0,0.0
LH_300,300,1.00000,/home/ml/thesis-camels/data/raw/CAMELS_SIMBA_1000U/LH_300_hlist_1.00000.list,PASS,,6130,6130,True,0,0.0
LH_301,301,0.20000,/home/ml/thesis-camels/data/raw/CAMELS_SIMBA_1000U/LH_301_hlist_0.20000.list,PASS,,5020,5020,True,0,0.0
LH_301,301,0.25000,/home/ml/thesis-camels/data/raw/CAMELS_SIMBA_1000U/LH_301_hlist_0.25000.list,PASS,,6294,6294,True,0,0.0
LH_301,301,0.51209,/home/ml/thesis-camels/data/raw/CAMELS_SIMBA_1000U/LH_301_hlist_0.51209.list,PASS,,7342,7342,True,0,0.0
LH_301,301,0.75065,/home/ml/thesis-camels/data/raw/CAMELS_SIMBA_1000U/LH_301_hlist_0.75065.list,PASS,,6658,6658,True,0,0.0
LH_301,301,1.00000,/home/ml/thesis-camels/data/raw/CAMELS_SIMBA_1000U/LH_301_hlist_1.00000.list,PASS,,6688,6688,True,0,0.0
LH_302,302,0.20000,/home/ml/thesis-camels/data/raw/CAMELS_SIMBA_1000U/LH_302_hlist_0.20000.list,PASS,,3389,3389,True,0,0.0
LH_302,302,0.25000,/home/ml/thesis-camels/data/raw/CAMELS_SIMBA_1000U/LH_302_hlist_0.25000.list,PASS,,4831,4831,True,0,0.0
LH_302,302,0.51209,/home/ml/thesis-camels/data/raw/CAMELS_SIMBA_1000U/LH_302_hlist_0.51209.list,PASS,,7069,7069,True,0,0.0
LH_302,302,0.75065,/home/ml/thesis-camels/data/raw/CAMELS_SIMBA_1000U/LH_302_hlist_0.75065.list,PASS,,7018,7018,True,0,0.0
LH_302,302,1.00000,/home/ml/thesis-camels/data/raw/CAMELS_SIMBA_1000U/LH_302_hlist_1.00000.list,PASS,,7184,7184,True,0,0.0
LH_303,303,0.20000,/home/ml/thesis-camels/data/raw/CAMELS_SIMBA_1000U/LH_303_hlist_0.20000.list,PASS,,577,577,False,923,61.53333333333333
LH_303,303,0.25000,/home/ml/thesis-camels/data/raw/CAMELS_SIMBA_1000U/LH_303_hlist_0.25000.list,PASS,,2044,2044,True,0,0.0
LH_303,303,0.51209,/home/ml/thesis-camels/data/raw/CAMELS_SIMBA_1000U/LH_303_hlist_0.51209.list,PASS,,5433,5433,True,0,0.0
LH_303,303,0.75065,/home/ml/thesis-camels/data/raw/CAMELS_SIMBA_1000U/LH_303_hlist_0.75065.list,PASS,,5822,5822,True,0,0.0
LH_303,303,1.00000,/home/ml/thesis-camels/data/raw/CAMELS_SIMBA_1000U/LH_303_hlist_1.00000.list,PASS,,6386,6386,True,0,0.0
LH_304,304,0.20000,/home/ml/thesis-camels/data/raw/CAMELS_SIMBA_1000U/LH_304_hlist_0.20000.list,PASS,,1721,1721,True,0,0.0
LH_304,304,0.25000,/home/ml/thesis-camels/data/raw/CAMELS_SIMBA_1000U/LH_304_hlist_0.25000.list,PASS,,3044,3044,True,0,0.0
LH_304,304,0.51209,/home/ml/thesis-camels/data/raw/CAMELS_SIMBA_1000U/LH_304_hlist_0.51209.list,PASS,,6025,6025,True,0,0.0
LH_304,304,0.75065,/home/ml/thesis-camels/data/raw/CAMELS_SIMBA_1000U/LH_304_hlist_0.75065.list,PASS,,6341,6341,True,0,0.0
LH_304,304,1.00000,/home/ml/thesis-camels/data/raw/CAMELS_SIMBA_1000U/LH_304_hlist_1.00000.list,PASS,,6951,6951,True,0,0.0
LH_305,305,0.20000,/home/ml/thesis-camels/data/raw/CAMELS_SIMBA_1000U/LH_305_hlist_0.20000.list,PASS,,7661,7661,True,0,0.0
LH_305,305,0.25000,/home/ml/thesis-camels/data/raw/CAMELS_SIMBA_1000U/LH_305_hlist_0.25000.list,PASS,,8556,8556,True,0,0.0
LH_305,305,0.51209,/home/ml/thesis-camels/data/raw/CAMELS_SIMBA_1000U/LH_305_hlist_0.51209.list,PASS,,8232,8232,True,0,0.0
LH_305,305,0.75065,/home/ml/thesis-camels/data/raw/CAMELS_SIMBA_1000U/LH_305_hlist_0.75065.list,PASS,,7061,7061,True,0,0.0
LH_305,305,1.00000,/home/ml/thesis-camels/data/raw/CAMELS_SIMBA_1000U/LH_305_hlist_1.00000.list,PASS,,6666,6666,True,0,0.0
LH_306,306,0.20000,/home/ml/thesis-camels/data/raw/CAMELS_SIMBA_1000U/LH_306_hlist_0.20000.list,PASS,,4730,4730,True,0,0.0
LH_306,306,0.25000,/home/ml/thesis-camels/data/raw/CAMELS_SIMBA_1000U/LH_306_hlist_0.25000.list,PASS,,6068,6068,True,0,0.0
LH_306,306,0.51209,/home/ml/thesis-camels/data/raw/CAMELS_SIMBA_1000U/LH_306_hlist_0.51209.list,PASS,,6935,6935,True,0,0.0
LH_306,306,0.75065,/home/ml/thesis-camels/data/raw/CAMELS_SIMBA_1000U/LH_306_hlist_0.75065.list,PASS,,6394,6394,True,0,0.0
LH_306,306,1.00000,/home/ml/thesis-camels/data/raw/CAMELS_SIMBA_1000U/LH_306_hlist_1.00000.list,PASS,,6569,6569,True,0,0.0
LH_307,307,0.20000,/home/ml/thesis-camels/data/raw/CAMELS_SIMBA_1000U/LH_307_hlist_0.20000.list,PASS,,3701,3701,True,0,0.0
LH_307,307,0.25000,/home/ml/thesis-camels/data/raw/CAMELS_SIMBA_1000U/LH_307_hlist_0.25000.list,PASS,,5440,5440,True,0,0.0
LH_307,307,0.51209,/home/ml/thesis-camels/data/raw/CAMELS_SIMBA_1000U/LH_307_hlist_0.51209.list,PASS,,8181,8181,True,0,0.0
LH_307,307,0.75065,/home/ml/thesis-camels/data/raw/CAMELS_SIMBA_1000U/LH_307_hlist_0.75065.list,PASS,,7849,7849,True,0,0.0
LH_307,307,1.00000,/home/ml/thesis-camels/data/raw/CAMELS_SIMBA_1000U/LH_307_hlist_1.00000.list,PASS,,7798,7798,True,0,0.0
LH_308,308,0.20000,/home/ml/thesis-camels/data/raw/CAMELS_SIMBA_1000U/LH_308_hlist_0.20000.list,PASS,,6735,6735,True,0,0.0
LH_308,308,0.25000,/home/ml/thesis-camels/data/raw/CAMELS_SIMBA_1000U/LH_308_hlist_0.25000.list,PASS,,7673,7673,True,0,0.0
LH_308,308,0.51209,/home/ml/thesis-camels/data/raw/CAMELS_SIMBA_1000U/LH_308_hlist_0.51209.list,PASS,,7172,7172,True,0,0.0
LH_308,308,0.75065,/home/ml/thesis-camels/data/raw/CAMELS_SIMBA_1000U/LH_308_hlist_0.75065.list,PASS,,6357,6357,True,0,0.0
LH_308,308,1.00000,/home/ml/thesis-camels/data/raw/CAMELS_SIMBA_1000U/LH_308_hlist_1.00000.list,PASS,,6146,6146,True,0,0.0
LH_309,309,0.20000,/home/ml/thesis-camels/data/raw/CAMELS_SIMBA_1000U/LH_309_hlist_0.20000.list,PASS,,3275,3275,True,0,0.0
LH_309,309,0.25000,/home/ml/thesis-camels/data/raw/CAMELS_SIMBA_1000U/LH_309_hlist_0.25000.list,PASS,,4718,4718,True,0,0.0
LH_309,309,0.51209,/home/ml/thesis-camels/data/raw/CAMELS_SIMBA_1000U/LH_309_hlist_0.51209.list,PASS,,6397,6397,True,0,0.0
LH_309,309,0.75065,/home/ml/thesis-camels/data/raw/CAMELS_SIMBA_1000U/LH_309_hlist_0.75065.list,PASS,,6305,6305,True,0,0.0
LH_309,309,1.00000,/home/ml/thesis-camels/data/raw/CAMELS_SIMBA_1000U/LH_309_hlist_1.00000.list,PASS,,6555,6555,True,0,0.0
LH_310,310,0.20000,/home/ml/thesis-camels/data/raw/CAMELS_SIMBA_1000U/LH_310_hlist_0.20000.list,PASS,,2691,2691,True,0,0.0
LH_310,310,0.25000,/home/ml/thesis-camels/data/raw/CAMELS_SIMBA_1000U/LH_310_hlist_0.25000.list,PASS,,4172,4172,True,0,0.0
LH_310,310,0.51209,/home/ml/thesis-camels/data/raw/CAMELS_SIMBA_1000U/LH_310_hlist_0.51209.list,PASS,,6164,6164,True,0,0.0
LH_310,310,0.75065,/home/ml/thesis-camels/data/raw/CAMELS_SIMBA_1000U/LH_310_hlist_0.75065.list,PASS,,6217,6217,True,0,0.0
LH_310,310,1.00000,/home/ml/thesis-camels/data/raw/CAMELS_SIMBA_1000U/LH_310_hlist_1.00000.list,PASS,,6686,6686,True,0,0.0
LH_311,311,0.20000,/home/ml/thesis-camels/data/raw/CAMELS_SIMBA_1000U/LH_311_hlist_0.20000.list,PASS,,398,398,False,1102,73.46666666666667
LH_311,311,0.25000,/home/ml/thesis-camels/data/raw/CAMELS_SIMBA_1000U/LH_311_hlist_0.25000.list,PASS,,1720,1720,True,0,0.0
LH_311,311,0.51209,/home/ml/thesis-camels/data/raw/CAMELS_SIMBA_1000U/LH_311_hlist_0.51209.list,PASS,,3930,3930,True,0,0.0
LH_311,311,0.75065,/home/ml/thesis-camels/data/raw/CAMELS_SIMBA_1000U/LH_311_hlist_0.75065.list,PASS,,4212,4212,True,0,0.0
LH_311,311,1.00000,/home/ml/thesis-camels/data/raw/CAMELS_SIMBA_1000U/LH_311_hlist_1.00000.list,PASS,,4676,4676,True,0,0.0
LH_312,312,0.20000,/home/ml/thesis-camels/data/raw/CAMELS_SIMBA_1000U/LH_312_hlist_0.20000.list,PASS,,4071,4071,True,0,0.0
LH_312,312,0.25000,/home/ml/thesis-camels/data/raw/CAMELS_SIMBA_1000U/LH_312_hlist_0.25000.list,PASS,,5406,5406,True,0,0.0
LH_312,312,0.51209,/home/ml/thesis-camels/data/raw/CAMELS_SIMBA_1000U/LH_312_hlist_0.51209.list,PASS,,6415,6415,True,0,0.0
LH_312,312,0.75065,/home/ml/thesis-camels/data/raw/CAMELS_SIMBA_1000U/LH_312_hlist_0.75065.list,PASS,,6180,6180,True,0,0.0
LH_312,312,1.00000,/home/ml/thesis-camels/data/raw/CAMELS_SIMBA_1000U/LH_312_hlist_1.00000.list,PASS,,6388,6388,True,0,0.0
LH_313,313,0.20000,/home/ml/thesis-camels/data/raw/CAMELS_SIMBA_1000U/LH_313_hlist_0.20000.list,PASS,,1132,1132,False,368,24.533333333333335
LH_313,313,0.25000,/home/ml/thesis-camels/data/raw/CAMELS_SIMBA_1000U/LH_313_hlist_0.25000.list,PASS,,2123,2123,True,0,0.0
LH_313,313,0.51209,/home/ml/thesis-camels/data/raw/CAMELS_SIMBA_1000U/LH_313_hlist_0.51209.list,PASS,,4169,4169,True,0,0.0
LH_313,313,0.75065,/home/ml/thesis-camels/data/raw/CAMELS_SIMBA_1000U/LH_313_hlist_0.75065.list,PASS,,4621,4621,True,0,0.0
LH_313,313,1.00000,/home/ml/thesis-camels/data/raw/CAMELS_SIMBA_1000U/LH_313_hlist_1.00000.list,PASS,,5315,5315,True,0,0.0
LH_314,314,0.20000,/home/ml/thesis-camels/data/raw/CAMELS_SIMBA_1000U/LH_314_hlist_0.20000.list,PASS,,1048,1048,False,452,30.133333333333333
LH_314,314,0.25000,/home/ml/thesis-camels/data/raw/CAMELS_SIMBA_1000U/LH_314_hlist_0.25000.list,PASS,,2275,2275,True,0,0.0
LH_314,314,0.51209,/home/ml/thesis-camels/data/raw/CAMELS_SIMBA_1000U/LH_314_hlist_0.51209.list,PASS,,5044,5044,True,0,0.0
LH_314,314,0.75065,/home/ml/thesis-camels/data/raw/CAMELS_SIMBA_1000U/LH_314_hlist_0.75065.list,PASS,,5467,5467,True,0,0.0
LH_314,314,1.00000,/home/ml/thesis-camels/data/raw/CAMELS_SIMBA_1000U/LH_314_hlist_1.00000.list,PASS,,6182,6182,True,0,0.0
LH_315,315,0.20000,/home/ml/thesis-camels/data/raw/CAMELS_SIMBA_1000U/LH_315_hlist_0.20000.list,PASS,,5927,5927,True,0,0.0
LH_315,315,0.25000,/home/ml/thesis-camels/data/raw/CAMELS_SIMBA_1000U/LH_315_hlist_0.25000.list,PASS,,7377,7377,True,0,0.0
LH_315,315,0.51209,/home/ml/thesis-camels/data/raw/CAMELS_SIMBA_1000U/LH_315_hlist_0.51209.list,PASS,,7675,7675,True,0,0.0
LH_315,315,0.75065,/home/ml/thesis-camels/data/raw/CAMELS_SIMBA_1000U/LH_315_hlist_0.75065.list,PASS,,6753,6753,True,0,0.0
LH_315,315,1.00000,/home/ml/thesis-camels/data/raw/CAMELS_SIMBA_1000U/LH_315_hlist_1.00000.list,PASS,,6670,6670,True,0,0.0
LH_316,316,0.20000,/home/ml/thesis-camels/data/raw/CAMELS_SIMBA_1000U/LH_316_hlist_0.20000.list,PASS,,3130,3130,True,0,0.0
LH_316,316,0.25000,/home/ml/thesis-camels/data/raw/CAMELS_SIMBA_1000U/LH_316_hlist_0.25000.list,PASS,,4476,4476,True,0,0.0
LH_316,316,0.51209,/home/ml/thesis-camels/data/raw/CAMELS_SIMBA_1000U/LH_316_hlist_0.51209.list,PASS,,5819,5819,True,0,0.0
LH_316,316,0.75065,/home/ml/thesis-camels/data/raw/CAMELS_SIMBA_1000U/LH_316_hlist_0.75065.list,PASS,,5809,5809,True,0,0.0
LH_316,316,1.00000,/home/ml/thesis-camels/data/raw/CAMELS_SIMBA_1000U/LH_316_hlist_1.00000.list,PASS,,6027,6027,True,0,0.0
LH_317,317,0.20000,/home/ml/thesis-camels/data/raw/CAMELS_SIMBA_1000U/LH_317_hlist_0.20000.list,PASS,,6642,6642,True,0,0.0
LH_317,317,0.25000,/home/ml/thesis-camels/data/raw/CAMELS_SIMBA_1000U/LH_317_hlist_0.25000.list,PASS,,7647,7647,True,0,0.0
LH_317,317,0.51209,/home/ml/thesis-camels/data/raw/CAMELS_SIMBA_1000U/LH_317_hlist_0.51209.list,PASS,,7807,7807,True,0,0.0
LH_317,317,0.75065,/home/ml/thesis-camels/data/raw/CAMELS_SIMBA_1000U/LH_317_hlist_0.75065.list,PASS,,6757,6757,True,0,0.0
LH_317,317,1.00000,/home/ml/thesis-camels/data/raw/CAMELS_SIMBA_1000U/LH_317_hlist_1.00000.list,PASS,,6404,6404,True,0,0.0
LH_318,318,0.20000,/home/ml/thesis-camels/data/raw/CAMELS_SIMBA_1000U/LH_318_hlist_0.20000.list,PASS,,6109,6109,True,0,0.0
LH_318,318,0.25000,/home/ml/thesis-camels/data/raw/CAMELS_SIMBA_1000U/LH_318_hlist_0.25000.list,PASS,,7583,7583,True,0,0.0
LH_318,318,0.51209,/home/ml/thesis-camels/data/raw/CAMELS_SIMBA_1000U/LH_318_hlist_0.51209.list,PASS,,8717,8717,True,0,0.0
LH_318,318,0.75065,/home/ml/thesis-camels/data/raw/CAMELS_SIMBA_1000U/LH_318_hlist_0.75065.list,PASS,,7670,7670,True,0,0.0
LH_318,318,1.00000,/home/ml/thesis-camels/data/raw/CAMELS_SIMBA_1000U/LH_318_hlist_1.00000.list,PASS,,7098,7098,True,0,0.0
LH_319,319,0.20000,/home/ml/thesis-camels/data/raw/CAMELS_SIMBA_1000U/LH_319_hlist_0.20000.list,PASS,,4812,4812,True,0,0.0
LH_319,319,0.25000,/home/ml/thesis-camels/data/raw/CAMELS_SIMBA_1000U/LH_319_hlist_0.25000.list,PASS,,6602,6602,True,0,0.0
LH_319,319,0.51209,/home/ml/thesis-camels/data/raw/CAMELS_SIMBA_1000U/LH_319_hlist_0.51209.list,PASS,,8591,8591,True,0,0.0
LH_319,319,0.75065,/home/ml/thesis-camels/data/raw/CAMELS_SIMBA_1000U/LH_319_hlist_0.75065.list,PASS,,7767,7767,True,0,0.0
LH_319,319,1.00000,/home/ml/thesis-camels/data/raw/CAMELS_SIMBA_1000U/LH_319_hlist_1.00000.list,PASS,,7233,7233,True,0,0.0
LH_320,320,0.20000,/home/ml/thesis-camels/data/raw/CAMELS_SIMBA_1000U/LH_320_hlist_0.20000.list,PASS,,6968,6968,True,0,0.0
LH_320,320,0.25000,/home/ml/thesis-camels/data/raw/CAMELS_SIMBA_1000U/LH_320_hlist_0.25000.list,PASS,,8109,8109,True,0,0.0
LH_320,320,0.51209,/home/ml/thesis-camels/data/raw/CAMELS_SIMBA_1000U/LH_320_hlist_0.51209.list,PASS,,8333,8333,True,0,0.0
LH_320,320,0.75065,/home/ml/thesis-camels/data/raw/CAMELS_SIMBA_1000U/LH_320_hlist_0.75065.list,PASS,,7024,7024,True,0,0.0
LH_320,320,1.00000,/home/ml/thesis-camels/data/raw/CAMELS_SIMBA_1000U/LH_320_hlist_1.00000.list,PASS,,6707,6707,True,0,0.0
LH_321,321,0.20000,/home/ml/thesis-camels/data/raw/CAMELS_SIMBA_1000U/LH_321_hlist_0.20000.list,PASS,,7129,7129,True,0,0.0
LH_321,321,0.25000,/home/ml/thesis-camels/data/raw/CAMELS_SIMBA_1000U/LH_321_hlist_0.25000.list,PASS,,7946,7946,True,0,0.0
LH_321,321,0.51209,/home/ml/thesis-camels/data/raw/CAMELS_SIMBA_1000U/LH_321_hlist_0.51209.list,PASS,,7611,7611,True,0,0.0
LH_321,321,0.75065,/home/ml/thesis-camels/data/raw/CAMELS_SIMBA_1000U/LH_321_hlist_0.75065.list,PASS,,6632,6632,True,0,0.0
LH_321,321,1.00000,/home/ml/thesis-camels/data/raw/CAMELS_SIMBA_1000U/LH_321_hlist_1.00000.list,PASS,,6314,6314,True,0,0.0
LH_322,322,0.20000,/home/ml/thesis-camels/data/raw/CAMELS_SIMBA_1000U/LH_322_hlist_0.20000.list,PASS,,206,206,False,1294,86.26666666666667
LH_322,322,0.25000,/home/ml/thesis-camels/data/raw/CAMELS_SIMBA_1000U/LH_322_hlist_0.25000.list,PASS,,1094,1094,False,406,27.066666666666666
LH_322,322,0.51209,/home/ml/thesis-camels/data/raw/CAMELS_SIMBA_1000U/LH_322_hlist_0.51209.list,PASS,,3624,3624,True,0,0.0
LH_322,322,0.75065,/home/ml/thesis-camels/data/raw/CAMELS_SIMBA_1000U/LH_322_hlist_0.75065.list,PASS,,4241,4241,True,0,0.0
LH_322,322,1.00000,/home/ml/thesis-camels/data/raw/CAMELS_SIMBA_1000U/LH_322_hlist_1.00000.list,PASS,,4912,4912,True,0,0.0
LH_323,323,0.20000,/home/ml/thesis-camels/data/raw/CAMELS_SIMBA_1000U/LH_323_hlist_0.20000.list,PASS,,8196,8196,True,0,0.0
LH_323,323,0.25000,/home/ml/thesis-camels/data/raw/CAMELS_SIMBA_1000U/LH_323_hlist_0.25000.list,PASS,,8802,8802,True,0,0.0
LH_323,323,0.51209,/home/ml/thesis-camels/data/raw/CAMELS_SIMBA_1000U/LH_323_hlist_0.51209.list,PASS,,7732,7732,True,0,0.0
LH_323,323,0.75065,/home/ml/thesis-camels/data/raw/CAMELS_SIMBA_1000U/LH_323_hlist_0.75065.list,PASS,,6274,6274,True,0,0.0
LH_323,323,1.00000,/home/ml/thesis-camels/data/raw/CAMELS_SIMBA_1000U/LH_323_hlist_1.00000.list,PASS,,5769,5769,True,0,0.0
LH_324,324,0.20000,/home/ml/thesis-camels/data/raw/CAMELS_SIMBA_1000U/LH_324_hlist_0.20000.list,PASS,,2178,2178,True,0,0.0
LH_324,324,0.25000,/home/ml/thesis-camels/data/raw/CAMELS_SIMBA_1000U/LH_324_hlist_0.25000.list,PASS,,3486,3486,True,0,0.0
LH_324,324,0.51209,/home/ml/thesis-camels/data/raw/CAMELS_SIMBA_1000U/LH_324_hlist_0.51209.list,PASS,,4655,4655,True,0,0.0
LH_324,324,0.75065,/home/ml/thesis-camels/data/raw/CAMELS_SIMBA_1000U/LH_324_hlist_0.75065.list,PASS,,4756,4756,True,0,0.0
LH_324,324,1.00000,/home/ml/thesis-camels/data/raw/CAMELS_SIMBA_1000U/LH_324_hlist_1.00000.list,PASS,,5172,5172,True,0,0.0
LH_325,325,0.20000,/home/ml/thesis-camels/data/raw/CAMELS_SIMBA_1000U/LH_325_hlist_0.20000.list,PASS,,182,182,False,1318,87.86666666666666
LH_325,325,0.25000,/home/ml/thesis-camels/data/raw/CAMELS_SIMBA_1000U/LH_325_hlist_0.25000.list,PASS,,1076,1076,False,424,28.266666666666666
LH_325,325,0.51209,/home/ml/thesis-camels/data/raw/CAMELS_SIMBA_1000U/LH_325_hlist_0.51209.list,PASS,,3473,3473,True,0,0.0
LH_325,325,0.75065,/home/ml/thesis-camels/data/raw/CAMELS_SIMBA_1000U/LH_325_hlist_0.75065.list,PASS,,4168,4168,True,0,0.0
LH_325,325,1.00000,/home/ml/thesis-camels/data/raw/CAMELS_SIMBA_1000U/LH_325_hlist_1.00000.list,PASS,,4809,4809,True,0,0.0
LH_326,326,0.20000,/home/ml/thesis-camels/data/raw/CAMELS_SIMBA_1000U/LH_326_hlist_0.20000.list,PASS,,3924,3924,True,0,0.0
LH_326,326,0.25000,/home/ml/thesis-camels/data/raw/CAMELS_SIMBA_1000U/LH_326_hlist_0.25000.list,PASS,,5410,5410,True,0,0.0
LH_326,326,0.51209,/home/ml/thesis-camels/data/raw/CAMELS_SIMBA_1000U/LH_326_hlist_0.51209.list,PASS,,6202,6202,True,0,0.0
LH_326,326,0.75065,/home/ml/thesis-camels/data/raw/CAMELS_SIMBA_1000U/LH_326_hlist_0.75065.list,PASS,,5807,5807,True,0,0.0
LH_326,326,1.00000,/home/ml/thesis-camels/data/raw/CAMELS_SIMBA_1000U/LH_326_hlist_1.00000.list,PASS,,5982,5982,True,0,0.0
LH_327,327,0.20000,/home/ml/thesis-camels/data/raw/CAMELS_SIMBA_1000U/LH_327_hlist_0.20000.list,PASS,,3110,3110,True,0,0.0
LH_327,327,0.25000,/home/ml/thesis-camels/data/raw/CAMELS_SIMBA_1000U/LH_327_hlist_0.25000.list,PASS,,4377,4377,True,0,0.0
LH_327,327,0.51209,/home/ml/thesis-camels/data/raw/CAMELS_SIMBA_1000U/LH_327_hlist_0.51209.list,PASS,,5852,5852,True,0,0.0
LH_327,327,0.75065,/home/ml/thesis-camels/data/raw/CAMELS_SIMBA_1000U/LH_327_hlist_0.75065.list,PASS,,5877,5877,True,0,0.0
LH_327,327,1.00000,/home/ml/thesis-camels/data/raw/CAMELS_SIMBA_1000U/LH_327_hlist_1.00000.list,PASS,,6319,6319,True,0,0.0
LH_328,328,0.20000,/home/ml/thesis-camels/data/raw/CAMELS_SIMBA_1000U/LH_328_hlist_0.20000.list,PASS,,6242,6242,True,0,0.0
LH_328,328,0.25000,/home/ml/thesis-camels/data/raw/CAMELS_SIMBA_1000U/LH_328_hlist_0.25000.list,PASS,,7163,7163,True,0,0.0
LH_328,328,0.51209,/home/ml/thesis-camels/data/raw/CAMELS_SIMBA_1000U/LH_328_hlist_0.51209.list,PASS,,6712,6712,True,0,0.0
LH_328,328,0.75065,/home/ml/thesis-camels/data/raw/CAMELS_SIMBA_1000U/LH_328_hlist_0.75065.list,PASS,,5926,5926,True,0,0.0
LH_328,328,1.00000,/home/ml/thesis-camels/data/raw/CAMELS_SIMBA_1000U/LH_328_hlist_1.00000.list,PASS,,6207,6207,True,0,0.0
LH_329,329,0.20000,/home/ml/thesis-camels/data/raw/CAMELS_SIMBA_1000U/LH_329_hlist_0.20000.list,PASS,,2401,2401,True,0,0.0
LH_329,329,0.25000,/home/ml/thesis-camels/data/raw/CAMELS_SIMBA_1000U/LH_329_hlist_0.25000.list,PASS,,3954,3954,True,0,0.0
LH_329,329,0.51209,/home/ml/thesis-camels/data/raw/CAMELS_SIMBA_1000U/LH_329_hlist_0.51209.list,PASS,,6588,6588,True,0,0.0
LH_329,329,0.75065,/home/ml/thesis-camels/data/raw/CAMELS_SIMBA_1000U/LH_329_hlist_0.75065.list,PASS,,6829,6829,True,0,0.0
LH_329,329,1.00000,/home/ml/thesis-camels/data/raw/CAMELS_SIMBA_1000U/LH_329_hlist_1.00000.list,PASS,,7127,7127,True,0,0.0
LH_330,330,0.20000,/home/ml/thesis-camels/data/raw/CAMELS_SIMBA_1000U/LH_330_hlist_0.20000.list,PASS,,7506,7506,True,0,0.0
LH_330,330,0.25000,/home/ml/thesis-camels/data/raw/CAMELS_SIMBA_1000U/LH_330_hlist_0.25000.list,PASS,,8168,8168,True,0,0.0
LH_330,330,0.51209,/home/ml/thesis-camels/data/raw/CAMELS_SIMBA_1000U/LH_330_hlist_0.51209.list,PASS,,7170,7170,True,0,0.0
LH_330,330,0.75065,/home/ml/thesis-camels/data/raw/CAMELS_SIMBA_1000U/LH_330_hlist_0.75065.list,PASS,,6150,6150,True,0,0.0
LH_330,330,1.00000,/home/ml/thesis-camels/data/raw/CAMELS_SIMBA_1000U/LH_330_hlist_1.00000.list,PASS,,5744,5744,True,0,0.0
LH_331,331,0.20000,/home/ml/thesis-camels/data/raw/CAMELS_SIMBA_1000U/LH_331_hlist_0.20000.list,PASS,,7768,7768,True,0,0.0
LH_331,331,0.25000,/home/ml/thesis-camels/data/raw/CAMELS_SIMBA_1000U/LH_331_hlist_0.25000.list,PASS,,8604,8604,True,0,0.0
LH_331,331,0.51209,/home/ml/thesis-camels/data/raw/CAMELS_SIMBA_1000U/LH_331_hlist_0.51209.list,PASS,,7873,7873,True,0,0.0
LH_331,331,0.75065,/home/ml/thesis-camels/data/raw/CAMELS_SIMBA_1000U/LH_331_hlist_0.75065.list,PASS,,6457,6457,True,0,0.0
LH_331,331,1.00000,/home/ml/thesis-camels/data/raw/CAMELS_SIMBA_1000U/LH_331_hlist_1.00000.list,PASS,,6109,6109,True,0,0.0
LH_332,332,0.20000,/home/ml/thesis-camels/data/raw/CAMELS_SIMBA_1000U/LH_332_hlist_0.20000.list,PASS,,6100,6100,True,0,0.0
LH_332,332,0.25000,/home/ml/thesis-camels/data/raw/CAMELS_SIMBA_1000U/LH_332_hlist_0.25000.list,PASS,,7140,7140,True,0,0.0
LH_332,332,0.51209,/home/ml/thesis-camels/data/raw/CAMELS_SIMBA_1000U/LH_332_hlist_0.51209.list,PASS,,7541,7541,True,0,0.0
LH_332,332,0.75065,/home/ml/thesis-camels/data/raw/CAMELS_SIMBA_1000U/LH_332_hlist_0.75065.list,PASS,,6763,6763,True,0,0.0
LH_332,332,1.00000,/home/ml/thesis-camels/data/raw/CAMELS_SIMBA_1000U/LH_332_hlist_1.00000.list,PASS,,6631,6631,True,0,0.0
LH_333,333,0.20000,/home/ml/thesis-camels/data/raw/CAMELS_SIMBA_1000U/LH_333_hlist_0.20000.list,PASS,,6087,6087,True,0,0.0
LH_333,333,0.25000,/home/ml/thesis-camels/data/raw/CAMELS_SIMBA_1000U/LH_333_hlist_0.25000.list,PASS,,7396,7396,True,0,0.0
LH_333,333,0.51209,/home/ml/thesis-camels/data/raw/CAMELS_SIMBA_1000U/LH_333_hlist_0.51209.list,PASS,,8227,8227,True,0,0.0
LH_333,333,0.75065,/home/ml/thesis-camels/data/raw/CAMELS_SIMBA_1000U/LH_333_hlist_0.75065.list,PASS,,7371,7371,True,0,0.0
LH_333,333,1.00000,/home/ml/thesis-camels/data/raw/CAMELS_SIMBA_1000U/LH_333_hlist_1.00000.list,PASS,,6901,6901,True,0,0.0
LH_334,334,0.20000,/home/ml/thesis-camels/data/raw/CAMELS_SIMBA_1000U/LH_334_hlist_0.20000.list,PASS,,2410,2410,True,0,0.0
LH_334,334,0.25000,/home/ml/thesis-camels/data/raw/CAMELS_SIMBA_1000U/LH_334_hlist_0.25000.list,PASS,,3837,3837,True,0,0.0
LH_334,334,0.51209,/home/ml/thesis-camels/data/raw/CAMELS_SIMBA_1000U/LH_334_hlist_0.51209.list,PASS,,5664,5664,True,0,0.0
LH_334,334,0.75065,/home/ml/thesis-camels/data/raw/CAMELS_SIMBA_1000U/LH_334_hlist_0.75065.list,PASS,,5838,5838,True,0,0.0
LH_334,334,1.00000,/home/ml/thesis-camels/data/raw/CAMELS_SIMBA_1000U/LH_334_hlist_1.00000.list,PASS,,6224,6224,True,0,0.0
LH_335,335,0.20000,/home/ml/thesis-camels/data/raw/CAMELS_SIMBA_1000U/LH_335_hlist_0.20000.list,PASS,,3282,3282,True,0,0.0
LH_335,335,0.25000,/home/ml/thesis-camels/data/raw/CAMELS_SIMBA_1000U/LH_335_hlist_0.25000.list,PASS,,4769,4769,True,0,0.0
LH_335,335,0.51209,/home/ml/thesis-camels/data/raw/CAMELS_SIMBA_1000U/LH_335_hlist_0.51209.list,PASS,,6575,6575,True,0,0.0
LH_335,335,0.75065,/home/ml/thesis-camels/data/raw/CAMELS_SIMBA_1000U/LH_335_hlist_0.75065.list,PASS,,6397,6397,True,0,0.0
LH_335,335,1.00000,/home/ml/thesis-camels/data/raw/CAMELS_SIMBA_1000U/LH_335_hlist_1.00000.list,PASS,,6645,6645,True,0,0.0
LH_336,336,0.20000,/home/ml/thesis-camels/data/raw/CAMELS_SIMBA_1000U/LH_336_hlist_0.20000.list,PASS,,6385,6385,True,0,0.0
LH_336,336,0.25000,/home/ml/thesis-camels/data/raw/CAMELS_SIMBA_1000U/LH_336_hlist_0.25000.list,PASS,,7471,7471,True,0,0.0
LH_336,336,0.51209,/home/ml/thesis-camels/data/raw/CAMELS_SIMBA_1000U/LH_336_hlist_0.51209.list,PASS,,7420,7420,True,0,0.0
LH_336,336,0.75065,/home/ml/thesis-camels/data/raw/CAMELS_SIMBA_1000U/LH_336_hlist_0.75065.list,PASS,,6236,6236,True,0,0.0
LH_336,336,1.00000,/home/ml/thesis-camels/data/raw/CAMELS_SIMBA_1000U/LH_336_hlist_1.00000.list,PASS,,6244,6244,True,0,0.0
LH_337,337,0.20000,/home/ml/thesis-camels/data/raw/CAMELS_SIMBA_1000U/LH_337_hlist_0.20000.list,PASS,,7273,7273,True,0,0.0
LH_337,337,0.25000,/home/ml/thesis-camels/data/raw/CAMELS_SIMBA_1000U/LH_337_hlist_0.25000.list,PASS,,8038,8038,True,0,0.0
LH_337,337,0.51209,/home/ml/thesis-camels/data/raw/CAMELS_SIMBA_1000U/LH_337_hlist_0.51209.list,PASS,,7218,7218,True,0,0.0
LH_337,337,0.75065,/home/ml/thesis-camels/data/raw/CAMELS_SIMBA_1000U/LH_337_hlist_0.75065.list,PASS,,6248,6248,True,0,0.0
LH_337,337,1.00000,/home/ml/thesis-camels/data/raw/CAMELS_SIMBA_1000U/LH_337_hlist_1.00000.list,PASS,,6098,6098,True,0,0.0
LH_338,338,0.20000,/home/ml/thesis-camels/data/raw/CAMELS_SIMBA_1000U/LH_338_hlist_0.20000.list,PASS,,1798,1798,True,0,0.0
LH_338,338,0.25000,/home/ml/thesis-camels/data/raw/CAMELS_SIMBA_1000U/LH_338_hlist_0.25000.list,PASS,,3350,3350,True,0,0.0
LH_338,338,0.51209,/home/ml/thesis-camels/data/raw/CAMELS_SIMBA_1000U/LH_338_hlist_0.51209.list,PASS,,6690,6690,True,0,0.0
LH_338,338,0.75065,/home/ml/thesis-camels/data/raw/CAMELS_SIMBA_1000U/LH_338_hlist_0.75065.list,PASS,,6844,6844,True,0,0.0
LH_338,338,1.00000,/home/ml/thesis-camels/data/raw/CAMELS_SIMBA_1000U/LH_338_hlist_1.00000.list,PASS,,7333,7333,True,0,0.0
LH_339,339,0.20000,/home/ml/thesis-camels/data/raw/CAMELS_SIMBA_1000U/LH_339_hlist_0.20000.list,PASS,,3292,3292,True,0,0.0
LH_339,339,0.25000,/home/ml/thesis-camels/data/raw/CAMELS_SIMBA_1000U/LH_339_hlist_0.25000.list,PASS,,4476,4476,True,0,0.0
LH_339,339,0.51209,/home/ml/thesis-camels/data/raw/CAMELS_SIMBA_1000U/LH_339_hlist_0.51209.list,PASS,,5351,5351,True,0,0.0
LH_339,339,0.75065,/home/ml/thesis-camels/data/raw/CAMELS_SIMBA_1000U/LH_339_hlist_0.75065.list,PASS,,5380,5380,True,0,0.0
LH_339,339,1.00000,/home/ml/thesis-camels/data/raw/CAMELS_SIMBA_1000U/LH_339_hlist_1.00000.list,PASS,,5845,5845,True,0,0.0
LH_340,340,0.20000,/home/ml/thesis-camels/data/raw/CAMELS_SIMBA_1000U/LH_340_hlist_0.20000.list,PASS,,1631,1631,True,0,0.0
LH_340,340,0.25000,/home/ml/thesis-camels/data/raw/CAMELS_SIMBA_1000U/LH_340_hlist_0.25000.list,PASS,,2677,2677,True,0,0.0
LH_340,340,0.51209,/home/ml/thesis-camels/data/raw/CAMELS_SIMBA_1000U/LH_340_hlist_0.51209.list,PASS,,4728,4728,True,0,0.0
LH_340,340,0.75065,/home/ml/thesis-camels/data/raw/CAMELS_SIMBA_1000U/LH_340_hlist_0.75065.list,PASS,,5071,5071,True,0,0.0
LH_340,340,1.00000,/home/ml/thesis-camels/data/raw/CAMELS_SIMBA_1000U/LH_340_hlist_1.00000.list,PASS,,5519,5519,True,0,0.0
LH_341,341,0.20000,/home/ml/thesis-camels/data/raw/CAMELS_SIMBA_1000U/LH_341_hlist_0.20000.list,PASS,,5836,5836,True,0,0.0
LH_341,341,0.25000,/home/ml/thesis-camels/data/raw/CAMELS_SIMBA_1000U/LH_341_hlist_0.25000.list,PASS,,6770,6770,True,0,0.0
LH_341,341,0.51209,/home/ml/thesis-camels/data/raw/CAMELS_SIMBA_1000U/LH_341_hlist_0.51209.list,PASS,,6625,6625,True,0,0.0
LH_341,341,0.75065,/home/ml/thesis-camels/data/raw/CAMELS_SIMBA_1000U/LH_341_hlist_0.75065.list,PASS,,6136,6136,True,0,0.0
LH_341,341,1.00000,/home/ml/thesis-camels/data/raw/CAMELS_SIMBA_1000U/LH_341_hlist_1.00000.list,PASS,,6226,6226,True,0,0.0
LH_342,342,0.20000,/home/ml/thesis-camels/data/raw/CAMELS_SIMBA_1000U/LH_342_hlist_0.20000.list,PASS,,1392,1392,False,108,7.2
LH_342,342,0.25000,/home/ml/thesis-camels/data/raw/CAMELS_SIMBA_1000U/LH_342_hlist_0.25000.list,PASS,,2472,2472,True,0,0.0
LH_342,342,0.51209,/home/ml/thesis-camels/data/raw/CAMELS_SIMBA_1000U/LH_342_hlist_0.51209.list,PASS,,4377,4377,True,0,0.0
LH_342,342,0.75065,/home/ml/thesis-camels/data/raw/CAMELS_SIMBA_1000U/LH_342_hlist_0.75065.list,PASS,,4708,4708,True,0,0.0
LH_342,342,1.00000,/home/ml/thesis-camels/data/raw/CAMELS_SIMBA_1000U/LH_342_hlist_1.00000.list,PASS,,5279,5279,True,0,0.0
LH_343,343,0.20000,/home/ml/thesis-camels/data/raw/CAMELS_SIMBA_1000U/LH_343_hlist_0.20000.list,PASS,,4998,4998,True,0,0.0
LH_343,343,0.25000,/home/ml/thesis-camels/data/raw/CAMELS_SIMBA_1000U/LH_343_hlist_0.25000.list,PASS,,6221,6221,True,0,0.0
LH_343,343,0.51209,/home/ml/thesis-camels/data/raw/CAMELS_SIMBA_1000U/LH_343_hlist_0.51209.list,PASS,,7379,7379,True,0,0.0
LH_343,343,0.75065,/home/ml/thesis-camels/data/raw/CAMELS_SIMBA_1000U/LH_343_hlist_0.75065.list,PASS,,6673,6673,True,0,0.0
LH_343,343,1.00000,/home/ml/thesis-camels/data/raw/CAMELS_SIMBA_1000U/LH_343_hlist_1.00000.list,PASS,,6666,6666,True,0,0.0
LH_344,344,0.20000,/home/ml/thesis-camels/data/raw/CAMELS_SIMBA_1000U/LH_344_hlist_0.20000.list,PASS,,7606,7606,True,0,0.0
LH_344,344,0.25000,/home/ml/thesis-camels/data/raw/CAMELS_SIMBA_1000U/LH_344_hlist_0.25000.list,PASS,,8132,8132,True,0,0.0
LH_344,344,0.51209,/home/ml/thesis-camels/data/raw/CAMELS_SIMBA_1000U/LH_344_hlist_0.51209.list,PASS,,7165,7165,True,0,0.0
LH_344,344,0.75065,/home/ml/thesis-camels/data/raw/CAMELS_SIMBA_1000U/LH_344_hlist_0.75065.list,PASS,,6204,6204,True,0,0.0
LH_344,344,1.00000,/home/ml/thesis-camels/data/raw/CAMELS_SIMBA_1000U/LH_344_hlist_1.00000.list,PASS,,6022,6022,True,0,0.0
LH_345,345,0.20000,/home/ml/thesis-camels/data/raw/CAMELS_SIMBA_1000U/LH_345_hlist_0.20000.list,PASS,,4038,4038,True,0,0.0
LH_345,345,0.25000,/home/ml/thesis-camels/data/raw/CAMELS_SIMBA_1000U/LH_345_hlist_0.25000.list,PASS,,5635,5635,True,0,0.0
LH_345,345,0.51209,/home/ml/thesis-camels/data/raw/CAMELS_SIMBA_1000U/LH_345_hlist_0.51209.list,PASS,,8008,8008,True,0,0.0
LH_345,345,0.75065,/home/ml/thesis-camels/data/raw/CAMELS_SIMBA_1000U/LH_345_hlist_0.75065.list,PASS,,7638,7638,True,0,0.0
LH_345,345,1.00000,/home/ml/thesis-camels/data/raw/CAMELS_SIMBA_1000U/LH_345_hlist_1.00000.list,PASS,,7622,7622,True,0,0.0
LH_346,346,0.20000,/home/ml/thesis-camels/data/raw/CAMELS_SIMBA_1000U/LH_346_hlist_0.20000.list,PASS,,4263,4263,True,0,0.0
LH_346,346,0.25000,/home/ml/thesis-camels/data/raw/CAMELS_SIMBA_1000U/LH_346_hlist_0.25000.list,PASS,,5755,5755,True,0,0.0
LH_346,346,0.51209,/home/ml/thesis-camels/data/raw/CAMELS_SIMBA_1000U/LH_346_hlist_0.51209.list,PASS,,8097,8097,True,0,0.0
LH_346,346,0.75065,/home/ml/thesis-camels/data/raw/CAMELS_SIMBA_1000U/LH_346_hlist_0.75065.list,PASS,,7528,7528,True,0,0.0
LH_346,346,1.00000,/home/ml/thesis-camels/data/raw/CAMELS_SIMBA_1000U/LH_346_hlist_1.00000.list,PASS,,7429,7429,True,0,0.0
LH_347,347,0.20000,/home/ml/thesis-camels/data/raw/CAMELS_SIMBA_1000U/LH_347_hlist_0.20000.list,PASS,,2593,2593,True,0,0.0
LH_347,347,0.25000,/home/ml/thesis-camels/data/raw/CAMELS_SIMBA_1000U/LH_347_hlist_0.25000.list,PASS,,4023,4023,True,0,0.0
LH_347,347,0.51209,/home/ml/thesis-camels/data/raw/CAMELS_SIMBA_1000U/LH_347_hlist_0.51209.list,PASS,,6190,6190,True,0,0.0
LH_347,347,0.75065,/home/ml/thesis-camels/data/raw/CAMELS_SIMBA_1000U/LH_347_hlist_0.75065.list,PASS,,6228,6228,True,0,0.0
LH_347,347,1.00000,/home/ml/thesis-camels/data/raw/CAMELS_SIMBA_1000U/LH_347_hlist_1.00000.list,PASS,,6643,6643,True,0,0.0
LH_348,348,0.20000,/home/ml/thesis-camels/data/raw/CAMELS_SIMBA_1000U/LH_348_hlist_0.20000.list,PASS,,6492,6492,True,0,0.0
LH_348,348,0.25000,/home/ml/thesis-camels/data/raw/CAMELS_SIMBA_1000U/LH_348_hlist_0.25000.list,PASS,,7366,7366,True,0,0.0
LH_348,348,0.51209,/home/ml/thesis-camels/data/raw/CAMELS_SIMBA_1000U/LH_348_hlist_0.51209.list,PASS,,7405,7405,True,0,0.0
LH_348,348,0.75065,/home/ml/thesis-camels/data/raw/CAMELS_SIMBA_1000U/LH_348_hlist_0.75065.list,PASS,,6408,6408,True,0,0.0
LH_348,348,1.00000,/home/ml/thesis-camels/data/raw/CAMELS_SIMBA_1000U/LH_348_hlist_1.00000.list,PASS,,6298,6298,True,0,0.0
LH_349,349,0.20000,/home/ml/thesis-camels/data/raw/CAMELS_SIMBA_1000U/LH_349_hlist_0.20000.list,PASS,,4596,4596,True,0,0.0
LH_349,349,0.25000,/home/ml/thesis-camels/data/raw/CAMELS_SIMBA_1000U/LH_349_hlist_0.25000.list,PASS,,6323,6323,True,0,0.0
LH_349,349,0.51209,/home/ml/thesis-camels/data/raw/CAMELS_SIMBA_1000U/LH_349_hlist_0.51209.list,PASS,,8880,8880,True,0,0.0
LH_349,349,0.75065,/home/ml/thesis-camels/data/raw/CAMELS_SIMBA_1000U/LH_349_hlist_0.75065.list,PASS,,8261,8261,True,0,0.0
LH_349,349,1.00000,/home/ml/thesis-camels/data/raw/CAMELS_SIMBA_1000U/LH_349_hlist_1.00000.list,PASS,,7997,7997,True,0,0.0
LH_350,350,0.20000,/home/ml/thesis-camels/data/raw/CAMELS_SIMBA_1000U/LH_350_hlist_0.20000.list,PASS,,8118,8118,True,0,0.0
LH_350,350,0.25000,/home/ml/thesis-camels/data/raw/CAMELS_SIMBA_1000U/LH_350_hlist_0.25000.list,PASS,,8759,8759,True,0,0.0
LH_350,350,0.51209,/home/ml/thesis-camels/data/raw/CAMELS_SIMBA_1000U/LH_350_hlist_0.51209.list,PASS,,7546,7546,True,0,0.0
LH_350,350,0.75065,/home/ml/thesis-camels/data/raw/CAMELS_SIMBA_1000U/LH_350_hlist_0.75065.list,PASS,,6236,6236,True,0,0.0
LH_350,350,1.00000,/home/ml/thesis-camels/data/raw/CAMELS_SIMBA_1000U/LH_350_hlist_1.00000.list,PASS,,5862,5862,True,0,0.0
LH_351,351,0.20000,/home/ml/thesis-camels/data/raw/CAMELS_SIMBA_1000U/LH_351_hlist_0.20000.list,PASS,,8493,8493,True,0,0.0
LH_351,351,0.25000,/home/ml/thesis-camels/data/raw/CAMELS_SIMBA_1000U/LH_351_hlist_0.25000.list,PASS,,8994,8994,True,0,0.0
LH_351,351,0.51209,/home/ml/thesis-camels/data/raw/CAMELS_SIMBA_1000U/LH_351_hlist_0.51209.list,PASS,,7722,7722,True,0,0.0
LH_351,351,0.75065,/home/ml/thesis-camels/data/raw/CAMELS_SIMBA_1000U/LH_351_hlist_0.75065.list,PASS,,6531,6531,True,0,0.0
LH_351,351,1.00000,/home/ml/thesis-camels/data/raw/CAMELS_SIMBA_1000U/LH_351_hlist_1.00000.list,PASS,,6120,6120,True,0,0.0
LH_352,352,0.20000,/home/ml/thesis-camels/data/raw/CAMELS_SIMBA_1000U/LH_352_hlist_0.20000.list,PASS,,7257,7257,True,0,0.0
LH_352,352,0.25000,/home/ml/thesis-camels/data/raw/CAMELS_SIMBA_1000U/LH_352_hlist_0.25000.list,PASS,,8116,8116,True,0,0.0
LH_352,352,0.51209,/home/ml/thesis-camels/data/raw/CAMELS_SIMBA_1000U/LH_352_hlist_0.51209.list,PASS,,7505,7505,True,0,0.0
LH_352,352,0.75065,/home/ml/thesis-camels/data/raw/CAMELS_SIMBA_1000U/LH_352_hlist_0.75065.list,PASS,,6261,6261,True,0,0.0
LH_352,352,1.00000,/home/ml/thesis-camels/data/raw/CAMELS_SIMBA_1000U/LH_352_hlist_1.00000.list,PASS,,6110,6110,True,0,0.0
LH_353,353,0.20000,/home/ml/thesis-camels/data/raw/CAMELS_SIMBA_1000U/LH_353_hlist_0.20000.list,PASS,,6019,6019,True,0,0.0
LH_353,353,0.25000,/home/ml/thesis-camels/data/raw/CAMELS_SIMBA_1000U/LH_353_hlist_0.25000.list,PASS,,7169,7169,True,0,0.0
LH_353,353,0.51209,/home/ml/thesis-camels/data/raw/CAMELS_SIMBA_1000U/LH_353_hlist_0.51209.list,PASS,,7542,7542,True,0,0.0
LH_353,353,0.75065,/home/ml/thesis-camels/data/raw/CAMELS_SIMBA_1000U/LH_353_hlist_0.75065.list,PASS,,6826,6826,True,0,0.0
LH_353,353,1.00000,/home/ml/thesis-camels/data/raw/CAMELS_SIMBA_1000U/LH_353_hlist_1.00000.list,PASS,,6620,6620,True,0,0.0
LH_354,354,0.20000,/home/ml/thesis-camels/data/raw/CAMELS_SIMBA_1000U/LH_354_hlist_0.20000.list,PASS,,6487,6487,True,0,0.0
LH_354,354,0.25000,/home/ml/thesis-camels/data/raw/CAMELS_SIMBA_1000U/LH_354_hlist_0.25000.list,PASS,,7583,7583,True,0,0.0
LH_354,354,0.51209,/home/ml/thesis-camels/data/raw/CAMELS_SIMBA_1000U/LH_354_hlist_0.51209.list,PASS,,7832,7832,True,0,0.0
LH_354,354,0.75065,/home/ml/thesis-camels/data/raw/CAMELS_SIMBA_1000U/LH_354_hlist_0.75065.list,PASS,,6849,6849,True,0,0.0
LH_354,354,1.00000,/home/ml/thesis-camels/data/raw/CAMELS_SIMBA_1000U/LH_354_hlist_1.00000.list,PASS,,6630,6630,True,0,0.0
LH_355,355,0.20000,/home/ml/thesis-camels/data/raw/CAMELS_SIMBA_1000U/LH_355_hlist_0.20000.list,PASS,,778,778,False,722,48.13333333333333
LH_355,355,0.25000,/home/ml/thesis-camels/data/raw/CAMELS_SIMBA_1000U/LH_355_hlist_0.25000.list,PASS,,1999,1999,True,0,0.0
LH_355,355,0.51209,/home/ml/thesis-camels/data/raw/CAMELS_SIMBA_1000U/LH_355_hlist_0.51209.list,PASS,,5240,5240,True,0,0.0
LH_355,355,0.75065,/home/ml/thesis-camels/data/raw/CAMELS_SIMBA_1000U/LH_355_hlist_0.75065.list,PASS,,5664,5664,True,0,0.0
LH_355,355,1.00000,/home/ml/thesis-camels/data/raw/CAMELS_SIMBA_1000U/LH_355_hlist_1.00000.list,PASS,,6084,6084,True,0,0.0
LH_356,356,0.20000,/home/ml/thesis-camels/data/raw/CAMELS_SIMBA_1000U/LH_356_hlist_0.20000.list,PASS,,918,918,False,582,38.8
LH_356,356,0.25000,/home/ml/thesis-camels/data/raw/CAMELS_SIMBA_1000U/LH_356_hlist_0.25000.list,PASS,,2435,2435,True,0,0.0
LH_356,356,0.51209,/home/ml/thesis-camels/data/raw/CAMELS_SIMBA_1000U/LH_356_hlist_0.51209.list,PASS,,5462,5462,True,0,0.0
LH_356,356,0.75065,/home/ml/thesis-camels/data/raw/CAMELS_SIMBA_1000U/LH_356_hlist_0.75065.list,PASS,,5778,5778,True,0,0.0
LH_356,356,1.00000,/home/ml/thesis-camels/data/raw/CAMELS_SIMBA_1000U/LH_356_hlist_1.00000.list,PASS,,6309,6309,True,0,0.0
LH_357,357,0.20000,/home/ml/thesis-camels/data/raw/CAMELS_SIMBA_1000U/LH_357_hlist_0.20000.list,PASS,,4738,4738,True,0,0.0
LH_357,357,0.25000,/home/ml/thesis-camels/data/raw/CAMELS_SIMBA_1000U/LH_357_hlist_0.25000.list,PASS,,6341,6341,True,0,0.0
LH_357,357,0.51209,/home/ml/thesis-camels/data/raw/CAMELS_SIMBA_1000U/LH_357_hlist_0.51209.list,PASS,,8151,8151,True,0,0.0
LH_357,357,0.75065,/home/ml/thesis-camels/data/raw/CAMELS_SIMBA_1000U/LH_357_hlist_0.75065.list,PASS,,7276,7276,True,0,0.0
LH_357,357,1.00000,/home/ml/thesis-camels/data/raw/CAMELS_SIMBA_1000U/LH_357_hlist_1.00000.list,PASS,,7067,7067,True,0,0.0
LH_358,358,0.20000,/home/ml/thesis-camels/data/raw/CAMELS_SIMBA_1000U/LH_358_hlist_0.20000.list,PASS,,3373,3373,True,0,0.0
LH_358,358,0.25000,/home/ml/thesis-camels/data/raw/CAMELS_SIMBA_1000U/LH_358_hlist_0.25000.list,PASS,,4975,4975,True,0,0.0
LH_358,358,0.51209,/home/ml/thesis-camels/data/raw/CAMELS_SIMBA_1000U/LH_358_hlist_0.51209.list,PASS,,6862,6862,True,0,0.0
LH_358,358,0.75065,/home/ml/thesis-camels/data/raw/CAMELS_SIMBA_1000U/LH_358_hlist_0.75065.list,PASS,,6462,6462,True,0,0.0
LH_358,358,1.00000,/home/ml/thesis-camels/data/raw/CAMELS_SIMBA_1000U/LH_358_hlist_1.00000.list,PASS,,6630,6630,True,0,0.0
LH_359,359,0.20000,/home/ml/thesis-camels/data/raw/CAMELS_SIMBA_1000U/LH_359_hlist_0.20000.list,PASS,,5890,5890,True,0,0.0
LH_359,359,0.25000,/home/ml/thesis-camels/data/raw/CAMELS_SIMBA_1000U/LH_359_hlist_0.25000.list,PASS,,6726,6726,True,0,0.0
LH_359,359,0.51209,/home/ml/thesis-camels/data/raw/CAMELS_SIMBA_1000U/LH_359_hlist_0.51209.list,PASS,,6463,6463,True,0,0.0
LH_359,359,0.75065,/home/ml/thesis-camels/data/raw/CAMELS_SIMBA_1000U/LH_359_hlist_0.75065.list,PASS,,5794,5794,True,0,0.0
LH_359,359,1.00000,/home/ml/thesis-camels/data/raw/CAMELS_SIMBA_1000U/LH_359_hlist_1.00000.list,PASS,,5824,5824,True,0,0.0
LH_360,360,0.20000,/home/ml/thesis-camels/data/raw/CAMELS_SIMBA_1000U/LH_360_hlist_0.20000.list,PASS,,3311,3311,True,0,0.0
LH_360,360,0.25000,/home/ml/thesis-camels/data/raw/CAMELS_SIMBA_1000U/LH_360_hlist_0.25000.list,PASS,,4392,4392,True,0,0.0
LH_360,360,0.51209,/home/ml/thesis-camels/data/raw/CAMELS_SIMBA_1000U/LH_360_hlist_0.51209.list,PASS,,5032,5032,True,0,0.0
LH_360,360,0.75065,/home/ml/thesis-camels/data/raw/CAMELS_SIMBA_1000U/LH_360_hlist_0.75065.list,PASS,,5203,5203,True,0,0.0
LH_360,360,1.00000,/home/ml/thesis-camels/data/raw/CAMELS_SIMBA_1000U/LH_360_hlist_1.00000.list,PASS,,5526,5526,True,0,0.0
LH_361,361,0.20000,/home/ml/thesis-camels/data/raw/CAMELS_SIMBA_1000U/LH_361_hlist_0.20000.list,PASS,,8459,8459,True,0,0.0
LH_361,361,0.25000,/home/ml/thesis-camels/data/raw/CAMELS_SIMBA_1000U/LH_361_hlist_0.25000.list,PASS,,9043,9043,True,0,0.0
LH_361,361,0.51209,/home/ml/thesis-camels/data/raw/CAMELS_SIMBA_1000U/LH_361_hlist_0.51209.list,PASS,,8026,8026,True,0,0.0
LH_361,361,0.75065,/home/ml/thesis-camels/data/raw/CAMELS_SIMBA_1000U/LH_361_hlist_0.75065.list,PASS,,6572,6572,True,0,0.0
LH_361,361,1.00000,/home/ml/thesis-camels/data/raw/CAMELS_SIMBA_1000U/LH_361_hlist_1.00000.list,PASS,,5968,5968,True,0,0.0
LH_362,362,0.20000,/home/ml/thesis-camels/data/raw/CAMELS_SIMBA_1000U/LH_362_hlist_0.20000.list,PASS,,6265,6265,True,0,0.0
LH_362,362,0.25000,/home/ml/thesis-camels/data/raw/CAMELS_SIMBA_1000U/LH_362_hlist_0.25000.list,PASS,,7583,7583,True,0,0.0
LH_362,362,0.51209,/home/ml/thesis-camels/data/raw/CAMELS_SIMBA_1000U/LH_362_hlist_0.51209.list,PASS,,8175,8175,True,0,0.0
LH_362,362,0.75065,/home/ml/thesis-camels/data/raw/CAMELS_SIMBA_1000U/LH_362_hlist_0.75065.list,PASS,,7118,7118,True,0,0.0
LH_362,362,1.00000,/home/ml/thesis-camels/data/raw/CAMELS_SIMBA_1000U/LH_362_hlist_1.00000.list,PASS,,6798,6798,True,0,0.0
LH_363,363,0.20000,/home/ml/thesis-camels/data/raw/CAMELS_SIMBA_1000U/LH_363_hlist_0.20000.list,PASS,,7168,7168,True,0,0.0
LH_363,363,0.25000,/home/ml/thesis-camels/data/raw/CAMELS_SIMBA_1000U/LH_363_hlist_0.25000.list,PASS,,8323,8323,True,0,0.0
LH_363,363,0.51209,/home/ml/thesis-camels/data/raw/CAMELS_SIMBA_1000U/LH_363_hlist_0.51209.list,PASS,,8364,8364,True,0,0.0
LH_363,363,0.75065,/home/ml/thesis-camels/data/raw/CAMELS_SIMBA_1000U/LH_363_hlist_0.75065.list,PASS,,7064,7064,True,0,0.0
LH_363,363,1.00000,/home/ml/thesis-camels/data/raw/CAMELS_SIMBA_1000U/LH_363_hlist_1.00000.list,PASS,,6502,6502,True,0,0.0
LH_364,364,0.20000,/home/ml/thesis-camels/data/raw/CAMELS_SIMBA_1000U/LH_364_hlist_0.20000.list,PASS,,3834,3834,True,0,0.0
LH_364,364,0.25000,/home/ml/thesis-camels/data/raw/CAMELS_SIMBA_1000U/LH_364_hlist_0.25000.list,PASS,,5659,5659,True,0,0.0
LH_364,364,0.51209,/home/ml/thesis-camels/data/raw/CAMELS_SIMBA_1000U/LH_364_hlist_0.51209.list,PASS,,8149,8149,True,0,0.0
LH_364,364,0.75065,/home/ml/thesis-camels/data/raw/CAMELS_SIMBA_1000U/LH_364_hlist_0.75065.list,PASS,,7503,7503,True,0,0.0
LH_364,364,1.00000,/home/ml/thesis-camels/data/raw/CAMELS_SIMBA_1000U/LH_364_hlist_1.00000.list,PASS,,7379,7379,True,0,0.0
LH_365,365,0.20000,/home/ml/thesis-camels/data/raw/CAMELS_SIMBA_1000U/LH_365_hlist_0.20000.list,PASS,,5845,5845,True,0,0.0
LH_365,365,0.25000,/home/ml/thesis-camels/data/raw/CAMELS_SIMBA_1000U/LH_365_hlist_0.25000.list,PASS,,7144,7144,True,0,0.0
LH_365,365,0.51209,/home/ml/thesis-camels/data/raw/CAMELS_SIMBA_1000U/LH_365_hlist_0.51209.list,PASS,,7932,7932,True,0,0.0
LH_365,365,0.75065,/home/ml/thesis-camels/data/raw/CAMELS_SIMBA_1000U/LH_365_hlist_0.75065.list,PASS,,6977,6977,True,0,0.0
LH_365,365,1.00000,/home/ml/thesis-camels/data/raw/CAMELS_SIMBA_1000U/LH_365_hlist_1.00000.list,PASS,,6751,6751,True,0,0.0
LH_366,366,0.20000,/home/ml/thesis-camels/data/raw/CAMELS_SIMBA_1000U/LH_366_hlist_0.20000.list,PASS,,6000,6000,True,0,0.0
LH_366,366,0.25000,/home/ml/thesis-camels/data/raw/CAMELS_SIMBA_1000U/LH_366_hlist_0.25000.list,PASS,,7313,7313,True,0,0.0
LH_366,366,0.51209,/home/ml/thesis-camels/data/raw/CAMELS_SIMBA_1000U/LH_366_hlist_0.51209.list,PASS,,7792,7792,True,0,0.0
LH_366,366,0.75065,/home/ml/thesis-camels/data/raw/CAMELS_SIMBA_1000U/LH_366_hlist_0.75065.list,PASS,,6829,6829,True,0,0.0
LH_366,366,1.00000,/home/ml/thesis-camels/data/raw/CAMELS_SIMBA_1000U/LH_366_hlist_1.00000.list,PASS,,6762,6762,True,0,0.0
LH_367,367,0.20000,/home/ml/thesis-camels/data/raw/CAMELS_SIMBA_1000U/LH_367_hlist_0.20000.list,PASS,,4349,4349,True,0,0.0
LH_367,367,0.25000,/home/ml/thesis-camels/data/raw/CAMELS_SIMBA_1000U/LH_367_hlist_0.25000.list,PASS,,5949,5949,True,0,0.0
LH_367,367,0.51209,/home/ml/thesis-camels/data/raw/CAMELS_SIMBA_1000U/LH_367_hlist_0.51209.list,PASS,,8013,8013,True,0,0.0
LH_367,367,0.75065,/home/ml/thesis-camels/data/raw/CAMELS_SIMBA_1000U/LH_367_hlist_0.75065.list,PASS,,7145,7145,True,0,0.0
LH_367,367,1.00000,/home/ml/thesis-camels/data/raw/CAMELS_SIMBA_1000U/LH_367_hlist_1.00000.list,PASS,,6956,6956,True,0,0.0
LH_368,368,0.20000,/home/ml/thesis-camels/data/raw/CAMELS_SIMBA_1000U/LH_368_hlist_0.20000.list,PASS,,6065,6065,True,0,0.0
LH_368,368,0.25000,/home/ml/thesis-camels/data/raw/CAMELS_SIMBA_1000U/LH_368_hlist_0.25000.list,PASS,,7408,7408,True,0,0.0
LH_368,368,0.51209,/home/ml/thesis-camels/data/raw/CAMELS_SIMBA_1000U/LH_368_hlist_0.51209.list,PASS,,8090,8090,True,0,0.0
LH_368,368,0.75065,/home/ml/thesis-camels/data/raw/CAMELS_SIMBA_1000U/LH_368_hlist_0.75065.list,PASS,,7265,7265,True,0,0.0
LH_368,368,1.00000,/home/ml/thesis-camels/data/raw/CAMELS_SIMBA_1000U/LH_368_hlist_1.00000.list,PASS,,7004,7004,True,0,0.0
LH_369,369,0.20000,/home/ml/thesis-camels/data/raw/CAMELS_SIMBA_1000U/LH_369_hlist_0.20000.list,PASS,,6857,6857,True,0,0.0
LH_369,369,0.25000,/home/ml/thesis-camels/data/raw/CAMELS_SIMBA_1000U/LH_369_hlist_0.25000.list,PASS,,7578,7578,True,0,0.0
LH_369,369,0.51209,/home/ml/thesis-camels/data/raw/CAMELS_SIMBA_1000U/LH_369_hlist_0.51209.list,PASS,,6852,6852,True,0,0.0
LH_369,369,0.75065,/home/ml/thesis-camels/data/raw/CAMELS_SIMBA_1000U/LH_369_hlist_0.75065.list,PASS,,6051,6051,True,0,0.0
LH_369,369,1.00000,/home/ml/thesis-camels/data/raw/CAMELS_SIMBA_1000U/LH_369_hlist_1.00000.list,PASS,,5922,5922,True,0,0.0
LH_370,370,0.20000,/home/ml/thesis-camels/data/raw/CAMELS_SIMBA_1000U/LH_370_hlist_0.20000.list,PASS,,821,821,False,679,45.266666666666666
LH_370,370,0.25000,/home/ml/thesis-camels/data/raw/CAMELS_SIMBA_1000U/LH_370_hlist_0.25000.list,PASS,,2069,2069,True,0,0.0
LH_370,370,0.51209,/home/ml/thesis-camels/data/raw/CAMELS_SIMBA_1000U/LH_370_hlist_0.51209.list,PASS,,4824,4824,True,0,0.0
LH_370,370,0.75065,/home/ml/thesis-camels/data/raw/CAMELS_SIMBA_1000U/LH_370_hlist_0.75065.list,PASS,,5353,5353,True,0,0.0
LH_370,370,1.00000,/home/ml/thesis-camels/data/raw/CAMELS_SIMBA_1000U/LH_370_hlist_1.00000.list,PASS,,5875,5875,True,0,0.0
LH_371,371,0.20000,/home/ml/thesis-camels/data/raw/CAMELS_SIMBA_1000U/LH_371_hlist_0.20000.list,PASS,,6850,6850,True,0,0.0
LH_371,371,0.25000,/home/ml/thesis-camels/data/raw/CAMELS_SIMBA_1000U/LH_371_hlist_0.25000.list,PASS,,7779,7779,True,0,0.0
LH_371,371,0.51209,/home/ml/thesis-camels/data/raw/CAMELS_SIMBA_1000U/LH_371_hlist_0.51209.list,PASS,,7795,7795,True,0,0.0
LH_371,371,0.75065,/home/ml/thesis-camels/data/raw/CAMELS_SIMBA_1000U/LH_371_hlist_0.75065.list,PASS,,6722,6722,True,0,0.0
LH_371,371,1.00000,/home/ml/thesis-camels/data/raw/CAMELS_SIMBA_1000U/LH_371_hlist_1.00000.list,PASS,,6525,6525,True,0,0.0
LH_372,372,0.20000,/home/ml/thesis-camels/data/raw/CAMELS_SIMBA_1000U/LH_372_hlist_0.20000.list,PASS,,6019,6019,True,0,0.0
LH_372,372,0.25000,/home/ml/thesis-camels/data/raw/CAMELS_SIMBA_1000U/LH_372_hlist_0.25000.list,PASS,,6812,6812,True,0,0.0
LH_372,372,0.51209,/home/ml/thesis-camels/data/raw/CAMELS_SIMBA_1000U/LH_372_hlist_0.51209.list,PASS,,6101,6101,True,0,0.0
LH_372,372,0.75065,/home/ml/thesis-camels/data/raw/CAMELS_SIMBA_1000U/LH_372_hlist_0.75065.list,PASS,,5425,5425,True,0,0.0
LH_372,372,1.00000,/home/ml/thesis-camels/data/raw/CAMELS_SIMBA_1000U/LH_372_hlist_1.00000.list,PASS,,5484,5484,True,0,0.0
LH_373,373,0.20000,/home/ml/thesis-camels/data/raw/CAMELS_SIMBA_1000U/LH_373_hlist_0.20000.list,PASS,,3888,3888,True,0,0.0
LH_373,373,0.25000,/home/ml/thesis-camels/data/raw/CAMELS_SIMBA_1000U/LH_373_hlist_0.25000.list,PASS,,5046,5046,True,0,0.0
LH_373,373,0.51209,/home/ml/thesis-camels/data/raw/CAMELS_SIMBA_1000U/LH_373_hlist_0.51209.list,PASS,,5662,5662,True,0,0.0
LH_373,373,0.75065,/home/ml/thesis-camels/data/raw/CAMELS_SIMBA_1000U/LH_373_hlist_0.75065.list,PASS,,5307,5307,True,0,0.0
LH_373,373,1.00000,/home/ml/thesis-camels/data/raw/CAMELS_SIMBA_1000U/LH_373_hlist_1.00000.list,PASS,,5557,5557,True,0,0.0
LH_374,374,0.20000,/home/ml/thesis-camels/data/raw/CAMELS_SIMBA_1000U/LH_374_hlist_0.20000.list,PASS,,6536,6536,True,0,0.0
LH_374,374,0.25000,/home/ml/thesis-camels/data/raw/CAMELS_SIMBA_1000U/LH_374_hlist_0.25000.list,PASS,,7546,7546,True,0,0.0
LH_374,374,0.51209,/home/ml/thesis-camels/data/raw/CAMELS_SIMBA_1000U/LH_374_hlist_0.51209.list,PASS,,7401,7401,True,0,0.0
LH_374,374,0.75065,/home/ml/thesis-camels/data/raw/CAMELS_SIMBA_1000U/LH_374_hlist_0.75065.list,PASS,,6529,6529,True,0,0.0
LH_374,374,1.00000,/home/ml/thesis-camels/data/raw/CAMELS_SIMBA_1000U/LH_374_hlist_1.00000.list,PASS,,6366,6366,True,0,0.0
LH_375,375,0.20000,/home/ml/thesis-camels/data/raw/CAMELS_SIMBA_1000U/LH_375_hlist_0.20000.list,PASS,,8158,8158,True,0,0.0
LH_375,375,0.25000,/home/ml/thesis-camels/data/raw/CAMELS_SIMBA_1000U/LH_375_hlist_0.25000.list,PASS,,8777,8777,True,0,0.0
LH_375,375,0.51209,/home/ml/thesis-camels/data/raw/CAMELS_SIMBA_1000U/LH_375_hlist_0.51209.list,PASS,,7163,7163,True,0,0.0
LH_375,375,0.75065,/home/ml/thesis-camels/data/raw/CAMELS_SIMBA_1000U/LH_375_hlist_0.75065.list,PASS,,6058,6058,True,0,0.0
LH_375,375,1.00000,/home/ml/thesis-camels/data/raw/CAMELS_SIMBA_1000U/LH_375_hlist_1.00000.list,PASS,,5750,5750,True,0,0.0
LH_376,376,0.20000,/home/ml/thesis-camels/data/raw/CAMELS_SIMBA_1000U/LH_376_hlist_0.20000.list,PASS,,3601,3601,True,0,0.0
LH_376,376,0.25000,/home/ml/thesis-camels/data/raw/CAMELS_SIMBA_1000U/LH_376_hlist_0.25000.list,PASS,,4791,4791,True,0,0.0
LH_376,376,0.51209,/home/ml/thesis-camels/data/raw/CAMELS_SIMBA_1000U/LH_376_hlist_0.51209.list,PASS,,5949,5949,True,0,0.0
LH_376,376,0.75065,/home/ml/thesis-camels/data/raw/CAMELS_SIMBA_1000U/LH_376_hlist_0.75065.list,PASS,,5796,5796,True,0,0.0
LH_376,376,1.00000,/home/ml/thesis-camels/data/raw/CAMELS_SIMBA_1000U/LH_376_hlist_1.00000.list,PASS,,6113,6113,True,0,0.0
LH_377,377,0.20000,/home/ml/thesis-camels/data/raw/CAMELS_SIMBA_1000U/LH_377_hlist_0.20000.list,PASS,,4896,4896,True,0,0.0
LH_377,377,0.25000,/home/ml/thesis-camels/data/raw/CAMELS_SIMBA_1000U/LH_377_hlist_0.25000.list,PASS,,5780,5780,True,0,0.0
LH_377,377,0.51209,/home/ml/thesis-camels/data/raw/CAMELS_SIMBA_1000U/LH_377_hlist_0.51209.list,PASS,,5985,5985,True,0,0.0
LH_377,377,0.75065,/home/ml/thesis-camels/data/raw/CAMELS_SIMBA_1000U/LH_377_hlist_0.75065.list,PASS,,5680,5680,True,0,0.0
LH_377,377,1.00000,/home/ml/thesis-camels/data/raw/CAMELS_SIMBA_1000U/LH_377_hlist_1.00000.list,PASS,,5870,5870,True,0,0.0
LH_378,378,0.20000,/home/ml/thesis-camels/data/raw/CAMELS_SIMBA_1000U/LH_378_hlist_0.20000.list,PASS,,3211,3211,True,0,0.0
LH_378,378,0.25000,/home/ml/thesis-camels/data/raw/CAMELS_SIMBA_1000U/LH_378_hlist_0.25000.list,PASS,,4152,4152,True,0,0.0
LH_378,378,0.51209,/home/ml/thesis-camels/data/raw/CAMELS_SIMBA_1000U/LH_378_hlist_0.51209.list,PASS,,4316,4316,True,0,0.0
LH_378,378,0.75065,/home/ml/thesis-camels/data/raw/CAMELS_SIMBA_1000U/LH_378_hlist_0.75065.list,PASS,,4445,4445,True,0,0.0
LH_378,378,1.00000,/home/ml/thesis-camels/data/raw/CAMELS_SIMBA_1000U/LH_378_hlist_1.00000.list,PASS,,4802,4802,True,0,0.0
LH_379,379,0.20000,/home/ml/thesis-camels/data/raw/CAMELS_SIMBA_1000U/LH_379_hlist_0.20000.list,PASS,,2861,2861,True,0,0.0
LH_379,379,0.25000,/home/ml/thesis-camels/data/raw/CAMELS_SIMBA_1000U/LH_379_hlist_0.25000.list,PASS,,4422,4422,True,0,0.0
LH_379,379,0.51209,/home/ml/thesis-camels/data/raw/CAMELS_SIMBA_1000U/LH_379_hlist_0.51209.list,PASS,,7301,7301,True,0,0.0
LH_379,379,0.75065,/home/ml/thesis-camels/data/raw/CAMELS_SIMBA_1000U/LH_379_hlist_0.75065.list,PASS,,7254,7254,True,0,0.0
LH_379,379,1.00000,/home/ml/thesis-camels/data/raw/CAMELS_SIMBA_1000U/LH_379_hlist_1.00000.list,PASS,,7478,7478,True,0,0.0
LH_380,380,0.20000,/home/ml/thesis-camels/data/raw/CAMELS_SIMBA_1000U/LH_380_hlist_0.20000.list,PASS,,6740,6740,True,0,0.0
LH_380,380,0.25000,/home/ml/thesis-camels/data/raw/CAMELS_SIMBA_1000U/LH_380_hlist_0.25000.list,PASS,,8005,8005,True,0,0.0
LH_380,380,0.51209,/home/ml/thesis-camels/data/raw/CAMELS_SIMBA_1000U/LH_380_hlist_0.51209.list,PASS,,8065,8065,True,0,0.0
LH_380,380,0.75065,/home/ml/thesis-camels/data/raw/CAMELS_SIMBA_1000U/LH_380_hlist_0.75065.list,PASS,,6796,6796,True,0,0.0
LH_380,380,1.00000,/home/ml/thesis-camels/data/raw/CAMELS_SIMBA_1000U/LH_380_hlist_1.00000.list,PASS,,6398,6398,True,0,0.0
LH_381,381,0.20000,/home/ml/thesis-camels/data/raw/CAMELS_SIMBA_1000U/LH_381_hlist_0.20000.list,PASS,,6200,6200,True,0,0.0
LH_381,381,0.25000,/home/ml/thesis-camels/data/raw/CAMELS_SIMBA_1000U/LH_381_hlist_0.25000.list,PASS,,7471,7471,True,0,0.0
LH_381,381,0.51209,/home/ml/thesis-camels/data/raw/CAMELS_SIMBA_1000U/LH_381_hlist_0.51209.list,PASS,,8148,8148,True,0,0.0
LH_381,381,0.75065,/home/ml/thesis-camels/data/raw/CAMELS_SIMBA_1000U/LH_381_hlist_0.75065.list,PASS,,7177,7177,True,0,0.0
LH_381,381,1.00000,/home/ml/thesis-camels/data/raw/CAMELS_SIMBA_1000U/LH_381_hlist_1.00000.list,PASS,,6820,6820,True,0,0.0
LH_382,382,0.20000,/home/ml/thesis-camels/data/raw/CAMELS_SIMBA_1000U/LH_382_hlist_0.20000.list,PASS,,4667,4667,True,0,0.0
LH_382,382,0.25000,/home/ml/thesis-camels/data/raw/CAMELS_SIMBA_1000U/LH_382_hlist_0.25000.list,PASS,,6356,6356,True,0,0.0
LH_382,382,0.51209,/home/ml/thesis-camels/data/raw/CAMELS_SIMBA_1000U/LH_382_hlist_0.51209.list,PASS,,8458,8458,True,0,0.0
LH_382,382,0.75065,/home/ml/thesis-camels/data/raw/CAMELS_SIMBA_1000U/LH_382_hlist_0.75065.list,PASS,,7572,7572,True,0,0.0
LH_382,382,1.00000,/home/ml/thesis-camels/data/raw/CAMELS_SIMBA_1000U/LH_382_hlist_1.00000.list,PASS,,7375,7375,True,0,0.0
LH_383,383,0.20000,/home/ml/thesis-camels/data/raw/CAMELS_SIMBA_1000U/LH_383_hlist_0.20000.list,PASS,,8218,8218,True,0,0.0
LH_383,383,0.25000,/home/ml/thesis-camels/data/raw/CAMELS_SIMBA_1000U/LH_383_hlist_0.25000.list,PASS,,8750,8750,True,0,0.0
LH_383,383,0.51209,/home/ml/thesis-camels/data/raw/CAMELS_SIMBA_1000U/LH_383_hlist_0.51209.list,PASS,,7240,7240,True,0,0.0
LH_383,383,0.75065,/home/ml/thesis-camels/data/raw/CAMELS_SIMBA_1000U/LH_383_hlist_0.75065.list,PASS,,6172,6172,True,0,0.0
LH_383,383,1.00000,/home/ml/thesis-camels/data/raw/CAMELS_SIMBA_1000U/LH_383_hlist_1.00000.list,PASS,,6031,6031,True,0,0.0
LH_384,384,0.20000,/home/ml/thesis-camels/data/raw/CAMELS_SIMBA_1000U/LH_384_hlist_0.20000.list,PASS,,2653,2653,True,0,0.0
LH_384,384,0.25000,/home/ml/thesis-camels/data/raw/CAMELS_SIMBA_1000U/LH_384_hlist_0.25000.list,PASS,,4416,4416,True,0,0.0
LH_384,384,0.51209,/home/ml/thesis-camels/data/raw/CAMELS_SIMBA_1000U/LH_384_hlist_0.51209.list,PASS,,7217,7217,True,0,0.0
LH_384,384,0.75065,/home/ml/thesis-camels/data/raw/CAMELS_SIMBA_1000U/LH_384_hlist_0.75065.list,PASS,,7021,7021,True,0,0.0
LH_384,384,1.00000,/home/ml/thesis-camels/data/raw/CAMELS_SIMBA_1000U/LH_384_hlist_1.00000.list,PASS,,7320,7320,True,0,0.0
LH_385,385,0.20000,/home/ml/thesis-camels/data/raw/CAMELS_SIMBA_1000U/LH_385_hlist_0.20000.list,PASS,,1402,1402,False,98,6.533333333333333
LH_385,385,0.25000,/home/ml/thesis-camels/data/raw/CAMELS_SIMBA_1000U/LH_385_hlist_0.25000.list,PASS,,2939,2939,True,0,0.0
LH_385,385,0.51209,/home/ml/thesis-camels/data/raw/CAMELS_SIMBA_1000U/LH_385_hlist_0.51209.list,PASS,,6115,6115,True,0,0.0
LH_385,385,0.75065,/home/ml/thesis-camels/data/raw/CAMELS_SIMBA_1000U/LH_385_hlist_0.75065.list,PASS,,6279,6279,True,0,0.0
LH_385,385,1.00000,/home/ml/thesis-camels/data/raw/CAMELS_SIMBA_1000U/LH_385_hlist_1.00000.list,PASS,,6810,6810,True,0,0.0
LH_386,386,0.20000,/home/ml/thesis-camels/data/raw/CAMELS_SIMBA_1000U/LH_386_hlist_0.20000.list,PASS,,5027,5027,True,0,0.0
LH_386,386,0.25000,/home/ml/thesis-camels/data/raw/CAMELS_SIMBA_1000U/LH_386_hlist_0.25000.list,PASS,,6477,6477,True,0,0.0
LH_386,386,0.51209,/home/ml/thesis-camels/data/raw/CAMELS_SIMBA_1000U/LH_386_hlist_0.51209.list,PASS,,6661,6661,True,0,0.0
LH_386,386,0.75065,/home/ml/thesis-camels/data/raw/CAMELS_SIMBA_1000U/LH_386_hlist_0.75065.list,PASS,,5853,5853,True,0,0.0
LH_386,386,1.00000,/home/ml/thesis-camels/data/raw/CAMELS_SIMBA_1000U/LH_386_hlist_1.00000.list,PASS,,5979,5979,True,0,0.0
LH_387,387,0.20000,/home/ml/thesis-camels/data/raw/CAMELS_SIMBA_1000U/LH_387_hlist_0.20000.list,PASS,,6794,6794,True,0,0.0
LH_387,387,0.25000,/home/ml/thesis-camels/data/raw/CAMELS_SIMBA_1000U/LH_387_hlist_0.25000.list,PASS,,7879,7879,True,0,0.0
LH_387,387,0.51209,/home/ml/thesis-camels/data/raw/CAMELS_SIMBA_1000U/LH_387_hlist_0.51209.list,PASS,,7596,7596,True,0,0.0
LH_387,387,0.75065,/home/ml/thesis-camels/data/raw/CAMELS_SIMBA_1000U/LH_387_hlist_0.75065.list,PASS,,6661,6661,True,0,0.0
LH_387,387,1.00000,/home/ml/thesis-camels/data/raw/CAMELS_SIMBA_1000U/LH_387_hlist_1.00000.list,PASS,,6281,6281,True,0,0.0
LH_388,388,0.20000,/home/ml/thesis-camels/data/raw/CAMELS_SIMBA_1000U/LH_388_hlist_0.20000.list,PASS,,3890,3890,True,0,0.0
LH_388,388,0.25000,/home/ml/thesis-camels/data/raw/CAMELS_SIMBA_1000U/LH_388_hlist_0.25000.list,PASS,,5111,5111,True,0,0.0
LH_388,388,0.51209,/home/ml/thesis-camels/data/raw/CAMELS_SIMBA_1000U/LH_388_hlist_0.51209.list,PASS,,5805,5805,True,0,0.0
LH_388,388,0.75065,/home/ml/thesis-camels/data/raw/CAMELS_SIMBA_1000U/LH_388_hlist_0.75065.list,PASS,,5779,5779,True,0,0.0
LH_388,388,1.00000,/home/ml/thesis-camels/data/raw/CAMELS_SIMBA_1000U/LH_388_hlist_1.00000.list,PASS,,5994,5994,True,0,0.0
LH_389,389,0.20000,/home/ml/thesis-camels/data/raw/CAMELS_SIMBA_1000U/LH_389_hlist_0.20000.list,PASS,,2116,2116,True,0,0.0
LH_389,389,0.25000,/home/ml/thesis-camels/data/raw/CAMELS_SIMBA_1000U/LH_389_hlist_0.25000.list,PASS,,3543,3543,True,0,0.0
LH_389,389,0.51209,/home/ml/thesis-camels/data/raw/CAMELS_SIMBA_1000U/LH_389_hlist_0.51209.list,PASS,,5940,5940,True,0,0.0
LH_389,389,0.75065,/home/ml/thesis-camels/data/raw/CAMELS_SIMBA_1000U/LH_389_hlist_0.75065.list,PASS,,5990,5990,True,0,0.0
LH_389,389,1.00000,/home/ml/thesis-camels/data/raw/CAMELS_SIMBA_1000U/LH_389_hlist_1.00000.list,PASS,,6451,6451,True,0,0.0
LH_390,390,0.20000,/home/ml/thesis-camels/data/raw/CAMELS_SIMBA_1000U/LH_390_hlist_0.20000.list,PASS,,6653,6653,True,0,0.0
LH_390,390,0.25000,/home/ml/thesis-camels/data/raw/CAMELS_SIMBA_1000U/LH_390_hlist_0.25000.list,PASS,,7477,7477,True,0,0.0
LH_390,390,0.51209,/home/ml/thesis-camels/data/raw/CAMELS_SIMBA_1000U/LH_390_hlist_0.51209.list,PASS,,7250,7250,True,0,0.0
LH_390,390,0.75065,/home/ml/thesis-camels/data/raw/CAMELS_SIMBA_1000U/LH_390_hlist_0.75065.list,PASS,,6372,6372,True,0,0.0
LH_390,390,1.00000,/home/ml/thesis-camels/data/raw/CAMELS_SIMBA_1000U/LH_390_hlist_1.00000.list,PASS,,6280,6280,True,0,0.0
LH_391,391,0.20000,/home/ml/thesis-camels/data/raw/CAMELS_SIMBA_1000U/LH_391_hlist_0.20000.list,PASS,,5054,5054,True,0,0.0
LH_391,391,0.25000,/home/ml/thesis-camels/data/raw/CAMELS_SIMBA_1000U/LH_391_hlist_0.25000.list,PASS,,6269,6269,True,0,0.0
LH_391,391,0.51209,/home/ml/thesis-camels/data/raw/CAMELS_SIMBA_1000U/LH_391_hlist_0.51209.list,PASS,,6588,6588,True,0,0.0
LH_391,391,0.75065,/home/ml/thesis-camels/data/raw/CAMELS_SIMBA_1000U/LH_391_hlist_0.75065.list,PASS,,6094,6094,True,0,0.0
LH_391,391,1.00000,/home/ml/thesis-camels/data/raw/CAMELS_SIMBA_1000U/LH_391_hlist_1.00000.list,PASS,,6378,6378,True,0,0.0
LH_392,392,0.20000,/home/ml/thesis-camels/data/raw/CAMELS_SIMBA_1000U/LH_392_hlist_0.20000.list,PASS,,2156,2156,True,0,0.0
LH_392,392,0.25000,/home/ml/thesis-camels/data/raw/CAMELS_SIMBA_1000U/LH_392_hlist_0.25000.list,PASS,,4116,4116,True,0,0.0
LH_392,392,0.51209,/home/ml/thesis-camels/data/raw/CAMELS_SIMBA_1000U/LH_392_hlist_0.51209.list,PASS,,7617,7617,True,0,0.0
LH_392,392,0.75065,/home/ml/thesis-camels/data/raw/CAMELS_SIMBA_1000U/LH_392_hlist_0.75065.list,PASS,,7454,7454,True,0,0.0
LH_392,392,1.00000,/home/ml/thesis-camels/data/raw/CAMELS_SIMBA_1000U/LH_392_hlist_1.00000.list,PASS,,7784,7784,True,0,0.0
LH_393,393,0.20000,/home/ml/thesis-camels/data/raw/CAMELS_SIMBA_1000U/LH_393_hlist_0.20000.list,PASS,,3855,3855,True,0,0.0
LH_393,393,0.25000,/home/ml/thesis-camels/data/raw/CAMELS_SIMBA_1000U/LH_393_hlist_0.25000.list,PASS,,5408,5408,True,0,0.0
LH_393,393,0.51209,/home/ml/thesis-camels/data/raw/CAMELS_SIMBA_1000U/LH_393_hlist_0.51209.list,PASS,,6850,6850,True,0,0.0
LH_393,393,0.75065,/home/ml/thesis-camels/data/raw/CAMELS_SIMBA_1000U/LH_393_hlist_0.75065.list,PASS,,6471,6471,True,0,0.0
LH_393,393,1.00000,/home/ml/thesis-camels/data/raw/CAMELS_SIMBA_1000U/LH_393_hlist_1.00000.list,PASS,,6644,6644,True,0,0.0
LH_394,394,0.20000,/home/ml/thesis-camels/data/raw/CAMELS_SIMBA_1000U/LH_394_hlist_0.20000.list,PASS,,3985,3985,True,0,0.0
LH_394,394,0.25000,/home/ml/thesis-camels/data/raw/CAMELS_SIMBA_1000U/LH_394_hlist_0.25000.list,PASS,,5460,5460,True,0,0.0
LH_394,394,0.51209,/home/ml/thesis-camels/data/raw/CAMELS_SIMBA_1000U/LH_394_hlist_0.51209.list,PASS,,6545,6545,True,0,0.0
LH_394,394,0.75065,/home/ml/thesis-camels/data/raw/CAMELS_SIMBA_1000U/LH_394_hlist_0.75065.list,PASS,,6204,6204,True,0,0.0
LH_394,394,1.00000,/home/ml/thesis-camels/data/raw/CAMELS_SIMBA_1000U/LH_394_hlist_1.00000.list,PASS,,6531,6531,True,0,0.0
LH_395,395,0.20000,/home/ml/thesis-camels/data/raw/CAMELS_SIMBA_1000U/LH_395_hlist_0.20000.list,PASS,,8367,8367,True,0,0.0
LH_395,395,0.25000,/home/ml/thesis-camels/data/raw/CAMELS_SIMBA_1000U/LH_395_hlist_0.25000.list,PASS,,8907,8907,True,0,0.0
LH_395,395,0.51209,/home/ml/thesis-camels/data/raw/CAMELS_SIMBA_1000U/LH_395_hlist_0.51209.list,PASS,,7453,7453,True,0,0.0
LH_395,395,0.75065,/home/ml/thesis-camels/data/raw/CAMELS_SIMBA_1000U/LH_395_hlist_0.75065.list,PASS,,6007,6007,True,0,0.0
LH_395,395,1.00000,/home/ml/thesis-camels/data/raw/CAMELS_SIMBA_1000U/LH_395_hlist_1.00000.list,PASS,,5627,5627,True,0,0.0
LH_396,396,0.20000,/home/ml/thesis-camels/data/raw/CAMELS_SIMBA_1000U/LH_396_hlist_0.20000.list,PASS,,6874,6874,True,0,0.0
LH_396,396,0.25000,/home/ml/thesis-camels/data/raw/CAMELS_SIMBA_1000U/LH_396_hlist_0.25000.list,PASS,,7951,7951,True,0,0.0
LH_396,396,0.51209,/home/ml/thesis-camels/data/raw/CAMELS_SIMBA_1000U/LH_396_hlist_0.51209.list,PASS,,7477,7477,True,0,0.0
LH_396,396,0.75065,/home/ml/thesis-camels/data/raw/CAMELS_SIMBA_1000U/LH_396_hlist_0.75065.list,PASS,,6427,6427,True,0,0.0
LH_396,396,1.00000,/home/ml/thesis-camels/data/raw/CAMELS_SIMBA_1000U/LH_396_hlist_1.00000.list,PASS,,6332,6332,True,0,0.0
LH_397,397,0.20000,/home/ml/thesis-camels/data/raw/CAMELS_SIMBA_1000U/LH_397_hlist_0.20000.list,PASS,,962,962,False,538,35.86666666666667
LH_397,397,0.25000,/home/ml/thesis-camels/data/raw/CAMELS_SIMBA_1000U/LH_397_hlist_0.25000.list,PASS,,2169,2169,True,0,0.0
LH_397,397,0.51209,/home/ml/thesis-camels/data/raw/CAMELS_SIMBA_1000U/LH_397_hlist_0.51209.list,PASS,,5320,5320,True,0,0.0
LH_397,397,0.75065,/home/ml/thesis-camels/data/raw/CAMELS_SIMBA_1000U/LH_397_hlist_0.75065.list,PASS,,5779,5779,True,0,0.0
LH_397,397,1.00000,/home/ml/thesis-camels/data/raw/CAMELS_SIMBA_1000U/LH_397_hlist_1.00000.list,PASS,,6190,6190,True,0,0.0
LH_398,398,0.20000,/home/ml/thesis-camels/data/raw/CAMELS_SIMBA_1000U/LH_398_hlist_0.20000.list,PASS,,476,476,False,1024,68.26666666666667
LH_398,398,0.25000,/home/ml/thesis-camels/data/raw/CAMELS_SIMBA_1000U/LH_398_hlist_0.25000.list,PASS,,1627,1627,True,0,0.0
LH_398,398,0.51209,/home/ml/thesis-camels/data/raw/CAMELS_SIMBA_1000U/LH_398_hlist_0.51209.list,PASS,,4657,4657,True,0,0.0
LH_398,398,0.75065,/home/ml/thesis-camels/data/raw/CAMELS_SIMBA_1000U/LH_398_hlist_0.75065.list,PASS,,5181,5181,True,0,0.0
LH_398,398,1.00000,/home/ml/thesis-camels/data/raw/CAMELS_SIMBA_1000U/LH_398_hlist_1.00000.list,PASS,,5824,5824,True,0,0.0
LH_399,399,0.20000,/home/ml/thesis-camels/data/raw/CAMELS_SIMBA_1000U/LH_399_hlist_0.20000.list,PASS,,5208,5208,True,0,0.0
LH_399,399,0.25000,/home/ml/thesis-camels/data/raw/CAMELS_SIMBA_1000U/LH_399_hlist_0.25000.list,PASS,,6459,6459,True,0,0.0
LH_399,399,0.51209,/home/ml/thesis-camels/data/raw/CAMELS_SIMBA_1000U/LH_399_hlist_0.51209.list,PASS,,6365,6365,True,0,0.0
LH_399,399,0.75065,/home/ml/thesis-camels/data/raw/CAMELS_SIMBA_1000U/LH_399_hlist_0.75065.list,PASS,,5910,5910,True,0,0.0
LH_399,399,1.00000,/home/ml/thesis-camels/data/raw/CAMELS_SIMBA_1000U/LH_399_hlist_1.00000.list,PASS,,5958,5958,True,0,0.0
LH_400,400,0.20000,/home/ml/thesis-camels/data/raw/CAMELS_SIMBA_1000U/LH_400_hlist_0.20000.list,PASS,,7876,7876,True,0,0.0
LH_400,400,0.25000,/home/ml/thesis-camels/data/raw/CAMELS_SIMBA_1000U/LH_400_hlist_0.25000.list,PASS,,8507,8507,True,0,0.0
LH_400,400,0.51209,/home/ml/thesis-camels/data/raw/CAMELS_SIMBA_1000U/LH_400_hlist_0.51209.list,PASS,,7451,7451,True,0,0.0
LH_400,400,0.75065,/home/ml/thesis-camels/data/raw/CAMELS_SIMBA_1000U/LH_400_hlist_0.75065.list,PASS,,6213,6213,True,0,0.0
LH_400,400,1.00000,/home/ml/thesis-camels/data/raw/CAMELS_SIMBA_1000U/LH_400_hlist_1.00000.list,PASS,,5827,5827,True,0,0.0
LH_401,401,0.20000,/home/ml/thesis-camels/data/raw/CAMELS_SIMBA_1000U/LH_401_hlist_0.20000.list,PASS,,7466,7466,True,0,0.0
LH_401,401,0.25000,/home/ml/thesis-camels/data/raw/CAMELS_SIMBA_1000U/LH_401_hlist_0.25000.list,PASS,,8550,8550,True,0,0.0
LH_401,401,0.51209,/home/ml/thesis-camels/data/raw/CAMELS_SIMBA_1000U/LH_401_hlist_0.51209.list,PASS,,8300,8300,True,0,0.0
LH_401,401,0.75065,/home/ml/thesis-camels/data/raw/CAMELS_SIMBA_1000U/LH_401_hlist_0.75065.list,PASS,,6707,6707,True,0,0.0
LH_401,401,1.00000,/home/ml/thesis-camels/data/raw/CAMELS_SIMBA_1000U/LH_401_hlist_1.00000.list,PASS,,6266,6266,True,0,0.0
LH_402,402,0.20000,/home/ml/thesis-camels/data/raw/CAMELS_SIMBA_1000U/LH_402_hlist_0.20000.list,PASS,,5681,5681,True,0,0.0
LH_402,402,0.25000,/home/ml/thesis-camels/data/raw/CAMELS_SIMBA_1000U/LH_402_hlist_0.25000.list,PASS,,6924,6924,True,0,0.0
LH_402,402,0.51209,/home/ml/thesis-camels/data/raw/CAMELS_SIMBA_1000U/LH_402_hlist_0.51209.list,PASS,,7317,7317,True,0,0.0
LH_402,402,0.75065,/home/ml/thesis-camels/data/raw/CAMELS_SIMBA_1000U/LH_402_hlist_0.75065.list,PASS,,6521,6521,True,0,0.0
LH_402,402,1.00000,/home/ml/thesis-camels/data/raw/CAMELS_SIMBA_1000U/LH_402_hlist_1.00000.list,PASS,,6555,6555,True,0,0.0
LH_403,403,0.20000,/home/ml/thesis-camels/data/raw/CAMELS_SIMBA_1000U/LH_403_hlist_0.20000.list,PASS,,1147,1147,False,353,23.533333333333335
LH_403,403,0.25000,/home/ml/thesis-camels/data/raw/CAMELS_SIMBA_1000U/LH_403_hlist_0.25000.list,PASS,,2449,2449,True,0,0.0
LH_403,403,0.51209,/home/ml/thesis-camels/data/raw/CAMELS_SIMBA_1000U/LH_403_hlist_0.51209.list,PASS,,5496,5496,True,0,0.0
LH_403,403,0.75065,/home/ml/thesis-camels/data/raw/CAMELS_SIMBA_1000U/LH_403_hlist_0.75065.list,PASS,,5976,5976,True,0,0.0
LH_403,403,1.00000,/home/ml/thesis-camels/data/raw/CAMELS_SIMBA_1000U/LH_403_hlist_1.00000.list,PASS,,6545,6545,True,0,0.0
LH_404,404,0.20000,/home/ml/thesis-camels/data/raw/CAMELS_SIMBA_1000U/LH_404_hlist_0.20000.list,PASS,,5632,5632,True,0,0.0
LH_404,404,0.25000,/home/ml/thesis-camels/data/raw/CAMELS_SIMBA_1000U/LH_404_hlist_0.25000.list,PASS,,6805,6805,True,0,0.0
LH_404,404,0.51209,/home/ml/thesis-camels/data/raw/CAMELS_SIMBA_1000U/LH_404_hlist_0.51209.list,PASS,,6783,6783,True,0,0.0
LH_404,404,0.75065,/home/ml/thesis-camels/data/raw/CAMELS_SIMBA_1000U/LH_404_hlist_0.75065.list,PASS,,6372,6372,True,0,0.0
LH_404,404,1.00000,/home/ml/thesis-camels/data/raw/CAMELS_SIMBA_1000U/LH_404_hlist_1.00000.list,PASS,,6324,6324,True,0,0.0
LH_405,405,0.20000,/home/ml/thesis-camels/data/raw/CAMELS_SIMBA_1000U/LH_405_hlist_0.20000.list,PASS,,4856,4856,True,0,0.0
LH_405,405,0.25000,/home/ml/thesis-camels/data/raw/CAMELS_SIMBA_1000U/LH_405_hlist_0.25000.list,PASS,,6348,6348,True,0,0.0
LH_405,405,0.51209,/home/ml/thesis-camels/data/raw/CAMELS_SIMBA_1000U/LH_405_hlist_0.51209.list,PASS,,7672,7672,True,0,0.0
LH_405,405,0.75065,/home/ml/thesis-camels/data/raw/CAMELS_SIMBA_1000U/LH_405_hlist_0.75065.list,PASS,,7123,7123,True,0,0.0
LH_405,405,1.00000,/home/ml/thesis-camels/data/raw/CAMELS_SIMBA_1000U/LH_405_hlist_1.00000.list,PASS,,7108,7108,True,0,0.0
LH_406,406,0.20000,/home/ml/thesis-camels/data/raw/CAMELS_SIMBA_1000U/LH_406_hlist_0.20000.list,PASS,,4914,4914,True,0,0.0
LH_406,406,0.25000,/home/ml/thesis-camels/data/raw/CAMELS_SIMBA_1000U/LH_406_hlist_0.25000.list,PASS,,6253,6253,True,0,0.0
LH_406,406,0.51209,/home/ml/thesis-camels/data/raw/CAMELS_SIMBA_1000U/LH_406_hlist_0.51209.list,PASS,,6805,6805,True,0,0.0
LH_406,406,0.75065,/home/ml/thesis-camels/data/raw/CAMELS_SIMBA_1000U/LH_406_hlist_0.75065.list,PASS,,6292,6292,True,0,0.0
LH_406,406,1.00000,/home/ml/thesis-camels/data/raw/CAMELS_SIMBA_1000U/LH_406_hlist_1.00000.list,PASS,,6374,6374,True,0,0.0
LH_407,407,0.20000,/home/ml/thesis-camels/data/raw/CAMELS_SIMBA_1000U/LH_407_hlist_0.20000.list,PASS,,6051,6051,True,0,0.0
LH_407,407,0.25000,/home/ml/thesis-camels/data/raw/CAMELS_SIMBA_1000U/LH_407_hlist_0.25000.list,PASS,,6968,6968,True,0,0.0
LH_407,407,0.51209,/home/ml/thesis-camels/data/raw/CAMELS_SIMBA_1000U/LH_407_hlist_0.51209.list,PASS,,7133,7133,True,0,0.0
LH_407,407,0.75065,/home/ml/thesis-camels/data/raw/CAMELS_SIMBA_1000U/LH_407_hlist_0.75065.list,PASS,,6507,6507,True,0,0.0
LH_407,407,1.00000,/home/ml/thesis-camels/data/raw/CAMELS_SIMBA_1000U/LH_407_hlist_1.00000.list,PASS,,6621,6621,True,0,0.0
LH_408,408,0.20000,/home/ml/thesis-camels/data/raw/CAMELS_SIMBA_1000U/LH_408_hlist_0.20000.list,PASS,,3217,3217,True,0,0.0
LH_408,408,0.25000,/home/ml/thesis-camels/data/raw/CAMELS_SIMBA_1000U/LH_408_hlist_0.25000.list,PASS,,4716,4716,True,0,0.0
LH_408,408,0.51209,/home/ml/thesis-camels/data/raw/CAMELS_SIMBA_1000U/LH_408_hlist_0.51209.list,PASS,,7942,7942,True,0,0.0
LH_408,408,0.75065,/home/ml/thesis-camels/data/raw/CAMELS_SIMBA_1000U/LH_408_hlist_0.75065.list,PASS,,7768,7768,True,0,0.0
LH_408,408,1.00000,/home/ml/thesis-camels/data/raw/CAMELS_SIMBA_1000U/LH_408_hlist_1.00000.list,PASS,,7755,7755,True,0,0.0
LH_409,409,0.20000,/home/ml/thesis-camels/data/raw/CAMELS_SIMBA_1000U/LH_409_hlist_0.20000.list,PASS,,6200,6200,True,0,0.0
LH_409,409,0.25000,/home/ml/thesis-camels/data/raw/CAMELS_SIMBA_1000U/LH_409_hlist_0.25000.list,PASS,,7626,7626,True,0,0.0
LH_409,409,0.51209,/home/ml/thesis-camels/data/raw/CAMELS_SIMBA_1000U/LH_409_hlist_0.51209.list,PASS,,8653,8653,True,0,0.0
LH_409,409,0.75065,/home/ml/thesis-camels/data/raw/CAMELS_SIMBA_1000U/LH_409_hlist_0.75065.list,PASS,,7739,7739,True,0,0.0
LH_409,409,1.00000,/home/ml/thesis-camels/data/raw/CAMELS_SIMBA_1000U/LH_409_hlist_1.00000.list,PASS,,7205,7205,True,0,0.0
LH_410,410,0.20000,/home/ml/thesis-camels/data/raw/CAMELS_SIMBA_1000U/LH_410_hlist_0.20000.list,PASS,,5427,5427,True,0,0.0
LH_410,410,0.25000,/home/ml/thesis-camels/data/raw/CAMELS_SIMBA_1000U/LH_410_hlist_0.25000.list,PASS,,6844,6844,True,0,0.0
LH_410,410,0.51209,/home/ml/thesis-camels/data/raw/CAMELS_SIMBA_1000U/LH_410_hlist_0.51209.list,PASS,,8548,8548,True,0,0.0
LH_410,410,0.75065,/home/ml/thesis-camels/data/raw/CAMELS_SIMBA_1000U/LH_410_hlist_0.75065.list,PASS,,7628,7628,True,0,0.0
LH_410,410,1.00000,/home/ml/thesis-camels/data/raw/CAMELS_SIMBA_1000U/LH_410_hlist_1.00000.list,PASS,,7456,7456,True,0,0.0
LH_411,411,0.20000,/home/ml/thesis-camels/data/raw/CAMELS_SIMBA_1000U/LH_411_hlist_0.20000.list,PASS,,6733,6733,True,0,0.0
LH_411,411,0.25000,/home/ml/thesis-camels/data/raw/CAMELS_SIMBA_1000U/LH_411_hlist_0.25000.list,PASS,,7441,7441,True,0,0.0
LH_411,411,0.51209,/home/ml/thesis-camels/data/raw/CAMELS_SIMBA_1000U/LH_411_hlist_0.51209.list,PASS,,6727,6727,True,0,0.0
LH_411,411,0.75065,/home/ml/thesis-camels/data/raw/CAMELS_SIMBA_1000U/LH_411_hlist_0.75065.list,PASS,,5808,5808,True,0,0.0
LH_411,411,1.00000,/home/ml/thesis-camels/data/raw/CAMELS_SIMBA_1000U/LH_411_hlist_1.00000.list,PASS,,5866,5866,True,0,0.0
LH_412,412,0.20000,/home/ml/thesis-camels/data/raw/CAMELS_SIMBA_1000U/LH_412_hlist_0.20000.list,PASS,,2641,2641,True,0,0.0
LH_412,412,0.25000,/home/ml/thesis-camels/data/raw/CAMELS_SIMBA_1000U/LH_412_hlist_0.25000.list,PASS,,3818,3818,True,0,0.0
LH_412,412,0.51209,/home/ml/thesis-camels/data/raw/CAMELS_SIMBA_1000U/LH_412_hlist_0.51209.list,PASS,,4682,4682,True,0,0.0
LH_412,412,0.75065,/home/ml/thesis-camels/data/raw/CAMELS_SIMBA_1000U/LH_412_hlist_0.75065.list,PASS,,4731,4731,True,0,0.0
LH_412,412,1.00000,/home/ml/thesis-camels/data/raw/CAMELS_SIMBA_1000U/LH_412_hlist_1.00000.list,PASS,,5196,5196,True,0,0.0
LH_413,413,0.20000,/home/ml/thesis-camels/data/raw/CAMELS_SIMBA_1000U/LH_413_hlist_0.20000.list,PASS,,4364,4364,True,0,0.0
LH_413,413,0.25000,/home/ml/thesis-camels/data/raw/CAMELS_SIMBA_1000U/LH_413_hlist_0.25000.list,PASS,,5793,5793,True,0,0.0
LH_413,413,0.51209,/home/ml/thesis-camels/data/raw/CAMELS_SIMBA_1000U/LH_413_hlist_0.51209.list,PASS,,7236,7236,True,0,0.0
LH_413,413,0.75065,/home/ml/thesis-camels/data/raw/CAMELS_SIMBA_1000U/LH_413_hlist_0.75065.list,PASS,,6516,6516,True,0,0.0
LH_413,413,1.00000,/home/ml/thesis-camels/data/raw/CAMELS_SIMBA_1000U/LH_413_hlist_1.00000.list,PASS,,6441,6441,True,0,0.0
LH_414,414,0.20000,/home/ml/thesis-camels/data/raw/CAMELS_SIMBA_1000U/LH_414_hlist_0.20000.list,PASS,,3322,3322,True,0,0.0
LH_414,414,0.25000,/home/ml/thesis-camels/data/raw/CAMELS_SIMBA_1000U/LH_414_hlist_0.25000.list,PASS,,4799,4799,True,0,0.0
LH_414,414,0.51209,/home/ml/thesis-camels/data/raw/CAMELS_SIMBA_1000U/LH_414_hlist_0.51209.list,PASS,,7448,7448,True,0,0.0
LH_414,414,0.75065,/home/ml/thesis-camels/data/raw/CAMELS_SIMBA_1000U/LH_414_hlist_0.75065.list,PASS,,7072,7072,True,0,0.0
LH_414,414,1.00000,/home/ml/thesis-camels/data/raw/CAMELS_SIMBA_1000U/LH_414_hlist_1.00000.list,PASS,,7213,7213,True,0,0.0
LH_415,415,0.20000,/home/ml/thesis-camels/data/raw/CAMELS_SIMBA_1000U/LH_415_hlist_0.20000.list,PASS,,5515,5515,True,0,0.0
LH_415,415,0.25000,/home/ml/thesis-camels/data/raw/CAMELS_SIMBA_1000U/LH_415_hlist_0.25000.list,PASS,,6896,6896,True,0,0.0
LH_415,415,0.51209,/home/ml/thesis-camels/data/raw/CAMELS_SIMBA_1000U/LH_415_hlist_0.51209.list,PASS,,8693,8693,True,0,0.0
LH_415,415,0.75065,/home/ml/thesis-camels/data/raw/CAMELS_SIMBA_1000U/LH_415_hlist_0.75065.list,PASS,,7735,7735,True,0,0.0
LH_415,415,1.00000,/home/ml/thesis-camels/data/raw/CAMELS_SIMBA_1000U/LH_415_hlist_1.00000.list,PASS,,7458,7458,True,0,0.0
LH_416,416,0.20000,/home/ml/thesis-camels/data/raw/CAMELS_SIMBA_1000U/LH_416_hlist_0.20000.list,PASS,,4225,4225,True,0,0.0
LH_416,416,0.25000,/home/ml/thesis-camels/data/raw/CAMELS_SIMBA_1000U/LH_416_hlist_0.25000.list,PASS,,5865,5865,True,0,0.0
LH_416,416,0.51209,/home/ml/thesis-camels/data/raw/CAMELS_SIMBA_1000U/LH_416_hlist_0.51209.list,PASS,,8469,8469,True,0,0.0
LH_416,416,0.75065,/home/ml/thesis-camels/data/raw/CAMELS_SIMBA_1000U/LH_416_hlist_0.75065.list,PASS,,7854,7854,True,0,0.0
LH_416,416,1.00000,/home/ml/thesis-camels/data/raw/CAMELS_SIMBA_1000U/LH_416_hlist_1.00000.list,PASS,,7646,7646,True,0,0.0
LH_417,417,0.20000,/home/ml/thesis-camels/data/raw/CAMELS_SIMBA_1000U/LH_417_hlist_0.20000.list,PASS,,2373,2373,True,0,0.0
LH_417,417,0.25000,/home/ml/thesis-camels/data/raw/CAMELS_SIMBA_1000U/LH_417_hlist_0.25000.list,PASS,,3903,3903,True,0,0.0
LH_417,417,0.51209,/home/ml/thesis-camels/data/raw/CAMELS_SIMBA_1000U/LH_417_hlist_0.51209.list,PASS,,7688,7688,True,0,0.0
LH_417,417,0.75065,/home/ml/thesis-camels/data/raw/CAMELS_SIMBA_1000U/LH_417_hlist_0.75065.list,PASS,,7735,7735,True,0,0.0
LH_417,417,1.00000,/home/ml/thesis-camels/data/raw/CAMELS_SIMBA_1000U/LH_417_hlist_1.00000.list,PASS,,8044,8044,True,0,0.0
LH_418,418,0.20000,/home/ml/thesis-camels/data/raw/CAMELS_SIMBA_1000U/LH_418_hlist_0.20000.list,PASS,,157,157,False,1343,89.53333333333333
LH_418,418,0.25000,/home/ml/thesis-camels/data/raw/CAMELS_SIMBA_1000U/LH_418_hlist_0.25000.list,PASS,,869,869,False,631,42.06666666666667
LH_418,418,0.51209,/home/ml/thesis-camels/data/raw/CAMELS_SIMBA_1000U/LH_418_hlist_0.51209.list,PASS,,3196,3196,True,0,0.0
LH_418,418,0.75065,/home/ml/thesis-camels/data/raw/CAMELS_SIMBA_1000U/LH_418_hlist_0.75065.list,PASS,,3818,3818,True,0,0.0
LH_418,418,1.00000,/home/ml/thesis-camels/data/raw/CAMELS_SIMBA_1000U/LH_418_hlist_1.00000.list,PASS,,4458,4458,True,0,0.0
LH_419,419,0.20000,/home/ml/thesis-camels/data/raw/CAMELS_SIMBA_1000U/LH_419_hlist_0.20000.list,PASS,,5094,5094,True,0,0.0
LH_419,419,0.25000,/home/ml/thesis-camels/data/raw/CAMELS_SIMBA_1000U/LH_419_hlist_0.25000.list,PASS,,6491,6491,True,0,0.0
LH_419,419,0.51209,/home/ml/thesis-camels/data/raw/CAMELS_SIMBA_1000U/LH_419_hlist_0.51209.list,PASS,,7122,7122,True,0,0.0
LH_419,419,0.75065,/home/ml/thesis-camels/data/raw/CAMELS_SIMBA_1000U/LH_419_hlist_0.75065.list,PASS,,6347,6347,True,0,0.0
LH_419,419,1.00000,/home/ml/thesis-camels/data/raw/CAMELS_SIMBA_1000U/LH_419_hlist_1.00000.list,PASS,,6381,6381,True,0,0.0
LH_420,420,0.20000,/home/ml/thesis-camels/data/raw/CAMELS_SIMBA_1000U/LH_420_hlist_0.20000.list,PASS,,5707,5707,True,0,0.0
LH_420,420,0.25000,/home/ml/thesis-camels/data/raw/CAMELS_SIMBA_1000U/LH_420_hlist_0.25000.list,PASS,,7159,7159,True,0,0.0
LH_420,420,0.51209,/home/ml/thesis-camels/data/raw/CAMELS_SIMBA_1000U/LH_420_hlist_0.51209.list,PASS,,8062,8062,True,0,0.0
LH_420,420,0.75065,/home/ml/thesis-camels/data/raw/CAMELS_SIMBA_1000U/LH_420_hlist_0.75065.list,PASS,,6996,6996,True,0,0.0
LH_420,420,1.00000,/home/ml/thesis-camels/data/raw/CAMELS_SIMBA_1000U/LH_420_hlist_1.00000.list,PASS,,6634,6634,True,0,0.0
LH_421,421,0.20000,/home/ml/thesis-camels/data/raw/CAMELS_SIMBA_1000U/LH_421_hlist_0.20000.list,PASS,,3904,3904,True,0,0.0
LH_421,421,0.25000,/home/ml/thesis-camels/data/raw/CAMELS_SIMBA_1000U/LH_421_hlist_0.25000.list,PASS,,5204,5204,True,0,0.0
LH_421,421,0.51209,/home/ml/thesis-camels/data/raw/CAMELS_SIMBA_1000U/LH_421_hlist_0.51209.list,PASS,,6209,6209,True,0,0.0
LH_421,421,0.75065,/home/ml/thesis-camels/data/raw/CAMELS_SIMBA_1000U/LH_421_hlist_0.75065.list,PASS,,5886,5886,True,0,0.0
LH_421,421,1.00000,/home/ml/thesis-camels/data/raw/CAMELS_SIMBA_1000U/LH_421_hlist_1.00000.list,PASS,,6090,6090,True,0,0.0
LH_422,422,0.20000,/home/ml/thesis-camels/data/raw/CAMELS_SIMBA_1000U/LH_422_hlist_0.20000.list,PASS,,7938,7938,True,0,0.0
LH_422,422,0.25000,/home/ml/thesis-camels/data/raw/CAMELS_SIMBA_1000U/LH_422_hlist_0.25000.list,PASS,,8878,8878,True,0,0.0
LH_422,422,0.51209,/home/ml/thesis-camels/data/raw/CAMELS_SIMBA_1000U/LH_422_hlist_0.51209.list,PASS,,8129,8129,True,0,0.0
LH_422,422,0.75065,/home/ml/thesis-camels/data/raw/CAMELS_SIMBA_1000U/LH_422_hlist_0.75065.list,PASS,,6674,6674,True,0,0.0
LH_422,422,1.00000,/home/ml/thesis-camels/data/raw/CAMELS_SIMBA_1000U/LH_422_hlist_1.00000.list,PASS,,6247,6247,True,0,0.0
LH_423,423,0.20000,/home/ml/thesis-camels/data/raw/CAMELS_SIMBA_1000U/LH_423_hlist_0.20000.list,PASS,,2363,2363,True,0,0.0
LH_423,423,0.25000,/home/ml/thesis-camels/data/raw/CAMELS_SIMBA_1000U/LH_423_hlist_0.25000.list,PASS,,4107,4107,True,0,0.0
LH_423,423,0.51209,/home/ml/thesis-camels/data/raw/CAMELS_SIMBA_1000U/LH_423_hlist_0.51209.list,PASS,,7016,7016,True,0,0.0
LH_423,423,0.75065,/home/ml/thesis-camels/data/raw/CAMELS_SIMBA_1000U/LH_423_hlist_0.75065.list,PASS,,6752,6752,True,0,0.0
LH_423,423,1.00000,/home/ml/thesis-camels/data/raw/CAMELS_SIMBA_1000U/LH_423_hlist_1.00000.list,PASS,,6929,6929,True,0,0.0
LH_424,424,0.20000,/home/ml/thesis-camels/data/raw/CAMELS_SIMBA_1000U/LH_424_hlist_0.20000.list,PASS,,2276,2276,True,0,0.0
LH_424,424,0.25000,/home/ml/thesis-camels/data/raw/CAMELS_SIMBA_1000U/LH_424_hlist_0.25000.list,PASS,,3618,3618,True,0,0.0
LH_424,424,0.51209,/home/ml/thesis-camels/data/raw/CAMELS_SIMBA_1000U/LH_424_hlist_0.51209.list,PASS,,6194,6194,True,0,0.0
LH_424,424,0.75065,/home/ml/thesis-camels/data/raw/CAMELS_SIMBA_1000U/LH_424_hlist_0.75065.list,PASS,,6302,6302,True,0,0.0
LH_424,424,1.00000,/home/ml/thesis-camels/data/raw/CAMELS_SIMBA_1000U/LH_424_hlist_1.00000.list,PASS,,6560,6560,True,0,0.0
LH_425,425,0.20000,/home/ml/thesis-camels/data/raw/CAMELS_SIMBA_1000U/LH_425_hlist_0.20000.list,PASS,,6952,6952,True,0,0.0
LH_425,425,0.25000,/home/ml/thesis-camels/data/raw/CAMELS_SIMBA_1000U/LH_425_hlist_0.25000.list,PASS,,8213,8213,True,0,0.0
LH_425,425,0.51209,/home/ml/thesis-camels/data/raw/CAMELS_SIMBA_1000U/LH_425_hlist_0.51209.list,PASS,,8308,8308,True,0,0.0
LH_425,425,0.75065,/home/ml/thesis-camels/data/raw/CAMELS_SIMBA_1000U/LH_425_hlist_0.75065.list,PASS,,6803,6803,True,0,0.0
LH_425,425,1.00000,/home/ml/thesis-camels/data/raw/CAMELS_SIMBA_1000U/LH_425_hlist_1.00000.list,PASS,,6276,6276,True,0,0.0
LH_426,426,0.20000,/home/ml/thesis-camels/data/raw/CAMELS_SIMBA_1000U/LH_426_hlist_0.20000.list,PASS,,5152,5152,True,0,0.0
LH_426,426,0.25000,/home/ml/thesis-camels/data/raw/CAMELS_SIMBA_1000U/LH_426_hlist_0.25000.list,PASS,,6576,6576,True,0,0.0
LH_426,426,0.51209,/home/ml/thesis-camels/data/raw/CAMELS_SIMBA_1000U/LH_426_hlist_0.51209.list,PASS,,7616,7616,True,0,0.0
LH_426,426,0.75065,/home/ml/thesis-camels/data/raw/CAMELS_SIMBA_1000U/LH_426_hlist_0.75065.list,PASS,,6704,6704,True,0,0.0
LH_426,426,1.00000,/home/ml/thesis-camels/data/raw/CAMELS_SIMBA_1000U/LH_426_hlist_1.00000.list,PASS,,6628,6628,True,0,0.0
LH_427,427,0.20000,/home/ml/thesis-camels/data/raw/CAMELS_SIMBA_1000U/LH_427_hlist_0.20000.list,PASS,,3529,3529,True,0,0.0
LH_427,427,0.25000,/home/ml/thesis-camels/data/raw/CAMELS_SIMBA_1000U/LH_427_hlist_0.25000.list,PASS,,4972,4972,True,0,0.0
LH_427,427,0.51209,/home/ml/thesis-camels/data/raw/CAMELS_SIMBA_1000U/LH_427_hlist_0.51209.list,PASS,,6263,6263,True,0,0.0
LH_427,427,0.75065,/home/ml/thesis-camels/data/raw/CAMELS_SIMBA_1000U/LH_427_hlist_0.75065.list,PASS,,6055,6055,True,0,0.0
LH_427,427,1.00000,/home/ml/thesis-camels/data/raw/CAMELS_SIMBA_1000U/LH_427_hlist_1.00000.list,PASS,,6298,6298,True,0,0.0
LH_428,428,0.20000,/home/ml/thesis-camels/data/raw/CAMELS_SIMBA_1000U/LH_428_hlist_0.20000.list,PASS,,7899,7899,True,0,0.0
LH_428,428,0.25000,/home/ml/thesis-camels/data/raw/CAMELS_SIMBA_1000U/LH_428_hlist_0.25000.list,PASS,,8797,8797,True,0,0.0
LH_428,428,0.51209,/home/ml/thesis-camels/data/raw/CAMELS_SIMBA_1000U/LH_428_hlist_0.51209.list,PASS,,8272,8272,True,0,0.0
LH_428,428,0.75065,/home/ml/thesis-camels/data/raw/CAMELS_SIMBA_1000U/LH_428_hlist_0.75065.list,PASS,,6984,6984,True,0,0.0
LH_428,428,1.00000,/home/ml/thesis-camels/data/raw/CAMELS_SIMBA_1000U/LH_428_hlist_1.00000.list,PASS,,6607,6607,True,0,0.0
LH_429,429,0.20000,/home/ml/thesis-camels/data/raw/CAMELS_SIMBA_1000U/LH_429_hlist_0.20000.list,PASS,,6678,6678,True,0,0.0
LH_429,429,0.25000,/home/ml/thesis-camels/data/raw/CAMELS_SIMBA_1000U/LH_429_hlist_0.25000.list,PASS,,7568,7568,True,0,0.0
LH_429,429,0.51209,/home/ml/thesis-camels/data/raw/CAMELS_SIMBA_1000U/LH_429_hlist_0.51209.list,PASS,,7619,7619,True,0,0.0
LH_429,429,0.75065,/home/ml/thesis-camels/data/raw/CAMELS_SIMBA_1000U/LH_429_hlist_0.75065.list,PASS,,6774,6774,True,0,0.0
LH_429,429,1.00000,/home/ml/thesis-camels/data/raw/CAMELS_SIMBA_1000U/LH_429_hlist_1.00000.list,PASS,,6706,6706,True,0,0.0
LH_430,430,0.20000,/home/ml/thesis-camels/data/raw/CAMELS_SIMBA_1000U/LH_430_hlist_0.20000.list,PASS,,2278,2278,True,0,0.0
LH_430,430,0.25000,/home/ml/thesis-camels/data/raw/CAMELS_SIMBA_1000U/LH_430_hlist_0.25000.list,PASS,,3862,3862,True,0,0.0
LH_430,430,0.51209,/home/ml/thesis-camels/data/raw/CAMELS_SIMBA_1000U/LH_430_hlist_0.51209.list,PASS,,6409,6409,True,0,0.0
LH_430,430,0.75065,/home/ml/thesis-camels/data/raw/CAMELS_SIMBA_1000U/LH_430_hlist_0.75065.list,PASS,,6559,6559,True,0,0.0
LH_430,430,1.00000,/home/ml/thesis-camels/data/raw/CAMELS_SIMBA_1000U/LH_430_hlist_1.00000.list,PASS,,6863,6863,True,0,0.0
LH_431,431,0.20000,/home/ml/thesis-camels/data/raw/CAMELS_SIMBA_1000U/LH_431_hlist_0.20000.list,PASS,,7644,7644,True,0,0.0
LH_431,431,0.25000,/home/ml/thesis-camels/data/raw/CAMELS_SIMBA_1000U/LH_431_hlist_0.25000.list,PASS,,8311,8311,True,0,0.0
LH_431,431,0.51209,/home/ml/thesis-camels/data/raw/CAMELS_SIMBA_1000U/LH_431_hlist_0.51209.list,PASS,,7106,7106,True,0,0.0
LH_431,431,0.75065,/home/ml/thesis-camels/data/raw/CAMELS_SIMBA_1000U/LH_431_hlist_0.75065.list,PASS,,5765,5765,True,0,0.0
LH_431,431,1.00000,/home/ml/thesis-camels/data/raw/CAMELS_SIMBA_1000U/LH_431_hlist_1.00000.list,PASS,,5552,5552,True,0,0.0
LH_432,432,0.20000,/home/ml/thesis-camels/data/raw/CAMELS_SIMBA_1000U/LH_432_hlist_0.20000.list,PASS,,5846,5846,True,0,0.0
LH_432,432,0.25000,/home/ml/thesis-camels/data/raw/CAMELS_SIMBA_1000U/LH_432_hlist_0.25000.list,PASS,,7324,7324,True,0,0.0
LH_432,432,0.51209,/home/ml/thesis-camels/data/raw/CAMELS_SIMBA_1000U/LH_432_hlist_0.51209.list,PASS,,8855,8855,True,0,0.0
LH_432,432,0.75065,/home/ml/thesis-camels/data/raw/CAMELS_SIMBA_1000U/LH_432_hlist_0.75065.list,PASS,,7824,7824,True,0,0.0
LH_432,432,1.00000,/home/ml/thesis-camels/data/raw/CAMELS_SIMBA_1000U/LH_432_hlist_1.00000.list,PASS,,7391,7391,True,0,0.0
LH_433,433,0.20000,/home/ml/thesis-camels/data/raw/CAMELS_SIMBA_1000U/LH_433_hlist_0.20000.list,PASS,,3405,3405,True,0,0.0
LH_433,433,0.25000,/home/ml/thesis-camels/data/raw/CAMELS_SIMBA_1000U/LH_433_hlist_0.25000.list,PASS,,4459,4459,True,0,0.0
LH_433,433,0.51209,/home/ml/thesis-camels/data/raw/CAMELS_SIMBA_1000U/LH_433_hlist_0.51209.list,PASS,,4584,4584,True,0,0.0
LH_433,433,0.75065,/home/ml/thesis-camels/data/raw/CAMELS_SIMBA_1000U/LH_433_hlist_0.75065.list,PASS,,4591,4591,True,0,0.0
LH_433,433,1.00000,/home/ml/thesis-camels/data/raw/CAMELS_SIMBA_1000U/LH_433_hlist_1.00000.list,PASS,,4995,4995,True,0,0.0
LH_434,434,0.20000,/home/ml/thesis-camels/data/raw/CAMELS_SIMBA_1000U/LH_434_hlist_0.20000.list,PASS,,1560,1560,True,0,0.0
LH_434,434,0.25000,/home/ml/thesis-camels/data/raw/CAMELS_SIMBA_1000U/LH_434_hlist_0.25000.list,PASS,,3061,3061,True,0,0.0
LH_434,434,0.51209,/home/ml/thesis-camels/data/raw/CAMELS_SIMBA_1000U/LH_434_hlist_0.51209.list,PASS,,6279,6279,True,0,0.0
LH_434,434,0.75065,/home/ml/thesis-camels/data/raw/CAMELS_SIMBA_1000U/LH_434_hlist_0.75065.list,PASS,,6498,6498,True,0,0.0
LH_434,434,1.00000,/home/ml/thesis-camels/data/raw/CAMELS_SIMBA_1000U/LH_434_hlist_1.00000.list,PASS,,7025,7025,True,0,0.0
LH_435,435,0.20000,/home/ml/thesis-camels/data/raw/CAMELS_SIMBA_1000U/LH_435_hlist_0.20000.list,PASS,,8604,8604,True,0,0.0
LH_435,435,0.25000,/home/ml/thesis-camels/data/raw/CAMELS_SIMBA_1000U/LH_435_hlist_0.25000.list,PASS,,9444,9444,True,0,0.0
LH_435,435,0.51209,/home/ml/thesis-camels/data/raw/CAMELS_SIMBA_1000U/LH_435_hlist_0.51209.list,PASS,,7806,7806,True,0,0.0
LH_435,435,0.75065,/home/ml/thesis-camels/data/raw/CAMELS_SIMBA_1000U/LH_435_hlist_0.75065.list,PASS,,6386,6386,True,0,0.0
LH_435,435,1.00000,/home/ml/thesis-camels/data/raw/CAMELS_SIMBA_1000U/LH_435_hlist_1.00000.list,PASS,,5843,5843,True,0,0.0
LH_436,436,0.20000,/home/ml/thesis-camels/data/raw/CAMELS_SIMBA_1000U/LH_436_hlist_0.20000.list,PASS,,6404,6404,True,0,0.0
LH_436,436,0.25000,/home/ml/thesis-camels/data/raw/CAMELS_SIMBA_1000U/LH_436_hlist_0.25000.list,PASS,,7690,7690,True,0,0.0
LH_436,436,0.51209,/home/ml/thesis-camels/data/raw/CAMELS_SIMBA_1000U/LH_436_hlist_0.51209.list,PASS,,8032,8032,True,0,0.0
LH_436,436,0.75065,/home/ml/thesis-camels/data/raw/CAMELS_SIMBA_1000U/LH_436_hlist_0.75065.list,PASS,,7057,7057,True,0,0.0
LH_436,436,1.00000,/home/ml/thesis-camels/data/raw/CAMELS_SIMBA_1000U/LH_436_hlist_1.00000.list,PASS,,6711,6711,True,0,0.0
LH_437,437,0.20000,/home/ml/thesis-camels/data/raw/CAMELS_SIMBA_1000U/LH_437_hlist_0.20000.list,PASS,,3942,3942,True,0,0.0
LH_437,437,0.25000,/home/ml/thesis-camels/data/raw/CAMELS_SIMBA_1000U/LH_437_hlist_0.25000.list,PASS,,5540,5540,True,0,0.0
LH_437,437,0.51209,/home/ml/thesis-camels/data/raw/CAMELS_SIMBA_1000U/LH_437_hlist_0.51209.list,PASS,,7902,7902,True,0,0.0
LH_437,437,0.75065,/home/ml/thesis-camels/data/raw/CAMELS_SIMBA_1000U/LH_437_hlist_0.75065.list,PASS,,7202,7202,True,0,0.0
LH_437,437,1.00000,/home/ml/thesis-camels/data/raw/CAMELS_SIMBA_1000U/LH_437_hlist_1.00000.list,PASS,,7350,7350,True,0,0.0
LH_438,438,0.20000,/home/ml/thesis-camels/data/raw/CAMELS_SIMBA_1000U/LH_438_hlist_0.20000.list,PASS,,3638,3638,True,0,0.0
LH_438,438,0.25000,/home/ml/thesis-camels/data/raw/CAMELS_SIMBA_1000U/LH_438_hlist_0.25000.list,PASS,,5247,5247,True,0,0.0
LH_438,438,0.51209,/home/ml/thesis-camels/data/raw/CAMELS_SIMBA_1000U/LH_438_hlist_0.51209.list,PASS,,8783,8783,True,0,0.0
LH_438,438,0.75065,/home/ml/thesis-camels/data/raw/CAMELS_SIMBA_1000U/LH_438_hlist_0.75065.list,PASS,,8231,8231,True,0,0.0
LH_438,438,1.00000,/home/ml/thesis-camels/data/raw/CAMELS_SIMBA_1000U/LH_438_hlist_1.00000.list,PASS,,8045,8045,True,0,0.0
LH_439,439,0.20000,/home/ml/thesis-camels/data/raw/CAMELS_SIMBA_1000U/LH_439_hlist_0.20000.list,PASS,,5364,5364,True,0,0.0
LH_439,439,0.25000,/home/ml/thesis-camels/data/raw/CAMELS_SIMBA_1000U/LH_439_hlist_0.25000.list,PASS,,6919,6919,True,0,0.0
LH_439,439,0.51209,/home/ml/thesis-camels/data/raw/CAMELS_SIMBA_1000U/LH_439_hlist_0.51209.list,PASS,,8883,8883,True,0,0.0
LH_439,439,0.75065,/home/ml/thesis-camels/data/raw/CAMELS_SIMBA_1000U/LH_439_hlist_0.75065.list,PASS,,7974,7974,True,0,0.0
LH_439,439,1.00000,/home/ml/thesis-camels/data/raw/CAMELS_SIMBA_1000U/LH_439_hlist_1.00000.list,PASS,,7629,7629,True,0,0.0
LH_440,440,0.20000,/home/ml/thesis-camels/data/raw/CAMELS_SIMBA_1000U/LH_440_hlist_0.20000.list,PASS,,1650,1650,True,0,0.0
LH_440,440,0.25000,/home/ml/thesis-camels/data/raw/CAMELS_SIMBA_1000U/LH_440_hlist_0.25000.list,PASS,,2974,2974,True,0,0.0
LH_440,440,0.51209,/home/ml/thesis-camels/data/raw/CAMELS_SIMBA_1000U/LH_440_hlist_0.51209.list,PASS,,5538,5538,True,0,0.0
LH_440,440,0.75065,/home/ml/thesis-camels/data/raw/CAMELS_SIMBA_1000U/LH_440_hlist_0.75065.list,PASS,,5802,5802,True,0,0.0
LH_440,440,1.00000,/home/ml/thesis-camels/data/raw/CAMELS_SIMBA_1000U/LH_440_hlist_1.00000.list,PASS,,6204,6204,True,0,0.0
LH_441,441,0.20000,/home/ml/thesis-camels/data/raw/CAMELS_SIMBA_1000U/LH_441_hlist_0.20000.list,PASS,,8688,8688,True,0,0.0
LH_441,441,0.25000,/home/ml/thesis-camels/data/raw/CAMELS_SIMBA_1000U/LH_441_hlist_0.25000.list,PASS,,9189,9189,True,0,0.0
LH_441,441,0.51209,/home/ml/thesis-camels/data/raw/CAMELS_SIMBA_1000U/LH_441_hlist_0.51209.list,PASS,,7270,7270,True,0,0.0
LH_441,441,0.75065,/home/ml/thesis-camels/data/raw/CAMELS_SIMBA_1000U/LH_441_hlist_0.75065.list,PASS,,6067,6067,True,0,0.0
LH_441,441,1.00000,/home/ml/thesis-camels/data/raw/CAMELS_SIMBA_1000U/LH_441_hlist_1.00000.list,PASS,,5721,5721,True,0,0.0
LH_442,442,0.20000,/home/ml/thesis-camels/data/raw/CAMELS_SIMBA_1000U/LH_442_hlist_0.20000.list,PASS,,7635,7635,True,0,0.0
LH_442,442,0.25000,/home/ml/thesis-camels/data/raw/CAMELS_SIMBA_1000U/LH_442_hlist_0.25000.list,PASS,,8688,8688,True,0,0.0
LH_442,442,0.51209,/home/ml/thesis-camels/data/raw/CAMELS_SIMBA_1000U/LH_442_hlist_0.51209.list,PASS,,8149,8149,True,0,0.0
LH_442,442,0.75065,/home/ml/thesis-camels/data/raw/CAMELS_SIMBA_1000U/LH_442_hlist_0.75065.list,PASS,,6795,6795,True,0,0.0
LH_442,442,1.00000,/home/ml/thesis-camels/data/raw/CAMELS_SIMBA_1000U/LH_442_hlist_1.00000.list,PASS,,6475,6475,True,0,0.0
LH_443,443,0.20000,/home/ml/thesis-camels/data/raw/CAMELS_SIMBA_1000U/LH_443_hlist_0.20000.list,PASS,,5590,5590,True,0,0.0
LH_443,443,0.25000,/home/ml/thesis-camels/data/raw/CAMELS_SIMBA_1000U/LH_443_hlist_0.25000.list,PASS,,6918,6918,True,0,0.0
LH_443,443,0.51209,/home/ml/thesis-camels/data/raw/CAMELS_SIMBA_1000U/LH_443_hlist_0.51209.list,PASS,,7687,7687,True,0,0.0
LH_443,443,0.75065,/home/ml/thesis-camels/data/raw/CAMELS_SIMBA_1000U/LH_443_hlist_0.75065.list,PASS,,6820,6820,True,0,0.0
LH_443,443,1.00000,/home/ml/thesis-camels/data/raw/CAMELS_SIMBA_1000U/LH_443_hlist_1.00000.list,PASS,,6749,6749,True,0,0.0
LH_444,444,0.20000,/home/ml/thesis-camels/data/raw/CAMELS_SIMBA_1000U/LH_444_hlist_0.20000.list,PASS,,3202,3202,True,0,0.0
LH_444,444,0.25000,/home/ml/thesis-camels/data/raw/CAMELS_SIMBA_1000U/LH_444_hlist_0.25000.list,PASS,,4573,4573,True,0,0.0
LH_444,444,0.51209,/home/ml/thesis-camels/data/raw/CAMELS_SIMBA_1000U/LH_444_hlist_0.51209.list,PASS,,6422,6422,True,0,0.0
LH_444,444,0.75065,/home/ml/thesis-camels/data/raw/CAMELS_SIMBA_1000U/LH_444_hlist_0.75065.list,PASS,,6364,6364,True,0,0.0
LH_444,444,1.00000,/home/ml/thesis-camels/data/raw/CAMELS_SIMBA_1000U/LH_444_hlist_1.00000.list,PASS,,6637,6637,True,0,0.0
LH_445,445,0.20000,/home/ml/thesis-camels/data/raw/CAMELS_SIMBA_1000U/LH_445_hlist_0.20000.list,PASS,,4230,4230,True,0,0.0
LH_445,445,0.25000,/home/ml/thesis-camels/data/raw/CAMELS_SIMBA_1000U/LH_445_hlist_0.25000.list,PASS,,5739,5739,True,0,0.0
LH_445,445,0.51209,/home/ml/thesis-camels/data/raw/CAMELS_SIMBA_1000U/LH_445_hlist_0.51209.list,PASS,,7635,7635,True,0,0.0
LH_445,445,0.75065,/home/ml/thesis-camels/data/raw/CAMELS_SIMBA_1000U/LH_445_hlist_0.75065.list,PASS,,7145,7145,True,0,0.0
LH_445,445,1.00000,/home/ml/thesis-camels/data/raw/CAMELS_SIMBA_1000U/LH_445_hlist_1.00000.list,PASS,,7019,7019,True,0,0.0
LH_446,446,0.20000,/home/ml/thesis-camels/data/raw/CAMELS_SIMBA_1000U/LH_446_hlist_0.20000.list,PASS,,2450,2450,True,0,0.0
LH_446,446,0.25000,/home/ml/thesis-camels/data/raw/CAMELS_SIMBA_1000U/LH_446_hlist_0.25000.list,PASS,,3922,3922,True,0,0.0
LH_446,446,0.51209,/home/ml/thesis-camels/data/raw/CAMELS_SIMBA_1000U/LH_446_hlist_0.51209.list,PASS,,6059,6059,True,0,0.0
LH_446,446,0.75065,/home/ml/thesis-camels/data/raw/CAMELS_SIMBA_1000U/LH_446_hlist_0.75065.list,PASS,,6182,6182,True,0,0.0
LH_446,446,1.00000,/home/ml/thesis-camels/data/raw/CAMELS_SIMBA_1000U/LH_446_hlist_1.00000.list,PASS,,6488,6488,True,0,0.0
LH_447,447,0.20000,/home/ml/thesis-camels/data/raw/CAMELS_SIMBA_1000U/LH_447_hlist_0.20000.list,PASS,,1690,1690,True,0,0.0
LH_447,447,0.25000,/home/ml/thesis-camels/data/raw/CAMELS_SIMBA_1000U/LH_447_hlist_0.25000.list,PASS,,3174,3174,True,0,0.0
LH_447,447,0.51209,/home/ml/thesis-camels/data/raw/CAMELS_SIMBA_1000U/LH_447_hlist_0.51209.list,PASS,,6707,6707,True,0,0.0
LH_447,447,0.75065,/home/ml/thesis-camels/data/raw/CAMELS_SIMBA_1000U/LH_447_hlist_0.75065.list,PASS,,6896,6896,True,0,0.0
LH_447,447,1.00000,/home/ml/thesis-camels/data/raw/CAMELS_SIMBA_1000U/LH_447_hlist_1.00000.list,PASS,,7444,7444,True,0,0.0
LH_448,448,0.20000,/home/ml/thesis-camels/data/raw/CAMELS_SIMBA_1000U/LH_448_hlist_0.20000.list,PASS,,3139,3139,True,0,0.0
LH_448,448,0.25000,/home/ml/thesis-camels/data/raw/CAMELS_SIMBA_1000U/LH_448_hlist_0.25000.list,PASS,,4913,4913,True,0,0.0
LH_448,448,0.51209,/home/ml/thesis-camels/data/raw/CAMELS_SIMBA_1000U/LH_448_hlist_0.51209.list,PASS,,7333,7333,True,0,0.0
LH_448,448,0.75065,/home/ml/thesis-camels/data/raw/CAMELS_SIMBA_1000U/LH_448_hlist_0.75065.list,PASS,,7041,7041,True,0,0.0
LH_448,448,1.00000,/home/ml/thesis-camels/data/raw/CAMELS_SIMBA_1000U/LH_448_hlist_1.00000.list,PASS,,7224,7224,True,0,0.0
LH_449,449,0.20000,/home/ml/thesis-camels/data/raw/CAMELS_SIMBA_1000U/LH_449_hlist_0.20000.list,PASS,,4852,4852,True,0,0.0
LH_449,449,0.25000,/home/ml/thesis-camels/data/raw/CAMELS_SIMBA_1000U/LH_449_hlist_0.25000.list,PASS,,6348,6348,True,0,0.0
LH_449,449,0.51209,/home/ml/thesis-camels/data/raw/CAMELS_SIMBA_1000U/LH_449_hlist_0.51209.list,PASS,,8474,8474,True,0,0.0
LH_449,449,0.75065,/home/ml/thesis-camels/data/raw/CAMELS_SIMBA_1000U/LH_449_hlist_0.75065.list,PASS,,7743,7743,True,0,0.0
LH_449,449,1.00000,/home/ml/thesis-camels/data/raw/CAMELS_SIMBA_1000U/LH_449_hlist_1.00000.list,PASS,,7479,7479,True,0,0.0
LH_450,450,0.20000,/home/ml/thesis-camels/data/raw/CAMELS_SIMBA_1000U/LH_450_hlist_0.20000.list,PASS,,4931,4931,True,0,0.0
LH_450,450,0.25000,/home/ml/thesis-camels/data/raw/CAMELS_SIMBA_1000U/LH_450_hlist_0.25000.list,PASS,,6346,6346,True,0,0.0
LH_450,450,0.51209,/home/ml/thesis-camels/data/raw/CAMELS_SIMBA_1000U/LH_450_hlist_0.51209.list,PASS,,8351,8351,True,0,0.0
LH_450,450,0.75065,/home/ml/thesis-camels/data/raw/CAMELS_SIMBA_1000U/LH_450_hlist_0.75065.list,PASS,,7702,7702,True,0,0.0
LH_450,450,1.00000,/home/ml/thesis-camels/data/raw/CAMELS_SIMBA_1000U/LH_450_hlist_1.00000.list,PASS,,7606,7606,True,0,0.0
LH_451,451,0.20000,/home/ml/thesis-camels/data/raw/CAMELS_SIMBA_1000U/LH_451_hlist_0.20000.list,PASS,,7257,7257,True,0,0.0
LH_451,451,0.25000,/home/ml/thesis-camels/data/raw/CAMELS_SIMBA_1000U/LH_451_hlist_0.25000.list,PASS,,8074,8074,True,0,0.0
LH_451,451,0.51209,/home/ml/thesis-camels/data/raw/CAMELS_SIMBA_1000U/LH_451_hlist_0.51209.list,PASS,,7772,7772,True,0,0.0
LH_451,451,0.75065,/home/ml/thesis-camels/data/raw/CAMELS_SIMBA_1000U/LH_451_hlist_0.75065.list,PASS,,6650,6650,True,0,0.0
LH_451,451,1.00000,/home/ml/thesis-camels/data/raw/CAMELS_SIMBA_1000U/LH_451_hlist_1.00000.list,PASS,,6573,6573,True,0,0.0
LH_452,452,0.20000,/home/ml/thesis-camels/data/raw/CAMELS_SIMBA_1000U/LH_452_hlist_0.20000.list,PASS,,4406,4406,True,0,0.0
LH_452,452,0.25000,/home/ml/thesis-camels/data/raw/CAMELS_SIMBA_1000U/LH_452_hlist_0.25000.list,PASS,,5901,5901,True,0,0.0
LH_452,452,0.51209,/home/ml/thesis-camels/data/raw/CAMELS_SIMBA_1000U/LH_452_hlist_0.51209.list,PASS,,6784,6784,True,0,0.0
LH_452,452,0.75065,/home/ml/thesis-camels/data/raw/CAMELS_SIMBA_1000U/LH_452_hlist_0.75065.list,PASS,,6362,6362,True,0,0.0
LH_452,452,1.00000,/home/ml/thesis-camels/data/raw/CAMELS_SIMBA_1000U/LH_452_hlist_1.00000.list,PASS,,6549,6549,True,0,0.0
LH_453,453,0.20000,/home/ml/thesis-camels/data/raw/CAMELS_SIMBA_1000U/LH_453_hlist_0.20000.list,PASS,,4736,4736,True,0,0.0
LH_453,453,0.25000,/home/ml/thesis-camels/data/raw/CAMELS_SIMBA_1000U/LH_453_hlist_0.25000.list,PASS,,6535,6535,True,0,0.0
LH_453,453,0.51209,/home/ml/thesis-camels/data/raw/CAMELS_SIMBA_1000U/LH_453_hlist_0.51209.list,PASS,,8317,8317,True,0,0.0
LH_453,453,0.75065,/home/ml/thesis-camels/data/raw/CAMELS_SIMBA_1000U/LH_453_hlist_0.75065.list,PASS,,7529,7529,True,0,0.0
LH_453,453,1.00000,/home/ml/thesis-camels/data/raw/CAMELS_SIMBA_1000U/LH_453_hlist_1.00000.list,PASS,,7433,7433,True,0,0.0
LH_454,454,0.20000,/home/ml/thesis-camels/data/raw/CAMELS_SIMBA_1000U/LH_454_hlist_0.20000.list,PASS,,1660,1660,True,0,0.0
LH_454,454,0.25000,/home/ml/thesis-camels/data/raw/CAMELS_SIMBA_1000U/LH_454_hlist_0.25000.list,PASS,,2864,2864,True,0,0.0
LH_454,454,0.51209,/home/ml/thesis-camels/data/raw/CAMELS_SIMBA_1000U/LH_454_hlist_0.51209.list,PASS,,4761,4761,True,0,0.0
LH_454,454,0.75065,/home/ml/thesis-camels/data/raw/CAMELS_SIMBA_1000U/LH_454_hlist_0.75065.list,PASS,,4829,4829,True,0,0.0
LH_454,454,1.00000,/home/ml/thesis-camels/data/raw/CAMELS_SIMBA_1000U/LH_454_hlist_1.00000.list,PASS,,5322,5322,True,0,0.0
LH_455,455,0.20000,/home/ml/thesis-camels/data/raw/CAMELS_SIMBA_1000U/LH_455_hlist_0.20000.list,PASS,,3484,3484,True,0,0.0
LH_455,455,0.25000,/home/ml/thesis-camels/data/raw/CAMELS_SIMBA_1000U/LH_455_hlist_0.25000.list,PASS,,4574,4574,True,0,0.0
LH_455,455,0.51209,/home/ml/thesis-camels/data/raw/CAMELS_SIMBA_1000U/LH_455_hlist_0.51209.list,PASS,,5523,5523,True,0,0.0
LH_455,455,0.75065,/home/ml/thesis-camels/data/raw/CAMELS_SIMBA_1000U/LH_455_hlist_0.75065.list,PASS,,5446,5446,True,0,0.0
LH_455,455,1.00000,/home/ml/thesis-camels/data/raw/CAMELS_SIMBA_1000U/LH_455_hlist_1.00000.list,PASS,,5581,5581,True,0,0.0
LH_456,456,0.20000,/home/ml/thesis-camels/data/raw/CAMELS_SIMBA_1000U/LH_456_hlist_0.20000.list,PASS,,5433,5433,True,0,0.0
LH_456,456,0.25000,/home/ml/thesis-camels/data/raw/CAMELS_SIMBA_1000U/LH_456_hlist_0.25000.list,PASS,,6529,6529,True,0,0.0
LH_456,456,0.51209,/home/ml/thesis-camels/data/raw/CAMELS_SIMBA_1000U/LH_456_hlist_0.51209.list,PASS,,6687,6687,True,0,0.0
LH_456,456,0.75065,/home/ml/thesis-camels/data/raw/CAMELS_SIMBA_1000U/LH_456_hlist_0.75065.list,PASS,,5988,5988,True,0,0.0
LH_456,456,1.00000,/home/ml/thesis-camels/data/raw/CAMELS_SIMBA_1000U/LH_456_hlist_1.00000.list,PASS,,5962,5962,True,0,0.0
LH_457,457,0.20000,/home/ml/thesis-camels/data/raw/CAMELS_SIMBA_1000U/LH_457_hlist_0.20000.list,PASS,,4614,4614,True,0,0.0
LH_457,457,0.25000,/home/ml/thesis-camels/data/raw/CAMELS_SIMBA_1000U/LH_457_hlist_0.25000.list,PASS,,6406,6406,True,0,0.0
LH_457,457,0.51209,/home/ml/thesis-camels/data/raw/CAMELS_SIMBA_1000U/LH_457_hlist_0.51209.list,PASS,,8003,8003,True,0,0.0
LH_457,457,0.75065,/home/ml/thesis-camels/data/raw/CAMELS_SIMBA_1000U/LH_457_hlist_0.75065.list,PASS,,7281,7281,True,0,0.0
LH_457,457,1.00000,/home/ml/thesis-camels/data/raw/CAMELS_SIMBA_1000U/LH_457_hlist_1.00000.list,PASS,,7097,7097,True,0,0.0
LH_458,458,0.20000,/home/ml/thesis-camels/data/raw/CAMELS_SIMBA_1000U/LH_458_hlist_0.20000.list,PASS,,3761,3761,True,0,0.0
LH_458,458,0.25000,/home/ml/thesis-camels/data/raw/CAMELS_SIMBA_1000U/LH_458_hlist_0.25000.list,PASS,,5271,5271,True,0,0.0
LH_458,458,0.51209,/home/ml/thesis-camels/data/raw/CAMELS_SIMBA_1000U/LH_458_hlist_0.51209.list,PASS,,6643,6643,True,0,0.0
LH_458,458,0.75065,/home/ml/thesis-camels/data/raw/CAMELS_SIMBA_1000U/LH_458_hlist_0.75065.list,PASS,,6390,6390,True,0,0.0
LH_458,458,1.00000,/home/ml/thesis-camels/data/raw/CAMELS_SIMBA_1000U/LH_458_hlist_1.00000.list,PASS,,6610,6610,True,0,0.0
LH_459,459,0.20000,/home/ml/thesis-camels/data/raw/CAMELS_SIMBA_1000U/LH_459_hlist_0.20000.list,PASS,,4426,4426,True,0,0.0
LH_459,459,0.25000,/home/ml/thesis-camels/data/raw/CAMELS_SIMBA_1000U/LH_459_hlist_0.25000.list,PASS,,5963,5963,True,0,0.0
LH_459,459,0.51209,/home/ml/thesis-camels/data/raw/CAMELS_SIMBA_1000U/LH_459_hlist_0.51209.list,PASS,,7908,7908,True,0,0.0
LH_459,459,0.75065,/home/ml/thesis-camels/data/raw/CAMELS_SIMBA_1000U/LH_459_hlist_0.75065.list,PASS,,7398,7398,True,0,0.0
LH_459,459,1.00000,/home/ml/thesis-camels/data/raw/CAMELS_SIMBA_1000U/LH_459_hlist_1.00000.list,PASS,,7300,7300,True,0,0.0
LH_460,460,0.20000,/home/ml/thesis-camels/data/raw/CAMELS_SIMBA_1000U/LH_460_hlist_0.20000.list,PASS,,564,564,False,936,62.4
LH_460,460,0.25000,/home/ml/thesis-camels/data/raw/CAMELS_SIMBA_1000U/LH_460_hlist_0.25000.list,PASS,,1537,1537,True,0,0.0
LH_460,460,0.51209,/home/ml/thesis-camels/data/raw/CAMELS_SIMBA_1000U/LH_460_hlist_0.51209.list,PASS,,5023,5023,True,0,0.0
LH_460,460,0.75065,/home/ml/thesis-camels/data/raw/CAMELS_SIMBA_1000U/LH_460_hlist_0.75065.list,PASS,,5603,5603,True,0,0.0
LH_460,460,1.00000,/home/ml/thesis-camels/data/raw/CAMELS_SIMBA_1000U/LH_460_hlist_1.00000.list,PASS,,6320,6320,True,0,0.0
LH_461,461,0.20000,/home/ml/thesis-camels/data/raw/CAMELS_SIMBA_1000U/LH_461_hlist_0.20000.list,PASS,,4559,4559,True,0,0.0
LH_461,461,0.25000,/home/ml/thesis-camels/data/raw/CAMELS_SIMBA_1000U/LH_461_hlist_0.25000.list,PASS,,6166,6166,True,0,0.0
LH_461,461,0.51209,/home/ml/thesis-camels/data/raw/CAMELS_SIMBA_1000U/LH_461_hlist_0.51209.list,PASS,,8722,8722,True,0,0.0
LH_461,461,0.75065,/home/ml/thesis-camels/data/raw/CAMELS_SIMBA_1000U/LH_461_hlist_0.75065.list,PASS,,7941,7941,True,0,0.0
LH_461,461,1.00000,/home/ml/thesis-camels/data/raw/CAMELS_SIMBA_1000U/LH_461_hlist_1.00000.list,PASS,,7705,7705,True,0,0.0
LH_462,462,0.20000,/home/ml/thesis-camels/data/raw/CAMELS_SIMBA_1000U/LH_462_hlist_0.20000.list,PASS,,6490,6490,True,0,0.0
LH_462,462,0.25000,/home/ml/thesis-camels/data/raw/CAMELS_SIMBA_1000U/LH_462_hlist_0.25000.list,PASS,,7245,7245,True,0,0.0
LH_462,462,0.51209,/home/ml/thesis-camels/data/raw/CAMELS_SIMBA_1000U/LH_462_hlist_0.51209.list,PASS,,7326,7326,True,0,0.0
LH_462,462,0.75065,/home/ml/thesis-camels/data/raw/CAMELS_SIMBA_1000U/LH_462_hlist_0.75065.list,PASS,,6709,6709,True,0,0.0
LH_462,462,1.00000,/home/ml/thesis-camels/data/raw/CAMELS_SIMBA_1000U/LH_462_hlist_1.00000.list,PASS,,6825,6825,True,0,0.0
LH_463,463,0.20000,/home/ml/thesis-camels/data/raw/CAMELS_SIMBA_1000U/LH_463_hlist_0.20000.list,PASS,,3213,3213,True,0,0.0
LH_463,463,0.25000,/home/ml/thesis-camels/data/raw/CAMELS_SIMBA_1000U/LH_463_hlist_0.25000.list,PASS,,4777,4777,True,0,0.0
LH_463,463,0.51209,/home/ml/thesis-camels/data/raw/CAMELS_SIMBA_1000U/LH_463_hlist_0.51209.list,PASS,,8010,8010,True,0,0.0
LH_463,463,0.75065,/home/ml/thesis-camels/data/raw/CAMELS_SIMBA_1000U/LH_463_hlist_0.75065.list,PASS,,7593,7593,True,0,0.0
LH_463,463,1.00000,/home/ml/thesis-camels/data/raw/CAMELS_SIMBA_1000U/LH_463_hlist_1.00000.list,PASS,,7618,7618,True,0,0.0
LH_464,464,0.20000,/home/ml/thesis-camels/data/raw/CAMELS_SIMBA_1000U/LH_464_hlist_0.20000.list,PASS,,4528,4528,True,0,0.0
LH_464,464,0.25000,/home/ml/thesis-camels/data/raw/CAMELS_SIMBA_1000U/LH_464_hlist_0.25000.list,PASS,,5801,5801,True,0,0.0
LH_464,464,0.51209,/home/ml/thesis-camels/data/raw/CAMELS_SIMBA_1000U/LH_464_hlist_0.51209.list,PASS,,6468,6468,True,0,0.0
LH_464,464,0.75065,/home/ml/thesis-camels/data/raw/CAMELS_SIMBA_1000U/LH_464_hlist_0.75065.list,PASS,,6275,6275,True,0,0.0
LH_464,464,1.00000,/home/ml/thesis-camels/data/raw/CAMELS_SIMBA_1000U/LH_464_hlist_1.00000.list,PASS,,6512,6512,True,0,0.0
LH_465,465,0.20000,/home/ml/thesis-camels/data/raw/CAMELS_SIMBA_1000U/LH_465_hlist_0.20000.list,PASS,,5313,5313,True,0,0.0
LH_465,465,0.25000,/home/ml/thesis-camels/data/raw/CAMELS_SIMBA_1000U/LH_465_hlist_0.25000.list,PASS,,6884,6884,True,0,0.0
LH_465,465,0.51209,/home/ml/thesis-camels/data/raw/CAMELS_SIMBA_1000U/LH_465_hlist_0.51209.list,PASS,,7411,7411,True,0,0.0
LH_465,465,0.75065,/home/ml/thesis-camels/data/raw/CAMELS_SIMBA_1000U/LH_465_hlist_0.75065.list,PASS,,6669,6669,True,0,0.0
LH_465,465,1.00000,/home/ml/thesis-camels/data/raw/CAMELS_SIMBA_1000U/LH_465_hlist_1.00000.list,PASS,,6604,6604,True,0,0.0
LH_466,466,0.20000,/home/ml/thesis-camels/data/raw/CAMELS_SIMBA_1000U/LH_466_hlist_0.20000.list,PASS,,6731,6731,True,0,0.0
LH_466,466,0.25000,/home/ml/thesis-camels/data/raw/CAMELS_SIMBA_1000U/LH_466_hlist_0.25000.list,PASS,,7806,7806,True,0,0.0
LH_466,466,0.51209,/home/ml/thesis-camels/data/raw/CAMELS_SIMBA_1000U/LH_466_hlist_0.51209.list,PASS,,7561,7561,True,0,0.0
LH_466,466,0.75065,/home/ml/thesis-camels/data/raw/CAMELS_SIMBA_1000U/LH_466_hlist_0.75065.list,PASS,,6522,6522,True,0,0.0
LH_466,466,1.00000,/home/ml/thesis-camels/data/raw/CAMELS_SIMBA_1000U/LH_466_hlist_1.00000.list,PASS,,6263,6263,True,0,0.0
LH_467,467,0.20000,/home/ml/thesis-camels/data/raw/CAMELS_SIMBA_1000U/LH_467_hlist_0.20000.list,PASS,,1908,1908,True,0,0.0
LH_467,467,0.25000,/home/ml/thesis-camels/data/raw/CAMELS_SIMBA_1000U/LH_467_hlist_0.25000.list,PASS,,3248,3248,True,0,0.0
LH_467,467,0.51209,/home/ml/thesis-camels/data/raw/CAMELS_SIMBA_1000U/LH_467_hlist_0.51209.list,PASS,,6788,6788,True,0,0.0
LH_467,467,0.75065,/home/ml/thesis-camels/data/raw/CAMELS_SIMBA_1000U/LH_467_hlist_0.75065.list,PASS,,7017,7017,True,0,0.0
LH_467,467,1.00000,/home/ml/thesis-camels/data/raw/CAMELS_SIMBA_1000U/LH_467_hlist_1.00000.list,PASS,,7422,7422,True,0,0.0
LH_468,468,0.20000,/home/ml/thesis-camels/data/raw/CAMELS_SIMBA_1000U/LH_468_hlist_0.20000.list,PASS,,4642,4642,True,0,0.0
LH_468,468,0.25000,/home/ml/thesis-camels/data/raw/CAMELS_SIMBA_1000U/LH_468_hlist_0.25000.list,PASS,,6349,6349,True,0,0.0
LH_468,468,0.51209,/home/ml/thesis-camels/data/raw/CAMELS_SIMBA_1000U/LH_468_hlist_0.51209.list,PASS,,8919,8919,True,0,0.0
LH_468,468,0.75065,/home/ml/thesis-camels/data/raw/CAMELS_SIMBA_1000U/LH_468_hlist_0.75065.list,PASS,,8132,8132,True,0,0.0
LH_468,468,1.00000,/home/ml/thesis-camels/data/raw/CAMELS_SIMBA_1000U/LH_468_hlist_1.00000.list,PASS,,7868,7868,True,0,0.0
LH_469,469,0.20000,/home/ml/thesis-camels/data/raw/CAMELS_SIMBA_1000U/LH_469_hlist_0.20000.list,PASS,,4311,4311,True,0,0.0
LH_469,469,0.25000,/home/ml/thesis-camels/data/raw/CAMELS_SIMBA_1000U/LH_469_hlist_0.25000.list,PASS,,5931,5931,True,0,0.0
LH_469,469,0.51209,/home/ml/thesis-camels/data/raw/CAMELS_SIMBA_1000U/LH_469_hlist_0.51209.list,PASS,,8621,8621,True,0,0.0
LH_469,469,0.75065,/home/ml/thesis-camels/data/raw/CAMELS_SIMBA_1000U/LH_469_hlist_0.75065.list,PASS,,8104,8104,True,0,0.0
LH_469,469,1.00000,/home/ml/thesis-camels/data/raw/CAMELS_SIMBA_1000U/LH_469_hlist_1.00000.list,PASS,,7746,7746,True,0,0.0
LH_470,470,0.20000,/home/ml/thesis-camels/data/raw/CAMELS_SIMBA_1000U/LH_470_hlist_0.20000.list,PASS,,7529,7529,True,0,0.0
LH_470,470,0.25000,/home/ml/thesis-camels/data/raw/CAMELS_SIMBA_1000U/LH_470_hlist_0.25000.list,PASS,,7901,7901,True,0,0.0
LH_470,470,0.51209,/home/ml/thesis-camels/data/raw/CAMELS_SIMBA_1000U/LH_470_hlist_0.51209.list,PASS,,6110,6110,True,0,0.0
LH_470,470,0.75065,/home/ml/thesis-camels/data/raw/CAMELS_SIMBA_1000U/LH_470_hlist_0.75065.list,PASS,,5247,5247,True,0,0.0
LH_470,470,1.00000,/home/ml/thesis-camels/data/raw/CAMELS_SIMBA_1000U/LH_470_hlist_1.00000.list,PASS,,5009,5009,True,0,0.0
LH_471,471,0.20000,/home/ml/thesis-camels/data/raw/CAMELS_SIMBA_1000U/LH_471_hlist_0.20000.list,PASS,,6054,6054,True,0,0.0
LH_471,471,0.25000,/home/ml/thesis-camels/data/raw/CAMELS_SIMBA_1000U/LH_471_hlist_0.25000.list,PASS,,7124,7124,True,0,0.0
LH_471,471,0.51209,/home/ml/thesis-camels/data/raw/CAMELS_SIMBA_1000U/LH_471_hlist_0.51209.list,PASS,,7185,7185,True,0,0.0
LH_471,471,0.75065,/home/ml/thesis-camels/data/raw/CAMELS_SIMBA_1000U/LH_471_hlist_0.75065.list,PASS,,6380,6380,True,0,0.0
LH_471,471,1.00000,/home/ml/thesis-camels/data/raw/CAMELS_SIMBA_1000U/LH_471_hlist_1.00000.list,PASS,,6319,6319,True,0,0.0
LH_472,472,0.20000,/home/ml/thesis-camels/data/raw/CAMELS_SIMBA_1000U/LH_472_hlist_0.20000.list,PASS,,7377,7377,True,0,0.0
LH_472,472,0.25000,/home/ml/thesis-camels/data/raw/CAMELS_SIMBA_1000U/LH_472_hlist_0.25000.list,PASS,,8134,8134,True,0,0.0
LH_472,472,0.51209,/home/ml/thesis-camels/data/raw/CAMELS_SIMBA_1000U/LH_472_hlist_0.51209.list,PASS,,7469,7469,True,0,0.0
LH_472,472,0.75065,/home/ml/thesis-camels/data/raw/CAMELS_SIMBA_1000U/LH_472_hlist_0.75065.list,PASS,,6419,6419,True,0,0.0
LH_472,472,1.00000,/home/ml/thesis-camels/data/raw/CAMELS_SIMBA_1000U/LH_472_hlist_1.00000.list,PASS,,6224,6224,True,0,0.0
LH_473,473,0.20000,/home/ml/thesis-camels/data/raw/CAMELS_SIMBA_1000U/LH_473_hlist_0.20000.list,PASS,,9226,9226,True,0,0.0
LH_473,473,0.25000,/home/ml/thesis-camels/data/raw/CAMELS_SIMBA_1000U/LH_473_hlist_0.25000.list,PASS,,9543,9543,True,0,0.0
LH_473,473,0.51209,/home/ml/thesis-camels/data/raw/CAMELS_SIMBA_1000U/LH_473_hlist_0.51209.list,PASS,,7646,7646,True,0,0.0
LH_473,473,0.75065,/home/ml/thesis-camels/data/raw/CAMELS_SIMBA_1000U/LH_473_hlist_0.75065.list,PASS,,6137,6137,True,0,0.0
LH_473,473,1.00000,/home/ml/thesis-camels/data/raw/CAMELS_SIMBA_1000U/LH_473_hlist_1.00000.list,PASS,,5745,5745,True,0,0.0
LH_474,474,0.20000,/home/ml/thesis-camels/data/raw/CAMELS_SIMBA_1000U/LH_474_hlist_0.20000.list,PASS,,5659,5659,True,0,0.0
LH_474,474,0.25000,/home/ml/thesis-camels/data/raw/CAMELS_SIMBA_1000U/LH_474_hlist_0.25000.list,PASS,,7175,7175,True,0,0.0
LH_474,474,0.51209,/home/ml/thesis-camels/data/raw/CAMELS_SIMBA_1000U/LH_474_hlist_0.51209.list,PASS,,8692,8692,True,0,0.0
LH_474,474,0.75065,/home/ml/thesis-camels/data/raw/CAMELS_SIMBA_1000U/LH_474_hlist_0.75065.list,PASS,,7611,7611,True,0,0.0
LH_474,474,1.00000,/home/ml/thesis-camels/data/raw/CAMELS_SIMBA_1000U/LH_474_hlist_1.00000.list,PASS,,7218,7218,True,0,0.0
LH_475,475,0.20000,/home/ml/thesis-camels/data/raw/CAMELS_SIMBA_1000U/LH_475_hlist_0.20000.list,PASS,,3743,3743,True,0,0.0
LH_475,475,0.25000,/home/ml/thesis-camels/data/raw/CAMELS_SIMBA_1000U/LH_475_hlist_0.25000.list,PASS,,5266,5266,True,0,0.0
LH_475,475,0.51209,/home/ml/thesis-camels/data/raw/CAMELS_SIMBA_1000U/LH_475_hlist_0.51209.list,PASS,,7571,7571,True,0,0.0
LH_475,475,0.75065,/home/ml/thesis-camels/data/raw/CAMELS_SIMBA_1000U/LH_475_hlist_0.75065.list,PASS,,7384,7384,True,0,0.0
LH_475,475,1.00000,/home/ml/thesis-camels/data/raw/CAMELS_SIMBA_1000U/LH_475_hlist_1.00000.list,PASS,,7637,7637,True,0,0.0
LH_476,476,0.20000,/home/ml/thesis-camels/data/raw/CAMELS_SIMBA_1000U/LH_476_hlist_0.20000.list,PASS,,3158,3158,True,0,0.0
LH_476,476,0.25000,/home/ml/thesis-camels/data/raw/CAMELS_SIMBA_1000U/LH_476_hlist_0.25000.list,PASS,,4807,4807,True,0,0.0
LH_476,476,0.51209,/home/ml/thesis-camels/data/raw/CAMELS_SIMBA_1000U/LH_476_hlist_0.51209.list,PASS,,7592,7592,True,0,0.0
LH_476,476,0.75065,/home/ml/thesis-camels/data/raw/CAMELS_SIMBA_1000U/LH_476_hlist_0.75065.list,PASS,,7182,7182,True,0,0.0
LH_476,476,1.00000,/home/ml/thesis-camels/data/raw/CAMELS_SIMBA_1000U/LH_476_hlist_1.00000.list,PASS,,7367,7367,True,0,0.0
LH_477,477,0.20000,/home/ml/thesis-camels/data/raw/CAMELS_SIMBA_1000U/LH_477_hlist_0.20000.list,PASS,,8204,8204,True,0,0.0
LH_477,477,0.25000,/home/ml/thesis-camels/data/raw/CAMELS_SIMBA_1000U/LH_477_hlist_0.25000.list,PASS,,8961,8961,True,0,0.0
LH_477,477,0.51209,/home/ml/thesis-camels/data/raw/CAMELS_SIMBA_1000U/LH_477_hlist_0.51209.list,PASS,,7540,7540,True,0,0.0
LH_477,477,0.75065,/home/ml/thesis-camels/data/raw/CAMELS_SIMBA_1000U/LH_477_hlist_0.75065.list,PASS,,6435,6435,True,0,0.0
LH_477,477,1.00000,/home/ml/thesis-camels/data/raw/CAMELS_SIMBA_1000U/LH_477_hlist_1.00000.list,PASS,,6033,6033,True,0,0.0
LH_478,478,0.20000,/home/ml/thesis-camels/data/raw/CAMELS_SIMBA_1000U/LH_478_hlist_0.20000.list,PASS,,6826,6826,True,0,0.0
LH_478,478,0.25000,/home/ml/thesis-camels/data/raw/CAMELS_SIMBA_1000U/LH_478_hlist_0.25000.list,PASS,,8015,8015,True,0,0.0
LH_478,478,0.51209,/home/ml/thesis-camels/data/raw/CAMELS_SIMBA_1000U/LH_478_hlist_0.51209.list,PASS,,8598,8598,True,0,0.0
LH_478,478,0.75065,/home/ml/thesis-camels/data/raw/CAMELS_SIMBA_1000U/LH_478_hlist_0.75065.list,PASS,,6951,6951,True,0,0.0
LH_478,478,1.00000,/home/ml/thesis-camels/data/raw/CAMELS_SIMBA_1000U/LH_478_hlist_1.00000.list,PASS,,6613,6613,True,0,0.0
LH_479,479,0.20000,/home/ml/thesis-camels/data/raw/CAMELS_SIMBA_1000U/LH_479_hlist_0.20000.list,PASS,,9354,9354,True,0,0.0
LH_479,479,0.25000,/home/ml/thesis-camels/data/raw/CAMELS_SIMBA_1000U/LH_479_hlist_0.25000.list,PASS,,9612,9612,True,0,0.0
LH_479,479,0.51209,/home/ml/thesis-camels/data/raw/CAMELS_SIMBA_1000U/LH_479_hlist_0.51209.list,PASS,,7246,7246,True,0,0.0
LH_479,479,0.75065,/home/ml/thesis-camels/data/raw/CAMELS_SIMBA_1000U/LH_479_hlist_0.75065.list,PASS,,5830,5830,True,0,0.0
LH_479,479,1.00000,/home/ml/thesis-camels/data/raw/CAMELS_SIMBA_1000U/LH_479_hlist_1.00000.list,PASS,,5185,5185,True,0,0.0
LH_480,480,0.20000,/home/ml/thesis-camels/data/raw/CAMELS_SIMBA_1000U/LH_480_hlist_0.20000.list,PASS,,5044,5044,True,0,0.0
LH_480,480,0.25000,/home/ml/thesis-camels/data/raw/CAMELS_SIMBA_1000U/LH_480_hlist_0.25000.list,PASS,,5969,5969,True,0,0.0
LH_480,480,0.51209,/home/ml/thesis-camels/data/raw/CAMELS_SIMBA_1000U/LH_480_hlist_0.51209.list,PASS,,5999,5999,True,0,0.0
LH_480,480,0.75065,/home/ml/thesis-camels/data/raw/CAMELS_SIMBA_1000U/LH_480_hlist_0.75065.list,PASS,,5636,5636,True,0,0.0
LH_480,480,1.00000,/home/ml/thesis-camels/data/raw/CAMELS_SIMBA_1000U/LH_480_hlist_1.00000.list,PASS,,5815,5815,True,0,0.0
LH_481,481,0.20000,/home/ml/thesis-camels/data/raw/CAMELS_SIMBA_1000U/LH_481_hlist_0.20000.list,PASS,,1168,1168,False,332,22.133333333333333
LH_481,481,0.25000,/home/ml/thesis-camels/data/raw/CAMELS_SIMBA_1000U/LH_481_hlist_0.25000.list,PASS,,2403,2403,True,0,0.0
LH_481,481,0.51209,/home/ml/thesis-camels/data/raw/CAMELS_SIMBA_1000U/LH_481_hlist_0.51209.list,PASS,,4455,4455,True,0,0.0
LH_481,481,0.75065,/home/ml/thesis-camels/data/raw/CAMELS_SIMBA_1000U/LH_481_hlist_0.75065.list,PASS,,4859,4859,True,0,0.0
LH_481,481,1.00000,/home/ml/thesis-camels/data/raw/CAMELS_SIMBA_1000U/LH_481_hlist_1.00000.list,PASS,,5406,5406,True,0,0.0
LH_482,482,0.20000,/home/ml/thesis-camels/data/raw/CAMELS_SIMBA_1000U/LH_482_hlist_0.20000.list,PASS,,5839,5839,True,0,0.0
LH_482,482,0.25000,/home/ml/thesis-camels/data/raw/CAMELS_SIMBA_1000U/LH_482_hlist_0.25000.list,PASS,,7074,7074,True,0,0.0
LH_482,482,0.51209,/home/ml/thesis-camels/data/raw/CAMELS_SIMBA_1000U/LH_482_hlist_0.51209.list,PASS,,7211,7211,True,0,0.0
LH_482,482,0.75065,/home/ml/thesis-camels/data/raw/CAMELS_SIMBA_1000U/LH_482_hlist_0.75065.list,PASS,,6246,6246,True,0,0.0
LH_482,482,1.00000,/home/ml/thesis-camels/data/raw/CAMELS_SIMBA_1000U/LH_482_hlist_1.00000.list,PASS,,6366,6366,True,0,0.0
LH_483,483,0.20000,/home/ml/thesis-camels/data/raw/CAMELS_SIMBA_1000U/LH_483_hlist_0.20000.list,PASS,,6551,6551,True,0,0.0
LH_483,483,0.25000,/home/ml/thesis-camels/data/raw/CAMELS_SIMBA_1000U/LH_483_hlist_0.25000.list,PASS,,7489,7489,True,0,0.0
LH_483,483,0.51209,/home/ml/thesis-camels/data/raw/CAMELS_SIMBA_1000U/LH_483_hlist_0.51209.list,PASS,,7397,7397,True,0,0.0
LH_483,483,0.75065,/home/ml/thesis-camels/data/raw/CAMELS_SIMBA_1000U/LH_483_hlist_0.75065.list,PASS,,6562,6562,True,0,0.0
LH_483,483,1.00000,/home/ml/thesis-camels/data/raw/CAMELS_SIMBA_1000U/LH_483_hlist_1.00000.list,PASS,,6596,6596,True,0,0.0
LH_484,484,0.20000,/home/ml/thesis-camels/data/raw/CAMELS_SIMBA_1000U/LH_484_hlist_0.20000.list,PASS,,3109,3109,True,0,0.0
LH_484,484,0.25000,/home/ml/thesis-camels/data/raw/CAMELS_SIMBA_1000U/LH_484_hlist_0.25000.list,PASS,,4666,4666,True,0,0.0
LH_484,484,0.51209,/home/ml/thesis-camels/data/raw/CAMELS_SIMBA_1000U/LH_484_hlist_0.51209.list,PASS,,6565,6565,True,0,0.0
LH_484,484,0.75065,/home/ml/thesis-camels/data/raw/CAMELS_SIMBA_1000U/LH_484_hlist_0.75065.list,PASS,,6377,6377,True,0,0.0
LH_484,484,1.00000,/home/ml/thesis-camels/data/raw/CAMELS_SIMBA_1000U/LH_484_hlist_1.00000.list,PASS,,6824,6824,True,0,0.0
LH_485,485,0.20000,/home/ml/thesis-camels/data/raw/CAMELS_SIMBA_1000U/LH_485_hlist_0.20000.list,PASS,,2954,2954,True,0,0.0
LH_485,485,0.25000,/home/ml/thesis-camels/data/raw/CAMELS_SIMBA_1000U/LH_485_hlist_0.25000.list,PASS,,4505,4505,True,0,0.0
LH_485,485,0.51209,/home/ml/thesis-camels/data/raw/CAMELS_SIMBA_1000U/LH_485_hlist_0.51209.list,PASS,,6136,6136,True,0,0.0
LH_485,485,0.75065,/home/ml/thesis-camels/data/raw/CAMELS_SIMBA_1000U/LH_485_hlist_0.75065.list,PASS,,5822,5822,True,0,0.0
LH_485,485,1.00000,/home/ml/thesis-camels/data/raw/CAMELS_SIMBA_1000U/LH_485_hlist_1.00000.list,PASS,,6057,6057,True,0,0.0
LH_486,486,0.20000,/home/ml/thesis-camels/data/raw/CAMELS_SIMBA_1000U/LH_486_hlist_0.20000.list,PASS,,4408,4408,True,0,0.0
LH_486,486,0.25000,/home/ml/thesis-camels/data/raw/CAMELS_SIMBA_1000U/LH_486_hlist_0.25000.list,PASS,,5886,5886,True,0,0.0
LH_486,486,0.51209,/home/ml/thesis-camels/data/raw/CAMELS_SIMBA_1000U/LH_486_hlist_0.51209.list,PASS,,8698,8698,True,0,0.0
LH_486,486,0.75065,/home/ml/thesis-camels/data/raw/CAMELS_SIMBA_1000U/LH_486_hlist_0.75065.list,PASS,,8276,8276,True,0,0.0
LH_486,486,1.00000,/home/ml/thesis-camels/data/raw/CAMELS_SIMBA_1000U/LH_486_hlist_1.00000.list,PASS,,7967,7967,True,0,0.0
LH_487,487,0.20000,/home/ml/thesis-camels/data/raw/CAMELS_SIMBA_1000U/LH_487_hlist_0.20000.list,PASS,,2838,2838,True,0,0.0
LH_487,487,0.25000,/home/ml/thesis-camels/data/raw/CAMELS_SIMBA_1000U/LH_487_hlist_0.25000.list,PASS,,4405,4405,True,0,0.0
LH_487,487,0.51209,/home/ml/thesis-camels/data/raw/CAMELS_SIMBA_1000U/LH_487_hlist_0.51209.list,PASS,,5986,5986,True,0,0.0
LH_487,487,0.75065,/home/ml/thesis-camels/data/raw/CAMELS_SIMBA_1000U/LH_487_hlist_0.75065.list,PASS,,5882,5882,True,0,0.0
LH_487,487,1.00000,/home/ml/thesis-camels/data/raw/CAMELS_SIMBA_1000U/LH_487_hlist_1.00000.list,PASS,,6161,6161,True,0,0.0
LH_488,488,0.20000,/home/ml/thesis-camels/data/raw/CAMELS_SIMBA_1000U/LH_488_hlist_0.20000.list,PASS,,5357,5357,True,0,0.0
LH_488,488,0.25000,/home/ml/thesis-camels/data/raw/CAMELS_SIMBA_1000U/LH_488_hlist_0.25000.list,PASS,,6244,6244,True,0,0.0
LH_488,488,0.51209,/home/ml/thesis-camels/data/raw/CAMELS_SIMBA_1000U/LH_488_hlist_0.51209.list,PASS,,6326,6326,True,0,0.0
LH_488,488,0.75065,/home/ml/thesis-camels/data/raw/CAMELS_SIMBA_1000U/LH_488_hlist_0.75065.list,PASS,,5742,5742,True,0,0.0
LH_488,488,1.00000,/home/ml/thesis-camels/data/raw/CAMELS_SIMBA_1000U/LH_488_hlist_1.00000.list,PASS,,5917,5917,True,0,0.0
LH_489,489,0.20000,/home/ml/thesis-camels/data/raw/CAMELS_SIMBA_1000U/LH_489_hlist_0.20000.list,PASS,,3665,3665,True,0,0.0
LH_489,489,0.25000,/home/ml/thesis-camels/data/raw/CAMELS_SIMBA_1000U/LH_489_hlist_0.25000.list,PASS,,5100,5100,True,0,0.0
LH_489,489,0.51209,/home/ml/thesis-camels/data/raw/CAMELS_SIMBA_1000U/LH_489_hlist_0.51209.list,PASS,,6229,6229,True,0,0.0
LH_489,489,0.75065,/home/ml/thesis-camels/data/raw/CAMELS_SIMBA_1000U/LH_489_hlist_0.75065.list,PASS,,5917,5917,True,0,0.0
LH_489,489,1.00000,/home/ml/thesis-camels/data/raw/CAMELS_SIMBA_1000U/LH_489_hlist_1.00000.list,PASS,,6209,6209,True,0,0.0
LH_490,490,0.20000,/home/ml/thesis-camels/data/raw/CAMELS_SIMBA_1000U/LH_490_hlist_0.20000.list,PASS,,4038,4038,True,0,0.0
LH_490,490,0.25000,/home/ml/thesis-camels/data/raw/CAMELS_SIMBA_1000U/LH_490_hlist_0.25000.list,PASS,,5273,5273,True,0,0.0
LH_490,490,0.51209,/home/ml/thesis-camels/data/raw/CAMELS_SIMBA_1000U/LH_490_hlist_0.51209.list,PASS,,6209,6209,True,0,0.0
LH_490,490,0.75065,/home/ml/thesis-camels/data/raw/CAMELS_SIMBA_1000U/LH_490_hlist_0.75065.list,PASS,,5940,5940,True,0,0.0
LH_490,490,1.00000,/home/ml/thesis-camels/data/raw/CAMELS_SIMBA_1000U/LH_490_hlist_1.00000.list,PASS,,6187,6187,True,0,0.0
LH_491,491,0.20000,/home/ml/thesis-camels/data/raw/CAMELS_SIMBA_1000U/LH_491_hlist_0.20000.list,PASS,,7993,7993,True,0,0.0
LH_491,491,0.25000,/home/ml/thesis-camels/data/raw/CAMELS_SIMBA_1000U/LH_491_hlist_0.25000.list,PASS,,8459,8459,True,0,0.0
LH_491,491,0.51209,/home/ml/thesis-camels/data/raw/CAMELS_SIMBA_1000U/LH_491_hlist_0.51209.list,PASS,,6860,6860,True,0,0.0
LH_491,491,0.75065,/home/ml/thesis-camels/data/raw/CAMELS_SIMBA_1000U/LH_491_hlist_0.75065.list,PASS,,5829,5829,True,0,0.0
LH_491,491,1.00000,/home/ml/thesis-camels/data/raw/CAMELS_SIMBA_1000U/LH_491_hlist_1.00000.list,PASS,,5671,5671,True,0,0.0
LH_492,492,0.20000,/home/ml/thesis-camels/data/raw/CAMELS_SIMBA_1000U/LH_492_hlist_0.20000.list,PASS,,361,361,False,1139,75.93333333333334
LH_492,492,0.25000,/home/ml/thesis-camels/data/raw/CAMELS_SIMBA_1000U/LH_492_hlist_0.25000.list,PASS,,1159,1159,False,341,22.733333333333334
LH_492,492,0.51209,/home/ml/thesis-camels/data/raw/CAMELS_SIMBA_1000U/LH_492_hlist_0.51209.list,PASS,,3835,3835,True,0,0.0
LH_492,492,0.75065,/home/ml/thesis-camels/data/raw/CAMELS_SIMBA_1000U/LH_492_hlist_0.75065.list,PASS,,4352,4352,True,0,0.0
LH_492,492,1.00000,/home/ml/thesis-camels/data/raw/CAMELS_SIMBA_1000U/LH_492_hlist_1.00000.list,PASS,,4997,4997,True,0,0.0
LH_493,493,0.20000,/home/ml/thesis-camels/data/raw/CAMELS_SIMBA_1000U/LH_493_hlist_0.20000.list,PASS,,2947,2947,True,0,0.0
LH_493,493,0.25000,/home/ml/thesis-camels/data/raw/CAMELS_SIMBA_1000U/LH_493_hlist_0.25000.list,PASS,,4715,4715,True,0,0.0
LH_493,493,0.51209,/home/ml/thesis-camels/data/raw/CAMELS_SIMBA_1000U/LH_493_hlist_0.51209.list,PASS,,7664,7664,True,0,0.0
LH_493,493,0.75065,/home/ml/thesis-camels/data/raw/CAMELS_SIMBA_1000U/LH_493_hlist_0.75065.list,PASS,,7293,7293,True,0,0.0
LH_493,493,1.00000,/home/ml/thesis-camels/data/raw/CAMELS_SIMBA_1000U/LH_493_hlist_1.00000.list,PASS,,7202,7202,True,0,0.0
LH_494,494,0.20000,/home/ml/thesis-camels/data/raw/CAMELS_SIMBA_1000U/LH_494_hlist_0.20000.list,PASS,,6799,6799,True,0,0.0
LH_494,494,0.25000,/home/ml/thesis-camels/data/raw/CAMELS_SIMBA_1000U/LH_494_hlist_0.25000.list,PASS,,8119,8119,True,0,0.0
LH_494,494,0.51209,/home/ml/thesis-camels/data/raw/CAMELS_SIMBA_1000U/LH_494_hlist_0.51209.list,PASS,,8098,8098,True,0,0.0
LH_494,494,0.75065,/home/ml/thesis-camels/data/raw/CAMELS_SIMBA_1000U/LH_494_hlist_0.75065.list,PASS,,6876,6876,True,0,0.0
LH_494,494,1.00000,/home/ml/thesis-camels/data/raw/CAMELS_SIMBA_1000U/LH_494_hlist_1.00000.list,PASS,,6495,6495,True,0,0.0
LH_495,495,0.20000,/home/ml/thesis-camels/data/raw/CAMELS_SIMBA_1000U/LH_495_hlist_0.20000.list,PASS,,3100,3100,True,0,0.0
LH_495,495,0.25000,/home/ml/thesis-camels/data/raw/CAMELS_SIMBA_1000U/LH_495_hlist_0.25000.list,PASS,,4571,4571,True,0,0.0
LH_495,495,0.51209,/home/ml/thesis-camels/data/raw/CAMELS_SIMBA_1000U/LH_495_hlist_0.51209.list,PASS,,6252,6252,True,0,0.0
LH_495,495,0.75065,/home/ml/thesis-camels/data/raw/CAMELS_SIMBA_1000U/LH_495_hlist_0.75065.list,PASS,,6053,6053,True,0,0.0
LH_495,495,1.00000,/home/ml/thesis-camels/data/raw/CAMELS_SIMBA_1000U/LH_495_hlist_1.00000.list,PASS,,6311,6311,True,0,0.0
LH_496,496,0.20000,/home/ml/thesis-camels/data/raw/CAMELS_SIMBA_1000U/LH_496_hlist_0.20000.list,PASS,,5498,5498,True,0,0.0
LH_496,496,0.25000,/home/ml/thesis-camels/data/raw/CAMELS_SIMBA_1000U/LH_496_hlist_0.25000.list,PASS,,6755,6755,True,0,0.0
LH_496,496,0.51209,/home/ml/thesis-camels/data/raw/CAMELS_SIMBA_1000U/LH_496_hlist_0.51209.list,PASS,,6819,6819,True,0,0.0
LH_496,496,0.75065,/home/ml/thesis-camels/data/raw/CAMELS_SIMBA_1000U/LH_496_hlist_0.75065.list,PASS,,6148,6148,True,0,0.0
LH_496,496,1.00000,/home/ml/thesis-camels/data/raw/CAMELS_SIMBA_1000U/LH_496_hlist_1.00000.list,PASS,,6186,6186,True,0,0.0
LH_497,497,0.20000,/home/ml/thesis-camels/data/raw/CAMELS_SIMBA_1000U/LH_497_hlist_0.20000.list,PASS,,4530,4530,True,0,0.0
LH_497,497,0.25000,/home/ml/thesis-camels/data/raw/CAMELS_SIMBA_1000U/LH_497_hlist_0.25000.list,PASS,,5833,5833,True,0,0.0
LH_497,497,0.51209,/home/ml/thesis-camels/data/raw/CAMELS_SIMBA_1000U/LH_497_hlist_0.51209.list,PASS,,7258,7258,True,0,0.0
LH_497,497,0.75065,/home/ml/thesis-camels/data/raw/CAMELS_SIMBA_1000U/LH_497_hlist_0.75065.list,PASS,,6750,6750,True,0,0.0
LH_497,497,1.00000,/home/ml/thesis-camels/data/raw/CAMELS_SIMBA_1000U/LH_497_hlist_1.00000.list,PASS,,6763,6763,True,0,0.0
LH_498,498,0.20000,/home/ml/thesis-camels/data/raw/CAMELS_SIMBA_1000U/LH_498_hlist_0.20000.list,PASS,,4312,4312,True,0,0.0
LH_498,498,0.25000,/home/ml/thesis-camels/data/raw/CAMELS_SIMBA_1000U/LH_498_hlist_0.25000.list,PASS,,5778,5778,True,0,0.0
LH_498,498,0.51209,/home/ml/thesis-camels/data/raw/CAMELS_SIMBA_1000U/LH_498_hlist_0.51209.list,PASS,,7380,7380,True,0,0.0
LH_498,498,0.75065,/home/ml/thesis-camels/data/raw/CAMELS_SIMBA_1000U/LH_498_hlist_0.75065.list,PASS,,6932,6932,True,0,0.0
LH_498,498,1.00000,/home/ml/thesis-camels/data/raw/CAMELS_SIMBA_1000U/LH_498_hlist_1.00000.list,PASS,,7005,7005,True,0,0.0
LH_499,499,0.20000,/home/ml/thesis-camels/data/raw/CAMELS_SIMBA_1000U/LH_499_hlist_0.20000.list,PASS,,1788,1788,True,0,0.0
LH_499,499,0.25000,/home/ml/thesis-camels/data/raw/CAMELS_SIMBA_1000U/LH_499_hlist_0.25000.list,PASS,,3410,3410,True,0,0.0
LH_499,499,0.51209,/home/ml/thesis-camels/data/raw/CAMELS_SIMBA_1000U/LH_499_hlist_0.51209.list,PASS,,6723,6723,True,0,0.0
LH_499,499,0.75065,/home/ml/thesis-camels/data/raw/CAMELS_SIMBA_1000U/LH_499_hlist_0.75065.list,PASS,,6961,6961,True,0,0.0
LH_499,499,1.00000,/home/ml/thesis-camels/data/raw/CAMELS_SIMBA_1000U/LH_499_hlist_1.00000.list,PASS,,7371,7371,True,0,0.0
LH_500,500,0.20000,/home/ml/thesis-camels/data/raw/CAMELS_SIMBA_1000U/LH_500_hlist_0.20000.list,PASS,,422,422,False,1078,71.86666666666666
LH_500,500,0.25000,/home/ml/thesis-camels/data/raw/CAMELS_SIMBA_1000U/LH_500_hlist_0.25000.list,PASS,,1094,1094,False,406,27.066666666666666
LH_500,500,0.51209,/home/ml/thesis-camels/data/raw/CAMELS_SIMBA_1000U/LH_500_hlist_0.51209.list,PASS,,4624,4624,True,0,0.0
LH_500,500,0.75065,/home/ml/thesis-camels/data/raw/CAMELS_SIMBA_1000U/LH_500_hlist_0.75065.list,PASS,,5315,5315,True,0,0.0
LH_500,500,1.00000,/home/ml/thesis-camels/data/raw/CAMELS_SIMBA_1000U/LH_500_hlist_1.00000.list,PASS,,6016,6016,True,0,0.0
LH_501,501,0.20000,/home/ml/thesis-camels/data/raw/CAMELS_SIMBA_1000U/LH_501_hlist_0.20000.list,PASS,,3180,3180,True,0,0.0
LH_501,501,0.25000,/home/ml/thesis-camels/data/raw/CAMELS_SIMBA_1000U/LH_501_hlist_0.25000.list,PASS,,4634,4634,True,0,0.0
LH_501,501,0.51209,/home/ml/thesis-camels/data/raw/CAMELS_SIMBA_1000U/LH_501_hlist_0.51209.list,PASS,,7682,7682,True,0,0.0
LH_501,501,0.75065,/home/ml/thesis-camels/data/raw/CAMELS_SIMBA_1000U/LH_501_hlist_0.75065.list,PASS,,7647,7647,True,0,0.0
LH_501,501,1.00000,/home/ml/thesis-camels/data/raw/CAMELS_SIMBA_1000U/LH_501_hlist_1.00000.list,PASS,,7755,7755,True,0,0.0
LH_502,502,0.20000,/home/ml/thesis-camels/data/raw/CAMELS_SIMBA_1000U/LH_502_hlist_0.20000.list,PASS,,5140,5140,True,0,0.0
LH_502,502,0.25000,/home/ml/thesis-camels/data/raw/CAMELS_SIMBA_1000U/LH_502_hlist_0.25000.list,PASS,,6703,6703,True,0,0.0
LH_502,502,0.51209,/home/ml/thesis-camels/data/raw/CAMELS_SIMBA_1000U/LH_502_hlist_0.51209.list,PASS,,8284,8284,True,0,0.0
LH_502,502,0.75065,/home/ml/thesis-camels/data/raw/CAMELS_SIMBA_1000U/LH_502_hlist_0.75065.list,PASS,,7384,7384,True,0,0.0
LH_502,502,1.00000,/home/ml/thesis-camels/data/raw/CAMELS_SIMBA_1000U/LH_502_hlist_1.00000.list,PASS,,7194,7194,True,0,0.0
LH_503,503,0.20000,/home/ml/thesis-camels/data/raw/CAMELS_SIMBA_1000U/LH_503_hlist_0.20000.list,PASS,,6484,6484,True,0,0.0
LH_503,503,0.25000,/home/ml/thesis-camels/data/raw/CAMELS_SIMBA_1000U/LH_503_hlist_0.25000.list,PASS,,7623,7623,True,0,0.0
LH_503,503,0.51209,/home/ml/thesis-camels/data/raw/CAMELS_SIMBA_1000U/LH_503_hlist_0.51209.list,PASS,,7472,7472,True,0,0.0
LH_503,503,0.75065,/home/ml/thesis-camels/data/raw/CAMELS_SIMBA_1000U/LH_503_hlist_0.75065.list,PASS,,6496,6496,True,0,0.0
LH_503,503,1.00000,/home/ml/thesis-camels/data/raw/CAMELS_SIMBA_1000U/LH_503_hlist_1.00000.list,PASS,,6341,6341,True,0,0.0
LH_504,504,0.20000,/home/ml/thesis-camels/data/raw/CAMELS_SIMBA_1000U/LH_504_hlist_0.20000.list,PASS,,6482,6482,True,0,0.0
LH_504,504,0.25000,/home/ml/thesis-camels/data/raw/CAMELS_SIMBA_1000U/LH_504_hlist_0.25000.list,PASS,,7497,7497,True,0,0.0
LH_504,504,0.51209,/home/ml/thesis-camels/data/raw/CAMELS_SIMBA_1000U/LH_504_hlist_0.51209.list,PASS,,8019,8019,True,0,0.0
LH_504,504,0.75065,/home/ml/thesis-camels/data/raw/CAMELS_SIMBA_1000U/LH_504_hlist_0.75065.list,PASS,,6960,6960,True,0,0.0
LH_504,504,1.00000,/home/ml/thesis-camels/data/raw/CAMELS_SIMBA_1000U/LH_504_hlist_1.00000.list,PASS,,6660,6660,True,0,0.0
LH_505,505,0.20000,/home/ml/thesis-camels/data/raw/CAMELS_SIMBA_1000U/LH_505_hlist_0.20000.list,PASS,,6828,6828,True,0,0.0
LH_505,505,0.25000,/home/ml/thesis-camels/data/raw/CAMELS_SIMBA_1000U/LH_505_hlist_0.25000.list,PASS,,7563,7563,True,0,0.0
LH_505,505,0.51209,/home/ml/thesis-camels/data/raw/CAMELS_SIMBA_1000U/LH_505_hlist_0.51209.list,PASS,,6978,6978,True,0,0.0
LH_505,505,0.75065,/home/ml/thesis-camels/data/raw/CAMELS_SIMBA_1000U/LH_505_hlist_0.75065.list,PASS,,6181,6181,True,0,0.0
LH_505,505,1.00000,/home/ml/thesis-camels/data/raw/CAMELS_SIMBA_1000U/LH_505_hlist_1.00000.list,PASS,,6220,6220,True,0,0.0
LH_506,506,0.20000,/home/ml/thesis-camels/data/raw/CAMELS_SIMBA_1000U/LH_506_hlist_0.20000.list,PASS,,6542,6542,True,0,0.0
LH_506,506,0.25000,/home/ml/thesis-camels/data/raw/CAMELS_SIMBA_1000U/LH_506_hlist_0.25000.list,PASS,,7433,7433,True,0,0.0
LH_506,506,0.51209,/home/ml/thesis-camels/data/raw/CAMELS_SIMBA_1000U/LH_506_hlist_0.51209.list,PASS,,6914,6914,True,0,0.0
LH_506,506,0.75065,/home/ml/thesis-camels/data/raw/CAMELS_SIMBA_1000U/LH_506_hlist_0.75065.list,PASS,,5950,5950,True,0,0.0
LH_506,506,1.00000,/home/ml/thesis-camels/data/raw/CAMELS_SIMBA_1000U/LH_506_hlist_1.00000.list,PASS,,5919,5919,True,0,0.0
LH_507,507,0.20000,/home/ml/thesis-camels/data/raw/CAMELS_SIMBA_1000U/LH_507_hlist_0.20000.list,PASS,,7441,7441,True,0,0.0
LH_507,507,0.25000,/home/ml/thesis-camels/data/raw/CAMELS_SIMBA_1000U/LH_507_hlist_0.25000.list,PASS,,8127,8127,True,0,0.0
LH_507,507,0.51209,/home/ml/thesis-camels/data/raw/CAMELS_SIMBA_1000U/LH_507_hlist_0.51209.list,PASS,,7284,7284,True,0,0.0
LH_507,507,0.75065,/home/ml/thesis-camels/data/raw/CAMELS_SIMBA_1000U/LH_507_hlist_0.75065.list,PASS,,6187,6187,True,0,0.0
LH_507,507,1.00000,/home/ml/thesis-camels/data/raw/CAMELS_SIMBA_1000U/LH_507_hlist_1.00000.list,PASS,,6077,6077,True,0,0.0
LH_508,508,0.20000,/home/ml/thesis-camels/data/raw/CAMELS_SIMBA_1000U/LH_508_hlist_0.20000.list,PASS,,3515,3515,True,0,0.0
LH_508,508,0.25000,/home/ml/thesis-camels/data/raw/CAMELS_SIMBA_1000U/LH_508_hlist_0.25000.list,PASS,,4848,4848,True,0,0.0
LH_508,508,0.51209,/home/ml/thesis-camels/data/raw/CAMELS_SIMBA_1000U/LH_508_hlist_0.51209.list,PASS,,6517,6517,True,0,0.0
LH_508,508,0.75065,/home/ml/thesis-camels/data/raw/CAMELS_SIMBA_1000U/LH_508_hlist_0.75065.list,PASS,,6458,6458,True,0,0.0
LH_508,508,1.00000,/home/ml/thesis-camels/data/raw/CAMELS_SIMBA_1000U/LH_508_hlist_1.00000.list,PASS,,6863,6863,True,0,0.0
LH_509,509,0.20000,/home/ml/thesis-camels/data/raw/CAMELS_SIMBA_1000U/LH_509_hlist_0.20000.list,PASS,,6381,6381,True,0,0.0
LH_509,509,0.25000,/home/ml/thesis-camels/data/raw/CAMELS_SIMBA_1000U/LH_509_hlist_0.25000.list,PASS,,7595,7595,True,0,0.0
LH_509,509,0.51209,/home/ml/thesis-camels/data/raw/CAMELS_SIMBA_1000U/LH_509_hlist_0.51209.list,PASS,,8387,8387,True,0,0.0
LH_509,509,0.75065,/home/ml/thesis-camels/data/raw/CAMELS_SIMBA_1000U/LH_509_hlist_0.75065.list,PASS,,7357,7357,True,0,0.0
LH_509,509,1.00000,/home/ml/thesis-camels/data/raw/CAMELS_SIMBA_1000U/LH_509_hlist_1.00000.list,PASS,,6858,6858,True,0,0.0
LH_510,510,0.20000,/home/ml/thesis-camels/data/raw/CAMELS_SIMBA_1000U/LH_510_hlist_0.20000.list,PASS,,5276,5276,True,0,0.0
LH_510,510,0.25000,/home/ml/thesis-camels/data/raw/CAMELS_SIMBA_1000U/LH_510_hlist_0.25000.list,PASS,,6862,6862,True,0,0.0
LH_510,510,0.51209,/home/ml/thesis-camels/data/raw/CAMELS_SIMBA_1000U/LH_510_hlist_0.51209.list,PASS,,8870,8870,True,0,0.0
LH_510,510,0.75065,/home/ml/thesis-camels/data/raw/CAMELS_SIMBA_1000U/LH_510_hlist_0.75065.list,PASS,,7912,7912,True,0,0.0
LH_510,510,1.00000,/home/ml/thesis-camels/data/raw/CAMELS_SIMBA_1000U/LH_510_hlist_1.00000.list,PASS,,7472,7472,True,0,0.0
LH_511,511,0.20000,/home/ml/thesis-camels/data/raw/CAMELS_SIMBA_1000U/LH_511_hlist_0.20000.list,PASS,,1238,1238,False,262,17.466666666666665
LH_511,511,0.25000,/home/ml/thesis-camels/data/raw/CAMELS_SIMBA_1000U/LH_511_hlist_0.25000.list,PASS,,2495,2495,True,0,0.0
LH_511,511,0.51209,/home/ml/thesis-camels/data/raw/CAMELS_SIMBA_1000U/LH_511_hlist_0.51209.list,PASS,,5900,5900,True,0,0.0
LH_511,511,0.75065,/home/ml/thesis-camels/data/raw/CAMELS_SIMBA_1000U/LH_511_hlist_0.75065.list,PASS,,5951,5951,True,0,0.0
LH_511,511,1.00000,/home/ml/thesis-camels/data/raw/CAMELS_SIMBA_1000U/LH_511_hlist_1.00000.list,PASS,,6413,6413,True,0,0.0
LH_512,512,0.20000,/home/ml/thesis-camels/data/raw/CAMELS_SIMBA_1000U/LH_512_hlist_0.20000.list,PASS,,8370,8370,True,0,0.0
LH_512,512,0.25000,/home/ml/thesis-camels/data/raw/CAMELS_SIMBA_1000U/LH_512_hlist_0.25000.list,PASS,,8927,8927,True,0,0.0
LH_512,512,0.51209,/home/ml/thesis-camels/data/raw/CAMELS_SIMBA_1000U/LH_512_hlist_0.51209.list,PASS,,7402,7402,True,0,0.0
LH_512,512,0.75065,/home/ml/thesis-camels/data/raw/CAMELS_SIMBA_1000U/LH_512_hlist_0.75065.list,PASS,,5970,5970,True,0,0.0
LH_512,512,1.00000,/home/ml/thesis-camels/data/raw/CAMELS_SIMBA_1000U/LH_512_hlist_1.00000.list,PASS,,5745,5745,True,0,0.0
LH_513,513,0.20000,/home/ml/thesis-camels/data/raw/CAMELS_SIMBA_1000U/LH_513_hlist_0.20000.list,PASS,,4781,4781,True,0,0.0
LH_513,513,0.25000,/home/ml/thesis-camels/data/raw/CAMELS_SIMBA_1000U/LH_513_hlist_0.25000.list,PASS,,5729,5729,True,0,0.0
LH_513,513,0.51209,/home/ml/thesis-camels/data/raw/CAMELS_SIMBA_1000U/LH_513_hlist_0.51209.list,PASS,,6467,6467,True,0,0.0
LH_513,513,0.75065,/home/ml/thesis-camels/data/raw/CAMELS_SIMBA_1000U/LH_513_hlist_0.75065.list,PASS,,6028,6028,True,0,0.0
LH_513,513,1.00000,/home/ml/thesis-camels/data/raw/CAMELS_SIMBA_1000U/LH_513_hlist_1.00000.list,PASS,,6320,6320,True,0,0.0
LH_514,514,0.20000,/home/ml/thesis-camels/data/raw/CAMELS_SIMBA_1000U/LH_514_hlist_0.20000.list,PASS,,5541,5541,True,0,0.0
LH_514,514,0.25000,/home/ml/thesis-camels/data/raw/CAMELS_SIMBA_1000U/LH_514_hlist_0.25000.list,PASS,,6918,6918,True,0,0.0
LH_514,514,0.51209,/home/ml/thesis-camels/data/raw/CAMELS_SIMBA_1000U/LH_514_hlist_0.51209.list,PASS,,8116,8116,True,0,0.0
LH_514,514,0.75065,/home/ml/thesis-camels/data/raw/CAMELS_SIMBA_1000U/LH_514_hlist_0.75065.list,PASS,,7229,7229,True,0,0.0
LH_514,514,1.00000,/home/ml/thesis-camels/data/raw/CAMELS_SIMBA_1000U/LH_514_hlist_1.00000.list,PASS,,6912,6912,True,0,0.0
LH_515,515,0.20000,/home/ml/thesis-camels/data/raw/CAMELS_SIMBA_1000U/LH_515_hlist_0.20000.list,PASS,,8557,8557,True,0,0.0
LH_515,515,0.25000,/home/ml/thesis-camels/data/raw/CAMELS_SIMBA_1000U/LH_515_hlist_0.25000.list,PASS,,8942,8942,True,0,0.0
LH_515,515,0.51209,/home/ml/thesis-camels/data/raw/CAMELS_SIMBA_1000U/LH_515_hlist_0.51209.list,PASS,,6839,6839,True,0,0.0
LH_515,515,0.75065,/home/ml/thesis-camels/data/raw/CAMELS_SIMBA_1000U/LH_515_hlist_0.75065.list,PASS,,5614,5614,True,0,0.0
LH_515,515,1.00000,/home/ml/thesis-camels/data/raw/CAMELS_SIMBA_1000U/LH_515_hlist_1.00000.list,PASS,,5275,5275,True,0,0.0
LH_516,516,0.20000,/home/ml/thesis-camels/data/raw/CAMELS_SIMBA_1000U/LH_516_hlist_0.20000.list,PASS,,5713,5713,True,0,0.0
LH_516,516,0.25000,/home/ml/thesis-camels/data/raw/CAMELS_SIMBA_1000U/LH_516_hlist_0.25000.list,PASS,,6640,6640,True,0,0.0
LH_516,516,0.51209,/home/ml/thesis-camels/data/raw/CAMELS_SIMBA_1000U/LH_516_hlist_0.51209.list,PASS,,6420,6420,True,0,0.0
LH_516,516,0.75065,/home/ml/thesis-camels/data/raw/CAMELS_SIMBA_1000U/LH_516_hlist_0.75065.list,PASS,,5755,5755,True,0,0.0
LH_516,516,1.00000,/home/ml/thesis-camels/data/raw/CAMELS_SIMBA_1000U/LH_516_hlist_1.00000.list,PASS,,5911,5911,True,0,0.0
LH_517,517,0.20000,/home/ml/thesis-camels/data/raw/CAMELS_SIMBA_1000U/LH_517_hlist_0.20000.list,PASS,,3531,3531,True,0,0.0
LH_517,517,0.25000,/home/ml/thesis-camels/data/raw/CAMELS_SIMBA_1000U/LH_517_hlist_0.25000.list,PASS,,5118,5118,True,0,0.0
LH_517,517,0.51209,/home/ml/thesis-camels/data/raw/CAMELS_SIMBA_1000U/LH_517_hlist_0.51209.list,PASS,,8100,8100,True,0,0.0
LH_517,517,0.75065,/home/ml/thesis-camels/data/raw/CAMELS_SIMBA_1000U/LH_517_hlist_0.75065.list,PASS,,7653,7653,True,0,0.0
LH_517,517,1.00000,/home/ml/thesis-camels/data/raw/CAMELS_SIMBA_1000U/LH_517_hlist_1.00000.list,PASS,,7752,7752,True,0,0.0
LH_518,518,0.20000,/home/ml/thesis-camels/data/raw/CAMELS_SIMBA_1000U/LH_518_hlist_0.20000.list,PASS,,3388,3388,True,0,0.0
LH_518,518,0.25000,/home/ml/thesis-camels/data/raw/CAMELS_SIMBA_1000U/LH_518_hlist_0.25000.list,PASS,,5104,5104,True,0,0.0
LH_518,518,0.51209,/home/ml/thesis-camels/data/raw/CAMELS_SIMBA_1000U/LH_518_hlist_0.51209.list,PASS,,8083,8083,True,0,0.0
LH_518,518,0.75065,/home/ml/thesis-camels/data/raw/CAMELS_SIMBA_1000U/LH_518_hlist_0.75065.list,PASS,,7643,7643,True,0,0.0
LH_518,518,1.00000,/home/ml/thesis-camels/data/raw/CAMELS_SIMBA_1000U/LH_518_hlist_1.00000.list,PASS,,7532,7532,True,0,0.0
LH_519,519,0.20000,/home/ml/thesis-camels/data/raw/CAMELS_SIMBA_1000U/LH_519_hlist_0.20000.list,PASS,,5974,5974,True,0,0.0
LH_519,519,0.25000,/home/ml/thesis-camels/data/raw/CAMELS_SIMBA_1000U/LH_519_hlist_0.25000.list,PASS,,7319,7319,True,0,0.0
LH_519,519,0.51209,/home/ml/thesis-camels/data/raw/CAMELS_SIMBA_1000U/LH_519_hlist_0.51209.list,PASS,,8228,8228,True,0,0.0
LH_519,519,0.75065,/home/ml/thesis-camels/data/raw/CAMELS_SIMBA_1000U/LH_519_hlist_0.75065.list,PASS,,7058,7058,True,0,0.0
LH_519,519,1.00000,/home/ml/thesis-camels/data/raw/CAMELS_SIMBA_1000U/LH_519_hlist_1.00000.list,PASS,,6608,6608,True,0,0.0
LH_520,520,0.20000,/home/ml/thesis-camels/data/raw/CAMELS_SIMBA_1000U/LH_520_hlist_0.20000.list,PASS,,4605,4605,True,0,0.0
LH_520,520,0.25000,/home/ml/thesis-camels/data/raw/CAMELS_SIMBA_1000U/LH_520_hlist_0.25000.list,PASS,,5960,5960,True,0,0.0
LH_520,520,0.51209,/home/ml/thesis-camels/data/raw/CAMELS_SIMBA_1000U/LH_520_hlist_0.51209.list,PASS,,7668,7668,True,0,0.0
LH_520,520,0.75065,/home/ml/thesis-camels/data/raw/CAMELS_SIMBA_1000U/LH_520_hlist_0.75065.list,PASS,,7231,7231,True,0,0.0
LH_520,520,1.00000,/home/ml/thesis-camels/data/raw/CAMELS_SIMBA_1000U/LH_520_hlist_1.00000.list,PASS,,7239,7239,True,0,0.0
LH_521,521,0.20000,/home/ml/thesis-camels/data/raw/CAMELS_SIMBA_1000U/LH_521_hlist_0.20000.list,PASS,,5690,5690,True,0,0.0
LH_521,521,0.25000,/home/ml/thesis-camels/data/raw/CAMELS_SIMBA_1000U/LH_521_hlist_0.25000.list,PASS,,6636,6636,True,0,0.0
LH_521,521,0.51209,/home/ml/thesis-camels/data/raw/CAMELS_SIMBA_1000U/LH_521_hlist_0.51209.list,PASS,,6687,6687,True,0,0.0
LH_521,521,0.75065,/home/ml/thesis-camels/data/raw/CAMELS_SIMBA_1000U/LH_521_hlist_0.75065.list,PASS,,6209,6209,True,0,0.0
LH_521,521,1.00000,/home/ml/thesis-camels/data/raw/CAMELS_SIMBA_1000U/LH_521_hlist_1.00000.list,PASS,,6288,6288,True,0,0.0
LH_522,522,0.20000,/home/ml/thesis-camels/data/raw/CAMELS_SIMBA_1000U/LH_522_hlist_0.20000.list,PASS,,235,235,False,1265,84.33333333333333
LH_522,522,0.25000,/home/ml/thesis-camels/data/raw/CAMELS_SIMBA_1000U/LH_522_hlist_0.25000.list,PASS,,928,928,False,572,38.13333333333333
LH_522,522,0.51209,/home/ml/thesis-camels/data/raw/CAMELS_SIMBA_1000U/LH_522_hlist_0.51209.list,PASS,,3412,3412,True,0,0.0
LH_522,522,0.75065,/home/ml/thesis-camels/data/raw/CAMELS_SIMBA_1000U/LH_522_hlist_0.75065.list,PASS,,4151,4151,True,0,0.0
LH_522,522,1.00000,/home/ml/thesis-camels/data/raw/CAMELS_SIMBA_1000U/LH_522_hlist_1.00000.list,PASS,,4891,4891,True,0,0.0
LH_523,523,0.20000,/home/ml/thesis-camels/data/raw/CAMELS_SIMBA_1000U/LH_523_hlist_0.20000.list,PASS,,6777,6777,True,0,0.0
LH_523,523,0.25000,/home/ml/thesis-camels/data/raw/CAMELS_SIMBA_1000U/LH_523_hlist_0.25000.list,PASS,,7502,7502,True,0,0.0
LH_523,523,0.51209,/home/ml/thesis-camels/data/raw/CAMELS_SIMBA_1000U/LH_523_hlist_0.51209.list,PASS,,7144,7144,True,0,0.0
LH_523,523,0.75065,/home/ml/thesis-camels/data/raw/CAMELS_SIMBA_1000U/LH_523_hlist_0.75065.list,PASS,,6070,6070,True,0,0.0
LH_523,523,1.00000,/home/ml/thesis-camels/data/raw/CAMELS_SIMBA_1000U/LH_523_hlist_1.00000.list,PASS,,6203,6203,True,0,0.0
LH_524,524,0.20000,/home/ml/thesis-camels/data/raw/CAMELS_SIMBA_1000U/LH_524_hlist_0.20000.list,PASS,,6802,6802,True,0,0.0
LH_524,524,0.25000,/home/ml/thesis-camels/data/raw/CAMELS_SIMBA_1000U/LH_524_hlist_0.25000.list,PASS,,7711,7711,True,0,0.0
LH_524,524,0.51209,/home/ml/thesis-camels/data/raw/CAMELS_SIMBA_1000U/LH_524_hlist_0.51209.list,PASS,,7401,7401,True,0,0.0
LH_524,524,0.75065,/home/ml/thesis-camels/data/raw/CAMELS_SIMBA_1000U/LH_524_hlist_0.75065.list,PASS,,6368,6368,True,0,0.0
LH_524,524,1.00000,/home/ml/thesis-camels/data/raw/CAMELS_SIMBA_1000U/LH_524_hlist_1.00000.list,PASS,,6414,6414,True,0,0.0
LH_525,525,0.20000,/home/ml/thesis-camels/data/raw/CAMELS_SIMBA_1000U/LH_525_hlist_0.20000.list,PASS,,4835,4835,True,0,0.0
LH_525,525,0.25000,/home/ml/thesis-camels/data/raw/CAMELS_SIMBA_1000U/LH_525_hlist_0.25000.list,PASS,,6307,6307,True,0,0.0
LH_525,525,0.51209,/home/ml/thesis-camels/data/raw/CAMELS_SIMBA_1000U/LH_525_hlist_0.51209.list,PASS,,7751,7751,True,0,0.0
LH_525,525,0.75065,/home/ml/thesis-camels/data/raw/CAMELS_SIMBA_1000U/LH_525_hlist_0.75065.list,PASS,,6959,6959,True,0,0.0
LH_525,525,1.00000,/home/ml/thesis-camels/data/raw/CAMELS_SIMBA_1000U/LH_525_hlist_1.00000.list,PASS,,6796,6796,True,0,0.0
LH_526,526,0.20000,/home/ml/thesis-camels/data/raw/CAMELS_SIMBA_1000U/LH_526_hlist_0.20000.list,PASS,,2389,2389,True,0,0.0
LH_526,526,0.25000,/home/ml/thesis-camels/data/raw/CAMELS_SIMBA_1000U/LH_526_hlist_0.25000.list,PASS,,3735,3735,True,0,0.0
LH_526,526,0.51209,/home/ml/thesis-camels/data/raw/CAMELS_SIMBA_1000U/LH_526_hlist_0.51209.list,PASS,,6397,6397,True,0,0.0
LH_526,526,0.75065,/home/ml/thesis-camels/data/raw/CAMELS_SIMBA_1000U/LH_526_hlist_0.75065.list,PASS,,6541,6541,True,0,0.0
LH_526,526,1.00000,/home/ml/thesis-camels/data/raw/CAMELS_SIMBA_1000U/LH_526_hlist_1.00000.list,PASS,,6870,6870,True,0,0.0
LH_527,527,0.20000,/home/ml/thesis-camels/data/raw/CAMELS_SIMBA_1000U/LH_527_hlist_0.20000.list,PASS,,7813,7813,True,0,0.0
LH_527,527,0.25000,/home/ml/thesis-camels/data/raw/CAMELS_SIMBA_1000U/LH_527_hlist_0.25000.list,PASS,,8577,8577,True,0,0.0
LH_527,527,0.51209,/home/ml/thesis-camels/data/raw/CAMELS_SIMBA_1000U/LH_527_hlist_0.51209.list,PASS,,7401,7401,True,0,0.0
LH_527,527,0.75065,/home/ml/thesis-camels/data/raw/CAMELS_SIMBA_1000U/LH_527_hlist_0.75065.list,PASS,,6035,6035,True,0,0.0
LH_527,527,1.00000,/home/ml/thesis-camels/data/raw/CAMELS_SIMBA_1000U/LH_527_hlist_1.00000.list,PASS,,5849,5849,True,0,0.0
LH_528,528,0.20000,/home/ml/thesis-camels/data/raw/CAMELS_SIMBA_1000U/LH_528_hlist_0.20000.list,PASS,,4381,4381,True,0,0.0
LH_528,528,0.25000,/home/ml/thesis-camels/data/raw/CAMELS_SIMBA_1000U/LH_528_hlist_0.25000.list,PASS,,5600,5600,True,0,0.0
LH_528,528,0.51209,/home/ml/thesis-camels/data/raw/CAMELS_SIMBA_1000U/LH_528_hlist_0.51209.list,PASS,,6290,6290,True,0,0.0
LH_528,528,0.75065,/home/ml/thesis-camels/data/raw/CAMELS_SIMBA_1000U/LH_528_hlist_0.75065.list,PASS,,5946,5946,True,0,0.0
LH_528,528,1.00000,/home/ml/thesis-camels/data/raw/CAMELS_SIMBA_1000U/LH_528_hlist_1.00000.list,PASS,,6093,6093,True,0,0.0
LH_529,529,0.20000,/home/ml/thesis-camels/data/raw/CAMELS_SIMBA_1000U/LH_529_hlist_0.20000.list,PASS,,7778,7778,True,0,0.0
LH_529,529,0.25000,/home/ml/thesis-camels/data/raw/CAMELS_SIMBA_1000U/LH_529_hlist_0.25000.list,PASS,,8635,8635,True,0,0.0
LH_529,529,0.51209,/home/ml/thesis-camels/data/raw/CAMELS_SIMBA_1000U/LH_529_hlist_0.51209.list,PASS,,7900,7900,True,0,0.0
LH_529,529,0.75065,/home/ml/thesis-camels/data/raw/CAMELS_SIMBA_1000U/LH_529_hlist_0.75065.list,PASS,,6818,6818,True,0,0.0
LH_529,529,1.00000,/home/ml/thesis-camels/data/raw/CAMELS_SIMBA_1000U/LH_529_hlist_1.00000.list,PASS,,6465,6465,True,0,0.0
LH_530,530,0.20000,/home/ml/thesis-camels/data/raw/CAMELS_SIMBA_1000U/LH_530_hlist_0.20000.list,PASS,,4324,4324,True,0,0.0
LH_530,530,0.25000,/home/ml/thesis-camels/data/raw/CAMELS_SIMBA_1000U/LH_530_hlist_0.25000.list,PASS,,5833,5833,True,0,0.0
LH_530,530,0.51209,/home/ml/thesis-camels/data/raw/CAMELS_SIMBA_1000U/LH_530_hlist_0.51209.list,PASS,,7856,7856,True,0,0.0
LH_530,530,0.75065,/home/ml/thesis-camels/data/raw/CAMELS_SIMBA_1000U/LH_530_hlist_0.75065.list,PASS,,7345,7345,True,0,0.0
LH_530,530,1.00000,/home/ml/thesis-camels/data/raw/CAMELS_SIMBA_1000U/LH_530_hlist_1.00000.list,PASS,,7254,7254,True,0,0.0
LH_531,531,0.20000,/home/ml/thesis-camels/data/raw/CAMELS_SIMBA_1000U/LH_531_hlist_0.20000.list,PASS,,1966,1966,True,0,0.0
LH_531,531,0.25000,/home/ml/thesis-camels/data/raw/CAMELS_SIMBA_1000U/LH_531_hlist_0.25000.list,PASS,,3422,3422,True,0,0.0
LH_531,531,0.51209,/home/ml/thesis-camels/data/raw/CAMELS_SIMBA_1000U/LH_531_hlist_0.51209.list,PASS,,5996,5996,True,0,0.0
LH_531,531,0.75065,/home/ml/thesis-camels/data/raw/CAMELS_SIMBA_1000U/LH_531_hlist_0.75065.list,PASS,,6177,6177,True,0,0.0
LH_531,531,1.00000,/home/ml/thesis-camels/data/raw/CAMELS_SIMBA_1000U/LH_531_hlist_1.00000.list,PASS,,6686,6686,True,0,0.0
LH_532,532,0.20000,/home/ml/thesis-camels/data/raw/CAMELS_SIMBA_1000U/LH_532_hlist_0.20000.list,PASS,,2117,2117,True,0,0.0
LH_532,532,0.25000,/home/ml/thesis-camels/data/raw/CAMELS_SIMBA_1000U/LH_532_hlist_0.25000.list,PASS,,3412,3412,True,0,0.0
LH_532,532,0.51209,/home/ml/thesis-camels/data/raw/CAMELS_SIMBA_1000U/LH_532_hlist_0.51209.list,PASS,,6282,6282,True,0,0.0
LH_532,532,0.75065,/home/ml/thesis-camels/data/raw/CAMELS_SIMBA_1000U/LH_532_hlist_0.75065.list,PASS,,6420,6420,True,0,0.0
LH_532,532,1.00000,/home/ml/thesis-camels/data/raw/CAMELS_SIMBA_1000U/LH_532_hlist_1.00000.list,PASS,,6792,6792,True,0,0.0
LH_533,533,0.20000,/home/ml/thesis-camels/data/raw/CAMELS_SIMBA_1000U/LH_533_hlist_0.20000.list,PASS,,6512,6512,True,0,0.0
LH_533,533,0.25000,/home/ml/thesis-camels/data/raw/CAMELS_SIMBA_1000U/LH_533_hlist_0.25000.list,PASS,,7448,7448,True,0,0.0
LH_533,533,0.51209,/home/ml/thesis-camels/data/raw/CAMELS_SIMBA_1000U/LH_533_hlist_0.51209.list,PASS,,6984,6984,True,0,0.0
LH_533,533,0.75065,/home/ml/thesis-camels/data/raw/CAMELS_SIMBA_1000U/LH_533_hlist_0.75065.list,PASS,,6105,6105,True,0,0.0
LH_533,533,1.00000,/home/ml/thesis-camels/data/raw/CAMELS_SIMBA_1000U/LH_533_hlist_1.00000.list,PASS,,6082,6082,True,0,0.0
LH_534,534,0.20000,/home/ml/thesis-camels/data/raw/CAMELS_SIMBA_1000U/LH_534_hlist_0.20000.list,PASS,,3076,3076,True,0,0.0
LH_534,534,0.25000,/home/ml/thesis-camels/data/raw/CAMELS_SIMBA_1000U/LH_534_hlist_0.25000.list,PASS,,4429,4429,True,0,0.0
LH_534,534,0.51209,/home/ml/thesis-camels/data/raw/CAMELS_SIMBA_1000U/LH_534_hlist_0.51209.list,PASS,,6083,6083,True,0,0.0
LH_534,534,0.75065,/home/ml/thesis-camels/data/raw/CAMELS_SIMBA_1000U/LH_534_hlist_0.75065.list,PASS,,6125,6125,True,0,0.0
LH_534,534,1.00000,/home/ml/thesis-camels/data/raw/CAMELS_SIMBA_1000U/LH_534_hlist_1.00000.list,PASS,,6494,6494,True,0,0.0
LH_535,535,0.20000,/home/ml/thesis-camels/data/raw/CAMELS_SIMBA_1000U/LH_535_hlist_0.20000.list,PASS,,3898,3898,True,0,0.0
LH_535,535,0.25000,/home/ml/thesis-camels/data/raw/CAMELS_SIMBA_1000U/LH_535_hlist_0.25000.list,PASS,,5551,5551,True,0,0.0
LH_535,535,0.51209,/home/ml/thesis-camels/data/raw/CAMELS_SIMBA_1000U/LH_535_hlist_0.51209.list,PASS,,7350,7350,True,0,0.0
LH_535,535,0.75065,/home/ml/thesis-camels/data/raw/CAMELS_SIMBA_1000U/LH_535_hlist_0.75065.list,PASS,,6955,6955,True,0,0.0
LH_535,535,1.00000,/home/ml/thesis-camels/data/raw/CAMELS_SIMBA_1000U/LH_535_hlist_1.00000.list,PASS,,7119,7119,True,0,0.0
LH_536,536,0.20000,/home/ml/thesis-camels/data/raw/CAMELS_SIMBA_1000U/LH_536_hlist_0.20000.list,PASS,,7392,7392,True,0,0.0
LH_536,536,0.25000,/home/ml/thesis-camels/data/raw/CAMELS_SIMBA_1000U/LH_536_hlist_0.25000.list,PASS,,8393,8393,True,0,0.0
LH_536,536,0.51209,/home/ml/thesis-camels/data/raw/CAMELS_SIMBA_1000U/LH_536_hlist_0.51209.list,PASS,,7861,7861,True,0,0.0
LH_536,536,0.75065,/home/ml/thesis-camels/data/raw/CAMELS_SIMBA_1000U/LH_536_hlist_0.75065.list,PASS,,6777,6777,True,0,0.0
LH_536,536,1.00000,/home/ml/thesis-camels/data/raw/CAMELS_SIMBA_1000U/LH_536_hlist_1.00000.list,PASS,,6573,6573,True,0,0.0
LH_537,537,0.20000,/home/ml/thesis-camels/data/raw/CAMELS_SIMBA_1000U/LH_537_hlist_0.20000.list,PASS,,4823,4823,True,0,0.0
LH_537,537,0.25000,/home/ml/thesis-camels/data/raw/CAMELS_SIMBA_1000U/LH_537_hlist_0.25000.list,PASS,,5974,5974,True,0,0.0
LH_537,537,0.51209,/home/ml/thesis-camels/data/raw/CAMELS_SIMBA_1000U/LH_537_hlist_0.51209.list,PASS,,6498,6498,True,0,0.0
LH_537,537,0.75065,/home/ml/thesis-camels/data/raw/CAMELS_SIMBA_1000U/LH_537_hlist_0.75065.list,PASS,,5984,5984,True,0,0.0
LH_537,537,1.00000,/home/ml/thesis-camels/data/raw/CAMELS_SIMBA_1000U/LH_537_hlist_1.00000.list,PASS,,6286,6286,True,0,0.0
LH_538,538,0.20000,/home/ml/thesis-camels/data/raw/CAMELS_SIMBA_1000U/LH_538_hlist_0.20000.list,PASS,,7271,7271,True,0,0.0
LH_538,538,0.25000,/home/ml/thesis-camels/data/raw/CAMELS_SIMBA_1000U/LH_538_hlist_0.25000.list,PASS,,8409,8409,True,0,0.0
LH_538,538,0.51209,/home/ml/thesis-camels/data/raw/CAMELS_SIMBA_1000U/LH_538_hlist_0.51209.list,PASS,,8410,8410,True,0,0.0
LH_538,538,0.75065,/home/ml/thesis-camels/data/raw/CAMELS_SIMBA_1000U/LH_538_hlist_0.75065.list,PASS,,7061,7061,True,0,0.0
LH_538,538,1.00000,/home/ml/thesis-camels/data/raw/CAMELS_SIMBA_1000U/LH_538_hlist_1.00000.list,PASS,,6596,6596,True,0,0.0
LH_539,539,0.20000,/home/ml/thesis-camels/data/raw/CAMELS_SIMBA_1000U/LH_539_hlist_0.20000.list,PASS,,4514,4514,True,0,0.0
LH_539,539,0.25000,/home/ml/thesis-camels/data/raw/CAMELS_SIMBA_1000U/LH_539_hlist_0.25000.list,PASS,,6173,6173,True,0,0.0
LH_539,539,0.51209,/home/ml/thesis-camels/data/raw/CAMELS_SIMBA_1000U/LH_539_hlist_0.51209.list,PASS,,8207,8207,True,0,0.0
LH_539,539,0.75065,/home/ml/thesis-camels/data/raw/CAMELS_SIMBA_1000U/LH_539_hlist_0.75065.list,PASS,,7642,7642,True,0,0.0
LH_539,539,1.00000,/home/ml/thesis-camels/data/raw/CAMELS_SIMBA_1000U/LH_539_hlist_1.00000.list,PASS,,7449,7449,True,0,0.0
LH_540,540,0.20000,/home/ml/thesis-camels/data/raw/CAMELS_SIMBA_1000U/LH_540_hlist_0.20000.list,PASS,,9157,9157,True,0,0.0
LH_540,540,0.25000,/home/ml/thesis-camels/data/raw/CAMELS_SIMBA_1000U/LH_540_hlist_0.25000.list,PASS,,9362,9362,True,0,0.0
LH_540,540,0.51209,/home/ml/thesis-camels/data/raw/CAMELS_SIMBA_1000U/LH_540_hlist_0.51209.list,PASS,,7742,7742,True,0,0.0
LH_540,540,0.75065,/home/ml/thesis-camels/data/raw/CAMELS_SIMBA_1000U/LH_540_hlist_0.75065.list,PASS,,6347,6347,True,0,0.0
LH_540,540,1.00000,/home/ml/thesis-camels/data/raw/CAMELS_SIMBA_1000U/LH_540_hlist_1.00000.list,PASS,,5914,5914,True,0,0.0
LH_541,541,0.20000,/home/ml/thesis-camels/data/raw/CAMELS_SIMBA_1000U/LH_541_hlist_0.20000.list,PASS,,6348,6348,True,0,0.0
LH_541,541,0.25000,/home/ml/thesis-camels/data/raw/CAMELS_SIMBA_1000U/LH_541_hlist_0.25000.list,PASS,,7570,7570,True,0,0.0
LH_541,541,0.51209,/home/ml/thesis-camels/data/raw/CAMELS_SIMBA_1000U/LH_541_hlist_0.51209.list,PASS,,8277,8277,True,0,0.0
LH_541,541,0.75065,/home/ml/thesis-camels/data/raw/CAMELS_SIMBA_1000U/LH_541_hlist_0.75065.list,PASS,,7194,7194,True,0,0.0
LH_541,541,1.00000,/home/ml/thesis-camels/data/raw/CAMELS_SIMBA_1000U/LH_541_hlist_1.00000.list,PASS,,6764,6764,True,0,0.0
LH_542,542,0.20000,/home/ml/thesis-camels/data/raw/CAMELS_SIMBA_1000U/LH_542_hlist_0.20000.list,PASS,,4840,4840,True,0,0.0
LH_542,542,0.25000,/home/ml/thesis-camels/data/raw/CAMELS_SIMBA_1000U/LH_542_hlist_0.25000.list,PASS,,6120,6120,True,0,0.0
LH_542,542,0.51209,/home/ml/thesis-camels/data/raw/CAMELS_SIMBA_1000U/LH_542_hlist_0.51209.list,PASS,,6718,6718,True,0,0.0
LH_542,542,0.75065,/home/ml/thesis-camels/data/raw/CAMELS_SIMBA_1000U/LH_542_hlist_0.75065.list,PASS,,6266,6266,True,0,0.0
LH_542,542,1.00000,/home/ml/thesis-camels/data/raw/CAMELS_SIMBA_1000U/LH_542_hlist_1.00000.list,PASS,,6366,6366,True,0,0.0
LH_543,543,0.20000,/home/ml/thesis-camels/data/raw/CAMELS_SIMBA_1000U/LH_543_hlist_0.20000.list,PASS,,5416,5416,True,0,0.0
LH_543,543,0.25000,/home/ml/thesis-camels/data/raw/CAMELS_SIMBA_1000U/LH_543_hlist_0.25000.list,PASS,,7023,7023,True,0,0.0
LH_543,543,0.51209,/home/ml/thesis-camels/data/raw/CAMELS_SIMBA_1000U/LH_543_hlist_0.51209.list,PASS,,8883,8883,True,0,0.0
LH_543,543,0.75065,/home/ml/thesis-camels/data/raw/CAMELS_SIMBA_1000U/LH_543_hlist_0.75065.list,PASS,,7755,7755,True,0,0.0
LH_543,543,1.00000,/home/ml/thesis-camels/data/raw/CAMELS_SIMBA_1000U/LH_543_hlist_1.00000.list,PASS,,7432,7432,True,0,0.0
LH_544,544,0.20000,/home/ml/thesis-camels/data/raw/CAMELS_SIMBA_1000U/LH_544_hlist_0.20000.list,PASS,,3728,3728,True,0,0.0
LH_544,544,0.25000,/home/ml/thesis-camels/data/raw/CAMELS_SIMBA_1000U/LH_544_hlist_0.25000.list,PASS,,5358,5358,True,0,0.0
LH_544,544,0.51209,/home/ml/thesis-camels/data/raw/CAMELS_SIMBA_1000U/LH_544_hlist_0.51209.list,PASS,,8275,8275,True,0,0.0
LH_544,544,0.75065,/home/ml/thesis-camels/data/raw/CAMELS_SIMBA_1000U/LH_544_hlist_0.75065.list,PASS,,7700,7700,True,0,0.0
LH_544,544,1.00000,/home/ml/thesis-camels/data/raw/CAMELS_SIMBA_1000U/LH_544_hlist_1.00000.list,PASS,,7504,7504,True,0,0.0
LH_545,545,0.20000,/home/ml/thesis-camels/data/raw/CAMELS_SIMBA_1000U/LH_545_hlist_0.20000.list,PASS,,2533,2533,True,0,0.0
LH_545,545,0.25000,/home/ml/thesis-camels/data/raw/CAMELS_SIMBA_1000U/LH_545_hlist_0.25000.list,PASS,,3924,3924,True,0,0.0
LH_545,545,0.51209,/home/ml/thesis-camels/data/raw/CAMELS_SIMBA_1000U/LH_545_hlist_0.51209.list,PASS,,5754,5754,True,0,0.0
LH_545,545,0.75065,/home/ml/thesis-camels/data/raw/CAMELS_SIMBA_1000U/LH_545_hlist_0.75065.list,PASS,,5841,5841,True,0,0.0
LH_545,545,1.00000,/home/ml/thesis-camels/data/raw/CAMELS_SIMBA_1000U/LH_545_hlist_1.00000.list,PASS,,6224,6224,True,0,0.0
LH_546,546,0.20000,/home/ml/thesis-camels/data/raw/CAMELS_SIMBA_1000U/LH_546_hlist_0.20000.list,PASS,,6565,6565,True,0,0.0
LH_546,546,0.25000,/home/ml/thesis-camels/data/raw/CAMELS_SIMBA_1000U/LH_546_hlist_0.25000.list,PASS,,7269,7269,True,0,0.0
LH_546,546,0.51209,/home/ml/thesis-camels/data/raw/CAMELS_SIMBA_1000U/LH_546_hlist_0.51209.list,PASS,,6916,6916,True,0,0.0
LH_546,546,0.75065,/home/ml/thesis-camels/data/raw/CAMELS_SIMBA_1000U/LH_546_hlist_0.75065.list,PASS,,6129,6129,True,0,0.0
LH_546,546,1.00000,/home/ml/thesis-camels/data/raw/CAMELS_SIMBA_1000U/LH_546_hlist_1.00000.list,PASS,,5842,5842,True,0,0.0
LH_547,547,0.20000,/home/ml/thesis-camels/data/raw/CAMELS_SIMBA_1000U/LH_547_hlist_0.20000.list,PASS,,3008,3008,True,0,0.0
LH_547,547,0.25000,/home/ml/thesis-camels/data/raw/CAMELS_SIMBA_1000U/LH_547_hlist_0.25000.list,PASS,,4468,4468,True,0,0.0
LH_547,547,0.51209,/home/ml/thesis-camels/data/raw/CAMELS_SIMBA_1000U/LH_547_hlist_0.51209.list,PASS,,6380,6380,True,0,0.0
LH_547,547,0.75065,/home/ml/thesis-camels/data/raw/CAMELS_SIMBA_1000U/LH_547_hlist_0.75065.list,PASS,,6218,6218,True,0,0.0
LH_547,547,1.00000,/home/ml/thesis-camels/data/raw/CAMELS_SIMBA_1000U/LH_547_hlist_1.00000.list,PASS,,6471,6471,True,0,0.0
LH_548,548,0.20000,/home/ml/thesis-camels/data/raw/CAMELS_SIMBA_1000U/LH_548_hlist_0.20000.list,PASS,,1743,1743,True,0,0.0
LH_548,548,0.25000,/home/ml/thesis-camels/data/raw/CAMELS_SIMBA_1000U/LH_548_hlist_0.25000.list,PASS,,3370,3370,True,0,0.0
LH_548,548,0.51209,/home/ml/thesis-camels/data/raw/CAMELS_SIMBA_1000U/LH_548_hlist_0.51209.list,PASS,,6200,6200,True,0,0.0
LH_548,548,0.75065,/home/ml/thesis-camels/data/raw/CAMELS_SIMBA_1000U/LH_548_hlist_0.75065.list,PASS,,6486,6486,True,0,0.0
LH_548,548,1.00000,/home/ml/thesis-camels/data/raw/CAMELS_SIMBA_1000U/LH_548_hlist_1.00000.list,PASS,,6898,6898,True,0,0.0
LH_549,549,0.20000,/home/ml/thesis-camels/data/raw/CAMELS_SIMBA_1000U/LH_549_hlist_0.20000.list,PASS,,7310,7310,True,0,0.0
LH_549,549,0.25000,/home/ml/thesis-camels/data/raw/CAMELS_SIMBA_1000U/LH_549_hlist_0.25000.list,PASS,,8140,8140,True,0,0.0
LH_549,549,0.51209,/home/ml/thesis-camels/data/raw/CAMELS_SIMBA_1000U/LH_549_hlist_0.51209.list,PASS,,7837,7837,True,0,0.0
LH_549,549,0.75065,/home/ml/thesis-camels/data/raw/CAMELS_SIMBA_1000U/LH_549_hlist_0.75065.list,PASS,,6704,6704,True,0,0.0
LH_549,549,1.00000,/home/ml/thesis-camels/data/raw/CAMELS_SIMBA_1000U/LH_549_hlist_1.00000.list,PASS,,6586,6586,True,0,0.0
LH_550,550,0.20000,/home/ml/thesis-camels/data/raw/CAMELS_SIMBA_1000U/LH_550_hlist_0.20000.list,PASS,,8776,8776,True,0,0.0
LH_550,550,0.25000,/home/ml/thesis-camels/data/raw/CAMELS_SIMBA_1000U/LH_550_hlist_0.25000.list,PASS,,9154,9154,True,0,0.0
LH_550,550,0.51209,/home/ml/thesis-camels/data/raw/CAMELS_SIMBA_1000U/LH_550_hlist_0.51209.list,PASS,,7292,7292,True,0,0.0
LH_550,550,0.75065,/home/ml/thesis-camels/data/raw/CAMELS_SIMBA_1000U/LH_550_hlist_0.75065.list,PASS,,5722,5722,True,0,0.0
LH_550,550,1.00000,/home/ml/thesis-camels/data/raw/CAMELS_SIMBA_1000U/LH_550_hlist_1.00000.list,PASS,,5380,5380,True,0,0.0
LH_551,551,0.20000,/home/ml/thesis-camels/data/raw/CAMELS_SIMBA_1000U/LH_551_hlist_0.20000.list,PASS,,5223,5223,True,0,0.0
LH_551,551,0.25000,/home/ml/thesis-camels/data/raw/CAMELS_SIMBA_1000U/LH_551_hlist_0.25000.list,PASS,,6697,6697,True,0,0.0
LH_551,551,0.51209,/home/ml/thesis-camels/data/raw/CAMELS_SIMBA_1000U/LH_551_hlist_0.51209.list,PASS,,8412,8412,True,0,0.0
LH_551,551,0.75065,/home/ml/thesis-camels/data/raw/CAMELS_SIMBA_1000U/LH_551_hlist_0.75065.list,PASS,,7787,7787,True,0,0.0
LH_551,551,1.00000,/home/ml/thesis-camels/data/raw/CAMELS_SIMBA_1000U/LH_551_hlist_1.00000.list,PASS,,7532,7532,True,0,0.0
LH_552,552,0.20000,/home/ml/thesis-camels/data/raw/CAMELS_SIMBA_1000U/LH_552_hlist_0.20000.list,PASS,,2400,2400,True,0,0.0
LH_552,552,0.25000,/home/ml/thesis-camels/data/raw/CAMELS_SIMBA_1000U/LH_552_hlist_0.25000.list,PASS,,3756,3756,True,0,0.0
LH_552,552,0.51209,/home/ml/thesis-camels/data/raw/CAMELS_SIMBA_1000U/LH_552_hlist_0.51209.list,PASS,,5225,5225,True,0,0.0
LH_552,552,0.75065,/home/ml/thesis-camels/data/raw/CAMELS_SIMBA_1000U/LH_552_hlist_0.75065.list,PASS,,5176,5176,True,0,0.0
LH_552,552,1.00000,/home/ml/thesis-camels/data/raw/CAMELS_SIMBA_1000U/LH_552_hlist_1.00000.list,PASS,,5680,5680,True,0,0.0
LH_553,553,0.20000,/home/ml/thesis-camels/data/raw/CAMELS_SIMBA_1000U/LH_553_hlist_0.20000.list,PASS,,7053,7053,True,0,0.0
LH_553,553,0.25000,/home/ml/thesis-camels/data/raw/CAMELS_SIMBA_1000U/LH_553_hlist_0.25000.list,PASS,,8014,8014,True,0,0.0
LH_553,553,0.51209,/home/ml/thesis-camels/data/raw/CAMELS_SIMBA_1000U/LH_553_hlist_0.51209.list,PASS,,7492,7492,True,0,0.0
LH_553,553,0.75065,/home/ml/thesis-camels/data/raw/CAMELS_SIMBA_1000U/LH_553_hlist_0.75065.list,PASS,,6435,6435,True,0,0.0
LH_553,553,1.00000,/home/ml/thesis-camels/data/raw/CAMELS_SIMBA_1000U/LH_553_hlist_1.00000.list,PASS,,6304,6304,True,0,0.0
LH_554,554,0.20000,/home/ml/thesis-camels/data/raw/CAMELS_SIMBA_1000U/LH_554_hlist_0.20000.list,PASS,,5116,5116,True,0,0.0
LH_554,554,0.25000,/home/ml/thesis-camels/data/raw/CAMELS_SIMBA_1000U/LH_554_hlist_0.25000.list,PASS,,6259,6259,True,0,0.0
LH_554,554,0.51209,/home/ml/thesis-camels/data/raw/CAMELS_SIMBA_1000U/LH_554_hlist_0.51209.list,PASS,,6431,6431,True,0,0.0
LH_554,554,0.75065,/home/ml/thesis-camels/data/raw/CAMELS_SIMBA_1000U/LH_554_hlist_0.75065.list,PASS,,5972,5972,True,0,0.0
LH_554,554,1.00000,/home/ml/thesis-camels/data/raw/CAMELS_SIMBA_1000U/LH_554_hlist_1.00000.list,PASS,,6056,6056,True,0,0.0
LH_555,555,0.20000,/home/ml/thesis-camels/data/raw/CAMELS_SIMBA_1000U/LH_555_hlist_0.20000.list,PASS,,5246,5246,True,0,0.0
LH_555,555,0.25000,/home/ml/thesis-camels/data/raw/CAMELS_SIMBA_1000U/LH_555_hlist_0.25000.list,PASS,,6797,6797,True,0,0.0
LH_555,555,0.51209,/home/ml/thesis-camels/data/raw/CAMELS_SIMBA_1000U/LH_555_hlist_0.51209.list,PASS,,8151,8151,True,0,0.0
LH_555,555,0.75065,/home/ml/thesis-camels/data/raw/CAMELS_SIMBA_1000U/LH_555_hlist_0.75065.list,PASS,,7308,7308,True,0,0.0
LH_555,555,1.00000,/home/ml/thesis-camels/data/raw/CAMELS_SIMBA_1000U/LH_555_hlist_1.00000.list,PASS,,7188,7188,True,0,0.0
LH_556,556,0.20000,/home/ml/thesis-camels/data/raw/CAMELS_SIMBA_1000U/LH_556_hlist_0.20000.list,PASS,,4731,4731,True,0,0.0
LH_556,556,0.25000,/home/ml/thesis-camels/data/raw/CAMELS_SIMBA_1000U/LH_556_hlist_0.25000.list,PASS,,6368,6368,True,0,0.0
LH_556,556,0.51209,/home/ml/thesis-camels/data/raw/CAMELS_SIMBA_1000U/LH_556_hlist_0.51209.list,PASS,,7827,7827,True,0,0.0
LH_556,556,0.75065,/home/ml/thesis-camels/data/raw/CAMELS_SIMBA_1000U/LH_556_hlist_0.75065.list,PASS,,7231,7231,True,0,0.0
LH_556,556,1.00000,/home/ml/thesis-camels/data/raw/CAMELS_SIMBA_1000U/LH_556_hlist_1.00000.list,PASS,,7111,7111,True,0,0.0
LH_557,557,0.20000,/home/ml/thesis-camels/data/raw/CAMELS_SIMBA_1000U/LH_557_hlist_0.20000.list,PASS,,7012,7012,True,0,0.0
LH_557,557,0.25000,/home/ml/thesis-camels/data/raw/CAMELS_SIMBA_1000U/LH_557_hlist_0.25000.list,PASS,,7923,7923,True,0,0.0
LH_557,557,0.51209,/home/ml/thesis-camels/data/raw/CAMELS_SIMBA_1000U/LH_557_hlist_0.51209.list,PASS,,7357,7357,True,0,0.0
LH_557,557,0.75065,/home/ml/thesis-camels/data/raw/CAMELS_SIMBA_1000U/LH_557_hlist_0.75065.list,PASS,,6327,6327,True,0,0.0
LH_557,557,1.00000,/home/ml/thesis-camels/data/raw/CAMELS_SIMBA_1000U/LH_557_hlist_1.00000.list,PASS,,6242,6242,True,0,0.0
LH_558,558,0.20000,/home/ml/thesis-camels/data/raw/CAMELS_SIMBA_1000U/LH_558_hlist_0.20000.list,PASS,,7356,7356,True,0,0.0
LH_558,558,0.25000,/home/ml/thesis-camels/data/raw/CAMELS_SIMBA_1000U/LH_558_hlist_0.25000.list,PASS,,7873,7873,True,0,0.0
LH_558,558,0.51209,/home/ml/thesis-camels/data/raw/CAMELS_SIMBA_1000U/LH_558_hlist_0.51209.list,PASS,,6426,6426,True,0,0.0
LH_558,558,0.75065,/home/ml/thesis-camels/data/raw/CAMELS_SIMBA_1000U/LH_558_hlist_0.75065.list,PASS,,5524,5524,True,0,0.0
LH_558,558,1.00000,/home/ml/thesis-camels/data/raw/CAMELS_SIMBA_1000U/LH_558_hlist_1.00000.list,PASS,,5268,5268,True,0,0.0
LH_559,559,0.20000,/home/ml/thesis-camels/data/raw/CAMELS_SIMBA_1000U/LH_559_hlist_0.20000.list,PASS,,6092,6092,True,0,0.0
LH_559,559,0.25000,/home/ml/thesis-camels/data/raw/CAMELS_SIMBA_1000U/LH_559_hlist_0.25000.list,PASS,,7481,7481,True,0,0.0
LH_559,559,0.51209,/home/ml/thesis-camels/data/raw/CAMELS_SIMBA_1000U/LH_559_hlist_0.51209.list,PASS,,8016,8016,True,0,0.0
LH_559,559,0.75065,/home/ml/thesis-camels/data/raw/CAMELS_SIMBA_1000U/LH_559_hlist_0.75065.list,PASS,,6947,6947,True,0,0.0
LH_559,559,1.00000,/home/ml/thesis-camels/data/raw/CAMELS_SIMBA_1000U/LH_559_hlist_1.00000.list,PASS,,6781,6781,True,0,0.0
LH_560,560,0.20000,/home/ml/thesis-camels/data/raw/CAMELS_SIMBA_1000U/LH_560_hlist_0.20000.list,PASS,,2055,2055,True,0,0.0
LH_560,560,0.25000,/home/ml/thesis-camels/data/raw/CAMELS_SIMBA_1000U/LH_560_hlist_0.25000.list,PASS,,3547,3547,True,0,0.0
LH_560,560,0.51209,/home/ml/thesis-camels/data/raw/CAMELS_SIMBA_1000U/LH_560_hlist_0.51209.list,PASS,,6878,6878,True,0,0.0
LH_560,560,0.75065,/home/ml/thesis-camels/data/raw/CAMELS_SIMBA_1000U/LH_560_hlist_0.75065.list,PASS,,7127,7127,True,0,0.0
LH_560,560,1.00000,/home/ml/thesis-camels/data/raw/CAMELS_SIMBA_1000U/LH_560_hlist_1.00000.list,PASS,,7560,7560,True,0,0.0
LH_561,561,0.20000,/home/ml/thesis-camels/data/raw/CAMELS_SIMBA_1000U/LH_561_hlist_0.20000.list,PASS,,7196,7196,True,0,0.0
LH_561,561,0.25000,/home/ml/thesis-camels/data/raw/CAMELS_SIMBA_1000U/LH_561_hlist_0.25000.list,PASS,,8369,8369,True,0,0.0
LH_561,561,0.51209,/home/ml/thesis-camels/data/raw/CAMELS_SIMBA_1000U/LH_561_hlist_0.51209.list,PASS,,8418,8418,True,0,0.0
LH_561,561,0.75065,/home/ml/thesis-camels/data/raw/CAMELS_SIMBA_1000U/LH_561_hlist_0.75065.list,PASS,,7227,7227,True,0,0.0
LH_561,561,1.00000,/home/ml/thesis-camels/data/raw/CAMELS_SIMBA_1000U/LH_561_hlist_1.00000.list,PASS,,6804,6804,True,0,0.0
LH_562,562,0.20000,/home/ml/thesis-camels/data/raw/CAMELS_SIMBA_1000U/LH_562_hlist_0.20000.list,PASS,,620,620,False,880,58.666666666666664
LH_562,562,0.25000,/home/ml/thesis-camels/data/raw/CAMELS_SIMBA_1000U/LH_562_hlist_0.25000.list,PASS,,1975,1975,True,0,0.0
LH_562,562,0.51209,/home/ml/thesis-camels/data/raw/CAMELS_SIMBA_1000U/LH_562_hlist_0.51209.list,PASS,,5248,5248,True,0,0.0
LH_562,562,0.75065,/home/ml/thesis-camels/data/raw/CAMELS_SIMBA_1000U/LH_562_hlist_0.75065.list,PASS,,5774,5774,True,0,0.0
LH_562,562,1.00000,/home/ml/thesis-camels/data/raw/CAMELS_SIMBA_1000U/LH_562_hlist_1.00000.list,PASS,,6425,6425,True,0,0.0
LH_563,563,0.20000,/home/ml/thesis-camels/data/raw/CAMELS_SIMBA_1000U/LH_563_hlist_0.20000.list,PASS,,6638,6638,True,0,0.0
LH_563,563,0.25000,/home/ml/thesis-camels/data/raw/CAMELS_SIMBA_1000U/LH_563_hlist_0.25000.list,PASS,,7666,7666,True,0,0.0
LH_563,563,0.51209,/home/ml/thesis-camels/data/raw/CAMELS_SIMBA_1000U/LH_563_hlist_0.51209.list,PASS,,7543,7543,True,0,0.0
LH_563,563,0.75065,/home/ml/thesis-camels/data/raw/CAMELS_SIMBA_1000U/LH_563_hlist_0.75065.list,PASS,,6443,6443,True,0,0.0
LH_563,563,1.00000,/home/ml/thesis-camels/data/raw/CAMELS_SIMBA_1000U/LH_563_hlist_1.00000.list,PASS,,6329,6329,True,0,0.0
LH_564,564,0.20000,/home/ml/thesis-camels/data/raw/CAMELS_SIMBA_1000U/LH_564_hlist_0.20000.list,PASS,,7433,7433,True,0,0.0
LH_564,564,0.25000,/home/ml/thesis-camels/data/raw/CAMELS_SIMBA_1000U/LH_564_hlist_0.25000.list,PASS,,8080,8080,True,0,0.0
LH_564,564,0.51209,/home/ml/thesis-camels/data/raw/CAMELS_SIMBA_1000U/LH_564_hlist_0.51209.list,PASS,,7381,7381,True,0,0.0
LH_564,564,0.75065,/home/ml/thesis-camels/data/raw/CAMELS_SIMBA_1000U/LH_564_hlist_0.75065.list,PASS,,6352,6352,True,0,0.0
LH_564,564,1.00000,/home/ml/thesis-camels/data/raw/CAMELS_SIMBA_1000U/LH_564_hlist_1.00000.list,PASS,,6231,6231,True,0,0.0
LH_565,565,0.20000,/home/ml/thesis-camels/data/raw/CAMELS_SIMBA_1000U/LH_565_hlist_0.20000.list,PASS,,8157,8157,True,0,0.0
LH_565,565,0.25000,/home/ml/thesis-camels/data/raw/CAMELS_SIMBA_1000U/LH_565_hlist_0.25000.list,PASS,,8920,8920,True,0,0.0
LH_565,565,0.51209,/home/ml/thesis-camels/data/raw/CAMELS_SIMBA_1000U/LH_565_hlist_0.51209.list,PASS,,7699,7699,True,0,0.0
LH_565,565,0.75065,/home/ml/thesis-camels/data/raw/CAMELS_SIMBA_1000U/LH_565_hlist_0.75065.list,PASS,,6426,6426,True,0,0.0
LH_565,565,1.00000,/home/ml/thesis-camels/data/raw/CAMELS_SIMBA_1000U/LH_565_hlist_1.00000.list,PASS,,6103,6103,True,0,0.0
LH_566,566,0.20000,/home/ml/thesis-camels/data/raw/CAMELS_SIMBA_1000U/LH_566_hlist_0.20000.list,PASS,,4065,4065,True,0,0.0
LH_566,566,0.25000,/home/ml/thesis-camels/data/raw/CAMELS_SIMBA_1000U/LH_566_hlist_0.25000.list,PASS,,5551,5551,True,0,0.0
LH_566,566,0.51209,/home/ml/thesis-camels/data/raw/CAMELS_SIMBA_1000U/LH_566_hlist_0.51209.list,PASS,,6885,6885,True,0,0.0
LH_566,566,0.75065,/home/ml/thesis-camels/data/raw/CAMELS_SIMBA_1000U/LH_566_hlist_0.75065.list,PASS,,6302,6302,True,0,0.0
LH_566,566,1.00000,/home/ml/thesis-camels/data/raw/CAMELS_SIMBA_1000U/LH_566_hlist_1.00000.list,PASS,,6523,6523,True,0,0.0
LH_567,567,0.20000,/home/ml/thesis-camels/data/raw/CAMELS_SIMBA_1000U/LH_567_hlist_0.20000.list,PASS,,3593,3593,True,0,0.0
LH_567,567,0.25000,/home/ml/thesis-camels/data/raw/CAMELS_SIMBA_1000U/LH_567_hlist_0.25000.list,PASS,,5092,5092,True,0,0.0
LH_567,567,0.51209,/home/ml/thesis-camels/data/raw/CAMELS_SIMBA_1000U/LH_567_hlist_0.51209.list,PASS,,6631,6631,True,0,0.0
LH_567,567,0.75065,/home/ml/thesis-camels/data/raw/CAMELS_SIMBA_1000U/LH_567_hlist_0.75065.list,PASS,,6182,6182,True,0,0.0
LH_567,567,1.00000,/home/ml/thesis-camels/data/raw/CAMELS_SIMBA_1000U/LH_567_hlist_1.00000.list,PASS,,6489,6489,True,0,0.0
LH_568,568,0.20000,/home/ml/thesis-camels/data/raw/CAMELS_SIMBA_1000U/LH_568_hlist_0.20000.list,PASS,,5249,5249,True,0,0.0
LH_568,568,0.25000,/home/ml/thesis-camels/data/raw/CAMELS_SIMBA_1000U/LH_568_hlist_0.25000.list,PASS,,6719,6719,True,0,0.0
LH_568,568,0.51209,/home/ml/thesis-camels/data/raw/CAMELS_SIMBA_1000U/LH_568_hlist_0.51209.list,PASS,,7981,7981,True,0,0.0
LH_568,568,0.75065,/home/ml/thesis-camels/data/raw/CAMELS_SIMBA_1000U/LH_568_hlist_0.75065.list,PASS,,7386,7386,True,0,0.0
LH_568,568,1.00000,/home/ml/thesis-camels/data/raw/CAMELS_SIMBA_1000U/LH_568_hlist_1.00000.list,PASS,,7195,7195,True,0,0.0
LH_569,569,0.20000,/home/ml/thesis-camels/data/raw/CAMELS_SIMBA_1000U/LH_569_hlist_0.20000.list,PASS,,3392,3392,True,0,0.0
LH_569,569,0.25000,/home/ml/thesis-camels/data/raw/CAMELS_SIMBA_1000U/LH_569_hlist_0.25000.list,PASS,,4989,4989,True,0,0.0
LH_569,569,0.51209,/home/ml/thesis-camels/data/raw/CAMELS_SIMBA_1000U/LH_569_hlist_0.51209.list,PASS,,6756,6756,True,0,0.0
LH_569,569,0.75065,/home/ml/thesis-camels/data/raw/CAMELS_SIMBA_1000U/LH_569_hlist_0.75065.list,PASS,,6508,6508,True,0,0.0
LH_569,569,1.00000,/home/ml/thesis-camels/data/raw/CAMELS_SIMBA_1000U/LH_569_hlist_1.00000.list,PASS,,6784,6784,True,0,0.0
LH_570,570,0.20000,/home/ml/thesis-camels/data/raw/CAMELS_SIMBA_1000U/LH_570_hlist_0.20000.list,PASS,,1261,1261,False,239,15.933333333333334
LH_570,570,0.25000,/home/ml/thesis-camels/data/raw/CAMELS_SIMBA_1000U/LH_570_hlist_0.25000.list,PASS,,2769,2769,True,0,0.0
LH_570,570,0.51209,/home/ml/thesis-camels/data/raw/CAMELS_SIMBA_1000U/LH_570_hlist_0.51209.list,PASS,,6257,6257,True,0,0.0
LH_570,570,0.75065,/home/ml/thesis-camels/data/raw/CAMELS_SIMBA_1000U/LH_570_hlist_0.75065.list,PASS,,6940,6940,True,0,0.0
LH_570,570,1.00000,/home/ml/thesis-camels/data/raw/CAMELS_SIMBA_1000U/LH_570_hlist_1.00000.list,PASS,,7422,7422,True,0,0.0
LH_571,571,0.20000,/home/ml/thesis-camels/data/raw/CAMELS_SIMBA_1000U/LH_571_hlist_0.20000.list,PASS,,5585,5585,True,0,0.0
LH_571,571,0.25000,/home/ml/thesis-camels/data/raw/CAMELS_SIMBA_1000U/LH_571_hlist_0.25000.list,PASS,,6952,6952,True,0,0.0
LH_571,571,0.51209,/home/ml/thesis-camels/data/raw/CAMELS_SIMBA_1000U/LH_571_hlist_0.51209.list,PASS,,8315,8315,True,0,0.0
LH_571,571,0.75065,/home/ml/thesis-camels/data/raw/CAMELS_SIMBA_1000U/LH_571_hlist_0.75065.list,PASS,,7422,7422,True,0,0.0
LH_571,571,1.00000,/home/ml/thesis-camels/data/raw/CAMELS_SIMBA_1000U/LH_571_hlist_1.00000.list,PASS,,6900,6900,True,0,0.0
LH_572,572,0.20000,/home/ml/thesis-camels/data/raw/CAMELS_SIMBA_1000U/LH_572_hlist_0.20000.list,PASS,,5586,5586,True,0,0.0
LH_572,572,0.25000,/home/ml/thesis-camels/data/raw/CAMELS_SIMBA_1000U/LH_572_hlist_0.25000.list,PASS,,6828,6828,True,0,0.0
LH_572,572,0.51209,/home/ml/thesis-camels/data/raw/CAMELS_SIMBA_1000U/LH_572_hlist_0.51209.list,PASS,,7508,7508,True,0,0.0
LH_572,572,0.75065,/home/ml/thesis-camels/data/raw/CAMELS_SIMBA_1000U/LH_572_hlist_0.75065.list,PASS,,6703,6703,True,0,0.0
LH_572,572,1.00000,/home/ml/thesis-camels/data/raw/CAMELS_SIMBA_1000U/LH_572_hlist_1.00000.list,PASS,,6558,6558,True,0,0.0
LH_573,573,0.20000,/home/ml/thesis-camels/data/raw/CAMELS_SIMBA_1000U/LH_573_hlist_0.20000.list,PASS,,8774,8774,True,0,0.0
LH_573,573,0.25000,/home/ml/thesis-camels/data/raw/CAMELS_SIMBA_1000U/LH_573_hlist_0.25000.list,PASS,,9197,9197,True,0,0.0
LH_573,573,0.51209,/home/ml/thesis-camels/data/raw/CAMELS_SIMBA_1000U/LH_573_hlist_0.51209.list,PASS,,7484,7484,True,0,0.0
LH_573,573,0.75065,/home/ml/thesis-camels/data/raw/CAMELS_SIMBA_1000U/LH_573_hlist_0.75065.list,PASS,,6333,6333,True,0,0.0
LH_573,573,1.00000,/home/ml/thesis-camels/data/raw/CAMELS_SIMBA_1000U/LH_573_hlist_1.00000.list,PASS,,5888,5888,True,0,0.0
LH_574,574,0.20000,/home/ml/thesis-camels/data/raw/CAMELS_SIMBA_1000U/LH_574_hlist_0.20000.list,PASS,,5364,5364,True,0,0.0
LH_574,574,0.25000,/home/ml/thesis-camels/data/raw/CAMELS_SIMBA_1000U/LH_574_hlist_0.25000.list,PASS,,6837,6837,True,0,0.0
LH_574,574,0.51209,/home/ml/thesis-camels/data/raw/CAMELS_SIMBA_1000U/LH_574_hlist_0.51209.list,PASS,,7726,7726,True,0,0.0
LH_574,574,0.75065,/home/ml/thesis-camels/data/raw/CAMELS_SIMBA_1000U/LH_574_hlist_0.75065.list,PASS,,6722,6722,True,0,0.0
LH_574,574,1.00000,/home/ml/thesis-camels/data/raw/CAMELS_SIMBA_1000U/LH_574_hlist_1.00000.list,PASS,,6654,6654,True,0,0.0
LH_575,575,0.20000,/home/ml/thesis-camels/data/raw/CAMELS_SIMBA_1000U/LH_575_hlist_0.20000.list,PASS,,6946,6946,True,0,0.0
LH_575,575,0.25000,/home/ml/thesis-camels/data/raw/CAMELS_SIMBA_1000U/LH_575_hlist_0.25000.list,PASS,,7562,7562,True,0,0.0
LH_575,575,0.51209,/home/ml/thesis-camels/data/raw/CAMELS_SIMBA_1000U/LH_575_hlist_0.51209.list,PASS,,6624,6624,True,0,0.0
LH_575,575,0.75065,/home/ml/thesis-camels/data/raw/CAMELS_SIMBA_1000U/LH_575_hlist_0.75065.list,PASS,,5780,5780,True,0,0.0
LH_575,575,1.00000,/home/ml/thesis-camels/data/raw/CAMELS_SIMBA_1000U/LH_575_hlist_1.00000.list,PASS,,5633,5633,True,0,0.0
LH_576,576,0.20000,/home/ml/thesis-camels/data/raw/CAMELS_SIMBA_1000U/LH_576_hlist_0.20000.list,PASS,,1988,1988,True,0,0.0
LH_576,576,0.25000,/home/ml/thesis-camels/data/raw/CAMELS_SIMBA_1000U/LH_576_hlist_0.25000.list,PASS,,3510,3510,True,0,0.0
LH_576,576,0.51209,/home/ml/thesis-camels/data/raw/CAMELS_SIMBA_1000U/LH_576_hlist_0.51209.list,PASS,,6457,6457,True,0,0.0
LH_576,576,0.75065,/home/ml/thesis-camels/data/raw/CAMELS_SIMBA_1000U/LH_576_hlist_0.75065.list,PASS,,6661,6661,True,0,0.0
LH_576,576,1.00000,/home/ml/thesis-camels/data/raw/CAMELS_SIMBA_1000U/LH_576_hlist_1.00000.list,PASS,,6914,6914,True,0,0.0
LH_577,577,0.20000,/home/ml/thesis-camels/data/raw/CAMELS_SIMBA_1000U/LH_577_hlist_0.20000.list,PASS,,1578,1578,True,0,0.0
LH_577,577,0.25000,/home/ml/thesis-camels/data/raw/CAMELS_SIMBA_1000U/LH_577_hlist_0.25000.list,PASS,,2974,2974,True,0,0.0
LH_577,577,0.51209,/home/ml/thesis-camels/data/raw/CAMELS_SIMBA_1000U/LH_577_hlist_0.51209.list,PASS,,5896,5896,True,0,0.0
LH_577,577,0.75065,/home/ml/thesis-camels/data/raw/CAMELS_SIMBA_1000U/LH_577_hlist_0.75065.list,PASS,,6190,6190,True,0,0.0
LH_577,577,1.00000,/home/ml/thesis-camels/data/raw/CAMELS_SIMBA_1000U/LH_577_hlist_1.00000.list,PASS,,6720,6720,True,0,0.0
LH_578,578,0.20000,/home/ml/thesis-camels/data/raw/CAMELS_SIMBA_1000U/LH_578_hlist_0.20000.list,PASS,,6639,6639,True,0,0.0
LH_578,578,0.25000,/home/ml/thesis-camels/data/raw/CAMELS_SIMBA_1000U/LH_578_hlist_0.25000.list,PASS,,7577,7577,True,0,0.0
LH_578,578,0.51209,/home/ml/thesis-camels/data/raw/CAMELS_SIMBA_1000U/LH_578_hlist_0.51209.list,PASS,,7993,7993,True,0,0.0
LH_578,578,0.75065,/home/ml/thesis-camels/data/raw/CAMELS_SIMBA_1000U/LH_578_hlist_0.75065.list,PASS,,6810,6810,True,0,0.0
LH_578,578,1.00000,/home/ml/thesis-camels/data/raw/CAMELS_SIMBA_1000U/LH_578_hlist_1.00000.list,PASS,,6561,6561,True,0,0.0
LH_579,579,0.20000,/home/ml/thesis-camels/data/raw/CAMELS_SIMBA_1000U/LH_579_hlist_0.20000.list,PASS,,7434,7434,True,0,0.0
LH_579,579,0.25000,/home/ml/thesis-camels/data/raw/CAMELS_SIMBA_1000U/LH_579_hlist_0.25000.list,PASS,,8097,8097,True,0,0.0
LH_579,579,0.51209,/home/ml/thesis-camels/data/raw/CAMELS_SIMBA_1000U/LH_579_hlist_0.51209.list,PASS,,7282,7282,True,0,0.0
LH_579,579,0.75065,/home/ml/thesis-camels/data/raw/CAMELS_SIMBA_1000U/LH_579_hlist_0.75065.list,PASS,,6248,6248,True,0,0.0
LH_579,579,1.00000,/home/ml/thesis-camels/data/raw/CAMELS_SIMBA_1000U/LH_579_hlist_1.00000.list,PASS,,6089,6089,True,0,0.0
LH_580,580,0.20000,/home/ml/thesis-camels/data/raw/CAMELS_SIMBA_1000U/LH_580_hlist_0.20000.list,PASS,,2551,2551,True,0,0.0
LH_580,580,0.25000,/home/ml/thesis-camels/data/raw/CAMELS_SIMBA_1000U/LH_580_hlist_0.25000.list,PASS,,4095,4095,True,0,0.0
LH_580,580,0.51209,/home/ml/thesis-camels/data/raw/CAMELS_SIMBA_1000U/LH_580_hlist_0.51209.list,PASS,,7646,7646,True,0,0.0
LH_580,580,0.75065,/home/ml/thesis-camels/data/raw/CAMELS_SIMBA_1000U/LH_580_hlist_0.75065.list,PASS,,7832,7832,True,0,0.0
LH_580,580,1.00000,/home/ml/thesis-camels/data/raw/CAMELS_SIMBA_1000U/LH_580_hlist_1.00000.list,PASS,,8092,8092,True,0,0.0
LH_581,581,0.20000,/home/ml/thesis-camels/data/raw/CAMELS_SIMBA_1000U/LH_581_hlist_0.20000.list,PASS,,7870,7870,True,0,0.0
LH_581,581,0.25000,/home/ml/thesis-camels/data/raw/CAMELS_SIMBA_1000U/LH_581_hlist_0.25000.list,PASS,,8685,8685,True,0,0.0
LH_581,581,0.51209,/home/ml/thesis-camels/data/raw/CAMELS_SIMBA_1000U/LH_581_hlist_0.51209.list,PASS,,8060,8060,True,0,0.0
LH_581,581,0.75065,/home/ml/thesis-camels/data/raw/CAMELS_SIMBA_1000U/LH_581_hlist_0.75065.list,PASS,,6646,6646,True,0,0.0
LH_581,581,1.00000,/home/ml/thesis-camels/data/raw/CAMELS_SIMBA_1000U/LH_581_hlist_1.00000.list,PASS,,6231,6231,True,0,0.0
LH_582,582,0.20000,/home/ml/thesis-camels/data/raw/CAMELS_SIMBA_1000U/LH_582_hlist_0.20000.list,PASS,,2582,2582,True,0,0.0
LH_582,582,0.25000,/home/ml/thesis-camels/data/raw/CAMELS_SIMBA_1000U/LH_582_hlist_0.25000.list,PASS,,4164,4164,True,0,0.0
LH_582,582,0.51209,/home/ml/thesis-camels/data/raw/CAMELS_SIMBA_1000U/LH_582_hlist_0.51209.list,PASS,,6408,6408,True,0,0.0
LH_582,582,0.75065,/home/ml/thesis-camels/data/raw/CAMELS_SIMBA_1000U/LH_582_hlist_0.75065.list,PASS,,6336,6336,True,0,0.0
LH_582,582,1.00000,/home/ml/thesis-camels/data/raw/CAMELS_SIMBA_1000U/LH_582_hlist_1.00000.list,PASS,,6612,6612,True,0,0.0
LH_583,583,0.20000,/home/ml/thesis-camels/data/raw/CAMELS_SIMBA_1000U/LH_583_hlist_0.20000.list,PASS,,8869,8869,True,0,0.0
LH_583,583,0.25000,/home/ml/thesis-camels/data/raw/CAMELS_SIMBA_1000U/LH_583_hlist_0.25000.list,PASS,,9292,9292,True,0,0.0
LH_583,583,0.51209,/home/ml/thesis-camels/data/raw/CAMELS_SIMBA_1000U/LH_583_hlist_0.51209.list,PASS,,7465,7465,True,0,0.0
LH_583,583,0.75065,/home/ml/thesis-camels/data/raw/CAMELS_SIMBA_1000U/LH_583_hlist_0.75065.list,PASS,,6160,6160,True,0,0.0
LH_583,583,1.00000,/home/ml/thesis-camels/data/raw/CAMELS_SIMBA_1000U/LH_583_hlist_1.00000.list,PASS,,5769,5769,True,0,0.0
LH_584,584,0.20000,/home/ml/thesis-camels/data/raw/CAMELS_SIMBA_1000U/LH_584_hlist_0.20000.list,PASS,,3490,3490,True,0,0.0
LH_584,584,0.25000,/home/ml/thesis-camels/data/raw/CAMELS_SIMBA_1000U/LH_584_hlist_0.25000.list,PASS,,4487,4487,True,0,0.0
LH_584,584,0.51209,/home/ml/thesis-camels/data/raw/CAMELS_SIMBA_1000U/LH_584_hlist_0.51209.list,PASS,,5297,5297,True,0,0.0
LH_584,584,0.75065,/home/ml/thesis-camels/data/raw/CAMELS_SIMBA_1000U/LH_584_hlist_0.75065.list,PASS,,5213,5213,True,0,0.0
LH_584,584,1.00000,/home/ml/thesis-camels/data/raw/CAMELS_SIMBA_1000U/LH_584_hlist_1.00000.list,PASS,,5526,5526,True,0,0.0
LH_585,585,0.20000,/home/ml/thesis-camels/data/raw/CAMELS_SIMBA_1000U/LH_585_hlist_0.20000.list,PASS,,5078,5078,True,0,0.0
LH_585,585,0.25000,/home/ml/thesis-camels/data/raw/CAMELS_SIMBA_1000U/LH_585_hlist_0.25000.list,PASS,,6749,6749,True,0,0.0
LH_585,585,0.51209,/home/ml/thesis-camels/data/raw/CAMELS_SIMBA_1000U/LH_585_hlist_0.51209.list,PASS,,8148,8148,True,0,0.0
LH_585,585,0.75065,/home/ml/thesis-camels/data/raw/CAMELS_SIMBA_1000U/LH_585_hlist_0.75065.list,PASS,,7245,7245,True,0,0.0
LH_585,585,1.00000,/home/ml/thesis-camels/data/raw/CAMELS_SIMBA_1000U/LH_585_hlist_1.00000.list,PASS,,7020,7020,True,0,0.0
LH_586,586,0.20000,/home/ml/thesis-camels/data/raw/CAMELS_SIMBA_1000U/LH_586_hlist_0.20000.list,PASS,,2969,2969,True,0,0.0
LH_586,586,0.25000,/home/ml/thesis-camels/data/raw/CAMELS_SIMBA_1000U/LH_586_hlist_0.25000.list,PASS,,3989,3989,True,0,0.0
LH_586,586,0.51209,/home/ml/thesis-camels/data/raw/CAMELS_SIMBA_1000U/LH_586_hlist_0.51209.list,PASS,,4862,4862,True,0,0.0
LH_586,586,0.75065,/home/ml/thesis-camels/data/raw/CAMELS_SIMBA_1000U/LH_586_hlist_0.75065.list,PASS,,4850,4850,True,0,0.0
LH_586,586,1.00000,/home/ml/thesis-camels/data/raw/CAMELS_SIMBA_1000U/LH_586_hlist_1.00000.list,PASS,,5227,5227,True,0,0.0
LH_587,587,0.20000,/home/ml/thesis-camels/data/raw/CAMELS_SIMBA_1000U/LH_587_hlist_0.20000.list,PASS,,5149,5149,True,0,0.0
LH_587,587,0.25000,/home/ml/thesis-camels/data/raw/CAMELS_SIMBA_1000U/LH_587_hlist_0.25000.list,PASS,,6569,6569,True,0,0.0
LH_587,587,0.51209,/home/ml/thesis-camels/data/raw/CAMELS_SIMBA_1000U/LH_587_hlist_0.51209.list,PASS,,7740,7740,True,0,0.0
LH_587,587,0.75065,/home/ml/thesis-camels/data/raw/CAMELS_SIMBA_1000U/LH_587_hlist_0.75065.list,PASS,,6981,6981,True,0,0.0
LH_587,587,1.00000,/home/ml/thesis-camels/data/raw/CAMELS_SIMBA_1000U/LH_587_hlist_1.00000.list,PASS,,6792,6792,True,0,0.0
LH_588,588,0.20000,/home/ml/thesis-camels/data/raw/CAMELS_SIMBA_1000U/LH_588_hlist_0.20000.list,PASS,,3934,3934,True,0,0.0
LH_588,588,0.25000,/home/ml/thesis-camels/data/raw/CAMELS_SIMBA_1000U/LH_588_hlist_0.25000.list,PASS,,5476,5476,True,0,0.0
LH_588,588,0.51209,/home/ml/thesis-camels/data/raw/CAMELS_SIMBA_1000U/LH_588_hlist_0.51209.list,PASS,,8031,8031,True,0,0.0
LH_588,588,0.75065,/home/ml/thesis-camels/data/raw/CAMELS_SIMBA_1000U/LH_588_hlist_0.75065.list,PASS,,7537,7537,True,0,0.0
LH_588,588,1.00000,/home/ml/thesis-camels/data/raw/CAMELS_SIMBA_1000U/LH_588_hlist_1.00000.list,PASS,,7387,7387,True,0,0.0
LH_589,589,0.20000,/home/ml/thesis-camels/data/raw/CAMELS_SIMBA_1000U/LH_589_hlist_0.20000.list,PASS,,4321,4321,True,0,0.0
LH_589,589,0.25000,/home/ml/thesis-camels/data/raw/CAMELS_SIMBA_1000U/LH_589_hlist_0.25000.list,PASS,,6058,6058,True,0,0.0
LH_589,589,0.51209,/home/ml/thesis-camels/data/raw/CAMELS_SIMBA_1000U/LH_589_hlist_0.51209.list,PASS,,8701,8701,True,0,0.0
LH_589,589,0.75065,/home/ml/thesis-camels/data/raw/CAMELS_SIMBA_1000U/LH_589_hlist_0.75065.list,PASS,,8109,8109,True,0,0.0
LH_589,589,1.00000,/home/ml/thesis-camels/data/raw/CAMELS_SIMBA_1000U/LH_589_hlist_1.00000.list,PASS,,7828,7828,True,0,0.0
LH_590,590,0.20000,/home/ml/thesis-camels/data/raw/CAMELS_SIMBA_1000U/LH_590_hlist_0.20000.list,PASS,,6078,6078,True,0,0.0
LH_590,590,0.25000,/home/ml/thesis-camels/data/raw/CAMELS_SIMBA_1000U/LH_590_hlist_0.25000.list,PASS,,7336,7336,True,0,0.0
LH_590,590,0.51209,/home/ml/thesis-camels/data/raw/CAMELS_SIMBA_1000U/LH_590_hlist_0.51209.list,PASS,,7350,7350,True,0,0.0
LH_590,590,0.75065,/home/ml/thesis-camels/data/raw/CAMELS_SIMBA_1000U/LH_590_hlist_0.75065.list,PASS,,6503,6503,True,0,0.0
LH_590,590,1.00000,/home/ml/thesis-camels/data/raw/CAMELS_SIMBA_1000U/LH_590_hlist_1.00000.list,PASS,,6327,6327,True,0,0.0
LH_591,591,0.20000,/home/ml/thesis-camels/data/raw/CAMELS_SIMBA_1000U/LH_591_hlist_0.20000.list,PASS,,5896,5896,True,0,0.0
LH_591,591,0.25000,/home/ml/thesis-camels/data/raw/CAMELS_SIMBA_1000U/LH_591_hlist_0.25000.list,PASS,,7220,7220,True,0,0.0
LH_591,591,0.51209,/home/ml/thesis-camels/data/raw/CAMELS_SIMBA_1000U/LH_591_hlist_0.51209.list,PASS,,8103,8103,True,0,0.0
LH_591,591,0.75065,/home/ml/thesis-camels/data/raw/CAMELS_SIMBA_1000U/LH_591_hlist_0.75065.list,PASS,,7241,7241,True,0,0.0
LH_591,591,1.00000,/home/ml/thesis-camels/data/raw/CAMELS_SIMBA_1000U/LH_591_hlist_1.00000.list,PASS,,7034,7034,True,0,0.0
LH_592,592,0.20000,/home/ml/thesis-camels/data/raw/CAMELS_SIMBA_1000U/LH_592_hlist_0.20000.list,PASS,,8018,8018,True,0,0.0
LH_592,592,0.25000,/home/ml/thesis-camels/data/raw/CAMELS_SIMBA_1000U/LH_592_hlist_0.25000.list,PASS,,8737,8737,True,0,0.0
LH_592,592,0.51209,/home/ml/thesis-camels/data/raw/CAMELS_SIMBA_1000U/LH_592_hlist_0.51209.list,PASS,,7968,7968,True,0,0.0
LH_592,592,0.75065,/home/ml/thesis-camels/data/raw/CAMELS_SIMBA_1000U/LH_592_hlist_0.75065.list,PASS,,6708,6708,True,0,0.0
LH_592,592,1.00000,/home/ml/thesis-camels/data/raw/CAMELS_SIMBA_1000U/LH_592_hlist_1.00000.list,PASS,,6295,6295,True,0,0.0
LH_593,593,0.20000,/home/ml/thesis-camels/data/raw/CAMELS_SIMBA_1000U/LH_593_hlist_0.20000.list,PASS,,4084,4084,True,0,0.0
LH_593,593,0.25000,/home/ml/thesis-camels/data/raw/CAMELS_SIMBA_1000U/LH_593_hlist_0.25000.list,PASS,,5685,5685,True,0,0.0
LH_593,593,0.51209,/home/ml/thesis-camels/data/raw/CAMELS_SIMBA_1000U/LH_593_hlist_0.51209.list,PASS,,7720,7720,True,0,0.0
LH_593,593,0.75065,/home/ml/thesis-camels/data/raw/CAMELS_SIMBA_1000U/LH_593_hlist_0.75065.list,PASS,,7102,7102,True,0,0.0
LH_593,593,1.00000,/home/ml/thesis-camels/data/raw/CAMELS_SIMBA_1000U/LH_593_hlist_1.00000.list,PASS,,7109,7109,True,0,0.0
LH_594,594,0.20000,/home/ml/thesis-camels/data/raw/CAMELS_SIMBA_1000U/LH_594_hlist_0.20000.list,PASS,,2403,2403,True,0,0.0
LH_594,594,0.25000,/home/ml/thesis-camels/data/raw/CAMELS_SIMBA_1000U/LH_594_hlist_0.25000.list,PASS,,3817,3817,True,0,0.0
LH_594,594,0.51209,/home/ml/thesis-camels/data/raw/CAMELS_SIMBA_1000U/LH_594_hlist_0.51209.list,PASS,,6250,6250,True,0,0.0
LH_594,594,0.75065,/home/ml/thesis-camels/data/raw/CAMELS_SIMBA_1000U/LH_594_hlist_0.75065.list,PASS,,6183,6183,True,0,0.0
LH_594,594,1.00000,/home/ml/thesis-camels/data/raw/CAMELS_SIMBA_1000U/LH_594_hlist_1.00000.list,PASS,,6487,6487,True,0,0.0
LH_595,595,0.20000,/home/ml/thesis-camels/data/raw/CAMELS_SIMBA_1000U/LH_595_hlist_0.20000.list,PASS,,6769,6769,True,0,0.0
LH_595,595,0.25000,/home/ml/thesis-camels/data/raw/CAMELS_SIMBA_1000U/LH_595_hlist_0.25000.list,PASS,,7931,7931,True,0,0.0
LH_595,595,0.51209,/home/ml/thesis-camels/data/raw/CAMELS_SIMBA_1000U/LH_595_hlist_0.51209.list,PASS,,8167,8167,True,0,0.0
LH_595,595,0.75065,/home/ml/thesis-camels/data/raw/CAMELS_SIMBA_1000U/LH_595_hlist_0.75065.list,PASS,,7114,7114,True,0,0.0
LH_595,595,1.00000,/home/ml/thesis-camels/data/raw/CAMELS_SIMBA_1000U/LH_595_hlist_1.00000.list,PASS,,6828,6828,True,0,0.0
LH_596,596,0.20000,/home/ml/thesis-camels/data/raw/CAMELS_SIMBA_1000U/LH_596_hlist_0.20000.list,PASS,,5545,5545,True,0,0.0
LH_596,596,0.25000,/home/ml/thesis-camels/data/raw/CAMELS_SIMBA_1000U/LH_596_hlist_0.25000.list,PASS,,7022,7022,True,0,0.0
LH_596,596,0.51209,/home/ml/thesis-camels/data/raw/CAMELS_SIMBA_1000U/LH_596_hlist_0.51209.list,PASS,,7955,7955,True,0,0.0
LH_596,596,0.75065,/home/ml/thesis-camels/data/raw/CAMELS_SIMBA_1000U/LH_596_hlist_0.75065.list,PASS,,7070,7070,True,0,0.0
LH_596,596,1.00000,/home/ml/thesis-camels/data/raw/CAMELS_SIMBA_1000U/LH_596_hlist_1.00000.list,PASS,,6953,6953,True,0,0.0
LH_597,597,0.20000,/home/ml/thesis-camels/data/raw/CAMELS_SIMBA_1000U/LH_597_hlist_0.20000.list,PASS,,5682,5682,True,0,0.0
LH_597,597,0.25000,/home/ml/thesis-camels/data/raw/CAMELS_SIMBA_1000U/LH_597_hlist_0.25000.list,PASS,,7242,7242,True,0,0.0
LH_597,597,0.51209,/home/ml/thesis-camels/data/raw/CAMELS_SIMBA_1000U/LH_597_hlist_0.51209.list,PASS,,8627,8627,True,0,0.0
LH_597,597,0.75065,/home/ml/thesis-camels/data/raw/CAMELS_SIMBA_1000U/LH_597_hlist_0.75065.list,PASS,,7605,7605,True,0,0.0
LH_597,597,1.00000,/home/ml/thesis-camels/data/raw/CAMELS_SIMBA_1000U/LH_597_hlist_1.00000.list,PASS,,7284,7284,True,0,0.0
LH_598,598,0.20000,/home/ml/thesis-camels/data/raw/CAMELS_SIMBA_1000U/LH_598_hlist_0.20000.list,PASS,,5479,5479,True,0,0.0
LH_598,598,0.25000,/home/ml/thesis-camels/data/raw/CAMELS_SIMBA_1000U/LH_598_hlist_0.25000.list,PASS,,6758,6758,True,0,0.0
LH_598,598,0.51209,/home/ml/thesis-camels/data/raw/CAMELS_SIMBA_1000U/LH_598_hlist_0.51209.list,PASS,,6858,6858,True,0,0.0
LH_598,598,0.75065,/home/ml/thesis-camels/data/raw/CAMELS_SIMBA_1000U/LH_598_hlist_0.75065.list,PASS,,6226,6226,True,0,0.0
LH_598,598,1.00000,/home/ml/thesis-camels/data/raw/CAMELS_SIMBA_1000U/LH_598_hlist_1.00000.list,PASS,,6274,6274,True,0,0.0
LH_599,599,0.20000,/home/ml/thesis-camels/data/raw/CAMELS_SIMBA_1000U/LH_599_hlist_0.20000.list,PASS,,1564,1564,True,0,0.0
LH_599,599,0.25000,/home/ml/thesis-camels/data/raw/CAMELS_SIMBA_1000U/LH_599_hlist_0.25000.list,PASS,,2686,2686,True,0,0.0
LH_599,599,0.51209,/home/ml/thesis-camels/data/raw/CAMELS_SIMBA_1000U/LH_599_hlist_0.51209.list,PASS,,4615,4615,True,0,0.0
LH_599,599,0.75065,/home/ml/thesis-camels/data/raw/CAMELS_SIMBA_1000U/LH_599_hlist_0.75065.list,PASS,,4812,4812,True,0,0.0
LH_599,599,1.00000,/home/ml/thesis-camels/data/raw/CAMELS_SIMBA_1000U/LH_599_hlist_1.00000.list,PASS,,5374,5374,True,0,0.0
LH_600,600,0.20000,/home/ml/thesis-camels/data/raw/CAMELS_SIMBA_1000U/LH_600_hlist_0.20000.list,PASS,,4607,4607,True,0,0.0
LH_600,600,0.25000,/home/ml/thesis-camels/data/raw/CAMELS_SIMBA_1000U/LH_600_hlist_0.25000.list,PASS,,6206,6206,True,0,0.0
LH_600,600,0.51209,/home/ml/thesis-camels/data/raw/CAMELS_SIMBA_1000U/LH_600_hlist_0.51209.list,PASS,,8521,8521,True,0,0.0
LH_600,600,0.75065,/home/ml/thesis-camels/data/raw/CAMELS_SIMBA_1000U/LH_600_hlist_0.75065.list,PASS,,7917,7917,True,0,0.0
LH_600,600,1.00000,/home/ml/thesis-camels/data/raw/CAMELS_SIMBA_1000U/LH_600_hlist_1.00000.list,PASS,,7507,7507,True,0,0.0
LH_601,601,0.20000,/home/ml/thesis-camels/data/raw/CAMELS_SIMBA_1000U/LH_601_hlist_0.20000.list,PASS,,2891,2891,True,0,0.0
LH_601,601,0.25000,/home/ml/thesis-camels/data/raw/CAMELS_SIMBA_1000U/LH_601_hlist_0.25000.list,PASS,,4280,4280,True,0,0.0
LH_601,601,0.51209,/home/ml/thesis-camels/data/raw/CAMELS_SIMBA_1000U/LH_601_hlist_0.51209.list,PASS,,5220,5220,True,0,0.0
LH_601,601,0.75065,/home/ml/thesis-camels/data/raw/CAMELS_SIMBA_1000U/LH_601_hlist_0.75065.list,PASS,,5066,5066,True,0,0.0
LH_601,601,1.00000,/home/ml/thesis-camels/data/raw/CAMELS_SIMBA_1000U/LH_601_hlist_1.00000.list,PASS,,5419,5419,True,0,0.0
LH_602,602,0.20000,/home/ml/thesis-camels/data/raw/CAMELS_SIMBA_1000U/LH_602_hlist_0.20000.list,PASS,,3348,3348,True,0,0.0
LH_602,602,0.25000,/home/ml/thesis-camels/data/raw/CAMELS_SIMBA_1000U/LH_602_hlist_0.25000.list,PASS,,4589,4589,True,0,0.0
LH_602,602,0.51209,/home/ml/thesis-camels/data/raw/CAMELS_SIMBA_1000U/LH_602_hlist_0.51209.list,PASS,,5636,5636,True,0,0.0
LH_602,602,0.75065,/home/ml/thesis-camels/data/raw/CAMELS_SIMBA_1000U/LH_602_hlist_0.75065.list,PASS,,5533,5533,True,0,0.0
LH_602,602,1.00000,/home/ml/thesis-camels/data/raw/CAMELS_SIMBA_1000U/LH_602_hlist_1.00000.list,PASS,,5884,5884,True,0,0.0
LH_603,603,0.20000,/home/ml/thesis-camels/data/raw/CAMELS_SIMBA_1000U/LH_603_hlist_0.20000.list,PASS,,3033,3033,True,0,0.0
LH_603,603,0.25000,/home/ml/thesis-camels/data/raw/CAMELS_SIMBA_1000U/LH_603_hlist_0.25000.list,PASS,,4456,4456,True,0,0.0
LH_603,603,0.51209,/home/ml/thesis-camels/data/raw/CAMELS_SIMBA_1000U/LH_603_hlist_0.51209.list,PASS,,5155,5155,True,0,0.0
LH_603,603,0.75065,/home/ml/thesis-camels/data/raw/CAMELS_SIMBA_1000U/LH_603_hlist_0.75065.list,PASS,,5205,5205,True,0,0.0
LH_603,603,1.00000,/home/ml/thesis-camels/data/raw/CAMELS_SIMBA_1000U/LH_603_hlist_1.00000.list,PASS,,5628,5628,True,0,0.0
LH_604,604,0.20000,/home/ml/thesis-camels/data/raw/CAMELS_SIMBA_1000U/LH_604_hlist_0.20000.list,PASS,,1069,1069,False,431,28.733333333333334
LH_604,604,0.25000,/home/ml/thesis-camels/data/raw/CAMELS_SIMBA_1000U/LH_604_hlist_0.25000.list,PASS,,2432,2432,True,0,0.0
LH_604,604,0.51209,/home/ml/thesis-camels/data/raw/CAMELS_SIMBA_1000U/LH_604_hlist_0.51209.list,PASS,,5167,5167,True,0,0.0
LH_604,604,0.75065,/home/ml/thesis-camels/data/raw/CAMELS_SIMBA_1000U/LH_604_hlist_0.75065.list,PASS,,5373,5373,True,0,0.0
LH_604,604,1.00000,/home/ml/thesis-camels/data/raw/CAMELS_SIMBA_1000U/LH_604_hlist_1.00000.list,PASS,,5832,5832,True,0,0.0
LH_605,605,0.20000,/home/ml/thesis-camels/data/raw/CAMELS_SIMBA_1000U/LH_605_hlist_0.20000.list,PASS,,541,541,False,959,63.93333333333333
LH_605,605,0.25000,/home/ml/thesis-camels/data/raw/CAMELS_SIMBA_1000U/LH_605_hlist_0.25000.list,PASS,,1314,1314,False,186,12.4
LH_605,605,0.51209,/home/ml/thesis-camels/data/raw/CAMELS_SIMBA_1000U/LH_605_hlist_0.51209.list,PASS,,3905,3905,True,0,0.0
LH_605,605,0.75065,/home/ml/thesis-camels/data/raw/CAMELS_SIMBA_1000U/LH_605_hlist_0.75065.list,PASS,,4591,4591,True,0,0.0
LH_605,605,1.00000,/home/ml/thesis-camels/data/raw/CAMELS_SIMBA_1000U/LH_605_hlist_1.00000.list,PASS,,5192,5192,True,0,0.0
LH_606,606,0.20000,/home/ml/thesis-camels/data/raw/CAMELS_SIMBA_1000U/LH_606_hlist_0.20000.list,PASS,,2848,2848,True,0,0.0
LH_606,606,0.25000,/home/ml/thesis-camels/data/raw/CAMELS_SIMBA_1000U/LH_606_hlist_0.25000.list,PASS,,4033,4033,True,0,0.0
LH_606,606,0.51209,/home/ml/thesis-camels/data/raw/CAMELS_SIMBA_1000U/LH_606_hlist_0.51209.list,PASS,,5273,5273,True,0,0.0
LH_606,606,0.75065,/home/ml/thesis-camels/data/raw/CAMELS_SIMBA_1000U/LH_606_hlist_0.75065.list,PASS,,5360,5360,True,0,0.0
LH_606,606,1.00000,/home/ml/thesis-camels/data/raw/CAMELS_SIMBA_1000U/LH_606_hlist_1.00000.list,PASS,,5875,5875,True,0,0.0
LH_607,607,0.20000,/home/ml/thesis-camels/data/raw/CAMELS_SIMBA_1000U/LH_607_hlist_0.20000.list,PASS,,8266,8266,True,0,0.0
LH_607,607,0.25000,/home/ml/thesis-camels/data/raw/CAMELS_SIMBA_1000U/LH_607_hlist_0.25000.list,PASS,,8952,8952,True,0,0.0
LH_607,607,0.51209,/home/ml/thesis-camels/data/raw/CAMELS_SIMBA_1000U/LH_607_hlist_0.51209.list,PASS,,7520,7520,True,0,0.0
LH_607,607,0.75065,/home/ml/thesis-camels/data/raw/CAMELS_SIMBA_1000U/LH_607_hlist_0.75065.list,PASS,,6061,6061,True,0,0.0
LH_607,607,1.00000,/home/ml/thesis-camels/data/raw/CAMELS_SIMBA_1000U/LH_607_hlist_1.00000.list,PASS,,5818,5818,True,0,0.0
LH_608,608,0.20000,/home/ml/thesis-camels/data/raw/CAMELS_SIMBA_1000U/LH_608_hlist_0.20000.list,PASS,,3665,3665,True,0,0.0
LH_608,608,0.25000,/home/ml/thesis-camels/data/raw/CAMELS_SIMBA_1000U/LH_608_hlist_0.25000.list,PASS,,5412,5412,True,0,0.0
LH_608,608,0.51209,/home/ml/thesis-camels/data/raw/CAMELS_SIMBA_1000U/LH_608_hlist_0.51209.list,PASS,,7944,7944,True,0,0.0
LH_608,608,0.75065,/home/ml/thesis-camels/data/raw/CAMELS_SIMBA_1000U/LH_608_hlist_0.75065.list,PASS,,7448,7448,True,0,0.0
LH_608,608,1.00000,/home/ml/thesis-camels/data/raw/CAMELS_SIMBA_1000U/LH_608_hlist_1.00000.list,PASS,,7374,7374,True,0,0.0
LH_609,609,0.20000,/home/ml/thesis-camels/data/raw/CAMELS_SIMBA_1000U/LH_609_hlist_0.20000.list,PASS,,4331,4331,True,0,0.0
LH_609,609,0.25000,/home/ml/thesis-camels/data/raw/CAMELS_SIMBA_1000U/LH_609_hlist_0.25000.list,PASS,,5610,5610,True,0,0.0
LH_609,609,0.51209,/home/ml/thesis-camels/data/raw/CAMELS_SIMBA_1000U/LH_609_hlist_0.51209.list,PASS,,6623,6623,True,0,0.0
LH_609,609,0.75065,/home/ml/thesis-camels/data/raw/CAMELS_SIMBA_1000U/LH_609_hlist_0.75065.list,PASS,,6221,6221,True,0,0.0
LH_609,609,1.00000,/home/ml/thesis-camels/data/raw/CAMELS_SIMBA_1000U/LH_609_hlist_1.00000.list,PASS,,6515,6515,True,0,0.0
LH_610,610,0.20000,/home/ml/thesis-camels/data/raw/CAMELS_SIMBA_1000U/LH_610_hlist_0.20000.list,PASS,,6100,6100,True,0,0.0
LH_610,610,0.25000,/home/ml/thesis-camels/data/raw/CAMELS_SIMBA_1000U/LH_610_hlist_0.25000.list,PASS,,7358,7358,True,0,0.0
LH_610,610,0.51209,/home/ml/thesis-camels/data/raw/CAMELS_SIMBA_1000U/LH_610_hlist_0.51209.list,PASS,,7678,7678,True,0,0.0
LH_610,610,0.75065,/home/ml/thesis-camels/data/raw/CAMELS_SIMBA_1000U/LH_610_hlist_0.75065.list,PASS,,6838,6838,True,0,0.0
LH_610,610,1.00000,/home/ml/thesis-camels/data/raw/CAMELS_SIMBA_1000U/LH_610_hlist_1.00000.list,PASS,,6765,6765,True,0,0.0
LH_611,611,0.20000,/home/ml/thesis-camels/data/raw/CAMELS_SIMBA_1000U/LH_611_hlist_0.20000.list,PASS,,5088,5088,True,0,0.0
LH_611,611,0.25000,/home/ml/thesis-camels/data/raw/CAMELS_SIMBA_1000U/LH_611_hlist_0.25000.list,PASS,,6473,6473,True,0,0.0
LH_611,611,0.51209,/home/ml/thesis-camels/data/raw/CAMELS_SIMBA_1000U/LH_611_hlist_0.51209.list,PASS,,6868,6868,True,0,0.0
LH_611,611,0.75065,/home/ml/thesis-camels/data/raw/CAMELS_SIMBA_1000U/LH_611_hlist_0.75065.list,PASS,,6037,6037,True,0,0.0
LH_611,611,1.00000,/home/ml/thesis-camels/data/raw/CAMELS_SIMBA_1000U/LH_611_hlist_1.00000.list,PASS,,6036,6036,True,0,0.0
LH_612,612,0.20000,/home/ml/thesis-camels/data/raw/CAMELS_SIMBA_1000U/LH_612_hlist_0.20000.list,PASS,,7207,7207,True,0,0.0
LH_612,612,0.25000,/home/ml/thesis-camels/data/raw/CAMELS_SIMBA_1000U/LH_612_hlist_0.25000.list,PASS,,8273,8273,True,0,0.0
LH_612,612,0.51209,/home/ml/thesis-camels/data/raw/CAMELS_SIMBA_1000U/LH_612_hlist_0.51209.list,PASS,,8037,8037,True,0,0.0
LH_612,612,0.75065,/home/ml/thesis-camels/data/raw/CAMELS_SIMBA_1000U/LH_612_hlist_0.75065.list,PASS,,6835,6835,True,0,0.0
LH_612,612,1.00000,/home/ml/thesis-camels/data/raw/CAMELS_SIMBA_1000U/LH_612_hlist_1.00000.list,PASS,,6507,6507,True,0,0.0
LH_613,613,0.20000,/home/ml/thesis-camels/data/raw/CAMELS_SIMBA_1000U/LH_613_hlist_0.20000.list,PASS,,6446,6446,True,0,0.0
LH_613,613,0.25000,/home/ml/thesis-camels/data/raw/CAMELS_SIMBA_1000U/LH_613_hlist_0.25000.list,PASS,,7098,7098,True,0,0.0
LH_613,613,0.51209,/home/ml/thesis-camels/data/raw/CAMELS_SIMBA_1000U/LH_613_hlist_0.51209.list,PASS,,6496,6496,True,0,0.0
LH_613,613,0.75065,/home/ml/thesis-camels/data/raw/CAMELS_SIMBA_1000U/LH_613_hlist_0.75065.list,PASS,,5744,5744,True,0,0.0
LH_613,613,1.00000,/home/ml/thesis-camels/data/raw/CAMELS_SIMBA_1000U/LH_613_hlist_1.00000.list,PASS,,5789,5789,True,0,0.0
LH_614,614,0.20000,/home/ml/thesis-camels/data/raw/CAMELS_SIMBA_1000U/LH_614_hlist_0.20000.list,PASS,,4276,4276,True,0,0.0
LH_614,614,0.25000,/home/ml/thesis-camels/data/raw/CAMELS_SIMBA_1000U/LH_614_hlist_0.25000.list,PASS,,6020,6020,True,0,0.0
LH_614,614,0.51209,/home/ml/thesis-camels/data/raw/CAMELS_SIMBA_1000U/LH_614_hlist_0.51209.list,PASS,,8580,8580,True,0,0.0
LH_614,614,0.75065,/home/ml/thesis-camels/data/raw/CAMELS_SIMBA_1000U/LH_614_hlist_0.75065.list,PASS,,7833,7833,True,0,0.0
LH_614,614,1.00000,/home/ml/thesis-camels/data/raw/CAMELS_SIMBA_1000U/LH_614_hlist_1.00000.list,PASS,,7574,7574,True,0,0.0
LH_615,615,0.20000,/home/ml/thesis-camels/data/raw/CAMELS_SIMBA_1000U/LH_615_hlist_0.20000.list,PASS,,2341,2341,True,0,0.0
LH_615,615,0.25000,/home/ml/thesis-camels/data/raw/CAMELS_SIMBA_1000U/LH_615_hlist_0.25000.list,PASS,,3302,3302,True,0,0.0
LH_615,615,0.51209,/home/ml/thesis-camels/data/raw/CAMELS_SIMBA_1000U/LH_615_hlist_0.51209.list,PASS,,4244,4244,True,0,0.0
LH_615,615,0.75065,/home/ml/thesis-camels/data/raw/CAMELS_SIMBA_1000U/LH_615_hlist_0.75065.list,PASS,,4540,4540,True,0,0.0
LH_615,615,1.00000,/home/ml/thesis-camels/data/raw/CAMELS_SIMBA_1000U/LH_615_hlist_1.00000.list,PASS,,4981,4981,True,0,0.0
LH_616,616,0.20000,/home/ml/thesis-camels/data/raw/CAMELS_SIMBA_1000U/LH_616_hlist_0.20000.list,PASS,,415,415,False,1085,72.33333333333333
LH_616,616,0.25000,/home/ml/thesis-camels/data/raw/CAMELS_SIMBA_1000U/LH_616_hlist_0.25000.list,PASS,,1712,1712,True,0,0.0
LH_616,616,0.51209,/home/ml/thesis-camels/data/raw/CAMELS_SIMBA_1000U/LH_616_hlist_0.51209.list,PASS,,4656,4656,True,0,0.0
LH_616,616,0.75065,/home/ml/thesis-camels/data/raw/CAMELS_SIMBA_1000U/LH_616_hlist_0.75065.list,PASS,,5197,5197,True,0,0.0
LH_616,616,1.00000,/home/ml/thesis-camels/data/raw/CAMELS_SIMBA_1000U/LH_616_hlist_1.00000.list,PASS,,5919,5919,True,0,0.0
LH_617,617,0.20000,/home/ml/thesis-camels/data/raw/CAMELS_SIMBA_1000U/LH_617_hlist_0.20000.list,PASS,,7520,7520,True,0,0.0
LH_617,617,0.25000,/home/ml/thesis-camels/data/raw/CAMELS_SIMBA_1000U/LH_617_hlist_0.25000.list,PASS,,8018,8018,True,0,0.0
LH_617,617,0.51209,/home/ml/thesis-camels/data/raw/CAMELS_SIMBA_1000U/LH_617_hlist_0.51209.list,PASS,,7326,7326,True,0,0.0
LH_617,617,0.75065,/home/ml/thesis-camels/data/raw/CAMELS_SIMBA_1000U/LH_617_hlist_0.75065.list,PASS,,6125,6125,True,0,0.0
LH_617,617,1.00000,/home/ml/thesis-camels/data/raw/CAMELS_SIMBA_1000U/LH_617_hlist_1.00000.list,PASS,,5515,5515,True,0,0.0
LH_618,618,0.20000,/home/ml/thesis-camels/data/raw/CAMELS_SIMBA_1000U/LH_618_hlist_0.20000.list,PASS,,3694,3694,True,0,0.0
LH_618,618,0.25000,/home/ml/thesis-camels/data/raw/CAMELS_SIMBA_1000U/LH_618_hlist_0.25000.list,PASS,,5118,5118,True,0,0.0
LH_618,618,0.51209,/home/ml/thesis-camels/data/raw/CAMELS_SIMBA_1000U/LH_618_hlist_0.51209.list,PASS,,6833,6833,True,0,0.0
LH_618,618,0.75065,/home/ml/thesis-camels/data/raw/CAMELS_SIMBA_1000U/LH_618_hlist_0.75065.list,PASS,,6743,6743,True,0,0.0
LH_618,618,1.00000,/home/ml/thesis-camels/data/raw/CAMELS_SIMBA_1000U/LH_618_hlist_1.00000.list,PASS,,7002,7002,True,0,0.0
LH_619,619,0.20000,/home/ml/thesis-camels/data/raw/CAMELS_SIMBA_1000U/LH_619_hlist_0.20000.list,PASS,,5026,5026,True,0,0.0
LH_619,619,0.25000,/home/ml/thesis-camels/data/raw/CAMELS_SIMBA_1000U/LH_619_hlist_0.25000.list,PASS,,6312,6312,True,0,0.0
LH_619,619,0.51209,/home/ml/thesis-camels/data/raw/CAMELS_SIMBA_1000U/LH_619_hlist_0.51209.list,PASS,,7237,7237,True,0,0.0
LH_619,619,0.75065,/home/ml/thesis-camels/data/raw/CAMELS_SIMBA_1000U/LH_619_hlist_0.75065.list,PASS,,6669,6669,True,0,0.0
LH_619,619,1.00000,/home/ml/thesis-camels/data/raw/CAMELS_SIMBA_1000U/LH_619_hlist_1.00000.list,PASS,,6704,6704,True,0,0.0
LH_620,620,0.20000,/home/ml/thesis-camels/data/raw/CAMELS_SIMBA_1000U/LH_620_hlist_0.20000.list,PASS,,6690,6690,True,0,0.0
LH_620,620,0.25000,/home/ml/thesis-camels/data/raw/CAMELS_SIMBA_1000U/LH_620_hlist_0.25000.list,PASS,,7539,7539,True,0,0.0
LH_620,620,0.51209,/home/ml/thesis-camels/data/raw/CAMELS_SIMBA_1000U/LH_620_hlist_0.51209.list,PASS,,7232,7232,True,0,0.0
LH_620,620,0.75065,/home/ml/thesis-camels/data/raw/CAMELS_SIMBA_1000U/LH_620_hlist_0.75065.list,PASS,,6380,6380,True,0,0.0
LH_620,620,1.00000,/home/ml/thesis-camels/data/raw/CAMELS_SIMBA_1000U/LH_620_hlist_1.00000.list,PASS,,6264,6264,True,0,0.0
LH_621,621,0.20000,/home/ml/thesis-camels/data/raw/CAMELS_SIMBA_1000U/LH_621_hlist_0.20000.list,PASS,,3522,3522,True,0,0.0
LH_621,621,0.25000,/home/ml/thesis-camels/data/raw/CAMELS_SIMBA_1000U/LH_621_hlist_0.25000.list,PASS,,5164,5164,True,0,0.0
LH_621,621,0.51209,/home/ml/thesis-camels/data/raw/CAMELS_SIMBA_1000U/LH_621_hlist_0.51209.list,PASS,,7670,7670,True,0,0.0
LH_621,621,0.75065,/home/ml/thesis-camels/data/raw/CAMELS_SIMBA_1000U/LH_621_hlist_0.75065.list,PASS,,7423,7423,True,0,0.0
LH_621,621,1.00000,/home/ml/thesis-camels/data/raw/CAMELS_SIMBA_1000U/LH_621_hlist_1.00000.list,PASS,,7700,7700,True,0,0.0
LH_622,622,0.20000,/home/ml/thesis-camels/data/raw/CAMELS_SIMBA_1000U/LH_622_hlist_0.20000.list,PASS,,988,988,False,512,34.13333333333333
LH_622,622,0.25000,/home/ml/thesis-camels/data/raw/CAMELS_SIMBA_1000U/LH_622_hlist_0.25000.list,PASS,,1989,1989,True,0,0.0
LH_622,622,0.51209,/home/ml/thesis-camels/data/raw/CAMELS_SIMBA_1000U/LH_622_hlist_0.51209.list,PASS,,4351,4351,True,0,0.0
LH_622,622,0.75065,/home/ml/thesis-camels/data/raw/CAMELS_SIMBA_1000U/LH_622_hlist_0.75065.list,PASS,,4931,4931,True,0,0.0
LH_622,622,1.00000,/home/ml/thesis-camels/data/raw/CAMELS_SIMBA_1000U/LH_622_hlist_1.00000.list,PASS,,5521,5521,True,0,0.0
LH_623,623,0.20000,/home/ml/thesis-camels/data/raw/CAMELS_SIMBA_1000U/LH_623_hlist_0.20000.list,PASS,,3791,3791,True,0,0.0
LH_623,623,0.25000,/home/ml/thesis-camels/data/raw/CAMELS_SIMBA_1000U/LH_623_hlist_0.25000.list,PASS,,5282,5282,True,0,0.0
LH_623,623,0.51209,/home/ml/thesis-camels/data/raw/CAMELS_SIMBA_1000U/LH_623_hlist_0.51209.list,PASS,,6268,6268,True,0,0.0
LH_623,623,0.75065,/home/ml/thesis-camels/data/raw/CAMELS_SIMBA_1000U/LH_623_hlist_0.75065.list,PASS,,6083,6083,True,0,0.0
LH_623,623,1.00000,/home/ml/thesis-camels/data/raw/CAMELS_SIMBA_1000U/LH_623_hlist_1.00000.list,PASS,,6326,6326,True,0,0.0
LH_624,624,0.20000,/home/ml/thesis-camels/data/raw/CAMELS_SIMBA_1000U/LH_624_hlist_0.20000.list,PASS,,7251,7251,True,0,0.0
LH_624,624,0.25000,/home/ml/thesis-camels/data/raw/CAMELS_SIMBA_1000U/LH_624_hlist_0.25000.list,PASS,,8103,8103,True,0,0.0
LH_624,624,0.51209,/home/ml/thesis-camels/data/raw/CAMELS_SIMBA_1000U/LH_624_hlist_0.51209.list,PASS,,7630,7630,True,0,0.0
LH_624,624,0.75065,/home/ml/thesis-camels/data/raw/CAMELS_SIMBA_1000U/LH_624_hlist_0.75065.list,PASS,,6650,6650,True,0,0.0
LH_624,624,1.00000,/home/ml/thesis-camels/data/raw/CAMELS_SIMBA_1000U/LH_624_hlist_1.00000.list,PASS,,6457,6457,True,0,0.0
LH_625,625,0.20000,/home/ml/thesis-camels/data/raw/CAMELS_SIMBA_1000U/LH_625_hlist_0.20000.list,PASS,,729,729,False,771,51.4
LH_625,625,0.25000,/home/ml/thesis-camels/data/raw/CAMELS_SIMBA_1000U/LH_625_hlist_0.25000.list,PASS,,1547,1547,True,0,0.0
LH_625,625,0.51209,/home/ml/thesis-camels/data/raw/CAMELS_SIMBA_1000U/LH_625_hlist_0.51209.list,PASS,,4347,4347,True,0,0.0
LH_625,625,0.75065,/home/ml/thesis-camels/data/raw/CAMELS_SIMBA_1000U/LH_625_hlist_0.75065.list,PASS,,4986,4986,True,0,0.0
LH_625,625,1.00000,/home/ml/thesis-camels/data/raw/CAMELS_SIMBA_1000U/LH_625_hlist_1.00000.list,PASS,,5656,5656,True,0,0.0
LH_626,626,0.20000,/home/ml/thesis-camels/data/raw/CAMELS_SIMBA_1000U/LH_626_hlist_0.20000.list,PASS,,7021,7021,True,0,0.0
LH_626,626,0.25000,/home/ml/thesis-camels/data/raw/CAMELS_SIMBA_1000U/LH_626_hlist_0.25000.list,PASS,,7898,7898,True,0,0.0
LH_626,626,0.51209,/home/ml/thesis-camels/data/raw/CAMELS_SIMBA_1000U/LH_626_hlist_0.51209.list,PASS,,7238,7238,True,0,0.0
LH_626,626,0.75065,/home/ml/thesis-camels/data/raw/CAMELS_SIMBA_1000U/LH_626_hlist_0.75065.list,PASS,,6280,6280,True,0,0.0
LH_626,626,1.00000,/home/ml/thesis-camels/data/raw/CAMELS_SIMBA_1000U/LH_626_hlist_1.00000.list,PASS,,6174,6174,True,0,0.0
LH_627,627,0.20000,/home/ml/thesis-camels/data/raw/CAMELS_SIMBA_1000U/LH_627_hlist_0.20000.list,PASS,,7577,7577,True,0,0.0
LH_627,627,0.25000,/home/ml/thesis-camels/data/raw/CAMELS_SIMBA_1000U/LH_627_hlist_0.25000.list,PASS,,8674,8674,True,0,0.0
LH_627,627,0.51209,/home/ml/thesis-camels/data/raw/CAMELS_SIMBA_1000U/LH_627_hlist_0.51209.list,PASS,,8308,8308,True,0,0.0
LH_627,627,0.75065,/home/ml/thesis-camels/data/raw/CAMELS_SIMBA_1000U/LH_627_hlist_0.75065.list,PASS,,7136,7136,True,0,0.0
LH_627,627,1.00000,/home/ml/thesis-camels/data/raw/CAMELS_SIMBA_1000U/LH_627_hlist_1.00000.list,PASS,,6828,6828,True,0,0.0
LH_628,628,0.20000,/home/ml/thesis-camels/data/raw/CAMELS_SIMBA_1000U/LH_628_hlist_0.20000.list,PASS,,6112,6112,True,0,0.0
LH_628,628,0.25000,/home/ml/thesis-camels/data/raw/CAMELS_SIMBA_1000U/LH_628_hlist_0.25000.list,PASS,,7194,7194,True,0,0.0
LH_628,628,0.51209,/home/ml/thesis-camels/data/raw/CAMELS_SIMBA_1000U/LH_628_hlist_0.51209.list,PASS,,7083,7083,True,0,0.0
LH_628,628,0.75065,/home/ml/thesis-camels/data/raw/CAMELS_SIMBA_1000U/LH_628_hlist_0.75065.list,PASS,,6397,6397,True,0,0.0
LH_628,628,1.00000,/home/ml/thesis-camels/data/raw/CAMELS_SIMBA_1000U/LH_628_hlist_1.00000.list,PASS,,6323,6323,True,0,0.0
LH_629,629,0.20000,/home/ml/thesis-camels/data/raw/CAMELS_SIMBA_1000U/LH_629_hlist_0.20000.list,PASS,,784,784,False,716,47.733333333333334
LH_629,629,0.25000,/home/ml/thesis-camels/data/raw/CAMELS_SIMBA_1000U/LH_629_hlist_0.25000.list,PASS,,1946,1946,True,0,0.0
LH_629,629,0.51209,/home/ml/thesis-camels/data/raw/CAMELS_SIMBA_1000U/LH_629_hlist_0.51209.list,PASS,,5170,5170,True,0,0.0
LH_629,629,0.75065,/home/ml/thesis-camels/data/raw/CAMELS_SIMBA_1000U/LH_629_hlist_0.75065.list,PASS,,5894,5894,True,0,0.0
LH_629,629,1.00000,/home/ml/thesis-camels/data/raw/CAMELS_SIMBA_1000U/LH_629_hlist_1.00000.list,PASS,,6517,6517,True,0,0.0
LH_630,630,0.20000,/home/ml/thesis-camels/data/raw/CAMELS_SIMBA_1000U/LH_630_hlist_0.20000.list,PASS,,8016,8016,True,0,0.0
LH_630,630,0.25000,/home/ml/thesis-camels/data/raw/CAMELS_SIMBA_1000U/LH_630_hlist_0.25000.list,PASS,,8573,8573,True,0,0.0
LH_630,630,0.51209,/home/ml/thesis-camels/data/raw/CAMELS_SIMBA_1000U/LH_630_hlist_0.51209.list,PASS,,7573,7573,True,0,0.0
LH_630,630,0.75065,/home/ml/thesis-camels/data/raw/CAMELS_SIMBA_1000U/LH_630_hlist_0.75065.list,PASS,,6731,6731,True,0,0.0
LH_630,630,1.00000,/home/ml/thesis-camels/data/raw/CAMELS_SIMBA_1000U/LH_630_hlist_1.00000.list,PASS,,6426,6426,True,0,0.0
LH_631,631,0.20000,/home/ml/thesis-camels/data/raw/CAMELS_SIMBA_1000U/LH_631_hlist_0.20000.list,PASS,,1719,1719,True,0,0.0
LH_631,631,0.25000,/home/ml/thesis-camels/data/raw/CAMELS_SIMBA_1000U/LH_631_hlist_0.25000.list,PASS,,3156,3156,True,0,0.0
LH_631,631,0.51209,/home/ml/thesis-camels/data/raw/CAMELS_SIMBA_1000U/LH_631_hlist_0.51209.list,PASS,,6460,6460,True,0,0.0
LH_631,631,0.75065,/home/ml/thesis-camels/data/raw/CAMELS_SIMBA_1000U/LH_631_hlist_0.75065.list,PASS,,6537,6537,True,0,0.0
LH_631,631,1.00000,/home/ml/thesis-camels/data/raw/CAMELS_SIMBA_1000U/LH_631_hlist_1.00000.list,PASS,,6918,6918,True,0,0.0
LH_632,632,0.20000,/home/ml/thesis-camels/data/raw/CAMELS_SIMBA_1000U/LH_632_hlist_0.20000.list,PASS,,3413,3413,True,0,0.0
LH_632,632,0.25000,/home/ml/thesis-camels/data/raw/CAMELS_SIMBA_1000U/LH_632_hlist_0.25000.list,PASS,,4944,4944,True,0,0.0
LH_632,632,0.51209,/home/ml/thesis-camels/data/raw/CAMELS_SIMBA_1000U/LH_632_hlist_0.51209.list,PASS,,7339,7339,True,0,0.0
LH_632,632,0.75065,/home/ml/thesis-camels/data/raw/CAMELS_SIMBA_1000U/LH_632_hlist_0.75065.list,PASS,,7268,7268,True,0,0.0
LH_632,632,1.00000,/home/ml/thesis-camels/data/raw/CAMELS_SIMBA_1000U/LH_632_hlist_1.00000.list,PASS,,7522,7522,True,0,0.0
LH_633,633,0.20000,/home/ml/thesis-camels/data/raw/CAMELS_SIMBA_1000U/LH_633_hlist_0.20000.list,PASS,,5593,5593,True,0,0.0
LH_633,633,0.25000,/home/ml/thesis-camels/data/raw/CAMELS_SIMBA_1000U/LH_633_hlist_0.25000.list,PASS,,6853,6853,True,0,0.0
LH_633,633,0.51209,/home/ml/thesis-camels/data/raw/CAMELS_SIMBA_1000U/LH_633_hlist_0.51209.list,PASS,,8436,8436,True,0,0.0
LH_633,633,0.75065,/home/ml/thesis-camels/data/raw/CAMELS_SIMBA_1000U/LH_633_hlist_0.75065.list,PASS,,7632,7632,True,0,0.0
LH_633,633,1.00000,/home/ml/thesis-camels/data/raw/CAMELS_SIMBA_1000U/LH_633_hlist_1.00000.list,PASS,,7135,7135,True,0,0.0
LH_634,634,0.20000,/home/ml/thesis-camels/data/raw/CAMELS_SIMBA_1000U/LH_634_hlist_0.20000.list,PASS,,4144,4144,True,0,0.0
LH_634,634,0.25000,/home/ml/thesis-camels/data/raw/CAMELS_SIMBA_1000U/LH_634_hlist_0.25000.list,PASS,,5465,5465,True,0,0.0
LH_634,634,0.51209,/home/ml/thesis-camels/data/raw/CAMELS_SIMBA_1000U/LH_634_hlist_0.51209.list,PASS,,7176,7176,True,0,0.0
LH_634,634,0.75065,/home/ml/thesis-camels/data/raw/CAMELS_SIMBA_1000U/LH_634_hlist_0.75065.list,PASS,,6744,6744,True,0,0.0
LH_634,634,1.00000,/home/ml/thesis-camels/data/raw/CAMELS_SIMBA_1000U/LH_634_hlist_1.00000.list,PASS,,6784,6784,True,0,0.0
LH_635,635,0.20000,/home/ml/thesis-camels/data/raw/CAMELS_SIMBA_1000U/LH_635_hlist_0.20000.list,PASS,,2119,2119,True,0,0.0
LH_635,635,0.25000,/home/ml/thesis-camels/data/raw/CAMELS_SIMBA_1000U/LH_635_hlist_0.25000.list,PASS,,3219,3219,True,0,0.0
LH_635,635,0.51209,/home/ml/thesis-camels/data/raw/CAMELS_SIMBA_1000U/LH_635_hlist_0.51209.list,PASS,,4163,4163,True,0,0.0
LH_635,635,0.75065,/home/ml/thesis-camels/data/raw/CAMELS_SIMBA_1000U/LH_635_hlist_0.75065.list,PASS,,4332,4332,True,0,0.0
LH_635,635,1.00000,/home/ml/thesis-camels/data/raw/CAMELS_SIMBA_1000U/LH_635_hlist_1.00000.list,PASS,,4718,4718,True,0,0.0
LH_636,636,0.20000,/home/ml/thesis-camels/data/raw/CAMELS_SIMBA_1000U/LH_636_hlist_0.20000.list,PASS,,5919,5919,True,0,0.0
LH_636,636,0.25000,/home/ml/thesis-camels/data/raw/CAMELS_SIMBA_1000U/LH_636_hlist_0.25000.list,PASS,,6837,6837,True,0,0.0
LH_636,636,0.51209,/home/ml/thesis-camels/data/raw/CAMELS_SIMBA_1000U/LH_636_hlist_0.51209.list,PASS,,6471,6471,True,0,0.0
LH_636,636,0.75065,/home/ml/thesis-camels/data/raw/CAMELS_SIMBA_1000U/LH_636_hlist_0.75065.list,PASS,,5880,5880,True,0,0.0
LH_636,636,1.00000,/home/ml/thesis-camels/data/raw/CAMELS_SIMBA_1000U/LH_636_hlist_1.00000.list,PASS,,6006,6006,True,0,0.0
LH_637,637,0.20000,/home/ml/thesis-camels/data/raw/CAMELS_SIMBA_1000U/LH_637_hlist_0.20000.list,PASS,,7645,7645,True,0,0.0
LH_637,637,0.25000,/home/ml/thesis-camels/data/raw/CAMELS_SIMBA_1000U/LH_637_hlist_0.25000.list,PASS,,8301,8301,True,0,0.0
LH_637,637,0.51209,/home/ml/thesis-camels/data/raw/CAMELS_SIMBA_1000U/LH_637_hlist_0.51209.list,PASS,,7240,7240,True,0,0.0
LH_637,637,0.75065,/home/ml/thesis-camels/data/raw/CAMELS_SIMBA_1000U/LH_637_hlist_0.75065.list,PASS,,6077,6077,True,0,0.0
LH_637,637,1.00000,/home/ml/thesis-camels/data/raw/CAMELS_SIMBA_1000U/LH_637_hlist_1.00000.list,PASS,,5728,5728,True,0,0.0
LH_638,638,0.20000,/home/ml/thesis-camels/data/raw/CAMELS_SIMBA_1000U/LH_638_hlist_0.20000.list,PASS,,3542,3542,True,0,0.0
LH_638,638,0.25000,/home/ml/thesis-camels/data/raw/CAMELS_SIMBA_1000U/LH_638_hlist_0.25000.list,PASS,,5280,5280,True,0,0.0
LH_638,638,0.51209,/home/ml/thesis-camels/data/raw/CAMELS_SIMBA_1000U/LH_638_hlist_0.51209.list,PASS,,8695,8695,True,0,0.0
LH_638,638,0.75065,/home/ml/thesis-camels/data/raw/CAMELS_SIMBA_1000U/LH_638_hlist_0.75065.list,PASS,,8455,8455,True,0,0.0
LH_638,638,1.00000,/home/ml/thesis-camels/data/raw/CAMELS_SIMBA_1000U/LH_638_hlist_1.00000.list,PASS,,8388,8388,True,0,0.0
LH_639,639,0.20000,/home/ml/thesis-camels/data/raw/CAMELS_SIMBA_1000U/LH_639_hlist_0.20000.list,PASS,,5677,5677,True,0,0.0
LH_639,639,0.25000,/home/ml/thesis-camels/data/raw/CAMELS_SIMBA_1000U/LH_639_hlist_0.25000.list,PASS,,6905,6905,True,0,0.0
LH_639,639,0.51209,/home/ml/thesis-camels/data/raw/CAMELS_SIMBA_1000U/LH_639_hlist_0.51209.list,PASS,,6880,6880,True,0,0.0
LH_639,639,0.75065,/home/ml/thesis-camels/data/raw/CAMELS_SIMBA_1000U/LH_639_hlist_0.75065.list,PASS,,6208,6208,True,0,0.0
LH_639,639,1.00000,/home/ml/thesis-camels/data/raw/CAMELS_SIMBA_1000U/LH_639_hlist_1.00000.list,PASS,,6256,6256,True,0,0.0
LH_640,640,0.20000,/home/ml/thesis-camels/data/raw/CAMELS_SIMBA_1000U/LH_640_hlist_0.20000.list,PASS,,6867,6867,True,0,0.0
LH_640,640,0.25000,/home/ml/thesis-camels/data/raw/CAMELS_SIMBA_1000U/LH_640_hlist_0.25000.list,PASS,,7994,7994,True,0,0.0
LH_640,640,0.51209,/home/ml/thesis-camels/data/raw/CAMELS_SIMBA_1000U/LH_640_hlist_0.51209.list,PASS,,7865,7865,True,0,0.0
LH_640,640,0.75065,/home/ml/thesis-camels/data/raw/CAMELS_SIMBA_1000U/LH_640_hlist_0.75065.list,PASS,,6731,6731,True,0,0.0
LH_640,640,1.00000,/home/ml/thesis-camels/data/raw/CAMELS_SIMBA_1000U/LH_640_hlist_1.00000.list,PASS,,6392,6392,True,0,0.0
LH_641,641,0.20000,/home/ml/thesis-camels/data/raw/CAMELS_SIMBA_1000U/LH_641_hlist_0.20000.list,PASS,,1785,1785,True,0,0.0
LH_641,641,0.25000,/home/ml/thesis-camels/data/raw/CAMELS_SIMBA_1000U/LH_641_hlist_0.25000.list,PASS,,3386,3386,True,0,0.0
LH_641,641,0.51209,/home/ml/thesis-camels/data/raw/CAMELS_SIMBA_1000U/LH_641_hlist_0.51209.list,PASS,,6904,6904,True,0,0.0
LH_641,641,0.75065,/home/ml/thesis-camels/data/raw/CAMELS_SIMBA_1000U/LH_641_hlist_0.75065.list,PASS,,7066,7066,True,0,0.0
LH_641,641,1.00000,/home/ml/thesis-camels/data/raw/CAMELS_SIMBA_1000U/LH_641_hlist_1.00000.list,PASS,,7264,7264,True,0,0.0
LH_642,642,0.20000,/home/ml/thesis-camels/data/raw/CAMELS_SIMBA_1000U/LH_642_hlist_0.20000.list,PASS,,6685,6685,True,0,0.0
LH_642,642,0.25000,/home/ml/thesis-camels/data/raw/CAMELS_SIMBA_1000U/LH_642_hlist_0.25000.list,PASS,,8084,8084,True,0,0.0
LH_642,642,0.51209,/home/ml/thesis-camels/data/raw/CAMELS_SIMBA_1000U/LH_642_hlist_0.51209.list,PASS,,9066,9066,True,0,0.0
LH_642,642,0.75065,/home/ml/thesis-camels/data/raw/CAMELS_SIMBA_1000U/LH_642_hlist_0.75065.list,PASS,,7658,7658,True,0,0.0
LH_642,642,1.00000,/home/ml/thesis-camels/data/raw/CAMELS_SIMBA_1000U/LH_642_hlist_1.00000.list,PASS,,7361,7361,True,0,0.0
LH_643,643,0.20000,/home/ml/thesis-camels/data/raw/CAMELS_SIMBA_1000U/LH_643_hlist_0.20000.list,PASS,,6944,6944,True,0,0.0
LH_643,643,0.25000,/home/ml/thesis-camels/data/raw/CAMELS_SIMBA_1000U/LH_643_hlist_0.25000.list,PASS,,7690,7690,True,0,0.0
LH_643,643,0.51209,/home/ml/thesis-camels/data/raw/CAMELS_SIMBA_1000U/LH_643_hlist_0.51209.list,PASS,,7243,7243,True,0,0.0
LH_643,643,0.75065,/home/ml/thesis-camels/data/raw/CAMELS_SIMBA_1000U/LH_643_hlist_0.75065.list,PASS,,6333,6333,True,0,0.0
LH_643,643,1.00000,/home/ml/thesis-camels/data/raw/CAMELS_SIMBA_1000U/LH_643_hlist_1.00000.list,PASS,,5975,5975,True,0,0.0
LH_644,644,0.20000,/home/ml/thesis-camels/data/raw/CAMELS_SIMBA_1000U/LH_644_hlist_0.20000.list,PASS,,3395,3395,True,0,0.0
LH_644,644,0.25000,/home/ml/thesis-camels/data/raw/CAMELS_SIMBA_1000U/LH_644_hlist_0.25000.list,PASS,,4990,4990,True,0,0.0
LH_644,644,0.51209,/home/ml/thesis-camels/data/raw/CAMELS_SIMBA_1000U/LH_644_hlist_0.51209.list,PASS,,6552,6552,True,0,0.0
LH_644,644,0.75065,/home/ml/thesis-camels/data/raw/CAMELS_SIMBA_1000U/LH_644_hlist_0.75065.list,PASS,,6310,6310,True,0,0.0
LH_644,644,1.00000,/home/ml/thesis-camels/data/raw/CAMELS_SIMBA_1000U/LH_644_hlist_1.00000.list,PASS,,6644,6644,True,0,0.0
LH_645,645,0.20000,/home/ml/thesis-camels/data/raw/CAMELS_SIMBA_1000U/LH_645_hlist_0.20000.list,PASS,,5479,5479,True,0,0.0
LH_645,645,0.25000,/home/ml/thesis-camels/data/raw/CAMELS_SIMBA_1000U/LH_645_hlist_0.25000.list,PASS,,6813,6813,True,0,0.0
LH_645,645,0.51209,/home/ml/thesis-camels/data/raw/CAMELS_SIMBA_1000U/LH_645_hlist_0.51209.list,PASS,,7410,7410,True,0,0.0
LH_645,645,0.75065,/home/ml/thesis-camels/data/raw/CAMELS_SIMBA_1000U/LH_645_hlist_0.75065.list,PASS,,6417,6417,True,0,0.0
LH_645,645,1.00000,/home/ml/thesis-camels/data/raw/CAMELS_SIMBA_1000U/LH_645_hlist_1.00000.list,PASS,,6506,6506,True,0,0.0
LH_646,646,0.20000,/home/ml/thesis-camels/data/raw/CAMELS_SIMBA_1000U/LH_646_hlist_0.20000.list,PASS,,7672,7672,True,0,0.0
LH_646,646,0.25000,/home/ml/thesis-camels/data/raw/CAMELS_SIMBA_1000U/LH_646_hlist_0.25000.list,PASS,,8567,8567,True,0,0.0
LH_646,646,0.51209,/home/ml/thesis-camels/data/raw/CAMELS_SIMBA_1000U/LH_646_hlist_0.51209.list,PASS,,8003,8003,True,0,0.0
LH_646,646,0.75065,/home/ml/thesis-camels/data/raw/CAMELS_SIMBA_1000U/LH_646_hlist_0.75065.list,PASS,,6734,6734,True,0,0.0
LH_646,646,1.00000,/home/ml/thesis-camels/data/raw/CAMELS_SIMBA_1000U/LH_646_hlist_1.00000.list,PASS,,6324,6324,True,0,0.0
LH_647,647,0.20000,/home/ml/thesis-camels/data/raw/CAMELS_SIMBA_1000U/LH_647_hlist_0.20000.list,PASS,,333,333,False,1167,77.8
LH_647,647,0.25000,/home/ml/thesis-camels/data/raw/CAMELS_SIMBA_1000U/LH_647_hlist_0.25000.list,PASS,,1770,1770,True,0,0.0
LH_647,647,0.51209,/home/ml/thesis-camels/data/raw/CAMELS_SIMBA_1000U/LH_647_hlist_0.51209.list,PASS,,5133,5133,True,0,0.0
LH_647,647,0.75065,/home/ml/thesis-camels/data/raw/CAMELS_SIMBA_1000U/LH_647_hlist_0.75065.list,PASS,,5644,5644,True,0,0.0
LH_647,647,1.00000,/home/ml/thesis-camels/data/raw/CAMELS_SIMBA_1000U/LH_647_hlist_1.00000.list,PASS,,6204,6204,True,0,0.0
LH_648,648,0.20000,/home/ml/thesis-camels/data/raw/CAMELS_SIMBA_1000U/LH_648_hlist_0.20000.list,PASS,,4883,4883,True,0,0.0
LH_648,648,0.25000,/home/ml/thesis-camels/data/raw/CAMELS_SIMBA_1000U/LH_648_hlist_0.25000.list,PASS,,5860,5860,True,0,0.0
LH_648,648,0.51209,/home/ml/thesis-camels/data/raw/CAMELS_SIMBA_1000U/LH_648_hlist_0.51209.list,PASS,,6021,6021,True,0,0.0
LH_648,648,0.75065,/home/ml/thesis-camels/data/raw/CAMELS_SIMBA_1000U/LH_648_hlist_0.75065.list,PASS,,5600,5600,True,0,0.0
LH_648,648,1.00000,/home/ml/thesis-camels/data/raw/CAMELS_SIMBA_1000U/LH_648_hlist_1.00000.list,PASS,,5644,5644,True,0,0.0
LH_649,649,0.20000,/home/ml/thesis-camels/data/raw/CAMELS_SIMBA_1000U/LH_649_hlist_0.20000.list,PASS,,6387,6387,True,0,0.0
LH_649,649,0.25000,/home/ml/thesis-camels/data/raw/CAMELS_SIMBA_1000U/LH_649_hlist_0.25000.list,PASS,,7761,7761,True,0,0.0
LH_649,649,0.51209,/home/ml/thesis-camels/data/raw/CAMELS_SIMBA_1000U/LH_649_hlist_0.51209.list,PASS,,8399,8399,True,0,0.0
LH_649,649,0.75065,/home/ml/thesis-camels/data/raw/CAMELS_SIMBA_1000U/LH_649_hlist_0.75065.list,PASS,,7100,7100,True,0,0.0
LH_649,649,1.00000,/home/ml/thesis-camels/data/raw/CAMELS_SIMBA_1000U/LH_649_hlist_1.00000.list,PASS,,6853,6853,True,0,0.0
LH_650,650,0.20000,/home/ml/thesis-camels/data/raw/CAMELS_SIMBA_1000U/LH_650_hlist_0.20000.list,PASS,,4246,4246,True,0,0.0
LH_650,650,0.25000,/home/ml/thesis-camels/data/raw/CAMELS_SIMBA_1000U/LH_650_hlist_0.25000.list,PASS,,5540,5540,True,0,0.0
LH_650,650,0.51209,/home/ml/thesis-camels/data/raw/CAMELS_SIMBA_1000U/LH_650_hlist_0.51209.list,PASS,,5978,5978,True,0,0.0
LH_650,650,0.75065,/home/ml/thesis-camels/data/raw/CAMELS_SIMBA_1000U/LH_650_hlist_0.75065.list,PASS,,5640,5640,True,0,0.0
LH_650,650,1.00000,/home/ml/thesis-camels/data/raw/CAMELS_SIMBA_1000U/LH_650_hlist_1.00000.list,PASS,,5933,5933,True,0,0.0
LH_651,651,0.20000,/home/ml/thesis-camels/data/raw/CAMELS_SIMBA_1000U/LH_651_hlist_0.20000.list,PASS,,4929,4929,True,0,0.0
LH_651,651,0.25000,/home/ml/thesis-camels/data/raw/CAMELS_SIMBA_1000U/LH_651_hlist_0.25000.list,PASS,,6259,6259,True,0,0.0
LH_651,651,0.51209,/home/ml/thesis-camels/data/raw/CAMELS_SIMBA_1000U/LH_651_hlist_0.51209.list,PASS,,6385,6385,True,0,0.0
LH_651,651,0.75065,/home/ml/thesis-camels/data/raw/CAMELS_SIMBA_1000U/LH_651_hlist_0.75065.list,PASS,,5734,5734,True,0,0.0
LH_651,651,1.00000,/home/ml/thesis-camels/data/raw/CAMELS_SIMBA_1000U/LH_651_hlist_1.00000.list,PASS,,5845,5845,True,0,0.0
LH_652,652,0.20000,/home/ml/thesis-camels/data/raw/CAMELS_SIMBA_1000U/LH_652_hlist_0.20000.list,PASS,,4840,4840,True,0,0.0
LH_652,652,0.25000,/home/ml/thesis-camels/data/raw/CAMELS_SIMBA_1000U/LH_652_hlist_0.25000.list,PASS,,6154,6154,True,0,0.0
LH_652,652,0.51209,/home/ml/thesis-camels/data/raw/CAMELS_SIMBA_1000U/LH_652_hlist_0.51209.list,PASS,,7062,7062,True,0,0.0
LH_652,652,0.75065,/home/ml/thesis-camels/data/raw/CAMELS_SIMBA_1000U/LH_652_hlist_0.75065.list,PASS,,6608,6608,True,0,0.0
LH_652,652,1.00000,/home/ml/thesis-camels/data/raw/CAMELS_SIMBA_1000U/LH_652_hlist_1.00000.list,PASS,,6799,6799,True,0,0.0
LH_653,653,0.20000,/home/ml/thesis-camels/data/raw/CAMELS_SIMBA_1000U/LH_653_hlist_0.20000.list,PASS,,5556,5556,True,0,0.0
LH_653,653,0.25000,/home/ml/thesis-camels/data/raw/CAMELS_SIMBA_1000U/LH_653_hlist_0.25000.list,PASS,,6609,6609,True,0,0.0
LH_653,653,0.51209,/home/ml/thesis-camels/data/raw/CAMELS_SIMBA_1000U/LH_653_hlist_0.51209.list,PASS,,6591,6591,True,0,0.0
LH_653,653,0.75065,/home/ml/thesis-camels/data/raw/CAMELS_SIMBA_1000U/LH_653_hlist_0.75065.list,PASS,,5903,5903,True,0,0.0
LH_653,653,1.00000,/home/ml/thesis-camels/data/raw/CAMELS_SIMBA_1000U/LH_653_hlist_1.00000.list,PASS,,6003,6003,True,0,0.0
LH_654,654,0.20000,/home/ml/thesis-camels/data/raw/CAMELS_SIMBA_1000U/LH_654_hlist_0.20000.list,PASS,,8401,8401,True,0,0.0
LH_654,654,0.25000,/home/ml/thesis-camels/data/raw/CAMELS_SIMBA_1000U/LH_654_hlist_0.25000.list,PASS,,8887,8887,True,0,0.0
LH_654,654,0.51209,/home/ml/thesis-camels/data/raw/CAMELS_SIMBA_1000U/LH_654_hlist_0.51209.list,PASS,,7591,7591,True,0,0.0
LH_654,654,0.75065,/home/ml/thesis-camels/data/raw/CAMELS_SIMBA_1000U/LH_654_hlist_0.75065.list,PASS,,6293,6293,True,0,0.0
LH_654,654,1.00000,/home/ml/thesis-camels/data/raw/CAMELS_SIMBA_1000U/LH_654_hlist_1.00000.list,PASS,,6063,6063,True,0,0.0
LH_655,655,0.20000,/home/ml/thesis-camels/data/raw/CAMELS_SIMBA_1000U/LH_655_hlist_0.20000.list,PASS,,7721,7721,True,0,0.0
LH_655,655,0.25000,/home/ml/thesis-camels/data/raw/CAMELS_SIMBA_1000U/LH_655_hlist_0.25000.list,PASS,,8449,8449,True,0,0.0
LH_655,655,0.51209,/home/ml/thesis-camels/data/raw/CAMELS_SIMBA_1000U/LH_655_hlist_0.51209.list,PASS,,8102,8102,True,0,0.0
LH_655,655,0.75065,/home/ml/thesis-camels/data/raw/CAMELS_SIMBA_1000U/LH_655_hlist_0.75065.list,PASS,,6690,6690,True,0,0.0
LH_655,655,1.00000,/home/ml/thesis-camels/data/raw/CAMELS_SIMBA_1000U/LH_655_hlist_1.00000.list,PASS,,6412,6412,True,0,0.0
LH_656,656,0.20000,/home/ml/thesis-camels/data/raw/CAMELS_SIMBA_1000U/LH_656_hlist_0.20000.list,PASS,,7369,7369,True,0,0.0
LH_656,656,0.25000,/home/ml/thesis-camels/data/raw/CAMELS_SIMBA_1000U/LH_656_hlist_0.25000.list,PASS,,8445,8445,True,0,0.0
LH_656,656,0.51209,/home/ml/thesis-camels/data/raw/CAMELS_SIMBA_1000U/LH_656_hlist_0.51209.list,PASS,,7871,7871,True,0,0.0
LH_656,656,0.75065,/home/ml/thesis-camels/data/raw/CAMELS_SIMBA_1000U/LH_656_hlist_0.75065.list,PASS,,6743,6743,True,0,0.0
LH_656,656,1.00000,/home/ml/thesis-camels/data/raw/CAMELS_SIMBA_1000U/LH_656_hlist_1.00000.list,PASS,,6345,6345,True,0,0.0
LH_657,657,0.20000,/home/ml/thesis-camels/data/raw/CAMELS_SIMBA_1000U/LH_657_hlist_0.20000.list,PASS,,5794,5794,True,0,0.0
LH_657,657,0.25000,/home/ml/thesis-camels/data/raw/CAMELS_SIMBA_1000U/LH_657_hlist_0.25000.list,PASS,,7288,7288,True,0,0.0
LH_657,657,0.51209,/home/ml/thesis-camels/data/raw/CAMELS_SIMBA_1000U/LH_657_hlist_0.51209.list,PASS,,8685,8685,True,0,0.0
LH_657,657,0.75065,/home/ml/thesis-camels/data/raw/CAMELS_SIMBA_1000U/LH_657_hlist_0.75065.list,PASS,,7753,7753,True,0,0.0
LH_657,657,1.00000,/home/ml/thesis-camels/data/raw/CAMELS_SIMBA_1000U/LH_657_hlist_1.00000.list,PASS,,7282,7282,True,0,0.0
LH_658,658,0.20000,/home/ml/thesis-camels/data/raw/CAMELS_SIMBA_1000U/LH_658_hlist_0.20000.list,PASS,,7179,7179,True,0,0.0
LH_658,658,0.25000,/home/ml/thesis-camels/data/raw/CAMELS_SIMBA_1000U/LH_658_hlist_0.25000.list,PASS,,8267,8267,True,0,0.0
LH_658,658,0.51209,/home/ml/thesis-camels/data/raw/CAMELS_SIMBA_1000U/LH_658_hlist_0.51209.list,PASS,,7986,7986,True,0,0.0
LH_658,658,0.75065,/home/ml/thesis-camels/data/raw/CAMELS_SIMBA_1000U/LH_658_hlist_0.75065.list,PASS,,6664,6664,True,0,0.0
LH_658,658,1.00000,/home/ml/thesis-camels/data/raw/CAMELS_SIMBA_1000U/LH_658_hlist_1.00000.list,PASS,,6438,6438,True,0,0.0
LH_659,659,0.20000,/home/ml/thesis-camels/data/raw/CAMELS_SIMBA_1000U/LH_659_hlist_0.20000.list,PASS,,682,682,False,818,54.53333333333333
LH_659,659,0.25000,/home/ml/thesis-camels/data/raw/CAMELS_SIMBA_1000U/LH_659_hlist_0.25000.list,PASS,,1375,1375,False,125,8.333333333333334
LH_659,659,0.51209,/home/ml/thesis-camels/data/raw/CAMELS_SIMBA_1000U/LH_659_hlist_0.51209.list,PASS,,3352,3352,True,0,0.0
LH_659,659,0.75065,/home/ml/thesis-camels/data/raw/CAMELS_SIMBA_1000U/LH_659_hlist_0.75065.list,PASS,,3786,3786,True,0,0.0
LH_659,659,1.00000,/home/ml/thesis-camels/data/raw/CAMELS_SIMBA_1000U/LH_659_hlist_1.00000.list,PASS,,4324,4324,True,0,0.0
LH_660,660,0.20000,/home/ml/thesis-camels/data/raw/CAMELS_SIMBA_1000U/LH_660_hlist_0.20000.list,PASS,,6163,6163,True,0,0.0
LH_660,660,0.25000,/home/ml/thesis-camels/data/raw/CAMELS_SIMBA_1000U/LH_660_hlist_0.25000.list,PASS,,6944,6944,True,0,0.0
LH_660,660,0.51209,/home/ml/thesis-camels/data/raw/CAMELS_SIMBA_1000U/LH_660_hlist_0.51209.list,PASS,,6793,6793,True,0,0.0
LH_660,660,0.75065,/home/ml/thesis-camels/data/raw/CAMELS_SIMBA_1000U/LH_660_hlist_0.75065.list,PASS,,6254,6254,True,0,0.0
LH_660,660,1.00000,/home/ml/thesis-camels/data/raw/CAMELS_SIMBA_1000U/LH_660_hlist_1.00000.list,PASS,,6184,6184,True,0,0.0
LH_661,661,0.20000,/home/ml/thesis-camels/data/raw/CAMELS_SIMBA_1000U/LH_661_hlist_0.20000.list,PASS,,6873,6873,True,0,0.0
LH_661,661,0.25000,/home/ml/thesis-camels/data/raw/CAMELS_SIMBA_1000U/LH_661_hlist_0.25000.list,PASS,,7935,7935,True,0,0.0
LH_661,661,0.51209,/home/ml/thesis-camels/data/raw/CAMELS_SIMBA_1000U/LH_661_hlist_0.51209.list,PASS,,7835,7835,True,0,0.0
LH_661,661,0.75065,/home/ml/thesis-camels/data/raw/CAMELS_SIMBA_1000U/LH_661_hlist_0.75065.list,PASS,,6835,6835,True,0,0.0
LH_661,661,1.00000,/home/ml/thesis-camels/data/raw/CAMELS_SIMBA_1000U/LH_661_hlist_1.00000.list,PASS,,6801,6801,True,0,0.0
LH_662,662,0.20000,/home/ml/thesis-camels/data/raw/CAMELS_SIMBA_1000U/LH_662_hlist_0.20000.list,PASS,,4689,4689,True,0,0.0
LH_662,662,0.25000,/home/ml/thesis-camels/data/raw/CAMELS_SIMBA_1000U/LH_662_hlist_0.25000.list,PASS,,5791,5791,True,0,0.0
LH_662,662,0.51209,/home/ml/thesis-camels/data/raw/CAMELS_SIMBA_1000U/LH_662_hlist_0.51209.list,PASS,,5750,5750,True,0,0.0
LH_662,662,0.75065,/home/ml/thesis-camels/data/raw/CAMELS_SIMBA_1000U/LH_662_hlist_0.75065.list,PASS,,5574,5574,True,0,0.0
LH_662,662,1.00000,/home/ml/thesis-camels/data/raw/CAMELS_SIMBA_1000U/LH_662_hlist_1.00000.list,PASS,,5901,5901,True,0,0.0
LH_663,663,0.20000,/home/ml/thesis-camels/data/raw/CAMELS_SIMBA_1000U/LH_663_hlist_0.20000.list,PASS,,3903,3903,True,0,0.0
LH_663,663,0.25000,/home/ml/thesis-camels/data/raw/CAMELS_SIMBA_1000U/LH_663_hlist_0.25000.list,PASS,,4960,4960,True,0,0.0
LH_663,663,0.51209,/home/ml/thesis-camels/data/raw/CAMELS_SIMBA_1000U/LH_663_hlist_0.51209.list,PASS,,5485,5485,True,0,0.0
LH_663,663,0.75065,/home/ml/thesis-camels/data/raw/CAMELS_SIMBA_1000U/LH_663_hlist_0.75065.list,PASS,,5515,5515,True,0,0.0
LH_663,663,1.00000,/home/ml/thesis-camels/data/raw/CAMELS_SIMBA_1000U/LH_663_hlist_1.00000.list,PASS,,5829,5829,True,0,0.0
LH_664,664,0.20000,/home/ml/thesis-camels/data/raw/CAMELS_SIMBA_1000U/LH_664_hlist_0.20000.list,PASS,,1796,1796,True,0,0.0
LH_664,664,0.25000,/home/ml/thesis-camels/data/raw/CAMELS_SIMBA_1000U/LH_664_hlist_0.25000.list,PASS,,3350,3350,True,0,0.0
LH_664,664,0.51209,/home/ml/thesis-camels/data/raw/CAMELS_SIMBA_1000U/LH_664_hlist_0.51209.list,PASS,,6851,6851,True,0,0.0
LH_664,664,0.75065,/home/ml/thesis-camels/data/raw/CAMELS_SIMBA_1000U/LH_664_hlist_0.75065.list,PASS,,7077,7077,True,0,0.0
LH_664,664,1.00000,/home/ml/thesis-camels/data/raw/CAMELS_SIMBA_1000U/LH_664_hlist_1.00000.list,PASS,,7359,7359,True,0,0.0
LH_665,665,0.20000,/home/ml/thesis-camels/data/raw/CAMELS_SIMBA_1000U/LH_665_hlist_0.20000.list,PASS,,8401,8401,True,0,0.0
LH_665,665,0.25000,/home/ml/thesis-camels/data/raw/CAMELS_SIMBA_1000U/LH_665_hlist_0.25000.list,PASS,,9015,9015,True,0,0.0
LH_665,665,0.51209,/home/ml/thesis-camels/data/raw/CAMELS_SIMBA_1000U/LH_665_hlist_0.51209.list,PASS,,7416,7416,True,0,0.0
LH_665,665,0.75065,/home/ml/thesis-camels/data/raw/CAMELS_SIMBA_1000U/LH_665_hlist_0.75065.list,PASS,,5914,5914,True,0,0.0
LH_665,665,1.00000,/home/ml/thesis-camels/data/raw/CAMELS_SIMBA_1000U/LH_665_hlist_1.00000.list,PASS,,5704,5704,True,0,0.0
LH_666,666,0.20000,/home/ml/thesis-camels/data/raw/CAMELS_SIMBA_1000U/LH_666_hlist_0.20000.list,PASS,,7950,7950,True,0,0.0
LH_666,666,0.25000,/home/ml/thesis-camels/data/raw/CAMELS_SIMBA_1000U/LH_666_hlist_0.25000.list,PASS,,8693,8693,True,0,0.0
LH_666,666,0.51209,/home/ml/thesis-camels/data/raw/CAMELS_SIMBA_1000U/LH_666_hlist_0.51209.list,PASS,,7748,7748,True,0,0.0
LH_666,666,0.75065,/home/ml/thesis-camels/data/raw/CAMELS_SIMBA_1000U/LH_666_hlist_0.75065.list,PASS,,6208,6208,True,0,0.0
LH_666,666,1.00000,/home/ml/thesis-camels/data/raw/CAMELS_SIMBA_1000U/LH_666_hlist_1.00000.list,PASS,,5892,5892,True,0,0.0
LH_667,667,0.20000,/home/ml/thesis-camels/data/raw/CAMELS_SIMBA_1000U/LH_667_hlist_0.20000.list,PASS,,3149,3149,True,0,0.0
LH_667,667,0.25000,/home/ml/thesis-camels/data/raw/CAMELS_SIMBA_1000U/LH_667_hlist_0.25000.list,PASS,,4245,4245,True,0,0.0
LH_667,667,0.51209,/home/ml/thesis-camels/data/raw/CAMELS_SIMBA_1000U/LH_667_hlist_0.51209.list,PASS,,5785,5785,True,0,0.0
LH_667,667,0.75065,/home/ml/thesis-camels/data/raw/CAMELS_SIMBA_1000U/LH_667_hlist_0.75065.list,PASS,,5968,5968,True,0,0.0
LH_667,667,1.00000,/home/ml/thesis-camels/data/raw/CAMELS_SIMBA_1000U/LH_667_hlist_1.00000.list,PASS,,6151,6151,True,0,0.0
LH_668,668,0.20000,/home/ml/thesis-camels/data/raw/CAMELS_SIMBA_1000U/LH_668_hlist_0.20000.list,PASS,,5879,5879,True,0,0.0
LH_668,668,0.25000,/home/ml/thesis-camels/data/raw/CAMELS_SIMBA_1000U/LH_668_hlist_0.25000.list,PASS,,7123,7123,True,0,0.0
LH_668,668,0.51209,/home/ml/thesis-camels/data/raw/CAMELS_SIMBA_1000U/LH_668_hlist_0.51209.list,PASS,,7540,7540,True,0,0.0
LH_668,668,0.75065,/home/ml/thesis-camels/data/raw/CAMELS_SIMBA_1000U/LH_668_hlist_0.75065.list,PASS,,6557,6557,True,0,0.0
LH_668,668,1.00000,/home/ml/thesis-camels/data/raw/CAMELS_SIMBA_1000U/LH_668_hlist_1.00000.list,PASS,,6427,6427,True,0,0.0
LH_669,669,0.20000,/home/ml/thesis-camels/data/raw/CAMELS_SIMBA_1000U/LH_669_hlist_0.20000.list,PASS,,2624,2624,True,0,0.0
LH_669,669,0.25000,/home/ml/thesis-camels/data/raw/CAMELS_SIMBA_1000U/LH_669_hlist_0.25000.list,PASS,,4185,4185,True,0,0.0
LH_669,669,0.51209,/home/ml/thesis-camels/data/raw/CAMELS_SIMBA_1000U/LH_669_hlist_0.51209.list,PASS,,7682,7682,True,0,0.0
LH_669,669,0.75065,/home/ml/thesis-camels/data/raw/CAMELS_SIMBA_1000U/LH_669_hlist_0.75065.list,PASS,,7414,7414,True,0,0.0
LH_669,669,1.00000,/home/ml/thesis-camels/data/raw/CAMELS_SIMBA_1000U/LH_669_hlist_1.00000.list,PASS,,7593,7593,True,0,0.0
LH_670,670,0.20000,/home/ml/thesis-camels/data/raw/CAMELS_SIMBA_1000U/LH_670_hlist_0.20000.list,PASS,,5098,5098,True,0,0.0
LH_670,670,0.25000,/home/ml/thesis-camels/data/raw/CAMELS_SIMBA_1000U/LH_670_hlist_0.25000.list,PASS,,6927,6927,True,0,0.0
LH_670,670,0.51209,/home/ml/thesis-camels/data/raw/CAMELS_SIMBA_1000U/LH_670_hlist_0.51209.list,PASS,,8687,8687,True,0,0.0
LH_670,670,0.75065,/home/ml/thesis-camels/data/raw/CAMELS_SIMBA_1000U/LH_670_hlist_0.75065.list,PASS,,7601,7601,True,0,0.0
LH_670,670,1.00000,/home/ml/thesis-camels/data/raw/CAMELS_SIMBA_1000U/LH_670_hlist_1.00000.list,PASS,,7260,7260,True,0,0.0
LH_671,671,0.20000,/home/ml/thesis-camels/data/raw/CAMELS_SIMBA_1000U/LH_671_hlist_0.20000.list,PASS,,7749,7749,True,0,0.0
LH_671,671,0.25000,/home/ml/thesis-camels/data/raw/CAMELS_SIMBA_1000U/LH_671_hlist_0.25000.list,PASS,,8446,8446,True,0,0.0
LH_671,671,0.51209,/home/ml/thesis-camels/data/raw/CAMELS_SIMBA_1000U/LH_671_hlist_0.51209.list,PASS,,7623,7623,True,0,0.0
LH_671,671,0.75065,/home/ml/thesis-camels/data/raw/CAMELS_SIMBA_1000U/LH_671_hlist_0.75065.list,PASS,,6399,6399,True,0,0.0
LH_671,671,1.00000,/home/ml/thesis-camels/data/raw/CAMELS_SIMBA_1000U/LH_671_hlist_1.00000.list,PASS,,6112,6112,True,0,0.0
LH_672,672,0.20000,/home/ml/thesis-camels/data/raw/CAMELS_SIMBA_1000U/LH_672_hlist_0.20000.list,PASS,,5284,5284,True,0,0.0
LH_672,672,0.25000,/home/ml/thesis-camels/data/raw/CAMELS_SIMBA_1000U/LH_672_hlist_0.25000.list,PASS,,6531,6531,True,0,0.0
LH_672,672,0.51209,/home/ml/thesis-camels/data/raw/CAMELS_SIMBA_1000U/LH_672_hlist_0.51209.list,PASS,,6548,6548,True,0,0.0
LH_672,672,0.75065,/home/ml/thesis-camels/data/raw/CAMELS_SIMBA_1000U/LH_672_hlist_0.75065.list,PASS,,6017,6017,True,0,0.0
LH_672,672,1.00000,/home/ml/thesis-camels/data/raw/CAMELS_SIMBA_1000U/LH_672_hlist_1.00000.list,PASS,,6047,6047,True,0,0.0
LH_673,673,0.20000,/home/ml/thesis-camels/data/raw/CAMELS_SIMBA_1000U/LH_673_hlist_0.20000.list,PASS,,1416,1416,False,84,5.6
LH_673,673,0.25000,/home/ml/thesis-camels/data/raw/CAMELS_SIMBA_1000U/LH_673_hlist_0.25000.list,PASS,,2865,2865,True,0,0.0
LH_673,673,0.51209,/home/ml/thesis-camels/data/raw/CAMELS_SIMBA_1000U/LH_673_hlist_0.51209.list,PASS,,4434,4434,True,0,0.0
LH_673,673,0.75065,/home/ml/thesis-camels/data/raw/CAMELS_SIMBA_1000U/LH_673_hlist_0.75065.list,PASS,,4796,4796,True,0,0.0
LH_673,673,1.00000,/home/ml/thesis-camels/data/raw/CAMELS_SIMBA_1000U/LH_673_hlist_1.00000.list,PASS,,5247,5247,True,0,0.0
LH_674,674,0.20000,/home/ml/thesis-camels/data/raw/CAMELS_SIMBA_1000U/LH_674_hlist_0.20000.list,PASS,,8052,8052,True,0,0.0
LH_674,674,0.25000,/home/ml/thesis-camels/data/raw/CAMELS_SIMBA_1000U/LH_674_hlist_0.25000.list,PASS,,8491,8491,True,0,0.0
LH_674,674,0.51209,/home/ml/thesis-camels/data/raw/CAMELS_SIMBA_1000U/LH_674_hlist_0.51209.list,PASS,,7101,7101,True,0,0.0
LH_674,674,0.75065,/home/ml/thesis-camels/data/raw/CAMELS_SIMBA_1000U/LH_674_hlist_0.75065.list,PASS,,6097,6097,True,0,0.0
LH_674,674,1.00000,/home/ml/thesis-camels/data/raw/CAMELS_SIMBA_1000U/LH_674_hlist_1.00000.list,PASS,,5508,5508,True,0,0.0
LH_675,675,0.20000,/home/ml/thesis-camels/data/raw/CAMELS_SIMBA_1000U/LH_675_hlist_0.20000.list,PASS,,1830,1830,True,0,0.0
LH_675,675,0.25000,/home/ml/thesis-camels/data/raw/CAMELS_SIMBA_1000U/LH_675_hlist_0.25000.list,PASS,,3534,3534,True,0,0.0
LH_675,675,0.51209,/home/ml/thesis-camels/data/raw/CAMELS_SIMBA_1000U/LH_675_hlist_0.51209.list,PASS,,7005,7005,True,0,0.0
LH_675,675,0.75065,/home/ml/thesis-camels/data/raw/CAMELS_SIMBA_1000U/LH_675_hlist_0.75065.list,PASS,,7013,7013,True,0,0.0
LH_675,675,1.00000,/home/ml/thesis-camels/data/raw/CAMELS_SIMBA_1000U/LH_675_hlist_1.00000.list,PASS,,7281,7281,True,0,0.0
LH_676,676,0.20000,/home/ml/thesis-camels/data/raw/CAMELS_SIMBA_1000U/LH_676_hlist_0.20000.list,PASS,,6855,6855,True,0,0.0
LH_676,676,0.25000,/home/ml/thesis-camels/data/raw/CAMELS_SIMBA_1000U/LH_676_hlist_0.25000.list,PASS,,7313,7313,True,0,0.0
LH_676,676,0.51209,/home/ml/thesis-camels/data/raw/CAMELS_SIMBA_1000U/LH_676_hlist_0.51209.list,PASS,,6584,6584,True,0,0.0
LH_676,676,0.75065,/home/ml/thesis-camels/data/raw/CAMELS_SIMBA_1000U/LH_676_hlist_0.75065.list,PASS,,5799,5799,True,0,0.0
LH_676,676,1.00000,/home/ml/thesis-camels/data/raw/CAMELS_SIMBA_1000U/LH_676_hlist_1.00000.list,PASS,,5674,5674,True,0,0.0
LH_677,677,0.20000,/home/ml/thesis-camels/data/raw/CAMELS_SIMBA_1000U/LH_677_hlist_0.20000.list,PASS,,1755,1755,True,0,0.0
LH_677,677,0.25000,/home/ml/thesis-camels/data/raw/CAMELS_SIMBA_1000U/LH_677_hlist_0.25000.list,PASS,,3188,3188,True,0,0.0
LH_677,677,0.51209,/home/ml/thesis-camels/data/raw/CAMELS_SIMBA_1000U/LH_677_hlist_0.51209.list,PASS,,6516,6516,True,0,0.0
LH_677,677,0.75065,/home/ml/thesis-camels/data/raw/CAMELS_SIMBA_1000U/LH_677_hlist_0.75065.list,PASS,,6639,6639,True,0,0.0
LH_677,677,1.00000,/home/ml/thesis-camels/data/raw/CAMELS_SIMBA_1000U/LH_677_hlist_1.00000.list,PASS,,7039,7039,True,0,0.0
LH_678,678,0.20000,/home/ml/thesis-camels/data/raw/CAMELS_SIMBA_1000U/LH_678_hlist_0.20000.list,PASS,,1808,1808,True,0,0.0
LH_678,678,0.25000,/home/ml/thesis-camels/data/raw/CAMELS_SIMBA_1000U/LH_678_hlist_0.25000.list,PASS,,2834,2834,True,0,0.0
LH_678,678,0.51209,/home/ml/thesis-camels/data/raw/CAMELS_SIMBA_1000U/LH_678_hlist_0.51209.list,PASS,,3762,3762,True,0,0.0
LH_678,678,0.75065,/home/ml/thesis-camels/data/raw/CAMELS_SIMBA_1000U/LH_678_hlist_0.75065.list,PASS,,3939,3939,True,0,0.0
LH_678,678,1.00000,/home/ml/thesis-camels/data/raw/CAMELS_SIMBA_1000U/LH_678_hlist_1.00000.list,PASS,,4428,4428,True,0,0.0
LH_679,679,0.20000,/home/ml/thesis-camels/data/raw/CAMELS_SIMBA_1000U/LH_679_hlist_0.20000.list,PASS,,6261,6261,True,0,0.0
LH_679,679,0.25000,/home/ml/thesis-camels/data/raw/CAMELS_SIMBA_1000U/LH_679_hlist_0.25000.list,PASS,,7205,7205,True,0,0.0
LH_679,679,0.51209,/home/ml/thesis-camels/data/raw/CAMELS_SIMBA_1000U/LH_679_hlist_0.51209.list,PASS,,7428,7428,True,0,0.0
LH_679,679,0.75065,/home/ml/thesis-camels/data/raw/CAMELS_SIMBA_1000U/LH_679_hlist_0.75065.list,PASS,,6670,6670,True,0,0.0
LH_679,679,1.00000,/home/ml/thesis-camels/data/raw/CAMELS_SIMBA_1000U/LH_679_hlist_1.00000.list,PASS,,6498,6498,True,0,0.0
LH_680,680,0.20000,/home/ml/thesis-camels/data/raw/CAMELS_SIMBA_1000U/LH_680_hlist_0.20000.list,PASS,,966,966,False,534,35.6
LH_680,680,0.25000,/home/ml/thesis-camels/data/raw/CAMELS_SIMBA_1000U/LH_680_hlist_0.25000.list,PASS,,1601,1601,True,0,0.0
LH_680,680,0.51209,/home/ml/thesis-camels/data/raw/CAMELS_SIMBA_1000U/LH_680_hlist_0.51209.list,PASS,,3254,3254,True,0,0.0
LH_680,680,0.75065,/home/ml/thesis-camels/data/raw/CAMELS_SIMBA_1000U/LH_680_hlist_0.75065.list,PASS,,3724,3724,True,0,0.0
LH_680,680,1.00000,/home/ml/thesis-camels/data/raw/CAMELS_SIMBA_1000U/LH_680_hlist_1.00000.list,PASS,,4256,4256,True,0,0.0
LH_681,681,0.20000,/home/ml/thesis-camels/data/raw/CAMELS_SIMBA_1000U/LH_681_hlist_0.20000.list,PASS,,3389,3389,True,0,0.0
LH_681,681,0.25000,/home/ml/thesis-camels/data/raw/CAMELS_SIMBA_1000U/LH_681_hlist_0.25000.list,PASS,,4962,4962,True,0,0.0
LH_681,681,0.51209,/home/ml/thesis-camels/data/raw/CAMELS_SIMBA_1000U/LH_681_hlist_0.51209.list,PASS,,8036,8036,True,0,0.0
LH_681,681,0.75065,/home/ml/thesis-camels/data/raw/CAMELS_SIMBA_1000U/LH_681_hlist_0.75065.list,PASS,,7801,7801,True,0,0.0
LH_681,681,1.00000,/home/ml/thesis-camels/data/raw/CAMELS_SIMBA_1000U/LH_681_hlist_1.00000.list,PASS,,7860,7860,True,0,0.0
LH_682,682,0.20000,/home/ml/thesis-camels/data/raw/CAMELS_SIMBA_1000U/LH_682_hlist_0.20000.list,PASS,,5391,5391,True,0,0.0
LH_682,682,0.25000,/home/ml/thesis-camels/data/raw/CAMELS_SIMBA_1000U/LH_682_hlist_0.25000.list,PASS,,6395,6395,True,0,0.0
LH_682,682,0.51209,/home/ml/thesis-camels/data/raw/CAMELS_SIMBA_1000U/LH_682_hlist_0.51209.list,PASS,,6536,6536,True,0,0.0
LH_682,682,0.75065,/home/ml/thesis-camels/data/raw/CAMELS_SIMBA_1000U/LH_682_hlist_0.75065.list,PASS,,5904,5904,True,0,0.0
LH_682,682,1.00000,/home/ml/thesis-camels/data/raw/CAMELS_SIMBA_1000U/LH_682_hlist_1.00000.list,PASS,,5973,5973,True,0,0.0
LH_683,683,0.20000,/home/ml/thesis-camels/data/raw/CAMELS_SIMBA_1000U/LH_683_hlist_0.20000.list,PASS,,3370,3370,True,0,0.0
LH_683,683,0.25000,/home/ml/thesis-camels/data/raw/CAMELS_SIMBA_1000U/LH_683_hlist_0.25000.list,PASS,,4854,4854,True,0,0.0
LH_683,683,0.51209,/home/ml/thesis-camels/data/raw/CAMELS_SIMBA_1000U/LH_683_hlist_0.51209.list,PASS,,7713,7713,True,0,0.0
LH_683,683,0.75065,/home/ml/thesis-camels/data/raw/CAMELS_SIMBA_1000U/LH_683_hlist_0.75065.list,PASS,,7437,7437,True,0,0.0
LH_683,683,1.00000,/home/ml/thesis-camels/data/raw/CAMELS_SIMBA_1000U/LH_683_hlist_1.00000.list,PASS,,7417,7417,True,0,0.0
LH_684,684,0.20000,/home/ml/thesis-camels/data/raw/CAMELS_SIMBA_1000U/LH_684_hlist_0.20000.list,PASS,,8552,8552,True,0,0.0
LH_684,684,0.25000,/home/ml/thesis-camels/data/raw/CAMELS_SIMBA_1000U/LH_684_hlist_0.25000.list,PASS,,9060,9060,True,0,0.0
LH_684,684,0.51209,/home/ml/thesis-camels/data/raw/CAMELS_SIMBA_1000U/LH_684_hlist_0.51209.list,PASS,,7161,7161,True,0,0.0
LH_684,684,0.75065,/home/ml/thesis-camels/data/raw/CAMELS_SIMBA_1000U/LH_684_hlist_0.75065.list,PASS,,5853,5853,True,0,0.0
LH_684,684,1.00000,/home/ml/thesis-camels/data/raw/CAMELS_SIMBA_1000U/LH_684_hlist_1.00000.list,PASS,,5514,5514,True,0,0.0
LH_685,685,0.20000,/home/ml/thesis-camels/data/raw/CAMELS_SIMBA_1000U/LH_685_hlist_0.20000.list,PASS,,6793,6793,True,0,0.0
LH_685,685,0.25000,/home/ml/thesis-camels/data/raw/CAMELS_SIMBA_1000U/LH_685_hlist_0.25000.list,PASS,,7953,7953,True,0,0.0
LH_685,685,0.51209,/home/ml/thesis-camels/data/raw/CAMELS_SIMBA_1000U/LH_685_hlist_0.51209.list,PASS,,8533,8533,True,0,0.0
LH_685,685,0.75065,/home/ml/thesis-camels/data/raw/CAMELS_SIMBA_1000U/LH_685_hlist_0.75065.list,PASS,,7144,7144,True,0,0.0
LH_685,685,1.00000,/home/ml/thesis-camels/data/raw/CAMELS_SIMBA_1000U/LH_685_hlist_1.00000.list,PASS,,6587,6587,True,0,0.0
LH_686,686,0.20000,/home/ml/thesis-camels/data/raw/CAMELS_SIMBA_1000U/LH_686_hlist_0.20000.list,PASS,,3472,3472,True,0,0.0
LH_686,686,0.25000,/home/ml/thesis-camels/data/raw/CAMELS_SIMBA_1000U/LH_686_hlist_0.25000.list,PASS,,4335,4335,True,0,0.0
LH_686,686,0.51209,/home/ml/thesis-camels/data/raw/CAMELS_SIMBA_1000U/LH_686_hlist_0.51209.list,PASS,,4348,4348,True,0,0.0
LH_686,686,0.75065,/home/ml/thesis-camels/data/raw/CAMELS_SIMBA_1000U/LH_686_hlist_0.75065.list,PASS,,4446,4446,True,0,0.0
LH_686,686,1.00000,/home/ml/thesis-camels/data/raw/CAMELS_SIMBA_1000U/LH_686_hlist_1.00000.list,PASS,,4784,4784,True,0,0.0
LH_687,687,0.20000,/home/ml/thesis-camels/data/raw/CAMELS_SIMBA_1000U/LH_687_hlist_0.20000.list,PASS,,7978,7978,True,0,0.0
LH_687,687,0.25000,/home/ml/thesis-camels/data/raw/CAMELS_SIMBA_1000U/LH_687_hlist_0.25000.list,PASS,,8983,8983,True,0,0.0
LH_687,687,0.51209,/home/ml/thesis-camels/data/raw/CAMELS_SIMBA_1000U/LH_687_hlist_0.51209.list,PASS,,7983,7983,True,0,0.0
LH_687,687,0.75065,/home/ml/thesis-camels/data/raw/CAMELS_SIMBA_1000U/LH_687_hlist_0.75065.list,PASS,,6617,6617,True,0,0.0
LH_687,687,1.00000,/home/ml/thesis-camels/data/raw/CAMELS_SIMBA_1000U/LH_687_hlist_1.00000.list,PASS,,6143,6143,True,0,0.0
LH_688,688,0.20000,/home/ml/thesis-camels/data/raw/CAMELS_SIMBA_1000U/LH_688_hlist_0.20000.list,PASS,,7023,7023,True,0,0.0
LH_688,688,0.25000,/home/ml/thesis-camels/data/raw/CAMELS_SIMBA_1000U/LH_688_hlist_0.25000.list,PASS,,8182,8182,True,0,0.0
LH_688,688,0.51209,/home/ml/thesis-camels/data/raw/CAMELS_SIMBA_1000U/LH_688_hlist_0.51209.list,PASS,,8176,8176,True,0,0.0
LH_688,688,0.75065,/home/ml/thesis-camels/data/raw/CAMELS_SIMBA_1000U/LH_688_hlist_0.75065.list,PASS,,6915,6915,True,0,0.0
LH_688,688,1.00000,/home/ml/thesis-camels/data/raw/CAMELS_SIMBA_1000U/LH_688_hlist_1.00000.list,PASS,,6487,6487,True,0,0.0
LH_689,689,0.20000,/home/ml/thesis-camels/data/raw/CAMELS_SIMBA_1000U/LH_689_hlist_0.20000.list,PASS,,6242,6242,True,0,0.0
LH_689,689,0.25000,/home/ml/thesis-camels/data/raw/CAMELS_SIMBA_1000U/LH_689_hlist_0.25000.list,PASS,,7478,7478,True,0,0.0
LH_689,689,0.51209,/home/ml/thesis-camels/data/raw/CAMELS_SIMBA_1000U/LH_689_hlist_0.51209.list,PASS,,7677,7677,True,0,0.0
LH_689,689,0.75065,/home/ml/thesis-camels/data/raw/CAMELS_SIMBA_1000U/LH_689_hlist_0.75065.list,PASS,,6717,6717,True,0,0.0
LH_689,689,1.00000,/home/ml/thesis-camels/data/raw/CAMELS_SIMBA_1000U/LH_689_hlist_1.00000.list,PASS,,6616,6616,True,0,0.0
LH_690,690,0.20000,/home/ml/thesis-camels/data/raw/CAMELS_SIMBA_1000U/LH_690_hlist_0.20000.list,PASS,,8380,8380,True,0,0.0
LH_690,690,0.25000,/home/ml/thesis-camels/data/raw/CAMELS_SIMBA_1000U/LH_690_hlist_0.25000.list,PASS,,8863,8863,True,0,0.0
LH_690,690,0.51209,/home/ml/thesis-camels/data/raw/CAMELS_SIMBA_1000U/LH_690_hlist_0.51209.list,PASS,,7065,7065,True,0,0.0
LH_690,690,0.75065,/home/ml/thesis-camels/data/raw/CAMELS_SIMBA_1000U/LH_690_hlist_0.75065.list,PASS,,5879,5879,True,0,0.0
LH_690,690,1.00000,/home/ml/thesis-camels/data/raw/CAMELS_SIMBA_1000U/LH_690_hlist_1.00000.list,PASS,,5557,5557,True,0,0.0
LH_691,691,0.20000,/home/ml/thesis-camels/data/raw/CAMELS_SIMBA_1000U/LH_691_hlist_0.20000.list,PASS,,3867,3867,True,0,0.0
LH_691,691,0.25000,/home/ml/thesis-camels/data/raw/CAMELS_SIMBA_1000U/LH_691_hlist_0.25000.list,PASS,,5571,5571,True,0,0.0
LH_691,691,0.51209,/home/ml/thesis-camels/data/raw/CAMELS_SIMBA_1000U/LH_691_hlist_0.51209.list,PASS,,8349,8349,True,0,0.0
LH_691,691,0.75065,/home/ml/thesis-camels/data/raw/CAMELS_SIMBA_1000U/LH_691_hlist_0.75065.list,PASS,,7966,7966,True,0,0.0
LH_691,691,1.00000,/home/ml/thesis-camels/data/raw/CAMELS_SIMBA_1000U/LH_691_hlist_1.00000.list,PASS,,7943,7943,True,0,0.0
LH_692,692,0.20000,/home/ml/thesis-camels/data/raw/CAMELS_SIMBA_1000U/LH_692_hlist_0.20000.list,PASS,,544,544,False,956,63.733333333333334
LH_692,692,0.25000,/home/ml/thesis-camels/data/raw/CAMELS_SIMBA_1000U/LH_692_hlist_0.25000.list,PASS,,1421,1421,False,79,5.266666666666667
LH_692,692,0.51209,/home/ml/thesis-camels/data/raw/CAMELS_SIMBA_1000U/LH_692_hlist_0.51209.list,PASS,,3901,3901,True,0,0.0
LH_692,692,0.75065,/home/ml/thesis-camels/data/raw/CAMELS_SIMBA_1000U/LH_692_hlist_0.75065.list,PASS,,4438,4438,True,0,0.0
LH_692,692,1.00000,/home/ml/thesis-camels/data/raw/CAMELS_SIMBA_1000U/LH_692_hlist_1.00000.list,PASS,,5045,5045,True,0,0.0
LH_693,693,0.20000,/home/ml/thesis-camels/data/raw/CAMELS_SIMBA_1000U/LH_693_hlist_0.20000.list,PASS,,3757,3757,True,0,0.0
LH_693,693,0.25000,/home/ml/thesis-camels/data/raw/CAMELS_SIMBA_1000U/LH_693_hlist_0.25000.list,PASS,,5311,5311,True,0,0.0
LH_693,693,0.51209,/home/ml/thesis-camels/data/raw/CAMELS_SIMBA_1000U/LH_693_hlist_0.51209.list,PASS,,7194,7194,True,0,0.0
LH_693,693,0.75065,/home/ml/thesis-camels/data/raw/CAMELS_SIMBA_1000U/LH_693_hlist_0.75065.list,PASS,,7082,7082,True,0,0.0
LH_693,693,1.00000,/home/ml/thesis-camels/data/raw/CAMELS_SIMBA_1000U/LH_693_hlist_1.00000.list,PASS,,6992,6992,True,0,0.0
LH_694,694,0.20000,/home/ml/thesis-camels/data/raw/CAMELS_SIMBA_1000U/LH_694_hlist_0.20000.list,PASS,,7885,7885,True,0,0.0
LH_694,694,0.25000,/home/ml/thesis-camels/data/raw/CAMELS_SIMBA_1000U/LH_694_hlist_0.25000.list,PASS,,8696,8696,True,0,0.0
LH_694,694,0.51209,/home/ml/thesis-camels/data/raw/CAMELS_SIMBA_1000U/LH_694_hlist_0.51209.list,PASS,,7860,7860,True,0,0.0
LH_694,694,0.75065,/home/ml/thesis-camels/data/raw/CAMELS_SIMBA_1000U/LH_694_hlist_0.75065.list,PASS,,6756,6756,True,0,0.0
LH_694,694,1.00000,/home/ml/thesis-camels/data/raw/CAMELS_SIMBA_1000U/LH_694_hlist_1.00000.list,PASS,,6467,6467,True,0,0.0
LH_695,695,0.20000,/home/ml/thesis-camels/data/raw/CAMELS_SIMBA_1000U/LH_695_hlist_0.20000.list,PASS,,3721,3721,True,0,0.0
LH_695,695,0.25000,/home/ml/thesis-camels/data/raw/CAMELS_SIMBA_1000U/LH_695_hlist_0.25000.list,PASS,,5242,5242,True,0,0.0
LH_695,695,0.51209,/home/ml/thesis-camels/data/raw/CAMELS_SIMBA_1000U/LH_695_hlist_0.51209.list,PASS,,7053,7053,True,0,0.0
LH_695,695,0.75065,/home/ml/thesis-camels/data/raw/CAMELS_SIMBA_1000U/LH_695_hlist_0.75065.list,PASS,,6817,6817,True,0,0.0
LH_695,695,1.00000,/home/ml/thesis-camels/data/raw/CAMELS_SIMBA_1000U/LH_695_hlist_1.00000.list,PASS,,6938,6938,True,0,0.0
LH_696,696,0.20000,/home/ml/thesis-camels/data/raw/CAMELS_SIMBA_1000U/LH_696_hlist_0.20000.list,PASS,,2871,2871,True,0,0.0
LH_696,696,0.25000,/home/ml/thesis-camels/data/raw/CAMELS_SIMBA_1000U/LH_696_hlist_0.25000.list,PASS,,4562,4562,True,0,0.0
LH_696,696,0.51209,/home/ml/thesis-camels/data/raw/CAMELS_SIMBA_1000U/LH_696_hlist_0.51209.list,PASS,,6988,6988,True,0,0.0
LH_696,696,0.75065,/home/ml/thesis-camels/data/raw/CAMELS_SIMBA_1000U/LH_696_hlist_0.75065.list,PASS,,6788,6788,True,0,0.0
LH_696,696,1.00000,/home/ml/thesis-camels/data/raw/CAMELS_SIMBA_1000U/LH_696_hlist_1.00000.list,PASS,,7053,7053,True,0,0.0
LH_697,697,0.20000,/home/ml/thesis-camels/data/raw/CAMELS_SIMBA_1000U/LH_697_hlist_0.20000.list,PASS,,6612,6612,True,0,0.0
LH_697,697,0.25000,/home/ml/thesis-camels/data/raw/CAMELS_SIMBA_1000U/LH_697_hlist_0.25000.list,PASS,,7931,7931,True,0,0.0
LH_697,697,0.51209,/home/ml/thesis-camels/data/raw/CAMELS_SIMBA_1000U/LH_697_hlist_0.51209.list,PASS,,8283,8283,True,0,0.0
LH_697,697,0.75065,/home/ml/thesis-camels/data/raw/CAMELS_SIMBA_1000U/LH_697_hlist_0.75065.list,PASS,,7322,7322,True,0,0.0
LH_697,697,1.00000,/home/ml/thesis-camels/data/raw/CAMELS_SIMBA_1000U/LH_697_hlist_1.00000.list,PASS,,7226,7226,True,0,0.0
LH_698,698,0.20000,/home/ml/thesis-camels/data/raw/CAMELS_SIMBA_1000U/LH_698_hlist_0.20000.list,PASS,,3677,3677,True,0,0.0
LH_698,698,0.25000,/home/ml/thesis-camels/data/raw/CAMELS_SIMBA_1000U/LH_698_hlist_0.25000.list,PASS,,5141,5141,True,0,0.0
LH_698,698,0.51209,/home/ml/thesis-camels/data/raw/CAMELS_SIMBA_1000U/LH_698_hlist_0.51209.list,PASS,,7256,7256,True,0,0.0
LH_698,698,0.75065,/home/ml/thesis-camels/data/raw/CAMELS_SIMBA_1000U/LH_698_hlist_0.75065.list,PASS,,6894,6894,True,0,0.0
LH_698,698,1.00000,/home/ml/thesis-camels/data/raw/CAMELS_SIMBA_1000U/LH_698_hlist_1.00000.list,PASS,,7028,7028,True,0,0.0
LH_699,699,0.20000,/home/ml/thesis-camels/data/raw/CAMELS_SIMBA_1000U/LH_699_hlist_0.20000.list,PASS,,6819,6819,True,0,0.0
LH_699,699,0.25000,/home/ml/thesis-camels/data/raw/CAMELS_SIMBA_1000U/LH_699_hlist_0.25000.list,PASS,,7962,7962,True,0,0.0
LH_699,699,0.51209,/home/ml/thesis-camels/data/raw/CAMELS_SIMBA_1000U/LH_699_hlist_0.51209.list,PASS,,7382,7382,True,0,0.0
LH_699,699,0.75065,/home/ml/thesis-camels/data/raw/CAMELS_SIMBA_1000U/LH_699_hlist_0.75065.list,PASS,,6307,6307,True,0,0.0
LH_699,699,1.00000,/home/ml/thesis-camels/data/raw/CAMELS_SIMBA_1000U/LH_699_hlist_1.00000.list,PASS,,6197,6197,True,0,0.0
LH_700,700,0.20000,/home/ml/thesis-camels/data/raw/CAMELS_SIMBA_1000U/LH_700_hlist_0.20000.list,PASS,,4502,4502,True,0,0.0
LH_700,700,0.25000,/home/ml/thesis-camels/data/raw/CAMELS_SIMBA_1000U/LH_700_hlist_0.25000.list,PASS,,5991,5991,True,0,0.0
LH_700,700,0.51209,/home/ml/thesis-camels/data/raw/CAMELS_SIMBA_1000U/LH_700_hlist_0.51209.list,PASS,,7865,7865,True,0,0.0
LH_700,700,0.75065,/home/ml/thesis-camels/data/raw/CAMELS_SIMBA_1000U/LH_700_hlist_0.75065.list,PASS,,7181,7181,True,0,0.0
LH_700,700,1.00000,/home/ml/thesis-camels/data/raw/CAMELS_SIMBA_1000U/LH_700_hlist_1.00000.list,PASS,,7145,7145,True,0,0.0
LH_701,701,0.20000,/home/ml/thesis-camels/data/raw/CAMELS_SIMBA_1000U/LH_701_hlist_0.20000.list,PASS,,936,936,False,564,37.6
LH_701,701,0.25000,/home/ml/thesis-camels/data/raw/CAMELS_SIMBA_1000U/LH_701_hlist_0.25000.list,PASS,,2171,2171,True,0,0.0
LH_701,701,0.51209,/home/ml/thesis-camels/data/raw/CAMELS_SIMBA_1000U/LH_701_hlist_0.51209.list,PASS,,5589,5589,True,0,0.0
LH_701,701,0.75065,/home/ml/thesis-camels/data/raw/CAMELS_SIMBA_1000U/LH_701_hlist_0.75065.list,PASS,,6254,6254,True,0,0.0
LH_701,701,1.00000,/home/ml/thesis-camels/data/raw/CAMELS_SIMBA_1000U/LH_701_hlist_1.00000.list,PASS,,6930,6930,True,0,0.0
LH_702,702,0.20000,/home/ml/thesis-camels/data/raw/CAMELS_SIMBA_1000U/LH_702_hlist_0.20000.list,PASS,,3042,3042,True,0,0.0
LH_702,702,0.25000,/home/ml/thesis-camels/data/raw/CAMELS_SIMBA_1000U/LH_702_hlist_0.25000.list,PASS,,4174,4174,True,0,0.0
LH_702,702,0.51209,/home/ml/thesis-camels/data/raw/CAMELS_SIMBA_1000U/LH_702_hlist_0.51209.list,PASS,,4984,4984,True,0,0.0
LH_702,702,0.75065,/home/ml/thesis-camels/data/raw/CAMELS_SIMBA_1000U/LH_702_hlist_0.75065.list,PASS,,5006,5006,True,0,0.0
LH_702,702,1.00000,/home/ml/thesis-camels/data/raw/CAMELS_SIMBA_1000U/LH_702_hlist_1.00000.list,PASS,,5518,5518,True,0,0.0
LH_703,703,0.20000,/home/ml/thesis-camels/data/raw/CAMELS_SIMBA_1000U/LH_703_hlist_0.20000.list,PASS,,3375,3375,True,0,0.0
LH_703,703,0.25000,/home/ml/thesis-camels/data/raw/CAMELS_SIMBA_1000U/LH_703_hlist_0.25000.list,PASS,,4691,4691,True,0,0.0
LH_703,703,0.51209,/home/ml/thesis-camels/data/raw/CAMELS_SIMBA_1000U/LH_703_hlist_0.51209.list,PASS,,6280,6280,True,0,0.0
LH_703,703,0.75065,/home/ml/thesis-camels/data/raw/CAMELS_SIMBA_1000U/LH_703_hlist_0.75065.list,PASS,,6115,6115,True,0,0.0
LH_703,703,1.00000,/home/ml/thesis-camels/data/raw/CAMELS_SIMBA_1000U/LH_703_hlist_1.00000.list,PASS,,6385,6385,True,0,0.0
LH_704,704,0.20000,/home/ml/thesis-camels/data/raw/CAMELS_SIMBA_1000U/LH_704_hlist_0.20000.list,PASS,,7867,7867,True,0,0.0
LH_704,704,0.25000,/home/ml/thesis-camels/data/raw/CAMELS_SIMBA_1000U/LH_704_hlist_0.25000.list,PASS,,8730,8730,True,0,0.0
LH_704,704,0.51209,/home/ml/thesis-camels/data/raw/CAMELS_SIMBA_1000U/LH_704_hlist_0.51209.list,PASS,,8390,8390,True,0,0.0
LH_704,704,0.75065,/home/ml/thesis-camels/data/raw/CAMELS_SIMBA_1000U/LH_704_hlist_0.75065.list,PASS,,7258,7258,True,0,0.0
LH_704,704,1.00000,/home/ml/thesis-camels/data/raw/CAMELS_SIMBA_1000U/LH_704_hlist_1.00000.list,PASS,,6789,6789,True,0,0.0
LH_705,705,0.20000,/home/ml/thesis-camels/data/raw/CAMELS_SIMBA_1000U/LH_705_hlist_0.20000.list,PASS,,4673,4673,True,0,0.0
LH_705,705,0.25000,/home/ml/thesis-camels/data/raw/CAMELS_SIMBA_1000U/LH_705_hlist_0.25000.list,PASS,,5809,5809,True,0,0.0
LH_705,705,0.51209,/home/ml/thesis-camels/data/raw/CAMELS_SIMBA_1000U/LH_705_hlist_0.51209.list,PASS,,6121,6121,True,0,0.0
LH_705,705,0.75065,/home/ml/thesis-camels/data/raw/CAMELS_SIMBA_1000U/LH_705_hlist_0.75065.list,PASS,,5923,5923,True,0,0.0
LH_705,705,1.00000,/home/ml/thesis-camels/data/raw/CAMELS_SIMBA_1000U/LH_705_hlist_1.00000.list,PASS,,6164,6164,True,0,0.0
LH_706,706,0.20000,/home/ml/thesis-camels/data/raw/CAMELS_SIMBA_1000U/LH_706_hlist_0.20000.list,PASS,,3206,3206,True,0,0.0
LH_706,706,0.25000,/home/ml/thesis-camels/data/raw/CAMELS_SIMBA_1000U/LH_706_hlist_0.25000.list,PASS,,4696,4696,True,0,0.0
LH_706,706,0.51209,/home/ml/thesis-camels/data/raw/CAMELS_SIMBA_1000U/LH_706_hlist_0.51209.list,PASS,,7161,7161,True,0,0.0
LH_706,706,0.75065,/home/ml/thesis-camels/data/raw/CAMELS_SIMBA_1000U/LH_706_hlist_0.75065.list,PASS,,6777,6777,True,0,0.0
LH_706,706,1.00000,/home/ml/thesis-camels/data/raw/CAMELS_SIMBA_1000U/LH_706_hlist_1.00000.list,PASS,,7051,7051,True,0,0.0
LH_707,707,0.20000,/home/ml/thesis-camels/data/raw/CAMELS_SIMBA_1000U/LH_707_hlist_0.20000.list,PASS,,6219,6219,True,0,0.0
LH_707,707,0.25000,/home/ml/thesis-camels/data/raw/CAMELS_SIMBA_1000U/LH_707_hlist_0.25000.list,PASS,,7562,7562,True,0,0.0
LH_707,707,0.51209,/home/ml/thesis-camels/data/raw/CAMELS_SIMBA_1000U/LH_707_hlist_0.51209.list,PASS,,8429,8429,True,0,0.0
LH_707,707,0.75065,/home/ml/thesis-camels/data/raw/CAMELS_SIMBA_1000U/LH_707_hlist_0.75065.list,PASS,,7408,7408,True,0,0.0
LH_707,707,1.00000,/home/ml/thesis-camels/data/raw/CAMELS_SIMBA_1000U/LH_707_hlist_1.00000.list,PASS,,7060,7060,True,0,0.0
LH_708,708,0.20000,/home/ml/thesis-camels/data/raw/CAMELS_SIMBA_1000U/LH_708_hlist_0.20000.list,PASS,,6971,6971,True,0,0.0
LH_708,708,0.25000,/home/ml/thesis-camels/data/raw/CAMELS_SIMBA_1000U/LH_708_hlist_0.25000.list,PASS,,7881,7881,True,0,0.0
LH_708,708,0.51209,/home/ml/thesis-camels/data/raw/CAMELS_SIMBA_1000U/LH_708_hlist_0.51209.list,PASS,,7095,7095,True,0,0.0
LH_708,708,0.75065,/home/ml/thesis-camels/data/raw/CAMELS_SIMBA_1000U/LH_708_hlist_0.75065.list,PASS,,6089,6089,True,0,0.0
LH_708,708,1.00000,/home/ml/thesis-camels/data/raw/CAMELS_SIMBA_1000U/LH_708_hlist_1.00000.list,PASS,,5948,5948,True,0,0.0
LH_709,709,0.20000,/home/ml/thesis-camels/data/raw/CAMELS_SIMBA_1000U/LH_709_hlist_0.20000.list,PASS,,3436,3436,True,0,0.0
LH_709,709,0.25000,/home/ml/thesis-camels/data/raw/CAMELS_SIMBA_1000U/LH_709_hlist_0.25000.list,PASS,,5251,5251,True,0,0.0
LH_709,709,0.51209,/home/ml/thesis-camels/data/raw/CAMELS_SIMBA_1000U/LH_709_hlist_0.51209.list,PASS,,7506,7506,True,0,0.0
LH_709,709,0.75065,/home/ml/thesis-camels/data/raw/CAMELS_SIMBA_1000U/LH_709_hlist_0.75065.list,PASS,,7103,7103,True,0,0.0
LH_709,709,1.00000,/home/ml/thesis-camels/data/raw/CAMELS_SIMBA_1000U/LH_709_hlist_1.00000.list,PASS,,7139,7139,True,0,0.0
LH_710,710,0.20000,/home/ml/thesis-camels/data/raw/CAMELS_SIMBA_1000U/LH_710_hlist_0.20000.list,PASS,,3433,3433,True,0,0.0
LH_710,710,0.25000,/home/ml/thesis-camels/data/raw/CAMELS_SIMBA_1000U/LH_710_hlist_0.25000.list,PASS,,5187,5187,True,0,0.0
LH_710,710,0.51209,/home/ml/thesis-camels/data/raw/CAMELS_SIMBA_1000U/LH_710_hlist_0.51209.list,PASS,,7825,7825,True,0,0.0
LH_710,710,0.75065,/home/ml/thesis-camels/data/raw/CAMELS_SIMBA_1000U/LH_710_hlist_0.75065.list,PASS,,7305,7305,True,0,0.0
LH_710,710,1.00000,/home/ml/thesis-camels/data/raw/CAMELS_SIMBA_1000U/LH_710_hlist_1.00000.list,PASS,,7251,7251,True,0,0.0
LH_711,711,0.20000,/home/ml/thesis-camels/data/raw/CAMELS_SIMBA_1000U/LH_711_hlist_0.20000.list,PASS,,4618,4618,True,0,0.0
LH_711,711,0.25000,/home/ml/thesis-camels/data/raw/CAMELS_SIMBA_1000U/LH_711_hlist_0.25000.list,PASS,,5861,5861,True,0,0.0
LH_711,711,0.51209,/home/ml/thesis-camels/data/raw/CAMELS_SIMBA_1000U/LH_711_hlist_0.51209.list,PASS,,7038,7038,True,0,0.0
LH_711,711,0.75065,/home/ml/thesis-camels/data/raw/CAMELS_SIMBA_1000U/LH_711_hlist_0.75065.list,PASS,,6641,6641,True,0,0.0
LH_711,711,1.00000,/home/ml/thesis-camels/data/raw/CAMELS_SIMBA_1000U/LH_711_hlist_1.00000.list,PASS,,6723,6723,True,0,0.0
LH_712,712,0.20000,/home/ml/thesis-camels/data/raw/CAMELS_SIMBA_1000U/LH_712_hlist_0.20000.list,PASS,,1616,1616,True,0,0.0
LH_712,712,0.25000,/home/ml/thesis-camels/data/raw/CAMELS_SIMBA_1000U/LH_712_hlist_0.25000.list,PASS,,3157,3157,True,0,0.0
LH_712,712,0.51209,/home/ml/thesis-camels/data/raw/CAMELS_SIMBA_1000U/LH_712_hlist_0.51209.list,PASS,,5996,5996,True,0,0.0
LH_712,712,0.75065,/home/ml/thesis-camels/data/raw/CAMELS_SIMBA_1000U/LH_712_hlist_0.75065.list,PASS,,6210,6210,True,0,0.0
LH_712,712,1.00000,/home/ml/thesis-camels/data/raw/CAMELS_SIMBA_1000U/LH_712_hlist_1.00000.list,PASS,,6640,6640,True,0,0.0
LH_713,713,0.20000,/home/ml/thesis-camels/data/raw/CAMELS_SIMBA_1000U/LH_713_hlist_0.20000.list,PASS,,5345,5345,True,0,0.0
LH_713,713,0.25000,/home/ml/thesis-camels/data/raw/CAMELS_SIMBA_1000U/LH_713_hlist_0.25000.list,PASS,,6876,6876,True,0,0.0
LH_713,713,0.51209,/home/ml/thesis-camels/data/raw/CAMELS_SIMBA_1000U/LH_713_hlist_0.51209.list,PASS,,8689,8689,True,0,0.0
LH_713,713,0.75065,/home/ml/thesis-camels/data/raw/CAMELS_SIMBA_1000U/LH_713_hlist_0.75065.list,PASS,,7874,7874,True,0,0.0
LH_713,713,1.00000,/home/ml/thesis-camels/data/raw/CAMELS_SIMBA_1000U/LH_713_hlist_1.00000.list,PASS,,7632,7632,True,0,0.0
LH_714,714,0.20000,/home/ml/thesis-camels/data/raw/CAMELS_SIMBA_1000U/LH_714_hlist_0.20000.list,PASS,,6112,6112,True,0,0.0
LH_714,714,0.25000,/home/ml/thesis-camels/data/raw/CAMELS_SIMBA_1000U/LH_714_hlist_0.25000.list,PASS,,7412,7412,True,0,0.0
LH_714,714,0.51209,/home/ml/thesis-camels/data/raw/CAMELS_SIMBA_1000U/LH_714_hlist_0.51209.list,PASS,,8272,8272,True,0,0.0
LH_714,714,0.75065,/home/ml/thesis-camels/data/raw/CAMELS_SIMBA_1000U/LH_714_hlist_0.75065.list,PASS,,7018,7018,True,0,0.0
LH_714,714,1.00000,/home/ml/thesis-camels/data/raw/CAMELS_SIMBA_1000U/LH_714_hlist_1.00000.list,PASS,,6663,6663,True,0,0.0
LH_715,715,0.20000,/home/ml/thesis-camels/data/raw/CAMELS_SIMBA_1000U/LH_715_hlist_0.20000.list,PASS,,2069,2069,True,0,0.0
LH_715,715,0.25000,/home/ml/thesis-camels/data/raw/CAMELS_SIMBA_1000U/LH_715_hlist_0.25000.list,PASS,,3592,3592,True,0,0.0
LH_715,715,0.51209,/home/ml/thesis-camels/data/raw/CAMELS_SIMBA_1000U/LH_715_hlist_0.51209.list,PASS,,6102,6102,True,0,0.0
LH_715,715,0.75065,/home/ml/thesis-camels/data/raw/CAMELS_SIMBA_1000U/LH_715_hlist_0.75065.list,PASS,,6226,6226,True,0,0.0
LH_715,715,1.00000,/home/ml/thesis-camels/data/raw/CAMELS_SIMBA_1000U/LH_715_hlist_1.00000.list,PASS,,6734,6734,True,0,0.0
LH_716,716,0.20000,/home/ml/thesis-camels/data/raw/CAMELS_SIMBA_1000U/LH_716_hlist_0.20000.list,PASS,,3221,3221,True,0,0.0
LH_716,716,0.25000,/home/ml/thesis-camels/data/raw/CAMELS_SIMBA_1000U/LH_716_hlist_0.25000.list,PASS,,4368,4368,True,0,0.0
LH_716,716,0.51209,/home/ml/thesis-camels/data/raw/CAMELS_SIMBA_1000U/LH_716_hlist_0.51209.list,PASS,,5048,5048,True,0,0.0
LH_716,716,0.75065,/home/ml/thesis-camels/data/raw/CAMELS_SIMBA_1000U/LH_716_hlist_0.75065.list,PASS,,5171,5171,True,0,0.0
LH_716,716,1.00000,/home/ml/thesis-camels/data/raw/CAMELS_SIMBA_1000U/LH_716_hlist_1.00000.list,PASS,,5504,5504,True,0,0.0
LH_717,717,0.20000,/home/ml/thesis-camels/data/raw/CAMELS_SIMBA_1000U/LH_717_hlist_0.20000.list,PASS,,6774,6774,True,0,0.0
LH_717,717,0.25000,/home/ml/thesis-camels/data/raw/CAMELS_SIMBA_1000U/LH_717_hlist_0.25000.list,PASS,,8231,8231,True,0,0.0
LH_717,717,0.51209,/home/ml/thesis-camels/data/raw/CAMELS_SIMBA_1000U/LH_717_hlist_0.51209.list,PASS,,8363,8363,True,0,0.0
LH_717,717,0.75065,/home/ml/thesis-camels/data/raw/CAMELS_SIMBA_1000U/LH_717_hlist_0.75065.list,PASS,,7228,7228,True,0,0.0
LH_717,717,1.00000,/home/ml/thesis-camels/data/raw/CAMELS_SIMBA_1000U/LH_717_hlist_1.00000.list,PASS,,6847,6847,True,0,0.0
LH_718,718,0.20000,/home/ml/thesis-camels/data/raw/CAMELS_SIMBA_1000U/LH_718_hlist_0.20000.list,PASS,,7080,7080,True,0,0.0
LH_718,718,0.25000,/home/ml/thesis-camels/data/raw/CAMELS_SIMBA_1000U/LH_718_hlist_0.25000.list,PASS,,8071,8071,True,0,0.0
LH_718,718,0.51209,/home/ml/thesis-camels/data/raw/CAMELS_SIMBA_1000U/LH_718_hlist_0.51209.list,PASS,,8513,8513,True,0,0.0
LH_718,718,0.75065,/home/ml/thesis-camels/data/raw/CAMELS_SIMBA_1000U/LH_718_hlist_0.75065.list,PASS,,7382,7382,True,0,0.0
LH_718,718,1.00000,/home/ml/thesis-camels/data/raw/CAMELS_SIMBA_1000U/LH_718_hlist_1.00000.list,PASS,,7062,7062,True,0,0.0
LH_719,719,0.20000,/home/ml/thesis-camels/data/raw/CAMELS_SIMBA_1000U/LH_719_hlist_0.20000.list,PASS,,6613,6613,True,0,0.0
LH_719,719,0.25000,/home/ml/thesis-camels/data/raw/CAMELS_SIMBA_1000U/LH_719_hlist_0.25000.list,PASS,,7727,7727,True,0,0.0
LH_719,719,0.51209,/home/ml/thesis-camels/data/raw/CAMELS_SIMBA_1000U/LH_719_hlist_0.51209.list,PASS,,7943,7943,True,0,0.0
LH_719,719,0.75065,/home/ml/thesis-camels/data/raw/CAMELS_SIMBA_1000U/LH_719_hlist_0.75065.list,PASS,,7006,7006,True,0,0.0
LH_719,719,1.00000,/home/ml/thesis-camels/data/raw/CAMELS_SIMBA_1000U/LH_719_hlist_1.00000.list,PASS,,6901,6901,True,0,0.0
LH_720,720,0.20000,/home/ml/thesis-camels/data/raw/CAMELS_SIMBA_1000U/LH_720_hlist_0.20000.list,PASS,,987,987,False,513,34.2
LH_720,720,0.25000,/home/ml/thesis-camels/data/raw/CAMELS_SIMBA_1000U/LH_720_hlist_0.25000.list,PASS,,2180,2180,True,0,0.0
LH_720,720,0.51209,/home/ml/thesis-camels/data/raw/CAMELS_SIMBA_1000U/LH_720_hlist_0.51209.list,PASS,,4837,4837,True,0,0.0
LH_720,720,0.75065,/home/ml/thesis-camels/data/raw/CAMELS_SIMBA_1000U/LH_720_hlist_0.75065.list,PASS,,5456,5456,True,0,0.0
LH_720,720,1.00000,/home/ml/thesis-camels/data/raw/CAMELS_SIMBA_1000U/LH_720_hlist_1.00000.list,PASS,,6060,6060,True,0,0.0
LH_721,721,0.20000,/home/ml/thesis-camels/data/raw/CAMELS_SIMBA_1000U/LH_721_hlist_0.20000.list,PASS,,4004,4004,True,0,0.0
LH_721,721,0.25000,/home/ml/thesis-camels/data/raw/CAMELS_SIMBA_1000U/LH_721_hlist_0.25000.list,PASS,,5600,5600,True,0,0.0
LH_721,721,0.51209,/home/ml/thesis-camels/data/raw/CAMELS_SIMBA_1000U/LH_721_hlist_0.51209.list,PASS,,8693,8693,True,0,0.0
LH_721,721,0.75065,/home/ml/thesis-camels/data/raw/CAMELS_SIMBA_1000U/LH_721_hlist_0.75065.list,PASS,,8191,8191,True,0,0.0
LH_721,721,1.00000,/home/ml/thesis-camels/data/raw/CAMELS_SIMBA_1000U/LH_721_hlist_1.00000.list,PASS,,7858,7858,True,0,0.0
LH_722,722,0.20000,/home/ml/thesis-camels/data/raw/CAMELS_SIMBA_1000U/LH_722_hlist_0.20000.list,PASS,,7272,7272,True,0,0.0
LH_722,722,0.25000,/home/ml/thesis-camels/data/raw/CAMELS_SIMBA_1000U/LH_722_hlist_0.25000.list,PASS,,7498,7498,True,0,0.0
LH_722,722,0.51209,/home/ml/thesis-camels/data/raw/CAMELS_SIMBA_1000U/LH_722_hlist_0.51209.list,PASS,,6881,6881,True,0,0.0
LH_722,722,0.75065,/home/ml/thesis-camels/data/raw/CAMELS_SIMBA_1000U/LH_722_hlist_0.75065.list,PASS,,6015,6015,True,0,0.0
LH_722,722,1.00000,/home/ml/thesis-camels/data/raw/CAMELS_SIMBA_1000U/LH_722_hlist_1.00000.list,PASS,,6019,6019,True,0,0.0
LH_723,723,0.20000,/home/ml/thesis-camels/data/raw/CAMELS_SIMBA_1000U/LH_723_hlist_0.20000.list,PASS,,265,265,False,1235,82.33333333333333
LH_723,723,0.25000,/home/ml/thesis-camels/data/raw/CAMELS_SIMBA_1000U/LH_723_hlist_0.25000.list,PASS,,1259,1259,False,241,16.066666666666666
LH_723,723,0.51209,/home/ml/thesis-camels/data/raw/CAMELS_SIMBA_1000U/LH_723_hlist_0.51209.list,PASS,,4255,4255,True,0,0.0
LH_723,723,0.75065,/home/ml/thesis-camels/data/raw/CAMELS_SIMBA_1000U/LH_723_hlist_0.75065.list,PASS,,4856,4856,True,0,0.0
LH_723,723,1.00000,/home/ml/thesis-camels/data/raw/CAMELS_SIMBA_1000U/LH_723_hlist_1.00000.list,PASS,,5532,5532,True,0,0.0
LH_724,724,0.20000,/home/ml/thesis-camels/data/raw/CAMELS_SIMBA_1000U/LH_724_hlist_0.20000.list,PASS,,2257,2257,True,0,0.0
LH_724,724,0.25000,/home/ml/thesis-camels/data/raw/CAMELS_SIMBA_1000U/LH_724_hlist_0.25000.list,PASS,,3750,3750,True,0,0.0
LH_724,724,0.51209,/home/ml/thesis-camels/data/raw/CAMELS_SIMBA_1000U/LH_724_hlist_0.51209.list,PASS,,5876,5876,True,0,0.0
LH_724,724,0.75065,/home/ml/thesis-camels/data/raw/CAMELS_SIMBA_1000U/LH_724_hlist_0.75065.list,PASS,,6032,6032,True,0,0.0
LH_724,724,1.00000,/home/ml/thesis-camels/data/raw/CAMELS_SIMBA_1000U/LH_724_hlist_1.00000.list,PASS,,6455,6455,True,0,0.0
LH_725,725,0.20000,/home/ml/thesis-camels/data/raw/CAMELS_SIMBA_1000U/LH_725_hlist_0.20000.list,PASS,,6570,6570,True,0,0.0
LH_725,725,0.25000,/home/ml/thesis-camels/data/raw/CAMELS_SIMBA_1000U/LH_725_hlist_0.25000.list,PASS,,7682,7682,True,0,0.0
LH_725,725,0.51209,/home/ml/thesis-camels/data/raw/CAMELS_SIMBA_1000U/LH_725_hlist_0.51209.list,PASS,,8077,8077,True,0,0.0
LH_725,725,0.75065,/home/ml/thesis-camels/data/raw/CAMELS_SIMBA_1000U/LH_725_hlist_0.75065.list,PASS,,7067,7067,True,0,0.0
LH_725,725,1.00000,/home/ml/thesis-camels/data/raw/CAMELS_SIMBA_1000U/LH_725_hlist_1.00000.list,PASS,,6752,6752,True,0,0.0
LH_726,726,0.20000,/home/ml/thesis-camels/data/raw/CAMELS_SIMBA_1000U/LH_726_hlist_0.20000.list,PASS,,2010,2010,True,0,0.0
LH_726,726,0.25000,/home/ml/thesis-camels/data/raw/CAMELS_SIMBA_1000U/LH_726_hlist_0.25000.list,PASS,,3836,3836,True,0,0.0
LH_726,726,0.51209,/home/ml/thesis-camels/data/raw/CAMELS_SIMBA_1000U/LH_726_hlist_0.51209.list,PASS,,7115,7115,True,0,0.0
LH_726,726,0.75065,/home/ml/thesis-camels/data/raw/CAMELS_SIMBA_1000U/LH_726_hlist_0.75065.list,PASS,,7137,7137,True,0,0.0
LH_726,726,1.00000,/home/ml/thesis-camels/data/raw/CAMELS_SIMBA_1000U/LH_726_hlist_1.00000.list,PASS,,7483,7483,True,0,0.0
LH_727,727,0.20000,/home/ml/thesis-camels/data/raw/CAMELS_SIMBA_1000U/LH_727_hlist_0.20000.list,PASS,,5144,5144,True,0,0.0
LH_727,727,0.25000,/home/ml/thesis-camels/data/raw/CAMELS_SIMBA_1000U/LH_727_hlist_0.25000.list,PASS,,6481,6481,True,0,0.0
LH_727,727,0.51209,/home/ml/thesis-camels/data/raw/CAMELS_SIMBA_1000U/LH_727_hlist_0.51209.list,PASS,,7342,7342,True,0,0.0
LH_727,727,0.75065,/home/ml/thesis-camels/data/raw/CAMELS_SIMBA_1000U/LH_727_hlist_0.75065.list,PASS,,6450,6450,True,0,0.0
LH_727,727,1.00000,/home/ml/thesis-camels/data/raw/CAMELS_SIMBA_1000U/LH_727_hlist_1.00000.list,PASS,,6221,6221,True,0,0.0
LH_728,728,0.20000,/home/ml/thesis-camels/data/raw/CAMELS_SIMBA_1000U/LH_728_hlist_0.20000.list,PASS,,6088,6088,True,0,0.0
LH_728,728,0.25000,/home/ml/thesis-camels/data/raw/CAMELS_SIMBA_1000U/LH_728_hlist_0.25000.list,PASS,,7328,7328,True,0,0.0
LH_728,728,0.51209,/home/ml/thesis-camels/data/raw/CAMELS_SIMBA_1000U/LH_728_hlist_0.51209.list,PASS,,7946,7946,True,0,0.0
LH_728,728,0.75065,/home/ml/thesis-camels/data/raw/CAMELS_SIMBA_1000U/LH_728_hlist_0.75065.list,PASS,,6833,6833,True,0,0.0
LH_728,728,1.00000,/home/ml/thesis-camels/data/raw/CAMELS_SIMBA_1000U/LH_728_hlist_1.00000.list,PASS,,6522,6522,True,0,0.0
LH_729,729,0.20000,/home/ml/thesis-camels/data/raw/CAMELS_SIMBA_1000U/LH_729_hlist_0.20000.list,PASS,,8187,8187,True,0,0.0
LH_729,729,0.25000,/home/ml/thesis-camels/data/raw/CAMELS_SIMBA_1000U/LH_729_hlist_0.25000.list,PASS,,8631,8631,True,0,0.0
LH_729,729,0.51209,/home/ml/thesis-camels/data/raw/CAMELS_SIMBA_1000U/LH_729_hlist_0.51209.list,PASS,,7313,7313,True,0,0.0
LH_729,729,0.75065,/home/ml/thesis-camels/data/raw/CAMELS_SIMBA_1000U/LH_729_hlist_0.75065.list,PASS,,6361,6361,True,0,0.0
LH_729,729,1.00000,/home/ml/thesis-camels/data/raw/CAMELS_SIMBA_1000U/LH_729_hlist_1.00000.list,PASS,,5898,5898,True,0,0.0
LH_730,730,0.20000,/home/ml/thesis-camels/data/raw/CAMELS_SIMBA_1000U/LH_730_hlist_0.20000.list,PASS,,2533,2533,True,0,0.0
LH_730,730,0.25000,/home/ml/thesis-camels/data/raw/CAMELS_SIMBA_1000U/LH_730_hlist_0.25000.list,PASS,,3837,3837,True,0,0.0
LH_730,730,0.51209,/home/ml/thesis-camels/data/raw/CAMELS_SIMBA_1000U/LH_730_hlist_0.51209.list,PASS,,5719,5719,True,0,0.0
LH_730,730,0.75065,/home/ml/thesis-camels/data/raw/CAMELS_SIMBA_1000U/LH_730_hlist_0.75065.list,PASS,,5973,5973,True,0,0.0
LH_730,730,1.00000,/home/ml/thesis-camels/data/raw/CAMELS_SIMBA_1000U/LH_730_hlist_1.00000.list,PASS,,6433,6433,True,0,0.0
LH_731,731,0.20000,/home/ml/thesis-camels/data/raw/CAMELS_SIMBA_1000U/LH_731_hlist_0.20000.list,PASS,,4049,4049,True,0,0.0
LH_731,731,0.25000,/home/ml/thesis-camels/data/raw/CAMELS_SIMBA_1000U/LH_731_hlist_0.25000.list,PASS,,5764,5764,True,0,0.0
LH_731,731,0.51209,/home/ml/thesis-camels/data/raw/CAMELS_SIMBA_1000U/LH_731_hlist_0.51209.list,PASS,,7966,7966,True,0,0.0
LH_731,731,0.75065,/home/ml/thesis-camels/data/raw/CAMELS_SIMBA_1000U/LH_731_hlist_0.75065.list,PASS,,7353,7353,True,0,0.0
LH_731,731,1.00000,/home/ml/thesis-camels/data/raw/CAMELS_SIMBA_1000U/LH_731_hlist_1.00000.list,PASS,,7375,7375,True,0,0.0
LH_732,732,0.20000,/home/ml/thesis-camels/data/raw/CAMELS_SIMBA_1000U/LH_732_hlist_0.20000.list,PASS,,8769,8769,True,0,0.0
LH_732,732,0.25000,/home/ml/thesis-camels/data/raw/CAMELS_SIMBA_1000U/LH_732_hlist_0.25000.list,PASS,,9236,9236,True,0,0.0
LH_732,732,0.51209,/home/ml/thesis-camels/data/raw/CAMELS_SIMBA_1000U/LH_732_hlist_0.51209.list,PASS,,7649,7649,True,0,0.0
LH_732,732,0.75065,/home/ml/thesis-camels/data/raw/CAMELS_SIMBA_1000U/LH_732_hlist_0.75065.list,PASS,,6173,6173,True,0,0.0
LH_732,732,1.00000,/home/ml/thesis-camels/data/raw/CAMELS_SIMBA_1000U/LH_732_hlist_1.00000.list,PASS,,5819,5819,True,0,0.0
LH_733,733,0.20000,/home/ml/thesis-camels/data/raw/CAMELS_SIMBA_1000U/LH_733_hlist_0.20000.list,PASS,,4297,4297,True,0,0.0
LH_733,733,0.25000,/home/ml/thesis-camels/data/raw/CAMELS_SIMBA_1000U/LH_733_hlist_0.25000.list,PASS,,6027,6027,True,0,0.0
LH_733,733,0.51209,/home/ml/thesis-camels/data/raw/CAMELS_SIMBA_1000U/LH_733_hlist_0.51209.list,PASS,,8878,8878,True,0,0.0
LH_733,733,0.75065,/home/ml/thesis-camels/data/raw/CAMELS_SIMBA_1000U/LH_733_hlist_0.75065.list,PASS,,8223,8223,True,0,0.0
LH_733,733,1.00000,/home/ml/thesis-camels/data/raw/CAMELS_SIMBA_1000U/LH_733_hlist_1.00000.list,PASS,,7877,7877,True,0,0.0
LH_734,734,0.20000,/home/ml/thesis-camels/data/raw/CAMELS_SIMBA_1000U/LH_734_hlist_0.20000.list,PASS,,7404,7404,True,0,0.0
LH_734,734,0.25000,/home/ml/thesis-camels/data/raw/CAMELS_SIMBA_1000U/LH_734_hlist_0.25000.list,PASS,,8215,8215,True,0,0.0
LH_734,734,0.51209,/home/ml/thesis-camels/data/raw/CAMELS_SIMBA_1000U/LH_734_hlist_0.51209.list,PASS,,7068,7068,True,0,0.0
LH_734,734,0.75065,/home/ml/thesis-camels/data/raw/CAMELS_SIMBA_1000U/LH_734_hlist_0.75065.list,PASS,,6055,6055,True,0,0.0
LH_734,734,1.00000,/home/ml/thesis-camels/data/raw/CAMELS_SIMBA_1000U/LH_734_hlist_1.00000.list,PASS,,6039,6039,True,0,0.0
LH_735,735,0.20000,/home/ml/thesis-camels/data/raw/CAMELS_SIMBA_1000U/LH_735_hlist_0.20000.list,PASS,,2036,2036,True,0,0.0
LH_735,735,0.25000,/home/ml/thesis-camels/data/raw/CAMELS_SIMBA_1000U/LH_735_hlist_0.25000.list,PASS,,3363,3363,True,0,0.0
LH_735,735,0.51209,/home/ml/thesis-camels/data/raw/CAMELS_SIMBA_1000U/LH_735_hlist_0.51209.list,PASS,,6463,6463,True,0,0.0
LH_735,735,0.75065,/home/ml/thesis-camels/data/raw/CAMELS_SIMBA_1000U/LH_735_hlist_0.75065.list,PASS,,6628,6628,True,0,0.0
LH_735,735,1.00000,/home/ml/thesis-camels/data/raw/CAMELS_SIMBA_1000U/LH_735_hlist_1.00000.list,PASS,,7011,7011,True,0,0.0
LH_736,736,0.20000,/home/ml/thesis-camels/data/raw/CAMELS_SIMBA_1000U/LH_736_hlist_0.20000.list,PASS,,4049,4049,True,0,0.0
LH_736,736,0.25000,/home/ml/thesis-camels/data/raw/CAMELS_SIMBA_1000U/LH_736_hlist_0.25000.list,PASS,,5389,5389,True,0,0.0
LH_736,736,0.51209,/home/ml/thesis-camels/data/raw/CAMELS_SIMBA_1000U/LH_736_hlist_0.51209.list,PASS,,6319,6319,True,0,0.0
LH_736,736,0.75065,/home/ml/thesis-camels/data/raw/CAMELS_SIMBA_1000U/LH_736_hlist_0.75065.list,PASS,,6140,6140,True,0,0.0
LH_736,736,1.00000,/home/ml/thesis-camels/data/raw/CAMELS_SIMBA_1000U/LH_736_hlist_1.00000.list,PASS,,6433,6433,True,0,0.0
LH_737,737,0.20000,/home/ml/thesis-camels/data/raw/CAMELS_SIMBA_1000U/LH_737_hlist_0.20000.list,PASS,,4711,4711,True,0,0.0
LH_737,737,0.25000,/home/ml/thesis-camels/data/raw/CAMELS_SIMBA_1000U/LH_737_hlist_0.25000.list,PASS,,6513,6513,True,0,0.0
LH_737,737,0.51209,/home/ml/thesis-camels/data/raw/CAMELS_SIMBA_1000U/LH_737_hlist_0.51209.list,PASS,,8747,8747,True,0,0.0
LH_737,737,0.75065,/home/ml/thesis-camels/data/raw/CAMELS_SIMBA_1000U/LH_737_hlist_0.75065.list,PASS,,7954,7954,True,0,0.0
LH_737,737,1.00000,/home/ml/thesis-camels/data/raw/CAMELS_SIMBA_1000U/LH_737_hlist_1.00000.list,PASS,,7600,7600,True,0,0.0
LH_738,738,0.20000,/home/ml/thesis-camels/data/raw/CAMELS_SIMBA_1000U/LH_738_hlist_0.20000.list,PASS,,8155,8155,True,0,0.0
LH_738,738,0.25000,/home/ml/thesis-camels/data/raw/CAMELS_SIMBA_1000U/LH_738_hlist_0.25000.list,PASS,,8553,8553,True,0,0.0
LH_738,738,0.51209,/home/ml/thesis-camels/data/raw/CAMELS_SIMBA_1000U/LH_738_hlist_0.51209.list,PASS,,6854,6854,True,0,0.0
LH_738,738,0.75065,/home/ml/thesis-camels/data/raw/CAMELS_SIMBA_1000U/LH_738_hlist_0.75065.list,PASS,,5741,5741,True,0,0.0
LH_738,738,1.00000,/home/ml/thesis-camels/data/raw/CAMELS_SIMBA_1000U/LH_738_hlist_1.00000.list,PASS,,5597,5597,True,0,0.0
LH_739,739,0.20000,/home/ml/thesis-camels/data/raw/CAMELS_SIMBA_1000U/LH_739_hlist_0.20000.list,PASS,,5852,5852,True,0,0.0
LH_739,739,0.25000,/home/ml/thesis-camels/data/raw/CAMELS_SIMBA_1000U/LH_739_hlist_0.25000.list,PASS,,7436,7436,True,0,0.0
LH_739,739,0.51209,/home/ml/thesis-camels/data/raw/CAMELS_SIMBA_1000U/LH_739_hlist_0.51209.list,PASS,,8329,8329,True,0,0.0
LH_739,739,0.75065,/home/ml/thesis-camels/data/raw/CAMELS_SIMBA_1000U/LH_739_hlist_0.75065.list,PASS,,7352,7352,True,0,0.0
LH_739,739,1.00000,/home/ml/thesis-camels/data/raw/CAMELS_SIMBA_1000U/LH_739_hlist_1.00000.list,PASS,,7001,7001,True,0,0.0
LH_740,740,0.20000,/home/ml/thesis-camels/data/raw/CAMELS_SIMBA_1000U/LH_740_hlist_0.20000.list,PASS,,843,843,False,657,43.8
LH_740,740,0.25000,/home/ml/thesis-camels/data/raw/CAMELS_SIMBA_1000U/LH_740_hlist_0.25000.list,PASS,,1929,1929,True,0,0.0
LH_740,740,0.51209,/home/ml/thesis-camels/data/raw/CAMELS_SIMBA_1000U/LH_740_hlist_0.51209.list,PASS,,5698,5698,True,0,0.0
LH_740,740,0.75065,/home/ml/thesis-camels/data/raw/CAMELS_SIMBA_1000U/LH_740_hlist_0.75065.list,PASS,,6510,6510,True,0,0.0
LH_740,740,1.00000,/home/ml/thesis-camels/data/raw/CAMELS_SIMBA_1000U/LH_740_hlist_1.00000.list,PASS,,7286,7286,True,0,0.0
LH_741,741,0.20000,/home/ml/thesis-camels/data/raw/CAMELS_SIMBA_1000U/LH_741_hlist_0.20000.list,PASS,,7432,7432,True,0,0.0
LH_741,741,0.25000,/home/ml/thesis-camels/data/raw/CAMELS_SIMBA_1000U/LH_741_hlist_0.25000.list,PASS,,7931,7931,True,0,0.0
LH_741,741,0.51209,/home/ml/thesis-camels/data/raw/CAMELS_SIMBA_1000U/LH_741_hlist_0.51209.list,PASS,,6664,6664,True,0,0.0
LH_741,741,0.75065,/home/ml/thesis-camels/data/raw/CAMELS_SIMBA_1000U/LH_741_hlist_0.75065.list,PASS,,5639,5639,True,0,0.0
LH_741,741,1.00000,/home/ml/thesis-camels/data/raw/CAMELS_SIMBA_1000U/LH_741_hlist_1.00000.list,PASS,,5511,5511,True,0,0.0
LH_742,742,0.20000,/home/ml/thesis-camels/data/raw/CAMELS_SIMBA_1000U/LH_742_hlist_0.20000.list,PASS,,346,346,False,1154,76.93333333333334
LH_742,742,0.25000,/home/ml/thesis-camels/data/raw/CAMELS_SIMBA_1000U/LH_742_hlist_0.25000.list,PASS,,948,948,False,552,36.8
LH_742,742,0.51209,/home/ml/thesis-camels/data/raw/CAMELS_SIMBA_1000U/LH_742_hlist_0.51209.list,PASS,,3046,3046,True,0,0.0
LH_742,742,0.75065,/home/ml/thesis-camels/data/raw/CAMELS_SIMBA_1000U/LH_742_hlist_0.75065.list,PASS,,3805,3805,True,0,0.0
LH_742,742,1.00000,/home/ml/thesis-camels/data/raw/CAMELS_SIMBA_1000U/LH_742_hlist_1.00000.list,PASS,,4586,4586,True,0,0.0
LH_743,743,0.20000,/home/ml/thesis-camels/data/raw/CAMELS_SIMBA_1000U/LH_743_hlist_0.20000.list,PASS,,6418,6418,True,0,0.0
LH_743,743,0.25000,/home/ml/thesis-camels/data/raw/CAMELS_SIMBA_1000U/LH_743_hlist_0.25000.list,PASS,,7697,7697,True,0,0.0
LH_743,743,0.51209,/home/ml/thesis-camels/data/raw/CAMELS_SIMBA_1000U/LH_743_hlist_0.51209.list,PASS,,7786,7786,True,0,0.0
LH_743,743,0.75065,/home/ml/thesis-camels/data/raw/CAMELS_SIMBA_1000U/LH_743_hlist_0.75065.list,PASS,,6676,6676,True,0,0.0
LH_743,743,1.00000,/home/ml/thesis-camels/data/raw/CAMELS_SIMBA_1000U/LH_743_hlist_1.00000.list,PASS,,6448,6448,True,0,0.0
LH_744,744,0.20000,/home/ml/thesis-camels/data/raw/CAMELS_SIMBA_1000U/LH_744_hlist_0.20000.list,PASS,,6732,6732,True,0,0.0
LH_744,744,0.25000,/home/ml/thesis-camels/data/raw/CAMELS_SIMBA_1000U/LH_744_hlist_0.25000.list,PASS,,7603,7603,True,0,0.0
LH_744,744,0.51209,/home/ml/thesis-camels/data/raw/CAMELS_SIMBA_1000U/LH_744_hlist_0.51209.list,PASS,,7239,7239,True,0,0.0
LH_744,744,0.75065,/home/ml/thesis-camels/data/raw/CAMELS_SIMBA_1000U/LH_744_hlist_0.75065.list,PASS,,6269,6269,True,0,0.0
LH_744,744,1.00000,/home/ml/thesis-camels/data/raw/CAMELS_SIMBA_1000U/LH_744_hlist_1.00000.list,PASS,,6272,6272,True,0,0.0
LH_745,745,0.20000,/home/ml/thesis-camels/data/raw/CAMELS_SIMBA_1000U/LH_745_hlist_0.20000.list,PASS,,2346,2346,True,0,0.0
LH_745,745,0.25000,/home/ml/thesis-camels/data/raw/CAMELS_SIMBA_1000U/LH_745_hlist_0.25000.list,PASS,,4056,4056,True,0,0.0
LH_745,745,0.51209,/home/ml/thesis-camels/data/raw/CAMELS_SIMBA_1000U/LH_745_hlist_0.51209.list,PASS,,6873,6873,True,0,0.0
LH_745,745,0.75065,/home/ml/thesis-camels/data/raw/CAMELS_SIMBA_1000U/LH_745_hlist_0.75065.list,PASS,,6924,6924,True,0,0.0
LH_745,745,1.00000,/home/ml/thesis-camels/data/raw/CAMELS_SIMBA_1000U/LH_745_hlist_1.00000.list,PASS,,7316,7316,True,0,0.0
LH_746,746,0.20000,/home/ml/thesis-camels/data/raw/CAMELS_SIMBA_1000U/LH_746_hlist_0.20000.list,PASS,,4910,4910,True,0,0.0
LH_746,746,0.25000,/home/ml/thesis-camels/data/raw/CAMELS_SIMBA_1000U/LH_746_hlist_0.25000.list,PASS,,5977,5977,True,0,0.0
LH_746,746,0.51209,/home/ml/thesis-camels/data/raw/CAMELS_SIMBA_1000U/LH_746_hlist_0.51209.list,PASS,,6885,6885,True,0,0.0
LH_746,746,0.75065,/home/ml/thesis-camels/data/raw/CAMELS_SIMBA_1000U/LH_746_hlist_0.75065.list,PASS,,6244,6244,True,0,0.0
LH_746,746,1.00000,/home/ml/thesis-camels/data/raw/CAMELS_SIMBA_1000U/LH_746_hlist_1.00000.list,PASS,,6332,6332,True,0,0.0
LH_747,747,0.20000,/home/ml/thesis-camels/data/raw/CAMELS_SIMBA_1000U/LH_747_hlist_0.20000.list,PASS,,6672,6672,True,0,0.0
LH_747,747,0.25000,/home/ml/thesis-camels/data/raw/CAMELS_SIMBA_1000U/LH_747_hlist_0.25000.list,PASS,,7378,7378,True,0,0.0
LH_747,747,0.51209,/home/ml/thesis-camels/data/raw/CAMELS_SIMBA_1000U/LH_747_hlist_0.51209.list,PASS,,6876,6876,True,0,0.0
LH_747,747,0.75065,/home/ml/thesis-camels/data/raw/CAMELS_SIMBA_1000U/LH_747_hlist_0.75065.list,PASS,,5886,5886,True,0,0.0
LH_747,747,1.00000,/home/ml/thesis-camels/data/raw/CAMELS_SIMBA_1000U/LH_747_hlist_1.00000.list,PASS,,5932,5932,True,0,0.0
LH_748,748,0.20000,/home/ml/thesis-camels/data/raw/CAMELS_SIMBA_1000U/LH_748_hlist_0.20000.list,PASS,,7292,7292,True,0,0.0
LH_748,748,0.25000,/home/ml/thesis-camels/data/raw/CAMELS_SIMBA_1000U/LH_748_hlist_0.25000.list,PASS,,8363,8363,True,0,0.0
LH_748,748,0.51209,/home/ml/thesis-camels/data/raw/CAMELS_SIMBA_1000U/LH_748_hlist_0.51209.list,PASS,,7613,7613,True,0,0.0
LH_748,748,0.75065,/home/ml/thesis-camels/data/raw/CAMELS_SIMBA_1000U/LH_748_hlist_0.75065.list,PASS,,6322,6322,True,0,0.0
LH_748,748,1.00000,/home/ml/thesis-camels/data/raw/CAMELS_SIMBA_1000U/LH_748_hlist_1.00000.list,PASS,,5919,5919,True,0,0.0
LH_749,749,0.20000,/home/ml/thesis-camels/data/raw/CAMELS_SIMBA_1000U/LH_749_hlist_0.20000.list,PASS,,3562,3562,True,0,0.0
LH_749,749,0.25000,/home/ml/thesis-camels/data/raw/CAMELS_SIMBA_1000U/LH_749_hlist_0.25000.list,PASS,,5083,5083,True,0,0.0
LH_749,749,0.51209,/home/ml/thesis-camels/data/raw/CAMELS_SIMBA_1000U/LH_749_hlist_0.51209.list,PASS,,7370,7370,True,0,0.0
LH_749,749,0.75065,/home/ml/thesis-camels/data/raw/CAMELS_SIMBA_1000U/LH_749_hlist_0.75065.list,PASS,,6954,6954,True,0,0.0
LH_749,749,1.00000,/home/ml/thesis-camels/data/raw/CAMELS_SIMBA_1000U/LH_749_hlist_1.00000.list,PASS,,6988,6988,True,0,0.0
LH_750,750,0.20000,/home/ml/thesis-camels/data/raw/CAMELS_SIMBA_1000U/LH_750_hlist_0.20000.list,PASS,,5606,5606,True,0,0.0
LH_750,750,0.25000,/home/ml/thesis-camels/data/raw/CAMELS_SIMBA_1000U/LH_750_hlist_0.25000.list,PASS,,6918,6918,True,0,0.0
LH_750,750,0.51209,/home/ml/thesis-camels/data/raw/CAMELS_SIMBA_1000U/LH_750_hlist_0.51209.list,PASS,,8411,8411,True,0,0.0
LH_750,750,0.75065,/home/ml/thesis-camels/data/raw/CAMELS_SIMBA_1000U/LH_750_hlist_0.75065.list,PASS,,7604,7604,True,0,0.0
LH_750,750,1.00000,/home/ml/thesis-camels/data/raw/CAMELS_SIMBA_1000U/LH_750_hlist_1.00000.list,PASS,,7114,7114,True,0,0.0
LH_751,751,0.20000,/home/ml/thesis-camels/data/raw/CAMELS_SIMBA_1000U/LH_751_hlist_0.20000.list,PASS,,5848,5848,True,0,0.0
LH_751,751,0.25000,/home/ml/thesis-camels/data/raw/CAMELS_SIMBA_1000U/LH_751_hlist_0.25000.list,PASS,,6917,6917,True,0,0.0
LH_751,751,0.51209,/home/ml/thesis-camels/data/raw/CAMELS_SIMBA_1000U/LH_751_hlist_0.51209.list,PASS,,7233,7233,True,0,0.0
LH_751,751,0.75065,/home/ml/thesis-camels/data/raw/CAMELS_SIMBA_1000U/LH_751_hlist_0.75065.list,PASS,,6339,6339,True,0,0.0
LH_751,751,1.00000,/home/ml/thesis-camels/data/raw/CAMELS_SIMBA_1000U/LH_751_hlist_1.00000.list,PASS,,6372,6372,True,0,0.0
LH_752,752,0.20000,/home/ml/thesis-camels/data/raw/CAMELS_SIMBA_1000U/LH_752_hlist_0.20000.list,PASS,,6227,6227,True,0,0.0
LH_752,752,0.25000,/home/ml/thesis-camels/data/raw/CAMELS_SIMBA_1000U/LH_752_hlist_0.25000.list,PASS,,7635,7635,True,0,0.0
LH_752,752,0.51209,/home/ml/thesis-camels/data/raw/CAMELS_SIMBA_1000U/LH_752_hlist_0.51209.list,PASS,,8307,8307,True,0,0.0
LH_752,752,0.75065,/home/ml/thesis-camels/data/raw/CAMELS_SIMBA_1000U/LH_752_hlist_0.75065.list,PASS,,7210,7210,True,0,0.0
LH_752,752,1.00000,/home/ml/thesis-camels/data/raw/CAMELS_SIMBA_1000U/LH_752_hlist_1.00000.list,PASS,,6586,6586,True,0,0.0
LH_753,753,0.20000,/home/ml/thesis-camels/data/raw/CAMELS_SIMBA_1000U/LH_753_hlist_0.20000.list,PASS,,5721,5721,True,0,0.0
LH_753,753,0.25000,/home/ml/thesis-camels/data/raw/CAMELS_SIMBA_1000U/LH_753_hlist_0.25000.list,PASS,,7091,7091,True,0,0.0
LH_753,753,0.51209,/home/ml/thesis-camels/data/raw/CAMELS_SIMBA_1000U/LH_753_hlist_0.51209.list,PASS,,8404,8404,True,0,0.0
LH_753,753,0.75065,/home/ml/thesis-camels/data/raw/CAMELS_SIMBA_1000U/LH_753_hlist_0.75065.list,PASS,,7594,7594,True,0,0.0
LH_753,753,1.00000,/home/ml/thesis-camels/data/raw/CAMELS_SIMBA_1000U/LH_753_hlist_1.00000.list,PASS,,7380,7380,True,0,0.0
LH_754,754,0.20000,/home/ml/thesis-camels/data/raw/CAMELS_SIMBA_1000U/LH_754_hlist_0.20000.list,PASS,,8677,8677,True,0,0.0
LH_754,754,0.25000,/home/ml/thesis-camels/data/raw/CAMELS_SIMBA_1000U/LH_754_hlist_0.25000.list,PASS,,9061,9061,True,0,0.0
LH_754,754,0.51209,/home/ml/thesis-camels/data/raw/CAMELS_SIMBA_1000U/LH_754_hlist_0.51209.list,PASS,,7083,7083,True,0,0.0
LH_754,754,0.75065,/home/ml/thesis-camels/data/raw/CAMELS_SIMBA_1000U/LH_754_hlist_0.75065.list,PASS,,5783,5783,True,0,0.0
LH_754,754,1.00000,/home/ml/thesis-camels/data/raw/CAMELS_SIMBA_1000U/LH_754_hlist_1.00000.list,PASS,,5388,5388,True,0,0.0
LH_755,755,0.20000,/home/ml/thesis-camels/data/raw/CAMELS_SIMBA_1000U/LH_755_hlist_0.20000.list,PASS,,6658,6658,True,0,0.0
LH_755,755,0.25000,/home/ml/thesis-camels/data/raw/CAMELS_SIMBA_1000U/LH_755_hlist_0.25000.list,PASS,,7886,7886,True,0,0.0
LH_755,755,0.51209,/home/ml/thesis-camels/data/raw/CAMELS_SIMBA_1000U/LH_755_hlist_0.51209.list,PASS,,8461,8461,True,0,0.0
LH_755,755,0.75065,/home/ml/thesis-camels/data/raw/CAMELS_SIMBA_1000U/LH_755_hlist_0.75065.list,PASS,,7423,7423,True,0,0.0
LH_755,755,1.00000,/home/ml/thesis-camels/data/raw/CAMELS_SIMBA_1000U/LH_755_hlist_1.00000.list,PASS,,6848,6848,True,0,0.0
LH_756,756,0.20000,/home/ml/thesis-camels/data/raw/CAMELS_SIMBA_1000U/LH_756_hlist_0.20000.list,PASS,,6396,6396,True,0,0.0
LH_756,756,0.25000,/home/ml/thesis-camels/data/raw/CAMELS_SIMBA_1000U/LH_756_hlist_0.25000.list,PASS,,7310,7310,True,0,0.0
LH_756,756,0.51209,/home/ml/thesis-camels/data/raw/CAMELS_SIMBA_1000U/LH_756_hlist_0.51209.list,PASS,,7162,7162,True,0,0.0
LH_756,756,0.75065,/home/ml/thesis-camels/data/raw/CAMELS_SIMBA_1000U/LH_756_hlist_0.75065.list,PASS,,6229,6229,True,0,0.0
LH_756,756,1.00000,/home/ml/thesis-camels/data/raw/CAMELS_SIMBA_1000U/LH_756_hlist_1.00000.list,PASS,,6004,6004,True,0,0.0
LH_757,757,0.20000,/home/ml/thesis-camels/data/raw/CAMELS_SIMBA_1000U/LH_757_hlist_0.20000.list,PASS,,1956,1956,True,0,0.0
LH_757,757,0.25000,/home/ml/thesis-camels/data/raw/CAMELS_SIMBA_1000U/LH_757_hlist_0.25000.list,PASS,,3748,3748,True,0,0.0
LH_757,757,0.51209,/home/ml/thesis-camels/data/raw/CAMELS_SIMBA_1000U/LH_757_hlist_0.51209.list,PASS,,7018,7018,True,0,0.0
LH_757,757,0.75065,/home/ml/thesis-camels/data/raw/CAMELS_SIMBA_1000U/LH_757_hlist_0.75065.list,PASS,,6920,6920,True,0,0.0
LH_757,757,1.00000,/home/ml/thesis-camels/data/raw/CAMELS_SIMBA_1000U/LH_757_hlist_1.00000.list,PASS,,7267,7267,True,0,0.0
LH_758,758,0.20000,/home/ml/thesis-camels/data/raw/CAMELS_SIMBA_1000U/LH_758_hlist_0.20000.list,PASS,,5341,5341,True,0,0.0
LH_758,758,0.25000,/home/ml/thesis-camels/data/raw/CAMELS_SIMBA_1000U/LH_758_hlist_0.25000.list,PASS,,6436,6436,True,0,0.0
LH_758,758,0.51209,/home/ml/thesis-camels/data/raw/CAMELS_SIMBA_1000U/LH_758_hlist_0.51209.list,PASS,,6664,6664,True,0,0.0
LH_758,758,0.75065,/home/ml/thesis-camels/data/raw/CAMELS_SIMBA_1000U/LH_758_hlist_0.75065.list,PASS,,6134,6134,True,0,0.0
LH_758,758,1.00000,/home/ml/thesis-camels/data/raw/CAMELS_SIMBA_1000U/LH_758_hlist_1.00000.list,PASS,,6324,6324,True,0,0.0
LH_759,759,0.20000,/home/ml/thesis-camels/data/raw/CAMELS_SIMBA_1000U/LH_759_hlist_0.20000.list,PASS,,2864,2864,True,0,0.0
LH_759,759,0.25000,/home/ml/thesis-camels/data/raw/CAMELS_SIMBA_1000U/LH_759_hlist_0.25000.list,PASS,,4074,4074,True,0,0.0
LH_759,759,0.51209,/home/ml/thesis-camels/data/raw/CAMELS_SIMBA_1000U/LH_759_hlist_0.51209.list,PASS,,4995,4995,True,0,0.0
LH_759,759,0.75065,/home/ml/thesis-camels/data/raw/CAMELS_SIMBA_1000U/LH_759_hlist_0.75065.list,PASS,,5010,5010,True,0,0.0
LH_759,759,1.00000,/home/ml/thesis-camels/data/raw/CAMELS_SIMBA_1000U/LH_759_hlist_1.00000.list,PASS,,5535,5535,True,0,0.0
LH_760,760,0.20000,/home/ml/thesis-camels/data/raw/CAMELS_SIMBA_1000U/LH_760_hlist_0.20000.list,PASS,,5283,5283,True,0,0.0
LH_760,760,0.25000,/home/ml/thesis-camels/data/raw/CAMELS_SIMBA_1000U/LH_760_hlist_0.25000.list,PASS,,6437,6437,True,0,0.0
LH_760,760,0.51209,/home/ml/thesis-camels/data/raw/CAMELS_SIMBA_1000U/LH_760_hlist_0.51209.list,PASS,,6565,6565,True,0,0.0
LH_760,760,0.75065,/home/ml/thesis-camels/data/raw/CAMELS_SIMBA_1000U/LH_760_hlist_0.75065.list,PASS,,6016,6016,True,0,0.0
LH_760,760,1.00000,/home/ml/thesis-camels/data/raw/CAMELS_SIMBA_1000U/LH_760_hlist_1.00000.list,PASS,,6170,6170,True,0,0.0
LH_761,761,0.20000,/home/ml/thesis-camels/data/raw/CAMELS_SIMBA_1000U/LH_761_hlist_0.20000.list,PASS,,3427,3427,True,0,0.0
LH_761,761,0.25000,/home/ml/thesis-camels/data/raw/CAMELS_SIMBA_1000U/LH_761_hlist_0.25000.list,PASS,,4908,4908,True,0,0.0
LH_761,761,0.51209,/home/ml/thesis-camels/data/raw/CAMELS_SIMBA_1000U/LH_761_hlist_0.51209.list,PASS,,7395,7395,True,0,0.0
LH_761,761,0.75065,/home/ml/thesis-camels/data/raw/CAMELS_SIMBA_1000U/LH_761_hlist_0.75065.list,PASS,,7011,7011,True,0,0.0
LH_761,761,1.00000,/home/ml/thesis-camels/data/raw/CAMELS_SIMBA_1000U/LH_761_hlist_1.00000.list,PASS,,7269,7269,True,0,0.0
LH_762,762,0.20000,/home/ml/thesis-camels/data/raw/CAMELS_SIMBA_1000U/LH_762_hlist_0.20000.list,PASS,,4646,4646,True,0,0.0
LH_762,762,0.25000,/home/ml/thesis-camels/data/raw/CAMELS_SIMBA_1000U/LH_762_hlist_0.25000.list,PASS,,5940,5940,True,0,0.0
LH_762,762,0.51209,/home/ml/thesis-camels/data/raw/CAMELS_SIMBA_1000U/LH_762_hlist_0.51209.list,PASS,,6911,6911,True,0,0.0
LH_762,762,0.75065,/home/ml/thesis-camels/data/raw/CAMELS_SIMBA_1000U/LH_762_hlist_0.75065.list,PASS,,6343,6343,True,0,0.0
LH_762,762,1.00000,/home/ml/thesis-camels/data/raw/CAMELS_SIMBA_1000U/LH_762_hlist_1.00000.list,PASS,,6442,6442,True,0,0.0
LH_763,763,0.20000,/home/ml/thesis-camels/data/raw/CAMELS_SIMBA_1000U/LH_763_hlist_0.20000.list,PASS,,3674,3674,True,0,0.0
LH_763,763,0.25000,/home/ml/thesis-camels/data/raw/CAMELS_SIMBA_1000U/LH_763_hlist_0.25000.list,PASS,,5104,5104,True,0,0.0
LH_763,763,0.51209,/home/ml/thesis-camels/data/raw/CAMELS_SIMBA_1000U/LH_763_hlist_0.51209.list,PASS,,6706,6706,True,0,0.0
LH_763,763,0.75065,/home/ml/thesis-camels/data/raw/CAMELS_SIMBA_1000U/LH_763_hlist_0.75065.list,PASS,,6510,6510,True,0,0.0
LH_763,763,1.00000,/home/ml/thesis-camels/data/raw/CAMELS_SIMBA_1000U/LH_763_hlist_1.00000.list,PASS,,6805,6805,True,0,0.0
LH_764,764,0.20000,/home/ml/thesis-camels/data/raw/CAMELS_SIMBA_1000U/LH_764_hlist_0.20000.list,PASS,,7165,7165,True,0,0.0
LH_764,764,0.25000,/home/ml/thesis-camels/data/raw/CAMELS_SIMBA_1000U/LH_764_hlist_0.25000.list,PASS,,8037,8037,True,0,0.0
LH_764,764,0.51209,/home/ml/thesis-camels/data/raw/CAMELS_SIMBA_1000U/LH_764_hlist_0.51209.list,PASS,,7457,7457,True,0,0.0
LH_764,764,0.75065,/home/ml/thesis-camels/data/raw/CAMELS_SIMBA_1000U/LH_764_hlist_0.75065.list,PASS,,6503,6503,True,0,0.0
LH_764,764,1.00000,/home/ml/thesis-camels/data/raw/CAMELS_SIMBA_1000U/LH_764_hlist_1.00000.list,PASS,,6307,6307,True,0,0.0
LH_765,765,0.20000,/home/ml/thesis-camels/data/raw/CAMELS_SIMBA_1000U/LH_765_hlist_0.20000.list,PASS,,2518,2518,True,0,0.0
LH_765,765,0.25000,/home/ml/thesis-camels/data/raw/CAMELS_SIMBA_1000U/LH_765_hlist_0.25000.list,PASS,,3714,3714,True,0,0.0
LH_765,765,0.51209,/home/ml/thesis-camels/data/raw/CAMELS_SIMBA_1000U/LH_765_hlist_0.51209.list,PASS,,4515,4515,True,0,0.0
LH_765,765,0.75065,/home/ml/thesis-camels/data/raw/CAMELS_SIMBA_1000U/LH_765_hlist_0.75065.list,PASS,,4625,4625,True,0,0.0
LH_765,765,1.00000,/home/ml/thesis-camels/data/raw/CAMELS_SIMBA_1000U/LH_765_hlist_1.00000.list,PASS,,5046,5046,True,0,0.0
LH_766,766,0.20000,/home/ml/thesis-camels/data/raw/CAMELS_SIMBA_1000U/LH_766_hlist_0.20000.list,PASS,,1137,1137,False,363,24.2
LH_766,766,0.25000,/home/ml/thesis-camels/data/raw/CAMELS_SIMBA_1000U/LH_766_hlist_0.25000.list,PASS,,2654,2654,True,0,0.0
LH_766,766,0.51209,/home/ml/thesis-camels/data/raw/CAMELS_SIMBA_1000U/LH_766_hlist_0.51209.list,PASS,,5945,5945,True,0,0.0
LH_766,766,0.75065,/home/ml/thesis-camels/data/raw/CAMELS_SIMBA_1000U/LH_766_hlist_0.75065.list,PASS,,6286,6286,True,0,0.0
LH_766,766,1.00000,/home/ml/thesis-camels/data/raw/CAMELS_SIMBA_1000U/LH_766_hlist_1.00000.list,PASS,,6833,6833,True,0,0.0
LH_767,767,0.20000,/home/ml/thesis-camels/data/raw/CAMELS_SIMBA_1000U/LH_767_hlist_0.20000.list,PASS,,1667,1667,True,0,0.0
LH_767,767,0.25000,/home/ml/thesis-camels/data/raw/CAMELS_SIMBA_1000U/LH_767_hlist_0.25000.list,PASS,,2987,2987,True,0,0.0
LH_767,767,0.51209,/home/ml/thesis-camels/data/raw/CAMELS_SIMBA_1000U/LH_767_hlist_0.51209.list,PASS,,5141,5141,True,0,0.0
LH_767,767,0.75065,/home/ml/thesis-camels/data/raw/CAMELS_SIMBA_1000U/LH_767_hlist_0.75065.list,PASS,,5435,5435,True,0,0.0
LH_767,767,1.00000,/home/ml/thesis-camels/data/raw/CAMELS_SIMBA_1000U/LH_767_hlist_1.00000.list,PASS,,5912,5912,True,0,0.0
LH_768,768,0.20000,/home/ml/thesis-camels/data/raw/CAMELS_SIMBA_1000U/LH_768_hlist_0.20000.list,PASS,,5393,5393,True,0,0.0
LH_768,768,0.25000,/home/ml/thesis-camels/data/raw/CAMELS_SIMBA_1000U/LH_768_hlist_0.25000.list,PASS,,6475,6475,True,0,0.0
LH_768,768,0.51209,/home/ml/thesis-camels/data/raw/CAMELS_SIMBA_1000U/LH_768_hlist_0.51209.list,PASS,,6314,6314,True,0,0.0
LH_768,768,0.75065,/home/ml/thesis-camels/data/raw/CAMELS_SIMBA_1000U/LH_768_hlist_0.75065.list,PASS,,5654,5654,True,0,0.0
LH_768,768,1.00000,/home/ml/thesis-camels/data/raw/CAMELS_SIMBA_1000U/LH_768_hlist_1.00000.list,PASS,,5823,5823,True,0,0.0
LH_769,769,0.20000,/home/ml/thesis-camels/data/raw/CAMELS_SIMBA_1000U/LH_769_hlist_0.20000.list,PASS,,2276,2276,True,0,0.0
LH_769,769,0.25000,/home/ml/thesis-camels/data/raw/CAMELS_SIMBA_1000U/LH_769_hlist_0.25000.list,PASS,,3728,3728,True,0,0.0
LH_769,769,0.51209,/home/ml/thesis-camels/data/raw/CAMELS_SIMBA_1000U/LH_769_hlist_0.51209.list,PASS,,6065,6065,True,0,0.0
LH_769,769,0.75065,/home/ml/thesis-camels/data/raw/CAMELS_SIMBA_1000U/LH_769_hlist_0.75065.list,PASS,,6274,6274,True,0,0.0
LH_769,769,1.00000,/home/ml/thesis-camels/data/raw/CAMELS_SIMBA_1000U/LH_769_hlist_1.00000.list,PASS,,6759,6759,True,0,0.0
LH_770,770,0.20000,/home/ml/thesis-camels/data/raw/CAMELS_SIMBA_1000U/LH_770_hlist_0.20000.list,PASS,,4544,4544,True,0,0.0
LH_770,770,0.25000,/home/ml/thesis-camels/data/raw/CAMELS_SIMBA_1000U/LH_770_hlist_0.25000.list,PASS,,5866,5866,True,0,0.0
LH_770,770,0.51209,/home/ml/thesis-camels/data/raw/CAMELS_SIMBA_1000U/LH_770_hlist_0.51209.list,PASS,,6238,6238,True,0,0.0
LH_770,770,0.75065,/home/ml/thesis-camels/data/raw/CAMELS_SIMBA_1000U/LH_770_hlist_0.75065.list,PASS,,5703,5703,True,0,0.0
LH_770,770,1.00000,/home/ml/thesis-camels/data/raw/CAMELS_SIMBA_1000U/LH_770_hlist_1.00000.list,PASS,,5906,5906,True,0,0.0
LH_771,771,0.20000,/home/ml/thesis-camels/data/raw/CAMELS_SIMBA_1000U/LH_771_hlist_0.20000.list,PASS,,6299,6299,True,0,0.0
LH_771,771,0.25000,/home/ml/thesis-camels/data/raw/CAMELS_SIMBA_1000U/LH_771_hlist_0.25000.list,PASS,,7718,7718,True,0,0.0
LH_771,771,0.51209,/home/ml/thesis-camels/data/raw/CAMELS_SIMBA_1000U/LH_771_hlist_0.51209.list,PASS,,8082,8082,True,0,0.0
LH_771,771,0.75065,/home/ml/thesis-camels/data/raw/CAMELS_SIMBA_1000U/LH_771_hlist_0.75065.list,PASS,,6962,6962,True,0,0.0
LH_771,771,1.00000,/home/ml/thesis-camels/data/raw/CAMELS_SIMBA_1000U/LH_771_hlist_1.00000.list,PASS,,6765,6765,True,0,0.0
LH_772,772,0.20000,/home/ml/thesis-camels/data/raw/CAMELS_SIMBA_1000U/LH_772_hlist_0.20000.list,PASS,,5992,5992,True,0,0.0
LH_772,772,0.25000,/home/ml/thesis-camels/data/raw/CAMELS_SIMBA_1000U/LH_772_hlist_0.25000.list,PASS,,7010,7010,True,0,0.0
LH_772,772,0.51209,/home/ml/thesis-camels/data/raw/CAMELS_SIMBA_1000U/LH_772_hlist_0.51209.list,PASS,,7383,7383,True,0,0.0
LH_772,772,0.75065,/home/ml/thesis-camels/data/raw/CAMELS_SIMBA_1000U/LH_772_hlist_0.75065.list,PASS,,6561,6561,True,0,0.0
LH_772,772,1.00000,/home/ml/thesis-camels/data/raw/CAMELS_SIMBA_1000U/LH_772_hlist_1.00000.list,PASS,,6430,6430,True,0,0.0
LH_773,773,0.20000,/home/ml/thesis-camels/data/raw/CAMELS_SIMBA_1000U/LH_773_hlist_0.20000.list,PASS,,3332,3332,True,0,0.0
LH_773,773,0.25000,/home/ml/thesis-camels/data/raw/CAMELS_SIMBA_1000U/LH_773_hlist_0.25000.list,PASS,,5171,5171,True,0,0.0
LH_773,773,0.51209,/home/ml/thesis-camels/data/raw/CAMELS_SIMBA_1000U/LH_773_hlist_0.51209.list,PASS,,7936,7936,True,0,0.0
LH_773,773,0.75065,/home/ml/thesis-camels/data/raw/CAMELS_SIMBA_1000U/LH_773_hlist_0.75065.list,PASS,,7607,7607,True,0,0.0
LH_773,773,1.00000,/home/ml/thesis-camels/data/raw/CAMELS_SIMBA_1000U/LH_773_hlist_1.00000.list,PASS,,7629,7629,True,0,0.0
LH_774,774,0.20000,/home/ml/thesis-camels/data/raw/CAMELS_SIMBA_1000U/LH_774_hlist_0.20000.list,PASS,,4078,4078,True,0,0.0
LH_774,774,0.25000,/home/ml/thesis-camels/data/raw/CAMELS_SIMBA_1000U/LH_774_hlist_0.25000.list,PASS,,5553,5553,True,0,0.0
LH_774,774,0.51209,/home/ml/thesis-camels/data/raw/CAMELS_SIMBA_1000U/LH_774_hlist_0.51209.list,PASS,,8374,8374,True,0,0.0
LH_774,774,0.75065,/home/ml/thesis-camels/data/raw/CAMELS_SIMBA_1000U/LH_774_hlist_0.75065.list,PASS,,7711,7711,True,0,0.0
LH_774,774,1.00000,/home/ml/thesis-camels/data/raw/CAMELS_SIMBA_1000U/LH_774_hlist_1.00000.list,PASS,,7597,7597,True,0,0.0
LH_775,775,0.20000,/home/ml/thesis-camels/data/raw/CAMELS_SIMBA_1000U/LH_775_hlist_0.20000.list,PASS,,1931,1931,True,0,0.0
LH_775,775,0.25000,/home/ml/thesis-camels/data/raw/CAMELS_SIMBA_1000U/LH_775_hlist_0.25000.list,PASS,,3004,3004,True,0,0.0
LH_775,775,0.51209,/home/ml/thesis-camels/data/raw/CAMELS_SIMBA_1000U/LH_775_hlist_0.51209.list,PASS,,4300,4300,True,0,0.0
LH_775,775,0.75065,/home/ml/thesis-camels/data/raw/CAMELS_SIMBA_1000U/LH_775_hlist_0.75065.list,PASS,,4448,4448,True,0,0.0
LH_775,775,1.00000,/home/ml/thesis-camels/data/raw/CAMELS_SIMBA_1000U/LH_775_hlist_1.00000.list,PASS,,4911,4911,True,0,0.0
LH_776,776,0.20000,/home/ml/thesis-camels/data/raw/CAMELS_SIMBA_1000U/LH_776_hlist_0.20000.list,PASS,,1109,1109,False,391,26.066666666666666
LH_776,776,0.25000,/home/ml/thesis-camels/data/raw/CAMELS_SIMBA_1000U/LH_776_hlist_0.25000.list,PASS,,2235,2235,True,0,0.0
LH_776,776,0.51209,/home/ml/thesis-camels/data/raw/CAMELS_SIMBA_1000U/LH_776_hlist_0.51209.list,PASS,,5197,5197,True,0,0.0
LH_776,776,0.75065,/home/ml/thesis-camels/data/raw/CAMELS_SIMBA_1000U/LH_776_hlist_0.75065.list,PASS,,5846,5846,True,0,0.0
LH_776,776,1.00000,/home/ml/thesis-camels/data/raw/CAMELS_SIMBA_1000U/LH_776_hlist_1.00000.list,PASS,,6503,6503,True,0,0.0
LH_777,777,0.20000,/home/ml/thesis-camels/data/raw/CAMELS_SIMBA_1000U/LH_777_hlist_0.20000.list,PASS,,5656,5656,True,0,0.0
LH_777,777,0.25000,/home/ml/thesis-camels/data/raw/CAMELS_SIMBA_1000U/LH_777_hlist_0.25000.list,PASS,,6683,6683,True,0,0.0
LH_777,777,0.51209,/home/ml/thesis-camels/data/raw/CAMELS_SIMBA_1000U/LH_777_hlist_0.51209.list,PASS,,6456,6456,True,0,0.0
LH_777,777,0.75065,/home/ml/thesis-camels/data/raw/CAMELS_SIMBA_1000U/LH_777_hlist_0.75065.list,PASS,,6011,6011,True,0,0.0
LH_777,777,1.00000,/home/ml/thesis-camels/data/raw/CAMELS_SIMBA_1000U/LH_777_hlist_1.00000.list,PASS,,5967,5967,True,0,0.0
LH_778,778,0.20000,/home/ml/thesis-camels/data/raw/CAMELS_SIMBA_1000U/LH_778_hlist_0.20000.list,PASS,,3569,3569,True,0,0.0
LH_778,778,0.25000,/home/ml/thesis-camels/data/raw/CAMELS_SIMBA_1000U/LH_778_hlist_0.25000.list,PASS,,5186,5186,True,0,0.0
LH_778,778,0.51209,/home/ml/thesis-camels/data/raw/CAMELS_SIMBA_1000U/LH_778_hlist_0.51209.list,PASS,,8134,8134,True,0,0.0
LH_778,778,0.75065,/home/ml/thesis-camels/data/raw/CAMELS_SIMBA_1000U/LH_778_hlist_0.75065.list,PASS,,7596,7596,True,0,0.0
LH_778,778,1.00000,/home/ml/thesis-camels/data/raw/CAMELS_SIMBA_1000U/LH_778_hlist_1.00000.list,PASS,,7616,7616,True,0,0.0
LH_779,779,0.20000,/home/ml/thesis-camels/data/raw/CAMELS_SIMBA_1000U/LH_779_hlist_0.20000.list,PASS,,315,315,False,1185,79.0
LH_779,779,0.25000,/home/ml/thesis-camels/data/raw/CAMELS_SIMBA_1000U/LH_779_hlist_0.25000.list,PASS,,1091,1091,False,409,27.266666666666666
LH_779,779,0.51209,/home/ml/thesis-camels/data/raw/CAMELS_SIMBA_1000U/LH_779_hlist_0.51209.list,PASS,,3807,3807,True,0,0.0
LH_779,779,0.75065,/home/ml/thesis-camels/data/raw/CAMELS_SIMBA_1000U/LH_779_hlist_0.75065.list,PASS,,4388,4388,True,0,0.0
LH_779,779,1.00000,/home/ml/thesis-camels/data/raw/CAMELS_SIMBA_1000U/LH_779_hlist_1.00000.list,PASS,,5146,5146,True,0,0.0
LH_780,780,0.20000,/home/ml/thesis-camels/data/raw/CAMELS_SIMBA_1000U/LH_780_hlist_0.20000.list,PASS,,3722,3722,True,0,0.0
LH_780,780,0.25000,/home/ml/thesis-camels/data/raw/CAMELS_SIMBA_1000U/LH_780_hlist_0.25000.list,PASS,,5412,5412,True,0,0.0
LH_780,780,0.51209,/home/ml/thesis-camels/data/raw/CAMELS_SIMBA_1000U/LH_780_hlist_0.51209.list,PASS,,6495,6495,True,0,0.0
LH_780,780,0.75065,/home/ml/thesis-camels/data/raw/CAMELS_SIMBA_1000U/LH_780_hlist_0.75065.list,PASS,,6073,6073,True,0,0.0
LH_780,780,1.00000,/home/ml/thesis-camels/data/raw/CAMELS_SIMBA_1000U/LH_780_hlist_1.00000.list,PASS,,6207,6207,True,0,0.0
LH_781,781,0.20000,/home/ml/thesis-camels/data/raw/CAMELS_SIMBA_1000U/LH_781_hlist_0.20000.list,PASS,,1439,1439,False,61,4.066666666666666
LH_781,781,0.25000,/home/ml/thesis-camels/data/raw/CAMELS_SIMBA_1000U/LH_781_hlist_0.25000.list,PASS,,2770,2770,True,0,0.0
LH_781,781,0.51209,/home/ml/thesis-camels/data/raw/CAMELS_SIMBA_1000U/LH_781_hlist_0.51209.list,PASS,,5761,5761,True,0,0.0
LH_781,781,0.75065,/home/ml/thesis-camels/data/raw/CAMELS_SIMBA_1000U/LH_781_hlist_0.75065.list,PASS,,6062,6062,True,0,0.0
LH_781,781,1.00000,/home/ml/thesis-camels/data/raw/CAMELS_SIMBA_1000U/LH_781_hlist_1.00000.list,PASS,,6551,6551,True,0,0.0
LH_782,782,0.20000,/home/ml/thesis-camels/data/raw/CAMELS_SIMBA_1000U/LH_782_hlist_0.20000.list,PASS,,3768,3768,True,0,0.0
LH_782,782,0.25000,/home/ml/thesis-camels/data/raw/CAMELS_SIMBA_1000U/LH_782_hlist_0.25000.list,PASS,,5088,5088,True,0,0.0
LH_782,782,0.51209,/home/ml/thesis-camels/data/raw/CAMELS_SIMBA_1000U/LH_782_hlist_0.51209.list,PASS,,6528,6528,True,0,0.0
LH_782,782,0.75065,/home/ml/thesis-camels/data/raw/CAMELS_SIMBA_1000U/LH_782_hlist_0.75065.list,PASS,,6369,6369,True,0,0.0
LH_782,782,1.00000,/home/ml/thesis-camels/data/raw/CAMELS_SIMBA_1000U/LH_782_hlist_1.00000.list,PASS,,6609,6609,True,0,0.0
LH_783,783,0.20000,/home/ml/thesis-camels/data/raw/CAMELS_SIMBA_1000U/LH_783_hlist_0.20000.list,PASS,,568,568,False,932,62.13333333333333
LH_783,783,0.25000,/home/ml/thesis-camels/data/raw/CAMELS_SIMBA_1000U/LH_783_hlist_0.25000.list,PASS,,1367,1367,False,133,8.866666666666667
LH_783,783,0.51209,/home/ml/thesis-camels/data/raw/CAMELS_SIMBA_1000U/LH_783_hlist_0.51209.list,PASS,,3593,3593,True,0,0.0
LH_783,783,0.75065,/home/ml/thesis-camels/data/raw/CAMELS_SIMBA_1000U/LH_783_hlist_0.75065.list,PASS,,3962,3962,True,0,0.0
LH_783,783,1.00000,/home/ml/thesis-camels/data/raw/CAMELS_SIMBA_1000U/LH_783_hlist_1.00000.list,PASS,,4573,4573,True,0,0.0
LH_784,784,0.20000,/home/ml/thesis-camels/data/raw/CAMELS_SIMBA_1000U/LH_784_hlist_0.20000.list,PASS,,5298,5298,True,0,0.0
LH_784,784,0.25000,/home/ml/thesis-camels/data/raw/CAMELS_SIMBA_1000U/LH_784_hlist_0.25000.list,PASS,,6824,6824,True,0,0.0
LH_784,784,0.51209,/home/ml/thesis-camels/data/raw/CAMELS_SIMBA_1000U/LH_784_hlist_0.51209.list,PASS,,7994,7994,True,0,0.0
LH_784,784,0.75065,/home/ml/thesis-camels/data/raw/CAMELS_SIMBA_1000U/LH_784_hlist_0.75065.list,PASS,,7151,7151,True,0,0.0
LH_784,784,1.00000,/home/ml/thesis-camels/data/raw/CAMELS_SIMBA_1000U/LH_784_hlist_1.00000.list,PASS,,7092,7092,True,0,0.0
LH_785,785,0.20000,/home/ml/thesis-camels/data/raw/CAMELS_SIMBA_1000U/LH_785_hlist_0.20000.list,PASS,,3087,3087,True,0,0.0
LH_785,785,0.25000,/home/ml/thesis-camels/data/raw/CAMELS_SIMBA_1000U/LH_785_hlist_0.25000.list,PASS,,4300,4300,True,0,0.0
LH_785,785,0.51209,/home/ml/thesis-camels/data/raw/CAMELS_SIMBA_1000U/LH_785_hlist_0.51209.list,PASS,,5227,5227,True,0,0.0
LH_785,785,0.75065,/home/ml/thesis-camels/data/raw/CAMELS_SIMBA_1000U/LH_785_hlist_0.75065.list,PASS,,5217,5217,True,0,0.0
LH_785,785,1.00000,/home/ml/thesis-camels/data/raw/CAMELS_SIMBA_1000U/LH_785_hlist_1.00000.list,PASS,,5631,5631,True,0,0.0
LH_786,786,0.20000,/home/ml/thesis-camels/data/raw/CAMELS_SIMBA_1000U/LH_786_hlist_0.20000.list,PASS,,2892,2892,True,0,0.0
LH_786,786,0.25000,/home/ml/thesis-camels/data/raw/CAMELS_SIMBA_1000U/LH_786_hlist_0.25000.list,PASS,,4595,4595,True,0,0.0
LH_786,786,0.51209,/home/ml/thesis-camels/data/raw/CAMELS_SIMBA_1000U/LH_786_hlist_0.51209.list,PASS,,7468,7468,True,0,0.0
LH_786,786,0.75065,/home/ml/thesis-camels/data/raw/CAMELS_SIMBA_1000U/LH_786_hlist_0.75065.list,PASS,,6971,6971,True,0,0.0
LH_786,786,1.00000,/home/ml/thesis-camels/data/raw/CAMELS_SIMBA_1000U/LH_786_hlist_1.00000.list,PASS,,7156,7156,True,0,0.0
LH_787,787,0.20000,/home/ml/thesis-camels/data/raw/CAMELS_SIMBA_1000U/LH_787_hlist_0.20000.list,PASS,,2124,2124,True,0,0.0
LH_787,787,0.25000,/home/ml/thesis-camels/data/raw/CAMELS_SIMBA_1000U/LH_787_hlist_0.25000.list,PASS,,3647,3647,True,0,0.0
LH_787,787,0.51209,/home/ml/thesis-camels/data/raw/CAMELS_SIMBA_1000U/LH_787_hlist_0.51209.list,PASS,,6803,6803,True,0,0.0
LH_787,787,0.75065,/home/ml/thesis-camels/data/raw/CAMELS_SIMBA_1000U/LH_787_hlist_0.75065.list,PASS,,6963,6963,True,0,0.0
LH_787,787,1.00000,/home/ml/thesis-camels/data/raw/CAMELS_SIMBA_1000U/LH_787_hlist_1.00000.list,PASS,,7416,7416,True,0,0.0
LH_788,788,0.20000,/home/ml/thesis-camels/data/raw/CAMELS_SIMBA_1000U/LH_788_hlist_0.20000.list,PASS,,2343,2343,True,0,0.0
LH_788,788,0.25000,/home/ml/thesis-camels/data/raw/CAMELS_SIMBA_1000U/LH_788_hlist_0.25000.list,PASS,,3781,3781,True,0,0.0
LH_788,788,0.51209,/home/ml/thesis-camels/data/raw/CAMELS_SIMBA_1000U/LH_788_hlist_0.51209.list,PASS,,5270,5270,True,0,0.0
LH_788,788,0.75065,/home/ml/thesis-camels/data/raw/CAMELS_SIMBA_1000U/LH_788_hlist_0.75065.list,PASS,,5365,5365,True,0,0.0
LH_788,788,1.00000,/home/ml/thesis-camels/data/raw/CAMELS_SIMBA_1000U/LH_788_hlist_1.00000.list,PASS,,5793,5793,True,0,0.0
LH_789,789,0.20000,/home/ml/thesis-camels/data/raw/CAMELS_SIMBA_1000U/LH_789_hlist_0.20000.list,PASS,,7141,7141,True,0,0.0
LH_789,789,0.25000,/home/ml/thesis-camels/data/raw/CAMELS_SIMBA_1000U/LH_789_hlist_0.25000.list,PASS,,7969,7969,True,0,0.0
LH_789,789,0.51209,/home/ml/thesis-camels/data/raw/CAMELS_SIMBA_1000U/LH_789_hlist_0.51209.list,PASS,,7457,7457,True,0,0.0
LH_789,789,0.75065,/home/ml/thesis-camels/data/raw/CAMELS_SIMBA_1000U/LH_789_hlist_0.75065.list,PASS,,6298,6298,True,0,0.0
LH_789,789,1.00000,/home/ml/thesis-camels/data/raw/CAMELS_SIMBA_1000U/LH_789_hlist_1.00000.list,PASS,,5970,5970,True,0,0.0
LH_790,790,0.20000,/home/ml/thesis-camels/data/raw/CAMELS_SIMBA_1000U/LH_790_hlist_0.20000.list,PASS,,5600,5600,True,0,0.0
LH_790,790,0.25000,/home/ml/thesis-camels/data/raw/CAMELS_SIMBA_1000U/LH_790_hlist_0.25000.list,PASS,,6809,6809,True,0,0.0
LH_790,790,0.51209,/home/ml/thesis-camels/data/raw/CAMELS_SIMBA_1000U/LH_790_hlist_0.51209.list,PASS,,7237,7237,True,0,0.0
LH_790,790,0.75065,/home/ml/thesis-camels/data/raw/CAMELS_SIMBA_1000U/LH_790_hlist_0.75065.list,PASS,,6391,6391,True,0,0.0
LH_790,790,1.00000,/home/ml/thesis-camels/data/raw/CAMELS_SIMBA_1000U/LH_790_hlist_1.00000.list,PASS,,6395,6395,True,0,0.0
LH_791,791,0.20000,/home/ml/thesis-camels/data/raw/CAMELS_SIMBA_1000U/LH_791_hlist_0.20000.list,PASS,,5575,5575,True,0,0.0
LH_791,791,0.25000,/home/ml/thesis-camels/data/raw/CAMELS_SIMBA_1000U/LH_791_hlist_0.25000.list,PASS,,6887,6887,True,0,0.0
LH_791,791,0.51209,/home/ml/thesis-camels/data/raw/CAMELS_SIMBA_1000U/LH_791_hlist_0.51209.list,PASS,,7751,7751,True,0,0.0
LH_791,791,0.75065,/home/ml/thesis-camels/data/raw/CAMELS_SIMBA_1000U/LH_791_hlist_0.75065.list,PASS,,6822,6822,True,0,0.0
LH_791,791,1.00000,/home/ml/thesis-camels/data/raw/CAMELS_SIMBA_1000U/LH_791_hlist_1.00000.list,PASS,,6777,6777,True,0,0.0
LH_792,792,0.20000,/home/ml/thesis-camels/data/raw/CAMELS_SIMBA_1000U/LH_792_hlist_0.20000.list,PASS,,3721,3721,True,0,0.0
LH_792,792,0.25000,/home/ml/thesis-camels/data/raw/CAMELS_SIMBA_1000U/LH_792_hlist_0.25000.list,PASS,,5265,5265,True,0,0.0
LH_792,792,0.51209,/home/ml/thesis-camels/data/raw/CAMELS_SIMBA_1000U/LH_792_hlist_0.51209.list,PASS,,6899,6899,True,0,0.0
LH_792,792,0.75065,/home/ml/thesis-camels/data/raw/CAMELS_SIMBA_1000U/LH_792_hlist_0.75065.list,PASS,,6652,6652,True,0,0.0
LH_792,792,1.00000,/home/ml/thesis-camels/data/raw/CAMELS_SIMBA_1000U/LH_792_hlist_1.00000.list,PASS,,6778,6778,True,0,0.0
LH_793,793,0.20000,/home/ml/thesis-camels/data/raw/CAMELS_SIMBA_1000U/LH_793_hlist_0.20000.list,PASS,,7916,7916,True,0,0.0
LH_793,793,0.25000,/home/ml/thesis-camels/data/raw/CAMELS_SIMBA_1000U/LH_793_hlist_0.25000.list,PASS,,8622,8622,True,0,0.0
LH_793,793,0.51209,/home/ml/thesis-camels/data/raw/CAMELS_SIMBA_1000U/LH_793_hlist_0.51209.list,PASS,,7813,7813,True,0,0.0
LH_793,793,0.75065,/home/ml/thesis-camels/data/raw/CAMELS_SIMBA_1000U/LH_793_hlist_0.75065.list,PASS,,6691,6691,True,0,0.0
LH_793,793,1.00000,/home/ml/thesis-camels/data/raw/CAMELS_SIMBA_1000U/LH_793_hlist_1.00000.list,PASS,,6351,6351,True,0,0.0
LH_794,794,0.20000,/home/ml/thesis-camels/data/raw/CAMELS_SIMBA_1000U/LH_794_hlist_0.20000.list,PASS,,8645,8645,True,0,0.0
LH_794,794,0.25000,/home/ml/thesis-camels/data/raw/CAMELS_SIMBA_1000U/LH_794_hlist_0.25000.list,PASS,,9267,9267,True,0,0.0
LH_794,794,0.51209,/home/ml/thesis-camels/data/raw/CAMELS_SIMBA_1000U/LH_794_hlist_0.51209.list,PASS,,8103,8103,True,0,0.0
LH_794,794,0.75065,/home/ml/thesis-camels/data/raw/CAMELS_SIMBA_1000U/LH_794_hlist_0.75065.list,PASS,,6538,6538,True,0,0.0
LH_794,794,1.00000,/home/ml/thesis-camels/data/raw/CAMELS_SIMBA_1000U/LH_794_hlist_1.00000.list,PASS,,6140,6140,True,0,0.0
LH_795,795,0.20000,/home/ml/thesis-camels/data/raw/CAMELS_SIMBA_1000U/LH_795_hlist_0.20000.list,PASS,,5275,5275,True,0,0.0
LH_795,795,0.25000,/home/ml/thesis-camels/data/raw/CAMELS_SIMBA_1000U/LH_795_hlist_0.25000.list,PASS,,6474,6474,True,0,0.0
LH_795,795,0.51209,/home/ml/thesis-camels/data/raw/CAMELS_SIMBA_1000U/LH_795_hlist_0.51209.list,PASS,,6693,6693,True,0,0.0
LH_795,795,0.75065,/home/ml/thesis-camels/data/raw/CAMELS_SIMBA_1000U/LH_795_hlist_0.75065.list,PASS,,6224,6224,True,0,0.0
LH_795,795,1.00000,/home/ml/thesis-camels/data/raw/CAMELS_SIMBA_1000U/LH_795_hlist_1.00000.list,PASS,,6251,6251,True,0,0.0
LH_796,796,0.20000,/home/ml/thesis-camels/data/raw/CAMELS_SIMBA_1000U/LH_796_hlist_0.20000.list,PASS,,7783,7783,True,0,0.0
LH_796,796,0.25000,/home/ml/thesis-camels/data/raw/CAMELS_SIMBA_1000U/LH_796_hlist_0.25000.list,PASS,,8314,8314,True,0,0.0
LH_796,796,0.51209,/home/ml/thesis-camels/data/raw/CAMELS_SIMBA_1000U/LH_796_hlist_0.51209.list,PASS,,6832,6832,True,0,0.0
LH_796,796,0.75065,/home/ml/thesis-camels/data/raw/CAMELS_SIMBA_1000U/LH_796_hlist_0.75065.list,PASS,,5828,5828,True,0,0.0
LH_796,796,1.00000,/home/ml/thesis-camels/data/raw/CAMELS_SIMBA_1000U/LH_796_hlist_1.00000.list,PASS,,5527,5527,True,0,0.0
LH_797,797,0.20000,/home/ml/thesis-camels/data/raw/CAMELS_SIMBA_1000U/LH_797_hlist_0.20000.list,PASS,,4875,4875,True,0,0.0
LH_797,797,0.25000,/home/ml/thesis-camels/data/raw/CAMELS_SIMBA_1000U/LH_797_hlist_0.25000.list,PASS,,6284,6284,True,0,0.0
LH_797,797,0.51209,/home/ml/thesis-camels/data/raw/CAMELS_SIMBA_1000U/LH_797_hlist_0.51209.list,PASS,,6580,6580,True,0,0.0
LH_797,797,0.75065,/home/ml/thesis-camels/data/raw/CAMELS_SIMBA_1000U/LH_797_hlist_0.75065.list,PASS,,6053,6053,True,0,0.0
LH_797,797,1.00000,/home/ml/thesis-camels/data/raw/CAMELS_SIMBA_1000U/LH_797_hlist_1.00000.list,PASS,,6245,6245,True,0,0.0
LH_798,798,0.20000,/home/ml/thesis-camels/data/raw/CAMELS_SIMBA_1000U/LH_798_hlist_0.20000.list,PASS,,3732,3732,True,0,0.0
LH_798,798,0.25000,/home/ml/thesis-camels/data/raw/CAMELS_SIMBA_1000U/LH_798_hlist_0.25000.list,PASS,,5245,5245,True,0,0.0
LH_798,798,0.51209,/home/ml/thesis-camels/data/raw/CAMELS_SIMBA_1000U/LH_798_hlist_0.51209.list,PASS,,7125,7125,True,0,0.0
LH_798,798,0.75065,/home/ml/thesis-camels/data/raw/CAMELS_SIMBA_1000U/LH_798_hlist_0.75065.list,PASS,,6680,6680,True,0,0.0
LH_798,798,1.00000,/home/ml/thesis-camels/data/raw/CAMELS_SIMBA_1000U/LH_798_hlist_1.00000.list,PASS,,6914,6914,True,0,0.0
LH_799,799,0.20000,/home/ml/thesis-camels/data/raw/CAMELS_SIMBA_1000U/LH_799_hlist_0.20000.list,PASS,,7542,7542,True,0,0.0
LH_799,799,0.25000,/home/ml/thesis-camels/data/raw/CAMELS_SIMBA_1000U/LH_799_hlist_0.25000.list,PASS,,8337,8337,True,0,0.0
LH_799,799,0.51209,/home/ml/thesis-camels/data/raw/CAMELS_SIMBA_1000U/LH_799_hlist_0.51209.list,PASS,,7424,7424,True,0,0.0
LH_799,799,0.75065,/home/ml/thesis-camels/data/raw/CAMELS_SIMBA_1000U/LH_799_hlist_0.75065.list,PASS,,6176,6176,True,0,0.0
LH_799,799,1.00000,/home/ml/thesis-camels/data/raw/CAMELS_SIMBA_1000U/LH_799_hlist_1.00000.list,PASS,,5849,5849,True,0,0.0
LH_800,800,0.20000,/home/ml/thesis-camels/data/raw/CAMELS_SIMBA_1000U/LH_800_hlist_0.20000.list,PASS,,2455,2455,True,0,0.0
LH_800,800,0.25000,/home/ml/thesis-camels/data/raw/CAMELS_SIMBA_1000U/LH_800_hlist_0.25000.list,PASS,,3992,3992,True,0,0.0
LH_800,800,0.51209,/home/ml/thesis-camels/data/raw/CAMELS_SIMBA_1000U/LH_800_hlist_0.51209.list,PASS,,6870,6870,True,0,0.0
LH_800,800,0.75065,/home/ml/thesis-camels/data/raw/CAMELS_SIMBA_1000U/LH_800_hlist_0.75065.list,PASS,,6898,6898,True,0,0.0
LH_800,800,1.00000,/home/ml/thesis-camels/data/raw/CAMELS_SIMBA_1000U/LH_800_hlist_1.00000.list,PASS,,7267,7267,True,0,0.0
LH_801,801,0.20000,/home/ml/thesis-camels/data/raw/CAMELS_SIMBA_1000U/LH_801_hlist_0.20000.list,PASS,,6560,6560,True,0,0.0
LH_801,801,0.25000,/home/ml/thesis-camels/data/raw/CAMELS_SIMBA_1000U/LH_801_hlist_0.25000.list,PASS,,7732,7732,True,0,0.0
LH_801,801,0.51209,/home/ml/thesis-camels/data/raw/CAMELS_SIMBA_1000U/LH_801_hlist_0.51209.list,PASS,,7623,7623,True,0,0.0
LH_801,801,0.75065,/home/ml/thesis-camels/data/raw/CAMELS_SIMBA_1000U/LH_801_hlist_0.75065.list,PASS,,6459,6459,True,0,0.0
LH_801,801,1.00000,/home/ml/thesis-camels/data/raw/CAMELS_SIMBA_1000U/LH_801_hlist_1.00000.list,PASS,,6077,6077,True,0,0.0
LH_802,802,0.20000,/home/ml/thesis-camels/data/raw/CAMELS_SIMBA_1000U/LH_802_hlist_0.20000.list,PASS,,332,332,False,1168,77.86666666666666
LH_802,802,0.25000,/home/ml/thesis-camels/data/raw/CAMELS_SIMBA_1000U/LH_802_hlist_0.25000.list,PASS,,899,899,False,601,40.06666666666667
LH_802,802,0.51209,/home/ml/thesis-camels/data/raw/CAMELS_SIMBA_1000U/LH_802_hlist_0.51209.list,PASS,,3005,3005,True,0,0.0
LH_802,802,0.75065,/home/ml/thesis-camels/data/raw/CAMELS_SIMBA_1000U/LH_802_hlist_0.75065.list,PASS,,3715,3715,True,0,0.0
LH_802,802,1.00000,/home/ml/thesis-camels/data/raw/CAMELS_SIMBA_1000U/LH_802_hlist_1.00000.list,PASS,,4360,4360,True,0,0.0
LH_803,803,0.20000,/home/ml/thesis-camels/data/raw/CAMELS_SIMBA_1000U/LH_803_hlist_0.20000.list,PASS,,1705,1705,True,0,0.0
LH_803,803,0.25000,/home/ml/thesis-camels/data/raw/CAMELS_SIMBA_1000U/LH_803_hlist_0.25000.list,PASS,,3076,3076,True,0,0.0
LH_803,803,0.51209,/home/ml/thesis-camels/data/raw/CAMELS_SIMBA_1000U/LH_803_hlist_0.51209.list,PASS,,5693,5693,True,0,0.0
LH_803,803,0.75065,/home/ml/thesis-camels/data/raw/CAMELS_SIMBA_1000U/LH_803_hlist_0.75065.list,PASS,,5917,5917,True,0,0.0
LH_803,803,1.00000,/home/ml/thesis-camels/data/raw/CAMELS_SIMBA_1000U/LH_803_hlist_1.00000.list,PASS,,6393,6393,True,0,0.0
LH_804,804,0.20000,/home/ml/thesis-camels/data/raw/CAMELS_SIMBA_1000U/LH_804_hlist_0.20000.list,PASS,,3699,3699,True,0,0.0
LH_804,804,0.25000,/home/ml/thesis-camels/data/raw/CAMELS_SIMBA_1000U/LH_804_hlist_0.25000.list,PASS,,4696,4696,True,0,0.0
LH_804,804,0.51209,/home/ml/thesis-camels/data/raw/CAMELS_SIMBA_1000U/LH_804_hlist_0.51209.list,PASS,,4967,4967,True,0,0.0
LH_804,804,0.75065,/home/ml/thesis-camels/data/raw/CAMELS_SIMBA_1000U/LH_804_hlist_0.75065.list,PASS,,4962,4962,True,0,0.0
LH_804,804,1.00000,/home/ml/thesis-camels/data/raw/CAMELS_SIMBA_1000U/LH_804_hlist_1.00000.list,PASS,,5299,5299,True,0,0.0
LH_805,805,0.20000,/home/ml/thesis-camels/data/raw/CAMELS_SIMBA_1000U/LH_805_hlist_0.20000.list,PASS,,4504,4504,True,0,0.0
LH_805,805,0.25000,/home/ml/thesis-camels/data/raw/CAMELS_SIMBA_1000U/LH_805_hlist_0.25000.list,PASS,,6077,6077,True,0,0.0
LH_805,805,0.51209,/home/ml/thesis-camels/data/raw/CAMELS_SIMBA_1000U/LH_805_hlist_0.51209.list,PASS,,8235,8235,True,0,0.0
LH_805,805,0.75065,/home/ml/thesis-camels/data/raw/CAMELS_SIMBA_1000U/LH_805_hlist_0.75065.list,PASS,,7585,7585,True,0,0.0
LH_805,805,1.00000,/home/ml/thesis-camels/data/raw/CAMELS_SIMBA_1000U/LH_805_hlist_1.00000.list,PASS,,7413,7413,True,0,0.0
LH_806,806,0.20000,/home/ml/thesis-camels/data/raw/CAMELS_SIMBA_1000U/LH_806_hlist_0.20000.list,PASS,,8338,8338,True,0,0.0
LH_806,806,0.25000,/home/ml/thesis-camels/data/raw/CAMELS_SIMBA_1000U/LH_806_hlist_0.25000.list,PASS,,8943,8943,True,0,0.0
LH_806,806,0.51209,/home/ml/thesis-camels/data/raw/CAMELS_SIMBA_1000U/LH_806_hlist_0.51209.list,PASS,,7395,7395,True,0,0.0
LH_806,806,0.75065,/home/ml/thesis-camels/data/raw/CAMELS_SIMBA_1000U/LH_806_hlist_0.75065.list,PASS,,6093,6093,True,0,0.0
LH_806,806,1.00000,/home/ml/thesis-camels/data/raw/CAMELS_SIMBA_1000U/LH_806_hlist_1.00000.list,PASS,,5731,5731,True,0,0.0
LH_807,807,0.20000,/home/ml/thesis-camels/data/raw/CAMELS_SIMBA_1000U/LH_807_hlist_0.20000.list,PASS,,7042,7042,True,0,0.0
LH_807,807,0.25000,/home/ml/thesis-camels/data/raw/CAMELS_SIMBA_1000U/LH_807_hlist_0.25000.list,PASS,,7878,7878,True,0,0.0
LH_807,807,0.51209,/home/ml/thesis-camels/data/raw/CAMELS_SIMBA_1000U/LH_807_hlist_0.51209.list,PASS,,7448,7448,True,0,0.0
LH_807,807,0.75065,/home/ml/thesis-camels/data/raw/CAMELS_SIMBA_1000U/LH_807_hlist_0.75065.list,PASS,,6381,6381,True,0,0.0
LH_807,807,1.00000,/home/ml/thesis-camels/data/raw/CAMELS_SIMBA_1000U/LH_807_hlist_1.00000.list,PASS,,6043,6043,True,0,0.0
LH_808,808,0.20000,/home/ml/thesis-camels/data/raw/CAMELS_SIMBA_1000U/LH_808_hlist_0.20000.list,PASS,,6253,6253,True,0,0.0
LH_808,808,0.25000,/home/ml/thesis-camels/data/raw/CAMELS_SIMBA_1000U/LH_808_hlist_0.25000.list,PASS,,7491,7491,True,0,0.0
LH_808,808,0.51209,/home/ml/thesis-camels/data/raw/CAMELS_SIMBA_1000U/LH_808_hlist_0.51209.list,PASS,,7749,7749,True,0,0.0
LH_808,808,0.75065,/home/ml/thesis-camels/data/raw/CAMELS_SIMBA_1000U/LH_808_hlist_0.75065.list,PASS,,6890,6890,True,0,0.0
LH_808,808,1.00000,/home/ml/thesis-camels/data/raw/CAMELS_SIMBA_1000U/LH_808_hlist_1.00000.list,PASS,,6487,6487,True,0,0.0
LH_809,809,0.20000,/home/ml/thesis-camels/data/raw/CAMELS_SIMBA_1000U/LH_809_hlist_0.20000.list,PASS,,8894,8894,True,0,0.0
LH_809,809,0.25000,/home/ml/thesis-camels/data/raw/CAMELS_SIMBA_1000U/LH_809_hlist_0.25000.list,PASS,,9556,9556,True,0,0.0
LH_809,809,0.51209,/home/ml/thesis-camels/data/raw/CAMELS_SIMBA_1000U/LH_809_hlist_0.51209.list,PASS,,7880,7880,True,0,0.0
LH_809,809,0.75065,/home/ml/thesis-camels/data/raw/CAMELS_SIMBA_1000U/LH_809_hlist_0.75065.list,PASS,,6291,6291,True,0,0.0
LH_809,809,1.00000,/home/ml/thesis-camels/data/raw/CAMELS_SIMBA_1000U/LH_809_hlist_1.00000.list,PASS,,5709,5709,True,0,0.0
LH_810,810,0.20000,/home/ml/thesis-camels/data/raw/CAMELS_SIMBA_1000U/LH_810_hlist_0.20000.list,PASS,,6543,6543,True,0,0.0
LH_810,810,0.25000,/home/ml/thesis-camels/data/raw/CAMELS_SIMBA_1000U/LH_810_hlist_0.25000.list,PASS,,7668,7668,True,0,0.0
LH_810,810,0.51209,/home/ml/thesis-camels/data/raw/CAMELS_SIMBA_1000U/LH_810_hlist_0.51209.list,PASS,,7795,7795,True,0,0.0
LH_810,810,0.75065,/home/ml/thesis-camels/data/raw/CAMELS_SIMBA_1000U/LH_810_hlist_0.75065.list,PASS,,6690,6690,True,0,0.0
LH_810,810,1.00000,/home/ml/thesis-camels/data/raw/CAMELS_SIMBA_1000U/LH_810_hlist_1.00000.list,PASS,,6590,6590,True,0,0.0
LH_811,811,0.20000,/home/ml/thesis-camels/data/raw/CAMELS_SIMBA_1000U/LH_811_hlist_0.20000.list,PASS,,763,763,False,737,49.13333333333333
LH_811,811,0.25000,/home/ml/thesis-camels/data/raw/CAMELS_SIMBA_1000U/LH_811_hlist_0.25000.list,PASS,,1738,1738,True,0,0.0
LH_811,811,0.51209,/home/ml/thesis-camels/data/raw/CAMELS_SIMBA_1000U/LH_811_hlist_0.51209.list,PASS,,4264,4264,True,0,0.0
LH_811,811,0.75065,/home/ml/thesis-camels/data/raw/CAMELS_SIMBA_1000U/LH_811_hlist_0.75065.list,PASS,,4908,4908,True,0,0.0
LH_811,811,1.00000,/home/ml/thesis-camels/data/raw/CAMELS_SIMBA_1000U/LH_811_hlist_1.00000.list,PASS,,5585,5585,True,0,0.0
LH_812,812,0.20000,/home/ml/thesis-camels/data/raw/CAMELS_SIMBA_1000U/LH_812_hlist_0.20000.list,PASS,,2119,2119,True,0,0.0
LH_812,812,0.25000,/home/ml/thesis-camels/data/raw/CAMELS_SIMBA_1000U/LH_812_hlist_0.25000.list,PASS,,3365,3365,True,0,0.0
LH_812,812,0.51209,/home/ml/thesis-camels/data/raw/CAMELS_SIMBA_1000U/LH_812_hlist_0.51209.list,PASS,,5028,5028,True,0,0.0
LH_812,812,0.75065,/home/ml/thesis-camels/data/raw/CAMELS_SIMBA_1000U/LH_812_hlist_0.75065.list,PASS,,5222,5222,True,0,0.0
LH_812,812,1.00000,/home/ml/thesis-camels/data/raw/CAMELS_SIMBA_1000U/LH_812_hlist_1.00000.list,PASS,,5617,5617,True,0,0.0
LH_813,813,0.20000,/home/ml/thesis-camels/data/raw/CAMELS_SIMBA_1000U/LH_813_hlist_0.20000.list,PASS,,3119,3119,True,0,0.0
LH_813,813,0.25000,/home/ml/thesis-camels/data/raw/CAMELS_SIMBA_1000U/LH_813_hlist_0.25000.list,PASS,,4842,4842,True,0,0.0
LH_813,813,0.51209,/home/ml/thesis-camels/data/raw/CAMELS_SIMBA_1000U/LH_813_hlist_0.51209.list,PASS,,6278,6278,True,0,0.0
LH_813,813,0.75065,/home/ml/thesis-camels/data/raw/CAMELS_SIMBA_1000U/LH_813_hlist_0.75065.list,PASS,,6002,6002,True,0,0.0
LH_813,813,1.00000,/home/ml/thesis-camels/data/raw/CAMELS_SIMBA_1000U/LH_813_hlist_1.00000.list,PASS,,6171,6171,True,0,0.0
LH_814,814,0.20000,/home/ml/thesis-camels/data/raw/CAMELS_SIMBA_1000U/LH_814_hlist_0.20000.list,PASS,,8359,8359,True,0,0.0
LH_814,814,0.25000,/home/ml/thesis-camels/data/raw/CAMELS_SIMBA_1000U/LH_814_hlist_0.25000.list,PASS,,9115,9115,True,0,0.0
LH_814,814,0.51209,/home/ml/thesis-camels/data/raw/CAMELS_SIMBA_1000U/LH_814_hlist_0.51209.list,PASS,,7951,7951,True,0,0.0
LH_814,814,0.75065,/home/ml/thesis-camels/data/raw/CAMELS_SIMBA_1000U/LH_814_hlist_0.75065.list,PASS,,6531,6531,True,0,0.0
LH_814,814,1.00000,/home/ml/thesis-camels/data/raw/CAMELS_SIMBA_1000U/LH_814_hlist_1.00000.list,PASS,,6215,6215,True,0,0.0
LH_815,815,0.20000,/home/ml/thesis-camels/data/raw/CAMELS_SIMBA_1000U/LH_815_hlist_0.20000.list,PASS,,6836,6836,True,0,0.0
LH_815,815,0.25000,/home/ml/thesis-camels/data/raw/CAMELS_SIMBA_1000U/LH_815_hlist_0.25000.list,PASS,,7701,7701,True,0,0.0
LH_815,815,0.51209,/home/ml/thesis-camels/data/raw/CAMELS_SIMBA_1000U/LH_815_hlist_0.51209.list,PASS,,6751,6751,True,0,0.0
LH_815,815,0.75065,/home/ml/thesis-camels/data/raw/CAMELS_SIMBA_1000U/LH_815_hlist_0.75065.list,PASS,,5700,5700,True,0,0.0
LH_815,815,1.00000,/home/ml/thesis-camels/data/raw/CAMELS_SIMBA_1000U/LH_815_hlist_1.00000.list,PASS,,5398,5398,True,0,0.0
LH_816,816,0.20000,/home/ml/thesis-camels/data/raw/CAMELS_SIMBA_1000U/LH_816_hlist_0.20000.list,PASS,,5714,5714,True,0,0.0
LH_816,816,0.25000,/home/ml/thesis-camels/data/raw/CAMELS_SIMBA_1000U/LH_816_hlist_0.25000.list,PASS,,6839,6839,True,0,0.0
LH_816,816,0.51209,/home/ml/thesis-camels/data/raw/CAMELS_SIMBA_1000U/LH_816_hlist_0.51209.list,PASS,,7370,7370,True,0,0.0
LH_816,816,0.75065,/home/ml/thesis-camels/data/raw/CAMELS_SIMBA_1000U/LH_816_hlist_0.75065.list,PASS,,6661,6661,True,0,0.0
LH_816,816,1.00000,/home/ml/thesis-camels/data/raw/CAMELS_SIMBA_1000U/LH_816_hlist_1.00000.list,PASS,,6574,6574,True,0,0.0
LH_817,817,0.20000,/home/ml/thesis-camels/data/raw/CAMELS_SIMBA_1000U/LH_817_hlist_0.20000.list,PASS,,3286,3286,True,0,0.0
LH_817,817,0.25000,/home/ml/thesis-camels/data/raw/CAMELS_SIMBA_1000U/LH_817_hlist_0.25000.list,PASS,,4738,4738,True,0,0.0
LH_817,817,0.51209,/home/ml/thesis-camels/data/raw/CAMELS_SIMBA_1000U/LH_817_hlist_0.51209.list,PASS,,6479,6479,True,0,0.0
LH_817,817,0.75065,/home/ml/thesis-camels/data/raw/CAMELS_SIMBA_1000U/LH_817_hlist_0.75065.list,PASS,,6494,6494,True,0,0.0
LH_817,817,1.00000,/home/ml/thesis-camels/data/raw/CAMELS_SIMBA_1000U/LH_817_hlist_1.00000.list,PASS,,6819,6819,True,0,0.0
LH_818,818,0.20000,/home/ml/thesis-camels/data/raw/CAMELS_SIMBA_1000U/LH_818_hlist_0.20000.list,PASS,,3233,3233,True,0,0.0
LH_818,818,0.25000,/home/ml/thesis-camels/data/raw/CAMELS_SIMBA_1000U/LH_818_hlist_0.25000.list,PASS,,4813,4813,True,0,0.0
LH_818,818,0.51209,/home/ml/thesis-camels/data/raw/CAMELS_SIMBA_1000U/LH_818_hlist_0.51209.list,PASS,,7878,7878,True,0,0.0
LH_818,818,0.75065,/home/ml/thesis-camels/data/raw/CAMELS_SIMBA_1000U/LH_818_hlist_0.75065.list,PASS,,7722,7722,True,0,0.0
LH_818,818,1.00000,/home/ml/thesis-camels/data/raw/CAMELS_SIMBA_1000U/LH_818_hlist_1.00000.list,PASS,,7768,7768,True,0,0.0
LH_819,819,0.20000,/home/ml/thesis-camels/data/raw/CAMELS_SIMBA_1000U/LH_819_hlist_0.20000.list,PASS,,4292,4292,True,0,0.0
LH_819,819,0.25000,/home/ml/thesis-camels/data/raw/CAMELS_SIMBA_1000U/LH_819_hlist_0.25000.list,PASS,,5526,5526,True,0,0.0
LH_819,819,0.51209,/home/ml/thesis-camels/data/raw/CAMELS_SIMBA_1000U/LH_819_hlist_0.51209.list,PASS,,5969,5969,True,0,0.0
LH_819,819,0.75065,/home/ml/thesis-camels/data/raw/CAMELS_SIMBA_1000U/LH_819_hlist_0.75065.list,PASS,,5712,5712,True,0,0.0
LH_819,819,1.00000,/home/ml/thesis-camels/data/raw/CAMELS_SIMBA_1000U/LH_819_hlist_1.00000.list,PASS,,6081,6081,True,0,0.0
LH_820,820,0.20000,/home/ml/thesis-camels/data/raw/CAMELS_SIMBA_1000U/LH_820_hlist_0.20000.list,PASS,,3208,3208,True,0,0.0
LH_820,820,0.25000,/home/ml/thesis-camels/data/raw/CAMELS_SIMBA_1000U/LH_820_hlist_0.25000.list,PASS,,4801,4801,True,0,0.0
LH_820,820,0.51209,/home/ml/thesis-camels/data/raw/CAMELS_SIMBA_1000U/LH_820_hlist_0.51209.list,PASS,,6792,6792,True,0,0.0
LH_820,820,0.75065,/home/ml/thesis-camels/data/raw/CAMELS_SIMBA_1000U/LH_820_hlist_0.75065.list,PASS,,6260,6260,True,0,0.0
LH_820,820,1.00000,/home/ml/thesis-camels/data/raw/CAMELS_SIMBA_1000U/LH_820_hlist_1.00000.list,PASS,,6457,6457,True,0,0.0
LH_821,821,0.20000,/home/ml/thesis-camels/data/raw/CAMELS_SIMBA_1000U/LH_821_hlist_0.20000.list,PASS,,3474,3474,True,0,0.0
LH_821,821,0.25000,/home/ml/thesis-camels/data/raw/CAMELS_SIMBA_1000U/LH_821_hlist_0.25000.list,PASS,,5058,5058,True,0,0.0
LH_821,821,0.51209,/home/ml/thesis-camels/data/raw/CAMELS_SIMBA_1000U/LH_821_hlist_0.51209.list,PASS,,6884,6884,True,0,0.0
LH_821,821,0.75065,/home/ml/thesis-camels/data/raw/CAMELS_SIMBA_1000U/LH_821_hlist_0.75065.list,PASS,,6549,6549,True,0,0.0
LH_821,821,1.00000,/home/ml/thesis-camels/data/raw/CAMELS_SIMBA_1000U/LH_821_hlist_1.00000.list,PASS,,6795,6795,True,0,0.0
LH_822,822,0.20000,/home/ml/thesis-camels/data/raw/CAMELS_SIMBA_1000U/LH_822_hlist_0.20000.list,PASS,,3272,3272,True,0,0.0
LH_822,822,0.25000,/home/ml/thesis-camels/data/raw/CAMELS_SIMBA_1000U/LH_822_hlist_0.25000.list,PASS,,5106,5106,True,0,0.0
LH_822,822,0.51209,/home/ml/thesis-camels/data/raw/CAMELS_SIMBA_1000U/LH_822_hlist_0.51209.list,PASS,,8424,8424,True,0,0.0
LH_822,822,0.75065,/home/ml/thesis-camels/data/raw/CAMELS_SIMBA_1000U/LH_822_hlist_0.75065.list,PASS,,8160,8160,True,0,0.0
LH_822,822,1.00000,/home/ml/thesis-camels/data/raw/CAMELS_SIMBA_1000U/LH_822_hlist_1.00000.list,PASS,,7975,7975,True,0,0.0
LH_823,823,0.20000,/home/ml/thesis-camels/data/raw/CAMELS_SIMBA_1000U/LH_823_hlist_0.20000.list,PASS,,3901,3901,True,0,0.0
LH_823,823,0.25000,/home/ml/thesis-camels/data/raw/CAMELS_SIMBA_1000U/LH_823_hlist_0.25000.list,PASS,,5077,5077,True,0,0.0
LH_823,823,0.51209,/home/ml/thesis-camels/data/raw/CAMELS_SIMBA_1000U/LH_823_hlist_0.51209.list,PASS,,6647,6647,True,0,0.0
LH_823,823,0.75065,/home/ml/thesis-camels/data/raw/CAMELS_SIMBA_1000U/LH_823_hlist_0.75065.list,PASS,,6415,6415,True,0,0.0
LH_823,823,1.00000,/home/ml/thesis-camels/data/raw/CAMELS_SIMBA_1000U/LH_823_hlist_1.00000.list,PASS,,6649,6649,True,0,0.0
LH_824,824,0.20000,/home/ml/thesis-camels/data/raw/CAMELS_SIMBA_1000U/LH_824_hlist_0.20000.list,PASS,,6494,6494,True,0,0.0
LH_824,824,0.25000,/home/ml/thesis-camels/data/raw/CAMELS_SIMBA_1000U/LH_824_hlist_0.25000.list,PASS,,7709,7709,True,0,0.0
LH_824,824,0.51209,/home/ml/thesis-camels/data/raw/CAMELS_SIMBA_1000U/LH_824_hlist_0.51209.list,PASS,,8323,8323,True,0,0.0
LH_824,824,0.75065,/home/ml/thesis-camels/data/raw/CAMELS_SIMBA_1000U/LH_824_hlist_0.75065.list,PASS,,7182,7182,True,0,0.0
LH_824,824,1.00000,/home/ml/thesis-camels/data/raw/CAMELS_SIMBA_1000U/LH_824_hlist_1.00000.list,PASS,,6722,6722,True,0,0.0
LH_825,825,0.20000,/home/ml/thesis-camels/data/raw/CAMELS_SIMBA_1000U/LH_825_hlist_0.20000.list,PASS,,6781,6781,True,0,0.0
LH_825,825,0.25000,/home/ml/thesis-camels/data/raw/CAMELS_SIMBA_1000U/LH_825_hlist_0.25000.list,PASS,,7810,7810,True,0,0.0
LH_825,825,0.51209,/home/ml/thesis-camels/data/raw/CAMELS_SIMBA_1000U/LH_825_hlist_0.51209.list,PASS,,7536,7536,True,0,0.0
LH_825,825,0.75065,/home/ml/thesis-camels/data/raw/CAMELS_SIMBA_1000U/LH_825_hlist_0.75065.list,PASS,,6784,6784,True,0,0.0
LH_825,825,1.00000,/home/ml/thesis-camels/data/raw/CAMELS_SIMBA_1000U/LH_825_hlist_1.00000.list,PASS,,6449,6449,True,0,0.0
LH_826,826,0.20000,/home/ml/thesis-camels/data/raw/CAMELS_SIMBA_1000U/LH_826_hlist_0.20000.list,PASS,,6236,6236,True,0,0.0
LH_826,826,0.25000,/home/ml/thesis-camels/data/raw/CAMELS_SIMBA_1000U/LH_826_hlist_0.25000.list,PASS,,7302,7302,True,0,0.0
LH_826,826,0.51209,/home/ml/thesis-camels/data/raw/CAMELS_SIMBA_1000U/LH_826_hlist_0.51209.list,PASS,,7291,7291,True,0,0.0
LH_826,826,0.75065,/home/ml/thesis-camels/data/raw/CAMELS_SIMBA_1000U/LH_826_hlist_0.75065.list,PASS,,6455,6455,True,0,0.0
LH_826,826,1.00000,/home/ml/thesis-camels/data/raw/CAMELS_SIMBA_1000U/LH_826_hlist_1.00000.list,PASS,,6522,6522,True,0,0.0
LH_827,827,0.20000,/home/ml/thesis-camels/data/raw/CAMELS_SIMBA_1000U/LH_827_hlist_0.20000.list,PASS,,6117,6117,True,0,0.0
LH_827,827,0.25000,/home/ml/thesis-camels/data/raw/CAMELS_SIMBA_1000U/LH_827_hlist_0.25000.list,PASS,,7484,7484,True,0,0.0
LH_827,827,0.51209,/home/ml/thesis-camels/data/raw/CAMELS_SIMBA_1000U/LH_827_hlist_0.51209.list,PASS,,8436,8436,True,0,0.0
LH_827,827,0.75065,/home/ml/thesis-camels/data/raw/CAMELS_SIMBA_1000U/LH_827_hlist_0.75065.list,PASS,,7454,7454,True,0,0.0
LH_827,827,1.00000,/home/ml/thesis-camels/data/raw/CAMELS_SIMBA_1000U/LH_827_hlist_1.00000.list,PASS,,7190,7190,True,0,0.0
LH_828,828,0.20000,/home/ml/thesis-camels/data/raw/CAMELS_SIMBA_1000U/LH_828_hlist_0.20000.list,PASS,,4213,4213,True,0,0.0
LH_828,828,0.25000,/home/ml/thesis-camels/data/raw/CAMELS_SIMBA_1000U/LH_828_hlist_0.25000.list,PASS,,5248,5248,True,0,0.0
LH_828,828,0.51209,/home/ml/thesis-camels/data/raw/CAMELS_SIMBA_1000U/LH_828_hlist_0.51209.list,PASS,,5346,5346,True,0,0.0
LH_828,828,0.75065,/home/ml/thesis-camels/data/raw/CAMELS_SIMBA_1000U/LH_828_hlist_0.75065.list,PASS,,5273,5273,True,0,0.0
LH_828,828,1.00000,/home/ml/thesis-camels/data/raw/CAMELS_SIMBA_1000U/LH_828_hlist_1.00000.list,PASS,,5473,5473,True,0,0.0
LH_829,829,0.20000,/home/ml/thesis-camels/data/raw/CAMELS_SIMBA_1000U/LH_829_hlist_0.20000.list,PASS,,1220,1220,False,280,18.666666666666668
LH_829,829,0.25000,/home/ml/thesis-camels/data/raw/CAMELS_SIMBA_1000U/LH_829_hlist_0.25000.list,PASS,,2661,2661,True,0,0.0
LH_829,829,0.51209,/home/ml/thesis-camels/data/raw/CAMELS_SIMBA_1000U/LH_829_hlist_0.51209.list,PASS,,6787,6787,True,0,0.0
LH_829,829,0.75065,/home/ml/thesis-camels/data/raw/CAMELS_SIMBA_1000U/LH_829_hlist_0.75065.list,PASS,,7139,7139,True,0,0.0
LH_829,829,1.00000,/home/ml/thesis-camels/data/raw/CAMELS_SIMBA_1000U/LH_829_hlist_1.00000.list,PASS,,7660,7660,True,0,0.0
LH_830,830,0.20000,/home/ml/thesis-camels/data/raw/CAMELS_SIMBA_1000U/LH_830_hlist_0.20000.list,PASS,,1382,1382,False,118,7.866666666666666
LH_830,830,0.25000,/home/ml/thesis-camels/data/raw/CAMELS_SIMBA_1000U/LH_830_hlist_0.25000.list,PASS,,2872,2872,True,0,0.0
LH_830,830,0.51209,/home/ml/thesis-camels/data/raw/CAMELS_SIMBA_1000U/LH_830_hlist_0.51209.list,PASS,,6364,6364,True,0,0.0
LH_830,830,0.75065,/home/ml/thesis-camels/data/raw/CAMELS_SIMBA_1000U/LH_830_hlist_0.75065.list,PASS,,6761,6761,True,0,0.0
LH_830,830,1.00000,/home/ml/thesis-camels/data/raw/CAMELS_SIMBA_1000U/LH_830_hlist_1.00000.list,PASS,,7195,7195,True,0,0.0
LH_831,831,0.20000,/home/ml/thesis-camels/data/raw/CAMELS_SIMBA_1000U/LH_831_hlist_0.20000.list,PASS,,6473,6473,True,0,0.0
LH_831,831,0.25000,/home/ml/thesis-camels/data/raw/CAMELS_SIMBA_1000U/LH_831_hlist_0.25000.list,PASS,,8036,8036,True,0,0.0
LH_831,831,0.51209,/home/ml/thesis-camels/data/raw/CAMELS_SIMBA_1000U/LH_831_hlist_0.51209.list,PASS,,8986,8986,True,0,0.0
LH_831,831,0.75065,/home/ml/thesis-camels/data/raw/CAMELS_SIMBA_1000U/LH_831_hlist_0.75065.list,PASS,,7803,7803,True,0,0.0
LH_831,831,1.00000,/home/ml/thesis-camels/data/raw/CAMELS_SIMBA_1000U/LH_831_hlist_1.00000.list,PASS,,7326,7326,True,0,0.0
LH_832,832,0.20000,/home/ml/thesis-camels/data/raw/CAMELS_SIMBA_1000U/LH_832_hlist_0.20000.list,PASS,,4774,4774,True,0,0.0
LH_832,832,0.25000,/home/ml/thesis-camels/data/raw/CAMELS_SIMBA_1000U/LH_832_hlist_0.25000.list,PASS,,6076,6076,True,0,0.0
LH_832,832,0.51209,/home/ml/thesis-camels/data/raw/CAMELS_SIMBA_1000U/LH_832_hlist_0.51209.list,PASS,,7771,7771,True,0,0.0
LH_832,832,0.75065,/home/ml/thesis-camels/data/raw/CAMELS_SIMBA_1000U/LH_832_hlist_0.75065.list,PASS,,7199,7199,True,0,0.0
LH_832,832,1.00000,/home/ml/thesis-camels/data/raw/CAMELS_SIMBA_1000U/LH_832_hlist_1.00000.list,PASS,,7092,7092,True,0,0.0
LH_833,833,0.20000,/home/ml/thesis-camels/data/raw/CAMELS_SIMBA_1000U/LH_833_hlist_0.20000.list,PASS,,4836,4836,True,0,0.0
LH_833,833,0.25000,/home/ml/thesis-camels/data/raw/CAMELS_SIMBA_1000U/LH_833_hlist_0.25000.list,PASS,,6328,6328,True,0,0.0
LH_833,833,0.51209,/home/ml/thesis-camels/data/raw/CAMELS_SIMBA_1000U/LH_833_hlist_0.51209.list,PASS,,8100,8100,True,0,0.0
LH_833,833,0.75065,/home/ml/thesis-camels/data/raw/CAMELS_SIMBA_1000U/LH_833_hlist_0.75065.list,PASS,,7309,7309,True,0,0.0
LH_833,833,1.00000,/home/ml/thesis-camels/data/raw/CAMELS_SIMBA_1000U/LH_833_hlist_1.00000.list,PASS,,7169,7169,True,0,0.0
LH_834,834,0.20000,/home/ml/thesis-camels/data/raw/CAMELS_SIMBA_1000U/LH_834_hlist_0.20000.list,PASS,,1270,1270,False,230,15.333333333333334
LH_834,834,0.25000,/home/ml/thesis-camels/data/raw/CAMELS_SIMBA_1000U/LH_834_hlist_0.25000.list,PASS,,2459,2459,True,0,0.0
LH_834,834,0.51209,/home/ml/thesis-camels/data/raw/CAMELS_SIMBA_1000U/LH_834_hlist_0.51209.list,PASS,,5614,5614,True,0,0.0
LH_834,834,0.75065,/home/ml/thesis-camels/data/raw/CAMELS_SIMBA_1000U/LH_834_hlist_0.75065.list,PASS,,5900,5900,True,0,0.0
LH_834,834,1.00000,/home/ml/thesis-camels/data/raw/CAMELS_SIMBA_1000U/LH_834_hlist_1.00000.list,PASS,,6432,6432,True,0,0.0
LH_835,835,0.20000,/home/ml/thesis-camels/data/raw/CAMELS_SIMBA_1000U/LH_835_hlist_0.20000.list,PASS,,4226,4226,True,0,0.0
LH_835,835,0.25000,/home/ml/thesis-camels/data/raw/CAMELS_SIMBA_1000U/LH_835_hlist_0.25000.list,PASS,,5437,5437,True,0,0.0
LH_835,835,0.51209,/home/ml/thesis-camels/data/raw/CAMELS_SIMBA_1000U/LH_835_hlist_0.51209.list,PASS,,6022,6022,True,0,0.0
LH_835,835,0.75065,/home/ml/thesis-camels/data/raw/CAMELS_SIMBA_1000U/LH_835_hlist_0.75065.list,PASS,,5776,5776,True,0,0.0
LH_835,835,1.00000,/home/ml/thesis-camels/data/raw/CAMELS_SIMBA_1000U/LH_835_hlist_1.00000.list,PASS,,6086,6086,True,0,0.0
LH_836,836,0.20000,/home/ml/thesis-camels/data/raw/CAMELS_SIMBA_1000U/LH_836_hlist_0.20000.list,PASS,,6001,6001,True,0,0.0
LH_836,836,0.25000,/home/ml/thesis-camels/data/raw/CAMELS_SIMBA_1000U/LH_836_hlist_0.25000.list,PASS,,7235,7235,True,0,0.0
LH_836,836,0.51209,/home/ml/thesis-camels/data/raw/CAMELS_SIMBA_1000U/LH_836_hlist_0.51209.list,PASS,,7374,7374,True,0,0.0
LH_836,836,0.75065,/home/ml/thesis-camels/data/raw/CAMELS_SIMBA_1000U/LH_836_hlist_0.75065.list,PASS,,6510,6510,True,0,0.0
LH_836,836,1.00000,/home/ml/thesis-camels/data/raw/CAMELS_SIMBA_1000U/LH_836_hlist_1.00000.list,PASS,,6479,6479,True,0,0.0
LH_837,837,0.20000,/home/ml/thesis-camels/data/raw/CAMELS_SIMBA_1000U/LH_837_hlist_0.20000.list,PASS,,5003,5003,True,0,0.0
LH_837,837,0.25000,/home/ml/thesis-camels/data/raw/CAMELS_SIMBA_1000U/LH_837_hlist_0.25000.list,PASS,,6655,6655,True,0,0.0
LH_837,837,0.51209,/home/ml/thesis-camels/data/raw/CAMELS_SIMBA_1000U/LH_837_hlist_0.51209.list,PASS,,8754,8754,True,0,0.0
LH_837,837,0.75065,/home/ml/thesis-camels/data/raw/CAMELS_SIMBA_1000U/LH_837_hlist_0.75065.list,PASS,,8006,8006,True,0,0.0
LH_837,837,1.00000,/home/ml/thesis-camels/data/raw/CAMELS_SIMBA_1000U/LH_837_hlist_1.00000.list,PASS,,7680,7680,True,0,0.0
LH_838,838,0.20000,/home/ml/thesis-camels/data/raw/CAMELS_SIMBA_1000U/LH_838_hlist_0.20000.list,PASS,,7189,7189,True,0,0.0
LH_838,838,0.25000,/home/ml/thesis-camels/data/raw/CAMELS_SIMBA_1000U/LH_838_hlist_0.25000.list,PASS,,8029,8029,True,0,0.0
LH_838,838,0.51209,/home/ml/thesis-camels/data/raw/CAMELS_SIMBA_1000U/LH_838_hlist_0.51209.list,PASS,,7648,7648,True,0,0.0
LH_838,838,0.75065,/home/ml/thesis-camels/data/raw/CAMELS_SIMBA_1000U/LH_838_hlist_0.75065.list,PASS,,6574,6574,True,0,0.0
LH_838,838,1.00000,/home/ml/thesis-camels/data/raw/CAMELS_SIMBA_1000U/LH_838_hlist_1.00000.list,PASS,,6204,6204,True,0,0.0
LH_839,839,0.20000,/home/ml/thesis-camels/data/raw/CAMELS_SIMBA_1000U/LH_839_hlist_0.20000.list,PASS,,3425,3425,True,0,0.0
LH_839,839,0.25000,/home/ml/thesis-camels/data/raw/CAMELS_SIMBA_1000U/LH_839_hlist_0.25000.list,PASS,,4776,4776,True,0,0.0
LH_839,839,0.51209,/home/ml/thesis-camels/data/raw/CAMELS_SIMBA_1000U/LH_839_hlist_0.51209.list,PASS,,5897,5897,True,0,0.0
LH_839,839,0.75065,/home/ml/thesis-camels/data/raw/CAMELS_SIMBA_1000U/LH_839_hlist_0.75065.list,PASS,,5810,5810,True,0,0.0
LH_839,839,1.00000,/home/ml/thesis-camels/data/raw/CAMELS_SIMBA_1000U/LH_839_hlist_1.00000.list,PASS,,6064,6064,True,0,0.0
LH_840,840,0.20000,/home/ml/thesis-camels/data/raw/CAMELS_SIMBA_1000U/LH_840_hlist_0.20000.list,PASS,,1732,1732,True,0,0.0
LH_840,840,0.25000,/home/ml/thesis-camels/data/raw/CAMELS_SIMBA_1000U/LH_840_hlist_0.25000.list,PASS,,3065,3065,True,0,0.0
LH_840,840,0.51209,/home/ml/thesis-camels/data/raw/CAMELS_SIMBA_1000U/LH_840_hlist_0.51209.list,PASS,,6606,6606,True,0,0.0
LH_840,840,0.75065,/home/ml/thesis-camels/data/raw/CAMELS_SIMBA_1000U/LH_840_hlist_0.75065.list,PASS,,6717,6717,True,0,0.0
LH_840,840,1.00000,/home/ml/thesis-camels/data/raw/CAMELS_SIMBA_1000U/LH_840_hlist_1.00000.list,PASS,,7132,7132,True,0,0.0
LH_841,841,0.20000,/home/ml/thesis-camels/data/raw/CAMELS_SIMBA_1000U/LH_841_hlist_0.20000.list,PASS,,4290,4290,True,0,0.0
LH_841,841,0.25000,/home/ml/thesis-camels/data/raw/CAMELS_SIMBA_1000U/LH_841_hlist_0.25000.list,PASS,,5669,5669,True,0,0.0
LH_841,841,0.51209,/home/ml/thesis-camels/data/raw/CAMELS_SIMBA_1000U/LH_841_hlist_0.51209.list,PASS,,6716,6716,True,0,0.0
LH_841,841,0.75065,/home/ml/thesis-camels/data/raw/CAMELS_SIMBA_1000U/LH_841_hlist_0.75065.list,PASS,,6245,6245,True,0,0.0
LH_841,841,1.00000,/home/ml/thesis-camels/data/raw/CAMELS_SIMBA_1000U/LH_841_hlist_1.00000.list,PASS,,6440,6440,True,0,0.0
LH_842,842,0.20000,/home/ml/thesis-camels/data/raw/CAMELS_SIMBA_1000U/LH_842_hlist_0.20000.list,PASS,,5381,5381,True,0,0.0
LH_842,842,0.25000,/home/ml/thesis-camels/data/raw/CAMELS_SIMBA_1000U/LH_842_hlist_0.25000.list,PASS,,6956,6956,True,0,0.0
LH_842,842,0.51209,/home/ml/thesis-camels/data/raw/CAMELS_SIMBA_1000U/LH_842_hlist_0.51209.list,PASS,,8835,8835,True,0,0.0
LH_842,842,0.75065,/home/ml/thesis-camels/data/raw/CAMELS_SIMBA_1000U/LH_842_hlist_0.75065.list,PASS,,7924,7924,True,0,0.0
LH_842,842,1.00000,/home/ml/thesis-camels/data/raw/CAMELS_SIMBA_1000U/LH_842_hlist_1.00000.list,PASS,,7340,7340,True,0,0.0
LH_843,843,0.20000,/home/ml/thesis-camels/data/raw/CAMELS_SIMBA_1000U/LH_843_hlist_0.20000.list,PASS,,9426,9426,True,0,0.0
LH_843,843,0.25000,/home/ml/thesis-camels/data/raw/CAMELS_SIMBA_1000U/LH_843_hlist_0.25000.list,PASS,,9450,9450,True,0,0.0
LH_843,843,0.51209,/home/ml/thesis-camels/data/raw/CAMELS_SIMBA_1000U/LH_843_hlist_0.51209.list,PASS,,6801,6801,True,0,0.0
LH_843,843,0.75065,/home/ml/thesis-camels/data/raw/CAMELS_SIMBA_1000U/LH_843_hlist_0.75065.list,PASS,,5612,5612,True,0,0.0
LH_843,843,1.00000,/home/ml/thesis-camels/data/raw/CAMELS_SIMBA_1000U/LH_843_hlist_1.00000.list,PASS,,5307,5307,True,0,0.0
LH_844,844,0.20000,/home/ml/thesis-camels/data/raw/CAMELS_SIMBA_1000U/LH_844_hlist_0.20000.list,PASS,,4426,4426,True,0,0.0
LH_844,844,0.25000,/home/ml/thesis-camels/data/raw/CAMELS_SIMBA_1000U/LH_844_hlist_0.25000.list,PASS,,5891,5891,True,0,0.0
LH_844,844,0.51209,/home/ml/thesis-camels/data/raw/CAMELS_SIMBA_1000U/LH_844_hlist_0.51209.list,PASS,,7579,7579,True,0,0.0
LH_844,844,0.75065,/home/ml/thesis-camels/data/raw/CAMELS_SIMBA_1000U/LH_844_hlist_0.75065.list,PASS,,7132,7132,True,0,0.0
LH_844,844,1.00000,/home/ml/thesis-camels/data/raw/CAMELS_SIMBA_1000U/LH_844_hlist_1.00000.list,PASS,,7168,7168,True,0,0.0
LH_845,845,0.20000,/home/ml/thesis-camels/data/raw/CAMELS_SIMBA_1000U/LH_845_hlist_0.20000.list,PASS,,3208,3208,True,0,0.0
LH_845,845,0.25000,/home/ml/thesis-camels/data/raw/CAMELS_SIMBA_1000U/LH_845_hlist_0.25000.list,PASS,,4917,4917,True,0,0.0
LH_845,845,0.51209,/home/ml/thesis-camels/data/raw/CAMELS_SIMBA_1000U/LH_845_hlist_0.51209.list,PASS,,6373,6373,True,0,0.0
LH_845,845,0.75065,/home/ml/thesis-camels/data/raw/CAMELS_SIMBA_1000U/LH_845_hlist_0.75065.list,PASS,,6028,6028,True,0,0.0
LH_845,845,1.00000,/home/ml/thesis-camels/data/raw/CAMELS_SIMBA_1000U/LH_845_hlist_1.00000.list,PASS,,6334,6334,True,0,0.0
LH_846,846,0.20000,/home/ml/thesis-camels/data/raw/CAMELS_SIMBA_1000U/LH_846_hlist_0.20000.list,PASS,,8044,8044,True,0,0.0
LH_846,846,0.25000,/home/ml/thesis-camels/data/raw/CAMELS_SIMBA_1000U/LH_846_hlist_0.25000.list,PASS,,8896,8896,True,0,0.0
LH_846,846,0.51209,/home/ml/thesis-camels/data/raw/CAMELS_SIMBA_1000U/LH_846_hlist_0.51209.list,PASS,,7845,7845,True,0,0.0
LH_846,846,0.75065,/home/ml/thesis-camels/data/raw/CAMELS_SIMBA_1000U/LH_846_hlist_0.75065.list,PASS,,6377,6377,True,0,0.0
LH_846,846,1.00000,/home/ml/thesis-camels/data/raw/CAMELS_SIMBA_1000U/LH_846_hlist_1.00000.list,PASS,,5935,5935,True,0,0.0
LH_847,847,0.20000,/home/ml/thesis-camels/data/raw/CAMELS_SIMBA_1000U/LH_847_hlist_0.20000.list,PASS,,8904,8904,True,0,0.0
LH_847,847,0.25000,/home/ml/thesis-camels/data/raw/CAMELS_SIMBA_1000U/LH_847_hlist_0.25000.list,PASS,,9795,9795,True,0,0.0
LH_847,847,0.51209,/home/ml/thesis-camels/data/raw/CAMELS_SIMBA_1000U/LH_847_hlist_0.51209.list,PASS,,8342,8342,True,0,0.0
LH_847,847,0.75065,/home/ml/thesis-camels/data/raw/CAMELS_SIMBA_1000U/LH_847_hlist_0.75065.list,PASS,,6988,6988,True,0,0.0
LH_847,847,1.00000,/home/ml/thesis-camels/data/raw/CAMELS_SIMBA_1000U/LH_847_hlist_1.00000.list,PASS,,6518,6518,True,0,0.0
LH_848,848,0.20000,/home/ml/thesis-camels/data/raw/CAMELS_SIMBA_1000U/LH_848_hlist_0.20000.list,PASS,,4997,4997,True,0,0.0
LH_848,848,0.25000,/home/ml/thesis-camels/data/raw/CAMELS_SIMBA_1000U/LH_848_hlist_0.25000.list,PASS,,6705,6705,True,0,0.0
LH_848,848,0.51209,/home/ml/thesis-camels/data/raw/CAMELS_SIMBA_1000U/LH_848_hlist_0.51209.list,PASS,,8621,8621,True,0,0.0
LH_848,848,0.75065,/home/ml/thesis-camels/data/raw/CAMELS_SIMBA_1000U/LH_848_hlist_0.75065.list,PASS,,7624,7624,True,0,0.0
LH_848,848,1.00000,/home/ml/thesis-camels/data/raw/CAMELS_SIMBA_1000U/LH_848_hlist_1.00000.list,PASS,,7221,7221,True,0,0.0
LH_849,849,0.20000,/home/ml/thesis-camels/data/raw/CAMELS_SIMBA_1000U/LH_849_hlist_0.20000.list,PASS,,5509,5509,True,0,0.0
LH_849,849,0.25000,/home/ml/thesis-camels/data/raw/CAMELS_SIMBA_1000U/LH_849_hlist_0.25000.list,PASS,,6897,6897,True,0,0.0
LH_849,849,0.51209,/home/ml/thesis-camels/data/raw/CAMELS_SIMBA_1000U/LH_849_hlist_0.51209.list,PASS,,8110,8110,True,0,0.0
LH_849,849,0.75065,/home/ml/thesis-camels/data/raw/CAMELS_SIMBA_1000U/LH_849_hlist_0.75065.list,PASS,,7234,7234,True,0,0.0
LH_849,849,1.00000,/home/ml/thesis-camels/data/raw/CAMELS_SIMBA_1000U/LH_849_hlist_1.00000.list,PASS,,6946,6946,True,0,0.0
LH_850,850,0.20000,/home/ml/thesis-camels/data/raw/CAMELS_SIMBA_1000U/LH_850_hlist_0.20000.list,PASS,,3278,3278,True,0,0.0
LH_850,850,0.25000,/home/ml/thesis-camels/data/raw/CAMELS_SIMBA_1000U/LH_850_hlist_0.25000.list,PASS,,4416,4416,True,0,0.0
LH_850,850,0.51209,/home/ml/thesis-camels/data/raw/CAMELS_SIMBA_1000U/LH_850_hlist_0.51209.list,PASS,,5466,5466,True,0,0.0
LH_850,850,0.75065,/home/ml/thesis-camels/data/raw/CAMELS_SIMBA_1000U/LH_850_hlist_0.75065.list,PASS,,5410,5410,True,0,0.0
LH_850,850,1.00000,/home/ml/thesis-camels/data/raw/CAMELS_SIMBA_1000U/LH_850_hlist_1.00000.list,PASS,,5846,5846,True,0,0.0
LH_851,851,0.20000,/home/ml/thesis-camels/data/raw/CAMELS_SIMBA_1000U/LH_851_hlist_0.20000.list,PASS,,4837,4837,True,0,0.0
LH_851,851,0.25000,/home/ml/thesis-camels/data/raw/CAMELS_SIMBA_1000U/LH_851_hlist_0.25000.list,PASS,,6257,6257,True,0,0.0
LH_851,851,0.51209,/home/ml/thesis-camels/data/raw/CAMELS_SIMBA_1000U/LH_851_hlist_0.51209.list,PASS,,8832,8832,True,0,0.0
LH_851,851,0.75065,/home/ml/thesis-camels/data/raw/CAMELS_SIMBA_1000U/LH_851_hlist_0.75065.list,PASS,,8128,8128,True,0,0.0
LH_851,851,1.00000,/home/ml/thesis-camels/data/raw/CAMELS_SIMBA_1000U/LH_851_hlist_1.00000.list,PASS,,7954,7954,True,0,0.0
LH_852,852,0.20000,/home/ml/thesis-camels/data/raw/CAMELS_SIMBA_1000U/LH_852_hlist_0.20000.list,PASS,,5722,5722,True,0,0.0
LH_852,852,0.25000,/home/ml/thesis-camels/data/raw/CAMELS_SIMBA_1000U/LH_852_hlist_0.25000.list,PASS,,7216,7216,True,0,0.0
LH_852,852,0.51209,/home/ml/thesis-camels/data/raw/CAMELS_SIMBA_1000U/LH_852_hlist_0.51209.list,PASS,,8078,8078,True,0,0.0
LH_852,852,0.75065,/home/ml/thesis-camels/data/raw/CAMELS_SIMBA_1000U/LH_852_hlist_0.75065.list,PASS,,7242,7242,True,0,0.0
LH_852,852,1.00000,/home/ml/thesis-camels/data/raw/CAMELS_SIMBA_1000U/LH_852_hlist_1.00000.list,PASS,,7039,7039,True,0,0.0
LH_853,853,0.20000,/home/ml/thesis-camels/data/raw/CAMELS_SIMBA_1000U/LH_853_hlist_0.20000.list,PASS,,4513,4513,True,0,0.0
LH_853,853,0.25000,/home/ml/thesis-camels/data/raw/CAMELS_SIMBA_1000U/LH_853_hlist_0.25000.list,PASS,,5843,5843,True,0,0.0
LH_853,853,0.51209,/home/ml/thesis-camels/data/raw/CAMELS_SIMBA_1000U/LH_853_hlist_0.51209.list,PASS,,7532,7532,True,0,0.0
LH_853,853,0.75065,/home/ml/thesis-camels/data/raw/CAMELS_SIMBA_1000U/LH_853_hlist_0.75065.list,PASS,,6776,6776,True,0,0.0
LH_853,853,1.00000,/home/ml/thesis-camels/data/raw/CAMELS_SIMBA_1000U/LH_853_hlist_1.00000.list,PASS,,6877,6877,True,0,0.0
LH_854,854,0.20000,/home/ml/thesis-camels/data/raw/CAMELS_SIMBA_1000U/LH_854_hlist_0.20000.list,PASS,,8151,8151,True,0,0.0
LH_854,854,0.25000,/home/ml/thesis-camels/data/raw/CAMELS_SIMBA_1000U/LH_854_hlist_0.25000.list,PASS,,8575,8575,True,0,0.0
LH_854,854,0.51209,/home/ml/thesis-camels/data/raw/CAMELS_SIMBA_1000U/LH_854_hlist_0.51209.list,PASS,,7004,7004,True,0,0.0
LH_854,854,0.75065,/home/ml/thesis-camels/data/raw/CAMELS_SIMBA_1000U/LH_854_hlist_0.75065.list,PASS,,5902,5902,True,0,0.0
LH_854,854,1.00000,/home/ml/thesis-camels/data/raw/CAMELS_SIMBA_1000U/LH_854_hlist_1.00000.list,PASS,,5696,5696,True,0,0.0
LH_855,855,0.20000,/home/ml/thesis-camels/data/raw/CAMELS_SIMBA_1000U/LH_855_hlist_0.20000.list,PASS,,6350,6350,True,0,0.0
LH_855,855,0.25000,/home/ml/thesis-camels/data/raw/CAMELS_SIMBA_1000U/LH_855_hlist_0.25000.list,PASS,,7139,7139,True,0,0.0
LH_855,855,0.51209,/home/ml/thesis-camels/data/raw/CAMELS_SIMBA_1000U/LH_855_hlist_0.51209.list,PASS,,6999,6999,True,0,0.0
LH_855,855,0.75065,/home/ml/thesis-camels/data/raw/CAMELS_SIMBA_1000U/LH_855_hlist_0.75065.list,PASS,,6342,6342,True,0,0.0
LH_855,855,1.00000,/home/ml/thesis-camels/data/raw/CAMELS_SIMBA_1000U/LH_855_hlist_1.00000.list,PASS,,6327,6327,True,0,0.0
LH_856,856,0.20000,/home/ml/thesis-camels/data/raw/CAMELS_SIMBA_1000U/LH_856_hlist_0.20000.list,PASS,,2993,2993,True,0,0.0
LH_856,856,0.25000,/home/ml/thesis-camels/data/raw/CAMELS_SIMBA_1000U/LH_856_hlist_0.25000.list,PASS,,4322,4322,True,0,0.0
LH_856,856,0.51209,/home/ml/thesis-camels/data/raw/CAMELS_SIMBA_1000U/LH_856_hlist_0.51209.list,PASS,,6463,6463,True,0,0.0
LH_856,856,0.75065,/home/ml/thesis-camels/data/raw/CAMELS_SIMBA_1000U/LH_856_hlist_0.75065.list,PASS,,6435,6435,True,0,0.0
LH_856,856,1.00000,/home/ml/thesis-camels/data/raw/CAMELS_SIMBA_1000U/LH_856_hlist_1.00000.list,PASS,,6583,6583,True,0,0.0
LH_857,857,0.20000,/home/ml/thesis-camels/data/raw/CAMELS_SIMBA_1000U/LH_857_hlist_0.20000.list,PASS,,6242,6242,True,0,0.0
LH_857,857,0.25000,/home/ml/thesis-camels/data/raw/CAMELS_SIMBA_1000U/LH_857_hlist_0.25000.list,PASS,,7131,7131,True,0,0.0
LH_857,857,0.51209,/home/ml/thesis-camels/data/raw/CAMELS_SIMBA_1000U/LH_857_hlist_0.51209.list,PASS,,6718,6718,True,0,0.0
LH_857,857,0.75065,/home/ml/thesis-camels/data/raw/CAMELS_SIMBA_1000U/LH_857_hlist_0.75065.list,PASS,,5749,5749,True,0,0.0
LH_857,857,1.00000,/home/ml/thesis-camels/data/raw/CAMELS_SIMBA_1000U/LH_857_hlist_1.00000.list,PASS,,5797,5797,True,0,0.0
LH_858,858,0.20000,/home/ml/thesis-camels/data/raw/CAMELS_SIMBA_1000U/LH_858_hlist_0.20000.list,PASS,,7655,7655,True,0,0.0
LH_858,858,0.25000,/home/ml/thesis-camels/data/raw/CAMELS_SIMBA_1000U/LH_858_hlist_0.25000.list,PASS,,8584,8584,True,0,0.0
LH_858,858,0.51209,/home/ml/thesis-camels/data/raw/CAMELS_SIMBA_1000U/LH_858_hlist_0.51209.list,PASS,,8230,8230,True,0,0.0
LH_858,858,0.75065,/home/ml/thesis-camels/data/raw/CAMELS_SIMBA_1000U/LH_858_hlist_0.75065.list,PASS,,6978,6978,True,0,0.0
LH_858,858,1.00000,/home/ml/thesis-camels/data/raw/CAMELS_SIMBA_1000U/LH_858_hlist_1.00000.list,PASS,,6528,6528,True,0,0.0
LH_859,859,0.20000,/home/ml/thesis-camels/data/raw/CAMELS_SIMBA_1000U/LH_859_hlist_0.20000.list,PASS,,969,969,False,531,35.4
LH_859,859,0.25000,/home/ml/thesis-camels/data/raw/CAMELS_SIMBA_1000U/LH_859_hlist_0.25000.list,PASS,,2103,2103,True,0,0.0
LH_859,859,0.51209,/home/ml/thesis-camels/data/raw/CAMELS_SIMBA_1000U/LH_859_hlist_0.51209.list,PASS,,4965,4965,True,0,0.0
LH_859,859,0.75065,/home/ml/thesis-camels/data/raw/CAMELS_SIMBA_1000U/LH_859_hlist_0.75065.list,PASS,,5300,5300,True,0,0.0
LH_859,859,1.00000,/home/ml/thesis-camels/data/raw/CAMELS_SIMBA_1000U/LH_859_hlist_1.00000.list,PASS,,5918,5918,True,0,0.0
LH_860,860,0.20000,/home/ml/thesis-camels/data/raw/CAMELS_SIMBA_1000U/LH_860_hlist_0.20000.list,PASS,,2784,2784,True,0,0.0
LH_860,860,0.25000,/home/ml/thesis-camels/data/raw/CAMELS_SIMBA_1000U/LH_860_hlist_0.25000.list,PASS,,4606,4606,True,0,0.0
LH_860,860,0.51209,/home/ml/thesis-camels/data/raw/CAMELS_SIMBA_1000U/LH_860_hlist_0.51209.list,PASS,,7765,7765,True,0,0.0
LH_860,860,0.75065,/home/ml/thesis-camels/data/raw/CAMELS_SIMBA_1000U/LH_860_hlist_0.75065.list,PASS,,7631,7631,True,0,0.0
LH_860,860,1.00000,/home/ml/thesis-camels/data/raw/CAMELS_SIMBA_1000U/LH_860_hlist_1.00000.list,PASS,,7769,7769,True,0,0.0
LH_861,861,0.20000,/home/ml/thesis-camels/data/raw/CAMELS_SIMBA_1000U/LH_861_hlist_0.20000.list,PASS,,4528,4528,True,0,0.0
LH_861,861,0.25000,/home/ml/thesis-camels/data/raw/CAMELS_SIMBA_1000U/LH_861_hlist_0.25000.list,PASS,,6219,6219,True,0,0.0
LH_861,861,0.51209,/home/ml/thesis-camels/data/raw/CAMELS_SIMBA_1000U/LH_861_hlist_0.51209.list,PASS,,8852,8852,True,0,0.0
LH_861,861,0.75065,/home/ml/thesis-camels/data/raw/CAMELS_SIMBA_1000U/LH_861_hlist_0.75065.list,PASS,,8056,8056,True,0,0.0
LH_861,861,1.00000,/home/ml/thesis-camels/data/raw/CAMELS_SIMBA_1000U/LH_861_hlist_1.00000.list,PASS,,7738,7738,True,0,0.0
LH_862,862,0.20000,/home/ml/thesis-camels/data/raw/CAMELS_SIMBA_1000U/LH_862_hlist_0.20000.list,PASS,,5776,5776,True,0,0.0
LH_862,862,0.25000,/home/ml/thesis-camels/data/raw/CAMELS_SIMBA_1000U/LH_862_hlist_0.25000.list,PASS,,7417,7417,True,0,0.0
LH_862,862,0.51209,/home/ml/thesis-camels/data/raw/CAMELS_SIMBA_1000U/LH_862_hlist_0.51209.list,PASS,,8291,8291,True,0,0.0
LH_862,862,0.75065,/home/ml/thesis-camels/data/raw/CAMELS_SIMBA_1000U/LH_862_hlist_0.75065.list,PASS,,7276,7276,True,0,0.0
LH_862,862,1.00000,/home/ml/thesis-camels/data/raw/CAMELS_SIMBA_1000U/LH_862_hlist_1.00000.list,PASS,,6983,6983,True,0,0.0
LH_863,863,0.20000,/home/ml/thesis-camels/data/raw/CAMELS_SIMBA_1000U/LH_863_hlist_0.20000.list,PASS,,8908,8908,True,0,0.0
LH_863,863,0.25000,/home/ml/thesis-camels/data/raw/CAMELS_SIMBA_1000U/LH_863_hlist_0.25000.list,PASS,,9488,9488,True,0,0.0
LH_863,863,0.51209,/home/ml/thesis-camels/data/raw/CAMELS_SIMBA_1000U/LH_863_hlist_0.51209.list,PASS,,7759,7759,True,0,0.0
LH_863,863,0.75065,/home/ml/thesis-camels/data/raw/CAMELS_SIMBA_1000U/LH_863_hlist_0.75065.list,PASS,,6236,6236,True,0,0.0
LH_863,863,1.00000,/home/ml/thesis-camels/data/raw/CAMELS_SIMBA_1000U/LH_863_hlist_1.00000.list,PASS,,5871,5871,True,0,0.0
LH_864,864,0.20000,/home/ml/thesis-camels/data/raw/CAMELS_SIMBA_1000U/LH_864_hlist_0.20000.list,PASS,,1746,1746,True,0,0.0
LH_864,864,0.25000,/home/ml/thesis-camels/data/raw/CAMELS_SIMBA_1000U/LH_864_hlist_0.25000.list,PASS,,3260,3260,True,0,0.0
LH_864,864,0.51209,/home/ml/thesis-camels/data/raw/CAMELS_SIMBA_1000U/LH_864_hlist_0.51209.list,PASS,,5911,5911,True,0,0.0
LH_864,864,0.75065,/home/ml/thesis-camels/data/raw/CAMELS_SIMBA_1000U/LH_864_hlist_0.75065.list,PASS,,6197,6197,True,0,0.0
LH_864,864,1.00000,/home/ml/thesis-camels/data/raw/CAMELS_SIMBA_1000U/LH_864_hlist_1.00000.list,PASS,,6812,6812,True,0,0.0
LH_865,865,0.20000,/home/ml/thesis-camels/data/raw/CAMELS_SIMBA_1000U/LH_865_hlist_0.20000.list,PASS,,5482,5482,True,0,0.0
LH_865,865,0.25000,/home/ml/thesis-camels/data/raw/CAMELS_SIMBA_1000U/LH_865_hlist_0.25000.list,PASS,,6959,6959,True,0,0.0
LH_865,865,0.51209,/home/ml/thesis-camels/data/raw/CAMELS_SIMBA_1000U/LH_865_hlist_0.51209.list,PASS,,7630,7630,True,0,0.0
LH_865,865,0.75065,/home/ml/thesis-camels/data/raw/CAMELS_SIMBA_1000U/LH_865_hlist_0.75065.list,PASS,,6694,6694,True,0,0.0
LH_865,865,1.00000,/home/ml/thesis-camels/data/raw/CAMELS_SIMBA_1000U/LH_865_hlist_1.00000.list,PASS,,6604,6604,True,0,0.0
LH_866,866,0.20000,/home/ml/thesis-camels/data/raw/CAMELS_SIMBA_1000U/LH_866_hlist_0.20000.list,PASS,,6475,6475,True,0,0.0
LH_866,866,0.25000,/home/ml/thesis-camels/data/raw/CAMELS_SIMBA_1000U/LH_866_hlist_0.25000.list,PASS,,7573,7573,True,0,0.0
LH_866,866,0.51209,/home/ml/thesis-camels/data/raw/CAMELS_SIMBA_1000U/LH_866_hlist_0.51209.list,PASS,,7139,7139,True,0,0.0
LH_866,866,0.75065,/home/ml/thesis-camels/data/raw/CAMELS_SIMBA_1000U/LH_866_hlist_0.75065.list,PASS,,6250,6250,True,0,0.0
LH_866,866,1.00000,/home/ml/thesis-camels/data/raw/CAMELS_SIMBA_1000U/LH_866_hlist_1.00000.list,PASS,,6107,6107,True,0,0.0
LH_867,867,0.20000,/home/ml/thesis-camels/data/raw/CAMELS_SIMBA_1000U/LH_867_hlist_0.20000.list,PASS,,3808,3808,True,0,0.0
LH_867,867,0.25000,/home/ml/thesis-camels/data/raw/CAMELS_SIMBA_1000U/LH_867_hlist_0.25000.list,PASS,,5347,5347,True,0,0.0
LH_867,867,0.51209,/home/ml/thesis-camels/data/raw/CAMELS_SIMBA_1000U/LH_867_hlist_0.51209.list,PASS,,6207,6207,True,0,0.0
LH_867,867,0.75065,/home/ml/thesis-camels/data/raw/CAMELS_SIMBA_1000U/LH_867_hlist_0.75065.list,PASS,,5973,5973,True,0,0.0
LH_867,867,1.00000,/home/ml/thesis-camels/data/raw/CAMELS_SIMBA_1000U/LH_867_hlist_1.00000.list,PASS,,6281,6281,True,0,0.0
LH_868,868,0.20000,/home/ml/thesis-camels/data/raw/CAMELS_SIMBA_1000U/LH_868_hlist_0.20000.list,PASS,,3683,3683,True,0,0.0
LH_868,868,0.25000,/home/ml/thesis-camels/data/raw/CAMELS_SIMBA_1000U/LH_868_hlist_0.25000.list,PASS,,5092,5092,True,0,0.0
LH_868,868,0.51209,/home/ml/thesis-camels/data/raw/CAMELS_SIMBA_1000U/LH_868_hlist_0.51209.list,PASS,,5937,5937,True,0,0.0
LH_868,868,0.75065,/home/ml/thesis-camels/data/raw/CAMELS_SIMBA_1000U/LH_868_hlist_0.75065.list,PASS,,5857,5857,True,0,0.0
LH_868,868,1.00000,/home/ml/thesis-camels/data/raw/CAMELS_SIMBA_1000U/LH_868_hlist_1.00000.list,PASS,,6227,6227,True,0,0.0
LH_869,869,0.20000,/home/ml/thesis-camels/data/raw/CAMELS_SIMBA_1000U/LH_869_hlist_0.20000.list,PASS,,6942,6942,True,0,0.0
LH_869,869,0.25000,/home/ml/thesis-camels/data/raw/CAMELS_SIMBA_1000U/LH_869_hlist_0.25000.list,PASS,,7864,7864,True,0,0.0
LH_869,869,0.51209,/home/ml/thesis-camels/data/raw/CAMELS_SIMBA_1000U/LH_869_hlist_0.51209.list,PASS,,7127,7127,True,0,0.0
LH_869,869,0.75065,/home/ml/thesis-camels/data/raw/CAMELS_SIMBA_1000U/LH_869_hlist_0.75065.list,PASS,,5946,5946,True,0,0.0
LH_869,869,1.00000,/home/ml/thesis-camels/data/raw/CAMELS_SIMBA_1000U/LH_869_hlist_1.00000.list,PASS,,5894,5894,True,0,0.0
LH_870,870,0.20000,/home/ml/thesis-camels/data/raw/CAMELS_SIMBA_1000U/LH_870_hlist_0.20000.list,PASS,,3157,3157,True,0,0.0
LH_870,870,0.25000,/home/ml/thesis-camels/data/raw/CAMELS_SIMBA_1000U/LH_870_hlist_0.25000.list,PASS,,4682,4682,True,0,0.0
LH_870,870,0.51209,/home/ml/thesis-camels/data/raw/CAMELS_SIMBA_1000U/LH_870_hlist_0.51209.list,PASS,,7037,7037,True,0,0.0
LH_870,870,0.75065,/home/ml/thesis-camels/data/raw/CAMELS_SIMBA_1000U/LH_870_hlist_0.75065.list,PASS,,6695,6695,True,0,0.0
LH_870,870,1.00000,/home/ml/thesis-camels/data/raw/CAMELS_SIMBA_1000U/LH_870_hlist_1.00000.list,PASS,,6694,6694,True,0,0.0
LH_871,871,0.20000,/home/ml/thesis-camels/data/raw/CAMELS_SIMBA_1000U/LH_871_hlist_0.20000.list,PASS,,4272,4272,True,0,0.0
LH_871,871,0.25000,/home/ml/thesis-camels/data/raw/CAMELS_SIMBA_1000U/LH_871_hlist_0.25000.list,PASS,,5728,5728,True,0,0.0
LH_871,871,0.51209,/home/ml/thesis-camels/data/raw/CAMELS_SIMBA_1000U/LH_871_hlist_0.51209.list,PASS,,7118,7118,True,0,0.0
LH_871,871,0.75065,/home/ml/thesis-camels/data/raw/CAMELS_SIMBA_1000U/LH_871_hlist_0.75065.list,PASS,,6516,6516,True,0,0.0
LH_871,871,1.00000,/home/ml/thesis-camels/data/raw/CAMELS_SIMBA_1000U/LH_871_hlist_1.00000.list,PASS,,6697,6697,True,0,0.0
LH_872,872,0.20000,/home/ml/thesis-camels/data/raw/CAMELS_SIMBA_1000U/LH_872_hlist_0.20000.list,PASS,,7609,7609,True,0,0.0
LH_872,872,0.25000,/home/ml/thesis-camels/data/raw/CAMELS_SIMBA_1000U/LH_872_hlist_0.25000.list,PASS,,8732,8732,True,0,0.0
LH_872,872,0.51209,/home/ml/thesis-camels/data/raw/CAMELS_SIMBA_1000U/LH_872_hlist_0.51209.list,PASS,,8129,8129,True,0,0.0
LH_872,872,0.75065,/home/ml/thesis-camels/data/raw/CAMELS_SIMBA_1000U/LH_872_hlist_0.75065.list,PASS,,6924,6924,True,0,0.0
LH_872,872,1.00000,/home/ml/thesis-camels/data/raw/CAMELS_SIMBA_1000U/LH_872_hlist_1.00000.list,PASS,,6366,6366,True,0,0.0
LH_873,873,0.20000,/home/ml/thesis-camels/data/raw/CAMELS_SIMBA_1000U/LH_873_hlist_0.20000.list,PASS,,2880,2880,True,0,0.0
LH_873,873,0.25000,/home/ml/thesis-camels/data/raw/CAMELS_SIMBA_1000U/LH_873_hlist_0.25000.list,PASS,,4341,4341,True,0,0.0
LH_873,873,0.51209,/home/ml/thesis-camels/data/raw/CAMELS_SIMBA_1000U/LH_873_hlist_0.51209.list,PASS,,6923,6923,True,0,0.0
LH_873,873,0.75065,/home/ml/thesis-camels/data/raw/CAMELS_SIMBA_1000U/LH_873_hlist_0.75065.list,PASS,,6807,6807,True,0,0.0
LH_873,873,1.00000,/home/ml/thesis-camels/data/raw/CAMELS_SIMBA_1000U/LH_873_hlist_1.00000.list,PASS,,7069,7069,True,0,0.0
LH_874,874,0.20000,/home/ml/thesis-camels/data/raw/CAMELS_SIMBA_1000U/LH_874_hlist_0.20000.list,PASS,,7237,7237,True,0,0.0
LH_874,874,0.25000,/home/ml/thesis-camels/data/raw/CAMELS_SIMBA_1000U/LH_874_hlist_0.25000.list,PASS,,8469,8469,True,0,0.0
LH_874,874,0.51209,/home/ml/thesis-camels/data/raw/CAMELS_SIMBA_1000U/LH_874_hlist_0.51209.list,PASS,,8432,8432,True,0,0.0
LH_874,874,0.75065,/home/ml/thesis-camels/data/raw/CAMELS_SIMBA_1000U/LH_874_hlist_0.75065.list,PASS,,7052,7052,True,0,0.0
LH_874,874,1.00000,/home/ml/thesis-camels/data/raw/CAMELS_SIMBA_1000U/LH_874_hlist_1.00000.list,PASS,,6553,6553,True,0,0.0
LH_875,875,0.20000,/home/ml/thesis-camels/data/raw/CAMELS_SIMBA_1000U/LH_875_hlist_0.20000.list,PASS,,7587,7587,True,0,0.0
LH_875,875,0.25000,/home/ml/thesis-camels/data/raw/CAMELS_SIMBA_1000U/LH_875_hlist_0.25000.list,PASS,,8261,8261,True,0,0.0
LH_875,875,0.51209,/home/ml/thesis-camels/data/raw/CAMELS_SIMBA_1000U/LH_875_hlist_0.51209.list,PASS,,7354,7354,True,0,0.0
LH_875,875,0.75065,/home/ml/thesis-camels/data/raw/CAMELS_SIMBA_1000U/LH_875_hlist_0.75065.list,PASS,,6181,6181,True,0,0.0
LH_875,875,1.00000,/home/ml/thesis-camels/data/raw/CAMELS_SIMBA_1000U/LH_875_hlist_1.00000.list,PASS,,6047,6047,True,0,0.0
LH_876,876,0.20000,/home/ml/thesis-camels/data/raw/CAMELS_SIMBA_1000U/LH_876_hlist_0.20000.list,PASS,,6963,6963,True,0,0.0
LH_876,876,0.25000,/home/ml/thesis-camels/data/raw/CAMELS_SIMBA_1000U/LH_876_hlist_0.25000.list,PASS,,8329,8329,True,0,0.0
LH_876,876,0.51209,/home/ml/thesis-camels/data/raw/CAMELS_SIMBA_1000U/LH_876_hlist_0.51209.list,PASS,,8525,8525,True,0,0.0
LH_876,876,0.75065,/home/ml/thesis-camels/data/raw/CAMELS_SIMBA_1000U/LH_876_hlist_0.75065.list,PASS,,7230,7230,True,0,0.0
LH_876,876,1.00000,/home/ml/thesis-camels/data/raw/CAMELS_SIMBA_1000U/LH_876_hlist_1.00000.list,PASS,,6684,6684,True,0,0.0
LH_877,877,0.20000,/home/ml/thesis-camels/data/raw/CAMELS_SIMBA_1000U/LH_877_hlist_0.20000.list,PASS,,5598,5598,True,0,0.0
LH_877,877,0.25000,/home/ml/thesis-camels/data/raw/CAMELS_SIMBA_1000U/LH_877_hlist_0.25000.list,PASS,,6666,6666,True,0,0.0
LH_877,877,0.51209,/home/ml/thesis-camels/data/raw/CAMELS_SIMBA_1000U/LH_877_hlist_0.51209.list,PASS,,6266,6266,True,0,0.0
LH_877,877,0.75065,/home/ml/thesis-camels/data/raw/CAMELS_SIMBA_1000U/LH_877_hlist_0.75065.list,PASS,,5721,5721,True,0,0.0
LH_877,877,1.00000,/home/ml/thesis-camels/data/raw/CAMELS_SIMBA_1000U/LH_877_hlist_1.00000.list,PASS,,5809,5809,True,0,0.0
LH_878,878,0.20000,/home/ml/thesis-camels/data/raw/CAMELS_SIMBA_1000U/LH_878_hlist_0.20000.list,PASS,,6680,6680,True,0,0.0
LH_878,878,0.25000,/home/ml/thesis-camels/data/raw/CAMELS_SIMBA_1000U/LH_878_hlist_0.25000.list,PASS,,7684,7684,True,0,0.0
LH_878,878,0.51209,/home/ml/thesis-camels/data/raw/CAMELS_SIMBA_1000U/LH_878_hlist_0.51209.list,PASS,,7053,7053,True,0,0.0
LH_878,878,0.75065,/home/ml/thesis-camels/data/raw/CAMELS_SIMBA_1000U/LH_878_hlist_0.75065.list,PASS,,6055,6055,True,0,0.0
LH_878,878,1.00000,/home/ml/thesis-camels/data/raw/CAMELS_SIMBA_1000U/LH_878_hlist_1.00000.list,PASS,,5887,5887,True,0,0.0
LH_879,879,0.20000,/home/ml/thesis-camels/data/raw/CAMELS_SIMBA_1000U/LH_879_hlist_0.20000.list,PASS,,4072,4072,True,0,0.0
LH_879,879,0.25000,/home/ml/thesis-camels/data/raw/CAMELS_SIMBA_1000U/LH_879_hlist_0.25000.list,PASS,,5158,5158,True,0,0.0
LH_879,879,0.51209,/home/ml/thesis-camels/data/raw/CAMELS_SIMBA_1000U/LH_879_hlist_0.51209.list,PASS,,5833,5833,True,0,0.0
LH_879,879,0.75065,/home/ml/thesis-camels/data/raw/CAMELS_SIMBA_1000U/LH_879_hlist_0.75065.list,PASS,,5822,5822,True,0,0.0
LH_879,879,1.00000,/home/ml/thesis-camels/data/raw/CAMELS_SIMBA_1000U/LH_879_hlist_1.00000.list,PASS,,6066,6066,True,0,0.0
LH_880,880,0.20000,/home/ml/thesis-camels/data/raw/CAMELS_SIMBA_1000U/LH_880_hlist_0.20000.list,PASS,,1097,1097,False,403,26.866666666666667
LH_880,880,0.25000,/home/ml/thesis-camels/data/raw/CAMELS_SIMBA_1000U/LH_880_hlist_0.25000.list,PASS,,2291,2291,True,0,0.0
LH_880,880,0.51209,/home/ml/thesis-camels/data/raw/CAMELS_SIMBA_1000U/LH_880_hlist_0.51209.list,PASS,,4344,4344,True,0,0.0
LH_880,880,0.75065,/home/ml/thesis-camels/data/raw/CAMELS_SIMBA_1000U/LH_880_hlist_0.75065.list,PASS,,4817,4817,True,0,0.0
LH_880,880,1.00000,/home/ml/thesis-camels/data/raw/CAMELS_SIMBA_1000U/LH_880_hlist_1.00000.list,PASS,,5451,5451,True,0,0.0
LH_881,881,0.20000,/home/ml/thesis-camels/data/raw/CAMELS_SIMBA_1000U/LH_881_hlist_0.20000.list,PASS,,5572,5572,True,0,0.0
LH_881,881,0.25000,/home/ml/thesis-camels/data/raw/CAMELS_SIMBA_1000U/LH_881_hlist_0.25000.list,PASS,,6887,6887,True,0,0.0
LH_881,881,0.51209,/home/ml/thesis-camels/data/raw/CAMELS_SIMBA_1000U/LH_881_hlist_0.51209.list,PASS,,7691,7691,True,0,0.0
LH_881,881,0.75065,/home/ml/thesis-camels/data/raw/CAMELS_SIMBA_1000U/LH_881_hlist_0.75065.list,PASS,,6880,6880,True,0,0.0
LH_881,881,1.00000,/home/ml/thesis-camels/data/raw/CAMELS_SIMBA_1000U/LH_881_hlist_1.00000.list,PASS,,6779,6779,True,0,0.0
LH_882,882,0.20000,/home/ml/thesis-camels/data/raw/CAMELS_SIMBA_1000U/LH_882_hlist_0.20000.list,PASS,,6211,6211,True,0,0.0
LH_882,882,0.25000,/home/ml/thesis-camels/data/raw/CAMELS_SIMBA_1000U/LH_882_hlist_0.25000.list,PASS,,7559,7559,True,0,0.0
LH_882,882,0.51209,/home/ml/thesis-camels/data/raw/CAMELS_SIMBA_1000U/LH_882_hlist_0.51209.list,PASS,,8523,8523,True,0,0.0
LH_882,882,0.75065,/home/ml/thesis-camels/data/raw/CAMELS_SIMBA_1000U/LH_882_hlist_0.75065.list,PASS,,7351,7351,True,0,0.0
LH_882,882,1.00000,/home/ml/thesis-camels/data/raw/CAMELS_SIMBA_1000U/LH_882_hlist_1.00000.list,PASS,,6735,6735,True,0,0.0
LH_883,883,0.20000,/home/ml/thesis-camels/data/raw/CAMELS_SIMBA_1000U/LH_883_hlist_0.20000.list,PASS,,7763,7763,True,0,0.0
LH_883,883,0.25000,/home/ml/thesis-camels/data/raw/CAMELS_SIMBA_1000U/LH_883_hlist_0.25000.list,PASS,,8251,8251,True,0,0.0
LH_883,883,0.51209,/home/ml/thesis-camels/data/raw/CAMELS_SIMBA_1000U/LH_883_hlist_0.51209.list,PASS,,6737,6737,True,0,0.0
LH_883,883,0.75065,/home/ml/thesis-camels/data/raw/CAMELS_SIMBA_1000U/LH_883_hlist_0.75065.list,PASS,,5584,5584,True,0,0.0
LH_883,883,1.00000,/home/ml/thesis-camels/data/raw/CAMELS_SIMBA_1000U/LH_883_hlist_1.00000.list,PASS,,5547,5547,True,0,0.0
LH_884,884,0.20000,/home/ml/thesis-camels/data/raw/CAMELS_SIMBA_1000U/LH_884_hlist_0.20000.list,PASS,,4947,4947,True,0,0.0
LH_884,884,0.25000,/home/ml/thesis-camels/data/raw/CAMELS_SIMBA_1000U/LH_884_hlist_0.25000.list,PASS,,6048,6048,True,0,0.0
LH_884,884,0.51209,/home/ml/thesis-camels/data/raw/CAMELS_SIMBA_1000U/LH_884_hlist_0.51209.list,PASS,,5834,5834,True,0,0.0
LH_884,884,0.75065,/home/ml/thesis-camels/data/raw/CAMELS_SIMBA_1000U/LH_884_hlist_0.75065.list,PASS,,5638,5638,True,0,0.0
LH_884,884,1.00000,/home/ml/thesis-camels/data/raw/CAMELS_SIMBA_1000U/LH_884_hlist_1.00000.list,PASS,,5807,5807,True,0,0.0
LH_885,885,0.20000,/home/ml/thesis-camels/data/raw/CAMELS_SIMBA_1000U/LH_885_hlist_0.20000.list,PASS,,7717,7717,True,0,0.0
LH_885,885,0.25000,/home/ml/thesis-camels/data/raw/CAMELS_SIMBA_1000U/LH_885_hlist_0.25000.list,PASS,,8415,8415,True,0,0.0
LH_885,885,0.51209,/home/ml/thesis-camels/data/raw/CAMELS_SIMBA_1000U/LH_885_hlist_0.51209.list,PASS,,7131,7131,True,0,0.0
LH_885,885,0.75065,/home/ml/thesis-camels/data/raw/CAMELS_SIMBA_1000U/LH_885_hlist_0.75065.list,PASS,,5906,5906,True,0,0.0
LH_885,885,1.00000,/home/ml/thesis-camels/data/raw/CAMELS_SIMBA_1000U/LH_885_hlist_1.00000.list,PASS,,5796,5796,True,0,0.0
LH_886,886,0.20000,/home/ml/thesis-camels/data/raw/CAMELS_SIMBA_1000U/LH_886_hlist_0.20000.list,PASS,,6505,6505,True,0,0.0
LH_886,886,0.25000,/home/ml/thesis-camels/data/raw/CAMELS_SIMBA_1000U/LH_886_hlist_0.25000.list,PASS,,7597,7597,True,0,0.0
LH_886,886,0.51209,/home/ml/thesis-camels/data/raw/CAMELS_SIMBA_1000U/LH_886_hlist_0.51209.list,PASS,,7740,7740,True,0,0.0
LH_886,886,0.75065,/home/ml/thesis-camels/data/raw/CAMELS_SIMBA_1000U/LH_886_hlist_0.75065.list,PASS,,6835,6835,True,0,0.0
LH_886,886,1.00000,/home/ml/thesis-camels/data/raw/CAMELS_SIMBA_1000U/LH_886_hlist_1.00000.list,PASS,,6655,6655,True,0,0.0
LH_887,887,0.20000,/home/ml/thesis-camels/data/raw/CAMELS_SIMBA_1000U/LH_887_hlist_0.20000.list,PASS,,4060,4060,True,0,0.0
LH_887,887,0.25000,/home/ml/thesis-camels/data/raw/CAMELS_SIMBA_1000U/LH_887_hlist_0.25000.list,PASS,,5528,5528,True,0,0.0
LH_887,887,0.51209,/home/ml/thesis-camels/data/raw/CAMELS_SIMBA_1000U/LH_887_hlist_0.51209.list,PASS,,6583,6583,True,0,0.0
LH_887,887,0.75065,/home/ml/thesis-camels/data/raw/CAMELS_SIMBA_1000U/LH_887_hlist_0.75065.list,PASS,,6244,6244,True,0,0.0
LH_887,887,1.00000,/home/ml/thesis-camels/data/raw/CAMELS_SIMBA_1000U/LH_887_hlist_1.00000.list,PASS,,6342,6342,True,0,0.0
LH_888,888,0.20000,/home/ml/thesis-camels/data/raw/CAMELS_SIMBA_1000U/LH_888_hlist_0.20000.list,PASS,,7175,7175,True,0,0.0
LH_888,888,0.25000,/home/ml/thesis-camels/data/raw/CAMELS_SIMBA_1000U/LH_888_hlist_0.25000.list,PASS,,7875,7875,True,0,0.0
LH_888,888,0.51209,/home/ml/thesis-camels/data/raw/CAMELS_SIMBA_1000U/LH_888_hlist_0.51209.list,PASS,,7065,7065,True,0,0.0
LH_888,888,0.75065,/home/ml/thesis-camels/data/raw/CAMELS_SIMBA_1000U/LH_888_hlist_0.75065.list,PASS,,5865,5865,True,0,0.0
LH_888,888,1.00000,/home/ml/thesis-camels/data/raw/CAMELS_SIMBA_1000U/LH_888_hlist_1.00000.list,PASS,,5644,5644,True,0,0.0
LH_889,889,0.20000,/home/ml/thesis-camels/data/raw/CAMELS_SIMBA_1000U/LH_889_hlist_0.20000.list,PASS,,7448,7448,True,0,0.0
LH_889,889,0.25000,/home/ml/thesis-camels/data/raw/CAMELS_SIMBA_1000U/LH_889_hlist_0.25000.list,PASS,,8227,8227,True,0,0.0
LH_889,889,0.51209,/home/ml/thesis-camels/data/raw/CAMELS_SIMBA_1000U/LH_889_hlist_0.51209.list,PASS,,7612,7612,True,0,0.0
LH_889,889,0.75065,/home/ml/thesis-camels/data/raw/CAMELS_SIMBA_1000U/LH_889_hlist_0.75065.list,PASS,,6341,6341,True,0,0.0
LH_889,889,1.00000,/home/ml/thesis-camels/data/raw/CAMELS_SIMBA_1000U/LH_889_hlist_1.00000.list,PASS,,6243,6243,True,0,0.0
LH_890,890,0.20000,/home/ml/thesis-camels/data/raw/CAMELS_SIMBA_1000U/LH_890_hlist_0.20000.list,PASS,,1025,1025,False,475,31.666666666666668
LH_890,890,0.25000,/home/ml/thesis-camels/data/raw/CAMELS_SIMBA_1000U/LH_890_hlist_0.25000.list,PASS,,2151,2151,True,0,0.0
LH_890,890,0.51209,/home/ml/thesis-camels/data/raw/CAMELS_SIMBA_1000U/LH_890_hlist_0.51209.list,PASS,,5434,5434,True,0,0.0
LH_890,890,0.75065,/home/ml/thesis-camels/data/raw/CAMELS_SIMBA_1000U/LH_890_hlist_0.75065.list,PASS,,6030,6030,True,0,0.0
LH_890,890,1.00000,/home/ml/thesis-camels/data/raw/CAMELS_SIMBA_1000U/LH_890_hlist_1.00000.list,PASS,,6610,6610,True,0,0.0
LH_891,891,0.20000,/home/ml/thesis-camels/data/raw/CAMELS_SIMBA_1000U/LH_891_hlist_0.20000.list,PASS,,4011,4011,True,0,0.0
LH_891,891,0.25000,/home/ml/thesis-camels/data/raw/CAMELS_SIMBA_1000U/LH_891_hlist_0.25000.list,PASS,,5485,5485,True,0,0.0
LH_891,891,0.51209,/home/ml/thesis-camels/data/raw/CAMELS_SIMBA_1000U/LH_891_hlist_0.51209.list,PASS,,8610,8610,True,0,0.0
LH_891,891,0.75065,/home/ml/thesis-camels/data/raw/CAMELS_SIMBA_1000U/LH_891_hlist_0.75065.list,PASS,,8210,8210,True,0,0.0
LH_891,891,1.00000,/home/ml/thesis-camels/data/raw/CAMELS_SIMBA_1000U/LH_891_hlist_1.00000.list,PASS,,8171,8171,True,0,0.0
LH_892,892,0.20000,/home/ml/thesis-camels/data/raw/CAMELS_SIMBA_1000U/LH_892_hlist_0.20000.list,PASS,,1907,1907,True,0,0.0
LH_892,892,0.25000,/home/ml/thesis-camels/data/raw/CAMELS_SIMBA_1000U/LH_892_hlist_0.25000.list,PASS,,3309,3309,True,0,0.0
LH_892,892,0.51209,/home/ml/thesis-camels/data/raw/CAMELS_SIMBA_1000U/LH_892_hlist_0.51209.list,PASS,,5437,5437,True,0,0.0
LH_892,892,0.75065,/home/ml/thesis-camels/data/raw/CAMELS_SIMBA_1000U/LH_892_hlist_0.75065.list,PASS,,5476,5476,True,0,0.0
LH_892,892,1.00000,/home/ml/thesis-camels/data/raw/CAMELS_SIMBA_1000U/LH_892_hlist_1.00000.list,PASS,,5859,5859,True,0,0.0
LH_893,893,0.20000,/home/ml/thesis-camels/data/raw/CAMELS_SIMBA_1000U/LH_893_hlist_0.20000.list,PASS,,2151,2151,True,0,0.0
LH_893,893,0.25000,/home/ml/thesis-camels/data/raw/CAMELS_SIMBA_1000U/LH_893_hlist_0.25000.list,PASS,,3528,3528,True,0,0.0
LH_893,893,0.51209,/home/ml/thesis-camels/data/raw/CAMELS_SIMBA_1000U/LH_893_hlist_0.51209.list,PASS,,4701,4701,True,0,0.0
LH_893,893,0.75065,/home/ml/thesis-camels/data/raw/CAMELS_SIMBA_1000U/LH_893_hlist_0.75065.list,PASS,,4794,4794,True,0,0.0
LH_893,893,1.00000,/home/ml/thesis-camels/data/raw/CAMELS_SIMBA_1000U/LH_893_hlist_1.00000.list,PASS,,5197,5197,True,0,0.0
LH_894,894,0.20000,/home/ml/thesis-camels/data/raw/CAMELS_SIMBA_1000U/LH_894_hlist_0.20000.list,PASS,,5877,5877,True,0,0.0
LH_894,894,0.25000,/home/ml/thesis-camels/data/raw/CAMELS_SIMBA_1000U/LH_894_hlist_0.25000.list,PASS,,6842,6842,True,0,0.0
LH_894,894,0.51209,/home/ml/thesis-camels/data/raw/CAMELS_SIMBA_1000U/LH_894_hlist_0.51209.list,PASS,,6999,6999,True,0,0.0
LH_894,894,0.75065,/home/ml/thesis-camels/data/raw/CAMELS_SIMBA_1000U/LH_894_hlist_0.75065.list,PASS,,6283,6283,True,0,0.0
LH_894,894,1.00000,/home/ml/thesis-camels/data/raw/CAMELS_SIMBA_1000U/LH_894_hlist_1.00000.list,PASS,,6299,6299,True,0,0.0
LH_895,895,0.20000,/home/ml/thesis-camels/data/raw/CAMELS_SIMBA_1000U/LH_895_hlist_0.20000.list,PASS,,4972,4972,True,0,0.0
LH_895,895,0.25000,/home/ml/thesis-camels/data/raw/CAMELS_SIMBA_1000U/LH_895_hlist_0.25000.list,PASS,,6490,6490,True,0,0.0
LH_895,895,0.51209,/home/ml/thesis-camels/data/raw/CAMELS_SIMBA_1000U/LH_895_hlist_0.51209.list,PASS,,8049,8049,True,0,0.0
LH_895,895,0.75065,/home/ml/thesis-camels/data/raw/CAMELS_SIMBA_1000U/LH_895_hlist_0.75065.list,PASS,,7270,7270,True,0,0.0
LH_895,895,1.00000,/home/ml/thesis-camels/data/raw/CAMELS_SIMBA_1000U/LH_895_hlist_1.00000.list,PASS,,7057,7057,True,0,0.0
LH_896,896,0.20000,/home/ml/thesis-camels/data/raw/CAMELS_SIMBA_1000U/LH_896_hlist_0.20000.list,PASS,,1320,1320,False,180,12.0
LH_896,896,0.25000,/home/ml/thesis-camels/data/raw/CAMELS_SIMBA_1000U/LH_896_hlist_0.25000.list,PASS,,2474,2474,True,0,0.0
LH_896,896,0.51209,/home/ml/thesis-camels/data/raw/CAMELS_SIMBA_1000U/LH_896_hlist_0.51209.list,PASS,,6397,6397,True,0,0.0
LH_896,896,0.75065,/home/ml/thesis-camels/data/raw/CAMELS_SIMBA_1000U/LH_896_hlist_0.75065.list,PASS,,6633,6633,True,0,0.0
LH_896,896,1.00000,/home/ml/thesis-camels/data/raw/CAMELS_SIMBA_1000U/LH_896_hlist_1.00000.list,PASS,,7132,7132,True,0,0.0
LH_897,897,0.20000,/home/ml/thesis-camels/data/raw/CAMELS_SIMBA_1000U/LH_897_hlist_0.20000.list,PASS,,770,770,False,730,48.666666666666664
LH_897,897,0.25000,/home/ml/thesis-camels/data/raw/CAMELS_SIMBA_1000U/LH_897_hlist_0.25000.list,PASS,,1875,1875,True,0,0.0
LH_897,897,0.51209,/home/ml/thesis-camels/data/raw/CAMELS_SIMBA_1000U/LH_897_hlist_0.51209.list,PASS,,3676,3676,True,0,0.0
LH_897,897,0.75065,/home/ml/thesis-camels/data/raw/CAMELS_SIMBA_1000U/LH_897_hlist_0.75065.list,PASS,,4017,4017,True,0,0.0
LH_897,897,1.00000,/home/ml/thesis-camels/data/raw/CAMELS_SIMBA_1000U/LH_897_hlist_1.00000.list,PASS,,4645,4645,True,0,0.0
LH_898,898,0.20000,/home/ml/thesis-camels/data/raw/CAMELS_SIMBA_1000U/LH_898_hlist_0.20000.list,PASS,,3906,3906,True,0,0.0
LH_898,898,0.25000,/home/ml/thesis-camels/data/raw/CAMELS_SIMBA_1000U/LH_898_hlist_0.25000.list,PASS,,4923,4923,True,0,0.0
LH_898,898,0.51209,/home/ml/thesis-camels/data/raw/CAMELS_SIMBA_1000U/LH_898_hlist_0.51209.list,PASS,,5296,5296,True,0,0.0
LH_898,898,0.75065,/home/ml/thesis-camels/data/raw/CAMELS_SIMBA_1000U/LH_898_hlist_0.75065.list,PASS,,5252,5252,True,0,0.0
LH_898,898,1.00000,/home/ml/thesis-camels/data/raw/CAMELS_SIMBA_1000U/LH_898_hlist_1.00000.list,PASS,,5644,5644,True,0,0.0
LH_899,899,0.20000,/home/ml/thesis-camels/data/raw/CAMELS_SIMBA_1000U/LH_899_hlist_0.20000.list,PASS,,3352,3352,True,0,0.0
LH_899,899,0.25000,/home/ml/thesis-camels/data/raw/CAMELS_SIMBA_1000U/LH_899_hlist_0.25000.list,PASS,,4419,4419,True,0,0.0
LH_899,899,0.51209,/home/ml/thesis-camels/data/raw/CAMELS_SIMBA_1000U/LH_899_hlist_0.51209.list,PASS,,5424,5424,True,0,0.0
LH_899,899,0.75065,/home/ml/thesis-camels/data/raw/CAMELS_SIMBA_1000U/LH_899_hlist_0.75065.list,PASS,,5330,5330,True,0,0.0
LH_899,899,1.00000,/home/ml/thesis-camels/data/raw/CAMELS_SIMBA_1000U/LH_899_hlist_1.00000.list,PASS,,5757,5757,True,0,0.0
LH_900,900,0.20000,/home/ml/thesis-camels/data/raw/CAMELS_SIMBA_1000U/LH_900_hlist_0.20000.list,PASS,,3280,3280,True,0,0.0
LH_900,900,0.25000,/home/ml/thesis-camels/data/raw/CAMELS_SIMBA_1000U/LH_900_hlist_0.25000.list,PASS,,4743,4743,True,0,0.0
LH_900,900,0.51209,/home/ml/thesis-camels/data/raw/CAMELS_SIMBA_1000U/LH_900_hlist_0.51209.list,PASS,,5690,5690,True,0,0.0
LH_900,900,0.75065,/home/ml/thesis-camels/data/raw/CAMELS_SIMBA_1000U/LH_900_hlist_0.75065.list,PASS,,5516,5516,True,0,0.0
LH_900,900,1.00000,/home/ml/thesis-camels/data/raw/CAMELS_SIMBA_1000U/LH_900_hlist_1.00000.list,PASS,,5916,5916,True,0,0.0
LH_901,901,0.20000,/home/ml/thesis-camels/data/raw/CAMELS_SIMBA_1000U/LH_901_hlist_0.20000.list,PASS,,4969,4969,True,0,0.0
LH_901,901,0.25000,/home/ml/thesis-camels/data/raw/CAMELS_SIMBA_1000U/LH_901_hlist_0.25000.list,PASS,,6116,6116,True,0,0.0
LH_901,901,0.51209,/home/ml/thesis-camels/data/raw/CAMELS_SIMBA_1000U/LH_901_hlist_0.51209.list,PASS,,6576,6576,True,0,0.0
LH_901,901,0.75065,/home/ml/thesis-camels/data/raw/CAMELS_SIMBA_1000U/LH_901_hlist_0.75065.list,PASS,,6054,6054,True,0,0.0
LH_901,901,1.00000,/home/ml/thesis-camels/data/raw/CAMELS_SIMBA_1000U/LH_901_hlist_1.00000.list,PASS,,6168,6168,True,0,0.0
LH_902,902,0.20000,/home/ml/thesis-camels/data/raw/CAMELS_SIMBA_1000U/LH_902_hlist_0.20000.list,PASS,,2164,2164,True,0,0.0
LH_902,902,0.25000,/home/ml/thesis-camels/data/raw/CAMELS_SIMBA_1000U/LH_902_hlist_0.25000.list,PASS,,3207,3207,True,0,0.0
LH_902,902,0.51209,/home/ml/thesis-camels/data/raw/CAMELS_SIMBA_1000U/LH_902_hlist_0.51209.list,PASS,,4173,4173,True,0,0.0
LH_902,902,0.75065,/home/ml/thesis-camels/data/raw/CAMELS_SIMBA_1000U/LH_902_hlist_0.75065.list,PASS,,4288,4288,True,0,0.0
LH_902,902,1.00000,/home/ml/thesis-camels/data/raw/CAMELS_SIMBA_1000U/LH_902_hlist_1.00000.list,PASS,,4743,4743,True,0,0.0
LH_903,903,0.20000,/home/ml/thesis-camels/data/raw/CAMELS_SIMBA_1000U/LH_903_hlist_0.20000.list,PASS,,1566,1566,True,0,0.0
LH_903,903,0.25000,/home/ml/thesis-camels/data/raw/CAMELS_SIMBA_1000U/LH_903_hlist_0.25000.list,PASS,,2621,2621,True,0,0.0
LH_903,903,0.51209,/home/ml/thesis-camels/data/raw/CAMELS_SIMBA_1000U/LH_903_hlist_0.51209.list,PASS,,4754,4754,True,0,0.0
LH_903,903,0.75065,/home/ml/thesis-camels/data/raw/CAMELS_SIMBA_1000U/LH_903_hlist_0.75065.list,PASS,,5125,5125,True,0,0.0
LH_903,903,1.00000,/home/ml/thesis-camels/data/raw/CAMELS_SIMBA_1000U/LH_903_hlist_1.00000.list,PASS,,5672,5672,True,0,0.0
LH_904,904,0.20000,/home/ml/thesis-camels/data/raw/CAMELS_SIMBA_1000U/LH_904_hlist_0.20000.list,PASS,,5272,5272,True,0,0.0
LH_904,904,0.25000,/home/ml/thesis-camels/data/raw/CAMELS_SIMBA_1000U/LH_904_hlist_0.25000.list,PASS,,6866,6866,True,0,0.0
LH_904,904,0.51209,/home/ml/thesis-camels/data/raw/CAMELS_SIMBA_1000U/LH_904_hlist_0.51209.list,PASS,,7525,7525,True,0,0.0
LH_904,904,0.75065,/home/ml/thesis-camels/data/raw/CAMELS_SIMBA_1000U/LH_904_hlist_0.75065.list,PASS,,6414,6414,True,0,0.0
LH_904,904,1.00000,/home/ml/thesis-camels/data/raw/CAMELS_SIMBA_1000U/LH_904_hlist_1.00000.list,PASS,,6245,6245,True,0,0.0
LH_905,905,0.20000,/home/ml/thesis-camels/data/raw/CAMELS_SIMBA_1000U/LH_905_hlist_0.20000.list,PASS,,2305,2305,True,0,0.0
LH_905,905,0.25000,/home/ml/thesis-camels/data/raw/CAMELS_SIMBA_1000U/LH_905_hlist_0.25000.list,PASS,,3774,3774,True,0,0.0
LH_905,905,0.51209,/home/ml/thesis-camels/data/raw/CAMELS_SIMBA_1000U/LH_905_hlist_0.51209.list,PASS,,6898,6898,True,0,0.0
LH_905,905,0.75065,/home/ml/thesis-camels/data/raw/CAMELS_SIMBA_1000U/LH_905_hlist_0.75065.list,PASS,,6758,6758,True,0,0.0
LH_905,905,1.00000,/home/ml/thesis-camels/data/raw/CAMELS_SIMBA_1000U/LH_905_hlist_1.00000.list,PASS,,7098,7098,True,0,0.0
LH_906,906,0.20000,/home/ml/thesis-camels/data/raw/CAMELS_SIMBA_1000U/LH_906_hlist_0.20000.list,PASS,,4449,4449,True,0,0.0
LH_906,906,0.25000,/home/ml/thesis-camels/data/raw/CAMELS_SIMBA_1000U/LH_906_hlist_0.25000.list,PASS,,6327,6327,True,0,0.0
LH_906,906,0.51209,/home/ml/thesis-camels/data/raw/CAMELS_SIMBA_1000U/LH_906_hlist_0.51209.list,PASS,,8550,8550,True,0,0.0
LH_906,906,0.75065,/home/ml/thesis-camels/data/raw/CAMELS_SIMBA_1000U/LH_906_hlist_0.75065.list,PASS,,7915,7915,True,0,0.0
LH_906,906,1.00000,/home/ml/thesis-camels/data/raw/CAMELS_SIMBA_1000U/LH_906_hlist_1.00000.list,PASS,,7496,7496,True,0,0.0
LH_907,907,0.20000,/home/ml/thesis-camels/data/raw/CAMELS_SIMBA_1000U/LH_907_hlist_0.20000.list,PASS,,6548,6548,True,0,0.0
LH_907,907,0.25000,/home/ml/thesis-camels/data/raw/CAMELS_SIMBA_1000U/LH_907_hlist_0.25000.list,PASS,,7492,7492,True,0,0.0
LH_907,907,0.51209,/home/ml/thesis-camels/data/raw/CAMELS_SIMBA_1000U/LH_907_hlist_0.51209.list,PASS,,7164,7164,True,0,0.0
LH_907,907,0.75065,/home/ml/thesis-camels/data/raw/CAMELS_SIMBA_1000U/LH_907_hlist_0.75065.list,PASS,,6191,6191,True,0,0.0
LH_907,907,1.00000,/home/ml/thesis-camels/data/raw/CAMELS_SIMBA_1000U/LH_907_hlist_1.00000.list,PASS,,6180,6180,True,0,0.0
LH_908,908,0.20000,/home/ml/thesis-camels/data/raw/CAMELS_SIMBA_1000U/LH_908_hlist_0.20000.list,PASS,,3144,3144,True,0,0.0
LH_908,908,0.25000,/home/ml/thesis-camels/data/raw/CAMELS_SIMBA_1000U/LH_908_hlist_0.25000.list,PASS,,4612,4612,True,0,0.0
LH_908,908,0.51209,/home/ml/thesis-camels/data/raw/CAMELS_SIMBA_1000U/LH_908_hlist_0.51209.list,PASS,,6330,6330,True,0,0.0
LH_908,908,0.75065,/home/ml/thesis-camels/data/raw/CAMELS_SIMBA_1000U/LH_908_hlist_0.75065.list,PASS,,6191,6191,True,0,0.0
LH_908,908,1.00000,/home/ml/thesis-camels/data/raw/CAMELS_SIMBA_1000U/LH_908_hlist_1.00000.list,PASS,,6577,6577,True,0,0.0
LH_909,909,0.20000,/home/ml/thesis-camels/data/raw/CAMELS_SIMBA_1000U/LH_909_hlist_0.20000.list,PASS,,3876,3876,True,0,0.0
LH_909,909,0.25000,/home/ml/thesis-camels/data/raw/CAMELS_SIMBA_1000U/LH_909_hlist_0.25000.list,PASS,,5424,5424,True,0,0.0
LH_909,909,0.51209,/home/ml/thesis-camels/data/raw/CAMELS_SIMBA_1000U/LH_909_hlist_0.51209.list,PASS,,7948,7948,True,0,0.0
LH_909,909,0.75065,/home/ml/thesis-camels/data/raw/CAMELS_SIMBA_1000U/LH_909_hlist_0.75065.list,PASS,,7457,7457,True,0,0.0
LH_909,909,1.00000,/home/ml/thesis-camels/data/raw/CAMELS_SIMBA_1000U/LH_909_hlist_1.00000.list,PASS,,7481,7481,True,0,0.0
LH_910,910,0.20000,/home/ml/thesis-camels/data/raw/CAMELS_SIMBA_1000U/LH_910_hlist_0.20000.list,PASS,,4183,4183,True,0,0.0
LH_910,910,0.25000,/home/ml/thesis-camels/data/raw/CAMELS_SIMBA_1000U/LH_910_hlist_0.25000.list,PASS,,5503,5503,True,0,0.0
LH_910,910,0.51209,/home/ml/thesis-camels/data/raw/CAMELS_SIMBA_1000U/LH_910_hlist_0.51209.list,PASS,,6318,6318,True,0,0.0
LH_910,910,0.75065,/home/ml/thesis-camels/data/raw/CAMELS_SIMBA_1000U/LH_910_hlist_0.75065.list,PASS,,5883,5883,True,0,0.0
LH_910,910,1.00000,/home/ml/thesis-camels/data/raw/CAMELS_SIMBA_1000U/LH_910_hlist_1.00000.list,PASS,,6125,6125,True,0,0.0
LH_911,911,0.20000,/home/ml/thesis-camels/data/raw/CAMELS_SIMBA_1000U/LH_911_hlist_0.20000.list,PASS,,5800,5800,True,0,0.0
LH_911,911,0.25000,/home/ml/thesis-camels/data/raw/CAMELS_SIMBA_1000U/LH_911_hlist_0.25000.list,PASS,,6854,6854,True,0,0.0
LH_911,911,0.51209,/home/ml/thesis-camels/data/raw/CAMELS_SIMBA_1000U/LH_911_hlist_0.51209.list,PASS,,7070,7070,True,0,0.0
LH_911,911,0.75065,/home/ml/thesis-camels/data/raw/CAMELS_SIMBA_1000U/LH_911_hlist_0.75065.list,PASS,,6066,6066,True,0,0.0
LH_911,911,1.00000,/home/ml/thesis-camels/data/raw/CAMELS_SIMBA_1000U/LH_911_hlist_1.00000.list,PASS,,6003,6003,True,0,0.0
LH_912,912,0.20000,/home/ml/thesis-camels/data/raw/CAMELS_SIMBA_1000U/LH_912_hlist_0.20000.list,PASS,,1361,1361,False,139,9.266666666666667
LH_912,912,0.25000,/home/ml/thesis-camels/data/raw/CAMELS_SIMBA_1000U/LH_912_hlist_0.25000.list,PASS,,2865,2865,True,0,0.0
LH_912,912,0.51209,/home/ml/thesis-camels/data/raw/CAMELS_SIMBA_1000U/LH_912_hlist_0.51209.list,PASS,,6364,6364,True,0,0.0
LH_912,912,0.75065,/home/ml/thesis-camels/data/raw/CAMELS_SIMBA_1000U/LH_912_hlist_0.75065.list,PASS,,6765,6765,True,0,0.0
LH_912,912,1.00000,/home/ml/thesis-camels/data/raw/CAMELS_SIMBA_1000U/LH_912_hlist_1.00000.list,PASS,,7298,7298,True,0,0.0
LH_913,913,0.20000,/home/ml/thesis-camels/data/raw/CAMELS_SIMBA_1000U/LH_913_hlist_0.20000.list,PASS,,3165,3165,True,0,0.0
LH_913,913,0.25000,/home/ml/thesis-camels/data/raw/CAMELS_SIMBA_1000U/LH_913_hlist_0.25000.list,PASS,,4874,4874,True,0,0.0
LH_913,913,0.51209,/home/ml/thesis-camels/data/raw/CAMELS_SIMBA_1000U/LH_913_hlist_0.51209.list,PASS,,7146,7146,True,0,0.0
LH_913,913,0.75065,/home/ml/thesis-camels/data/raw/CAMELS_SIMBA_1000U/LH_913_hlist_0.75065.list,PASS,,6840,6840,True,0,0.0
LH_913,913,1.00000,/home/ml/thesis-camels/data/raw/CAMELS_SIMBA_1000U/LH_913_hlist_1.00000.list,PASS,,6841,6841,True,0,0.0
LH_914,914,0.20000,/home/ml/thesis-camels/data/raw/CAMELS_SIMBA_1000U/LH_914_hlist_0.20000.list,PASS,,3423,3423,True,0,0.0
LH_914,914,0.25000,/home/ml/thesis-camels/data/raw/CAMELS_SIMBA_1000U/LH_914_hlist_0.25000.list,PASS,,5264,5264,True,0,0.0
LH_914,914,0.51209,/home/ml/thesis-camels/data/raw/CAMELS_SIMBA_1000U/LH_914_hlist_0.51209.list,PASS,,8266,8266,True,0,0.0
LH_914,914,0.75065,/home/ml/thesis-camels/data/raw/CAMELS_SIMBA_1000U/LH_914_hlist_0.75065.list,PASS,,7768,7768,True,0,0.0
LH_914,914,1.00000,/home/ml/thesis-camels/data/raw/CAMELS_SIMBA_1000U/LH_914_hlist_1.00000.list,PASS,,7664,7664,True,0,0.0
LH_915,915,0.20000,/home/ml/thesis-camels/data/raw/CAMELS_SIMBA_1000U/LH_915_hlist_0.20000.list,PASS,,8601,8601,True,0,0.0
LH_915,915,0.25000,/home/ml/thesis-camels/data/raw/CAMELS_SIMBA_1000U/LH_915_hlist_0.25000.list,PASS,,9259,9259,True,0,0.0
LH_915,915,0.51209,/home/ml/thesis-camels/data/raw/CAMELS_SIMBA_1000U/LH_915_hlist_0.51209.list,PASS,,7818,7818,True,0,0.0
LH_915,915,0.75065,/home/ml/thesis-camels/data/raw/CAMELS_SIMBA_1000U/LH_915_hlist_0.75065.list,PASS,,6492,6492,True,0,0.0
LH_915,915,1.00000,/home/ml/thesis-camels/data/raw/CAMELS_SIMBA_1000U/LH_915_hlist_1.00000.list,PASS,,6133,6133,True,0,0.0
LH_916,916,0.20000,/home/ml/thesis-camels/data/raw/CAMELS_SIMBA_1000U/LH_916_hlist_0.20000.list,PASS,,8984,8984,True,0,0.0
LH_916,916,0.25000,/home/ml/thesis-camels/data/raw/CAMELS_SIMBA_1000U/LH_916_hlist_0.25000.list,PASS,,9500,9500,True,0,0.0
LH_916,916,0.51209,/home/ml/thesis-camels/data/raw/CAMELS_SIMBA_1000U/LH_916_hlist_0.51209.list,PASS,,7473,7473,True,0,0.0
LH_916,916,0.75065,/home/ml/thesis-camels/data/raw/CAMELS_SIMBA_1000U/LH_916_hlist_0.75065.list,PASS,,5845,5845,True,0,0.0
LH_916,916,1.00000,/home/ml/thesis-camels/data/raw/CAMELS_SIMBA_1000U/LH_916_hlist_1.00000.list,PASS,,5500,5500,True,0,0.0
LH_917,917,0.20000,/home/ml/thesis-camels/data/raw/CAMELS_SIMBA_1000U/LH_917_hlist_0.20000.list,PASS,,7220,7220,True,0,0.0
LH_917,917,0.25000,/home/ml/thesis-camels/data/raw/CAMELS_SIMBA_1000U/LH_917_hlist_0.25000.list,PASS,,8346,8346,True,0,0.0
LH_917,917,0.51209,/home/ml/thesis-camels/data/raw/CAMELS_SIMBA_1000U/LH_917_hlist_0.51209.list,PASS,,7653,7653,True,0,0.0
LH_917,917,0.75065,/home/ml/thesis-camels/data/raw/CAMELS_SIMBA_1000U/LH_917_hlist_0.75065.list,PASS,,6298,6298,True,0,0.0
LH_917,917,1.00000,/home/ml/thesis-camels/data/raw/CAMELS_SIMBA_1000U/LH_917_hlist_1.00000.list,PASS,,6108,6108,True,0,0.0
LH_918,918,0.20000,/home/ml/thesis-camels/data/raw/CAMELS_SIMBA_1000U/LH_918_hlist_0.20000.list,PASS,,5332,5332,True,0,0.0
LH_918,918,0.25000,/home/ml/thesis-camels/data/raw/CAMELS_SIMBA_1000U/LH_918_hlist_0.25000.list,PASS,,6715,6715,True,0,0.0
LH_918,918,0.51209,/home/ml/thesis-camels/data/raw/CAMELS_SIMBA_1000U/LH_918_hlist_0.51209.list,PASS,,7563,7563,True,0,0.0
LH_918,918,0.75065,/home/ml/thesis-camels/data/raw/CAMELS_SIMBA_1000U/LH_918_hlist_0.75065.list,PASS,,6913,6913,True,0,0.0
LH_918,918,1.00000,/home/ml/thesis-camels/data/raw/CAMELS_SIMBA_1000U/LH_918_hlist_1.00000.list,PASS,,6926,6926,True,0,0.0
LH_919,919,0.20000,/home/ml/thesis-camels/data/raw/CAMELS_SIMBA_1000U/LH_919_hlist_0.20000.list,PASS,,3259,3259,True,0,0.0
LH_919,919,0.25000,/home/ml/thesis-camels/data/raw/CAMELS_SIMBA_1000U/LH_919_hlist_0.25000.list,PASS,,4625,4625,True,0,0.0
LH_919,919,0.51209,/home/ml/thesis-camels/data/raw/CAMELS_SIMBA_1000U/LH_919_hlist_0.51209.list,PASS,,6202,6202,True,0,0.0
LH_919,919,0.75065,/home/ml/thesis-camels/data/raw/CAMELS_SIMBA_1000U/LH_919_hlist_0.75065.list,PASS,,6255,6255,True,0,0.0
LH_919,919,1.00000,/home/ml/thesis-camels/data/raw/CAMELS_SIMBA_1000U/LH_919_hlist_1.00000.list,PASS,,6664,6664,True,0,0.0
LH_920,920,0.20000,/home/ml/thesis-camels/data/raw/CAMELS_SIMBA_1000U/LH_920_hlist_0.20000.list,PASS,,5921,5921,True,0,0.0
LH_920,920,0.25000,/home/ml/thesis-camels/data/raw/CAMELS_SIMBA_1000U/LH_920_hlist_0.25000.list,PASS,,7206,7206,True,0,0.0
LH_920,920,0.51209,/home/ml/thesis-camels/data/raw/CAMELS_SIMBA_1000U/LH_920_hlist_0.51209.list,PASS,,8359,8359,True,0,0.0
LH_920,920,0.75065,/home/ml/thesis-camels/data/raw/CAMELS_SIMBA_1000U/LH_920_hlist_0.75065.list,PASS,,7314,7314,True,0,0.0
LH_920,920,1.00000,/home/ml/thesis-camels/data/raw/CAMELS_SIMBA_1000U/LH_920_hlist_1.00000.list,PASS,,6895,6895,True,0,0.0
LH_921,921,0.20000,/home/ml/thesis-camels/data/raw/CAMELS_SIMBA_1000U/LH_921_hlist_0.20000.list,PASS,,3339,3339,True,0,0.0
LH_921,921,0.25000,/home/ml/thesis-camels/data/raw/CAMELS_SIMBA_1000U/LH_921_hlist_0.25000.list,PASS,,4995,4995,True,0,0.0
LH_921,921,0.51209,/home/ml/thesis-camels/data/raw/CAMELS_SIMBA_1000U/LH_921_hlist_0.51209.list,PASS,,6908,6908,True,0,0.0
LH_921,921,0.75065,/home/ml/thesis-camels/data/raw/CAMELS_SIMBA_1000U/LH_921_hlist_0.75065.list,PASS,,6554,6554,True,0,0.0
LH_921,921,1.00000,/home/ml/thesis-camels/data/raw/CAMELS_SIMBA_1000U/LH_921_hlist_1.00000.list,PASS,,6688,6688,True,0,0.0
LH_922,922,0.20000,/home/ml/thesis-camels/data/raw/CAMELS_SIMBA_1000U/LH_922_hlist_0.20000.list,PASS,,6960,6960,True,0,0.0
LH_922,922,0.25000,/home/ml/thesis-camels/data/raw/CAMELS_SIMBA_1000U/LH_922_hlist_0.25000.list,PASS,,7998,7998,True,0,0.0
LH_922,922,0.51209,/home/ml/thesis-camels/data/raw/CAMELS_SIMBA_1000U/LH_922_hlist_0.51209.list,PASS,,7814,7814,True,0,0.0
LH_922,922,0.75065,/home/ml/thesis-camels/data/raw/CAMELS_SIMBA_1000U/LH_922_hlist_0.75065.list,PASS,,6708,6708,True,0,0.0
LH_922,922,1.00000,/home/ml/thesis-camels/data/raw/CAMELS_SIMBA_1000U/LH_922_hlist_1.00000.list,PASS,,6233,6233,True,0,0.0
LH_923,923,0.20000,/home/ml/thesis-camels/data/raw/CAMELS_SIMBA_1000U/LH_923_hlist_0.20000.list,PASS,,3659,3659,True,0,0.0
LH_923,923,0.25000,/home/ml/thesis-camels/data/raw/CAMELS_SIMBA_1000U/LH_923_hlist_0.25000.list,PASS,,5389,5389,True,0,0.0
LH_923,923,0.51209,/home/ml/thesis-camels/data/raw/CAMELS_SIMBA_1000U/LH_923_hlist_0.51209.list,PASS,,7646,7646,True,0,0.0
LH_923,923,0.75065,/home/ml/thesis-camels/data/raw/CAMELS_SIMBA_1000U/LH_923_hlist_0.75065.list,PASS,,7304,7304,True,0,0.0
LH_923,923,1.00000,/home/ml/thesis-camels/data/raw/CAMELS_SIMBA_1000U/LH_923_hlist_1.00000.list,PASS,,7460,7460,True,0,0.0
LH_924,924,0.20000,/home/ml/thesis-camels/data/raw/CAMELS_SIMBA_1000U/LH_924_hlist_0.20000.list,PASS,,5617,5617,True,0,0.0
LH_924,924,0.25000,/home/ml/thesis-camels/data/raw/CAMELS_SIMBA_1000U/LH_924_hlist_0.25000.list,PASS,,6759,6759,True,0,0.0
LH_924,924,0.51209,/home/ml/thesis-camels/data/raw/CAMELS_SIMBA_1000U/LH_924_hlist_0.51209.list,PASS,,7111,7111,True,0,0.0
LH_924,924,0.75065,/home/ml/thesis-camels/data/raw/CAMELS_SIMBA_1000U/LH_924_hlist_0.75065.list,PASS,,6295,6295,True,0,0.0
LH_924,924,1.00000,/home/ml/thesis-camels/data/raw/CAMELS_SIMBA_1000U/LH_924_hlist_1.00000.list,PASS,,6437,6437,True,0,0.0
LH_925,925,0.20000,/home/ml/thesis-camels/data/raw/CAMELS_SIMBA_1000U/LH_925_hlist_0.20000.list,PASS,,3453,3453,True,0,0.0
LH_925,925,0.25000,/home/ml/thesis-camels/data/raw/CAMELS_SIMBA_1000U/LH_925_hlist_0.25000.list,PASS,,4772,4772,True,0,0.0
LH_925,925,0.51209,/home/ml/thesis-camels/data/raw/CAMELS_SIMBA_1000U/LH_925_hlist_0.51209.list,PASS,,5649,5649,True,0,0.0
LH_925,925,0.75065,/home/ml/thesis-camels/data/raw/CAMELS_SIMBA_1000U/LH_925_hlist_0.75065.list,PASS,,5647,5647,True,0,0.0
LH_925,925,1.00000,/home/ml/thesis-camels/data/raw/CAMELS_SIMBA_1000U/LH_925_hlist_1.00000.list,PASS,,5909,5909,True,0,0.0
LH_926,926,0.20000,/home/ml/thesis-camels/data/raw/CAMELS_SIMBA_1000U/LH_926_hlist_0.20000.list,PASS,,8436,8436,True,0,0.0
LH_926,926,0.25000,/home/ml/thesis-camels/data/raw/CAMELS_SIMBA_1000U/LH_926_hlist_0.25000.list,PASS,,9329,9329,True,0,0.0
LH_926,926,0.51209,/home/ml/thesis-camels/data/raw/CAMELS_SIMBA_1000U/LH_926_hlist_0.51209.list,PASS,,7858,7858,True,0,0.0
LH_926,926,0.75065,/home/ml/thesis-camels/data/raw/CAMELS_SIMBA_1000U/LH_926_hlist_0.75065.list,PASS,,6412,6412,True,0,0.0
LH_926,926,1.00000,/home/ml/thesis-camels/data/raw/CAMELS_SIMBA_1000U/LH_926_hlist_1.00000.list,PASS,,5876,5876,True,0,0.0
LH_927,927,0.20000,/home/ml/thesis-camels/data/raw/CAMELS_SIMBA_1000U/LH_927_hlist_0.20000.list,PASS,,2416,2416,True,0,0.0
LH_927,927,0.25000,/home/ml/thesis-camels/data/raw/CAMELS_SIMBA_1000U/LH_927_hlist_0.25000.list,PASS,,3430,3430,True,0,0.0
LH_927,927,0.51209,/home/ml/thesis-camels/data/raw/CAMELS_SIMBA_1000U/LH_927_hlist_0.51209.list,PASS,,4569,4569,True,0,0.0
LH_927,927,0.75065,/home/ml/thesis-camels/data/raw/CAMELS_SIMBA_1000U/LH_927_hlist_0.75065.list,PASS,,4812,4812,True,0,0.0
LH_927,927,1.00000,/home/ml/thesis-camels/data/raw/CAMELS_SIMBA_1000U/LH_927_hlist_1.00000.list,PASS,,5337,5337,True,0,0.0
LH_928,928,0.20000,/home/ml/thesis-camels/data/raw/CAMELS_SIMBA_1000U/LH_928_hlist_0.20000.list,PASS,,4261,4261,True,0,0.0
LH_928,928,0.25000,/home/ml/thesis-camels/data/raw/CAMELS_SIMBA_1000U/LH_928_hlist_0.25000.list,PASS,,5842,5842,True,0,0.0
LH_928,928,0.51209,/home/ml/thesis-camels/data/raw/CAMELS_SIMBA_1000U/LH_928_hlist_0.51209.list,PASS,,8541,8541,True,0,0.0
LH_928,928,0.75065,/home/ml/thesis-camels/data/raw/CAMELS_SIMBA_1000U/LH_928_hlist_0.75065.list,PASS,,7883,7883,True,0,0.0
LH_928,928,1.00000,/home/ml/thesis-camels/data/raw/CAMELS_SIMBA_1000U/LH_928_hlist_1.00000.list,PASS,,7565,7565,True,0,0.0
LH_929,929,0.20000,/home/ml/thesis-camels/data/raw/CAMELS_SIMBA_1000U/LH_929_hlist_0.20000.list,PASS,,6015,6015,True,0,0.0
LH_929,929,0.25000,/home/ml/thesis-camels/data/raw/CAMELS_SIMBA_1000U/LH_929_hlist_0.25000.list,PASS,,7530,7530,True,0,0.0
LH_929,929,0.51209,/home/ml/thesis-camels/data/raw/CAMELS_SIMBA_1000U/LH_929_hlist_0.51209.list,PASS,,8415,8415,True,0,0.0
LH_929,929,0.75065,/home/ml/thesis-camels/data/raw/CAMELS_SIMBA_1000U/LH_929_hlist_0.75065.list,PASS,,7332,7332,True,0,0.0
LH_929,929,1.00000,/home/ml/thesis-camels/data/raw/CAMELS_SIMBA_1000U/LH_929_hlist_1.00000.list,PASS,,6849,6849,True,0,0.0
LH_930,930,0.20000,/home/ml/thesis-camels/data/raw/CAMELS_SIMBA_1000U/LH_930_hlist_0.20000.list,PASS,,286,286,False,1214,80.93333333333334
LH_930,930,0.25000,/home/ml/thesis-camels/data/raw/CAMELS_SIMBA_1000U/LH_930_hlist_0.25000.list,PASS,,1421,1421,False,79,5.266666666666667
LH_930,930,0.51209,/home/ml/thesis-camels/data/raw/CAMELS_SIMBA_1000U/LH_930_hlist_0.51209.list,PASS,,4095,4095,True,0,0.0
LH_930,930,0.75065,/home/ml/thesis-camels/data/raw/CAMELS_SIMBA_1000U/LH_930_hlist_0.75065.list,PASS,,4763,4763,True,0,0.0
LH_930,930,1.00000,/home/ml/thesis-camels/data/raw/CAMELS_SIMBA_1000U/LH_930_hlist_1.00000.list,PASS,,5525,5525,True,0,0.0
LH_931,931,0.20000,/home/ml/thesis-camels/data/raw/CAMELS_SIMBA_1000U/LH_931_hlist_0.20000.list,PASS,,3237,3237,True,0,0.0
LH_931,931,0.25000,/home/ml/thesis-camels/data/raw/CAMELS_SIMBA_1000U/LH_931_hlist_0.25000.list,PASS,,4740,4740,True,0,0.0
LH_931,931,0.51209,/home/ml/thesis-camels/data/raw/CAMELS_SIMBA_1000U/LH_931_hlist_0.51209.list,PASS,,6317,6317,True,0,0.0
LH_931,931,0.75065,/home/ml/thesis-camels/data/raw/CAMELS_SIMBA_1000U/LH_931_hlist_0.75065.list,PASS,,6314,6314,True,0,0.0
LH_931,931,1.00000,/home/ml/thesis-camels/data/raw/CAMELS_SIMBA_1000U/LH_931_hlist_1.00000.list,PASS,,6493,6493,True,0,0.0
LH_932,932,0.20000,/home/ml/thesis-camels/data/raw/CAMELS_SIMBA_1000U/LH_932_hlist_0.20000.list,PASS,,6194,6194,True,0,0.0
LH_932,932,0.25000,/home/ml/thesis-camels/data/raw/CAMELS_SIMBA_1000U/LH_932_hlist_0.25000.list,PASS,,7156,7156,True,0,0.0
LH_932,932,0.51209,/home/ml/thesis-camels/data/raw/CAMELS_SIMBA_1000U/LH_932_hlist_0.51209.list,PASS,,6824,6824,True,0,0.0
LH_932,932,0.75065,/home/ml/thesis-camels/data/raw/CAMELS_SIMBA_1000U/LH_932_hlist_0.75065.list,PASS,,6182,6182,True,0,0.0
LH_932,932,1.00000,/home/ml/thesis-camels/data/raw/CAMELS_SIMBA_1000U/LH_932_hlist_1.00000.list,PASS,,6111,6111,True,0,0.0
LH_933,933,0.20000,/home/ml/thesis-camels/data/raw/CAMELS_SIMBA_1000U/LH_933_hlist_0.20000.list,PASS,,5592,5592,True,0,0.0
LH_933,933,0.25000,/home/ml/thesis-camels/data/raw/CAMELS_SIMBA_1000U/LH_933_hlist_0.25000.list,PASS,,6925,6925,True,0,0.0
LH_933,933,0.51209,/home/ml/thesis-camels/data/raw/CAMELS_SIMBA_1000U/LH_933_hlist_0.51209.list,PASS,,7479,7479,True,0,0.0
LH_933,933,0.75065,/home/ml/thesis-camels/data/raw/CAMELS_SIMBA_1000U/LH_933_hlist_0.75065.list,PASS,,6678,6678,True,0,0.0
LH_933,933,1.00000,/home/ml/thesis-camels/data/raw/CAMELS_SIMBA_1000U/LH_933_hlist_1.00000.list,PASS,,6684,6684,True,0,0.0
LH_934,934,0.20000,/home/ml/thesis-camels/data/raw/CAMELS_SIMBA_1000U/LH_934_hlist_0.20000.list,PASS,,3556,3556,True,0,0.0
LH_934,934,0.25000,/home/ml/thesis-camels/data/raw/CAMELS_SIMBA_1000U/LH_934_hlist_0.25000.list,PASS,,5132,5132,True,0,0.0
LH_934,934,0.51209,/home/ml/thesis-camels/data/raw/CAMELS_SIMBA_1000U/LH_934_hlist_0.51209.list,PASS,,8550,8550,True,0,0.0
LH_934,934,0.75065,/home/ml/thesis-camels/data/raw/CAMELS_SIMBA_1000U/LH_934_hlist_0.75065.list,PASS,,8203,8203,True,0,0.0
LH_934,934,1.00000,/home/ml/thesis-camels/data/raw/CAMELS_SIMBA_1000U/LH_934_hlist_1.00000.list,PASS,,8116,8116,True,0,0.0
LH_935,935,0.20000,/home/ml/thesis-camels/data/raw/CAMELS_SIMBA_1000U/LH_935_hlist_0.20000.list,PASS,,829,829,False,671,44.733333333333334
LH_935,935,0.25000,/home/ml/thesis-camels/data/raw/CAMELS_SIMBA_1000U/LH_935_hlist_0.25000.list,PASS,,2058,2058,True,0,0.0
LH_935,935,0.51209,/home/ml/thesis-camels/data/raw/CAMELS_SIMBA_1000U/LH_935_hlist_0.51209.list,PASS,,5647,5647,True,0,0.0
LH_935,935,0.75065,/home/ml/thesis-camels/data/raw/CAMELS_SIMBA_1000U/LH_935_hlist_0.75065.list,PASS,,6186,6186,True,0,0.0
LH_935,935,1.00000,/home/ml/thesis-camels/data/raw/CAMELS_SIMBA_1000U/LH_935_hlist_1.00000.list,PASS,,6812,6812,True,0,0.0
LH_936,936,0.20000,/home/ml/thesis-camels/data/raw/CAMELS_SIMBA_1000U/LH_936_hlist_0.20000.list,PASS,,2855,2855,True,0,0.0
LH_936,936,0.25000,/home/ml/thesis-camels/data/raw/CAMELS_SIMBA_1000U/LH_936_hlist_0.25000.list,PASS,,4087,4087,True,0,0.0
LH_936,936,0.51209,/home/ml/thesis-camels/data/raw/CAMELS_SIMBA_1000U/LH_936_hlist_0.51209.list,PASS,,5171,5171,True,0,0.0
LH_936,936,0.75065,/home/ml/thesis-camels/data/raw/CAMELS_SIMBA_1000U/LH_936_hlist_0.75065.list,PASS,,5261,5261,True,0,0.0
LH_936,936,1.00000,/home/ml/thesis-camels/data/raw/CAMELS_SIMBA_1000U/LH_936_hlist_1.00000.list,PASS,,5766,5766,True,0,0.0
LH_937,937,0.20000,/home/ml/thesis-camels/data/raw/CAMELS_SIMBA_1000U/LH_937_hlist_0.20000.list,PASS,,6268,6268,True,0,0.0
LH_937,937,0.25000,/home/ml/thesis-camels/data/raw/CAMELS_SIMBA_1000U/LH_937_hlist_0.25000.list,PASS,,7279,7279,True,0,0.0
LH_937,937,0.51209,/home/ml/thesis-camels/data/raw/CAMELS_SIMBA_1000U/LH_937_hlist_0.51209.list,PASS,,7172,7172,True,0,0.0
LH_937,937,0.75065,/home/ml/thesis-camels/data/raw/CAMELS_SIMBA_1000U/LH_937_hlist_0.75065.list,PASS,,6445,6445,True,0,0.0
LH_937,937,1.00000,/home/ml/thesis-camels/data/raw/CAMELS_SIMBA_1000U/LH_937_hlist_1.00000.list,PASS,,6424,6424,True,0,0.0
LH_938,938,0.20000,/home/ml/thesis-camels/data/raw/CAMELS_SIMBA_1000U/LH_938_hlist_0.20000.list,PASS,,2091,2091,True,0,0.0
LH_938,938,0.25000,/home/ml/thesis-camels/data/raw/CAMELS_SIMBA_1000U/LH_938_hlist_0.25000.list,PASS,,3826,3826,True,0,0.0
LH_938,938,0.51209,/home/ml/thesis-camels/data/raw/CAMELS_SIMBA_1000U/LH_938_hlist_0.51209.list,PASS,,7314,7314,True,0,0.0
LH_938,938,0.75065,/home/ml/thesis-camels/data/raw/CAMELS_SIMBA_1000U/LH_938_hlist_0.75065.list,PASS,,7093,7093,True,0,0.0
LH_938,938,1.00000,/home/ml/thesis-camels/data/raw/CAMELS_SIMBA_1000U/LH_938_hlist_1.00000.list,PASS,,7343,7343,True,0,0.0
LH_939,939,0.20000,/home/ml/thesis-camels/data/raw/CAMELS_SIMBA_1000U/LH_939_hlist_0.20000.list,PASS,,4364,4364,True,0,0.0
LH_939,939,0.25000,/home/ml/thesis-camels/data/raw/CAMELS_SIMBA_1000U/LH_939_hlist_0.25000.list,PASS,,6080,6080,True,0,0.0
LH_939,939,0.51209,/home/ml/thesis-camels/data/raw/CAMELS_SIMBA_1000U/LH_939_hlist_0.51209.list,PASS,,8629,8629,True,0,0.0
LH_939,939,0.75065,/home/ml/thesis-camels/data/raw/CAMELS_SIMBA_1000U/LH_939_hlist_0.75065.list,PASS,,7942,7942,True,0,0.0
LH_939,939,1.00000,/home/ml/thesis-camels/data/raw/CAMELS_SIMBA_1000U/LH_939_hlist_1.00000.list,PASS,,7652,7652,True,0,0.0
LH_940,940,0.20000,/home/ml/thesis-camels/data/raw/CAMELS_SIMBA_1000U/LH_940_hlist_0.20000.list,PASS,,8429,8429,True,0,0.0
LH_940,940,0.25000,/home/ml/thesis-camels/data/raw/CAMELS_SIMBA_1000U/LH_940_hlist_0.25000.list,PASS,,8892,8892,True,0,0.0
LH_940,940,0.51209,/home/ml/thesis-camels/data/raw/CAMELS_SIMBA_1000U/LH_940_hlist_0.51209.list,PASS,,7709,7709,True,0,0.0
LH_940,940,0.75065,/home/ml/thesis-camels/data/raw/CAMELS_SIMBA_1000U/LH_940_hlist_0.75065.list,PASS,,6595,6595,True,0,0.0
LH_940,940,1.00000,/home/ml/thesis-camels/data/raw/CAMELS_SIMBA_1000U/LH_940_hlist_1.00000.list,PASS,,6126,6126,True,0,0.0
LH_941,941,0.20000,/home/ml/thesis-camels/data/raw/CAMELS_SIMBA_1000U/LH_941_hlist_0.20000.list,PASS,,6694,6694,True,0,0.0
LH_941,941,0.25000,/home/ml/thesis-camels/data/raw/CAMELS_SIMBA_1000U/LH_941_hlist_0.25000.list,PASS,,7750,7750,True,0,0.0
LH_941,941,0.51209,/home/ml/thesis-camels/data/raw/CAMELS_SIMBA_1000U/LH_941_hlist_0.51209.list,PASS,,7840,7840,True,0,0.0
LH_941,941,0.75065,/home/ml/thesis-camels/data/raw/CAMELS_SIMBA_1000U/LH_941_hlist_0.75065.list,PASS,,6598,6598,True,0,0.0
LH_941,941,1.00000,/home/ml/thesis-camels/data/raw/CAMELS_SIMBA_1000U/LH_941_hlist_1.00000.list,PASS,,6265,6265,True,0,0.0
LH_942,942,0.20000,/home/ml/thesis-camels/data/raw/CAMELS_SIMBA_1000U/LH_942_hlist_0.20000.list,PASS,,1497,1497,False,3,0.2
LH_942,942,0.25000,/home/ml/thesis-camels/data/raw/CAMELS_SIMBA_1000U/LH_942_hlist_0.25000.list,PASS,,2838,2838,True,0,0.0
LH_942,942,0.51209,/home/ml/thesis-camels/data/raw/CAMELS_SIMBA_1000U/LH_942_hlist_0.51209.list,PASS,,4316,4316,True,0,0.0
LH_942,942,0.75065,/home/ml/thesis-camels/data/raw/CAMELS_SIMBA_1000U/LH_942_hlist_0.75065.list,PASS,,4478,4478,True,0,0.0
LH_942,942,1.00000,/home/ml/thesis-camels/data/raw/CAMELS_SIMBA_1000U/LH_942_hlist_1.00000.list,PASS,,4943,4943,True,0,0.0
LH_943,943,0.20000,/home/ml/thesis-camels/data/raw/CAMELS_SIMBA_1000U/LH_943_hlist_0.20000.list,PASS,,769,769,False,731,48.733333333333334
LH_943,943,0.25000,/home/ml/thesis-camels/data/raw/CAMELS_SIMBA_1000U/LH_943_hlist_0.25000.list,PASS,,1545,1545,True,0,0.0
LH_943,943,0.51209,/home/ml/thesis-camels/data/raw/CAMELS_SIMBA_1000U/LH_943_hlist_0.51209.list,PASS,,3836,3836,True,0,0.0
LH_943,943,0.75065,/home/ml/thesis-camels/data/raw/CAMELS_SIMBA_1000U/LH_943_hlist_0.75065.list,PASS,,4468,4468,True,0,0.0
LH_943,943,1.00000,/home/ml/thesis-camels/data/raw/CAMELS_SIMBA_1000U/LH_943_hlist_1.00000.list,PASS,,5209,5209,True,0,0.0
LH_944,944,0.20000,/home/ml/thesis-camels/data/raw/CAMELS_SIMBA_1000U/LH_944_hlist_0.20000.list,PASS,,6601,6601,True,0,0.0
LH_944,944,0.25000,/home/ml/thesis-camels/data/raw/CAMELS_SIMBA_1000U/LH_944_hlist_0.25000.list,PASS,,7978,7978,True,0,0.0
LH_944,944,0.51209,/home/ml/thesis-camels/data/raw/CAMELS_SIMBA_1000U/LH_944_hlist_0.51209.list,PASS,,8323,8323,True,0,0.0
LH_944,944,0.75065,/home/ml/thesis-camels/data/raw/CAMELS_SIMBA_1000U/LH_944_hlist_0.75065.list,PASS,,7078,7078,True,0,0.0
LH_944,944,1.00000,/home/ml/thesis-camels/data/raw/CAMELS_SIMBA_1000U/LH_944_hlist_1.00000.list,PASS,,6637,6637,True,0,0.0
LH_945,945,0.20000,/home/ml/thesis-camels/data/raw/CAMELS_SIMBA_1000U/LH_945_hlist_0.20000.list,PASS,,9134,9134,True,0,0.0
LH_945,945,0.25000,/home/ml/thesis-camels/data/raw/CAMELS_SIMBA_1000U/LH_945_hlist_0.25000.list,PASS,,9427,9427,True,0,0.0
LH_945,945,0.51209,/home/ml/thesis-camels/data/raw/CAMELS_SIMBA_1000U/LH_945_hlist_0.51209.list,PASS,,7744,7744,True,0,0.0
LH_945,945,0.75065,/home/ml/thesis-camels/data/raw/CAMELS_SIMBA_1000U/LH_945_hlist_0.75065.list,PASS,,6309,6309,True,0,0.0
LH_945,945,1.00000,/home/ml/thesis-camels/data/raw/CAMELS_SIMBA_1000U/LH_945_hlist_1.00000.list,PASS,,5942,5942,True,0,0.0
LH_946,946,0.20000,/home/ml/thesis-camels/data/raw/CAMELS_SIMBA_1000U/LH_946_hlist_0.20000.list,PASS,,4806,4806,True,0,0.0
LH_946,946,0.25000,/home/ml/thesis-camels/data/raw/CAMELS_SIMBA_1000U/LH_946_hlist_0.25000.list,PASS,,6267,6267,True,0,0.0
LH_946,946,0.51209,/home/ml/thesis-camels/data/raw/CAMELS_SIMBA_1000U/LH_946_hlist_0.51209.list,PASS,,7202,7202,True,0,0.0
LH_946,946,0.75065,/home/ml/thesis-camels/data/raw/CAMELS_SIMBA_1000U/LH_946_hlist_0.75065.list,PASS,,6310,6310,True,0,0.0
LH_946,946,1.00000,/home/ml/thesis-camels/data/raw/CAMELS_SIMBA_1000U/LH_946_hlist_1.00000.list,PASS,,6334,6334,True,0,0.0
LH_947,947,0.20000,/home/ml/thesis-camels/data/raw/CAMELS_SIMBA_1000U/LH_947_hlist_0.20000.list,PASS,,3923,3923,True,0,0.0
LH_947,947,0.25000,/home/ml/thesis-camels/data/raw/CAMELS_SIMBA_1000U/LH_947_hlist_0.25000.list,PASS,,5327,5327,True,0,0.0
LH_947,947,0.51209,/home/ml/thesis-camels/data/raw/CAMELS_SIMBA_1000U/LH_947_hlist_0.51209.list,PASS,,7297,7297,True,0,0.0
LH_947,947,0.75065,/home/ml/thesis-camels/data/raw/CAMELS_SIMBA_1000U/LH_947_hlist_0.75065.list,PASS,,6926,6926,True,0,0.0
LH_947,947,1.00000,/home/ml/thesis-camels/data/raw/CAMELS_SIMBA_1000U/LH_947_hlist_1.00000.list,PASS,,7050,7050,True,0,0.0
LH_948,948,0.20000,/home/ml/thesis-camels/data/raw/CAMELS_SIMBA_1000U/LH_948_hlist_0.20000.list,PASS,,4633,4633,True,0,0.0
LH_948,948,0.25000,/home/ml/thesis-camels/data/raw/CAMELS_SIMBA_1000U/LH_948_hlist_0.25000.list,PASS,,6200,6200,True,0,0.0
LH_948,948,0.51209,/home/ml/thesis-camels/data/raw/CAMELS_SIMBA_1000U/LH_948_hlist_0.51209.list,PASS,,8297,8297,True,0,0.0
LH_948,948,0.75065,/home/ml/thesis-camels/data/raw/CAMELS_SIMBA_1000U/LH_948_hlist_0.75065.list,PASS,,7763,7763,True,0,0.0
LH_948,948,1.00000,/home/ml/thesis-camels/data/raw/CAMELS_SIMBA_1000U/LH_948_hlist_1.00000.list,PASS,,7506,7506,True,0,0.0
LH_949,949,0.20000,/home/ml/thesis-camels/data/raw/CAMELS_SIMBA_1000U/LH_949_hlist_0.20000.list,PASS,,6673,6673,True,0,0.0
LH_949,949,0.25000,/home/ml/thesis-camels/data/raw/CAMELS_SIMBA_1000U/LH_949_hlist_0.25000.list,PASS,,7545,7545,True,0,0.0
LH_949,949,0.51209,/home/ml/thesis-camels/data/raw/CAMELS_SIMBA_1000U/LH_949_hlist_0.51209.list,PASS,,7229,7229,True,0,0.0
LH_949,949,0.75065,/home/ml/thesis-camels/data/raw/CAMELS_SIMBA_1000U/LH_949_hlist_0.75065.list,PASS,,6521,6521,True,0,0.0
LH_949,949,1.00000,/home/ml/thesis-camels/data/raw/CAMELS_SIMBA_1000U/LH_949_hlist_1.00000.list,PASS,,6304,6304,True,0,0.0
LH_950,950,0.20000,/home/ml/thesis-camels/data/raw/CAMELS_SIMBA_1000U/LH_950_hlist_0.20000.list,PASS,,4174,4174,True,0,0.0
LH_950,950,0.25000,/home/ml/thesis-camels/data/raw/CAMELS_SIMBA_1000U/LH_950_hlist_0.25000.list,PASS,,5467,5467,True,0,0.0
LH_950,950,0.51209,/home/ml/thesis-camels/data/raw/CAMELS_SIMBA_1000U/LH_950_hlist_0.51209.list,PASS,,6148,6148,True,0,0.0
LH_950,950,0.75065,/home/ml/thesis-camels/data/raw/CAMELS_SIMBA_1000U/LH_950_hlist_0.75065.list,PASS,,5712,5712,True,0,0.0
LH_950,950,1.00000,/home/ml/thesis-camels/data/raw/CAMELS_SIMBA_1000U/LH_950_hlist_1.00000.list,PASS,,5967,5967,True,0,0.0
LH_951,951,0.20000,/home/ml/thesis-camels/data/raw/CAMELS_SIMBA_1000U/LH_951_hlist_0.20000.list,PASS,,5405,5405,True,0,0.0
LH_951,951,0.25000,/home/ml/thesis-camels/data/raw/CAMELS_SIMBA_1000U/LH_951_hlist_0.25000.list,PASS,,6985,6985,True,0,0.0
LH_951,951,0.51209,/home/ml/thesis-camels/data/raw/CAMELS_SIMBA_1000U/LH_951_hlist_0.51209.list,PASS,,8083,8083,True,0,0.0
LH_951,951,0.75065,/home/ml/thesis-camels/data/raw/CAMELS_SIMBA_1000U/LH_951_hlist_0.75065.list,PASS,,7247,7247,True,0,0.0
LH_951,951,1.00000,/home/ml/thesis-camels/data/raw/CAMELS_SIMBA_1000U/LH_951_hlist_1.00000.list,PASS,,6878,6878,True,0,0.0
LH_952,952,0.20000,/home/ml/thesis-camels/data/raw/CAMELS_SIMBA_1000U/LH_952_hlist_0.20000.list,PASS,,5927,5927,True,0,0.0
LH_952,952,0.25000,/home/ml/thesis-camels/data/raw/CAMELS_SIMBA_1000U/LH_952_hlist_0.25000.list,PASS,,6935,6935,True,0,0.0
LH_952,952,0.51209,/home/ml/thesis-camels/data/raw/CAMELS_SIMBA_1000U/LH_952_hlist_0.51209.list,PASS,,6676,6676,True,0,0.0
LH_952,952,0.75065,/home/ml/thesis-camels/data/raw/CAMELS_SIMBA_1000U/LH_952_hlist_0.75065.list,PASS,,6023,6023,True,0,0.0
LH_952,952,1.00000,/home/ml/thesis-camels/data/raw/CAMELS_SIMBA_1000U/LH_952_hlist_1.00000.list,PASS,,5929,5929,True,0,0.0
LH_953,953,0.20000,/home/ml/thesis-camels/data/raw/CAMELS_SIMBA_1000U/LH_953_hlist_0.20000.list,PASS,,7418,7418,True,0,0.0
LH_953,953,0.25000,/home/ml/thesis-camels/data/raw/CAMELS_SIMBA_1000U/LH_953_hlist_0.25000.list,PASS,,8270,8270,True,0,0.0
LH_953,953,0.51209,/home/ml/thesis-camels/data/raw/CAMELS_SIMBA_1000U/LH_953_hlist_0.51209.list,PASS,,7451,7451,True,0,0.0
LH_953,953,0.75065,/home/ml/thesis-camels/data/raw/CAMELS_SIMBA_1000U/LH_953_hlist_0.75065.list,PASS,,6462,6462,True,0,0.0
LH_953,953,1.00000,/home/ml/thesis-camels/data/raw/CAMELS_SIMBA_1000U/LH_953_hlist_1.00000.list,PASS,,6171,6171,True,0,0.0
LH_954,954,0.20000,/home/ml/thesis-camels/data/raw/CAMELS_SIMBA_1000U/LH_954_hlist_0.20000.list,PASS,,3980,3980,True,0,0.0
LH_954,954,0.25000,/home/ml/thesis-camels/data/raw/CAMELS_SIMBA_1000U/LH_954_hlist_0.25000.list,PASS,,5555,5555,True,0,0.0
LH_954,954,0.51209,/home/ml/thesis-camels/data/raw/CAMELS_SIMBA_1000U/LH_954_hlist_0.51209.list,PASS,,7520,7520,True,0,0.0
LH_954,954,0.75065,/home/ml/thesis-camels/data/raw/CAMELS_SIMBA_1000U/LH_954_hlist_0.75065.list,PASS,,6978,6978,True,0,0.0
LH_954,954,1.00000,/home/ml/thesis-camels/data/raw/CAMELS_SIMBA_1000U/LH_954_hlist_1.00000.list,PASS,,7093,7093,True,0,0.0
LH_955,955,0.20000,/home/ml/thesis-camels/data/raw/CAMELS_SIMBA_1000U/LH_955_hlist_0.20000.list,PASS,,3498,3498,True,0,0.0
LH_955,955,0.25000,/home/ml/thesis-camels/data/raw/CAMELS_SIMBA_1000U/LH_955_hlist_0.25000.list,PASS,,4639,4639,True,0,0.0
LH_955,955,0.51209,/home/ml/thesis-camels/data/raw/CAMELS_SIMBA_1000U/LH_955_hlist_0.51209.list,PASS,,5240,5240,True,0,0.0
LH_955,955,0.75065,/home/ml/thesis-camels/data/raw/CAMELS_SIMBA_1000U/LH_955_hlist_0.75065.list,PASS,,5190,5190,True,0,0.0
LH_955,955,1.00000,/home/ml/thesis-camels/data/raw/CAMELS_SIMBA_1000U/LH_955_hlist_1.00000.list,PASS,,5545,5545,True,0,0.0
LH_956,956,0.20000,/home/ml/thesis-camels/data/raw/CAMELS_SIMBA_1000U/LH_956_hlist_0.20000.list,PASS,,2129,2129,True,0,0.0
LH_956,956,0.25000,/home/ml/thesis-camels/data/raw/CAMELS_SIMBA_1000U/LH_956_hlist_0.25000.list,PASS,,3423,3423,True,0,0.0
LH_956,956,0.51209,/home/ml/thesis-camels/data/raw/CAMELS_SIMBA_1000U/LH_956_hlist_0.51209.list,PASS,,5846,5846,True,0,0.0
LH_956,956,0.75065,/home/ml/thesis-camels/data/raw/CAMELS_SIMBA_1000U/LH_956_hlist_0.75065.list,PASS,,5950,5950,True,0,0.0
LH_956,956,1.00000,/home/ml/thesis-camels/data/raw/CAMELS_SIMBA_1000U/LH_956_hlist_1.00000.list,PASS,,6352,6352,True,0,0.0
LH_957,957,0.20000,/home/ml/thesis-camels/data/raw/CAMELS_SIMBA_1000U/LH_957_hlist_0.20000.list,PASS,,6421,6421,True,0,0.0
LH_957,957,0.25000,/home/ml/thesis-camels/data/raw/CAMELS_SIMBA_1000U/LH_957_hlist_0.25000.list,PASS,,7256,7256,True,0,0.0
LH_957,957,0.51209,/home/ml/thesis-camels/data/raw/CAMELS_SIMBA_1000U/LH_957_hlist_0.51209.list,PASS,,6247,6247,True,0,0.0
LH_957,957,0.75065,/home/ml/thesis-camels/data/raw/CAMELS_SIMBA_1000U/LH_957_hlist_0.75065.list,PASS,,5433,5433,True,0,0.0
LH_957,957,1.00000,/home/ml/thesis-camels/data/raw/CAMELS_SIMBA_1000U/LH_957_hlist_1.00000.list,PASS,,5389,5389,True,0,0.0
LH_958,958,0.20000,/home/ml/thesis-camels/data/raw/CAMELS_SIMBA_1000U/LH_958_hlist_0.20000.list,PASS,,591,591,False,909,60.6
LH_958,958,0.25000,/home/ml/thesis-camels/data/raw/CAMELS_SIMBA_1000U/LH_958_hlist_0.25000.list,PASS,,1804,1804,True,0,0.0
LH_958,958,0.51209,/home/ml/thesis-camels/data/raw/CAMELS_SIMBA_1000U/LH_958_hlist_0.51209.list,PASS,,4145,4145,True,0,0.0
LH_958,958,0.75065,/home/ml/thesis-camels/data/raw/CAMELS_SIMBA_1000U/LH_958_hlist_0.75065.list,PASS,,4801,4801,True,0,0.0
LH_958,958,1.00000,/home/ml/thesis-camels/data/raw/CAMELS_SIMBA_1000U/LH_958_hlist_1.00000.list,PASS,,5403,5403,True,0,0.0
LH_959,959,0.20000,/home/ml/thesis-camels/data/raw/CAMELS_SIMBA_1000U/LH_959_hlist_0.20000.list,PASS,,2927,2927,True,0,0.0
LH_959,959,0.25000,/home/ml/thesis-camels/data/raw/CAMELS_SIMBA_1000U/LH_959_hlist_0.25000.list,PASS,,4553,4553,True,0,0.0
LH_959,959,0.51209,/home/ml/thesis-camels/data/raw/CAMELS_SIMBA_1000U/LH_959_hlist_0.51209.list,PASS,,7009,7009,True,0,0.0
LH_959,959,0.75065,/home/ml/thesis-camels/data/raw/CAMELS_SIMBA_1000U/LH_959_hlist_0.75065.list,PASS,,6939,6939,True,0,0.0
LH_959,959,1.00000,/home/ml/thesis-camels/data/raw/CAMELS_SIMBA_1000U/LH_959_hlist_1.00000.list,PASS,,7164,7164,True,0,0.0
LH_960,960,0.20000,/home/ml/thesis-camels/data/raw/CAMELS_SIMBA_1000U/LH_960_hlist_0.20000.list,PASS,,8051,8051,True,0,0.0
LH_960,960,0.25000,/home/ml/thesis-camels/data/raw/CAMELS_SIMBA_1000U/LH_960_hlist_0.25000.list,PASS,,8926,8926,True,0,0.0
LH_960,960,0.51209,/home/ml/thesis-camels/data/raw/CAMELS_SIMBA_1000U/LH_960_hlist_0.51209.list,PASS,,8077,8077,True,0,0.0
LH_960,960,0.75065,/home/ml/thesis-camels/data/raw/CAMELS_SIMBA_1000U/LH_960_hlist_0.75065.list,PASS,,6758,6758,True,0,0.0
LH_960,960,1.00000,/home/ml/thesis-camels/data/raw/CAMELS_SIMBA_1000U/LH_960_hlist_1.00000.list,PASS,,6335,6335,True,0,0.0
LH_961,961,0.20000,/home/ml/thesis-camels/data/raw/CAMELS_SIMBA_1000U/LH_961_hlist_0.20000.list,PASS,,8476,8476,True,0,0.0
LH_961,961,0.25000,/home/ml/thesis-camels/data/raw/CAMELS_SIMBA_1000U/LH_961_hlist_0.25000.list,PASS,,9113,9113,True,0,0.0
LH_961,961,0.51209,/home/ml/thesis-camels/data/raw/CAMELS_SIMBA_1000U/LH_961_hlist_0.51209.list,PASS,,7958,7958,True,0,0.0
LH_961,961,0.75065,/home/ml/thesis-camels/data/raw/CAMELS_SIMBA_1000U/LH_961_hlist_0.75065.list,PASS,,6597,6597,True,0,0.0
LH_961,961,1.00000,/home/ml/thesis-camels/data/raw/CAMELS_SIMBA_1000U/LH_961_hlist_1.00000.list,PASS,,6276,6276,True,0,0.0
LH_962,962,0.20000,/home/ml/thesis-camels/data/raw/CAMELS_SIMBA_1000U/LH_962_hlist_0.20000.list,PASS,,3197,3197,True,0,0.0
LH_962,962,0.25000,/home/ml/thesis-camels/data/raw/CAMELS_SIMBA_1000U/LH_962_hlist_0.25000.list,PASS,,4575,4575,True,0,0.0
LH_962,962,0.51209,/home/ml/thesis-camels/data/raw/CAMELS_SIMBA_1000U/LH_962_hlist_0.51209.list,PASS,,6941,6941,True,0,0.0
LH_962,962,0.75065,/home/ml/thesis-camels/data/raw/CAMELS_SIMBA_1000U/LH_962_hlist_0.75065.list,PASS,,6605,6605,True,0,0.0
LH_962,962,1.00000,/home/ml/thesis-camels/data/raw/CAMELS_SIMBA_1000U/LH_962_hlist_1.00000.list,PASS,,6912,6912,True,0,0.0
LH_963,963,0.20000,/home/ml/thesis-camels/data/raw/CAMELS_SIMBA_1000U/LH_963_hlist_0.20000.list,PASS,,2764,2764,True,0,0.0
LH_963,963,0.25000,/home/ml/thesis-camels/data/raw/CAMELS_SIMBA_1000U/LH_963_hlist_0.25000.list,PASS,,4320,4320,True,0,0.0
LH_963,963,0.51209,/home/ml/thesis-camels/data/raw/CAMELS_SIMBA_1000U/LH_963_hlist_0.51209.list,PASS,,7087,7087,True,0,0.0
LH_963,963,0.75065,/home/ml/thesis-camels/data/raw/CAMELS_SIMBA_1000U/LH_963_hlist_0.75065.list,PASS,,6969,6969,True,0,0.0
LH_963,963,1.00000,/home/ml/thesis-camels/data/raw/CAMELS_SIMBA_1000U/LH_963_hlist_1.00000.list,PASS,,7168,7168,True,0,0.0
LH_964,964,0.20000,/home/ml/thesis-camels/data/raw/CAMELS_SIMBA_1000U/LH_964_hlist_0.20000.list,PASS,,7760,7760,True,0,0.0
LH_964,964,0.25000,/home/ml/thesis-camels/data/raw/CAMELS_SIMBA_1000U/LH_964_hlist_0.25000.list,PASS,,8674,8674,True,0,0.0
LH_964,964,0.51209,/home/ml/thesis-camels/data/raw/CAMELS_SIMBA_1000U/LH_964_hlist_0.51209.list,PASS,,7887,7887,True,0,0.0
LH_964,964,0.75065,/home/ml/thesis-camels/data/raw/CAMELS_SIMBA_1000U/LH_964_hlist_0.75065.list,PASS,,6525,6525,True,0,0.0
LH_964,964,1.00000,/home/ml/thesis-camels/data/raw/CAMELS_SIMBA_1000U/LH_964_hlist_1.00000.list,PASS,,6142,6142,True,0,0.0
LH_965,965,0.20000,/home/ml/thesis-camels/data/raw/CAMELS_SIMBA_1000U/LH_965_hlist_0.20000.list,PASS,,1720,1720,True,0,0.0
LH_965,965,0.25000,/home/ml/thesis-camels/data/raw/CAMELS_SIMBA_1000U/LH_965_hlist_0.25000.list,PASS,,2981,2981,True,0,0.0
LH_965,965,0.51209,/home/ml/thesis-camels/data/raw/CAMELS_SIMBA_1000U/LH_965_hlist_0.51209.list,PASS,,5897,5897,True,0,0.0
LH_965,965,0.75065,/home/ml/thesis-camels/data/raw/CAMELS_SIMBA_1000U/LH_965_hlist_0.75065.list,PASS,,6232,6232,True,0,0.0
LH_965,965,1.00000,/home/ml/thesis-camels/data/raw/CAMELS_SIMBA_1000U/LH_965_hlist_1.00000.list,PASS,,6710,6710,True,0,0.0
LH_966,966,0.20000,/home/ml/thesis-camels/data/raw/CAMELS_SIMBA_1000U/LH_966_hlist_0.20000.list,PASS,,2722,2722,True,0,0.0
LH_966,966,0.25000,/home/ml/thesis-camels/data/raw/CAMELS_SIMBA_1000U/LH_966_hlist_0.25000.list,PASS,,4362,4362,True,0,0.0
LH_966,966,0.51209,/home/ml/thesis-camels/data/raw/CAMELS_SIMBA_1000U/LH_966_hlist_0.51209.list,PASS,,7253,7253,True,0,0.0
LH_966,966,0.75065,/home/ml/thesis-camels/data/raw/CAMELS_SIMBA_1000U/LH_966_hlist_0.75065.list,PASS,,7223,7223,True,0,0.0
LH_966,966,1.00000,/home/ml/thesis-camels/data/raw/CAMELS_SIMBA_1000U/LH_966_hlist_1.00000.list,PASS,,7474,7474,True,0,0.0
LH_967,967,0.20000,/home/ml/thesis-camels/data/raw/CAMELS_SIMBA_1000U/LH_967_hlist_0.20000.list,PASS,,4283,4283,True,0,0.0
LH_967,967,0.25000,/home/ml/thesis-camels/data/raw/CAMELS_SIMBA_1000U/LH_967_hlist_0.25000.list,PASS,,5883,5883,True,0,0.0
LH_967,967,0.51209,/home/ml/thesis-camels/data/raw/CAMELS_SIMBA_1000U/LH_967_hlist_0.51209.list,PASS,,7394,7394,True,0,0.0
LH_967,967,0.75065,/home/ml/thesis-camels/data/raw/CAMELS_SIMBA_1000U/LH_967_hlist_0.75065.list,PASS,,6893,6893,True,0,0.0
LH_967,967,1.00000,/home/ml/thesis-camels/data/raw/CAMELS_SIMBA_1000U/LH_967_hlist_1.00000.list,PASS,,6695,6695,True,0,0.0
LH_968,968,0.20000,/home/ml/thesis-camels/data/raw/CAMELS_SIMBA_1000U/LH_968_hlist_0.20000.list,PASS,,5626,5626,True,0,0.0
LH_968,968,0.25000,/home/ml/thesis-camels/data/raw/CAMELS_SIMBA_1000U/LH_968_hlist_0.25000.list,PASS,,6739,6739,True,0,0.0
LH_968,968,0.51209,/home/ml/thesis-camels/data/raw/CAMELS_SIMBA_1000U/LH_968_hlist_0.51209.list,PASS,,7170,7170,True,0,0.0
LH_968,968,0.75065,/home/ml/thesis-camels/data/raw/CAMELS_SIMBA_1000U/LH_968_hlist_0.75065.list,PASS,,6397,6397,True,0,0.0
LH_968,968,1.00000,/home/ml/thesis-camels/data/raw/CAMELS_SIMBA_1000U/LH_968_hlist_1.00000.list,PASS,,6356,6356,True,0,0.0
LH_969,969,0.20000,/home/ml/thesis-camels/data/raw/CAMELS_SIMBA_1000U/LH_969_hlist_0.20000.list,PASS,,6088,6088,True,0,0.0
LH_969,969,0.25000,/home/ml/thesis-camels/data/raw/CAMELS_SIMBA_1000U/LH_969_hlist_0.25000.list,PASS,,7356,7356,True,0,0.0
LH_969,969,0.51209,/home/ml/thesis-camels/data/raw/CAMELS_SIMBA_1000U/LH_969_hlist_0.51209.list,PASS,,8848,8848,True,0,0.0
LH_969,969,0.75065,/home/ml/thesis-camels/data/raw/CAMELS_SIMBA_1000U/LH_969_hlist_0.75065.list,PASS,,7830,7830,True,0,0.0
LH_969,969,1.00000,/home/ml/thesis-camels/data/raw/CAMELS_SIMBA_1000U/LH_969_hlist_1.00000.list,PASS,,7291,7291,True,0,0.0
LH_970,970,0.20000,/home/ml/thesis-camels/data/raw/CAMELS_SIMBA_1000U/LH_970_hlist_0.20000.list,PASS,,1493,1493,False,7,0.4666666666666667
LH_970,970,0.25000,/home/ml/thesis-camels/data/raw/CAMELS_SIMBA_1000U/LH_970_hlist_0.25000.list,PASS,,2957,2957,True,0,0.0
LH_970,970,0.51209,/home/ml/thesis-camels/data/raw/CAMELS_SIMBA_1000U/LH_970_hlist_0.51209.list,PASS,,6853,6853,True,0,0.0
LH_970,970,0.75065,/home/ml/thesis-camels/data/raw/CAMELS_SIMBA_1000U/LH_970_hlist_0.75065.list,PASS,,6895,6895,True,0,0.0
LH_970,970,1.00000,/home/ml/thesis-camels/data/raw/CAMELS_SIMBA_1000U/LH_970_hlist_1.00000.list,PASS,,7240,7240,True,0,0.0
LH_971,971,0.20000,/home/ml/thesis-camels/data/raw/CAMELS_SIMBA_1000U/LH_971_hlist_0.20000.list,PASS,,5530,5530,True,0,0.0
LH_971,971,0.25000,/home/ml/thesis-camels/data/raw/CAMELS_SIMBA_1000U/LH_971_hlist_0.25000.list,PASS,,6697,6697,True,0,0.0
LH_971,971,0.51209,/home/ml/thesis-camels/data/raw/CAMELS_SIMBA_1000U/LH_971_hlist_0.51209.list,PASS,,6735,6735,True,0,0.0
LH_971,971,0.75065,/home/ml/thesis-camels/data/raw/CAMELS_SIMBA_1000U/LH_971_hlist_0.75065.list,PASS,,6153,6153,True,0,0.0
LH_971,971,1.00000,/home/ml/thesis-camels/data/raw/CAMELS_SIMBA_1000U/LH_971_hlist_1.00000.list,PASS,,6151,6151,True,0,0.0
LH_972,972,0.20000,/home/ml/thesis-camels/data/raw/CAMELS_SIMBA_1000U/LH_972_hlist_0.20000.list,PASS,,6481,6481,True,0,0.0
LH_972,972,0.25000,/home/ml/thesis-camels/data/raw/CAMELS_SIMBA_1000U/LH_972_hlist_0.25000.list,PASS,,7709,7709,True,0,0.0
LH_972,972,0.51209,/home/ml/thesis-camels/data/raw/CAMELS_SIMBA_1000U/LH_972_hlist_0.51209.list,PASS,,8338,8338,True,0,0.0
LH_972,972,0.75065,/home/ml/thesis-camels/data/raw/CAMELS_SIMBA_1000U/LH_972_hlist_0.75065.list,PASS,,7204,7204,True,0,0.0
LH_972,972,1.00000,/home/ml/thesis-camels/data/raw/CAMELS_SIMBA_1000U/LH_972_hlist_1.00000.list,PASS,,6805,6805,True,0,0.0
LH_973,973,0.20000,/home/ml/thesis-camels/data/raw/CAMELS_SIMBA_1000U/LH_973_hlist_0.20000.list,PASS,,4132,4132,True,0,0.0
LH_973,973,0.25000,/home/ml/thesis-camels/data/raw/CAMELS_SIMBA_1000U/LH_973_hlist_0.25000.list,PASS,,5899,5899,True,0,0.0
LH_973,973,0.51209,/home/ml/thesis-camels/data/raw/CAMELS_SIMBA_1000U/LH_973_hlist_0.51209.list,PASS,,8385,8385,True,0,0.0
LH_973,973,0.75065,/home/ml/thesis-camels/data/raw/CAMELS_SIMBA_1000U/LH_973_hlist_0.75065.list,PASS,,7788,7788,True,0,0.0
LH_973,973,1.00000,/home/ml/thesis-camels/data/raw/CAMELS_SIMBA_1000U/LH_973_hlist_1.00000.list,PASS,,7687,7687,True,0,0.0
LH_974,974,0.20000,/home/ml/thesis-camels/data/raw/CAMELS_SIMBA_1000U/LH_974_hlist_0.20000.list,PASS,,6042,6042,True,0,0.0
LH_974,974,0.25000,/home/ml/thesis-camels/data/raw/CAMELS_SIMBA_1000U/LH_974_hlist_0.25000.list,PASS,,7470,7470,True,0,0.0
LH_974,974,0.51209,/home/ml/thesis-camels/data/raw/CAMELS_SIMBA_1000U/LH_974_hlist_0.51209.list,PASS,,8161,8161,True,0,0.0
LH_974,974,0.75065,/home/ml/thesis-camels/data/raw/CAMELS_SIMBA_1000U/LH_974_hlist_0.75065.list,PASS,,7138,7138,True,0,0.0
LH_974,974,1.00000,/home/ml/thesis-camels/data/raw/CAMELS_SIMBA_1000U/LH_974_hlist_1.00000.list,PASS,,6960,6960,True,0,0.0
LH_975,975,0.20000,/home/ml/thesis-camels/data/raw/CAMELS_SIMBA_1000U/LH_975_hlist_0.20000.list,PASS,,5309,5309,True,0,0.0
LH_975,975,0.25000,/home/ml/thesis-camels/data/raw/CAMELS_SIMBA_1000U/LH_975_hlist_0.25000.list,PASS,,6452,6452,True,0,0.0
LH_975,975,0.51209,/home/ml/thesis-camels/data/raw/CAMELS_SIMBA_1000U/LH_975_hlist_0.51209.list,PASS,,6982,6982,True,0,0.0
LH_975,975,0.75065,/home/ml/thesis-camels/data/raw/CAMELS_SIMBA_1000U/LH_975_hlist_0.75065.list,PASS,,6249,6249,True,0,0.0
LH_975,975,1.00000,/home/ml/thesis-camels/data/raw/CAMELS_SIMBA_1000U/LH_975_hlist_1.00000.list,PASS,,6447,6447,True,0,0.0
LH_976,976,0.20000,/home/ml/thesis-camels/data/raw/CAMELS_SIMBA_1000U/LH_976_hlist_0.20000.list,PASS,,2408,2408,True,0,0.0
LH_976,976,0.25000,/home/ml/thesis-camels/data/raw/CAMELS_SIMBA_1000U/LH_976_hlist_0.25000.list,PASS,,4171,4171,True,0,0.0
LH_976,976,0.51209,/home/ml/thesis-camels/data/raw/CAMELS_SIMBA_1000U/LH_976_hlist_0.51209.list,PASS,,6860,6860,True,0,0.0
LH_976,976,0.75065,/home/ml/thesis-camels/data/raw/CAMELS_SIMBA_1000U/LH_976_hlist_0.75065.list,PASS,,6656,6656,True,0,0.0
LH_976,976,1.00000,/home/ml/thesis-camels/data/raw/CAMELS_SIMBA_1000U/LH_976_hlist_1.00000.list,PASS,,6933,6933,True,0,0.0
LH_977,977,0.20000,/home/ml/thesis-camels/data/raw/CAMELS_SIMBA_1000U/LH_977_hlist_0.20000.list,PASS,,507,507,False,993,66.2
LH_977,977,0.25000,/home/ml/thesis-camels/data/raw/CAMELS_SIMBA_1000U/LH_977_hlist_0.25000.list,PASS,,1243,1243,False,257,17.133333333333333
LH_977,977,0.51209,/home/ml/thesis-camels/data/raw/CAMELS_SIMBA_1000U/LH_977_hlist_0.51209.list,PASS,,4147,4147,True,0,0.0
LH_977,977,0.75065,/home/ml/thesis-camels/data/raw/CAMELS_SIMBA_1000U/LH_977_hlist_0.75065.list,PASS,,4787,4787,True,0,0.0
LH_977,977,1.00000,/home/ml/thesis-camels/data/raw/CAMELS_SIMBA_1000U/LH_977_hlist_1.00000.list,PASS,,5524,5524,True,0,0.0
LH_978,978,0.20000,/home/ml/thesis-camels/data/raw/CAMELS_SIMBA_1000U/LH_978_hlist_0.20000.list,PASS,,4948,4948,True,0,0.0
LH_978,978,0.25000,/home/ml/thesis-camels/data/raw/CAMELS_SIMBA_1000U/LH_978_hlist_0.25000.list,PASS,,6185,6185,True,0,0.0
LH_978,978,0.51209,/home/ml/thesis-camels/data/raw/CAMELS_SIMBA_1000U/LH_978_hlist_0.51209.list,PASS,,7040,7040,True,0,0.0
LH_978,978,0.75065,/home/ml/thesis-camels/data/raw/CAMELS_SIMBA_1000U/LH_978_hlist_0.75065.list,PASS,,6370,6370,True,0,0.0
LH_978,978,1.00000,/home/ml/thesis-camels/data/raw/CAMELS_SIMBA_1000U/LH_978_hlist_1.00000.list,PASS,,6476,6476,True,0,0.0
LH_979,979,0.20000,/home/ml/thesis-camels/data/raw/CAMELS_SIMBA_1000U/LH_979_hlist_0.20000.list,PASS,,1885,1885,True,0,0.0
LH_979,979,0.25000,/home/ml/thesis-camels/data/raw/CAMELS_SIMBA_1000U/LH_979_hlist_0.25000.list,PASS,,3207,3207,True,0,0.0
LH_979,979,0.51209,/home/ml/thesis-camels/data/raw/CAMELS_SIMBA_1000U/LH_979_hlist_0.51209.list,PASS,,5156,5156,True,0,0.0
LH_979,979,0.75065,/home/ml/thesis-camels/data/raw/CAMELS_SIMBA_1000U/LH_979_hlist_0.75065.list,PASS,,5342,5342,True,0,0.0
LH_979,979,1.00000,/home/ml/thesis-camels/data/raw/CAMELS_SIMBA_1000U/LH_979_hlist_1.00000.list,PASS,,5819,5819,True,0,0.0
LH_980,980,0.20000,/home/ml/thesis-camels/data/raw/CAMELS_SIMBA_1000U/LH_980_hlist_0.20000.list,PASS,,1528,1528,True,0,0.0
LH_980,980,0.25000,/home/ml/thesis-camels/data/raw/CAMELS_SIMBA_1000U/LH_980_hlist_0.25000.list,PASS,,2907,2907,True,0,0.0
LH_980,980,0.51209,/home/ml/thesis-camels/data/raw/CAMELS_SIMBA_1000U/LH_980_hlist_0.51209.list,PASS,,6834,6834,True,0,0.0
LH_980,980,0.75065,/home/ml/thesis-camels/data/raw/CAMELS_SIMBA_1000U/LH_980_hlist_0.75065.list,PASS,,7144,7144,True,0,0.0
LH_980,980,1.00000,/home/ml/thesis-camels/data/raw/CAMELS_SIMBA_1000U/LH_980_hlist_1.00000.list,PASS,,7666,7666,True,0,0.0
LH_981,981,0.20000,/home/ml/thesis-camels/data/raw/CAMELS_SIMBA_1000U/LH_981_hlist_0.20000.list,PASS,,1537,1537,True,0,0.0
LH_981,981,0.25000,/home/ml/thesis-camels/data/raw/CAMELS_SIMBA_1000U/LH_981_hlist_0.25000.list,PASS,,3050,3050,True,0,0.0
LH_981,981,0.51209,/home/ml/thesis-camels/data/raw/CAMELS_SIMBA_1000U/LH_981_hlist_0.51209.list,PASS,,5977,5977,True,0,0.0
LH_981,981,0.75065,/home/ml/thesis-camels/data/raw/CAMELS_SIMBA_1000U/LH_981_hlist_0.75065.list,PASS,,6209,6209,True,0,0.0
LH_981,981,1.00000,/home/ml/thesis-camels/data/raw/CAMELS_SIMBA_1000U/LH_981_hlist_1.00000.list,PASS,,6687,6687,True,0,0.0
LH_982,982,0.20000,/home/ml/thesis-camels/data/raw/CAMELS_SIMBA_1000U/LH_982_hlist_0.20000.list,PASS,,3675,3675,True,0,0.0
LH_982,982,0.25000,/home/ml/thesis-camels/data/raw/CAMELS_SIMBA_1000U/LH_982_hlist_0.25000.list,PASS,,5375,5375,True,0,0.0
LH_982,982,0.51209,/home/ml/thesis-camels/data/raw/CAMELS_SIMBA_1000U/LH_982_hlist_0.51209.list,PASS,,8386,8386,True,0,0.0
LH_982,982,0.75065,/home/ml/thesis-camels/data/raw/CAMELS_SIMBA_1000U/LH_982_hlist_0.75065.list,PASS,,7845,7845,True,0,0.0
LH_982,982,1.00000,/home/ml/thesis-camels/data/raw/CAMELS_SIMBA_1000U/LH_982_hlist_1.00000.list,PASS,,7911,7911,True,0,0.0
LH_983,983,0.20000,/home/ml/thesis-camels/data/raw/CAMELS_SIMBA_1000U/LH_983_hlist_0.20000.list,PASS,,6234,6234,True,0,0.0
LH_983,983,0.25000,/home/ml/thesis-camels/data/raw/CAMELS_SIMBA_1000U/LH_983_hlist_0.25000.list,PASS,,7343,7343,True,0,0.0
LH_983,983,0.51209,/home/ml/thesis-camels/data/raw/CAMELS_SIMBA_1000U/LH_983_hlist_0.51209.list,PASS,,7169,7169,True,0,0.0
LH_983,983,0.75065,/home/ml/thesis-camels/data/raw/CAMELS_SIMBA_1000U/LH_983_hlist_0.75065.list,PASS,,6128,6128,True,0,0.0
LH_983,983,1.00000,/home/ml/thesis-camels/data/raw/CAMELS_SIMBA_1000U/LH_983_hlist_1.00000.list,PASS,,5913,5913,True,0,0.0
LH_984,984,0.20000,/home/ml/thesis-camels/data/raw/CAMELS_SIMBA_1000U/LH_984_hlist_0.20000.list,PASS,,3844,3844,True,0,0.0
LH_984,984,0.25000,/home/ml/thesis-camels/data/raw/CAMELS_SIMBA_1000U/LH_984_hlist_0.25000.list,PASS,,4835,4835,True,0,0.0
LH_984,984,0.51209,/home/ml/thesis-camels/data/raw/CAMELS_SIMBA_1000U/LH_984_hlist_0.51209.list,PASS,,5372,5372,True,0,0.0
LH_984,984,0.75065,/home/ml/thesis-camels/data/raw/CAMELS_SIMBA_1000U/LH_984_hlist_0.75065.list,PASS,,5366,5366,True,0,0.0
LH_984,984,1.00000,/home/ml/thesis-camels/data/raw/CAMELS_SIMBA_1000U/LH_984_hlist_1.00000.list,PASS,,5789,5789,True,0,0.0
LH_985,985,0.20000,/home/ml/thesis-camels/data/raw/CAMELS_SIMBA_1000U/LH_985_hlist_0.20000.list,PASS,,5032,5032,True,0,0.0
LH_985,985,0.25000,/home/ml/thesis-camels/data/raw/CAMELS_SIMBA_1000U/LH_985_hlist_0.25000.list,PASS,,6457,6457,True,0,0.0
LH_985,985,0.51209,/home/ml/thesis-camels/data/raw/CAMELS_SIMBA_1000U/LH_985_hlist_0.51209.list,PASS,,7905,7905,True,0,0.0
LH_985,985,0.75065,/home/ml/thesis-camels/data/raw/CAMELS_SIMBA_1000U/LH_985_hlist_0.75065.list,PASS,,7218,7218,True,0,0.0
LH_985,985,1.00000,/home/ml/thesis-camels/data/raw/CAMELS_SIMBA_1000U/LH_985_hlist_1.00000.list,PASS,,7185,7185,True,0,0.0
LH_986,986,0.20000,/home/ml/thesis-camels/data/raw/CAMELS_SIMBA_1000U/LH_986_hlist_0.20000.list,PASS,,7720,7720,True,0,0.0
LH_986,986,0.25000,/home/ml/thesis-camels/data/raw/CAMELS_SIMBA_1000U/LH_986_hlist_0.25000.list,PASS,,8589,8589,True,0,0.0
LH_986,986,0.51209,/home/ml/thesis-camels/data/raw/CAMELS_SIMBA_1000U/LH_986_hlist_0.51209.list,PASS,,7667,7667,True,0,0.0
LH_986,986,0.75065,/home/ml/thesis-camels/data/raw/CAMELS_SIMBA_1000U/LH_986_hlist_0.75065.list,PASS,,6359,6359,True,0,0.0
LH_986,986,1.00000,/home/ml/thesis-camels/data/raw/CAMELS_SIMBA_1000U/LH_986_hlist_1.00000.list,PASS,,5876,5876,True,0,0.0
LH_987,987,0.20000,/home/ml/thesis-camels/data/raw/CAMELS_SIMBA_1000U/LH_987_hlist_0.20000.list,PASS,,6550,6550,True,0,0.0
LH_987,987,0.25000,/home/ml/thesis-camels/data/raw/CAMELS_SIMBA_1000U/LH_987_hlist_0.25000.list,PASS,,7607,7607,True,0,0.0
LH_987,987,0.51209,/home/ml/thesis-camels/data/raw/CAMELS_SIMBA_1000U/LH_987_hlist_0.51209.list,PASS,,7499,7499,True,0,0.0
LH_987,987,0.75065,/home/ml/thesis-camels/data/raw/CAMELS_SIMBA_1000U/LH_987_hlist_0.75065.list,PASS,,6688,6688,True,0,0.0
LH_987,987,1.00000,/home/ml/thesis-camels/data/raw/CAMELS_SIMBA_1000U/LH_987_hlist_1.00000.list,PASS,,6363,6363,True,0,0.0
LH_988,988,0.20000,/home/ml/thesis-camels/data/raw/CAMELS_SIMBA_1000U/LH_988_hlist_0.20000.list,PASS,,4345,4345,True,0,0.0
LH_988,988,0.25000,/home/ml/thesis-camels/data/raw/CAMELS_SIMBA_1000U/LH_988_hlist_0.25000.list,PASS,,5837,5837,True,0,0.0
LH_988,988,0.51209,/home/ml/thesis-camels/data/raw/CAMELS_SIMBA_1000U/LH_988_hlist_0.51209.list,PASS,,7225,7225,True,0,0.0
LH_988,988,0.75065,/home/ml/thesis-camels/data/raw/CAMELS_SIMBA_1000U/LH_988_hlist_0.75065.list,PASS,,6645,6645,True,0,0.0
LH_988,988,1.00000,/home/ml/thesis-camels/data/raw/CAMELS_SIMBA_1000U/LH_988_hlist_1.00000.list,PASS,,6828,6828,True,0,0.0
LH_989,989,0.20000,/home/ml/thesis-camels/data/raw/CAMELS_SIMBA_1000U/LH_989_hlist_0.20000.list,PASS,,3653,3653,True,0,0.0
LH_989,989,0.25000,/home/ml/thesis-camels/data/raw/CAMELS_SIMBA_1000U/LH_989_hlist_0.25000.list,PASS,,4780,4780,True,0,0.0
LH_989,989,0.51209,/home/ml/thesis-camels/data/raw/CAMELS_SIMBA_1000U/LH_989_hlist_0.51209.list,PASS,,5212,5212,True,0,0.0
LH_989,989,0.75065,/home/ml/thesis-camels/data/raw/CAMELS_SIMBA_1000U/LH_989_hlist_0.75065.list,PASS,,5096,5096,True,0,0.0
LH_989,989,1.00000,/home/ml/thesis-camels/data/raw/CAMELS_SIMBA_1000U/LH_989_hlist_1.00000.list,PASS,,5406,5406,True,0,0.0
LH_990,990,0.20000,/home/ml/thesis-camels/data/raw/CAMELS_SIMBA_1000U/LH_990_hlist_0.20000.list,PASS,,5923,5923,True,0,0.0
LH_990,990,0.25000,/home/ml/thesis-camels/data/raw/CAMELS_SIMBA_1000U/LH_990_hlist_0.25000.list,PASS,,7091,7091,True,0,0.0
LH_990,990,0.51209,/home/ml/thesis-camels/data/raw/CAMELS_SIMBA_1000U/LH_990_hlist_0.51209.list,PASS,,7433,7433,True,0,0.0
LH_990,990,0.75065,/home/ml/thesis-camels/data/raw/CAMELS_SIMBA_1000U/LH_990_hlist_0.75065.list,PASS,,6742,6742,True,0,0.0
LH_990,990,1.00000,/home/ml/thesis-camels/data/raw/CAMELS_SIMBA_1000U/LH_990_hlist_1.00000.list,PASS,,6684,6684,True,0,0.0
LH_991,991,0.20000,/home/ml/thesis-camels/data/raw/CAMELS_SIMBA_1000U/LH_991_hlist_0.20000.list,PASS,,1448,1448,False,52,3.466666666666667
LH_991,991,0.25000,/home/ml/thesis-camels/data/raw/CAMELS_SIMBA_1000U/LH_991_hlist_0.25000.list,PASS,,2846,2846,True,0,0.0
LH_991,991,0.51209,/home/ml/thesis-camels/data/raw/CAMELS_SIMBA_1000U/LH_991_hlist_0.51209.list,PASS,,5671,5671,True,0,0.0
LH_991,991,0.75065,/home/ml/thesis-camels/data/raw/CAMELS_SIMBA_1000U/LH_991_hlist_0.75065.list,PASS,,6158,6158,True,0,0.0
LH_991,991,1.00000,/home/ml/thesis-camels/data/raw/CAMELS_SIMBA_1000U/LH_991_hlist_1.00000.list,PASS,,6715,6715,True,0,0.0
LH_992,992,0.20000,/home/ml/thesis-camels/data/raw/CAMELS_SIMBA_1000U/LH_992_hlist_0.20000.list,PASS,,4116,4116,True,0,0.0
LH_992,992,0.25000,/home/ml/thesis-camels/data/raw/CAMELS_SIMBA_1000U/LH_992_hlist_0.25000.list,PASS,,5781,5781,True,0,0.0
LH_992,992,0.51209,/home/ml/thesis-camels/data/raw/CAMELS_SIMBA_1000U/LH_992_hlist_0.51209.list,PASS,,7011,7011,True,0,0.0
LH_992,992,0.75065,/home/ml/thesis-camels/data/raw/CAMELS_SIMBA_1000U/LH_992_hlist_0.75065.list,PASS,,6612,6612,True,0,0.0
LH_992,992,1.00000,/home/ml/thesis-camels/data/raw/CAMELS_SIMBA_1000U/LH_992_hlist_1.00000.list,PASS,,6622,6622,True,0,0.0
LH_993,993,0.20000,/home/ml/thesis-camels/data/raw/CAMELS_SIMBA_1000U/LH_993_hlist_0.20000.list,PASS,,2980,2980,True,0,0.0
LH_993,993,0.25000,/home/ml/thesis-camels/data/raw/CAMELS_SIMBA_1000U/LH_993_hlist_0.25000.list,PASS,,4142,4142,True,0,0.0
LH_993,993,0.51209,/home/ml/thesis-camels/data/raw/CAMELS_SIMBA_1000U/LH_993_hlist_0.51209.list,PASS,,5077,5077,True,0,0.0
LH_993,993,0.75065,/home/ml/thesis-camels/data/raw/CAMELS_SIMBA_1000U/LH_993_hlist_0.75065.list,PASS,,5263,5263,True,0,0.0
LH_993,993,1.00000,/home/ml/thesis-camels/data/raw/CAMELS_SIMBA_1000U/LH_993_hlist_1.00000.list,PASS,,5603,5603,True,0,0.0
LH_994,994,0.20000,/home/ml/thesis-camels/data/raw/CAMELS_SIMBA_1000U/LH_994_hlist_0.20000.list,PASS,,5058,5058,True,0,0.0
LH_994,994,0.25000,/home/ml/thesis-camels/data/raw/CAMELS_SIMBA_1000U/LH_994_hlist_0.25000.list,PASS,,6388,6388,True,0,0.0
LH_994,994,0.51209,/home/ml/thesis-camels/data/raw/CAMELS_SIMBA_1000U/LH_994_hlist_0.51209.list,PASS,,7071,7071,True,0,0.0
LH_994,994,0.75065,/home/ml/thesis-camels/data/raw/CAMELS_SIMBA_1000U/LH_994_hlist_0.75065.list,PASS,,6473,6473,True,0,0.0
LH_994,994,1.00000,/home/ml/thesis-camels/data/raw/CAMELS_SIMBA_1000U/LH_994_hlist_1.00000.list,PASS,,6508,6508,True,0,0.0
LH_995,995,0.20000,/home/ml/thesis-camels/data/raw/CAMELS_SIMBA_1000U/LH_995_hlist_0.20000.list,PASS,,1139,1139,False,361,24.066666666666666
LH_995,995,0.25000,/home/ml/thesis-camels/data/raw/CAMELS_SIMBA_1000U/LH_995_hlist_0.25000.list,PASS,,2326,2326,True,0,0.0
LH_995,995,0.51209,/home/ml/thesis-camels/data/raw/CAMELS_SIMBA_1000U/LH_995_hlist_0.51209.list,PASS,,4369,4369,True,0,0.0
LH_995,995,0.75065,/home/ml/thesis-camels/data/raw/CAMELS_SIMBA_1000U/LH_995_hlist_0.75065.list,PASS,,4753,4753,True,0,0.0
LH_995,995,1.00000,/home/ml/thesis-camels/data/raw/CAMELS_SIMBA_1000U/LH_995_hlist_1.00000.list,PASS,,5307,5307,True,0,0.0
LH_996,996,0.20000,/home/ml/thesis-camels/data/raw/CAMELS_SIMBA_1000U/LH_996_hlist_0.20000.list,PASS,,2251,2251,True,0,0.0
LH_996,996,0.25000,/home/ml/thesis-camels/data/raw/CAMELS_SIMBA_1000U/LH_996_hlist_0.25000.list,PASS,,3659,3659,True,0,0.0
LH_996,996,0.51209,/home/ml/thesis-camels/data/raw/CAMELS_SIMBA_1000U/LH_996_hlist_0.51209.list,PASS,,5473,5473,True,0,0.0
LH_996,996,0.75065,/home/ml/thesis-camels/data/raw/CAMELS_SIMBA_1000U/LH_996_hlist_0.75065.list,PASS,,5489,5489,True,0,0.0
LH_996,996,1.00000,/home/ml/thesis-camels/data/raw/CAMELS_SIMBA_1000U/LH_996_hlist_1.00000.list,PASS,,5928,5928,True,0,0.0
LH_997,997,0.20000,/home/ml/thesis-camels/data/raw/CAMELS_SIMBA_1000U/LH_997_hlist_0.20000.list,PASS,,5480,5480,True,0,0.0
LH_997,997,0.25000,/home/ml/thesis-camels/data/raw/CAMELS_SIMBA_1000U/LH_997_hlist_0.25000.list,PASS,,6696,6696,True,0,0.0
LH_997,997,0.51209,/home/ml/thesis-camels/data/raw/CAMELS_SIMBA_1000U/LH_997_hlist_0.51209.list,PASS,,7435,7435,True,0,0.0
LH_997,997,0.75065,/home/ml/thesis-camels/data/raw/CAMELS_SIMBA_1000U/LH_997_hlist_0.75065.list,PASS,,6601,6601,True,0,0.0
LH_997,997,1.00000,/home/ml/thesis-camels/data/raw/CAMELS_SIMBA_1000U/LH_997_hlist_1.00000.list,PASS,,6529,6529,True,0,0.0
LH_998,998,0.20000,/home/ml/thesis-camels/data/raw/CAMELS_SIMBA_1000U/LH_998_hlist_0.20000.list,PASS,,2705,2705,True,0,0.0
LH_998,998,0.25000,/home/ml/thesis-camels/data/raw/CAMELS_SIMBA_1000U/LH_998_hlist_0.25000.list,PASS,,4386,4386,True,0,0.0
LH_998,998,0.51209,/home/ml/thesis-camels/data/raw/CAMELS_SIMBA_1000U/LH_998_hlist_0.51209.list,PASS,,7719,7719,True,0,0.0
LH_998,998,0.75065,/home/ml/thesis-camels/data/raw/CAMELS_SIMBA_1000U/LH_998_hlist_0.75065.list,PASS,,7587,7587,True,0,0.0
LH_998,998,1.00000,/home/ml/thesis-camels/data/raw/CAMELS_SIMBA_1000U/LH_998_hlist_1.00000.list,PASS,,7758,7758,True,0,0.0
LH_999,999,0.20000,/home/ml/thesis-camels/data/raw/CAMELS_SIMBA_1000U/LH_999_hlist_0.20000.list,PASS,,2340,2340,True,0,0.0
LH_999,999,0.25000,/home/ml/thesis-camels/data/raw/CAMELS_SIMBA_1000U/LH_999_hlist_0.25000.list,PASS,,3416,3416,True,0,0.0
LH_999,999,0.51209,/home/ml/thesis-camels/data/raw/CAMELS_SIMBA_1000U/LH_999_hlist_0.51209.list,PASS,,4316,4316,True,0,0.0
LH_999,999,0.75065,/home/ml/thesis-camels/data/raw/CAMELS_SIMBA_1000U/LH_999_hlist_0.75065.list,PASS,,4466,4466,True,0,0.0
LH_999,999,1.00000,/home/ml/thesis-camels/data/raw/CAMELS_SIMBA_1000U/LH_999_hlist_1.00000.list,PASS,,4963,4963,True,0,0.0
