universe_id,universe_index,snapshot,path,exists,duplicate_count,total_rows,finite_mvir_rows,positive_mvir_rows,valid_builder_rows,omega_m,target_finite,top1000_feasible_without_padding,top1000_padding,top1000_padding_fraction,top1500_feasible_without_padding,top1500_padding,top1500_padding_fraction,top2000_feasible_without_padding,top2000_padding,top2000_padding_fraction
LH_0,0,0.20000,data/raw/CAMELS_SIMBA_1000U/LH_0_hlist_0.20000.list,True,0,350,350,350,350,0.1462,True,False,650,0.650000,False,1150,0.766667,False,1650,0.825000
LH_0,0,0.25000,data/raw/CAMELS_SIMBA_1000U/LH_0_hlist_0.25000.list,True,0,1482,1482,1482,1482,0.1462,True,True,0,0.000000,False,18,0.012000,False,518,0.259000
LH_0,0,0.51209,data/raw/CAMELS_SIMBA_1000U/LH_0_hlist_0.51209.list,True,0,4985,4985,4985,4985,0.1462,True,True,0,0.000000,True,0,0.000000,True,0,0.000000
LH_0,0,0.75065,data/raw/CAMELS_SIMBA_1000U/LH_0_hlist_0.75065.list,True,0,5617,5617,5617,5617,0.1462,True,True,0,0.000000,True,0,0.000000,True,0,0.000000
LH_0,0,1.00000,data/raw/CAMELS_SIMBA_1000U/LH_0_hlist_1.00000.list,True,0,6260,6260,6260,6260,0.1462,True,True,0,0.000000,True,0,0.000000,True,0,0.000000
LH_1,1,0.20000,data/raw/CAMELS_SIMBA_1000U/LH_1_hlist_0.20000.list,True,0,1736,1736,1736,1736,0.1198,True,True,0,0.000000,True,0,0.000000,False,264,0.132000
LH_1,1,0.25000,data/raw/CAMELS_SIMBA_1000U/LH_1_hlist_0.25000.list,True,0,3201,3201,3201,3201,0.1198,True,True,0,0.000000,True,0,0.000000,True,0,0.000000
LH_1,1,0.51209,data/raw/CAMELS_SIMBA_1000U/LH_1_hlist_0.51209.list,True,0,4287,4287,4287,4287,0.1198,True,True,0,0.000000,True,0,0.000000,True,0,0.000000
LH_1,1,0.75065,data/raw/CAMELS_SIMBA_1000U/LH_1_hlist_0.75065.list,True,0,4412,4412,4412,4412,0.1198,True,True,0,0.000000,True,0,0.000000,True,0,0.000000
LH_1,1,1.00000,data/raw/CAMELS_SIMBA_1000U/LH_1_hlist_1.00000.list,True,0,4812,4812,4812,4812,0.1198,True,True,0,0.000000,True,0,0.000000,True,0,0.000000
LH_2,2,0.20000,data/raw/CAMELS_SIMBA_1000U/LH_2_hlist_0.20000.list,True,0,7746,7746,7746,7746,0.4226,True,True,0,0.000000,True,0,0.000000,True,0,0.000000
LH_2,2,0.25000,data/raw/CAMELS_SIMBA_1000U/LH_2_hlist_0.25000.list,True,0,8444,8444,8444,8444,0.4226,True,True,0,0.000000,True,0,0.000000,True,0,0.000000
LH_2,2,0.51209,data/raw/CAMELS_SIMBA_1000U/LH_2_hlist_0.51209.list,True,0,7407,7407,7407,7407,0.4226,True,True,0,0.000000,True,0,0.000000,True,0,0.000000
LH_2,2,0.75065,data/raw/CAMELS_SIMBA_1000U/LH_2_hlist_0.75065.list,True,0,6105,6105,6105,6105,0.4226,True,True,0,0.000000,True,0,0.000000,True,0,0.000000
LH_2,2,1.00000,data/raw/CAMELS_SIMBA_1000U/LH_2_hlist_1.00000.list,True,0,5647,5647,5647,5647,0.4226,True,True,0,0.000000,True,0,0.000000,True,0,0.000000
LH_3,3,0.20000,data/raw/CAMELS_SIMBA_1000U/LH_3_hlist_0.20000.list,True,0,3326,3326,3326,3326,0.2398,True,True,0,0.000000,True,0,0.000000,True,0,0.000000
LH_3,3,0.25000,data/raw/CAMELS_SIMBA_1000U/LH_3_hlist_0.25000.list,True,0,4930,4930,4930,4930,0.2398,True,True,0,0.000000,True,0,0.000000,True,0,0.000000
LH_3,3,0.51209,data/raw/CAMELS_SIMBA_1000U/LH_3_hlist_0.51209.list,True,0,7213,7213,7213,7213,0.2398,True,True,0,0.000000,True,0,0.000000,True,0,0.000000
LH_3,3,0.75065,data/raw/CAMELS_SIMBA_1000U/LH_3_hlist_0.75065.list,True,0,6704,6704,6704,6704,0.2398,True,True,0,0.000000,True,0,0.000000,True,0,0.000000
LH_3,3,1.00000,data/raw/CAMELS_SIMBA_1000U/LH_3_hlist_1.00000.list,True,0,6715,6715,6715,6715,0.2398,True,True,0,0.000000,True,0,0.000000,True,0,0.000000
LH_4,4,0.20000,data/raw/CAMELS_SIMBA_1000U/LH_4_hlist_0.20000.list,True,0,6917,6917,6917,6917,0.3742,True,True,0,0.000000,True,0,0.000000,True,0,0.000000
LH_4,4,0.25000,data/raw/CAMELS_SIMBA_1000U/LH_4_hlist_0.25000.list,True,0,7844,7844,7844,7844,0.3742,True,True,0,0.000000,True,0,0.000000,True,0,0.000000
LH_4,4,0.51209,data/raw/CAMELS_SIMBA_1000U/LH_4_hlist_0.51209.list,True,0,7968,7968,7968,7968,0.3742,True,True,0,0.000000,True,0,0.000000,True,0,0.000000
LH_4,4,0.75065,data/raw/CAMELS_SIMBA_1000U/LH_4_hlist_0.75065.list,True,0,6801,6801,6801,6801,0.3742,True,True,0,0.000000,True,0,0.000000,True,0,0.000000
LH_4,4,1.00000,data/raw/CAMELS_SIMBA_1000U/LH_4_hlist_1.00000.list,True,0,6666,6666,6666,6666,0.3742,True,True,0,0.000000,True,0,0.000000,True,0,0.000000
LH_5,5,0.20000,data/raw/CAMELS_SIMBA_1000U/LH_5_hlist_0.20000.list,True,0,806,806,806,806,0.1174,True,False,194,0.194000,False,694,0.462667,False,1194,0.597000
LH_5,5,0.25000,data/raw/CAMELS_SIMBA_1000U/LH_5_hlist_0.25000.list,True,0,1946,1946,1946,1946,0.1174,True,True,0,0.000000,True,0,0.000000,False,54,0.027000
LH_5,5,0.51209,data/raw/CAMELS_SIMBA_1000U/LH_5_hlist_0.51209.list,True,0,4256,4256,4256,4256,0.1174,True,True,0,0.000000,True,0,0.000000,True,0,0.000000
LH_5,5,0.75065,data/raw/CAMELS_SIMBA_1000U/LH_5_hlist_0.75065.list,True,0,4638,4638,4638,4638,0.1174,True,True,0,0.000000,True,0,0.000000,True,0,0.000000
LH_5,5,1.00000,data/raw/CAMELS_SIMBA_1000U/LH_5_hlist_1.00000.list,True,0,5184,5184,5184,5184,0.1174,True,True,0,0.000000,True,0,0.000000,True,0,0.000000
LH_6,6,0.20000,data/raw/CAMELS_SIMBA_1000U/LH_6_hlist_0.20000.list,True,0,1780,1780,1780,1780,0.1202,True,True,0,0.000000,True,0,0.000000,False,220,0.110000
LH_6,6,0.25000,data/raw/CAMELS_SIMBA_1000U/LH_6_hlist_0.25000.list,True,0,2795,2795,2795,2795,0.1202,True,True,0,0.000000,True,0,0.000000,True,0,0.000000
LH_6,6,0.51209,data/raw/CAMELS_SIMBA_1000U/LH_6_hlist_0.51209.list,True,0,4856,4856,4856,4856,0.1202,True,True,0,0.000000,True,0,0.000000,True,0,0.000000
LH_6,6,0.75065,data/raw/CAMELS_SIMBA_1000U/LH_6_hlist_0.75065.list,True,0,5216,5216,5216,5216,0.1202,True,True,0,0.000000,True,0,0.000000,True,0,0.000000
LH_6,6,1.00000,data/raw/CAMELS_SIMBA_1000U/LH_6_hlist_1.00000.list,True,0,5740,5740,5740,5740,0.1202,True,True,0,0.000000,True,0,0.000000,True,0,0.000000
LH_7,7,0.20000,data/raw/CAMELS_SIMBA_1000U/LH_7_hlist_0.20000.list,True,0,3220,3220,3220,3220,0.3438,True,True,0,0.000000,True,0,0.000000,True,0,0.000000
LH_7,7,0.25000,data/raw/CAMELS_SIMBA_1000U/LH_7_hlist_0.25000.list,True,0,4847,4847,4847,4847,0.3438,True,True,0,0.000000,True,0,0.000000,True,0,0.000000
LH_7,7,0.51209,data/raw/CAMELS_SIMBA_1000U/LH_7_hlist_0.51209.list,True,0,8071,8071,8071,8071,0.3438,True,True,0,0.000000,True,0,0.000000,True,0,0.000000
LH_7,7,0.75065,data/raw/CAMELS_SIMBA_1000U/LH_7_hlist_0.75065.list,True,0,7767,7767,7767,7767,0.3438,True,True,0,0.000000,True,0,0.000000,True,0,0.000000
LH_7,7,1.00000,data/raw/CAMELS_SIMBA_1000U/LH_7_hlist_1.00000.list,True,0,7817,7817,7817,7817,0.3438,True,True,0,0.000000,True,0,0.000000,True,0,0.000000
LH_8,8,0.20000,data/raw/CAMELS_SIMBA_1000U/LH_8_hlist_0.20000.list,True,0,6285,6285,6285,6285,0.4018,True,True,0,0.000000,True,0,0.000000,True,0,0.000000
LH_8,8,0.25000,data/raw/CAMELS_SIMBA_1000U/LH_8_hlist_0.25000.list,True,0,7756,7756,7756,7756,0.4018,True,True,0,0.000000,True,0,0.000000,True,0,0.000000
LH_8,8,0.51209,data/raw/CAMELS_SIMBA_1000U/LH_8_hlist_0.51209.list,True,0,7619,7619,7619,7619,0.4018,True,True,0,0.000000,True,0,0.000000,True,0,0.000000
LH_8,8,0.75065,data/raw/CAMELS_SIMBA_1000U/LH_8_hlist_0.75065.list,True,0,6554,6554,6554,6554,0.4018,True,True,0,0.000000,True,0,0.000000,True,0,0.000000
LH_8,8,1.00000,data/raw/CAMELS_SIMBA_1000U/LH_8_hlist_1.00000.list,True,0,6464,6464,6464,6464,0.4018,True,True,0,0.000000,True,0,0.000000,True,0,0.000000
LH_9,9,0.20000,data/raw/CAMELS_SIMBA_1000U/LH_9_hlist_0.20000.list,True,0,3003,3003,3003,3003,0.2062,True,True,0,0.000000,True,0,0.000000,True,0,0.000000
LH_9,9,0.25000,data/raw/CAMELS_SIMBA_1000U/LH_9_hlist_0.25000.list,True,0,4374,4374,4374,4374,0.2062,True,True,0,0.000000,True,0,0.000000,True,0,0.000000
LH_9,9,0.51209,data/raw/CAMELS_SIMBA_1000U/LH_9_hlist_0.51209.list,True,0,6452,6452,6452,6452,0.2062,True,True,0,0.000000,True,0,0.000000,True,0,0.000000
LH_9,9,0.75065,data/raw/CAMELS_SIMBA_1000U/LH_9_hlist_0.75065.list,True,0,6439,6439,6439,6439,0.2062,True,True,0,0.000000,True,0,0.000000,True,0,0.000000
LH_9,9,1.00000,data/raw/CAMELS_SIMBA_1000U/LH_9_hlist_1.00000.list,True,0,6776,6776,6776,6776,0.2062,True,True,0,0.000000,True,0,0.000000,True,0,0.000000
LH_10,10,0.20000,data/raw/CAMELS_SIMBA_1000U/LH_10_hlist_0.20000.list,True,0,2838,2838,2838,2838,0.1602,True,True,0,0.000000,True,0,0.000000,True,0,0.000000
LH_10,10,0.25000,data/raw/CAMELS_SIMBA_1000U/LH_10_hlist_0.25000.list,True,0,4195,4195,4195,4195,0.1602,True,True,0,0.000000,True,0,0.000000,True,0,0.000000
LH_10,10,0.51209,data/raw/CAMELS_SIMBA_1000U/LH_10_hlist_0.51209.list,True,0,6131,6131,6131,6131,0.1602,True,True,0,0.000000,True,0,0.000000,True,0,0.000000
LH_10,10,0.75065,data/raw/CAMELS_SIMBA_1000U/LH_10_hlist_0.75065.list,True,0,5996,5996,5996,5996,0.1602,True,True,0,0.000000,True,0,0.000000,True,0,0.000000
LH_10,10,1.00000,data/raw/CAMELS_SIMBA_1000U/LH_10_hlist_1.00000.list,True,0,6316,6316,6316,6316,0.1602,True,True,0,0.000000,True,0,0.000000,True,0,0.000000
LH_11,11,0.20000,data/raw/CAMELS_SIMBA_1000U/LH_11_hlist_0.20000.list,True,0,7579,7579,7579,7579,0.4754,True,True,0,0.000000,True,0,0.000000,True,0,0.000000
LH_11,11,0.25000,data/raw/CAMELS_SIMBA_1000U/LH_11_hlist_0.25000.list,True,0,8614,8614,8614,8614,0.4754,True,True,0,0.000000,True,0,0.000000,True,0,0.000000
LH_11,11,0.51209,data/raw/CAMELS_SIMBA_1000U/LH_11_hlist_0.51209.list,True,0,8190,8190,8190,8190,0.4754,True,True,0,0.000000,True,0,0.000000,True,0,0.000000
LH_11,11,0.75065,data/raw/CAMELS_SIMBA_1000U/LH_11_hlist_0.75065.list,True,0,7004,7004,7004,7004,0.4754,True,True,0,0.000000,True,0,0.000000,True,0,0.000000
LH_11,11,1.00000,data/raw/CAMELS_SIMBA_1000U/LH_11_hlist_1.00000.list,True,0,6553,6553,6553,6553,0.4754,True,True,0,0.000000,True,0,0.000000,True,0,0.000000
LH_12,12,0.20000,data/raw/CAMELS_SIMBA_1000U/LH_12_hlist_0.20000.list,True,0,2268,2268,2268,2268,0.2914,True,True,0,0.000000,True,0,0.000000,True,0,0.000000
LH_12,12,0.25000,data/raw/CAMELS_SIMBA_1000U/LH_12_hlist_0.25000.list,True,0,4041,4041,4041,4041,0.2914,True,True,0,0.000000,True,0,0.000000,True,0,0.000000
LH_12,12,0.51209,data/raw/CAMELS_SIMBA_1000U/LH_12_hlist_0.51209.list,True,0,7578,7578,7578,7578,0.2914,True,True,0,0.000000,True,0,0.000000,True,0,0.000000
LH_12,12,0.75065,data/raw/CAMELS_SIMBA_1000U/LH_12_hlist_0.75065.list,True,0,7320,7320,7320,7320,0.2914,True,True,0,0.000000,True,0,0.000000,True,0,0.000000
LH_12,12,1.00000,data/raw/CAMELS_SIMBA_1000U/LH_12_hlist_1.00000.list,True,0,7525,7525,7525,7525,0.2914,True,True,0,0.000000,True,0,0.000000,True,0,0.000000
LH_13,13,0.20000,data/raw/CAMELS_SIMBA_1000U/LH_13_hlist_0.20000.list,True,0,2803,2803,2803,2803,0.269,True,True,0,0.000000,True,0,0.000000,True,0,0.000000
LH_13,13,0.25000,data/raw/CAMELS_SIMBA_1000U/LH_13_hlist_0.25000.list,True,0,4443,4443,4443,4443,0.269,True,True,0,0.000000,True,0,0.000000,True,0,0.000000
LH_13,13,0.51209,data/raw/CAMELS_SIMBA_1000U/LH_13_hlist_0.51209.list,True,0,7251,7251,7251,7251,0.269,True,True,0,0.000000,True,0,0.000000,True,0,0.000000
LH_13,13,0.75065,data/raw/CAMELS_SIMBA_1000U/LH_13_hlist_0.75065.list,True,0,6963,6963,6963,6963,0.269,True,True,0,0.000000,True,0,0.000000,True,0,0.000000
LH_13,13,1.00000,data/raw/CAMELS_SIMBA_1000U/LH_13_hlist_1.00000.list,True,0,7337,7337,7337,7337,0.269,True,True,0,0.000000,True,0,0.000000,True,0,0.000000
LH_14,14,0.20000,data/raw/CAMELS_SIMBA_1000U/LH_14_hlist_0.20000.list,True,0,5671,5671,5671,5671,0.3946,True,True,0,0.000000,True,0,0.000000,True,0,0.000000
LH_14,14,0.25000,data/raw/CAMELS_SIMBA_1000U/LH_14_hlist_0.25000.list,True,0,6962,6962,6962,6962,0.3946,True,True,0,0.000000,True,0,0.000000,True,0,0.000000
LH_14,14,0.51209,data/raw/CAMELS_SIMBA_1000U/LH_14_hlist_0.51209.list,True,0,7975,7975,7975,7975,0.3946,True,True,0,0.000000,True,0,0.000000,True,0,0.000000
LH_14,14,0.75065,data/raw/CAMELS_SIMBA_1000U/LH_14_hlist_0.75065.list,True,0,7013,7013,7013,7013,0.3946,True,True,0,0.000000,True,0,0.000000,True,0,0.000000
LH_14,14,1.00000,data/raw/CAMELS_SIMBA_1000U/LH_14_hlist_1.00000.list,True,0,6724,6724,6724,6724,0.3946,True,True,0,0.000000,True,0,0.000000,True,0,0.000000
LH_15,15,0.20000,data/raw/CAMELS_SIMBA_1000U/LH_15_hlist_0.20000.list,True,0,3369,3369,3369,3369,0.1762,True,True,0,0.000000,True,0,0.000000,True,0,0.000000
LH_15,15,0.25000,data/raw/CAMELS_SIMBA_1000U/LH_15_hlist_0.25000.list,True,0,4809,4809,4809,4809,0.1762,True,True,0,0.000000,True,0,0.000000,True,0,0.000000
LH_15,15,0.51209,data/raw/CAMELS_SIMBA_1000U/LH_15_hlist_0.51209.list,True,0,6162,6162,6162,6162,0.1762,True,True,0,0.000000,True,0,0.000000,True,0,0.000000
LH_15,15,0.75065,data/raw/CAMELS_SIMBA_1000U/LH_15_hlist_0.75065.list,True,0,5993,5993,5993,5993,0.1762,True,True,0,0.000000,True,0,0.000000,True,0,0.000000
LH_15,15,1.00000,data/raw/CAMELS_SIMBA_1000U/LH_15_hlist_1.00000.list,True,0,6319,6319,6319,6319,0.1762,True,True,0,0.000000,True,0,0.000000,True,0,0.000000
LH_16,16,0.20000,data/raw/CAMELS_SIMBA_1000U/LH_16_hlist_0.20000.list,True,0,1044,1044,1044,1044,0.1658,True,True,0,0.000000,False,456,0.304000,False,956,0.478000
LH_16,16,0.25000,data/raw/CAMELS_SIMBA_1000U/LH_16_hlist_0.25000.list,True,0,2217,2217,2217,2217,0.1658,True,True,0,0.000000,True,0,0.000000,True,0,0.000000
LH_16,16,0.51209,data/raw/CAMELS_SIMBA_1000U/LH_16_hlist_0.51209.list,True,0,5860,5860,5860,5860,0.1658,True,True,0,0.000000,True,0,0.000000,True,0,0.000000
LH_16,16,0.75065,data/raw/CAMELS_SIMBA_1000U/LH_16_hlist_0.75065.list,True,0,6369,6369,6369,6369,0.1658,True,True,0,0.000000,True,0,0.000000,True,0,0.000000
LH_16,16,1.00000,data/raw/CAMELS_SIMBA_1000U/LH_16_hlist_1.00000.list,True,0,6890,6890,6890,6890,0.1658,True,True,0,0.000000,True,0,0.000000,True,0,0.000000
LH_17,17,0.20000,data/raw/CAMELS_SIMBA_1000U/LH_17_hlist_0.20000.list,True,0,3578,3578,3578,3578,0.2802,True,True,0,0.000000,True,0,0.000000,True,0,0.000000
LH_17,17,0.25000,data/raw/CAMELS_SIMBA_1000U/LH_17_hlist_0.25000.list,True,0,5152,5152,5152,5152,0.2802,True,True,0,0.000000,True,0,0.000000,True,0,0.000000
LH_17,17,0.51209,data/raw/CAMELS_SIMBA_1000U/LH_17_hlist_0.51209.list,True,0,7539,7539,7539,7539,0.2802,True,True,0,0.000000,True,0,0.000000,True,0,0.000000
LH_17,17,0.75065,data/raw/CAMELS_SIMBA_1000U/LH_17_hlist_0.75065.list,True,0,7306,7306,7306,7306,0.2802,True,True,0,0.000000,True,0,0.000000,True,0,0.000000
LH_17,17,1.00000,data/raw/CAMELS_SIMBA_1000U/LH_17_hlist_1.00000.list,True,0,7446,7446,7446,7446,0.2802,True,True,0,0.000000,True,0,0.000000,True,0,0.000000
LH_18,18,0.20000,data/raw/CAMELS_SIMBA_1000U/LH_18_hlist_0.20000.list,True,0,7088,7088,7088,7088,0.4578,True,True,0,0.000000,True,0,0.000000,True,0,0.000000
LH_18,18,0.25000,data/raw/CAMELS_SIMBA_1000U/LH_18_hlist_0.25000.list,True,0,8381,8381,8381,8381,0.4578,True,True,0,0.000000,True,0,0.000000,True,0,0.000000
LH_18,18,0.51209,data/raw/CAMELS_SIMBA_1000U/LH_18_hlist_0.51209.list,True,0,8128,8128,8128,8128,0.4578,True,True,0,0.000000,True,0,0.000000,True,0,0.000000
LH_18,18,0.75065,data/raw/CAMELS_SIMBA_1000U/LH_18_hlist_0.75065.list,True,0,7031,7031,7031,7031,0.4578,True,True,0,0.000000,True,0,0.000000,True,0,0.000000
LH_18,18,1.00000,data/raw/CAMELS_SIMBA_1000U/LH_18_hlist_1.00000.list,True,0,6550,6550,6550,6550,0.4578,True,True,0,0.000000,True,0,0.000000,True,0,0.000000
LH_19,19,0.20000,data/raw/CAMELS_SIMBA_1000U/LH_19_hlist_0.20000.list,True,0,6562,6562,6562,6562,0.3062,True,True,0,0.000000,True,0,0.000000,True,0,0.000000
LH_19,19,0.25000,data/raw/CAMELS_SIMBA_1000U/LH_19_hlist_0.25000.list,True,0,7568,7568,7568,7568,0.3062,True,True,0,0.000000,True,0,0.000000,True,0,0.000000
LH_19,19,0.51209,data/raw/CAMELS_SIMBA_1000U/LH_19_hlist_0.51209.list,True,0,7383,7383,7383,7383,0.3062,True,True,0,0.000000,True,0,0.000000,True,0,0.000000
LH_19,19,0.75065,data/raw/CAMELS_SIMBA_1000U/LH_19_hlist_0.75065.list,True,0,6455,6455,6455,6455,0.3062,True,True,0,0.000000,True,0,0.000000,True,0,0.000000
LH_19,19,1.00000,data/raw/CAMELS_SIMBA_1000U/LH_19_hlist_1.00000.list,True,0,6413,6413,6413,6413,0.3062,True,True,0,0.000000,True,0,0.000000,True,0,0.000000
LH_20,20,0.20000,data/raw/CAMELS_SIMBA_1000U/LH_20_hlist_0.20000.list,True,0,1317,1317,1317,1317,0.1398,True,True,0,0.000000,False,183,0.122000,False,683,0.341500
LH_20,20,0.25000,data/raw/CAMELS_SIMBA_1000U/LH_20_hlist_0.25000.list,True,0,2483,2483,2483,2483,0.1398,True,True,0,0.000000,True,0,0.000000,True,0,0.000000
LH_20,20,0.51209,data/raw/CAMELS_SIMBA_1000U/LH_20_hlist_0.51209.list,True,0,5253,5253,5253,5253,0.1398,True,True,0,0.000000,True,0,0.000000,True,0,0.000000
LH_20,20,0.75065,data/raw/CAMELS_SIMBA_1000U/LH_20_hlist_0.75065.list,True,0,5782,5782,5782,5782,0.1398,True,True,0,0.000000,True,0,0.000000,True,0,0.000000
LH_20,20,1.00000,data/raw/CAMELS_SIMBA_1000U/LH_20_hlist_1.00000.list,True,0,6348,6348,6348,6348,0.1398,True,True,0,0.000000,True,0,0.000000,True,0,0.000000
LH_21,21,0.20000,data/raw/CAMELS_SIMBA_1000U/LH_21_hlist_0.20000.list,True,0,2329,2329,2329,2329,0.1342,True,True,0,0.000000,True,0,0.000000,True,0,0.000000
LH_21,21,0.25000,data/raw/CAMELS_SIMBA_1000U/LH_21_hlist_0.25000.list,True,0,3586,3586,3586,3586,0.1342,True,True,0,0.000000,True,0,0.000000,True,0,0.000000
LH_21,21,0.51209,data/raw/CAMELS_SIMBA_1000U/LH_21_hlist_0.51209.list,True,0,5247,5247,5247,5247,0.1342,True,True,0,0.000000,True,0,0.000000,True,0,0.000000
LH_21,21,0.75065,data/raw/CAMELS_SIMBA_1000U/LH_21_hlist_0.75065.list,True,0,5182,5182,5182,5182,0.1342,True,True,0,0.000000,True,0,0.000000,True,0,0.000000
LH_21,21,1.00000,data/raw/CAMELS_SIMBA_1000U/LH_21_hlist_1.00000.list,True,0,5622,5622,5622,5622,0.1342,True,True,0,0.000000,True,0,0.000000,True,0,0.000000
LH_22,22,0.20000,data/raw/CAMELS_SIMBA_1000U/LH_22_hlist_0.20000.list,True,0,3105,3105,3105,3105,0.1738,True,True,0,0.000000,True,0,0.000000,True,0,0.000000
LH_22,22,0.25000,data/raw/CAMELS_SIMBA_1000U/LH_22_hlist_0.25000.list,True,0,4488,4488,4488,4488,0.1738,True,True,0,0.000000,True,0,0.000000,True,0,0.000000
LH_22,22,0.51209,data/raw/CAMELS_SIMBA_1000U/LH_22_hlist_0.51209.list,True,0,6270,6270,6270,6270,0.1738,True,True,0,0.000000,True,0,0.000000,True,0,0.000000
LH_22,22,0.75065,data/raw/CAMELS_SIMBA_1000U/LH_22_hlist_0.75065.list,True,0,6139,6139,6139,6139,0.1738,True,True,0,0.000000,True,0,0.000000,True,0,0.000000
LH_22,22,1.00000,data/raw/CAMELS_SIMBA_1000U/LH_22_hlist_1.00000.list,True,0,6437,6437,6437,6437,0.1738,True,True,0,0.000000,True,0,0.000000,True,0,0.000000
LH_23,23,0.20000,data/raw/CAMELS_SIMBA_1000U/LH_23_hlist_0.20000.list,True,0,7570,7570,7570,7570,0.3642,True,True,0,0.000000,True,0,0.000000,True,0,0.000000
LH_23,23,0.25000,data/raw/CAMELS_SIMBA_1000U/LH_23_hlist_0.25000.list,True,0,8261,8261,8261,8261,0.3642,True,True,0,0.000000,True,0,0.000000,True,0,0.000000
LH_23,23,0.51209,data/raw/CAMELS_SIMBA_1000U/LH_23_hlist_0.51209.list,True,0,7262,7262,7262,7262,0.3642,True,True,0,0.000000,True,0,0.000000,True,0,0.000000
LH_23,23,0.75065,data/raw/CAMELS_SIMBA_1000U/LH_23_hlist_0.75065.list,True,0,6273,6273,6273,6273,0.3642,True,True,0,0.000000,True,0,0.000000,True,0,0.000000
LH_23,23,1.00000,data/raw/CAMELS_SIMBA_1000U/LH_23_hlist_1.00000.list,True,0,6006,6006,6006,6006,0.3642,True,True,0,0.000000,True,0,0.000000,True,0,0.000000
LH_24,24,0.20000,data/raw/CAMELS_SIMBA_1000U/LH_24_hlist_0.20000.list,True,0,2115,2115,2115,2115,0.1966,True,True,0,0.000000,True,0,0.000000,True,0,0.000000
LH_24,24,0.25000,data/raw/CAMELS_SIMBA_1000U/LH_24_hlist_0.25000.list,True,0,3660,3660,3660,3660,0.1966,True,True,0,0.000000,True,0,0.000000,True,0,0.000000
LH_24,24,0.51209,data/raw/CAMELS_SIMBA_1000U/LH_24_hlist_0.51209.list,True,0,6457,6457,6457,6457,0.1966,True,True,0,0.000000,True,0,0.000000,True,0,0.000000
LH_24,24,0.75065,data/raw/CAMELS_SIMBA_1000U/LH_24_hlist_0.75065.list,True,0,6533,6533,6533,6533,0.1966,True,True,0,0.000000,True,0,0.000000,True,0,0.000000
LH_24,24,1.00000,data/raw/CAMELS_SIMBA_1000U/LH_24_hlist_1.00000.list,True,0,6835,6835,6835,6835,0.1966,True,True,0,0.000000,True,0,0.000000,True,0,0.000000
LH_25,25,0.20000,data/raw/CAMELS_SIMBA_1000U/LH_25_hlist_0.20000.list,True,0,6745,6745,6745,6745,0.3226,True,True,0,0.000000,True,0,0.000000,True,0,0.000000
LH_25,25,0.25000,data/raw/CAMELS_SIMBA_1000U/LH_25_hlist_0.25000.list,True,0,7654,7654,7654,7654,0.3226,True,True,0,0.000000,True,0,0.000000,True,0,0.000000
LH_25,25,0.51209,data/raw/CAMELS_SIMBA_1000U/LH_25_hlist_0.51209.list,True,0,6986,6986,6986,6986,0.3226,True,True,0,0.000000,True,0,0.000000,True,0,0.000000
LH_25,25,0.75065,data/raw/CAMELS_SIMBA_1000U/LH_25_hlist_0.75065.list,True,0,6229,6229,6229,6229,0.3226,True,True,0,0.000000,True,0,0.000000,True,0,0.000000
LH_25,25,1.00000,data/raw/CAMELS_SIMBA_1000U/LH_25_hlist_1.00000.list,True,0,6226,6226,6226,6226,0.3226,True,True,0,0.000000,True,0,0.000000,True,0,0.000000
LH_26,26,0.20000,data/raw/CAMELS_SIMBA_1000U/LH_26_hlist_0.20000.list,True,0,4513,4513,4513,4513,0.1798,True,True,0,0.000000,True,0,0.000000,True,0,0.000000
LH_26,26,0.25000,data/raw/CAMELS_SIMBA_1000U/LH_26_hlist_0.25000.list,True,0,5801,5801,5801,5801,0.1798,True,True,0,0.000000,True,0,0.000000,True,0,0.000000
LH_26,26,0.51209,data/raw/CAMELS_SIMBA_1000U/LH_26_hlist_0.51209.list,True,0,5721,5721,5721,5721,0.1798,True,True,0,0.000000,True,0,0.000000,True,0,0.000000
LH_26,26,0.75065,data/raw/CAMELS_SIMBA_1000U/LH_26_hlist_0.75065.list,True,0,5106,5106,5106,5106,0.1798,True,True,0,0.000000,True,0,0.000000,True,0,0.000000
LH_26,26,1.00000,data/raw/CAMELS_SIMBA_1000U/LH_26_hlist_1.00000.list,True,0,5451,5451,5451,5451,0.1798,True,True,0,0.000000,True,0,0.000000,True,0,0.000000
LH_27,27,0.20000,data/raw/CAMELS_SIMBA_1000U/LH_27_hlist_0.20000.list,True,0,6425,6425,6425,6425,0.3818,True,True,0,0.000000,True,0,0.000000,True,0,0.000000
LH_27,27,0.25000,data/raw/CAMELS_SIMBA_1000U/LH_27_hlist_0.25000.list,True,0,7613,7613,7613,7613,0.3818,True,True,0,0.000000,True,0,0.000000,True,0,0.000000
LH_27,27,0.51209,data/raw/CAMELS_SIMBA_1000U/LH_27_hlist_0.51209.list,True,0,7647,7647,7647,7647,0.3818,True,True,0,0.000000,True,0,0.000000,True,0,0.000000
LH_27,27,0.75065,data/raw/CAMELS_SIMBA_1000U/LH_27_hlist_0.75065.list,True,0,6794,6794,6794,6794,0.3818,True,True,0,0.000000,True,0,0.000000,True,0,0.000000
LH_27,27,1.00000,data/raw/CAMELS_SIMBA_1000U/LH_27_hlist_1.00000.list,True,0,6518,6518,6518,6518,0.3818,True,True,0,0.000000,True,0,0.000000,True,0,0.000000
LH_28,28,0.20000,data/raw/CAMELS_SIMBA_1000U/LH_28_hlist_0.20000.list,True,0,6091,6091,6091,6091,0.267,True,True,0,0.000000,True,0,0.000000,True,0,0.000000
LH_28,28,0.25000,data/raw/CAMELS_SIMBA_1000U/LH_28_hlist_0.25000.list,True,0,7220,7220,7220,7220,0.267,True,True,0,0.000000,True,0,0.000000,True,0,0.000000
LH_28,28,0.51209,data/raw/CAMELS_SIMBA_1000U/LH_28_hlist_0.51209.list,True,0,6692,6692,6692,6692,0.267,True,True,0,0.000000,True,0,0.000000,True,0,0.000000
LH_28,28,0.75065,data/raw/CAMELS_SIMBA_1000U/LH_28_hlist_0.75065.list,True,0,5923,5923,5923,5923,0.267,True,True,0,0.000000,True,0,0.000000,True,0,0.000000
LH_28,28,1.00000,data/raw/CAMELS_SIMBA_1000U/LH_28_hlist_1.00000.list,True,0,6000,6000,6000,6000,0.267,True,True,0,0.000000,True,0,0.000000,True,0,0.000000
LH_29,29,0.20000,data/raw/CAMELS_SIMBA_1000U/LH_29_hlist_0.20000.list,True,0,3290,3290,3290,3290,0.157,True,True,0,0.000000,True,0,0.000000,True,0,0.000000
LH_29,29,0.25000,data/raw/CAMELS_SIMBA_1000U/LH_29_hlist_0.25000.list,True,0,4650,4650,4650,4650,0.157,True,True,0,0.000000,True,0,0.000000,True,0,0.000000
LH_29,29,0.51209,data/raw/CAMELS_SIMBA_1000U/LH_29_hlist_0.51209.list,True,0,5356,5356,5356,5356,0.157,True,True,0,0.000000,True,0,0.000000,True,0,0.000000
LH_29,29,0.75065,data/raw/CAMELS_SIMBA_1000U/LH_29_hlist_0.75065.list,True,0,5076,5076,5076,5076,0.157,True,True,0,0.000000,True,0,0.000000,True,0,0.000000
LH_29,29,1.00000,data/raw/CAMELS_SIMBA_1000U/LH_29_hlist_1.00000.list,True,0,5476,5476,5476,5476,0.157,True,True,0,0.000000,True,0,0.000000,True,0,0.000000
LH_30,30,0.20000,data/raw/CAMELS_SIMBA_1000U/LH_30_hlist_0.20000.list,True,0,2111,2111,2111,2111,0.137,True,True,0,0.000000,True,0,0.000000,True,0,0.000000
LH_30,30,0.25000,data/raw/CAMELS_SIMBA_1000U/LH_30_hlist_0.25000.list,True,0,3373,3373,3373,3373,0.137,True,True,0,0.000000,True,0,0.000000,True,0,0.000000
LH_30,30,0.51209,data/raw/CAMELS_SIMBA_1000U/LH_30_hlist_0.51209.list,True,0,5689,5689,5689,5689,0.137,True,True,0,0.000000,True,0,0.000000,True,0,0.000000
LH_30,30,0.75065,data/raw/CAMELS_SIMBA_1000U/LH_30_hlist_0.75065.list,True,0,5704,5704,5704,5704,0.137,True,True,0,0.000000,True,0,0.000000,True,0,0.000000
LH_30,30,1.00000,data/raw/CAMELS_SIMBA_1000U/LH_30_hlist_1.00000.list,True,0,6155,6155,6155,6155,0.137,True,True,0,0.000000,True,0,0.000000,True,0,0.000000
LH_31,31,0.20000,data/raw/CAMELS_SIMBA_1000U/LH_31_hlist_0.20000.list,True,0,5376,5376,5376,5376,0.4978,True,True,0,0.000000,True,0,0.000000,True,0,0.000000
LH_31,31,0.25000,data/raw/CAMELS_SIMBA_1000U/LH_31_hlist_0.25000.list,True,0,6988,6988,6988,6988,0.4978,True,True,0,0.000000,True,0,0.000000,True,0,0.000000
LH_31,31,0.51209,data/raw/CAMELS_SIMBA_1000U/LH_31_hlist_0.51209.list,True,0,9059,9059,9059,9059,0.4978,True,True,0,0.000000,True,0,0.000000,True,0,0.000000
LH_31,31,0.75065,data/raw/CAMELS_SIMBA_1000U/LH_31_hlist_0.75065.list,True,0,8112,8112,8112,8112,0.4978,True,True,0,0.000000,True,0,0.000000,True,0,0.000000
LH_31,31,1.00000,data/raw/CAMELS_SIMBA_1000U/LH_31_hlist_1.00000.list,True,0,7801,7801,7801,7801,0.4978,True,True,0,0.000000,True,0,0.000000,True,0,0.000000
LH_32,32,0.20000,data/raw/CAMELS_SIMBA_1000U/LH_32_hlist_0.20000.list,True,0,6522,6522,6522,6522,0.2998,True,True,0,0.000000,True,0,0.000000,True,0,0.000000
LH_32,32,0.25000,data/raw/CAMELS_SIMBA_1000U/LH_32_hlist_0.25000.list,True,0,7469,7469,7469,7469,0.2998,True,True,0,0.000000,True,0,0.000000,True,0,0.000000
LH_32,32,0.51209,data/raw/CAMELS_SIMBA_1000U/LH_32_hlist_0.51209.list,True,0,7428,7428,7428,7428,0.2998,True,True,0,0.000000,True,0,0.000000,True,0,0.000000
LH_32,32,0.75065,data/raw/CAMELS_SIMBA_1000U/LH_32_hlist_0.75065.list,True,0,6650,6650,6650,6650,0.2998,True,True,0,0.000000,True,0,0.000000,True,0,0.000000
LH_32,32,1.00000,data/raw/CAMELS_SIMBA_1000U/LH_32_hlist_1.00000.list,True,0,6663,6663,6663,6663,0.2998,True,True,0,0.000000,True,0,0.000000,True,0,0.000000
LH_33,33,0.20000,data/raw/CAMELS_SIMBA_1000U/LH_33_hlist_0.20000.list,True,0,7808,7808,7808,7808,0.4778,True,True,0,0.000000,True,0,0.000000,True,0,0.000000
LH_33,33,0.25000,data/raw/CAMELS_SIMBA_1000U/LH_33_hlist_0.25000.list,True,0,8598,8598,8598,8598,0.4778,True,True,0,0.000000,True,0,0.000000,True,0,0.000000
LH_33,33,0.51209,data/raw/CAMELS_SIMBA_1000U/LH_33_hlist_0.51209.list,True,0,8071,8071,8071,8071,0.4778,True,True,0,0.000000,True,0,0.000000,True,0,0.000000
LH_33,33,0.75065,data/raw/CAMELS_SIMBA_1000U/LH_33_hlist_0.75065.list,True,0,6718,6718,6718,6718,0.4778,True,True,0,0.000000,True,0,0.000000,True,0,0.000000
LH_33,33,1.00000,data/raw/CAMELS_SIMBA_1000U/LH_33_hlist_1.00000.list,True,0,6285,6285,6285,6285,0.4778,True,True,0,0.000000,True,0,0.000000,True,0,0.000000
LH_34,34,0.20000,data/raw/CAMELS_SIMBA_1000U/LH_34_hlist_0.20000.list,True,0,4009,4009,4009,4009,0.2538,True,True,0,0.000000,True,0,0.000000,True,0,0.000000
LH_34,34,0.25000,data/raw/CAMELS_SIMBA_1000U/LH_34_hlist_0.25000.list,True,0,5535,5535,5535,5535,0.2538,True,True,0,0.000000,True,0,0.000000,True,0,0.000000
LH_34,34,0.51209,data/raw/CAMELS_SIMBA_1000U/LH_34_hlist_0.51209.list,True,0,6969,6969,6969,6969,0.2538,True,True,0,0.000000,True,0,0.000000,True,0,0.000000
LH_34,34,0.75065,data/raw/CAMELS_SIMBA_1000U/LH_34_hlist_0.75065.list,True,0,6621,6621,6621,6621,0.2538,True,True,0,0.000000,True,0,0.000000,True,0,0.000000
LH_34,34,1.00000,data/raw/CAMELS_SIMBA_1000U/LH_34_hlist_1.00000.list,True,0,6693,6693,6693,6693,0.2538,True,True,0,0.000000,True,0,0.000000,True,0,0.000000
LH_35,35,0.20000,data/raw/CAMELS_SIMBA_1000U/LH_35_hlist_0.20000.list,True,0,3354,3354,3354,3354,0.2726,True,True,0,0.000000,True,0,0.000000,True,0,0.000000
LH_35,35,0.25000,data/raw/CAMELS_SIMBA_1000U/LH_35_hlist_0.25000.list,True,0,4910,4910,4910,4910,0.2726,True,True,0,0.000000,True,0,0.000000,True,0,0.000000
LH_35,35,0.51209,data/raw/CAMELS_SIMBA_1000U/LH_35_hlist_0.51209.list,True,0,7509,7509,7509,7509,0.2726,True,True,0,0.000000,True,0,0.000000,True,0,0.000000
LH_35,35,0.75065,data/raw/CAMELS_SIMBA_1000U/LH_35_hlist_0.75065.list,True,0,6941,6941,6941,6941,0.2726,True,True,0,0.000000,True,0,0.000000,True,0,0.000000
LH_35,35,1.00000,data/raw/CAMELS_SIMBA_1000U/LH_35_hlist_1.00000.list,True,0,7246,7246,7246,7246,0.2726,True,True,0,0.000000,True,0,0.000000,True,0,0.000000
LH_36,36,0.20000,data/raw/CAMELS_SIMBA_1000U/LH_36_hlist_0.20000.list,True,0,3726,3726,3726,3726,0.2894,True,True,0,0.000000,True,0,0.000000,True,0,0.000000
LH_36,36,0.25000,data/raw/CAMELS_SIMBA_1000U/LH_36_hlist_0.25000.list,True,0,5303,5303,5303,5303,0.2894,True,True,0,0.000000,True,0,0.000000,True,0,0.000000
LH_36,36,0.51209,data/raw/CAMELS_SIMBA_1000U/LH_36_hlist_0.51209.list,True,0,7522,7522,7522,7522,0.2894,True,True,0,0.000000,True,0,0.000000,True,0,0.000000
LH_36,36,0.75065,data/raw/CAMELS_SIMBA_1000U/LH_36_hlist_0.75065.list,True,0,7142,7142,7142,7142,0.2894,True,True,0,0.000000,True,0,0.000000,True,0,0.000000
LH_36,36,1.00000,data/raw/CAMELS_SIMBA_1000U/LH_36_hlist_1.00000.list,True,0,7110,7110,7110,7110,0.2894,True,True,0,0.000000,True,0,0.000000,True,0,0.000000
LH_37,37,0.20000,data/raw/CAMELS_SIMBA_1000U/LH_37_hlist_0.20000.list,True,0,873,873,873,873,0.111,True,False,127,0.127000,False,627,0.418000,False,1127,0.563500
LH_37,37,0.25000,data/raw/CAMELS_SIMBA_1000U/LH_37_hlist_0.25000.list,True,0,1891,1891,1891,1891,0.111,True,True,0,0.000000,True,0,0.000000,False,109,0.054500
LH_37,37,0.51209,data/raw/CAMELS_SIMBA_1000U/LH_37_hlist_0.51209.list,True,0,4154,4154,4154,4154,0.111,True,True,0,0.000000,True,0,0.000000,True,0,0.000000
LH_37,37,0.75065,data/raw/CAMELS_SIMBA_1000U/LH_37_hlist_0.75065.list,True,0,4559,4559,4559,4559,0.111,True,True,0,0.000000,True,0,0.000000,True,0,0.000000
LH_37,37,1.00000,data/raw/CAMELS_SIMBA_1000U/LH_37_hlist_1.00000.list,True,0,5230,5230,5230,5230,0.111,True,True,0,0.000000,True,0,0.000000,True,0,0.000000
LH_38,38,0.20000,data/raw/CAMELS_SIMBA_1000U/LH_38_hlist_0.20000.list,True,0,5061,5061,5061,5061,0.4618,True,True,0,0.000000,True,0,0.000000,True,0,0.000000
LH_38,38,0.25000,data/raw/CAMELS_SIMBA_1000U/LH_38_hlist_0.25000.list,True,0,6640,6640,6640,6640,0.4618,True,True,0,0.000000,True,0,0.000000,True,0,0.000000
LH_38,38,0.51209,data/raw/CAMELS_SIMBA_1000U/LH_38_hlist_0.51209.list,True,0,8536,8536,8536,8536,0.4618,True,True,0,0.000000,True,0,0.000000,True,0,0.000000
LH_38,38,0.75065,data/raw/CAMELS_SIMBA_1000U/LH_38_hlist_0.75065.list,True,0,7592,7592,7592,7592,0.4618,True,True,0,0.000000,True,0,0.000000,True,0,0.000000
LH_38,38,1.00000,data/raw/CAMELS_SIMBA_1000U/LH_38_hlist_1.00000.list,True,0,7349,7349,7349,7349,0.4618,True,True,0,0.000000,True,0,0.000000,True,0,0.000000
LH_39,39,0.20000,data/raw/CAMELS_SIMBA_1000U/LH_39_hlist_0.20000.list,True,0,4620,4620,4620,4620,0.3178,True,True,0,0.000000,True,0,0.000000,True,0,0.000000
LH_39,39,0.25000,data/raw/CAMELS_SIMBA_1000U/LH_39_hlist_0.25000.list,True,0,6227,6227,6227,6227,0.3178,True,True,0,0.000000,True,0,0.000000,True,0,0.000000
LH_39,39,0.51209,data/raw/CAMELS_SIMBA_1000U/LH_39_hlist_0.51209.list,True,0,7796,7796,7796,7796,0.3178,True,True,0,0.000000,True,0,0.000000,True,0,0.000000
LH_39,39,0.75065,data/raw/CAMELS_SIMBA_1000U/LH_39_hlist_0.75065.list,True,0,7289,7289,7289,7289,0.3178,True,True,0,0.000000,True,0,0.000000,True,0,0.000000
LH_39,39,1.00000,data/raw/CAMELS_SIMBA_1000U/LH_39_hlist_1.00000.list,True,0,7317,7317,7317,7317,0.3178,True,True,0,0.000000,True,0,0.000000,True,0,0.000000
LH_40,40,0.20000,data/raw/CAMELS_SIMBA_1000U/LH_40_hlist_0.20000.list,True,0,4220,4220,4220,4220,0.2738,True,True,0,0.000000,True,0,0.000000,True,0,0.000000
LH_40,40,0.25000,data/raw/CAMELS_SIMBA_1000U/LH_40_hlist_0.25000.list,True,0,5755,5755,5755,5755,0.2738,True,True,0,0.000000,True,0,0.000000,True,0,0.000000
LH_40,40,0.51209,data/raw/CAMELS_SIMBA_1000U/LH_40_hlist_0.51209.list,True,0,7377,7377,7377,7377,0.2738,True,True,0,0.000000,True,0,0.000000,True,0,0.000000
LH_40,40,0.75065,data/raw/CAMELS_SIMBA_1000U/LH_40_hlist_0.75065.list,True,0,7064,7064,7064,7064,0.2738,True,True,0,0.000000,True,0,0.000000,True,0,0.000000
LH_40,40,1.00000,data/raw/CAMELS_SIMBA_1000U/LH_40_hlist_1.00000.list,True,0,7117,7117,7117,7117,0.2738,True,True,0,0.000000,True,0,0.000000,True,0,0.000000
LH_41,41,0.20000,data/raw/CAMELS_SIMBA_1000U/LH_41_hlist_0.20000.list,True,0,6330,6330,6330,6330,0.4194,True,True,0,0.000000,True,0,0.000000,True,0,0.000000
LH_41,41,0.25000,data/raw/CAMELS_SIMBA_1000U/LH_41_hlist_0.25000.list,True,0,7631,7631,7631,7631,0.4194,True,True,0,0.000000,True,0,0.000000,True,0,0.000000
LH_41,41,0.51209,data/raw/CAMELS_SIMBA_1000U/LH_41_hlist_0.51209.list,True,0,7746,7746,7746,7746,0.4194,True,True,0,0.000000,True,0,0.000000,True,0,0.000000
LH_41,41,0.75065,data/raw/CAMELS_SIMBA_1000U/LH_41_hlist_0.75065.list,True,0,6854,6854,6854,6854,0.4194,True,True,0,0.000000,True,0,0.000000,True,0,0.000000
LH_41,41,1.00000,data/raw/CAMELS_SIMBA_1000U/LH_41_hlist_1.00000.list,True,0,6580,6580,6580,6580,0.4194,True,True,0,0.000000,True,0,0.000000,True,0,0.000000
LH_42,42,0.20000,data/raw/CAMELS_SIMBA_1000U/LH_42_hlist_0.20000.list,True,0,2774,2774,2774,2774,0.1122,True,True,0,0.000000,True,0,0.000000,True,0,0.000000
LH_42,42,0.25000,data/raw/CAMELS_SIMBA_1000U/LH_42_hlist_0.25000.list,True,0,3776,3776,3776,3776,0.1122,True,True,0,0.000000,True,0,0.000000,True,0,0.000000
LH_42,42,0.51209,data/raw/CAMELS_SIMBA_1000U/LH_42_hlist_0.51209.list,True,0,4559,4559,4559,4559,0.1122,True,True,0,0.000000,True,0,0.000000,True,0,0.000000
LH_42,42,0.75065,data/raw/CAMELS_SIMBA_1000U/LH_42_hlist_0.75065.list,True,0,4707,4707,4707,4707,0.1122,True,True,0,0.000000,True,0,0.000000,True,0,0.000000
LH_42,42,1.00000,data/raw/CAMELS_SIMBA_1000U/LH_42_hlist_1.00000.list,True,0,5067,5067,5067,5067,0.1122,True,True,0,0.000000,True,0,0.000000,True,0,0.000000
LH_43,43,0.20000,data/raw/CAMELS_SIMBA_1000U/LH_43_hlist_0.20000.list,True,0,4686,4686,4686,4686,0.1846,True,True,0,0.000000,True,0,0.000000,True,0,0.000000
LH_43,43,0.25000,data/raw/CAMELS_SIMBA_1000U/LH_43_hlist_0.25000.list,True,0,5834,5834,5834,5834,0.1846,True,True,0,0.000000,True,0,0.000000,True,0,0.000000
LH_43,43,0.51209,data/raw/CAMELS_SIMBA_1000U/LH_43_hlist_0.51209.list,True,0,6021,6021,6021,6021,0.1846,True,True,0,0.000000,True,0,0.000000,True,0,0.000000
LH_43,43,0.75065,data/raw/CAMELS_SIMBA_1000U/LH_43_hlist_0.75065.list,True,0,5448,5448,5448,5448,0.1846,True,True,0,0.000000,True,0,0.000000,True,0,0.000000
LH_43,43,1.00000,data/raw/CAMELS_SIMBA_1000U/LH_43_hlist_1.00000.list,True,0,5639,5639,5639,5639,0.1846,True,True,0,0.000000,True,0,0.000000,True,0,0.000000
LH_44,44,0.20000,data/raw/CAMELS_SIMBA_1000U/LH_44_hlist_0.20000.list,True,0,6677,6677,6677,6677,0.2962,True,True,0,0.000000,True,0,0.000000,True,0,0.000000
LH_44,44,0.25000,data/raw/CAMELS_SIMBA_1000U/LH_44_hlist_0.25000.list,True,0,7478,7478,7478,7478,0.2962,True,True,0,0.000000,True,0,0.000000,True,0,0.000000
LH_44,44,0.51209,data/raw/CAMELS_SIMBA_1000U/LH_44_hlist_0.51209.list,True,0,6746,6746,6746,6746,0.2962,True,True,0,0.000000,True,0,0.000000,True,0,0.000000
LH_44,44,0.75065,data/raw/CAMELS_SIMBA_1000U/LH_44_hlist_0.75065.list,True,0,5775,5775,5775,5775,0.2962,True,True,0,0.000000,True,0,0.000000,True,0,0.000000
LH_44,44,1.00000,data/raw/CAMELS_SIMBA_1000U/LH_44_hlist_1.00000.list,True,0,5819,5819,5819,5819,0.2962,True,True,0,0.000000,True,0,0.000000,True,0,0.000000
LH_45,45,0.20000,data/raw/CAMELS_SIMBA_1000U/LH_45_hlist_0.20000.list,True,0,6388,6388,6388,6388,0.3182,True,True,0,0.000000,True,0,0.000000,True,0,0.000000
LH_45,45,0.25000,data/raw/CAMELS_SIMBA_1000U/LH_45_hlist_0.25000.list,True,0,7275,7275,7275,7275,0.3182,True,True,0,0.000000,True,0,0.000000,True,0,0.000000
LH_45,45,0.51209,data/raw/CAMELS_SIMBA_1000U/LH_45_hlist_0.51209.list,True,0,7124,7124,7124,7124,0.3182,True,True,0,0.000000,True,0,0.000000,True,0,0.000000
LH_45,45,0.75065,data/raw/CAMELS_SIMBA_1000U/LH_45_hlist_0.75065.list,True,0,6166,6166,6166,6166,0.3182,True,True,0,0.000000,True,0,0.000000,True,0,0.000000
LH_45,45,1.00000,data/raw/CAMELS_SIMBA_1000U/LH_45_hlist_1.00000.list,True,0,6264,6264,6264,6264,0.3182,True,True,0,0.000000,True,0,0.000000,True,0,0.000000
LH_46,46,0.20000,data/raw/CAMELS_SIMBA_1000U/LH_46_hlist_0.20000.list,True,0,5006,5006,5006,5006,0.335,True,True,0,0.000000,True,0,0.000000,True,0,0.000000
LH_46,46,0.25000,data/raw/CAMELS_SIMBA_1000U/LH_46_hlist_0.25000.list,True,0,6400,6400,6400,6400,0.335,True,True,0,0.000000,True,0,0.000000,True,0,0.000000
LH_46,46,0.51209,data/raw/CAMELS_SIMBA_1000U/LH_46_hlist_0.51209.list,True,0,7475,7475,7475,7475,0.335,True,True,0,0.000000,True,0,0.000000,True,0,0.000000
LH_46,46,0.75065,data/raw/CAMELS_SIMBA_1000U/LH_46_hlist_0.75065.list,True,0,6877,6877,6877,6877,0.335,True,True,0,0.000000,True,0,0.000000,True,0,0.000000
LH_46,46,1.00000,data/raw/CAMELS_SIMBA_1000U/LH_46_hlist_1.00000.list,True,0,6694,6694,6694,6694,0.335,True,True,0,0.000000,True,0,0.000000,True,0,0.000000
LH_47,47,0.20000,data/raw/CAMELS_SIMBA_1000U/LH_47_hlist_0.20000.list,True,0,5059,5059,5059,5059,0.419,True,True,0,0.000000,True,0,0.000000,True,0,0.000000
LH_47,47,0.25000,data/raw/CAMELS_SIMBA_1000U/LH_47_hlist_0.25000.list,True,0,6599,6599,6599,6599,0.419,True,True,0,0.000000,True,0,0.000000,True,0,0.000000
LH_47,47,0.51209,data/raw/CAMELS_SIMBA_1000U/LH_47_hlist_0.51209.list,True,0,8524,8524,8524,8524,0.419,True,True,0,0.000000,True,0,0.000000,True,0,0.000000
LH_47,47,0.75065,data/raw/CAMELS_SIMBA_1000U/LH_47_hlist_0.75065.list,True,0,7713,7713,7713,7713,0.419,True,True,0,0.000000,True,0,0.000000,True,0,0.000000
LH_47,47,1.00000,data/raw/CAMELS_SIMBA_1000U/LH_47_hlist_1.00000.list,True,0,7525,7525,7525,7525,0.419,True,True,0,0.000000,True,0,0.000000,True,0,0.000000
LH_48,48,0.20000,data/raw/CAMELS_SIMBA_1000U/LH_48_hlist_0.20000.list,True,0,8621,8621,8621,8621,0.4766,True,True,0,0.000000,True,0,0.000000,True,0,0.000000
LH_48,48,0.25000,data/raw/CAMELS_SIMBA_1000U/LH_48_hlist_0.25000.list,True,0,9043,9043,9043,9043,0.4766,True,True,0,0.000000,True,0,0.000000,True,0,0.000000
LH_48,48,0.51209,data/raw/CAMELS_SIMBA_1000U/LH_48_hlist_0.51209.list,True,0,7596,7596,7596,7596,0.4766,True,True,0,0.000000,True,0,0.000000,True,0,0.000000
LH_48,48,0.75065,data/raw/CAMELS_SIMBA_1000U/LH_48_hlist_0.75065.list,True,0,6216,6216,6216,6216,0.4766,True,True,0,0.000000,True,0,0.000000,True,0,0.000000
LH_48,48,1.00000,data/raw/CAMELS_SIMBA_1000U/LH_48_hlist_1.00000.list,True,0,5815,5815,5815,5815,0.4766,True,True,0,0.000000,True,0,0.000000,True,0,0.000000
LH_49,49,0.20000,data/raw/CAMELS_SIMBA_1000U/LH_49_hlist_0.20000.list,True,0,4710,4710,4710,4710,0.2278,True,True,0,0.000000,True,0,0.000000,True,0,0.000000
LH_49,49,0.25000,data/raw/CAMELS_SIMBA_1000U/LH_49_hlist_0.25000.list,True,0,5930,5930,5930,5930,0.2278,True,True,0,0.000000,True,0,0.000000,True,0,0.000000
LH_49,49,0.51209,data/raw/CAMELS_SIMBA_1000U/LH_49_hlist_0.51209.list,True,0,7181,7181,7181,7181,0.2278,True,True,0,0.000000,True,0,0.000000,True,0,0.000000
LH_49,49,0.75065,data/raw/CAMELS_SIMBA_1000U/LH_49_hlist_0.75065.list,True,0,6585,6585,6585,6585,0.2278,True,True,0,0.000000,True,0,0.000000,True,0,0.000000
LH_49,49,1.00000,data/raw/CAMELS_SIMBA_1000U/LH_49_hlist_1.00000.list,True,0,6810,6810,6810,6810,0.2278,True,True,0,0.000000,True,0,0.000000,True,0,0.000000
LH_50,50,0.20000,data/raw/CAMELS_SIMBA_1000U/LH_50_hlist_0.20000.list,True,0,5698,5698,5698,5698,0.259,True,True,0,0.000000,True,0,0.000000,True,0,0.000000
LH_50,50,0.25000,data/raw/CAMELS_SIMBA_1000U/LH_50_hlist_0.25000.list,True,0,6841,6841,6841,6841,0.259,True,True,0,0.000000,True,0,0.000000,True,0,0.000000
LH_50,50,0.51209,data/raw/CAMELS_SIMBA_1000U/LH_50_hlist_0.51209.list,True,0,7384,7384,7384,7384,0.259,True,True,0,0.000000,True,0,0.000000,True,0,0.000000
LH_50,50,0.75065,data/raw/CAMELS_SIMBA_1000U/LH_50_hlist_0.75065.list,True,0,6576,6576,6576,6576,0.259,True,True,0,0.000000,True,0,0.000000,True,0,0.000000
LH_50,50,1.00000,data/raw/CAMELS_SIMBA_1000U/LH_50_hlist_1.00000.list,True,0,6534,6534,6534,6534,0.259,True,True,0,0.000000,True,0,0.000000,True,0,0.000000
LH_51,51,0.20000,data/raw/CAMELS_SIMBA_1000U/LH_51_hlist_0.20000.list,True,0,5763,5763,5763,5763,0.2678,True,True,0,0.000000,True,0,0.000000,True,0,0.000000
LH_51,51,0.25000,data/raw/CAMELS_SIMBA_1000U/LH_51_hlist_0.25000.list,True,0,6661,6661,6661,6661,0.2678,True,True,0,0.000000,True,0,0.000000,True,0,0.000000
LH_51,51,0.51209,data/raw/CAMELS_SIMBA_1000U/LH_51_hlist_0.51209.list,True,0,6666,6666,6666,6666,0.2678,True,True,0,0.000000,True,0,0.000000,True,0,0.000000
LH_51,51,0.75065,data/raw/CAMELS_SIMBA_1000U/LH_51_hlist_0.75065.list,True,0,6184,6184,6184,6184,0.2678,True,True,0,0.000000,True,0,0.000000,True,0,0.000000
LH_51,51,1.00000,data/raw/CAMELS_SIMBA_1000U/LH_51_hlist_1.00000.list,True,0,6244,6244,6244,6244,0.2678,True,True,0,0.000000,True,0,0.000000,True,0,0.000000
LH_52,52,0.20000,data/raw/CAMELS_SIMBA_1000U/LH_52_hlist_0.20000.list,True,0,7768,7768,7768,7768,0.4138,True,True,0,0.000000,True,0,0.000000,True,0,0.000000
LH_52,52,0.25000,data/raw/CAMELS_SIMBA_1000U/LH_52_hlist_0.25000.list,True,0,8449,8449,8449,8449,0.4138,True,True,0,0.000000,True,0,0.000000,True,0,0.000000
LH_52,52,0.51209,data/raw/CAMELS_SIMBA_1000U/LH_52_hlist_0.51209.list,True,0,7748,7748,7748,7748,0.4138,True,True,0,0.000000,True,0,0.000000,True,0,0.000000
LH_52,52,0.75065,data/raw/CAMELS_SIMBA_1000U/LH_52_hlist_0.75065.list,True,0,6623,6623,6623,6623,0.4138,True,True,0,0.000000,True,0,0.000000,True,0,0.000000
LH_52,52,1.00000,data/raw/CAMELS_SIMBA_1000U/LH_52_hlist_1.00000.list,True,0,6163,6163,6163,6163,0.4138,True,True,0,0.000000,True,0,0.000000,True,0,0.000000
LH_53,53,0.20000,data/raw/CAMELS_SIMBA_1000U/LH_53_hlist_0.20000.list,True,0,2255,2255,2255,2255,0.1686,True,True,0,0.000000,True,0,0.000000,True,0,0.000000
LH_53,53,0.25000,data/raw/CAMELS_SIMBA_1000U/LH_53_hlist_0.25000.list,True,0,3726,3726,3726,3726,0.1686,True,True,0,0.000000,True,0,0.000000,True,0,0.000000
LH_53,53,0.51209,data/raw/CAMELS_SIMBA_1000U/LH_53_hlist_0.51209.list,True,0,5558,5558,5558,5558,0.1686,True,True,0,0.000000,True,0,0.000000,True,0,0.000000
LH_53,53,0.75065,data/raw/CAMELS_SIMBA_1000U/LH_53_hlist_0.75065.list,True,0,5554,5554,5554,5554,0.1686,True,True,0,0.000000,True,0,0.000000,True,0,0.000000
LH_53,53,1.00000,data/raw/CAMELS_SIMBA_1000U/LH_53_hlist_1.00000.list,True,0,5842,5842,5842,5842,0.1686,True,True,0,0.000000,True,0,0.000000,True,0,0.000000
LH_54,54,0.20000,data/raw/CAMELS_SIMBA_1000U/LH_54_hlist_0.20000.list,True,0,7859,7859,7859,7859,0.3846,True,True,0,0.000000,True,0,0.000000,True,0,0.000000
LH_54,54,0.25000,data/raw/CAMELS_SIMBA_1000U/LH_54_hlist_0.25000.list,True,0,8518,8518,8518,8518,0.3846,True,True,0,0.000000,True,0,0.000000,True,0,0.000000
LH_54,54,0.51209,data/raw/CAMELS_SIMBA_1000U/LH_54_hlist_0.51209.list,True,0,7199,7199,7199,7199,0.3846,True,True,0,0.000000,True,0,0.000000,True,0,0.000000
LH_54,54,0.75065,data/raw/CAMELS_SIMBA_1000U/LH_54_hlist_0.75065.list,True,0,6156,6156,6156,6156,0.3846,True,True,0,0.000000,True,0,0.000000,True,0,0.000000
LH_54,54,1.00000,data/raw/CAMELS_SIMBA_1000U/LH_54_hlist_1.00000.list,True,0,5904,5904,5904,5904,0.3846,True,True,0,0.000000,True,0,0.000000,True,0,0.000000
LH_55,55,0.20000,data/raw/CAMELS_SIMBA_1000U/LH_55_hlist_0.20000.list,True,0,3161,3161,3161,3161,0.1902,True,True,0,0.000000,True,0,0.000000,True,0,0.000000
LH_55,55,0.25000,data/raw/CAMELS_SIMBA_1000U/LH_55_hlist_0.25000.list,True,0,4748,4748,4748,4748,0.1902,True,True,0,0.000000,True,0,0.000000,True,0,0.000000
LH_55,55,0.51209,data/raw/CAMELS_SIMBA_1000U/LH_55_hlist_0.51209.list,True,0,6483,6483,6483,6483,0.1902,True,True,0,0.000000,True,0,0.000000,True,0,0.000000
LH_55,55,0.75065,data/raw/CAMELS_SIMBA_1000U/LH_55_hlist_0.75065.list,True,0,6390,6390,6390,6390,0.1902,True,True,0,0.000000,True,0,0.000000,True,0,0.000000
LH_55,55,1.00000,data/raw/CAMELS_SIMBA_1000U/LH_55_hlist_1.00000.list,True,0,6843,6843,6843,6843,0.1902,True,True,0,0.000000,True,0,0.000000,True,0,0.000000
LH_56,56,0.20000,data/raw/CAMELS_SIMBA_1000U/LH_56_hlist_0.20000.list,True,0,6015,6015,6015,6015,0.4166,True,True,0,0.000000,True,0,0.000000,True,0,0.000000
LH_56,56,0.25000,data/raw/CAMELS_SIMBA_1000U/LH_56_hlist_0.25000.list,True,0,7315,7315,7315,7315,0.4166,True,True,0,0.000000,True,0,0.000000,True,0,0.000000
LH_56,56,0.51209,data/raw/CAMELS_SIMBA_1000U/LH_56_hlist_0.51209.list,True,0,8112,8112,8112,8112,0.4166,True,True,0,0.000000,True,0,0.000000,True,0,0.000000
LH_56,56,0.75065,data/raw/CAMELS_SIMBA_1000U/LH_56_hlist_0.75065.list,True,0,7092,7092,7092,7092,0.4166,True,True,0,0.000000,True,0,0.000000,True,0,0.000000
LH_56,56,1.00000,data/raw/CAMELS_SIMBA_1000U/LH_56_hlist_1.00000.list,True,0,6850,6850,6850,6850,0.4166,True,True,0,0.000000,True,0,0.000000,True,0,0.000000
LH_57,57,0.20000,data/raw/CAMELS_SIMBA_1000U/LH_57_hlist_0.20000.list,True,0,4633,4633,4633,4633,0.3874,True,True,0,0.000000,True,0,0.000000,True,0,0.000000
LH_57,57,0.25000,data/raw/CAMELS_SIMBA_1000U/LH_57_hlist_0.25000.list,True,0,6283,6283,6283,6283,0.3874,True,True,0,0.000000,True,0,0.000000,True,0,0.000000
LH_57,57,0.51209,data/raw/CAMELS_SIMBA_1000U/LH_57_hlist_0.51209.list,True,0,8392,8392,8392,8392,0.3874,True,True,0,0.000000,True,0,0.000000,True,0,0.000000
LH_57,57,0.75065,data/raw/CAMELS_SIMBA_1000U/LH_57_hlist_0.75065.list,True,0,7569,7569,7569,7569,0.3874,True,True,0,0.000000,True,0,0.000000,True,0,0.000000
LH_57,57,1.00000,data/raw/CAMELS_SIMBA_1000U/LH_57_hlist_1.00000.list,True,0,7353,7353,7353,7353,0.3874,True,True,0,0.000000,True,0,0.000000,True,0,0.000000
LH_58,58,0.20000,data/raw/CAMELS_SIMBA_1000U/LH_58_hlist_0.20000.list,True,0,3241,3241,3241,3241,0.1914,True,True,0,0.000000,True,0,0.000000,True,0,0.000000
LH_58,58,0.25000,data/raw/CAMELS_SIMBA_1000U/LH_58_hlist_0.25000.list,True,0,4607,4607,4607,4607,0.1914,True,True,0,0.000000,True,0,0.000000,True,0,0.000000
LH_58,58,0.51209,data/raw/CAMELS_SIMBA_1000U/LH_58_hlist_0.51209.list,True,0,5959,5959,5959,5959,0.1914,True,True,0,0.000000,True,0,0.000000,True,0,0.000000
LH_58,58,0.75065,data/raw/CAMELS_SIMBA_1000U/LH_58_hlist_0.75065.list,True,0,5873,5873,5873,5873,0.1914,True,True,0,0.000000,True,0,0.000000,True,0,0.000000
LH_58,58,1.00000,data/raw/CAMELS_SIMBA_1000U/LH_58_hlist_1.00000.list,True,0,6206,6206,6206,6206,0.1914,True,True,0,0.000000,True,0,0.000000,True,0,0.000000
LH_59,59,0.20000,data/raw/CAMELS_SIMBA_1000U/LH_59_hlist_0.20000.list,True,0,8207,8207,8207,8207,0.4782,True,True,0,0.000000,True,0,0.000000,True,0,0.000000
LH_59,59,0.25000,data/raw/CAMELS_SIMBA_1000U/LH_59_hlist_0.25000.list,True,0,8834,8834,8834,8834,0.4782,True,True,0,0.000000,True,0,0.000000,True,0,0.000000
LH_59,59,0.51209,data/raw/CAMELS_SIMBA_1000U/LH_59_hlist_0.51209.list,True,0,7794,7794,7794,7794,0.4782,True,True,0,0.000000,True,0,0.000000,True,0,0.000000
LH_59,59,0.75065,data/raw/CAMELS_SIMBA_1000U/LH_59_hlist_0.75065.list,True,0,6502,6502,6502,6502,0.4782,True,True,0,0.000000,True,0,0.000000,True,0,0.000000
LH_59,59,1.00000,data/raw/CAMELS_SIMBA_1000U/LH_59_hlist_1.00000.list,True,0,5970,5970,5970,5970,0.4782,True,True,0,0.000000,True,0,0.000000,True,0,0.000000
LH_60,60,0.20000,data/raw/CAMELS_SIMBA_1000U/LH_60_hlist_0.20000.list,True,0,4763,4763,4763,4763,0.4258,True,True,0,0.000000,True,0,0.000000,True,0,0.000000
LH_60,60,0.25000,data/raw/CAMELS_SIMBA_1000U/LH_60_hlist_0.25000.list,True,0,6337,6337,6337,6337,0.4258,True,True,0,0.000000,True,0,0.000000,True,0,0.000000
LH_60,60,0.51209,data/raw/CAMELS_SIMBA_1000U/LH_60_hlist_0.51209.list,True,0,8465,8465,8465,8465,0.4258,True,True,0,0.000000,True,0,0.000000,True,0,0.000000
LH_60,60,0.75065,data/raw/CAMELS_SIMBA_1000U/LH_60_hlist_0.75065.list,True,0,7726,7726,7726,7726,0.4258,True,True,0,0.000000,True,0,0.000000,True,0,0.000000
LH_60,60,1.00000,data/raw/CAMELS_SIMBA_1000U/LH_60_hlist_1.00000.list,True,0,7630,7630,7630,7630,0.4258,True,True,0,0.000000,True,0,0.000000,True,0,0.000000
LH_61,61,0.20000,data/raw/CAMELS_SIMBA_1000U/LH_61_hlist_0.20000.list,True,0,4667,4667,4667,4667,0.175,True,True,0,0.000000,True,0,0.000000,True,0,0.000000
LH_61,61,0.25000,data/raw/CAMELS_SIMBA_1000U/LH_61_hlist_0.25000.list,True,0,5739,5739,5739,5739,0.175,True,True,0,0.000000,True,0,0.000000,True,0,0.000000
LH_61,61,0.51209,data/raw/CAMELS_SIMBA_1000U/LH_61_hlist_0.51209.list,True,0,6143,6143,6143,6143,0.175,True,True,0,0.000000,True,0,0.000000,True,0,0.000000
LH_61,61,0.75065,data/raw/CAMELS_SIMBA_1000U/LH_61_hlist_0.75065.list,True,0,5729,5729,5729,5729,0.175,True,True,0,0.000000,True,0,0.000000,True,0,0.000000
LH_61,61,1.00000,data/raw/CAMELS_SIMBA_1000U/LH_61_hlist_1.00000.list,True,0,6078,6078,6078,6078,0.175,True,True,0,0.000000,True,0,0.000000,True,0,0.000000
LH_62,62,0.20000,data/raw/CAMELS_SIMBA_1000U/LH_62_hlist_0.20000.list,True,0,2676,2676,2676,2676,0.239,True,True,0,0.000000,True,0,0.000000,True,0,0.000000
LH_62,62,0.25000,data/raw/CAMELS_SIMBA_1000U/LH_62_hlist_0.25000.list,True,0,4295,4295,4295,4295,0.239,True,True,0,0.000000,True,0,0.000000,True,0,0.000000
LH_62,62,0.51209,data/raw/CAMELS_SIMBA_1000U/LH_62_hlist_0.51209.list,True,0,6434,6434,6434,6434,0.239,True,True,0,0.000000,True,0,0.000000,True,0,0.000000
LH_62,62,0.75065,data/raw/CAMELS_SIMBA_1000U/LH_62_hlist_0.75065.list,True,0,6067,6067,6067,6067,0.239,True,True,0,0.000000,True,0,0.000000,True,0,0.000000
LH_62,62,1.00000,data/raw/CAMELS_SIMBA_1000U/LH_62_hlist_1.00000.list,True,0,6335,6335,6335,6335,0.239,True,True,0,0.000000,True,0,0.000000,True,0,0.000000
LH_63,63,0.20000,data/raw/CAMELS_SIMBA_1000U/LH_63_hlist_0.20000.list,True,0,3196,3196,3196,3196,0.1418,True,True,0,0.000000,True,0,0.000000,True,0,0.000000
LH_63,63,0.25000,data/raw/CAMELS_SIMBA_1000U/LH_63_hlist_0.25000.list,True,0,4363,4363,4363,4363,0.1418,True,True,0,0.000000,True,0,0.000000,True,0,0.000000
LH_63,63,0.51209,data/raw/CAMELS_SIMBA_1000U/LH_63_hlist_0.51209.list,True,0,5094,5094,5094,5094,0.1418,True,True,0,0.000000,True,0,0.000000,True,0,0.000000
LH_63,63,0.75065,data/raw/CAMELS_SIMBA_1000U/LH_63_hlist_0.75065.list,True,0,5171,5171,5171,5171,0.1418,True,True,0,0.000000,True,0,0.000000,True,0,0.000000
LH_63,63,1.00000,data/raw/CAMELS_SIMBA_1000U/LH_63_hlist_1.00000.list,True,0,5529,5529,5529,5529,0.1418,True,True,0,0.000000,True,0,0.000000,True,0,0.000000
LH_64,64,0.20000,data/raw/CAMELS_SIMBA_1000U/LH_64_hlist_0.20000.list,True,0,4305,4305,4305,4305,0.1774,True,True,0,0.000000,True,0,0.000000,True,0,0.000000
LH_64,64,0.25000,data/raw/CAMELS_SIMBA_1000U/LH_64_hlist_0.25000.list,True,0,5469,5469,5469,5469,0.1774,True,True,0,0.000000,True,0,0.000000,True,0,0.000000
LH_64,64,0.51209,data/raw/CAMELS_SIMBA_1000U/LH_64_hlist_0.51209.list,True,0,5904,5904,5904,5904,0.1774,True,True,0,0.000000,True,0,0.000000,True,0,0.000000
LH_64,64,0.75065,data/raw/CAMELS_SIMBA_1000U/LH_64_hlist_0.75065.list,True,0,5674,5674,5674,5674,0.1774,True,True,0,0.000000,True,0,0.000000,True,0,0.000000
LH_64,64,1.00000,data/raw/CAMELS_SIMBA_1000U/LH_64_hlist_1.00000.list,True,0,6096,6096,6096,6096,0.1774,True,True,0,0.000000,True,0,0.000000,True,0,0.000000
LH_65,65,0.20000,data/raw/CAMELS_SIMBA_1000U/LH_65_hlist_0.20000.list,True,0,4235,4235,4235,4235,0.2922,True,True,0,0.000000,True,0,0.000000,True,0,0.000000
LH_65,65,0.25000,data/raw/CAMELS_SIMBA_1000U/LH_65_hlist_0.25000.list,True,0,5678,5678,5678,5678,0.2922,True,True,0,0.000000,True,0,0.000000,True,0,0.000000
LH_65,65,0.51209,data/raw/CAMELS_SIMBA_1000U/LH_65_hlist_0.51209.list,True,0,7508,7508,7508,7508,0.2922,True,True,0,0.000000,True,0,0.000000,True,0,0.000000
LH_65,65,0.75065,data/raw/CAMELS_SIMBA_1000U/LH_65_hlist_0.75065.list,True,0,6832,6832,6832,6832,0.2922,True,True,0,0.000000,True,0,0.000000,True,0,0.000000
LH_65,65,1.00000,data/raw/CAMELS_SIMBA_1000U/LH_65_hlist_1.00000.list,True,0,6970,6970,6970,6970,0.2922,True,True,0,0.000000,True,0,0.000000,True,0,0.000000
LH_66,66,0.20000,data/raw/CAMELS_SIMBA_1000U/LH_66_hlist_0.20000.list,True,0,2556,2556,2556,2556,0.3042,True,True,0,0.000000,True,0,0.000000,True,0,0.000000
LH_66,66,0.25000,data/raw/CAMELS_SIMBA_1000U/LH_66_hlist_0.25000.list,True,0,3976,3976,3976,3976,0.3042,True,True,0,0.000000,True,0,0.000000,True,0,0.000000
LH_66,66,0.51209,data/raw/CAMELS_SIMBA_1000U/LH_66_hlist_0.51209.list,True,0,7804,7804,7804,7804,0.3042,True,True,0,0.000000,True,0,0.000000,True,0,0.000000
LH_66,66,0.75065,data/raw/CAMELS_SIMBA_1000U/LH_66_hlist_0.75065.list,True,0,7863,7863,7863,7863,0.3042,True,True,0,0.000000,True,0,0.000000,True,0,0.000000
LH_66,66,1.00000,data/raw/CAMELS_SIMBA_1000U/LH_66_hlist_1.00000.list,True,0,8046,8046,8046,8046,0.3042,True,True,0,0.000000,True,0,0.000000,True,0,0.000000
LH_67,67,0.20000,data/raw/CAMELS_SIMBA_1000U/LH_67_hlist_0.20000.list,True,0,3432,3432,3432,3432,0.1474,True,True,0,0.000000,True,0,0.000000,True,0,0.000000
LH_67,67,0.25000,data/raw/CAMELS_SIMBA_1000U/LH_67_hlist_0.25000.list,True,0,4371,4371,4371,4371,0.1474,True,True,0,0.000000,True,0,0.000000,True,0,0.000000
LH_67,67,0.51209,data/raw/CAMELS_SIMBA_1000U/LH_67_hlist_0.51209.list,True,0,5161,5161,5161,5161,0.1474,True,True,0,0.000000,True,0,0.000000,True,0,0.000000
LH_67,67,0.75065,data/raw/CAMELS_SIMBA_1000U/LH_67_hlist_0.75065.list,True,0,5295,5295,5295,5295,0.1474,True,True,0,0.000000,True,0,0.000000,True,0,0.000000
LH_67,67,1.00000,data/raw/CAMELS_SIMBA_1000U/LH_67_hlist_1.00000.list,True,0,5580,5580,5580,5580,0.1474,True,True,0,0.000000,True,0,0.000000,True,0,0.000000
LH_68,68,0.20000,data/raw/CAMELS_SIMBA_1000U/LH_68_hlist_0.20000.list,True,0,1484,1484,1484,1484,0.119,True,True,0,0.000000,False,16,0.010667,False,516,0.258000
LH_68,68,0.25000,data/raw/CAMELS_SIMBA_1000U/LH_68_hlist_0.25000.list,True,0,2565,2565,2565,2565,0.119,True,True,0,0.000000,True,0,0.000000,True,0,0.000000
LH_68,68,0.51209,data/raw/CAMELS_SIMBA_1000U/LH_68_hlist_0.51209.list,True,0,4330,4330,4330,4330,0.119,True,True,0,0.000000,True,0,0.000000,True,0,0.000000
LH_68,68,0.75065,data/raw/CAMELS_SIMBA_1000U/LH_68_hlist_0.75065.list,True,0,4546,4546,4546,4546,0.119,True,True,0,0.000000,True,0,0.000000,True,0,0.000000
LH_68,68,1.00000,data/raw/CAMELS_SIMBA_1000U/LH_68_hlist_1.00000.list,True,0,5077,5077,5077,5077,0.119,True,True,0,0.000000,True,0,0.000000,True,0,0.000000
LH_69,69,0.20000,data/raw/CAMELS_SIMBA_1000U/LH_69_hlist_0.20000.list,True,0,2681,2681,2681,2681,0.2418,True,True,0,0.000000,True,0,0.000000,True,0,0.000000
LH_69,69,0.25000,data/raw/CAMELS_SIMBA_1000U/LH_69_hlist_0.25000.list,True,0,4404,4404,4404,4404,0.2418,True,True,0,0.000000,True,0,0.000000,True,0,0.000000
LH_69,69,0.51209,data/raw/CAMELS_SIMBA_1000U/LH_69_hlist_0.51209.list,True,0,6963,6963,6963,6963,0.2418,True,True,0,0.000000,True,0,0.000000,True,0,0.000000
LH_69,69,0.75065,data/raw/CAMELS_SIMBA_1000U/LH_69_hlist_0.75065.list,True,0,6806,6806,6806,6806,0.2418,True,True,0,0.000000,True,0,0.000000,True,0,0.000000
LH_69,69,1.00000,data/raw/CAMELS_SIMBA_1000U/LH_69_hlist_1.00000.list,True,0,7049,7049,7049,7049,0.2418,True,True,0,0.000000,True,0,0.000000,True,0,0.000000
LH_70,70,0.20000,data/raw/CAMELS_SIMBA_1000U/LH_70_hlist_0.20000.list,True,0,6736,6736,6736,6736,0.337,True,True,0,0.000000,True,0,0.000000,True,0,0.000000
LH_70,70,0.25000,data/raw/CAMELS_SIMBA_1000U/LH_70_hlist_0.25000.list,True,0,7773,7773,7773,7773,0.337,True,True,0,0.000000,True,0,0.000000,True,0,0.000000
LH_70,70,0.51209,data/raw/CAMELS_SIMBA_1000U/LH_70_hlist_0.51209.list,True,0,7366,7366,7366,7366,0.337,True,True,0,0.000000,True,0,0.000000,True,0,0.000000
LH_70,70,0.75065,data/raw/CAMELS_SIMBA_1000U/LH_70_hlist_0.75065.list,True,0,6447,6447,6447,6447,0.337,True,True,0,0.000000,True,0,0.000000,True,0,0.000000
LH_70,70,1.00000,data/raw/CAMELS_SIMBA_1000U/LH_70_hlist_1.00000.list,True,0,6347,6347,6347,6347,0.337,True,True,0,0.000000,True,0,0.000000,True,0,0.000000
LH_71,71,0.20000,data/raw/CAMELS_SIMBA_1000U/LH_71_hlist_0.20000.list,True,0,2914,2914,2914,2914,0.2534,True,True,0,0.000000,True,0,0.000000,True,0,0.000000
LH_71,71,0.25000,data/raw/CAMELS_SIMBA_1000U/LH_71_hlist_0.25000.list,True,0,4311,4311,4311,4311,0.2534,True,True,0,0.000000,True,0,0.000000,True,0,0.000000
LH_71,71,0.51209,data/raw/CAMELS_SIMBA_1000U/LH_71_hlist_0.51209.list,True,0,6899,6899,6899,6899,0.2534,True,True,0,0.000000,True,0,0.000000,True,0,0.000000
LH_71,71,0.75065,data/raw/CAMELS_SIMBA_1000U/LH_71_hlist_0.75065.list,True,0,6716,6716,6716,6716,0.2534,True,True,0,0.000000,True,0,0.000000,True,0,0.000000
LH_71,71,1.00000,data/raw/CAMELS_SIMBA_1000U/LH_71_hlist_1.00000.list,True,0,7151,7151,7151,7151,0.2534,True,True,0,0.000000,True,0,0.000000,True,0,0.000000
LH_72,72,0.20000,data/raw/CAMELS_SIMBA_1000U/LH_72_hlist_0.20000.list,True,0,4365,4365,4365,4365,0.2102,True,True,0,0.000000,True,0,0.000000,True,0,0.000000
LH_72,72,0.25000,data/raw/CAMELS_SIMBA_1000U/LH_72_hlist_0.25000.list,True,0,5600,5600,5600,5600,0.2102,True,True,0,0.000000,True,0,0.000000,True,0,0.000000
LH_72,72,0.51209,data/raw/CAMELS_SIMBA_1000U/LH_72_hlist_0.51209.list,True,0,6752,6752,6752,6752,0.2102,True,True,0,0.000000,True,0,0.000000,True,0,0.000000
LH_72,72,0.75065,data/raw/CAMELS_SIMBA_1000U/LH_72_hlist_0.75065.list,True,0,6080,6080,6080,6080,0.2102,True,True,0,0.000000,True,0,0.000000,True,0,0.000000
LH_72,72,1.00000,data/raw/CAMELS_SIMBA_1000U/LH_72_hlist_1.00000.list,True,0,6271,6271,6271,6271,0.2102,True,True,0,0.000000,True,0,0.000000,True,0,0.000000
LH_73,73,0.20000,data/raw/CAMELS_SIMBA_1000U/LH_73_hlist_0.20000.list,True,0,2456,2456,2456,2456,0.1434,True,True,0,0.000000,True,0,0.000000,True,0,0.000000
LH_73,73,0.25000,data/raw/CAMELS_SIMBA_1000U/LH_73_hlist_0.25000.list,True,0,3820,3820,3820,3820,0.1434,True,True,0,0.000000,True,0,0.000000,True,0,0.000000
LH_73,73,0.51209,data/raw/CAMELS_SIMBA_1000U/LH_73_hlist_0.51209.list,True,0,5184,5184,5184,5184,0.1434,True,True,0,0.000000,True,0,0.000000,True,0,0.000000
LH_73,73,0.75065,data/raw/CAMELS_SIMBA_1000U/LH_73_hlist_0.75065.list,True,0,5264,5264,5264,5264,0.1434,True,True,0,0.000000,True,0,0.000000,True,0,0.000000
LH_73,73,1.00000,data/raw/CAMELS_SIMBA_1000U/LH_73_hlist_1.00000.list,True,0,5586,5586,5586,5586,0.1434,True,True,0,0.000000,True,0,0.000000,True,0,0.000000
LH_74,74,0.20000,data/raw/CAMELS_SIMBA_1000U/LH_74_hlist_0.20000.list,True,0,2178,2178,2178,2178,0.2794,True,True,0,0.000000,True,0,0.000000,True,0,0.000000
LH_74,74,0.25000,data/raw/CAMELS_SIMBA_1000U/LH_74_hlist_0.25000.list,True,0,3733,3733,3733,3733,0.2794,True,True,0,0.000000,True,0,0.000000,True,0,0.000000
LH_74,74,0.51209,data/raw/CAMELS_SIMBA_1000U/LH_74_hlist_0.51209.list,True,0,7098,7098,7098,7098,0.2794,True,True,0,0.000000,True,0,0.000000,True,0,0.000000
LH_74,74,0.75065,data/raw/CAMELS_SIMBA_1000U/LH_74_hlist_0.75065.list,True,0,7267,7267,7267,7267,0.2794,True,True,0,0.000000,True,0,0.000000,True,0,0.000000
LH_74,74,1.00000,data/raw/CAMELS_SIMBA_1000U/LH_74_hlist_1.00000.list,True,0,7538,7538,7538,7538,0.2794,True,True,0,0.000000,True,0,0.000000,True,0,0.000000
LH_75,75,0.20000,data/raw/CAMELS_SIMBA_1000U/LH_75_hlist_0.20000.list,True,0,1017,1017,1017,1017,0.1378,True,True,0,0.000000,False,483,0.322000,False,983,0.491500
LH_75,75,0.25000,data/raw/CAMELS_SIMBA_1000U/LH_75_hlist_0.25000.list,True,0,2157,2157,2157,2157,0.1378,True,True,0,0.000000,True,0,0.000000,True,0,0.000000
LH_75,75,0.51209,data/raw/CAMELS_SIMBA_1000U/LH_75_hlist_0.51209.list,True,0,5086,5086,5086,5086,0.1378,True,True,0,0.000000,True,0,0.000000,True,0,0.000000
LH_75,75,0.75065,data/raw/CAMELS_SIMBA_1000U/LH_75_hlist_0.75065.list,True,0,5388,5388,5388,5388,0.1378,True,True,0,0.000000,True,0,0.000000,True,0,0.000000
LH_75,75,1.00000,data/raw/CAMELS_SIMBA_1000U/LH_75_hlist_1.00000.list,True,0,6078,6078,6078,6078,0.1378,True,True,0,0.000000,True,0,0.000000,True,0,0.000000
LH_76,76,0.20000,data/raw/CAMELS_SIMBA_1000U/LH_76_hlist_0.20000.list,True,0,6943,6943,6943,6943,0.3978,True,True,0,0.000000,True,0,0.000000,True,0,0.000000
LH_76,76,0.25000,data/raw/CAMELS_SIMBA_1000U/LH_76_hlist_0.25000.list,True,0,7998,7998,7998,7998,0.3978,True,True,0,0.000000,True,0,0.000000,True,0,0.000000
LH_76,76,0.51209,data/raw/CAMELS_SIMBA_1000U/LH_76_hlist_0.51209.list,True,0,7523,7523,7523,7523,0.3978,True,True,0,0.000000,True,0,0.000000,True,0,0.000000
LH_76,76,0.75065,data/raw/CAMELS_SIMBA_1000U/LH_76_hlist_0.75065.list,True,0,6577,6577,6577,6577,0.3978,True,True,0,0.000000,True,0,0.000000,True,0,0.000000
LH_76,76,1.00000,data/raw/CAMELS_SIMBA_1000U/LH_76_hlist_1.00000.list,True,0,6191,6191,6191,6191,0.3978,True,True,0,0.000000,True,0,0.000000,True,0,0.000000
LH_77,77,0.20000,data/raw/CAMELS_SIMBA_1000U/LH_77_hlist_0.20000.list,True,0,678,678,678,678,0.1018,True,False,322,0.322000,False,822,0.548000,False,1322,0.661000
LH_77,77,0.25000,data/raw/CAMELS_SIMBA_1000U/LH_77_hlist_0.25000.list,True,0,1559,1559,1559,1559,0.1018,True,True,0,0.000000,True,0,0.000000,False,441,0.220500
LH_77,77,0.51209,data/raw/CAMELS_SIMBA_1000U/LH_77_hlist_0.51209.list,True,0,3699,3699,3699,3699,0.1018,True,True,0,0.000000,True,0,0.000000,True,0,0.000000
LH_77,77,0.75065,data/raw/CAMELS_SIMBA_1000U/LH_77_hlist_0.75065.list,True,0,4294,4294,4294,4294,0.1018,True,True,0,0.000000,True,0,0.000000,True,0,0.000000
LH_77,77,1.00000,data/raw/CAMELS_SIMBA_1000U/LH_77_hlist_1.00000.list,True,0,5017,5017,5017,5017,0.1018,True,True,0,0.000000,True,0,0.000000,True,0,0.000000
LH_78,78,0.20000,data/raw/CAMELS_SIMBA_1000U/LH_78_hlist_0.20000.list,True,0,4303,4303,4303,4303,0.1906,True,True,0,0.000000,True,0,0.000000,True,0,0.000000
LH_78,78,0.25000,data/raw/CAMELS_SIMBA_1000U/LH_78_hlist_0.25000.list,True,0,5719,5719,5719,5719,0.1906,True,True,0,0.000000,True,0,0.000000,True,0,0.000000
LH_78,78,0.51209,data/raw/CAMELS_SIMBA_1000U/LH_78_hlist_0.51209.list,True,0,6046,6046,6046,6046,0.1906,True,True,0,0.000000,True,0,0.000000,True,0,0.000000
LH_78,78,0.75065,data/raw/CAMELS_SIMBA_1000U/LH_78_hlist_0.75065.list,True,0,5778,5778,5778,5778,0.1906,True,True,0,0.000000,True,0,0.000000,True,0,0.000000
LH_78,78,1.00000,data/raw/CAMELS_SIMBA_1000U/LH_78_hlist_1.00000.list,True,0,6043,6043,6043,6043,0.1906,True,True,0,0.000000,True,0,0.000000,True,0,0.000000
LH_79,79,0.20000,data/raw/CAMELS_SIMBA_1000U/LH_79_hlist_0.20000.list,True,0,4053,4053,4053,4053,0.3882,True,True,0,0.000000,True,0,0.000000,True,0,0.000000
LH_79,79,0.25000,data/raw/CAMELS_SIMBA_1000U/LH_79_hlist_0.25000.list,True,0,5624,5624,5624,5624,0.3882,True,True,0,0.000000,True,0,0.000000,True,0,0.000000
LH_79,79,0.51209,data/raw/CAMELS_SIMBA_1000U/LH_79_hlist_0.51209.list,True,0,8348,8348,8348,8348,0.3882,True,True,0,0.000000,True,0,0.000000,True,0,0.000000
LH_79,79,0.75065,data/raw/CAMELS_SIMBA_1000U/LH_79_hlist_0.75065.list,True,0,7909,7909,7909,7909,0.3882,True,True,0,0.000000,True,0,0.000000,True,0,0.000000
LH_79,79,1.00000,data/raw/CAMELS_SIMBA_1000U/LH_79_hlist_1.00000.list,True,0,7914,7914,7914,7914,0.3882,True,True,0,0.000000,True,0,0.000000,True,0,0.000000
LH_80,80,0.20000,data/raw/CAMELS_SIMBA_1000U/LH_80_hlist_0.20000.list,True,0,8158,8158,8158,8158,0.4546,True,True,0,0.000000,True,0,0.000000,True,0,0.000000
LH_80,80,0.25000,data/raw/CAMELS_SIMBA_1000U/LH_80_hlist_0.25000.list,True,0,8734,8734,8734,8734,0.4546,True,True,0,0.000000,True,0,0.000000,True,0,0.000000
LH_80,80,0.51209,data/raw/CAMELS_SIMBA_1000U/LH_80_hlist_0.51209.list,True,0,7388,7388,7388,7388,0.4546,True,True,0,0.000000,True,0,0.000000,True,0,0.000000
LH_80,80,0.75065,data/raw/CAMELS_SIMBA_1000U/LH_80_hlist_0.75065.list,True,0,6091,6091,6091,6091,0.4546,True,True,0,0.000000,True,0,0.000000,True,0,0.000000
LH_80,80,1.00000,data/raw/CAMELS_SIMBA_1000U/LH_80_hlist_1.00000.list,True,0,5776,5776,5776,5776,0.4546,True,True,0,0.000000,True,0,0.000000,True,0,0.000000
LH_81,81,0.20000,data/raw/CAMELS_SIMBA_1000U/LH_81_hlist_0.20000.list,True,0,6029,6029,6029,6029,0.3234,True,True,0,0.000000,True,0,0.000000,True,0,0.000000
LH_81,81,0.25000,data/raw/CAMELS_SIMBA_1000U/LH_81_hlist_0.25000.list,True,0,7440,7440,7440,7440,0.3234,True,True,0,0.000000,True,0,0.000000,True,0,0.000000
LH_81,81,0.51209,data/raw/CAMELS_SIMBA_1000U/LH_81_hlist_0.51209.list,True,0,7422,7422,7422,7422,0.3234,True,True,0,0.000000,True,0,0.000000,True,0,0.000000
LH_81,81,0.75065,data/raw/CAMELS_SIMBA_1000U/LH_81_hlist_0.75065.list,True,0,6574,6574,6574,6574,0.3234,True,True,0,0.000000,True,0,0.000000,True,0,0.000000
LH_81,81,1.00000,data/raw/CAMELS_SIMBA_1000U/LH_81_hlist_1.00000.list,True,0,6427,6427,6427,6427,0.3234,True,True,0,0.000000,True,0,0.000000,True,0,0.000000
LH_82,82,0.20000,data/raw/CAMELS_SIMBA_1000U/LH_82_hlist_0.20000.list,True,0,7896,7896,7896,7896,0.3574,True,True,0,0.000000,True,0,0.000000,True,0,0.000000
LH_82,82,0.25000,data/raw/CAMELS_SIMBA_1000U/LH_82_hlist_0.25000.list,True,0,8481,8481,8481,8481,0.3574,True,True,0,0.000000,True,0,0.000000,True,0,0.000000
LH_82,82,0.51209,data/raw/CAMELS_SIMBA_1000U/LH_82_hlist_0.51209.list,True,0,7356,7356,7356,7356,0.3574,True,True,0,0.000000,True,0,0.000000,True,0,0.000000
LH_82,82,0.75065,data/raw/CAMELS_SIMBA_1000U/LH_82_hlist_0.75065.list,True,0,6488,6488,6488,6488,0.3574,True,True,0,0.000000,True,0,0.000000,True,0,0.000000
LH_82,82,1.00000,data/raw/CAMELS_SIMBA_1000U/LH_82_hlist_1.00000.list,True,0,6176,6176,6176,6176,0.3574,True,True,0,0.000000,True,0,0.000000,True,0,0.000000
LH_83,83,0.20000,data/raw/CAMELS_SIMBA_1000U/LH_83_hlist_0.20000.list,True,0,3187,3187,3187,3187,0.3358,True,True,0,0.000000,True,0,0.000000,True,0,0.000000
LH_83,83,0.25000,data/raw/CAMELS_SIMBA_1000U/LH_83_hlist_0.25000.list,True,0,4789,4789,4789,4789,0.3358,True,True,0,0.000000,True,0,0.000000,True,0,0.000000
LH_83,83,0.51209,data/raw/CAMELS_SIMBA_1000U/LH_83_hlist_0.51209.list,True,0,7677,7677,7677,7677,0.3358,True,True,0,0.000000,True,0,0.000000,True,0,0.000000
LH_83,83,0.75065,data/raw/CAMELS_SIMBA_1000U/LH_83_hlist_0.75065.list,True,0,7520,7520,7520,7520,0.3358,True,True,0,0.000000,True,0,0.000000,True,0,0.000000
LH_83,83,1.00000,data/raw/CAMELS_SIMBA_1000U/LH_83_hlist_1.00000.list,True,0,7469,7469,7469,7469,0.3358,True,True,0,0.000000,True,0,0.000000,True,0,0.000000
LH_84,84,0.20000,data/raw/CAMELS_SIMBA_1000U/LH_84_hlist_0.20000.list,True,0,4311,4311,4311,4311,0.1514,True,True,0,0.000000,True,0,0.000000,True,0,0.000000
LH_84,84,0.25000,data/raw/CAMELS_SIMBA_1000U/LH_84_hlist_0.25000.list,True,0,5426,5426,5426,5426,0.1514,True,True,0,0.000000,True,0,0.000000,True,0,0.000000
LH_84,84,0.51209,data/raw/CAMELS_SIMBA_1000U/LH_84_hlist_0.51209.list,True,0,5065,5065,5065,5065,0.1514,True,True,0,0.000000,True,0,0.000000,True,0,0.000000
LH_84,84,0.75065,data/raw/CAMELS_SIMBA_1000U/LH_84_hlist_0.75065.list,True,0,4726,4726,4726,4726,0.1514,True,True,0,0.000000,True,0,0.000000,True,0,0.000000
LH_84,84,1.00000,data/raw/CAMELS_SIMBA_1000U/LH_84_hlist_1.00000.list,True,0,4956,4956,4956,4956,0.1514,True,True,0,0.000000,True,0,0.000000,True,0,0.000000
LH_85,85,0.20000,data/raw/CAMELS_SIMBA_1000U/LH_85_hlist_0.20000.list,True,0,2978,2978,2978,2978,0.2594,True,True,0,0.000000,True,0,0.000000,True,0,0.000000
LH_85,85,0.25000,data/raw/CAMELS_SIMBA_1000U/LH_85_hlist_0.25000.list,True,0,4837,4837,4837,4837,0.2594,True,True,0,0.000000,True,0,0.000000,True,0,0.000000
LH_85,85,0.51209,data/raw/CAMELS_SIMBA_1000U/LH_85_hlist_0.51209.list,True,0,7100,7100,7100,7100,0.2594,True,True,0,0.000000,True,0,0.000000,True,0,0.000000
LH_85,85,0.75065,data/raw/CAMELS_SIMBA_1000U/LH_85_hlist_0.75065.list,True,0,6740,6740,6740,6740,0.2594,True,True,0,0.000000,True,0,0.000000,True,0,0.000000
LH_85,85,1.00000,data/raw/CAMELS_SIMBA_1000U/LH_85_hlist_1.00000.list,True,0,7109,7109,7109,7109,0.2594,True,True,0,0.000000,True,0,0.000000,True,0,0.000000
LH_86,86,0.20000,data/raw/CAMELS_SIMBA_1000U/LH_86_hlist_0.20000.list,True,0,2743,2743,2743,2743,0.2346,True,True,0,0.000000,True,0,0.000000,True,0,0.000000
LH_86,86,0.25000,data/raw/CAMELS_SIMBA_1000U/LH_86_hlist_0.25000.list,True,0,4421,4421,4421,4421,0.2346,True,True,0,0.000000,True,0,0.000000,True,0,0.000000
LH_86,86,0.51209,data/raw/CAMELS_SIMBA_1000U/LH_86_hlist_0.51209.list,True,0,6906,6906,6906,6906,0.2346,True,True,0,0.000000,True,0,0.000000,True,0,0.000000
LH_86,86,0.75065,data/raw/CAMELS_SIMBA_1000U/LH_86_hlist_0.75065.list,True,0,6692,6692,6692,6692,0.2346,True,True,0,0.000000,True,0,0.000000,True,0,0.000000
LH_86,86,1.00000,data/raw/CAMELS_SIMBA_1000U/LH_86_hlist_1.00000.list,True,0,7002,7002,7002,7002,0.2346,True,True,0,0.000000,True,0,0.000000,True,0,0.000000
LH_87,87,0.20000,data/raw/CAMELS_SIMBA_1000U/LH_87_hlist_0.20000.list,True,0,4444,4444,4444,4444,0.3006,True,True,0,0.000000,True,0,0.000000,True,0,0.000000
LH_87,87,0.25000,data/raw/CAMELS_SIMBA_1000U/LH_87_hlist_0.25000.list,True,0,5950,5950,5950,5950,0.3006,True,True,0,0.000000,True,0,0.000000,True,0,0.000000
LH_87,87,0.51209,data/raw/CAMELS_SIMBA_1000U/LH_87_hlist_0.51209.list,True,0,7262,7262,7262,7262,0.3006,True,True,0,0.000000,True,0,0.000000,True,0,0.000000
LH_87,87,0.75065,data/raw/CAMELS_SIMBA_1000U/LH_87_hlist_0.75065.list,True,0,6692,6692,6692,6692,0.3006,True,True,0,0.000000,True,0,0.000000,True,0,0.000000
LH_87,87,1.00000,data/raw/CAMELS_SIMBA_1000U/LH_87_hlist_1.00000.list,True,0,6757,6757,6757,6757,0.3006,True,True,0,0.000000,True,0,0.000000,True,0,0.000000
LH_88,88,0.20000,data/raw/CAMELS_SIMBA_1000U/LH_88_hlist_0.20000.list,True,0,8039,8039,8039,8039,0.481,True,True,0,0.000000,True,0,0.000000,True,0,0.000000
LH_88,88,0.25000,data/raw/CAMELS_SIMBA_1000U/LH_88_hlist_0.25000.list,True,0,8854,8854,8854,8854,0.481,True,True,0,0.000000,True,0,0.000000,True,0,0.000000
LH_88,88,0.51209,data/raw/CAMELS_SIMBA_1000U/LH_88_hlist_0.51209.list,True,0,7730,7730,7730,7730,0.481,True,True,0,0.000000,True,0,0.000000,True,0,0.000000
LH_88,88,0.75065,data/raw/CAMELS_SIMBA_1000U/LH_88_hlist_0.75065.list,True,0,6141,6141,6141,6141,0.481,True,True,0,0.000000,True,0,0.000000,True,0,0.000000
LH_88,88,1.00000,data/raw/CAMELS_SIMBA_1000U/LH_88_hlist_1.00000.list,True,0,5797,5797,5797,5797,0.481,True,True,0,0.000000,True,0,0.000000,True,0,0.000000
LH_89,89,0.20000,data/raw/CAMELS_SIMBA_1000U/LH_89_hlist_0.20000.list,True,0,5823,5823,5823,5823,0.3342,True,True,0,0.000000,True,0,0.000000,True,0,0.000000
LH_89,89,0.25000,data/raw/CAMELS_SIMBA_1000U/LH_89_hlist_0.25000.list,True,0,6898,6898,6898,6898,0.3342,True,True,0,0.000000,True,0,0.000000,True,0,0.000000
LH_89,89,0.51209,data/raw/CAMELS_SIMBA_1000U/LH_89_hlist_0.51209.list,True,0,7646,7646,7646,7646,0.3342,True,True,0,0.000000,True,0,0.000000,True,0,0.000000
LH_89,89,0.75065,data/raw/CAMELS_SIMBA_1000U/LH_89_hlist_0.75065.list,True,0,6888,6888,6888,6888,0.3342,True,True,0,0.000000,True,0,0.000000,True,0,0.000000
LH_89,89,1.00000,data/raw/CAMELS_SIMBA_1000U/LH_89_hlist_1.00000.list,True,0,6897,6897,6897,6897,0.3342,True,True,0,0.000000,True,0,0.000000,True,0,0.000000
LH_90,90,0.20000,data/raw/CAMELS_SIMBA_1000U/LH_90_hlist_0.20000.list,True,0,697,697,697,697,0.133,True,False,303,0.303000,False,803,0.535333,False,1303,0.651500
LH_90,90,0.25000,data/raw/CAMELS_SIMBA_1000U/LH_90_hlist_0.25000.list,True,0,1791,1791,1791,1791,0.133,True,True,0,0.000000,True,0,0.000000,False,209,0.104500
LH_90,90,0.51209,data/raw/CAMELS_SIMBA_1000U/LH_90_hlist_0.51209.list,True,0,4940,4940,4940,4940,0.133,True,True,0,0.000000,True,0,0.000000,True,0,0.000000
LH_90,90,0.75065,data/raw/CAMELS_SIMBA_1000U/LH_90_hlist_0.75065.list,True,0,5676,5676,5676,5676,0.133,True,True,0,0.000000,True,0,0.000000,True,0,0.000000
LH_90,90,1.00000,data/raw/CAMELS_SIMBA_1000U/LH_90_hlist_1.00000.list,True,0,6451,6451,6451,6451,0.133,True,True,0,0.000000,True,0,0.000000,True,0,0.000000
LH_91,91,0.20000,data/raw/CAMELS_SIMBA_1000U/LH_91_hlist_0.20000.list,True,0,3361,3361,3361,3361,0.2814,True,True,0,0.000000,True,0,0.000000,True,0,0.000000
LH_91,91,0.25000,data/raw/CAMELS_SIMBA_1000U/LH_91_hlist_0.25000.list,True,0,5023,5023,5023,5023,0.2814,True,True,0,0.000000,True,0,0.000000,True,0,0.000000
LH_91,91,0.51209,data/raw/CAMELS_SIMBA_1000U/LH_91_hlist_0.51209.list,True,0,7341,7341,7341,7341,0.2814,True,True,0,0.000000,True,0,0.000000,True,0,0.000000
LH_91,91,0.75065,data/raw/CAMELS_SIMBA_1000U/LH_91_hlist_0.75065.list,True,0,6818,6818,6818,6818,0.2814,True,True,0,0.000000,True,0,0.000000,True,0,0.000000
LH_91,91,1.00000,data/raw/CAMELS_SIMBA_1000U/LH_91_hlist_1.00000.list,True,0,6891,6891,6891,6891,0.2814,True,True,0,0.000000,True,0,0.000000,True,0,0.000000
LH_92,92,0.20000,data/raw/CAMELS_SIMBA_1000U/LH_92_hlist_0.20000.list,True,0,8167,8167,8167,8167,0.4674,True,True,0,0.000000,True,0,0.000000,True,0,0.000000
LH_92,92,0.25000,data/raw/CAMELS_SIMBA_1000U/LH_92_hlist_0.25000.list,True,0,8918,8918,8918,8918,0.4674,True,True,0,0.000000,True,0,0.000000,True,0,0.000000
LH_92,92,0.51209,data/raw/CAMELS_SIMBA_1000U/LH_92_hlist_0.51209.list,True,0,8095,8095,8095,8095,0.4674,True,True,0,0.000000,True,0,0.000000,True,0,0.000000
LH_92,92,0.75065,data/raw/CAMELS_SIMBA_1000U/LH_92_hlist_0.75065.list,True,0,6754,6754,6754,6754,0.4674,True,True,0,0.000000,True,0,0.000000,True,0,0.000000
LH_92,92,1.00000,data/raw/CAMELS_SIMBA_1000U/LH_92_hlist_1.00000.list,True,0,6305,6305,6305,6305,0.4674,True,True,0,0.000000,True,0,0.000000,True,0,0.000000
LH_93,93,0.20000,data/raw/CAMELS_SIMBA_1000U/LH_93_hlist_0.20000.list,True,0,6925,6925,6925,6925,0.417,True,True,0,0.000000,True,0,0.000000,True,0,0.000000
LH_93,93,0.25000,data/raw/CAMELS_SIMBA_1000U/LH_93_hlist_0.25000.list,True,0,8050,8050,8050,8050,0.417,True,True,0,0.000000,True,0,0.000000,True,0,0.000000
LH_93,93,0.51209,data/raw/CAMELS_SIMBA_1000U/LH_93_hlist_0.51209.list,True,0,8081,8081,8081,8081,0.417,True,True,0,0.000000,True,0,0.000000,True,0,0.000000
LH_93,93,0.75065,data/raw/CAMELS_SIMBA_1000U/LH_93_hlist_0.75065.list,True,0,6897,6897,6897,6897,0.417,True,True,0,0.000000,True,0,0.000000,True,0,0.000000
LH_93,93,1.00000,data/raw/CAMELS_SIMBA_1000U/LH_93_hlist_1.00000.list,True,0,6501,6501,6501,6501,0.417,True,True,0,0.000000,True,0,0.000000,True,0,0.000000
LH_94,94,0.20000,data/raw/CAMELS_SIMBA_1000U/LH_94_hlist_0.20000.list,True,0,5290,5290,5290,5290,0.2822,True,True,0,0.000000,True,0,0.000000,True,0,0.000000
LH_94,94,0.25000,data/raw/CAMELS_SIMBA_1000U/LH_94_hlist_0.25000.list,True,0,6497,6497,6497,6497,0.2822,True,True,0,0.000000,True,0,0.000000,True,0,0.000000
LH_94,94,0.51209,data/raw/CAMELS_SIMBA_1000U/LH_94_hlist_0.51209.list,True,0,7338,7338,7338,7338,0.2822,True,True,0,0.000000,True,0,0.000000,True,0,0.000000
LH_94,94,0.75065,data/raw/CAMELS_SIMBA_1000U/LH_94_hlist_0.75065.list,True,0,6586,6586,6586,6586,0.2822,True,True,0,0.000000,True,0,0.000000,True,0,0.000000
LH_94,94,1.00000,data/raw/CAMELS_SIMBA_1000U/LH_94_hlist_1.00000.list,True,0,6642,6642,6642,6642,0.2822,True,True,0,0.000000,True,0,0.000000,True,0,0.000000
LH_95,95,0.20000,data/raw/CAMELS_SIMBA_1000U/LH_95_hlist_0.20000.list,True,0,2085,2085,2085,2085,0.1706,True,True,0,0.000000,True,0,0.000000,True,0,0.000000
LH_95,95,0.25000,data/raw/CAMELS_SIMBA_1000U/LH_95_hlist_0.25000.list,True,0,3473,3473,3473,3473,0.1706,True,True,0,0.000000,True,0,0.000000,True,0,0.000000
LH_95,95,0.51209,data/raw/CAMELS_SIMBA_1000U/LH_95_hlist_0.51209.list,True,0,6535,6535,6535,6535,0.1706,True,True,0,0.000000,True,0,0.000000,True,0,0.000000
LH_95,95,0.75065,data/raw/CAMELS_SIMBA_1000U/LH_95_hlist_0.75065.list,True,0,6576,6576,6576,6576,0.1706,True,True,0,0.000000,True,0,0.000000,True,0,0.000000
LH_95,95,1.00000,data/raw/CAMELS_SIMBA_1000U/LH_95_hlist_1.00000.list,True,0,7110,7110,7110,7110,0.1706,True,True,0,0.000000,True,0,0.000000,True,0,0.000000
LH_96,96,0.20000,data/raw/CAMELS_SIMBA_1000U/LH_96_hlist_0.20000.list,True,0,5076,5076,5076,5076,0.359,True,True,0,0.000000,True,0,0.000000,True,0,0.000000
LH_96,96,0.25000,data/raw/CAMELS_SIMBA_1000U/LH_96_hlist_0.25000.list,True,0,6499,6499,6499,6499,0.359,True,True,0,0.000000,True,0,0.000000,True,0,0.000000
LH_96,96,0.51209,data/raw/CAMELS_SIMBA_1000U/LH_96_hlist_0.51209.list,True,0,7858,7858,7858,7858,0.359,True,True,0,0.000000,True,0,0.000000,True,0,0.000000
LH_96,96,0.75065,data/raw/CAMELS_SIMBA_1000U/LH_96_hlist_0.75065.list,True,0,7209,7209,7209,7209,0.359,True,True,0,0.000000,True,0,0.000000,True,0,0.000000
LH_96,96,1.00000,data/raw/CAMELS_SIMBA_1000U/LH_96_hlist_1.00000.list,True,0,7079,7079,7079,7079,0.359,True,True,0,0.000000,True,0,0.000000,True,0,0.000000
LH_97,97,0.20000,data/raw/CAMELS_SIMBA_1000U/LH_97_hlist_0.20000.list,True,0,6133,6133,6133,6133,0.4686,True,True,0,0.000000,True,0,0.000000,True,0,0.000000
LH_97,97,0.25000,data/raw/CAMELS_SIMBA_1000U/LH_97_hlist_0.25000.list,True,0,7592,7592,7592,7592,0.4686,True,True,0,0.000000,True,0,0.000000,True,0,0.000000
LH_97,97,0.51209,data/raw/CAMELS_SIMBA_1000U/LH_97_hlist_0.51209.list,True,0,8798,8798,8798,8798,0.4686,True,True,0,0.000000,True,0,0.000000,True,0,0.000000
LH_97,97,0.75065,data/raw/CAMELS_SIMBA_1000U/LH_97_hlist_0.75065.list,True,0,7876,7876,7876,7876,0.4686,True,True,0,0.000000,True,0,0.000000,True,0,0.000000
LH_97,97,1.00000,data/raw/CAMELS_SIMBA_1000U/LH_97_hlist_1.00000.list,True,0,7694,7694,7694,7694,0.4686,True,True,0,0.000000,True,0,0.000000,True,0,0.000000
LH_98,98,0.20000,data/raw/CAMELS_SIMBA_1000U/LH_98_hlist_0.20000.list,True,0,5832,5832,5832,5832,0.313,True,True,0,0.000000,True,0,0.000000,True,0,0.000000
LH_98,98,0.25000,data/raw/CAMELS_SIMBA_1000U/LH_98_hlist_0.25000.list,True,0,6974,6974,6974,6974,0.313,True,True,0,0.000000,True,0,0.000000,True,0,0.000000
LH_98,98,0.51209,data/raw/CAMELS_SIMBA_1000U/LH_98_hlist_0.51209.list,True,0,7400,7400,7400,7400,0.313,True,True,0,0.000000,True,0,0.000000,True,0,0.000000
LH_98,98,0.75065,data/raw/CAMELS_SIMBA_1000U/LH_98_hlist_0.75065.list,True,0,6459,6459,6459,6459,0.313,True,True,0,0.000000,True,0,0.000000,True,0,0.000000
LH_98,98,1.00000,data/raw/CAMELS_SIMBA_1000U/LH_98_hlist_1.00000.list,True,0,6390,6390,6390,6390,0.313,True,True,0,0.000000,True,0,0.000000,True,0,0.000000
LH_99,99,0.20000,data/raw/CAMELS_SIMBA_1000U/LH_99_hlist_0.20000.list,True,0,4647,4647,4647,4647,0.2014,True,True,0,0.000000,True,0,0.000000,True,0,0.000000
LH_99,99,0.25000,data/raw/CAMELS_SIMBA_1000U/LH_99_hlist_0.25000.list,True,0,5773,5773,5773,5773,0.2014,True,True,0,0.000000,True,0,0.000000,True,0,0.000000
LH_99,99,0.51209,data/raw/CAMELS_SIMBA_1000U/LH_99_hlist_0.51209.list,True,0,5919,5919,5919,5919,0.2014,True,True,0,0.000000,True,0,0.000000,True,0,0.000000
LH_99,99,0.75065,data/raw/CAMELS_SIMBA_1000U/LH_99_hlist_0.75065.list,True,0,5549,5549,5549,5549,0.2014,True,True,0,0.000000,True,0,0.000000,True,0,0.000000
LH_99,99,1.00000,data/raw/CAMELS_SIMBA_1000U/LH_99_hlist_1.00000.list,True,0,5748,5748,5748,5748,0.2014,True,True,0,0.000000,True,0,0.000000,True,0,0.000000
LH_100,100,0.20000,data/raw/CAMELS_SIMBA_1000U/LH_100_hlist_0.20000.list,True,0,3433,3433,3433,3433,0.3386,True,True,0,0.000000,True,0,0.000000,True,0,0.000000
LH_100,100,0.25000,data/raw/CAMELS_SIMBA_1000U/LH_100_hlist_0.25000.list,True,0,5044,5044,5044,5044,0.3386,True,True,0,0.000000,True,0,0.000000,True,0,0.000000
LH_100,100,0.51209,data/raw/CAMELS_SIMBA_1000U/LH_100_hlist_0.51209.list,True,0,7791,7791,7791,7791,0.3386,True,True,0,0.000000,True,0,0.000000,True,0,0.000000
LH_100,100,0.75065,data/raw/CAMELS_SIMBA_1000U/LH_100_hlist_0.75065.list,True,0,7189,7189,7189,7189,0.3386,True,True,0,0.000000,True,0,0.000000,True,0,0.000000
LH_100,100,1.00000,data/raw/CAMELS_SIMBA_1000U/LH_100_hlist_1.00000.list,True,0,7319,7319,7319,7319,0.3386,True,True,0,0.000000,True,0,0.000000,True,0,0.000000
LH_101,101,0.20000,data/raw/CAMELS_SIMBA_1000U/LH_101_hlist_0.20000.list,True,0,4383,4383,4383,4383,0.2574,True,True,0,0.000000,True,0,0.000000,True,0,0.000000
LH_101,101,0.25000,data/raw/CAMELS_SIMBA_1000U/LH_101_hlist_0.25000.list,True,0,5883,5883,5883,5883,0.2574,True,True,0,0.000000,True,0,0.000000,True,0,0.000000
LH_101,101,0.51209,data/raw/CAMELS_SIMBA_1000U/LH_101_hlist_0.51209.list,True,0,7050,7050,7050,7050,0.2574,True,True,0,0.000000,True,0,0.000000,True,0,0.000000
LH_101,101,0.75065,data/raw/CAMELS_SIMBA_1000U/LH_101_hlist_0.75065.list,True,0,6449,6449,6449,6449,0.2574,True,True,0,0.000000,True,0,0.000000,True,0,0.000000
LH_101,101,1.00000,data/raw/CAMELS_SIMBA_1000U/LH_101_hlist_1.00000.list,True,0,6539,6539,6539,6539,0.2574,True,True,0,0.000000,True,0,0.000000,True,0,0.000000
LH_102,102,0.20000,data/raw/CAMELS_SIMBA_1000U/LH_102_hlist_0.20000.list,True,0,873,873,873,873,0.1498,True,False,127,0.127000,False,627,0.418000,False,1127,0.563500
LH_102,102,0.25000,data/raw/CAMELS_SIMBA_1000U/LH_102_hlist_0.25000.list,True,0,2092,2092,2092,2092,0.1498,True,True,0,0.000000,True,0,0.000000,True,0,0.000000
LH_102,102,0.51209,data/raw/CAMELS_SIMBA_1000U/LH_102_hlist_0.51209.list,True,0,5022,5022,5022,5022,0.1498,True,True,0,0.000000,True,0,0.000000,True,0,0.000000
LH_102,102,0.75065,data/raw/CAMELS_SIMBA_1000U/LH_102_hlist_0.75065.list,True,0,5411,5411,5411,5411,0.1498,True,True,0,0.000000,True,0,0.000000,True,0,0.000000
LH_102,102,1.00000,data/raw/CAMELS_SIMBA_1000U/LH_102_hlist_1.00000.list,True,0,5996,5996,5996,5996,0.1498,True,True,0,0.000000,True,0,0.000000,True,0,0.000000
LH_103,103,0.20000,data/raw/CAMELS_SIMBA_1000U/LH_103_hlist_0.20000.list,True,0,723,723,723,723,0.1678,True,False,277,0.277000,False,777,0.518000,False,1277,0.638500
LH_103,103,0.25000,data/raw/CAMELS_SIMBA_1000U/LH_103_hlist_0.25000.list,True,0,2293,2293,2293,2293,0.1678,True,True,0,0.000000,True,0,0.000000,True,0,0.000000
LH_103,103,0.51209,data/raw/CAMELS_SIMBA_1000U/LH_103_hlist_0.51209.list,True,0,5645,5645,5645,5645,0.1678,True,True,0,0.000000,True,0,0.000000,True,0,0.000000
LH_103,103,0.75065,data/raw/CAMELS_SIMBA_1000U/LH_103_hlist_0.75065.list,True,0,5901,5901,5901,5901,0.1678,True,True,0,0.000000,True,0,0.000000,True,0,0.000000
LH_103,103,1.00000,data/raw/CAMELS_SIMBA_1000U/LH_103_hlist_1.00000.list,True,0,6586,6586,6586,6586,0.1678,True,True,0,0.000000,True,0,0.000000,True,0,0.000000
LH_104,104,0.20000,data/raw/CAMELS_SIMBA_1000U/LH_104_hlist_0.20000.list,True,0,4686,4686,4686,4686,0.349,True,True,0,0.000000,True,0,0.000000,True,0,0.000000
LH_104,104,0.25000,data/raw/CAMELS_SIMBA_1000U/LH_104_hlist_0.25000.list,True,0,6029,6029,6029,6029,0.349,True,True,0,0.000000,True,0,0.000000,True,0,0.000000
LH_104,104,0.51209,data/raw/CAMELS_SIMBA_1000U/LH_104_hlist_0.51209.list,True,0,7893,7893,7893,7893,0.349,True,True,0,0.000000,True,0,0.000000,True,0,0.000000
LH_104,104,0.75065,data/raw/CAMELS_SIMBA_1000U/LH_104_hlist_0.75065.list,True,0,7272,7272,7272,7272,0.349,True,True,0,0.000000,True,0,0.000000,True,0,0.000000
LH_104,104,1.00000,data/raw/CAMELS_SIMBA_1000U/LH_104_hlist_1.00000.list,True,0,7154,7154,7154,7154,0.349,True,True,0,0.000000,True,0,0.000000,True,0,0.000000
LH_105,105,0.20000,data/raw/CAMELS_SIMBA_1000U/LH_105_hlist_0.20000.list,True,0,4348,4348,4348,4348,0.2754,True,True,0,0.000000,True,0,0.000000,True,0,0.000000
LH_105,105,0.25000,data/raw/CAMELS_SIMBA_1000U/LH_105_hlist_0.25000.list,True,0,5701,5701,5701,5701,0.2754,True,True,0,0.000000,True,0,0.000000,True,0,0.000000
LH_105,105,0.51209,data/raw/CAMELS_SIMBA_1000U/LH_105_hlist_0.51209.list,True,0,7202,7202,7202,7202,0.2754,True,True,0,0.000000,True,0,0.000000,True,0,0.000000
LH_105,105,0.75065,data/raw/CAMELS_SIMBA_1000U/LH_105_hlist_0.75065.list,True,0,6773,6773,6773,6773,0.2754,True,True,0,0.000000,True,0,0.000000,True,0,0.000000
LH_105,105,1.00000,data/raw/CAMELS_SIMBA_1000U/LH_105_hlist_1.00000.list,True,0,6893,6893,6893,6893,0.2754,True,True,0,0.000000,True,0,0.000000,True,0,0.000000
LH_106,106,0.20000,data/raw/CAMELS_SIMBA_1000U/LH_106_hlist_0.20000.list,True,0,4108,4108,4108,4108,0.3078,True,True,0,0.000000,True,0,0.000000,True,0,0.000000
LH_106,106,0.25000,data/raw/CAMELS_SIMBA_1000U/LH_106_hlist_0.25000.list,True,0,5798,5798,5798,5798,0.3078,True,True,0,0.000000,True,0,0.000000,True,0,0.000000
LH_106,106,0.51209,data/raw/CAMELS_SIMBA_1000U/LH_106_hlist_0.51209.list,True,0,7715,7715,7715,7715,0.3078,True,True,0,0.000000,True,0,0.000000,True,0,0.000000
LH_106,106,0.75065,data/raw/CAMELS_SIMBA_1000U/LH_106_hlist_0.75065.list,True,0,7331,7331,7331,7331,0.3078,True,True,0,0.000000,True,0,0.000000,True,0,0.000000
LH_106,106,1.00000,data/raw/CAMELS_SIMBA_1000U/LH_106_hlist_1.00000.list,True,0,7377,7377,7377,7377,0.3078,True,True,0,0.000000,True,0,0.000000,True,0,0.000000
LH_107,107,0.20000,data/raw/CAMELS_SIMBA_1000U/LH_107_hlist_0.20000.list,True,0,6110,6110,6110,6110,0.4186,True,True,0,0.000000,True,0,0.000000,True,0,0.000000
LH_107,107,0.25000,data/raw/CAMELS_SIMBA_1000U/LH_107_hlist_0.25000.list,True,0,7511,7511,7511,7511,0.4186,True,True,0,0.000000,True,0,0.000000,True,0,0.000000
LH_107,107,0.51209,data/raw/CAMELS_SIMBA_1000U/LH_107_hlist_0.51209.list,True,0,8303,8303,8303,8303,0.4186,True,True,0,0.000000,True,0,0.000000,True,0,0.000000
LH_107,107,0.75065,data/raw/CAMELS_SIMBA_1000U/LH_107_hlist_0.75065.list,True,0,7311,7311,7311,7311,0.4186,True,True,0,0.000000,True,0,0.000000,True,0,0.000000
LH_107,107,1.00000,data/raw/CAMELS_SIMBA_1000U/LH_107_hlist_1.00000.list,True,0,6934,6934,6934,6934,0.4186,True,True,0,0.000000,True,0,0.000000,True,0,0.000000
LH_108,108,0.20000,data/raw/CAMELS_SIMBA_1000U/LH_108_hlist_0.20000.list,True,0,6280,6280,6280,6280,0.4994,True,True,0,0.000000,True,0,0.000000,True,0,0.000000
LH_108,108,0.25000,data/raw/CAMELS_SIMBA_1000U/LH_108_hlist_0.25000.list,True,0,7800,7800,7800,7800,0.4994,True,True,0,0.000000,True,0,0.000000,True,0,0.000000
LH_108,108,0.51209,data/raw/CAMELS_SIMBA_1000U/LH_108_hlist_0.51209.list,True,0,8699,8699,8699,8699,0.4994,True,True,0,0.000000,True,0,0.000000,True,0,0.000000
LH_108,108,0.75065,data/raw/CAMELS_SIMBA_1000U/LH_108_hlist_0.75065.list,True,0,7762,7762,7762,7762,0.4994,True,True,0,0.000000,True,0,0.000000,True,0,0.000000
LH_108,108,1.00000,data/raw/CAMELS_SIMBA_1000U/LH_108_hlist_1.00000.list,True,0,7271,7271,7271,7271,0.4994,True,True,0,0.000000,True,0,0.000000,True,0,0.000000
LH_109,109,0.20000,data/raw/CAMELS_SIMBA_1000U/LH_109_hlist_0.20000.list,True,0,3999,3999,3999,3999,0.4254,True,True,0,0.000000,True,0,0.000000,True,0,0.000000
LH_109,109,0.25000,data/raw/CAMELS_SIMBA_1000U/LH_109_hlist_0.25000.list,True,0,5736,5736,5736,5736,0.4254,True,True,0,0.000000,True,0,0.000000,True,0,0.000000
LH_109,109,0.51209,data/raw/CAMELS_SIMBA_1000U/LH_109_hlist_0.51209.list,True,0,8491,8491,8491,8491,0.4254,True,True,0,0.000000,True,0,0.000000,True,0,0.000000
LH_109,109,0.75065,data/raw/CAMELS_SIMBA_1000U/LH_109_hlist_0.75065.list,True,0,7867,7867,7867,7867,0.4254,True,True,0,0.000000,True,0,0.000000,True,0,0.000000
LH_109,109,1.00000,data/raw/CAMELS_SIMBA_1000U/LH_109_hlist_1.00000.list,True,0,7481,7481,7481,7481,0.4254,True,True,0,0.000000,True,0,0.000000,True,0,0.000000
LH_110,110,0.20000,data/raw/CAMELS_SIMBA_1000U/LH_110_hlist_0.20000.list,True,0,7046,7046,7046,7046,0.3362,True,True,0,0.000000,True,0,0.000000,True,0,0.000000
LH_110,110,0.25000,data/raw/CAMELS_SIMBA_1000U/LH_110_hlist_0.25000.list,True,0,7999,7999,7999,7999,0.3362,True,True,0,0.000000,True,0,0.000000,True,0,0.000000
LH_110,110,0.51209,data/raw/CAMELS_SIMBA_1000U/LH_110_hlist_0.51209.list,True,0,7526,7526,7526,7526,0.3362,True,True,0,0.000000,True,0,0.000000,True,0,0.000000
LH_110,110,0.75065,data/raw/CAMELS_SIMBA_1000U/LH_110_hlist_0.75065.list,True,0,6471,6471,6471,6471,0.3362,True,True,0,0.000000,True,0,0.000000,True,0,0.000000
LH_110,110,1.00000,data/raw/CAMELS_SIMBA_1000U/LH_110_hlist_1.00000.list,True,0,6273,6273,6273,6273,0.3362,True,True,0,0.000000,True,0,0.000000,True,0,0.000000
LH_111,111,0.20000,data/raw/CAMELS_SIMBA_1000U/LH_111_hlist_0.20000.list,True,0,7002,7002,7002,7002,0.3986,True,True,0,0.000000,True,0,0.000000,True,0,0.000000
LH_111,111,0.25000,data/raw/CAMELS_SIMBA_1000U/LH_111_hlist_0.25000.list,True,0,8051,8051,8051,8051,0.3986,True,True,0,0.000000,True,0,0.000000,True,0,0.000000
LH_111,111,0.51209,data/raw/CAMELS_SIMBA_1000U/LH_111_hlist_0.51209.list,True,0,8092,8092,8092,8092,0.3986,True,True,0,0.000000,True,0,0.000000,True,0,0.000000
LH_111,111,0.75065,data/raw/CAMELS_SIMBA_1000U/LH_111_hlist_0.75065.list,True,0,6897,6897,6897,6897,0.3986,True,True,0,0.000000,True,0,0.000000,True,0,0.000000
LH_111,111,1.00000,data/raw/CAMELS_SIMBA_1000U/LH_111_hlist_1.00000.list,True,0,6485,6485,6485,6485,0.3986,True,True,0,0.000000,True,0,0.000000,True,0,0.000000
LH_112,112,0.20000,data/raw/CAMELS_SIMBA_1000U/LH_112_hlist_0.20000.list,True,0,3896,3896,3896,3896,0.3374,True,True,0,0.000000,True,0,0.000000,True,0,0.000000
LH_112,112,0.25000,data/raw/CAMELS_SIMBA_1000U/LH_112_hlist_0.25000.list,True,0,5323,5323,5323,5323,0.3374,True,True,0,0.000000,True,0,0.000000,True,0,0.000000
LH_112,112,0.51209,data/raw/CAMELS_SIMBA_1000U/LH_112_hlist_0.51209.list,True,0,8087,8087,8087,8087,0.3374,True,True,0,0.000000,True,0,0.000000,True,0,0.000000
LH_112,112,0.75065,data/raw/CAMELS_SIMBA_1000U/LH_112_hlist_0.75065.list,True,0,7508,7508,7508,7508,0.3374,True,True,0,0.000000,True,0,0.000000,True,0,0.000000
LH_112,112,1.00000,data/raw/CAMELS_SIMBA_1000U/LH_112_hlist_1.00000.list,True,0,7609,7609,7609,7609,0.3374,True,True,0,0.000000,True,0,0.000000,True,0,0.000000
LH_113,113,0.20000,data/raw/CAMELS_SIMBA_1000U/LH_113_hlist_0.20000.list,True,0,5957,5957,5957,5957,0.3146,True,True,0,0.000000,True,0,0.000000,True,0,0.000000
LH_113,113,0.25000,data/raw/CAMELS_SIMBA_1000U/LH_113_hlist_0.25000.list,True,0,7133,7133,7133,7133,0.3146,True,True,0,0.000000,True,0,0.000000,True,0,0.000000
LH_113,113,0.51209,data/raw/CAMELS_SIMBA_1000U/LH_113_hlist_0.51209.list,True,0,7241,7241,7241,7241,0.3146,True,True,0,0.000000,True,0,0.000000,True,0,0.000000
LH_113,113,0.75065,data/raw/CAMELS_SIMBA_1000U/LH_113_hlist_0.75065.list,True,0,6301,6301,6301,6301,0.3146,True,True,0,0.000000,True,0,0.000000,True,0,0.000000
LH_113,113,1.00000,data/raw/CAMELS_SIMBA_1000U/LH_113_hlist_1.00000.list,True,0,6265,6265,6265,6265,0.3146,True,True,0,0.000000,True,0,0.000000,True,0,0.000000
LH_114,114,0.20000,data/raw/CAMELS_SIMBA_1000U/LH_114_hlist_0.20000.list,True,0,1032,1032,1032,1032,0.1854,True,True,0,0.000000,False,468,0.312000,False,968,0.484000
LH_114,114,0.25000,data/raw/CAMELS_SIMBA_1000U/LH_114_hlist_0.25000.list,True,0,2265,2265,2265,2265,0.1854,True,True,0,0.000000,True,0,0.000000,True,0,0.000000
LH_114,114,0.51209,data/raw/CAMELS_SIMBA_1000U/LH_114_hlist_0.51209.list,True,0,6175,6175,6175,6175,0.1854,True,True,0,0.000000,True,0,0.000000,True,0,0.000000
LH_114,114,0.75065,data/raw/CAMELS_SIMBA_1000U/LH_114_hlist_0.75065.list,True,0,6550,6550,6550,6550,0.1854,True,True,0,0.000000,True,0,0.000000,True,0,0.000000
LH_114,114,1.00000,data/raw/CAMELS_SIMBA_1000U/LH_114_hlist_1.00000.list,True,0,7198,7198,7198,7198,0.1854,True,True,0,0.000000,True,0,0.000000,True,0,0.000000
LH_115,115,0.20000,data/raw/CAMELS_SIMBA_1000U/LH_115_hlist_0.20000.list,True,0,4087,4087,4087,4087,0.2506,True,True,0,0.000000,True,0,0.000000,True,0,0.000000
LH_115,115,0.25000,data/raw/CAMELS_SIMBA_1000U/LH_115_hlist_0.25000.list,True,0,5415,5415,5415,5415,0.2506,True,True,0,0.000000,True,0,0.000000,True,0,0.000000
LH_115,115,0.51209,data/raw/CAMELS_SIMBA_1000U/LH_115_hlist_0.51209.list,True,0,6880,6880,6880,6880,0.2506,True,True,0,0.000000,True,0,0.000000,True,0,0.000000
LH_115,115,0.75065,data/raw/CAMELS_SIMBA_1000U/LH_115_hlist_0.75065.list,True,0,6574,6574,6574,6574,0.2506,True,True,0,0.000000,True,0,0.000000,True,0,0.000000
LH_115,115,1.00000,data/raw/CAMELS_SIMBA_1000U/LH_115_hlist_1.00000.list,True,0,6696,6696,6696,6696,0.2506,True,True,0,0.000000,True,0,0.000000,True,0,0.000000
LH_116,116,0.20000,data/raw/CAMELS_SIMBA_1000U/LH_116_hlist_0.20000.list,True,0,2363,2363,2363,2363,0.1266,True,True,0,0.000000,True,0,0.000000,True,0,0.000000
LH_116,116,0.25000,data/raw/CAMELS_SIMBA_1000U/LH_116_hlist_0.25000.list,True,0,3706,3706,3706,3706,0.1266,True,True,0,0.000000,True,0,0.000000,True,0,0.000000
LH_116,116,0.51209,data/raw/CAMELS_SIMBA_1000U/LH_116_hlist_0.51209.list,True,0,4893,4893,4893,4893,0.1266,True,True,0,0.000000,True,0,0.000000,True,0,0.000000
LH_116,116,0.75065,data/raw/CAMELS_SIMBA_1000U/LH_116_hlist_0.75065.list,True,0,5106,5106,5106,5106,0.1266,True,True,0,0.000000,True,0,0.000000,True,0,0.000000
LH_116,116,1.00000,data/raw/CAMELS_SIMBA_1000U/LH_116_hlist_1.00000.list,True,0,5562,5562,5562,5562,0.1266,True,True,0,0.000000,True,0,0.000000,True,0,0.000000
LH_117,117,0.20000,data/raw/CAMELS_SIMBA_1000U/LH_117_hlist_0.20000.list,True,0,6142,6142,6142,6142,0.293,True,True,0,0.000000,True,0,0.000000,True,0,0.000000
LH_117,117,0.25000,data/raw/CAMELS_SIMBA_1000U/LH_117_hlist_0.25000.list,True,0,7202,7202,7202,7202,0.293,True,True,0,0.000000,True,0,0.000000,True,0,0.000000
LH_117,117,0.51209,data/raw/CAMELS_SIMBA_1000U/LH_117_hlist_0.51209.list,True,0,7480,7480,7480,7480,0.293,True,True,0,0.000000,True,0,0.000000,True,0,0.000000
LH_117,117,0.75065,data/raw/CAMELS_SIMBA_1000U/LH_117_hlist_0.75065.list,True,0,6480,6480,6480,6480,0.293,True,True,0,0.000000,True,0,0.000000,True,0,0.000000
LH_117,117,1.00000,data/raw/CAMELS_SIMBA_1000U/LH_117_hlist_1.00000.list,True,0,6449,6449,6449,6449,0.293,True,True,0,0.000000,True,0,0.000000,True,0,0.000000
LH_118,118,0.20000,data/raw/CAMELS_SIMBA_1000U/LH_118_hlist_0.20000.list,True,0,2987,2987,2987,2987,0.1874,True,True,0,0.000000,True,0,0.000000,True,0,0.000000
LH_118,118,0.25000,data/raw/CAMELS_SIMBA_1000U/LH_118_hlist_0.25000.list,True,0,4483,4483,4483,4483,0.1874,True,True,0,0.000000,True,0,0.000000,True,0,0.000000
LH_118,118,0.51209,data/raw/CAMELS_SIMBA_1000U/LH_118_hlist_0.51209.list,True,0,6049,6049,6049,6049,0.1874,True,True,0,0.000000,True,0,0.000000,True,0,0.000000
LH_118,118,0.75065,data/raw/CAMELS_SIMBA_1000U/LH_118_hlist_0.75065.list,True,0,5848,5848,5848,5848,0.1874,True,True,0,0.000000,True,0,0.000000,True,0,0.000000
LH_118,118,1.00000,data/raw/CAMELS_SIMBA_1000U/LH_118_hlist_1.00000.list,True,0,6245,6245,6245,6245,0.1874,True,True,0,0.000000,True,0,0.000000,True,0,0.000000
LH_119,119,0.20000,data/raw/CAMELS_SIMBA_1000U/LH_119_hlist_0.20000.list,True,0,2835,2835,2835,2835,0.3686,True,True,0,0.000000,True,0,0.000000,True,0,0.000000
LH_119,119,0.25000,data/raw/CAMELS_SIMBA_1000U/LH_119_hlist_0.25000.list,True,0,4766,4766,4766,4766,0.3686,True,True,0,0.000000,True,0,0.000000,True,0,0.000000
LH_119,119,0.51209,data/raw/CAMELS_SIMBA_1000U/LH_119_hlist_0.51209.list,True,0,8445,8445,8445,8445,0.3686,True,True,0,0.000000,True,0,0.000000,True,0,0.000000
LH_119,119,0.75065,data/raw/CAMELS_SIMBA_1000U/LH_119_hlist_0.75065.list,True,0,8199,8199,8199,8199,0.3686,True,True,0,0.000000,True,0,0.000000,True,0,0.000000
LH_119,119,1.00000,data/raw/CAMELS_SIMBA_1000U/LH_119_hlist_1.00000.list,True,0,8250,8250,8250,8250,0.3686,True,True,0,0.000000,True,0,0.000000,True,0,0.000000
LH_120,120,0.20000,data/raw/CAMELS_SIMBA_1000U/LH_120_hlist_0.20000.list,True,0,5535,5535,5535,5535,0.4082,True,True,0,0.000000,True,0,0.000000,True,0,0.000000
LH_120,120,0.25000,data/raw/CAMELS_SIMBA_1000U/LH_120_hlist_0.25000.list,True,0,7056,7056,7056,7056,0.4082,True,True,0,0.000000,True,0,0.000000,True,0,0.000000
LH_120,120,0.51209,data/raw/CAMELS_SIMBA_1000U/LH_120_hlist_0.51209.list,True,0,8157,8157,8157,8157,0.4082,True,True,0,0.000000,True,0,0.000000,True,0,0.000000
LH_120,120,0.75065,data/raw/CAMELS_SIMBA_1000U/LH_120_hlist_0.75065.list,True,0,7199,7199,7199,7199,0.4082,True,True,0,0.000000,True,0,0.000000,True,0,0.000000
LH_120,120,1.00000,data/raw/CAMELS_SIMBA_1000U/LH_120_hlist_1.00000.list,True,0,7143,7143,7143,7143,0.4082,True,True,0,0.000000,True,0,0.000000,True,0,0.000000
LH_121,121,0.20000,data/raw/CAMELS_SIMBA_1000U/LH_121_hlist_0.20000.list,True,0,5080,5080,5080,5080,0.2318,True,True,0,0.000000,True,0,0.000000,True,0,0.000000
LH_121,121,0.25000,data/raw/CAMELS_SIMBA_1000U/LH_121_hlist_0.25000.list,True,0,6389,6389,6389,6389,0.2318,True,True,0,0.000000,True,0,0.000000,True,0,0.000000
LH_121,121,0.51209,data/raw/CAMELS_SIMBA_1000U/LH_121_hlist_0.51209.list,True,0,6570,6570,6570,6570,0.2318,True,True,0,0.000000,True,0,0.000000,True,0,0.000000
LH_121,121,0.75065,data/raw/CAMELS_SIMBA_1000U/LH_121_hlist_0.75065.list,True,0,5866,5866,5866,5866,0.2318,True,True,0,0.000000,True,0,0.000000,True,0,0.000000
LH_121,121,1.00000,data/raw/CAMELS_SIMBA_1000U/LH_121_hlist_1.00000.list,True,0,5813,5813,5813,5813,0.2318,True,True,0,0.000000,True,0,0.000000,True,0,0.000000
LH_122,122,0.20000,data/raw/CAMELS_SIMBA_1000U/LH_122_hlist_0.20000.list,True,0,5892,5892,5892,5892,0.3002,True,True,0,0.000000,True,0,0.000000,True,0,0.000000
LH_122,122,0.25000,data/raw/CAMELS_SIMBA_1000U/LH_122_hlist_0.25000.list,True,0,6861,6861,6861,6861,0.3002,True,True,0,0.000000,True,0,0.000000,True,0,0.000000
LH_122,122,0.51209,data/raw/CAMELS_SIMBA_1000U/LH_122_hlist_0.51209.list,True,0,6980,6980,6980,6980,0.3002,True,True,0,0.000000,True,0,0.000000,True,0,0.000000
LH_122,122,0.75065,data/raw/CAMELS_SIMBA_1000U/LH_122_hlist_0.75065.list,True,0,6290,6290,6290,6290,0.3002,True,True,0,0.000000,True,0,0.000000,True,0,0.000000
LH_122,122,1.00000,data/raw/CAMELS_SIMBA_1000U/LH_122_hlist_1.00000.list,True,0,6257,6257,6257,6257,0.3002,True,True,0,0.000000,True,0,0.000000,True,0,0.000000
LH_123,123,0.20000,data/raw/CAMELS_SIMBA_1000U/LH_123_hlist_0.20000.list,True,0,4107,4107,4107,4107,0.2946,True,True,0,0.000000,True,0,0.000000,True,0,0.000000
LH_123,123,0.25000,data/raw/CAMELS_SIMBA_1000U/LH_123_hlist_0.25000.list,True,0,5680,5680,5680,5680,0.2946,True,True,0,0.000000,True,0,0.000000,True,0,0.000000
LH_123,123,0.51209,data/raw/CAMELS_SIMBA_1000U/LH_123_hlist_0.51209.list,True,0,7741,7741,7741,7741,0.2946,True,True,0,0.000000,True,0,0.000000,True,0,0.000000
LH_123,123,0.75065,data/raw/CAMELS_SIMBA_1000U/LH_123_hlist_0.75065.list,True,0,7316,7316,7316,7316,0.2946,True,True,0,0.000000,True,0,0.000000,True,0,0.000000
LH_123,123,1.00000,data/raw/CAMELS_SIMBA_1000U/LH_123_hlist_1.00000.list,True,0,7371,7371,7371,7371,0.2946,True,True,0,0.000000,True,0,0.000000,True,0,0.000000
LH_124,124,0.20000,data/raw/CAMELS_SIMBA_1000U/LH_124_hlist_0.20000.list,True,0,3844,3844,3844,3844,0.3942,True,True,0,0.000000,True,0,0.000000,True,0,0.000000
LH_124,124,0.25000,data/raw/CAMELS_SIMBA_1000U/LH_124_hlist_0.25000.list,True,0,5454,5454,5454,5454,0.3942,True,True,0,0.000000,True,0,0.000000,True,0,0.000000
LH_124,124,0.51209,data/raw/CAMELS_SIMBA_1000U/LH_124_hlist_0.51209.list,True,0,8417,8417,8417,8417,0.3942,True,True,0,0.000000,True,0,0.000000,True,0,0.000000
LH_124,124,0.75065,data/raw/CAMELS_SIMBA_1000U/LH_124_hlist_0.75065.list,True,0,8027,8027,8027,8027,0.3942,True,True,0,0.000000,True,0,0.000000,True,0,0.000000
LH_124,124,1.00000,data/raw/CAMELS_SIMBA_1000U/LH_124_hlist_1.00000.list,True,0,7929,7929,7929,7929,0.3942,True,True,0,0.000000,True,0,0.000000,True,0,0.000000
LH_125,125,0.20000,data/raw/CAMELS_SIMBA_1000U/LH_125_hlist_0.20000.list,True,0,5644,5644,5644,5644,0.4102,True,True,0,0.000000,True,0,0.000000,True,0,0.000000
LH_125,125,0.25000,data/raw/CAMELS_SIMBA_1000U/LH_125_hlist_0.25000.list,True,0,7069,7069,7069,7069,0.4102,True,True,0,0.000000,True,0,0.000000,True,0,0.000000
LH_125,125,0.51209,data/raw/CAMELS_SIMBA_1000U/LH_125_hlist_0.51209.list,True,0,8279,8279,8279,8279,0.4102,True,True,0,0.000000,True,0,0.000000,True,0,0.000000
LH_125,125,0.75065,data/raw/CAMELS_SIMBA_1000U/LH_125_hlist_0.75065.list,True,0,7060,7060,7060,7060,0.4102,True,True,0,0.000000,True,0,0.000000,True,0,0.000000
LH_125,125,1.00000,data/raw/CAMELS_SIMBA_1000U/LH_125_hlist_1.00000.list,True,0,6748,6748,6748,6748,0.4102,True,True,0,0.000000,True,0,0.000000,True,0,0.000000
LH_126,126,0.20000,data/raw/CAMELS_SIMBA_1000U/LH_126_hlist_0.20000.list,True,0,3464,3464,3464,3464,0.3514,True,True,0,0.000000,True,0,0.000000,True,0,0.000000
LH_126,126,0.25000,data/raw/CAMELS_SIMBA_1000U/LH_126_hlist_0.25000.list,True,0,5115,5115,5115,5115,0.3514,True,True,0,0.000000,True,0,0.000000,True,0,0.000000
LH_126,126,0.51209,data/raw/CAMELS_SIMBA_1000U/LH_126_hlist_0.51209.list,True,0,8031,8031,8031,8031,0.3514,True,True,0,0.000000,True,0,0.000000,True,0,0.000000
LH_126,126,0.75065,data/raw/CAMELS_SIMBA_1000U/LH_126_hlist_0.75065.list,True,0,7518,7518,7518,7518,0.3514,True,True,0,0.000000,True,0,0.000000,True,0,0.000000
LH_126,126,1.00000,data/raw/CAMELS_SIMBA_1000U/LH_126_hlist_1.00000.list,True,0,7494,7494,7494,7494,0.3514,True,True,0,0.000000,True,0,0.000000,True,0,0.000000
LH_127,127,0.20000,data/raw/CAMELS_SIMBA_1000U/LH_127_hlist_0.20000.list,True,0,1020,1020,1020,1020,0.1442,True,True,0,0.000000,False,480,0.320000,False,980,0.490000
LH_127,127,0.25000,data/raw/CAMELS_SIMBA_1000U/LH_127_hlist_0.25000.list,True,0,2266,2266,2266,2266,0.1442,True,True,0,0.000000,True,0,0.000000,True,0,0.000000
LH_127,127,0.51209,data/raw/CAMELS_SIMBA_1000U/LH_127_hlist_0.51209.list,True,0,5134,5134,5134,5134,0.1442,True,True,0,0.000000,True,0,0.000000,True,0,0.000000
LH_127,127,0.75065,data/raw/CAMELS_SIMBA_1000U/LH_127_hlist_0.75065.list,True,0,5524,5524,5524,5524,0.1442,True,True,0,0.000000,True,0,0.000000,True,0,0.000000
LH_127,127,1.00000,data/raw/CAMELS_SIMBA_1000U/LH_127_hlist_1.00000.list,True,0,6166,6166,6166,6166,0.1442,True,True,0,0.000000,True,0,0.000000,True,0,0.000000
LH_128,128,0.20000,data/raw/CAMELS_SIMBA_1000U/LH_128_hlist_0.20000.list,True,0,875,875,875,875,0.1582,True,False,125,0.125000,False,625,0.416667,False,1125,0.562500
LH_128,128,0.25000,data/raw/CAMELS_SIMBA_1000U/LH_128_hlist_0.25000.list,True,0,1989,1989,1989,1989,0.1582,True,True,0,0.000000,True,0,0.000000,False,11,0.005500
LH_128,128,0.51209,data/raw/CAMELS_SIMBA_1000U/LH_128_hlist_0.51209.list,True,0,5524,5524,5524,5524,0.1582,True,True,0,0.000000,True,0,0.000000,True,0,0.000000
LH_128,128,0.75065,data/raw/CAMELS_SIMBA_1000U/LH_128_hlist_0.75065.list,True,0,5929,5929,5929,5929,0.1582,True,True,0,0.000000,True,0,0.000000,True,0,0.000000
LH_128,128,1.00000,data/raw/CAMELS_SIMBA_1000U/LH_128_hlist_1.00000.list,True,0,6604,6604,6604,6604,0.1582,True,True,0,0.000000,True,0,0.000000,True,0,0.000000
LH_129,129,0.20000,data/raw/CAMELS_SIMBA_1000U/LH_129_hlist_0.20000.list,True,0,6101,6101,6101,6101,0.433,True,True,0,0.000000,True,0,0.000000,True,0,0.000000
LH_129,129,0.25000,data/raw/CAMELS_SIMBA_1000U/LH_129_hlist_0.25000.list,True,0,7563,7563,7563,7563,0.433,True,True,0,0.000000,True,0,0.000000,True,0,0.000000
LH_129,129,0.51209,data/raw/CAMELS_SIMBA_1000U/LH_129_hlist_0.51209.list,True,0,8520,8520,8520,8520,0.433,True,True,0,0.000000,True,0,0.000000,True,0,0.000000
LH_129,129,0.75065,data/raw/CAMELS_SIMBA_1000U/LH_129_hlist_0.75065.list,True,0,7608,7608,7608,7608,0.433,True,True,0,0.000000,True,0,0.000000,True,0,0.000000
LH_129,129,1.00000,data/raw/CAMELS_SIMBA_1000U/LH_129_hlist_1.00000.list,True,0,7266,7266,7266,7266,0.433,True,True,0,0.000000,True,0,0.000000,True,0,0.000000
LH_130,130,0.20000,data/raw/CAMELS_SIMBA_1000U/LH_130_hlist_0.20000.list,True,0,8360,8360,8360,8360,0.4366,True,True,0,0.000000,True,0,0.000000,True,0,0.000000
LH_130,130,0.25000,data/raw/CAMELS_SIMBA_1000U/LH_130_hlist_0.25000.list,True,0,8855,8855,8855,8855,0.4366,True,True,0,0.000000,True,0,0.000000,True,0,0.000000
LH_130,130,0.51209,data/raw/CAMELS_SIMBA_1000U/LH_130_hlist_0.51209.list,True,0,7239,7239,7239,7239,0.4366,True,True,0,0.000000,True,0,0.000000,True,0,0.000000
LH_130,130,0.75065,data/raw/CAMELS_SIMBA_1000U/LH_130_hlist_0.75065.list,True,0,5948,5948,5948,5948,0.4366,True,True,0,0.000000,True,0,0.000000,True,0,0.000000
LH_130,130,1.00000,data/raw/CAMELS_SIMBA_1000U/LH_130_hlist_1.00000.list,True,0,5642,5642,5642,5642,0.4366,True,True,0,0.000000,True,0,0.000000,True,0,0.000000
LH_131,131,0.20000,data/raw/CAMELS_SIMBA_1000U/LH_131_hlist_0.20000.list,True,0,4362,4362,4362,4362,0.4086,True,True,0,0.000000,True,0,0.000000,True,0,0.000000
LH_131,131,0.25000,data/raw/CAMELS_SIMBA_1000U/LH_131_hlist_0.25000.list,True,0,6068,6068,6068,6068,0.4086,True,True,0,0.000000,True,0,0.000000,True,0,0.000000
LH_131,131,0.51209,data/raw/CAMELS_SIMBA_1000U/LH_131_hlist_0.51209.list,True,0,7909,7909,7909,7909,0.4086,True,True,0,0.000000,True,0,0.000000,True,0,0.000000
LH_131,131,0.75065,data/raw/CAMELS_SIMBA_1000U/LH_131_hlist_0.75065.list,True,0,7086,7086,7086,7086,0.4086,True,True,0,0.000000,True,0,0.000000,True,0,0.000000
LH_131,131,1.00000,data/raw/CAMELS_SIMBA_1000U/LH_131_hlist_1.00000.list,True,0,7056,7056,7056,7056,0.4086,True,True,0,0.000000,True,0,0.000000,True,0,0.000000
LH_132,132,0.20000,data/raw/CAMELS_SIMBA_1000U/LH_132_hlist_0.20000.list,True,0,2484,2484,2484,2484,0.1542,True,True,0,0.000000,True,0,0.000000,True,0,0.000000
LH_132,132,0.25000,data/raw/CAMELS_SIMBA_1000U/LH_132_hlist_0.25000.list,True,0,3768,3768,3768,3768,0.1542,True,True,0,0.000000,True,0,0.000000,True,0,0.000000
LH_132,132,0.51209,data/raw/CAMELS_SIMBA_1000U/LH_132_hlist_0.51209.list,True,0,5189,5189,5189,5189,0.1542,True,True,0,0.000000,True,0,0.000000,True,0,0.000000
LH_132,132,0.75065,data/raw/CAMELS_SIMBA_1000U/LH_132_hlist_0.75065.list,True,0,5380,5380,5380,5380,0.1542,True,True,0,0.000000,True,0,0.000000,True,0,0.000000
LH_132,132,1.00000,data/raw/CAMELS_SIMBA_1000U/LH_132_hlist_1.00000.list,True,0,5829,5829,5829,5829,0.1542,True,True,0,0.000000,True,0,0.000000,True,0,0.000000
LH_133,133,0.20000,data/raw/CAMELS_SIMBA_1000U/LH_133_hlist_0.20000.list,True,0,385,385,385,385,0.1046,True,False,615,0.615000,False,1115,0.743333,False,1615,0.807500
LH_133,133,0.25000,data/raw/CAMELS_SIMBA_1000U/LH_133_hlist_0.25000.list,True,0,1216,1216,1216,1216,0.1046,True,True,0,0.000000,False,284,0.189333,False,784,0.392000
LH_133,133,0.51209,data/raw/CAMELS_SIMBA_1000U/LH_133_hlist_0.51209.list,True,0,3420,3420,3420,3420,0.1046,True,True,0,0.000000,True,0,0.000000,True,0,0.000000
LH_133,133,0.75065,data/raw/CAMELS_SIMBA_1000U/LH_133_hlist_0.75065.list,True,0,3944,3944,3944,3944,0.1046,True,True,0,0.000000,True,0,0.000000,True,0,0.000000
LH_133,133,1.00000,data/raw/CAMELS_SIMBA_1000U/LH_133_hlist_1.00000.list,True,0,4687,4687,4687,4687,0.1046,True,True,0,0.000000,True,0,0.000000,True,0,0.000000
LH_134,134,0.20000,data/raw/CAMELS_SIMBA_1000U/LH_134_hlist_0.20000.list,True,0,7445,7445,7445,7445,0.329,True,True,0,0.000000,True,0,0.000000,True,0,0.000000
LH_134,134,0.25000,data/raw/CAMELS_SIMBA_1000U/LH_134_hlist_0.25000.list,True,0,8119,8119,8119,8119,0.329,True,True,0,0.000000,True,0,0.000000,True,0,0.000000
LH_134,134,0.51209,data/raw/CAMELS_SIMBA_1000U/LH_134_hlist_0.51209.list,True,0,7161,7161,7161,7161,0.329,True,True,0,0.000000,True,0,0.000000,True,0,0.000000
LH_134,134,0.75065,data/raw/CAMELS_SIMBA_1000U/LH_134_hlist_0.75065.list,True,0,6092,6092,6092,6092,0.329,True,True,0,0.000000,True,0,0.000000,True,0,0.000000
LH_134,134,1.00000,data/raw/CAMELS_SIMBA_1000U/LH_134_hlist_1.00000.list,True,0,5906,5906,5906,5906,0.329,True,True,0,0.000000,True,0,0.000000,True,0,0.000000
LH_135,135,0.20000,data/raw/CAMELS_SIMBA_1000U/LH_135_hlist_0.20000.list,True,0,2320,2320,2320,2320,0.107,True,True,0,0.000000,True,0,0.000000,True,0,0.000000
LH_135,135,0.25000,data/raw/CAMELS_SIMBA_1000U/LH_135_hlist_0.25000.list,True,0,3324,3324,3324,3324,0.107,True,True,0,0.000000,True,0,0.000000,True,0,0.000000
LH_135,135,0.51209,data/raw/CAMELS_SIMBA_1000U/LH_135_hlist_0.51209.list,True,0,4104,4104,4104,4104,0.107,True,True,0,0.000000,True,0,0.000000,True,0,0.000000
LH_135,135,0.75065,data/raw/CAMELS_SIMBA_1000U/LH_135_hlist_0.75065.list,True,0,4296,4296,4296,4296,0.107,True,True,0,0.000000,True,0,0.000000,True,0,0.000000
LH_135,135,1.00000,data/raw/CAMELS_SIMBA_1000U/LH_135_hlist_1.00000.list,True,0,4715,4715,4715,4715,0.107,True,True,0,0.000000,True,0,0.000000,True,0,0.000000
LH_136,136,0.20000,data/raw/CAMELS_SIMBA_1000U/LH_136_hlist_0.20000.list,True,0,1548,1548,1548,1548,0.2034,True,True,0,0.000000,True,0,0.000000,False,452,0.226000
LH_136,136,0.25000,data/raw/CAMELS_SIMBA_1000U/LH_136_hlist_0.25000.list,True,0,3147,3147,3147,3147,0.2034,True,True,0,0.000000,True,0,0.000000,True,0,0.000000
LH_136,136,0.51209,data/raw/CAMELS_SIMBA_1000U/LH_136_hlist_0.51209.list,True,0,6533,6533,6533,6533,0.2034,True,True,0,0.000000,True,0,0.000000,True,0,0.000000
LH_136,136,0.75065,data/raw/CAMELS_SIMBA_1000U/LH_136_hlist_0.75065.list,True,0,6723,6723,6723,6723,0.2034,True,True,0,0.000000,True,0,0.000000,True,0,0.000000
LH_136,136,1.00000,data/raw/CAMELS_SIMBA_1000U/LH_136_hlist_1.00000.list,True,0,7103,7103,7103,7103,0.2034,True,True,0,0.000000,True,0,0.000000,True,0,0.000000
LH_137,137,0.20000,data/raw/CAMELS_SIMBA_1000U/LH_137_hlist_0.20000.list,True,0,7715,7715,7715,7715,0.371,True,True,0,0.000000,True,0,0.000000,True,0,0.000000
LH_137,137,0.25000,data/raw/CAMELS_SIMBA_1000U/LH_137_hlist_0.25000.list,True,0,8348,8348,8348,8348,0.371,True,True,0,0.000000,True,0,0.000000,True,0,0.000000
LH_137,137,0.51209,data/raw/CAMELS_SIMBA_1000U/LH_137_hlist_0.51209.list,True,0,7139,7139,7139,7139,0.371,True,True,0,0.000000,True,0,0.000000,True,0,0.000000
LH_137,137,0.75065,data/raw/CAMELS_SIMBA_1000U/LH_137_hlist_0.75065.list,True,0,6034,6034,6034,6034,0.371,True,True,0,0.000000,True,0,0.000000,True,0,0.000000
LH_137,137,1.00000,data/raw/CAMELS_SIMBA_1000U/LH_137_hlist_1.00000.list,True,0,6001,6001,6001,6001,0.371,True,True,0,0.000000,True,0,0.000000,True,0,0.000000
LH_138,138,0.20000,data/raw/CAMELS_SIMBA_1000U/LH_138_hlist_0.20000.list,True,0,5929,5929,5929,5929,0.3974,True,True,0,0.000000,True,0,0.000000,True,0,0.000000
LH_138,138,0.25000,data/raw/CAMELS_SIMBA_1000U/LH_138_hlist_0.25000.list,True,0,7292,7292,7292,7292,0.3974,True,True,0,0.000000,True,0,0.000000,True,0,0.000000
LH_138,138,0.51209,data/raw/CAMELS_SIMBA_1000U/LH_138_hlist_0.51209.list,True,0,8050,8050,8050,8050,0.3974,True,True,0,0.000000,True,0,0.000000,True,0,0.000000
LH_138,138,0.75065,data/raw/CAMELS_SIMBA_1000U/LH_138_hlist_0.75065.list,True,0,6995,6995,6995,6995,0.3974,True,True,0,0.000000,True,0,0.000000,True,0,0.000000
LH_138,138,1.00000,data/raw/CAMELS_SIMBA_1000U/LH_138_hlist_1.00000.list,True,0,6755,6755,6755,6755,0.3974,True,True,0,0.000000,True,0,0.000000,True,0,0.000000
LH_139,139,0.20000,data/raw/CAMELS_SIMBA_1000U/LH_139_hlist_0.20000.list,True,0,6714,6714,6714,6714,0.4182,True,True,0,0.000000,True,0,0.000000,True,0,0.000000
LH_139,139,0.25000,data/raw/CAMELS_SIMBA_1000U/LH_139_hlist_0.25000.list,True,0,7719,7719,7719,7719,0.4182,True,True,0,0.000000,True,0,0.000000,True,0,0.000000
LH_139,139,0.51209,data/raw/CAMELS_SIMBA_1000U/LH_139_hlist_0.51209.list,True,0,8297,8297,8297,8297,0.4182,True,True,0,0.000000,True,0,0.000000,True,0,0.000000
LH_139,139,0.75065,data/raw/CAMELS_SIMBA_1000U/LH_139_hlist_0.75065.list,True,0,7093,7093,7093,7093,0.4182,True,True,0,0.000000,True,0,0.000000,True,0,0.000000
LH_139,139,1.00000,data/raw/CAMELS_SIMBA_1000U/LH_139_hlist_1.00000.list,True,0,6867,6867,6867,6867,0.4182,True,True,0,0.000000,True,0,0.000000,True,0,0.000000
LH_140,140,0.20000,data/raw/CAMELS_SIMBA_1000U/LH_140_hlist_0.20000.list,True,0,7056,7056,7056,7056,0.3726,True,True,0,0.000000,True,0,0.000000,True,0,0.000000
LH_140,140,0.25000,data/raw/CAMELS_SIMBA_1000U/LH_140_hlist_0.25000.list,True,0,8154,8154,8154,8154,0.3726,True,True,0,0.000000,True,0,0.000000,True,0,0.000000
LH_140,140,0.51209,data/raw/CAMELS_SIMBA_1000U/LH_140_hlist_0.51209.list,True,0,7636,7636,7636,7636,0.3726,True,True,0,0.000000,True,0,0.000000,True,0,0.000000
LH_140,140,0.75065,data/raw/CAMELS_SIMBA_1000U/LH_140_hlist_0.75065.list,True,0,6376,6376,6376,6376,0.3726,True,True,0,0.000000,True,0,0.000000,True,0,0.000000
LH_140,140,1.00000,data/raw/CAMELS_SIMBA_1000U/LH_140_hlist_1.00000.list,True,0,6131,6131,6131,6131,0.3726,True,True,0,0.000000,True,0,0.000000,True,0,0.000000
LH_141,141,0.20000,data/raw/CAMELS_SIMBA_1000U/LH_141_hlist_0.20000.list,True,0,5624,5624,5624,5624,0.3322,True,True,0,0.000000,True,0,0.000000,True,0,0.000000
LH_141,141,0.25000,data/raw/CAMELS_SIMBA_1000U/LH_141_hlist_0.25000.list,True,0,6894,6894,6894,6894,0.3322,True,True,0,0.000000,True,0,0.000000,True,0,0.000000
LH_141,141,0.51209,data/raw/CAMELS_SIMBA_1000U/LH_141_hlist_0.51209.list,True,0,8004,8004,8004,8004,0.3322,True,True,0,0.000000,True,0,0.000000,True,0,0.000000
LH_141,141,0.75065,data/raw/CAMELS_SIMBA_1000U/LH_141_hlist_0.75065.list,True,0,7102,7102,7102,7102,0.3322,True,True,0,0.000000,True,0,0.000000,True,0,0.000000
LH_141,141,1.00000,data/raw/CAMELS_SIMBA_1000U/LH_141_hlist_1.00000.list,True,0,7010,7010,7010,7010,0.3322,True,True,0,0.000000,True,0,0.000000,True,0,0.000000
LH_142,142,0.20000,data/raw/CAMELS_SIMBA_1000U/LH_142_hlist_0.20000.list,True,0,1681,1681,1681,1681,0.1178,True,True,0,0.000000,True,0,0.000000,False,319,0.159500
LH_142,142,0.25000,data/raw/CAMELS_SIMBA_1000U/LH_142_hlist_0.25000.list,True,0,2995,2995,2995,2995,0.1178,True,True,0,0.000000,True,0,0.000000,True,0,0.000000
LH_142,142,0.51209,data/raw/CAMELS_SIMBA_1000U/LH_142_hlist_0.51209.list,True,0,4564,4564,4564,4564,0.1178,True,True,0,0.000000,True,0,0.000000,True,0,0.000000
LH_142,142,0.75065,data/raw/CAMELS_SIMBA_1000U/LH_142_hlist_0.75065.list,True,0,4685,4685,4685,4685,0.1178,True,True,0,0.000000,True,0,0.000000,True,0,0.000000
LH_142,142,1.00000,data/raw/CAMELS_SIMBA_1000U/LH_142_hlist_1.00000.list,True,0,5135,5135,5135,5135,0.1178,True,True,0,0.000000,True,0,0.000000,True,0,0.000000
LH_143,143,0.20000,data/raw/CAMELS_SIMBA_1000U/LH_143_hlist_0.20000.list,True,0,5244,5244,5244,5244,0.367,True,True,0,0.000000,True,0,0.000000,True,0,0.000000
LH_143,143,0.25000,data/raw/CAMELS_SIMBA_1000U/LH_143_hlist_0.25000.list,True,0,6748,6748,6748,6748,0.367,True,True,0,0.000000,True,0,0.000000,True,0,0.000000
LH_143,143,0.51209,data/raw/CAMELS_SIMBA_1000U/LH_143_hlist_0.51209.list,True,0,8122,8122,8122,8122,0.367,True,True,0,0.000000,True,0,0.000000,True,0,0.000000
LH_143,143,0.75065,data/raw/CAMELS_SIMBA_1000U/LH_143_hlist_0.75065.list,True,0,7150,7150,7150,7150,0.367,True,True,0,0.000000,True,0,0.000000,True,0,0.000000
LH_143,143,1.00000,data/raw/CAMELS_SIMBA_1000U/LH_143_hlist_1.00000.list,True,0,6887,6887,6887,6887,0.367,True,True,0,0.000000,True,0,0.000000,True,0,0.000000
LH_144,144,0.20000,data/raw/CAMELS_SIMBA_1000U/LH_144_hlist_0.20000.list,True,0,4985,4985,4985,4985,0.211,True,True,0,0.000000,True,0,0.000000,True,0,0.000000
LH_144,144,0.25000,data/raw/CAMELS_SIMBA_1000U/LH_144_hlist_0.25000.list,True,0,6087,6087,6087,6087,0.211,True,True,0,0.000000,True,0,0.000000,True,0,0.000000
LH_144,144,0.51209,data/raw/CAMELS_SIMBA_1000U/LH_144_hlist_0.51209.list,True,0,6438,6438,6438,6438,0.211,True,True,0,0.000000,True,0,0.000000,True,0,0.000000
LH_144,144,0.75065,data/raw/CAMELS_SIMBA_1000U/LH_144_hlist_0.75065.list,True,0,5992,5992,5992,5992,0.211,True,True,0,0.000000,True,0,0.000000,True,0,0.000000
LH_144,144,1.00000,data/raw/CAMELS_SIMBA_1000U/LH_144_hlist_1.00000.list,True,0,6095,6095,6095,6095,0.211,True,True,0,0.000000,True,0,0.000000,True,0,0.000000
LH_145,145,0.20000,data/raw/CAMELS_SIMBA_1000U/LH_145_hlist_0.20000.list,True,0,2118,2118,2118,2118,0.1218,True,True,0,0.000000,True,0,0.000000,True,0,0.000000
LH_145,145,0.25000,data/raw/CAMELS_SIMBA_1000U/LH_145_hlist_0.25000.list,True,0,3338,3338,3338,3338,0.1218,True,True,0,0.000000,True,0,0.000000,True,0,0.000000
LH_145,145,0.51209,data/raw/CAMELS_SIMBA_1000U/LH_145_hlist_0.51209.list,True,0,4505,4505,4505,4505,0.1218,True,True,0,0.000000,True,0,0.000000,True,0,0.000000
LH_145,145,0.75065,data/raw/CAMELS_SIMBA_1000U/LH_145_hlist_0.75065.list,True,0,4661,4661,4661,4661,0.1218,True,True,0,0.000000,True,0,0.000000,True,0,0.000000
LH_145,145,1.00000,data/raw/CAMELS_SIMBA_1000U/LH_145_hlist_1.00000.list,True,0,5132,5132,5132,5132,0.1218,True,True,0,0.000000,True,0,0.000000,True,0,0.000000
LH_146,146,0.20000,data/raw/CAMELS_SIMBA_1000U/LH_146_hlist_0.20000.list,True,0,6377,6377,6377,6377,0.2898,True,True,0,0.000000,True,0,0.000000,True,0,0.000000
LH_146,146,0.25000,data/raw/CAMELS_SIMBA_1000U/LH_146_hlist_0.25000.list,True,0,7517,7517,7517,7517,0.2898,True,True,0,0.000000,True,0,0.000000,True,0,0.000000
LH_146,146,0.51209,data/raw/CAMELS_SIMBA_1000U/LH_146_hlist_0.51209.list,True,0,7318,7318,7318,7318,0.2898,True,True,0,0.000000,True,0,0.000000,True,0,0.000000
LH_146,146,0.75065,data/raw/CAMELS_SIMBA_1000U/LH_146_hlist_0.75065.list,True,0,6476,6476,6476,6476,0.2898,True,True,0,0.000000,True,0,0.000000,True,0,0.000000
LH_146,146,1.00000,data/raw/CAMELS_SIMBA_1000U/LH_146_hlist_1.00000.list,True,0,6527,6527,6527,6527,0.2898,True,True,0,0.000000,True,0,0.000000,True,0,0.000000
LH_147,147,0.20000,data/raw/CAMELS_SIMBA_1000U/LH_147_hlist_0.20000.list,True,0,4065,4065,4065,4065,0.3502,True,True,0,0.000000,True,0,0.000000,True,0,0.000000
LH_147,147,0.25000,data/raw/CAMELS_SIMBA_1000U/LH_147_hlist_0.25000.list,True,0,5580,5580,5580,5580,0.3502,True,True,0,0.000000,True,0,0.000000,True,0,0.000000
LH_147,147,0.51209,data/raw/CAMELS_SIMBA_1000U/LH_147_hlist_0.51209.list,True,0,7723,7723,7723,7723,0.3502,True,True,0,0.000000,True,0,0.000000,True,0,0.000000
LH_147,147,0.75065,data/raw/CAMELS_SIMBA_1000U/LH_147_hlist_0.75065.list,True,0,7234,7234,7234,7234,0.3502,True,True,0,0.000000,True,0,0.000000,True,0,0.000000
LH_147,147,1.00000,data/raw/CAMELS_SIMBA_1000U/LH_147_hlist_1.00000.list,True,0,7050,7050,7050,7050,0.3502,True,True,0,0.000000,True,0,0.000000,True,0,0.000000
LH_148,148,0.20000,data/raw/CAMELS_SIMBA_1000U/LH_148_hlist_0.20000.list,True,0,7859,7859,7859,7859,0.465,True,True,0,0.000000,True,0,0.000000,True,0,0.000000
LH_148,148,0.25000,data/raw/CAMELS_SIMBA_1000U/LH_148_hlist_0.25000.list,True,0,8700,8700,8700,8700,0.465,True,True,0,0.000000,True,0,0.000000,True,0,0.000000
LH_148,148,0.51209,data/raw/CAMELS_SIMBA_1000U/LH_148_hlist_0.51209.list,True,0,7798,7798,7798,7798,0.465,True,True,0,0.000000,True,0,0.000000,True,0,0.000000
LH_148,148,0.75065,data/raw/CAMELS_SIMBA_1000U/LH_148_hlist_0.75065.list,True,0,6621,6621,6621,6621,0.465,True,True,0,0.000000,True,0,0.000000,True,0,0.000000
LH_148,148,1.00000,data/raw/CAMELS_SIMBA_1000U/LH_148_hlist_1.00000.list,True,0,6339,6339,6339,6339,0.465,True,True,0,0.000000,True,0,0.000000,True,0,0.000000
LH_149,149,0.20000,data/raw/CAMELS_SIMBA_1000U/LH_149_hlist_0.20000.list,True,0,2377,2377,2377,2377,0.109,True,True,0,0.000000,True,0,0.000000,True,0,0.000000
LH_149,149,0.25000,data/raw/CAMELS_SIMBA_1000U/LH_149_hlist_0.25000.list,True,0,3344,3344,3344,3344,0.109,True,True,0,0.000000,True,0,0.000000,True,0,0.000000
LH_149,149,0.51209,data/raw/CAMELS_SIMBA_1000U/LH_149_hlist_0.51209.list,True,0,4144,4144,4144,4144,0.109,True,True,0,0.000000,True,0,0.000000,True,0,0.000000
LH_149,149,0.75065,data/raw/CAMELS_SIMBA_1000U/LH_149_hlist_0.75065.list,True,0,4452,4452,4452,4452,0.109,True,True,0,0.000000,True,0,0.000000,True,0,0.000000
LH_149,149,1.00000,data/raw/CAMELS_SIMBA_1000U/LH_149_hlist_1.00000.list,True,0,4860,4860,4860,4860,0.109,True,True,0,0.000000,True,0,0.000000,True,0,0.000000
LH_150,150,0.20000,data/raw/CAMELS_SIMBA_1000U/LH_150_hlist_0.20000.list,True,0,6647,6647,6647,6647,0.3366,True,True,0,0.000000,True,0,0.000000,True,0,0.000000
LH_150,150,0.25000,data/raw/CAMELS_SIMBA_1000U/LH_150_hlist_0.25000.list,True,0,7780,7780,7780,7780,0.3366,True,True,0,0.000000,True,0,0.000000,True,0,0.000000
LH_150,150,0.51209,data/raw/CAMELS_SIMBA_1000U/LH_150_hlist_0.51209.list,True,0,7896,7896,7896,7896,0.3366,True,True,0,0.000000,True,0,0.000000,True,0,0.000000
LH_150,150,0.75065,data/raw/CAMELS_SIMBA_1000U/LH_150_hlist_0.75065.list,True,0,6847,6847,6847,6847,0.3366,True,True,0,0.000000,True,0,0.000000,True,0,0.000000
LH_150,150,1.00000,data/raw/CAMELS_SIMBA_1000U/LH_150_hlist_1.00000.list,True,0,6713,6713,6713,6713,0.3366,True,True,0,0.000000,True,0,0.000000,True,0,0.000000
LH_151,151,0.20000,data/raw/CAMELS_SIMBA_1000U/LH_151_hlist_0.20000.list,True,0,7331,7331,7331,7331,0.4822,True,True,0,0.000000,True,0,0.000000,True,0,0.000000
LH_151,151,0.25000,data/raw/CAMELS_SIMBA_1000U/LH_151_hlist_0.25000.list,True,0,8315,8315,8315,8315,0.4822,True,True,0,0.000000,True,0,0.000000,True,0,0.000000
LH_151,151,0.51209,data/raw/CAMELS_SIMBA_1000U/LH_151_hlist_0.51209.list,True,0,8226,8226,8226,8226,0.4822,True,True,0,0.000000,True,0,0.000000,True,0,0.000000
LH_151,151,0.75065,data/raw/CAMELS_SIMBA_1000U/LH_151_hlist_0.75065.list,True,0,6935,6935,6935,6935,0.4822,True,True,0,0.000000,True,0,0.000000,True,0,0.000000
LH_151,151,1.00000,data/raw/CAMELS_SIMBA_1000U/LH_151_hlist_1.00000.list,True,0,6491,6491,6491,6491,0.4822,True,True,0,0.000000,True,0,0.000000,True,0,0.000000
LH_152,152,0.20000,data/raw/CAMELS_SIMBA_1000U/LH_152_hlist_0.20000.list,True,0,7542,7542,7542,7542,0.4314,True,True,0,0.000000,True,0,0.000000,True,0,0.000000
LH_152,152,0.25000,data/raw/CAMELS_SIMBA_1000U/LH_152_hlist_0.25000.list,True,0,8365,8365,8365,8365,0.4314,True,True,0,0.000000,True,0,0.000000,True,0,0.000000
LH_152,152,0.51209,data/raw/CAMELS_SIMBA_1000U/LH_152_hlist_0.51209.list,True,0,7647,7647,7647,7647,0.4314,True,True,0,0.000000,True,0,0.000000,True,0,0.000000
LH_152,152,0.75065,data/raw/CAMELS_SIMBA_1000U/LH_152_hlist_0.75065.list,True,0,6404,6404,6404,6404,0.4314,True,True,0,0.000000,True,0,0.000000,True,0,0.000000
LH_152,152,1.00000,data/raw/CAMELS_SIMBA_1000U/LH_152_hlist_1.00000.list,True,0,6132,6132,6132,6132,0.4314,True,True,0,0.000000,True,0,0.000000,True,0,0.000000
LH_153,153,0.20000,data/raw/CAMELS_SIMBA_1000U/LH_153_hlist_0.20000.list,True,0,2820,2820,2820,2820,0.1522,True,True,0,0.000000,True,0,0.000000,True,0,0.000000
LH_153,153,0.25000,data/raw/CAMELS_SIMBA_1000U/LH_153_hlist_0.25000.list,True,0,4154,4154,4154,4154,0.1522,True,True,0,0.000000,True,0,0.000000,True,0,0.000000
LH_153,153,0.51209,data/raw/CAMELS_SIMBA_1000U/LH_153_hlist_0.51209.list,True,0,5364,5364,5364,5364,0.1522,True,True,0,0.000000,True,0,0.000000,True,0,0.000000
LH_153,153,0.75065,data/raw/CAMELS_SIMBA_1000U/LH_153_hlist_0.75065.list,True,0,5369,5369,5369,5369,0.1522,True,True,0,0.000000,True,0,0.000000,True,0,0.000000
LH_153,153,1.00000,data/raw/CAMELS_SIMBA_1000U/LH_153_hlist_1.00000.list,True,0,5816,5816,5816,5816,0.1522,True,True,0,0.000000,True,0,0.000000,True,0,0.000000
LH_154,154,0.20000,data/raw/CAMELS_SIMBA_1000U/LH_154_hlist_0.20000.list,True,0,5673,5673,5673,5673,0.4142,True,True,0,0.000000,True,0,0.000000,True,0,0.000000
LH_154,154,0.25000,data/raw/CAMELS_SIMBA_1000U/LH_154_hlist_0.25000.list,True,0,7091,7091,7091,7091,0.4142,True,True,0,0.000000,True,0,0.000000,True,0,0.000000
LH_154,154,0.51209,data/raw/CAMELS_SIMBA_1000U/LH_154_hlist_0.51209.list,True,0,8138,8138,8138,8138,0.4142,True,True,0,0.000000,True,0,0.000000,True,0,0.000000
LH_154,154,0.75065,data/raw/CAMELS_SIMBA_1000U/LH_154_hlist_0.75065.list,True,0,7309,7309,7309,7309,0.4142,True,True,0,0.000000,True,0,0.000000,True,0,0.000000
LH_154,154,1.00000,data/raw/CAMELS_SIMBA_1000U/LH_154_hlist_1.00000.list,True,0,6983,6983,6983,6983,0.4142,True,True,0,0.000000,True,0,0.000000,True,0,0.000000
LH_155,155,0.20000,data/raw/CAMELS_SIMBA_1000U/LH_155_hlist_0.20000.list,True,0,5649,5649,5649,5649,0.2866,True,True,0,0.000000,True,0,0.000000,True,0,0.000000
LH_155,155,0.25000,data/raw/CAMELS_SIMBA_1000U/LH_155_hlist_0.25000.list,True,0,6809,6809,6809,6809,0.2866,True,True,0,0.000000,True,0,0.000000,True,0,0.000000
LH_155,155,0.51209,data/raw/CAMELS_SIMBA_1000U/LH_155_hlist_0.51209.list,True,0,7113,7113,7113,7113,0.2866,True,True,0,0.000000,True,0,0.000000,True,0,0.000000
LH_155,155,0.75065,data/raw/CAMELS_SIMBA_1000U/LH_155_hlist_0.75065.list,True,0,6332,6332,6332,6332,0.2866,True,True,0,0.000000,True,0,0.000000,True,0,0.000000
LH_155,155,1.00000,data/raw/CAMELS_SIMBA_1000U/LH_155_hlist_1.00000.list,True,0,6326,6326,6326,6326,0.2866,True,True,0,0.000000,True,0,0.000000,True,0,0.000000
LH_156,156,0.20000,data/raw/CAMELS_SIMBA_1000U/LH_156_hlist_0.20000.list,True,0,1262,1262,1262,1262,0.167,True,True,0,0.000000,False,238,0.158667,False,738,0.369000
LH_156,156,0.25000,data/raw/CAMELS_SIMBA_1000U/LH_156_hlist_0.25000.list,True,0,2699,2699,2699,2699,0.167,True,True,0,0.000000,True,0,0.000000,True,0,0.000000
LH_156,156,0.51209,data/raw/CAMELS_SIMBA_1000U/LH_156_hlist_0.51209.list,True,0,5808,5808,5808,5808,0.167,True,True,0,0.000000,True,0,0.000000,True,0,0.000000
LH_156,156,0.75065,data/raw/CAMELS_SIMBA_1000U/LH_156_hlist_0.75065.list,True,0,6332,6332,6332,6332,0.167,True,True,0,0.000000,True,0,0.000000,True,0,0.000000
LH_156,156,1.00000,data/raw/CAMELS_SIMBA_1000U/LH_156_hlist_1.00000.list,True,0,6919,6919,6919,6919,0.167,True,True,0,0.000000,True,0,0.000000,True,0,0.000000
LH_157,157,0.20000,data/raw/CAMELS_SIMBA_1000U/LH_157_hlist_0.20000.list,True,0,5382,5382,5382,5382,0.2202,True,True,0,0.000000,True,0,0.000000,True,0,0.000000
LH_157,157,0.25000,data/raw/CAMELS_SIMBA_1000U/LH_157_hlist_0.25000.list,True,0,6379,6379,6379,6379,0.2202,True,True,0,0.000000,True,0,0.000000,True,0,0.000000
LH_157,157,0.51209,data/raw/CAMELS_SIMBA_1000U/LH_157_hlist_0.51209.list,True,0,6480,6480,6480,6480,0.2202,True,True,0,0.000000,True,0,0.000000,True,0,0.000000
LH_157,157,0.75065,data/raw/CAMELS_SIMBA_1000U/LH_157_hlist_0.75065.list,True,0,5916,5916,5916,5916,0.2202,True,True,0,0.000000,True,0,0.000000,True,0,0.000000
LH_157,157,1.00000,data/raw/CAMELS_SIMBA_1000U/LH_157_hlist_1.00000.list,True,0,6047,6047,6047,6047,0.2202,True,True,0,0.000000,True,0,0.000000,True,0,0.000000
LH_158,158,0.20000,data/raw/CAMELS_SIMBA_1000U/LH_158_hlist_0.20000.list,True,0,7198,7198,7198,7198,0.2942,True,True,0,0.000000,True,0,0.000000,True,0,0.000000
LH_158,158,0.25000,data/raw/CAMELS_SIMBA_1000U/LH_158_hlist_0.25000.list,True,0,7857,7857,7857,7857,0.2942,True,True,0,0.000000,True,0,0.000000,True,0,0.000000
LH_158,158,0.51209,data/raw/CAMELS_SIMBA_1000U/LH_158_hlist_0.51209.list,True,0,6338,6338,6338,6338,0.2942,True,True,0,0.000000,True,0,0.000000,True,0,0.000000
LH_158,158,0.75065,data/raw/CAMELS_SIMBA_1000U/LH_158_hlist_0.75065.list,True,0,5441,5441,5441,5441,0.2942,True,True,0,0.000000,True,0,0.000000,True,0,0.000000
LH_158,158,1.00000,data/raw/CAMELS_SIMBA_1000U/LH_158_hlist_1.00000.list,True,0,5396,5396,5396,5396,0.2942,True,True,0,0.000000,True,0,0.000000,True,0,0.000000
LH_159,159,0.20000,data/raw/CAMELS_SIMBA_1000U/LH_159_hlist_0.20000.list,True,0,6024,6024,6024,6024,0.2878,True,True,0,0.000000,True,0,0.000000,True,0,0.000000
LH_159,159,0.25000,data/raw/CAMELS_SIMBA_1000U/LH_159_hlist_0.25000.list,True,0,7072,7072,7072,7072,0.2878,True,True,0,0.000000,True,0,0.000000,True,0,0.000000
LH_159,159,0.51209,data/raw/CAMELS_SIMBA_1000U/LH_159_hlist_0.51209.list,True,0,7596,7596,7596,7596,0.2878,True,True,0,0.000000,True,0,0.000000,True,0,0.000000
LH_159,159,0.75065,data/raw/CAMELS_SIMBA_1000U/LH_159_hlist_0.75065.list,True,0,7056,7056,7056,7056,0.2878,True,True,0,0.000000,True,0,0.000000,True,0,0.000000
LH_159,159,1.00000,data/raw/CAMELS_SIMBA_1000U/LH_159_hlist_1.00000.list,True,0,6960,6960,6960,6960,0.2878,True,True,0,0.000000,True,0,0.000000,True,0,0.000000
LH_160,160,0.20000,data/raw/CAMELS_SIMBA_1000U/LH_160_hlist_0.20000.list,True,0,7079,7079,7079,7079,0.3126,True,True,0,0.000000,True,0,0.000000,True,0,0.000000
LH_160,160,0.25000,data/raw/CAMELS_SIMBA_1000U/LH_160_hlist_0.25000.list,True,0,7766,7766,7766,7766,0.3126,True,True,0,0.000000,True,0,0.000000,True,0,0.000000
LH_160,160,0.51209,data/raw/CAMELS_SIMBA_1000U/LH_160_hlist_0.51209.list,True,0,7276,7276,7276,7276,0.3126,True,True,0,0.000000,True,0,0.000000,True,0,0.000000
LH_160,160,0.75065,data/raw/CAMELS_SIMBA_1000U/LH_160_hlist_0.75065.list,True,0,6426,6426,6426,6426,0.3126,True,True,0,0.000000,True,0,0.000000,True,0,0.000000
LH_160,160,1.00000,data/raw/CAMELS_SIMBA_1000U/LH_160_hlist_1.00000.list,True,0,6478,6478,6478,6478,0.3126,True,True,0,0.000000,True,0,0.000000,True,0,0.000000
LH_161,161,0.20000,data/raw/CAMELS_SIMBA_1000U/LH_161_hlist_0.20000.list,True,0,350,350,350,350,0.1042,True,False,650,0.650000,False,1150,0.766667,False,1650,0.825000
LH_161,161,0.25000,data/raw/CAMELS_SIMBA_1000U/LH_161_hlist_0.25000.list,True,0,1062,1062,1062,1062,0.1042,True,True,0,0.000000,False,438,0.292000,False,938,0.469000
LH_161,161,0.51209,data/raw/CAMELS_SIMBA_1000U/LH_161_hlist_0.51209.list,True,0,3280,3280,3280,3280,0.1042,True,True,0,0.000000,True,0,0.000000,True,0,0.000000
LH_161,161,0.75065,data/raw/CAMELS_SIMBA_1000U/LH_161_hlist_0.75065.list,True,0,3941,3941,3941,3941,0.1042,True,True,0,0.000000,True,0,0.000000,True,0,0.000000
LH_161,161,1.00000,data/raw/CAMELS_SIMBA_1000U/LH_161_hlist_1.00000.list,True,0,4669,4669,4669,4669,0.1042,True,True,0,0.000000,True,0,0.000000,True,0,0.000000
LH_162,162,0.20000,data/raw/CAMELS_SIMBA_1000U/LH_162_hlist_0.20000.list,True,0,4234,4234,4234,4234,0.4738,True,True,0,0.000000,True,0,0.000000,True,0,0.000000
LH_162,162,0.25000,data/raw/CAMELS_SIMBA_1000U/LH_162_hlist_0.25000.list,True,0,6239,6239,6239,6239,0.4738,True,True,0,0.000000,True,0,0.000000,True,0,0.000000
LH_162,162,0.51209,data/raw/CAMELS_SIMBA_1000U/LH_162_hlist_0.51209.list,True,0,8770,8770,8770,8770,0.4738,True,True,0,0.000000,True,0,0.000000,True,0,0.000000
LH_162,162,0.75065,data/raw/CAMELS_SIMBA_1000U/LH_162_hlist_0.75065.list,True,0,8025,8025,8025,8025,0.4738,True,True,0,0.000000,True,0,0.000000,True,0,0.000000
LH_162,162,1.00000,data/raw/CAMELS_SIMBA_1000U/LH_162_hlist_1.00000.list,True,0,7526,7526,7526,7526,0.4738,True,True,0,0.000000,True,0,0.000000,True,0,0.000000
LH_163,163,0.20000,data/raw/CAMELS_SIMBA_1000U/LH_163_hlist_0.20000.list,True,0,3885,3885,3885,3885,0.2342,True,True,0,0.000000,True,0,0.000000,True,0,0.000000
LH_163,163,0.25000,data/raw/CAMELS_SIMBA_1000U/LH_163_hlist_0.25000.list,True,0,5407,5407,5407,5407,0.2342,True,True,0,0.000000,True,0,0.000000,True,0,0.000000
LH_163,163,0.51209,data/raw/CAMELS_SIMBA_1000U/LH_163_hlist_0.51209.list,True,0,6424,6424,6424,6424,0.2342,True,True,0,0.000000,True,0,0.000000,True,0,0.000000
LH_163,163,0.75065,data/raw/CAMELS_SIMBA_1000U/LH_163_hlist_0.75065.list,True,0,6064,6064,6064,6064,0.2342,True,True,0,0.000000,True,0,0.000000,True,0,0.000000
LH_163,163,1.00000,data/raw/CAMELS_SIMBA_1000U/LH_163_hlist_1.00000.list,True,0,6142,6142,6142,6142,0.2342,True,True,0,0.000000,True,0,0.000000,True,0,0.000000
LH_164,164,0.20000,data/raw/CAMELS_SIMBA_1000U/LH_164_hlist_0.20000.list,True,0,2825,2825,2825,2825,0.2094,True,True,0,0.000000,True,0,0.000000,True,0,0.000000
LH_164,164,0.25000,data/raw/CAMELS_SIMBA_1000U/LH_164_hlist_0.25000.list,True,0,4163,4163,4163,4163,0.2094,True,True,0,0.000000,True,0,0.000000,True,0,0.000000
LH_164,164,0.51209,data/raw/CAMELS_SIMBA_1000U/LH_164_hlist_0.51209.list,True,0,6433,6433,6433,6433,0.2094,True,True,0,0.000000,True,0,0.000000,True,0,0.000000
LH_164,164,0.75065,data/raw/CAMELS_SIMBA_1000U/LH_164_hlist_0.75065.list,True,0,6443,6443,6443,6443,0.2094,True,True,0,0.000000,True,0,0.000000,True,0,0.000000
LH_164,164,1.00000,data/raw/CAMELS_SIMBA_1000U/LH_164_hlist_1.00000.list,True,0,6697,6697,6697,6697,0.2094,True,True,0,0.000000,True,0,0.000000,True,0,0.000000
LH_165,165,0.20000,data/raw/CAMELS_SIMBA_1000U/LH_165_hlist_0.20000.list,True,0,5071,5071,5071,5071,0.4214,True,True,0,0.000000,True,0,0.000000,True,0,0.000000
LH_165,165,0.25000,data/raw/CAMELS_SIMBA_1000U/LH_165_hlist_0.25000.list,True,0,6636,6636,6636,6636,0.4214,True,True,0,0.000000,True,0,0.000000,True,0,0.000000
LH_165,165,0.51209,data/raw/CAMELS_SIMBA_1000U/LH_165_hlist_0.51209.list,True,0,8618,8618,8618,8618,0.4214,True,True,0,0.000000,True,0,0.000000,True,0,0.000000
LH_165,165,0.75065,data/raw/CAMELS_SIMBA_1000U/LH_165_hlist_0.75065.list,True,0,7538,7538,7538,7538,0.4214,True,True,0,0.000000,True,0,0.000000,True,0,0.000000
LH_165,165,1.00000,data/raw/CAMELS_SIMBA_1000U/LH_165_hlist_1.00000.list,True,0,7219,7219,7219,7219,0.4214,True,True,0,0.000000,True,0,0.000000,True,0,0.000000
LH_166,166,0.20000,data/raw/CAMELS_SIMBA_1000U/LH_166_hlist_0.20000.list,True,0,1936,1936,1936,1936,0.169,True,True,0,0.000000,True,0,0.000000,False,64,0.032000
LH_166,166,0.25000,data/raw/CAMELS_SIMBA_1000U/LH_166_hlist_0.25000.list,True,0,3410,3410,3410,3410,0.169,True,True,0,0.000000,True,0,0.000000,True,0,0.000000
LH_166,166,0.51209,data/raw/CAMELS_SIMBA_1000U/LH_166_hlist_0.51209.list,True,0,6187,6187,6187,6187,0.169,True,True,0,0.000000,True,0,0.000000,True,0,0.000000
LH_166,166,0.75065,data/raw/CAMELS_SIMBA_1000U/LH_166_hlist_0.75065.list,True,0,6216,6216,6216,6216,0.169,True,True,0,0.000000,True,0,0.000000,True,0,0.000000
LH_166,166,1.00000,data/raw/CAMELS_SIMBA_1000U/LH_166_hlist_1.00000.list,True,0,6674,6674,6674,6674,0.169,True,True,0,0.000000,True,0,0.000000,True,0,0.000000
LH_167,167,0.20000,data/raw/CAMELS_SIMBA_1000U/LH_167_hlist_0.20000.list,True,0,4412,4412,4412,4412,0.255,True,True,0,0.000000,True,0,0.000000,True,0,0.000000
LH_167,167,0.25000,data/raw/CAMELS_SIMBA_1000U/LH_167_hlist_0.25000.list,True,0,5694,5694,5694,5694,0.255,True,True,0,0.000000,True,0,0.000000,True,0,0.000000
LH_167,167,0.51209,data/raw/CAMELS_SIMBA_1000U/LH_167_hlist_0.51209.list,True,0,7254,7254,7254,7254,0.255,True,True,0,0.000000,True,0,0.000000,True,0,0.000000
LH_167,167,0.75065,data/raw/CAMELS_SIMBA_1000U/LH_167_hlist_0.75065.list,True,0,6899,6899,6899,6899,0.255,True,True,0,0.000000,True,0,0.000000,True,0,0.000000
LH_167,167,1.00000,data/raw/CAMELS_SIMBA_1000U/LH_167_hlist_1.00000.list,True,0,7062,7062,7062,7062,0.255,True,True,0,0.000000,True,0,0.000000,True,0,0.000000
LH_168,168,0.20000,data/raw/CAMELS_SIMBA_1000U/LH_168_hlist_0.20000.list,True,0,1806,1806,1806,1806,0.1126,True,True,0,0.000000,True,0,0.000000,False,194,0.097000
LH_168,168,0.25000,data/raw/CAMELS_SIMBA_1000U/LH_168_hlist_0.25000.list,True,0,2787,2787,2787,2787,0.1126,True,True,0,0.000000,True,0,0.000000,True,0,0.000000
LH_168,168,0.51209,data/raw/CAMELS_SIMBA_1000U/LH_168_hlist_0.51209.list,True,0,3958,3958,3958,3958,0.1126,True,True,0,0.000000,True,0,0.000000,True,0,0.000000
LH_168,168,0.75065,data/raw/CAMELS_SIMBA_1000U/LH_168_hlist_0.75065.list,True,0,4264,4264,4264,4264,0.1126,True,True,0,0.000000,True,0,0.000000,True,0,0.000000
LH_168,168,1.00000,data/raw/CAMELS_SIMBA_1000U/LH_168_hlist_1.00000.list,True,0,4813,4813,4813,4813,0.1126,True,True,0,0.000000,True,0,0.000000,True,0,0.000000
LH_169,169,0.20000,data/raw/CAMELS_SIMBA_1000U/LH_169_hlist_0.20000.list,True,0,8346,8346,8346,8346,0.4402,True,True,0,0.000000,True,0,0.000000,True,0,0.000000
LH_169,169,0.25000,data/raw/CAMELS_SIMBA_1000U/LH_169_hlist_0.25000.list,True,0,8914,8914,8914,8914,0.4402,True,True,0,0.000000,True,0,0.000000,True,0,0.000000
LH_169,169,0.51209,data/raw/CAMELS_SIMBA_1000U/LH_169_hlist_0.51209.list,True,0,7687,7687,7687,7687,0.4402,True,True,0,0.000000,True,0,0.000000,True,0,0.000000
LH_169,169,0.75065,data/raw/CAMELS_SIMBA_1000U/LH_169_hlist_0.75065.list,True,0,6258,6258,6258,6258,0.4402,True,True,0,0.000000,True,0,0.000000,True,0,0.000000
LH_169,169,1.00000,data/raw/CAMELS_SIMBA_1000U/LH_169_hlist_1.00000.list,True,0,5770,5770,5770,5770,0.4402,True,True,0,0.000000,True,0,0.000000,True,0,0.000000
LH_170,170,0.20000,data/raw/CAMELS_SIMBA_1000U/LH_170_hlist_0.20000.list,True,0,4483,4483,4483,4483,0.3558,True,True,0,0.000000,True,0,0.000000,True,0,0.000000
LH_170,170,0.25000,data/raw/CAMELS_SIMBA_1000U/LH_170_hlist_0.25000.list,True,0,6068,6068,6068,6068,0.3558,True,True,0,0.000000,True,0,0.000000,True,0,0.000000
LH_170,170,0.51209,data/raw/CAMELS_SIMBA_1000U/LH_170_hlist_0.51209.list,True,0,8050,8050,8050,8050,0.3558,True,True,0,0.000000,True,0,0.000000,True,0,0.000000
LH_170,170,0.75065,data/raw/CAMELS_SIMBA_1000U/LH_170_hlist_0.75065.list,True,0,7376,7376,7376,7376,0.3558,True,True,0,0.000000,True,0,0.000000,True,0,0.000000
LH_170,170,1.00000,data/raw/CAMELS_SIMBA_1000U/LH_170_hlist_1.00000.list,True,0,7271,7271,7271,7271,0.3558,True,True,0,0.000000,True,0,0.000000,True,0,0.000000
LH_171,171,0.20000,data/raw/CAMELS_SIMBA_1000U/LH_171_hlist_0.20000.list,True,0,5626,5626,5626,5626,0.233,True,True,0,0.000000,True,0,0.000000,True,0,0.000000
LH_171,171,0.25000,data/raw/CAMELS_SIMBA_1000U/LH_171_hlist_0.25000.list,True,0,6683,6683,6683,6683,0.233,True,True,0,0.000000,True,0,0.000000,True,0,0.000000
LH_171,171,0.51209,data/raw/CAMELS_SIMBA_1000U/LH_171_hlist_0.51209.list,True,0,6329,6329,6329,6329,0.233,True,True,0,0.000000,True,0,0.000000,True,0,0.000000
LH_171,171,0.75065,data/raw/CAMELS_SIMBA_1000U/LH_171_hlist_0.75065.list,True,0,5803,5803,5803,5803,0.233,True,True,0,0.000000,True,0,0.000000,True,0,0.000000
LH_171,171,1.00000,data/raw/CAMELS_SIMBA_1000U/LH_171_hlist_1.00000.list,True,0,5923,5923,5923,5923,0.233,True,True,0,0.000000,True,0,0.000000,True,0,0.000000
LH_172,172,0.20000,data/raw/CAMELS_SIMBA_1000U/LH_172_hlist_0.20000.list,True,0,6284,6284,6284,6284,0.3902,True,True,0,0.000000,True,0,0.000000,True,0,0.000000
LH_172,172,0.25000,data/raw/CAMELS_SIMBA_1000U/LH_172_hlist_0.25000.list,True,0,7547,7547,7547,7547,0.3902,True,True,0,0.000000,True,0,0.000000,True,0,0.000000
LH_172,172,0.51209,data/raw/CAMELS_SIMBA_1000U/LH_172_hlist_0.51209.list,True,0,7770,7770,7770,7770,0.3902,True,True,0,0.000000,True,0,0.000000,True,0,0.000000
LH_172,172,0.75065,data/raw/CAMELS_SIMBA_1000U/LH_172_hlist_0.75065.list,True,0,6647,6647,6647,6647,0.3902,True,True,0,0.000000,True,0,0.000000,True,0,0.000000
LH_172,172,1.00000,data/raw/CAMELS_SIMBA_1000U/LH_172_hlist_1.00000.list,True,0,6519,6519,6519,6519,0.3902,True,True,0,0.000000,True,0,0.000000,True,0,0.000000
LH_173,173,0.20000,data/raw/CAMELS_SIMBA_1000U/LH_173_hlist_0.20000.list,True,0,5011,5011,5011,5011,0.4378,True,True,0,0.000000,True,0,0.000000,True,0,0.000000
LH_173,173,0.25000,data/raw/CAMELS_SIMBA_1000U/LH_173_hlist_0.25000.list,True,0,6566,6566,6566,6566,0.4378,True,True,0,0.000000,True,0,0.000000,True,0,0.000000
LH_173,173,0.51209,data/raw/CAMELS_SIMBA_1000U/LH_173_hlist_0.51209.list,True,0,8453,8453,8453,8453,0.4378,True,True,0,0.000000,True,0,0.000000,True,0,0.000000
LH_173,173,0.75065,data/raw/CAMELS_SIMBA_1000U/LH_173_hlist_0.75065.list,True,0,7557,7557,7557,7557,0.4378,True,True,0,0.000000,True,0,0.000000,True,0,0.000000
LH_173,173,1.00000,data/raw/CAMELS_SIMBA_1000U/LH_173_hlist_1.00000.list,True,0,7346,7346,7346,7346,0.4378,True,True,0,0.000000,True,0,0.000000,True,0,0.000000
LH_174,174,0.20000,data/raw/CAMELS_SIMBA_1000U/LH_174_hlist_0.20000.list,True,0,4540,4540,4540,4540,0.4302,True,True,0,0.000000,True,0,0.000000,True,0,0.000000
LH_174,174,0.25000,data/raw/CAMELS_SIMBA_1000U/LH_174_hlist_0.25000.list,True,0,6205,6205,6205,6205,0.4302,True,True,0,0.000000,True,0,0.000000,True,0,0.000000
LH_174,174,0.51209,data/raw/CAMELS_SIMBA_1000U/LH_174_hlist_0.51209.list,True,0,8671,8671,8671,8671,0.4302,True,True,0,0.000000,True,0,0.000000,True,0,0.000000
LH_174,174,0.75065,data/raw/CAMELS_SIMBA_1000U/LH_174_hlist_0.75065.list,True,0,8102,8102,8102,8102,0.4302,True,True,0,0.000000,True,0,0.000000,True,0,0.000000
LH_174,174,1.00000,data/raw/CAMELS_SIMBA_1000U/LH_174_hlist_1.00000.list,True,0,7806,7806,7806,7806,0.4302,True,True,0,0.000000,True,0,0.000000,True,0,0.000000
LH_175,175,0.20000,data/raw/CAMELS_SIMBA_1000U/LH_175_hlist_0.20000.list,True,0,3449,3449,3449,3449,0.385,True,True,0,0.000000,True,0,0.000000,True,0,0.000000
LH_175,175,0.25000,data/raw/CAMELS_SIMBA_1000U/LH_175_hlist_0.25000.list,True,0,5292,5292,5292,5292,0.385,True,True,0,0.000000,True,0,0.000000,True,0,0.000000
LH_175,175,0.51209,data/raw/CAMELS_SIMBA_1000U/LH_175_hlist_0.51209.list,True,0,8272,8272,8272,8272,0.385,True,True,0,0.000000,True,0,0.000000,True,0,0.000000
LH_175,175,0.75065,data/raw/CAMELS_SIMBA_1000U/LH_175_hlist_0.75065.list,True,0,7835,7835,7835,7835,0.385,True,True,0,0.000000,True,0,0.000000,True,0,0.000000
LH_175,175,1.00000,data/raw/CAMELS_SIMBA_1000U/LH_175_hlist_1.00000.list,True,0,7929,7929,7929,7929,0.385,True,True,0,0.000000,True,0,0.000000,True,0,0.000000
LH_176,176,0.20000,data/raw/CAMELS_SIMBA_1000U/LH_176_hlist_0.20000.list,True,0,6282,6282,6282,6282,0.235,True,True,0,0.000000,True,0,0.000000,True,0,0.000000
LH_176,176,0.25000,data/raw/CAMELS_SIMBA_1000U/LH_176_hlist_0.25000.list,True,0,6913,6913,6913,6913,0.235,True,True,0,0.000000,True,0,0.000000,True,0,0.000000
LH_176,176,0.51209,data/raw/CAMELS_SIMBA_1000U/LH_176_hlist_0.51209.list,True,0,5841,5841,5841,5841,0.235,True,True,0,0.000000,True,0,0.000000,True,0,0.000000
LH_176,176,0.75065,data/raw/CAMELS_SIMBA_1000U/LH_176_hlist_0.75065.list,True,0,5108,5108,5108,5108,0.235,True,True,0,0.000000,True,0,0.000000,True,0,0.000000
LH_176,176,1.00000,data/raw/CAMELS_SIMBA_1000U/LH_176_hlist_1.00000.list,True,0,5270,5270,5270,5270,0.235,True,True,0,0.000000,True,0,0.000000,True,0,0.000000
LH_177,177,0.20000,data/raw/CAMELS_SIMBA_1000U/LH_177_hlist_0.20000.list,True,0,4446,4446,4446,4446,0.2714,True,True,0,0.000000,True,0,0.000000,True,0,0.000000
LH_177,177,0.25000,data/raw/CAMELS_SIMBA_1000U/LH_177_hlist_0.25000.list,True,0,5777,5777,5777,5777,0.2714,True,True,0,0.000000,True,0,0.000000,True,0,0.000000
LH_177,177,0.51209,data/raw/CAMELS_SIMBA_1000U/LH_177_hlist_0.51209.list,True,0,7069,7069,7069,7069,0.2714,True,True,0,0.000000,True,0,0.000000,True,0,0.000000
LH_177,177,0.75065,data/raw/CAMELS_SIMBA_1000U/LH_177_hlist_0.75065.list,True,0,6597,6597,6597,6597,0.2714,True,True,0,0.000000,True,0,0.000000,True,0,0.000000
LH_177,177,1.00000,data/raw/CAMELS_SIMBA_1000U/LH_177_hlist_1.00000.list,True,0,6604,6604,6604,6604,0.2714,True,True,0,0.000000,True,0,0.000000,True,0,0.000000
LH_178,178,0.20000,data/raw/CAMELS_SIMBA_1000U/LH_178_hlist_0.20000.list,True,0,4974,4974,4974,4974,0.2214,True,True,0,0.000000,True,0,0.000000,True,0,0.000000
LH_178,178,0.25000,data/raw/CAMELS_SIMBA_1000U/LH_178_hlist_0.25000.list,True,0,5897,5897,5897,5897,0.2214,True,True,0,0.000000,True,0,0.000000,True,0,0.000000
LH_178,178,0.51209,data/raw/CAMELS_SIMBA_1000U/LH_178_hlist_0.51209.list,True,0,6456,6456,6456,6456,0.2214,True,True,0,0.000000,True,0,0.000000,True,0,0.000000
LH_178,178,0.75065,data/raw/CAMELS_SIMBA_1000U/LH_178_hlist_0.75065.list,True,0,5925,5925,5925,5925,0.2214,True,True,0,0.000000,True,0,0.000000,True,0,0.000000
LH_178,178,1.00000,data/raw/CAMELS_SIMBA_1000U/LH_178_hlist_1.00000.list,True,0,6017,6017,6017,6017,0.2214,True,True,0,0.000000,True,0,0.000000,True,0,0.000000
LH_179,179,0.20000,data/raw/CAMELS_SIMBA_1000U/LH_179_hlist_0.20000.list,True,0,989,989,989,989,0.127,True,False,11,0.011000,False,511,0.340667,False,1011,0.505500
LH_179,179,0.25000,data/raw/CAMELS_SIMBA_1000U/LH_179_hlist_0.25000.list,True,0,2408,2408,2408,2408,0.127,True,True,0,0.000000,True,0,0.000000,True,0,0.000000
LH_179,179,0.51209,data/raw/CAMELS_SIMBA_1000U/LH_179_hlist_0.51209.list,True,0,4900,4900,4900,4900,0.127,True,True,0,0.000000,True,0,0.000000,True,0,0.000000
LH_179,179,0.75065,data/raw/CAMELS_SIMBA_1000U/LH_179_hlist_0.75065.list,True,0,5312,5312,5312,5312,0.127,True,True,0,0.000000,True,0,0.000000,True,0,0.000000
LH_179,179,1.00000,data/raw/CAMELS_SIMBA_1000U/LH_179_hlist_1.00000.list,True,0,5832,5832,5832,5832,0.127,True,True,0,0.000000,True,0,0.000000,True,0,0.000000
LH_180,180,0.20000,data/raw/CAMELS_SIMBA_1000U/LH_180_hlist_0.20000.list,True,0,8616,8616,8616,8616,0.4638,True,True,0,0.000000,True,0,0.000000,True,0,0.000000
LH_180,180,0.25000,data/raw/CAMELS_SIMBA_1000U/LH_180_hlist_0.25000.list,True,0,9152,9152,9152,9152,0.4638,True,True,0,0.000000,True,0,0.000000,True,0,0.000000
LH_180,180,0.51209,data/raw/CAMELS_SIMBA_1000U/LH_180_hlist_0.51209.list,True,0,7246,7246,7246,7246,0.4638,True,True,0,0.000000,True,0,0.000000,True,0,0.000000
LH_180,180,0.75065,data/raw/CAMELS_SIMBA_1000U/LH_180_hlist_0.75065.list,True,0,5876,5876,5876,5876,0.4638,True,True,0,0.000000,True,0,0.000000,True,0,0.000000
LH_180,180,1.00000,data/raw/CAMELS_SIMBA_1000U/LH_180_hlist_1.00000.list,True,0,5447,5447,5447,5447,0.4638,True,True,0,0.000000,True,0,0.000000,True,0,0.000000
LH_181,181,0.20000,data/raw/CAMELS_SIMBA_1000U/LH_181_hlist_0.20000.list,True,0,7016,7016,7016,7016,0.3878,True,True,0,0.000000,True,0,0.000000,True,0,0.000000
LH_181,181,0.25000,data/raw/CAMELS_SIMBA_1000U/LH_181_hlist_0.25000.list,True,0,8074,8074,8074,8074,0.3878,True,True,0,0.000000,True,0,0.000000,True,0,0.000000
LH_181,181,0.51209,data/raw/CAMELS_SIMBA_1000U/LH_181_hlist_0.51209.list,True,0,7875,7875,7875,7875,0.3878,True,True,0,0.000000,True,0,0.000000,True,0,0.000000
LH_181,181,0.75065,data/raw/CAMELS_SIMBA_1000U/LH_181_hlist_0.75065.list,True,0,6855,6855,6855,6855,0.3878,True,True,0,0.000000,True,0,0.000000,True,0,0.000000
LH_181,181,1.00000,data/raw/CAMELS_SIMBA_1000U/LH_181_hlist_1.00000.list,True,0,6684,6684,6684,6684,0.3878,True,True,0,0.000000,True,0,0.000000,True,0,0.000000
LH_182,182,0.20000,data/raw/CAMELS_SIMBA_1000U/LH_182_hlist_0.20000.list,True,0,4171,4171,4171,4171,0.3938,True,True,0,0.000000,True,0,0.000000,True,0,0.000000
LH_182,182,0.25000,data/raw/CAMELS_SIMBA_1000U/LH_182_hlist_0.25000.list,True,0,5822,5822,5822,5822,0.3938,True,True,0,0.000000,True,0,0.000000,True,0,0.000000
LH_182,182,0.51209,data/raw/CAMELS_SIMBA_1000U/LH_182_hlist_0.51209.list,True,0,8592,8592,8592,8592,0.3938,True,True,0,0.000000,True,0,0.000000,True,0,0.000000
LH_182,182,0.75065,data/raw/CAMELS_SIMBA_1000U/LH_182_hlist_0.75065.list,True,0,8065,8065,8065,8065,0.3938,True,True,0,0.000000,True,0,0.000000,True,0,0.000000
LH_182,182,1.00000,data/raw/CAMELS_SIMBA_1000U/LH_182_hlist_1.00000.list,True,0,8010,8010,8010,8010,0.3938,True,True,0,0.000000,True,0,0.000000,True,0,0.000000
LH_183,183,0.20000,data/raw/CAMELS_SIMBA_1000U/LH_183_hlist_0.20000.list,True,0,8876,8876,8876,8876,0.4814,True,True,0,0.000000,True,0,0.000000,True,0,0.000000
LH_183,183,0.25000,data/raw/CAMELS_SIMBA_1000U/LH_183_hlist_0.25000.list,True,0,9186,9186,9186,9186,0.4814,True,True,0,0.000000,True,0,0.000000,True,0,0.000000
LH_183,183,0.51209,data/raw/CAMELS_SIMBA_1000U/LH_183_hlist_0.51209.list,True,0,7016,7016,7016,7016,0.4814,True,True,0,0.000000,True,0,0.000000,True,0,0.000000
LH_183,183,0.75065,data/raw/CAMELS_SIMBA_1000U/LH_183_hlist_0.75065.list,True,0,5648,5648,5648,5648,0.4814,True,True,0,0.000000,True,0,0.000000,True,0,0.000000
LH_183,183,1.00000,data/raw/CAMELS_SIMBA_1000U/LH_183_hlist_1.00000.list,True,0,5361,5361,5361,5361,0.4814,True,True,0,0.000000,True,0,0.000000,True,0,0.000000
LH_184,184,0.20000,data/raw/CAMELS_SIMBA_1000U/LH_184_hlist_0.20000.list,True,0,417,417,417,417,0.1078,True,False,583,0.583000,False,1083,0.722000,False,1583,0.791500
LH_184,184,0.25000,data/raw/CAMELS_SIMBA_1000U/LH_184_hlist_0.25000.list,True,0,1110,1110,1110,1110,0.1078,True,True,0,0.000000,False,390,0.260000,False,890,0.445000
LH_184,184,0.51209,data/raw/CAMELS_SIMBA_1000U/LH_184_hlist_0.51209.list,True,0,3469,3469,3469,3469,0.1078,True,True,0,0.000000,True,0,0.000000,True,0,0.000000
LH_184,184,0.75065,data/raw/CAMELS_SIMBA_1000U/LH_184_hlist_0.75065.list,True,0,3975,3975,3975,3975,0.1078,True,True,0,0.000000,True,0,0.000000,True,0,0.000000
LH_184,184,1.00000,data/raw/CAMELS_SIMBA_1000U/LH_184_hlist_1.00000.list,True,0,4650,4650,4650,4650,0.1078,True,True,0,0.000000,True,0,0.000000,True,0,0.000000
LH_185,185,0.20000,data/raw/CAMELS_SIMBA_1000U/LH_185_hlist_0.20000.list,True,0,6383,6383,6383,6383,0.4418,True,True,0,0.000000,True,0,0.000000,True,0,0.000000
LH_185,185,0.25000,data/raw/CAMELS_SIMBA_1000U/LH_185_hlist_0.25000.list,True,0,7675,7675,7675,7675,0.4418,True,True,0,0.000000,True,0,0.000000,True,0,0.000000
LH_185,185,0.51209,data/raw/CAMELS_SIMBA_1000U/LH_185_hlist_0.51209.list,True,0,8270,8270,8270,8270,0.4418,True,True,0,0.000000,True,0,0.000000,True,0,0.000000
LH_185,185,0.75065,data/raw/CAMELS_SIMBA_1000U/LH_185_hlist_0.75065.list,True,0,7059,7059,7059,7059,0.4418,True,True,0,0.000000,True,0,0.000000,True,0,0.000000
LH_185,185,1.00000,data/raw/CAMELS_SIMBA_1000U/LH_185_hlist_1.00000.list,True,0,6721,6721,6721,6721,0.4418,True,True,0,0.000000,True,0,0.000000,True,0,0.000000
LH_186,186,0.20000,data/raw/CAMELS_SIMBA_1000U/LH_186_hlist_0.20000.list,True,0,1785,1785,1785,1785,0.2414,True,True,0,0.000000,True,0,0.000000,False,215,0.107500
LH_186,186,0.25000,data/raw/CAMELS_SIMBA_1000U/LH_186_hlist_0.25000.list,True,0,3192,3192,3192,3192,0.2414,True,True,0,0.000000,True,0,0.000000,True,0,0.000000
LH_186,186,0.51209,data/raw/CAMELS_SIMBA_1000U/LH_186_hlist_0.51209.list,True,0,7015,7015,7015,7015,0.2414,True,True,0,0.000000,True,0,0.000000,True,0,0.000000
LH_186,186,0.75065,data/raw/CAMELS_SIMBA_1000U/LH_186_hlist_0.75065.list,True,0,7152,7152,7152,7152,0.2414,True,True,0,0.000000,True,0,0.000000,True,0,0.000000
LH_186,186,1.00000,data/raw/CAMELS_SIMBA_1000U/LH_186_hlist_1.00000.list,True,0,7623,7623,7623,7623,0.2414,True,True,0,0.000000,True,0,0.000000,True,0,0.000000
LH_187,187,0.20000,data/raw/CAMELS_SIMBA_1000U/LH_187_hlist_0.20000.list,True,0,7498,7498,7498,7498,0.3162,True,True,0,0.000000,True,0,0.000000,True,0,0.000000
LH_187,187,0.25000,data/raw/CAMELS_SIMBA_1000U/LH_187_hlist_0.25000.list,True,0,8126,8126,8126,8126,0.3162,True,True,0,0.000000,True,0,0.000000,True,0,0.000000
LH_187,187,0.51209,data/raw/CAMELS_SIMBA_1000U/LH_187_hlist_0.51209.list,True,0,6999,6999,6999,6999,0.3162,True,True,0,0.000000,True,0,0.000000,True,0,0.000000
LH_187,187,0.75065,data/raw/CAMELS_SIMBA_1000U/LH_187_hlist_0.75065.list,True,0,5866,5866,5866,5866,0.3162,True,True,0,0.000000,True,0,0.000000,True,0,0.000000
LH_187,187,1.00000,data/raw/CAMELS_SIMBA_1000U/LH_187_hlist_1.00000.list,True,0,5686,5686,5686,5686,0.3162,True,True,0,0.000000,True,0,0.000000,True,0,0.000000
LH_188,188,0.20000,data/raw/CAMELS_SIMBA_1000U/LH_188_hlist_0.20000.list,True,0,2494,2494,2494,2494,0.2862,True,True,0,0.000000,True,0,0.000000,True,0,0.000000
LH_188,188,0.25000,data/raw/CAMELS_SIMBA_1000U/LH_188_hlist_0.25000.list,True,0,4303,4303,4303,4303,0.2862,True,True,0,0.000000,True,0,0.000000,True,0,0.000000
LH_188,188,0.51209,data/raw/CAMELS_SIMBA_1000U/LH_188_hlist_0.51209.list,True,0,7687,7687,7687,7687,0.2862,True,True,0,0.000000,True,0,0.000000,True,0,0.000000
LH_188,188,0.75065,data/raw/CAMELS_SIMBA_1000U/LH_188_hlist_0.75065.list,True,0,7450,7450,7450,7450,0.2862,True,True,0,0.000000,True,0,0.000000,True,0,0.000000
LH_188,188,1.00000,data/raw/CAMELS_SIMBA_1000U/LH_188_hlist_1.00000.list,True,0,7733,7733,7733,7733,0.2862,True,True,0,0.000000,True,0,0.000000,True,0,0.000000
LH_189,189,0.20000,data/raw/CAMELS_SIMBA_1000U/LH_189_hlist_0.20000.list,True,0,3698,3698,3698,3698,0.3074,True,True,0,0.000000,True,0,0.000000,True,0,0.000000
LH_189,189,0.25000,data/raw/CAMELS_SIMBA_1000U/LH_189_hlist_0.25000.list,True,0,5437,5437,5437,5437,0.3074,True,True,0,0.000000,True,0,0.000000,True,0,0.000000
LH_189,189,0.51209,data/raw/CAMELS_SIMBA_1000U/LH_189_hlist_0.51209.list,True,0,7610,7610,7610,7610,0.3074,True,True,0,0.000000,True,0,0.000000,True,0,0.000000
LH_189,189,0.75065,data/raw/CAMELS_SIMBA_1000U/LH_189_hlist_0.75065.list,True,0,7029,7029,7029,7029,0.3074,True,True,0,0.000000,True,0,0.000000,True,0,0.000000
LH_189,189,1.00000,data/raw/CAMELS_SIMBA_1000U/LH_189_hlist_1.00000.list,True,0,7189,7189,7189,7189,0.3074,True,True,0,0.000000,True,0,0.000000,True,0,0.000000
LH_190,190,0.20000,data/raw/CAMELS_SIMBA_1000U/LH_190_hlist_0.20000.list,True,0,6472,6472,6472,6472,0.3106,True,True,0,0.000000,True,0,0.000000,True,0,0.000000
LH_190,190,0.25000,data/raw/CAMELS_SIMBA_1000U/LH_190_hlist_0.25000.list,True,0,7129,7129,7129,7129,0.3106,True,True,0,0.000000,True,0,0.000000,True,0,0.000000
LH_190,190,0.51209,data/raw/CAMELS_SIMBA_1000U/LH_190_hlist_0.51209.list,True,0,6802,6802,6802,6802,0.3106,True,True,0,0.000000,True,0,0.000000,True,0,0.000000
LH_190,190,0.75065,data/raw/CAMELS_SIMBA_1000U/LH_190_hlist_0.75065.list,True,0,5961,5961,5961,5961,0.3106,True,True,0,0.000000,True,0,0.000000,True,0,0.000000
LH_190,190,1.00000,data/raw/CAMELS_SIMBA_1000U/LH_190_hlist_1.00000.list,True,0,5946,5946,5946,5946,0.3106,True,True,0,0.000000,True,0,0.000000,True,0,0.000000
LH_191,191,0.20000,data/raw/CAMELS_SIMBA_1000U/LH_191_hlist_0.20000.list,True,0,1512,1512,1512,1512,0.1386,True,True,0,0.000000,True,0,0.000000,False,488,0.244000
LH_191,191,0.25000,data/raw/CAMELS_SIMBA_1000U/LH_191_hlist_0.25000.list,True,0,2898,2898,2898,2898,0.1386,True,True,0,0.000000,True,0,0.000000,True,0,0.000000
LH_191,191,0.51209,data/raw/CAMELS_SIMBA_1000U/LH_191_hlist_0.51209.list,True,0,5112,5112,5112,5112,0.1386,True,True,0,0.000000,True,0,0.000000,True,0,0.000000
LH_191,191,0.75065,data/raw/CAMELS_SIMBA_1000U/LH_191_hlist_0.75065.list,True,0,5329,5329,5329,5329,0.1386,True,True,0,0.000000,True,0,0.000000,True,0,0.000000
LH_191,191,1.00000,data/raw/CAMELS_SIMBA_1000U/LH_191_hlist_1.00000.list,True,0,5743,5743,5743,5743,0.1386,True,True,0,0.000000,True,0,0.000000,True,0,0.000000
LH_192,192,0.20000,data/raw/CAMELS_SIMBA_1000U/LH_192_hlist_0.20000.list,True,0,5790,5790,5790,5790,0.2474,True,True,0,0.000000,True,0,0.000000,True,0,0.000000
LH_192,192,0.25000,data/raw/CAMELS_SIMBA_1000U/LH_192_hlist_0.25000.list,True,0,6936,6936,6936,6936,0.2474,True,True,0,0.000000,True,0,0.000000,True,0,0.000000
LH_192,192,0.51209,data/raw/CAMELS_SIMBA_1000U/LH_192_hlist_0.51209.list,True,0,6881,6881,6881,6881,0.2474,True,True,0,0.000000,True,0,0.000000,True,0,0.000000
LH_192,192,0.75065,data/raw/CAMELS_SIMBA_1000U/LH_192_hlist_0.75065.list,True,0,6163,6163,6163,6163,0.2474,True,True,0,0.000000,True,0,0.000000,True,0,0.000000
LH_192,192,1.00000,data/raw/CAMELS_SIMBA_1000U/LH_192_hlist_1.00000.list,True,0,6235,6235,6235,6235,0.2474,True,True,0,0.000000,True,0,0.000000,True,0,0.000000
LH_193,193,0.20000,data/raw/CAMELS_SIMBA_1000U/LH_193_hlist_0.20000.list,True,0,6800,6800,6800,6800,0.3842,True,True,0,0.000000,True,0,0.000000,True,0,0.000000
LH_193,193,0.25000,data/raw/CAMELS_SIMBA_1000U/LH_193_hlist_0.25000.list,True,0,7793,7793,7793,7793,0.3842,True,True,0,0.000000,True,0,0.000000,True,0,0.000000
LH_193,193,0.51209,data/raw/CAMELS_SIMBA_1000U/LH_193_hlist_0.51209.list,True,0,8086,8086,8086,8086,0.3842,True,True,0,0.000000,True,0,0.000000,True,0,0.000000
LH_193,193,0.75065,data/raw/CAMELS_SIMBA_1000U/LH_193_hlist_0.75065.list,True,0,7237,7237,7237,7237,0.3842,True,True,0,0.000000,True,0,0.000000,True,0,0.000000
LH_193,193,1.00000,data/raw/CAMELS_SIMBA_1000U/LH_193_hlist_1.00000.list,True,0,7201,7201,7201,7201,0.3842,True,True,0,0.000000,True,0,0.000000,True,0,0.000000
LH_194,194,0.20000,data/raw/CAMELS_SIMBA_1000U/LH_194_hlist_0.20000.list,True,0,7342,7342,7342,7342,0.415,True,True,0,0.000000,True,0,0.000000,True,0,0.000000
LH_194,194,0.25000,data/raw/CAMELS_SIMBA_1000U/LH_194_hlist_0.25000.list,True,0,8108,8108,8108,8108,0.415,True,True,0,0.000000,True,0,0.000000,True,0,0.000000
LH_194,194,0.51209,data/raw/CAMELS_SIMBA_1000U/LH_194_hlist_0.51209.list,True,0,7520,7520,7520,7520,0.415,True,True,0,0.000000,True,0,0.000000,True,0,0.000000
LH_194,194,0.75065,data/raw/CAMELS_SIMBA_1000U/LH_194_hlist_0.75065.list,True,0,6394,6394,6394,6394,0.415,True,True,0,0.000000,True,0,0.000000,True,0,0.000000
LH_194,194,1.00000,data/raw/CAMELS_SIMBA_1000U/LH_194_hlist_1.00000.list,True,0,6031,6031,6031,6031,0.415,True,True,0,0.000000,True,0,0.000000,True,0,0.000000
LH_195,195,0.20000,data/raw/CAMELS_SIMBA_1000U/LH_195_hlist_0.20000.list,True,0,5085,5085,5085,5085,0.4698,True,True,0,0.000000,True,0,0.000000,True,0,0.000000
LH_195,195,0.25000,data/raw/CAMELS_SIMBA_1000U/LH_195_hlist_0.25000.list,True,0,6705,6705,6705,6705,0.4698,True,True,0,0.000000,True,0,0.000000,True,0,0.000000
LH_195,195,0.51209,data/raw/CAMELS_SIMBA_1000U/LH_195_hlist_0.51209.list,True,0,8977,8977,8977,8977,0.4698,True,True,0,0.000000,True,0,0.000000,True,0,0.000000
LH_195,195,0.75065,data/raw/CAMELS_SIMBA_1000U/LH_195_hlist_0.75065.list,True,0,8134,8134,8134,8134,0.4698,True,True,0,0.000000,True,0,0.000000,True,0,0.000000
LH_195,195,1.00000,data/raw/CAMELS_SIMBA_1000U/LH_195_hlist_1.00000.list,True,0,7794,7794,7794,7794,0.4698,True,True,0,0.000000,True,0,0.000000,True,0,0.000000
LH_196,196,0.20000,data/raw/CAMELS_SIMBA_1000U/LH_196_hlist_0.20000.list,True,0,6846,6846,6846,6846,0.4878,True,True,0,0.000000,True,0,0.000000,True,0,0.000000
LH_196,196,0.25000,data/raw/CAMELS_SIMBA_1000U/LH_196_hlist_0.25000.list,True,0,8142,8142,8142,8142,0.4878,True,True,0,0.000000,True,0,0.000000,True,0,0.000000
LH_196,196,0.51209,data/raw/CAMELS_SIMBA_1000U/LH_196_hlist_0.51209.list,True,0,8336,8336,8336,8336,0.4878,True,True,0,0.000000,True,0,0.000000,True,0,0.000000
LH_196,196,0.75065,data/raw/CAMELS_SIMBA_1000U/LH_196_hlist_0.75065.list,True,0,7042,7042,7042,7042,0.4878,True,True,0,0.000000,True,0,0.000000,True,0,0.000000
LH_196,196,1.00000,data/raw/CAMELS_SIMBA_1000U/LH_196_hlist_1.00000.list,True,0,6602,6602,6602,6602,0.4878,True,True,0,0.000000,True,0,0.000000,True,0,0.000000
LH_197,197,0.20000,data/raw/CAMELS_SIMBA_1000U/LH_197_hlist_0.20000.list,True,0,5371,5371,5371,5371,0.2358,True,True,0,0.000000,True,0,0.000000,True,0,0.000000
LH_197,197,0.25000,data/raw/CAMELS_SIMBA_1000U/LH_197_hlist_0.25000.list,True,0,6387,6387,6387,6387,0.2358,True,True,0,0.000000,True,0,0.000000,True,0,0.000000
LH_197,197,0.51209,data/raw/CAMELS_SIMBA_1000U/LH_197_hlist_0.51209.list,True,0,6510,6510,6510,6510,0.2358,True,True,0,0.000000,True,0,0.000000,True,0,0.000000
LH_197,197,0.75065,data/raw/CAMELS_SIMBA_1000U/LH_197_hlist_0.75065.list,True,0,6177,6177,6177,6177,0.2358,True,True,0,0.000000,True,0,0.000000,True,0,0.000000
LH_197,197,1.00000,data/raw/CAMELS_SIMBA_1000U/LH_197_hlist_1.00000.list,True,0,6310,6310,6310,6310,0.2358,True,True,0,0.000000,True,0,0.000000,True,0,0.000000
LH_198,198,0.20000,data/raw/CAMELS_SIMBA_1000U/LH_198_hlist_0.20000.list,True,0,3477,3477,3477,3477,0.219,True,True,0,0.000000,True,0,0.000000,True,0,0.000000
LH_198,198,0.25000,data/raw/CAMELS_SIMBA_1000U/LH_198_hlist_0.25000.list,True,0,4978,4978,4978,4978,0.219,True,True,0,0.000000,True,0,0.000000,True,0,0.000000
LH_198,198,0.51209,data/raw/CAMELS_SIMBA_1000U/LH_198_hlist_0.51209.list,True,0,6731,6731,6731,6731,0.219,True,True,0,0.000000,True,0,0.000000,True,0,0.000000
LH_198,198,0.75065,data/raw/CAMELS_SIMBA_1000U/LH_198_hlist_0.75065.list,True,0,6495,6495,6495,6495,0.219,True,True,0,0.000000,True,0,0.000000,True,0,0.000000
LH_198,198,1.00000,data/raw/CAMELS_SIMBA_1000U/LH_198_hlist_1.00000.list,True,0,6710,6710,6710,6710,0.219,True,True,0,0.000000,True,0,0.000000,True,0,0.000000
LH_199,199,0.20000,data/raw/CAMELS_SIMBA_1000U/LH_199_hlist_0.20000.list,True,0,7960,7960,7960,7960,0.4334,True,True,0,0.000000,True,0,0.000000,True,0,0.000000
LH_199,199,0.25000,data/raw/CAMELS_SIMBA_1000U/LH_199_hlist_0.25000.list,True,0,8733,8733,8733,8733,0.4334,True,True,0,0.000000,True,0,0.000000,True,0,0.000000
LH_199,199,0.51209,data/raw/CAMELS_SIMBA_1000U/LH_199_hlist_0.51209.list,True,0,7765,7765,7765,7765,0.4334,True,True,0,0.000000,True,0,0.000000,True,0,0.000000
LH_199,199,0.75065,data/raw/CAMELS_SIMBA_1000U/LH_199_hlist_0.75065.list,True,0,6696,6696,6696,6696,0.4334,True,True,0,0.000000,True,0,0.000000,True,0,0.000000
LH_199,199,1.00000,data/raw/CAMELS_SIMBA_1000U/LH_199_hlist_1.00000.list,True,0,6395,6395,6395,6395,0.4334,True,True,0,0.000000,True,0,0.000000,True,0,0.000000
LH_200,200,0.20000,data/raw/CAMELS_SIMBA_1000U/LH_200_hlist_0.20000.list,True,0,2899,2899,2899,2899,0.145,True,True,0,0.000000,True,0,0.000000,True,0,0.000000
LH_200,200,0.25000,data/raw/CAMELS_SIMBA_1000U/LH_200_hlist_0.25000.list,True,0,4156,4156,4156,4156,0.145,True,True,0,0.000000,True,0,0.000000,True,0,0.000000
LH_200,200,0.51209,data/raw/CAMELS_SIMBA_1000U/LH_200_hlist_0.51209.list,True,0,5106,5106,5106,5106,0.145,True,True,0,0.000000,True,0,0.000000,True,0,0.000000
LH_200,200,0.75065,data/raw/CAMELS_SIMBA_1000U/LH_200_hlist_0.75065.list,True,0,5153,5153,5153,5153,0.145,True,True,0,0.000000,True,0,0.000000,True,0,0.000000
LH_200,200,1.00000,data/raw/CAMELS_SIMBA_1000U/LH_200_hlist_1.00000.list,True,0,5607,5607,5607,5607,0.145,True,True,0,0.000000,True,0,0.000000,True,0,0.000000
LH_201,201,0.20000,data/raw/CAMELS_SIMBA_1000U/LH_201_hlist_0.20000.list,True,0,7244,7244,7244,7244,0.4966,True,True,0,0.000000,True,0,0.000000,True,0,0.000000
LH_201,201,0.25000,data/raw/CAMELS_SIMBA_1000U/LH_201_hlist_0.25000.list,True,0,8367,8367,8367,8367,0.4966,True,True,0,0.000000,True,0,0.000000,True,0,0.000000
LH_201,201,0.51209,data/raw/CAMELS_SIMBA_1000U/LH_201_hlist_0.51209.list,True,0,8461,8461,8461,8461,0.4966,True,True,0,0.000000,True,0,0.000000,True,0,0.000000
LH_201,201,0.75065,data/raw/CAMELS_SIMBA_1000U/LH_201_hlist_0.75065.list,True,0,7282,7282,7282,7282,0.4966,True,True,0,0.000000,True,0,0.000000,True,0,0.000000
LH_201,201,1.00000,data/raw/CAMELS_SIMBA_1000U/LH_201_hlist_1.00000.list,True,0,6859,6859,6859,6859,0.4966,True,True,0,0.000000,True,0,0.000000,True,0,0.000000
LH_202,202,0.20000,data/raw/CAMELS_SIMBA_1000U/LH_202_hlist_0.20000.list,True,0,8835,8835,8835,8835,0.4726,True,True,0,0.000000,True,0,0.000000,True,0,0.000000
LH_202,202,0.25000,data/raw/CAMELS_SIMBA_1000U/LH_202_hlist_0.25000.list,True,0,9223,9223,9223,9223,0.4726,True,True,0,0.000000,True,0,0.000000,True,0,0.000000
LH_202,202,0.51209,data/raw/CAMELS_SIMBA_1000U/LH_202_hlist_0.51209.list,True,0,7510,7510,7510,7510,0.4726,True,True,0,0.000000,True,0,0.000000,True,0,0.000000
LH_202,202,0.75065,data/raw/CAMELS_SIMBA_1000U/LH_202_hlist_0.75065.list,True,0,6406,6406,6406,6406,0.4726,True,True,0,0.000000,True,0,0.000000,True,0,0.000000
LH_202,202,1.00000,data/raw/CAMELS_SIMBA_1000U/LH_202_hlist_1.00000.list,True,0,5976,5976,5976,5976,0.4726,True,True,0,0.000000,True,0,0.000000,True,0,0.000000
LH_203,203,0.20000,data/raw/CAMELS_SIMBA_1000U/LH_203_hlist_0.20000.list,True,0,7206,7206,7206,7206,0.4918,True,True,0,0.000000,True,0,0.000000,True,0,0.000000
LH_203,203,0.25000,data/raw/CAMELS_SIMBA_1000U/LH_203_hlist_0.25000.list,True,0,8333,8333,8333,8333,0.4918,True,True,0,0.000000,True,0,0.000000,True,0,0.000000
LH_203,203,0.51209,data/raw/CAMELS_SIMBA_1000U/LH_203_hlist_0.51209.list,True,0,8040,8040,8040,8040,0.4918,True,True,0,0.000000,True,0,0.000000,True,0,0.000000
LH_203,203,0.75065,data/raw/CAMELS_SIMBA_1000U/LH_203_hlist_0.75065.list,True,0,6665,6665,6665,6665,0.4918,True,True,0,0.000000,True,0,0.000000,True,0,0.000000
LH_203,203,1.00000,data/raw/CAMELS_SIMBA_1000U/LH_203_hlist_1.00000.list,True,0,6226,6226,6226,6226,0.4918,True,True,0,0.000000,True,0,0.000000,True,0,0.000000
LH_204,204,0.20000,data/raw/CAMELS_SIMBA_1000U/LH_204_hlist_0.20000.list,True,0,4084,4084,4084,4084,0.185,True,True,0,0.000000,True,0,0.000000,True,0,0.000000
LH_204,204,0.25000,data/raw/CAMELS_SIMBA_1000U/LH_204_hlist_0.25000.list,True,0,5360,5360,5360,5360,0.185,True,True,0,0.000000,True,0,0.000000,True,0,0.000000
LH_204,204,0.51209,data/raw/CAMELS_SIMBA_1000U/LH_204_hlist_0.51209.list,True,0,6365,6365,6365,6365,0.185,True,True,0,0.000000,True,0,0.000000,True,0,0.000000
LH_204,204,0.75065,data/raw/CAMELS_SIMBA_1000U/LH_204_hlist_0.75065.list,True,0,6002,6002,6002,6002,0.185,True,True,0,0.000000,True,0,0.000000,True,0,0.000000
LH_204,204,1.00000,data/raw/CAMELS_SIMBA_1000U/LH_204_hlist_1.00000.list,True,0,6154,6154,6154,6154,0.185,True,True,0,0.000000,True,0,0.000000,True,0,0.000000
LH_205,205,0.20000,data/raw/CAMELS_SIMBA_1000U/LH_205_hlist_0.20000.list,True,0,6537,6537,6537,6537,0.3054,True,True,0,0.000000,True,0,0.000000,True,0,0.000000
LH_205,205,0.25000,data/raw/CAMELS_SIMBA_1000U/LH_205_hlist_0.25000.list,True,0,7312,7312,7312,7312,0.3054,True,True,0,0.000000,True,0,0.000000,True,0,0.000000
LH_205,205,0.51209,data/raw/CAMELS_SIMBA_1000U/LH_205_hlist_0.51209.list,True,0,6909,6909,6909,6909,0.3054,True,True,0,0.000000,True,0,0.000000,True,0,0.000000
LH_205,205,0.75065,data/raw/CAMELS_SIMBA_1000U/LH_205_hlist_0.75065.list,True,0,5886,5886,5886,5886,0.3054,True,True,0,0.000000,True,0,0.000000,True,0,0.000000
LH_205,205,1.00000,data/raw/CAMELS_SIMBA_1000U/LH_205_hlist_1.00000.list,True,0,5995,5995,5995,5995,0.3054,True,True,0,0.000000,True,0,0.000000,True,0,0.000000
LH_206,206,0.20000,data/raw/CAMELS_SIMBA_1000U/LH_206_hlist_0.20000.list,True,0,4928,4928,4928,4928,0.3154,True,True,0,0.000000,True,0,0.000000,True,0,0.000000
LH_206,206,0.25000,data/raw/CAMELS_SIMBA_1000U/LH_206_hlist_0.25000.list,True,0,6357,6357,6357,6357,0.3154,True,True,0,0.000000,True,0,0.000000,True,0,0.000000
LH_206,206,0.51209,data/raw/CAMELS_SIMBA_1000U/LH_206_hlist_0.51209.list,True,0,7972,7972,7972,7972,0.3154,True,True,0,0.000000,True,0,0.000000,True,0,0.000000
LH_206,206,0.75065,data/raw/CAMELS_SIMBA_1000U/LH_206_hlist_0.75065.list,True,0,7259,7259,7259,7259,0.3154,True,True,0,0.000000,True,0,0.000000,True,0,0.000000
LH_206,206,1.00000,data/raw/CAMELS_SIMBA_1000U/LH_206_hlist_1.00000.list,True,0,7109,7109,7109,7109,0.3154,True,True,0,0.000000,True,0,0.000000,True,0,0.000000
LH_207,207,0.20000,data/raw/CAMELS_SIMBA_1000U/LH_207_hlist_0.20000.list,True,0,3725,3725,3725,3725,0.357,True,True,0,0.000000,True,0,0.000000,True,0,0.000000
LH_207,207,0.25000,data/raw/CAMELS_SIMBA_1000U/LH_207_hlist_0.25000.list,True,0,5493,5493,5493,5493,0.357,True,True,0,0.000000,True,0,0.000000,True,0,0.000000
LH_207,207,0.51209,data/raw/CAMELS_SIMBA_1000U/LH_207_hlist_0.51209.list,True,0,8316,8316,8316,8316,0.357,True,True,0,0.000000,True,0,0.000000,True,0,0.000000
LH_207,207,0.75065,data/raw/CAMELS_SIMBA_1000U/LH_207_hlist_0.75065.list,True,0,7821,7821,7821,7821,0.357,True,True,0,0.000000,True,0,0.000000,True,0,0.000000
LH_207,207,1.00000,data/raw/CAMELS_SIMBA_1000U/LH_207_hlist_1.00000.list,True,0,7869,7869,7869,7869,0.357,True,True,0,0.000000,True,0,0.000000,True,0,0.000000
LH_208,208,0.20000,data/raw/CAMELS_SIMBA_1000U/LH_208_hlist_0.20000.list,True,0,5637,5637,5637,5637,0.2938,True,True,0,0.000000,True,0,0.000000,True,0,0.000000
LH_208,208,0.25000,data/raw/CAMELS_SIMBA_1000U/LH_208_hlist_0.25000.list,True,0,6776,6776,6776,6776,0.2938,True,True,0,0.000000,True,0,0.000000,True,0,0.000000
LH_208,208,0.51209,data/raw/CAMELS_SIMBA_1000U/LH_208_hlist_0.51209.list,True,0,7350,7350,7350,7350,0.2938,True,True,0,0.000000,True,0,0.000000,True,0,0.000000
LH_208,208,0.75065,data/raw/CAMELS_SIMBA_1000U/LH_208_hlist_0.75065.list,True,0,6630,6630,6630,6630,0.2938,True,True,0,0.000000,True,0,0.000000,True,0,0.000000
LH_208,208,1.00000,data/raw/CAMELS_SIMBA_1000U/LH_208_hlist_1.00000.list,True,0,6510,6510,6510,6510,0.2938,True,True,0,0.000000,True,0,0.000000,True,0,0.000000
LH_209,209,0.20000,data/raw/CAMELS_SIMBA_1000U/LH_209_hlist_0.20000.list,True,0,7188,7188,7188,7188,0.3526,True,True,0,0.000000,True,0,0.000000,True,0,0.000000
LH_209,209,0.25000,data/raw/CAMELS_SIMBA_1000U/LH_209_hlist_0.25000.list,True,0,7942,7942,7942,7942,0.3526,True,True,0,0.000000,True,0,0.000000,True,0,0.000000
LH_209,209,0.51209,data/raw/CAMELS_SIMBA_1000U/LH_209_hlist_0.51209.list,True,0,7402,7402,7402,7402,0.3526,True,True,0,0.000000,True,0,0.000000,True,0,0.000000
LH_209,209,0.75065,data/raw/CAMELS_SIMBA_1000U/LH_209_hlist_0.75065.list,True,0,6411,6411,6411,6411,0.3526,True,True,0,0.000000,True,0,0.000000,True,0,0.000000
LH_209,209,1.00000,data/raw/CAMELS_SIMBA_1000U/LH_209_hlist_1.00000.list,True,0,6338,6338,6338,6338,0.3526,True,True,0,0.000000,True,0,0.000000,True,0,0.000000
LH_210,210,0.20000,data/raw/CAMELS_SIMBA_1000U/LH_210_hlist_0.20000.list,True,0,4889,4889,4889,4889,0.4318,True,True,0,0.000000,True,0,0.000000,True,0,0.000000
LH_210,210,0.25000,data/raw/CAMELS_SIMBA_1000U/LH_210_hlist_0.25000.list,True,0,6529,6529,6529,6529,0.4318,True,True,0,0.000000,True,0,0.000000,True,0,0.000000
LH_210,210,0.51209,data/raw/CAMELS_SIMBA_1000U/LH_210_hlist_0.51209.list,True,0,8480,8480,8480,8480,0.4318,True,True,0,0.000000,True,0,0.000000,True,0,0.000000
LH_210,210,0.75065,data/raw/CAMELS_SIMBA_1000U/LH_210_hlist_0.75065.list,True,0,7640,7640,7640,7640,0.4318,True,True,0,0.000000,True,0,0.000000,True,0,0.000000
LH_210,210,1.00000,data/raw/CAMELS_SIMBA_1000U/LH_210_hlist_1.00000.list,True,0,7338,7338,7338,7338,0.4318,True,True,0,0.000000,True,0,0.000000,True,0,0.000000
LH_211,211,0.20000,data/raw/CAMELS_SIMBA_1000U/LH_211_hlist_0.20000.list,True,0,5781,5781,5781,5781,0.4154,True,True,0,0.000000,True,0,0.000000,True,0,0.000000
LH_211,211,0.25000,data/raw/CAMELS_SIMBA_1000U/LH_211_hlist_0.25000.list,True,0,7055,7055,7055,7055,0.4154,True,True,0,0.000000,True,0,0.000000,True,0,0.000000
LH_211,211,0.51209,data/raw/CAMELS_SIMBA_1000U/LH_211_hlist_0.51209.list,True,0,8480,8480,8480,8480,0.4154,True,True,0,0.000000,True,0,0.000000,True,0,0.000000
LH_211,211,0.75065,data/raw/CAMELS_SIMBA_1000U/LH_211_hlist_0.75065.list,True,0,7479,7479,7479,7479,0.4154,True,True,0,0.000000,True,0,0.000000,True,0,0.000000
LH_211,211,1.00000,data/raw/CAMELS_SIMBA_1000U/LH_211_hlist_1.00000.list,True,0,7095,7095,7095,7095,0.4154,True,True,0,0.000000,True,0,0.000000,True,0,0.000000
LH_212,212,0.20000,data/raw/CAMELS_SIMBA_1000U/LH_212_hlist_0.20000.list,True,0,5103,5103,5103,5103,0.2666,True,True,0,0.000000,True,0,0.000000,True,0,0.000000
LH_212,212,0.25000,data/raw/CAMELS_SIMBA_1000U/LH_212_hlist_0.25000.list,True,0,6482,6482,6482,6482,0.2666,True,True,0,0.000000,True,0,0.000000,True,0,0.000000
LH_212,212,0.51209,data/raw/CAMELS_SIMBA_1000U/LH_212_hlist_0.51209.list,True,0,6883,6883,6883,6883,0.2666,True,True,0,0.000000,True,0,0.000000,True,0,0.000000
LH_212,212,0.75065,data/raw/CAMELS_SIMBA_1000U/LH_212_hlist_0.75065.list,True,0,6266,6266,6266,6266,0.2666,True,True,0,0.000000,True,0,0.000000,True,0,0.000000
LH_212,212,1.00000,data/raw/CAMELS_SIMBA_1000U/LH_212_hlist_1.00000.list,True,0,6241,6241,6241,6241,0.2666,True,True,0,0.000000,True,0,0.000000,True,0,0.000000
LH_213,213,0.20000,data/raw/CAMELS_SIMBA_1000U/LH_213_hlist_0.20000.list,True,0,7280,7280,7280,7280,0.4502,True,True,0,0.000000,True,0,0.000000,True,0,0.000000
LH_213,213,0.25000,data/raw/CAMELS_SIMBA_1000U/LH_213_hlist_0.25000.list,True,0,8294,8294,8294,8294,0.4502,True,True,0,0.000000,True,0,0.000000,True,0,0.000000
LH_213,213,0.51209,data/raw/CAMELS_SIMBA_1000U/LH_213_hlist_0.51209.list,True,0,7882,7882,7882,7882,0.4502,True,True,0,0.000000,True,0,0.000000,True,0,0.000000
LH_213,213,0.75065,data/raw/CAMELS_SIMBA_1000U/LH_213_hlist_0.75065.list,True,0,6796,6796,6796,6796,0.4502,True,True,0,0.000000,True,0,0.000000,True,0,0.000000
LH_213,213,1.00000,data/raw/CAMELS_SIMBA_1000U/LH_213_hlist_1.00000.list,True,0,6417,6417,6417,6417,0.4502,True,True,0,0.000000,True,0,0.000000,True,0,0.000000
LH_214,214,0.20000,data/raw/CAMELS_SIMBA_1000U/LH_214_hlist_0.20000.list,True,0,8827,8827,8827,8827,0.4474,True,True,0,0.000000,True,0,0.000000,True,0,0.000000
LH_214,214,0.25000,data/raw/CAMELS_SIMBA_1000U/LH_214_hlist_0.25000.list,True,0,9171,9171,9171,9171,0.4474,True,True,0,0.000000,True,0,0.000000,True,0,0.000000
LH_214,214,0.51209,data/raw/CAMELS_SIMBA_1000U/LH_214_hlist_0.51209.list,True,0,7710,7710,7710,7710,0.4474,True,True,0,0.000000,True,0,0.000000,True,0,0.000000
LH_214,214,0.75065,data/raw/CAMELS_SIMBA_1000U/LH_214_hlist_0.75065.list,True,0,6102,6102,6102,6102,0.4474,True,True,0,0.000000,True,0,0.000000,True,0,0.000000
LH_214,214,1.00000,data/raw/CAMELS_SIMBA_1000U/LH_214_hlist_1.00000.list,True,0,5928,5928,5928,5928,0.4474,True,True,0,0.000000,True,0,0.000000,True,0,0.000000
LH_215,215,0.20000,data/raw/CAMELS_SIMBA_1000U/LH_215_hlist_0.20000.list,True,0,8239,8239,8239,8239,0.407,True,True,0,0.000000,True,0,0.000000,True,0,0.000000
LH_215,215,0.25000,data/raw/CAMELS_SIMBA_1000U/LH_215_hlist_0.25000.list,True,0,8961,8961,8961,8961,0.407,True,True,0,0.000000,True,0,0.000000,True,0,0.000000
LH_215,215,0.51209,data/raw/CAMELS_SIMBA_1000U/LH_215_hlist_0.51209.list,True,0,7286,7286,7286,7286,0.407,True,True,0,0.000000,True,0,0.000000,True,0,0.000000
LH_215,215,0.75065,data/raw/CAMELS_SIMBA_1000U/LH_215_hlist_0.75065.list,True,0,5956,5956,5956,5956,0.407,True,True,0,0.000000,True,0,0.000000,True,0,0.000000
LH_215,215,1.00000,data/raw/CAMELS_SIMBA_1000U/LH_215_hlist_1.00000.list,True,0,5715,5715,5715,5715,0.407,True,True,0,0.000000,True,0,0.000000,True,0,0.000000
LH_216,216,0.20000,data/raw/CAMELS_SIMBA_1000U/LH_216_hlist_0.20000.list,True,0,9144,9144,9144,9144,0.4794,True,True,0,0.000000,True,0,0.000000,True,0,0.000000
LH_216,216,0.25000,data/raw/CAMELS_SIMBA_1000U/LH_216_hlist_0.25000.list,True,0,9380,9380,9380,9380,0.4794,True,True,0,0.000000,True,0,0.000000,True,0,0.000000
LH_216,216,0.51209,data/raw/CAMELS_SIMBA_1000U/LH_216_hlist_0.51209.list,True,0,7847,7847,7847,7847,0.4794,True,True,0,0.000000,True,0,0.000000,True,0,0.000000
LH_216,216,0.75065,data/raw/CAMELS_SIMBA_1000U/LH_216_hlist_0.75065.list,True,0,6276,6276,6276,6276,0.4794,True,True,0,0.000000,True,0,0.000000,True,0,0.000000
LH_216,216,1.00000,data/raw/CAMELS_SIMBA_1000U/LH_216_hlist_1.00000.list,True,0,5861,5861,5861,5861,0.4794,True,True,0,0.000000,True,0,0.000000,True,0,0.000000
LH_217,217,0.20000,data/raw/CAMELS_SIMBA_1000U/LH_217_hlist_0.20000.list,True,0,1990,1990,1990,1990,0.2626,True,True,0,0.000000,True,0,0.000000,False,10,0.005000
LH_217,217,0.25000,data/raw/CAMELS_SIMBA_1000U/LH_217_hlist_0.25000.list,True,0,3752,3752,3752,3752,0.2626,True,True,0,0.000000,True,0,0.000000,True,0,0.000000
LH_217,217,0.51209,data/raw/CAMELS_SIMBA_1000U/LH_217_hlist_0.51209.list,True,0,7159,7159,7159,7159,0.2626,True,True,0,0.000000,True,0,0.000000,True,0,0.000000
LH_217,217,0.75065,data/raw/CAMELS_SIMBA_1000U/LH_217_hlist_0.75065.list,True,0,7378,7378,7378,7378,0.2626,True,True,0,0.000000,True,0,0.000000,True,0,0.000000
LH_217,217,1.00000,data/raw/CAMELS_SIMBA_1000U/LH_217_hlist_1.00000.list,True,0,7627,7627,7627,7627,0.2626,True,True,0,0.000000,True,0,0.000000,True,0,0.000000
LH_218,218,0.20000,data/raw/CAMELS_SIMBA_1000U/LH_218_hlist_0.20000.list,True,0,5358,5358,5358,5358,0.483,True,True,0,0.000000,True,0,0.000000,True,0,0.000000
LH_218,218,0.25000,data/raw/CAMELS_SIMBA_1000U/LH_218_hlist_0.25000.list,True,0,6797,6797,6797,6797,0.483,True,True,0,0.000000,True,0,0.000000,True,0,0.000000
LH_218,218,0.51209,data/raw/CAMELS_SIMBA_1000U/LH_218_hlist_0.51209.list,True,0,8506,8506,8506,8506,0.483,True,True,0,0.000000,True,0,0.000000,True,0,0.000000
LH_218,218,0.75065,data/raw/CAMELS_SIMBA_1000U/LH_218_hlist_0.75065.list,True,0,7733,7733,7733,7733,0.483,True,True,0,0.000000,True,0,0.000000,True,0,0.000000
LH_218,218,1.00000,data/raw/CAMELS_SIMBA_1000U/LH_218_hlist_1.00000.list,True,0,7424,7424,7424,7424,0.483,True,True,0,0.000000,True,0,0.000000,True,0,0.000000
LH_219,219,0.20000,data/raw/CAMELS_SIMBA_1000U/LH_219_hlist_0.20000.list,True,0,8825,8825,8825,8825,0.4902,True,True,0,0.000000,True,0,0.000000,True,0,0.000000
LH_219,219,0.25000,data/raw/CAMELS_SIMBA_1000U/LH_219_hlist_0.25000.list,True,0,9050,9050,9050,9050,0.4902,True,True,0,0.000000,True,0,0.000000,True,0,0.000000
LH_219,219,0.51209,data/raw/CAMELS_SIMBA_1000U/LH_219_hlist_0.51209.list,True,0,7306,7306,7306,7306,0.4902,True,True,0,0.000000,True,0,0.000000,True,0,0.000000
LH_219,219,0.75065,data/raw/CAMELS_SIMBA_1000U/LH_219_hlist_0.75065.list,True,0,5910,5910,5910,5910,0.4902,True,True,0,0.000000,True,0,0.000000,True,0,0.000000
LH_219,219,1.00000,data/raw/CAMELS_SIMBA_1000U/LH_219_hlist_1.00000.list,True,0,5606,5606,5606,5606,0.4902,True,True,0,0.000000,True,0,0.000000,True,0,0.000000
LH_220,220,0.20000,data/raw/CAMELS_SIMBA_1000U/LH_220_hlist_0.20000.list,True,0,6324,6324,6324,6324,0.3534,True,True,0,0.000000,True,0,0.000000,True,0,0.000000
LH_220,220,0.25000,data/raw/CAMELS_SIMBA_1000U/LH_220_hlist_0.25000.list,True,0,7308,7308,7308,7308,0.3534,True,True,0,0.000000,True,0,0.000000,True,0,0.000000
LH_220,220,0.51209,data/raw/CAMELS_SIMBA_1000U/LH_220_hlist_0.51209.list,True,0,7612,7612,7612,7612,0.3534,True,True,0,0.000000,True,0,0.000000,True,0,0.000000
LH_220,220,0.75065,data/raw/CAMELS_SIMBA_1000U/LH_220_hlist_0.75065.list,True,0,6851,6851,6851,6851,0.3534,True,True,0,0.000000,True,0,0.000000,True,0,0.000000
LH_220,220,1.00000,data/raw/CAMELS_SIMBA_1000U/LH_220_hlist_1.00000.list,True,0,6757,6757,6757,6757,0.3534,True,True,0,0.000000,True,0,0.000000,True,0,0.000000
LH_221,221,0.20000,data/raw/CAMELS_SIMBA_1000U/LH_221_hlist_0.20000.list,True,0,5965,5965,5965,5965,0.339,True,True,0,0.000000,True,0,0.000000,True,0,0.000000
LH_221,221,0.25000,data/raw/CAMELS_SIMBA_1000U/LH_221_hlist_0.25000.list,True,0,7072,7072,7072,7072,0.339,True,True,0,0.000000,True,0,0.000000,True,0,0.000000
LH_221,221,0.51209,data/raw/CAMELS_SIMBA_1000U/LH_221_hlist_0.51209.list,True,0,7475,7475,7475,7475,0.339,True,True,0,0.000000,True,0,0.000000,True,0,0.000000
LH_221,221,0.75065,data/raw/CAMELS_SIMBA_1000U/LH_221_hlist_0.75065.list,True,0,6373,6373,6373,6373,0.339,True,True,0,0.000000,True,0,0.000000,True,0,0.000000
LH_221,221,1.00000,data/raw/CAMELS_SIMBA_1000U/LH_221_hlist_1.00000.list,True,0,6341,6341,6341,6341,0.339,True,True,0,0.000000,True,0,0.000000,True,0,0.000000
LH_222,222,0.20000,data/raw/CAMELS_SIMBA_1000U/LH_222_hlist_0.20000.list,True,0,2472,2472,2472,2472,0.1102,True,True,0,0.000000,True,0,0.000000,True,0,0.000000
LH_222,222,0.25000,data/raw/CAMELS_SIMBA_1000U/LH_222_hlist_0.25000.list,True,0,3581,3581,3581,3581,0.1102,True,True,0,0.000000,True,0,0.000000,True,0,0.000000
LH_222,222,0.51209,data/raw/CAMELS_SIMBA_1000U/LH_222_hlist_0.51209.list,True,0,4376,4376,4376,4376,0.1102,True,True,0,0.000000,True,0,0.000000,True,0,0.000000
LH_222,222,0.75065,data/raw/CAMELS_SIMBA_1000U/LH_222_hlist_0.75065.list,True,0,4634,4634,4634,4634,0.1102,True,True,0,0.000000,True,0,0.000000,True,0,0.000000
LH_222,222,1.00000,data/raw/CAMELS_SIMBA_1000U/LH_222_hlist_1.00000.list,True,0,5157,5157,5157,5157,0.1102,True,True,0,0.000000,True,0,0.000000,True,0,0.000000
LH_223,223,0.20000,data/raw/CAMELS_SIMBA_1000U/LH_223_hlist_0.20000.list,True,0,4783,4783,4783,4783,0.4406,True,True,0,0.000000,True,0,0.000000,True,0,0.000000
LH_223,223,0.25000,data/raw/CAMELS_SIMBA_1000U/LH_223_hlist_0.25000.list,True,0,6423,6423,6423,6423,0.4406,True,True,0,0.000000,True,0,0.000000,True,0,0.000000
LH_223,223,0.51209,data/raw/CAMELS_SIMBA_1000U/LH_223_hlist_0.51209.list,True,0,8473,8473,8473,8473,0.4406,True,True,0,0.000000,True,0,0.000000,True,0,0.000000
LH_223,223,0.75065,data/raw/CAMELS_SIMBA_1000U/LH_223_hlist_0.75065.list,True,0,7805,7805,7805,7805,0.4406,True,True,0,0.000000,True,0,0.000000,True,0,0.000000
LH_223,223,1.00000,data/raw/CAMELS_SIMBA_1000U/LH_223_hlist_1.00000.list,True,0,7532,7532,7532,7532,0.4406,True,True,0,0.000000,True,0,0.000000,True,0,0.000000
LH_224,224,0.20000,data/raw/CAMELS_SIMBA_1000U/LH_224_hlist_0.20000.list,True,0,8062,8062,8062,8062,0.4374,True,True,0,0.000000,True,0,0.000000,True,0,0.000000
LH_224,224,0.25000,data/raw/CAMELS_SIMBA_1000U/LH_224_hlist_0.25000.list,True,0,8609,8609,8609,8609,0.4374,True,True,0,0.000000,True,0,0.000000,True,0,0.000000
LH_224,224,0.51209,data/raw/CAMELS_SIMBA_1000U/LH_224_hlist_0.51209.list,True,0,7598,7598,7598,7598,0.4374,True,True,0,0.000000,True,0,0.000000,True,0,0.000000
LH_224,224,0.75065,data/raw/CAMELS_SIMBA_1000U/LH_224_hlist_0.75065.list,True,0,6228,6228,6228,6228,0.4374,True,True,0,0.000000,True,0,0.000000,True,0,0.000000
LH_224,224,1.00000,data/raw/CAMELS_SIMBA_1000U/LH_224_hlist_1.00000.list,True,0,5977,5977,5977,5977,0.4374,True,True,0,0.000000,True,0,0.000000,True,0,0.000000
LH_225,225,0.20000,data/raw/CAMELS_SIMBA_1000U/LH_225_hlist_0.20000.list,True,0,3054,3054,3054,3054,0.249,True,True,0,0.000000,True,0,0.000000,True,0,0.000000
LH_225,225,0.25000,data/raw/CAMELS_SIMBA_1000U/LH_225_hlist_0.25000.list,True,0,4535,4535,4535,4535,0.249,True,True,0,0.000000,True,0,0.000000,True,0,0.000000
LH_225,225,0.51209,data/raw/CAMELS_SIMBA_1000U/LH_225_hlist_0.51209.list,True,0,6669,6669,6669,6669,0.249,True,True,0,0.000000,True,0,0.000000,True,0,0.000000
LH_225,225,0.75065,data/raw/CAMELS_SIMBA_1000U/LH_225_hlist_0.75065.list,True,0,6437,6437,6437,6437,0.249,True,True,0,0.000000,True,0,0.000000,True,0,0.000000
LH_225,225,1.00000,data/raw/CAMELS_SIMBA_1000U/LH_225_hlist_1.00000.list,True,0,6587,6587,6587,6587,0.249,True,True,0,0.000000,True,0,0.000000,True,0,0.000000
LH_226,226,0.20000,data/raw/CAMELS_SIMBA_1000U/LH_226_hlist_0.20000.list,True,0,3996,3996,3996,3996,0.163,True,True,0,0.000000,True,0,0.000000,True,0,0.000000
LH_226,226,0.25000,data/raw/CAMELS_SIMBA_1000U/LH_226_hlist_0.25000.list,True,0,5322,5322,5322,5322,0.163,True,True,0,0.000000,True,0,0.000000,True,0,0.000000
LH_226,226,0.51209,data/raw/CAMELS_SIMBA_1000U/LH_226_hlist_0.51209.list,True,0,5893,5893,5893,5893,0.163,True,True,0,0.000000,True,0,0.000000,True,0,0.000000
LH_226,226,0.75065,data/raw/CAMELS_SIMBA_1000U/LH_226_hlist_0.75065.list,True,0,5591,5591,5591,5591,0.163,True,True,0,0.000000,True,0,0.000000,True,0,0.000000
LH_226,226,1.00000,data/raw/CAMELS_SIMBA_1000U/LH_226_hlist_1.00000.list,True,0,5946,5946,5946,5946,0.163,True,True,0,0.000000,True,0,0.000000,True,0,0.000000
LH_227,227,0.20000,data/raw/CAMELS_SIMBA_1000U/LH_227_hlist_0.20000.list,True,0,2641,2641,2641,2641,0.333,True,True,0,0.000000,True,0,0.000000,True,0,0.000000
LH_227,227,0.25000,data/raw/CAMELS_SIMBA_1000U/LH_227_hlist_0.25000.list,True,0,4495,4495,4495,4495,0.333,True,True,0,0.000000,True,0,0.000000,True,0,0.000000
LH_227,227,0.51209,data/raw/CAMELS_SIMBA_1000U/LH_227_hlist_0.51209.list,True,0,7686,7686,7686,7686,0.333,True,True,0,0.000000,True,0,0.000000,True,0,0.000000
LH_227,227,0.75065,data/raw/CAMELS_SIMBA_1000U/LH_227_hlist_0.75065.list,True,0,7269,7269,7269,7269,0.333,True,True,0,0.000000,True,0,0.000000,True,0,0.000000
LH_227,227,1.00000,data/raw/CAMELS_SIMBA_1000U/LH_227_hlist_1.00000.list,True,0,7350,7350,7350,7350,0.333,True,True,0,0.000000,True,0,0.000000,True,0,0.000000
LH_228,228,0.20000,data/raw/CAMELS_SIMBA_1000U/LH_228_hlist_0.20000.list,True,0,8051,8051,8051,8051,0.4262,True,True,0,0.000000,True,0,0.000000,True,0,0.000000
LH_228,228,0.25000,data/raw/CAMELS_SIMBA_1000U/LH_228_hlist_0.25000.list,True,0,9020,9020,9020,9020,0.4262,True,True,0,0.000000,True,0,0.000000,True,0,0.000000
LH_228,228,0.51209,data/raw/CAMELS_SIMBA_1000U/LH_228_hlist_0.51209.list,True,0,8132,8132,8132,8132,0.4262,True,True,0,0.000000,True,0,0.000000,True,0,0.000000
LH_228,228,0.75065,data/raw/CAMELS_SIMBA_1000U/LH_228_hlist_0.75065.list,True,0,6883,6883,6883,6883,0.4262,True,True,0,0.000000,True,0,0.000000,True,0,0.000000
LH_228,228,1.00000,data/raw/CAMELS_SIMBA_1000U/LH_228_hlist_1.00000.list,True,0,6454,6454,6454,6454,0.4262,True,True,0,0.000000,True,0,0.000000,True,0,0.000000
LH_229,229,0.20000,data/raw/CAMELS_SIMBA_1000U/LH_229_hlist_0.20000.list,True,0,1989,1989,1989,1989,0.115,True,True,0,0.000000,True,0,0.000000,False,11,0.005500
LH_229,229,0.25000,data/raw/CAMELS_SIMBA_1000U/LH_229_hlist_0.25000.list,True,0,3021,3021,3021,3021,0.115,True,True,0,0.000000,True,0,0.000000,True,0,0.000000
LH_229,229,0.51209,data/raw/CAMELS_SIMBA_1000U/LH_229_hlist_0.51209.list,True,0,4262,4262,4262,4262,0.115,True,True,0,0.000000,True,0,0.000000,True,0,0.000000
LH_229,229,0.75065,data/raw/CAMELS_SIMBA_1000U/LH_229_hlist_0.75065.list,True,0,4543,4543,4543,4543,0.115,True,True,0,0.000000,True,0,0.000000,True,0,0.000000
LH_229,229,1.00000,data/raw/CAMELS_SIMBA_1000U/LH_229_hlist_1.00000.list,True,0,4997,4997,4997,4997,0.115,True,True,0,0.000000,True,0,0.000000,True,0,0.000000
LH_230,230,0.20000,data/raw/CAMELS_SIMBA_1000U/LH_230_hlist_0.20000.list,True,0,1874,1874,1874,1874,0.103,True,True,0,0.000000,True,0,0.000000,False,126,0.063000
LH_230,230,0.25000,data/raw/CAMELS_SIMBA_1000U/LH_230_hlist_0.25000.list,True,0,2803,2803,2803,2803,0.103,True,True,0,0.000000,True,0,0.000000,True,0,0.000000
LH_230,230,0.51209,data/raw/CAMELS_SIMBA_1000U/LH_230_hlist_0.51209.list,True,0,3712,3712,3712,3712,0.103,True,True,0,0.000000,True,0,0.000000,True,0,0.000000
LH_230,230,0.75065,data/raw/CAMELS_SIMBA_1000U/LH_230_hlist_0.75065.list,True,0,4016,4016,4016,4016,0.103,True,True,0,0.000000,True,0,0.000000,True,0,0.000000
LH_230,230,1.00000,data/raw/CAMELS_SIMBA_1000U/LH_230_hlist_1.00000.list,True,0,4499,4499,4499,4499,0.103,True,True,0,0.000000,True,0,0.000000,True,0,0.000000
LH_231,231,0.20000,data/raw/CAMELS_SIMBA_1000U/LH_231_hlist_0.20000.list,True,0,5561,5561,5561,5561,0.3866,True,True,0,0.000000,True,0,0.000000,True,0,0.000000
LH_231,231,0.25000,data/raw/CAMELS_SIMBA_1000U/LH_231_hlist_0.25000.list,True,0,7164,7164,7164,7164,0.3866,True,True,0,0.000000,True,0,0.000000,True,0,0.000000
LH_231,231,0.51209,data/raw/CAMELS_SIMBA_1000U/LH_231_hlist_0.51209.list,True,0,8160,8160,8160,8160,0.3866,True,True,0,0.000000,True,0,0.000000,True,0,0.000000
LH_231,231,0.75065,data/raw/CAMELS_SIMBA_1000U/LH_231_hlist_0.75065.list,True,0,7318,7318,7318,7318,0.3866,True,True,0,0.000000,True,0,0.000000,True,0,0.000000
LH_231,231,1.00000,data/raw/CAMELS_SIMBA_1000U/LH_231_hlist_1.00000.list,True,0,7200,7200,7200,7200,0.3866,True,True,0,0.000000,True,0,0.000000,True,0,0.000000
LH_232,232,0.20000,data/raw/CAMELS_SIMBA_1000U/LH_232_hlist_0.20000.list,True,0,4612,4612,4612,4612,0.2166,True,True,0,0.000000,True,0,0.000000,True,0,0.000000
LH_232,232,0.25000,data/raw/CAMELS_SIMBA_1000U/LH_232_hlist_0.25000.list,True,0,5783,5783,5783,5783,0.2166,True,True,0,0.000000,True,0,0.000000,True,0,0.000000
LH_232,232,0.51209,data/raw/CAMELS_SIMBA_1000U/LH_232_hlist_0.51209.list,True,0,6425,6425,6425,6425,0.2166,True,True,0,0.000000,True,0,0.000000,True,0,0.000000
LH_232,232,0.75065,data/raw/CAMELS_SIMBA_1000U/LH_232_hlist_0.75065.list,True,0,6115,6115,6115,6115,0.2166,True,True,0,0.000000,True,0,0.000000,True,0,0.000000
LH_232,232,1.00000,data/raw/CAMELS_SIMBA_1000U/LH_232_hlist_1.00000.list,True,0,6288,6288,6288,6288,0.2166,True,True,0,0.000000,True,0,0.000000,True,0,0.000000
LH_233,233,0.20000,data/raw/CAMELS_SIMBA_1000U/LH_233_hlist_0.20000.list,True,0,3030,3030,3030,3030,0.2254,True,True,0,0.000000,True,0,0.000000,True,0,0.000000
LH_233,233,0.25000,data/raw/CAMELS_SIMBA_1000U/LH_233_hlist_0.25000.list,True,0,4512,4512,4512,4512,0.2254,True,True,0,0.000000,True,0,0.000000,True,0,0.000000
LH_233,233,0.51209,data/raw/CAMELS_SIMBA_1000U/LH_233_hlist_0.51209.list,True,0,6638,6638,6638,6638,0.2254,True,True,0,0.000000,True,0,0.000000,True,0,0.000000
LH_233,233,0.75065,data/raw/CAMELS_SIMBA_1000U/LH_233_hlist_0.75065.list,True,0,6433,6433,6433,6433,0.2254,True,True,0,0.000000,True,0,0.000000,True,0,0.000000
LH_233,233,1.00000,data/raw/CAMELS_SIMBA_1000U/LH_233_hlist_1.00000.list,True,0,6735,6735,6735,6735,0.2254,True,True,0,0.000000,True,0,0.000000,True,0,0.000000
LH_234,234,0.20000,data/raw/CAMELS_SIMBA_1000U/LH_234_hlist_0.20000.list,True,0,580,580,580,580,0.1074,True,False,420,0.420000,False,920,0.613333,False,1420,0.710000
LH_234,234,0.25000,data/raw/CAMELS_SIMBA_1000U/LH_234_hlist_0.25000.list,True,0,1476,1476,1476,1476,0.1074,True,True,0,0.000000,False,24,0.016000,False,524,0.262000
LH_234,234,0.51209,data/raw/CAMELS_SIMBA_1000U/LH_234_hlist_0.51209.list,True,0,3742,3742,3742,3742,0.1074,True,True,0,0.000000,True,0,0.000000,True,0,0.000000
LH_234,234,0.75065,data/raw/CAMELS_SIMBA_1000U/LH_234_hlist_0.75065.list,True,0,4283,4283,4283,4283,0.1074,True,True,0,0.000000,True,0,0.000000,True,0,0.000000
LH_234,234,1.00000,data/raw/CAMELS_SIMBA_1000U/LH_234_hlist_1.00000.list,True,0,4942,4942,4942,4942,0.1074,True,True,0,0.000000,True,0,0.000000,True,0,0.000000
LH_235,235,0.20000,data/raw/CAMELS_SIMBA_1000U/LH_235_hlist_0.20000.list,True,0,4629,4629,4629,4629,0.265,True,True,0,0.000000,True,0,0.000000,True,0,0.000000
LH_235,235,0.25000,data/raw/CAMELS_SIMBA_1000U/LH_235_hlist_0.25000.list,True,0,5953,5953,5953,5953,0.265,True,True,0,0.000000,True,0,0.000000,True,0,0.000000
LH_235,235,0.51209,data/raw/CAMELS_SIMBA_1000U/LH_235_hlist_0.51209.list,True,0,6721,6721,6721,6721,0.265,True,True,0,0.000000,True,0,0.000000,True,0,0.000000
LH_235,235,0.75065,data/raw/CAMELS_SIMBA_1000U/LH_235_hlist_0.75065.list,True,0,6340,6340,6340,6340,0.265,True,True,0,0.000000,True,0,0.000000,True,0,0.000000
LH_235,235,1.00000,data/raw/CAMELS_SIMBA_1000U/LH_235_hlist_1.00000.list,True,0,6398,6398,6398,6398,0.265,True,True,0,0.000000,True,0,0.000000,True,0,0.000000
LH_236,236,0.20000,data/raw/CAMELS_SIMBA_1000U/LH_236_hlist_0.20000.list,True,0,2641,2641,2641,2641,0.2262,True,True,0,0.000000,True,0,0.000000,True,0,0.000000
LH_236,236,0.25000,data/raw/CAMELS_SIMBA_1000U/LH_236_hlist_0.25000.list,True,0,4293,4293,4293,4293,0.2262,True,True,0,0.000000,True,0,0.000000,True,0,0.000000
LH_236,236,0.51209,data/raw/CAMELS_SIMBA_1000U/LH_236_hlist_0.51209.list,True,0,7019,7019,7019,7019,0.2262,True,True,0,0.000000,True,0,0.000000,True,0,0.000000
LH_236,236,0.75065,data/raw/CAMELS_SIMBA_1000U/LH_236_hlist_0.75065.list,True,0,6750,6750,6750,6750,0.2262,True,True,0,0.000000,True,0,0.000000,True,0,0.000000
LH_236,236,1.00000,data/raw/CAMELS_SIMBA_1000U/LH_236_hlist_1.00000.list,True,0,7157,7157,7157,7157,0.2262,True,True,0,0.000000,True,0,0.000000,True,0,0.000000
LH_237,237,0.20000,data/raw/CAMELS_SIMBA_1000U/LH_237_hlist_0.20000.list,True,0,4448,4448,4448,4448,0.221,True,True,0,0.000000,True,0,0.000000,True,0,0.000000
LH_237,237,0.25000,data/raw/CAMELS_SIMBA_1000U/LH_237_hlist_0.25000.list,True,0,5716,5716,5716,5716,0.221,True,True,0,0.000000,True,0,0.000000,True,0,0.000000
LH_237,237,0.51209,data/raw/CAMELS_SIMBA_1000U/LH_237_hlist_0.51209.list,True,0,6603,6603,6603,6603,0.221,True,True,0,0.000000,True,0,0.000000,True,0,0.000000
LH_237,237,0.75065,data/raw/CAMELS_SIMBA_1000U/LH_237_hlist_0.75065.list,True,0,6317,6317,6317,6317,0.221,True,True,0,0.000000,True,0,0.000000,True,0,0.000000
LH_237,237,1.00000,data/raw/CAMELS_SIMBA_1000U/LH_237_hlist_1.00000.list,True,0,6577,6577,6577,6577,0.221,True,True,0,0.000000,True,0,0.000000,True,0,0.000000
LH_238,238,0.20000,data/raw/CAMELS_SIMBA_1000U/LH_238_hlist_0.20000.list,True,0,6926,6926,6926,6926,0.3318,True,True,0,0.000000,True,0,0.000000,True,0,0.000000
LH_238,238,0.25000,data/raw/CAMELS_SIMBA_1000U/LH_238_hlist_0.25000.list,True,0,7693,7693,7693,7693,0.3318,True,True,0,0.000000,True,0,0.000000,True,0,0.000000
LH_238,238,0.51209,data/raw/CAMELS_SIMBA_1000U/LH_238_hlist_0.51209.list,True,0,7394,7394,7394,7394,0.3318,True,True,0,0.000000,True,0,0.000000,True,0,0.000000
LH_238,238,0.75065,data/raw/CAMELS_SIMBA_1000U/LH_238_hlist_0.75065.list,True,0,6431,6431,6431,6431,0.3318,True,True,0,0.000000,True,0,0.000000,True,0,0.000000
LH_238,238,1.00000,data/raw/CAMELS_SIMBA_1000U/LH_238_hlist_1.00000.list,True,0,6325,6325,6325,6325,0.3318,True,True,0,0.000000,True,0,0.000000,True,0,0.000000
LH_239,239,0.20000,data/raw/CAMELS_SIMBA_1000U/LH_239_hlist_0.20000.list,True,0,5138,5138,5138,5138,0.401,True,True,0,0.000000,True,0,0.000000,True,0,0.000000
LH_239,239,0.25000,data/raw/CAMELS_SIMBA_1000U/LH_239_hlist_0.25000.list,True,0,6560,6560,6560,6560,0.401,True,True,0,0.000000,True,0,0.000000,True,0,0.000000
LH_239,239,0.51209,data/raw/CAMELS_SIMBA_1000U/LH_239_hlist_0.51209.list,True,0,8289,8289,8289,8289,0.401,True,True,0,0.000000,True,0,0.000000,True,0,0.000000
LH_239,239,0.75065,data/raw/CAMELS_SIMBA_1000U/LH_239_hlist_0.75065.list,True,0,7524,7524,7524,7524,0.401,True,True,0,0.000000,True,0,0.000000,True,0,0.000000
LH_239,239,1.00000,data/raw/CAMELS_SIMBA_1000U/LH_239_hlist_1.00000.list,True,0,7320,7320,7320,7320,0.401,True,True,0,0.000000,True,0,0.000000,True,0,0.000000
LH_240,240,0.20000,data/raw/CAMELS_SIMBA_1000U/LH_240_hlist_0.20000.list,True,0,4716,4716,4716,4716,0.2438,True,True,0,0.000000,True,0,0.000000,True,0,0.000000
LH_240,240,0.25000,data/raw/CAMELS_SIMBA_1000U/LH_240_hlist_0.25000.list,True,0,6013,6013,6013,6013,0.2438,True,True,0,0.000000,True,0,0.000000,True,0,0.000000
LH_240,240,0.51209,data/raw/CAMELS_SIMBA_1000U/LH_240_hlist_0.51209.list,True,0,6856,6856,6856,6856,0.2438,True,True,0,0.000000,True,0,0.000000,True,0,0.000000
LH_240,240,0.75065,data/raw/CAMELS_SIMBA_1000U/LH_240_hlist_0.75065.list,True,0,6317,6317,6317,6317,0.2438,True,True,0,0.000000,True,0,0.000000,True,0,0.000000
LH_240,240,1.00000,data/raw/CAMELS_SIMBA_1000U/LH_240_hlist_1.00000.list,True,0,6561,6561,6561,6561,0.2438,True,True,0,0.000000,True,0,0.000000,True,0,0.000000
LH_241,241,0.20000,data/raw/CAMELS_SIMBA_1000U/LH_241_hlist_0.20000.list,True,0,649,649,649,649,0.1234,True,False,351,0.351000,False,851,0.567333,False,1351,0.675500
LH_241,241,0.25000,data/raw/CAMELS_SIMBA_1000U/LH_241_hlist_0.25000.list,True,0,1528,1528,1528,1528,0.1234,True,True,0,0.000000,True,0,0.000000,False,472,0.236000
LH_241,241,0.51209,data/raw/CAMELS_SIMBA_1000U/LH_241_hlist_0.51209.list,True,0,4241,4241,4241,4241,0.1234,True,True,0,0.000000,True,0,0.000000,True,0,0.000000
LH_241,241,0.75065,data/raw/CAMELS_SIMBA_1000U/LH_241_hlist_0.75065.list,True,0,4928,4928,4928,4928,0.1234,True,True,0,0.000000,True,0,0.000000,True,0,0.000000
LH_241,241,1.00000,data/raw/CAMELS_SIMBA_1000U/LH_241_hlist_1.00000.list,True,0,5641,5641,5641,5641,0.1234,True,True,0,0.000000,True,0,0.000000,True,0,0.000000
LH_242,242,0.20000,data/raw/CAMELS_SIMBA_1000U/LH_242_hlist_0.20000.list,True,0,6985,6985,6985,6985,0.3474,True,True,0,0.000000,True,0,0.000000,True,0,0.000000
LH_242,242,0.25000,data/raw/CAMELS_SIMBA_1000U/LH_242_hlist_0.25000.list,True,0,7850,7850,7850,7850,0.3474,True,True,0,0.000000,True,0,0.000000,True,0,0.000000
LH_242,242,0.51209,data/raw/CAMELS_SIMBA_1000U/LH_242_hlist_0.51209.list,True,0,7337,7337,7337,7337,0.3474,True,True,0,0.000000,True,0,0.000000,True,0,0.000000
LH_242,242,0.75065,data/raw/CAMELS_SIMBA_1000U/LH_242_hlist_0.75065.list,True,0,6119,6119,6119,6119,0.3474,True,True,0,0.000000,True,0,0.000000,True,0,0.000000
LH_242,242,1.00000,data/raw/CAMELS_SIMBA_1000U/LH_242_hlist_1.00000.list,True,0,5961,5961,5961,5961,0.3474,True,True,0,0.000000,True,0,0.000000,True,0,0.000000
LH_243,243,0.20000,data/raw/CAMELS_SIMBA_1000U/LH_243_hlist_0.20000.list,True,0,7214,7214,7214,7214,0.4122,True,True,0,0.000000,True,0,0.000000,True,0,0.000000
LH_243,243,0.25000,data/raw/CAMELS_SIMBA_1000U/LH_243_hlist_0.25000.list,True,0,8191,8191,8191,8191,0.4122,True,True,0,0.000000,True,0,0.000000,True,0,0.000000
LH_243,243,0.51209,data/raw/CAMELS_SIMBA_1000U/LH_243_hlist_0.51209.list,True,0,7720,7720,7720,7720,0.4122,True,True,0,0.000000,True,0,0.000000,True,0,0.000000
LH_243,243,0.75065,data/raw/CAMELS_SIMBA_1000U/LH_243_hlist_0.75065.list,True,0,6555,6555,6555,6555,0.4122,True,True,0,0.000000,True,0,0.000000,True,0,0.000000
LH_243,243,1.00000,data/raw/CAMELS_SIMBA_1000U/LH_243_hlist_1.00000.list,True,0,6314,6314,6314,6314,0.4122,True,True,0,0.000000,True,0,0.000000,True,0,0.000000
LH_244,244,0.20000,data/raw/CAMELS_SIMBA_1000U/LH_244_hlist_0.20000.list,True,0,2223,2223,2223,2223,0.1898,True,True,0,0.000000,True,0,0.000000,True,0,0.000000
LH_244,244,0.25000,data/raw/CAMELS_SIMBA_1000U/LH_244_hlist_0.25000.list,True,0,3649,3649,3649,3649,0.1898,True,True,0,0.000000,True,0,0.000000,True,0,0.000000
LH_244,244,0.51209,data/raw/CAMELS_SIMBA_1000U/LH_244_hlist_0.51209.list,True,0,6725,6725,6725,6725,0.1898,True,True,0,0.000000,True,0,0.000000,True,0,0.000000
LH_244,244,0.75065,data/raw/CAMELS_SIMBA_1000U/LH_244_hlist_0.75065.list,True,0,6649,6649,6649,6649,0.1898,True,True,0,0.000000,True,0,0.000000,True,0,0.000000
LH_244,244,1.00000,data/raw/CAMELS_SIMBA_1000U/LH_244_hlist_1.00000.list,True,0,7143,7143,7143,7143,0.1898,True,True,0,0.000000,True,0,0.000000,True,0,0.000000
LH_245,245,0.20000,data/raw/CAMELS_SIMBA_1000U/LH_245_hlist_0.20000.list,True,0,4385,4385,4385,4385,0.4322,True,True,0,0.000000,True,0,0.000000,True,0,0.000000
LH_245,245,0.25000,data/raw/CAMELS_SIMBA_1000U/LH_245_hlist_0.25000.list,True,0,6200,6200,6200,6200,0.4322,True,True,0,0.000000,True,0,0.000000,True,0,0.000000
LH_245,245,0.51209,data/raw/CAMELS_SIMBA_1000U/LH_245_hlist_0.51209.list,True,0,8544,8544,8544,8544,0.4322,True,True,0,0.000000,True,0,0.000000,True,0,0.000000
LH_245,245,0.75065,data/raw/CAMELS_SIMBA_1000U/LH_245_hlist_0.75065.list,True,0,7731,7731,7731,7731,0.4322,True,True,0,0.000000,True,0,0.000000,True,0,0.000000
LH_245,245,1.00000,data/raw/CAMELS_SIMBA_1000U/LH_245_hlist_1.00000.list,True,0,7481,7481,7481,7481,0.4322,True,True,0,0.000000,True,0,0.000000,True,0,0.000000
LH_246,246,0.20000,data/raw/CAMELS_SIMBA_1000U/LH_246_hlist_0.20000.list,True,0,2431,2431,2431,2431,0.2314,True,True,0,0.000000,True,0,0.000000,True,0,0.000000
LH_246,246,0.25000,data/raw/CAMELS_SIMBA_1000U/LH_246_hlist_0.25000.list,True,0,3822,3822,3822,3822,0.2314,True,True,0,0.000000,True,0,0.000000,True,0,0.000000
LH_246,246,0.51209,data/raw/CAMELS_SIMBA_1000U/LH_246_hlist_0.51209.list,True,0,6531,6531,6531,6531,0.2314,True,True,0,0.000000,True,0,0.000000,True,0,0.000000
LH_246,246,0.75065,data/raw/CAMELS_SIMBA_1000U/LH_246_hlist_0.75065.list,True,0,6538,6538,6538,6538,0.2314,True,True,0,0.000000,True,0,0.000000,True,0,0.000000
LH_246,246,1.00000,data/raw/CAMELS_SIMBA_1000U/LH_246_hlist_1.00000.list,True,0,6733,6733,6733,6733,0.2314,True,True,0,0.000000,True,0,0.000000,True,0,0.000000
LH_247,247,0.20000,data/raw/CAMELS_SIMBA_1000U/LH_247_hlist_0.20000.list,True,0,3886,3886,3886,3886,0.1942,True,True,0,0.000000,True,0,0.000000,True,0,0.000000
LH_247,247,0.25000,data/raw/CAMELS_SIMBA_1000U/LH_247_hlist_0.25000.list,True,0,5478,5478,5478,5478,0.1942,True,True,0,0.000000,True,0,0.000000,True,0,0.000000
LH_247,247,0.51209,data/raw/CAMELS_SIMBA_1000U/LH_247_hlist_0.51209.list,True,0,6522,6522,6522,6522,0.1942,True,True,0,0.000000,True,0,0.000000,True,0,0.000000
LH_247,247,0.75065,data/raw/CAMELS_SIMBA_1000U/LH_247_hlist_0.75065.list,True,0,6183,6183,6183,6183,0.1942,True,True,0,0.000000,True,0,0.000000,True,0,0.000000
LH_247,247,1.00000,data/raw/CAMELS_SIMBA_1000U/LH_247_hlist_1.00000.list,True,0,6435,6435,6435,6435,0.1942,True,True,0,0.000000,True,0,0.000000,True,0,0.000000
LH_248,248,0.20000,data/raw/CAMELS_SIMBA_1000U/LH_248_hlist_0.20000.list,True,0,3303,3303,3303,3303,0.1546,True,True,0,0.000000,True,0,0.000000,True,0,0.000000
LH_248,248,0.25000,data/raw/CAMELS_SIMBA_1000U/LH_248_hlist_0.25000.list,True,0,4488,4488,4488,4488,0.1546,True,True,0,0.000000,True,0,0.000000,True,0,0.000000
LH_248,248,0.51209,data/raw/CAMELS_SIMBA_1000U/LH_248_hlist_0.51209.list,True,0,5643,5643,5643,5643,0.1546,True,True,0,0.000000,True,0,0.000000,True,0,0.000000
LH_248,248,0.75065,data/raw/CAMELS_SIMBA_1000U/LH_248_hlist_0.75065.list,True,0,5542,5542,5542,5542,0.1546,True,True,0,0.000000,True,0,0.000000,True,0,0.000000
LH_248,248,1.00000,data/raw/CAMELS_SIMBA_1000U/LH_248_hlist_1.00000.list,True,0,5963,5963,5963,5963,0.1546,True,True,0,0.000000,True,0,0.000000,True,0,0.000000
LH_249,249,0.20000,data/raw/CAMELS_SIMBA_1000U/LH_249_hlist_0.20000.list,True,0,6350,6350,6350,6350,0.4666,True,True,0,0.000000,True,0,0.000000,True,0,0.000000
LH_249,249,0.25000,data/raw/CAMELS_SIMBA_1000U/LH_249_hlist_0.25000.list,True,0,7707,7707,7707,7707,0.4666,True,True,0,0.000000,True,0,0.000000,True,0,0.000000
LH_249,249,0.51209,data/raw/CAMELS_SIMBA_1000U/LH_249_hlist_0.51209.list,True,0,8683,8683,8683,8683,0.4666,True,True,0,0.000000,True,0,0.000000,True,0,0.000000
LH_249,249,0.75065,data/raw/CAMELS_SIMBA_1000U/LH_249_hlist_0.75065.list,True,0,7702,7702,7702,7702,0.4666,True,True,0,0.000000,True,0,0.000000,True,0,0.000000
LH_249,249,1.00000,data/raw/CAMELS_SIMBA_1000U/LH_249_hlist_1.00000.list,True,0,7234,7234,7234,7234,0.4666,True,True,0,0.000000,True,0,0.000000,True,0,0.000000
LH_250,250,0.20000,data/raw/CAMELS_SIMBA_1000U/LH_250_hlist_0.20000.list,True,0,2258,2258,2258,2258,0.1262,True,True,0,0.000000,True,0,0.000000,True,0,0.000000
LH_250,250,0.25000,data/raw/CAMELS_SIMBA_1000U/LH_250_hlist_0.25000.list,True,0,3502,3502,3502,3502,0.1262,True,True,0,0.000000,True,0,0.000000,True,0,0.000000
LH_250,250,0.51209,data/raw/CAMELS_SIMBA_1000U/LH_250_hlist_0.51209.list,True,0,4578,4578,4578,4578,0.1262,True,True,0,0.000000,True,0,0.000000,True,0,0.000000
LH_250,250,0.75065,data/raw/CAMELS_SIMBA_1000U/LH_250_hlist_0.75065.list,True,0,4740,4740,4740,4740,0.1262,True,True,0,0.000000,True,0,0.000000,True,0,0.000000
LH_250,250,1.00000,data/raw/CAMELS_SIMBA_1000U/LH_250_hlist_1.00000.list,True,0,5149,5149,5149,5149,0.1262,True,True,0,0.000000,True,0,0.000000,True,0,0.000000
LH_251,251,0.20000,data/raw/CAMELS_SIMBA_1000U/LH_251_hlist_0.20000.list,True,0,7662,7662,7662,7662,0.4118,True,True,0,0.000000,True,0,0.000000,True,0,0.000000
LH_251,251,0.25000,data/raw/CAMELS_SIMBA_1000U/LH_251_hlist_0.25000.list,True,0,8186,8186,8186,8186,0.4118,True,True,0,0.000000,True,0,0.000000,True,0,0.000000
LH_251,251,0.51209,data/raw/CAMELS_SIMBA_1000U/LH_251_hlist_0.51209.list,True,0,7741,7741,7741,7741,0.4118,True,True,0,0.000000,True,0,0.000000,True,0,0.000000
LH_251,251,0.75065,data/raw/CAMELS_SIMBA_1000U/LH_251_hlist_0.75065.list,True,0,6619,6619,6619,6619,0.4118,True,True,0,0.000000,True,0,0.000000,True,0,0.000000
LH_251,251,1.00000,data/raw/CAMELS_SIMBA_1000U/LH_251_hlist_1.00000.list,True,0,6284,6284,6284,6284,0.4118,True,True,0,0.000000,True,0,0.000000,True,0,0.000000
LH_252,252,0.20000,data/raw/CAMELS_SIMBA_1000U/LH_252_hlist_0.20000.list,True,0,7782,7782,7782,7782,0.3634,True,True,0,0.000000,True,0,0.000000,True,0,0.000000
LH_252,252,0.25000,data/raw/CAMELS_SIMBA_1000U/LH_252_hlist_0.25000.list,True,0,8303,8303,8303,8303,0.3634,True,True,0,0.000000,True,0,0.000000,True,0,0.000000
LH_252,252,0.51209,data/raw/CAMELS_SIMBA_1000U/LH_252_hlist_0.51209.list,True,0,7248,7248,7248,7248,0.3634,True,True,0,0.000000,True,0,0.000000,True,0,0.000000
LH_252,252,0.75065,data/raw/CAMELS_SIMBA_1000U/LH_252_hlist_0.75065.list,True,0,6098,6098,6098,6098,0.3634,True,True,0,0.000000,True,0,0.000000,True,0,0.000000
LH_252,252,1.00000,data/raw/CAMELS_SIMBA_1000U/LH_252_hlist_1.00000.list,True,0,5947,5947,5947,5947,0.3634,True,True,0,0.000000,True,0,0.000000,True,0,0.000000
LH_253,253,0.20000,data/raw/CAMELS_SIMBA_1000U/LH_253_hlist_0.20000.list,True,0,4219,4219,4219,4219,0.279,True,True,0,0.000000,True,0,0.000000,True,0,0.000000
LH_253,253,0.25000,data/raw/CAMELS_SIMBA_1000U/LH_253_hlist_0.25000.list,True,0,5703,5703,5703,5703,0.279,True,True,0,0.000000,True,0,0.000000,True,0,0.000000
LH_253,253,0.51209,data/raw/CAMELS_SIMBA_1000U/LH_253_hlist_0.51209.list,True,0,7274,7274,7274,7274,0.279,True,True,0,0.000000,True,0,0.000000,True,0,0.000000
LH_253,253,0.75065,data/raw/CAMELS_SIMBA_1000U/LH_253_hlist_0.75065.list,True,0,6607,6607,6607,6607,0.279,True,True,0,0.000000,True,0,0.000000,True,0,0.000000
LH_253,253,1.00000,data/raw/CAMELS_SIMBA_1000U/LH_253_hlist_1.00000.list,True,0,6691,6691,6691,6691,0.279,True,True,0,0.000000,True,0,0.000000,True,0,0.000000
LH_254,254,0.20000,data/raw/CAMELS_SIMBA_1000U/LH_254_hlist_0.20000.list,True,0,4681,4681,4681,4681,0.4002,True,True,0,0.000000,True,0,0.000000,True,0,0.000000
LH_254,254,0.25000,data/raw/CAMELS_SIMBA_1000U/LH_254_hlist_0.25000.list,True,0,6299,6299,6299,6299,0.4002,True,True,0,0.000000,True,0,0.000000,True,0,0.000000
LH_254,254,0.51209,data/raw/CAMELS_SIMBA_1000U/LH_254_hlist_0.51209.list,True,0,8066,8066,8066,8066,0.4002,True,True,0,0.000000,True,0,0.000000,True,0,0.000000
LH_254,254,0.75065,data/raw/CAMELS_SIMBA_1000U/LH_254_hlist_0.75065.list,True,0,7322,7322,7322,7322,0.4002,True,True,0,0.000000,True,0,0.000000,True,0,0.000000
LH_254,254,1.00000,data/raw/CAMELS_SIMBA_1000U/LH_254_hlist_1.00000.list,True,0,7001,7001,7001,7001,0.4002,True,True,0,0.000000,True,0,0.000000,True,0,0.000000
LH_255,255,0.20000,data/raw/CAMELS_SIMBA_1000U/LH_255_hlist_0.20000.list,True,0,5610,5610,5610,5610,0.3158,True,True,0,0.000000,True,0,0.000000,True,0,0.000000
LH_255,255,0.25000,data/raw/CAMELS_SIMBA_1000U/LH_255_hlist_0.25000.list,True,0,6755,6755,6755,6755,0.3158,True,True,0,0.000000,True,0,0.000000,True,0,0.000000
LH_255,255,0.51209,data/raw/CAMELS_SIMBA_1000U/LH_255_hlist_0.51209.list,True,0,7669,7669,7669,7669,0.3158,True,True,0,0.000000,True,0,0.000000,True,0,0.000000
LH_255,255,0.75065,data/raw/CAMELS_SIMBA_1000U/LH_255_hlist_0.75065.list,True,0,6842,6842,6842,6842,0.3158,True,True,0,0.000000,True,0,0.000000,True,0,0.000000
LH_255,255,1.00000,data/raw/CAMELS_SIMBA_1000U/LH_255_hlist_1.00000.list,True,0,6840,6840,6840,6840,0.3158,True,True,0,0.000000,True,0,0.000000,True,0,0.000000
LH_256,256,0.20000,data/raw/CAMELS_SIMBA_1000U/LH_256_hlist_0.20000.list,True,0,7141,7141,7141,7141,0.4382,True,True,0,0.000000,True,0,0.000000,True,0,0.000000
LH_256,256,0.25000,data/raw/CAMELS_SIMBA_1000U/LH_256_hlist_0.25000.list,True,0,8330,8330,8330,8330,0.4382,True,True,0,0.000000,True,0,0.000000,True,0,0.000000
LH_256,256,0.51209,data/raw/CAMELS_SIMBA_1000U/LH_256_hlist_0.51209.list,True,0,7829,7829,7829,7829,0.4382,True,True,0,0.000000,True,0,0.000000,True,0,0.000000
LH_256,256,0.75065,data/raw/CAMELS_SIMBA_1000U/LH_256_hlist_0.75065.list,True,0,6725,6725,6725,6725,0.4382,True,True,0,0.000000,True,0,0.000000,True,0,0.000000
LH_256,256,1.00000,data/raw/CAMELS_SIMBA_1000U/LH_256_hlist_1.00000.list,True,0,6474,6474,6474,6474,0.4382,True,True,0,0.000000,True,0,0.000000,True,0,0.000000
LH_257,257,0.20000,data/raw/CAMELS_SIMBA_1000U/LH_257_hlist_0.20000.list,True,0,1006,1006,1006,1006,0.1358,True,True,0,0.000000,False,494,0.329333,False,994,0.497000
LH_257,257,0.25000,data/raw/CAMELS_SIMBA_1000U/LH_257_hlist_0.25000.list,True,0,2166,2166,2166,2166,0.1358,True,True,0,0.000000,True,0,0.000000,True,0,0.000000
LH_257,257,0.51209,data/raw/CAMELS_SIMBA_1000U/LH_257_hlist_0.51209.list,True,0,5374,5374,5374,5374,0.1358,True,True,0,0.000000,True,0,0.000000,True,0,0.000000
LH_257,257,0.75065,data/raw/CAMELS_SIMBA_1000U/LH_257_hlist_0.75065.list,True,0,5761,5761,5761,5761,0.1358,True,True,0,0.000000,True,0,0.000000,True,0,0.000000
LH_257,257,1.00000,data/raw/CAMELS_SIMBA_1000U/LH_257_hlist_1.00000.list,True,0,6390,6390,6390,6390,0.1358,True,True,0,0.000000,True,0,0.000000,True,0,0.000000
LH_258,258,0.20000,data/raw/CAMELS_SIMBA_1000U/LH_258_hlist_0.20000.list,True,0,1655,1655,1655,1655,0.231,True,True,0,0.000000,True,0,0.000000,False,345,0.172500
LH_258,258,0.25000,data/raw/CAMELS_SIMBA_1000U/LH_258_hlist_0.25000.list,True,0,3321,3321,3321,3321,0.231,True,True,0,0.000000,True,0,0.000000,True,0,0.000000
LH_258,258,0.51209,data/raw/CAMELS_SIMBA_1000U/LH_258_hlist_0.51209.list,True,0,6755,6755,6755,6755,0.231,True,True,0,0.000000,True,0,0.000000,True,0,0.000000
LH_258,258,0.75065,data/raw/CAMELS_SIMBA_1000U/LH_258_hlist_0.75065.list,True,0,6781,6781,6781,6781,0.231,True,True,0,0.000000,True,0,0.000000,True,0,0.000000
LH_258,258,1.00000,data/raw/CAMELS_SIMBA_1000U/LH_258_hlist_1.00000.list,True,0,7105,7105,7105,7105,0.231,True,True,0,0.000000,True,0,0.000000,True,0,0.000000
LH_259,259,0.20000,data/raw/CAMELS_SIMBA_1000U/LH_259_hlist_0.20000.list,True,0,3124,3124,3124,3124,0.1862,True,True,0,0.000000,True,0,0.000000,True,0,0.000000
LH_259,259,0.25000,data/raw/CAMELS_SIMBA_1000U/LH_259_hlist_0.25000.list,True,0,4622,4622,4622,4622,0.1862,True,True,0,0.000000,True,0,0.000000,True,0,0.000000
LH_259,259,0.51209,data/raw/CAMELS_SIMBA_1000U/LH_259_hlist_0.51209.list,True,0,6264,6264,6264,6264,0.1862,True,True,0,0.000000,True,0,0.000000,True,0,0.000000
LH_259,259,0.75065,data/raw/CAMELS_SIMBA_1000U/LH_259_hlist_0.75065.list,True,0,6183,6183,6183,6183,0.1862,True,True,0,0.000000,True,0,0.000000,True,0,0.000000
LH_259,259,1.00000,data/raw/CAMELS_SIMBA_1000U/LH_259_hlist_1.00000.list,True,0,6549,6549,6549,6549,0.1862,True,True,0,0.000000,True,0,0.000000,True,0,0.000000
LH_260,260,0.20000,data/raw/CAMELS_SIMBA_1000U/LH_260_hlist_0.20000.list,True,0,4815,4815,4815,4815,0.4026,True,True,0,0.000000,True,0,0.000000,True,0,0.000000
LH_260,260,0.25000,data/raw/CAMELS_SIMBA_1000U/LH_260_hlist_0.25000.list,True,0,6397,6397,6397,6397,0.4026,True,True,0,0.000000,True,0,0.000000,True,0,0.000000
LH_260,260,0.51209,data/raw/CAMELS_SIMBA_1000U/LH_260_hlist_0.51209.list,True,0,7902,7902,7902,7902,0.4026,True,True,0,0.000000,True,0,0.000000,True,0,0.000000
LH_260,260,0.75065,data/raw/CAMELS_SIMBA_1000U/LH_260_hlist_0.75065.list,True,0,7182,7182,7182,7182,0.4026,True,True,0,0.000000,True,0,0.000000,True,0,0.000000
LH_260,260,1.00000,data/raw/CAMELS_SIMBA_1000U/LH_260_hlist_1.00000.list,True,0,6994,6994,6994,6994,0.4026,True,True,0,0.000000,True,0,0.000000,True,0,0.000000
LH_261,261,0.20000,data/raw/CAMELS_SIMBA_1000U/LH_261_hlist_0.20000.list,True,0,3354,3354,3354,3354,0.3058,True,True,0,0.000000,True,0,0.000000,True,0,0.000000
LH_261,261,0.25000,data/raw/CAMELS_SIMBA_1000U/LH_261_hlist_0.25000.list,True,0,4974,4974,4974,4974,0.3058,True,True,0,0.000000,True,0,0.000000,True,0,0.000000
LH_261,261,0.51209,data/raw/CAMELS_SIMBA_1000U/LH_261_hlist_0.51209.list,True,0,7918,7918,7918,7918,0.3058,True,True,0,0.000000,True,0,0.000000,True,0,0.000000
LH_261,261,0.75065,data/raw/CAMELS_SIMBA_1000U/LH_261_hlist_0.75065.list,True,0,7594,7594,7594,7594,0.3058,True,True,0,0.000000,True,0,0.000000,True,0,0.000000
LH_261,261,1.00000,data/raw/CAMELS_SIMBA_1000U/LH_261_hlist_1.00000.list,True,0,7684,7684,7684,7684,0.3058,True,True,0,0.000000,True,0,0.000000,True,0,0.000000
LH_262,262,0.20000,data/raw/CAMELS_SIMBA_1000U/LH_262_hlist_0.20000.list,True,0,3353,3353,3353,3353,0.2766,True,True,0,0.000000,True,0,0.000000,True,0,0.000000
LH_262,262,0.25000,data/raw/CAMELS_SIMBA_1000U/LH_262_hlist_0.25000.list,True,0,4990,4990,4990,4990,0.2766,True,True,0,0.000000,True,0,0.000000,True,0,0.000000
LH_262,262,0.51209,data/raw/CAMELS_SIMBA_1000U/LH_262_hlist_0.51209.list,True,0,7401,7401,7401,7401,0.2766,True,True,0,0.000000,True,0,0.000000,True,0,0.000000
LH_262,262,0.75065,data/raw/CAMELS_SIMBA_1000U/LH_262_hlist_0.75065.list,True,0,7210,7210,7210,7210,0.2766,True,True,0,0.000000,True,0,0.000000,True,0,0.000000
LH_262,262,1.00000,data/raw/CAMELS_SIMBA_1000U/LH_262_hlist_1.00000.list,True,0,7314,7314,7314,7314,0.2766,True,True,0,0.000000,True,0,0.000000,True,0,0.000000
LH_263,263,0.20000,data/raw/CAMELS_SIMBA_1000U/LH_263_hlist_0.20000.list,True,0,5872,5872,5872,5872,0.3678,True,True,0,0.000000,True,0,0.000000,True,0,0.000000
LH_263,263,0.25000,data/raw/CAMELS_SIMBA_1000U/LH_263_hlist_0.25000.list,True,0,7208,7208,7208,7208,0.3678,True,True,0,0.000000,True,0,0.000000,True,0,0.000000
LH_263,263,0.51209,data/raw/CAMELS_SIMBA_1000U/LH_263_hlist_0.51209.list,True,0,7962,7962,7962,7962,0.3678,True,True,0,0.000000,True,0,0.000000,True,0,0.000000
LH_263,263,0.75065,data/raw/CAMELS_SIMBA_1000U/LH_263_hlist_0.75065.list,True,0,6978,6978,6978,6978,0.3678,True,True,0,0.000000,True,0,0.000000,True,0,0.000000
LH_263,263,1.00000,data/raw/CAMELS_SIMBA_1000U/LH_263_hlist_1.00000.list,True,0,6715,6715,6715,6715,0.3678,True,True,0,0.000000,True,0,0.000000,True,0,0.000000
LH_264,264,0.20000,data/raw/CAMELS_SIMBA_1000U/LH_264_hlist_0.20000.list,True,0,4833,4833,4833,4833,0.3626,True,True,0,0.000000,True,0,0.000000,True,0,0.000000
LH_264,264,0.25000,data/raw/CAMELS_SIMBA_1000U/LH_264_hlist_0.25000.list,True,0,6363,6363,6363,6363,0.3626,True,True,0,0.000000,True,0,0.000000,True,0,0.000000
LH_264,264,0.51209,data/raw/CAMELS_SIMBA_1000U/LH_264_hlist_0.51209.list,True,0,8117,8117,8117,8117,0.3626,True,True,0,0.000000,True,0,0.000000,True,0,0.000000
LH_264,264,0.75065,data/raw/CAMELS_SIMBA_1000U/LH_264_hlist_0.75065.list,True,0,7579,7579,7579,7579,0.3626,True,True,0,0.000000,True,0,0.000000,True,0,0.000000
LH_264,264,1.00000,data/raw/CAMELS_SIMBA_1000U/LH_264_hlist_1.00000.list,True,0,7418,7418,7418,7418,0.3626,True,True,0,0.000000,True,0,0.000000,True,0,0.000000
LH_265,265,0.20000,data/raw/CAMELS_SIMBA_1000U/LH_265_hlist_0.20000.list,True,0,5073,5073,5073,5073,0.2566,True,True,0,0.000000,True,0,0.000000,True,0,0.000000
LH_265,265,0.25000,data/raw/CAMELS_SIMBA_1000U/LH_265_hlist_0.25000.list,True,0,6448,6448,6448,6448,0.2566,True,True,0,0.000000,True,0,0.000000,True,0,0.000000
LH_265,265,0.51209,data/raw/CAMELS_SIMBA_1000U/LH_265_hlist_0.51209.list,True,0,6977,6977,6977,6977,0.2566,True,True,0,0.000000,True,0,0.000000,True,0,0.000000
LH_265,265,0.75065,data/raw/CAMELS_SIMBA_1000U/LH_265_hlist_0.75065.list,True,0,6410,6410,6410,6410,0.2566,True,True,0,0.000000,True,0,0.000000,True,0,0.000000
LH_265,265,1.00000,data/raw/CAMELS_SIMBA_1000U/LH_265_hlist_1.00000.list,True,0,6432,6432,6432,6432,0.2566,True,True,0,0.000000,True,0,0.000000,True,0,0.000000
LH_266,266,0.20000,data/raw/CAMELS_SIMBA_1000U/LH_266_hlist_0.20000.list,True,0,2731,2731,2731,2731,0.2478,True,True,0,0.000000,True,0,0.000000,True,0,0.000000
LH_266,266,0.25000,data/raw/CAMELS_SIMBA_1000U/LH_266_hlist_0.25000.list,True,0,4293,4293,4293,4293,0.2478,True,True,0,0.000000,True,0,0.000000,True,0,0.000000
LH_266,266,0.51209,data/raw/CAMELS_SIMBA_1000U/LH_266_hlist_0.51209.list,True,0,7032,7032,7032,7032,0.2478,True,True,0,0.000000,True,0,0.000000,True,0,0.000000
LH_266,266,0.75065,data/raw/CAMELS_SIMBA_1000U/LH_266_hlist_0.75065.list,True,0,6882,6882,6882,6882,0.2478,True,True,0,0.000000,True,0,0.000000,True,0,0.000000
LH_266,266,1.00000,data/raw/CAMELS_SIMBA_1000U/LH_266_hlist_1.00000.list,True,0,7151,7151,7151,7151,0.2478,True,True,0,0.000000,True,0,0.000000,True,0,0.000000
LH_267,267,0.20000,data/raw/CAMELS_SIMBA_1000U/LH_267_hlist_0.20000.list,True,0,233,233,233,233,0.1194,True,False,767,0.767000,False,1267,0.844667,False,1767,0.883500
LH_267,267,0.25000,data/raw/CAMELS_SIMBA_1000U/LH_267_hlist_0.25000.list,True,0,1094,1094,1094,1094,0.1194,True,True,0,0.000000,False,406,0.270667,False,906,0.453000
LH_267,267,0.51209,data/raw/CAMELS_SIMBA_1000U/LH_267_hlist_0.51209.list,True,0,4202,4202,4202,4202,0.1194,True,True,0,0.000000,True,0,0.000000,True,0,0.000000
LH_267,267,0.75065,data/raw/CAMELS_SIMBA_1000U/LH_267_hlist_0.75065.list,True,0,5004,5004,5004,5004,0.1194,True,True,0,0.000000,True,0,0.000000,True,0,0.000000
LH_267,267,1.00000,data/raw/CAMELS_SIMBA_1000U/LH_267_hlist_1.00000.list,True,0,5818,5818,5818,5818,0.1194,True,True,0,0.000000,True,0,0.000000,True,0,0.000000
LH_268,268,0.20000,data/raw/CAMELS_SIMBA_1000U/LH_268_hlist_0.20000.list,True,0,6345,6345,6345,6345,0.2926,True,True,0,0.000000,True,0,0.000000,True,0,0.000000
LH_268,268,0.25000,data/raw/CAMELS_SIMBA_1000U/LH_268_hlist_0.25000.list,True,0,7144,7144,7144,7144,0.2926,True,True,0,0.000000,True,0,0.000000,True,0,0.000000
LH_268,268,0.51209,data/raw/CAMELS_SIMBA_1000U/LH_268_hlist_0.51209.list,True,0,7109,7109,7109,7109,0.2926,True,True,0,0.000000,True,0,0.000000,True,0,0.000000
LH_268,268,0.75065,data/raw/CAMELS_SIMBA_1000U/LH_268_hlist_0.75065.list,True,0,6469,6469,6469,6469,0.2926,True,True,0,0.000000,True,0,0.000000,True,0,0.000000
LH_268,268,1.00000,data/raw/CAMELS_SIMBA_1000U/LH_268_hlist_1.00000.list,True,0,6592,6592,6592,6592,0.2926,True,True,0,0.000000,True,0,0.000000,True,0,0.000000
LH_269,269,0.20000,data/raw/CAMELS_SIMBA_1000U/LH_269_hlist_0.20000.list,True,0,6655,6655,6655,6655,0.353,True,True,0,0.000000,True,0,0.000000,True,0,0.000000
LH_269,269,0.25000,data/raw/CAMELS_SIMBA_1000U/LH_269_hlist_0.25000.list,True,0,7503,7503,7503,7503,0.353,True,True,0,0.000000,True,0,0.000000,True,0,0.000000
LH_269,269,0.51209,data/raw/CAMELS_SIMBA_1000U/LH_269_hlist_0.51209.list,True,0,7424,7424,7424,7424,0.353,True,True,0,0.000000,True,0,0.000000,True,0,0.000000
LH_269,269,0.75065,data/raw/CAMELS_SIMBA_1000U/LH_269_hlist_0.75065.list,True,0,6441,6441,6441,6441,0.353,True,True,0,0.000000,True,0,0.000000,True,0,0.000000
LH_269,269,1.00000,data/raw/CAMELS_SIMBA_1000U/LH_269_hlist_1.00000.list,True,0,6373,6373,6373,6373,0.353,True,True,0,0.000000,True,0,0.000000,True,0,0.000000
LH_270,270,0.20000,data/raw/CAMELS_SIMBA_1000U/LH_270_hlist_0.20000.list,True,0,865,865,865,865,0.1166,True,False,135,0.135000,False,635,0.423333,False,1135,0.567500
LH_270,270,0.25000,data/raw/CAMELS_SIMBA_1000U/LH_270_hlist_0.25000.list,True,0,2050,2050,2050,2050,0.1166,True,True,0,0.000000,True,0,0.000000,True,0,0.000000
LH_270,270,0.51209,data/raw/CAMELS_SIMBA_1000U/LH_270_hlist_0.51209.list,True,0,4401,4401,4401,4401,0.1166,True,True,0,0.000000,True,0,0.000000,True,0,0.000000
LH_270,270,0.75065,data/raw/CAMELS_SIMBA_1000U/LH_270_hlist_0.75065.list,True,0,4829,4829,4829,4829,0.1166,True,True,0,0.000000,True,0,0.000000,True,0,0.000000
LH_270,270,1.00000,data/raw/CAMELS_SIMBA_1000U/LH_270_hlist_1.00000.list,True,0,5477,5477,5477,5477,0.1166,True,True,0,0.000000,True,0,0.000000,True,0,0.000000
LH_271,271,0.20000,data/raw/CAMELS_SIMBA_1000U/LH_271_hlist_0.20000.list,True,0,6251,6251,6251,6251,0.3862,True,True,0,0.000000,True,0,0.000000,True,0,0.000000
LH_271,271,0.25000,data/raw/CAMELS_SIMBA_1000U/LH_271_hlist_0.25000.list,True,0,7453,7453,7453,7453,0.3862,True,True,0,0.000000,True,0,0.000000,True,0,0.000000
LH_271,271,0.51209,data/raw/CAMELS_SIMBA_1000U/LH_271_hlist_0.51209.list,True,0,7610,7610,7610,7610,0.3862,True,True,0,0.000000,True,0,0.000000,True,0,0.000000
LH_271,271,0.75065,data/raw/CAMELS_SIMBA_1000U/LH_271_hlist_0.75065.list,True,0,6361,6361,6361,6361,0.3862,True,True,0,0.000000,True,0,0.000000,True,0,0.000000
LH_271,271,1.00000,data/raw/CAMELS_SIMBA_1000U/LH_271_hlist_1.00000.list,True,0,6090,6090,6090,6090,0.3862,True,True,0,0.000000,True,0,0.000000,True,0,0.000000
LH_272,272,0.20000,data/raw/CAMELS_SIMBA_1000U/LH_272_hlist_0.20000.list,True,0,4266,4266,4266,4266,0.281,True,True,0,0.000000,True,0,0.000000,True,0,0.000000
LH_272,272,0.25000,data/raw/CAMELS_SIMBA_1000U/LH_272_hlist_0.25000.list,True,0,5771,5771,5771,5771,0.281,True,True,0,0.000000,True,0,0.000000,True,0,0.000000
LH_272,272,0.51209,data/raw/CAMELS_SIMBA_1000U/LH_272_hlist_0.51209.list,True,0,7382,7382,7382,7382,0.281,True,True,0,0.000000,True,0,0.000000,True,0,0.000000
LH_272,272,0.75065,data/raw/CAMELS_SIMBA_1000U/LH_272_hlist_0.75065.list,True,0,6842,6842,6842,6842,0.281,True,True,0,0.000000,True,0,0.000000,True,0,0.000000
LH_272,272,1.00000,data/raw/CAMELS_SIMBA_1000U/LH_272_hlist_1.00000.list,True,0,6913,6913,6913,6913,0.281,True,True,0,0.000000,True,0,0.000000,True,0,0.000000
LH_273,273,0.20000,data/raw/CAMELS_SIMBA_1000U/LH_273_hlist_0.20000.list,True,0,4444,4444,4444,4444,0.183,True,True,0,0.000000,True,0,0.000000,True,0,0.000000
LH_273,273,0.25000,data/raw/CAMELS_SIMBA_1000U/LH_273_hlist_0.25000.list,True,0,5629,5629,5629,5629,0.183,True,True,0,0.000000,True,0,0.000000,True,0,0.000000
LH_273,273,0.51209,data/raw/CAMELS_SIMBA_1000U/LH_273_hlist_0.51209.list,True,0,5780,5780,5780,5780,0.183,True,True,0,0.000000,True,0,0.000000,True,0,0.000000
LH_273,273,0.75065,data/raw/CAMELS_SIMBA_1000U/LH_273_hlist_0.75065.list,True,0,5363,5363,5363,5363,0.183,True,True,0,0.000000,True,0,0.000000,True,0,0.000000
LH_273,273,1.00000,data/raw/CAMELS_SIMBA_1000U/LH_273_hlist_1.00000.list,True,0,5425,5425,5425,5425,0.183,True,True,0,0.000000,True,0,0.000000,True,0,0.000000
LH_274,274,0.20000,data/raw/CAMELS_SIMBA_1000U/LH_274_hlist_0.20000.list,True,0,5521,5521,5521,5521,0.275,True,True,0,0.000000,True,0,0.000000,True,0,0.000000
LH_274,274,0.25000,data/raw/CAMELS_SIMBA_1000U/LH_274_hlist_0.25000.list,True,0,6746,6746,6746,6746,0.275,True,True,0,0.000000,True,0,0.000000,True,0,0.000000
LH_274,274,0.51209,data/raw/CAMELS_SIMBA_1000U/LH_274_hlist_0.51209.list,True,0,7239,7239,7239,7239,0.275,True,True,0,0.000000,True,0,0.000000,True,0,0.000000
LH_274,274,0.75065,data/raw/CAMELS_SIMBA_1000U/LH_274_hlist_0.75065.list,True,0,6423,6423,6423,6423,0.275,True,True,0,0.000000,True,0,0.000000,True,0,0.000000
LH_274,274,1.00000,data/raw/CAMELS_SIMBA_1000U/LH_274_hlist_1.00000.list,True,0,6596,6596,6596,6596,0.275,True,True,0,0.000000,True,0,0.000000,True,0,0.000000
LH_275,275,0.20000,data/raw/CAMELS_SIMBA_1000U/LH_275_hlist_0.20000.list,True,0,4201,4201,4201,4201,0.347,True,True,0,0.000000,True,0,0.000000,True,0,0.000000
LH_275,275,0.25000,data/raw/CAMELS_SIMBA_1000U/LH_275_hlist_0.25000.list,True,0,5858,5858,5858,5858,0.347,True,True,0,0.000000,True,0,0.000000,True,0,0.000000
LH_275,275,0.51209,data/raw/CAMELS_SIMBA_1000U/LH_275_hlist_0.51209.list,True,0,7635,7635,7635,7635,0.347,True,True,0,0.000000,True,0,0.000000,True,0,0.000000
LH_275,275,0.75065,data/raw/CAMELS_SIMBA_1000U/LH_275_hlist_0.75065.list,True,0,6918,6918,6918,6918,0.347,True,True,0,0.000000,True,0,0.000000,True,0,0.000000
LH_275,275,1.00000,data/raw/CAMELS_SIMBA_1000U/LH_275_hlist_1.00000.list,True,0,6906,6906,6906,6906,0.347,True,True,0,0.000000,True,0,0.000000,True,0,0.000000
LH_276,276,0.20000,data/raw/CAMELS_SIMBA_1000U/LH_276_hlist_0.20000.list,True,0,7906,7906,7906,7906,0.4458,True,True,0,0.000000,True,0,0.000000,True,0,0.000000
LH_276,276,0.25000,data/raw/CAMELS_SIMBA_1000U/LH_276_hlist_0.25000.list,True,0,8645,8645,8645,8645,0.4458,True,True,0,0.000000,True,0,0.000000,True,0,0.000000
LH_276,276,0.51209,data/raw/CAMELS_SIMBA_1000U/LH_276_hlist_0.51209.list,True,0,7659,7659,7659,7659,0.4458,True,True,0,0.000000,True,0,0.000000,True,0,0.000000
LH_276,276,0.75065,data/raw/CAMELS_SIMBA_1000U/LH_276_hlist_0.75065.list,True,0,6475,6475,6475,6475,0.4458,True,True,0,0.000000,True,0,0.000000,True,0,0.000000
LH_276,276,1.00000,data/raw/CAMELS_SIMBA_1000U/LH_276_hlist_1.00000.list,True,0,6028,6028,6028,6028,0.4458,True,True,0,0.000000,True,0,0.000000,True,0,0.000000
LH_277,277,0.20000,data/raw/CAMELS_SIMBA_1000U/LH_277_hlist_0.20000.list,True,0,6555,6555,6555,6555,0.3606,True,True,0,0.000000,True,0,0.000000,True,0,0.000000
LH_277,277,0.25000,data/raw/CAMELS_SIMBA_1000U/LH_277_hlist_0.25000.list,True,0,7666,7666,7666,7666,0.3606,True,True,0,0.000000,True,0,0.000000,True,0,0.000000
LH_277,277,0.51209,data/raw/CAMELS_SIMBA_1000U/LH_277_hlist_0.51209.list,True,0,7463,7463,7463,7463,0.3606,True,True,0,0.000000,True,0,0.000000,True,0,0.000000
LH_277,277,0.75065,data/raw/CAMELS_SIMBA_1000U/LH_277_hlist_0.75065.list,True,0,6399,6399,6399,6399,0.3606,True,True,0,0.000000,True,0,0.000000,True,0,0.000000
LH_277,277,1.00000,data/raw/CAMELS_SIMBA_1000U/LH_277_hlist_1.00000.list,True,0,6247,6247,6247,6247,0.3606,True,True,0,0.000000,True,0,0.000000,True,0,0.000000
LH_278,278,0.20000,data/raw/CAMELS_SIMBA_1000U/LH_278_hlist_0.20000.list,True,0,2480,2480,2480,2480,0.1578,True,True,0,0.000000,True,0,0.000000,True,0,0.000000
LH_278,278,0.25000,data/raw/CAMELS_SIMBA_1000U/LH_278_hlist_0.25000.list,True,0,4005,4005,4005,4005,0.1578,True,True,0,0.000000,True,0,0.000000,True,0,0.000000
LH_278,278,0.51209,data/raw/CAMELS_SIMBA_1000U/LH_278_hlist_0.51209.list,True,0,5208,5208,5208,5208,0.1578,True,True,0,0.000000,True,0,0.000000,True,0,0.000000
LH_278,278,0.75065,data/raw/CAMELS_SIMBA_1000U/LH_278_hlist_0.75065.list,True,0,5076,5076,5076,5076,0.1578,True,True,0,0.000000,True,0,0.000000,True,0,0.000000
LH_278,278,1.00000,data/raw/CAMELS_SIMBA_1000U/LH_278_hlist_1.00000.list,True,0,5423,5423,5423,5423,0.1578,True,True,0,0.000000,True,0,0.000000,True,0,0.000000
LH_279,279,0.20000,data/raw/CAMELS_SIMBA_1000U/LH_279_hlist_0.20000.list,True,0,5935,5935,5935,5935,0.4094,True,True,0,0.000000,True,0,0.000000,True,0,0.000000
LH_279,279,0.25000,data/raw/CAMELS_SIMBA_1000U/LH_279_hlist_0.25000.list,True,0,7277,7277,7277,7277,0.4094,True,True,0,0.000000,True,0,0.000000,True,0,0.000000
LH_279,279,0.51209,data/raw/CAMELS_SIMBA_1000U/LH_279_hlist_0.51209.list,True,0,8642,8642,8642,8642,0.4094,True,True,0,0.000000,True,0,0.000000,True,0,0.000000
LH_279,279,0.75065,data/raw/CAMELS_SIMBA_1000U/LH_279_hlist_0.75065.list,True,0,7819,7819,7819,7819,0.4094,True,True,0,0.000000,True,0,0.000000,True,0,0.000000
LH_279,279,1.00000,data/raw/CAMELS_SIMBA_1000U/LH_279_hlist_1.00000.list,True,0,7646,7646,7646,7646,0.4094,True,True,0,0.000000,True,0,0.000000,True,0,0.000000
LH_280,280,0.20000,data/raw/CAMELS_SIMBA_1000U/LH_280_hlist_0.20000.list,True,0,6909,6909,6909,6909,0.3414,True,True,0,0.000000,True,0,0.000000,True,0,0.000000
LH_280,280,0.25000,data/raw/CAMELS_SIMBA_1000U/LH_280_hlist_0.25000.list,True,0,7777,7777,7777,7777,0.3414,True,True,0,0.000000,True,0,0.000000,True,0,0.000000
LH_280,280,0.51209,data/raw/CAMELS_SIMBA_1000U/LH_280_hlist_0.51209.list,True,0,7239,7239,7239,7239,0.3414,True,True,0,0.000000,True,0,0.000000,True,0,0.000000
LH_280,280,0.75065,data/raw/CAMELS_SIMBA_1000U/LH_280_hlist_0.75065.list,True,0,6357,6357,6357,6357,0.3414,True,True,0,0.000000,True,0,0.000000,True,0,0.000000
LH_280,280,1.00000,data/raw/CAMELS_SIMBA_1000U/LH_280_hlist_1.00000.list,True,0,6165,6165,6165,6165,0.3414,True,True,0,0.000000,True,0,0.000000,True,0,0.000000
LH_281,281,0.20000,data/raw/CAMELS_SIMBA_1000U/LH_281_hlist_0.20000.list,True,0,5776,5776,5776,5776,0.2838,True,True,0,0.000000,True,0,0.000000,True,0,0.000000
LH_281,281,0.25000,data/raw/CAMELS_SIMBA_1000U/LH_281_hlist_0.25000.list,True,0,6993,6993,6993,6993,0.2838,True,True,0,0.000000,True,0,0.000000,True,0,0.000000
LH_281,281,0.51209,data/raw/CAMELS_SIMBA_1000U/LH_281_hlist_0.51209.list,True,0,7438,7438,7438,7438,0.2838,True,True,0,0.000000,True,0,0.000000,True,0,0.000000
LH_281,281,0.75065,data/raw/CAMELS_SIMBA_1000U/LH_281_hlist_0.75065.list,True,0,6781,6781,6781,6781,0.2838,True,True,0,0.000000,True,0,0.000000,True,0,0.000000
LH_281,281,1.00000,data/raw/CAMELS_SIMBA_1000U/LH_281_hlist_1.00000.list,True,0,6857,6857,6857,6857,0.2838,True,True,0,0.000000,True,0,0.000000,True,0,0.000000
LH_282,282,0.20000,data/raw/CAMELS_SIMBA_1000U/LH_282_hlist_0.20000.list,True,0,7171,7171,7171,7171,0.4174,True,True,0,0.000000,True,0,0.000000,True,0,0.000000
LH_282,282,0.25000,data/raw/CAMELS_SIMBA_1000U/LH_282_hlist_0.25000.list,True,0,8181,8181,8181,8181,0.4174,True,True,0,0.000000,True,0,0.000000,True,0,0.000000
LH_282,282,0.51209,data/raw/CAMELS_SIMBA_1000U/LH_282_hlist_0.51209.list,True,0,7774,7774,7774,7774,0.4174,True,True,0,0.000000,True,0,0.000000,True,0,0.000000
LH_282,282,0.75065,data/raw/CAMELS_SIMBA_1000U/LH_282_hlist_0.75065.list,True,0,6873,6873,6873,6873,0.4174,True,True,0,0.000000,True,0,0.000000,True,0,0.000000
LH_282,282,1.00000,data/raw/CAMELS_SIMBA_1000U/LH_282_hlist_1.00000.list,True,0,6485,6485,6485,6485,0.4174,True,True,0,0.000000,True,0,0.000000,True,0,0.000000
LH_283,283,0.20000,data/raw/CAMELS_SIMBA_1000U/LH_283_hlist_0.20000.list,True,0,8730,8730,8730,8730,0.4582,True,True,0,0.000000,True,0,0.000000,True,0,0.000000
LH_283,283,0.25000,data/raw/CAMELS_SIMBA_1000U/LH_283_hlist_0.25000.list,True,0,9242,9242,9242,9242,0.4582,True,True,0,0.000000,True,0,0.000000,True,0,0.000000
LH_283,283,0.51209,data/raw/CAMELS_SIMBA_1000U/LH_283_hlist_0.51209.list,True,0,7848,7848,7848,7848,0.4582,True,True,0,0.000000,True,0,0.000000,True,0,0.000000
LH_283,283,0.75065,data/raw/CAMELS_SIMBA_1000U/LH_283_hlist_0.75065.list,True,0,6182,6182,6182,6182,0.4582,True,True,0,0.000000,True,0,0.000000,True,0,0.000000
LH_283,283,1.00000,data/raw/CAMELS_SIMBA_1000U/LH_283_hlist_1.00000.list,True,0,5815,5815,5815,5815,0.4582,True,True,0,0.000000,True,0,0.000000,True,0,0.000000
LH_284,284,0.20000,data/raw/CAMELS_SIMBA_1000U/LH_284_hlist_0.20000.list,True,0,2863,2863,2863,2863,0.283,True,True,0,0.000000,True,0,0.000000,True,0,0.000000
LH_284,284,0.25000,data/raw/CAMELS_SIMBA_1000U/LH_284_hlist_0.25000.list,True,0,4591,4591,4591,4591,0.283,True,True,0,0.000000,True,0,0.000000,True,0,0.000000
LH_284,284,0.51209,data/raw/CAMELS_SIMBA_1000U/LH_284_hlist_0.51209.list,True,0,7634,7634,7634,7634,0.283,True,True,0,0.000000,True,0,0.000000,True,0,0.000000
LH_284,284,0.75065,data/raw/CAMELS_SIMBA_1000U/LH_284_hlist_0.75065.list,True,0,7592,7592,7592,7592,0.283,True,True,0,0.000000,True,0,0.000000,True,0,0.000000
LH_284,284,1.00000,data/raw/CAMELS_SIMBA_1000U/LH_284_hlist_1.00000.list,True,0,7777,7777,7777,7777,0.283,True,True,0,0.000000,True,0,0.000000,True,0,0.000000
LH_285,285,0.20000,data/raw/CAMELS_SIMBA_1000U/LH_285_hlist_0.20000.list,True,0,3967,3967,3967,3967,0.321,True,True,0,0.000000,True,0,0.000000,True,0,0.000000
LH_285,285,0.25000,data/raw/CAMELS_SIMBA_1000U/LH_285_hlist_0.25000.list,True,0,5408,5408,5408,5408,0.321,True,True,0,0.000000,True,0,0.000000,True,0,0.000000
LH_285,285,0.51209,data/raw/CAMELS_SIMBA_1000U/LH_285_hlist_0.51209.list,True,0,7682,7682,7682,7682,0.321,True,True,0,0.000000,True,0,0.000000,True,0,0.000000
LH_285,285,0.75065,data/raw/CAMELS_SIMBA_1000U/LH_285_hlist_0.75065.list,True,0,7277,7277,7277,7277,0.321,True,True,0,0.000000,True,0,0.000000,True,0,0.000000
LH_285,285,1.00000,data/raw/CAMELS_SIMBA_1000U/LH_285_hlist_1.00000.list,True,0,7240,7240,7240,7240,0.321,True,True,0,0.000000,True,0,0.000000,True,0,0.000000
LH_286,286,0.20000,data/raw/CAMELS_SIMBA_1000U/LH_286_hlist_0.20000.list,True,0,6275,6275,6275,6275,0.2758,True,True,0,0.000000,True,0,0.000000,True,0,0.000000
LH_286,286,0.25000,data/raw/CAMELS_SIMBA_1000U/LH_286_hlist_0.25000.list,True,0,7113,7113,7113,7113,0.2758,True,True,0,0.000000,True,0,0.000000,True,0,0.000000
LH_286,286,0.51209,data/raw/CAMELS_SIMBA_1000U/LH_286_hlist_0.51209.list,True,0,6807,6807,6807,6807,0.2758,True,True,0,0.000000,True,0,0.000000,True,0,0.000000
LH_286,286,0.75065,data/raw/CAMELS_SIMBA_1000U/LH_286_hlist_0.75065.list,True,0,6197,6197,6197,6197,0.2758,True,True,0,0.000000,True,0,0.000000,True,0,0.000000
LH_286,286,1.00000,data/raw/CAMELS_SIMBA_1000U/LH_286_hlist_1.00000.list,True,0,6135,6135,6135,6135,0.2758,True,True,0,0.000000,True,0,0.000000,True,0,0.000000
LH_287,287,0.20000,data/raw/CAMELS_SIMBA_1000U/LH_287_hlist_0.20000.list,True,0,3831,3831,3831,3831,0.4306,True,True,0,0.000000,True,0,0.000000,True,0,0.000000
LH_287,287,0.25000,data/raw/CAMELS_SIMBA_1000U/LH_287_hlist_0.25000.list,True,0,5529,5529,5529,5529,0.4306,True,True,0,0.000000,True,0,0.000000,True,0,0.000000
LH_287,287,0.51209,data/raw/CAMELS_SIMBA_1000U/LH_287_hlist_0.51209.list,True,0,8262,8262,8262,8262,0.4306,True,True,0,0.000000,True,0,0.000000,True,0,0.000000
LH_287,287,0.75065,data/raw/CAMELS_SIMBA_1000U/LH_287_hlist_0.75065.list,True,0,7863,7863,7863,7863,0.4306,True,True,0,0.000000,True,0,0.000000,True,0,0.000000
LH_287,287,1.00000,data/raw/CAMELS_SIMBA_1000U/LH_287_hlist_1.00000.list,True,0,7493,7493,7493,7493,0.4306,True,True,0,0.000000,True,0,0.000000,True,0,0.000000
LH_288,288,0.20000,data/raw/CAMELS_SIMBA_1000U/LH_288_hlist_0.20000.list,True,0,2485,2485,2485,2485,0.141,True,True,0,0.000000,True,0,0.000000,True,0,0.000000
LH_288,288,0.25000,data/raw/CAMELS_SIMBA_1000U/LH_288_hlist_0.25000.list,True,0,3856,3856,3856,3856,0.141,True,True,0,0.000000,True,0,0.000000,True,0,0.000000
LH_288,288,0.51209,data/raw/CAMELS_SIMBA_1000U/LH_288_hlist_0.51209.list,True,0,5327,5327,5327,5327,0.141,True,True,0,0.000000,True,0,0.000000,True,0,0.000000
LH_288,288,0.75065,data/raw/CAMELS_SIMBA_1000U/LH_288_hlist_0.75065.list,True,0,5436,5436,5436,5436,0.141,True,True,0,0.000000,True,0,0.000000,True,0,0.000000
LH_288,288,1.00000,data/raw/CAMELS_SIMBA_1000U/LH_288_hlist_1.00000.list,True,0,5886,5886,5886,5886,0.141,True,True,0,0.000000,True,0,0.000000,True,0,0.000000
LH_289,289,0.20000,data/raw/CAMELS_SIMBA_1000U/LH_289_hlist_0.20000.list,True,0,5218,5218,5218,5218,0.2074,True,True,0,0.000000,True,0,0.000000,True,0,0.000000
LH_289,289,0.25000,data/raw/CAMELS_SIMBA_1000U/LH_289_hlist_0.25000.list,True,0,6286,6286,6286,6286,0.2074,True,True,0,0.000000,True,0,0.000000,True,0,0.000000
LH_289,289,0.51209,data/raw/CAMELS_SIMBA_1000U/LH_289_hlist_0.51209.list,True,0,5979,5979,5979,5979,0.2074,True,True,0,0.000000,True,0,0.000000,True,0,0.000000
LH_289,289,0.75065,data/raw/CAMELS_SIMBA_1000U/LH_289_hlist_0.75065.list,True,0,5737,5737,5737,5737,0.2074,True,True,0,0.000000,True,0,0.000000,True,0,0.000000
LH_289,289,1.00000,data/raw/CAMELS_SIMBA_1000U/LH_289_hlist_1.00000.list,True,0,5928,5928,5928,5928,0.2074,True,True,0,0.000000,True,0,0.000000,True,0,0.000000
LH_290,290,0.20000,data/raw/CAMELS_SIMBA_1000U/LH_290_hlist_0.20000.list,True,0,7477,7477,7477,7477,0.3714,True,True,0,0.000000,True,0,0.000000,True,0,0.000000
LH_290,290,0.25000,data/raw/CAMELS_SIMBA_1000U/LH_290_hlist_0.25000.list,True,0,8253,8253,8253,8253,0.3714,True,True,0,0.000000,True,0,0.000000,True,0,0.000000
LH_290,290,0.51209,data/raw/CAMELS_SIMBA_1000U/LH_290_hlist_0.51209.list,True,0,7230,7230,7230,7230,0.3714,True,True,0,0.000000,True,0,0.000000,True,0,0.000000
LH_290,290,0.75065,data/raw/CAMELS_SIMBA_1000U/LH_290_hlist_0.75065.list,True,0,6312,6312,6312,6312,0.3714,True,True,0,0.000000,True,0,0.000000,True,0,0.000000
LH_290,290,1.00000,data/raw/CAMELS_SIMBA_1000U/LH_290_hlist_1.00000.list,True,0,6031,6031,6031,6031,0.3714,True,True,0,0.000000,True,0,0.000000,True,0,0.000000
LH_291,291,0.20000,data/raw/CAMELS_SIMBA_1000U/LH_291_hlist_0.20000.list,True,0,6969,6969,6969,6969,0.3118,True,True,0,0.000000,True,0,0.000000,True,0,0.000000
LH_291,291,0.25000,data/raw/CAMELS_SIMBA_1000U/LH_291_hlist_0.25000.list,True,0,7531,7531,7531,7531,0.3118,True,True,0,0.000000,True,0,0.000000,True,0,0.000000
LH_291,291,0.51209,data/raw/CAMELS_SIMBA_1000U/LH_291_hlist_0.51209.list,True,0,6632,6632,6632,6632,0.3118,True,True,0,0.000000,True,0,0.000000,True,0,0.000000
LH_291,291,0.75065,data/raw/CAMELS_SIMBA_1000U/LH_291_hlist_0.75065.list,True,0,5819,5819,5819,5819,0.3118,True,True,0,0.000000,True,0,0.000000,True,0,0.000000
LH_291,291,1.00000,data/raw/CAMELS_SIMBA_1000U/LH_291_hlist_1.00000.list,True,0,5803,5803,5803,5803,0.3118,True,True,0,0.000000,True,0,0.000000,True,0,0.000000
LH_292,292,0.20000,data/raw/CAMELS_SIMBA_1000U/LH_292_hlist_0.20000.list,True,0,8377,8377,8377,8377,0.4926,True,True,0,0.000000,True,0,0.000000,True,0,0.000000
LH_292,292,0.25000,data/raw/CAMELS_SIMBA_1000U/LH_292_hlist_0.25000.list,True,0,9096,9096,9096,9096,0.4926,True,True,0,0.000000,True,0,0.000000,True,0,0.000000
LH_292,292,0.51209,data/raw/CAMELS_SIMBA_1000U/LH_292_hlist_0.51209.list,True,0,8369,8369,8369,8369,0.4926,True,True,0,0.000000,True,0,0.000000,True,0,0.000000
LH_292,292,0.75065,data/raw/CAMELS_SIMBA_1000U/LH_292_hlist_0.75065.list,True,0,6938,6938,6938,6938,0.4926,True,True,0,0.000000,True,0,0.000000,True,0,0.000000
LH_292,292,1.00000,data/raw/CAMELS_SIMBA_1000U/LH_292_hlist_1.00000.list,True,0,6346,6346,6346,6346,0.4926,True,True,0,0.000000,True,0,0.000000,True,0,0.000000
LH_293,293,0.20000,data/raw/CAMELS_SIMBA_1000U/LH_293_hlist_0.20000.list,True,0,5314,5314,5314,5314,0.2978,True,True,0,0.000000,True,0,0.000000,True,0,0.000000
LH_293,293,0.25000,data/raw/CAMELS_SIMBA_1000U/LH_293_hlist_0.25000.list,True,0,6759,6759,6759,6759,0.2978,True,True,0,0.000000,True,0,0.000000,True,0,0.000000
LH_293,293,0.51209,data/raw/CAMELS_SIMBA_1000U/LH_293_hlist_0.51209.list,True,0,7518,7518,7518,7518,0.2978,True,True,0,0.000000,True,0,0.000000,True,0,0.000000
LH_293,293,0.75065,data/raw/CAMELS_SIMBA_1000U/LH_293_hlist_0.75065.list,True,0,6776,6776,6776,6776,0.2978,True,True,0,0.000000,True,0,0.000000,True,0,0.000000
LH_293,293,1.00000,data/raw/CAMELS_SIMBA_1000U/LH_293_hlist_1.00000.list,True,0,6828,6828,6828,6828,0.2978,True,True,0,0.000000,True,0,0.000000,True,0,0.000000
LH_294,294,0.20000,data/raw/CAMELS_SIMBA_1000U/LH_294_hlist_0.20000.list,True,0,1800,1800,1800,1800,0.2558,True,True,0,0.000000,True,0,0.000000,False,200,0.100000
LH_294,294,0.25000,data/raw/CAMELS_SIMBA_1000U/LH_294_hlist_0.25000.list,True,0,3404,3404,3404,3404,0.2558,True,True,0,0.000000,True,0,0.000000,True,0,0.000000
LH_294,294,0.51209,data/raw/CAMELS_SIMBA_1000U/LH_294_hlist_0.51209.list,True,0,7447,7447,7447,7447,0.2558,True,True,0,0.000000,True,0,0.000000,True,0,0.000000
LH_294,294,0.75065,data/raw/CAMELS_SIMBA_1000U/LH_294_hlist_0.75065.list,True,0,7635,7635,7635,7635,0.2558,True,True,0,0.000000,True,0,0.000000,True,0,0.000000
LH_294,294,1.00000,data/raw/CAMELS_SIMBA_1000U/LH_294_hlist_1.00000.list,True,0,8100,8100,8100,8100,0.2558,True,True,0,0.000000,True,0,0.000000,True,0,0.000000
LH_295,295,0.20000,data/raw/CAMELS_SIMBA_1000U/LH_295_hlist_0.20000.list,True,0,719,719,719,719,0.149,True,False,281,0.281000,False,781,0.520667,False,1281,0.640500
LH_295,295,0.25000,data/raw/CAMELS_SIMBA_1000U/LH_295_hlist_0.25000.list,True,0,1815,1815,1815,1815,0.149,True,True,0,0.000000,True,0,0.000000,False,185,0.092500
LH_295,295,0.51209,data/raw/CAMELS_SIMBA_1000U/LH_295_hlist_0.51209.list,True,0,5488,5488,5488,5488,0.149,True,True,0,0.000000,True,0,0.000000,True,0,0.000000
LH_295,295,0.75065,data/raw/CAMELS_SIMBA_1000U/LH_295_hlist_0.75065.list,True,0,6088,6088,6088,6088,0.149,True,True,0,0.000000,True,0,0.000000,True,0,0.000000
LH_295,295,1.00000,data/raw/CAMELS_SIMBA_1000U/LH_295_hlist_1.00000.list,True,0,6823,6823,6823,6823,0.149,True,True,0,0.000000,True,0,0.000000,True,0,0.000000
LH_296,296,0.20000,data/raw/CAMELS_SIMBA_1000U/LH_296_hlist_0.20000.list,True,0,5067,5067,5067,5067,0.2442,True,True,0,0.000000,True,0,0.000000,True,0,0.000000
LH_296,296,0.25000,data/raw/CAMELS_SIMBA_1000U/LH_296_hlist_0.25000.list,True,0,6188,6188,6188,6188,0.2442,True,True,0,0.000000,True,0,0.000000,True,0,0.000000
LH_296,296,0.51209,data/raw/CAMELS_SIMBA_1000U/LH_296_hlist_0.51209.list,True,0,6340,6340,6340,6340,0.2442,True,True,0,0.000000,True,0,0.000000,True,0,0.000000
LH_296,296,0.75065,data/raw/CAMELS_SIMBA_1000U/LH_296_hlist_0.75065.list,True,0,5859,5859,5859,5859,0.2442,True,True,0,0.000000,True,0,0.000000,True,0,0.000000
LH_296,296,1.00000,data/raw/CAMELS_SIMBA_1000U/LH_296_hlist_1.00000.list,True,0,5949,5949,5949,5949,0.2442,True,True,0,0.000000,True,0,0.000000,True,0,0.000000
LH_297,297,0.20000,data/raw/CAMELS_SIMBA_1000U/LH_297_hlist_0.20000.list,True,0,2566,2566,2566,2566,0.161,True,True,0,0.000000,True,0,0.000000,True,0,0.000000
LH_297,297,0.25000,data/raw/CAMELS_SIMBA_1000U/LH_297_hlist_0.25000.list,True,0,3958,3958,3958,3958,0.161,True,True,0,0.000000,True,0,0.000000,True,0,0.000000
LH_297,297,0.51209,data/raw/CAMELS_SIMBA_1000U/LH_297_hlist_0.51209.list,True,0,6219,6219,6219,6219,0.161,True,True,0,0.000000,True,0,0.000000,True,0,0.000000
LH_297,297,0.75065,data/raw/CAMELS_SIMBA_1000U/LH_297_hlist_0.75065.list,True,0,6233,6233,6233,6233,0.161,True,True,0,0.000000,True,0,0.000000,True,0,0.000000
LH_297,297,1.00000,data/raw/CAMELS_SIMBA_1000U/LH_297_hlist_1.00000.list,True,0,6691,6691,6691,6691,0.161,True,True,0,0.000000,True,0,0.000000,True,0,0.000000
LH_298,298,0.20000,data/raw/CAMELS_SIMBA_1000U/LH_298_hlist_0.20000.list,True,0,2279,2279,2279,2279,0.271,True,True,0,0.000000,True,0,0.000000,True,0,0.000000
LH_298,298,0.25000,data/raw/CAMELS_SIMBA_1000U/LH_298_hlist_0.25000.list,True,0,3649,3649,3649,3649,0.271,True,True,0,0.000000,True,0,0.000000,True,0,0.000000
LH_298,298,0.51209,data/raw/CAMELS_SIMBA_1000U/LH_298_hlist_0.51209.list,True,0,7391,7391,7391,7391,0.271,True,True,0,0.000000,True,0,0.000000,True,0,0.000000
LH_298,298,0.75065,data/raw/CAMELS_SIMBA_1000U/LH_298_hlist_0.75065.list,True,0,7386,7386,7386,7386,0.271,True,True,0,0.000000,True,0,0.000000,True,0,0.000000
LH_298,298,1.00000,data/raw/CAMELS_SIMBA_1000U/LH_298_hlist_1.00000.list,True,0,7576,7576,7576,7576,0.271,True,True,0,0.000000,True,0,0.000000,True,0,0.000000
LH_299,299,0.20000,data/raw/CAMELS_SIMBA_1000U/LH_299_hlist_0.20000.list,True,0,3840,3840,3840,3840,0.2798,True,True,0,0.000000,True,0,0.000000,True,0,0.000000
LH_299,299,0.25000,data/raw/CAMELS_SIMBA_1000U/LH_299_hlist_0.25000.list,True,0,5425,5425,5425,5425,0.2798,True,True,0,0.000000,True,0,0.000000,True,0,0.000000
LH_299,299,0.51209,data/raw/CAMELS_SIMBA_1000U/LH_299_hlist_0.51209.list,True,0,7450,7450,7450,7450,0.2798,True,True,0,0.000000,True,0,0.000000,True,0,0.000000
LH_299,299,0.75065,data/raw/CAMELS_SIMBA_1000U/LH_299_hlist_0.75065.list,True,0,6951,6951,6951,6951,0.2798,True,True,0,0.000000,True,0,0.000000,True,0,0.000000
LH_299,299,1.00000,data/raw/CAMELS_SIMBA_1000U/LH_299_hlist_1.00000.list,True,0,6891,6891,6891,6891,0.2798,True,True,0,0.000000,True,0,0.000000,True,0,0.000000
LH_300,300,0.20000,data/raw/CAMELS_SIMBA_1000U/LH_300_hlist_0.20000.list,True,0,6191,6191,6191,6191,0.2614,True,True,0,0.000000,True,0,0.000000,True,0,0.000000
LH_300,300,0.25000,data/raw/CAMELS_SIMBA_1000U/LH_300_hlist_0.25000.list,True,0,6981,6981,6981,6981,0.2614,True,True,0,0.000000,True,0,0.000000,True,0,0.000000
LH_300,300,0.51209,data/raw/CAMELS_SIMBA_1000U/LH_300_hlist_0.51209.list,True,0,6626,6626,6626,6626,0.2614,True,True,0,0.000000,True,0,0.000000,True,0,0.000000
LH_300,300,0.75065,data/raw/CAMELS_SIMBA_1000U/LH_300_hlist_0.75065.list,True,0,6009,6009,6009,6009,0.2614,True,True,0,0.000000,True,0,0.000000,True,0,0.000000
LH_300,300,1.00000,data/raw/CAMELS_SIMBA_1000U/LH_300_hlist_1.00000.list,True,0,6130,6130,6130,6130,0.2614,True,True,0,0.000000,True,0,0.000000,True,0,0.000000
LH_301,301,0.20000,data/raw/CAMELS_SIMBA_1000U/LH_301_hlist_0.20000.list,True,0,5020,5020,5020,5020,0.3262,True,True,0,0.000000,True,0,0.000000,True,0,0.000000
LH_301,301,0.25000,data/raw/CAMELS_SIMBA_1000U/LH_301_hlist_0.25000.list,True,0,6294,6294,6294,6294,0.3262,True,True,0,0.000000,True,0,0.000000,True,0,0.000000
LH_301,301,0.51209,data/raw/CAMELS_SIMBA_1000U/LH_301_hlist_0.51209.list,True,0,7342,7342,7342,7342,0.3262,True,True,0,0.000000,True,0,0.000000,True,0,0.000000
LH_301,301,0.75065,data/raw/CAMELS_SIMBA_1000U/LH_301_hlist_0.75065.list,True,0,6658,6658,6658,6658,0.3262,True,True,0,0.000000,True,0,0.000000,True,0,0.000000
LH_301,301,1.00000,data/raw/CAMELS_SIMBA_1000U/LH_301_hlist_1.00000.list,True,0,6688,6688,6688,6688,0.3262,True,True,0,0.000000,True,0,0.000000,True,0,0.000000
LH_302,302,0.20000,data/raw/CAMELS_SIMBA_1000U/LH_302_hlist_0.20000.list,True,0,3389,3389,3389,3389,0.2462,True,True,0,0.000000,True,0,0.000000,True,0,0.000000
LH_302,302,0.25000,data/raw/CAMELS_SIMBA_1000U/LH_302_hlist_0.25000.list,True,0,4831,4831,4831,4831,0.2462,True,True,0,0.000000,True,0,0.000000,True,0,0.000000
LH_302,302,0.51209,data/raw/CAMELS_SIMBA_1000U/LH_302_hlist_0.51209.list,True,0,7069,7069,7069,7069,0.2462,True,True,0,0.000000,True,0,0.000000,True,0,0.000000
LH_302,302,0.75065,data/raw/CAMELS_SIMBA_1000U/LH_302_hlist_0.75065.list,True,0,7018,7018,7018,7018,0.2462,True,True,0,0.000000,True,0,0.000000,True,0,0.000000
LH_302,302,1.00000,data/raw/CAMELS_SIMBA_1000U/LH_302_hlist_1.00000.list,True,0,7184,7184,7184,7184,0.2462,True,True,0,0.000000,True,0,0.000000,True,0,0.000000
LH_303,303,0.20000,data/raw/CAMELS_SIMBA_1000U/LH_303_hlist_0.20000.list,True,0,577,577,577,577,0.1594,True,False,423,0.423000,False,923,0.615333,False,1423,0.711500
LH_303,303,0.25000,data/raw/CAMELS_SIMBA_1000U/LH_303_hlist_0.25000.list,True,0,2044,2044,2044,2044,0.1594,True,True,0,0.000000,True,0,0.000000,True,0,0.000000
LH_303,303,0.51209,data/raw/CAMELS_SIMBA_1000U/LH_303_hlist_0.51209.list,True,0,5433,5433,5433,5433,0.1594,True,True,0,0.000000,True,0,0.000000,True,0,0.000000
LH_303,303,0.75065,data/raw/CAMELS_SIMBA_1000U/LH_303_hlist_0.75065.list,True,0,5822,5822,5822,5822,0.1594,True,True,0,0.000000,True,0,0.000000,True,0,0.000000
LH_303,303,1.00000,data/raw/CAMELS_SIMBA_1000U/LH_303_hlist_1.00000.list,True,0,6386,6386,6386,6386,0.1594,True,True,0,0.000000,True,0,0.000000,True,0,0.000000
LH_304,304,0.20000,data/raw/CAMELS_SIMBA_1000U/LH_304_hlist_0.20000.list,True,0,1721,1721,1721,1721,0.1926,True,True,0,0.000000,True,0,0.000000,False,279,0.139500
LH_304,304,0.25000,data/raw/CAMELS_SIMBA_1000U/LH_304_hlist_0.25000.list,True,0,3044,3044,3044,3044,0.1926,True,True,0,0.000000,True,0,0.000000,True,0,0.000000
LH_304,304,0.51209,data/raw/CAMELS_SIMBA_1000U/LH_304_hlist_0.51209.list,True,0,6025,6025,6025,6025,0.1926,True,True,0,0.000000,True,0,0.000000,True,0,0.000000
LH_304,304,0.75065,data/raw/CAMELS_SIMBA_1000U/LH_304_hlist_0.75065.list,True,0,6341,6341,6341,6341,0.1926,True,True,0,0.000000,True,0,0.000000,True,0,0.000000
LH_304,304,1.00000,data/raw/CAMELS_SIMBA_1000U/LH_304_hlist_1.00000.list,True,0,6951,6951,6951,6951,0.1926,True,True,0,0.000000,True,0,0.000000,True,0,0.000000
LH_305,305,0.20000,data/raw/CAMELS_SIMBA_1000U/LH_305_hlist_0.20000.list,True,0,7661,7661,7661,7661,0.457,True,True,0,0.000000,True,0,0.000000,True,0,0.000000
LH_305,305,0.25000,data/raw/CAMELS_SIMBA_1000U/LH_305_hlist_0.25000.list,True,0,8556,8556,8556,8556,0.457,True,True,0,0.000000,True,0,0.000000,True,0,0.000000
LH_305,305,0.51209,data/raw/CAMELS_SIMBA_1000U/LH_305_hlist_0.51209.list,True,0,8232,8232,8232,8232,0.457,True,True,0,0.000000,True,0,0.000000,True,0,0.000000
LH_305,305,0.75065,data/raw/CAMELS_SIMBA_1000U/LH_305_hlist_0.75065.list,True,0,7061,7061,7061,7061,0.457,True,True,0,0.000000,True,0,0.000000,True,0,0.000000
LH_305,305,1.00000,data/raw/CAMELS_SIMBA_1000U/LH_305_hlist_1.00000.list,True,0,6666,6666,6666,6666,0.457,True,True,0,0.000000,True,0,0.000000,True,0,0.000000
LH_306,306,0.20000,data/raw/CAMELS_SIMBA_1000U/LH_306_hlist_0.20000.list,True,0,4730,4730,4730,4730,0.251,True,True,0,0.000000,True,0,0.000000,True,0,0.000000
LH_306,306,0.25000,data/raw/CAMELS_SIMBA_1000U/LH_306_hlist_0.25000.list,True,0,6068,6068,6068,6068,0.251,True,True,0,0.000000,True,0,0.000000,True,0,0.000000
LH_306,306,0.51209,data/raw/CAMELS_SIMBA_1000U/LH_306_hlist_0.51209.list,True,0,6935,6935,6935,6935,0.251,True,True,0,0.000000,True,0,0.000000,True,0,0.000000
LH_306,306,0.75065,data/raw/CAMELS_SIMBA_1000U/LH_306_hlist_0.75065.list,True,0,6394,6394,6394,6394,0.251,True,True,0,0.000000,True,0,0.000000,True,0,0.000000
LH_306,306,1.00000,data/raw/CAMELS_SIMBA_1000U/LH_306_hlist_1.00000.list,True,0,6569,6569,6569,6569,0.251,True,True,0,0.000000,True,0,0.000000,True,0,0.000000
LH_307,307,0.20000,data/raw/CAMELS_SIMBA_1000U/LH_307_hlist_0.20000.list,True,0,3701,3701,3701,3701,0.375,True,True,0,0.000000,True,0,0.000000,True,0,0.000000
LH_307,307,0.25000,data/raw/CAMELS_SIMBA_1000U/LH_307_hlist_0.25000.list,True,0,5440,5440,5440,5440,0.375,True,True,0,0.000000,True,0,0.000000,True,0,0.000000
LH_307,307,0.51209,data/raw/CAMELS_SIMBA_1000U/LH_307_hlist_0.51209.list,True,0,8181,8181,8181,8181,0.375,True,True,0,0.000000,True,0,0.000000,True,0,0.000000
LH_307,307,0.75065,data/raw/CAMELS_SIMBA_1000U/LH_307_hlist_0.75065.list,True,0,7849,7849,7849,7849,0.375,True,True,0,0.000000,True,0,0.000000,True,0,0.000000
LH_307,307,1.00000,data/raw/CAMELS_SIMBA_1000U/LH_307_hlist_1.00000.list,True,0,7798,7798,7798,7798,0.375,True,True,0,0.000000,True,0,0.000000,True,0,0.000000
LH_308,308,0.20000,data/raw/CAMELS_SIMBA_1000U/LH_308_hlist_0.20000.list,True,0,6735,6735,6735,6735,0.361,True,True,0,0.000000,True,0,0.000000,True,0,0.000000
LH_308,308,0.25000,data/raw/CAMELS_SIMBA_1000U/LH_308_hlist_0.25000.list,True,0,7673,7673,7673,7673,0.361,True,True,0,0.000000,True,0,0.000000,True,0,0.000000
LH_308,308,0.51209,data/raw/CAMELS_SIMBA_1000U/LH_308_hlist_0.51209.list,True,0,7172,7172,7172,7172,0.361,True,True,0,0.000000,True,0,0.000000,True,0,0.000000
LH_308,308,0.75065,data/raw/CAMELS_SIMBA_1000U/LH_308_hlist_0.75065.list,True,0,6357,6357,6357,6357,0.361,True,True,0,0.000000,True,0,0.000000,True,0,0.000000
LH_308,308,1.00000,data/raw/CAMELS_SIMBA_1000U/LH_308_hlist_1.00000.list,True,0,6146,6146,6146,6146,0.361,True,True,0,0.000000,True,0,0.000000,True,0,0.000000
LH_309,309,0.20000,data/raw/CAMELS_SIMBA_1000U/LH_309_hlist_0.20000.list,True,0,3275,3275,3275,3275,0.2226,True,True,0,0.000000,True,0,0.000000,True,0,0.000000
LH_309,309,0.25000,data/raw/CAMELS_SIMBA_1000U/LH_309_hlist_0.25000.list,True,0,4718,4718,4718,4718,0.2226,True,True,0,0.000000,True,0,0.000000,True,0,0.000000
LH_309,309,0.51209,data/raw/CAMELS_SIMBA_1000U/LH_309_hlist_0.51209.list,True,0,6397,6397,6397,6397,0.2226,True,True,0,0.000000,True,0,0.000000,True,0,0.000000
LH_309,309,0.75065,data/raw/CAMELS_SIMBA_1000U/LH_309_hlist_0.75065.list,True,0,6305,6305,6305,6305,0.2226,True,True,0,0.000000,True,0,0.000000,True,0,0.000000
LH_309,309,1.00000,data/raw/CAMELS_SIMBA_1000U/LH_309_hlist_1.00000.list,True,0,6555,6555,6555,6555,0.2226,True,True,0,0.000000,True,0,0.000000,True,0,0.000000
LH_310,310,0.20000,data/raw/CAMELS_SIMBA_1000U/LH_310_hlist_0.20000.list,True,0,2691,2691,2691,2691,0.1922,True,True,0,0.000000,True,0,0.000000,True,0,0.000000
LH_310,310,0.25000,data/raw/CAMELS_SIMBA_1000U/LH_310_hlist_0.25000.list,True,0,4172,4172,4172,4172,0.1922,True,True,0,0.000000,True,0,0.000000,True,0,0.000000
LH_310,310,0.51209,data/raw/CAMELS_SIMBA_1000U/LH_310_hlist_0.51209.list,True,0,6164,6164,6164,6164,0.1922,True,True,0,0.000000,True,0,0.000000,True,0,0.000000
LH_310,310,0.75065,data/raw/CAMELS_SIMBA_1000U/LH_310_hlist_0.75065.list,True,0,6217,6217,6217,6217,0.1922,True,True,0,0.000000,True,0,0.000000,True,0,0.000000
LH_310,310,1.00000,data/raw/CAMELS_SIMBA_1000U/LH_310_hlist_1.00000.list,True,0,6686,6686,6686,6686,0.1922,True,True,0,0.000000,True,0,0.000000,True,0,0.000000
LH_311,311,0.20000,data/raw/CAMELS_SIMBA_1000U/LH_311_hlist_0.20000.list,True,0,398,398,398,398,0.1086,True,False,602,0.602000,False,1102,0.734667,False,1602,0.801000
LH_311,311,0.25000,data/raw/CAMELS_SIMBA_1000U/LH_311_hlist_0.25000.list,True,0,1720,1720,1720,1720,0.1086,True,True,0,0.000000,True,0,0.000000,False,280,0.140000
LH_311,311,0.51209,data/raw/CAMELS_SIMBA_1000U/LH_311_hlist_0.51209.list,True,0,3930,3930,3930,3930,0.1086,True,True,0,0.000000,True,0,0.000000,True,0,0.000000
LH_311,311,0.75065,data/raw/CAMELS_SIMBA_1000U/LH_311_hlist_0.75065.list,True,0,4212,4212,4212,4212,0.1086,True,True,0,0.000000,True,0,0.000000,True,0,0.000000
LH_311,311,1.00000,data/raw/CAMELS_SIMBA_1000U/LH_311_hlist_1.00000.list,True,0,4676,4676,4676,4676,0.1086,True,True,0,0.000000,True,0,0.000000,True,0,0.000000
LH_312,312,0.20000,data/raw/CAMELS_SIMBA_1000U/LH_312_hlist_0.20000.list,True,0,4071,4071,4071,4071,0.1754,True,True,0,0.000000,True,0,0.000000,True,0,0.000000
LH_312,312,0.25000,data/raw/CAMELS_SIMBA_1000U/LH_312_hlist_0.25000.list,True,0,5406,5406,5406,5406,0.1754,True,True,0,0.000000,True,0,0.000000,True,0,0.000000
LH_312,312,0.51209,data/raw/CAMELS_SIMBA_1000U/LH_312_hlist_0.51209.list,True,0,6415,6415,6415,6415,0.1754,True,True,0,0.000000,True,0,0.000000,True,0,0.000000
LH_312,312,0.75065,data/raw/CAMELS_SIMBA_1000U/LH_312_hlist_0.75065.list,True,0,6180,6180,6180,6180,0.1754,True,True,0,0.000000,True,0,0.000000,True,0,0.000000
LH_312,312,1.00000,data/raw/CAMELS_SIMBA_1000U/LH_312_hlist_1.00000.list,True,0,6388,6388,6388,6388,0.1754,True,True,0,0.000000,True,0,0.000000,True,0,0.000000
LH_313,313,0.20000,data/raw/CAMELS_SIMBA_1000U/LH_313_hlist_0.20000.list,True,0,1132,1132,1132,1132,0.1242,True,True,0,0.000000,False,368,0.245333,False,868,0.434000
LH_313,313,0.25000,data/raw/CAMELS_SIMBA_1000U/LH_313_hlist_0.25000.list,True,0,2123,2123,2123,2123,0.1242,True,True,0,0.000000,True,0,0.000000,True,0,0.000000
LH_313,313,0.51209,data/raw/CAMELS_SIMBA_1000U/LH_313_hlist_0.51209.list,True,0,4169,4169,4169,4169,0.1242,True,True,0,0.000000,True,0,0.000000,True,0,0.000000
LH_313,313,0.75065,data/raw/CAMELS_SIMBA_1000U/LH_313_hlist_0.75065.list,True,0,4621,4621,4621,4621,0.1242,True,True,0,0.000000,True,0,0.000000,True,0,0.000000
LH_313,313,1.00000,data/raw/CAMELS_SIMBA_1000U/LH_313_hlist_1.00000.list,True,0,5315,5315,5315,5315,0.1242,True,True,0,0.000000,True,0,0.000000,True,0,0.000000
LH_314,314,0.20000,data/raw/CAMELS_SIMBA_1000U/LH_314_hlist_0.20000.list,True,0,1048,1048,1048,1048,0.1614,True,True,0,0.000000,False,452,0.301333,False,952,0.476000
LH_314,314,0.25000,data/raw/CAMELS_SIMBA_1000U/LH_314_hlist_0.25000.list,True,0,2275,2275,2275,2275,0.1614,True,True,0,0.000000,True,0,0.000000,True,0,0.000000
LH_314,314,0.51209,data/raw/CAMELS_SIMBA_1000U/LH_314_hlist_0.51209.list,True,0,5044,5044,5044,5044,0.1614,True,True,0,0.000000,True,0,0.000000,True,0,0.000000
LH_314,314,0.75065,data/raw/CAMELS_SIMBA_1000U/LH_314_hlist_0.75065.list,True,0,5467,5467,5467,5467,0.1614,True,True,0,0.000000,True,0,0.000000,True,0,0.000000
LH_314,314,1.00000,data/raw/CAMELS_SIMBA_1000U/LH_314_hlist_1.00000.list,True,0,6182,6182,6182,6182,0.1614,True,True,0,0.000000,True,0,0.000000,True,0,0.000000
LH_315,315,0.20000,data/raw/CAMELS_SIMBA_1000U/LH_315_hlist_0.20000.list,True,0,5927,5927,5927,5927,0.3422,True,True,0,0.000000,True,0,0.000000,True,0,0.000000
LH_315,315,0.25000,data/raw/CAMELS_SIMBA_1000U/LH_315_hlist_0.25000.list,True,0,7377,7377,7377,7377,0.3422,True,True,0,0.000000,True,0,0.000000,True,0,0.000000
LH_315,315,0.51209,data/raw/CAMELS_SIMBA_1000U/LH_315_hlist_0.51209.list,True,0,7675,7675,7675,7675,0.3422,True,True,0,0.000000,True,0,0.000000,True,0,0.000000
LH_315,315,0.75065,data/raw/CAMELS_SIMBA_1000U/LH_315_hlist_0.75065.list,True,0,6753,6753,6753,6753,0.3422,True,True,0,0.000000,True,0,0.000000,True,0,0.000000
LH_315,315,1.00000,data/raw/CAMELS_SIMBA_1000U/LH_315_hlist_1.00000.list,True,0,6670,6670,6670,6670,0.3422,True,True,0,0.000000,True,0,0.000000,True,0,0.000000
LH_316,316,0.20000,data/raw/CAMELS_SIMBA_1000U/LH_316_hlist_0.20000.list,True,0,3130,3130,3130,3130,0.1634,True,True,0,0.000000,True,0,0.000000,True,0,0.000000
LH_316,316,0.25000,data/raw/CAMELS_SIMBA_1000U/LH_316_hlist_0.25000.list,True,0,4476,4476,4476,4476,0.1634,True,True,0,0.000000,True,0,0.000000,True,0,0.000000
LH_316,316,0.51209,data/raw/CAMELS_SIMBA_1000U/LH_316_hlist_0.51209.list,True,0,5819,5819,5819,5819,0.1634,True,True,0,0.000000,True,0,0.000000,True,0,0.000000
LH_316,316,0.75065,data/raw/CAMELS_SIMBA_1000U/LH_316_hlist_0.75065.list,True,0,5809,5809,5809,5809,0.1634,True,True,0,0.000000,True,0,0.000000,True,0,0.000000
LH_316,316,1.00000,data/raw/CAMELS_SIMBA_1000U/LH_316_hlist_1.00000.list,True,0,6027,6027,6027,6027,0.1634,True,True,0,0.000000,True,0,0.000000,True,0,0.000000
LH_317,317,0.20000,data/raw/CAMELS_SIMBA_1000U/LH_317_hlist_0.20000.list,True,0,6642,6642,6642,6642,0.4594,True,True,0,0.000000,True,0,0.000000,True,0,0.000000
LH_317,317,0.25000,data/raw/CAMELS_SIMBA_1000U/LH_317_hlist_0.25000.list,True,0,7647,7647,7647,7647,0.4594,True,True,0,0.000000,True,0,0.000000,True,0,0.000000
LH_317,317,0.51209,data/raw/CAMELS_SIMBA_1000U/LH_317_hlist_0.51209.list,True,0,7807,7807,7807,7807,0.4594,True,True,0,0.000000,True,0,0.000000,True,0,0.000000
LH_317,317,0.75065,data/raw/CAMELS_SIMBA_1000U/LH_317_hlist_0.75065.list,True,0,6757,6757,6757,6757,0.4594,True,True,0,0.000000,True,0,0.000000,True,0,0.000000
LH_317,317,1.00000,data/raw/CAMELS_SIMBA_1000U/LH_317_hlist_1.00000.list,True,0,6404,6404,6404,6404,0.4594,True,True,0,0.000000,True,0,0.000000,True,0,0.000000
LH_318,318,0.20000,data/raw/CAMELS_SIMBA_1000U/LH_318_hlist_0.20000.list,True,0,6109,6109,6109,6109,0.4998,True,True,0,0.000000,True,0,0.000000,True,0,0.000000
LH_318,318,0.25000,data/raw/CAMELS_SIMBA_1000U/LH_318_hlist_0.25000.list,True,0,7583,7583,7583,7583,0.4998,True,True,0,0.000000,True,0,0.000000,True,0,0.000000
LH_318,318,0.51209,data/raw/CAMELS_SIMBA_1000U/LH_318_hlist_0.51209.list,True,0,8717,8717,8717,8717,0.4998,True,True,0,0.000000,True,0,0.000000,True,0,0.000000
LH_318,318,0.75065,data/raw/CAMELS_SIMBA_1000U/LH_318_hlist_0.75065.list,True,0,7670,7670,7670,7670,0.4998,True,True,0,0.000000,True,0,0.000000,True,0,0.000000
LH_318,318,1.00000,data/raw/CAMELS_SIMBA_1000U/LH_318_hlist_1.00000.list,True,0,7098,7098,7098,7098,0.4998,True,True,0,0.000000,True,0,0.000000,True,0,0.000000
LH_319,319,0.20000,data/raw/CAMELS_SIMBA_1000U/LH_319_hlist_0.20000.list,True,0,4812,4812,4812,4812,0.4986,True,True,0,0.000000,True,0,0.000000,True,0,0.000000
LH_319,319,0.25000,data/raw/CAMELS_SIMBA_1000U/LH_319_hlist_0.25000.list,True,0,6602,6602,6602,6602,0.4986,True,True,0,0.000000,True,0,0.000000,True,0,0.000000
LH_319,319,0.51209,data/raw/CAMELS_SIMBA_1000U/LH_319_hlist_0.51209.list,True,0,8591,8591,8591,8591,0.4986,True,True,0,0.000000,True,0,0.000000,True,0,0.000000
LH_319,319,0.75065,data/raw/CAMELS_SIMBA_1000U/LH_319_hlist_0.75065.list,True,0,7767,7767,7767,7767,0.4986,True,True,0,0.000000,True,0,0.000000,True,0,0.000000
LH_319,319,1.00000,data/raw/CAMELS_SIMBA_1000U/LH_319_hlist_1.00000.list,True,0,7233,7233,7233,7233,0.4986,True,True,0,0.000000,True,0,0.000000,True,0,0.000000
LH_320,320,0.20000,data/raw/CAMELS_SIMBA_1000U/LH_320_hlist_0.20000.list,True,0,6968,6968,6968,6968,0.4882,True,True,0,0.000000,True,0,0.000000,True,0,0.000000
LH_320,320,0.25000,data/raw/CAMELS_SIMBA_1000U/LH_320_hlist_0.25000.list,True,0,8109,8109,8109,8109,0.4882,True,True,0,0.000000,True,0,0.000000,True,0,0.000000
LH_320,320,0.51209,data/raw/CAMELS_SIMBA_1000U/LH_320_hlist_0.51209.list,True,0,8333,8333,8333,8333,0.4882,True,True,0,0.000000,True,0,0.000000,True,0,0.000000
LH_320,320,0.75065,data/raw/CAMELS_SIMBA_1000U/LH_320_hlist_0.75065.list,True,0,7024,7024,7024,7024,0.4882,True,True,0,0.000000,True,0,0.000000,True,0,0.000000
LH_320,320,1.00000,data/raw/CAMELS_SIMBA_1000U/LH_320_hlist_1.00000.list,True,0,6707,6707,6707,6707,0.4882,True,True,0,0.000000,True,0,0.000000,True,0,0.000000
LH_321,321,0.20000,data/raw/CAMELS_SIMBA_1000U/LH_321_hlist_0.20000.list,True,0,7129,7129,7129,7129,0.365,True,True,0,0.000000,True,0,0.000000,True,0,0.000000
LH_321,321,0.25000,data/raw/CAMELS_SIMBA_1000U/LH_321_hlist_0.25000.list,True,0,7946,7946,7946,7946,0.365,True,True,0,0.000000,True,0,0.000000,True,0,0.000000
LH_321,321,0.51209,data/raw/CAMELS_SIMBA_1000U/LH_321_hlist_0.51209.list,True,0,7611,7611,7611,7611,0.365,True,True,0,0.000000,True,0,0.000000,True,0,0.000000
LH_321,321,0.75065,data/raw/CAMELS_SIMBA_1000U/LH_321_hlist_0.75065.list,True,0,6632,6632,6632,6632,0.365,True,True,0,0.000000,True,0,0.000000,True,0,0.000000
LH_321,321,1.00000,data/raw/CAMELS_SIMBA_1000U/LH_321_hlist_1.00000.list,True,0,6314,6314,6314,6314,0.365,True,True,0,0.000000,True,0,0.000000,True,0,0.000000
LH_322,322,0.20000,data/raw/CAMELS_SIMBA_1000U/LH_322_hlist_0.20000.list,True,0,206,206,206,206,0.105,True,False,794,0.794000,False,1294,0.862667,False,1794,0.897000
LH_322,322,0.25000,data/raw/CAMELS_SIMBA_1000U/LH_322_hlist_0.25000.list,True,0,1094,1094,1094,1094,0.105,True,True,0,0.000000,False,406,0.270667,False,906,0.453000
LH_322,322,0.51209,data/raw/CAMELS_SIMBA_1000U/LH_322_hlist_0.51209.list,True,0,3624,3624,3624,3624,0.105,True,True,0,0.000000,True,0,0.000000,True,0,0.000000
LH_322,322,0.75065,data/raw/CAMELS_SIMBA_1000U/LH_322_hlist_0.75065.list,True,0,4241,4241,4241,4241,0.105,True,True,0,0.000000,True,0,0.000000,True,0,0.000000
LH_322,322,1.00000,data/raw/CAMELS_SIMBA_1000U/LH_322_hlist_1.00000.list,True,0,4912,4912,4912,4912,0.105,True,True,0,0.000000,True,0,0.000000,True,0,0.000000
LH_323,323,0.20000,data/raw/CAMELS_SIMBA_1000U/LH_323_hlist_0.20000.list,True,0,8196,8196,8196,8196,0.4566,True,True,0,0.000000,True,0,0.000000,True,0,0.000000
LH_323,323,0.25000,data/raw/CAMELS_SIMBA_1000U/LH_323_hlist_0.25000.list,True,0,8802,8802,8802,8802,0.4566,True,True,0,0.000000,True,0,0.000000,True,0,0.000000
LH_323,323,0.51209,data/raw/CAMELS_SIMBA_1000U/LH_323_hlist_0.51209.list,True,0,7732,7732,7732,7732,0.4566,True,True,0,0.000000,True,0,0.000000,True,0,0.000000
LH_323,323,0.75065,data/raw/CAMELS_SIMBA_1000U/LH_323_hlist_0.75065.list,True,0,6274,6274,6274,6274,0.4566,True,True,0,0.000000,True,0,0.000000,True,0,0.000000
LH_323,323,1.00000,data/raw/CAMELS_SIMBA_1000U/LH_323_hlist_1.00000.list,True,0,5769,5769,5769,5769,0.4566,True,True,0,0.000000,True,0,0.000000,True,0,0.000000
LH_324,324,0.20000,data/raw/CAMELS_SIMBA_1000U/LH_324_hlist_0.20000.list,True,0,2178,2178,2178,2178,0.1186,True,True,0,0.000000,True,0,0.000000,True,0,0.000000
LH_324,324,0.25000,data/raw/CAMELS_SIMBA_1000U/LH_324_hlist_0.25000.list,True,0,3486,3486,3486,3486,0.1186,True,True,0,0.000000,True,0,0.000000,True,0,0.000000
LH_324,324,0.51209,data/raw/CAMELS_SIMBA_1000U/LH_324_hlist_0.51209.list,True,0,4655,4655,4655,4655,0.1186,True,True,0,0.000000,True,0,0.000000,True,0,0.000000
LH_324,324,0.75065,data/raw/CAMELS_SIMBA_1000U/LH_324_hlist_0.75065.list,True,0,4756,4756,4756,4756,0.1186,True,True,0,0.000000,True,0,0.000000,True,0,0.000000
LH_324,324,1.00000,data/raw/CAMELS_SIMBA_1000U/LH_324_hlist_1.00000.list,True,0,5172,5172,5172,5172,0.1186,True,True,0,0.000000,True,0,0.000000,True,0,0.000000
LH_325,325,0.20000,data/raw/CAMELS_SIMBA_1000U/LH_325_hlist_0.20000.list,True,0,182,182,182,182,0.1114,True,False,818,0.818000,False,1318,0.878667,False,1818,0.909000
LH_325,325,0.25000,data/raw/CAMELS_SIMBA_1000U/LH_325_hlist_0.25000.list,True,0,1076,1076,1076,1076,0.1114,True,True,0,0.000000,False,424,0.282667,False,924,0.462000
LH_325,325,0.51209,data/raw/CAMELS_SIMBA_1000U/LH_325_hlist_0.51209.list,True,0,3473,3473,3473,3473,0.1114,True,True,0,0.000000,True,0,0.000000,True,0,0.000000
LH_325,325,0.75065,data/raw/CAMELS_SIMBA_1000U/LH_325_hlist_0.75065.list,True,0,4168,4168,4168,4168,0.1114,True,True,0,0.000000,True,0,0.000000,True,0,0.000000
LH_325,325,1.00000,data/raw/CAMELS_SIMBA_1000U/LH_325_hlist_1.00000.list,True,0,4809,4809,4809,4809,0.1114,True,True,0,0.000000,True,0,0.000000,True,0,0.000000
LH_326,326,0.20000,data/raw/CAMELS_SIMBA_1000U/LH_326_hlist_0.20000.list,True,0,3924,3924,3924,3924,0.1882,True,True,0,0.000000,True,0,0.000000,True,0,0.000000
LH_326,326,0.25000,data/raw/CAMELS_SIMBA_1000U/LH_326_hlist_0.25000.list,True,0,5410,5410,5410,5410,0.1882,True,True,0,0.000000,True,0,0.000000,True,0,0.000000
LH_326,326,0.51209,data/raw/CAMELS_SIMBA_1000U/LH_326_hlist_0.51209.list,True,0,6202,6202,6202,6202,0.1882,True,True,0,0.000000,True,0,0.000000,True,0,0.000000
LH_326,326,0.75065,data/raw/CAMELS_SIMBA_1000U/LH_326_hlist_0.75065.list,True,0,5807,5807,5807,5807,0.1882,True,True,0,0.000000,True,0,0.000000,True,0,0.000000
LH_326,326,1.00000,data/raw/CAMELS_SIMBA_1000U/LH_326_hlist_1.00000.list,True,0,5982,5982,5982,5982,0.1882,True,True,0,0.000000,True,0,0.000000,True,0,0.000000
LH_327,327,0.20000,data/raw/CAMELS_SIMBA_1000U/LH_327_hlist_0.20000.list,True,0,3110,3110,3110,3110,0.1506,True,True,0,0.000000,True,0,0.000000,True,0,0.000000
LH_327,327,0.25000,data/raw/CAMELS_SIMBA_1000U/LH_327_hlist_0.25000.list,True,0,4377,4377,4377,4377,0.1506,True,True,0,0.000000,True,0,0.000000,True,0,0.000000
LH_327,327,0.51209,data/raw/CAMELS_SIMBA_1000U/LH_327_hlist_0.51209.list,True,0,5852,5852,5852,5852,0.1506,True,True,0,0.000000,True,0,0.000000,True,0,0.000000
LH_327,327,0.75065,data/raw/CAMELS_SIMBA_1000U/LH_327_hlist_0.75065.list,True,0,5877,5877,5877,5877,0.1506,True,True,0,0.000000,True,0,0.000000,True,0,0.000000
LH_327,327,1.00000,data/raw/CAMELS_SIMBA_1000U/LH_327_hlist_1.00000.list,True,0,6319,6319,6319,6319,0.1506,True,True,0,0.000000,True,0,0.000000,True,0,0.000000
LH_328,328,0.20000,data/raw/CAMELS_SIMBA_1000U/LH_328_hlist_0.20000.list,True,0,6242,6242,6242,6242,0.253,True,True,0,0.000000,True,0,0.000000,True,0,0.000000
LH_328,328,0.25000,data/raw/CAMELS_SIMBA_1000U/LH_328_hlist_0.25000.list,True,0,7163,7163,7163,7163,0.253,True,True,0,0.000000,True,0,0.000000,True,0,0.000000
LH_328,328,0.51209,data/raw/CAMELS_SIMBA_1000U/LH_328_hlist_0.51209.list,True,0,6712,6712,6712,6712,0.253,True,True,0,0.000000,True,0,0.000000,True,0,0.000000
LH_328,328,0.75065,data/raw/CAMELS_SIMBA_1000U/LH_328_hlist_0.75065.list,True,0,5926,5926,5926,5926,0.253,True,True,0,0.000000,True,0,0.000000,True,0,0.000000
LH_328,328,1.00000,data/raw/CAMELS_SIMBA_1000U/LH_328_hlist_1.00000.list,True,0,6207,6207,6207,6207,0.253,True,True,0,0.000000,True,0,0.000000,True,0,0.000000
LH_329,329,0.20000,data/raw/CAMELS_SIMBA_1000U/LH_329_hlist_0.20000.list,True,0,2401,2401,2401,2401,0.205,True,True,0,0.000000,True,0,0.000000,True,0,0.000000
LH_329,329,0.25000,data/raw/CAMELS_SIMBA_1000U/LH_329_hlist_0.25000.list,True,0,3954,3954,3954,3954,0.205,True,True,0,0.000000,True,0,0.000000,True,0,0.000000
LH_329,329,0.51209,data/raw/CAMELS_SIMBA_1000U/LH_329_hlist_0.51209.list,True,0,6588,6588,6588,6588,0.205,True,True,0,0.000000,True,0,0.000000,True,0,0.000000
LH_329,329,0.75065,data/raw/CAMELS_SIMBA_1000U/LH_329_hlist_0.75065.list,True,0,6829,6829,6829,6829,0.205,True,True,0,0.000000,True,0,0.000000,True,0,0.000000
LH_329,329,1.00000,data/raw/CAMELS_SIMBA_1000U/LH_329_hlist_1.00000.list,True,0,7127,7127,7127,7127,0.205,True,True,0,0.000000,True,0,0.000000,True,0,0.000000
LH_330,330,0.20000,data/raw/CAMELS_SIMBA_1000U/LH_330_hlist_0.20000.list,True,0,7506,7506,7506,7506,0.4758,True,True,0,0.000000,True,0,0.000000,True,0,0.000000
LH_330,330,0.25000,data/raw/CAMELS_SIMBA_1000U/LH_330_hlist_0.25000.list,True,0,8168,8168,8168,8168,0.4758,True,True,0,0.000000,True,0,0.000000,True,0,0.000000
LH_330,330,0.51209,data/raw/CAMELS_SIMBA_1000U/LH_330_hlist_0.51209.list,True,0,7170,7170,7170,7170,0.4758,True,True,0,0.000000,True,0,0.000000,True,0,0.000000
LH_330,330,0.75065,data/raw/CAMELS_SIMBA_1000U/LH_330_hlist_0.75065.list,True,0,6150,6150,6150,6150,0.4758,True,True,0,0.000000,True,0,0.000000,True,0,0.000000
LH_330,330,1.00000,data/raw/CAMELS_SIMBA_1000U/LH_330_hlist_1.00000.list,True,0,5744,5744,5744,5744,0.4758,True,True,0,0.000000,True,0,0.000000,True,0,0.000000
LH_331,331,0.20000,data/raw/CAMELS_SIMBA_1000U/LH_331_hlist_0.20000.list,True,0,7768,7768,7768,7768,0.459,True,True,0,0.000000,True,0,0.000000,True,0,0.000000
LH_331,331,0.25000,data/raw/CAMELS_SIMBA_1000U/LH_331_hlist_0.25000.list,True,0,8604,8604,8604,8604,0.459,True,True,0,0.000000,True,0,0.000000,True,0,0.000000
LH_331,331,0.51209,data/raw/CAMELS_SIMBA_1000U/LH_331_hlist_0.51209.list,True,0,7873,7873,7873,7873,0.459,True,True,0,0.000000,True,0,0.000000,True,0,0.000000
LH_331,331,0.75065,data/raw/CAMELS_SIMBA_1000U/LH_331_hlist_0.75065.list,True,0,6457,6457,6457,6457,0.459,True,True,0,0.000000,True,0,0.000000,True,0,0.000000
LH_331,331,1.00000,data/raw/CAMELS_SIMBA_1000U/LH_331_hlist_1.00000.list,True,0,6109,6109,6109,6109,0.459,True,True,0,0.000000,True,0,0.000000,True,0,0.000000
LH_332,332,0.20000,data/raw/CAMELS_SIMBA_1000U/LH_332_hlist_0.20000.list,True,0,6100,6100,6100,6100,0.3354,True,True,0,0.000000,True,0,0.000000,True,0,0.000000
LH_332,332,0.25000,data/raw/CAMELS_SIMBA_1000U/LH_332_hlist_0.25000.list,True,0,7140,7140,7140,7140,0.3354,True,True,0,0.000000,True,0,0.000000,True,0,0.000000
LH_332,332,0.51209,data/raw/CAMELS_SIMBA_1000U/LH_332_hlist_0.51209.list,True,0,7541,7541,7541,7541,0.3354,True,True,0,0.000000,True,0,0.000000,True,0,0.000000
LH_332,332,0.75065,data/raw/CAMELS_SIMBA_1000U/LH_332_hlist_0.75065.list,True,0,6763,6763,6763,6763,0.3354,True,True,0,0.000000,True,0,0.000000,True,0,0.000000
LH_332,332,1.00000,data/raw/CAMELS_SIMBA_1000U/LH_332_hlist_1.00000.list,True,0,6631,6631,6631,6631,0.3354,True,True,0,0.000000,True,0,0.000000,True,0,0.000000
LH_333,333,0.20000,data/raw/CAMELS_SIMBA_1000U/LH_333_hlist_0.20000.list,True,0,6087,6087,6087,6087,0.4642,True,True,0,0.000000,True,0,0.000000,True,0,0.000000
LH_333,333,0.25000,data/raw/CAMELS_SIMBA_1000U/LH_333_hlist_0.25000.list,True,0,7396,7396,7396,7396,0.4642,True,True,0,0.000000,True,0,0.000000,True,0,0.000000
LH_333,333,0.51209,data/raw/CAMELS_SIMBA_1000U/LH_333_hlist_0.51209.list,True,0,8227,8227,8227,8227,0.4642,True,True,0,0.000000,True,0,0.000000,True,0,0.000000
LH_333,333,0.75065,data/raw/CAMELS_SIMBA_1000U/LH_333_hlist_0.75065.list,True,0,7371,7371,7371,7371,0.4642,True,True,0,0.000000,True,0,0.000000,True,0,0.000000
LH_333,333,1.00000,data/raw/CAMELS_SIMBA_1000U/LH_333_hlist_1.00000.list,True,0,6901,6901,6901,6901,0.4642,True,True,0,0.000000,True,0,0.000000,True,0,0.000000
LH_334,334,0.20000,data/raw/CAMELS_SIMBA_1000U/LH_334_hlist_0.20000.list,True,0,2410,2410,2410,2410,0.1598,True,True,0,0.000000,True,0,0.000000,True,0,0.000000
LH_334,334,0.25000,data/raw/CAMELS_SIMBA_1000U/LH_334_hlist_0.25000.list,True,0,3837,3837,3837,3837,0.1598,True,True,0,0.000000,True,0,0.000000,True,0,0.000000
LH_334,334,0.51209,data/raw/CAMELS_SIMBA_1000U/LH_334_hlist_0.51209.list,True,0,5664,5664,5664,5664,0.1598,True,True,0,0.000000,True,0,0.000000,True,0,0.000000
LH_334,334,0.75065,data/raw/CAMELS_SIMBA_1000U/LH_334_hlist_0.75065.list,True,0,5838,5838,5838,5838,0.1598,True,True,0,0.000000,True,0,0.000000,True,0,0.000000
LH_334,334,1.00000,data/raw/CAMELS_SIMBA_1000U/LH_334_hlist_1.00000.list,True,0,6224,6224,6224,6224,0.1598,True,True,0,0.000000,True,0,0.000000,True,0,0.000000
LH_335,335,0.20000,data/raw/CAMELS_SIMBA_1000U/LH_335_hlist_0.20000.list,True,0,3282,3282,3282,3282,0.2258,True,True,0,0.000000,True,0,0.000000,True,0,0.000000
LH_335,335,0.25000,data/raw/CAMELS_SIMBA_1000U/LH_335_hlist_0.25000.list,True,0,4769,4769,4769,4769,0.2258,True,True,0,0.000000,True,0,0.000000,True,0,0.000000
LH_335,335,0.51209,data/raw/CAMELS_SIMBA_1000U/LH_335_hlist_0.51209.list,True,0,6575,6575,6575,6575,0.2258,True,True,0,0.000000,True,0,0.000000,True,0,0.000000
LH_335,335,0.75065,data/raw/CAMELS_SIMBA_1000U/LH_335_hlist_0.75065.list,True,0,6397,6397,6397,6397,0.2258,True,True,0,0.000000,True,0,0.000000,True,0,0.000000
LH_335,335,1.00000,data/raw/CAMELS_SIMBA_1000U/LH_335_hlist_1.00000.list,True,0,6645,6645,6645,6645,0.2258,True,True,0,0.000000,True,0,0.000000,True,0,0.000000
LH_336,336,0.20000,data/raw/CAMELS_SIMBA_1000U/LH_336_hlist_0.20000.list,True,0,6385,6385,6385,6385,0.3114,True,True,0,0.000000,True,0,0.000000,True,0,0.000000
LH_336,336,0.25000,data/raw/CAMELS_SIMBA_1000U/LH_336_hlist_0.25000.list,True,0,7471,7471,7471,7471,0.3114,True,True,0,0.000000,True,0,0.000000,True,0,0.000000
LH_336,336,0.51209,data/raw/CAMELS_SIMBA_1000U/LH_336_hlist_0.51209.list,True,0,7420,7420,7420,7420,0.3114,True,True,0,0.000000,True,0,0.000000,True,0,0.000000
LH_336,336,0.75065,data/raw/CAMELS_SIMBA_1000U/LH_336_hlist_0.75065.list,True,0,6236,6236,6236,6236,0.3114,True,True,0,0.000000,True,0,0.000000,True,0,0.000000
LH_336,336,1.00000,data/raw/CAMELS_SIMBA_1000U/LH_336_hlist_1.00000.list,True,0,6244,6244,6244,6244,0.3114,True,True,0,0.000000,True,0,0.000000,True,0,0.000000
LH_337,337,0.20000,data/raw/CAMELS_SIMBA_1000U/LH_337_hlist_0.20000.list,True,0,7273,7273,7273,7273,0.3486,True,True,0,0.000000,True,0,0.000000,True,0,0.000000
LH_337,337,0.25000,data/raw/CAMELS_SIMBA_1000U/LH_337_hlist_0.25000.list,True,0,8038,8038,8038,8038,0.3486,True,True,0,0.000000,True,0,0.000000,True,0,0.000000
LH_337,337,0.51209,data/raw/CAMELS_SIMBA_1000U/LH_337_hlist_0.51209.list,True,0,7218,7218,7218,7218,0.3486,True,True,0,0.000000,True,0,0.000000,True,0,0.000000
LH_337,337,0.75065,data/raw/CAMELS_SIMBA_1000U/LH_337_hlist_0.75065.list,True,0,6248,6248,6248,6248,0.3486,True,True,0,0.000000,True,0,0.000000,True,0,0.000000
LH_337,337,1.00000,data/raw/CAMELS_SIMBA_1000U/LH_337_hlist_1.00000.list,True,0,6098,6098,6098,6098,0.3486,True,True,0,0.000000,True,0,0.000000,True,0,0.000000
LH_338,338,0.20000,data/raw/CAMELS_SIMBA_1000U/LH_338_hlist_0.20000.list,True,0,1798,1798,1798,1798,0.2402,True,True,0,0.000000,True,0,0.000000,False,202,0.101000
LH_338,338,0.25000,data/raw/CAMELS_SIMBA_1000U/LH_338_hlist_0.25000.list,True,0,3350,3350,3350,3350,0.2402,True,True,0,0.000000,True,0,0.000000,True,0,0.000000
LH_338,338,0.51209,data/raw/CAMELS_SIMBA_1000U/LH_338_hlist_0.51209.list,True,0,6690,6690,6690,6690,0.2402,True,True,0,0.000000,True,0,0.000000,True,0,0.000000
LH_338,338,0.75065,data/raw/CAMELS_SIMBA_1000U/LH_338_hlist_0.75065.list,True,0,6844,6844,6844,6844,0.2402,True,True,0,0.000000,True,0,0.000000,True,0,0.000000
LH_338,338,1.00000,data/raw/CAMELS_SIMBA_1000U/LH_338_hlist_1.00000.list,True,0,7333,7333,7333,7333,0.2402,True,True,0,0.000000,True,0,0.000000,True,0,0.000000
LH_339,339,0.20000,data/raw/CAMELS_SIMBA_1000U/LH_339_hlist_0.20000.list,True,0,3292,3292,3292,3292,0.1362,True,True,0,0.000000,True,0,0.000000,True,0,0.000000
LH_339,339,0.25000,data/raw/CAMELS_SIMBA_1000U/LH_339_hlist_0.25000.list,True,0,4476,4476,4476,4476,0.1362,True,True,0,0.000000,True,0,0.000000,True,0,0.000000
LH_339,339,0.51209,data/raw/CAMELS_SIMBA_1000U/LH_339_hlist_0.51209.list,True,0,5351,5351,5351,5351,0.1362,True,True,0,0.000000,True,0,0.000000,True,0,0.000000
LH_339,339,0.75065,data/raw/CAMELS_SIMBA_1000U/LH_339_hlist_0.75065.list,True,0,5380,5380,5380,5380,0.1362,True,True,0,0.000000,True,0,0.000000,True,0,0.000000
LH_339,339,1.00000,data/raw/CAMELS_SIMBA_1000U/LH_339_hlist_1.00000.list,True,0,5845,5845,5845,5845,0.1362,True,True,0,0.000000,True,0,0.000000,True,0,0.000000
LH_340,340,0.20000,data/raw/CAMELS_SIMBA_1000U/LH_340_hlist_0.20000.list,True,0,1631,1631,1631,1631,0.125,True,True,0,0.000000,True,0,0.000000,False,369,0.184500
LH_340,340,0.25000,data/raw/CAMELS_SIMBA_1000U/LH_340_hlist_0.25000.list,True,0,2677,2677,2677,2677,0.125,True,True,0,0.000000,True,0,0.000000,True,0,0.000000
LH_340,340,0.51209,data/raw/CAMELS_SIMBA_1000U/LH_340_hlist_0.51209.list,True,0,4728,4728,4728,4728,0.125,True,True,0,0.000000,True,0,0.000000,True,0,0.000000
LH_340,340,0.75065,data/raw/CAMELS_SIMBA_1000U/LH_340_hlist_0.75065.list,True,0,5071,5071,5071,5071,0.125,True,True,0,0.000000,True,0,0.000000,True,0,0.000000
LH_340,340,1.00000,data/raw/CAMELS_SIMBA_1000U/LH_340_hlist_1.00000.list,True,0,5519,5519,5519,5519,0.125,True,True,0,0.000000,True,0,0.000000,True,0,0.000000
LH_341,341,0.20000,data/raw/CAMELS_SIMBA_1000U/LH_341_hlist_0.20000.list,True,0,5836,5836,5836,5836,0.2634,True,True,0,0.000000,True,0,0.000000,True,0,0.000000
LH_341,341,0.25000,data/raw/CAMELS_SIMBA_1000U/LH_341_hlist_0.25000.list,True,0,6770,6770,6770,6770,0.2634,True,True,0,0.000000,True,0,0.000000,True,0,0.000000
LH_341,341,0.51209,data/raw/CAMELS_SIMBA_1000U/LH_341_hlist_0.51209.list,True,0,6625,6625,6625,6625,0.2634,True,True,0,0.000000,True,0,0.000000,True,0,0.000000
LH_341,341,0.75065,data/raw/CAMELS_SIMBA_1000U/LH_341_hlist_0.75065.list,True,0,6136,6136,6136,6136,0.2634,True,True,0,0.000000,True,0,0.000000,True,0,0.000000
LH_341,341,1.00000,data/raw/CAMELS_SIMBA_1000U/LH_341_hlist_1.00000.list,True,0,6226,6226,6226,6226,0.2634,True,True,0,0.000000,True,0,0.000000,True,0,0.000000
LH_342,342,0.20000,data/raw/CAMELS_SIMBA_1000U/LH_342_hlist_0.20000.list,True,0,1392,1392,1392,1392,0.1094,True,True,0,0.000000,False,108,0.072000,False,608,0.304000
LH_342,342,0.25000,data/raw/CAMELS_SIMBA_1000U/LH_342_hlist_0.25000.list,True,0,2472,2472,2472,2472,0.1094,True,True,0,0.000000,True,0,0.000000,True,0,0.000000
LH_342,342,0.51209,data/raw/CAMELS_SIMBA_1000U/LH_342_hlist_0.51209.list,True,0,4377,4377,4377,4377,0.1094,True,True,0,0.000000,True,0,0.000000,True,0,0.000000
LH_342,342,0.75065,data/raw/CAMELS_SIMBA_1000U/LH_342_hlist_0.75065.list,True,0,4708,4708,4708,4708,0.1094,True,True,0,0.000000,True,0,0.000000,True,0,0.000000
LH_342,342,1.00000,data/raw/CAMELS_SIMBA_1000U/LH_342_hlist_1.00000.list,True,0,5279,5279,5279,5279,0.1094,True,True,0,0.000000,True,0,0.000000,True,0,0.000000
LH_343,343,0.20000,data/raw/CAMELS_SIMBA_1000U/LH_343_hlist_0.20000.list,True,0,4998,4998,4998,4998,0.247,True,True,0,0.000000,True,0,0.000000,True,0,0.000000
LH_343,343,0.25000,data/raw/CAMELS_SIMBA_1000U/LH_343_hlist_0.25000.list,True,0,6221,6221,6221,6221,0.247,True,True,0,0.000000,True,0,0.000000,True,0,0.000000
LH_343,343,0.51209,data/raw/CAMELS_SIMBA_1000U/LH_343_hlist_0.51209.list,True,0,7379,7379,7379,7379,0.247,True,True,0,0.000000,True,0,0.000000,True,0,0.000000
LH_343,343,0.75065,data/raw/CAMELS_SIMBA_1000U/LH_343_hlist_0.75065.list,True,0,6673,6673,6673,6673,0.247,True,True,0,0.000000,True,0,0.000000,True,0,0.000000
LH_343,343,1.00000,data/raw/CAMELS_SIMBA_1000U/LH_343_hlist_1.00000.list,True,0,6666,6666,6666,6666,0.247,True,True,0,0.000000,True,0,0.000000,True,0,0.000000
LH_344,344,0.20000,data/raw/CAMELS_SIMBA_1000U/LH_344_hlist_0.20000.list,True,0,7606,7606,7606,7606,0.381,True,True,0,0.000000,True,0,0.000000,True,0,0.000000
LH_344,344,0.25000,data/raw/CAMELS_SIMBA_1000U/LH_344_hlist_0.25000.list,True,0,8132,8132,8132,8132,0.381,True,True,0,0.000000,True,0,0.000000,True,0,0.000000
LH_344,344,0.51209,data/raw/CAMELS_SIMBA_1000U/LH_344_hlist_0.51209.list,True,0,7165,7165,7165,7165,0.381,True,True,0,0.000000,True,0,0.000000,True,0,0.000000
LH_344,344,0.75065,data/raw/CAMELS_SIMBA_1000U/LH_344_hlist_0.75065.list,True,0,6204,6204,6204,6204,0.381,True,True,0,0.000000,True,0,0.000000,True,0,0.000000
LH_344,344,1.00000,data/raw/CAMELS_SIMBA_1000U/LH_344_hlist_1.00000.list,True,0,6022,6022,6022,6022,0.381,True,True,0,0.000000,True,0,0.000000,True,0,0.000000
LH_345,345,0.20000,data/raw/CAMELS_SIMBA_1000U/LH_345_hlist_0.20000.list,True,0,4038,4038,4038,4038,0.3394,True,True,0,0.000000,True,0,0.000000,True,0,0.000000
LH_345,345,0.25000,data/raw/CAMELS_SIMBA_1000U/LH_345_hlist_0.25000.list,True,0,5635,5635,5635,5635,0.3394,True,True,0,0.000000,True,0,0.000000,True,0,0.000000
LH_345,345,0.51209,data/raw/CAMELS_SIMBA_1000U/LH_345_hlist_0.51209.list,True,0,8008,8008,8008,8008,0.3394,True,True,0,0.000000,True,0,0.000000,True,0,0.000000
LH_345,345,0.75065,data/raw/CAMELS_SIMBA_1000U/LH_345_hlist_0.75065.list,True,0,7638,7638,7638,7638,0.3394,True,True,0,0.000000,True,0,0.000000,True,0,0.000000
LH_345,345,1.00000,data/raw/CAMELS_SIMBA_1000U/LH_345_hlist_1.00000.list,True,0,7622,7622,7622,7622,0.3394,True,True,0,0.000000,True,0,0.000000,True,0,0.000000
LH_346,346,0.20000,data/raw/CAMELS_SIMBA_1000U/LH_346_hlist_0.20000.list,True,0,4263,4263,4263,4263,0.3338,True,True,0,0.000000,True,0,0.000000,True,0,0.000000
LH_346,346,0.25000,data/raw/CAMELS_SIMBA_1000U/LH_346_hlist_0.25000.list,True,0,5755,5755,5755,5755,0.3338,True,True,0,0.000000,True,0,0.000000,True,0,0.000000
LH_346,346,0.51209,data/raw/CAMELS_SIMBA_1000U/LH_346_hlist_0.51209.list,True,0,8097,8097,8097,8097,0.3338,True,True,0,0.000000,True,0,0.000000,True,0,0.000000
LH_346,346,0.75065,data/raw/CAMELS_SIMBA_1000U/LH_346_hlist_0.75065.list,True,0,7528,7528,7528,7528,0.3338,True,True,0,0.000000,True,0,0.000000,True,0,0.000000
LH_346,346,1.00000,data/raw/CAMELS_SIMBA_1000U/LH_346_hlist_1.00000.list,True,0,7429,7429,7429,7429,0.3338,True,True,0,0.000000,True,0,0.000000,True,0,0.000000
LH_347,347,0.20000,data/raw/CAMELS_SIMBA_1000U/LH_347_hlist_0.20000.list,True,0,2593,2593,2593,2593,0.189,True,True,0,0.000000,True,0,0.000000,True,0,0.000000
LH_347,347,0.25000,data/raw/CAMELS_SIMBA_1000U/LH_347_hlist_0.25000.list,True,0,4023,4023,4023,4023,0.189,True,True,0,0.000000,True,0,0.000000,True,0,0.000000
LH_347,347,0.51209,data/raw/CAMELS_SIMBA_1000U/LH_347_hlist_0.51209.list,True,0,6190,6190,6190,6190,0.189,True,True,0,0.000000,True,0,0.000000,True,0,0.000000
LH_347,347,0.75065,data/raw/CAMELS_SIMBA_1000U/LH_347_hlist_0.75065.list,True,0,6228,6228,6228,6228,0.189,True,True,0,0.000000,True,0,0.000000,True,0,0.000000
LH_347,347,1.00000,data/raw/CAMELS_SIMBA_1000U/LH_347_hlist_1.00000.list,True,0,6643,6643,6643,6643,0.189,True,True,0,0.000000,True,0,0.000000,True,0,0.000000
LH_348,348,0.20000,data/raw/CAMELS_SIMBA_1000U/LH_348_hlist_0.20000.list,True,0,6492,6492,6492,6492,0.3222,True,True,0,0.000000,True,0,0.000000,True,0,0.000000
LH_348,348,0.25000,data/raw/CAMELS_SIMBA_1000U/LH_348_hlist_0.25000.list,True,0,7366,7366,7366,7366,0.3222,True,True,0,0.000000,True,0,0.000000,True,0,0.000000
LH_348,348,0.51209,data/raw/CAMELS_SIMBA_1000U/LH_348_hlist_0.51209.list,True,0,7405,7405,7405,7405,0.3222,True,True,0,0.000000,True,0,0.000000,True,0,0.000000
LH_348,348,0.75065,data/raw/CAMELS_SIMBA_1000U/LH_348_hlist_0.75065.list,True,0,6408,6408,6408,6408,0.3222,True,True,0,0.000000,True,0,0.000000,True,0,0.000000
LH_348,348,1.00000,data/raw/CAMELS_SIMBA_1000U/LH_348_hlist_1.00000.list,True,0,6298,6298,6298,6298,0.3222,True,True,0,0.000000,True,0,0.000000,True,0,0.000000
LH_349,349,0.20000,data/raw/CAMELS_SIMBA_1000U/LH_349_hlist_0.20000.list,True,0,4596,4596,4596,4596,0.421,True,True,0,0.000000,True,0,0.000000,True,0,0.000000
LH_349,349,0.25000,data/raw/CAMELS_SIMBA_1000U/LH_349_hlist_0.25000.list,True,0,6323,6323,6323,6323,0.421,True,True,0,0.000000,True,0,0.000000,True,0,0.000000
LH_349,349,0.51209,data/raw/CAMELS_SIMBA_1000U/LH_349_hlist_0.51209.list,True,0,8880,8880,8880,8880,0.421,True,True,0,0.000000,True,0,0.000000,True,0,0.000000
LH_349,349,0.75065,data/raw/CAMELS_SIMBA_1000U/LH_349_hlist_0.75065.list,True,0,8261,8261,8261,8261,0.421,True,True,0,0.000000,True,0,0.000000,True,0,0.000000
LH_349,349,1.00000,data/raw/CAMELS_SIMBA_1000U/LH_349_hlist_1.00000.list,True,0,7997,7997,7997,7997,0.421,True,True,0,0.000000,True,0,0.000000,True,0,0.000000
LH_350,350,0.20000,data/raw/CAMELS_SIMBA_1000U/LH_350_hlist_0.20000.list,True,0,8118,8118,8118,8118,0.4938,True,True,0,0.000000,True,0,0.000000,True,0,0.000000
LH_350,350,0.25000,data/raw/CAMELS_SIMBA_1000U/LH_350_hlist_0.25000.list,True,0,8759,8759,8759,8759,0.4938,True,True,0,0.000000,True,0,0.000000,True,0,0.000000
LH_350,350,0.51209,data/raw/CAMELS_SIMBA_1000U/LH_350_hlist_0.51209.list,True,0,7546,7546,7546,7546,0.4938,True,True,0,0.000000,True,0,0.000000,True,0,0.000000
LH_350,350,0.75065,data/raw/CAMELS_SIMBA_1000U/LH_350_hlist_0.75065.list,True,0,6236,6236,6236,6236,0.4938,True,True,0,0.000000,True,0,0.000000,True,0,0.000000
LH_350,350,1.00000,data/raw/CAMELS_SIMBA_1000U/LH_350_hlist_1.00000.list,True,0,5862,5862,5862,5862,0.4938,True,True,0,0.000000,True,0,0.000000,True,0,0.000000
LH_351,351,0.20000,data/raw/CAMELS_SIMBA_1000U/LH_351_hlist_0.20000.list,True,0,8493,8493,8493,8493,0.4506,True,True,0,0.000000,True,0,0.000000,True,0,0.000000
LH_351,351,0.25000,data/raw/CAMELS_SIMBA_1000U/LH_351_hlist_0.25000.list,True,0,8994,8994,8994,8994,0.4506,True,True,0,0.000000,True,0,0.000000,True,0,0.000000
LH_351,351,0.51209,data/raw/CAMELS_SIMBA_1000U/LH_351_hlist_0.51209.list,True,0,7722,7722,7722,7722,0.4506,True,True,0,0.000000,True,0,0.000000,True,0,0.000000
LH_351,351,0.75065,data/raw/CAMELS_SIMBA_1000U/LH_351_hlist_0.75065.list,True,0,6531,6531,6531,6531,0.4506,True,True,0,0.000000,True,0,0.000000,True,0,0.000000
LH_351,351,1.00000,data/raw/CAMELS_SIMBA_1000U/LH_351_hlist_1.00000.list,True,0,6120,6120,6120,6120,0.4506,True,True,0,0.000000,True,0,0.000000,True,0,0.000000
LH_352,352,0.20000,data/raw/CAMELS_SIMBA_1000U/LH_352_hlist_0.20000.list,True,0,7257,7257,7257,7257,0.351,True,True,0,0.000000,True,0,0.000000,True,0,0.000000
LH_352,352,0.25000,data/raw/CAMELS_SIMBA_1000U/LH_352_hlist_0.25000.list,True,0,8116,8116,8116,8116,0.351,True,True,0,0.000000,True,0,0.000000,True,0,0.000000
LH_352,352,0.51209,data/raw/CAMELS_SIMBA_1000U/LH_352_hlist_0.51209.list,True,0,7505,7505,7505,7505,0.351,True,True,0,0.000000,True,0,0.000000,True,0,0.000000
LH_352,352,0.75065,data/raw/CAMELS_SIMBA_1000U/LH_352_hlist_0.75065.list,True,0,6261,6261,6261,6261,0.351,True,True,0,0.000000,True,0,0.000000,True,0,0.000000
LH_352,352,1.00000,data/raw/CAMELS_SIMBA_1000U/LH_352_hlist_1.00000.list,True,0,6110,6110,6110,6110,0.351,True,True,0,0.000000,True,0,0.000000,True,0,0.000000
LH_353,353,0.20000,data/raw/CAMELS_SIMBA_1000U/LH_353_hlist_0.20000.list,True,0,6019,6019,6019,6019,0.3458,True,True,0,0.000000,True,0,0.000000,True,0,0.000000
LH_353,353,0.25000,data/raw/CAMELS_SIMBA_1000U/LH_353_hlist_0.25000.list,True,0,7169,7169,7169,7169,0.3458,True,True,0,0.000000,True,0,0.000000,True,0,0.000000
LH_353,353,0.51209,data/raw/CAMELS_SIMBA_1000U/LH_353_hlist_0.51209.list,True,0,7542,7542,7542,7542,0.3458,True,True,0,0.000000,True,0,0.000000,True,0,0.000000
LH_353,353,0.75065,data/raw/CAMELS_SIMBA_1000U/LH_353_hlist_0.75065.list,True,0,6826,6826,6826,6826,0.3458,True,True,0,0.000000,True,0,0.000000,True,0,0.000000
LH_353,353,1.00000,data/raw/CAMELS_SIMBA_1000U/LH_353_hlist_1.00000.list,True,0,6620,6620,6620,6620,0.3458,True,True,0,0.000000,True,0,0.000000,True,0,0.000000
LH_354,354,0.20000,data/raw/CAMELS_SIMBA_1000U/LH_354_hlist_0.20000.list,True,0,6487,6487,6487,6487,0.4006,True,True,0,0.000000,True,0,0.000000,True,0,0.000000
LH_354,354,0.25000,data/raw/CAMELS_SIMBA_1000U/LH_354_hlist_0.25000.list,True,0,7583,7583,7583,7583,0.4006,True,True,0,0.000000,True,0,0.000000,True,0,0.000000
LH_354,354,0.51209,data/raw/CAMELS_SIMBA_1000U/LH_354_hlist_0.51209.list,True,0,7832,7832,7832,7832,0.4006,True,True,0,0.000000,True,0,0.000000,True,0,0.000000
LH_354,354,0.75065,data/raw/CAMELS_SIMBA_1000U/LH_354_hlist_0.75065.list,True,0,6849,6849,6849,6849,0.4006,True,True,0,0.000000,True,0,0.000000,True,0,0.000000
LH_354,354,1.00000,data/raw/CAMELS_SIMBA_1000U/LH_354_hlist_1.00000.list,True,0,6630,6630,6630,6630,0.4006,True,True,0,0.000000,True,0,0.000000,True,0,0.000000
LH_355,355,0.20000,data/raw/CAMELS_SIMBA_1000U/LH_355_hlist_0.20000.list,True,0,778,778,778,778,0.1562,True,False,222,0.222000,False,722,0.481333,False,1222,0.611000
LH_355,355,0.25000,data/raw/CAMELS_SIMBA_1000U/LH_355_hlist_0.25000.list,True,0,1999,1999,1999,1999,0.1562,True,True,0,0.000000,True,0,0.000000,False,1,0.000500
LH_355,355,0.51209,data/raw/CAMELS_SIMBA_1000U/LH_355_hlist_0.51209.list,True,0,5240,5240,5240,5240,0.1562,True,True,0,0.000000,True,0,0.000000,True,0,0.000000
LH_355,355,0.75065,data/raw/CAMELS_SIMBA_1000U/LH_355_hlist_0.75065.list,True,0,5664,5664,5664,5664,0.1562,True,True,0,0.000000,True,0,0.000000,True,0,0.000000
LH_355,355,1.00000,data/raw/CAMELS_SIMBA_1000U/LH_355_hlist_1.00000.list,True,0,6084,6084,6084,6084,0.1562,True,True,0,0.000000,True,0,0.000000,True,0,0.000000
LH_356,356,0.20000,data/raw/CAMELS_SIMBA_1000U/LH_356_hlist_0.20000.list,True,0,918,918,918,918,0.153,True,False,82,0.082000,False,582,0.388000,False,1082,0.541000
LH_356,356,0.25000,data/raw/CAMELS_SIMBA_1000U/LH_356_hlist_0.25000.list,True,0,2435,2435,2435,2435,0.153,True,True,0,0.000000,True,0,0.000000,True,0,0.000000
LH_356,356,0.51209,data/raw/CAMELS_SIMBA_1000U/LH_356_hlist_0.51209.list,True,0,5462,5462,5462,5462,0.153,True,True,0,0.000000,True,0,0.000000,True,0,0.000000
LH_356,356,0.75065,data/raw/CAMELS_SIMBA_1000U/LH_356_hlist_0.75065.list,True,0,5778,5778,5778,5778,0.153,True,True,0,0.000000,True,0,0.000000,True,0,0.000000
LH_356,356,1.00000,data/raw/CAMELS_SIMBA_1000U/LH_356_hlist_1.00000.list,True,0,6309,6309,6309,6309,0.153,True,True,0,0.000000,True,0,0.000000,True,0,0.000000
LH_357,357,0.20000,data/raw/CAMELS_SIMBA_1000U/LH_357_hlist_0.20000.list,True,0,4738,4738,4738,4738,0.397,True,True,0,0.000000,True,0,0.000000,True,0,0.000000
LH_357,357,0.25000,data/raw/CAMELS_SIMBA_1000U/LH_357_hlist_0.25000.list,True,0,6341,6341,6341,6341,0.397,True,True,0,0.000000,True,0,0.000000,True,0,0.000000
LH_357,357,0.51209,data/raw/CAMELS_SIMBA_1000U/LH_357_hlist_0.51209.list,True,0,8151,8151,8151,8151,0.397,True,True,0,0.000000,True,0,0.000000,True,0,0.000000
LH_357,357,0.75065,data/raw/CAMELS_SIMBA_1000U/LH_357_hlist_0.75065.list,True,0,7276,7276,7276,7276,0.397,True,True,0,0.000000,True,0,0.000000,True,0,0.000000
LH_357,357,1.00000,data/raw/CAMELS_SIMBA_1000U/LH_357_hlist_1.00000.list,True,0,7067,7067,7067,7067,0.397,True,True,0,0.000000,True,0,0.000000,True,0,0.000000
LH_358,358,0.20000,data/raw/CAMELS_SIMBA_1000U/LH_358_hlist_0.20000.list,True,0,3373,3373,3373,3373,0.2098,True,True,0,0.000000,True,0,0.000000,True,0,0.000000
LH_358,358,0.25000,data/raw/CAMELS_SIMBA_1000U/LH_358_hlist_0.25000.list,True,0,4975,4975,4975,4975,0.2098,True,True,0,0.000000,True,0,0.000000,True,0,0.000000
LH_358,358,0.51209,data/raw/CAMELS_SIMBA_1000U/LH_358_hlist_0.51209.list,True,0,6862,6862,6862,6862,0.2098,True,True,0,0.000000,True,0,0.000000,True,0,0.000000
LH_358,358,0.75065,data/raw/CAMELS_SIMBA_1000U/LH_358_hlist_0.75065.list,True,0,6462,6462,6462,6462,0.2098,True,True,0,0.000000,True,0,0.000000,True,0,0.000000
LH_358,358,1.00000,data/raw/CAMELS_SIMBA_1000U/LH_358_hlist_1.00000.list,True,0,6630,6630,6630,6630,0.2098,True,True,0,0.000000,True,0,0.000000,True,0,0.000000
LH_359,359,0.20000,data/raw/CAMELS_SIMBA_1000U/LH_359_hlist_0.20000.list,True,0,5890,5890,5890,5890,0.245,True,True,0,0.000000,True,0,0.000000,True,0,0.000000
LH_359,359,0.25000,data/raw/CAMELS_SIMBA_1000U/LH_359_hlist_0.25000.list,True,0,6726,6726,6726,6726,0.245,True,True,0,0.000000,True,0,0.000000,True,0,0.000000
LH_359,359,0.51209,data/raw/CAMELS_SIMBA_1000U/LH_359_hlist_0.51209.list,True,0,6463,6463,6463,6463,0.245,True,True,0,0.000000,True,0,0.000000,True,0,0.000000
LH_359,359,0.75065,data/raw/CAMELS_SIMBA_1000U/LH_359_hlist_0.75065.list,True,0,5794,5794,5794,5794,0.245,True,True,0,0.000000,True,0,0.000000,True,0,0.000000
LH_359,359,1.00000,data/raw/CAMELS_SIMBA_1000U/LH_359_hlist_1.00000.list,True,0,5824,5824,5824,5824,0.245,True,True,0,0.000000,True,0,0.000000,True,0,0.000000
LH_360,360,0.20000,data/raw/CAMELS_SIMBA_1000U/LH_360_hlist_0.20000.list,True,0,3311,3311,3311,3311,0.1286,True,True,0,0.000000,True,0,0.000000,True,0,0.000000
LH_360,360,0.25000,data/raw/CAMELS_SIMBA_1000U/LH_360_hlist_0.25000.list,True,0,4392,4392,4392,4392,0.1286,True,True,0,0.000000,True,0,0.000000,True,0,0.000000
LH_360,360,0.51209,data/raw/CAMELS_SIMBA_1000U/LH_360_hlist_0.51209.list,True,0,5032,5032,5032,5032,0.1286,True,True,0,0.000000,True,0,0.000000,True,0,0.000000
LH_360,360,0.75065,data/raw/CAMELS_SIMBA_1000U/LH_360_hlist_0.75065.list,True,0,5203,5203,5203,5203,0.1286,True,True,0,0.000000,True,0,0.000000,True,0,0.000000
LH_360,360,1.00000,data/raw/CAMELS_SIMBA_1000U/LH_360_hlist_1.00000.list,True,0,5526,5526,5526,5526,0.1286,True,True,0,0.000000,True,0,0.000000,True,0,0.000000
LH_361,361,0.20000,data/raw/CAMELS_SIMBA_1000U/LH_361_hlist_0.20000.list,True,0,8459,8459,8459,8459,0.4654,True,True,0,0.000000,True,0,0.000000,True,0,0.000000
LH_361,361,0.25000,data/raw/CAMELS_SIMBA_1000U/LH_361_hlist_0.25000.list,True,0,9043,9043,9043,9043,0.4654,True,True,0,0.000000,True,0,0.000000,True,0,0.000000
LH_361,361,0.51209,data/raw/CAMELS_SIMBA_1000U/LH_361_hlist_0.51209.list,True,0,8026,8026,8026,8026,0.4654,True,True,0,0.000000,True,0,0.000000,True,0,0.000000
LH_361,361,0.75065,data/raw/CAMELS_SIMBA_1000U/LH_361_hlist_0.75065.list,True,0,6572,6572,6572,6572,0.4654,True,True,0,0.000000,True,0,0.000000,True,0,0.000000
LH_361,361,1.00000,data/raw/CAMELS_SIMBA_1000U/LH_361_hlist_1.00000.list,True,0,5968,5968,5968,5968,0.4654,True,True,0,0.000000,True,0,0.000000,True,0,0.000000
LH_362,362,0.20000,data/raw/CAMELS_SIMBA_1000U/LH_362_hlist_0.20000.list,True,0,6265,6265,6265,6265,0.4558,True,True,0,0.000000,True,0,0.000000,True,0,0.000000
LH_362,362,0.25000,data/raw/CAMELS_SIMBA_1000U/LH_362_hlist_0.25000.list,True,0,7583,7583,7583,7583,0.4558,True,True,0,0.000000,True,0,0.000000,True,0,0.000000
LH_362,362,0.51209,data/raw/CAMELS_SIMBA_1000U/LH_362_hlist_0.51209.list,True,0,8175,8175,8175,8175,0.4558,True,True,0,0.000000,True,0,0.000000,True,0,0.000000
LH_362,362,0.75065,data/raw/CAMELS_SIMBA_1000U/LH_362_hlist_0.75065.list,True,0,7118,7118,7118,7118,0.4558,True,True,0,0.000000,True,0,0.000000,True,0,0.000000
LH_362,362,1.00000,data/raw/CAMELS_SIMBA_1000U/LH_362_hlist_1.00000.list,True,0,6798,6798,6798,6798,0.4558,True,True,0,0.000000,True,0,0.000000,True,0,0.000000
LH_363,363,0.20000,data/raw/CAMELS_SIMBA_1000U/LH_363_hlist_0.20000.list,True,0,7168,7168,7168,7168,0.4786,True,True,0,0.000000,True,0,0.000000,True,0,0.000000
LH_363,363,0.25000,data/raw/CAMELS_SIMBA_1000U/LH_363_hlist_0.25000.list,True,0,8323,8323,8323,8323,0.4786,True,True,0,0.000000,True,0,0.000000,True,0,0.000000
LH_363,363,0.51209,data/raw/CAMELS_SIMBA_1000U/LH_363_hlist_0.51209.list,True,0,8364,8364,8364,8364,0.4786,True,True,0,0.000000,True,0,0.000000,True,0,0.000000
LH_363,363,0.75065,data/raw/CAMELS_SIMBA_1000U/LH_363_hlist_0.75065.list,True,0,7064,7064,7064,7064,0.4786,True,True,0,0.000000,True,0,0.000000,True,0,0.000000
LH_363,363,1.00000,data/raw/CAMELS_SIMBA_1000U/LH_363_hlist_1.00000.list,True,0,6502,6502,6502,6502,0.4786,True,True,0,0.000000,True,0,0.000000,True,0,0.000000
LH_364,364,0.20000,data/raw/CAMELS_SIMBA_1000U/LH_364_hlist_0.20000.list,True,0,3834,3834,3834,3834,0.3886,True,True,0,0.000000,True,0,0.000000,True,0,0.000000
LH_364,364,0.25000,data/raw/CAMELS_SIMBA_1000U/LH_364_hlist_0.25000.list,True,0,5659,5659,5659,5659,0.3886,True,True,0,0.000000,True,0,0.000000,True,0,0.000000
LH_364,364,0.51209,data/raw/CAMELS_SIMBA_1000U/LH_364_hlist_0.51209.list,True,0,8149,8149,8149,8149,0.3886,True,True,0,0.000000,True,0,0.000000,True,0,0.000000
LH_364,364,0.75065,data/raw/CAMELS_SIMBA_1000U/LH_364_hlist_0.75065.list,True,0,7503,7503,7503,7503,0.3886,True,True,0,0.000000,True,0,0.000000,True,0,0.000000
LH_364,364,1.00000,data/raw/CAMELS_SIMBA_1000U/LH_364_hlist_1.00000.list,True,0,7379,7379,7379,7379,0.3886,True,True,0,0.000000,True,0,0.000000,True,0,0.000000
LH_365,365,0.20000,data/raw/CAMELS_SIMBA_1000U/LH_365_hlist_0.20000.list,True,0,5845,5845,5845,5845,0.3618,True,True,0,0.000000,True,0,0.000000,True,0,0.000000
LH_365,365,0.25000,data/raw/CAMELS_SIMBA_1000U/LH_365_hlist_0.25000.list,True,0,7144,7144,7144,7144,0.3618,True,True,0,0.000000,True,0,0.000000,True,0,0.000000
LH_365,365,0.51209,data/raw/CAMELS_SIMBA_1000U/LH_365_hlist_0.51209.list,True,0,7932,7932,7932,7932,0.3618,True,True,0,0.000000,True,0,0.000000,True,0,0.000000
LH_365,365,0.75065,data/raw/CAMELS_SIMBA_1000U/LH_365_hlist_0.75065.list,True,0,6977,6977,6977,6977,0.3618,True,True,0,0.000000,True,0,0.000000,True,0,0.000000
LH_365,365,1.00000,data/raw/CAMELS_SIMBA_1000U/LH_365_hlist_1.00000.list,True,0,6751,6751,6751,6751,0.3618,True,True,0,0.000000,True,0,0.000000,True,0,0.000000
LH_366,366,0.20000,data/raw/CAMELS_SIMBA_1000U/LH_366_hlist_0.20000.list,True,0,6000,6000,6000,6000,0.3518,True,True,0,0.000000,True,0,0.000000,True,0,0.000000
LH_366,366,0.25000,data/raw/CAMELS_SIMBA_1000U/LH_366_hlist_0.25000.list,True,0,7313,7313,7313,7313,0.3518,True,True,0,0.000000,True,0,0.000000,True,0,0.000000
LH_366,366,0.51209,data/raw/CAMELS_SIMBA_1000U/LH_366_hlist_0.51209.list,True,0,7792,7792,7792,7792,0.3518,True,True,0,0.000000,True,0,0.000000,True,0,0.000000
LH_366,366,0.75065,data/raw/CAMELS_SIMBA_1000U/LH_366_hlist_0.75065.list,True,0,6829,6829,6829,6829,0.3518,True,True,0,0.000000,True,0,0.000000,True,0,0.000000
LH_366,366,1.00000,data/raw/CAMELS_SIMBA_1000U/LH_366_hlist_1.00000.list,True,0,6762,6762,6762,6762,0.3518,True,True,0,0.000000,True,0,0.000000,True,0,0.000000
LH_367,367,0.20000,data/raw/CAMELS_SIMBA_1000U/LH_367_hlist_0.20000.list,True,0,4349,4349,4349,4349,0.3614,True,True,0,0.000000,True,0,0.000000,True,0,0.000000
LH_367,367,0.25000,data/raw/CAMELS_SIMBA_1000U/LH_367_hlist_0.25000.list,True,0,5949,5949,5949,5949,0.3614,True,True,0,0.000000,True,0,0.000000,True,0,0.000000
LH_367,367,0.51209,data/raw/CAMELS_SIMBA_1000U/LH_367_hlist_0.51209.list,True,0,8013,8013,8013,8013,0.3614,True,True,0,0.000000,True,0,0.000000,True,0,0.000000
LH_367,367,0.75065,data/raw/CAMELS_SIMBA_1000U/LH_367_hlist_0.75065.list,True,0,7145,7145,7145,7145,0.3614,True,True,0,0.000000,True,0,0.000000,True,0,0.000000
LH_367,367,1.00000,data/raw/CAMELS_SIMBA_1000U/LH_367_hlist_1.00000.list,True,0,6956,6956,6956,6956,0.3614,True,True,0,0.000000,True,0,0.000000,True,0,0.000000
LH_368,368,0.20000,data/raw/CAMELS_SIMBA_1000U/LH_368_hlist_0.20000.list,True,0,6065,6065,6065,6065,0.4114,True,True,0,0.000000,True,0,0.000000,True,0,0.000000
LH_368,368,0.25000,data/raw/CAMELS_SIMBA_1000U/LH_368_hlist_0.25000.list,True,0,7408,7408,7408,7408,0.4114,True,True,0,0.000000,True,0,0.000000,True,0,0.000000
LH_368,368,0.51209,data/raw/CAMELS_SIMBA_1000U/LH_368_hlist_0.51209.list,True,0,8090,8090,8090,8090,0.4114,True,True,0,0.000000,True,0,0.000000,True,0,0.000000
LH_368,368,0.75065,data/raw/CAMELS_SIMBA_1000U/LH_368_hlist_0.75065.list,True,0,7265,7265,7265,7265,0.4114,True,True,0,0.000000,True,0,0.000000,True,0,0.000000
LH_368,368,1.00000,data/raw/CAMELS_SIMBA_1000U/LH_368_hlist_1.00000.list,True,0,7004,7004,7004,7004,0.4114,True,True,0,0.000000,True,0,0.000000,True,0,0.000000
LH_369,369,0.20000,data/raw/CAMELS_SIMBA_1000U/LH_369_hlist_0.20000.list,True,0,6857,6857,6857,6857,0.311,True,True,0,0.000000,True,0,0.000000,True,0,0.000000
LH_369,369,0.25000,data/raw/CAMELS_SIMBA_1000U/LH_369_hlist_0.25000.list,True,0,7578,7578,7578,7578,0.311,True,True,0,0.000000,True,0,0.000000,True,0,0.000000
LH_369,369,0.51209,data/raw/CAMELS_SIMBA_1000U/LH_369_hlist_0.51209.list,True,0,6852,6852,6852,6852,0.311,True,True,0,0.000000,True,0,0.000000,True,0,0.000000
LH_369,369,0.75065,data/raw/CAMELS_SIMBA_1000U/LH_369_hlist_0.75065.list,True,0,6051,6051,6051,6051,0.311,True,True,0,0.000000,True,0,0.000000,True,0,0.000000
LH_369,369,1.00000,data/raw/CAMELS_SIMBA_1000U/LH_369_hlist_1.00000.list,True,0,5922,5922,5922,5922,0.311,True,True,0,0.000000,True,0,0.000000,True,0,0.000000
LH_370,370,0.20000,data/raw/CAMELS_SIMBA_1000U/LH_370_hlist_0.20000.list,True,0,821,821,821,821,0.1458,True,False,179,0.179000,False,679,0.452667,False,1179,0.589500
LH_370,370,0.25000,data/raw/CAMELS_SIMBA_1000U/LH_370_hlist_0.25000.list,True,0,2069,2069,2069,2069,0.1458,True,True,0,0.000000,True,0,0.000000,True,0,0.000000
LH_370,370,0.51209,data/raw/CAMELS_SIMBA_1000U/LH_370_hlist_0.51209.list,True,0,4824,4824,4824,4824,0.1458,True,True,0,0.000000,True,0,0.000000,True,0,0.000000
LH_370,370,0.75065,data/raw/CAMELS_SIMBA_1000U/LH_370_hlist_0.75065.list,True,0,5353,5353,5353,5353,0.1458,True,True,0,0.000000,True,0,0.000000,True,0,0.000000
LH_370,370,1.00000,data/raw/CAMELS_SIMBA_1000U/LH_370_hlist_1.00000.list,True,0,5875,5875,5875,5875,0.1458,True,True,0,0.000000,True,0,0.000000,True,0,0.000000
LH_371,371,0.20000,data/raw/CAMELS_SIMBA_1000U/LH_371_hlist_0.20000.list,True,0,6850,6850,6850,6850,0.3954,True,True,0,0.000000,True,0,0.000000,True,0,0.000000
LH_371,371,0.25000,data/raw/CAMELS_SIMBA_1000U/LH_371_hlist_0.25000.list,True,0,7779,7779,7779,7779,0.3954,True,True,0,0.000000,True,0,0.000000,True,0,0.000000
LH_371,371,0.51209,data/raw/CAMELS_SIMBA_1000U/LH_371_hlist_0.51209.list,True,0,7795,7795,7795,7795,0.3954,True,True,0,0.000000,True,0,0.000000,True,0,0.000000
LH_371,371,0.75065,data/raw/CAMELS_SIMBA_1000U/LH_371_hlist_0.75065.list,True,0,6722,6722,6722,6722,0.3954,True,True,0,0.000000,True,0,0.000000,True,0,0.000000
LH_371,371,1.00000,data/raw/CAMELS_SIMBA_1000U/LH_371_hlist_1.00000.list,True,0,6525,6525,6525,6525,0.3954,True,True,0,0.000000,True,0,0.000000,True,0,0.000000
LH_372,372,0.20000,data/raw/CAMELS_SIMBA_1000U/LH_372_hlist_0.20000.list,True,0,6019,6019,6019,6019,0.2282,True,True,0,0.000000,True,0,0.000000,True,0,0.000000
LH_372,372,0.25000,data/raw/CAMELS_SIMBA_1000U/LH_372_hlist_0.25000.list,True,0,6812,6812,6812,6812,0.2282,True,True,0,0.000000,True,0,0.000000,True,0,0.000000
LH_372,372,0.51209,data/raw/CAMELS_SIMBA_1000U/LH_372_hlist_0.51209.list,True,0,6101,6101,6101,6101,0.2282,True,True,0,0.000000,True,0,0.000000,True,0,0.000000
LH_372,372,0.75065,data/raw/CAMELS_SIMBA_1000U/LH_372_hlist_0.75065.list,True,0,5425,5425,5425,5425,0.2282,True,True,0,0.000000,True,0,0.000000,True,0,0.000000
LH_372,372,1.00000,data/raw/CAMELS_SIMBA_1000U/LH_372_hlist_1.00000.list,True,0,5484,5484,5484,5484,0.2282,True,True,0,0.000000,True,0,0.000000,True,0,0.000000
LH_373,373,0.20000,data/raw/CAMELS_SIMBA_1000U/LH_373_hlist_0.20000.list,True,0,3888,3888,3888,3888,0.1534,True,True,0,0.000000,True,0,0.000000,True,0,0.000000
LH_373,373,0.25000,data/raw/CAMELS_SIMBA_1000U/LH_373_hlist_0.25000.list,True,0,5046,5046,5046,5046,0.1534,True,True,0,0.000000,True,0,0.000000,True,0,0.000000
LH_373,373,0.51209,data/raw/CAMELS_SIMBA_1000U/LH_373_hlist_0.51209.list,True,0,5662,5662,5662,5662,0.1534,True,True,0,0.000000,True,0,0.000000,True,0,0.000000
LH_373,373,0.75065,data/raw/CAMELS_SIMBA_1000U/LH_373_hlist_0.75065.list,True,0,5307,5307,5307,5307,0.1534,True,True,0,0.000000,True,0,0.000000,True,0,0.000000
LH_373,373,1.00000,data/raw/CAMELS_SIMBA_1000U/LH_373_hlist_1.00000.list,True,0,5557,5557,5557,5557,0.1534,True,True,0,0.000000,True,0,0.000000,True,0,0.000000
LH_374,374,0.20000,data/raw/CAMELS_SIMBA_1000U/LH_374_hlist_0.20000.list,True,0,6536,6536,6536,6536,0.3694,True,True,0,0.000000,True,0,0.000000,True,0,0.000000
LH_374,374,0.25000,data/raw/CAMELS_SIMBA_1000U/LH_374_hlist_0.25000.list,True,0,7546,7546,7546,7546,0.3694,True,True,0,0.000000,True,0,0.000000,True,0,0.000000
LH_374,374,0.51209,data/raw/CAMELS_SIMBA_1000U/LH_374_hlist_0.51209.list,True,0,7401,7401,7401,7401,0.3694,True,True,0,0.000000,True,0,0.000000,True,0,0.000000
LH_374,374,0.75065,data/raw/CAMELS_SIMBA_1000U/LH_374_hlist_0.75065.list,True,0,6529,6529,6529,6529,0.3694,True,True,0,0.000000,True,0,0.000000,True,0,0.000000
LH_374,374,1.00000,data/raw/CAMELS_SIMBA_1000U/LH_374_hlist_1.00000.list,True,0,6366,6366,6366,6366,0.3694,True,True,0,0.000000,True,0,0.000000,True,0,0.000000
LH_375,375,0.20000,data/raw/CAMELS_SIMBA_1000U/LH_375_hlist_0.20000.list,True,0,8158,8158,8158,8158,0.4022,True,True,0,0.000000,True,0,0.000000,True,0,0.000000
LH_375,375,0.25000,data/raw/CAMELS_SIMBA_1000U/LH_375_hlist_0.25000.list,True,0,8777,8777,8777,8777,0.4022,True,True,0,0.000000,True,0,0.000000,True,0,0.000000
LH_375,375,0.51209,data/raw/CAMELS_SIMBA_1000U/LH_375_hlist_0.51209.list,True,0,7163,7163,7163,7163,0.4022,True,True,0,0.000000,True,0,0.000000,True,0,0.000000
LH_375,375,0.75065,data/raw/CAMELS_SIMBA_1000U/LH_375_hlist_0.75065.list,True,0,6058,6058,6058,6058,0.4022,True,True,0,0.000000,True,0,0.000000,True,0,0.000000
LH_375,375,1.00000,data/raw/CAMELS_SIMBA_1000U/LH_375_hlist_1.00000.list,True,0,5750,5750,5750,5750,0.4022,True,True,0,0.000000,True,0,0.000000,True,0,0.000000
LH_376,376,0.20000,data/raw/CAMELS_SIMBA_1000U/LH_376_hlist_0.20000.list,True,0,3601,3601,3601,3601,0.2006,True,True,0,0.000000,True,0,0.000000,True,0,0.000000
LH_376,376,0.25000,data/raw/CAMELS_SIMBA_1000U/LH_376_hlist_0.25000.list,True,0,4791,4791,4791,4791,0.2006,True,True,0,0.000000,True,0,0.000000,True,0,0.000000
LH_376,376,0.51209,data/raw/CAMELS_SIMBA_1000U/LH_376_hlist_0.51209.list,True,0,5949,5949,5949,5949,0.2006,True,True,0,0.000000,True,0,0.000000,True,0,0.000000
LH_376,376,0.75065,data/raw/CAMELS_SIMBA_1000U/LH_376_hlist_0.75065.list,True,0,5796,5796,5796,5796,0.2006,True,True,0,0.000000,True,0,0.000000,True,0,0.000000
LH_376,376,1.00000,data/raw/CAMELS_SIMBA_1000U/LH_376_hlist_1.00000.list,True,0,6113,6113,6113,6113,0.2006,True,True,0,0.000000,True,0,0.000000,True,0,0.000000
LH_377,377,0.20000,data/raw/CAMELS_SIMBA_1000U/LH_377_hlist_0.20000.list,True,0,4896,4896,4896,4896,0.1878,True,True,0,0.000000,True,0,0.000000,True,0,0.000000
LH_377,377,0.25000,data/raw/CAMELS_SIMBA_1000U/LH_377_hlist_0.25000.list,True,0,5780,5780,5780,5780,0.1878,True,True,0,0.000000,True,0,0.000000,True,0,0.000000
LH_377,377,0.51209,data/raw/CAMELS_SIMBA_1000U/LH_377_hlist_0.51209.list,True,0,5985,5985,5985,5985,0.1878,True,True,0,0.000000,True,0,0.000000,True,0,0.000000
LH_377,377,0.75065,data/raw/CAMELS_SIMBA_1000U/LH_377_hlist_0.75065.list,True,0,5680,5680,5680,5680,0.1878,True,True,0,0.000000,True,0,0.000000,True,0,0.000000
LH_377,377,1.00000,data/raw/CAMELS_SIMBA_1000U/LH_377_hlist_1.00000.list,True,0,5870,5870,5870,5870,0.1878,True,True,0,0.000000,True,0,0.000000,True,0,0.000000
LH_378,378,0.20000,data/raw/CAMELS_SIMBA_1000U/LH_378_hlist_0.20000.list,True,0,3211,3211,3211,3211,0.1182,True,True,0,0.000000,True,0,0.000000,True,0,0.000000
LH_378,378,0.25000,data/raw/CAMELS_SIMBA_1000U/LH_378_hlist_0.25000.list,True,0,4152,4152,4152,4152,0.1182,True,True,0,0.000000,True,0,0.000000,True,0,0.000000
LH_378,378,0.51209,data/raw/CAMELS_SIMBA_1000U/LH_378_hlist_0.51209.list,True,0,4316,4316,4316,4316,0.1182,True,True,0,0.000000,True,0,0.000000,True,0,0.000000
LH_378,378,0.75065,data/raw/CAMELS_SIMBA_1000U/LH_378_hlist_0.75065.list,True,0,4445,4445,4445,4445,0.1182,True,True,0,0.000000,True,0,0.000000,True,0,0.000000
LH_378,378,1.00000,data/raw/CAMELS_SIMBA_1000U/LH_378_hlist_1.00000.list,True,0,4802,4802,4802,4802,0.1182,True,True,0,0.000000,True,0,0.000000,True,0,0.000000
LH_379,379,0.20000,data/raw/CAMELS_SIMBA_1000U/LH_379_hlist_0.20000.list,True,0,2861,2861,2861,2861,0.2778,True,True,0,0.000000,True,0,0.000000,True,0,0.000000
LH_379,379,0.25000,data/raw/CAMELS_SIMBA_1000U/LH_379_hlist_0.25000.list,True,0,4422,4422,4422,4422,0.2778,True,True,0,0.000000,True,0,0.000000,True,0,0.000000
LH_379,379,0.51209,data/raw/CAMELS_SIMBA_1000U/LH_379_hlist_0.51209.list,True,0,7301,7301,7301,7301,0.2778,True,True,0,0.000000,True,0,0.000000,True,0,0.000000
LH_379,379,0.75065,data/raw/CAMELS_SIMBA_1000U/LH_379_hlist_0.75065.list,True,0,7254,7254,7254,7254,0.2778,True,True,0,0.000000,True,0,0.000000,True,0,0.000000
LH_379,379,1.00000,data/raw/CAMELS_SIMBA_1000U/LH_379_hlist_1.00000.list,True,0,7478,7478,7478,7478,0.2778,True,True,0,0.000000,True,0,0.000000,True,0,0.000000
LH_380,380,0.20000,data/raw/CAMELS_SIMBA_1000U/LH_380_hlist_0.20000.list,True,0,6740,6740,6740,6740,0.4278,True,True,0,0.000000,True,0,0.000000,True,0,0.000000
LH_380,380,0.25000,data/raw/CAMELS_SIMBA_1000U/LH_380_hlist_0.25000.list,True,0,8005,8005,8005,8005,0.4278,True,True,0,0.000000,True,0,0.000000,True,0,0.000000
LH_380,380,0.51209,data/raw/CAMELS_SIMBA_1000U/LH_380_hlist_0.51209.list,True,0,8065,8065,8065,8065,0.4278,True,True,0,0.000000,True,0,0.000000,True,0,0.000000
LH_380,380,0.75065,data/raw/CAMELS_SIMBA_1000U/LH_380_hlist_0.75065.list,True,0,6796,6796,6796,6796,0.4278,True,True,0,0.000000,True,0,0.000000,True,0,0.000000
LH_380,380,1.00000,data/raw/CAMELS_SIMBA_1000U/LH_380_hlist_1.00000.list,True,0,6398,6398,6398,6398,0.4278,True,True,0,0.000000,True,0,0.000000,True,0,0.000000
LH_381,381,0.20000,data/raw/CAMELS_SIMBA_1000U/LH_381_hlist_0.20000.list,True,0,6200,6200,6200,6200,0.439,True,True,0,0.000000,True,0,0.000000,True,0,0.000000
LH_381,381,0.25000,data/raw/CAMELS_SIMBA_1000U/LH_381_hlist_0.25000.list,True,0,7471,7471,7471,7471,0.439,True,True,0,0.000000,True,0,0.000000,True,0,0.000000
LH_381,381,0.51209,data/raw/CAMELS_SIMBA_1000U/LH_381_hlist_0.51209.list,True,0,8148,8148,8148,8148,0.439,True,True,0,0.000000,True,0,0.000000,True,0,0.000000
LH_381,381,0.75065,data/raw/CAMELS_SIMBA_1000U/LH_381_hlist_0.75065.list,True,0,7177,7177,7177,7177,0.439,True,True,0,0.000000,True,0,0.000000,True,0,0.000000
LH_381,381,1.00000,data/raw/CAMELS_SIMBA_1000U/LH_381_hlist_1.00000.list,True,0,6820,6820,6820,6820,0.439,True,True,0,0.000000,True,0,0.000000,True,0,0.000000
LH_382,382,0.20000,data/raw/CAMELS_SIMBA_1000U/LH_382_hlist_0.20000.list,True,0,4667,4667,4667,4667,0.3918,True,True,0,0.000000,True,0,0.000000,True,0,0.000000
LH_382,382,0.25000,data/raw/CAMELS_SIMBA_1000U/LH_382_hlist_0.25000.list,True,0,6356,6356,6356,6356,0.3918,True,True,0,0.000000,True,0,0.000000,True,0,0.000000
LH_382,382,0.51209,data/raw/CAMELS_SIMBA_1000U/LH_382_hlist_0.51209.list,True,0,8458,8458,8458,8458,0.3918,True,True,0,0.000000,True,0,0.000000,True,0,0.000000
LH_382,382,0.75065,data/raw/CAMELS_SIMBA_1000U/LH_382_hlist_0.75065.list,True,0,7572,7572,7572,7572,0.3918,True,True,0,0.000000,True,0,0.000000,True,0,0.000000
LH_382,382,1.00000,data/raw/CAMELS_SIMBA_1000U/LH_382_hlist_1.00000.list,True,0,7375,7375,7375,7375,0.3918,True,True,0,0.000000,True,0,0.000000,True,0,0.000000
LH_383,383,0.20000,data/raw/CAMELS_SIMBA_1000U/LH_383_hlist_0.20000.list,True,0,8218,8218,8218,8218,0.389,True,True,0,0.000000,True,0,0.000000,True,0,0.000000
LH_383,383,0.25000,data/raw/CAMELS_SIMBA_1000U/LH_383_hlist_0.25000.list,True,0,8750,8750,8750,8750,0.389,True,True,0,0.000000,True,0,0.000000,True,0,0.000000
LH_383,383,0.51209,data/raw/CAMELS_SIMBA_1000U/LH_383_hlist_0.51209.list,True,0,7240,7240,7240,7240,0.389,True,True,0,0.000000,True,0,0.000000,True,0,0.000000
LH_383,383,0.75065,data/raw/CAMELS_SIMBA_1000U/LH_383_hlist_0.75065.list,True,0,6172,6172,6172,6172,0.389,True,True,0,0.000000,True,0,0.000000,True,0,0.000000
LH_383,383,1.00000,data/raw/CAMELS_SIMBA_1000U/LH_383_hlist_1.00000.list,True,0,6031,6031,6031,6031,0.389,True,True,0,0.000000,True,0,0.000000,True,0,0.000000
LH_384,384,0.20000,data/raw/CAMELS_SIMBA_1000U/LH_384_hlist_0.20000.list,True,0,2653,2653,2653,2653,0.2602,True,True,0,0.000000,True,0,0.000000,True,0,0.000000
LH_384,384,0.25000,data/raw/CAMELS_SIMBA_1000U/LH_384_hlist_0.25000.list,True,0,4416,4416,4416,4416,0.2602,True,True,0,0.000000,True,0,0.000000,True,0,0.000000
LH_384,384,0.51209,data/raw/CAMELS_SIMBA_1000U/LH_384_hlist_0.51209.list,True,0,7217,7217,7217,7217,0.2602,True,True,0,0.000000,True,0,0.000000,True,0,0.000000
LH_384,384,0.75065,data/raw/CAMELS_SIMBA_1000U/LH_384_hlist_0.75065.list,True,0,7021,7021,7021,7021,0.2602,True,True,0,0.000000,True,0,0.000000,True,0,0.000000
LH_384,384,1.00000,data/raw/CAMELS_SIMBA_1000U/LH_384_hlist_1.00000.list,True,0,7320,7320,7320,7320,0.2602,True,True,0,0.000000,True,0,0.000000,True,0,0.000000
LH_385,385,0.20000,data/raw/CAMELS_SIMBA_1000U/LH_385_hlist_0.20000.list,True,0,1402,1402,1402,1402,0.1702,True,True,0,0.000000,False,98,0.065333,False,598,0.299000
LH_385,385,0.25000,data/raw/CAMELS_SIMBA_1000U/LH_385_hlist_0.25000.list,True,0,2939,2939,2939,2939,0.1702,True,True,0,0.000000,True,0,0.000000,True,0,0.000000
LH_385,385,0.51209,data/raw/CAMELS_SIMBA_1000U/LH_385_hlist_0.51209.list,True,0,6115,6115,6115,6115,0.1702,True,True,0,0.000000,True,0,0.000000,True,0,0.000000
LH_385,385,0.75065,data/raw/CAMELS_SIMBA_1000U/LH_385_hlist_0.75065.list,True,0,6279,6279,6279,6279,0.1702,True,True,0,0.000000,True,0,0.000000,True,0,0.000000
LH_385,385,1.00000,data/raw/CAMELS_SIMBA_1000U/LH_385_hlist_1.00000.list,True,0,6810,6810,6810,6810,0.1702,True,True,0,0.000000,True,0,0.000000,True,0,0.000000
LH_386,386,0.20000,data/raw/CAMELS_SIMBA_1000U/LH_386_hlist_0.20000.list,True,0,5027,5027,5027,5027,0.2554,True,True,0,0.000000,True,0,0.000000,True,0,0.000000
LH_386,386,0.25000,data/raw/CAMELS_SIMBA_1000U/LH_386_hlist_0.25000.list,True,0,6477,6477,6477,6477,0.2554,True,True,0,0.000000,True,0,0.000000,True,0,0.000000
LH_386,386,0.51209,data/raw/CAMELS_SIMBA_1000U/LH_386_hlist_0.51209.list,True,0,6661,6661,6661,6661,0.2554,True,True,0,0.000000,True,0,0.000000,True,0,0.000000
LH_386,386,0.75065,data/raw/CAMELS_SIMBA_1000U/LH_386_hlist_0.75065.list,True,0,5853,5853,5853,5853,0.2554,True,True,0,0.000000,True,0,0.000000,True,0,0.000000
LH_386,386,1.00000,data/raw/CAMELS_SIMBA_1000U/LH_386_hlist_1.00000.list,True,0,5979,5979,5979,5979,0.2554,True,True,0,0.000000,True,0,0.000000,True,0,0.000000
LH_387,387,0.20000,data/raw/CAMELS_SIMBA_1000U/LH_387_hlist_0.20000.list,True,0,6794,6794,6794,6794,0.4042,True,True,0,0.000000,True,0,0.000000,True,0,0.000000
LH_387,387,0.25000,data/raw/CAMELS_SIMBA_1000U/LH_387_hlist_0.25000.list,True,0,7879,7879,7879,7879,0.4042,True,True,0,0.000000,True,0,0.000000,True,0,0.000000
LH_387,387,0.51209,data/raw/CAMELS_SIMBA_1000U/LH_387_hlist_0.51209.list,True,0,7596,7596,7596,7596,0.4042,True,True,0,0.000000,True,0,0.000000,True,0,0.000000
LH_387,387,0.75065,data/raw/CAMELS_SIMBA_1000U/LH_387_hlist_0.75065.list,True,0,6661,6661,6661,6661,0.4042,True,True,0,0.000000,True,0,0.000000,True,0,0.000000
LH_387,387,1.00000,data/raw/CAMELS_SIMBA_1000U/LH_387_hlist_1.00000.list,True,0,6281,6281,6281,6281,0.4042,True,True,0,0.000000,True,0,0.000000,True,0,0.000000
LH_388,388,0.20000,data/raw/CAMELS_SIMBA_1000U/LH_388_hlist_0.20000.list,True,0,3890,3890,3890,3890,0.1626,True,True,0,0.000000,True,0,0.000000,True,0,0.000000
LH_388,388,0.25000,data/raw/CAMELS_SIMBA_1000U/LH_388_hlist_0.25000.list,True,0,5111,5111,5111,5111,0.1626,True,True,0,0.000000,True,0,0.000000,True,0,0.000000
LH_388,388,0.51209,data/raw/CAMELS_SIMBA_1000U/LH_388_hlist_0.51209.list,True,0,5805,5805,5805,5805,0.1626,True,True,0,0.000000,True,0,0.000000,True,0,0.000000
LH_388,388,0.75065,data/raw/CAMELS_SIMBA_1000U/LH_388_hlist_0.75065.list,True,0,5779,5779,5779,5779,0.1626,True,True,0,0.000000,True,0,0.000000,True,0,0.000000
LH_388,388,1.00000,data/raw/CAMELS_SIMBA_1000U/LH_388_hlist_1.00000.list,True,0,5994,5994,5994,5994,0.1626,True,True,0,0.000000,True,0,0.000000,True,0,0.000000
LH_389,389,0.20000,data/raw/CAMELS_SIMBA_1000U/LH_389_hlist_0.20000.list,True,0,2116,2116,2116,2116,0.1694,True,True,0,0.000000,True,0,0.000000,True,0,0.000000
LH_389,389,0.25000,data/raw/CAMELS_SIMBA_1000U/LH_389_hlist_0.25000.list,True,0,3543,3543,3543,3543,0.1694,True,True,0,0.000000,True,0,0.000000,True,0,0.000000
LH_389,389,0.51209,data/raw/CAMELS_SIMBA_1000U/LH_389_hlist_0.51209.list,True,0,5940,5940,5940,5940,0.1694,True,True,0,0.000000,True,0,0.000000,True,0,0.000000
LH_389,389,0.75065,data/raw/CAMELS_SIMBA_1000U/LH_389_hlist_0.75065.list,True,0,5990,5990,5990,5990,0.1694,True,True,0,0.000000,True,0,0.000000,True,0,0.000000
LH_389,389,1.00000,data/raw/CAMELS_SIMBA_1000U/LH_389_hlist_1.00000.list,True,0,6451,6451,6451,6451,0.1694,True,True,0,0.000000,True,0,0.000000,True,0,0.000000
LH_390,390,0.20000,data/raw/CAMELS_SIMBA_1000U/LH_390_hlist_0.20000.list,True,0,6653,6653,6653,6653,0.3442,True,True,0,0.000000,True,0,0.000000,True,0,0.000000
LH_390,390,0.25000,data/raw/CAMELS_SIMBA_1000U/LH_390_hlist_0.25000.list,True,0,7477,7477,7477,7477,0.3442,True,True,0,0.000000,True,0,0.000000,True,0,0.000000
LH_390,390,0.51209,data/raw/CAMELS_SIMBA_1000U/LH_390_hlist_0.51209.list,True,0,7250,7250,7250,7250,0.3442,True,True,0,0.000000,True,0,0.000000,True,0,0.000000
LH_390,390,0.75065,data/raw/CAMELS_SIMBA_1000U/LH_390_hlist_0.75065.list,True,0,6372,6372,6372,6372,0.3442,True,True,0,0.000000,True,0,0.000000,True,0,0.000000
LH_390,390,1.00000,data/raw/CAMELS_SIMBA_1000U/LH_390_hlist_1.00000.list,True,0,6280,6280,6280,6280,0.3442,True,True,0,0.000000,True,0,0.000000,True,0,0.000000
LH_391,391,0.20000,data/raw/CAMELS_SIMBA_1000U/LH_391_hlist_0.20000.list,True,0,5054,5054,5054,5054,0.2106,True,True,0,0.000000,True,0,0.000000,True,0,0.000000
LH_391,391,0.25000,data/raw/CAMELS_SIMBA_1000U/LH_391_hlist_0.25000.list,True,0,6269,6269,6269,6269,0.2106,True,True,0,0.000000,True,0,0.000000,True,0,0.000000
LH_391,391,0.51209,data/raw/CAMELS_SIMBA_1000U/LH_391_hlist_0.51209.list,True,0,6588,6588,6588,6588,0.2106,True,True,0,0.000000,True,0,0.000000,True,0,0.000000
LH_391,391,0.75065,data/raw/CAMELS_SIMBA_1000U/LH_391_hlist_0.75065.list,True,0,6094,6094,6094,6094,0.2106,True,True,0,0.000000,True,0,0.000000,True,0,0.000000
LH_391,391,1.00000,data/raw/CAMELS_SIMBA_1000U/LH_391_hlist_1.00000.list,True,0,6378,6378,6378,6378,0.2106,True,True,0,0.000000,True,0,0.000000,True,0,0.000000
LH_392,392,0.20000,data/raw/CAMELS_SIMBA_1000U/LH_392_hlist_0.20000.list,True,0,2156,2156,2156,2156,0.3022,True,True,0,0.000000,True,0,0.000000,True,0,0.000000
LH_392,392,0.25000,data/raw/CAMELS_SIMBA_1000U/LH_392_hlist_0.25000.list,True,0,4116,4116,4116,4116,0.3022,True,True,0,0.000000,True,0,0.000000,True,0,0.000000
LH_392,392,0.51209,data/raw/CAMELS_SIMBA_1000U/LH_392_hlist_0.51209.list,True,0,7617,7617,7617,7617,0.3022,True,True,0,0.000000,True,0,0.000000,True,0,0.000000
LH_392,392,0.75065,data/raw/CAMELS_SIMBA_1000U/LH_392_hlist_0.75065.list,True,0,7454,7454,7454,7454,0.3022,True,True,0,0.000000,True,0,0.000000,True,0,0.000000
LH_392,392,1.00000,data/raw/CAMELS_SIMBA_1000U/LH_392_hlist_1.00000.list,True,0,7784,7784,7784,7784,0.3022,True,True,0,0.000000,True,0,0.000000,True,0,0.000000
LH_393,393,0.20000,data/raw/CAMELS_SIMBA_1000U/LH_393_hlist_0.20000.list,True,0,3855,3855,3855,3855,0.2502,True,True,0,0.000000,True,0,0.000000,True,0,0.000000
LH_393,393,0.25000,data/raw/CAMELS_SIMBA_1000U/LH_393_hlist_0.25000.list,True,0,5408,5408,5408,5408,0.2502,True,True,0,0.000000,True,0,0.000000,True,0,0.000000
LH_393,393,0.51209,data/raw/CAMELS_SIMBA_1000U/LH_393_hlist_0.51209.list,True,0,6850,6850,6850,6850,0.2502,True,True,0,0.000000,True,0,0.000000,True,0,0.000000
LH_393,393,0.75065,data/raw/CAMELS_SIMBA_1000U/LH_393_hlist_0.75065.list,True,0,6471,6471,6471,6471,0.2502,True,True,0,0.000000,True,0,0.000000,True,0,0.000000
LH_393,393,1.00000,data/raw/CAMELS_SIMBA_1000U/LH_393_hlist_1.00000.list,True,0,6644,6644,6644,6644,0.2502,True,True,0,0.000000,True,0,0.000000,True,0,0.000000
LH_394,394,0.20000,data/raw/CAMELS_SIMBA_1000U/LH_394_hlist_0.20000.list,True,0,3985,3985,3985,3985,0.2078,True,True,0,0.000000,True,0,0.000000,True,0,0.000000
LH_394,394,0.25000,data/raw/CAMELS_SIMBA_1000U/LH_394_hlist_0.25000.list,True,0,5460,5460,5460,5460,0.2078,True,True,0,0.000000,True,0,0.000000,True,0,0.000000
LH_394,394,0.51209,data/raw/CAMELS_SIMBA_1000U/LH_394_hlist_0.51209.list,True,0,6545,6545,6545,6545,0.2078,True,True,0,0.000000,True,0,0.000000,True,0,0.000000
LH_394,394,0.75065,data/raw/CAMELS_SIMBA_1000U/LH_394_hlist_0.75065.list,True,0,6204,6204,6204,6204,0.2078,True,True,0,0.000000,True,0,0.000000,True,0,0.000000
LH_394,394,1.00000,data/raw/CAMELS_SIMBA_1000U/LH_394_hlist_1.00000.list,True,0,6531,6531,6531,6531,0.2078,True,True,0,0.000000,True,0,0.000000,True,0,0.000000
LH_395,395,0.20000,data/raw/CAMELS_SIMBA_1000U/LH_395_hlist_0.20000.list,True,0,8367,8367,8367,8367,0.4622,True,True,0,0.000000,True,0,0.000000,True,0,0.000000
LH_395,395,0.25000,data/raw/CAMELS_SIMBA_1000U/LH_395_hlist_0.25000.list,True,0,8907,8907,8907,8907,0.4622,True,True,0,0.000000,True,0,0.000000,True,0,0.000000
LH_395,395,0.51209,data/raw/CAMELS_SIMBA_1000U/LH_395_hlist_0.51209.list,True,0,7453,7453,7453,7453,0.4622,True,True,0,0.000000,True,0,0.000000,True,0,0.000000
LH_395,395,0.75065,data/raw/CAMELS_SIMBA_1000U/LH_395_hlist_0.75065.list,True,0,6007,6007,6007,6007,0.4622,True,True,0,0.000000,True,0,0.000000,True,0,0.000000
LH_395,395,1.00000,data/raw/CAMELS_SIMBA_1000U/LH_395_hlist_1.00000.list,True,0,5627,5627,5627,5627,0.4622,True,True,0,0.000000,True,0,0.000000,True,0,0.000000
LH_396,396,0.20000,data/raw/CAMELS_SIMBA_1000U/LH_396_hlist_0.20000.list,True,0,6874,6874,6874,6874,0.3578,True,True,0,0.000000,True,0,0.000000,True,0,0.000000
LH_396,396,0.25000,data/raw/CAMELS_SIMBA_1000U/LH_396_hlist_0.25000.list,True,0,7951,7951,7951,7951,0.3578,True,True,0,0.000000,True,0,0.000000,True,0,0.000000
LH_396,396,0.51209,data/raw/CAMELS_SIMBA_1000U/LH_396_hlist_0.51209.list,True,0,7477,7477,7477,7477,0.3578,True,True,0,0.000000,True,0,0.000000,True,0,0.000000
LH_396,396,0.75065,data/raw/CAMELS_SIMBA_1000U/LH_396_hlist_0.75065.list,True,0,6427,6427,6427,6427,0.3578,True,True,0,0.000000,True,0,0.000000,True,0,0.000000
LH_396,396,1.00000,data/raw/CAMELS_SIMBA_1000U/LH_396_hlist_1.00000.list,True,0,6332,6332,6332,6332,0.3578,True,True,0,0.000000,True,0,0.000000,True,0,0.000000
LH_397,397,0.20000,data/raw/CAMELS_SIMBA_1000U/LH_397_hlist_0.20000.list,True,0,962,962,962,962,0.151,True,False,38,0.038000,False,538,0.358667,False,1038,0.519000
LH_397,397,0.25000,data/raw/CAMELS_SIMBA_1000U/LH_397_hlist_0.25000.list,True,0,2169,2169,2169,2169,0.151,True,True,0,0.000000,True,0,0.000000,True,0,0.000000
LH_397,397,0.51209,data/raw/CAMELS_SIMBA_1000U/LH_397_hlist_0.51209.list,True,0,5320,5320,5320,5320,0.151,True,True,0,0.000000,True,0,0.000000,True,0,0.000000
LH_397,397,0.75065,data/raw/CAMELS_SIMBA_1000U/LH_397_hlist_0.75065.list,True,0,5779,5779,5779,5779,0.151,True,True,0,0.000000,True,0,0.000000,True,0,0.000000
LH_397,397,1.00000,data/raw/CAMELS_SIMBA_1000U/LH_397_hlist_1.00000.list,True,0,6190,6190,6190,6190,0.151,True,True,0,0.000000,True,0,0.000000,True,0,0.000000
LH_398,398,0.20000,data/raw/CAMELS_SIMBA_1000U/LH_398_hlist_0.20000.list,True,0,476,476,476,476,0.1346,True,False,524,0.524000,False,1024,0.682667,False,1524,0.762000
LH_398,398,0.25000,data/raw/CAMELS_SIMBA_1000U/LH_398_hlist_0.25000.list,True,0,1627,1627,1627,1627,0.1346,True,True,0,0.000000,True,0,0.000000,False,373,0.186500
LH_398,398,0.51209,data/raw/CAMELS_SIMBA_1000U/LH_398_hlist_0.51209.list,True,0,4657,4657,4657,4657,0.1346,True,True,0,0.000000,True,0,0.000000,True,0,0.000000
LH_398,398,0.75065,data/raw/CAMELS_SIMBA_1000U/LH_398_hlist_0.75065.list,True,0,5181,5181,5181,5181,0.1346,True,True,0,0.000000,True,0,0.000000,True,0,0.000000
LH_398,398,1.00000,data/raw/CAMELS_SIMBA_1000U/LH_398_hlist_1.00000.list,True,0,5824,5824,5824,5824,0.1346,True,True,0,0.000000,True,0,0.000000,True,0,0.000000
LH_399,399,0.20000,data/raw/CAMELS_SIMBA_1000U/LH_399_hlist_0.20000.list,True,0,5208,5208,5208,5208,0.2274,True,True,0,0.000000,True,0,0.000000,True,0,0.000000
LH_399,399,0.25000,data/raw/CAMELS_SIMBA_1000U/LH_399_hlist_0.25000.list,True,0,6459,6459,6459,6459,0.2274,True,True,0,0.000000,True,0,0.000000,True,0,0.000000
LH_399,399,0.51209,data/raw/CAMELS_SIMBA_1000U/LH_399_hlist_0.51209.list,True,0,6365,6365,6365,6365,0.2274,True,True,0,0.000000,True,0,0.000000,True,0,0.000000
LH_399,399,0.75065,data/raw/CAMELS_SIMBA_1000U/LH_399_hlist_0.75065.list,True,0,5910,5910,5910,5910,0.2274,True,True,0,0.000000,True,0,0.000000,True,0,0.000000
LH_399,399,1.00000,data/raw/CAMELS_SIMBA_1000U/LH_399_hlist_1.00000.list,True,0,5958,5958,5958,5958,0.2274,True,True,0,0.000000,True,0,0.000000,True,0,0.000000
LH_400,400,0.20000,data/raw/CAMELS_SIMBA_1000U/LH_400_hlist_0.20000.list,True,0,7876,7876,7876,7876,0.3782,True,True,0,0.000000,True,0,0.000000,True,0,0.000000
LH_400,400,0.25000,data/raw/CAMELS_SIMBA_1000U/LH_400_hlist_0.25000.list,True,0,8507,8507,8507,8507,0.3782,True,True,0,0.000000,True,0,0.000000,True,0,0.000000
LH_400,400,0.51209,data/raw/CAMELS_SIMBA_1000U/LH_400_hlist_0.51209.list,True,0,7451,7451,7451,7451,0.3782,True,True,0,0.000000,True,0,0.000000,True,0,0.000000
LH_400,400,0.75065,data/raw/CAMELS_SIMBA_1000U/LH_400_hlist_0.75065.list,True,0,6213,6213,6213,6213,0.3782,True,True,0,0.000000,True,0,0.000000,True,0,0.000000
LH_400,400,1.00000,data/raw/CAMELS_SIMBA_1000U/LH_400_hlist_1.00000.list,True,0,5827,5827,5827,5827,0.3782,True,True,0,0.000000,True,0,0.000000,True,0,0.000000
LH_401,401,0.20000,data/raw/CAMELS_SIMBA_1000U/LH_401_hlist_0.20000.list,True,0,7466,7466,7466,7466,0.4598,True,True,0,0.000000,True,0,0.000000,True,0,0.000000
LH_401,401,0.25000,data/raw/CAMELS_SIMBA_1000U/LH_401_hlist_0.25000.list,True,0,8550,8550,8550,8550,0.4598,True,True,0,0.000000,True,0,0.000000,True,0,0.000000
LH_401,401,0.51209,data/raw/CAMELS_SIMBA_1000U/LH_401_hlist_0.51209.list,True,0,8300,8300,8300,8300,0.4598,True,True,0,0.000000,True,0,0.000000,True,0,0.000000
LH_401,401,0.75065,data/raw/CAMELS_SIMBA_1000U/LH_401_hlist_0.75065.list,True,0,6707,6707,6707,6707,0.4598,True,True,0,0.000000,True,0,0.000000,True,0,0.000000
LH_401,401,1.00000,data/raw/CAMELS_SIMBA_1000U/LH_401_hlist_1.00000.list,True,0,6266,6266,6266,6266,0.4598,True,True,0,0.000000,True,0,0.000000,True,0,0.000000
LH_402,402,0.20000,data/raw/CAMELS_SIMBA_1000U/LH_402_hlist_0.20000.list,True,0,5681,5681,5681,5681,0.303,True,True,0,0.000000,True,0,0.000000,True,0,0.000000
LH_402,402,0.25000,data/raw/CAMELS_SIMBA_1000U/LH_402_hlist_0.25000.list,True,0,6924,6924,6924,6924,0.303,True,True,0,0.000000,True,0,0.000000,True,0,0.000000
LH_402,402,0.51209,data/raw/CAMELS_SIMBA_1000U/LH_402_hlist_0.51209.list,True,0,7317,7317,7317,7317,0.303,True,True,0,0.000000,True,0,0.000000,True,0,0.000000
LH_402,402,0.75065,data/raw/CAMELS_SIMBA_1000U/LH_402_hlist_0.75065.list,True,0,6521,6521,6521,6521,0.303,True,True,0,0.000000,True,0,0.000000,True,0,0.000000
LH_402,402,1.00000,data/raw/CAMELS_SIMBA_1000U/LH_402_hlist_1.00000.list,True,0,6555,6555,6555,6555,0.303,True,True,0,0.000000,True,0,0.000000,True,0,0.000000
LH_403,403,0.20000,data/raw/CAMELS_SIMBA_1000U/LH_403_hlist_0.20000.list,True,0,1147,1147,1147,1147,0.1734,True,True,0,0.000000,False,353,0.235333,False,853,0.426500
LH_403,403,0.25000,data/raw/CAMELS_SIMBA_1000U/LH_403_hlist_0.25000.list,True,0,2449,2449,2449,2449,0.1734,True,True,0,0.000000,True,0,0.000000,True,0,0.000000
LH_403,403,0.51209,data/raw/CAMELS_SIMBA_1000U/LH_403_hlist_0.51209.list,True,0,5496,5496,5496,5496,0.1734,True,True,0,0.000000,True,0,0.000000,True,0,0.000000
LH_403,403,0.75065,data/raw/CAMELS_SIMBA_1000U/LH_403_hlist_0.75065.list,True,0,5976,5976,5976,5976,0.1734,True,True,0,0.000000,True,0,0.000000,True,0,0.000000
LH_403,403,1.00000,data/raw/CAMELS_SIMBA_1000U/LH_403_hlist_1.00000.list,True,0,6545,6545,6545,6545,0.1734,True,True,0,0.000000,True,0,0.000000,True,0,0.000000
LH_404,404,0.20000,data/raw/CAMELS_SIMBA_1000U/LH_404_hlist_0.20000.list,True,0,5632,5632,5632,5632,0.2902,True,True,0,0.000000,True,0,0.000000,True,0,0.000000
LH_404,404,0.25000,data/raw/CAMELS_SIMBA_1000U/LH_404_hlist_0.25000.list,True,0,6805,6805,6805,6805,0.2902,True,True,0,0.000000,True,0,0.000000,True,0,0.000000
LH_404,404,0.51209,data/raw/CAMELS_SIMBA_1000U/LH_404_hlist_0.51209.list,True,0,6783,6783,6783,6783,0.2902,True,True,0,0.000000,True,0,0.000000,True,0,0.000000
LH_404,404,0.75065,data/raw/CAMELS_SIMBA_1000U/LH_404_hlist_0.75065.list,True,0,6372,6372,6372,6372,0.2902,True,True,0,0.000000,True,0,0.000000,True,0,0.000000
LH_404,404,1.00000,data/raw/CAMELS_SIMBA_1000U/LH_404_hlist_1.00000.list,True,0,6324,6324,6324,6324,0.2902,True,True,0,0.000000,True,0,0.000000,True,0,0.000000
LH_405,405,0.20000,data/raw/CAMELS_SIMBA_1000U/LH_405_hlist_0.20000.list,True,0,4856,4856,4856,4856,0.341,True,True,0,0.000000,True,0,0.000000,True,0,0.000000
LH_405,405,0.25000,data/raw/CAMELS_SIMBA_1000U/LH_405_hlist_0.25000.list,True,0,6348,6348,6348,6348,0.341,True,True,0,0.000000,True,0,0.000000,True,0,0.000000
LH_405,405,0.51209,data/raw/CAMELS_SIMBA_1000U/LH_405_hlist_0.51209.list,True,0,7672,7672,7672,7672,0.341,True,True,0,0.000000,True,0,0.000000,True,0,0.000000
LH_405,405,0.75065,data/raw/CAMELS_SIMBA_1000U/LH_405_hlist_0.75065.list,True,0,7123,7123,7123,7123,0.341,True,True,0,0.000000,True,0,0.000000,True,0,0.000000
LH_405,405,1.00000,data/raw/CAMELS_SIMBA_1000U/LH_405_hlist_1.00000.list,True,0,7108,7108,7108,7108,0.341,True,True,0,0.000000,True,0,0.000000,True,0,0.000000
LH_406,406,0.20000,data/raw/CAMELS_SIMBA_1000U/LH_406_hlist_0.20000.list,True,0,4914,4914,4914,4914,0.2526,True,True,0,0.000000,True,0,0.000000,True,0,0.000000
LH_406,406,0.25000,data/raw/CAMELS_SIMBA_1000U/LH_406_hlist_0.25000.list,True,0,6253,6253,6253,6253,0.2526,True,True,0,0.000000,True,0,0.000000,True,0,0.000000
LH_406,406,0.51209,data/raw/CAMELS_SIMBA_1000U/LH_406_hlist_0.51209.list,True,0,6805,6805,6805,6805,0.2526,True,True,0,0.000000,True,0,0.000000,True,0,0.000000
LH_406,406,0.75065,data/raw/CAMELS_SIMBA_1000U/LH_406_hlist_0.75065.list,True,0,6292,6292,6292,6292,0.2526,True,True,0,0.000000,True,0,0.000000,True,0,0.000000
LH_406,406,1.00000,data/raw/CAMELS_SIMBA_1000U/LH_406_hlist_1.00000.list,True,0,6374,6374,6374,6374,0.2526,True,True,0,0.000000,True,0,0.000000,True,0,0.000000
LH_407,407,0.20000,data/raw/CAMELS_SIMBA_1000U/LH_407_hlist_0.20000.list,True,0,6051,6051,6051,6051,0.2578,True,True,0,0.000000,True,0,0.000000,True,0,0.000000
LH_407,407,0.25000,data/raw/CAMELS_SIMBA_1000U/LH_407_hlist_0.25000.list,True,0,6968,6968,6968,6968,0.2578,True,True,0,0.000000,True,0,0.000000,True,0,0.000000
LH_407,407,0.51209,data/raw/CAMELS_SIMBA_1000U/LH_407_hlist_0.51209.list,True,0,7133,7133,7133,7133,0.2578,True,True,0,0.000000,True,0,0.000000,True,0,0.000000
LH_407,407,0.75065,data/raw/CAMELS_SIMBA_1000U/LH_407_hlist_0.75065.list,True,0,6507,6507,6507,6507,0.2578,True,True,0,0.000000,True,0,0.000000,True,0,0.000000
LH_407,407,1.00000,data/raw/CAMELS_SIMBA_1000U/LH_407_hlist_1.00000.list,True,0,6621,6621,6621,6621,0.2578,True,True,0,0.000000,True,0,0.000000,True,0,0.000000
LH_408,408,0.20000,data/raw/CAMELS_SIMBA_1000U/LH_408_hlist_0.20000.list,True,0,3217,3217,3217,3217,0.3586,True,True,0,0.000000,True,0,0.000000,True,0,0.000000
LH_408,408,0.25000,data/raw/CAMELS_SIMBA_1000U/LH_408_hlist_0.25000.list,True,0,4716,4716,4716,4716,0.3586,True,True,0,0.000000,True,0,0.000000,True,0,0.000000
LH_408,408,0.51209,data/raw/CAMELS_SIMBA_1000U/LH_408_hlist_0.51209.list,True,0,7942,7942,7942,7942,0.3586,True,True,0,0.000000,True,0,0.000000,True,0,0.000000
LH_408,408,0.75065,data/raw/CAMELS_SIMBA_1000U/LH_408_hlist_0.75065.list,True,0,7768,7768,7768,7768,0.3586,True,True,0,0.000000,True,0,0.000000,True,0,0.000000
LH_408,408,1.00000,data/raw/CAMELS_SIMBA_1000U/LH_408_hlist_1.00000.list,True,0,7755,7755,7755,7755,0.3586,True,True,0,0.000000,True,0,0.000000,True,0,0.000000
LH_409,409,0.20000,data/raw/CAMELS_SIMBA_1000U/LH_409_hlist_0.20000.list,True,0,6200,6200,6200,6200,0.4898,True,True,0,0.000000,True,0,0.000000,True,0,0.000000
LH_409,409,0.25000,data/raw/CAMELS_SIMBA_1000U/LH_409_hlist_0.25000.list,True,0,7626,7626,7626,7626,0.4898,True,True,0,0.000000,True,0,0.000000,True,0,0.000000
LH_409,409,0.51209,data/raw/CAMELS_SIMBA_1000U/LH_409_hlist_0.51209.list,True,0,8653,8653,8653,8653,0.4898,True,True,0,0.000000,True,0,0.000000,True,0,0.000000
LH_409,409,0.75065,data/raw/CAMELS_SIMBA_1000U/LH_409_hlist_0.75065.list,True,0,7739,7739,7739,7739,0.4898,True,True,0,0.000000,True,0,0.000000,True,0,0.000000
LH_409,409,1.00000,data/raw/CAMELS_SIMBA_1000U/LH_409_hlist_1.00000.list,True,0,7205,7205,7205,7205,0.4898,True,True,0,0.000000,True,0,0.000000,True,0,0.000000
LH_410,410,0.20000,data/raw/CAMELS_SIMBA_1000U/LH_410_hlist_0.20000.list,True,0,5427,5427,5427,5427,0.4078,True,True,0,0.000000,True,0,0.000000,True,0,0.000000
LH_410,410,0.25000,data/raw/CAMELS_SIMBA_1000U/LH_410_hlist_0.25000.list,True,0,6844,6844,6844,6844,0.4078,True,True,0,0.000000,True,0,0.000000,True,0,0.000000
LH_410,410,0.51209,data/raw/CAMELS_SIMBA_1000U/LH_410_hlist_0.51209.list,True,0,8548,8548,8548,8548,0.4078,True,True,0,0.000000,True,0,0.000000,True,0,0.000000
LH_410,410,0.75065,data/raw/CAMELS_SIMBA_1000U/LH_410_hlist_0.75065.list,True,0,7628,7628,7628,7628,0.4078,True,True,0,0.000000,True,0,0.000000,True,0,0.000000
LH_410,410,1.00000,data/raw/CAMELS_SIMBA_1000U/LH_410_hlist_1.00000.list,True,0,7456,7456,7456,7456,0.4078,True,True,0,0.000000,True,0,0.000000,True,0,0.000000
LH_411,411,0.20000,data/raw/CAMELS_SIMBA_1000U/LH_411_hlist_0.20000.list,True,0,6733,6733,6733,6733,0.2854,True,True,0,0.000000,True,0,0.000000,True,0,0.000000
LH_411,411,0.25000,data/raw/CAMELS_SIMBA_1000U/LH_411_hlist_0.25000.list,True,0,7441,7441,7441,7441,0.2854,True,True,0,0.000000,True,0,0.000000,True,0,0.000000
LH_411,411,0.51209,data/raw/CAMELS_SIMBA_1000U/LH_411_hlist_0.51209.list,True,0,6727,6727,6727,6727,0.2854,True,True,0,0.000000,True,0,0.000000,True,0,0.000000
LH_411,411,0.75065,data/raw/CAMELS_SIMBA_1000U/LH_411_hlist_0.75065.list,True,0,5808,5808,5808,5808,0.2854,True,True,0,0.000000,True,0,0.000000,True,0,0.000000
LH_411,411,1.00000,data/raw/CAMELS_SIMBA_1000U/LH_411_hlist_1.00000.list,True,0,5866,5866,5866,5866,0.2854,True,True,0,0.000000,True,0,0.000000,True,0,0.000000
LH_412,412,0.20000,data/raw/CAMELS_SIMBA_1000U/LH_412_hlist_0.20000.list,True,0,2641,2641,2641,2641,0.1214,True,True,0,0.000000,True,0,0.000000,True,0,0.000000
LH_412,412,0.25000,data/raw/CAMELS_SIMBA_1000U/LH_412_hlist_0.25000.list,True,0,3818,3818,3818,3818,0.1214,True,True,0,0.000000,True,0,0.000000,True,0,0.000000
LH_412,412,0.51209,data/raw/CAMELS_SIMBA_1000U/LH_412_hlist_0.51209.list,True,0,4682,4682,4682,4682,0.1214,True,True,0,0.000000,True,0,0.000000,True,0,0.000000
LH_412,412,0.75065,data/raw/CAMELS_SIMBA_1000U/LH_412_hlist_0.75065.list,True,0,4731,4731,4731,4731,0.1214,True,True,0,0.000000,True,0,0.000000,True,0,0.000000
LH_412,412,1.00000,data/raw/CAMELS_SIMBA_1000U/LH_412_hlist_1.00000.list,True,0,5196,5196,5196,5196,0.1214,True,True,0,0.000000,True,0,0.000000,True,0,0.000000
LH_413,413,0.20000,data/raw/CAMELS_SIMBA_1000U/LH_413_hlist_0.20000.list,True,0,4364,4364,4364,4364,0.273,True,True,0,0.000000,True,0,0.000000,True,0,0.000000
LH_413,413,0.25000,data/raw/CAMELS_SIMBA_1000U/LH_413_hlist_0.25000.list,True,0,5793,5793,5793,5793,0.273,True,True,0,0.000000,True,0,0.000000,True,0,0.000000
LH_413,413,0.51209,data/raw/CAMELS_SIMBA_1000U/LH_413_hlist_0.51209.list,True,0,7236,7236,7236,7236,0.273,True,True,0,0.000000,True,0,0.000000,True,0,0.000000
LH_413,413,0.75065,data/raw/CAMELS_SIMBA_1000U/LH_413_hlist_0.75065.list,True,0,6516,6516,6516,6516,0.273,True,True,0,0.000000,True,0,0.000000,True,0,0.000000
LH_413,413,1.00000,data/raw/CAMELS_SIMBA_1000U/LH_413_hlist_1.00000.list,True,0,6441,6441,6441,6441,0.273,True,True,0,0.000000,True,0,0.000000,True,0,0.000000
LH_414,414,0.20000,data/raw/CAMELS_SIMBA_1000U/LH_414_hlist_0.20000.list,True,0,3322,3322,3322,3322,0.2982,True,True,0,0.000000,True,0,0.000000,True,0,0.000000
LH_414,414,0.25000,data/raw/CAMELS_SIMBA_1000U/LH_414_hlist_0.25000.list,True,0,4799,4799,4799,4799,0.2982,True,True,0,0.000000,True,0,0.000000,True,0,0.000000
LH_414,414,0.51209,data/raw/CAMELS_SIMBA_1000U/LH_414_hlist_0.51209.list,True,0,7448,7448,7448,7448,0.2982,True,True,0,0.000000,True,0,0.000000,True,0,0.000000
LH_414,414,0.75065,data/raw/CAMELS_SIMBA_1000U/LH_414_hlist_0.75065.list,True,0,7072,7072,7072,7072,0.2982,True,True,0,0.000000,True,0,0.000000,True,0,0.000000
LH_414,414,1.00000,data/raw/CAMELS_SIMBA_1000U/LH_414_hlist_1.00000.list,True,0,7213,7213,7213,7213,0.2982,True,True,0,0.000000,True,0,0.000000,True,0,0.000000
LH_415,415,0.20000,data/raw/CAMELS_SIMBA_1000U/LH_415_hlist_0.20000.list,True,0,5515,5515,5515,5515,0.4462,True,True,0,0.000000,True,0,0.000000,True,0,0.000000
LH_415,415,0.25000,data/raw/CAMELS_SIMBA_1000U/LH_415_hlist_0.25000.list,True,0,6896,6896,6896,6896,0.4462,True,True,0,0.000000,True,0,0.000000,True,0,0.000000
LH_415,415,0.51209,data/raw/CAMELS_SIMBA_1000U/LH_415_hlist_0.51209.list,True,0,8693,8693,8693,8693,0.4462,True,True,0,0.000000,True,0,0.000000,True,0,0.000000
LH_415,415,0.75065,data/raw/CAMELS_SIMBA_1000U/LH_415_hlist_0.75065.list,True,0,7735,7735,7735,7735,0.4462,True,True,0,0.000000,True,0,0.000000,True,0,0.000000
LH_415,415,1.00000,data/raw/CAMELS_SIMBA_1000U/LH_415_hlist_1.00000.list,True,0,7458,7458,7458,7458,0.4462,True,True,0,0.000000,True,0,0.000000,True,0,0.000000
LH_416,416,0.20000,data/raw/CAMELS_SIMBA_1000U/LH_416_hlist_0.20000.list,True,0,4225,4225,4225,4225,0.4338,True,True,0,0.000000,True,0,0.000000,True,0,0.000000
LH_416,416,0.25000,data/raw/CAMELS_SIMBA_1000U/LH_416_hlist_0.25000.list,True,0,5865,5865,5865,5865,0.4338,True,True,0,0.000000,True,0,0.000000,True,0,0.000000
LH_416,416,0.51209,data/raw/CAMELS_SIMBA_1000U/LH_416_hlist_0.51209.list,True,0,8469,8469,8469,8469,0.4338,True,True,0,0.000000,True,0,0.000000,True,0,0.000000
LH_416,416,0.75065,data/raw/CAMELS_SIMBA_1000U/LH_416_hlist_0.75065.list,True,0,7854,7854,7854,7854,0.4338,True,True,0,0.000000,True,0,0.000000,True,0,0.000000
LH_416,416,1.00000,data/raw/CAMELS_SIMBA_1000U/LH_416_hlist_1.00000.list,True,0,7646,7646,7646,7646,0.4338,True,True,0,0.000000,True,0,0.000000,True,0,0.000000
LH_417,417,0.20000,data/raw/CAMELS_SIMBA_1000U/LH_417_hlist_0.20000.list,True,0,2373,2373,2373,2373,0.299,True,True,0,0.000000,True,0,0.000000,True,0,0.000000
LH_417,417,0.25000,data/raw/CAMELS_SIMBA_1000U/LH_417_hlist_0.25000.list,True,0,3903,3903,3903,3903,0.299,True,True,0,0.000000,True,0,0.000000,True,0,0.000000
LH_417,417,0.51209,data/raw/CAMELS_SIMBA_1000U/LH_417_hlist_0.51209.list,True,0,7688,7688,7688,7688,0.299,True,True,0,0.000000,True,0,0.000000,True,0,0.000000
LH_417,417,0.75065,data/raw/CAMELS_SIMBA_1000U/LH_417_hlist_0.75065.list,True,0,7735,7735,7735,7735,0.299,True,True,0,0.000000,True,0,0.000000,True,0,0.000000
LH_417,417,1.00000,data/raw/CAMELS_SIMBA_1000U/LH_417_hlist_1.00000.list,True,0,8044,8044,8044,8044,0.299,True,True,0,0.000000,True,0,0.000000,True,0,0.000000
LH_418,418,0.20000,data/raw/CAMELS_SIMBA_1000U/LH_418_hlist_0.20000.list,True,0,157,157,157,157,0.1038,True,False,843,0.843000,False,1343,0.895333,False,1843,0.921500
LH_418,418,0.25000,data/raw/CAMELS_SIMBA_1000U/LH_418_hlist_0.25000.list,True,0,869,869,869,869,0.1038,True,False,131,0.131000,False,631,0.420667,False,1131,0.565500
LH_418,418,0.51209,data/raw/CAMELS_SIMBA_1000U/LH_418_hlist_0.51209.list,True,0,3196,3196,3196,3196,0.1038,True,True,0,0.000000,True,0,0.000000,True,0,0.000000
LH_418,418,0.75065,data/raw/CAMELS_SIMBA_1000U/LH_418_hlist_0.75065.list,True,0,3818,3818,3818,3818,0.1038,True,True,0,0.000000,True,0,0.000000,True,0,0.000000
LH_418,418,1.00000,data/raw/CAMELS_SIMBA_1000U/LH_418_hlist_1.00000.list,True,0,4458,4458,4458,4458,0.1038,True,True,0,0.000000,True,0,0.000000,True,0,0.000000
LH_419,419,0.20000,data/raw/CAMELS_SIMBA_1000U/LH_419_hlist_0.20000.list,True,0,5094,5094,5094,5094,0.2994,True,True,0,0.000000,True,0,0.000000,True,0,0.000000
LH_419,419,0.25000,data/raw/CAMELS_SIMBA_1000U/LH_419_hlist_0.25000.list,True,0,6491,6491,6491,6491,0.2994,True,True,0,0.000000,True,0,0.000000,True,0,0.000000
LH_419,419,0.51209,data/raw/CAMELS_SIMBA_1000U/LH_419_hlist_0.51209.list,True,0,7122,7122,7122,7122,0.2994,True,True,0,0.000000,True,0,0.000000,True,0,0.000000
LH_419,419,0.75065,data/raw/CAMELS_SIMBA_1000U/LH_419_hlist_0.75065.list,True,0,6347,6347,6347,6347,0.2994,True,True,0,0.000000,True,0,0.000000,True,0,0.000000
LH_419,419,1.00000,data/raw/CAMELS_SIMBA_1000U/LH_419_hlist_1.00000.list,True,0,6381,6381,6381,6381,0.2994,True,True,0,0.000000,True,0,0.000000,True,0,0.000000
LH_420,420,0.20000,data/raw/CAMELS_SIMBA_1000U/LH_420_hlist_0.20000.list,True,0,5707,5707,5707,5707,0.4626,True,True,0,0.000000,True,0,0.000000,True,0,0.000000
LH_420,420,0.25000,data/raw/CAMELS_SIMBA_1000U/LH_420_hlist_0.25000.list,True,0,7159,7159,7159,7159,0.4626,True,True,0,0.000000,True,0,0.000000,True,0,0.000000
LH_420,420,0.51209,data/raw/CAMELS_SIMBA_1000U/LH_420_hlist_0.51209.list,True,0,8062,8062,8062,8062,0.4626,True,True,0,0.000000,True,0,0.000000,True,0,0.000000
LH_420,420,0.75065,data/raw/CAMELS_SIMBA_1000U/LH_420_hlist_0.75065.list,True,0,6996,6996,6996,6996,0.4626,True,True,0,0.000000,True,0,0.000000,True,0,0.000000
LH_420,420,1.00000,data/raw/CAMELS_SIMBA_1000U/LH_420_hlist_1.00000.list,True,0,6634,6634,6634,6634,0.4626,True,True,0,0.000000,True,0,0.000000,True,0,0.000000
LH_421,421,0.20000,data/raw/CAMELS_SIMBA_1000U/LH_421_hlist_0.20000.list,True,0,3904,3904,3904,3904,0.1722,True,True,0,0.000000,True,0,0.000000,True,0,0.000000
LH_421,421,0.25000,data/raw/CAMELS_SIMBA_1000U/LH_421_hlist_0.25000.list,True,0,5204,5204,5204,5204,0.1722,True,True,0,0.000000,True,0,0.000000,True,0,0.000000
LH_421,421,0.51209,data/raw/CAMELS_SIMBA_1000U/LH_421_hlist_0.51209.list,True,0,6209,6209,6209,6209,0.1722,True,True,0,0.000000,True,0,0.000000,True,0,0.000000
LH_421,421,0.75065,data/raw/CAMELS_SIMBA_1000U/LH_421_hlist_0.75065.list,True,0,5886,5886,5886,5886,0.1722,True,True,0,0.000000,True,0,0.000000,True,0,0.000000
LH_421,421,1.00000,data/raw/CAMELS_SIMBA_1000U/LH_421_hlist_1.00000.list,True,0,6090,6090,6090,6090,0.1722,True,True,0,0.000000,True,0,0.000000,True,0,0.000000
LH_422,422,0.20000,data/raw/CAMELS_SIMBA_1000U/LH_422_hlist_0.20000.list,True,0,7938,7938,7938,7938,0.499,True,True,0,0.000000,True,0,0.000000,True,0,0.000000
LH_422,422,0.25000,data/raw/CAMELS_SIMBA_1000U/LH_422_hlist_0.25000.list,True,0,8878,8878,8878,8878,0.499,True,True,0,0.000000,True,0,0.000000,True,0,0.000000
LH_422,422,0.51209,data/raw/CAMELS_SIMBA_1000U/LH_422_hlist_0.51209.list,True,0,8129,8129,8129,8129,0.499,True,True,0,0.000000,True,0,0.000000,True,0,0.000000
LH_422,422,0.75065,data/raw/CAMELS_SIMBA_1000U/LH_422_hlist_0.75065.list,True,0,6674,6674,6674,6674,0.499,True,True,0,0.000000,True,0,0.000000,True,0,0.000000
LH_422,422,1.00000,data/raw/CAMELS_SIMBA_1000U/LH_422_hlist_1.00000.list,True,0,6247,6247,6247,6247,0.499,True,True,0,0.000000,True,0,0.000000,True,0,0.000000
LH_423,423,0.20000,data/raw/CAMELS_SIMBA_1000U/LH_423_hlist_0.20000.list,True,0,2363,2363,2363,2363,0.2374,True,True,0,0.000000,True,0,0.000000,True,0,0.000000
LH_423,423,0.25000,data/raw/CAMELS_SIMBA_1000U/LH_423_hlist_0.25000.list,True,0,4107,4107,4107,4107,0.2374,True,True,0,0.000000,True,0,0.000000,True,0,0.000000
LH_423,423,0.51209,data/raw/CAMELS_SIMBA_1000U/LH_423_hlist_0.51209.list,True,0,7016,7016,7016,7016,0.2374,True,True,0,0.000000,True,0,0.000000,True,0,0.000000
LH_423,423,0.75065,data/raw/CAMELS_SIMBA_1000U/LH_423_hlist_0.75065.list,True,0,6752,6752,6752,6752,0.2374,True,True,0,0.000000,True,0,0.000000,True,0,0.000000
LH_423,423,1.00000,data/raw/CAMELS_SIMBA_1000U/LH_423_hlist_1.00000.list,True,0,6929,6929,6929,6929,0.2374,True,True,0,0.000000,True,0,0.000000,True,0,0.000000
LH_424,424,0.20000,data/raw/CAMELS_SIMBA_1000U/LH_424_hlist_0.20000.list,True,0,2276,2276,2276,2276,0.2086,True,True,0,0.000000,True,0,0.000000,True,0,0.000000
LH_424,424,0.25000,data/raw/CAMELS_SIMBA_1000U/LH_424_hlist_0.25000.list,True,0,3618,3618,3618,3618,0.2086,True,True,0,0.000000,True,0,0.000000,True,0,0.000000
LH_424,424,0.51209,data/raw/CAMELS_SIMBA_1000U/LH_424_hlist_0.51209.list,True,0,6194,6194,6194,6194,0.2086,True,True,0,0.000000,True,0,0.000000,True,0,0.000000
LH_424,424,0.75065,data/raw/CAMELS_SIMBA_1000U/LH_424_hlist_0.75065.list,True,0,6302,6302,6302,6302,0.2086,True,True,0,0.000000,True,0,0.000000,True,0,0.000000
LH_424,424,1.00000,data/raw/CAMELS_SIMBA_1000U/LH_424_hlist_1.00000.list,True,0,6560,6560,6560,6560,0.2086,True,True,0,0.000000,True,0,0.000000,True,0,0.000000
LH_425,425,0.20000,data/raw/CAMELS_SIMBA_1000U/LH_425_hlist_0.20000.list,True,0,6952,6952,6952,6952,0.4746,True,True,0,0.000000,True,0,0.000000,True,0,0.000000
LH_425,425,0.25000,data/raw/CAMELS_SIMBA_1000U/LH_425_hlist_0.25000.list,True,0,8213,8213,8213,8213,0.4746,True,True,0,0.000000,True,0,0.000000,True,0,0.000000
LH_425,425,0.51209,data/raw/CAMELS_SIMBA_1000U/LH_425_hlist_0.51209.list,True,0,8308,8308,8308,8308,0.4746,True,True,0,0.000000,True,0,0.000000,True,0,0.000000
LH_425,425,0.75065,data/raw/CAMELS_SIMBA_1000U/LH_425_hlist_0.75065.list,True,0,6803,6803,6803,6803,0.4746,True,True,0,0.000000,True,0,0.000000,True,0,0.000000
LH_425,425,1.00000,data/raw/CAMELS_SIMBA_1000U/LH_425_hlist_1.00000.list,True,0,6276,6276,6276,6276,0.4746,True,True,0,0.000000,True,0,0.000000,True,0,0.000000
LH_426,426,0.20000,data/raw/CAMELS_SIMBA_1000U/LH_426_hlist_0.20000.list,True,0,5152,5152,5152,5152,0.3346,True,True,0,0.000000,True,0,0.000000,True,0,0.000000
LH_426,426,0.25000,data/raw/CAMELS_SIMBA_1000U/LH_426_hlist_0.25000.list,True,0,6576,6576,6576,6576,0.3346,True,True,0,0.000000,True,0,0.000000,True,0,0.000000
LH_426,426,0.51209,data/raw/CAMELS_SIMBA_1000U/LH_426_hlist_0.51209.list,True,0,7616,7616,7616,7616,0.3346,True,True,0,0.000000,True,0,0.000000,True,0,0.000000
LH_426,426,0.75065,data/raw/CAMELS_SIMBA_1000U/LH_426_hlist_0.75065.list,True,0,6704,6704,6704,6704,0.3346,True,True,0,0.000000,True,0,0.000000,True,0,0.000000
LH_426,426,1.00000,data/raw/CAMELS_SIMBA_1000U/LH_426_hlist_1.00000.list,True,0,6628,6628,6628,6628,0.3346,True,True,0,0.000000,True,0,0.000000,True,0,0.000000
LH_427,427,0.20000,data/raw/CAMELS_SIMBA_1000U/LH_427_hlist_0.20000.list,True,0,3529,3529,3529,3529,0.201,True,True,0,0.000000,True,0,0.000000,True,0,0.000000
LH_427,427,0.25000,data/raw/CAMELS_SIMBA_1000U/LH_427_hlist_0.25000.list,True,0,4972,4972,4972,4972,0.201,True,True,0,0.000000,True,0,0.000000,True,0,0.000000
LH_427,427,0.51209,data/raw/CAMELS_SIMBA_1000U/LH_427_hlist_0.51209.list,True,0,6263,6263,6263,6263,0.201,True,True,0,0.000000,True,0,0.000000,True,0,0.000000
LH_427,427,0.75065,data/raw/CAMELS_SIMBA_1000U/LH_427_hlist_0.75065.list,True,0,6055,6055,6055,6055,0.201,True,True,0,0.000000,True,0,0.000000,True,0,0.000000
LH_427,427,1.00000,data/raw/CAMELS_SIMBA_1000U/LH_427_hlist_1.00000.list,True,0,6298,6298,6298,6298,0.201,True,True,0,0.000000,True,0,0.000000,True,0,0.000000
LH_428,428,0.20000,data/raw/CAMELS_SIMBA_1000U/LH_428_hlist_0.20000.list,True,0,7899,7899,7899,7899,0.4942,True,True,0,0.000000,True,0,0.000000,True,0,0.000000
LH_428,428,0.25000,data/raw/CAMELS_SIMBA_1000U/LH_428_hlist_0.25000.list,True,0,8797,8797,8797,8797,0.4942,True,True,0,0.000000,True,0,0.000000,True,0,0.000000
LH_428,428,0.51209,data/raw/CAMELS_SIMBA_1000U/LH_428_hlist_0.51209.list,True,0,8272,8272,8272,8272,0.4942,True,True,0,0.000000,True,0,0.000000,True,0,0.000000
LH_428,428,0.75065,data/raw/CAMELS_SIMBA_1000U/LH_428_hlist_0.75065.list,True,0,6984,6984,6984,6984,0.4942,True,True,0,0.000000,True,0,0.000000,True,0,0.000000
LH_428,428,1.00000,data/raw/CAMELS_SIMBA_1000U/LH_428_hlist_1.00000.list,True,0,6607,6607,6607,6607,0.4942,True,True,0,0.000000,True,0,0.000000,True,0,0.000000
LH_429,429,0.20000,data/raw/CAMELS_SIMBA_1000U/LH_429_hlist_0.20000.list,True,0,6678,6678,6678,6678,0.3454,True,True,0,0.000000,True,0,0.000000,True,0,0.000000
LH_429,429,0.25000,data/raw/CAMELS_SIMBA_1000U/LH_429_hlist_0.25000.list,True,0,7568,7568,7568,7568,0.3454,True,True,0,0.000000,True,0,0.000000,True,0,0.000000
LH_429,429,0.51209,data/raw/CAMELS_SIMBA_1000U/LH_429_hlist_0.51209.list,True,0,7619,7619,7619,7619,0.3454,True,True,0,0.000000,True,0,0.000000,True,0,0.000000
LH_429,429,0.75065,data/raw/CAMELS_SIMBA_1000U/LH_429_hlist_0.75065.list,True,0,6774,6774,6774,6774,0.3454,True,True,0,0.000000,True,0,0.000000,True,0,0.000000
LH_429,429,1.00000,data/raw/CAMELS_SIMBA_1000U/LH_429_hlist_1.00000.list,True,0,6706,6706,6706,6706,0.3454,True,True,0,0.000000,True,0,0.000000,True,0,0.000000
LH_430,430,0.20000,data/raw/CAMELS_SIMBA_1000U/LH_430_hlist_0.20000.list,True,0,2278,2278,2278,2278,0.209,True,True,0,0.000000,True,0,0.000000,True,0,0.000000
LH_430,430,0.25000,data/raw/CAMELS_SIMBA_1000U/LH_430_hlist_0.25000.list,True,0,3862,3862,3862,3862,0.209,True,True,0,0.000000,True,0,0.000000,True,0,0.000000
LH_430,430,0.51209,data/raw/CAMELS_SIMBA_1000U/LH_430_hlist_0.51209.list,True,0,6409,6409,6409,6409,0.209,True,True,0,0.000000,True,0,0.000000,True,0,0.000000
LH_430,430,0.75065,data/raw/CAMELS_SIMBA_1000U/LH_430_hlist_0.75065.list,True,0,6559,6559,6559,6559,0.209,True,True,0,0.000000,True,0,0.000000,True,0,0.000000
LH_430,430,1.00000,data/raw/CAMELS_SIMBA_1000U/LH_430_hlist_1.00000.list,True,0,6863,6863,6863,6863,0.209,True,True,0,0.000000,True,0,0.000000,True,0,0.000000
LH_431,431,0.20000,data/raw/CAMELS_SIMBA_1000U/LH_431_hlist_0.20000.list,True,0,7644,7644,7644,7644,0.3658,True,True,0,0.000000,True,0,0.000000,True,0,0.000000
LH_431,431,0.25000,data/raw/CAMELS_SIMBA_1000U/LH_431_hlist_0.25000.list,True,0,8311,8311,8311,8311,0.3658,True,True,0,0.000000,True,0,0.000000,True,0,0.000000
LH_431,431,0.51209,data/raw/CAMELS_SIMBA_1000U/LH_431_hlist_0.51209.list,True,0,7106,7106,7106,7106,0.3658,True,True,0,0.000000,True,0,0.000000,True,0,0.000000
LH_431,431,0.75065,data/raw/CAMELS_SIMBA_1000U/LH_431_hlist_0.75065.list,True,0,5765,5765,5765,5765,0.3658,True,True,0,0.000000,True,0,0.000000,True,0,0.000000
LH_431,431,1.00000,data/raw/CAMELS_SIMBA_1000U/LH_431_hlist_1.00000.list,True,0,5552,5552,5552,5552,0.3658,True,True,0,0.000000,True,0,0.000000,True,0,0.000000
LH_432,432,0.20000,data/raw/CAMELS_SIMBA_1000U/LH_432_hlist_0.20000.list,True,0,5846,5846,5846,5846,0.467,True,True,0,0.000000,True,0,0.000000,True,0,0.000000
LH_432,432,0.25000,data/raw/CAMELS_SIMBA_1000U/LH_432_hlist_0.25000.list,True,0,7324,7324,7324,7324,0.467,True,True,0,0.000000,True,0,0.000000,True,0,0.000000
LH_432,432,0.51209,data/raw/CAMELS_SIMBA_1000U/LH_432_hlist_0.51209.list,True,0,8855,8855,8855,8855,0.467,True,True,0,0.000000,True,0,0.000000,True,0,0.000000
LH_432,432,0.75065,data/raw/CAMELS_SIMBA_1000U/LH_432_hlist_0.75065.list,True,0,7824,7824,7824,7824,0.467,True,True,0,0.000000,True,0,0.000000,True,0,0.000000
LH_432,432,1.00000,data/raw/CAMELS_SIMBA_1000U/LH_432_hlist_1.00000.list,True,0,7391,7391,7391,7391,0.467,True,True,0,0.000000,True,0,0.000000,True,0,0.000000
LH_433,433,0.20000,data/raw/CAMELS_SIMBA_1000U/LH_433_hlist_0.20000.list,True,0,3405,3405,3405,3405,0.1222,True,True,0,0.000000,True,0,0.000000,True,0,0.000000
LH_433,433,0.25000,data/raw/CAMELS_SIMBA_1000U/LH_433_hlist_0.25000.list,True,0,4459,4459,4459,4459,0.1222,True,True,0,0.000000,True,0,0.000000,True,0,0.000000
LH_433,433,0.51209,data/raw/CAMELS_SIMBA_1000U/LH_433_hlist_0.51209.list,True,0,4584,4584,4584,4584,0.1222,True,True,0,0.000000,True,0,0.000000,True,0,0.000000
LH_433,433,0.75065,data/raw/CAMELS_SIMBA_1000U/LH_433_hlist_0.75065.list,True,0,4591,4591,4591,4591,0.1222,True,True,0,0.000000,True,0,0.000000,True,0,0.000000
LH_433,433,1.00000,data/raw/CAMELS_SIMBA_1000U/LH_433_hlist_1.00000.list,True,0,4995,4995,4995,4995,0.1222,True,True,0,0.000000,True,0,0.000000,True,0,0.000000
LH_434,434,0.20000,data/raw/CAMELS_SIMBA_1000U/LH_434_hlist_0.20000.list,True,0,1560,1560,1560,1560,0.187,True,True,0,0.000000,True,0,0.000000,False,440,0.220000
LH_434,434,0.25000,data/raw/CAMELS_SIMBA_1000U/LH_434_hlist_0.25000.list,True,0,3061,3061,3061,3061,0.187,True,True,0,0.000000,True,0,0.000000,True,0,0.000000
LH_434,434,0.51209,data/raw/CAMELS_SIMBA_1000U/LH_434_hlist_0.51209.list,True,0,6279,6279,6279,6279,0.187,True,True,0,0.000000,True,0,0.000000,True,0,0.000000
LH_434,434,0.75065,data/raw/CAMELS_SIMBA_1000U/LH_434_hlist_0.75065.list,True,0,6498,6498,6498,6498,0.187,True,True,0,0.000000,True,0,0.000000,True,0,0.000000
LH_434,434,1.00000,data/raw/CAMELS_SIMBA_1000U/LH_434_hlist_1.00000.list,True,0,7025,7025,7025,7025,0.187,True,True,0,0.000000,True,0,0.000000,True,0,0.000000
LH_435,435,0.20000,data/raw/CAMELS_SIMBA_1000U/LH_435_hlist_0.20000.list,True,0,8604,8604,8604,8604,0.4826,True,True,0,0.000000,True,0,0.000000,True,0,0.000000
LH_435,435,0.25000,data/raw/CAMELS_SIMBA_1000U/LH_435_hlist_0.25000.list,True,0,9444,9444,9444,9444,0.4826,True,True,0,0.000000,True,0,0.000000,True,0,0.000000
LH_435,435,0.51209,data/raw/CAMELS_SIMBA_1000U/LH_435_hlist_0.51209.list,True,0,7806,7806,7806,7806,0.4826,True,True,0,0.000000,True,0,0.000000,True,0,0.000000
LH_435,435,0.75065,data/raw/CAMELS_SIMBA_1000U/LH_435_hlist_0.75065.list,True,0,6386,6386,6386,6386,0.4826,True,True,0,0.000000,True,0,0.000000,True,0,0.000000
LH_435,435,1.00000,data/raw/CAMELS_SIMBA_1000U/LH_435_hlist_1.00000.list,True,0,5843,5843,5843,5843,0.4826,True,True,0,0.000000,True,0,0.000000,True,0,0.000000
LH_436,436,0.20000,data/raw/CAMELS_SIMBA_1000U/LH_436_hlist_0.20000.list,True,0,6404,6404,6404,6404,0.473,True,True,0,0.000000,True,0,0.000000,True,0,0.000000
LH_436,436,0.25000,data/raw/CAMELS_SIMBA_1000U/LH_436_hlist_0.25000.list,True,0,7690,7690,7690,7690,0.473,True,True,0,0.000000,True,0,0.000000,True,0,0.000000
LH_436,436,0.51209,data/raw/CAMELS_SIMBA_1000U/LH_436_hlist_0.51209.list,True,0,8032,8032,8032,8032,0.473,True,True,0,0.000000,True,0,0.000000,True,0,0.000000
LH_436,436,0.75065,data/raw/CAMELS_SIMBA_1000U/LH_436_hlist_0.75065.list,True,0,7057,7057,7057,7057,0.473,True,True,0,0.000000,True,0,0.000000,True,0,0.000000
LH_436,436,1.00000,data/raw/CAMELS_SIMBA_1000U/LH_436_hlist_1.00000.list,True,0,6711,6711,6711,6711,0.473,True,True,0,0.000000,True,0,0.000000,True,0,0.000000
LH_437,437,0.20000,data/raw/CAMELS_SIMBA_1000U/LH_437_hlist_0.20000.list,True,0,3942,3942,3942,3942,0.3202,True,True,0,0.000000,True,0,0.000000,True,0,0.000000
LH_437,437,0.25000,data/raw/CAMELS_SIMBA_1000U/LH_437_hlist_0.25000.list,True,0,5540,5540,5540,5540,0.3202,True,True,0,0.000000,True,0,0.000000,True,0,0.000000
LH_437,437,0.51209,data/raw/CAMELS_SIMBA_1000U/LH_437_hlist_0.51209.list,True,0,7902,7902,7902,7902,0.3202,True,True,0,0.000000,True,0,0.000000,True,0,0.000000
LH_437,437,0.75065,data/raw/CAMELS_SIMBA_1000U/LH_437_hlist_0.75065.list,True,0,7202,7202,7202,7202,0.3202,True,True,0,0.000000,True,0,0.000000,True,0,0.000000
LH_437,437,1.00000,data/raw/CAMELS_SIMBA_1000U/LH_437_hlist_1.00000.list,True,0,7350,7350,7350,7350,0.3202,True,True,0,0.000000,True,0,0.000000,True,0,0.000000
LH_438,438,0.20000,data/raw/CAMELS_SIMBA_1000U/LH_438_hlist_0.20000.list,True,0,3638,3638,3638,3638,0.4134,True,True,0,0.000000,True,0,0.000000,True,0,0.000000
LH_438,438,0.25000,data/raw/CAMELS_SIMBA_1000U/LH_438_hlist_0.25000.list,True,0,5247,5247,5247,5247,0.4134,True,True,0,0.000000,True,0,0.000000,True,0,0.000000
LH_438,438,0.51209,data/raw/CAMELS_SIMBA_1000U/LH_438_hlist_0.51209.list,True,0,8783,8783,8783,8783,0.4134,True,True,0,0.000000,True,0,0.000000,True,0,0.000000
LH_438,438,0.75065,data/raw/CAMELS_SIMBA_1000U/LH_438_hlist_0.75065.list,True,0,8231,8231,8231,8231,0.4134,True,True,0,0.000000,True,0,0.000000,True,0,0.000000
LH_438,438,1.00000,data/raw/CAMELS_SIMBA_1000U/LH_438_hlist_1.00000.list,True,0,8045,8045,8045,8045,0.4134,True,True,0,0.000000,True,0,0.000000,True,0,0.000000
LH_439,439,0.20000,data/raw/CAMELS_SIMBA_1000U/LH_439_hlist_0.20000.list,True,0,5364,5364,5364,5364,0.4958,True,True,0,0.000000,True,0,0.000000,True,0,0.000000
LH_439,439,0.25000,data/raw/CAMELS_SIMBA_1000U/LH_439_hlist_0.25000.list,True,0,6919,6919,6919,6919,0.4958,True,True,0,0.000000,True,0,0.000000,True,0,0.000000
LH_439,439,0.51209,data/raw/CAMELS_SIMBA_1000U/LH_439_hlist_0.51209.list,True,0,8883,8883,8883,8883,0.4958,True,True,0,0.000000,True,0,0.000000,True,0,0.000000
LH_439,439,0.75065,data/raw/CAMELS_SIMBA_1000U/LH_439_hlist_0.75065.list,True,0,7974,7974,7974,7974,0.4958,True,True,0,0.000000,True,0,0.000000,True,0,0.000000
LH_439,439,1.00000,data/raw/CAMELS_SIMBA_1000U/LH_439_hlist_1.00000.list,True,0,7629,7629,7629,7629,0.4958,True,True,0,0.000000,True,0,0.000000,True,0,0.000000
LH_440,440,0.20000,data/raw/CAMELS_SIMBA_1000U/LH_440_hlist_0.20000.list,True,0,1650,1650,1650,1650,0.139,True,True,0,0.000000,True,0,0.000000,False,350,0.175000
LH_440,440,0.25000,data/raw/CAMELS_SIMBA_1000U/LH_440_hlist_0.25000.list,True,0,2974,2974,2974,2974,0.139,True,True,0,0.000000,True,0,0.000000,True,0,0.000000
LH_440,440,0.51209,data/raw/CAMELS_SIMBA_1000U/LH_440_hlist_0.51209.list,True,0,5538,5538,5538,5538,0.139,True,True,0,0.000000,True,0,0.000000,True,0,0.000000
LH_440,440,0.75065,data/raw/CAMELS_SIMBA_1000U/LH_440_hlist_0.75065.list,True,0,5802,5802,5802,5802,0.139,True,True,0,0.000000,True,0,0.000000,True,0,0.000000
LH_440,440,1.00000,data/raw/CAMELS_SIMBA_1000U/LH_440_hlist_1.00000.list,True,0,6204,6204,6204,6204,0.139,True,True,0,0.000000,True,0,0.000000,True,0,0.000000
LH_441,441,0.20000,data/raw/CAMELS_SIMBA_1000U/LH_441_hlist_0.20000.list,True,0,8688,8688,8688,8688,0.4574,True,True,0,0.000000,True,0,0.000000,True,0,0.000000
LH_441,441,0.25000,data/raw/CAMELS_SIMBA_1000U/LH_441_hlist_0.25000.list,True,0,9189,9189,9189,9189,0.4574,True,True,0,0.000000,True,0,0.000000,True,0,0.000000
LH_441,441,0.51209,data/raw/CAMELS_SIMBA_1000U/LH_441_hlist_0.51209.list,True,0,7270,7270,7270,7270,0.4574,True,True,0,0.000000,True,0,0.000000,True,0,0.000000
LH_441,441,0.75065,data/raw/CAMELS_SIMBA_1000U/LH_441_hlist_0.75065.list,True,0,6067,6067,6067,6067,0.4574,True,True,0,0.000000,True,0,0.000000,True,0,0.000000
LH_441,441,1.00000,data/raw/CAMELS_SIMBA_1000U/LH_441_hlist_1.00000.list,True,0,5721,5721,5721,5721,0.4574,True,True,0,0.000000,True,0,0.000000,True,0,0.000000
LH_442,442,0.20000,data/raw/CAMELS_SIMBA_1000U/LH_442_hlist_0.20000.list,True,0,7635,7635,7635,7635,0.4734,True,True,0,0.000000,True,0,0.000000,True,0,0.000000
LH_442,442,0.25000,data/raw/CAMELS_SIMBA_1000U/LH_442_hlist_0.25000.list,True,0,8688,8688,8688,8688,0.4734,True,True,0,0.000000,True,0,0.000000,True,0,0.000000
LH_442,442,0.51209,data/raw/CAMELS_SIMBA_1000U/LH_442_hlist_0.51209.list,True,0,8149,8149,8149,8149,0.4734,True,True,0,0.000000,True,0,0.000000,True,0,0.000000
LH_442,442,0.75065,data/raw/CAMELS_SIMBA_1000U/LH_442_hlist_0.75065.list,True,0,6795,6795,6795,6795,0.4734,True,True,0,0.000000,True,0,0.000000,True,0,0.000000
LH_442,442,1.00000,data/raw/CAMELS_SIMBA_1000U/LH_442_hlist_1.00000.list,True,0,6475,6475,6475,6475,0.4734,True,True,0,0.000000,True,0,0.000000,True,0,0.000000
LH_443,443,0.20000,data/raw/CAMELS_SIMBA_1000U/LH_443_hlist_0.20000.list,True,0,5590,5590,5590,5590,0.3666,True,True,0,0.000000,True,0,0.000000,True,0,0.000000
LH_443,443,0.25000,data/raw/CAMELS_SIMBA_1000U/LH_443_hlist_0.25000.list,True,0,6918,6918,6918,6918,0.3666,True,True,0,0.000000,True,0,0.000000,True,0,0.000000
LH_443,443,0.51209,data/raw/CAMELS_SIMBA_1000U/LH_443_hlist_0.51209.list,True,0,7687,7687,7687,7687,0.3666,True,True,0,0.000000,True,0,0.000000,True,0,0.000000
LH_443,443,0.75065,data/raw/CAMELS_SIMBA_1000U/LH_443_hlist_0.75065.list,True,0,6820,6820,6820,6820,0.3666,True,True,0,0.000000,True,0,0.000000,True,0,0.000000
LH_443,443,1.00000,data/raw/CAMELS_SIMBA_1000U/LH_443_hlist_1.00000.list,True,0,6749,6749,6749,6749,0.3666,True,True,0,0.000000,True,0,0.000000,True,0,0.000000
LH_444,444,0.20000,data/raw/CAMELS_SIMBA_1000U/LH_444_hlist_0.20000.list,True,0,3202,3202,3202,3202,0.1758,True,True,0,0.000000,True,0,0.000000,True,0,0.000000
LH_444,444,0.25000,data/raw/CAMELS_SIMBA_1000U/LH_444_hlist_0.25000.list,True,0,4573,4573,4573,4573,0.1758,True,True,0,0.000000,True,0,0.000000,True,0,0.000000
LH_444,444,0.51209,data/raw/CAMELS_SIMBA_1000U/LH_444_hlist_0.51209.list,True,0,6422,6422,6422,6422,0.1758,True,True,0,0.000000,True,0,0.000000,True,0,0.000000
LH_444,444,0.75065,data/raw/CAMELS_SIMBA_1000U/LH_444_hlist_0.75065.list,True,0,6364,6364,6364,6364,0.1758,True,True,0,0.000000,True,0,0.000000,True,0,0.000000
LH_444,444,1.00000,data/raw/CAMELS_SIMBA_1000U/LH_444_hlist_1.00000.list,True,0,6637,6637,6637,6637,0.1758,True,True,0,0.000000,True,0,0.000000,True,0,0.000000
LH_445,445,0.20000,data/raw/CAMELS_SIMBA_1000U/LH_445_hlist_0.20000.list,True,0,4230,4230,4230,4230,0.315,True,True,0,0.000000,True,0,0.000000,True,0,0.000000
LH_445,445,0.25000,data/raw/CAMELS_SIMBA_1000U/LH_445_hlist_0.25000.list,True,0,5739,5739,5739,5739,0.315,True,True,0,0.000000,True,0,0.000000,True,0,0.000000
LH_445,445,0.51209,data/raw/CAMELS_SIMBA_1000U/LH_445_hlist_0.51209.list,True,0,7635,7635,7635,7635,0.315,True,True,0,0.000000,True,0,0.000000,True,0,0.000000
LH_445,445,0.75065,data/raw/CAMELS_SIMBA_1000U/LH_445_hlist_0.75065.list,True,0,7145,7145,7145,7145,0.315,True,True,0,0.000000,True,0,0.000000,True,0,0.000000
LH_445,445,1.00000,data/raw/CAMELS_SIMBA_1000U/LH_445_hlist_1.00000.list,True,0,7019,7019,7019,7019,0.315,True,True,0,0.000000,True,0,0.000000,True,0,0.000000
LH_446,446,0.20000,data/raw/CAMELS_SIMBA_1000U/LH_446_hlist_0.20000.list,True,0,2450,2450,2450,2450,0.1718,True,True,0,0.000000,True,0,0.000000,True,0,0.000000
LH_446,446,0.25000,data/raw/CAMELS_SIMBA_1000U/LH_446_hlist_0.25000.list,True,0,3922,3922,3922,3922,0.1718,True,True,0,0.000000,True,0,0.000000,True,0,0.000000
LH_446,446,0.51209,data/raw/CAMELS_SIMBA_1000U/LH_446_hlist_0.51209.list,True,0,6059,6059,6059,6059,0.1718,True,True,0,0.000000,True,0,0.000000,True,0,0.000000
LH_446,446,0.75065,data/raw/CAMELS_SIMBA_1000U/LH_446_hlist_0.75065.list,True,0,6182,6182,6182,6182,0.1718,True,True,0,0.000000,True,0,0.000000,True,0,0.000000
LH_446,446,1.00000,data/raw/CAMELS_SIMBA_1000U/LH_446_hlist_1.00000.list,True,0,6488,6488,6488,6488,0.1718,True,True,0,0.000000,True,0,0.000000,True,0,0.000000
LH_447,447,0.20000,data/raw/CAMELS_SIMBA_1000U/LH_447_hlist_0.20000.list,True,0,1690,1690,1690,1690,0.2206,True,True,0,0.000000,True,0,0.000000,False,310,0.155000
LH_447,447,0.25000,data/raw/CAMELS_SIMBA_1000U/LH_447_hlist_0.25000.list,True,0,3174,3174,3174,3174,0.2206,True,True,0,0.000000,True,0,0.000000,True,0,0.000000
LH_447,447,0.51209,data/raw/CAMELS_SIMBA_1000U/LH_447_hlist_0.51209.list,True,0,6707,6707,6707,6707,0.2206,True,True,0,0.000000,True,0,0.000000,True,0,0.000000
LH_447,447,0.75065,data/raw/CAMELS_SIMBA_1000U/LH_447_hlist_0.75065.list,True,0,6896,6896,6896,6896,0.2206,True,True,0,0.000000,True,0,0.000000,True,0,0.000000
LH_447,447,1.00000,data/raw/CAMELS_SIMBA_1000U/LH_447_hlist_1.00000.list,True,0,7444,7444,7444,7444,0.2206,True,True,0,0.000000,True,0,0.000000,True,0,0.000000
LH_448,448,0.20000,data/raw/CAMELS_SIMBA_1000U/LH_448_hlist_0.20000.list,True,0,3139,3139,3139,3139,0.2774,True,True,0,0.000000,True,0,0.000000,True,0,0.000000
LH_448,448,0.25000,data/raw/CAMELS_SIMBA_1000U/LH_448_hlist_0.25000.list,True,0,4913,4913,4913,4913,0.2774,True,True,0,0.000000,True,0,0.000000,True,0,0.000000
LH_448,448,0.51209,data/raw/CAMELS_SIMBA_1000U/LH_448_hlist_0.51209.list,True,0,7333,7333,7333,7333,0.2774,True,True,0,0.000000,True,0,0.000000,True,0,0.000000
LH_448,448,0.75065,data/raw/CAMELS_SIMBA_1000U/LH_448_hlist_0.75065.list,True,0,7041,7041,7041,7041,0.2774,True,True,0,0.000000,True,0,0.000000,True,0,0.000000
LH_448,448,1.00000,data/raw/CAMELS_SIMBA_1000U/LH_448_hlist_1.00000.list,True,0,7224,7224,7224,7224,0.2774,True,True,0,0.000000,True,0,0.000000,True,0,0.000000
LH_449,449,0.20000,data/raw/CAMELS_SIMBA_1000U/LH_449_hlist_0.20000.list,True,0,4852,4852,4852,4852,0.4162,True,True,0,0.000000,True,0,0.000000,True,0,0.000000
LH_449,449,0.25000,data/raw/CAMELS_SIMBA_1000U/LH_449_hlist_0.25000.list,True,0,6348,6348,6348,6348,0.4162,True,True,0,0.000000,True,0,0.000000,True,0,0.000000
LH_449,449,0.51209,data/raw/CAMELS_SIMBA_1000U/LH_449_hlist_0.51209.list,True,0,8474,8474,8474,8474,0.4162,True,True,0,0.000000,True,0,0.000000,True,0,0.000000
LH_449,449,0.75065,data/raw/CAMELS_SIMBA_1000U/LH_449_hlist_0.75065.list,True,0,7743,7743,7743,7743,0.4162,True,True,0,0.000000,True,0,0.000000,True,0,0.000000
LH_449,449,1.00000,data/raw/CAMELS_SIMBA_1000U/LH_449_hlist_1.00000.list,True,0,7479,7479,7479,7479,0.4162,True,True,0,0.000000,True,0,0.000000,True,0,0.000000
LH_450,450,0.20000,data/raw/CAMELS_SIMBA_1000U/LH_450_hlist_0.20000.list,True,0,4931,4931,4931,4931,0.3838,True,True,0,0.000000,True,0,0.000000,True,0,0.000000
LH_450,450,0.25000,data/raw/CAMELS_SIMBA_1000U/LH_450_hlist_0.25000.list,True,0,6346,6346,6346,6346,0.3838,True,True,0,0.000000,True,0,0.000000,True,0,0.000000
LH_450,450,0.51209,data/raw/CAMELS_SIMBA_1000U/LH_450_hlist_0.51209.list,True,0,8351,8351,8351,8351,0.3838,True,True,0,0.000000,True,0,0.000000,True,0,0.000000
LH_450,450,0.75065,data/raw/CAMELS_SIMBA_1000U/LH_450_hlist_0.75065.list,True,0,7702,7702,7702,7702,0.3838,True,True,0,0.000000,True,0,0.000000,True,0,0.000000
LH_450,450,1.00000,data/raw/CAMELS_SIMBA_1000U/LH_450_hlist_1.00000.list,True,0,7606,7606,7606,7606,0.3838,True,True,0,0.000000,True,0,0.000000,True,0,0.000000
LH_451,451,0.20000,data/raw/CAMELS_SIMBA_1000U/LH_451_hlist_0.20000.list,True,0,7257,7257,7257,7257,0.3598,True,True,0,0.000000,True,0,0.000000,True,0,0.000000
LH_451,451,0.25000,data/raw/CAMELS_SIMBA_1000U/LH_451_hlist_0.25000.list,True,0,8074,8074,8074,8074,0.3598,True,True,0,0.000000,True,0,0.000000,True,0,0.000000
LH_451,451,0.51209,data/raw/CAMELS_SIMBA_1000U/LH_451_hlist_0.51209.list,True,0,7772,7772,7772,7772,0.3598,True,True,0,0.000000,True,0,0.000000,True,0,0.000000
LH_451,451,0.75065,data/raw/CAMELS_SIMBA_1000U/LH_451_hlist_0.75065.list,True,0,6650,6650,6650,6650,0.3598,True,True,0,0.000000,True,0,0.000000,True,0,0.000000
LH_451,451,1.00000,data/raw/CAMELS_SIMBA_1000U/LH_451_hlist_1.00000.list,True,0,6573,6573,6573,6573,0.3598,True,True,0,0.000000,True,0,0.000000,True,0,0.000000
LH_452,452,0.20000,data/raw/CAMELS_SIMBA_1000U/LH_452_hlist_0.20000.list,True,0,4406,4406,4406,4406,0.2234,True,True,0,0.000000,True,0,0.000000,True,0,0.000000
LH_452,452,0.25000,data/raw/CAMELS_SIMBA_1000U/LH_452_hlist_0.25000.list,True,0,5901,5901,5901,5901,0.2234,True,True,0,0.000000,True,0,0.000000,True,0,0.000000
LH_452,452,0.51209,data/raw/CAMELS_SIMBA_1000U/LH_452_hlist_0.51209.list,True,0,6784,6784,6784,6784,0.2234,True,True,0,0.000000,True,0,0.000000,True,0,0.000000
LH_452,452,0.75065,data/raw/CAMELS_SIMBA_1000U/LH_452_hlist_0.75065.list,True,0,6362,6362,6362,6362,0.2234,True,True,0,0.000000,True,0,0.000000,True,0,0.000000
LH_452,452,1.00000,data/raw/CAMELS_SIMBA_1000U/LH_452_hlist_1.00000.list,True,0,6549,6549,6549,6549,0.2234,True,True,0,0.000000,True,0,0.000000,True,0,0.000000
LH_453,453,0.20000,data/raw/CAMELS_SIMBA_1000U/LH_453_hlist_0.20000.list,True,0,4736,4736,4736,4736,0.3826,True,True,0,0.000000,True,0,0.000000,True,0,0.000000
LH_453,453,0.25000,data/raw/CAMELS_SIMBA_1000U/LH_453_hlist_0.25000.list,True,0,6535,6535,6535,6535,0.3826,True,True,0,0.000000,True,0,0.000000,True,0,0.000000
LH_453,453,0.51209,data/raw/CAMELS_SIMBA_1000U/LH_453_hlist_0.51209.list,True,0,8317,8317,8317,8317,0.3826,True,True,0,0.000000,True,0,0.000000,True,0,0.000000
LH_453,453,0.75065,data/raw/CAMELS_SIMBA_1000U/LH_453_hlist_0.75065.list,True,0,7529,7529,7529,7529,0.3826,True,True,0,0.000000,True,0,0.000000,True,0,0.000000
LH_453,453,1.00000,data/raw/CAMELS_SIMBA_1000U/LH_453_hlist_1.00000.list,True,0,7433,7433,7433,7433,0.3826,True,True,0,0.000000,True,0,0.000000,True,0,0.000000
LH_454,454,0.20000,data/raw/CAMELS_SIMBA_1000U/LH_454_hlist_0.20000.list,True,0,1660,1660,1660,1660,0.1158,True,True,0,0.000000,True,0,0.000000,False,340,0.170000
LH_454,454,0.25000,data/raw/CAMELS_SIMBA_1000U/LH_454_hlist_0.25000.list,True,0,2864,2864,2864,2864,0.1158,True,True,0,0.000000,True,0,0.000000,True,0,0.000000
LH_454,454,0.51209,data/raw/CAMELS_SIMBA_1000U/LH_454_hlist_0.51209.list,True,0,4761,4761,4761,4761,0.1158,True,True,0,0.000000,True,0,0.000000,True,0,0.000000
LH_454,454,0.75065,data/raw/CAMELS_SIMBA_1000U/LH_454_hlist_0.75065.list,True,0,4829,4829,4829,4829,0.1158,True,True,0,0.000000,True,0,0.000000,True,0,0.000000
LH_454,454,1.00000,data/raw/CAMELS_SIMBA_1000U/LH_454_hlist_1.00000.list,True,0,5322,5322,5322,5322,0.1158,True,True,0,0.000000,True,0,0.000000,True,0,0.000000
LH_455,455,0.20000,data/raw/CAMELS_SIMBA_1000U/LH_455_hlist_0.20000.list,True,0,3484,3484,3484,3484,0.1682,True,True,0,0.000000,True,0,0.000000,True,0,0.000000
LH_455,455,0.25000,data/raw/CAMELS_SIMBA_1000U/LH_455_hlist_0.25000.list,True,0,4574,4574,4574,4574,0.1682,True,True,0,0.000000,True,0,0.000000,True,0,0.000000
LH_455,455,0.51209,data/raw/CAMELS_SIMBA_1000U/LH_455_hlist_0.51209.list,True,0,5523,5523,5523,5523,0.1682,True,True,0,0.000000,True,0,0.000000,True,0,0.000000
LH_455,455,0.75065,data/raw/CAMELS_SIMBA_1000U/LH_455_hlist_0.75065.list,True,0,5446,5446,5446,5446,0.1682,True,True,0,0.000000,True,0,0.000000,True,0,0.000000
LH_455,455,1.00000,data/raw/CAMELS_SIMBA_1000U/LH_455_hlist_1.00000.list,True,0,5581,5581,5581,5581,0.1682,True,True,0,0.000000,True,0,0.000000,True,0,0.000000
LH_456,456,0.20000,data/raw/CAMELS_SIMBA_1000U/LH_456_hlist_0.20000.list,True,0,5433,5433,5433,5433,0.2818,True,True,0,0.000000,True,0,0.000000,True,0,0.000000
LH_456,456,0.25000,data/raw/CAMELS_SIMBA_1000U/LH_456_hlist_0.25000.list,True,0,6529,6529,6529,6529,0.2818,True,True,0,0.000000,True,0,0.000000,True,0,0.000000
LH_456,456,0.51209,data/raw/CAMELS_SIMBA_1000U/LH_456_hlist_0.51209.list,True,0,6687,6687,6687,6687,0.2818,True,True,0,0.000000,True,0,0.000000,True,0,0.000000
LH_456,456,0.75065,data/raw/CAMELS_SIMBA_1000U/LH_456_hlist_0.75065.list,True,0,5988,5988,5988,5988,0.2818,True,True,0,0.000000,True,0,0.000000,True,0,0.000000
LH_456,456,1.00000,data/raw/CAMELS_SIMBA_1000U/LH_456_hlist_1.00000.list,True,0,5962,5962,5962,5962,0.2818,True,True,0,0.000000,True,0,0.000000,True,0,0.000000
LH_457,457,0.20000,data/raw/CAMELS_SIMBA_1000U/LH_457_hlist_0.20000.list,True,0,4614,4614,4614,4614,0.379,True,True,0,0.000000,True,0,0.000000,True,0,0.000000
LH_457,457,0.25000,data/raw/CAMELS_SIMBA_1000U/LH_457_hlist_0.25000.list,True,0,6406,6406,6406,6406,0.379,True,True,0,0.000000,True,0,0.000000,True,0,0.000000
LH_457,457,0.51209,data/raw/CAMELS_SIMBA_1000U/LH_457_hlist_0.51209.list,True,0,8003,8003,8003,8003,0.379,True,True,0,0.000000,True,0,0.000000,True,0,0.000000
LH_457,457,0.75065,data/raw/CAMELS_SIMBA_1000U/LH_457_hlist_0.75065.list,True,0,7281,7281,7281,7281,0.379,True,True,0,0.000000,True,0,0.000000,True,0,0.000000
LH_457,457,1.00000,data/raw/CAMELS_SIMBA_1000U/LH_457_hlist_1.00000.list,True,0,7097,7097,7097,7097,0.379,True,True,0,0.000000,True,0,0.000000,True,0,0.000000
LH_458,458,0.20000,data/raw/CAMELS_SIMBA_1000U/LH_458_hlist_0.20000.list,True,0,3761,3761,3761,3761,0.2334,True,True,0,0.000000,True,0,0.000000,True,0,0.000000
LH_458,458,0.25000,data/raw/CAMELS_SIMBA_1000U/LH_458_hlist_0.25000.list,True,0,5271,5271,5271,5271,0.2334,True,True,0,0.000000,True,0,0.000000,True,0,0.000000
LH_458,458,0.51209,data/raw/CAMELS_SIMBA_1000U/LH_458_hlist_0.51209.list,True,0,6643,6643,6643,6643,0.2334,True,True,0,0.000000,True,0,0.000000,True,0,0.000000
LH_458,458,0.75065,data/raw/CAMELS_SIMBA_1000U/LH_458_hlist_0.75065.list,True,0,6390,6390,6390,6390,0.2334,True,True,0,0.000000,True,0,0.000000,True,0,0.000000
LH_458,458,1.00000,data/raw/CAMELS_SIMBA_1000U/LH_458_hlist_1.00000.list,True,0,6610,6610,6610,6610,0.2334,True,True,0,0.000000,True,0,0.000000,True,0,0.000000
LH_459,459,0.20000,data/raw/CAMELS_SIMBA_1000U/LH_459_hlist_0.20000.list,True,0,4426,4426,4426,4426,0.3302,True,True,0,0.000000,True,0,0.000000,True,0,0.000000
LH_459,459,0.25000,data/raw/CAMELS_SIMBA_1000U/LH_459_hlist_0.25000.list,True,0,5963,5963,5963,5963,0.3302,True,True,0,0.000000,True,0,0.000000,True,0,0.000000
LH_459,459,0.51209,data/raw/CAMELS_SIMBA_1000U/LH_459_hlist_0.51209.list,True,0,7908,7908,7908,7908,0.3302,True,True,0,0.000000,True,0,0.000000,True,0,0.000000
LH_459,459,0.75065,data/raw/CAMELS_SIMBA_1000U/LH_459_hlist_0.75065.list,True,0,7398,7398,7398,7398,0.3302,True,True,0,0.000000,True,0,0.000000,True,0,0.000000
LH_459,459,1.00000,data/raw/CAMELS_SIMBA_1000U/LH_459_hlist_1.00000.list,True,0,7300,7300,7300,7300,0.3302,True,True,0,0.000000,True,0,0.000000,True,0,0.000000
LH_460,460,0.20000,data/raw/CAMELS_SIMBA_1000U/LH_460_hlist_0.20000.list,True,0,564,564,564,564,0.147,True,False,436,0.436000,False,936,0.624000,False,1436,0.718000
LH_460,460,0.25000,data/raw/CAMELS_SIMBA_1000U/LH_460_hlist_0.25000.list,True,0,1537,1537,1537,1537,0.147,True,True,0,0.000000,True,0,0.000000,False,463,0.231500
LH_460,460,0.51209,data/raw/CAMELS_SIMBA_1000U/LH_460_hlist_0.51209.list,True,0,5023,5023,5023,5023,0.147,True,True,0,0.000000,True,0,0.000000,True,0,0.000000
LH_460,460,0.75065,data/raw/CAMELS_SIMBA_1000U/LH_460_hlist_0.75065.list,True,0,5603,5603,5603,5603,0.147,True,True,0,0.000000,True,0,0.000000,True,0,0.000000
LH_460,460,1.00000,data/raw/CAMELS_SIMBA_1000U/LH_460_hlist_1.00000.list,True,0,6320,6320,6320,6320,0.147,True,True,0,0.000000,True,0,0.000000,True,0,0.000000
LH_461,461,0.20000,data/raw/CAMELS_SIMBA_1000U/LH_461_hlist_0.20000.list,True,0,4559,4559,4559,4559,0.441,True,True,0,0.000000,True,0,0.000000,True,0,0.000000
LH_461,461,0.25000,data/raw/CAMELS_SIMBA_1000U/LH_461_hlist_0.25000.list,True,0,6166,6166,6166,6166,0.441,True,True,0,0.000000,True,0,0.000000,True,0,0.000000
LH_461,461,0.51209,data/raw/CAMELS_SIMBA_1000U/LH_461_hlist_0.51209.list,True,0,8722,8722,8722,8722,0.441,True,True,0,0.000000,True,0,0.000000,True,0,0.000000
LH_461,461,0.75065,data/raw/CAMELS_SIMBA_1000U/LH_461_hlist_0.75065.list,True,0,7941,7941,7941,7941,0.441,True,True,0,0.000000,True,0,0.000000,True,0,0.000000
LH_461,461,1.00000,data/raw/CAMELS_SIMBA_1000U/LH_461_hlist_1.00000.list,True,0,7705,7705,7705,7705,0.441,True,True,0,0.000000,True,0,0.000000,True,0,0.000000
LH_462,462,0.20000,data/raw/CAMELS_SIMBA_1000U/LH_462_hlist_0.20000.list,True,0,6490,6490,6490,6490,0.295,True,True,0,0.000000,True,0,0.000000,True,0,0.000000
LH_462,462,0.25000,data/raw/CAMELS_SIMBA_1000U/LH_462_hlist_0.25000.list,True,0,7245,7245,7245,7245,0.295,True,True,0,0.000000,True,0,0.000000,True,0,0.000000
LH_462,462,0.51209,data/raw/CAMELS_SIMBA_1000U/LH_462_hlist_0.51209.list,True,0,7326,7326,7326,7326,0.295,True,True,0,0.000000,True,0,0.000000,True,0,0.000000
LH_462,462,0.75065,data/raw/CAMELS_SIMBA_1000U/LH_462_hlist_0.75065.list,True,0,6709,6709,6709,6709,0.295,True,True,0,0.000000,True,0,0.000000,True,0,0.000000
LH_462,462,1.00000,data/raw/CAMELS_SIMBA_1000U/LH_462_hlist_1.00000.list,True,0,6825,6825,6825,6825,0.295,True,True,0,0.000000,True,0,0.000000,True,0,0.000000
LH_463,463,0.20000,data/raw/CAMELS_SIMBA_1000U/LH_463_hlist_0.20000.list,True,0,3213,3213,3213,3213,0.3418,True,True,0,0.000000,True,0,0.000000,True,0,0.000000
LH_463,463,0.25000,data/raw/CAMELS_SIMBA_1000U/LH_463_hlist_0.25000.list,True,0,4777,4777,4777,4777,0.3418,True,True,0,0.000000,True,0,0.000000,True,0,0.000000
LH_463,463,0.51209,data/raw/CAMELS_SIMBA_1000U/LH_463_hlist_0.51209.list,True,0,8010,8010,8010,8010,0.3418,True,True,0,0.000000,True,0,0.000000,True,0,0.000000
LH_463,463,0.75065,data/raw/CAMELS_SIMBA_1000U/LH_463_hlist_0.75065.list,True,0,7593,7593,7593,7593,0.3418,True,True,0,0.000000,True,0,0.000000,True,0,0.000000
LH_463,463,1.00000,data/raw/CAMELS_SIMBA_1000U/LH_463_hlist_1.00000.list,True,0,7618,7618,7618,7618,0.3418,True,True,0,0.000000,True,0,0.000000,True,0,0.000000
LH_464,464,0.20000,data/raw/CAMELS_SIMBA_1000U/LH_464_hlist_0.20000.list,True,0,4528,4528,4528,4528,0.2114,True,True,0,0.000000,True,0,0.000000,True,0,0.000000
LH_464,464,0.25000,data/raw/CAMELS_SIMBA_1000U/LH_464_hlist_0.25000.list,True,0,5801,5801,5801,5801,0.2114,True,True,0,0.000000,True,0,0.000000,True,0,0.000000
LH_464,464,0.51209,data/raw/CAMELS_SIMBA_1000U/LH_464_hlist_0.51209.list,True,0,6468,6468,6468,6468,0.2114,True,True,0,0.000000,True,0,0.000000,True,0,0.000000
LH_464,464,0.75065,data/raw/CAMELS_SIMBA_1000U/LH_464_hlist_0.75065.list,True,0,6275,6275,6275,6275,0.2114,True,True,0,0.000000,True,0,0.000000,True,0,0.000000
LH_464,464,1.00000,data/raw/CAMELS_SIMBA_1000U/LH_464_hlist_1.00000.list,True,0,6512,6512,6512,6512,0.2114,True,True,0,0.000000,True,0,0.000000,True,0,0.000000
LH_465,465,0.20000,data/raw/CAMELS_SIMBA_1000U/LH_465_hlist_0.20000.list,True,0,5313,5313,5313,5313,0.2986,True,True,0,0.000000,True,0,0.000000,True,0,0.000000
LH_465,465,0.25000,data/raw/CAMELS_SIMBA_1000U/LH_465_hlist_0.25000.list,True,0,6884,6884,6884,6884,0.2986,True,True,0,0.000000,True,0,0.000000,True,0,0.000000
LH_465,465,0.51209,data/raw/CAMELS_SIMBA_1000U/LH_465_hlist_0.51209.list,True,0,7411,7411,7411,7411,0.2986,True,True,0,0.000000,True,0,0.000000,True,0,0.000000
LH_465,465,0.75065,data/raw/CAMELS_SIMBA_1000U/LH_465_hlist_0.75065.list,True,0,6669,6669,6669,6669,0.2986,True,True,0,0.000000,True,0,0.000000,True,0,0.000000
LH_465,465,1.00000,data/raw/CAMELS_SIMBA_1000U/LH_465_hlist_1.00000.list,True,0,6604,6604,6604,6604,0.2986,True,True,0,0.000000,True,0,0.000000,True,0,0.000000
LH_466,466,0.20000,data/raw/CAMELS_SIMBA_1000U/LH_466_hlist_0.20000.list,True,0,6731,6731,6731,6731,0.393,True,True,0,0.000000,True,0,0.000000,True,0,0.000000
LH_466,466,0.25000,data/raw/CAMELS_SIMBA_1000U/LH_466_hlist_0.25000.list,True,0,7806,7806,7806,7806,0.393,True,True,0,0.000000,True,0,0.000000,True,0,0.000000
LH_466,466,0.51209,data/raw/CAMELS_SIMBA_1000U/LH_466_hlist_0.51209.list,True,0,7561,7561,7561,7561,0.393,True,True,0,0.000000,True,0,0.000000,True,0,0.000000
LH_466,466,0.75065,data/raw/CAMELS_SIMBA_1000U/LH_466_hlist_0.75065.list,True,0,6522,6522,6522,6522,0.393,True,True,0,0.000000,True,0,0.000000,True,0,0.000000
LH_466,466,1.00000,data/raw/CAMELS_SIMBA_1000U/LH_466_hlist_1.00000.list,True,0,6263,6263,6263,6263,0.393,True,True,0,0.000000,True,0,0.000000,True,0,0.000000
LH_467,467,0.20000,data/raw/CAMELS_SIMBA_1000U/LH_467_hlist_0.20000.list,True,0,1908,1908,1908,1908,0.2302,True,True,0,0.000000,True,0,0.000000,False,92,0.046000
LH_467,467,0.25000,data/raw/CAMELS_SIMBA_1000U/LH_467_hlist_0.25000.list,True,0,3248,3248,3248,3248,0.2302,True,True,0,0.000000,True,0,0.000000,True,0,0.000000
LH_467,467,0.51209,data/raw/CAMELS_SIMBA_1000U/LH_467_hlist_0.51209.list,True,0,6788,6788,6788,6788,0.2302,True,True,0,0.000000,True,0,0.000000,True,0,0.000000
LH_467,467,0.75065,data/raw/CAMELS_SIMBA_1000U/LH_467_hlist_0.75065.list,True,0,7017,7017,7017,7017,0.2302,True,True,0,0.000000,True,0,0.000000,True,0,0.000000
LH_467,467,1.00000,data/raw/CAMELS_SIMBA_1000U/LH_467_hlist_1.00000.list,True,0,7422,7422,7422,7422,0.2302,True,True,0,0.000000,True,0,0.000000,True,0,0.000000
LH_468,468,0.20000,data/raw/CAMELS_SIMBA_1000U/LH_468_hlist_0.20000.list,True,0,4642,4642,4642,4642,0.4518,True,True,0,0.000000,True,0,0.000000,True,0,0.000000
LH_468,468,0.25000,data/raw/CAMELS_SIMBA_1000U/LH_468_hlist_0.25000.list,True,0,6349,6349,6349,6349,0.4518,True,True,0,0.000000,True,0,0.000000,True,0,0.000000
LH_468,468,0.51209,data/raw/CAMELS_SIMBA_1000U/LH_468_hlist_0.51209.list,True,0,8919,8919,8919,8919,0.4518,True,True,0,0.000000,True,0,0.000000,True,0,0.000000
LH_468,468,0.75065,data/raw/CAMELS_SIMBA_1000U/LH_468_hlist_0.75065.list,True,0,8132,8132,8132,8132,0.4518,True,True,0,0.000000,True,0,0.000000,True,0,0.000000
LH_468,468,1.00000,data/raw/CAMELS_SIMBA_1000U/LH_468_hlist_1.00000.list,True,0,7868,7868,7868,7868,0.4518,True,True,0,0.000000,True,0,0.000000,True,0,0.000000
LH_469,469,0.20000,data/raw/CAMELS_SIMBA_1000U/LH_469_hlist_0.20000.list,True,0,4311,4311,4311,4311,0.4706,True,True,0,0.000000,True,0,0.000000,True,0,0.000000
LH_469,469,0.25000,data/raw/CAMELS_SIMBA_1000U/LH_469_hlist_0.25000.list,True,0,5931,5931,5931,5931,0.4706,True,True,0,0.000000,True,0,0.000000,True,0,0.000000
LH_469,469,0.51209,data/raw/CAMELS_SIMBA_1000U/LH_469_hlist_0.51209.list,True,0,8621,8621,8621,8621,0.4706,True,True,0,0.000000,True,0,0.000000,True,0,0.000000
LH_469,469,0.75065,data/raw/CAMELS_SIMBA_1000U/LH_469_hlist_0.75065.list,True,0,8104,8104,8104,8104,0.4706,True,True,0,0.000000,True,0,0.000000,True,0,0.000000
LH_469,469,1.00000,data/raw/CAMELS_SIMBA_1000U/LH_469_hlist_1.00000.list,True,0,7746,7746,7746,7746,0.4706,True,True,0,0.000000,True,0,0.000000,True,0,0.000000
LH_470,470,0.20000,data/raw/CAMELS_SIMBA_1000U/LH_470_hlist_0.20000.list,True,0,7529,7529,7529,7529,0.3102,True,True,0,0.000000,True,0,0.000000,True,0,0.000000
LH_470,470,0.25000,data/raw/CAMELS_SIMBA_1000U/LH_470_hlist_0.25000.list,True,0,7901,7901,7901,7901,0.3102,True,True,0,0.000000,True,0,0.000000,True,0,0.000000
LH_470,470,0.51209,data/raw/CAMELS_SIMBA_1000U/LH_470_hlist_0.51209.list,True,0,6110,6110,6110,6110,0.3102,True,True,0,0.000000,True,0,0.000000,True,0,0.000000
LH_470,470,0.75065,data/raw/CAMELS_SIMBA_1000U/LH_470_hlist_0.75065.list,True,0,5247,5247,5247,5247,0.3102,True,True,0,0.000000,True,0,0.000000,True,0,0.000000
LH_470,470,1.00000,data/raw/CAMELS_SIMBA_1000U/LH_470_hlist_1.00000.list,True,0,5009,5009,5009,5009,0.3102,True,True,0,0.000000,True,0,0.000000,True,0,0.000000
LH_471,471,0.20000,data/raw/CAMELS_SIMBA_1000U/LH_471_hlist_0.20000.list,True,0,6054,6054,6054,6054,0.3282,True,True,0,0.000000,True,0,0.000000,True,0,0.000000
LH_471,471,0.25000,data/raw/CAMELS_SIMBA_1000U/LH_471_hlist_0.25000.list,True,0,7124,7124,7124,7124,0.3282,True,True,0,0.000000,True,0,0.000000,True,0,0.000000
LH_471,471,0.51209,data/raw/CAMELS_SIMBA_1000U/LH_471_hlist_0.51209.list,True,0,7185,7185,7185,7185,0.3282,True,True,0,0.000000,True,0,0.000000,True,0,0.000000
LH_471,471,0.75065,data/raw/CAMELS_SIMBA_1000U/LH_471_hlist_0.75065.list,True,0,6380,6380,6380,6380,0.3282,True,True,0,0.000000,True,0,0.000000,True,0,0.000000
LH_471,471,1.00000,data/raw/CAMELS_SIMBA_1000U/LH_471_hlist_1.00000.list,True,0,6319,6319,6319,6319,0.3282,True,True,0,0.000000,True,0,0.000000,True,0,0.000000
LH_472,472,0.20000,data/raw/CAMELS_SIMBA_1000U/LH_472_hlist_0.20000.list,True,0,7377,7377,7377,7377,0.3602,True,True,0,0.000000,True,0,0.000000,True,0,0.000000
LH_472,472,0.25000,data/raw/CAMELS_SIMBA_1000U/LH_472_hlist_0.25000.list,True,0,8134,8134,8134,8134,0.3602,True,True,0,0.000000,True,0,0.000000,True,0,0.000000
LH_472,472,0.51209,data/raw/CAMELS_SIMBA_1000U/LH_472_hlist_0.51209.list,True,0,7469,7469,7469,7469,0.3602,True,True,0,0.000000,True,0,0.000000,True,0,0.000000
LH_472,472,0.75065,data/raw/CAMELS_SIMBA_1000U/LH_472_hlist_0.75065.list,True,0,6419,6419,6419,6419,0.3602,True,True,0,0.000000,True,0,0.000000,True,0,0.000000
LH_472,472,1.00000,data/raw/CAMELS_SIMBA_1000U/LH_472_hlist_1.00000.list,True,0,6224,6224,6224,6224,0.3602,True,True,0,0.000000,True,0,0.000000,True,0,0.000000
LH_473,473,0.20000,data/raw/CAMELS_SIMBA_1000U/LH_473_hlist_0.20000.list,True,0,9226,9226,9226,9226,0.4946,True,True,0,0.000000,True,0,0.000000,True,0,0.000000
LH_473,473,0.25000,data/raw/CAMELS_SIMBA_1000U/LH_473_hlist_0.25000.list,True,0,9543,9543,9543,9543,0.4946,True,True,0,0.000000,True,0,0.000000,True,0,0.000000
LH_473,473,0.51209,data/raw/CAMELS_SIMBA_1000U/LH_473_hlist_0.51209.list,True,0,7646,7646,7646,7646,0.4946,True,True,0,0.000000,True,0,0.000000,True,0,0.000000
LH_473,473,0.75065,data/raw/CAMELS_SIMBA_1000U/LH_473_hlist_0.75065.list,True,0,6137,6137,6137,6137,0.4946,True,True,0,0.000000,True,0,0.000000,True,0,0.000000
LH_473,473,1.00000,data/raw/CAMELS_SIMBA_1000U/LH_473_hlist_1.00000.list,True,0,5745,5745,5745,5745,0.4946,True,True,0,0.000000,True,0,0.000000,True,0,0.000000
LH_474,474,0.20000,data/raw/CAMELS_SIMBA_1000U/LH_474_hlist_0.20000.list,True,0,5659,5659,5659,5659,0.4714,True,True,0,0.000000,True,0,0.000000,True,0,0.000000
LH_474,474,0.25000,data/raw/CAMELS_SIMBA_1000U/LH_474_hlist_0.25000.list,True,0,7175,7175,7175,7175,0.4714,True,True,0,0.000000,True,0,0.000000,True,0,0.000000
LH_474,474,0.51209,data/raw/CAMELS_SIMBA_1000U/LH_474_hlist_0.51209.list,True,0,8692,8692,8692,8692,0.4714,True,True,0,0.000000,True,0,0.000000,True,0,0.000000
LH_474,474,0.75065,data/raw/CAMELS_SIMBA_1000U/LH_474_hlist_0.75065.list,True,0,7611,7611,7611,7611,0.4714,True,True,0,0.000000,True,0,0.000000,True,0,0.000000
LH_474,474,1.00000,data/raw/CAMELS_SIMBA_1000U/LH_474_hlist_1.00000.list,True,0,7218,7218,7218,7218,0.4714,True,True,0,0.000000,True,0,0.000000,True,0,0.000000
LH_475,475,0.20000,data/raw/CAMELS_SIMBA_1000U/LH_475_hlist_0.20000.list,True,0,3743,3743,3743,3743,0.287,True,True,0,0.000000,True,0,0.000000,True,0,0.000000
LH_475,475,0.25000,data/raw/CAMELS_SIMBA_1000U/LH_475_hlist_0.25000.list,True,0,5266,5266,5266,5266,0.287,True,True,0,0.000000,True,0,0.000000,True,0,0.000000
LH_475,475,0.51209,data/raw/CAMELS_SIMBA_1000U/LH_475_hlist_0.51209.list,True,0,7571,7571,7571,7571,0.287,True,True,0,0.000000,True,0,0.000000,True,0,0.000000
LH_475,475,0.75065,data/raw/CAMELS_SIMBA_1000U/LH_475_hlist_0.75065.list,True,0,7384,7384,7384,7384,0.287,True,True,0,0.000000,True,0,0.000000,True,0,0.000000
LH_475,475,1.00000,data/raw/CAMELS_SIMBA_1000U/LH_475_hlist_1.00000.list,True,0,7637,7637,7637,7637,0.287,True,True,0,0.000000,True,0,0.000000,True,0,0.000000
LH_476,476,0.20000,data/raw/CAMELS_SIMBA_1000U/LH_476_hlist_0.20000.list,True,0,3158,3158,3158,3158,0.2746,True,True,0,0.000000,True,0,0.000000,True,0,0.000000
LH_476,476,0.25000,data/raw/CAMELS_SIMBA_1000U/LH_476_hlist_0.25000.list,True,0,4807,4807,4807,4807,0.2746,True,True,0,0.000000,True,0,0.000000,True,0,0.000000
LH_476,476,0.51209,data/raw/CAMELS_SIMBA_1000U/LH_476_hlist_0.51209.list,True,0,7592,7592,7592,7592,0.2746,True,True,0,0.000000,True,0,0.000000,True,0,0.000000
LH_476,476,0.75065,data/raw/CAMELS_SIMBA_1000U/LH_476_hlist_0.75065.list,True,0,7182,7182,7182,7182,0.2746,True,True,0,0.000000,True,0,0.000000,True,0,0.000000
LH_476,476,1.00000,data/raw/CAMELS_SIMBA_1000U/LH_476_hlist_1.00000.list,True,0,7367,7367,7367,7367,0.2746,True,True,0,0.000000,True,0,0.000000,True,0,0.000000
LH_477,477,0.20000,data/raw/CAMELS_SIMBA_1000U/LH_477_hlist_0.20000.list,True,0,8204,8204,8204,8204,0.4266,True,True,0,0.000000,True,0,0.000000,True,0,0.000000
LH_477,477,0.25000,data/raw/CAMELS_SIMBA_1000U/LH_477_hlist_0.25000.list,True,0,8961,8961,8961,8961,0.4266,True,True,0,0.000000,True,0,0.000000,True,0,0.000000
LH_477,477,0.51209,data/raw/CAMELS_SIMBA_1000U/LH_477_hlist_0.51209.list,True,0,7540,7540,7540,7540,0.4266,True,True,0,0.000000,True,0,0.000000,True,0,0.000000
LH_477,477,0.75065,data/raw/CAMELS_SIMBA_1000U/LH_477_hlist_0.75065.list,True,0,6435,6435,6435,6435,0.4266,True,True,0,0.000000,True,0,0.000000,True,0,0.000000
LH_477,477,1.00000,data/raw/CAMELS_SIMBA_1000U/LH_477_hlist_1.00000.list,True,0,6033,6033,6033,6033,0.4266,True,True,0,0.000000,True,0,0.000000,True,0,0.000000
LH_478,478,0.20000,data/raw/CAMELS_SIMBA_1000U/LH_478_hlist_0.20000.list,True,0,6826,6826,6826,6826,0.423,True,True,0,0.000000,True,0,0.000000,True,0,0.000000
LH_478,478,0.25000,data/raw/CAMELS_SIMBA_1000U/LH_478_hlist_0.25000.list,True,0,8015,8015,8015,8015,0.423,True,True,0,0.000000,True,0,0.000000,True,0,0.000000
LH_478,478,0.51209,data/raw/CAMELS_SIMBA_1000U/LH_478_hlist_0.51209.list,True,0,8598,8598,8598,8598,0.423,True,True,0,0.000000,True,0,0.000000,True,0,0.000000
LH_478,478,0.75065,data/raw/CAMELS_SIMBA_1000U/LH_478_hlist_0.75065.list,True,0,6951,6951,6951,6951,0.423,True,True,0,0.000000,True,0,0.000000,True,0,0.000000
LH_478,478,1.00000,data/raw/CAMELS_SIMBA_1000U/LH_478_hlist_1.00000.list,True,0,6613,6613,6613,6613,0.423,True,True,0,0.000000,True,0,0.000000,True,0,0.000000
LH_479,479,0.20000,data/raw/CAMELS_SIMBA_1000U/LH_479_hlist_0.20000.list,True,0,9354,9354,9354,9354,0.4954,True,True,0,0.000000,True,0,0.000000,True,0,0.000000
LH_479,479,0.25000,data/raw/CAMELS_SIMBA_1000U/LH_479_hlist_0.25000.list,True,0,9612,9612,9612,9612,0.4954,True,True,0,0.000000,True,0,0.000000,True,0,0.000000
LH_479,479,0.51209,data/raw/CAMELS_SIMBA_1000U/LH_479_hlist_0.51209.list,True,0,7246,7246,7246,7246,0.4954,True,True,0,0.000000,True,0,0.000000,True,0,0.000000
LH_479,479,0.75065,data/raw/CAMELS_SIMBA_1000U/LH_479_hlist_0.75065.list,True,0,5830,5830,5830,5830,0.4954,True,True,0,0.000000,True,0,0.000000,True,0,0.000000
LH_479,479,1.00000,data/raw/CAMELS_SIMBA_1000U/LH_479_hlist_1.00000.list,True,0,5185,5185,5185,5185,0.4954,True,True,0,0.000000,True,0,0.000000,True,0,0.000000
LH_480,480,0.20000,data/raw/CAMELS_SIMBA_1000U/LH_480_hlist_0.20000.list,True,0,5044,5044,5044,5044,0.2146,True,True,0,0.000000,True,0,0.000000,True,0,0.000000
LH_480,480,0.25000,data/raw/CAMELS_SIMBA_1000U/LH_480_hlist_0.25000.list,True,0,5969,5969,5969,5969,0.2146,True,True,0,0.000000,True,0,0.000000,True,0,0.000000
LH_480,480,0.51209,data/raw/CAMELS_SIMBA_1000U/LH_480_hlist_0.51209.list,True,0,5999,5999,5999,5999,0.2146,True,True,0,0.000000,True,0,0.000000,True,0,0.000000
LH_480,480,0.75065,data/raw/CAMELS_SIMBA_1000U/LH_480_hlist_0.75065.list,True,0,5636,5636,5636,5636,0.2146,True,True,0,0.000000,True,0,0.000000,True,0,0.000000
LH_480,480,1.00000,data/raw/CAMELS_SIMBA_1000U/LH_480_hlist_1.00000.list,True,0,5815,5815,5815,5815,0.2146,True,True,0,0.000000,True,0,0.000000,True,0,0.000000
LH_481,481,0.20000,data/raw/CAMELS_SIMBA_1000U/LH_481_hlist_0.20000.list,True,0,1168,1168,1168,1168,0.131,True,True,0,0.000000,False,332,0.221333,False,832,0.416000
LH_481,481,0.25000,data/raw/CAMELS_SIMBA_1000U/LH_481_hlist_0.25000.list,True,0,2403,2403,2403,2403,0.131,True,True,0,0.000000,True,0,0.000000,True,0,0.000000
LH_481,481,0.51209,data/raw/CAMELS_SIMBA_1000U/LH_481_hlist_0.51209.list,True,0,4455,4455,4455,4455,0.131,True,True,0,0.000000,True,0,0.000000,True,0,0.000000
LH_481,481,0.75065,data/raw/CAMELS_SIMBA_1000U/LH_481_hlist_0.75065.list,True,0,4859,4859,4859,4859,0.131,True,True,0,0.000000,True,0,0.000000,True,0,0.000000
LH_481,481,1.00000,data/raw/CAMELS_SIMBA_1000U/LH_481_hlist_1.00000.list,True,0,5406,5406,5406,5406,0.131,True,True,0,0.000000,True,0,0.000000,True,0,0.000000
LH_482,482,0.20000,data/raw/CAMELS_SIMBA_1000U/LH_482_hlist_0.20000.list,True,0,5839,5839,5839,5839,0.3166,True,True,0,0.000000,True,0,0.000000,True,0,0.000000
LH_482,482,0.25000,data/raw/CAMELS_SIMBA_1000U/LH_482_hlist_0.25000.list,True,0,7074,7074,7074,7074,0.3166,True,True,0,0.000000,True,0,0.000000,True,0,0.000000
LH_482,482,0.51209,data/raw/CAMELS_SIMBA_1000U/LH_482_hlist_0.51209.list,True,0,7211,7211,7211,7211,0.3166,True,True,0,0.000000,True,0,0.000000,True,0,0.000000
LH_482,482,0.75065,data/raw/CAMELS_SIMBA_1000U/LH_482_hlist_0.75065.list,True,0,6246,6246,6246,6246,0.3166,True,True,0,0.000000,True,0,0.000000,True,0,0.000000
LH_482,482,1.00000,data/raw/CAMELS_SIMBA_1000U/LH_482_hlist_1.00000.list,True,0,6366,6366,6366,6366,0.3166,True,True,0,0.000000,True,0,0.000000,True,0,0.000000
LH_483,483,0.20000,data/raw/CAMELS_SIMBA_1000U/LH_483_hlist_0.20000.list,True,0,6551,6551,6551,6551,0.3038,True,True,0,0.000000,True,0,0.000000,True,0,0.000000
LH_483,483,0.25000,data/raw/CAMELS_SIMBA_1000U/LH_483_hlist_0.25000.list,True,0,7489,7489,7489,7489,0.3038,True,True,0,0.000000,True,0,0.000000,True,0,0.000000
LH_483,483,0.51209,data/raw/CAMELS_SIMBA_1000U/LH_483_hlist_0.51209.list,True,0,7397,7397,7397,7397,0.3038,True,True,0,0.000000,True,0,0.000000,True,0,0.000000
LH_483,483,0.75065,data/raw/CAMELS_SIMBA_1000U/LH_483_hlist_0.75065.list,True,0,6562,6562,6562,6562,0.3038,True,True,0,0.000000,True,0,0.000000,True,0,0.000000
LH_483,483,1.00000,data/raw/CAMELS_SIMBA_1000U/LH_483_hlist_1.00000.list,True,0,6596,6596,6596,6596,0.3038,True,True,0,0.000000,True,0,0.000000,True,0,0.000000
LH_484,484,0.20000,data/raw/CAMELS_SIMBA_1000U/LH_484_hlist_0.20000.list,True,0,3109,3109,3109,3109,0.2238,True,True,0,0.000000,True,0,0.000000,True,0,0.000000
LH_484,484,0.25000,data/raw/CAMELS_SIMBA_1000U/LH_484_hlist_0.25000.list,True,0,4666,4666,4666,4666,0.2238,True,True,0,0.000000,True,0,0.000000,True,0,0.000000
LH_484,484,0.51209,data/raw/CAMELS_SIMBA_1000U/LH_484_hlist_0.51209.list,True,0,6565,6565,6565,6565,0.2238,True,True,0,0.000000,True,0,0.000000,True,0,0.000000
LH_484,484,0.75065,data/raw/CAMELS_SIMBA_1000U/LH_484_hlist_0.75065.list,True,0,6377,6377,6377,6377,0.2238,True,True,0,0.000000,True,0,0.000000,True,0,0.000000
LH_484,484,1.00000,data/raw/CAMELS_SIMBA_1000U/LH_484_hlist_1.00000.list,True,0,6824,6824,6824,6824,0.2238,True,True,0,0.000000,True,0,0.000000,True,0,0.000000
LH_485,485,0.20000,data/raw/CAMELS_SIMBA_1000U/LH_485_hlist_0.20000.list,True,0,2954,2954,2954,2954,0.1982,True,True,0,0.000000,True,0,0.000000,True,0,0.000000
LH_485,485,0.25000,data/raw/CAMELS_SIMBA_1000U/LH_485_hlist_0.25000.list,True,0,4505,4505,4505,4505,0.1982,True,True,0,0.000000,True,0,0.000000,True,0,0.000000
LH_485,485,0.51209,data/raw/CAMELS_SIMBA_1000U/LH_485_hlist_0.51209.list,True,0,6136,6136,6136,6136,0.1982,True,True,0,0.000000,True,0,0.000000,True,0,0.000000
LH_485,485,0.75065,data/raw/CAMELS_SIMBA_1000U/LH_485_hlist_0.75065.list,True,0,5822,5822,5822,5822,0.1982,True,True,0,0.000000,True,0,0.000000,True,0,0.000000
LH_485,485,1.00000,data/raw/CAMELS_SIMBA_1000U/LH_485_hlist_1.00000.list,True,0,6057,6057,6057,6057,0.1982,True,True,0,0.000000,True,0,0.000000,True,0,0.000000
LH_486,486,0.20000,data/raw/CAMELS_SIMBA_1000U/LH_486_hlist_0.20000.list,True,0,4408,4408,4408,4408,0.4646,True,True,0,0.000000,True,0,0.000000,True,0,0.000000
LH_486,486,0.25000,data/raw/CAMELS_SIMBA_1000U/LH_486_hlist_0.25000.list,True,0,5886,5886,5886,5886,0.4646,True,True,0,0.000000,True,0,0.000000,True,0,0.000000
LH_486,486,0.51209,data/raw/CAMELS_SIMBA_1000U/LH_486_hlist_0.51209.list,True,0,8698,8698,8698,8698,0.4646,True,True,0,0.000000,True,0,0.000000,True,0,0.000000
LH_486,486,0.75065,data/raw/CAMELS_SIMBA_1000U/LH_486_hlist_0.75065.list,True,0,8276,8276,8276,8276,0.4646,True,True,0,0.000000,True,0,0.000000,True,0,0.000000
LH_486,486,1.00000,data/raw/CAMELS_SIMBA_1000U/LH_486_hlist_1.00000.list,True,0,7967,7967,7967,7967,0.4646,True,True,0,0.000000,True,0,0.000000,True,0,0.000000
LH_487,487,0.20000,data/raw/CAMELS_SIMBA_1000U/LH_487_hlist_0.20000.list,True,0,2838,2838,2838,2838,0.193,True,True,0,0.000000,True,0,0.000000,True,0,0.000000
LH_487,487,0.25000,data/raw/CAMELS_SIMBA_1000U/LH_487_hlist_0.25000.list,True,0,4405,4405,4405,4405,0.193,True,True,0,0.000000,True,0,0.000000,True,0,0.000000
LH_487,487,0.51209,data/raw/CAMELS_SIMBA_1000U/LH_487_hlist_0.51209.list,True,0,5986,5986,5986,5986,0.193,True,True,0,0.000000,True,0,0.000000,True,0,0.000000
LH_487,487,0.75065,data/raw/CAMELS_SIMBA_1000U/LH_487_hlist_0.75065.list,True,0,5882,5882,5882,5882,0.193,True,True,0,0.000000,True,0,0.000000,True,0,0.000000
LH_487,487,1.00000,data/raw/CAMELS_SIMBA_1000U/LH_487_hlist_1.00000.list,True,0,6161,6161,6161,6161,0.193,True,True,0,0.000000,True,0,0.000000,True,0,0.000000
LH_488,488,0.20000,data/raw/CAMELS_SIMBA_1000U/LH_488_hlist_0.20000.list,True,0,5357,5357,5357,5357,0.2198,True,True,0,0.000000,True,0,0.000000,True,0,0.000000
LH_488,488,0.25000,data/raw/CAMELS_SIMBA_1000U/LH_488_hlist_0.25000.list,True,0,6244,6244,6244,6244,0.2198,True,True,0,0.000000,True,0,0.000000,True,0,0.000000
LH_488,488,0.51209,data/raw/CAMELS_SIMBA_1000U/LH_488_hlist_0.51209.list,True,0,6326,6326,6326,6326,0.2198,True,True,0,0.000000,True,0,0.000000,True,0,0.000000
LH_488,488,0.75065,data/raw/CAMELS_SIMBA_1000U/LH_488_hlist_0.75065.list,True,0,5742,5742,5742,5742,0.2198,True,True,0,0.000000,True,0,0.000000,True,0,0.000000
LH_488,488,1.00000,data/raw/CAMELS_SIMBA_1000U/LH_488_hlist_1.00000.list,True,0,5917,5917,5917,5917,0.2198,True,True,0,0.000000,True,0,0.000000,True,0,0.000000
LH_489,489,0.20000,data/raw/CAMELS_SIMBA_1000U/LH_489_hlist_0.20000.list,True,0,3665,3665,3665,3665,0.2126,True,True,0,0.000000,True,0,0.000000,True,0,0.000000
LH_489,489,0.25000,data/raw/CAMELS_SIMBA_1000U/LH_489_hlist_0.25000.list,True,0,5100,5100,5100,5100,0.2126,True,True,0,0.000000,True,0,0.000000,True,0,0.000000
LH_489,489,0.51209,data/raw/CAMELS_SIMBA_1000U/LH_489_hlist_0.51209.list,True,0,6229,6229,6229,6229,0.2126,True,True,0,0.000000,True,0,0.000000,True,0,0.000000
LH_489,489,0.75065,data/raw/CAMELS_SIMBA_1000U/LH_489_hlist_0.75065.list,True,0,5917,5917,5917,5917,0.2126,True,True,0,0.000000,True,0,0.000000,True,0,0.000000
LH_489,489,1.00000,data/raw/CAMELS_SIMBA_1000U/LH_489_hlist_1.00000.list,True,0,6209,6209,6209,6209,0.2126,True,True,0,0.000000,True,0,0.000000,True,0,0.000000
LH_490,490,0.20000,data/raw/CAMELS_SIMBA_1000U/LH_490_hlist_0.20000.list,True,0,4038,4038,4038,4038,0.1838,True,True,0,0.000000,True,0,0.000000,True,0,0.000000
LH_490,490,0.25000,data/raw/CAMELS_SIMBA_1000U/LH_490_hlist_0.25000.list,True,0,5273,5273,5273,5273,0.1838,True,True,0,0.000000,True,0,0.000000,True,0,0.000000
LH_490,490,0.51209,data/raw/CAMELS_SIMBA_1000U/LH_490_hlist_0.51209.list,True,0,6209,6209,6209,6209,0.1838,True,True,0,0.000000,True,0,0.000000,True,0,0.000000
LH_490,490,0.75065,data/raw/CAMELS_SIMBA_1000U/LH_490_hlist_0.75065.list,True,0,5940,5940,5940,5940,0.1838,True,True,0,0.000000,True,0,0.000000,True,0,0.000000
LH_490,490,1.00000,data/raw/CAMELS_SIMBA_1000U/LH_490_hlist_1.00000.list,True,0,6187,6187,6187,6187,0.1838,True,True,0,0.000000,True,0,0.000000,True,0,0.000000
LH_491,491,0.20000,data/raw/CAMELS_SIMBA_1000U/LH_491_hlist_0.20000.list,True,0,7993,7993,7993,7993,0.3594,True,True,0,0.000000,True,0,0.000000,True,0,0.000000
LH_491,491,0.25000,data/raw/CAMELS_SIMBA_1000U/LH_491_hlist_0.25000.list,True,0,8459,8459,8459,8459,0.3594,True,True,0,0.000000,True,0,0.000000,True,0,0.000000
LH_491,491,0.51209,data/raw/CAMELS_SIMBA_1000U/LH_491_hlist_0.51209.list,True,0,6860,6860,6860,6860,0.3594,True,True,0,0.000000,True,0,0.000000,True,0,0.000000
LH_491,491,0.75065,data/raw/CAMELS_SIMBA_1000U/LH_491_hlist_0.75065.list,True,0,5829,5829,5829,5829,0.3594,True,True,0,0.000000,True,0,0.000000,True,0,0.000000
LH_491,491,1.00000,data/raw/CAMELS_SIMBA_1000U/LH_491_hlist_1.00000.list,True,0,5671,5671,5671,5671,0.3594,True,True,0,0.000000,True,0,0.000000,True,0,0.000000
LH_492,492,0.20000,data/raw/CAMELS_SIMBA_1000U/LH_492_hlist_0.20000.list,True,0,361,361,361,361,0.113,True,False,639,0.639000,False,1139,0.759333,False,1639,0.819500
LH_492,492,0.25000,data/raw/CAMELS_SIMBA_1000U/LH_492_hlist_0.25000.list,True,0,1159,1159,1159,1159,0.113,True,True,0,0.000000,False,341,0.227333,False,841,0.420500
LH_492,492,0.51209,data/raw/CAMELS_SIMBA_1000U/LH_492_hlist_0.51209.list,True,0,3835,3835,3835,3835,0.113,True,True,0,0.000000,True,0,0.000000,True,0,0.000000
LH_492,492,0.75065,data/raw/CAMELS_SIMBA_1000U/LH_492_hlist_0.75065.list,True,0,4352,4352,4352,4352,0.113,True,True,0,0.000000,True,0,0.000000,True,0,0.000000
LH_492,492,1.00000,data/raw/CAMELS_SIMBA_1000U/LH_492_hlist_1.00000.list,True,0,4997,4997,4997,4997,0.113,True,True,0,0.000000,True,0,0.000000,True,0,0.000000
LH_493,493,0.20000,data/raw/CAMELS_SIMBA_1000U/LH_493_hlist_0.20000.list,True,0,2947,2947,2947,2947,0.3446,True,True,0,0.000000,True,0,0.000000,True,0,0.000000
LH_493,493,0.25000,data/raw/CAMELS_SIMBA_1000U/LH_493_hlist_0.25000.list,True,0,4715,4715,4715,4715,0.3446,True,True,0,0.000000,True,0,0.000000,True,0,0.000000
LH_493,493,0.51209,data/raw/CAMELS_SIMBA_1000U/LH_493_hlist_0.51209.list,True,0,7664,7664,7664,7664,0.3446,True,True,0,0.000000,True,0,0.000000,True,0,0.000000
LH_493,493,0.75065,data/raw/CAMELS_SIMBA_1000U/LH_493_hlist_0.75065.list,True,0,7293,7293,7293,7293,0.3446,True,True,0,0.000000,True,0,0.000000,True,0,0.000000
LH_493,493,1.00000,data/raw/CAMELS_SIMBA_1000U/LH_493_hlist_1.00000.list,True,0,7202,7202,7202,7202,0.3446,True,True,0,0.000000,True,0,0.000000,True,0,0.000000
LH_494,494,0.20000,data/raw/CAMELS_SIMBA_1000U/LH_494_hlist_0.20000.list,True,0,6799,6799,6799,6799,0.4286,True,True,0,0.000000,True,0,0.000000,True,0,0.000000
LH_494,494,0.25000,data/raw/CAMELS_SIMBA_1000U/LH_494_hlist_0.25000.list,True,0,8119,8119,8119,8119,0.4286,True,True,0,0.000000,True,0,0.000000,True,0,0.000000
LH_494,494,0.51209,data/raw/CAMELS_SIMBA_1000U/LH_494_hlist_0.51209.list,True,0,8098,8098,8098,8098,0.4286,True,True,0,0.000000,True,0,0.000000,True,0,0.000000
LH_494,494,0.75065,data/raw/CAMELS_SIMBA_1000U/LH_494_hlist_0.75065.list,True,0,6876,6876,6876,6876,0.4286,True,True,0,0.000000,True,0,0.000000,True,0,0.000000
LH_494,494,1.00000,data/raw/CAMELS_SIMBA_1000U/LH_494_hlist_1.00000.list,True,0,6495,6495,6495,6495,0.4286,True,True,0,0.000000,True,0,0.000000,True,0,0.000000
LH_495,495,0.20000,data/raw/CAMELS_SIMBA_1000U/LH_495_hlist_0.20000.list,True,0,3100,3100,3100,3100,0.2002,True,True,0,0.000000,True,0,0.000000,True,0,0.000000
LH_495,495,0.25000,data/raw/CAMELS_SIMBA_1000U/LH_495_hlist_0.25000.list,True,0,4571,4571,4571,4571,0.2002,True,True,0,0.000000,True,0,0.000000,True,0,0.000000
LH_495,495,0.51209,data/raw/CAMELS_SIMBA_1000U/LH_495_hlist_0.51209.list,True,0,6252,6252,6252,6252,0.2002,True,True,0,0.000000,True,0,0.000000,True,0,0.000000
LH_495,495,0.75065,data/raw/CAMELS_SIMBA_1000U/LH_495_hlist_0.75065.list,True,0,6053,6053,6053,6053,0.2002,True,True,0,0.000000,True,0,0.000000,True,0,0.000000
LH_495,495,1.00000,data/raw/CAMELS_SIMBA_1000U/LH_495_hlist_1.00000.list,True,0,6311,6311,6311,6311,0.2002,True,True,0,0.000000,True,0,0.000000,True,0,0.000000
LH_496,496,0.20000,data/raw/CAMELS_SIMBA_1000U/LH_496_hlist_0.20000.list,True,0,5498,5498,5498,5498,0.2762,True,True,0,0.000000,True,0,0.000000,True,0,0.000000
LH_496,496,0.25000,data/raw/CAMELS_SIMBA_1000U/LH_496_hlist_0.25000.list,True,0,6755,6755,6755,6755,0.2762,True,True,0,0.000000,True,0,0.000000,True,0,0.000000
LH_496,496,0.51209,data/raw/CAMELS_SIMBA_1000U/LH_496_hlist_0.51209.list,True,0,6819,6819,6819,6819,0.2762,True,True,0,0.000000,True,0,0.000000,True,0,0.000000
LH_496,496,0.75065,data/raw/CAMELS_SIMBA_1000U/LH_496_hlist_0.75065.list,True,0,6148,6148,6148,6148,0.2762,True,True,0,0.000000,True,0,0.000000,True,0,0.000000
LH_496,496,1.00000,data/raw/CAMELS_SIMBA_1000U/LH_496_hlist_1.00000.list,True,0,6186,6186,6186,6186,0.2762,True,True,0,0.000000,True,0,0.000000,True,0,0.000000
LH_497,497,0.20000,data/raw/CAMELS_SIMBA_1000U/LH_497_hlist_0.20000.list,True,0,4530,4530,4530,4530,0.277,True,True,0,0.000000,True,0,0.000000,True,0,0.000000
LH_497,497,0.25000,data/raw/CAMELS_SIMBA_1000U/LH_497_hlist_0.25000.list,True,0,5833,5833,5833,5833,0.277,True,True,0,0.000000,True,0,0.000000,True,0,0.000000
LH_497,497,0.51209,data/raw/CAMELS_SIMBA_1000U/LH_497_hlist_0.51209.list,True,0,7258,7258,7258,7258,0.277,True,True,0,0.000000,True,0,0.000000,True,0,0.000000
LH_497,497,0.75065,data/raw/CAMELS_SIMBA_1000U/LH_497_hlist_0.75065.list,True,0,6750,6750,6750,6750,0.277,True,True,0,0.000000,True,0,0.000000,True,0,0.000000
LH_497,497,1.00000,data/raw/CAMELS_SIMBA_1000U/LH_497_hlist_1.00000.list,True,0,6763,6763,6763,6763,0.277,True,True,0,0.000000,True,0,0.000000,True,0,0.000000
LH_498,498,0.20000,data/raw/CAMELS_SIMBA_1000U/LH_498_hlist_0.20000.list,True,0,4312,4312,4312,4312,0.2638,True,True,0,0.000000,True,0,0.000000,True,0,0.000000
LH_498,498,0.25000,data/raw/CAMELS_SIMBA_1000U/LH_498_hlist_0.25000.list,True,0,5778,5778,5778,5778,0.2638,True,True,0,0.000000,True,0,0.000000,True,0,0.000000
LH_498,498,0.51209,data/raw/CAMELS_SIMBA_1000U/LH_498_hlist_0.51209.list,True,0,7380,7380,7380,7380,0.2638,True,True,0,0.000000,True,0,0.000000,True,0,0.000000
LH_498,498,0.75065,data/raw/CAMELS_SIMBA_1000U/LH_498_hlist_0.75065.list,True,0,6932,6932,6932,6932,0.2638,True,True,0,0.000000,True,0,0.000000,True,0,0.000000
LH_498,498,1.00000,data/raw/CAMELS_SIMBA_1000U/LH_498_hlist_1.00000.list,True,0,7005,7005,7005,7005,0.2638,True,True,0,0.000000,True,0,0.000000,True,0,0.000000
LH_499,499,0.20000,data/raw/CAMELS_SIMBA_1000U/LH_499_hlist_0.20000.list,True,0,1788,1788,1788,1788,0.2382,True,True,0,0.000000,True,0,0.000000,False,212,0.106000
LH_499,499,0.25000,data/raw/CAMELS_SIMBA_1000U/LH_499_hlist_0.25000.list,True,0,3410,3410,3410,3410,0.2382,True,True,0,0.000000,True,0,0.000000,True,0,0.000000
LH_499,499,0.51209,data/raw/CAMELS_SIMBA_1000U/LH_499_hlist_0.51209.list,True,0,6723,6723,6723,6723,0.2382,True,True,0,0.000000,True,0,0.000000,True,0,0.000000
LH_499,499,0.75065,data/raw/CAMELS_SIMBA_1000U/LH_499_hlist_0.75065.list,True,0,6961,6961,6961,6961,0.2382,True,True,0,0.000000,True,0,0.000000,True,0,0.000000
LH_499,499,1.00000,data/raw/CAMELS_SIMBA_1000U/LH_499_hlist_1.00000.list,True,0,7371,7371,7371,7371,0.2382,True,True,0,0.000000,True,0,0.000000,True,0,0.000000
LH_500,500,0.20000,data/raw/CAMELS_SIMBA_1000U/LH_500_hlist_0.20000.list,True,0,422,422,422,422,0.1366,True,False,578,0.578000,False,1078,0.718667,False,1578,0.789000
LH_500,500,0.25000,data/raw/CAMELS_SIMBA_1000U/LH_500_hlist_0.25000.list,True,0,1094,1094,1094,1094,0.1366,True,True,0,0.000000,False,406,0.270667,False,906,0.453000
LH_500,500,0.51209,data/raw/CAMELS_SIMBA_1000U/LH_500_hlist_0.51209.list,True,0,4624,4624,4624,4624,0.1366,True,True,0,0.000000,True,0,0.000000,True,0,0.000000
LH_500,500,0.75065,data/raw/CAMELS_SIMBA_1000U/LH_500_hlist_0.75065.list,True,0,5315,5315,5315,5315,0.1366,True,True,0,0.000000,True,0,0.000000,True,0,0.000000
LH_500,500,1.00000,data/raw/CAMELS_SIMBA_1000U/LH_500_hlist_1.00000.list,True,0,6016,6016,6016,6016,0.1366,True,True,0,0.000000,True,0,0.000000,True,0,0.000000
LH_501,501,0.20000,data/raw/CAMELS_SIMBA_1000U/LH_501_hlist_0.20000.list,True,0,3180,3180,3180,3180,0.2694,True,True,0,0.000000,True,0,0.000000,True,0,0.000000
LH_501,501,0.25000,data/raw/CAMELS_SIMBA_1000U/LH_501_hlist_0.25000.list,True,0,4634,4634,4634,4634,0.2694,True,True,0,0.000000,True,0,0.000000,True,0,0.000000
LH_501,501,0.51209,data/raw/CAMELS_SIMBA_1000U/LH_501_hlist_0.51209.list,True,0,7682,7682,7682,7682,0.2694,True,True,0,0.000000,True,0,0.000000,True,0,0.000000
LH_501,501,0.75065,data/raw/CAMELS_SIMBA_1000U/LH_501_hlist_0.75065.list,True,0,7647,7647,7647,7647,0.2694,True,True,0,0.000000,True,0,0.000000,True,0,0.000000
LH_501,501,1.00000,data/raw/CAMELS_SIMBA_1000U/LH_501_hlist_1.00000.list,True,0,7755,7755,7755,7755,0.2694,True,True,0,0.000000,True,0,0.000000,True,0,0.000000
LH_502,502,0.20000,data/raw/CAMELS_SIMBA_1000U/LH_502_hlist_0.20000.list,True,0,5140,5140,5140,5140,0.3966,True,True,0,0.000000,True,0,0.000000,True,0,0.000000
LH_502,502,0.25000,data/raw/CAMELS_SIMBA_1000U/LH_502_hlist_0.25000.list,True,0,6703,6703,6703,6703,0.3966,True,True,0,0.000000,True,0,0.000000,True,0,0.000000
LH_502,502,0.51209,data/raw/CAMELS_SIMBA_1000U/LH_502_hlist_0.51209.list,True,0,8284,8284,8284,8284,0.3966,True,True,0,0.000000,True,0,0.000000,True,0,0.000000
LH_502,502,0.75065,data/raw/CAMELS_SIMBA_1000U/LH_502_hlist_0.75065.list,True,0,7384,7384,7384,7384,0.3966,True,True,0,0.000000,True,0,0.000000,True,0,0.000000
LH_502,502,1.00000,data/raw/CAMELS_SIMBA_1000U/LH_502_hlist_1.00000.list,True,0,7194,7194,7194,7194,0.3966,True,True,0,0.000000,True,0,0.000000,True,0,0.000000
LH_503,503,0.20000,data/raw/CAMELS_SIMBA_1000U/LH_503_hlist_0.20000.list,True,0,6484,6484,6484,6484,0.3698,True,True,0,0.000000,True,0,0.000000,True,0,0.000000
LH_503,503,0.25000,data/raw/CAMELS_SIMBA_1000U/LH_503_hlist_0.25000.list,True,0,7623,7623,7623,7623,0.3698,True,True,0,0.000000,True,0,0.000000,True,0,0.000000
LH_503,503,0.51209,data/raw/CAMELS_SIMBA_1000U/LH_503_hlist_0.51209.list,True,0,7472,7472,7472,7472,0.3698,True,True,0,0.000000,True,0,0.000000,True,0,0.000000
LH_503,503,0.75065,data/raw/CAMELS_SIMBA_1000U/LH_503_hlist_0.75065.list,True,0,6496,6496,6496,6496,0.3698,True,True,0,0.000000,True,0,0.000000,True,0,0.000000
LH_503,503,1.00000,data/raw/CAMELS_SIMBA_1000U/LH_503_hlist_1.00000.list,True,0,6341,6341,6341,6341,0.3698,True,True,0,0.000000,True,0,0.000000,True,0,0.000000
LH_504,504,0.20000,data/raw/CAMELS_SIMBA_1000U/LH_504_hlist_0.20000.list,True,0,6482,6482,6482,6482,0.4062,True,True,0,0.000000,True,0,0.000000,True,0,0.000000
LH_504,504,0.25000,data/raw/CAMELS_SIMBA_1000U/LH_504_hlist_0.25000.list,True,0,7497,7497,7497,7497,0.4062,True,True,0,0.000000,True,0,0.000000,True,0,0.000000
LH_504,504,0.51209,data/raw/CAMELS_SIMBA_1000U/LH_504_hlist_0.51209.list,True,0,8019,8019,8019,8019,0.4062,True,True,0,0.000000,True,0,0.000000,True,0,0.000000
LH_504,504,0.75065,data/raw/CAMELS_SIMBA_1000U/LH_504_hlist_0.75065.list,True,0,6960,6960,6960,6960,0.4062,True,True,0,0.000000,True,0,0.000000,True,0,0.000000
LH_504,504,1.00000,data/raw/CAMELS_SIMBA_1000U/LH_504_hlist_1.00000.list,True,0,6660,6660,6660,6660,0.4062,True,True,0,0.000000,True,0,0.000000,True,0,0.000000
LH_505,505,0.20000,data/raw/CAMELS_SIMBA_1000U/LH_505_hlist_0.20000.list,True,0,6828,6828,6828,6828,0.3122,True,True,0,0.000000,True,0,0.000000,True,0,0.000000
LH_505,505,0.25000,data/raw/CAMELS_SIMBA_1000U/LH_505_hlist_0.25000.list,True,0,7563,7563,7563,7563,0.3122,True,True,0,0.000000,True,0,0.000000,True,0,0.000000
LH_505,505,0.51209,data/raw/CAMELS_SIMBA_1000U/LH_505_hlist_0.51209.list,True,0,6978,6978,6978,6978,0.3122,True,True,0,0.000000,True,0,0.000000,True,0,0.000000
LH_505,505,0.75065,data/raw/CAMELS_SIMBA_1000U/LH_505_hlist_0.75065.list,True,0,6181,6181,6181,6181,0.3122,True,True,0,0.000000,True,0,0.000000,True,0,0.000000
LH_505,505,1.00000,data/raw/CAMELS_SIMBA_1000U/LH_505_hlist_1.00000.list,True,0,6220,6220,6220,6220,0.3122,True,True,0,0.000000,True,0,0.000000,True,0,0.000000
LH_506,506,0.20000,data/raw/CAMELS_SIMBA_1000U/LH_506_hlist_0.20000.list,True,0,6542,6542,6542,6542,0.3294,True,True,0,0.000000,True,0,0.000000,True,0,0.000000
LH_506,506,0.25000,data/raw/CAMELS_SIMBA_1000U/LH_506_hlist_0.25000.list,True,0,7433,7433,7433,7433,0.3294,True,True,0,0.000000,True,0,0.000000,True,0,0.000000
LH_506,506,0.51209,data/raw/CAMELS_SIMBA_1000U/LH_506_hlist_0.51209.list,True,0,6914,6914,6914,6914,0.3294,True,True,0,0.000000,True,0,0.000000,True,0,0.000000
LH_506,506,0.75065,data/raw/CAMELS_SIMBA_1000U/LH_506_hlist_0.75065.list,True,0,5950,5950,5950,5950,0.3294,True,True,0,0.000000,True,0,0.000000,True,0,0.000000
LH_506,506,1.00000,data/raw/CAMELS_SIMBA_1000U/LH_506_hlist_1.00000.list,True,0,5919,5919,5919,5919,0.3294,True,True,0,0.000000,True,0,0.000000,True,0,0.000000
LH_507,507,0.20000,data/raw/CAMELS_SIMBA_1000U/LH_507_hlist_0.20000.list,True,0,7441,7441,7441,7441,0.3662,True,True,0,0.000000,True,0,0.000000,True,0,0.000000
LH_507,507,0.25000,data/raw/CAMELS_SIMBA_1000U/LH_507_hlist_0.25000.list,True,0,8127,8127,8127,8127,0.3662,True,True,0,0.000000,True,0,0.000000,True,0,0.000000
LH_507,507,0.51209,data/raw/CAMELS_SIMBA_1000U/LH_507_hlist_0.51209.list,True,0,7284,7284,7284,7284,0.3662,True,True,0,0.000000,True,0,0.000000,True,0,0.000000
LH_507,507,0.75065,data/raw/CAMELS_SIMBA_1000U/LH_507_hlist_0.75065.list,True,0,6187,6187,6187,6187,0.3662,True,True,0,0.000000,True,0,0.000000,True,0,0.000000
LH_507,507,1.00000,data/raw/CAMELS_SIMBA_1000U/LH_507_hlist_1.00000.list,True,0,6077,6077,6077,6077,0.3662,True,True,0,0.000000,True,0,0.000000,True,0,0.000000
LH_508,508,0.20000,data/raw/CAMELS_SIMBA_1000U/LH_508_hlist_0.20000.list,True,0,3515,3515,3515,3515,0.1822,True,True,0,0.000000,True,0,0.000000,True,0,0.000000
LH_508,508,0.25000,data/raw/CAMELS_SIMBA_1000U/LH_508_hlist_0.25000.list,True,0,4848,4848,4848,4848,0.1822,True,True,0,0.000000,True,0,0.000000,True,0,0.000000
LH_508,508,0.51209,data/raw/CAMELS_SIMBA_1000U/LH_508_hlist_0.51209.list,True,0,6517,6517,6517,6517,0.1822,True,True,0,0.000000,True,0,0.000000,True,0,0.000000
LH_508,508,0.75065,data/raw/CAMELS_SIMBA_1000U/LH_508_hlist_0.75065.list,True,0,6458,6458,6458,6458,0.1822,True,True,0,0.000000,True,0,0.000000,True,0,0.000000
LH_508,508,1.00000,data/raw/CAMELS_SIMBA_1000U/LH_508_hlist_1.00000.list,True,0,6863,6863,6863,6863,0.1822,True,True,0,0.000000,True,0,0.000000,True,0,0.000000
LH_509,509,0.20000,data/raw/CAMELS_SIMBA_1000U/LH_509_hlist_0.20000.list,True,0,6381,6381,6381,6381,0.477,True,True,0,0.000000,True,0,0.000000,True,0,0.000000
LH_509,509,0.25000,data/raw/CAMELS_SIMBA_1000U/LH_509_hlist_0.25000.list,True,0,7595,7595,7595,7595,0.477,True,True,0,0.000000,True,0,0.000000,True,0,0.000000
LH_509,509,0.51209,data/raw/CAMELS_SIMBA_1000U/LH_509_hlist_0.51209.list,True,0,8387,8387,8387,8387,0.477,True,True,0,0.000000,True,0,0.000000,True,0,0.000000
LH_509,509,0.75065,data/raw/CAMELS_SIMBA_1000U/LH_509_hlist_0.75065.list,True,0,7357,7357,7357,7357,0.477,True,True,0,0.000000,True,0,0.000000,True,0,0.000000
LH_509,509,1.00000,data/raw/CAMELS_SIMBA_1000U/LH_509_hlist_1.00000.list,True,0,6858,6858,6858,6858,0.477,True,True,0,0.000000,True,0,0.000000,True,0,0.000000
LH_510,510,0.20000,data/raw/CAMELS_SIMBA_1000U/LH_510_hlist_0.20000.list,True,0,5276,5276,5276,5276,0.4394,True,True,0,0.000000,True,0,0.000000,True,0,0.000000
LH_510,510,0.25000,data/raw/CAMELS_SIMBA_1000U/LH_510_hlist_0.25000.list,True,0,6862,6862,6862,6862,0.4394,True,True,0,0.000000,True,0,0.000000,True,0,0.000000
LH_510,510,0.51209,data/raw/CAMELS_SIMBA_1000U/LH_510_hlist_0.51209.list,True,0,8870,8870,8870,8870,0.4394,True,True,0,0.000000,True,0,0.000000,True,0,0.000000
LH_510,510,0.75065,data/raw/CAMELS_SIMBA_1000U/LH_510_hlist_0.75065.list,True,0,7912,7912,7912,7912,0.4394,True,True,0,0.000000,True,0,0.000000,True,0,0.000000
LH_510,510,1.00000,data/raw/CAMELS_SIMBA_1000U/LH_510_hlist_1.00000.list,True,0,7472,7472,7472,7472,0.4394,True,True,0,0.000000,True,0,0.000000,True,0,0.000000
LH_511,511,0.20000,data/raw/CAMELS_SIMBA_1000U/LH_511_hlist_0.20000.list,True,0,1238,1238,1238,1238,0.1806,True,True,0,0.000000,False,262,0.174667,False,762,0.381000
LH_511,511,0.25000,data/raw/CAMELS_SIMBA_1000U/LH_511_hlist_0.25000.list,True,0,2495,2495,2495,2495,0.1806,True,True,0,0.000000,True,0,0.000000,True,0,0.000000
LH_511,511,0.51209,data/raw/CAMELS_SIMBA_1000U/LH_511_hlist_0.51209.list,True,0,5900,5900,5900,5900,0.1806,True,True,0,0.000000,True,0,0.000000,True,0,0.000000
LH_511,511,0.75065,data/raw/CAMELS_SIMBA_1000U/LH_511_hlist_0.75065.list,True,0,5951,5951,5951,5951,0.1806,True,True,0,0.000000,True,0,0.000000,True,0,0.000000
LH_511,511,1.00000,data/raw/CAMELS_SIMBA_1000U/LH_511_hlist_1.00000.list,True,0,6413,6413,6413,6413,0.1806,True,True,0,0.000000,True,0,0.000000,True,0,0.000000
LH_512,512,0.20000,data/raw/CAMELS_SIMBA_1000U/LH_512_hlist_0.20000.list,True,0,8370,8370,8370,8370,0.4206,True,True,0,0.000000,True,0,0.000000,True,0,0.000000
LH_512,512,0.25000,data/raw/CAMELS_SIMBA_1000U/LH_512_hlist_0.25000.list,True,0,8927,8927,8927,8927,0.4206,True,True,0,0.000000,True,0,0.000000,True,0,0.000000
LH_512,512,0.51209,data/raw/CAMELS_SIMBA_1000U/LH_512_hlist_0.51209.list,True,0,7402,7402,7402,7402,0.4206,True,True,0,0.000000,True,0,0.000000,True,0,0.000000
LH_512,512,0.75065,data/raw/CAMELS_SIMBA_1000U/LH_512_hlist_0.75065.list,True,0,5970,5970,5970,5970,0.4206,True,True,0,0.000000,True,0,0.000000,True,0,0.000000
LH_512,512,1.00000,data/raw/CAMELS_SIMBA_1000U/LH_512_hlist_1.00000.list,True,0,5745,5745,5745,5745,0.4206,True,True,0,0.000000,True,0,0.000000,True,0,0.000000
LH_513,513,0.20000,data/raw/CAMELS_SIMBA_1000U/LH_513_hlist_0.20000.list,True,0,4781,4781,4781,4781,0.203,True,True,0,0.000000,True,0,0.000000,True,0,0.000000
LH_513,513,0.25000,data/raw/CAMELS_SIMBA_1000U/LH_513_hlist_0.25000.list,True,0,5729,5729,5729,5729,0.203,True,True,0,0.000000,True,0,0.000000,True,0,0.000000
LH_513,513,0.51209,data/raw/CAMELS_SIMBA_1000U/LH_513_hlist_0.51209.list,True,0,6467,6467,6467,6467,0.203,True,True,0,0.000000,True,0,0.000000,True,0,0.000000
LH_513,513,0.75065,data/raw/CAMELS_SIMBA_1000U/LH_513_hlist_0.75065.list,True,0,6028,6028,6028,6028,0.203,True,True,0,0.000000,True,0,0.000000,True,0,0.000000
LH_513,513,1.00000,data/raw/CAMELS_SIMBA_1000U/LH_513_hlist_1.00000.list,True,0,6320,6320,6320,6320,0.203,True,True,0,0.000000,True,0,0.000000,True,0,0.000000
LH_514,514,0.20000,data/raw/CAMELS_SIMBA_1000U/LH_514_hlist_0.20000.list,True,0,5541,5541,5541,5541,0.4146,True,True,0,0.000000,True,0,0.000000,True,0,0.000000
LH_514,514,0.25000,data/raw/CAMELS_SIMBA_1000U/LH_514_hlist_0.25000.list,True,0,6918,6918,6918,6918,0.4146,True,True,0,0.000000,True,0,0.000000,True,0,0.000000
LH_514,514,0.51209,data/raw/CAMELS_SIMBA_1000U/LH_514_hlist_0.51209.list,True,0,8116,8116,8116,8116,0.4146,True,True,0,0.000000,True,0,0.000000,True,0,0.000000
LH_514,514,0.75065,data/raw/CAMELS_SIMBA_1000U/LH_514_hlist_0.75065.list,True,0,7229,7229,7229,7229,0.4146,True,True,0,0.000000,True,0,0.000000,True,0,0.000000
LH_514,514,1.00000,data/raw/CAMELS_SIMBA_1000U/LH_514_hlist_1.00000.list,True,0,6912,6912,6912,6912,0.4146,True,True,0,0.000000,True,0,0.000000,True,0,0.000000
LH_515,515,0.20000,data/raw/CAMELS_SIMBA_1000U/LH_515_hlist_0.20000.list,True,0,8557,8557,8557,8557,0.431,True,True,0,0.000000,True,0,0.000000,True,0,0.000000
LH_515,515,0.25000,data/raw/CAMELS_SIMBA_1000U/LH_515_hlist_0.25000.list,True,0,8942,8942,8942,8942,0.431,True,True,0,0.000000,True,0,0.000000,True,0,0.000000
LH_515,515,0.51209,data/raw/CAMELS_SIMBA_1000U/LH_515_hlist_0.51209.list,True,0,6839,6839,6839,6839,0.431,True,True,0,0.000000,True,0,0.000000,True,0,0.000000
LH_515,515,0.75065,data/raw/CAMELS_SIMBA_1000U/LH_515_hlist_0.75065.list,True,0,5614,5614,5614,5614,0.431,True,True,0,0.000000,True,0,0.000000,True,0,0.000000
LH_515,515,1.00000,data/raw/CAMELS_SIMBA_1000U/LH_515_hlist_1.00000.list,True,0,5275,5275,5275,5275,0.431,True,True,0,0.000000,True,0,0.000000,True,0,0.000000
LH_516,516,0.20000,data/raw/CAMELS_SIMBA_1000U/LH_516_hlist_0.20000.list,True,0,5713,5713,5713,5713,0.2306,True,True,0,0.000000,True,0,0.000000,True,0,0.000000
LH_516,516,0.25000,data/raw/CAMELS_SIMBA_1000U/LH_516_hlist_0.25000.list,True,0,6640,6640,6640,6640,0.2306,True,True,0,0.000000,True,0,0.000000,True,0,0.000000
LH_516,516,0.51209,data/raw/CAMELS_SIMBA_1000U/LH_516_hlist_0.51209.list,True,0,6420,6420,6420,6420,0.2306,True,True,0,0.000000,True,0,0.000000,True,0,0.000000
LH_516,516,0.75065,data/raw/CAMELS_SIMBA_1000U/LH_516_hlist_0.75065.list,True,0,5755,5755,5755,5755,0.2306,True,True,0,0.000000,True,0,0.000000,True,0,0.000000
LH_516,516,1.00000,data/raw/CAMELS_SIMBA_1000U/LH_516_hlist_1.00000.list,True,0,5911,5911,5911,5911,0.2306,True,True,0,0.000000,True,0,0.000000,True,0,0.000000
LH_517,517,0.20000,data/raw/CAMELS_SIMBA_1000U/LH_517_hlist_0.20000.list,True,0,3531,3531,3531,3531,0.3762,True,True,0,0.000000,True,0,0.000000,True,0,0.000000
LH_517,517,0.25000,data/raw/CAMELS_SIMBA_1000U/LH_517_hlist_0.25000.list,True,0,5118,5118,5118,5118,0.3762,True,True,0,0.000000,True,0,0.000000,True,0,0.000000
LH_517,517,0.51209,data/raw/CAMELS_SIMBA_1000U/LH_517_hlist_0.51209.list,True,0,8100,8100,8100,8100,0.3762,True,True,0,0.000000,True,0,0.000000,True,0,0.000000
LH_517,517,0.75065,data/raw/CAMELS_SIMBA_1000U/LH_517_hlist_0.75065.list,True,0,7653,7653,7653,7653,0.3762,True,True,0,0.000000,True,0,0.000000,True,0,0.000000
LH_517,517,1.00000,data/raw/CAMELS_SIMBA_1000U/LH_517_hlist_1.00000.list,True,0,7752,7752,7752,7752,0.3762,True,True,0,0.000000,True,0,0.000000,True,0,0.000000
LH_518,518,0.20000,data/raw/CAMELS_SIMBA_1000U/LH_518_hlist_0.20000.list,True,0,3388,3388,3388,3388,0.3766,True,True,0,0.000000,True,0,0.000000,True,0,0.000000
LH_518,518,0.25000,data/raw/CAMELS_SIMBA_1000U/LH_518_hlist_0.25000.list,True,0,5104,5104,5104,5104,0.3766,True,True,0,0.000000,True,0,0.000000,True,0,0.000000
LH_518,518,0.51209,data/raw/CAMELS_SIMBA_1000U/LH_518_hlist_0.51209.list,True,0,8083,8083,8083,8083,0.3766,True,True,0,0.000000,True,0,0.000000,True,0,0.000000
LH_518,518,0.75065,data/raw/CAMELS_SIMBA_1000U/LH_518_hlist_0.75065.list,True,0,7643,7643,7643,7643,0.3766,True,True,0,0.000000,True,0,0.000000,True,0,0.000000
LH_518,518,1.00000,data/raw/CAMELS_SIMBA_1000U/LH_518_hlist_1.00000.list,True,0,7532,7532,7532,7532,0.3766,True,True,0,0.000000,True,0,0.000000,True,0,0.000000
LH_519,519,0.20000,data/raw/CAMELS_SIMBA_1000U/LH_519_hlist_0.20000.list,True,0,5974,5974,5974,5974,0.411,True,True,0,0.000000,True,0,0.000000,True,0,0.000000
LH_519,519,0.25000,data/raw/CAMELS_SIMBA_1000U/LH_519_hlist_0.25000.list,True,0,7319,7319,7319,7319,0.411,True,True,0,0.000000,True,0,0.000000,True,0,0.000000
LH_519,519,0.51209,data/raw/CAMELS_SIMBA_1000U/LH_519_hlist_0.51209.list,True,0,8228,8228,8228,8228,0.411,True,True,0,0.000000,True,0,0.000000,True,0,0.000000
LH_519,519,0.75065,data/raw/CAMELS_SIMBA_1000U/LH_519_hlist_0.75065.list,True,0,7058,7058,7058,7058,0.411,True,True,0,0.000000,True,0,0.000000,True,0,0.000000
LH_519,519,1.00000,data/raw/CAMELS_SIMBA_1000U/LH_519_hlist_1.00000.list,True,0,6608,6608,6608,6608,0.411,True,True,0,0.000000,True,0,0.000000,True,0,0.000000
LH_520,520,0.20000,data/raw/CAMELS_SIMBA_1000U/LH_520_hlist_0.20000.list,True,0,4605,4605,4605,4605,0.309,True,True,0,0.000000,True,0,0.000000,True,0,0.000000
LH_520,520,0.25000,data/raw/CAMELS_SIMBA_1000U/LH_520_hlist_0.25000.list,True,0,5960,5960,5960,5960,0.309,True,True,0,0.000000,True,0,0.000000,True,0,0.000000
LH_520,520,0.51209,data/raw/CAMELS_SIMBA_1000U/LH_520_hlist_0.51209.list,True,0,7668,7668,7668,7668,0.309,True,True,0,0.000000,True,0,0.000000,True,0,0.000000
LH_520,520,0.75065,data/raw/CAMELS_SIMBA_1000U/LH_520_hlist_0.75065.list,True,0,7231,7231,7231,7231,0.309,True,True,0,0.000000,True,0,0.000000,True,0,0.000000
LH_520,520,1.00000,data/raw/CAMELS_SIMBA_1000U/LH_520_hlist_1.00000.list,True,0,7239,7239,7239,7239,0.309,True,True,0,0.000000,True,0,0.000000,True,0,0.000000
LH_521,521,0.20000,data/raw/CAMELS_SIMBA_1000U/LH_521_hlist_0.20000.list,True,0,5690,5690,5690,5690,0.2718,True,True,0,0.000000,True,0,0.000000,True,0,0.000000
LH_521,521,0.25000,data/raw/CAMELS_SIMBA_1000U/LH_521_hlist_0.25000.list,True,0,6636,6636,6636,6636,0.2718,True,True,0,0.000000,True,0,0.000000,True,0,0.000000
LH_521,521,0.51209,data/raw/CAMELS_SIMBA_1000U/LH_521_hlist_0.51209.list,True,0,6687,6687,6687,6687,0.2718,True,True,0,0.000000,True,0,0.000000,True,0,0.000000
LH_521,521,0.75065,data/raw/CAMELS_SIMBA_1000U/LH_521_hlist_0.75065.list,True,0,6209,6209,6209,6209,0.2718,True,True,0,0.000000,True,0,0.000000,True,0,0.000000
LH_521,521,1.00000,data/raw/CAMELS_SIMBA_1000U/LH_521_hlist_1.00000.list,True,0,6288,6288,6288,6288,0.2718,True,True,0,0.000000,True,0,0.000000,True,0,0.000000
LH_522,522,0.20000,data/raw/CAMELS_SIMBA_1000U/LH_522_hlist_0.20000.list,True,0,235,235,235,235,0.1014,True,False,765,0.765000,False,1265,0.843333,False,1765,0.882500
LH_522,522,0.25000,data/raw/CAMELS_SIMBA_1000U/LH_522_hlist_0.25000.list,True,0,928,928,928,928,0.1014,True,False,72,0.072000,False,572,0.381333,False,1072,0.536000
LH_522,522,0.51209,data/raw/CAMELS_SIMBA_1000U/LH_522_hlist_0.51209.list,True,0,3412,3412,3412,3412,0.1014,True,True,0,0.000000,True,0,0.000000,True,0,0.000000
LH_522,522,0.75065,data/raw/CAMELS_SIMBA_1000U/LH_522_hlist_0.75065.list,True,0,4151,4151,4151,4151,0.1014,True,True,0,0.000000,True,0,0.000000,True,0,0.000000
LH_522,522,1.00000,data/raw/CAMELS_SIMBA_1000U/LH_522_hlist_1.00000.list,True,0,4891,4891,4891,4891,0.1014,True,True,0,0.000000,True,0,0.000000,True,0,0.000000
LH_523,523,0.20000,data/raw/CAMELS_SIMBA_1000U/LH_523_hlist_0.20000.list,True,0,6777,6777,6777,6777,0.3094,True,True,0,0.000000,True,0,0.000000,True,0,0.000000
LH_523,523,0.25000,data/raw/CAMELS_SIMBA_1000U/LH_523_hlist_0.25000.list,True,0,7502,7502,7502,7502,0.3094,True,True,0,0.000000,True,0,0.000000,True,0,0.000000
LH_523,523,0.51209,data/raw/CAMELS_SIMBA_1000U/LH_523_hlist_0.51209.list,True,0,7144,7144,7144,7144,0.3094,True,True,0,0.000000,True,0,0.000000,True,0,0.000000
LH_523,523,0.75065,data/raw/CAMELS_SIMBA_1000U/LH_523_hlist_0.75065.list,True,0,6070,6070,6070,6070,0.3094,True,True,0,0.000000,True,0,0.000000,True,0,0.000000
LH_523,523,1.00000,data/raw/CAMELS_SIMBA_1000U/LH_523_hlist_1.00000.list,True,0,6203,6203,6203,6203,0.3094,True,True,0,0.000000,True,0,0.000000,True,0,0.000000
LH_524,524,0.20000,data/raw/CAMELS_SIMBA_1000U/LH_524_hlist_0.20000.list,True,0,6802,6802,6802,6802,0.319,True,True,0,0.000000,True,0,0.000000,True,0,0.000000
LH_524,524,0.25000,data/raw/CAMELS_SIMBA_1000U/LH_524_hlist_0.25000.list,True,0,7711,7711,7711,7711,0.319,True,True,0,0.000000,True,0,0.000000,True,0,0.000000
LH_524,524,0.51209,data/raw/CAMELS_SIMBA_1000U/LH_524_hlist_0.51209.list,True,0,7401,7401,7401,7401,0.319,True,True,0,0.000000,True,0,0.000000,True,0,0.000000
LH_524,524,0.75065,data/raw/CAMELS_SIMBA_1000U/LH_524_hlist_0.75065.list,True,0,6368,6368,6368,6368,0.319,True,True,0,0.000000,True,0,0.000000,True,0,0.000000
LH_524,524,1.00000,data/raw/CAMELS_SIMBA_1000U/LH_524_hlist_1.00000.list,True,0,6414,6414,6414,6414,0.319,True,True,0,0.000000,True,0,0.000000,True,0,0.000000
LH_525,525,0.20000,data/raw/CAMELS_SIMBA_1000U/LH_525_hlist_0.20000.list,True,0,4835,4835,4835,4835,0.3654,True,True,0,0.000000,True,0,0.000000,True,0,0.000000
LH_525,525,0.25000,data/raw/CAMELS_SIMBA_1000U/LH_525_hlist_0.25000.list,True,0,6307,6307,6307,6307,0.3654,True,True,0,0.000000,True,0,0.000000,True,0,0.000000
LH_525,525,0.51209,data/raw/CAMELS_SIMBA_1000U/LH_525_hlist_0.51209.list,True,0,7751,7751,7751,7751,0.3654,True,True,0,0.000000,True,0,0.000000,True,0,0.000000
LH_525,525,0.75065,data/raw/CAMELS_SIMBA_1000U/LH_525_hlist_0.75065.list,True,0,6959,6959,6959,6959,0.3654,True,True,0,0.000000,True,0,0.000000,True,0,0.000000
LH_525,525,1.00000,data/raw/CAMELS_SIMBA_1000U/LH_525_hlist_1.00000.list,True,0,6796,6796,6796,6796,0.3654,True,True,0,0.000000,True,0,0.000000,True,0,0.000000
LH_526,526,0.20000,data/raw/CAMELS_SIMBA_1000U/LH_526_hlist_0.20000.list,True,0,2389,2389,2389,2389,0.1934,True,True,0,0.000000,True,0,0.000000,True,0,0.000000
LH_526,526,0.25000,data/raw/CAMELS_SIMBA_1000U/LH_526_hlist_0.25000.list,True,0,3735,3735,3735,3735,0.1934,True,True,0,0.000000,True,0,0.000000,True,0,0.000000
LH_526,526,0.51209,data/raw/CAMELS_SIMBA_1000U/LH_526_hlist_0.51209.list,True,0,6397,6397,6397,6397,0.1934,True,True,0,0.000000,True,0,0.000000,True,0,0.000000
LH_526,526,0.75065,data/raw/CAMELS_SIMBA_1000U/LH_526_hlist_0.75065.list,True,0,6541,6541,6541,6541,0.1934,True,True,0,0.000000,True,0,0.000000,True,0,0.000000
LH_526,526,1.00000,data/raw/CAMELS_SIMBA_1000U/LH_526_hlist_1.00000.list,True,0,6870,6870,6870,6870,0.1934,True,True,0,0.000000,True,0,0.000000,True,0,0.000000
LH_527,527,0.20000,data/raw/CAMELS_SIMBA_1000U/LH_527_hlist_0.20000.list,True,0,7813,7813,7813,7813,0.3854,True,True,0,0.000000,True,0,0.000000,True,0,0.000000
LH_527,527,0.25000,data/raw/CAMELS_SIMBA_1000U/LH_527_hlist_0.25000.list,True,0,8577,8577,8577,8577,0.3854,True,True,0,0.000000,True,0,0.000000,True,0,0.000000
LH_527,527,0.51209,data/raw/CAMELS_SIMBA_1000U/LH_527_hlist_0.51209.list,True,0,7401,7401,7401,7401,0.3854,True,True,0,0.000000,True,0,0.000000,True,0,0.000000
LH_527,527,0.75065,data/raw/CAMELS_SIMBA_1000U/LH_527_hlist_0.75065.list,True,0,6035,6035,6035,6035,0.3854,True,True,0,0.000000,True,0,0.000000,True,0,0.000000
LH_527,527,1.00000,data/raw/CAMELS_SIMBA_1000U/LH_527_hlist_1.00000.list,True,0,5849,5849,5849,5849,0.3854,True,True,0,0.000000,True,0,0.000000,True,0,0.000000
LH_528,528,0.20000,data/raw/CAMELS_SIMBA_1000U/LH_528_hlist_0.20000.list,True,0,4381,4381,4381,4381,0.1766,True,True,0,0.000000,True,0,0.000000,True,0,0.000000
LH_528,528,0.25000,data/raw/CAMELS_SIMBA_1000U/LH_528_hlist_0.25000.list,True,0,5600,5600,5600,5600,0.1766,True,True,0,0.000000,True,0,0.000000,True,0,0.000000
LH_528,528,0.51209,data/raw/CAMELS_SIMBA_1000U/LH_528_hlist_0.51209.list,True,0,6290,6290,6290,6290,0.1766,True,True,0,0.000000,True,0,0.000000,True,0,0.000000
LH_528,528,0.75065,data/raw/CAMELS_SIMBA_1000U/LH_528_hlist_0.75065.list,True,0,5946,5946,5946,5946,0.1766,True,True,0,0.000000,True,0,0.000000,True,0,0.000000
LH_528,528,1.00000,data/raw/CAMELS_SIMBA_1000U/LH_528_hlist_1.00000.list,True,0,6093,6093,6093,6093,0.1766,True,True,0,0.000000,True,0,0.000000,True,0,0.000000
LH_529,529,0.20000,data/raw/CAMELS_SIMBA_1000U/LH_529_hlist_0.20000.list,True,0,7778,7778,7778,7778,0.4854,True,True,0,0.000000,True,0,0.000000,True,0,0.000000
LH_529,529,0.25000,data/raw/CAMELS_SIMBA_1000U/LH_529_hlist_0.25000.list,True,0,8635,8635,8635,8635,0.4854,True,True,0,0.000000,True,0,0.000000,True,0,0.000000
LH_529,529,0.51209,data/raw/CAMELS_SIMBA_1000U/LH_529_hlist_0.51209.list,True,0,7900,7900,7900,7900,0.4854,True,True,0,0.000000,True,0,0.000000,True,0,0.000000
LH_529,529,0.75065,data/raw/CAMELS_SIMBA_1000U/LH_529_hlist_0.75065.list,True,0,6818,6818,6818,6818,0.4854,True,True,0,0.000000,True,0,0.000000,True,0,0.000000
LH_529,529,1.00000,data/raw/CAMELS_SIMBA_1000U/LH_529_hlist_1.00000.list,True,0,6465,6465,6465,6465,0.4854,True,True,0,0.000000,True,0,0.000000,True,0,0.000000
LH_530,530,0.20000,data/raw/CAMELS_SIMBA_1000U/LH_530_hlist_0.20000.list,True,0,4324,4324,4324,4324,0.3478,True,True,0,0.000000,True,0,0.000000,True,0,0.000000
LH_530,530,0.25000,data/raw/CAMELS_SIMBA_1000U/LH_530_hlist_0.25000.list,True,0,5833,5833,5833,5833,0.3478,True,True,0,0.000000,True,0,0.000000,True,0,0.000000
LH_530,530,0.51209,data/raw/CAMELS_SIMBA_1000U/LH_530_hlist_0.51209.list,True,0,7856,7856,7856,7856,0.3478,True,True,0,0.000000,True,0,0.000000,True,0,0.000000
LH_530,530,0.75065,data/raw/CAMELS_SIMBA_1000U/LH_530_hlist_0.75065.list,True,0,7345,7345,7345,7345,0.3478,True,True,0,0.000000,True,0,0.000000,True,0,0.000000
LH_530,530,1.00000,data/raw/CAMELS_SIMBA_1000U/LH_530_hlist_1.00000.list,True,0,7254,7254,7254,7254,0.3478,True,True,0,0.000000,True,0,0.000000,True,0,0.000000
LH_531,531,0.20000,data/raw/CAMELS_SIMBA_1000U/LH_531_hlist_0.20000.list,True,0,1966,1966,1966,1966,0.1726,True,True,0,0.000000,True,0,0.000000,False,34,0.017000
LH_531,531,0.25000,data/raw/CAMELS_SIMBA_1000U/LH_531_hlist_0.25000.list,True,0,3422,3422,3422,3422,0.1726,True,True,0,0.000000,True,0,0.000000,True,0,0.000000
LH_531,531,0.51209,data/raw/CAMELS_SIMBA_1000U/LH_531_hlist_0.51209.list,True,0,5996,5996,5996,5996,0.1726,True,True,0,0.000000,True,0,0.000000,True,0,0.000000
LH_531,531,0.75065,data/raw/CAMELS_SIMBA_1000U/LH_531_hlist_0.75065.list,True,0,6177,6177,6177,6177,0.1726,True,True,0,0.000000,True,0,0.000000,True,0,0.000000
LH_531,531,1.00000,data/raw/CAMELS_SIMBA_1000U/LH_531_hlist_1.00000.list,True,0,6686,6686,6686,6686,0.1726,True,True,0,0.000000,True,0,0.000000,True,0,0.000000
LH_532,532,0.20000,data/raw/CAMELS_SIMBA_1000U/LH_532_hlist_0.20000.list,True,0,2117,2117,2117,2117,0.1866,True,True,0,0.000000,True,0,0.000000,True,0,0.000000
LH_532,532,0.25000,data/raw/CAMELS_SIMBA_1000U/LH_532_hlist_0.25000.list,True,0,3412,3412,3412,3412,0.1866,True,True,0,0.000000,True,0,0.000000,True,0,0.000000
LH_532,532,0.51209,data/raw/CAMELS_SIMBA_1000U/LH_532_hlist_0.51209.list,True,0,6282,6282,6282,6282,0.1866,True,True,0,0.000000,True,0,0.000000,True,0,0.000000
LH_532,532,0.75065,data/raw/CAMELS_SIMBA_1000U/LH_532_hlist_0.75065.list,True,0,6420,6420,6420,6420,0.1866,True,True,0,0.000000,True,0,0.000000,True,0,0.000000
LH_532,532,1.00000,data/raw/CAMELS_SIMBA_1000U/LH_532_hlist_1.00000.list,True,0,6792,6792,6792,6792,0.1866,True,True,0,0.000000,True,0,0.000000,True,0,0.000000
LH_533,533,0.20000,data/raw/CAMELS_SIMBA_1000U/LH_533_hlist_0.20000.list,True,0,6512,6512,6512,6512,0.3034,True,True,0,0.000000,True,0,0.000000,True,0,0.000000
LH_533,533,0.25000,data/raw/CAMELS_SIMBA_1000U/LH_533_hlist_0.25000.list,True,0,7448,7448,7448,7448,0.3034,True,True,0,0.000000,True,0,0.000000,True,0,0.000000
LH_533,533,0.51209,data/raw/CAMELS_SIMBA_1000U/LH_533_hlist_0.51209.list,True,0,6984,6984,6984,6984,0.3034,True,True,0,0.000000,True,0,0.000000,True,0,0.000000
LH_533,533,0.75065,data/raw/CAMELS_SIMBA_1000U/LH_533_hlist_0.75065.list,True,0,6105,6105,6105,6105,0.3034,True,True,0,0.000000,True,0,0.000000,True,0,0.000000
LH_533,533,1.00000,data/raw/CAMELS_SIMBA_1000U/LH_533_hlist_1.00000.list,True,0,6082,6082,6082,6082,0.3034,True,True,0,0.000000,True,0,0.000000,True,0,0.000000
LH_534,534,0.20000,data/raw/CAMELS_SIMBA_1000U/LH_534_hlist_0.20000.list,True,0,3076,3076,3076,3076,0.1666,True,True,0,0.000000,True,0,0.000000,True,0,0.000000
LH_534,534,0.25000,data/raw/CAMELS_SIMBA_1000U/LH_534_hlist_0.25000.list,True,0,4429,4429,4429,4429,0.1666,True,True,0,0.000000,True,0,0.000000,True,0,0.000000
LH_534,534,0.51209,data/raw/CAMELS_SIMBA_1000U/LH_534_hlist_0.51209.list,True,0,6083,6083,6083,6083,0.1666,True,True,0,0.000000,True,0,0.000000,True,0,0.000000
LH_534,534,0.75065,data/raw/CAMELS_SIMBA_1000U/LH_534_hlist_0.75065.list,True,0,6125,6125,6125,6125,0.1666,True,True,0,0.000000,True,0,0.000000,True,0,0.000000
LH_534,534,1.00000,data/raw/CAMELS_SIMBA_1000U/LH_534_hlist_1.00000.list,True,0,6494,6494,6494,6494,0.1666,True,True,0,0.000000,True,0,0.000000,True,0,0.000000
LH_535,535,0.20000,data/raw/CAMELS_SIMBA_1000U/LH_535_hlist_0.20000.list,True,0,3898,3898,3898,3898,0.2842,True,True,0,0.000000,True,0,0.000000,True,0,0.000000
LH_535,535,0.25000,data/raw/CAMELS_SIMBA_1000U/LH_535_hlist_0.25000.list,True,0,5551,5551,5551,5551,0.2842,True,True,0,0.000000,True,0,0.000000,True,0,0.000000
LH_535,535,0.51209,data/raw/CAMELS_SIMBA_1000U/LH_535_hlist_0.51209.list,True,0,7350,7350,7350,7350,0.2842,True,True,0,0.000000,True,0,0.000000,True,0,0.000000
LH_535,535,0.75065,data/raw/CAMELS_SIMBA_1000U/LH_535_hlist_0.75065.list,True,0,6955,6955,6955,6955,0.2842,True,True,0,0.000000,True,0,0.000000,True,0,0.000000
LH_535,535,1.00000,data/raw/CAMELS_SIMBA_1000U/LH_535_hlist_1.00000.list,True,0,7119,7119,7119,7119,0.2842,True,True,0,0.000000,True,0,0.000000,True,0,0.000000
LH_536,536,0.20000,data/raw/CAMELS_SIMBA_1000U/LH_536_hlist_0.20000.list,True,0,7392,7392,7392,7392,0.445,True,True,0,0.000000,True,0,0.000000,True,0,0.000000
LH_536,536,0.25000,data/raw/CAMELS_SIMBA_1000U/LH_536_hlist_0.25000.list,True,0,8393,8393,8393,8393,0.445,True,True,0,0.000000,True,0,0.000000,True,0,0.000000
LH_536,536,0.51209,data/raw/CAMELS_SIMBA_1000U/LH_536_hlist_0.51209.list,True,0,7861,7861,7861,7861,0.445,True,True,0,0.000000,True,0,0.000000,True,0,0.000000
LH_536,536,0.75065,data/raw/CAMELS_SIMBA_1000U/LH_536_hlist_0.75065.list,True,0,6777,6777,6777,6777,0.445,True,True,0,0.000000,True,0,0.000000,True,0,0.000000
LH_536,536,1.00000,data/raw/CAMELS_SIMBA_1000U/LH_536_hlist_1.00000.list,True,0,6573,6573,6573,6573,0.445,True,True,0,0.000000,True,0,0.000000,True,0,0.000000
LH_537,537,0.20000,data/raw/CAMELS_SIMBA_1000U/LH_537_hlist_0.20000.list,True,0,4823,4823,4823,4823,0.2178,True,True,0,0.000000,True,0,0.000000,True,0,0.000000
LH_537,537,0.25000,data/raw/CAMELS_SIMBA_1000U/LH_537_hlist_0.25000.list,True,0,5974,5974,5974,5974,0.2178,True,True,0,0.000000,True,0,0.000000,True,0,0.000000
LH_537,537,0.51209,data/raw/CAMELS_SIMBA_1000U/LH_537_hlist_0.51209.list,True,0,6498,6498,6498,6498,0.2178,True,True,0,0.000000,True,0,0.000000,True,0,0.000000
LH_537,537,0.75065,data/raw/CAMELS_SIMBA_1000U/LH_537_hlist_0.75065.list,True,0,5984,5984,5984,5984,0.2178,True,True,0,0.000000,True,0,0.000000,True,0,0.000000
LH_537,537,1.00000,data/raw/CAMELS_SIMBA_1000U/LH_537_hlist_1.00000.list,True,0,6286,6286,6286,6286,0.2178,True,True,0,0.000000,True,0,0.000000,True,0,0.000000
LH_538,538,0.20000,data/raw/CAMELS_SIMBA_1000U/LH_538_hlist_0.20000.list,True,0,7271,7271,7271,7271,0.493,True,True,0,0.000000,True,0,0.000000,True,0,0.000000
LH_538,538,0.25000,data/raw/CAMELS_SIMBA_1000U/LH_538_hlist_0.25000.list,True,0,8409,8409,8409,8409,0.493,True,True,0,0.000000,True,0,0.000000,True,0,0.000000
LH_538,538,0.51209,data/raw/CAMELS_SIMBA_1000U/LH_538_hlist_0.51209.list,True,0,8410,8410,8410,8410,0.493,True,True,0,0.000000,True,0,0.000000,True,0,0.000000
LH_538,538,0.75065,data/raw/CAMELS_SIMBA_1000U/LH_538_hlist_0.75065.list,True,0,7061,7061,7061,7061,0.493,True,True,0,0.000000,True,0,0.000000,True,0,0.000000
LH_538,538,1.00000,data/raw/CAMELS_SIMBA_1000U/LH_538_hlist_1.00000.list,True,0,6596,6596,6596,6596,0.493,True,True,0,0.000000,True,0,0.000000,True,0,0.000000
LH_539,539,0.20000,data/raw/CAMELS_SIMBA_1000U/LH_539_hlist_0.20000.list,True,0,4514,4514,4514,4514,0.4046,True,True,0,0.000000,True,0,0.000000,True,0,0.000000
LH_539,539,0.25000,data/raw/CAMELS_SIMBA_1000U/LH_539_hlist_0.25000.list,True,0,6173,6173,6173,6173,0.4046,True,True,0,0.000000,True,0,0.000000,True,0,0.000000
LH_539,539,0.51209,data/raw/CAMELS_SIMBA_1000U/LH_539_hlist_0.51209.list,True,0,8207,8207,8207,8207,0.4046,True,True,0,0.000000,True,0,0.000000,True,0,0.000000
LH_539,539,0.75065,data/raw/CAMELS_SIMBA_1000U/LH_539_hlist_0.75065.list,True,0,7642,7642,7642,7642,0.4046,True,True,0,0.000000,True,0,0.000000,True,0,0.000000
LH_539,539,1.00000,data/raw/CAMELS_SIMBA_1000U/LH_539_hlist_1.00000.list,True,0,7449,7449,7449,7449,0.4046,True,True,0,0.000000,True,0,0.000000,True,0,0.000000
LH_540,540,0.20000,data/raw/CAMELS_SIMBA_1000U/LH_540_hlist_0.20000.list,True,0,9157,9157,9157,9157,0.4886,True,True,0,0.000000,True,0,0.000000,True,0,0.000000
LH_540,540,0.25000,data/raw/CAMELS_SIMBA_1000U/LH_540_hlist_0.25000.list,True,0,9362,9362,9362,9362,0.4886,True,True,0,0.000000,True,0,0.000000,True,0,0.000000
LH_540,540,0.51209,data/raw/CAMELS_SIMBA_1000U/LH_540_hlist_0.51209.list,True,0,7742,7742,7742,7742,0.4886,True,True,0,0.000000,True,0,0.000000,True,0,0.000000
LH_540,540,0.75065,data/raw/CAMELS_SIMBA_1000U/LH_540_hlist_0.75065.list,True,0,6347,6347,6347,6347,0.4886,True,True,0,0.000000,True,0,0.000000,True,0,0.000000
LH_540,540,1.00000,data/raw/CAMELS_SIMBA_1000U/LH_540_hlist_1.00000.list,True,0,5914,5914,5914,5914,0.4886,True,True,0,0.000000,True,0,0.000000,True,0,0.000000
LH_541,541,0.20000,data/raw/CAMELS_SIMBA_1000U/LH_541_hlist_0.20000.list,True,0,6348,6348,6348,6348,0.4658,True,True,0,0.000000,True,0,0.000000,True,0,0.000000
LH_541,541,0.25000,data/raw/CAMELS_SIMBA_1000U/LH_541_hlist_0.25000.list,True,0,7570,7570,7570,7570,0.4658,True,True,0,0.000000,True,0,0.000000,True,0,0.000000
LH_541,541,0.51209,data/raw/CAMELS_SIMBA_1000U/LH_541_hlist_0.51209.list,True,0,8277,8277,8277,8277,0.4658,True,True,0,0.000000,True,0,0.000000,True,0,0.000000
LH_541,541,0.75065,data/raw/CAMELS_SIMBA_1000U/LH_541_hlist_0.75065.list,True,0,7194,7194,7194,7194,0.4658,True,True,0,0.000000,True,0,0.000000,True,0,0.000000
LH_541,541,1.00000,data/raw/CAMELS_SIMBA_1000U/LH_541_hlist_1.00000.list,True,0,6764,6764,6764,6764,0.4658,True,True,0,0.000000,True,0,0.000000,True,0,0.000000
LH_542,542,0.20000,data/raw/CAMELS_SIMBA_1000U/LH_542_hlist_0.20000.list,True,0,4840,4840,4840,4840,0.2518,True,True,0,0.000000,True,0,0.000000,True,0,0.000000
LH_542,542,0.25000,data/raw/CAMELS_SIMBA_1000U/LH_542_hlist_0.25000.list,True,0,6120,6120,6120,6120,0.2518,True,True,0,0.000000,True,0,0.000000,True,0,0.000000
LH_542,542,0.51209,data/raw/CAMELS_SIMBA_1000U/LH_542_hlist_0.51209.list,True,0,6718,6718,6718,6718,0.2518,True,True,0,0.000000,True,0,0.000000,True,0,0.000000
LH_542,542,0.75065,data/raw/CAMELS_SIMBA_1000U/LH_542_hlist_0.75065.list,True,0,6266,6266,6266,6266,0.2518,True,True,0,0.000000,True,0,0.000000,True,0,0.000000
LH_542,542,1.00000,data/raw/CAMELS_SIMBA_1000U/LH_542_hlist_1.00000.list,True,0,6366,6366,6366,6366,0.2518,True,True,0,0.000000,True,0,0.000000,True,0,0.000000
LH_543,543,0.20000,data/raw/CAMELS_SIMBA_1000U/LH_543_hlist_0.20000.list,True,0,5416,5416,5416,5416,0.497,True,True,0,0.000000,True,0,0.000000,True,0,0.000000
LH_543,543,0.25000,data/raw/CAMELS_SIMBA_1000U/LH_543_hlist_0.25000.list,True,0,7023,7023,7023,7023,0.497,True,True,0,0.000000,True,0,0.000000,True,0,0.000000
LH_543,543,0.51209,data/raw/CAMELS_SIMBA_1000U/LH_543_hlist_0.51209.list,True,0,8883,8883,8883,8883,0.497,True,True,0,0.000000,True,0,0.000000,True,0,0.000000
LH_543,543,0.75065,data/raw/CAMELS_SIMBA_1000U/LH_543_hlist_0.75065.list,True,0,7755,7755,7755,7755,0.497,True,True,0,0.000000,True,0,0.000000,True,0,0.000000
LH_543,543,1.00000,data/raw/CAMELS_SIMBA_1000U/LH_543_hlist_1.00000.list,True,0,7432,7432,7432,7432,0.497,True,True,0,0.000000,True,0,0.000000,True,0,0.000000
LH_544,544,0.20000,data/raw/CAMELS_SIMBA_1000U/LH_544_hlist_0.20000.list,True,0,3728,3728,3728,3728,0.425,True,True,0,0.000000,True,0,0.000000,True,0,0.000000
LH_544,544,0.25000,data/raw/CAMELS_SIMBA_1000U/LH_544_hlist_0.25000.list,True,0,5358,5358,5358,5358,0.425,True,True,0,0.000000,True,0,0.000000,True,0,0.000000
LH_544,544,0.51209,data/raw/CAMELS_SIMBA_1000U/LH_544_hlist_0.51209.list,True,0,8275,8275,8275,8275,0.425,True,True,0,0.000000,True,0,0.000000,True,0,0.000000
LH_544,544,0.75065,data/raw/CAMELS_SIMBA_1000U/LH_544_hlist_0.75065.list,True,0,7700,7700,7700,7700,0.425,True,True,0,0.000000,True,0,0.000000,True,0,0.000000
LH_544,544,1.00000,data/raw/CAMELS_SIMBA_1000U/LH_544_hlist_1.00000.list,True,0,7504,7504,7504,7504,0.425,True,True,0,0.000000,True,0,0.000000,True,0,0.000000
LH_545,545,0.20000,data/raw/CAMELS_SIMBA_1000U/LH_545_hlist_0.20000.list,True,0,2533,2533,2533,2533,0.1818,True,True,0,0.000000,True,0,0.000000,True,0,0.000000
LH_545,545,0.25000,data/raw/CAMELS_SIMBA_1000U/LH_545_hlist_0.25000.list,True,0,3924,3924,3924,3924,0.1818,True,True,0,0.000000,True,0,0.000000,True,0,0.000000
LH_545,545,0.51209,data/raw/CAMELS_SIMBA_1000U/LH_545_hlist_0.51209.list,True,0,5754,5754,5754,5754,0.1818,True,True,0,0.000000,True,0,0.000000,True,0,0.000000
LH_545,545,0.75065,data/raw/CAMELS_SIMBA_1000U/LH_545_hlist_0.75065.list,True,0,5841,5841,5841,5841,0.1818,True,True,0,0.000000,True,0,0.000000,True,0,0.000000
LH_545,545,1.00000,data/raw/CAMELS_SIMBA_1000U/LH_545_hlist_1.00000.list,True,0,6224,6224,6224,6224,0.1818,True,True,0,0.000000,True,0,0.000000,True,0,0.000000
LH_546,546,0.20000,data/raw/CAMELS_SIMBA_1000U/LH_546_hlist_0.20000.list,True,0,6565,6565,6565,6565,0.3434,True,True,0,0.000000,True,0,0.000000,True,0,0.000000
LH_546,546,0.25000,data/raw/CAMELS_SIMBA_1000U/LH_546_hlist_0.25000.list,True,0,7269,7269,7269,7269,0.3434,True,True,0,0.000000,True,0,0.000000,True,0,0.000000
LH_546,546,0.51209,data/raw/CAMELS_SIMBA_1000U/LH_546_hlist_0.51209.list,True,0,6916,6916,6916,6916,0.3434,True,True,0,0.000000,True,0,0.000000,True,0,0.000000
LH_546,546,0.75065,data/raw/CAMELS_SIMBA_1000U/LH_546_hlist_0.75065.list,True,0,6129,6129,6129,6129,0.3434,True,True,0,0.000000,True,0,0.000000,True,0,0.000000
LH_546,546,1.00000,data/raw/CAMELS_SIMBA_1000U/LH_546_hlist_1.00000.list,True,0,5842,5842,5842,5842,0.3434,True,True,0,0.000000,True,0,0.000000,True,0,0.000000
LH_547,547,0.20000,data/raw/CAMELS_SIMBA_1000U/LH_547_hlist_0.20000.list,True,0,3008,3008,3008,3008,0.181,True,True,0,0.000000,True,0,0.000000,True,0,0.000000
LH_547,547,0.25000,data/raw/CAMELS_SIMBA_1000U/LH_547_hlist_0.25000.list,True,0,4468,4468,4468,4468,0.181,True,True,0,0.000000,True,0,0.000000,True,0,0.000000
LH_547,547,0.51209,data/raw/CAMELS_SIMBA_1000U/LH_547_hlist_0.51209.list,True,0,6380,6380,6380,6380,0.181,True,True,0,0.000000,True,0,0.000000,True,0,0.000000
LH_547,547,0.75065,data/raw/CAMELS_SIMBA_1000U/LH_547_hlist_0.75065.list,True,0,6218,6218,6218,6218,0.181,True,True,0,0.000000,True,0,0.000000,True,0,0.000000
LH_547,547,1.00000,data/raw/CAMELS_SIMBA_1000U/LH_547_hlist_1.00000.list,True,0,6471,6471,6471,6471,0.181,True,True,0,0.000000,True,0,0.000000,True,0,0.000000
LH_548,548,0.20000,data/raw/CAMELS_SIMBA_1000U/LH_548_hlist_0.20000.list,True,0,1743,1743,1743,1743,0.1742,True,True,0,0.000000,True,0,0.000000,False,257,0.128500
LH_548,548,0.25000,data/raw/CAMELS_SIMBA_1000U/LH_548_hlist_0.25000.list,True,0,3370,3370,3370,3370,0.1742,True,True,0,0.000000,True,0,0.000000,True,0,0.000000
LH_548,548,0.51209,data/raw/CAMELS_SIMBA_1000U/LH_548_hlist_0.51209.list,True,0,6200,6200,6200,6200,0.1742,True,True,0,0.000000,True,0,0.000000,True,0,0.000000
LH_548,548,0.75065,data/raw/CAMELS_SIMBA_1000U/LH_548_hlist_0.75065.list,True,0,6486,6486,6486,6486,0.1742,True,True,0,0.000000,True,0,0.000000,True,0,0.000000
LH_548,548,1.00000,data/raw/CAMELS_SIMBA_1000U/LH_548_hlist_1.00000.list,True,0,6898,6898,6898,6898,0.1742,True,True,0,0.000000,True,0,0.000000,True,0,0.000000
LH_549,549,0.20000,data/raw/CAMELS_SIMBA_1000U/LH_549_hlist_0.20000.list,True,0,7310,7310,7310,7310,0.3982,True,True,0,0.000000,True,0,0.000000,True,0,0.000000
LH_549,549,0.25000,data/raw/CAMELS_SIMBA_1000U/LH_549_hlist_0.25000.list,True,0,8140,8140,8140,8140,0.3982,True,True,0,0.000000,True,0,0.000000,True,0,0.000000
LH_549,549,0.51209,data/raw/CAMELS_SIMBA_1000U/LH_549_hlist_0.51209.list,True,0,7837,7837,7837,7837,0.3982,True,True,0,0.000000,True,0,0.000000,True,0,0.000000
LH_549,549,0.75065,data/raw/CAMELS_SIMBA_1000U/LH_549_hlist_0.75065.list,True,0,6704,6704,6704,6704,0.3982,True,True,0,0.000000,True,0,0.000000,True,0,0.000000
LH_549,549,1.00000,data/raw/CAMELS_SIMBA_1000U/LH_549_hlist_1.00000.list,True,0,6586,6586,6586,6586,0.3982,True,True,0,0.000000,True,0,0.000000,True,0,0.000000
LH_550,550,0.20000,data/raw/CAMELS_SIMBA_1000U/LH_550_hlist_0.20000.list,True,0,8776,8776,8776,8776,0.453,True,True,0,0.000000,True,0,0.000000,True,0,0.000000
LH_550,550,0.25000,data/raw/CAMELS_SIMBA_1000U/LH_550_hlist_0.25000.list,True,0,9154,9154,9154,9154,0.453,True,True,0,0.000000,True,0,0.000000,True,0,0.000000
LH_550,550,0.51209,data/raw/CAMELS_SIMBA_1000U/LH_550_hlist_0.51209.list,True,0,7292,7292,7292,7292,0.453,True,True,0,0.000000,True,0,0.000000,True,0,0.000000
LH_550,550,0.75065,data/raw/CAMELS_SIMBA_1000U/LH_550_hlist_0.75065.list,True,0,5722,5722,5722,5722,0.453,True,True,0,0.000000,True,0,0.000000,True,0,0.000000
LH_550,550,1.00000,data/raw/CAMELS_SIMBA_1000U/LH_550_hlist_1.00000.list,True,0,5380,5380,5380,5380,0.453,True,True,0,0.000000,True,0,0.000000,True,0,0.000000
LH_551,551,0.20000,data/raw/CAMELS_SIMBA_1000U/LH_551_hlist_0.20000.list,True,0,5223,5223,5223,5223,0.3922,True,True,0,0.000000,True,0,0.000000,True,0,0.000000
LH_551,551,0.25000,data/raw/CAMELS_SIMBA_1000U/LH_551_hlist_0.25000.list,True,0,6697,6697,6697,6697,0.3922,True,True,0,0.000000,True,0,0.000000,True,0,0.000000
LH_551,551,0.51209,data/raw/CAMELS_SIMBA_1000U/LH_551_hlist_0.51209.list,True,0,8412,8412,8412,8412,0.3922,True,True,0,0.000000,True,0,0.000000,True,0,0.000000
LH_551,551,0.75065,data/raw/CAMELS_SIMBA_1000U/LH_551_hlist_0.75065.list,True,0,7787,7787,7787,7787,0.3922,True,True,0,0.000000,True,0,0.000000,True,0,0.000000
LH_551,551,1.00000,data/raw/CAMELS_SIMBA_1000U/LH_551_hlist_1.00000.list,True,0,7532,7532,7532,7532,0.3922,True,True,0,0.000000,True,0,0.000000,True,0,0.000000
LH_552,552,0.20000,data/raw/CAMELS_SIMBA_1000U/LH_552_hlist_0.20000.list,True,0,2400,2400,2400,2400,0.1422,True,True,0,0.000000,True,0,0.000000,True,0,0.000000
LH_552,552,0.25000,data/raw/CAMELS_SIMBA_1000U/LH_552_hlist_0.25000.list,True,0,3756,3756,3756,3756,0.1422,True,True,0,0.000000,True,0,0.000000,True,0,0.000000
LH_552,552,0.51209,data/raw/CAMELS_SIMBA_1000U/LH_552_hlist_0.51209.list,True,0,5225,5225,5225,5225,0.1422,True,True,0,0.000000,True,0,0.000000,True,0,0.000000
LH_552,552,0.75065,data/raw/CAMELS_SIMBA_1000U/LH_552_hlist_0.75065.list,True,0,5176,5176,5176,5176,0.1422,True,True,0,0.000000,True,0,0.000000,True,0,0.000000
LH_552,552,1.00000,data/raw/CAMELS_SIMBA_1000U/LH_552_hlist_1.00000.list,True,0,5680,5680,5680,5680,0.1422,True,True,0,0.000000,True,0,0.000000,True,0,0.000000
LH_553,553,0.20000,data/raw/CAMELS_SIMBA_1000U/LH_553_hlist_0.20000.list,True,0,7053,7053,7053,7053,0.4054,True,True,0,0.000000,True,0,0.000000,True,0,0.000000
LH_553,553,0.25000,data/raw/CAMELS_SIMBA_1000U/LH_553_hlist_0.25000.list,True,0,8014,8014,8014,8014,0.4054,True,True,0,0.000000,True,0,0.000000,True,0,0.000000
LH_553,553,0.51209,data/raw/CAMELS_SIMBA_1000U/LH_553_hlist_0.51209.list,True,0,7492,7492,7492,7492,0.4054,True,True,0,0.000000,True,0,0.000000,True,0,0.000000
LH_553,553,0.75065,data/raw/CAMELS_SIMBA_1000U/LH_553_hlist_0.75065.list,True,0,6435,6435,6435,6435,0.4054,True,True,0,0.000000,True,0,0.000000,True,0,0.000000
LH_553,553,1.00000,data/raw/CAMELS_SIMBA_1000U/LH_553_hlist_1.00000.list,True,0,6304,6304,6304,6304,0.4054,True,True,0,0.000000,True,0,0.000000,True,0,0.000000
LH_554,554,0.20000,data/raw/CAMELS_SIMBA_1000U/LH_554_hlist_0.20000.list,True,0,5116,5116,5116,5116,0.2434,True,True,0,0.000000,True,0,0.000000,True,0,0.000000
LH_554,554,0.25000,data/raw/CAMELS_SIMBA_1000U/LH_554_hlist_0.25000.list,True,0,6259,6259,6259,6259,0.2434,True,True,0,0.000000,True,0,0.000000,True,0,0.000000
LH_554,554,0.51209,data/raw/CAMELS_SIMBA_1000U/LH_554_hlist_0.51209.list,True,0,6431,6431,6431,6431,0.2434,True,True,0,0.000000,True,0,0.000000,True,0,0.000000
LH_554,554,0.75065,data/raw/CAMELS_SIMBA_1000U/LH_554_hlist_0.75065.list,True,0,5972,5972,5972,5972,0.2434,True,True,0,0.000000,True,0,0.000000,True,0,0.000000
LH_554,554,1.00000,data/raw/CAMELS_SIMBA_1000U/LH_554_hlist_1.00000.list,True,0,6056,6056,6056,6056,0.2434,True,True,0,0.000000,True,0,0.000000,True,0,0.000000
LH_555,555,0.20000,data/raw/CAMELS_SIMBA_1000U/LH_555_hlist_0.20000.list,True,0,5246,5246,5246,5246,0.3582,True,True,0,0.000000,True,0,0.000000,True,0,0.000000
LH_555,555,0.25000,data/raw/CAMELS_SIMBA_1000U/LH_555_hlist_0.25000.list,True,0,6797,6797,6797,6797,0.3582,True,True,0,0.000000,True,0,0.000000,True,0,0.000000
LH_555,555,0.51209,data/raw/CAMELS_SIMBA_1000U/LH_555_hlist_0.51209.list,True,0,8151,8151,8151,8151,0.3582,True,True,0,0.000000,True,0,0.000000,True,0,0.000000
LH_555,555,0.75065,data/raw/CAMELS_SIMBA_1000U/LH_555_hlist_0.75065.list,True,0,7308,7308,7308,7308,0.3582,True,True,0,0.000000,True,0,0.000000,True,0,0.000000
LH_555,555,1.00000,data/raw/CAMELS_SIMBA_1000U/LH_555_hlist_1.00000.list,True,0,7188,7188,7188,7188,0.3582,True,True,0,0.000000,True,0,0.000000,True,0,0.000000
LH_556,556,0.20000,data/raw/CAMELS_SIMBA_1000U/LH_556_hlist_0.20000.list,True,0,4731,4731,4731,4731,0.3538,True,True,0,0.000000,True,0,0.000000,True,0,0.000000
LH_556,556,0.25000,data/raw/CAMELS_SIMBA_1000U/LH_556_hlist_0.25000.list,True,0,6368,6368,6368,6368,0.3538,True,True,0,0.000000,True,0,0.000000,True,0,0.000000
LH_556,556,0.51209,data/raw/CAMELS_SIMBA_1000U/LH_556_hlist_0.51209.list,True,0,7827,7827,7827,7827,0.3538,True,True,0,0.000000,True,0,0.000000,True,0,0.000000
LH_556,556,0.75065,data/raw/CAMELS_SIMBA_1000U/LH_556_hlist_0.75065.list,True,0,7231,7231,7231,7231,0.3538,True,True,0,0.000000,True,0,0.000000,True,0,0.000000
LH_556,556,1.00000,data/raw/CAMELS_SIMBA_1000U/LH_556_hlist_1.00000.list,True,0,7111,7111,7111,7111,0.3538,True,True,0,0.000000,True,0,0.000000,True,0,0.000000
LH_557,557,0.20000,data/raw/CAMELS_SIMBA_1000U/LH_557_hlist_0.20000.list,True,0,7012,7012,7012,7012,0.3306,True,True,0,0.000000,True,0,0.000000,True,0,0.000000
LH_557,557,0.25000,data/raw/CAMELS_SIMBA_1000U/LH_557_hlist_0.25000.list,True,0,7923,7923,7923,7923,0.3306,True,True,0,0.000000,True,0,0.000000,True,0,0.000000
LH_557,557,0.51209,data/raw/CAMELS_SIMBA_1000U/LH_557_hlist_0.51209.list,True,0,7357,7357,7357,7357,0.3306,True,True,0,0.000000,True,0,0.000000,True,0,0.000000
LH_557,557,0.75065,data/raw/CAMELS_SIMBA_1000U/LH_557_hlist_0.75065.list,True,0,6327,6327,6327,6327,0.3306,True,True,0,0.000000,True,0,0.000000,True,0,0.000000
LH_557,557,1.00000,data/raw/CAMELS_SIMBA_1000U/LH_557_hlist_1.00000.list,True,0,6242,6242,6242,6242,0.3306,True,True,0,0.000000,True,0,0.000000,True,0,0.000000
LH_558,558,0.20000,data/raw/CAMELS_SIMBA_1000U/LH_558_hlist_0.20000.list,True,0,7356,7356,7356,7356,0.3382,True,True,0,0.000000,True,0,0.000000,True,0,0.000000
LH_558,558,0.25000,data/raw/CAMELS_SIMBA_1000U/LH_558_hlist_0.25000.list,True,0,7873,7873,7873,7873,0.3382,True,True,0,0.000000,True,0,0.000000,True,0,0.000000
LH_558,558,0.51209,data/raw/CAMELS_SIMBA_1000U/LH_558_hlist_0.51209.list,True,0,6426,6426,6426,6426,0.3382,True,True,0,0.000000,True,0,0.000000,True,0,0.000000
LH_558,558,0.75065,data/raw/CAMELS_SIMBA_1000U/LH_558_hlist_0.75065.list,True,0,5524,5524,5524,5524,0.3382,True,True,0,0.000000,True,0,0.000000,True,0,0.000000
LH_558,558,1.00000,data/raw/CAMELS_SIMBA_1000U/LH_558_hlist_1.00000.list,True,0,5268,5268,5268,5268,0.3382,True,True,0,0.000000,True,0,0.000000,True,0,0.000000
LH_559,559,0.20000,data/raw/CAMELS_SIMBA_1000U/LH_559_hlist_0.20000.list,True,0,6092,6092,6092,6092,0.3934,True,True,0,0.000000,True,0,0.000000,True,0,0.000000
LH_559,559,0.25000,data/raw/CAMELS_SIMBA_1000U/LH_559_hlist_0.25000.list,True,0,7481,7481,7481,7481,0.3934,True,True,0,0.000000,True,0,0.000000,True,0,0.000000
LH_559,559,0.51209,data/raw/CAMELS_SIMBA_1000U/LH_559_hlist_0.51209.list,True,0,8016,8016,8016,8016,0.3934,True,True,0,0.000000,True,0,0.000000,True,0,0.000000
LH_559,559,0.75065,data/raw/CAMELS_SIMBA_1000U/LH_559_hlist_0.75065.list,True,0,6947,6947,6947,6947,0.3934,True,True,0,0.000000,True,0,0.000000,True,0,0.000000
LH_559,559,1.00000,data/raw/CAMELS_SIMBA_1000U/LH_559_hlist_1.00000.list,True,0,6781,6781,6781,6781,0.3934,True,True,0,0.000000,True,0,0.000000,True,0,0.000000
LH_560,560,0.20000,data/raw/CAMELS_SIMBA_1000U/LH_560_hlist_0.20000.list,True,0,2055,2055,2055,2055,0.2158,True,True,0,0.000000,True,0,0.000000,True,0,0.000000
LH_560,560,0.25000,data/raw/CAMELS_SIMBA_1000U/LH_560_hlist_0.25000.list,True,0,3547,3547,3547,3547,0.2158,True,True,0,0.000000,True,0,0.000000,True,0,0.000000
LH_560,560,0.51209,data/raw/CAMELS_SIMBA_1000U/LH_560_hlist_0.51209.list,True,0,6878,6878,6878,6878,0.2158,True,True,0,0.000000,True,0,0.000000,True,0,0.000000
LH_560,560,0.75065,data/raw/CAMELS_SIMBA_1000U/LH_560_hlist_0.75065.list,True,0,7127,7127,7127,7127,0.2158,True,True,0,0.000000,True,0,0.000000,True,0,0.000000
LH_560,560,1.00000,data/raw/CAMELS_SIMBA_1000U/LH_560_hlist_1.00000.list,True,0,7560,7560,7560,7560,0.2158,True,True,0,0.000000,True,0,0.000000,True,0,0.000000
LH_561,561,0.20000,data/raw/CAMELS_SIMBA_1000U/LH_561_hlist_0.20000.list,True,0,7196,7196,7196,7196,0.4562,True,True,0,0.000000,True,0,0.000000,True,0,0.000000
LH_561,561,0.25000,data/raw/CAMELS_SIMBA_1000U/LH_561_hlist_0.25000.list,True,0,8369,8369,8369,8369,0.4562,True,True,0,0.000000,True,0,0.000000,True,0,0.000000
LH_561,561,0.51209,data/raw/CAMELS_SIMBA_1000U/LH_561_hlist_0.51209.list,True,0,8418,8418,8418,8418,0.4562,True,True,0,0.000000,True,0,0.000000,True,0,0.000000
LH_561,561,0.75065,data/raw/CAMELS_SIMBA_1000U/LH_561_hlist_0.75065.list,True,0,7227,7227,7227,7227,0.4562,True,True,0,0.000000,True,0,0.000000,True,0,0.000000
LH_561,561,1.00000,data/raw/CAMELS_SIMBA_1000U/LH_561_hlist_1.00000.list,True,0,6804,6804,6804,6804,0.4562,True,True,0,0.000000,True,0,0.000000,True,0,0.000000
LH_562,562,0.20000,data/raw/CAMELS_SIMBA_1000U/LH_562_hlist_0.20000.list,True,0,620,620,620,620,0.1566,True,False,380,0.380000,False,880,0.586667,False,1380,0.690000
LH_562,562,0.25000,data/raw/CAMELS_SIMBA_1000U/LH_562_hlist_0.25000.list,True,0,1975,1975,1975,1975,0.1566,True,True,0,0.000000,True,0,0.000000,False,25,0.012500
LH_562,562,0.51209,data/raw/CAMELS_SIMBA_1000U/LH_562_hlist_0.51209.list,True,0,5248,5248,5248,5248,0.1566,True,True,0,0.000000,True,0,0.000000,True,0,0.000000
LH_562,562,0.75065,data/raw/CAMELS_SIMBA_1000U/LH_562_hlist_0.75065.list,True,0,5774,5774,5774,5774,0.1566,True,True,0,0.000000,True,0,0.000000,True,0,0.000000
LH_562,562,1.00000,data/raw/CAMELS_SIMBA_1000U/LH_562_hlist_1.00000.list,True,0,6425,6425,6425,6425,0.1566,True,True,0,0.000000,True,0,0.000000,True,0,0.000000
LH_563,563,0.20000,data/raw/CAMELS_SIMBA_1000U/LH_563_hlist_0.20000.list,True,0,6638,6638,6638,6638,0.3466,True,True,0,0.000000,True,0,0.000000,True,0,0.000000
LH_563,563,0.25000,data/raw/CAMELS_SIMBA_1000U/LH_563_hlist_0.25000.list,True,0,7666,7666,7666,7666,0.3466,True,True,0,0.000000,True,0,0.000000,True,0,0.000000
LH_563,563,0.51209,data/raw/CAMELS_SIMBA_1000U/LH_563_hlist_0.51209.list,True,0,7543,7543,7543,7543,0.3466,True,True,0,0.000000,True,0,0.000000,True,0,0.000000
LH_563,563,0.75065,data/raw/CAMELS_SIMBA_1000U/LH_563_hlist_0.75065.list,True,0,6443,6443,6443,6443,0.3466,True,True,0,0.000000,True,0,0.000000,True,0,0.000000
LH_563,563,1.00000,data/raw/CAMELS_SIMBA_1000U/LH_563_hlist_1.00000.list,True,0,6329,6329,6329,6329,0.3466,True,True,0,0.000000,True,0,0.000000,True,0,0.000000
LH_564,564,0.20000,data/raw/CAMELS_SIMBA_1000U/LH_564_hlist_0.20000.list,True,0,7433,7433,7433,7433,0.3754,True,True,0,0.000000,True,0,0.000000,True,0,0.000000
LH_564,564,0.25000,data/raw/CAMELS_SIMBA_1000U/LH_564_hlist_0.25000.list,True,0,8080,8080,8080,8080,0.3754,True,True,0,0.000000,True,0,0.000000,True,0,0.000000
LH_564,564,0.51209,data/raw/CAMELS_SIMBA_1000U/LH_564_hlist_0.51209.list,True,0,7381,7381,7381,7381,0.3754,True,True,0,0.000000,True,0,0.000000,True,0,0.000000
LH_564,564,0.75065,data/raw/CAMELS_SIMBA_1000U/LH_564_hlist_0.75065.list,True,0,6352,6352,6352,6352,0.3754,True,True,0,0.000000,True,0,0.000000,True,0,0.000000
LH_564,564,1.00000,data/raw/CAMELS_SIMBA_1000U/LH_564_hlist_1.00000.list,True,0,6231,6231,6231,6231,0.3754,True,True,0,0.000000,True,0,0.000000,True,0,0.000000
LH_565,565,0.20000,data/raw/CAMELS_SIMBA_1000U/LH_565_hlist_0.20000.list,True,0,8157,8157,8157,8157,0.443,True,True,0,0.000000,True,0,0.000000,True,0,0.000000
LH_565,565,0.25000,data/raw/CAMELS_SIMBA_1000U/LH_565_hlist_0.25000.list,True,0,8920,8920,8920,8920,0.443,True,True,0,0.000000,True,0,0.000000,True,0,0.000000
LH_565,565,0.51209,data/raw/CAMELS_SIMBA_1000U/LH_565_hlist_0.51209.list,True,0,7699,7699,7699,7699,0.443,True,True,0,0.000000,True,0,0.000000,True,0,0.000000
LH_565,565,0.75065,data/raw/CAMELS_SIMBA_1000U/LH_565_hlist_0.75065.list,True,0,6426,6426,6426,6426,0.443,True,True,0,0.000000,True,0,0.000000,True,0,0.000000
LH_565,565,1.00000,data/raw/CAMELS_SIMBA_1000U/LH_565_hlist_1.00000.list,True,0,6103,6103,6103,6103,0.443,True,True,0,0.000000,True,0,0.000000,True,0,0.000000
LH_566,566,0.20000,data/raw/CAMELS_SIMBA_1000U/LH_566_hlist_0.20000.list,True,0,4065,4065,4065,4065,0.2294,True,True,0,0.000000,True,0,0.000000,True,0,0.000000
LH_566,566,0.25000,data/raw/CAMELS_SIMBA_1000U/LH_566_hlist_0.25000.list,True,0,5551,5551,5551,5551,0.2294,True,True,0,0.000000,True,0,0.000000,True,0,0.000000
LH_566,566,0.51209,data/raw/CAMELS_SIMBA_1000U/LH_566_hlist_0.51209.list,True,0,6885,6885,6885,6885,0.2294,True,True,0,0.000000,True,0,0.000000,True,0,0.000000
LH_566,566,0.75065,data/raw/CAMELS_SIMBA_1000U/LH_566_hlist_0.75065.list,True,0,6302,6302,6302,6302,0.2294,True,True,0,0.000000,True,0,0.000000,True,0,0.000000
LH_566,566,1.00000,data/raw/CAMELS_SIMBA_1000U/LH_566_hlist_1.00000.list,True,0,6523,6523,6523,6523,0.2294,True,True,0,0.000000,True,0,0.000000,True,0,0.000000
LH_567,567,0.20000,data/raw/CAMELS_SIMBA_1000U/LH_567_hlist_0.20000.list,True,0,3593,3593,3593,3593,0.197,True,True,0,0.000000,True,0,0.000000,True,0,0.000000
LH_567,567,0.25000,data/raw/CAMELS_SIMBA_1000U/LH_567_hlist_0.25000.list,True,0,5092,5092,5092,5092,0.197,True,True,0,0.000000,True,0,0.000000,True,0,0.000000
LH_567,567,0.51209,data/raw/CAMELS_SIMBA_1000U/LH_567_hlist_0.51209.list,True,0,6631,6631,6631,6631,0.197,True,True,0,0.000000,True,0,0.000000,True,0,0.000000
LH_567,567,0.75065,data/raw/CAMELS_SIMBA_1000U/LH_567_hlist_0.75065.list,True,0,6182,6182,6182,6182,0.197,True,True,0,0.000000,True,0,0.000000,True,0,0.000000
LH_567,567,1.00000,data/raw/CAMELS_SIMBA_1000U/LH_567_hlist_1.00000.list,True,0,6489,6489,6489,6489,0.197,True,True,0,0.000000,True,0,0.000000,True,0,0.000000
LH_568,568,0.20000,data/raw/CAMELS_SIMBA_1000U/LH_568_hlist_0.20000.list,True,0,5249,5249,5249,5249,0.391,True,True,0,0.000000,True,0,0.000000,True,0,0.000000
LH_568,568,0.25000,data/raw/CAMELS_SIMBA_1000U/LH_568_hlist_0.25000.list,True,0,6719,6719,6719,6719,0.391,True,True,0,0.000000,True,0,0.000000,True,0,0.000000
LH_568,568,0.51209,data/raw/CAMELS_SIMBA_1000U/LH_568_hlist_0.51209.list,True,0,7981,7981,7981,7981,0.391,True,True,0,0.000000,True,0,0.000000,True,0,0.000000
LH_568,568,0.75065,data/raw/CAMELS_SIMBA_1000U/LH_568_hlist_0.75065.list,True,0,7386,7386,7386,7386,0.391,True,True,0,0.000000,True,0,0.000000,True,0,0.000000
LH_568,568,1.00000,data/raw/CAMELS_SIMBA_1000U/LH_568_hlist_1.00000.list,True,0,7195,7195,7195,7195,0.391,True,True,0,0.000000,True,0,0.000000,True,0,0.000000
LH_569,569,0.20000,data/raw/CAMELS_SIMBA_1000U/LH_569_hlist_0.20000.list,True,0,3392,3392,3392,3392,0.2082,True,True,0,0.000000,True,0,0.000000,True,0,0.000000
LH_569,569,0.25000,data/raw/CAMELS_SIMBA_1000U/LH_569_hlist_0.25000.list,True,0,4989,4989,4989,4989,0.2082,True,True,0,0.000000,True,0,0.000000,True,0,0.000000
LH_569,569,0.51209,data/raw/CAMELS_SIMBA_1000U/LH_569_hlist_0.51209.list,True,0,6756,6756,6756,6756,0.2082,True,True,0,0.000000,True,0,0.000000,True,0,0.000000
LH_569,569,0.75065,data/raw/CAMELS_SIMBA_1000U/LH_569_hlist_0.75065.list,True,0,6508,6508,6508,6508,0.2082,True,True,0,0.000000,True,0,0.000000,True,0,0.000000
LH_569,569,1.00000,data/raw/CAMELS_SIMBA_1000U/LH_569_hlist_1.00000.list,True,0,6784,6784,6784,6784,0.2082,True,True,0,0.000000,True,0,0.000000,True,0,0.000000
LH_570,570,0.20000,data/raw/CAMELS_SIMBA_1000U/LH_570_hlist_0.20000.list,True,0,1261,1261,1261,1261,0.195,True,True,0,0.000000,False,239,0.159333,False,739,0.369500
LH_570,570,0.25000,data/raw/CAMELS_SIMBA_1000U/LH_570_hlist_0.25000.list,True,0,2769,2769,2769,2769,0.195,True,True,0,0.000000,True,0,0.000000,True,0,0.000000
LH_570,570,0.51209,data/raw/CAMELS_SIMBA_1000U/LH_570_hlist_0.51209.list,True,0,6257,6257,6257,6257,0.195,True,True,0,0.000000,True,0,0.000000,True,0,0.000000
LH_570,570,0.75065,data/raw/CAMELS_SIMBA_1000U/LH_570_hlist_0.75065.list,True,0,6940,6940,6940,6940,0.195,True,True,0,0.000000,True,0,0.000000,True,0,0.000000
LH_570,570,1.00000,data/raw/CAMELS_SIMBA_1000U/LH_570_hlist_1.00000.list,True,0,7422,7422,7422,7422,0.195,True,True,0,0.000000,True,0,0.000000,True,0,0.000000
LH_571,571,0.20000,data/raw/CAMELS_SIMBA_1000U/LH_571_hlist_0.20000.list,True,0,5585,5585,5585,5585,0.495,True,True,0,0.000000,True,0,0.000000,True,0,0.000000
LH_571,571,0.25000,data/raw/CAMELS_SIMBA_1000U/LH_571_hlist_0.25000.list,True,0,6952,6952,6952,6952,0.495,True,True,0,0.000000,True,0,0.000000,True,0,0.000000
LH_571,571,0.51209,data/raw/CAMELS_SIMBA_1000U/LH_571_hlist_0.51209.list,True,0,8315,8315,8315,8315,0.495,True,True,0,0.000000,True,0,0.000000,True,0,0.000000
LH_571,571,0.75065,data/raw/CAMELS_SIMBA_1000U/LH_571_hlist_0.75065.list,True,0,7422,7422,7422,7422,0.495,True,True,0,0.000000,True,0,0.000000,True,0,0.000000
LH_571,571,1.00000,data/raw/CAMELS_SIMBA_1000U/LH_571_hlist_1.00000.list,True,0,6900,6900,6900,6900,0.495,True,True,0,0.000000,True,0,0.000000,True,0,0.000000
LH_572,572,0.20000,data/raw/CAMELS_SIMBA_1000U/LH_572_hlist_0.20000.list,True,0,5586,5586,5586,5586,0.403,True,True,0,0.000000,True,0,0.000000,True,0,0.000000
LH_572,572,0.25000,data/raw/CAMELS_SIMBA_1000U/LH_572_hlist_0.25000.list,True,0,6828,6828,6828,6828,0.403,True,True,0,0.000000,True,0,0.000000,True,0,0.000000
LH_572,572,0.51209,data/raw/CAMELS_SIMBA_1000U/LH_572_hlist_0.51209.list,True,0,7508,7508,7508,7508,0.403,True,True,0,0.000000,True,0,0.000000,True,0,0.000000
LH_572,572,0.75065,data/raw/CAMELS_SIMBA_1000U/LH_572_hlist_0.75065.list,True,0,6703,6703,6703,6703,0.403,True,True,0,0.000000,True,0,0.000000,True,0,0.000000
LH_572,572,1.00000,data/raw/CAMELS_SIMBA_1000U/LH_572_hlist_1.00000.list,True,0,6558,6558,6558,6558,0.403,True,True,0,0.000000,True,0,0.000000,True,0,0.000000
LH_573,573,0.20000,data/raw/CAMELS_SIMBA_1000U/LH_573_hlist_0.20000.list,True,0,8774,8774,8774,8774,0.4526,True,True,0,0.000000,True,0,0.000000,True,0,0.000000
LH_573,573,0.25000,data/raw/CAMELS_SIMBA_1000U/LH_573_hlist_0.25000.list,True,0,9197,9197,9197,9197,0.4526,True,True,0,0.000000,True,0,0.000000,True,0,0.000000
LH_573,573,0.51209,data/raw/CAMELS_SIMBA_1000U/LH_573_hlist_0.51209.list,True,0,7484,7484,7484,7484,0.4526,True,True,0,0.000000,True,0,0.000000,True,0,0.000000
LH_573,573,0.75065,data/raw/CAMELS_SIMBA_1000U/LH_573_hlist_0.75065.list,True,0,6333,6333,6333,6333,0.4526,True,True,0,0.000000,True,0,0.000000,True,0,0.000000
LH_573,573,1.00000,data/raw/CAMELS_SIMBA_1000U/LH_573_hlist_1.00000.list,True,0,5888,5888,5888,5888,0.4526,True,True,0,0.000000,True,0,0.000000,True,0,0.000000
LH_574,574,0.20000,data/raw/CAMELS_SIMBA_1000U/LH_574_hlist_0.20000.list,True,0,5364,5364,5364,5364,0.3566,True,True,0,0.000000,True,0,0.000000,True,0,0.000000
LH_574,574,0.25000,data/raw/CAMELS_SIMBA_1000U/LH_574_hlist_0.25000.list,True,0,6837,6837,6837,6837,0.3566,True,True,0,0.000000,True,0,0.000000,True,0,0.000000
LH_574,574,0.51209,data/raw/CAMELS_SIMBA_1000U/LH_574_hlist_0.51209.list,True,0,7726,7726,7726,7726,0.3566,True,True,0,0.000000,True,0,0.000000,True,0,0.000000
LH_574,574,0.75065,data/raw/CAMELS_SIMBA_1000U/LH_574_hlist_0.75065.list,True,0,6722,6722,6722,6722,0.3566,True,True,0,0.000000,True,0,0.000000,True,0,0.000000
LH_574,574,1.00000,data/raw/CAMELS_SIMBA_1000U/LH_574_hlist_1.00000.list,True,0,6654,6654,6654,6654,0.3566,True,True,0,0.000000,True,0,0.000000,True,0,0.000000
LH_575,575,0.20000,data/raw/CAMELS_SIMBA_1000U/LH_575_hlist_0.20000.list,True,0,6946,6946,6946,6946,0.3138,True,True,0,0.000000,True,0,0.000000,True,0,0.000000
LH_575,575,0.25000,data/raw/CAMELS_SIMBA_1000U/LH_575_hlist_0.25000.list,True,0,7562,7562,7562,7562,0.3138,True,True,0,0.000000,True,0,0.000000,True,0,0.000000
LH_575,575,0.51209,data/raw/CAMELS_SIMBA_1000U/LH_575_hlist_0.51209.list,True,0,6624,6624,6624,6624,0.3138,True,True,0,0.000000,True,0,0.000000,True,0,0.000000
LH_575,575,0.75065,data/raw/CAMELS_SIMBA_1000U/LH_575_hlist_0.75065.list,True,0,5780,5780,5780,5780,0.3138,True,True,0,0.000000,True,0,0.000000,True,0,0.000000
LH_575,575,1.00000,data/raw/CAMELS_SIMBA_1000U/LH_575_hlist_1.00000.list,True,0,5633,5633,5633,5633,0.3138,True,True,0,0.000000,True,0,0.000000,True,0,0.000000
LH_576,576,0.20000,data/raw/CAMELS_SIMBA_1000U/LH_576_hlist_0.20000.list,True,0,1988,1988,1988,1988,0.1974,True,True,0,0.000000,True,0,0.000000,False,12,0.006000
LH_576,576,0.25000,data/raw/CAMELS_SIMBA_1000U/LH_576_hlist_0.25000.list,True,0,3510,3510,3510,3510,0.1974,True,True,0,0.000000,True,0,0.000000,True,0,0.000000
LH_576,576,0.51209,data/raw/CAMELS_SIMBA_1000U/LH_576_hlist_0.51209.list,True,0,6457,6457,6457,6457,0.1974,True,True,0,0.000000,True,0,0.000000,True,0,0.000000
LH_576,576,0.75065,data/raw/CAMELS_SIMBA_1000U/LH_576_hlist_0.75065.list,True,0,6661,6661,6661,6661,0.1974,True,True,0,0.000000,True,0,0.000000,True,0,0.000000
LH_576,576,1.00000,data/raw/CAMELS_SIMBA_1000U/LH_576_hlist_1.00000.list,True,0,6914,6914,6914,6914,0.1974,True,True,0,0.000000,True,0,0.000000,True,0,0.000000
LH_577,577,0.20000,data/raw/CAMELS_SIMBA_1000U/LH_577_hlist_0.20000.list,True,0,1578,1578,1578,1578,0.1618,True,True,0,0.000000,True,0,0.000000,False,422,0.211000
LH_577,577,0.25000,data/raw/CAMELS_SIMBA_1000U/LH_577_hlist_0.25000.list,True,0,2974,2974,2974,2974,0.1618,True,True,0,0.000000,True,0,0.000000,True,0,0.000000
LH_577,577,0.51209,data/raw/CAMELS_SIMBA_1000U/LH_577_hlist_0.51209.list,True,0,5896,5896,5896,5896,0.1618,True,True,0,0.000000,True,0,0.000000,True,0,0.000000
LH_577,577,0.75065,data/raw/CAMELS_SIMBA_1000U/LH_577_hlist_0.75065.list,True,0,6190,6190,6190,6190,0.1618,True,True,0,0.000000,True,0,0.000000,True,0,0.000000
LH_577,577,1.00000,data/raw/CAMELS_SIMBA_1000U/LH_577_hlist_1.00000.list,True,0,6720,6720,6720,6720,0.1618,True,True,0,0.000000,True,0,0.000000,True,0,0.000000
LH_578,578,0.20000,data/raw/CAMELS_SIMBA_1000U/LH_578_hlist_0.20000.list,True,0,6639,6639,6639,6639,0.4346,True,True,0,0.000000,True,0,0.000000,True,0,0.000000
LH_578,578,0.25000,data/raw/CAMELS_SIMBA_1000U/LH_578_hlist_0.25000.list,True,0,7577,7577,7577,7577,0.4346,True,True,0,0.000000,True,0,0.000000,True,0,0.000000
LH_578,578,0.51209,data/raw/CAMELS_SIMBA_1000U/LH_578_hlist_0.51209.list,True,0,7993,7993,7993,7993,0.4346,True,True,0,0.000000,True,0,0.000000,True,0,0.000000
LH_578,578,0.75065,data/raw/CAMELS_SIMBA_1000U/LH_578_hlist_0.75065.list,True,0,6810,6810,6810,6810,0.4346,True,True,0,0.000000,True,0,0.000000,True,0,0.000000
LH_578,578,1.00000,data/raw/CAMELS_SIMBA_1000U/LH_578_hlist_1.00000.list,True,0,6561,6561,6561,6561,0.4346,True,True,0,0.000000,True,0,0.000000,True,0,0.000000
LH_579,579,0.20000,data/raw/CAMELS_SIMBA_1000U/LH_579_hlist_0.20000.list,True,0,7434,7434,7434,7434,0.3774,True,True,0,0.000000,True,0,0.000000,True,0,0.000000
LH_579,579,0.25000,data/raw/CAMELS_SIMBA_1000U/LH_579_hlist_0.25000.list,True,0,8097,8097,8097,8097,0.3774,True,True,0,0.000000,True,0,0.000000,True,0,0.000000
LH_579,579,0.51209,data/raw/CAMELS_SIMBA_1000U/LH_579_hlist_0.51209.list,True,0,7282,7282,7282,7282,0.3774,True,True,0,0.000000,True,0,0.000000,True,0,0.000000
LH_579,579,0.75065,data/raw/CAMELS_SIMBA_1000U/LH_579_hlist_0.75065.list,True,0,6248,6248,6248,6248,0.3774,True,True,0,0.000000,True,0,0.000000,True,0,0.000000
LH_579,579,1.00000,data/raw/CAMELS_SIMBA_1000U/LH_579_hlist_1.00000.list,True,0,6089,6089,6089,6089,0.3774,True,True,0,0.000000,True,0,0.000000,True,0,0.000000
LH_580,580,0.20000,data/raw/CAMELS_SIMBA_1000U/LH_580_hlist_0.20000.list,True,0,2551,2551,2551,2551,0.3218,True,True,0,0.000000,True,0,0.000000,True,0,0.000000
LH_580,580,0.25000,data/raw/CAMELS_SIMBA_1000U/LH_580_hlist_0.25000.list,True,0,4095,4095,4095,4095,0.3218,True,True,0,0.000000,True,0,0.000000,True,0,0.000000
LH_580,580,0.51209,data/raw/CAMELS_SIMBA_1000U/LH_580_hlist_0.51209.list,True,0,7646,7646,7646,7646,0.3218,True,True,0,0.000000,True,0,0.000000,True,0,0.000000
LH_580,580,0.75065,data/raw/CAMELS_SIMBA_1000U/LH_580_hlist_0.75065.list,True,0,7832,7832,7832,7832,0.3218,True,True,0,0.000000,True,0,0.000000,True,0,0.000000
LH_580,580,1.00000,data/raw/CAMELS_SIMBA_1000U/LH_580_hlist_1.00000.list,True,0,8092,8092,8092,8092,0.3218,True,True,0,0.000000,True,0,0.000000,True,0,0.000000
LH_581,581,0.20000,data/raw/CAMELS_SIMBA_1000U/LH_581_hlist_0.20000.list,True,0,7870,7870,7870,7870,0.4722,True,True,0,0.000000,True,0,0.000000,True,0,0.000000
LH_581,581,0.25000,data/raw/CAMELS_SIMBA_1000U/LH_581_hlist_0.25000.list,True,0,8685,8685,8685,8685,0.4722,True,True,0,0.000000,True,0,0.000000,True,0,0.000000
LH_581,581,0.51209,data/raw/CAMELS_SIMBA_1000U/LH_581_hlist_0.51209.list,True,0,8060,8060,8060,8060,0.4722,True,True,0,0.000000,True,0,0.000000,True,0,0.000000
LH_581,581,0.75065,data/raw/CAMELS_SIMBA_1000U/LH_581_hlist_0.75065.list,True,0,6646,6646,6646,6646,0.4722,True,True,0,0.000000,True,0,0.000000,True,0,0.000000
LH_581,581,1.00000,data/raw/CAMELS_SIMBA_1000U/LH_581_hlist_1.00000.list,True,0,6231,6231,6231,6231,0.4722,True,True,0,0.000000,True,0,0.000000,True,0,0.000000
LH_582,582,0.20000,data/raw/CAMELS_SIMBA_1000U/LH_582_hlist_0.20000.list,True,0,2582,2582,2582,2582,0.2038,True,True,0,0.000000,True,0,0.000000,True,0,0.000000
LH_582,582,0.25000,data/raw/CAMELS_SIMBA_1000U/LH_582_hlist_0.25000.list,True,0,4164,4164,4164,4164,0.2038,True,True,0,0.000000,True,0,0.000000,True,0,0.000000
LH_582,582,0.51209,data/raw/CAMELS_SIMBA_1000U/LH_582_hlist_0.51209.list,True,0,6408,6408,6408,6408,0.2038,True,True,0,0.000000,True,0,0.000000,True,0,0.000000
LH_582,582,0.75065,data/raw/CAMELS_SIMBA_1000U/LH_582_hlist_0.75065.list,True,0,6336,6336,6336,6336,0.2038,True,True,0,0.000000,True,0,0.000000,True,0,0.000000
LH_582,582,1.00000,data/raw/CAMELS_SIMBA_1000U/LH_582_hlist_1.00000.list,True,0,6612,6612,6612,6612,0.2038,True,True,0,0.000000,True,0,0.000000,True,0,0.000000
LH_583,583,0.20000,data/raw/CAMELS_SIMBA_1000U/LH_583_hlist_0.20000.list,True,0,8869,8869,8869,8869,0.4742,True,True,0,0.000000,True,0,0.000000,True,0,0.000000
LH_583,583,0.25000,data/raw/CAMELS_SIMBA_1000U/LH_583_hlist_0.25000.list,True,0,9292,9292,9292,9292,0.4742,True,True,0,0.000000,True,0,0.000000,True,0,0.000000
LH_583,583,0.51209,data/raw/CAMELS_SIMBA_1000U/LH_583_hlist_0.51209.list,True,0,7465,7465,7465,7465,0.4742,True,True,0,0.000000,True,0,0.000000,True,0,0.000000
LH_583,583,0.75065,data/raw/CAMELS_SIMBA_1000U/LH_583_hlist_0.75065.list,True,0,6160,6160,6160,6160,0.4742,True,True,0,0.000000,True,0,0.000000,True,0,0.000000
LH_583,583,1.00000,data/raw/CAMELS_SIMBA_1000U/LH_583_hlist_1.00000.list,True,0,5769,5769,5769,5769,0.4742,True,True,0,0.000000,True,0,0.000000,True,0,0.000000
LH_584,584,0.20000,data/raw/CAMELS_SIMBA_1000U/LH_584_hlist_0.20000.list,True,0,3490,3490,3490,3490,0.1622,True,True,0,0.000000,True,0,0.000000,True,0,0.000000
LH_584,584,0.25000,data/raw/CAMELS_SIMBA_1000U/LH_584_hlist_0.25000.list,True,0,4487,4487,4487,4487,0.1622,True,True,0,0.000000,True,0,0.000000,True,0,0.000000
LH_584,584,0.51209,data/raw/CAMELS_SIMBA_1000U/LH_584_hlist_0.51209.list,True,0,5297,5297,5297,5297,0.1622,True,True,0,0.000000,True,0,0.000000,True,0,0.000000
LH_584,584,0.75065,data/raw/CAMELS_SIMBA_1000U/LH_584_hlist_0.75065.list,True,0,5213,5213,5213,5213,0.1622,True,True,0,0.000000,True,0,0.000000,True,0,0.000000
LH_584,584,1.00000,data/raw/CAMELS_SIMBA_1000U/LH_584_hlist_1.00000.list,True,0,5526,5526,5526,5526,0.1622,True,True,0,0.000000,True,0,0.000000,True,0,0.000000
LH_585,585,0.20000,data/raw/CAMELS_SIMBA_1000U/LH_585_hlist_0.20000.list,True,0,5078,5078,5078,5078,0.3738,True,True,0,0.000000,True,0,0.000000,True,0,0.000000
LH_585,585,0.25000,data/raw/CAMELS_SIMBA_1000U/LH_585_hlist_0.25000.list,True,0,6749,6749,6749,6749,0.3738,True,True,0,0.000000,True,0,0.000000,True,0,0.000000
LH_585,585,0.51209,data/raw/CAMELS_SIMBA_1000U/LH_585_hlist_0.51209.list,True,0,8148,8148,8148,8148,0.3738,True,True,0,0.000000,True,0,0.000000,True,0,0.000000
LH_585,585,0.75065,data/raw/CAMELS_SIMBA_1000U/LH_585_hlist_0.75065.list,True,0,7245,7245,7245,7245,0.3738,True,True,0,0.000000,True,0,0.000000,True,0,0.000000
LH_585,585,1.00000,data/raw/CAMELS_SIMBA_1000U/LH_585_hlist_1.00000.list,True,0,7020,7020,7020,7020,0.3738,True,True,0,0.000000,True,0,0.000000,True,0,0.000000
LH_586,586,0.20000,data/raw/CAMELS_SIMBA_1000U/LH_586_hlist_0.20000.list,True,0,2969,2969,2969,2969,0.1402,True,True,0,0.000000,True,0,0.000000,True,0,0.000000
LH_586,586,0.25000,data/raw/CAMELS_SIMBA_1000U/LH_586_hlist_0.25000.list,True,0,3989,3989,3989,3989,0.1402,True,True,0,0.000000,True,0,0.000000,True,0,0.000000
LH_586,586,0.51209,data/raw/CAMELS_SIMBA_1000U/LH_586_hlist_0.51209.list,True,0,4862,4862,4862,4862,0.1402,True,True,0,0.000000,True,0,0.000000,True,0,0.000000
LH_586,586,0.75065,data/raw/CAMELS_SIMBA_1000U/LH_586_hlist_0.75065.list,True,0,4850,4850,4850,4850,0.1402,True,True,0,0.000000,True,0,0.000000,True,0,0.000000
LH_586,586,1.00000,data/raw/CAMELS_SIMBA_1000U/LH_586_hlist_1.00000.list,True,0,5227,5227,5227,5227,0.1402,True,True,0,0.000000,True,0,0.000000,True,0,0.000000
LH_587,587,0.20000,data/raw/CAMELS_SIMBA_1000U/LH_587_hlist_0.20000.list,True,0,5149,5149,5149,5149,0.3758,True,True,0,0.000000,True,0,0.000000,True,0,0.000000
LH_587,587,0.25000,data/raw/CAMELS_SIMBA_1000U/LH_587_hlist_0.25000.list,True,0,6569,6569,6569,6569,0.3758,True,True,0,0.000000,True,0,0.000000,True,0,0.000000
LH_587,587,0.51209,data/raw/CAMELS_SIMBA_1000U/LH_587_hlist_0.51209.list,True,0,7740,7740,7740,7740,0.3758,True,True,0,0.000000,True,0,0.000000,True,0,0.000000
LH_587,587,0.75065,data/raw/CAMELS_SIMBA_1000U/LH_587_hlist_0.75065.list,True,0,6981,6981,6981,6981,0.3758,True,True,0,0.000000,True,0,0.000000,True,0,0.000000
LH_587,587,1.00000,data/raw/CAMELS_SIMBA_1000U/LH_587_hlist_1.00000.list,True,0,6792,6792,6792,6792,0.3758,True,True,0,0.000000,True,0,0.000000,True,0,0.000000
LH_588,588,0.20000,data/raw/CAMELS_SIMBA_1000U/LH_588_hlist_0.20000.list,True,0,3934,3934,3934,3934,0.3554,True,True,0,0.000000,True,0,0.000000,True,0,0.000000
LH_588,588,0.25000,data/raw/CAMELS_SIMBA_1000U/LH_588_hlist_0.25000.list,True,0,5476,5476,5476,5476,0.3554,True,True,0,0.000000,True,0,0.000000,True,0,0.000000
LH_588,588,0.51209,data/raw/CAMELS_SIMBA_1000U/LH_588_hlist_0.51209.list,True,0,8031,8031,8031,8031,0.3554,True,True,0,0.000000,True,0,0.000000,True,0,0.000000
LH_588,588,0.75065,data/raw/CAMELS_SIMBA_1000U/LH_588_hlist_0.75065.list,True,0,7537,7537,7537,7537,0.3554,True,True,0,0.000000,True,0,0.000000,True,0,0.000000
LH_588,588,1.00000,data/raw/CAMELS_SIMBA_1000U/LH_588_hlist_1.00000.list,True,0,7387,7387,7387,7387,0.3554,True,True,0,0.000000,True,0,0.000000,True,0,0.000000
LH_589,589,0.20000,data/raw/CAMELS_SIMBA_1000U/LH_589_hlist_0.20000.list,True,0,4321,4321,4321,4321,0.4358,True,True,0,0.000000,True,0,0.000000,True,0,0.000000
LH_589,589,0.25000,data/raw/CAMELS_SIMBA_1000U/LH_589_hlist_0.25000.list,True,0,6058,6058,6058,6058,0.4358,True,True,0,0.000000,True,0,0.000000,True,0,0.000000
LH_589,589,0.51209,data/raw/CAMELS_SIMBA_1000U/LH_589_hlist_0.51209.list,True,0,8701,8701,8701,8701,0.4358,True,True,0,0.000000,True,0,0.000000,True,0,0.000000
LH_589,589,0.75065,data/raw/CAMELS_SIMBA_1000U/LH_589_hlist_0.75065.list,True,0,8109,8109,8109,8109,0.4358,True,True,0,0.000000,True,0,0.000000,True,0,0.000000
LH_589,589,1.00000,data/raw/CAMELS_SIMBA_1000U/LH_589_hlist_1.00000.list,True,0,7828,7828,7828,7828,0.4358,True,True,0,0.000000,True,0,0.000000,True,0,0.000000
LH_590,590,0.20000,data/raw/CAMELS_SIMBA_1000U/LH_590_hlist_0.20000.list,True,0,6078,6078,6078,6078,0.331,True,True,0,0.000000,True,0,0.000000,True,0,0.000000
LH_590,590,0.25000,data/raw/CAMELS_SIMBA_1000U/LH_590_hlist_0.25000.list,True,0,7336,7336,7336,7336,0.331,True,True,0,0.000000,True,0,0.000000,True,0,0.000000
LH_590,590,0.51209,data/raw/CAMELS_SIMBA_1000U/LH_590_hlist_0.51209.list,True,0,7350,7350,7350,7350,0.331,True,True,0,0.000000,True,0,0.000000,True,0,0.000000
LH_590,590,0.75065,data/raw/CAMELS_SIMBA_1000U/LH_590_hlist_0.75065.list,True,0,6503,6503,6503,6503,0.331,True,True,0,0.000000,True,0,0.000000,True,0,0.000000
LH_590,590,1.00000,data/raw/CAMELS_SIMBA_1000U/LH_590_hlist_1.00000.list,True,0,6327,6327,6327,6327,0.331,True,True,0,0.000000,True,0,0.000000,True,0,0.000000
LH_591,591,0.20000,data/raw/CAMELS_SIMBA_1000U/LH_591_hlist_0.20000.list,True,0,5896,5896,5896,5896,0.4074,True,True,0,0.000000,True,0,0.000000,True,0,0.000000
LH_591,591,0.25000,data/raw/CAMELS_SIMBA_1000U/LH_591_hlist_0.25000.list,True,0,7220,7220,7220,7220,0.4074,True,True,0,0.000000,True,0,0.000000,True,0,0.000000
LH_591,591,0.51209,data/raw/CAMELS_SIMBA_1000U/LH_591_hlist_0.51209.list,True,0,8103,8103,8103,8103,0.4074,True,True,0,0.000000,True,0,0.000000,True,0,0.000000
LH_591,591,0.75065,data/raw/CAMELS_SIMBA_1000U/LH_591_hlist_0.75065.list,True,0,7241,7241,7241,7241,0.4074,True,True,0,0.000000,True,0,0.000000,True,0,0.000000
LH_591,591,1.00000,data/raw/CAMELS_SIMBA_1000U/LH_591_hlist_1.00000.list,True,0,7034,7034,7034,7034,0.4074,True,True,0,0.000000,True,0,0.000000,True,0,0.000000
LH_592,592,0.20000,data/raw/CAMELS_SIMBA_1000U/LH_592_hlist_0.20000.list,True,0,8018,8018,8018,8018,0.455,True,True,0,0.000000,True,0,0.000000,True,0,0.000000
LH_592,592,0.25000,data/raw/CAMELS_SIMBA_1000U/LH_592_hlist_0.25000.list,True,0,8737,8737,8737,8737,0.455,True,True,0,0.000000,True,0,0.000000,True,0,0.000000
LH_592,592,0.51209,data/raw/CAMELS_SIMBA_1000U/LH_592_hlist_0.51209.list,True,0,7968,7968,7968,7968,0.455,True,True,0,0.000000,True,0,0.000000,True,0,0.000000
LH_592,592,0.75065,data/raw/CAMELS_SIMBA_1000U/LH_592_hlist_0.75065.list,True,0,6708,6708,6708,6708,0.455,True,True,0,0.000000,True,0,0.000000,True,0,0.000000
LH_592,592,1.00000,data/raw/CAMELS_SIMBA_1000U/LH_592_hlist_1.00000.list,True,0,6295,6295,6295,6295,0.455,True,True,0,0.000000,True,0,0.000000,True,0,0.000000
LH_593,593,0.20000,data/raw/CAMELS_SIMBA_1000U/LH_593_hlist_0.20000.list,True,0,4084,4084,4084,4084,0.2874,True,True,0,0.000000,True,0,0.000000,True,0,0.000000
LH_593,593,0.25000,data/raw/CAMELS_SIMBA_1000U/LH_593_hlist_0.25000.list,True,0,5685,5685,5685,5685,0.2874,True,True,0,0.000000,True,0,0.000000,True,0,0.000000
LH_593,593,0.51209,data/raw/CAMELS_SIMBA_1000U/LH_593_hlist_0.51209.list,True,0,7720,7720,7720,7720,0.2874,True,True,0,0.000000,True,0,0.000000,True,0,0.000000
LH_593,593,0.75065,data/raw/CAMELS_SIMBA_1000U/LH_593_hlist_0.75065.list,True,0,7102,7102,7102,7102,0.2874,True,True,0,0.000000,True,0,0.000000,True,0,0.000000
LH_593,593,1.00000,data/raw/CAMELS_SIMBA_1000U/LH_593_hlist_1.00000.list,True,0,7109,7109,7109,7109,0.2874,True,True,0,0.000000,True,0,0.000000,True,0,0.000000
LH_594,594,0.20000,data/raw/CAMELS_SIMBA_1000U/LH_594_hlist_0.20000.list,True,0,2403,2403,2403,2403,0.217,True,True,0,0.000000,True,0,0.000000,True,0,0.000000
LH_594,594,0.25000,data/raw/CAMELS_SIMBA_1000U/LH_594_hlist_0.25000.list,True,0,3817,3817,3817,3817,0.217,True,True,0,0.000000,True,0,0.000000,True,0,0.000000
LH_594,594,0.51209,data/raw/CAMELS_SIMBA_1000U/LH_594_hlist_0.51209.list,True,0,6250,6250,6250,6250,0.217,True,True,0,0.000000,True,0,0.000000,True,0,0.000000
LH_594,594,0.75065,data/raw/CAMELS_SIMBA_1000U/LH_594_hlist_0.75065.list,True,0,6183,6183,6183,6183,0.217,True,True,0,0.000000,True,0,0.000000,True,0,0.000000
LH_594,594,1.00000,data/raw/CAMELS_SIMBA_1000U/LH_594_hlist_1.00000.list,True,0,6487,6487,6487,6487,0.217,True,True,0,0.000000,True,0,0.000000,True,0,0.000000
LH_595,595,0.20000,data/raw/CAMELS_SIMBA_1000U/LH_595_hlist_0.20000.list,True,0,6769,6769,6769,6769,0.3834,True,True,0,0.000000,True,0,0.000000,True,0,0.000000
LH_595,595,0.25000,data/raw/CAMELS_SIMBA_1000U/LH_595_hlist_0.25000.list,True,0,7931,7931,7931,7931,0.3834,True,True,0,0.000000,True,0,0.000000,True,0,0.000000
LH_595,595,0.51209,data/raw/CAMELS_SIMBA_1000U/LH_595_hlist_0.51209.list,True,0,8167,8167,8167,8167,0.3834,True,True,0,0.000000,True,0,0.000000,True,0,0.000000
LH_595,595,0.75065,data/raw/CAMELS_SIMBA_1000U/LH_595_hlist_0.75065.list,True,0,7114,7114,7114,7114,0.3834,True,True,0,0.000000,True,0,0.000000,True,0,0.000000
LH_595,595,1.00000,data/raw/CAMELS_SIMBA_1000U/LH_595_hlist_1.00000.list,True,0,6828,6828,6828,6828,0.3834,True,True,0,0.000000,True,0,0.000000,True,0,0.000000
LH_596,596,0.20000,data/raw/CAMELS_SIMBA_1000U/LH_596_hlist_0.20000.list,True,0,5545,5545,5545,5545,0.3402,True,True,0,0.000000,True,0,0.000000,True,0,0.000000
LH_596,596,0.25000,data/raw/CAMELS_SIMBA_1000U/LH_596_hlist_0.25000.list,True,0,7022,7022,7022,7022,0.3402,True,True,0,0.000000,True,0,0.000000,True,0,0.000000
LH_596,596,0.51209,data/raw/CAMELS_SIMBA_1000U/LH_596_hlist_0.51209.list,True,0,7955,7955,7955,7955,0.3402,True,True,0,0.000000,True,0,0.000000,True,0,0.000000
LH_596,596,0.75065,data/raw/CAMELS_SIMBA_1000U/LH_596_hlist_0.75065.list,True,0,7070,7070,7070,7070,0.3402,True,True,0,0.000000,True,0,0.000000,True,0,0.000000
LH_596,596,1.00000,data/raw/CAMELS_SIMBA_1000U/LH_596_hlist_1.00000.list,True,0,6953,6953,6953,6953,0.3402,True,True,0,0.000000,True,0,0.000000,True,0,0.000000
LH_597,597,0.20000,data/raw/CAMELS_SIMBA_1000U/LH_597_hlist_0.20000.list,True,0,5682,5682,5682,5682,0.4386,True,True,0,0.000000,True,0,0.000000,True,0,0.000000
LH_597,597,0.25000,data/raw/CAMELS_SIMBA_1000U/LH_597_hlist_0.25000.list,True,0,7242,7242,7242,7242,0.4386,True,True,0,0.000000,True,0,0.000000,True,0,0.000000
LH_597,597,0.51209,data/raw/CAMELS_SIMBA_1000U/LH_597_hlist_0.51209.list,True,0,8627,8627,8627,8627,0.4386,True,True,0,0.000000,True,0,0.000000,True,0,0.000000
LH_597,597,0.75065,data/raw/CAMELS_SIMBA_1000U/LH_597_hlist_0.75065.list,True,0,7605,7605,7605,7605,0.4386,True,True,0,0.000000,True,0,0.000000,True,0,0.000000
LH_597,597,1.00000,data/raw/CAMELS_SIMBA_1000U/LH_597_hlist_1.00000.list,True,0,7284,7284,7284,7284,0.4386,True,True,0,0.000000,True,0,0.000000,True,0,0.000000
LH_598,598,0.20000,data/raw/CAMELS_SIMBA_1000U/LH_598_hlist_0.20000.list,True,0,5479,5479,5479,5479,0.257,True,True,0,0.000000,True,0,0.000000,True,0,0.000000
LH_598,598,0.25000,data/raw/CAMELS_SIMBA_1000U/LH_598_hlist_0.25000.list,True,0,6758,6758,6758,6758,0.257,True,True,0,0.000000,True,0,0.000000,True,0,0.000000
LH_598,598,0.51209,data/raw/CAMELS_SIMBA_1000U/LH_598_hlist_0.51209.list,True,0,6858,6858,6858,6858,0.257,True,True,0,0.000000,True,0,0.000000,True,0,0.000000
LH_598,598,0.75065,data/raw/CAMELS_SIMBA_1000U/LH_598_hlist_0.75065.list,True,0,6226,6226,6226,6226,0.257,True,True,0,0.000000,True,0,0.000000,True,0,0.000000
LH_598,598,1.00000,data/raw/CAMELS_SIMBA_1000U/LH_598_hlist_1.00000.list,True,0,6274,6274,6274,6274,0.257,True,True,0,0.000000,True,0,0.000000,True,0,0.000000
LH_599,599,0.20000,data/raw/CAMELS_SIMBA_1000U/LH_599_hlist_0.20000.list,True,0,1564,1564,1564,1564,0.1302,True,True,0,0.000000,True,0,0.000000,False,436,0.218000
LH_599,599,0.25000,data/raw/CAMELS_SIMBA_1000U/LH_599_hlist_0.25000.list,True,0,2686,2686,2686,2686,0.1302,True,True,0,0.000000,True,0,0.000000,True,0,0.000000
LH_599,599,0.51209,data/raw/CAMELS_SIMBA_1000U/LH_599_hlist_0.51209.list,True,0,4615,4615,4615,4615,0.1302,True,True,0,0.000000,True,0,0.000000,True,0,0.000000
LH_599,599,0.75065,data/raw/CAMELS_SIMBA_1000U/LH_599_hlist_0.75065.list,True,0,4812,4812,4812,4812,0.1302,True,True,0,0.000000,True,0,0.000000,True,0,0.000000
LH_599,599,1.00000,data/raw/CAMELS_SIMBA_1000U/LH_599_hlist_1.00000.list,True,0,5374,5374,5374,5374,0.1302,True,True,0,0.000000,True,0,0.000000,True,0,0.000000
LH_600,600,0.20000,data/raw/CAMELS_SIMBA_1000U/LH_600_hlist_0.20000.list,True,0,4607,4607,4607,4607,0.4922,True,True,0,0.000000,True,0,0.000000,True,0,0.000000
LH_600,600,0.25000,data/raw/CAMELS_SIMBA_1000U/LH_600_hlist_0.25000.list,True,0,6206,6206,6206,6206,0.4922,True,True,0,0.000000,True,0,0.000000,True,0,0.000000
LH_600,600,0.51209,data/raw/CAMELS_SIMBA_1000U/LH_600_hlist_0.51209.list,True,0,8521,8521,8521,8521,0.4922,True,True,0,0.000000,True,0,0.000000,True,0,0.000000
LH_600,600,0.75065,data/raw/CAMELS_SIMBA_1000U/LH_600_hlist_0.75065.list,True,0,7917,7917,7917,7917,0.4922,True,True,0,0.000000,True,0,0.000000,True,0,0.000000
LH_600,600,1.00000,data/raw/CAMELS_SIMBA_1000U/LH_600_hlist_1.00000.list,True,0,7507,7507,7507,7507,0.4922,True,True,0,0.000000,True,0,0.000000,True,0,0.000000
LH_601,601,0.20000,data/raw/CAMELS_SIMBA_1000U/LH_601_hlist_0.20000.list,True,0,2891,2891,2891,2891,0.1494,True,True,0,0.000000,True,0,0.000000,True,0,0.000000
LH_601,601,0.25000,data/raw/CAMELS_SIMBA_1000U/LH_601_hlist_0.25000.list,True,0,4280,4280,4280,4280,0.1494,True,True,0,0.000000,True,0,0.000000,True,0,0.000000
LH_601,601,0.51209,data/raw/CAMELS_SIMBA_1000U/LH_601_hlist_0.51209.list,True,0,5220,5220,5220,5220,0.1494,True,True,0,0.000000,True,0,0.000000,True,0,0.000000
LH_601,601,0.75065,data/raw/CAMELS_SIMBA_1000U/LH_601_hlist_0.75065.list,True,0,5066,5066,5066,5066,0.1494,True,True,0,0.000000,True,0,0.000000,True,0,0.000000
LH_601,601,1.00000,data/raw/CAMELS_SIMBA_1000U/LH_601_hlist_1.00000.list,True,0,5419,5419,5419,5419,0.1494,True,True,0,0.000000,True,0,0.000000,True,0,0.000000
LH_602,602,0.20000,data/raw/CAMELS_SIMBA_1000U/LH_602_hlist_0.20000.list,True,0,3348,3348,3348,3348,0.135,True,True,0,0.000000,True,0,0.000000,True,0,0.000000
LH_602,602,0.25000,data/raw/CAMELS_SIMBA_1000U/LH_602_hlist_0.25000.list,True,0,4589,4589,4589,4589,0.135,True,True,0,0.000000,True,0,0.000000,True,0,0.000000
LH_602,602,0.51209,data/raw/CAMELS_SIMBA_1000U/LH_602_hlist_0.51209.list,True,0,5636,5636,5636,5636,0.135,True,True,0,0.000000,True,0,0.000000,True,0,0.000000
LH_602,602,0.75065,data/raw/CAMELS_SIMBA_1000U/LH_602_hlist_0.75065.list,True,0,5533,5533,5533,5533,0.135,True,True,0,0.000000,True,0,0.000000,True,0,0.000000
LH_602,602,1.00000,data/raw/CAMELS_SIMBA_1000U/LH_602_hlist_1.00000.list,True,0,5884,5884,5884,5884,0.135,True,True,0,0.000000,True,0,0.000000,True,0,0.000000
LH_603,603,0.20000,data/raw/CAMELS_SIMBA_1000U/LH_603_hlist_0.20000.list,True,0,3033,3033,3033,3033,0.1382,True,True,0,0.000000,True,0,0.000000,True,0,0.000000
LH_603,603,0.25000,data/raw/CAMELS_SIMBA_1000U/LH_603_hlist_0.25000.list,True,0,4456,4456,4456,4456,0.1382,True,True,0,0.000000,True,0,0.000000,True,0,0.000000
LH_603,603,0.51209,data/raw/CAMELS_SIMBA_1000U/LH_603_hlist_0.51209.list,True,0,5155,5155,5155,5155,0.1382,True,True,0,0.000000,True,0,0.000000,True,0,0.000000
LH_603,603,0.75065,data/raw/CAMELS_SIMBA_1000U/LH_603_hlist_0.75065.list,True,0,5205,5205,5205,5205,0.1382,True,True,0,0.000000,True,0,0.000000,True,0,0.000000
LH_603,603,1.00000,data/raw/CAMELS_SIMBA_1000U/LH_603_hlist_1.00000.list,True,0,5628,5628,5628,5628,0.1382,True,True,0,0.000000,True,0,0.000000,True,0,0.000000
LH_604,604,0.20000,data/raw/CAMELS_SIMBA_1000U/LH_604_hlist_0.20000.list,True,0,1069,1069,1069,1069,0.1478,True,True,0,0.000000,False,431,0.287333,False,931,0.465500
LH_604,604,0.25000,data/raw/CAMELS_SIMBA_1000U/LH_604_hlist_0.25000.list,True,0,2432,2432,2432,2432,0.1478,True,True,0,0.000000,True,0,0.000000,True,0,0.000000
LH_604,604,0.51209,data/raw/CAMELS_SIMBA_1000U/LH_604_hlist_0.51209.list,True,0,5167,5167,5167,5167,0.1478,True,True,0,0.000000,True,0,0.000000,True,0,0.000000
LH_604,604,0.75065,data/raw/CAMELS_SIMBA_1000U/LH_604_hlist_0.75065.list,True,0,5373,5373,5373,5373,0.1478,True,True,0,0.000000,True,0,0.000000,True,0,0.000000
LH_604,604,1.00000,data/raw/CAMELS_SIMBA_1000U/LH_604_hlist_1.00000.list,True,0,5832,5832,5832,5832,0.1478,True,True,0,0.000000,True,0,0.000000,True,0,0.000000
LH_605,605,0.20000,data/raw/CAMELS_SIMBA_1000U/LH_605_hlist_0.20000.list,True,0,541,541,541,541,0.1082,True,False,459,0.459000,False,959,0.639333,False,1459,0.729500
LH_605,605,0.25000,data/raw/CAMELS_SIMBA_1000U/LH_605_hlist_0.25000.list,True,0,1314,1314,1314,1314,0.1082,True,True,0,0.000000,False,186,0.124000,False,686,0.343000
LH_605,605,0.51209,data/raw/CAMELS_SIMBA_1000U/LH_605_hlist_0.51209.list,True,0,3905,3905,3905,3905,0.1082,True,True,0,0.000000,True,0,0.000000,True,0,0.000000
LH_605,605,0.75065,data/raw/CAMELS_SIMBA_1000U/LH_605_hlist_0.75065.list,True,0,4591,4591,4591,4591,0.1082,True,True,0,0.000000,True,0,0.000000,True,0,0.000000
LH_605,605,1.00000,data/raw/CAMELS_SIMBA_1000U/LH_605_hlist_1.00000.list,True,0,5192,5192,5192,5192,0.1082,True,True,0,0.000000,True,0,0.000000,True,0,0.000000
LH_606,606,0.20000,data/raw/CAMELS_SIMBA_1000U/LH_606_hlist_0.20000.list,True,0,2848,2848,2848,2848,0.1394,True,True,0,0.000000,True,0,0.000000,True,0,0.000000
LH_606,606,0.25000,data/raw/CAMELS_SIMBA_1000U/LH_606_hlist_0.25000.list,True,0,4033,4033,4033,4033,0.1394,True,True,0,0.000000,True,0,0.000000,True,0,0.000000
LH_606,606,0.51209,data/raw/CAMELS_SIMBA_1000U/LH_606_hlist_0.51209.list,True,0,5273,5273,5273,5273,0.1394,True,True,0,0.000000,True,0,0.000000,True,0,0.000000
LH_606,606,0.75065,data/raw/CAMELS_SIMBA_1000U/LH_606_hlist_0.75065.list,True,0,5360,5360,5360,5360,0.1394,True,True,0,0.000000,True,0,0.000000,True,0,0.000000
LH_606,606,1.00000,data/raw/CAMELS_SIMBA_1000U/LH_606_hlist_1.00000.list,True,0,5875,5875,5875,5875,0.1394,True,True,0,0.000000,True,0,0.000000,True,0,0.000000
LH_607,607,0.20000,data/raw/CAMELS_SIMBA_1000U/LH_607_hlist_0.20000.list,True,0,8266,8266,8266,8266,0.427,True,True,0,0.000000,True,0,0.000000,True,0,0.000000
LH_607,607,0.25000,data/raw/CAMELS_SIMBA_1000U/LH_607_hlist_0.25000.list,True,0,8952,8952,8952,8952,0.427,True,True,0,0.000000,True,0,0.000000,True,0,0.000000
LH_607,607,0.51209,data/raw/CAMELS_SIMBA_1000U/LH_607_hlist_0.51209.list,True,0,7520,7520,7520,7520,0.427,True,True,0,0.000000,True,0,0.000000,True,0,0.000000
LH_607,607,0.75065,data/raw/CAMELS_SIMBA_1000U/LH_607_hlist_0.75065.list,True,0,6061,6061,6061,6061,0.427,True,True,0,0.000000,True,0,0.000000,True,0,0.000000
LH_607,607,1.00000,data/raw/CAMELS_SIMBA_1000U/LH_607_hlist_1.00000.list,True,0,5818,5818,5818,5818,0.427,True,True,0,0.000000,True,0,0.000000,True,0,0.000000
LH_608,608,0.20000,data/raw/CAMELS_SIMBA_1000U/LH_608_hlist_0.20000.list,True,0,3665,3665,3665,3665,0.3406,True,True,0,0.000000,True,0,0.000000,True,0,0.000000
LH_608,608,0.25000,data/raw/CAMELS_SIMBA_1000U/LH_608_hlist_0.25000.list,True,0,5412,5412,5412,5412,0.3406,True,True,0,0.000000,True,0,0.000000,True,0,0.000000
LH_608,608,0.51209,data/raw/CAMELS_SIMBA_1000U/LH_608_hlist_0.51209.list,True,0,7944,7944,7944,7944,0.3406,True,True,0,0.000000,True,0,0.000000,True,0,0.000000
LH_608,608,0.75065,data/raw/CAMELS_SIMBA_1000U/LH_608_hlist_0.75065.list,True,0,7448,7448,7448,7448,0.3406,True,True,0,0.000000,True,0,0.000000,True,0,0.000000
LH_608,608,1.00000,data/raw/CAMELS_SIMBA_1000U/LH_608_hlist_1.00000.list,True,0,7374,7374,7374,7374,0.3406,True,True,0,0.000000,True,0,0.000000,True,0,0.000000
LH_609,609,0.20000,data/raw/CAMELS_SIMBA_1000U/LH_609_hlist_0.20000.list,True,0,4331,4331,4331,4331,0.2046,True,True,0,0.000000,True,0,0.000000,True,0,0.000000
LH_609,609,0.25000,data/raw/CAMELS_SIMBA_1000U/LH_609_hlist_0.25000.list,True,0,5610,5610,5610,5610,0.2046,True,True,0,0.000000,True,0,0.000000,True,0,0.000000
LH_609,609,0.51209,data/raw/CAMELS_SIMBA_1000U/LH_609_hlist_0.51209.list,True,0,6623,6623,6623,6623,0.2046,True,True,0,0.000000,True,0,0.000000,True,0,0.000000
LH_609,609,0.75065,data/raw/CAMELS_SIMBA_1000U/LH_609_hlist_0.75065.list,True,0,6221,6221,6221,6221,0.2046,True,True,0,0.000000,True,0,0.000000,True,0,0.000000
LH_609,609,1.00000,data/raw/CAMELS_SIMBA_1000U/LH_609_hlist_1.00000.list,True,0,6515,6515,6515,6515,0.2046,True,True,0,0.000000,True,0,0.000000,True,0,0.000000
LH_610,610,0.20000,data/raw/CAMELS_SIMBA_1000U/LH_610_hlist_0.20000.list,True,0,6100,6100,6100,6100,0.3426,True,True,0,0.000000,True,0,0.000000,True,0,0.000000
LH_610,610,0.25000,data/raw/CAMELS_SIMBA_1000U/LH_610_hlist_0.25000.list,True,0,7358,7358,7358,7358,0.3426,True,True,0,0.000000,True,0,0.000000,True,0,0.000000
LH_610,610,0.51209,data/raw/CAMELS_SIMBA_1000U/LH_610_hlist_0.51209.list,True,0,7678,7678,7678,7678,0.3426,True,True,0,0.000000,True,0,0.000000,True,0,0.000000
LH_610,610,0.75065,data/raw/CAMELS_SIMBA_1000U/LH_610_hlist_0.75065.list,True,0,6838,6838,6838,6838,0.3426,True,True,0,0.000000,True,0,0.000000,True,0,0.000000
LH_610,610,1.00000,data/raw/CAMELS_SIMBA_1000U/LH_610_hlist_1.00000.list,True,0,6765,6765,6765,6765,0.3426,True,True,0,0.000000,True,0,0.000000,True,0,0.000000
LH_611,611,0.20000,data/raw/CAMELS_SIMBA_1000U/LH_611_hlist_0.20000.list,True,0,5088,5088,5088,5088,0.2658,True,True,0,0.000000,True,0,0.000000,True,0,0.000000
LH_611,611,0.25000,data/raw/CAMELS_SIMBA_1000U/LH_611_hlist_0.25000.list,True,0,6473,6473,6473,6473,0.2658,True,True,0,0.000000,True,0,0.000000,True,0,0.000000
LH_611,611,0.51209,data/raw/CAMELS_SIMBA_1000U/LH_611_hlist_0.51209.list,True,0,6868,6868,6868,6868,0.2658,True,True,0,0.000000,True,0,0.000000,True,0,0.000000
LH_611,611,0.75065,data/raw/CAMELS_SIMBA_1000U/LH_611_hlist_0.75065.list,True,0,6037,6037,6037,6037,0.2658,True,True,0,0.000000,True,0,0.000000,True,0,0.000000
LH_611,611,1.00000,data/raw/CAMELS_SIMBA_1000U/LH_611_hlist_1.00000.list,True,0,6036,6036,6036,6036,0.2658,True,True,0,0.000000,True,0,0.000000,True,0,0.000000
LH_612,612,0.20000,data/raw/CAMELS_SIMBA_1000U/LH_612_hlist_0.20000.list,True,0,7207,7207,7207,7207,0.4662,True,True,0,0.000000,True,0,0.000000,True,0,0.000000
LH_612,612,0.25000,data/raw/CAMELS_SIMBA_1000U/LH_612_hlist_0.25000.list,True,0,8273,8273,8273,8273,0.4662,True,True,0,0.000000,True,0,0.000000,True,0,0.000000
LH_612,612,0.51209,data/raw/CAMELS_SIMBA_1000U/LH_612_hlist_0.51209.list,True,0,8037,8037,8037,8037,0.4662,True,True,0,0.000000,True,0,0.000000,True,0,0.000000
LH_612,612,0.75065,data/raw/CAMELS_SIMBA_1000U/LH_612_hlist_0.75065.list,True,0,6835,6835,6835,6835,0.4662,True,True,0,0.000000,True,0,0.000000,True,0,0.000000
LH_612,612,1.00000,data/raw/CAMELS_SIMBA_1000U/LH_612_hlist_1.00000.list,True,0,6507,6507,6507,6507,0.4662,True,True,0,0.000000,True,0,0.000000,True,0,0.000000
LH_613,613,0.20000,data/raw/CAMELS_SIMBA_1000U/LH_613_hlist_0.20000.list,True,0,6446,6446,6446,6446,0.2686,True,True,0,0.000000,True,0,0.000000,True,0,0.000000
LH_613,613,0.25000,data/raw/CAMELS_SIMBA_1000U/LH_613_hlist_0.25000.list,True,0,7098,7098,7098,7098,0.2686,True,True,0,0.000000,True,0,0.000000,True,0,0.000000
LH_613,613,0.51209,data/raw/CAMELS_SIMBA_1000U/LH_613_hlist_0.51209.list,True,0,6496,6496,6496,6496,0.2686,True,True,0,0.000000,True,0,0.000000,True,0,0.000000
LH_613,613,0.75065,data/raw/CAMELS_SIMBA_1000U/LH_613_hlist_0.75065.list,True,0,5744,5744,5744,5744,0.2686,True,True,0,0.000000,True,0,0.000000,True,0,0.000000
LH_613,613,1.00000,data/raw/CAMELS_SIMBA_1000U/LH_613_hlist_1.00000.list,True,0,5789,5789,5789,5789,0.2686,True,True,0,0.000000,True,0,0.000000,True,0,0.000000
LH_614,614,0.20000,data/raw/CAMELS_SIMBA_1000U/LH_614_hlist_0.20000.list,True,0,4276,4276,4276,4276,0.4398,True,True,0,0.000000,True,0,0.000000,True,0,0.000000
LH_614,614,0.25000,data/raw/CAMELS_SIMBA_1000U/LH_614_hlist_0.25000.list,True,0,6020,6020,6020,6020,0.4398,True,True,0,0.000000,True,0,0.000000,True,0,0.000000
LH_614,614,0.51209,data/raw/CAMELS_SIMBA_1000U/LH_614_hlist_0.51209.list,True,0,8580,8580,8580,8580,0.4398,True,True,0,0.000000,True,0,0.000000,True,0,0.000000
LH_614,614,0.75065,data/raw/CAMELS_SIMBA_1000U/LH_614_hlist_0.75065.list,True,0,7833,7833,7833,7833,0.4398,True,True,0,0.000000,True,0,0.000000,True,0,0.000000
LH_614,614,1.00000,data/raw/CAMELS_SIMBA_1000U/LH_614_hlist_1.00000.list,True,0,7574,7574,7574,7574,0.4398,True,True,0,0.000000,True,0,0.000000,True,0,0.000000
LH_615,615,0.20000,data/raw/CAMELS_SIMBA_1000U/LH_615_hlist_0.20000.list,True,0,2341,2341,2341,2341,0.1118,True,True,0,0.000000,True,0,0.000000,True,0,0.000000
LH_615,615,0.25000,data/raw/CAMELS_SIMBA_1000U/LH_615_hlist_0.25000.list,True,0,3302,3302,3302,3302,0.1118,True,True,0,0.000000,True,0,0.000000,True,0,0.000000
LH_615,615,0.51209,data/raw/CAMELS_SIMBA_1000U/LH_615_hlist_0.51209.list,True,0,4244,4244,4244,4244,0.1118,True,True,0,0.000000,True,0,0.000000,True,0,0.000000
LH_615,615,0.75065,data/raw/CAMELS_SIMBA_1000U/LH_615_hlist_0.75065.list,True,0,4540,4540,4540,4540,0.1118,True,True,0,0.000000,True,0,0.000000,True,0,0.000000
LH_615,615,1.00000,data/raw/CAMELS_SIMBA_1000U/LH_615_hlist_1.00000.list,True,0,4981,4981,4981,4981,0.1118,True,True,0,0.000000,True,0,0.000000,True,0,0.000000
LH_616,616,0.20000,data/raw/CAMELS_SIMBA_1000U/LH_616_hlist_0.20000.list,True,0,415,415,415,415,0.1322,True,False,585,0.585000,False,1085,0.723333,False,1585,0.792500
LH_616,616,0.25000,data/raw/CAMELS_SIMBA_1000U/LH_616_hlist_0.25000.list,True,0,1712,1712,1712,1712,0.1322,True,True,0,0.000000,True,0,0.000000,False,288,0.144000
LH_616,616,0.51209,data/raw/CAMELS_SIMBA_1000U/LH_616_hlist_0.51209.list,True,0,4656,4656,4656,4656,0.1322,True,True,0,0.000000,True,0,0.000000,True,0,0.000000
LH_616,616,0.75065,data/raw/CAMELS_SIMBA_1000U/LH_616_hlist_0.75065.list,True,0,5197,5197,5197,5197,0.1322,True,True,0,0.000000,True,0,0.000000,True,0,0.000000
LH_616,616,1.00000,data/raw/CAMELS_SIMBA_1000U/LH_616_hlist_1.00000.list,True,0,5919,5919,5919,5919,0.1322,True,True,0,0.000000,True,0,0.000000,True,0,0.000000
LH_617,617,0.20000,data/raw/CAMELS_SIMBA_1000U/LH_617_hlist_0.20000.list,True,0,7520,7520,7520,7520,0.4538,True,True,0,0.000000,True,0,0.000000,True,0,0.000000
LH_617,617,0.25000,data/raw/CAMELS_SIMBA_1000U/LH_617_hlist_0.25000.list,True,0,8018,8018,8018,8018,0.4538,True,True,0,0.000000,True,0,0.000000,True,0,0.000000
LH_617,617,0.51209,data/raw/CAMELS_SIMBA_1000U/LH_617_hlist_0.51209.list,True,0,7326,7326,7326,7326,0.4538,True,True,0,0.000000,True,0,0.000000,True,0,0.000000
LH_617,617,0.75065,data/raw/CAMELS_SIMBA_1000U/LH_617_hlist_0.75065.list,True,0,6125,6125,6125,6125,0.4538,True,True,0,0.000000,True,0,0.000000,True,0,0.000000
LH_617,617,1.00000,data/raw/CAMELS_SIMBA_1000U/LH_617_hlist_1.00000.list,True,0,5515,5515,5515,5515,0.4538,True,True,0,0.000000,True,0,0.000000,True,0,0.000000
LH_618,618,0.20000,data/raw/CAMELS_SIMBA_1000U/LH_618_hlist_0.20000.list,True,0,3694,3694,3694,3694,0.1962,True,True,0,0.000000,True,0,0.000000,True,0,0.000000
LH_618,618,0.25000,data/raw/CAMELS_SIMBA_1000U/LH_618_hlist_0.25000.list,True,0,5118,5118,5118,5118,0.1962,True,True,0,0.000000,True,0,0.000000,True,0,0.000000
LH_618,618,0.51209,data/raw/CAMELS_SIMBA_1000U/LH_618_hlist_0.51209.list,True,0,6833,6833,6833,6833,0.1962,True,True,0,0.000000,True,0,0.000000,True,0,0.000000
LH_618,618,0.75065,data/raw/CAMELS_SIMBA_1000U/LH_618_hlist_0.75065.list,True,0,6743,6743,6743,6743,0.1962,True,True,0,0.000000,True,0,0.000000,True,0,0.000000
LH_618,618,1.00000,data/raw/CAMELS_SIMBA_1000U/LH_618_hlist_1.00000.list,True,0,7002,7002,7002,7002,0.1962,True,True,0,0.000000,True,0,0.000000,True,0,0.000000
LH_619,619,0.20000,data/raw/CAMELS_SIMBA_1000U/LH_619_hlist_0.20000.list,True,0,5026,5026,5026,5026,0.285,True,True,0,0.000000,True,0,0.000000,True,0,0.000000
LH_619,619,0.25000,data/raw/CAMELS_SIMBA_1000U/LH_619_hlist_0.25000.list,True,0,6312,6312,6312,6312,0.285,True,True,0,0.000000,True,0,0.000000,True,0,0.000000
LH_619,619,0.51209,data/raw/CAMELS_SIMBA_1000U/LH_619_hlist_0.51209.list,True,0,7237,7237,7237,7237,0.285,True,True,0,0.000000,True,0,0.000000,True,0,0.000000
LH_619,619,0.75065,data/raw/CAMELS_SIMBA_1000U/LH_619_hlist_0.75065.list,True,0,6669,6669,6669,6669,0.285,True,True,0,0.000000,True,0,0.000000,True,0,0.000000
LH_619,619,1.00000,data/raw/CAMELS_SIMBA_1000U/LH_619_hlist_1.00000.list,True,0,6704,6704,6704,6704,0.285,True,True,0,0.000000,True,0,0.000000,True,0,0.000000
LH_620,620,0.20000,data/raw/CAMELS_SIMBA_1000U/LH_620_hlist_0.20000.list,True,0,6690,6690,6690,6690,0.3398,True,True,0,0.000000,True,0,0.000000,True,0,0.000000
LH_620,620,0.25000,data/raw/CAMELS_SIMBA_1000U/LH_620_hlist_0.25000.list,True,0,7539,7539,7539,7539,0.3398,True,True,0,0.000000,True,0,0.000000,True,0,0.000000
LH_620,620,0.51209,data/raw/CAMELS_SIMBA_1000U/LH_620_hlist_0.51209.list,True,0,7232,7232,7232,7232,0.3398,True,True,0,0.000000,True,0,0.000000,True,0,0.000000
LH_620,620,0.75065,data/raw/CAMELS_SIMBA_1000U/LH_620_hlist_0.75065.list,True,0,6380,6380,6380,6380,0.3398,True,True,0,0.000000,True,0,0.000000,True,0,0.000000
LH_620,620,1.00000,data/raw/CAMELS_SIMBA_1000U/LH_620_hlist_1.00000.list,True,0,6264,6264,6264,6264,0.3398,True,True,0,0.000000,True,0,0.000000,True,0,0.000000
LH_621,621,0.20000,data/raw/CAMELS_SIMBA_1000U/LH_621_hlist_0.20000.list,True,0,3522,3522,3522,3522,0.2606,True,True,0,0.000000,True,0,0.000000,True,0,0.000000
LH_621,621,0.25000,data/raw/CAMELS_SIMBA_1000U/LH_621_hlist_0.25000.list,True,0,5164,5164,5164,5164,0.2606,True,True,0,0.000000,True,0,0.000000,True,0,0.000000
LH_621,621,0.51209,data/raw/CAMELS_SIMBA_1000U/LH_621_hlist_0.51209.list,True,0,7670,7670,7670,7670,0.2606,True,True,0,0.000000,True,0,0.000000,True,0,0.000000
LH_621,621,0.75065,data/raw/CAMELS_SIMBA_1000U/LH_621_hlist_0.75065.list,True,0,7423,7423,7423,7423,0.2606,True,True,0,0.000000,True,0,0.000000,True,0,0.000000
LH_621,621,1.00000,data/raw/CAMELS_SIMBA_1000U/LH_621_hlist_1.00000.list,True,0,7700,7700,7700,7700,0.2606,True,True,0,0.000000,True,0,0.000000,True,0,0.000000
LH_622,622,0.20000,data/raw/CAMELS_SIMBA_1000U/LH_622_hlist_0.20000.list,True,0,988,988,988,988,0.121,True,False,12,0.012000,False,512,0.341333,False,1012,0.506000
LH_622,622,0.25000,data/raw/CAMELS_SIMBA_1000U/LH_622_hlist_0.25000.list,True,0,1989,1989,1989,1989,0.121,True,True,0,0.000000,True,0,0.000000,False,11,0.005500
LH_622,622,0.51209,data/raw/CAMELS_SIMBA_1000U/LH_622_hlist_0.51209.list,True,0,4351,4351,4351,4351,0.121,True,True,0,0.000000,True,0,0.000000,True,0,0.000000
LH_622,622,0.75065,data/raw/CAMELS_SIMBA_1000U/LH_622_hlist_0.75065.list,True,0,4931,4931,4931,4931,0.121,True,True,0,0.000000,True,0,0.000000,True,0,0.000000
LH_622,622,1.00000,data/raw/CAMELS_SIMBA_1000U/LH_622_hlist_1.00000.list,True,0,5521,5521,5521,5521,0.121,True,True,0,0.000000,True,0,0.000000,True,0,0.000000
LH_623,623,0.20000,data/raw/CAMELS_SIMBA_1000U/LH_623_hlist_0.20000.list,True,0,3791,3791,3791,3791,0.1786,True,True,0,0.000000,True,0,0.000000,True,0,0.000000
LH_623,623,0.25000,data/raw/CAMELS_SIMBA_1000U/LH_623_hlist_0.25000.list,True,0,5282,5282,5282,5282,0.1786,True,True,0,0.000000,True,0,0.000000,True,0,0.000000
LH_623,623,0.51209,data/raw/CAMELS_SIMBA_1000U/LH_623_hlist_0.51209.list,True,0,6268,6268,6268,6268,0.1786,True,True,0,0.000000,True,0,0.000000,True,0,0.000000
LH_623,623,0.75065,data/raw/CAMELS_SIMBA_1000U/LH_623_hlist_0.75065.list,True,0,6083,6083,6083,6083,0.1786,True,True,0,0.000000,True,0,0.000000,True,0,0.000000
LH_623,623,1.00000,data/raw/CAMELS_SIMBA_1000U/LH_623_hlist_1.00000.list,True,0,6326,6326,6326,6326,0.1786,True,True,0,0.000000,True,0,0.000000,True,0,0.000000
LH_624,624,0.20000,data/raw/CAMELS_SIMBA_1000U/LH_624_hlist_0.20000.list,True,0,7251,7251,7251,7251,0.3794,True,True,0,0.000000,True,0,0.000000,True,0,0.000000
LH_624,624,0.25000,data/raw/CAMELS_SIMBA_1000U/LH_624_hlist_0.25000.list,True,0,8103,8103,8103,8103,0.3794,True,True,0,0.000000,True,0,0.000000,True,0,0.000000
LH_624,624,0.51209,data/raw/CAMELS_SIMBA_1000U/LH_624_hlist_0.51209.list,True,0,7630,7630,7630,7630,0.3794,True,True,0,0.000000,True,0,0.000000,True,0,0.000000
LH_624,624,0.75065,data/raw/CAMELS_SIMBA_1000U/LH_624_hlist_0.75065.list,True,0,6650,6650,6650,6650,0.3794,True,True,0,0.000000,True,0,0.000000,True,0,0.000000
LH_624,624,1.00000,data/raw/CAMELS_SIMBA_1000U/LH_624_hlist_1.00000.list,True,0,6457,6457,6457,6457,0.3794,True,True,0,0.000000,True,0,0.000000,True,0,0.000000
LH_625,625,0.20000,data/raw/CAMELS_SIMBA_1000U/LH_625_hlist_0.20000.list,True,0,729,729,729,729,0.1238,True,False,271,0.271000,False,771,0.514000,False,1271,0.635500
LH_625,625,0.25000,data/raw/CAMELS_SIMBA_1000U/LH_625_hlist_0.25000.list,True,0,1547,1547,1547,1547,0.1238,True,True,0,0.000000,True,0,0.000000,False,453,0.226500
LH_625,625,0.51209,data/raw/CAMELS_SIMBA_1000U/LH_625_hlist_0.51209.list,True,0,4347,4347,4347,4347,0.1238,True,True,0,0.000000,True,0,0.000000,True,0,0.000000
LH_625,625,0.75065,data/raw/CAMELS_SIMBA_1000U/LH_625_hlist_0.75065.list,True,0,4986,4986,4986,4986,0.1238,True,True,0,0.000000,True,0,0.000000,True,0,0.000000
LH_625,625,1.00000,data/raw/CAMELS_SIMBA_1000U/LH_625_hlist_1.00000.list,True,0,5656,5656,5656,5656,0.1238,True,True,0,0.000000,True,0,0.000000,True,0,0.000000
LH_626,626,0.20000,data/raw/CAMELS_SIMBA_1000U/LH_626_hlist_0.20000.list,True,0,7021,7021,7021,7021,0.3462,True,True,0,0.000000,True,0,0.000000,True,0,0.000000
LH_626,626,0.25000,data/raw/CAMELS_SIMBA_1000U/LH_626_hlist_0.25000.list,True,0,7898,7898,7898,7898,0.3462,True,True,0,0.000000,True,0,0.000000,True,0,0.000000
LH_626,626,0.51209,data/raw/CAMELS_SIMBA_1000U/LH_626_hlist_0.51209.list,True,0,7238,7238,7238,7238,0.3462,True,True,0,0.000000,True,0,0.000000,True,0,0.000000
LH_626,626,0.75065,data/raw/CAMELS_SIMBA_1000U/LH_626_hlist_0.75065.list,True,0,6280,6280,6280,6280,0.3462,True,True,0,0.000000,True,0,0.000000,True,0,0.000000
LH_626,626,1.00000,data/raw/CAMELS_SIMBA_1000U/LH_626_hlist_1.00000.list,True,0,6174,6174,6174,6174,0.3462,True,True,0,0.000000,True,0,0.000000,True,0,0.000000
LH_627,627,0.20000,data/raw/CAMELS_SIMBA_1000U/LH_627_hlist_0.20000.list,True,0,7577,7577,7577,7577,0.4606,True,True,0,0.000000,True,0,0.000000,True,0,0.000000
LH_627,627,0.25000,data/raw/CAMELS_SIMBA_1000U/LH_627_hlist_0.25000.list,True,0,8674,8674,8674,8674,0.4606,True,True,0,0.000000,True,0,0.000000,True,0,0.000000
LH_627,627,0.51209,data/raw/CAMELS_SIMBA_1000U/LH_627_hlist_0.51209.list,True,0,8308,8308,8308,8308,0.4606,True,True,0,0.000000,True,0,0.000000,True,0,0.000000
LH_627,627,0.75065,data/raw/CAMELS_SIMBA_1000U/LH_627_hlist_0.75065.list,True,0,7136,7136,7136,7136,0.4606,True,True,0,0.000000,True,0,0.000000,True,0,0.000000
LH_627,627,1.00000,data/raw/CAMELS_SIMBA_1000U/LH_627_hlist_1.00000.list,True,0,6828,6828,6828,6828,0.4606,True,True,0,0.000000,True,0,0.000000,True,0,0.000000
LH_628,628,0.20000,data/raw/CAMELS_SIMBA_1000U/LH_628_hlist_0.20000.list,True,0,6112,6112,6112,6112,0.2782,True,True,0,0.000000,True,0,0.000000,True,0,0.000000
LH_628,628,0.25000,data/raw/CAMELS_SIMBA_1000U/LH_628_hlist_0.25000.list,True,0,7194,7194,7194,7194,0.2782,True,True,0,0.000000,True,0,0.000000,True,0,0.000000
LH_628,628,0.51209,data/raw/CAMELS_SIMBA_1000U/LH_628_hlist_0.51209.list,True,0,7083,7083,7083,7083,0.2782,True,True,0,0.000000,True,0,0.000000,True,0,0.000000
LH_628,628,0.75065,data/raw/CAMELS_SIMBA_1000U/LH_628_hlist_0.75065.list,True,0,6397,6397,6397,6397,0.2782,True,True,0,0.000000,True,0,0.000000,True,0,0.000000
LH_628,628,1.00000,data/raw/CAMELS_SIMBA_1000U/LH_628_hlist_1.00000.list,True,0,6323,6323,6323,6323,0.2782,True,True,0,0.000000,True,0,0.000000,True,0,0.000000
LH_629,629,0.20000,data/raw/CAMELS_SIMBA_1000U/LH_629_hlist_0.20000.list,True,0,784,784,784,784,0.1486,True,False,216,0.216000,False,716,0.477333,False,1216,0.608000
LH_629,629,0.25000,data/raw/CAMELS_SIMBA_1000U/LH_629_hlist_0.25000.list,True,0,1946,1946,1946,1946,0.1486,True,True,0,0.000000,True,0,0.000000,False,54,0.027000
LH_629,629,0.51209,data/raw/CAMELS_SIMBA_1000U/LH_629_hlist_0.51209.list,True,0,5170,5170,5170,5170,0.1486,True,True,0,0.000000,True,0,0.000000,True,0,0.000000
LH_629,629,0.75065,data/raw/CAMELS_SIMBA_1000U/LH_629_hlist_0.75065.list,True,0,5894,5894,5894,5894,0.1486,True,True,0,0.000000,True,0,0.000000,True,0,0.000000
LH_629,629,1.00000,data/raw/CAMELS_SIMBA_1000U/LH_629_hlist_1.00000.list,True,0,6517,6517,6517,6517,0.1486,True,True,0,0.000000,True,0,0.000000,True,0,0.000000
LH_630,630,0.20000,data/raw/CAMELS_SIMBA_1000U/LH_630_hlist_0.20000.list,True,0,8016,8016,8016,8016,0.3718,True,True,0,0.000000,True,0,0.000000,True,0,0.000000
LH_630,630,0.25000,data/raw/CAMELS_SIMBA_1000U/LH_630_hlist_0.25000.list,True,0,8573,8573,8573,8573,0.3718,True,True,0,0.000000,True,0,0.000000,True,0,0.000000
LH_630,630,0.51209,data/raw/CAMELS_SIMBA_1000U/LH_630_hlist_0.51209.list,True,0,7573,7573,7573,7573,0.3718,True,True,0,0.000000,True,0,0.000000,True,0,0.000000
LH_630,630,0.75065,data/raw/CAMELS_SIMBA_1000U/LH_630_hlist_0.75065.list,True,0,6731,6731,6731,6731,0.3718,True,True,0,0.000000,True,0,0.000000,True,0,0.000000
LH_630,630,1.00000,data/raw/CAMELS_SIMBA_1000U/LH_630_hlist_1.00000.list,True,0,6426,6426,6426,6426,0.3718,True,True,0,0.000000,True,0,0.000000,True,0,0.000000
LH_631,631,0.20000,data/raw/CAMELS_SIMBA_1000U/LH_631_hlist_0.20000.list,True,0,1719,1719,1719,1719,0.2022,True,True,0,0.000000,True,0,0.000000,False,281,0.140500
LH_631,631,0.25000,data/raw/CAMELS_SIMBA_1000U/LH_631_hlist_0.25000.list,True,0,3156,3156,3156,3156,0.2022,True,True,0,0.000000,True,0,0.000000,True,0,0.000000
LH_631,631,0.51209,data/raw/CAMELS_SIMBA_1000U/LH_631_hlist_0.51209.list,True,0,6460,6460,6460,6460,0.2022,True,True,0,0.000000,True,0,0.000000,True,0,0.000000
LH_631,631,0.75065,data/raw/CAMELS_SIMBA_1000U/LH_631_hlist_0.75065.list,True,0,6537,6537,6537,6537,0.2022,True,True,0,0.000000,True,0,0.000000,True,0,0.000000
LH_631,631,1.00000,data/raw/CAMELS_SIMBA_1000U/LH_631_hlist_1.00000.list,True,0,6918,6918,6918,6918,0.2022,True,True,0,0.000000,True,0,0.000000,True,0,0.000000
LH_632,632,0.20000,data/raw/CAMELS_SIMBA_1000U/LH_632_hlist_0.20000.list,True,0,3413,3413,3413,3413,0.2702,True,True,0,0.000000,True,0,0.000000,True,0,0.000000
LH_632,632,0.25000,data/raw/CAMELS_SIMBA_1000U/LH_632_hlist_0.25000.list,True,0,4944,4944,4944,4944,0.2702,True,True,0,0.000000,True,0,0.000000,True,0,0.000000
LH_632,632,0.51209,data/raw/CAMELS_SIMBA_1000U/LH_632_hlist_0.51209.list,True,0,7339,7339,7339,7339,0.2702,True,True,0,0.000000,True,0,0.000000,True,0,0.000000
LH_632,632,0.75065,data/raw/CAMELS_SIMBA_1000U/LH_632_hlist_0.75065.list,True,0,7268,7268,7268,7268,0.2702,True,True,0,0.000000,True,0,0.000000,True,0,0.000000
LH_632,632,1.00000,data/raw/CAMELS_SIMBA_1000U/LH_632_hlist_1.00000.list,True,0,7522,7522,7522,7522,0.2702,True,True,0,0.000000,True,0,0.000000,True,0,0.000000
LH_633,633,0.20000,data/raw/CAMELS_SIMBA_1000U/LH_633_hlist_0.20000.list,True,0,5593,5593,5593,5593,0.3962,True,True,0,0.000000,True,0,0.000000,True,0,0.000000
LH_633,633,0.25000,data/raw/CAMELS_SIMBA_1000U/LH_633_hlist_0.25000.list,True,0,6853,6853,6853,6853,0.3962,True,True,0,0.000000,True,0,0.000000,True,0,0.000000
LH_633,633,0.51209,data/raw/CAMELS_SIMBA_1000U/LH_633_hlist_0.51209.list,True,0,8436,8436,8436,8436,0.3962,True,True,0,0.000000,True,0,0.000000,True,0,0.000000
LH_633,633,0.75065,data/raw/CAMELS_SIMBA_1000U/LH_633_hlist_0.75065.list,True,0,7632,7632,7632,7632,0.3962,True,True,0,0.000000,True,0,0.000000,True,0,0.000000
LH_633,633,1.00000,data/raw/CAMELS_SIMBA_1000U/LH_633_hlist_1.00000.list,True,0,7135,7135,7135,7135,0.3962,True,True,0,0.000000,True,0,0.000000,True,0,0.000000
LH_634,634,0.20000,data/raw/CAMELS_SIMBA_1000U/LH_634_hlist_0.20000.list,True,0,4144,4144,4144,4144,0.2622,True,True,0,0.000000,True,0,0.000000,True,0,0.000000
LH_634,634,0.25000,data/raw/CAMELS_SIMBA_1000U/LH_634_hlist_0.25000.list,True,0,5465,5465,5465,5465,0.2622,True,True,0,0.000000,True,0,0.000000,True,0,0.000000
LH_634,634,0.51209,data/raw/CAMELS_SIMBA_1000U/LH_634_hlist_0.51209.list,True,0,7176,7176,7176,7176,0.2622,True,True,0,0.000000,True,0,0.000000,True,0,0.000000
LH_634,634,0.75065,data/raw/CAMELS_SIMBA_1000U/LH_634_hlist_0.75065.list,True,0,6744,6744,6744,6744,0.2622,True,True,0,0.000000,True,0,0.000000,True,0,0.000000
LH_634,634,1.00000,data/raw/CAMELS_SIMBA_1000U/LH_634_hlist_1.00000.list,True,0,6784,6784,6784,6784,0.2622,True,True,0,0.000000,True,0,0.000000,True,0,0.000000
LH_635,635,0.20000,data/raw/CAMELS_SIMBA_1000U/LH_635_hlist_0.20000.list,True,0,2119,2119,2119,2119,0.1066,True,True,0,0.000000,True,0,0.000000,True,0,0.000000
LH_635,635,0.25000,data/raw/CAMELS_SIMBA_1000U/LH_635_hlist_0.25000.list,True,0,3219,3219,3219,3219,0.1066,True,True,0,0.000000,True,0,0.000000,True,0,0.000000
LH_635,635,0.51209,data/raw/CAMELS_SIMBA_1000U/LH_635_hlist_0.51209.list,True,0,4163,4163,4163,4163,0.1066,True,True,0,0.000000,True,0,0.000000,True,0,0.000000
LH_635,635,0.75065,data/raw/CAMELS_SIMBA_1000U/LH_635_hlist_0.75065.list,True,0,4332,4332,4332,4332,0.1066,True,True,0,0.000000,True,0,0.000000,True,0,0.000000
LH_635,635,1.00000,data/raw/CAMELS_SIMBA_1000U/LH_635_hlist_1.00000.list,True,0,4718,4718,4718,4718,0.1066,True,True,0,0.000000,True,0,0.000000,True,0,0.000000
LH_636,636,0.20000,data/raw/CAMELS_SIMBA_1000U/LH_636_hlist_0.20000.list,True,0,5919,5919,5919,5919,0.2378,True,True,0,0.000000,True,0,0.000000,True,0,0.000000
LH_636,636,0.25000,data/raw/CAMELS_SIMBA_1000U/LH_636_hlist_0.25000.list,True,0,6837,6837,6837,6837,0.2378,True,True,0,0.000000,True,0,0.000000,True,0,0.000000
LH_636,636,0.51209,data/raw/CAMELS_SIMBA_1000U/LH_636_hlist_0.51209.list,True,0,6471,6471,6471,6471,0.2378,True,True,0,0.000000,True,0,0.000000,True,0,0.000000
LH_636,636,0.75065,data/raw/CAMELS_SIMBA_1000U/LH_636_hlist_0.75065.list,True,0,5880,5880,5880,5880,0.2378,True,True,0,0.000000,True,0,0.000000,True,0,0.000000
LH_636,636,1.00000,data/raw/CAMELS_SIMBA_1000U/LH_636_hlist_1.00000.list,True,0,6006,6006,6006,6006,0.2378,True,True,0,0.000000,True,0,0.000000,True,0,0.000000
LH_637,637,0.20000,data/raw/CAMELS_SIMBA_1000U/LH_637_hlist_0.20000.list,True,0,7645,7645,7645,7645,0.3958,True,True,0,0.000000,True,0,0.000000,True,0,0.000000
LH_637,637,0.25000,data/raw/CAMELS_SIMBA_1000U/LH_637_hlist_0.25000.list,True,0,8301,8301,8301,8301,0.3958,True,True,0,0.000000,True,0,0.000000,True,0,0.000000
LH_637,637,0.51209,data/raw/CAMELS_SIMBA_1000U/LH_637_hlist_0.51209.list,True,0,7240,7240,7240,7240,0.3958,True,True,0,0.000000,True,0,0.000000,True,0,0.000000
LH_637,637,0.75065,data/raw/CAMELS_SIMBA_1000U/LH_637_hlist_0.75065.list,True,0,6077,6077,6077,6077,0.3958,True,True,0,0.000000,True,0,0.000000,True,0,0.000000
LH_637,637,1.00000,data/raw/CAMELS_SIMBA_1000U/LH_637_hlist_1.00000.list,True,0,5728,5728,5728,5728,0.3958,True,True,0,0.000000,True,0,0.000000,True,0,0.000000
LH_638,638,0.20000,data/raw/CAMELS_SIMBA_1000U/LH_638_hlist_0.20000.list,True,0,3542,3542,3542,3542,0.4066,True,True,0,0.000000,True,0,0.000000,True,0,0.000000
LH_638,638,0.25000,data/raw/CAMELS_SIMBA_1000U/LH_638_hlist_0.25000.list,True,0,5280,5280,5280,5280,0.4066,True,True,0,0.000000,True,0,0.000000,True,0,0.000000
LH_638,638,0.51209,data/raw/CAMELS_SIMBA_1000U/LH_638_hlist_0.51209.list,True,0,8695,8695,8695,8695,0.4066,True,True,0,0.000000,True,0,0.000000,True,0,0.000000
LH_638,638,0.75065,data/raw/CAMELS_SIMBA_1000U/LH_638_hlist_0.75065.list,True,0,8455,8455,8455,8455,0.4066,True,True,0,0.000000,True,0,0.000000,True,0,0.000000
LH_638,638,1.00000,data/raw/CAMELS_SIMBA_1000U/LH_638_hlist_1.00000.list,True,0,8388,8388,8388,8388,0.4066,True,True,0,0.000000,True,0,0.000000,True,0,0.000000
LH_639,639,0.20000,data/raw/CAMELS_SIMBA_1000U/LH_639_hlist_0.20000.list,True,0,5677,5677,5677,5677,0.2426,True,True,0,0.000000,True,0,0.000000,True,0,0.000000
LH_639,639,0.25000,data/raw/CAMELS_SIMBA_1000U/LH_639_hlist_0.25000.list,True,0,6905,6905,6905,6905,0.2426,True,True,0,0.000000,True,0,0.000000,True,0,0.000000
LH_639,639,0.51209,data/raw/CAMELS_SIMBA_1000U/LH_639_hlist_0.51209.list,True,0,6880,6880,6880,6880,0.2426,True,True,0,0.000000,True,0,0.000000,True,0,0.000000
LH_639,639,0.75065,data/raw/CAMELS_SIMBA_1000U/LH_639_hlist_0.75065.list,True,0,6208,6208,6208,6208,0.2426,True,True,0,0.000000,True,0,0.000000,True,0,0.000000
LH_639,639,1.00000,data/raw/CAMELS_SIMBA_1000U/LH_639_hlist_1.00000.list,True,0,6256,6256,6256,6256,0.2426,True,True,0,0.000000,True,0,0.000000,True,0,0.000000
LH_640,640,0.20000,data/raw/CAMELS_SIMBA_1000U/LH_640_hlist_0.20000.list,True,0,6867,6867,6867,6867,0.3894,True,True,0,0.000000,True,0,0.000000,True,0,0.000000
LH_640,640,0.25000,data/raw/CAMELS_SIMBA_1000U/LH_640_hlist_0.25000.list,True,0,7994,7994,7994,7994,0.3894,True,True,0,0.000000,True,0,0.000000,True,0,0.000000
LH_640,640,0.51209,data/raw/CAMELS_SIMBA_1000U/LH_640_hlist_0.51209.list,True,0,7865,7865,7865,7865,0.3894,True,True,0,0.000000,True,0,0.000000,True,0,0.000000
LH_640,640,0.75065,data/raw/CAMELS_SIMBA_1000U/LH_640_hlist_0.75065.list,True,0,6731,6731,6731,6731,0.3894,True,True,0,0.000000,True,0,0.000000,True,0,0.000000
LH_640,640,1.00000,data/raw/CAMELS_SIMBA_1000U/LH_640_hlist_1.00000.list,True,0,6392,6392,6392,6392,0.3894,True,True,0,0.000000,True,0,0.000000,True,0,0.000000
LH_641,641,0.20000,data/raw/CAMELS_SIMBA_1000U/LH_641_hlist_0.20000.list,True,0,1785,1785,1785,1785,0.241,True,True,0,0.000000,True,0,0.000000,False,215,0.107500
LH_641,641,0.25000,data/raw/CAMELS_SIMBA_1000U/LH_641_hlist_0.25000.list,True,0,3386,3386,3386,3386,0.241,True,True,0,0.000000,True,0,0.000000,True,0,0.000000
LH_641,641,0.51209,data/raw/CAMELS_SIMBA_1000U/LH_641_hlist_0.51209.list,True,0,6904,6904,6904,6904,0.241,True,True,0,0.000000,True,0,0.000000,True,0,0.000000
LH_641,641,0.75065,data/raw/CAMELS_SIMBA_1000U/LH_641_hlist_0.75065.list,True,0,7066,7066,7066,7066,0.241,True,True,0,0.000000,True,0,0.000000,True,0,0.000000
LH_641,641,1.00000,data/raw/CAMELS_SIMBA_1000U/LH_641_hlist_1.00000.list,True,0,7264,7264,7264,7264,0.241,True,True,0,0.000000,True,0,0.000000,True,0,0.000000
LH_642,642,0.20000,data/raw/CAMELS_SIMBA_1000U/LH_642_hlist_0.20000.list,True,0,6685,6685,6685,6685,0.4818,True,True,0,0.000000,True,0,0.000000,True,0,0.000000
LH_642,642,0.25000,data/raw/CAMELS_SIMBA_1000U/LH_642_hlist_0.25000.list,True,0,8084,8084,8084,8084,0.4818,True,True,0,0.000000,True,0,0.000000,True,0,0.000000
LH_642,642,0.51209,data/raw/CAMELS_SIMBA_1000U/LH_642_hlist_0.51209.list,True,0,9066,9066,9066,9066,0.4818,True,True,0,0.000000,True,0,0.000000,True,0,0.000000
LH_642,642,0.75065,data/raw/CAMELS_SIMBA_1000U/LH_642_hlist_0.75065.list,True,0,7658,7658,7658,7658,0.4818,True,True,0,0.000000,True,0,0.000000,True,0,0.000000
LH_642,642,1.00000,data/raw/CAMELS_SIMBA_1000U/LH_642_hlist_1.00000.list,True,0,7361,7361,7361,7361,0.4818,True,True,0,0.000000,True,0,0.000000,True,0,0.000000
LH_643,643,0.20000,data/raw/CAMELS_SIMBA_1000U/LH_643_hlist_0.20000.list,True,0,6944,6944,6944,6944,0.363,True,True,0,0.000000,True,0,0.000000,True,0,0.000000
LH_643,643,0.25000,data/raw/CAMELS_SIMBA_1000U/LH_643_hlist_0.25000.list,True,0,7690,7690,7690,7690,0.363,True,True,0,0.000000,True,0,0.000000,True,0,0.000000
LH_643,643,0.51209,data/raw/CAMELS_SIMBA_1000U/LH_643_hlist_0.51209.list,True,0,7243,7243,7243,7243,0.363,True,True,0,0.000000,True,0,0.000000,True,0,0.000000
LH_643,643,0.75065,data/raw/CAMELS_SIMBA_1000U/LH_643_hlist_0.75065.list,True,0,6333,6333,6333,6333,0.363,True,True,0,0.000000,True,0,0.000000,True,0,0.000000
LH_643,643,1.00000,data/raw/CAMELS_SIMBA_1000U/LH_643_hlist_1.00000.list,True,0,5975,5975,5975,5975,0.363,True,True,0,0.000000,True,0,0.000000,True,0,0.000000
LH_644,644,0.20000,data/raw/CAMELS_SIMBA_1000U/LH_644_hlist_0.20000.list,True,0,3395,3395,3395,3395,0.2026,True,True,0,0.000000,True,0,0.000000,True,0,0.000000
LH_644,644,0.25000,data/raw/CAMELS_SIMBA_1000U/LH_644_hlist_0.25000.list,True,0,4990,4990,4990,4990,0.2026,True,True,0,0.000000,True,0,0.000000,True,0,0.000000
LH_644,644,0.51209,data/raw/CAMELS_SIMBA_1000U/LH_644_hlist_0.51209.list,True,0,6552,6552,6552,6552,0.2026,True,True,0,0.000000,True,0,0.000000,True,0,0.000000
LH_644,644,0.75065,data/raw/CAMELS_SIMBA_1000U/LH_644_hlist_0.75065.list,True,0,6310,6310,6310,6310,0.2026,True,True,0,0.000000,True,0,0.000000,True,0,0.000000
LH_644,644,1.00000,data/raw/CAMELS_SIMBA_1000U/LH_644_hlist_1.00000.list,True,0,6644,6644,6644,6644,0.2026,True,True,0,0.000000,True,0,0.000000,True,0,0.000000
LH_645,645,0.20000,data/raw/CAMELS_SIMBA_1000U/LH_645_hlist_0.20000.list,True,0,5479,5479,5479,5479,0.317,True,True,0,0.000000,True,0,0.000000,True,0,0.000000
LH_645,645,0.25000,data/raw/CAMELS_SIMBA_1000U/LH_645_hlist_0.25000.list,True,0,6813,6813,6813,6813,0.317,True,True,0,0.000000,True,0,0.000000,True,0,0.000000
LH_645,645,0.51209,data/raw/CAMELS_SIMBA_1000U/LH_645_hlist_0.51209.list,True,0,7410,7410,7410,7410,0.317,True,True,0,0.000000,True,0,0.000000,True,0,0.000000
LH_645,645,0.75065,data/raw/CAMELS_SIMBA_1000U/LH_645_hlist_0.75065.list,True,0,6417,6417,6417,6417,0.317,True,True,0,0.000000,True,0,0.000000,True,0,0.000000
LH_645,645,1.00000,data/raw/CAMELS_SIMBA_1000U/LH_645_hlist_1.00000.list,True,0,6506,6506,6506,6506,0.317,True,True,0,0.000000,True,0,0.000000,True,0,0.000000
LH_646,646,0.20000,data/raw/CAMELS_SIMBA_1000U/LH_646_hlist_0.20000.list,True,0,7672,7672,7672,7672,0.4426,True,True,0,0.000000,True,0,0.000000,True,0,0.000000
LH_646,646,0.25000,data/raw/CAMELS_SIMBA_1000U/LH_646_hlist_0.25000.list,True,0,8567,8567,8567,8567,0.4426,True,True,0,0.000000,True,0,0.000000,True,0,0.000000
LH_646,646,0.51209,data/raw/CAMELS_SIMBA_1000U/LH_646_hlist_0.51209.list,True,0,8003,8003,8003,8003,0.4426,True,True,0,0.000000,True,0,0.000000,True,0,0.000000
LH_646,646,0.75065,data/raw/CAMELS_SIMBA_1000U/LH_646_hlist_0.75065.list,True,0,6734,6734,6734,6734,0.4426,True,True,0,0.000000,True,0,0.000000,True,0,0.000000
LH_646,646,1.00000,data/raw/CAMELS_SIMBA_1000U/LH_646_hlist_1.00000.list,True,0,6324,6324,6324,6324,0.4426,True,True,0,0.000000,True,0,0.000000,True,0,0.000000
LH_647,647,0.20000,data/raw/CAMELS_SIMBA_1000U/LH_647_hlist_0.20000.list,True,0,333,333,333,333,0.1526,True,False,667,0.667000,False,1167,0.778000,False,1667,0.833500
LH_647,647,0.25000,data/raw/CAMELS_SIMBA_1000U/LH_647_hlist_0.25000.list,True,0,1770,1770,1770,1770,0.1526,True,True,0,0.000000,True,0,0.000000,False,230,0.115000
LH_647,647,0.51209,data/raw/CAMELS_SIMBA_1000U/LH_647_hlist_0.51209.list,True,0,5133,5133,5133,5133,0.1526,True,True,0,0.000000,True,0,0.000000,True,0,0.000000
LH_647,647,0.75065,data/raw/CAMELS_SIMBA_1000U/LH_647_hlist_0.75065.list,True,0,5644,5644,5644,5644,0.1526,True,True,0,0.000000,True,0,0.000000,True,0,0.000000
LH_647,647,1.00000,data/raw/CAMELS_SIMBA_1000U/LH_647_hlist_1.00000.list,True,0,6204,6204,6204,6204,0.1526,True,True,0,0.000000,True,0,0.000000,True,0,0.000000
LH_648,648,0.20000,data/raw/CAMELS_SIMBA_1000U/LH_648_hlist_0.20000.list,True,0,4883,4883,4883,4883,0.2182,True,True,0,0.000000,True,0,0.000000,True,0,0.000000
LH_648,648,0.25000,data/raw/CAMELS_SIMBA_1000U/LH_648_hlist_0.25000.list,True,0,5860,5860,5860,5860,0.2182,True,True,0,0.000000,True,0,0.000000,True,0,0.000000
LH_648,648,0.51209,data/raw/CAMELS_SIMBA_1000U/LH_648_hlist_0.51209.list,True,0,6021,6021,6021,6021,0.2182,True,True,0,0.000000,True,0,0.000000,True,0,0.000000
LH_648,648,0.75065,data/raw/CAMELS_SIMBA_1000U/LH_648_hlist_0.75065.list,True,0,5600,5600,5600,5600,0.2182,True,True,0,0.000000,True,0,0.000000,True,0,0.000000
LH_648,648,1.00000,data/raw/CAMELS_SIMBA_1000U/LH_648_hlist_1.00000.list,True,0,5644,5644,5644,5644,0.2182,True,True,0,0.000000,True,0,0.000000,True,0,0.000000
LH_649,649,0.20000,data/raw/CAMELS_SIMBA_1000U/LH_649_hlist_0.20000.list,True,0,6387,6387,6387,6387,0.4246,True,True,0,0.000000,True,0,0.000000,True,0,0.000000
LH_649,649,0.25000,data/raw/CAMELS_SIMBA_1000U/LH_649_hlist_0.25000.list,True,0,7761,7761,7761,7761,0.4246,True,True,0,0.000000,True,0,0.000000,True,0,0.000000
LH_649,649,0.51209,data/raw/CAMELS_SIMBA_1000U/LH_649_hlist_0.51209.list,True,0,8399,8399,8399,8399,0.4246,True,True,0,0.000000,True,0,0.000000,True,0,0.000000
LH_649,649,0.75065,data/raw/CAMELS_SIMBA_1000U/LH_649_hlist_0.75065.list,True,0,7100,7100,7100,7100,0.4246,True,True,0,0.000000,True,0,0.000000,True,0,0.000000
LH_649,649,1.00000,data/raw/CAMELS_SIMBA_1000U/LH_649_hlist_1.00000.list,True,0,6853,6853,6853,6853,0.4246,True,True,0,0.000000,True,0,0.000000,True,0,0.000000
LH_650,650,0.20000,data/raw/CAMELS_SIMBA_1000U/LH_650_hlist_0.20000.list,True,0,4246,4246,4246,4246,0.1958,True,True,0,0.000000,True,0,0.000000,True,0,0.000000
LH_650,650,0.25000,data/raw/CAMELS_SIMBA_1000U/LH_650_hlist_0.25000.list,True,0,5540,5540,5540,5540,0.1958,True,True,0,0.000000,True,0,0.000000,True,0,0.000000
LH_650,650,0.51209,data/raw/CAMELS_SIMBA_1000U/LH_650_hlist_0.51209.list,True,0,5978,5978,5978,5978,0.1958,True,True,0,0.000000,True,0,0.000000,True,0,0.000000
LH_650,650,0.75065,data/raw/CAMELS_SIMBA_1000U/LH_650_hlist_0.75065.list,True,0,5640,5640,5640,5640,0.1958,True,True,0,0.000000,True,0,0.000000,True,0,0.000000
LH_650,650,1.00000,data/raw/CAMELS_SIMBA_1000U/LH_650_hlist_1.00000.list,True,0,5933,5933,5933,5933,0.1958,True,True,0,0.000000,True,0,0.000000,True,0,0.000000
LH_651,651,0.20000,data/raw/CAMELS_SIMBA_1000U/LH_651_hlist_0.20000.list,True,0,4929,4929,4929,4929,0.191,True,True,0,0.000000,True,0,0.000000,True,0,0.000000
LH_651,651,0.25000,data/raw/CAMELS_SIMBA_1000U/LH_651_hlist_0.25000.list,True,0,6259,6259,6259,6259,0.191,True,True,0,0.000000,True,0,0.000000,True,0,0.000000
LH_651,651,0.51209,data/raw/CAMELS_SIMBA_1000U/LH_651_hlist_0.51209.list,True,0,6385,6385,6385,6385,0.191,True,True,0,0.000000,True,0,0.000000,True,0,0.000000
LH_651,651,0.75065,data/raw/CAMELS_SIMBA_1000U/LH_651_hlist_0.75065.list,True,0,5734,5734,5734,5734,0.191,True,True,0,0.000000,True,0,0.000000,True,0,0.000000
LH_651,651,1.00000,data/raw/CAMELS_SIMBA_1000U/LH_651_hlist_1.00000.list,True,0,5845,5845,5845,5845,0.191,True,True,0,0.000000,True,0,0.000000,True,0,0.000000
LH_652,652,0.20000,data/raw/CAMELS_SIMBA_1000U/LH_652_hlist_0.20000.list,True,0,4840,4840,4840,4840,0.2322,True,True,0,0.000000,True,0,0.000000,True,0,0.000000
LH_652,652,0.25000,data/raw/CAMELS_SIMBA_1000U/LH_652_hlist_0.25000.list,True,0,6154,6154,6154,6154,0.2322,True,True,0,0.000000,True,0,0.000000,True,0,0.000000
LH_652,652,0.51209,data/raw/CAMELS_SIMBA_1000U/LH_652_hlist_0.51209.list,True,0,7062,7062,7062,7062,0.2322,True,True,0,0.000000,True,0,0.000000,True,0,0.000000
LH_652,652,0.75065,data/raw/CAMELS_SIMBA_1000U/LH_652_hlist_0.75065.list,True,0,6608,6608,6608,6608,0.2322,True,True,0,0.000000,True,0,0.000000,True,0,0.000000
LH_652,652,1.00000,data/raw/CAMELS_SIMBA_1000U/LH_652_hlist_1.00000.list,True,0,6799,6799,6799,6799,0.2322,True,True,0,0.000000,True,0,0.000000,True,0,0.000000
LH_653,653,0.20000,data/raw/CAMELS_SIMBA_1000U/LH_653_hlist_0.20000.list,True,0,5556,5556,5556,5556,0.2266,True,True,0,0.000000,True,0,0.000000,True,0,0.000000
LH_653,653,0.25000,data/raw/CAMELS_SIMBA_1000U/LH_653_hlist_0.25000.list,True,0,6609,6609,6609,6609,0.2266,True,True,0,0.000000,True,0,0.000000,True,0,0.000000
LH_653,653,0.51209,data/raw/CAMELS_SIMBA_1000U/LH_653_hlist_0.51209.list,True,0,6591,6591,6591,6591,0.2266,True,True,0,0.000000,True,0,0.000000,True,0,0.000000
LH_653,653,0.75065,data/raw/CAMELS_SIMBA_1000U/LH_653_hlist_0.75065.list,True,0,5903,5903,5903,5903,0.2266,True,True,0,0.000000,True,0,0.000000,True,0,0.000000
LH_653,653,1.00000,data/raw/CAMELS_SIMBA_1000U/LH_653_hlist_1.00000.list,True,0,6003,6003,6003,6003,0.2266,True,True,0,0.000000,True,0,0.000000,True,0,0.000000
LH_654,654,0.20000,data/raw/CAMELS_SIMBA_1000U/LH_654_hlist_0.20000.list,True,0,8401,8401,8401,8401,0.4478,True,True,0,0.000000,True,0,0.000000,True,0,0.000000
LH_654,654,0.25000,data/raw/CAMELS_SIMBA_1000U/LH_654_hlist_0.25000.list,True,0,8887,8887,8887,8887,0.4478,True,True,0,0.000000,True,0,0.000000,True,0,0.000000
LH_654,654,0.51209,data/raw/CAMELS_SIMBA_1000U/LH_654_hlist_0.51209.list,True,0,7591,7591,7591,7591,0.4478,True,True,0,0.000000,True,0,0.000000,True,0,0.000000
LH_654,654,0.75065,data/raw/CAMELS_SIMBA_1000U/LH_654_hlist_0.75065.list,True,0,6293,6293,6293,6293,0.4478,True,True,0,0.000000,True,0,0.000000,True,0,0.000000
LH_654,654,1.00000,data/raw/CAMELS_SIMBA_1000U/LH_654_hlist_1.00000.list,True,0,6063,6063,6063,6063,0.4478,True,True,0,0.000000,True,0,0.000000,True,0,0.000000
LH_655,655,0.20000,data/raw/CAMELS_SIMBA_1000U/LH_655_hlist_0.20000.list,True,0,7721,7721,7721,7721,0.4678,True,True,0,0.000000,True,0,0.000000,True,0,0.000000
LH_655,655,0.25000,data/raw/CAMELS_SIMBA_1000U/LH_655_hlist_0.25000.list,True,0,8449,8449,8449,8449,0.4678,True,True,0,0.000000,True,0,0.000000,True,0,0.000000
LH_655,655,0.51209,data/raw/CAMELS_SIMBA_1000U/LH_655_hlist_0.51209.list,True,0,8102,8102,8102,8102,0.4678,True,True,0,0.000000,True,0,0.000000,True,0,0.000000
LH_655,655,0.75065,data/raw/CAMELS_SIMBA_1000U/LH_655_hlist_0.75065.list,True,0,6690,6690,6690,6690,0.4678,True,True,0,0.000000,True,0,0.000000,True,0,0.000000
LH_655,655,1.00000,data/raw/CAMELS_SIMBA_1000U/LH_655_hlist_1.00000.list,True,0,6412,6412,6412,6412,0.4678,True,True,0,0.000000,True,0,0.000000,True,0,0.000000
LH_656,656,0.20000,data/raw/CAMELS_SIMBA_1000U/LH_656_hlist_0.20000.list,True,0,7369,7369,7369,7369,0.461,True,True,0,0.000000,True,0,0.000000,True,0,0.000000
LH_656,656,0.25000,data/raw/CAMELS_SIMBA_1000U/LH_656_hlist_0.25000.list,True,0,8445,8445,8445,8445,0.461,True,True,0,0.000000,True,0,0.000000,True,0,0.000000
LH_656,656,0.51209,data/raw/CAMELS_SIMBA_1000U/LH_656_hlist_0.51209.list,True,0,7871,7871,7871,7871,0.461,True,True,0,0.000000,True,0,0.000000,True,0,0.000000
LH_656,656,0.75065,data/raw/CAMELS_SIMBA_1000U/LH_656_hlist_0.75065.list,True,0,6743,6743,6743,6743,0.461,True,True,0,0.000000,True,0,0.000000,True,0,0.000000
LH_656,656,1.00000,data/raw/CAMELS_SIMBA_1000U/LH_656_hlist_1.00000.list,True,0,6345,6345,6345,6345,0.461,True,True,0,0.000000,True,0,0.000000,True,0,0.000000
LH_657,657,0.20000,data/raw/CAMELS_SIMBA_1000U/LH_657_hlist_0.20000.list,True,0,5794,5794,5794,5794,0.4834,True,True,0,0.000000,True,0,0.000000,True,0,0.000000
LH_657,657,0.25000,data/raw/CAMELS_SIMBA_1000U/LH_657_hlist_0.25000.list,True,0,7288,7288,7288,7288,0.4834,True,True,0,0.000000,True,0,0.000000,True,0,0.000000
LH_657,657,0.51209,data/raw/CAMELS_SIMBA_1000U/LH_657_hlist_0.51209.list,True,0,8685,8685,8685,8685,0.4834,True,True,0,0.000000,True,0,0.000000,True,0,0.000000
LH_657,657,0.75065,data/raw/CAMELS_SIMBA_1000U/LH_657_hlist_0.75065.list,True,0,7753,7753,7753,7753,0.4834,True,True,0,0.000000,True,0,0.000000,True,0,0.000000
LH_657,657,1.00000,data/raw/CAMELS_SIMBA_1000U/LH_657_hlist_1.00000.list,True,0,7282,7282,7282,7282,0.4834,True,True,0,0.000000,True,0,0.000000,True,0,0.000000
LH_658,658,0.20000,data/raw/CAMELS_SIMBA_1000U/LH_658_hlist_0.20000.list,True,0,7179,7179,7179,7179,0.4126,True,True,0,0.000000,True,0,0.000000,True,0,0.000000
LH_658,658,0.25000,data/raw/CAMELS_SIMBA_1000U/LH_658_hlist_0.25000.list,True,0,8267,8267,8267,8267,0.4126,True,True,0,0.000000,True,0,0.000000,True,0,0.000000
LH_658,658,0.51209,data/raw/CAMELS_SIMBA_1000U/LH_658_hlist_0.51209.list,True,0,7986,7986,7986,7986,0.4126,True,True,0,0.000000,True,0,0.000000,True,0,0.000000
LH_658,658,0.75065,data/raw/CAMELS_SIMBA_1000U/LH_658_hlist_0.75065.list,True,0,6664,6664,6664,6664,0.4126,True,True,0,0.000000,True,0,0.000000,True,0,0.000000
LH_658,658,1.00000,data/raw/CAMELS_SIMBA_1000U/LH_658_hlist_1.00000.list,True,0,6438,6438,6438,6438,0.4126,True,True,0,0.000000,True,0,0.000000,True,0,0.000000
LH_659,659,0.20000,data/raw/CAMELS_SIMBA_1000U/LH_659_hlist_0.20000.list,True,0,682,682,682,682,0.1054,True,False,318,0.318000,False,818,0.545333,False,1318,0.659000
LH_659,659,0.25000,data/raw/CAMELS_SIMBA_1000U/LH_659_hlist_0.25000.list,True,0,1375,1375,1375,1375,0.1054,True,True,0,0.000000,False,125,0.083333,False,625,0.312500
LH_659,659,0.51209,data/raw/CAMELS_SIMBA_1000U/LH_659_hlist_0.51209.list,True,0,3352,3352,3352,3352,0.1054,True,True,0,0.000000,True,0,0.000000,True,0,0.000000
LH_659,659,0.75065,data/raw/CAMELS_SIMBA_1000U/LH_659_hlist_0.75065.list,True,0,3786,3786,3786,3786,0.1054,True,True,0,0.000000,True,0,0.000000,True,0,0.000000
LH_659,659,1.00000,data/raw/CAMELS_SIMBA_1000U/LH_659_hlist_1.00000.list,True,0,4324,4324,4324,4324,0.1054,True,True,0,0.000000,True,0,0.000000,True,0,0.000000
LH_660,660,0.20000,data/raw/CAMELS_SIMBA_1000U/LH_660_hlist_0.20000.list,True,0,6163,6163,6163,6163,0.2514,True,True,0,0.000000,True,0,0.000000,True,0,0.000000
LH_660,660,0.25000,data/raw/CAMELS_SIMBA_1000U/LH_660_hlist_0.25000.list,True,0,6944,6944,6944,6944,0.2514,True,True,0,0.000000,True,0,0.000000,True,0,0.000000
LH_660,660,0.51209,data/raw/CAMELS_SIMBA_1000U/LH_660_hlist_0.51209.list,True,0,6793,6793,6793,6793,0.2514,True,True,0,0.000000,True,0,0.000000,True,0,0.000000
LH_660,660,0.75065,data/raw/CAMELS_SIMBA_1000U/LH_660_hlist_0.75065.list,True,0,6254,6254,6254,6254,0.2514,True,True,0,0.000000,True,0,0.000000,True,0,0.000000
LH_660,660,1.00000,data/raw/CAMELS_SIMBA_1000U/LH_660_hlist_1.00000.list,True,0,6184,6184,6184,6184,0.2514,True,True,0,0.000000,True,0,0.000000,True,0,0.000000
LH_661,661,0.20000,data/raw/CAMELS_SIMBA_1000U/LH_661_hlist_0.20000.list,True,0,6873,6873,6873,6873,0.3746,True,True,0,0.000000,True,0,0.000000,True,0,0.000000
LH_661,661,0.25000,data/raw/CAMELS_SIMBA_1000U/LH_661_hlist_0.25000.list,True,0,7935,7935,7935,7935,0.3746,True,True,0,0.000000,True,0,0.000000,True,0,0.000000
LH_661,661,0.51209,data/raw/CAMELS_SIMBA_1000U/LH_661_hlist_0.51209.list,True,0,7835,7835,7835,7835,0.3746,True,True,0,0.000000,True,0,0.000000,True,0,0.000000
LH_661,661,0.75065,data/raw/CAMELS_SIMBA_1000U/LH_661_hlist_0.75065.list,True,0,6835,6835,6835,6835,0.3746,True,True,0,0.000000,True,0,0.000000,True,0,0.000000
LH_661,661,1.00000,data/raw/CAMELS_SIMBA_1000U/LH_661_hlist_1.00000.list,True,0,6801,6801,6801,6801,0.3746,True,True,0,0.000000,True,0,0.000000,True,0,0.000000
LH_662,662,0.20000,data/raw/CAMELS_SIMBA_1000U/LH_662_hlist_0.20000.list,True,0,4689,4689,4689,4689,0.173,True,True,0,0.000000,True,0,0.000000,True,0,0.000000
LH_662,662,0.25000,data/raw/CAMELS_SIMBA_1000U/LH_662_hlist_0.25000.list,True,0,5791,5791,5791,5791,0.173,True,True,0,0.000000,True,0,0.000000,True,0,0.000000
LH_662,662,0.51209,data/raw/CAMELS_SIMBA_1000U/LH_662_hlist_0.51209.list,True,0,5750,5750,5750,5750,0.173,True,True,0,0.000000,True,0,0.000000,True,0,0.000000
LH_662,662,0.75065,data/raw/CAMELS_SIMBA_1000U/LH_662_hlist_0.75065.list,True,0,5574,5574,5574,5574,0.173,True,True,0,0.000000,True,0,0.000000,True,0,0.000000
LH_662,662,1.00000,data/raw/CAMELS_SIMBA_1000U/LH_662_hlist_1.00000.list,True,0,5901,5901,5901,5901,0.173,True,True,0,0.000000,True,0,0.000000,True,0,0.000000
LH_663,663,0.20000,data/raw/CAMELS_SIMBA_1000U/LH_663_hlist_0.20000.list,True,0,3903,3903,3903,3903,0.155,True,True,0,0.000000,True,0,0.000000,True,0,0.000000
LH_663,663,0.25000,data/raw/CAMELS_SIMBA_1000U/LH_663_hlist_0.25000.list,True,0,4960,4960,4960,4960,0.155,True,True,0,0.000000,True,0,0.000000,True,0,0.000000
LH_663,663,0.51209,data/raw/CAMELS_SIMBA_1000U/LH_663_hlist_0.51209.list,True,0,5485,5485,5485,5485,0.155,True,True,0,0.000000,True,0,0.000000,True,0,0.000000
LH_663,663,0.75065,data/raw/CAMELS_SIMBA_1000U/LH_663_hlist_0.75065.list,True,0,5515,5515,5515,5515,0.155,True,True,0,0.000000,True,0,0.000000,True,0,0.000000
LH_663,663,1.00000,data/raw/CAMELS_SIMBA_1000U/LH_663_hlist_1.00000.list,True,0,5829,5829,5829,5829,0.155,True,True,0,0.000000,True,0,0.000000,True,0,0.000000
LH_664,664,0.20000,data/raw/CAMELS_SIMBA_1000U/LH_664_hlist_0.20000.list,True,0,1796,1796,1796,1796,0.2242,True,True,0,0.000000,True,0,0.000000,False,204,0.102000
LH_664,664,0.25000,data/raw/CAMELS_SIMBA_1000U/LH_664_hlist_0.25000.list,True,0,3350,3350,3350,3350,0.2242,True,True,0,0.000000,True,0,0.000000,True,0,0.000000
LH_664,664,0.51209,data/raw/CAMELS_SIMBA_1000U/LH_664_hlist_0.51209.list,True,0,6851,6851,6851,6851,0.2242,True,True,0,0.000000,True,0,0.000000,True,0,0.000000
LH_664,664,0.75065,data/raw/CAMELS_SIMBA_1000U/LH_664_hlist_0.75065.list,True,0,7077,7077,7077,7077,0.2242,True,True,0,0.000000,True,0,0.000000,True,0,0.000000
LH_664,664,1.00000,data/raw/CAMELS_SIMBA_1000U/LH_664_hlist_1.00000.list,True,0,7359,7359,7359,7359,0.2242,True,True,0,0.000000,True,0,0.000000,True,0,0.000000
LH_665,665,0.20000,data/raw/CAMELS_SIMBA_1000U/LH_665_hlist_0.20000.list,True,0,8401,8401,8401,8401,0.4486,True,True,0,0.000000,True,0,0.000000,True,0,0.000000
LH_665,665,0.25000,data/raw/CAMELS_SIMBA_1000U/LH_665_hlist_0.25000.list,True,0,9015,9015,9015,9015,0.4486,True,True,0,0.000000,True,0,0.000000,True,0,0.000000
LH_665,665,0.51209,data/raw/CAMELS_SIMBA_1000U/LH_665_hlist_0.51209.list,True,0,7416,7416,7416,7416,0.4486,True,True,0,0.000000,True,0,0.000000,True,0,0.000000
LH_665,665,0.75065,data/raw/CAMELS_SIMBA_1000U/LH_665_hlist_0.75065.list,True,0,5914,5914,5914,5914,0.4486,True,True,0,0.000000,True,0,0.000000,True,0,0.000000
LH_665,665,1.00000,data/raw/CAMELS_SIMBA_1000U/LH_665_hlist_1.00000.list,True,0,5704,5704,5704,5704,0.4486,True,True,0,0.000000,True,0,0.000000,True,0,0.000000
LH_666,666,0.20000,data/raw/CAMELS_SIMBA_1000U/LH_666_hlist_0.20000.list,True,0,7950,7950,7950,7950,0.4234,True,True,0,0.000000,True,0,0.000000,True,0,0.000000
LH_666,666,0.25000,data/raw/CAMELS_SIMBA_1000U/LH_666_hlist_0.25000.list,True,0,8693,8693,8693,8693,0.4234,True,True,0,0.000000,True,0,0.000000,True,0,0.000000
LH_666,666,0.51209,data/raw/CAMELS_SIMBA_1000U/LH_666_hlist_0.51209.list,True,0,7748,7748,7748,7748,0.4234,True,True,0,0.000000,True,0,0.000000,True,0,0.000000
LH_666,666,0.75065,data/raw/CAMELS_SIMBA_1000U/LH_666_hlist_0.75065.list,True,0,6208,6208,6208,6208,0.4234,True,True,0,0.000000,True,0,0.000000,True,0,0.000000
LH_666,666,1.00000,data/raw/CAMELS_SIMBA_1000U/LH_666_hlist_1.00000.list,True,0,5892,5892,5892,5892,0.4234,True,True,0,0.000000,True,0,0.000000,True,0,0.000000
LH_667,667,0.20000,data/raw/CAMELS_SIMBA_1000U/LH_667_hlist_0.20000.list,True,0,3149,3149,3149,3149,0.1826,True,True,0,0.000000,True,0,0.000000,True,0,0.000000
LH_667,667,0.25000,data/raw/CAMELS_SIMBA_1000U/LH_667_hlist_0.25000.list,True,0,4245,4245,4245,4245,0.1826,True,True,0,0.000000,True,0,0.000000,True,0,0.000000
LH_667,667,0.51209,data/raw/CAMELS_SIMBA_1000U/LH_667_hlist_0.51209.list,True,0,5785,5785,5785,5785,0.1826,True,True,0,0.000000,True,0,0.000000,True,0,0.000000
LH_667,667,0.75065,data/raw/CAMELS_SIMBA_1000U/LH_667_hlist_0.75065.list,True,0,5968,5968,5968,5968,0.1826,True,True,0,0.000000,True,0,0.000000,True,0,0.000000
LH_667,667,1.00000,data/raw/CAMELS_SIMBA_1000U/LH_667_hlist_1.00000.list,True,0,6151,6151,6151,6151,0.1826,True,True,0,0.000000,True,0,0.000000,True,0,0.000000
LH_668,668,0.20000,data/raw/CAMELS_SIMBA_1000U/LH_668_hlist_0.20000.list,True,0,5879,5879,5879,5879,0.3186,True,True,0,0.000000,True,0,0.000000,True,0,0.000000
LH_668,668,0.25000,data/raw/CAMELS_SIMBA_1000U/LH_668_hlist_0.25000.list,True,0,7123,7123,7123,7123,0.3186,True,True,0,0.000000,True,0,0.000000,True,0,0.000000
LH_668,668,0.51209,data/raw/CAMELS_SIMBA_1000U/LH_668_hlist_0.51209.list,True,0,7540,7540,7540,7540,0.3186,True,True,0,0.000000,True,0,0.000000,True,0,0.000000
LH_668,668,0.75065,data/raw/CAMELS_SIMBA_1000U/LH_668_hlist_0.75065.list,True,0,6557,6557,6557,6557,0.3186,True,True,0,0.000000,True,0,0.000000,True,0,0.000000
LH_668,668,1.00000,data/raw/CAMELS_SIMBA_1000U/LH_668_hlist_1.00000.list,True,0,6427,6427,6427,6427,0.3186,True,True,0,0.000000,True,0,0.000000,True,0,0.000000
LH_669,669,0.20000,data/raw/CAMELS_SIMBA_1000U/LH_669_hlist_0.20000.list,True,0,2624,2624,2624,2624,0.307,True,True,0,0.000000,True,0,0.000000,True,0,0.000000
LH_669,669,0.25000,data/raw/CAMELS_SIMBA_1000U/LH_669_hlist_0.25000.list,True,0,4185,4185,4185,4185,0.307,True,True,0,0.000000,True,0,0.000000,True,0,0.000000
LH_669,669,0.51209,data/raw/CAMELS_SIMBA_1000U/LH_669_hlist_0.51209.list,True,0,7682,7682,7682,7682,0.307,True,True,0,0.000000,True,0,0.000000,True,0,0.000000
LH_669,669,0.75065,data/raw/CAMELS_SIMBA_1000U/LH_669_hlist_0.75065.list,True,0,7414,7414,7414,7414,0.307,True,True,0,0.000000,True,0,0.000000,True,0,0.000000
LH_669,669,1.00000,data/raw/CAMELS_SIMBA_1000U/LH_669_hlist_1.00000.list,True,0,7593,7593,7593,7593,0.307,True,True,0,0.000000,True,0,0.000000,True,0,0.000000
LH_670,670,0.20000,data/raw/CAMELS_SIMBA_1000U/LH_670_hlist_0.20000.list,True,0,5098,5098,5098,5098,0.4414,True,True,0,0.000000,True,0,0.000000,True,0,0.000000
LH_670,670,0.25000,data/raw/CAMELS_SIMBA_1000U/LH_670_hlist_0.25000.list,True,0,6927,6927,6927,6927,0.4414,True,True,0,0.000000,True,0,0.000000,True,0,0.000000
LH_670,670,0.51209,data/raw/CAMELS_SIMBA_1000U/LH_670_hlist_0.51209.list,True,0,8687,8687,8687,8687,0.4414,True,True,0,0.000000,True,0,0.000000,True,0,0.000000
LH_670,670,0.75065,data/raw/CAMELS_SIMBA_1000U/LH_670_hlist_0.75065.list,True,0,7601,7601,7601,7601,0.4414,True,True,0,0.000000,True,0,0.000000,True,0,0.000000
LH_670,670,1.00000,data/raw/CAMELS_SIMBA_1000U/LH_670_hlist_1.00000.list,True,0,7260,7260,7260,7260,0.4414,True,True,0,0.000000,True,0,0.000000,True,0,0.000000
LH_671,671,0.20000,data/raw/CAMELS_SIMBA_1000U/LH_671_hlist_0.20000.list,True,0,7749,7749,7749,7749,0.4326,True,True,0,0.000000,True,0,0.000000,True,0,0.000000
LH_671,671,0.25000,data/raw/CAMELS_SIMBA_1000U/LH_671_hlist_0.25000.list,True,0,8446,8446,8446,8446,0.4326,True,True,0,0.000000,True,0,0.000000,True,0,0.000000
LH_671,671,0.51209,data/raw/CAMELS_SIMBA_1000U/LH_671_hlist_0.51209.list,True,0,7623,7623,7623,7623,0.4326,True,True,0,0.000000,True,0,0.000000,True,0,0.000000
LH_671,671,0.75065,data/raw/CAMELS_SIMBA_1000U/LH_671_hlist_0.75065.list,True,0,6399,6399,6399,6399,0.4326,True,True,0,0.000000,True,0,0.000000,True,0,0.000000
LH_671,671,1.00000,data/raw/CAMELS_SIMBA_1000U/LH_671_hlist_1.00000.list,True,0,6112,6112,6112,6112,0.4326,True,True,0,0.000000,True,0,0.000000,True,0,0.000000
LH_672,672,0.20000,data/raw/CAMELS_SIMBA_1000U/LH_672_hlist_0.20000.list,True,0,5284,5284,5284,5284,0.223,True,True,0,0.000000,True,0,0.000000,True,0,0.000000
LH_672,672,0.25000,data/raw/CAMELS_SIMBA_1000U/LH_672_hlist_0.25000.list,True,0,6531,6531,6531,6531,0.223,True,True,0,0.000000,True,0,0.000000,True,0,0.000000
LH_672,672,0.51209,data/raw/CAMELS_SIMBA_1000U/LH_672_hlist_0.51209.list,True,0,6548,6548,6548,6548,0.223,True,True,0,0.000000,True,0,0.000000,True,0,0.000000
LH_672,672,0.75065,data/raw/CAMELS_SIMBA_1000U/LH_672_hlist_0.75065.list,True,0,6017,6017,6017,6017,0.223,True,True,0,0.000000,True,0,0.000000,True,0,0.000000
LH_672,672,1.00000,data/raw/CAMELS_SIMBA_1000U/LH_672_hlist_1.00000.list,True,0,6047,6047,6047,6047,0.223,True,True,0,0.000000,True,0,0.000000,True,0,0.000000
LH_673,673,0.20000,data/raw/CAMELS_SIMBA_1000U/LH_673_hlist_0.20000.list,True,0,1416,1416,1416,1416,0.1294,True,True,0,0.000000,False,84,0.056000,False,584,0.292000
LH_673,673,0.25000,data/raw/CAMELS_SIMBA_1000U/LH_673_hlist_0.25000.list,True,0,2865,2865,2865,2865,0.1294,True,True,0,0.000000,True,0,0.000000,True,0,0.000000
LH_673,673,0.51209,data/raw/CAMELS_SIMBA_1000U/LH_673_hlist_0.51209.list,True,0,4434,4434,4434,4434,0.1294,True,True,0,0.000000,True,0,0.000000,True,0,0.000000
LH_673,673,0.75065,data/raw/CAMELS_SIMBA_1000U/LH_673_hlist_0.75065.list,True,0,4796,4796,4796,4796,0.1294,True,True,0,0.000000,True,0,0.000000,True,0,0.000000
LH_673,673,1.00000,data/raw/CAMELS_SIMBA_1000U/LH_673_hlist_1.00000.list,True,0,5247,5247,5247,5247,0.1294,True,True,0,0.000000,True,0,0.000000,True,0,0.000000
LH_674,674,0.20000,data/raw/CAMELS_SIMBA_1000U/LH_674_hlist_0.20000.list,True,0,8052,8052,8052,8052,0.479,True,True,0,0.000000,True,0,0.000000,True,0,0.000000
LH_674,674,0.25000,data/raw/CAMELS_SIMBA_1000U/LH_674_hlist_0.25000.list,True,0,8491,8491,8491,8491,0.479,True,True,0,0.000000,True,0,0.000000,True,0,0.000000
LH_674,674,0.51209,data/raw/CAMELS_SIMBA_1000U/LH_674_hlist_0.51209.list,True,0,7101,7101,7101,7101,0.479,True,True,0,0.000000,True,0,0.000000,True,0,0.000000
LH_674,674,0.75065,data/raw/CAMELS_SIMBA_1000U/LH_674_hlist_0.75065.list,True,0,6097,6097,6097,6097,0.479,True,True,0,0.000000,True,0,0.000000,True,0,0.000000
LH_674,674,1.00000,data/raw/CAMELS_SIMBA_1000U/LH_674_hlist_1.00000.list,True,0,5508,5508,5508,5508,0.479,True,True,0,0.000000,True,0,0.000000,True,0,0.000000
LH_675,675,0.20000,data/raw/CAMELS_SIMBA_1000U/LH_675_hlist_0.20000.list,True,0,1830,1830,1830,1830,0.227,True,True,0,0.000000,True,0,0.000000,False,170,0.085000
LH_675,675,0.25000,data/raw/CAMELS_SIMBA_1000U/LH_675_hlist_0.25000.list,True,0,3534,3534,3534,3534,0.227,True,True,0,0.000000,True,0,0.000000,True,0,0.000000
LH_675,675,0.51209,data/raw/CAMELS_SIMBA_1000U/LH_675_hlist_0.51209.list,True,0,7005,7005,7005,7005,0.227,True,True,0,0.000000,True,0,0.000000,True,0,0.000000
LH_675,675,0.75065,data/raw/CAMELS_SIMBA_1000U/LH_675_hlist_0.75065.list,True,0,7013,7013,7013,7013,0.227,True,True,0,0.000000,True,0,0.000000,True,0,0.000000
LH_675,675,1.00000,data/raw/CAMELS_SIMBA_1000U/LH_675_hlist_1.00000.list,True,0,7281,7281,7281,7281,0.227,True,True,0,0.000000,True,0,0.000000,True,0,0.000000
LH_676,676,0.20000,data/raw/CAMELS_SIMBA_1000U/LH_676_hlist_0.20000.list,True,0,6855,6855,6855,6855,0.2846,True,True,0,0.000000,True,0,0.000000,True,0,0.000000
LH_676,676,0.25000,data/raw/CAMELS_SIMBA_1000U/LH_676_hlist_0.25000.list,True,0,7313,7313,7313,7313,0.2846,True,True,0,0.000000,True,0,0.000000,True,0,0.000000
LH_676,676,0.51209,data/raw/CAMELS_SIMBA_1000U/LH_676_hlist_0.51209.list,True,0,6584,6584,6584,6584,0.2846,True,True,0,0.000000,True,0,0.000000,True,0,0.000000
LH_676,676,0.75065,data/raw/CAMELS_SIMBA_1000U/LH_676_hlist_0.75065.list,True,0,5799,5799,5799,5799,0.2846,True,True,0,0.000000,True,0,0.000000,True,0,0.000000
LH_676,676,1.00000,data/raw/CAMELS_SIMBA_1000U/LH_676_hlist_1.00000.list,True,0,5674,5674,5674,5674,0.2846,True,True,0,0.000000,True,0,0.000000,True,0,0.000000
LH_677,677,0.20000,data/raw/CAMELS_SIMBA_1000U/LH_677_hlist_0.20000.list,True,0,1755,1755,1755,1755,0.2122,True,True,0,0.000000,True,0,0.000000,False,245,0.122500
LH_677,677,0.25000,data/raw/CAMELS_SIMBA_1000U/LH_677_hlist_0.25000.list,True,0,3188,3188,3188,3188,0.2122,True,True,0,0.000000,True,0,0.000000,True,0,0.000000
LH_677,677,0.51209,data/raw/CAMELS_SIMBA_1000U/LH_677_hlist_0.51209.list,True,0,6516,6516,6516,6516,0.2122,True,True,0,0.000000,True,0,0.000000,True,0,0.000000
LH_677,677,0.75065,data/raw/CAMELS_SIMBA_1000U/LH_677_hlist_0.75065.list,True,0,6639,6639,6639,6639,0.2122,True,True,0,0.000000,True,0,0.000000,True,0,0.000000
LH_677,677,1.00000,data/raw/CAMELS_SIMBA_1000U/LH_677_hlist_1.00000.list,True,0,7039,7039,7039,7039,0.2122,True,True,0,0.000000,True,0,0.000000,True,0,0.000000
LH_678,678,0.20000,data/raw/CAMELS_SIMBA_1000U/LH_678_hlist_0.20000.list,True,0,1808,1808,1808,1808,0.101,True,True,0,0.000000,True,0,0.000000,False,192,0.096000
LH_678,678,0.25000,data/raw/CAMELS_SIMBA_1000U/LH_678_hlist_0.25000.list,True,0,2834,2834,2834,2834,0.101,True,True,0,0.000000,True,0,0.000000,True,0,0.000000
LH_678,678,0.51209,data/raw/CAMELS_SIMBA_1000U/LH_678_hlist_0.51209.list,True,0,3762,3762,3762,3762,0.101,True,True,0,0.000000,True,0,0.000000,True,0,0.000000
LH_678,678,0.75065,data/raw/CAMELS_SIMBA_1000U/LH_678_hlist_0.75065.list,True,0,3939,3939,3939,3939,0.101,True,True,0,0.000000,True,0,0.000000,True,0,0.000000
LH_678,678,1.00000,data/raw/CAMELS_SIMBA_1000U/LH_678_hlist_1.00000.list,True,0,4428,4428,4428,4428,0.101,True,True,0,0.000000,True,0,0.000000,True,0,0.000000
LH_679,679,0.20000,data/raw/CAMELS_SIMBA_1000U/LH_679_hlist_0.20000.list,True,0,6261,6261,6261,6261,0.3194,True,True,0,0.000000,True,0,0.000000,True,0,0.000000
LH_679,679,0.25000,data/raw/CAMELS_SIMBA_1000U/LH_679_hlist_0.25000.list,True,0,7205,7205,7205,7205,0.3194,True,True,0,0.000000,True,0,0.000000,True,0,0.000000
LH_679,679,0.51209,data/raw/CAMELS_SIMBA_1000U/LH_679_hlist_0.51209.list,True,0,7428,7428,7428,7428,0.3194,True,True,0,0.000000,True,0,0.000000,True,0,0.000000
LH_679,679,0.75065,data/raw/CAMELS_SIMBA_1000U/LH_679_hlist_0.75065.list,True,0,6670,6670,6670,6670,0.3194,True,True,0,0.000000,True,0,0.000000,True,0,0.000000
LH_679,679,1.00000,data/raw/CAMELS_SIMBA_1000U/LH_679_hlist_1.00000.list,True,0,6498,6498,6498,6498,0.3194,True,True,0,0.000000,True,0,0.000000,True,0,0.000000
LH_680,680,0.20000,data/raw/CAMELS_SIMBA_1000U/LH_680_hlist_0.20000.list,True,0,966,966,966,966,0.1006,True,False,34,0.034000,False,534,0.356000,False,1034,0.517000
LH_680,680,0.25000,data/raw/CAMELS_SIMBA_1000U/LH_680_hlist_0.25000.list,True,0,1601,1601,1601,1601,0.1006,True,True,0,0.000000,True,0,0.000000,False,399,0.199500
LH_680,680,0.51209,data/raw/CAMELS_SIMBA_1000U/LH_680_hlist_0.51209.list,True,0,3254,3254,3254,3254,0.1006,True,True,0,0.000000,True,0,0.000000,True,0,0.000000
LH_680,680,0.75065,data/raw/CAMELS_SIMBA_1000U/LH_680_hlist_0.75065.list,True,0,3724,3724,3724,3724,0.1006,True,True,0,0.000000,True,0,0.000000,True,0,0.000000
LH_680,680,1.00000,data/raw/CAMELS_SIMBA_1000U/LH_680_hlist_1.00000.list,True,0,4256,4256,4256,4256,0.1006,True,True,0,0.000000,True,0,0.000000,True,0,0.000000
LH_681,681,0.20000,data/raw/CAMELS_SIMBA_1000U/LH_681_hlist_0.20000.list,True,0,3389,3389,3389,3389,0.3142,True,True,0,0.000000,True,0,0.000000,True,0,0.000000
LH_681,681,0.25000,data/raw/CAMELS_SIMBA_1000U/LH_681_hlist_0.25000.list,True,0,4962,4962,4962,4962,0.3142,True,True,0,0.000000,True,0,0.000000,True,0,0.000000
LH_681,681,0.51209,data/raw/CAMELS_SIMBA_1000U/LH_681_hlist_0.51209.list,True,0,8036,8036,8036,8036,0.3142,True,True,0,0.000000,True,0,0.000000,True,0,0.000000
LH_681,681,0.75065,data/raw/CAMELS_SIMBA_1000U/LH_681_hlist_0.75065.list,True,0,7801,7801,7801,7801,0.3142,True,True,0,0.000000,True,0,0.000000,True,0,0.000000
LH_681,681,1.00000,data/raw/CAMELS_SIMBA_1000U/LH_681_hlist_1.00000.list,True,0,7860,7860,7860,7860,0.3142,True,True,0,0.000000,True,0,0.000000,True,0,0.000000
LH_682,682,0.20000,data/raw/CAMELS_SIMBA_1000U/LH_682_hlist_0.20000.list,True,0,5391,5391,5391,5391,0.237,True,True,0,0.000000,True,0,0.000000,True,0,0.000000
LH_682,682,0.25000,data/raw/CAMELS_SIMBA_1000U/LH_682_hlist_0.25000.list,True,0,6395,6395,6395,6395,0.237,True,True,0,0.000000,True,0,0.000000,True,0,0.000000
LH_682,682,0.51209,data/raw/CAMELS_SIMBA_1000U/LH_682_hlist_0.51209.list,True,0,6536,6536,6536,6536,0.237,True,True,0,0.000000,True,0,0.000000,True,0,0.000000
LH_682,682,0.75065,data/raw/CAMELS_SIMBA_1000U/LH_682_hlist_0.75065.list,True,0,5904,5904,5904,5904,0.237,True,True,0,0.000000,True,0,0.000000,True,0,0.000000
LH_682,682,1.00000,data/raw/CAMELS_SIMBA_1000U/LH_682_hlist_1.00000.list,True,0,5973,5973,5973,5973,0.237,True,True,0,0.000000,True,0,0.000000,True,0,0.000000
LH_683,683,0.20000,data/raw/CAMELS_SIMBA_1000U/LH_683_hlist_0.20000.list,True,0,3370,3370,3370,3370,0.325,True,True,0,0.000000,True,0,0.000000,True,0,0.000000
LH_683,683,0.25000,data/raw/CAMELS_SIMBA_1000U/LH_683_hlist_0.25000.list,True,0,4854,4854,4854,4854,0.325,True,True,0,0.000000,True,0,0.000000,True,0,0.000000
LH_683,683,0.51209,data/raw/CAMELS_SIMBA_1000U/LH_683_hlist_0.51209.list,True,0,7713,7713,7713,7713,0.325,True,True,0,0.000000,True,0,0.000000,True,0,0.000000
LH_683,683,0.75065,data/raw/CAMELS_SIMBA_1000U/LH_683_hlist_0.75065.list,True,0,7437,7437,7437,7437,0.325,True,True,0,0.000000,True,0,0.000000,True,0,0.000000
LH_683,683,1.00000,data/raw/CAMELS_SIMBA_1000U/LH_683_hlist_1.00000.list,True,0,7417,7417,7417,7417,0.325,True,True,0,0.000000,True,0,0.000000,True,0,0.000000
LH_684,684,0.20000,data/raw/CAMELS_SIMBA_1000U/LH_684_hlist_0.20000.list,True,0,8552,8552,8552,8552,0.4602,True,True,0,0.000000,True,0,0.000000,True,0,0.000000
LH_684,684,0.25000,data/raw/CAMELS_SIMBA_1000U/LH_684_hlist_0.25000.list,True,0,9060,9060,9060,9060,0.4602,True,True,0,0.000000,True,0,0.000000,True,0,0.000000
LH_684,684,0.51209,data/raw/CAMELS_SIMBA_1000U/LH_684_hlist_0.51209.list,True,0,7161,7161,7161,7161,0.4602,True,True,0,0.000000,True,0,0.000000,True,0,0.000000
LH_684,684,0.75065,data/raw/CAMELS_SIMBA_1000U/LH_684_hlist_0.75065.list,True,0,5853,5853,5853,5853,0.4602,True,True,0,0.000000,True,0,0.000000,True,0,0.000000
LH_684,684,1.00000,data/raw/CAMELS_SIMBA_1000U/LH_684_hlist_1.00000.list,True,0,5514,5514,5514,5514,0.4602,True,True,0,0.000000,True,0,0.000000,True,0,0.000000
LH_685,685,0.20000,data/raw/CAMELS_SIMBA_1000U/LH_685_hlist_0.20000.list,True,0,6793,6793,6793,6793,0.4842,True,True,0,0.000000,True,0,0.000000,True,0,0.000000
LH_685,685,0.25000,data/raw/CAMELS_SIMBA_1000U/LH_685_hlist_0.25000.list,True,0,7953,7953,7953,7953,0.4842,True,True,0,0.000000,True,0,0.000000,True,0,0.000000
LH_685,685,0.51209,data/raw/CAMELS_SIMBA_1000U/LH_685_hlist_0.51209.list,True,0,8533,8533,8533,8533,0.4842,True,True,0,0.000000,True,0,0.000000,True,0,0.000000
LH_685,685,0.75065,data/raw/CAMELS_SIMBA_1000U/LH_685_hlist_0.75065.list,True,0,7144,7144,7144,7144,0.4842,True,True,0,0.000000,True,0,0.000000,True,0,0.000000
LH_685,685,1.00000,data/raw/CAMELS_SIMBA_1000U/LH_685_hlist_1.00000.list,True,0,6587,6587,6587,6587,0.4842,True,True,0,0.000000,True,0,0.000000,True,0,0.000000
LH_686,686,0.20000,data/raw/CAMELS_SIMBA_1000U/LH_686_hlist_0.20000.list,True,0,3472,3472,3472,3472,0.123,True,True,0,0.000000,True,0,0.000000,True,0,0.000000
LH_686,686,0.25000,data/raw/CAMELS_SIMBA_1000U/LH_686_hlist_0.25000.list,True,0,4335,4335,4335,4335,0.123,True,True,0,0.000000,True,0,0.000000,True,0,0.000000
LH_686,686,0.51209,data/raw/CAMELS_SIMBA_1000U/LH_686_hlist_0.51209.list,True,0,4348,4348,4348,4348,0.123,True,True,0,0.000000,True,0,0.000000,True,0,0.000000
LH_686,686,0.75065,data/raw/CAMELS_SIMBA_1000U/LH_686_hlist_0.75065.list,True,0,4446,4446,4446,4446,0.123,True,True,0,0.000000,True,0,0.000000,True,0,0.000000
LH_686,686,1.00000,data/raw/CAMELS_SIMBA_1000U/LH_686_hlist_1.00000.list,True,0,4784,4784,4784,4784,0.123,True,True,0,0.000000,True,0,0.000000,True,0,0.000000
LH_687,687,0.20000,data/raw/CAMELS_SIMBA_1000U/LH_687_hlist_0.20000.list,True,0,7978,7978,7978,7978,0.451,True,True,0,0.000000,True,0,0.000000,True,0,0.000000
LH_687,687,0.25000,data/raw/CAMELS_SIMBA_1000U/LH_687_hlist_0.25000.list,True,0,8983,8983,8983,8983,0.451,True,True,0,0.000000,True,0,0.000000,True,0,0.000000
LH_687,687,0.51209,data/raw/CAMELS_SIMBA_1000U/LH_687_hlist_0.51209.list,True,0,7983,7983,7983,7983,0.451,True,True,0,0.000000,True,0,0.000000,True,0,0.000000
LH_687,687,0.75065,data/raw/CAMELS_SIMBA_1000U/LH_687_hlist_0.75065.list,True,0,6617,6617,6617,6617,0.451,True,True,0,0.000000,True,0,0.000000,True,0,0.000000
LH_687,687,1.00000,data/raw/CAMELS_SIMBA_1000U/LH_687_hlist_1.00000.list,True,0,6143,6143,6143,6143,0.451,True,True,0,0.000000,True,0,0.000000,True,0,0.000000
LH_688,688,0.20000,data/raw/CAMELS_SIMBA_1000U/LH_688_hlist_0.20000.list,True,0,7023,7023,7023,7023,0.4422,True,True,0,0.000000,True,0,0.000000,True,0,0.000000
LH_688,688,0.25000,data/raw/CAMELS_SIMBA_1000U/LH_688_hlist_0.25000.list,True,0,8182,8182,8182,8182,0.4422,True,True,0,0.000000,True,0,0.000000,True,0,0.000000
LH_688,688,0.51209,data/raw/CAMELS_SIMBA_1000U/LH_688_hlist_0.51209.list,True,0,8176,8176,8176,8176,0.4422,True,True,0,0.000000,True,0,0.000000,True,0,0.000000
LH_688,688,0.75065,data/raw/CAMELS_SIMBA_1000U/LH_688_hlist_0.75065.list,True,0,6915,6915,6915,6915,0.4422,True,True,0,0.000000,True,0,0.000000,True,0,0.000000
LH_688,688,1.00000,data/raw/CAMELS_SIMBA_1000U/LH_688_hlist_1.00000.list,True,0,6487,6487,6487,6487,0.4422,True,True,0,0.000000,True,0,0.000000,True,0,0.000000
LH_689,689,0.20000,data/raw/CAMELS_SIMBA_1000U/LH_689_hlist_0.20000.list,True,0,6242,6242,6242,6242,0.3622,True,True,0,0.000000,True,0,0.000000,True,0,0.000000
LH_689,689,0.25000,data/raw/CAMELS_SIMBA_1000U/LH_689_hlist_0.25000.list,True,0,7478,7478,7478,7478,0.3622,True,True,0,0.000000,True,0,0.000000,True,0,0.000000
LH_689,689,0.51209,data/raw/CAMELS_SIMBA_1000U/LH_689_hlist_0.51209.list,True,0,7677,7677,7677,7677,0.3622,True,True,0,0.000000,True,0,0.000000,True,0,0.000000
LH_689,689,0.75065,data/raw/CAMELS_SIMBA_1000U/LH_689_hlist_0.75065.list,True,0,6717,6717,6717,6717,0.3622,True,True,0,0.000000,True,0,0.000000,True,0,0.000000
LH_689,689,1.00000,data/raw/CAMELS_SIMBA_1000U/LH_689_hlist_1.00000.list,True,0,6616,6616,6616,6616,0.3622,True,True,0,0.000000,True,0,0.000000,True,0,0.000000
LH_690,690,0.20000,data/raw/CAMELS_SIMBA_1000U/LH_690_hlist_0.20000.list,True,0,8380,8380,8380,8380,0.4342,True,True,0,0.000000,True,0,0.000000,True,0,0.000000
LH_690,690,0.25000,data/raw/CAMELS_SIMBA_1000U/LH_690_hlist_0.25000.list,True,0,8863,8863,8863,8863,0.4342,True,True,0,0.000000,True,0,0.000000,True,0,0.000000
LH_690,690,0.51209,data/raw/CAMELS_SIMBA_1000U/LH_690_hlist_0.51209.list,True,0,7065,7065,7065,7065,0.4342,True,True,0,0.000000,True,0,0.000000,True,0,0.000000
LH_690,690,0.75065,data/raw/CAMELS_SIMBA_1000U/LH_690_hlist_0.75065.list,True,0,5879,5879,5879,5879,0.4342,True,True,0,0.000000,True,0,0.000000,True,0,0.000000
LH_690,690,1.00000,data/raw/CAMELS_SIMBA_1000U/LH_690_hlist_1.00000.list,True,0,5557,5557,5557,5557,0.4342,True,True,0,0.000000,True,0,0.000000,True,0,0.000000
LH_691,691,0.20000,data/raw/CAMELS_SIMBA_1000U/LH_691_hlist_0.20000.list,True,0,3867,3867,3867,3867,0.4014,True,True,0,0.000000,True,0,0.000000,True,0,0.000000
LH_691,691,0.25000,data/raw/CAMELS_SIMBA_1000U/LH_691_hlist_0.25000.list,True,0,5571,5571,5571,5571,0.4014,True,True,0,0.000000,True,0,0.000000,True,0,0.000000
LH_691,691,0.51209,data/raw/CAMELS_SIMBA_1000U/LH_691_hlist_0.51209.list,True,0,8349,8349,8349,8349,0.4014,True,True,0,0.000000,True,0,0.000000,True,0,0.000000
LH_691,691,0.75065,data/raw/CAMELS_SIMBA_1000U/LH_691_hlist_0.75065.list,True,0,7966,7966,7966,7966,0.4014,True,True,0,0.000000,True,0,0.000000,True,0,0.000000
LH_691,691,1.00000,data/raw/CAMELS_SIMBA_1000U/LH_691_hlist_1.00000.list,True,0,7943,7943,7943,7943,0.4014,True,True,0,0.000000,True,0,0.000000,True,0,0.000000
LH_692,692,0.20000,data/raw/CAMELS_SIMBA_1000U/LH_692_hlist_0.20000.list,True,0,544,544,544,544,0.1162,True,False,456,0.456000,False,956,0.637333,False,1456,0.728000
LH_692,692,0.25000,data/raw/CAMELS_SIMBA_1000U/LH_692_hlist_0.25000.list,True,0,1421,1421,1421,1421,0.1162,True,True,0,0.000000,False,79,0.052667,False,579,0.289500
LH_692,692,0.51209,data/raw/CAMELS_SIMBA_1000U/LH_692_hlist_0.51209.list,True,0,3901,3901,3901,3901,0.1162,True,True,0,0.000000,True,0,0.000000,True,0,0.000000
LH_692,692,0.75065,data/raw/CAMELS_SIMBA_1000U/LH_692_hlist_0.75065.list,True,0,4438,4438,4438,4438,0.1162,True,True,0,0.000000,True,0,0.000000,True,0,0.000000
LH_692,692,1.00000,data/raw/CAMELS_SIMBA_1000U/LH_692_hlist_1.00000.list,True,0,5045,5045,5045,5045,0.1162,True,True,0,0.000000,True,0,0.000000,True,0,0.000000
LH_693,693,0.20000,data/raw/CAMELS_SIMBA_1000U/LH_693_hlist_0.20000.list,True,0,3757,3757,3757,3757,0.2682,True,True,0,0.000000,True,0,0.000000,True,0,0.000000
LH_693,693,0.25000,data/raw/CAMELS_SIMBA_1000U/LH_693_hlist_0.25000.list,True,0,5311,5311,5311,5311,0.2682,True,True,0,0.000000,True,0,0.000000,True,0,0.000000
LH_693,693,0.51209,data/raw/CAMELS_SIMBA_1000U/LH_693_hlist_0.51209.list,True,0,7194,7194,7194,7194,0.2682,True,True,0,0.000000,True,0,0.000000,True,0,0.000000
LH_693,693,0.75065,data/raw/CAMELS_SIMBA_1000U/LH_693_hlist_0.75065.list,True,0,7082,7082,7082,7082,0.2682,True,True,0,0.000000,True,0,0.000000,True,0,0.000000
LH_693,693,1.00000,data/raw/CAMELS_SIMBA_1000U/LH_693_hlist_1.00000.list,True,0,6992,6992,6992,6992,0.2682,True,True,0,0.000000,True,0,0.000000,True,0,0.000000
LH_694,694,0.20000,data/raw/CAMELS_SIMBA_1000U/LH_694_hlist_0.20000.list,True,0,7885,7885,7885,7885,0.447,True,True,0,0.000000,True,0,0.000000,True,0,0.000000
LH_694,694,0.25000,data/raw/CAMELS_SIMBA_1000U/LH_694_hlist_0.25000.list,True,0,8696,8696,8696,8696,0.447,True,True,0,0.000000,True,0,0.000000,True,0,0.000000
LH_694,694,0.51209,data/raw/CAMELS_SIMBA_1000U/LH_694_hlist_0.51209.list,True,0,7860,7860,7860,7860,0.447,True,True,0,0.000000,True,0,0.000000,True,0,0.000000
LH_694,694,0.75065,data/raw/CAMELS_SIMBA_1000U/LH_694_hlist_0.75065.list,True,0,6756,6756,6756,6756,0.447,True,True,0,0.000000,True,0,0.000000,True,0,0.000000
LH_694,694,1.00000,data/raw/CAMELS_SIMBA_1000U/LH_694_hlist_1.00000.list,True,0,6467,6467,6467,6467,0.447,True,True,0,0.000000,True,0,0.000000,True,0,0.000000
LH_695,695,0.20000,data/raw/CAMELS_SIMBA_1000U/LH_695_hlist_0.20000.list,True,0,3721,3721,3721,3721,0.229,True,True,0,0.000000,True,0,0.000000,True,0,0.000000
LH_695,695,0.25000,data/raw/CAMELS_SIMBA_1000U/LH_695_hlist_0.25000.list,True,0,5242,5242,5242,5242,0.229,True,True,0,0.000000,True,0,0.000000,True,0,0.000000
LH_695,695,0.51209,data/raw/CAMELS_SIMBA_1000U/LH_695_hlist_0.51209.list,True,0,7053,7053,7053,7053,0.229,True,True,0,0.000000,True,0,0.000000,True,0,0.000000
LH_695,695,0.75065,data/raw/CAMELS_SIMBA_1000U/LH_695_hlist_0.75065.list,True,0,6817,6817,6817,6817,0.229,True,True,0,0.000000,True,0,0.000000,True,0,0.000000
LH_695,695,1.00000,data/raw/CAMELS_SIMBA_1000U/LH_695_hlist_1.00000.list,True,0,6938,6938,6938,6938,0.229,True,True,0,0.000000,True,0,0.000000,True,0,0.000000
LH_696,696,0.20000,data/raw/CAMELS_SIMBA_1000U/LH_696_hlist_0.20000.list,True,0,2871,2871,2871,2871,0.225,True,True,0,0.000000,True,0,0.000000,True,0,0.000000
LH_696,696,0.25000,data/raw/CAMELS_SIMBA_1000U/LH_696_hlist_0.25000.list,True,0,4562,4562,4562,4562,0.225,True,True,0,0.000000,True,0,0.000000,True,0,0.000000
LH_696,696,0.51209,data/raw/CAMELS_SIMBA_1000U/LH_696_hlist_0.51209.list,True,0,6988,6988,6988,6988,0.225,True,True,0,0.000000,True,0,0.000000,True,0,0.000000
LH_696,696,0.75065,data/raw/CAMELS_SIMBA_1000U/LH_696_hlist_0.75065.list,True,0,6788,6788,6788,6788,0.225,True,True,0,0.000000,True,0,0.000000,True,0,0.000000
LH_696,696,1.00000,data/raw/CAMELS_SIMBA_1000U/LH_696_hlist_1.00000.list,True,0,7053,7053,7053,7053,0.225,True,True,0,0.000000,True,0,0.000000,True,0,0.000000
LH_697,697,0.20000,data/raw/CAMELS_SIMBA_1000U/LH_697_hlist_0.20000.list,True,0,6612,6612,6612,6612,0.3994,True,True,0,0.000000,True,0,0.000000,True,0,0.000000
LH_697,697,0.25000,data/raw/CAMELS_SIMBA_1000U/LH_697_hlist_0.25000.list,True,0,7931,7931,7931,7931,0.3994,True,True,0,0.000000,True,0,0.000000,True,0,0.000000
LH_697,697,0.51209,data/raw/CAMELS_SIMBA_1000U/LH_697_hlist_0.51209.list,True,0,8283,8283,8283,8283,0.3994,True,True,0,0.000000,True,0,0.000000,True,0,0.000000
LH_697,697,0.75065,data/raw/CAMELS_SIMBA_1000U/LH_697_hlist_0.75065.list,True,0,7322,7322,7322,7322,0.3994,True,True,0,0.000000,True,0,0.000000,True,0,0.000000
LH_697,697,1.00000,data/raw/CAMELS_SIMBA_1000U/LH_697_hlist_1.00000.list,True,0,7226,7226,7226,7226,0.3994,True,True,0,0.000000,True,0,0.000000,True,0,0.000000
LH_698,698,0.20000,data/raw/CAMELS_SIMBA_1000U/LH_698_hlist_0.20000.list,True,0,3677,3677,3677,3677,0.2486,True,True,0,0.000000,True,0,0.000000,True,0,0.000000
LH_698,698,0.25000,data/raw/CAMELS_SIMBA_1000U/LH_698_hlist_0.25000.list,True,0,5141,5141,5141,5141,0.2486,True,True,0,0.000000,True,0,0.000000,True,0,0.000000
LH_698,698,0.51209,data/raw/CAMELS_SIMBA_1000U/LH_698_hlist_0.51209.list,True,0,7256,7256,7256,7256,0.2486,True,True,0,0.000000,True,0,0.000000,True,0,0.000000
LH_698,698,0.75065,data/raw/CAMELS_SIMBA_1000U/LH_698_hlist_0.75065.list,True,0,6894,6894,6894,6894,0.2486,True,True,0,0.000000,True,0,0.000000,True,0,0.000000
LH_698,698,1.00000,data/raw/CAMELS_SIMBA_1000U/LH_698_hlist_1.00000.list,True,0,7028,7028,7028,7028,0.2486,True,True,0,0.000000,True,0,0.000000,True,0,0.000000
LH_699,699,0.20000,data/raw/CAMELS_SIMBA_1000U/LH_699_hlist_0.20000.list,True,0,6819,6819,6819,6819,0.395,True,True,0,0.000000,True,0,0.000000,True,0,0.000000
LH_699,699,0.25000,data/raw/CAMELS_SIMBA_1000U/LH_699_hlist_0.25000.list,True,0,7962,7962,7962,7962,0.395,True,True,0,0.000000,True,0,0.000000,True,0,0.000000
LH_699,699,0.51209,data/raw/CAMELS_SIMBA_1000U/LH_699_hlist_0.51209.list,True,0,7382,7382,7382,7382,0.395,True,True,0,0.000000,True,0,0.000000,True,0,0.000000
LH_699,699,0.75065,data/raw/CAMELS_SIMBA_1000U/LH_699_hlist_0.75065.list,True,0,6307,6307,6307,6307,0.395,True,True,0,0.000000,True,0,0.000000,True,0,0.000000
LH_699,699,1.00000,data/raw/CAMELS_SIMBA_1000U/LH_699_hlist_1.00000.list,True,0,6197,6197,6197,6197,0.395,True,True,0,0.000000,True,0,0.000000,True,0,0.000000
LH_700,700,0.20000,data/raw/CAMELS_SIMBA_1000U/LH_700_hlist_0.20000.list,True,0,4502,4502,4502,4502,0.3674,True,True,0,0.000000,True,0,0.000000,True,0,0.000000
LH_700,700,0.25000,data/raw/CAMELS_SIMBA_1000U/LH_700_hlist_0.25000.list,True,0,5991,5991,5991,5991,0.3674,True,True,0,0.000000,True,0,0.000000,True,0,0.000000
LH_700,700,0.51209,data/raw/CAMELS_SIMBA_1000U/LH_700_hlist_0.51209.list,True,0,7865,7865,7865,7865,0.3674,True,True,0,0.000000,True,0,0.000000,True,0,0.000000
LH_700,700,0.75065,data/raw/CAMELS_SIMBA_1000U/LH_700_hlist_0.75065.list,True,0,7181,7181,7181,7181,0.3674,True,True,0,0.000000,True,0,0.000000,True,0,0.000000
LH_700,700,1.00000,data/raw/CAMELS_SIMBA_1000U/LH_700_hlist_1.00000.list,True,0,7145,7145,7145,7145,0.3674,True,True,0,0.000000,True,0,0.000000,True,0,0.000000
LH_701,701,0.20000,data/raw/CAMELS_SIMBA_1000U/LH_701_hlist_0.20000.list,True,0,936,936,936,936,0.1698,True,False,64,0.064000,False,564,0.376000,False,1064,0.532000
LH_701,701,0.25000,data/raw/CAMELS_SIMBA_1000U/LH_701_hlist_0.25000.list,True,0,2171,2171,2171,2171,0.1698,True,True,0,0.000000,True,0,0.000000,True,0,0.000000
LH_701,701,0.51209,data/raw/CAMELS_SIMBA_1000U/LH_701_hlist_0.51209.list,True,0,5589,5589,5589,5589,0.1698,True,True,0,0.000000,True,0,0.000000,True,0,0.000000
LH_701,701,0.75065,data/raw/CAMELS_SIMBA_1000U/LH_701_hlist_0.75065.list,True,0,6254,6254,6254,6254,0.1698,True,True,0,0.000000,True,0,0.000000,True,0,0.000000
LH_701,701,1.00000,data/raw/CAMELS_SIMBA_1000U/LH_701_hlist_1.00000.list,True,0,6930,6930,6930,6930,0.1698,True,True,0,0.000000,True,0,0.000000,True,0,0.000000
LH_702,702,0.20000,data/raw/CAMELS_SIMBA_1000U/LH_702_hlist_0.20000.list,True,0,3042,3042,3042,3042,0.1226,True,True,0,0.000000,True,0,0.000000,True,0,0.000000
LH_702,702,0.25000,data/raw/CAMELS_SIMBA_1000U/LH_702_hlist_0.25000.list,True,0,4174,4174,4174,4174,0.1226,True,True,0,0.000000,True,0,0.000000,True,0,0.000000
LH_702,702,0.51209,data/raw/CAMELS_SIMBA_1000U/LH_702_hlist_0.51209.list,True,0,4984,4984,4984,4984,0.1226,True,True,0,0.000000,True,0,0.000000,True,0,0.000000
LH_702,702,0.75065,data/raw/CAMELS_SIMBA_1000U/LH_702_hlist_0.75065.list,True,0,5006,5006,5006,5006,0.1226,True,True,0,0.000000,True,0,0.000000,True,0,0.000000
LH_702,702,1.00000,data/raw/CAMELS_SIMBA_1000U/LH_702_hlist_1.00000.list,True,0,5518,5518,5518,5518,0.1226,True,True,0,0.000000,True,0,0.000000,True,0,0.000000
LH_703,703,0.20000,data/raw/CAMELS_SIMBA_1000U/LH_703_hlist_0.20000.list,True,0,3375,3375,3375,3375,0.1778,True,True,0,0.000000,True,0,0.000000,True,0,0.000000
LH_703,703,0.25000,data/raw/CAMELS_SIMBA_1000U/LH_703_hlist_0.25000.list,True,0,4691,4691,4691,4691,0.1778,True,True,0,0.000000,True,0,0.000000,True,0,0.000000
LH_703,703,0.51209,data/raw/CAMELS_SIMBA_1000U/LH_703_hlist_0.51209.list,True,0,6280,6280,6280,6280,0.1778,True,True,0,0.000000,True,0,0.000000,True,0,0.000000
LH_703,703,0.75065,data/raw/CAMELS_SIMBA_1000U/LH_703_hlist_0.75065.list,True,0,6115,6115,6115,6115,0.1778,True,True,0,0.000000,True,0,0.000000,True,0,0.000000
LH_703,703,1.00000,data/raw/CAMELS_SIMBA_1000U/LH_703_hlist_1.00000.list,True,0,6385,6385,6385,6385,0.1778,True,True,0,0.000000,True,0,0.000000,True,0,0.000000
LH_704,704,0.20000,data/raw/CAMELS_SIMBA_1000U/LH_704_hlist_0.20000.list,True,0,7867,7867,7867,7867,0.4682,True,True,0,0.000000,True,0,0.000000,True,0,0.000000
LH_704,704,0.25000,data/raw/CAMELS_SIMBA_1000U/LH_704_hlist_0.25000.list,True,0,8730,8730,8730,8730,0.4682,True,True,0,0.000000,True,0,0.000000,True,0,0.000000
LH_704,704,0.51209,data/raw/CAMELS_SIMBA_1000U/LH_704_hlist_0.51209.list,True,0,8390,8390,8390,8390,0.4682,True,True,0,0.000000,True,0,0.000000,True,0,0.000000
LH_704,704,0.75065,data/raw/CAMELS_SIMBA_1000U/LH_704_hlist_0.75065.list,True,0,7258,7258,7258,7258,0.4682,True,True,0,0.000000,True,0,0.000000,True,0,0.000000
LH_704,704,1.00000,data/raw/CAMELS_SIMBA_1000U/LH_704_hlist_1.00000.list,True,0,6789,6789,6789,6789,0.4682,True,True,0,0.000000,True,0,0.000000,True,0,0.000000
LH_705,705,0.20000,data/raw/CAMELS_SIMBA_1000U/LH_705_hlist_0.20000.list,True,0,4673,4673,4673,4673,0.199,True,True,0,0.000000,True,0,0.000000,True,0,0.000000
LH_705,705,0.25000,data/raw/CAMELS_SIMBA_1000U/LH_705_hlist_0.25000.list,True,0,5809,5809,5809,5809,0.199,True,True,0,0.000000,True,0,0.000000,True,0,0.000000
LH_705,705,0.51209,data/raw/CAMELS_SIMBA_1000U/LH_705_hlist_0.51209.list,True,0,6121,6121,6121,6121,0.199,True,True,0,0.000000,True,0,0.000000,True,0,0.000000
LH_705,705,0.75065,data/raw/CAMELS_SIMBA_1000U/LH_705_hlist_0.75065.list,True,0,5923,5923,5923,5923,0.199,True,True,0,0.000000,True,0,0.000000,True,0,0.000000
LH_705,705,1.00000,data/raw/CAMELS_SIMBA_1000U/LH_705_hlist_1.00000.list,True,0,6164,6164,6164,6164,0.199,True,True,0,0.000000,True,0,0.000000,True,0,0.000000
LH_706,706,0.20000,data/raw/CAMELS_SIMBA_1000U/LH_706_hlist_0.20000.list,True,0,3206,3206,3206,3206,0.2354,True,True,0,0.000000,True,0,0.000000,True,0,0.000000
LH_706,706,0.25000,data/raw/CAMELS_SIMBA_1000U/LH_706_hlist_0.25000.list,True,0,4696,4696,4696,4696,0.2354,True,True,0,0.000000,True,0,0.000000,True,0,0.000000
LH_706,706,0.51209,data/raw/CAMELS_SIMBA_1000U/LH_706_hlist_0.51209.list,True,0,7161,7161,7161,7161,0.2354,True,True,0,0.000000,True,0,0.000000,True,0,0.000000
LH_706,706,0.75065,data/raw/CAMELS_SIMBA_1000U/LH_706_hlist_0.75065.list,True,0,6777,6777,6777,6777,0.2354,True,True,0,0.000000,True,0,0.000000,True,0,0.000000
LH_706,706,1.00000,data/raw/CAMELS_SIMBA_1000U/LH_706_hlist_1.00000.list,True,0,7051,7051,7051,7051,0.2354,True,True,0,0.000000,True,0,0.000000,True,0,0.000000
LH_707,707,0.20000,data/raw/CAMELS_SIMBA_1000U/LH_707_hlist_0.20000.list,True,0,6219,6219,6219,6219,0.4514,True,True,0,0.000000,True,0,0.000000,True,0,0.000000
LH_707,707,0.25000,data/raw/CAMELS_SIMBA_1000U/LH_707_hlist_0.25000.list,True,0,7562,7562,7562,7562,0.4514,True,True,0,0.000000,True,0,0.000000,True,0,0.000000
LH_707,707,0.51209,data/raw/CAMELS_SIMBA_1000U/LH_707_hlist_0.51209.list,True,0,8429,8429,8429,8429,0.4514,True,True,0,0.000000,True,0,0.000000,True,0,0.000000
LH_707,707,0.75065,data/raw/CAMELS_SIMBA_1000U/LH_707_hlist_0.75065.list,True,0,7408,7408,7408,7408,0.4514,True,True,0,0.000000,True,0,0.000000,True,0,0.000000
LH_707,707,1.00000,data/raw/CAMELS_SIMBA_1000U/LH_707_hlist_1.00000.list,True,0,7060,7060,7060,7060,0.4514,True,True,0,0.000000,True,0,0.000000,True,0,0.000000
LH_708,708,0.20000,data/raw/CAMELS_SIMBA_1000U/LH_708_hlist_0.20000.list,True,0,6971,6971,6971,6971,0.305,True,True,0,0.000000,True,0,0.000000,True,0,0.000000
LH_708,708,0.25000,data/raw/CAMELS_SIMBA_1000U/LH_708_hlist_0.25000.list,True,0,7881,7881,7881,7881,0.305,True,True,0,0.000000,True,0,0.000000,True,0,0.000000
LH_708,708,0.51209,data/raw/CAMELS_SIMBA_1000U/LH_708_hlist_0.51209.list,True,0,7095,7095,7095,7095,0.305,True,True,0,0.000000,True,0,0.000000,True,0,0.000000
LH_708,708,0.75065,data/raw/CAMELS_SIMBA_1000U/LH_708_hlist_0.75065.list,True,0,6089,6089,6089,6089,0.305,True,True,0,0.000000,True,0,0.000000,True,0,0.000000
LH_708,708,1.00000,data/raw/CAMELS_SIMBA_1000U/LH_708_hlist_1.00000.list,True,0,5948,5948,5948,5948,0.305,True,True,0,0.000000,True,0,0.000000,True,0,0.000000
LH_709,709,0.20000,data/raw/CAMELS_SIMBA_1000U/LH_709_hlist_0.20000.list,True,0,3436,3436,3436,3436,0.3086,True,True,0,0.000000,True,0,0.000000,True,0,0.000000
LH_709,709,0.25000,data/raw/CAMELS_SIMBA_1000U/LH_709_hlist_0.25000.list,True,0,5251,5251,5251,5251,0.3086,True,True,0,0.000000,True,0,0.000000,True,0,0.000000
LH_709,709,0.51209,data/raw/CAMELS_SIMBA_1000U/LH_709_hlist_0.51209.list,True,0,7506,7506,7506,7506,0.3086,True,True,0,0.000000,True,0,0.000000,True,0,0.000000
LH_709,709,0.75065,data/raw/CAMELS_SIMBA_1000U/LH_709_hlist_0.75065.list,True,0,7103,7103,7103,7103,0.3086,True,True,0,0.000000,True,0,0.000000,True,0,0.000000
LH_709,709,1.00000,data/raw/CAMELS_SIMBA_1000U/LH_709_hlist_1.00000.list,True,0,7139,7139,7139,7139,0.3086,True,True,0,0.000000,True,0,0.000000,True,0,0.000000
LH_710,710,0.20000,data/raw/CAMELS_SIMBA_1000U/LH_710_hlist_0.20000.list,True,0,3433,3433,3433,3433,0.3822,True,True,0,0.000000,True,0,0.000000,True,0,0.000000
LH_710,710,0.25000,data/raw/CAMELS_SIMBA_1000U/LH_710_hlist_0.25000.list,True,0,5187,5187,5187,5187,0.3822,True,True,0,0.000000,True,0,0.000000,True,0,0.000000
LH_710,710,0.51209,data/raw/CAMELS_SIMBA_1000U/LH_710_hlist_0.51209.list,True,0,7825,7825,7825,7825,0.3822,True,True,0,0.000000,True,0,0.000000,True,0,0.000000
LH_710,710,0.75065,data/raw/CAMELS_SIMBA_1000U/LH_710_hlist_0.75065.list,True,0,7305,7305,7305,7305,0.3822,True,True,0,0.000000,True,0,0.000000,True,0,0.000000
LH_710,710,1.00000,data/raw/CAMELS_SIMBA_1000U/LH_710_hlist_1.00000.list,True,0,7251,7251,7251,7251,0.3822,True,True,0,0.000000,True,0,0.000000,True,0,0.000000
LH_711,711,0.20000,data/raw/CAMELS_SIMBA_1000U/LH_711_hlist_0.20000.list,True,0,4618,4618,4618,4618,0.2858,True,True,0,0.000000,True,0,0.000000,True,0,0.000000
LH_711,711,0.25000,data/raw/CAMELS_SIMBA_1000U/LH_711_hlist_0.25000.list,True,0,5861,5861,5861,5861,0.2858,True,True,0,0.000000,True,0,0.000000,True,0,0.000000
LH_711,711,0.51209,data/raw/CAMELS_SIMBA_1000U/LH_711_hlist_0.51209.list,True,0,7038,7038,7038,7038,0.2858,True,True,0,0.000000,True,0,0.000000,True,0,0.000000
LH_711,711,0.75065,data/raw/CAMELS_SIMBA_1000U/LH_711_hlist_0.75065.list,True,0,6641,6641,6641,6641,0.2858,True,True,0,0.000000,True,0,0.000000,True,0,0.000000
LH_711,711,1.00000,data/raw/CAMELS_SIMBA_1000U/LH_711_hlist_1.00000.list,True,0,6723,6723,6723,6723,0.2858,True,True,0,0.000000,True,0,0.000000,True,0,0.000000
LH_712,712,0.20000,data/raw/CAMELS_SIMBA_1000U/LH_712_hlist_0.20000.list,True,0,1616,1616,1616,1616,0.1802,True,True,0,0.000000,True,0,0.000000,False,384,0.192000
LH_712,712,0.25000,data/raw/CAMELS_SIMBA_1000U/LH_712_hlist_0.25000.list,True,0,3157,3157,3157,3157,0.1802,True,True,0,0.000000,True,0,0.000000,True,0,0.000000
LH_712,712,0.51209,data/raw/CAMELS_SIMBA_1000U/LH_712_hlist_0.51209.list,True,0,5996,5996,5996,5996,0.1802,True,True,0,0.000000,True,0,0.000000,True,0,0.000000
LH_712,712,0.75065,data/raw/CAMELS_SIMBA_1000U/LH_712_hlist_0.75065.list,True,0,6210,6210,6210,6210,0.1802,True,True,0,0.000000,True,0,0.000000,True,0,0.000000
LH_712,712,1.00000,data/raw/CAMELS_SIMBA_1000U/LH_712_hlist_1.00000.list,True,0,6640,6640,6640,6640,0.1802,True,True,0,0.000000,True,0,0.000000,True,0,0.000000
LH_713,713,0.20000,data/raw/CAMELS_SIMBA_1000U/LH_713_hlist_0.20000.list,True,0,5345,5345,5345,5345,0.4498,True,True,0,0.000000,True,0,0.000000,True,0,0.000000
LH_713,713,0.25000,data/raw/CAMELS_SIMBA_1000U/LH_713_hlist_0.25000.list,True,0,6876,6876,6876,6876,0.4498,True,True,0,0.000000,True,0,0.000000,True,0,0.000000
LH_713,713,0.51209,data/raw/CAMELS_SIMBA_1000U/LH_713_hlist_0.51209.list,True,0,8689,8689,8689,8689,0.4498,True,True,0,0.000000,True,0,0.000000,True,0,0.000000
LH_713,713,0.75065,data/raw/CAMELS_SIMBA_1000U/LH_713_hlist_0.75065.list,True,0,7874,7874,7874,7874,0.4498,True,True,0,0.000000,True,0,0.000000,True,0,0.000000
LH_713,713,1.00000,data/raw/CAMELS_SIMBA_1000U/LH_713_hlist_1.00000.list,True,0,7632,7632,7632,7632,0.4498,True,True,0,0.000000,True,0,0.000000,True,0,0.000000
LH_714,714,0.20000,data/raw/CAMELS_SIMBA_1000U/LH_714_hlist_0.20000.list,True,0,6112,6112,6112,6112,0.487,True,True,0,0.000000,True,0,0.000000,True,0,0.000000
LH_714,714,0.25000,data/raw/CAMELS_SIMBA_1000U/LH_714_hlist_0.25000.list,True,0,7412,7412,7412,7412,0.487,True,True,0,0.000000,True,0,0.000000,True,0,0.000000
LH_714,714,0.51209,data/raw/CAMELS_SIMBA_1000U/LH_714_hlist_0.51209.list,True,0,8272,8272,8272,8272,0.487,True,True,0,0.000000,True,0,0.000000,True,0,0.000000
LH_714,714,0.75065,data/raw/CAMELS_SIMBA_1000U/LH_714_hlist_0.75065.list,True,0,7018,7018,7018,7018,0.487,True,True,0,0.000000,True,0,0.000000,True,0,0.000000
LH_714,714,1.00000,data/raw/CAMELS_SIMBA_1000U/LH_714_hlist_1.00000.list,True,0,6663,6663,6663,6663,0.487,True,True,0,0.000000,True,0,0.000000,True,0,0.000000
LH_715,715,0.20000,data/raw/CAMELS_SIMBA_1000U/LH_715_hlist_0.20000.list,True,0,2069,2069,2069,2069,0.1894,True,True,0,0.000000,True,0,0.000000,True,0,0.000000
LH_715,715,0.25000,data/raw/CAMELS_SIMBA_1000U/LH_715_hlist_0.25000.list,True,0,3592,3592,3592,3592,0.1894,True,True,0,0.000000,True,0,0.000000,True,0,0.000000
LH_715,715,0.51209,data/raw/CAMELS_SIMBA_1000U/LH_715_hlist_0.51209.list,True,0,6102,6102,6102,6102,0.1894,True,True,0,0.000000,True,0,0.000000,True,0,0.000000
LH_715,715,0.75065,data/raw/CAMELS_SIMBA_1000U/LH_715_hlist_0.75065.list,True,0,6226,6226,6226,6226,0.1894,True,True,0,0.000000,True,0,0.000000,True,0,0.000000
LH_715,715,1.00000,data/raw/CAMELS_SIMBA_1000U/LH_715_hlist_1.00000.list,True,0,6734,6734,6734,6734,0.1894,True,True,0,0.000000,True,0,0.000000,True,0,0.000000
LH_716,716,0.20000,data/raw/CAMELS_SIMBA_1000U/LH_716_hlist_0.20000.list,True,0,3221,3221,3221,3221,0.1314,True,True,0,0.000000,True,0,0.000000,True,0,0.000000
LH_716,716,0.25000,data/raw/CAMELS_SIMBA_1000U/LH_716_hlist_0.25000.list,True,0,4368,4368,4368,4368,0.1314,True,True,0,0.000000,True,0,0.000000,True,0,0.000000
LH_716,716,0.51209,data/raw/CAMELS_SIMBA_1000U/LH_716_hlist_0.51209.list,True,0,5048,5048,5048,5048,0.1314,True,True,0,0.000000,True,0,0.000000,True,0,0.000000
LH_716,716,0.75065,data/raw/CAMELS_SIMBA_1000U/LH_716_hlist_0.75065.list,True,0,5171,5171,5171,5171,0.1314,True,True,0,0.000000,True,0,0.000000,True,0,0.000000
LH_716,716,1.00000,data/raw/CAMELS_SIMBA_1000U/LH_716_hlist_1.00000.list,True,0,5504,5504,5504,5504,0.1314,True,True,0,0.000000,True,0,0.000000,True,0,0.000000
LH_717,717,0.20000,data/raw/CAMELS_SIMBA_1000U/LH_717_hlist_0.20000.list,True,0,6774,6774,6774,6774,0.4906,True,True,0,0.000000,True,0,0.000000,True,0,0.000000
LH_717,717,0.25000,data/raw/CAMELS_SIMBA_1000U/LH_717_hlist_0.25000.list,True,0,8231,8231,8231,8231,0.4906,True,True,0,0.000000,True,0,0.000000,True,0,0.000000
LH_717,717,0.51209,data/raw/CAMELS_SIMBA_1000U/LH_717_hlist_0.51209.list,True,0,8363,8363,8363,8363,0.4906,True,True,0,0.000000,True,0,0.000000,True,0,0.000000
LH_717,717,0.75065,data/raw/CAMELS_SIMBA_1000U/LH_717_hlist_0.75065.list,True,0,7228,7228,7228,7228,0.4906,True,True,0,0.000000,True,0,0.000000,True,0,0.000000
LH_717,717,1.00000,data/raw/CAMELS_SIMBA_1000U/LH_717_hlist_1.00000.list,True,0,6847,6847,6847,6847,0.4906,True,True,0,0.000000,True,0,0.000000,True,0,0.000000
LH_718,718,0.20000,data/raw/CAMELS_SIMBA_1000U/LH_718_hlist_0.20000.list,True,0,7080,7080,7080,7080,0.469,True,True,0,0.000000,True,0,0.000000,True,0,0.000000
LH_718,718,0.25000,data/raw/CAMELS_SIMBA_1000U/LH_718_hlist_0.25000.list,True,0,8071,8071,8071,8071,0.469,True,True,0,0.000000,True,0,0.000000,True,0,0.000000
LH_718,718,0.51209,data/raw/CAMELS_SIMBA_1000U/LH_718_hlist_0.51209.list,True,0,8513,8513,8513,8513,0.469,True,True,0,0.000000,True,0,0.000000,True,0,0.000000
LH_718,718,0.75065,data/raw/CAMELS_SIMBA_1000U/LH_718_hlist_0.75065.list,True,0,7382,7382,7382,7382,0.469,True,True,0,0.000000,True,0,0.000000,True,0,0.000000
LH_718,718,1.00000,data/raw/CAMELS_SIMBA_1000U/LH_718_hlist_1.00000.list,True,0,7062,7062,7062,7062,0.469,True,True,0,0.000000,True,0,0.000000,True,0,0.000000
LH_719,719,0.20000,data/raw/CAMELS_SIMBA_1000U/LH_719_hlist_0.20000.list,True,0,6613,6613,6613,6613,0.4098,True,True,0,0.000000,True,0,0.000000,True,0,0.000000
LH_719,719,0.25000,data/raw/CAMELS_SIMBA_1000U/LH_719_hlist_0.25000.list,True,0,7727,7727,7727,7727,0.4098,True,True,0,0.000000,True,0,0.000000,True,0,0.000000
LH_719,719,0.51209,data/raw/CAMELS_SIMBA_1000U/LH_719_hlist_0.51209.list,True,0,7943,7943,7943,7943,0.4098,True,True,0,0.000000,True,0,0.000000,True,0,0.000000
LH_719,719,0.75065,data/raw/CAMELS_SIMBA_1000U/LH_719_hlist_0.75065.list,True,0,7006,7006,7006,7006,0.4098,True,True,0,0.000000,True,0,0.000000,True,0,0.000000
LH_719,719,1.00000,data/raw/CAMELS_SIMBA_1000U/LH_719_hlist_1.00000.list,True,0,6901,6901,6901,6901,0.4098,True,True,0,0.000000,True,0,0.000000,True,0,0.000000
LH_720,720,0.20000,data/raw/CAMELS_SIMBA_1000U/LH_720_hlist_0.20000.list,True,0,987,987,987,987,0.1326,True,False,13,0.013000,False,513,0.342000,False,1013,0.506500
LH_720,720,0.25000,data/raw/CAMELS_SIMBA_1000U/LH_720_hlist_0.25000.list,True,0,2180,2180,2180,2180,0.1326,True,True,0,0.000000,True,0,0.000000,True,0,0.000000
LH_720,720,0.51209,data/raw/CAMELS_SIMBA_1000U/LH_720_hlist_0.51209.list,True,0,4837,4837,4837,4837,0.1326,True,True,0,0.000000,True,0,0.000000,True,0,0.000000
LH_720,720,0.75065,data/raw/CAMELS_SIMBA_1000U/LH_720_hlist_0.75065.list,True,0,5456,5456,5456,5456,0.1326,True,True,0,0.000000,True,0,0.000000,True,0,0.000000
LH_720,720,1.00000,data/raw/CAMELS_SIMBA_1000U/LH_720_hlist_1.00000.list,True,0,6060,6060,6060,6060,0.1326,True,True,0,0.000000,True,0,0.000000,True,0,0.000000
LH_721,721,0.20000,data/raw/CAMELS_SIMBA_1000U/LH_721_hlist_0.20000.list,True,0,4004,4004,4004,4004,0.383,True,True,0,0.000000,True,0,0.000000,True,0,0.000000
LH_721,721,0.25000,data/raw/CAMELS_SIMBA_1000U/LH_721_hlist_0.25000.list,True,0,5600,5600,5600,5600,0.383,True,True,0,0.000000,True,0,0.000000,True,0,0.000000
LH_721,721,0.51209,data/raw/CAMELS_SIMBA_1000U/LH_721_hlist_0.51209.list,True,0,8693,8693,8693,8693,0.383,True,True,0,0.000000,True,0,0.000000,True,0,0.000000
LH_721,721,0.75065,data/raw/CAMELS_SIMBA_1000U/LH_721_hlist_0.75065.list,True,0,8191,8191,8191,8191,0.383,True,True,0,0.000000,True,0,0.000000,True,0,0.000000
LH_721,721,1.00000,data/raw/CAMELS_SIMBA_1000U/LH_721_hlist_1.00000.list,True,0,7858,7858,7858,7858,0.383,True,True,0,0.000000,True,0,0.000000,True,0,0.000000
LH_722,722,0.20000,data/raw/CAMELS_SIMBA_1000U/LH_722_hlist_0.20000.list,True,0,7272,7272,7272,7272,0.3206,True,True,0,0.000000,True,0,0.000000,True,0,0.000000
LH_722,722,0.25000,data/raw/CAMELS_SIMBA_1000U/LH_722_hlist_0.25000.list,True,0,7498,7498,7498,7498,0.3206,True,True,0,0.000000,True,0,0.000000,True,0,0.000000
LH_722,722,0.51209,data/raw/CAMELS_SIMBA_1000U/LH_722_hlist_0.51209.list,True,0,6881,6881,6881,6881,0.3206,True,True,0,0.000000,True,0,0.000000,True,0,0.000000
LH_722,722,0.75065,data/raw/CAMELS_SIMBA_1000U/LH_722_hlist_0.75065.list,True,0,6015,6015,6015,6015,0.3206,True,True,0,0.000000,True,0,0.000000,True,0,0.000000
LH_722,722,1.00000,data/raw/CAMELS_SIMBA_1000U/LH_722_hlist_1.00000.list,True,0,6019,6019,6019,6019,0.3206,True,True,0,0.000000,True,0,0.000000,True,0,0.000000
LH_723,723,0.20000,data/raw/CAMELS_SIMBA_1000U/LH_723_hlist_0.20000.list,True,0,265,265,265,265,0.1306,True,False,735,0.735000,False,1235,0.823333,False,1735,0.867500
LH_723,723,0.25000,data/raw/CAMELS_SIMBA_1000U/LH_723_hlist_0.25000.list,True,0,1259,1259,1259,1259,0.1306,True,True,0,0.000000,False,241,0.160667,False,741,0.370500
LH_723,723,0.51209,data/raw/CAMELS_SIMBA_1000U/LH_723_hlist_0.51209.list,True,0,4255,4255,4255,4255,0.1306,True,True,0,0.000000,True,0,0.000000,True,0,0.000000
LH_723,723,0.75065,data/raw/CAMELS_SIMBA_1000U/LH_723_hlist_0.75065.list,True,0,4856,4856,4856,4856,0.1306,True,True,0,0.000000,True,0,0.000000,True,0,0.000000
LH_723,723,1.00000,data/raw/CAMELS_SIMBA_1000U/LH_723_hlist_1.00000.list,True,0,5532,5532,5532,5532,0.1306,True,True,0,0.000000,True,0,0.000000,True,0,0.000000
LH_724,724,0.20000,data/raw/CAMELS_SIMBA_1000U/LH_724_hlist_0.20000.list,True,0,2257,2257,2257,2257,0.1662,True,True,0,0.000000,True,0,0.000000,True,0,0.000000
LH_724,724,0.25000,data/raw/CAMELS_SIMBA_1000U/LH_724_hlist_0.25000.list,True,0,3750,3750,3750,3750,0.1662,True,True,0,0.000000,True,0,0.000000,True,0,0.000000
LH_724,724,0.51209,data/raw/CAMELS_SIMBA_1000U/LH_724_hlist_0.51209.list,True,0,5876,5876,5876,5876,0.1662,True,True,0,0.000000,True,0,0.000000,True,0,0.000000
LH_724,724,0.75065,data/raw/CAMELS_SIMBA_1000U/LH_724_hlist_0.75065.list,True,0,6032,6032,6032,6032,0.1662,True,True,0,0.000000,True,0,0.000000,True,0,0.000000
LH_724,724,1.00000,data/raw/CAMELS_SIMBA_1000U/LH_724_hlist_1.00000.list,True,0,6455,6455,6455,6455,0.1662,True,True,0,0.000000,True,0,0.000000,True,0,0.000000
LH_725,725,0.20000,data/raw/CAMELS_SIMBA_1000U/LH_725_hlist_0.20000.list,True,0,6570,6570,6570,6570,0.387,True,True,0,0.000000,True,0,0.000000,True,0,0.000000
LH_725,725,0.25000,data/raw/CAMELS_SIMBA_1000U/LH_725_hlist_0.25000.list,True,0,7682,7682,7682,7682,0.387,True,True,0,0.000000,True,0,0.000000,True,0,0.000000
LH_725,725,0.51209,data/raw/CAMELS_SIMBA_1000U/LH_725_hlist_0.51209.list,True,0,8077,8077,8077,8077,0.387,True,True,0,0.000000,True,0,0.000000,True,0,0.000000
LH_725,725,0.75065,data/raw/CAMELS_SIMBA_1000U/LH_725_hlist_0.75065.list,True,0,7067,7067,7067,7067,0.387,True,True,0,0.000000,True,0,0.000000,True,0,0.000000
LH_725,725,1.00000,data/raw/CAMELS_SIMBA_1000U/LH_725_hlist_1.00000.list,True,0,6752,6752,6752,6752,0.387,True,True,0,0.000000,True,0,0.000000,True,0,0.000000
LH_726,726,0.20000,data/raw/CAMELS_SIMBA_1000U/LH_726_hlist_0.20000.list,True,0,2010,2010,2010,2010,0.2466,True,True,0,0.000000,True,0,0.000000,True,0,0.000000
LH_726,726,0.25000,data/raw/CAMELS_SIMBA_1000U/LH_726_hlist_0.25000.list,True,0,3836,3836,3836,3836,0.2466,True,True,0,0.000000,True,0,0.000000,True,0,0.000000
LH_726,726,0.51209,data/raw/CAMELS_SIMBA_1000U/LH_726_hlist_0.51209.list,True,0,7115,7115,7115,7115,0.2466,True,True,0,0.000000,True,0,0.000000,True,0,0.000000
LH_726,726,0.75065,data/raw/CAMELS_SIMBA_1000U/LH_726_hlist_0.75065.list,True,0,7137,7137,7137,7137,0.2466,True,True,0,0.000000,True,0,0.000000,True,0,0.000000
LH_726,726,1.00000,data/raw/CAMELS_SIMBA_1000U/LH_726_hlist_1.00000.list,True,0,7483,7483,7483,7483,0.2466,True,True,0,0.000000,True,0,0.000000,True,0,0.000000
LH_727,727,0.20000,data/raw/CAMELS_SIMBA_1000U/LH_727_hlist_0.20000.list,True,0,5144,5144,5144,5144,0.3098,True,True,0,0.000000,True,0,0.000000,True,0,0.000000
LH_727,727,0.25000,data/raw/CAMELS_SIMBA_1000U/LH_727_hlist_0.25000.list,True,0,6481,6481,6481,6481,0.3098,True,True,0,0.000000,True,0,0.000000,True,0,0.000000
LH_727,727,0.51209,data/raw/CAMELS_SIMBA_1000U/LH_727_hlist_0.51209.list,True,0,7342,7342,7342,7342,0.3098,True,True,0,0.000000,True,0,0.000000,True,0,0.000000
LH_727,727,0.75065,data/raw/CAMELS_SIMBA_1000U/LH_727_hlist_0.75065.list,True,0,6450,6450,6450,6450,0.3098,True,True,0,0.000000,True,0,0.000000,True,0,0.000000
LH_727,727,1.00000,data/raw/CAMELS_SIMBA_1000U/LH_727_hlist_1.00000.list,True,0,6221,6221,6221,6221,0.3098,True,True,0,0.000000,True,0,0.000000,True,0,0.000000
LH_728,728,0.20000,data/raw/CAMELS_SIMBA_1000U/LH_728_hlist_0.20000.list,True,0,6088,6088,6088,6088,0.4202,True,True,0,0.000000,True,0,0.000000,True,0,0.000000
LH_728,728,0.25000,data/raw/CAMELS_SIMBA_1000U/LH_728_hlist_0.25000.list,True,0,7328,7328,7328,7328,0.4202,True,True,0,0.000000,True,0,0.000000,True,0,0.000000
LH_728,728,0.51209,data/raw/CAMELS_SIMBA_1000U/LH_728_hlist_0.51209.list,True,0,7946,7946,7946,7946,0.4202,True,True,0,0.000000,True,0,0.000000,True,0,0.000000
LH_728,728,0.75065,data/raw/CAMELS_SIMBA_1000U/LH_728_hlist_0.75065.list,True,0,6833,6833,6833,6833,0.4202,True,True,0,0.000000,True,0,0.000000,True,0,0.000000
LH_728,728,1.00000,data/raw/CAMELS_SIMBA_1000U/LH_728_hlist_1.00000.list,True,0,6522,6522,6522,6522,0.4202,True,True,0,0.000000,True,0,0.000000,True,0,0.000000
LH_729,729,0.20000,data/raw/CAMELS_SIMBA_1000U/LH_729_hlist_0.20000.list,True,0,8187,8187,8187,8187,0.4242,True,True,0,0.000000,True,0,0.000000,True,0,0.000000
LH_729,729,0.25000,data/raw/CAMELS_SIMBA_1000U/LH_729_hlist_0.25000.list,True,0,8631,8631,8631,8631,0.4242,True,True,0,0.000000,True,0,0.000000,True,0,0.000000
LH_729,729,0.51209,data/raw/CAMELS_SIMBA_1000U/LH_729_hlist_0.51209.list,True,0,7313,7313,7313,7313,0.4242,True,True,0,0.000000,True,0,0.000000,True,0,0.000000
LH_729,729,0.75065,data/raw/CAMELS_SIMBA_1000U/LH_729_hlist_0.75065.list,True,0,6361,6361,6361,6361,0.4242,True,True,0,0.000000,True,0,0.000000,True,0,0.000000
LH_729,729,1.00000,data/raw/CAMELS_SIMBA_1000U/LH_729_hlist_1.00000.list,True,0,5898,5898,5898,5898,0.4242,True,True,0,0.000000,True,0,0.000000,True,0,0.000000
LH_730,730,0.20000,data/raw/CAMELS_SIMBA_1000U/LH_730_hlist_0.20000.list,True,0,2533,2533,2533,2533,0.1554,True,True,0,0.000000,True,0,0.000000,True,0,0.000000
LH_730,730,0.25000,data/raw/CAMELS_SIMBA_1000U/LH_730_hlist_0.25000.list,True,0,3837,3837,3837,3837,0.1554,True,True,0,0.000000,True,0,0.000000,True,0,0.000000
LH_730,730,0.51209,data/raw/CAMELS_SIMBA_1000U/LH_730_hlist_0.51209.list,True,0,5719,5719,5719,5719,0.1554,True,True,0,0.000000,True,0,0.000000,True,0,0.000000
LH_730,730,0.75065,data/raw/CAMELS_SIMBA_1000U/LH_730_hlist_0.75065.list,True,0,5973,5973,5973,5973,0.1554,True,True,0,0.000000,True,0,0.000000,True,0,0.000000
LH_730,730,1.00000,data/raw/CAMELS_SIMBA_1000U/LH_730_hlist_1.00000.list,True,0,6433,6433,6433,6433,0.1554,True,True,0,0.000000,True,0,0.000000,True,0,0.000000
LH_731,731,0.20000,data/raw/CAMELS_SIMBA_1000U/LH_731_hlist_0.20000.list,True,0,4049,4049,4049,4049,0.3246,True,True,0,0.000000,True,0,0.000000,True,0,0.000000
LH_731,731,0.25000,data/raw/CAMELS_SIMBA_1000U/LH_731_hlist_0.25000.list,True,0,5764,5764,5764,5764,0.3246,True,True,0,0.000000,True,0,0.000000,True,0,0.000000
LH_731,731,0.51209,data/raw/CAMELS_SIMBA_1000U/LH_731_hlist_0.51209.list,True,0,7966,7966,7966,7966,0.3246,True,True,0,0.000000,True,0,0.000000,True,0,0.000000
LH_731,731,0.75065,data/raw/CAMELS_SIMBA_1000U/LH_731_hlist_0.75065.list,True,0,7353,7353,7353,7353,0.3246,True,True,0,0.000000,True,0,0.000000,True,0,0.000000
LH_731,731,1.00000,data/raw/CAMELS_SIMBA_1000U/LH_731_hlist_1.00000.list,True,0,7375,7375,7375,7375,0.3246,True,True,0,0.000000,True,0,0.000000,True,0,0.000000
LH_732,732,0.20000,data/raw/CAMELS_SIMBA_1000U/LH_732_hlist_0.20000.list,True,0,8769,8769,8769,8769,0.4702,True,True,0,0.000000,True,0,0.000000,True,0,0.000000
LH_732,732,0.25000,data/raw/CAMELS_SIMBA_1000U/LH_732_hlist_0.25000.list,True,0,9236,9236,9236,9236,0.4702,True,True,0,0.000000,True,0,0.000000,True,0,0.000000
LH_732,732,0.51209,data/raw/CAMELS_SIMBA_1000U/LH_732_hlist_0.51209.list,True,0,7649,7649,7649,7649,0.4702,True,True,0,0.000000,True,0,0.000000,True,0,0.000000
LH_732,732,0.75065,data/raw/CAMELS_SIMBA_1000U/LH_732_hlist_0.75065.list,True,0,6173,6173,6173,6173,0.4702,True,True,0,0.000000,True,0,0.000000,True,0,0.000000
LH_732,732,1.00000,data/raw/CAMELS_SIMBA_1000U/LH_732_hlist_1.00000.list,True,0,5819,5819,5819,5819,0.4702,True,True,0,0.000000,True,0,0.000000,True,0,0.000000
LH_733,733,0.20000,data/raw/CAMELS_SIMBA_1000U/LH_733_hlist_0.20000.list,True,0,4297,4297,4297,4297,0.4694,True,True,0,0.000000,True,0,0.000000,True,0,0.000000
LH_733,733,0.25000,data/raw/CAMELS_SIMBA_1000U/LH_733_hlist_0.25000.list,True,0,6027,6027,6027,6027,0.4694,True,True,0,0.000000,True,0,0.000000,True,0,0.000000
LH_733,733,0.51209,data/raw/CAMELS_SIMBA_1000U/LH_733_hlist_0.51209.list,True,0,8878,8878,8878,8878,0.4694,True,True,0,0.000000,True,0,0.000000,True,0,0.000000
LH_733,733,0.75065,data/raw/CAMELS_SIMBA_1000U/LH_733_hlist_0.75065.list,True,0,8223,8223,8223,8223,0.4694,True,True,0,0.000000,True,0,0.000000,True,0,0.000000
LH_733,733,1.00000,data/raw/CAMELS_SIMBA_1000U/LH_733_hlist_1.00000.list,True,0,7877,7877,7877,7877,0.4694,True,True,0,0.000000,True,0,0.000000,True,0,0.000000
LH_734,734,0.20000,data/raw/CAMELS_SIMBA_1000U/LH_734_hlist_0.20000.list,True,0,7404,7404,7404,7404,0.3254,True,True,0,0.000000,True,0,0.000000,True,0,0.000000
LH_734,734,0.25000,data/raw/CAMELS_SIMBA_1000U/LH_734_hlist_0.25000.list,True,0,8215,8215,8215,8215,0.3254,True,True,0,0.000000,True,0,0.000000,True,0,0.000000
LH_734,734,0.51209,data/raw/CAMELS_SIMBA_1000U/LH_734_hlist_0.51209.list,True,0,7068,7068,7068,7068,0.3254,True,True,0,0.000000,True,0,0.000000,True,0,0.000000
LH_734,734,0.75065,data/raw/CAMELS_SIMBA_1000U/LH_734_hlist_0.75065.list,True,0,6055,6055,6055,6055,0.3254,True,True,0,0.000000,True,0,0.000000,True,0,0.000000
LH_734,734,1.00000,data/raw/CAMELS_SIMBA_1000U/LH_734_hlist_1.00000.list,True,0,6039,6039,6039,6039,0.3254,True,True,0,0.000000,True,0,0.000000,True,0,0.000000
LH_735,735,0.20000,data/raw/CAMELS_SIMBA_1000U/LH_735_hlist_0.20000.list,True,0,2036,2036,2036,2036,0.1834,True,True,0,0.000000,True,0,0.000000,True,0,0.000000
LH_735,735,0.25000,data/raw/CAMELS_SIMBA_1000U/LH_735_hlist_0.25000.list,True,0,3363,3363,3363,3363,0.1834,True,True,0,0.000000,True,0,0.000000,True,0,0.000000
LH_735,735,0.51209,data/raw/CAMELS_SIMBA_1000U/LH_735_hlist_0.51209.list,True,0,6463,6463,6463,6463,0.1834,True,True,0,0.000000,True,0,0.000000,True,0,0.000000
LH_735,735,0.75065,data/raw/CAMELS_SIMBA_1000U/LH_735_hlist_0.75065.list,True,0,6628,6628,6628,6628,0.1834,True,True,0,0.000000,True,0,0.000000,True,0,0.000000
LH_735,735,1.00000,data/raw/CAMELS_SIMBA_1000U/LH_735_hlist_1.00000.list,True,0,7011,7011,7011,7011,0.1834,True,True,0,0.000000,True,0,0.000000,True,0,0.000000
LH_736,736,0.20000,data/raw/CAMELS_SIMBA_1000U/LH_736_hlist_0.20000.list,True,0,4049,4049,4049,4049,0.2118,True,True,0,0.000000,True,0,0.000000,True,0,0.000000
LH_736,736,0.25000,data/raw/CAMELS_SIMBA_1000U/LH_736_hlist_0.25000.list,True,0,5389,5389,5389,5389,0.2118,True,True,0,0.000000,True,0,0.000000,True,0,0.000000
LH_736,736,0.51209,data/raw/CAMELS_SIMBA_1000U/LH_736_hlist_0.51209.list,True,0,6319,6319,6319,6319,0.2118,True,True,0,0.000000,True,0,0.000000,True,0,0.000000
LH_736,736,0.75065,data/raw/CAMELS_SIMBA_1000U/LH_736_hlist_0.75065.list,True,0,6140,6140,6140,6140,0.2118,True,True,0,0.000000,True,0,0.000000,True,0,0.000000
LH_736,736,1.00000,data/raw/CAMELS_SIMBA_1000U/LH_736_hlist_1.00000.list,True,0,6433,6433,6433,6433,0.2118,True,True,0,0.000000,True,0,0.000000,True,0,0.000000
LH_737,737,0.20000,data/raw/CAMELS_SIMBA_1000U/LH_737_hlist_0.20000.list,True,0,4711,4711,4711,4711,0.4762,True,True,0,0.000000,True,0,0.000000,True,0,0.000000
LH_737,737,0.25000,data/raw/CAMELS_SIMBA_1000U/LH_737_hlist_0.25000.list,True,0,6513,6513,6513,6513,0.4762,True,True,0,0.000000,True,0,0.000000,True,0,0.000000
LH_737,737,0.51209,data/raw/CAMELS_SIMBA_1000U/LH_737_hlist_0.51209.list,True,0,8747,8747,8747,8747,0.4762,True,True,0,0.000000,True,0,0.000000,True,0,0.000000
LH_737,737,0.75065,data/raw/CAMELS_SIMBA_1000U/LH_737_hlist_0.75065.list,True,0,7954,7954,7954,7954,0.4762,True,True,0,0.000000,True,0,0.000000,True,0,0.000000
LH_737,737,1.00000,data/raw/CAMELS_SIMBA_1000U/LH_737_hlist_1.00000.list,True,0,7600,7600,7600,7600,0.4762,True,True,0,0.000000,True,0,0.000000,True,0,0.000000
LH_738,738,0.20000,data/raw/CAMELS_SIMBA_1000U/LH_738_hlist_0.20000.list,True,0,8155,8155,8155,8155,0.3858,True,True,0,0.000000,True,0,0.000000,True,0,0.000000
LH_738,738,0.25000,data/raw/CAMELS_SIMBA_1000U/LH_738_hlist_0.25000.list,True,0,8553,8553,8553,8553,0.3858,True,True,0,0.000000,True,0,0.000000,True,0,0.000000
LH_738,738,0.51209,data/raw/CAMELS_SIMBA_1000U/LH_738_hlist_0.51209.list,True,0,6854,6854,6854,6854,0.3858,True,True,0,0.000000,True,0,0.000000,True,0,0.000000
LH_738,738,0.75065,data/raw/CAMELS_SIMBA_1000U/LH_738_hlist_0.75065.list,True,0,5741,5741,5741,5741,0.3858,True,True,0,0.000000,True,0,0.000000,True,0,0.000000
LH_738,738,1.00000,data/raw/CAMELS_SIMBA_1000U/LH_738_hlist_1.00000.list,True,0,5597,5597,5597,5597,0.3858,True,True,0,0.000000,True,0,0.000000,True,0,0.000000
LH_739,739,0.20000,data/raw/CAMELS_SIMBA_1000U/LH_739_hlist_0.20000.list,True,0,5852,5852,5852,5852,0.409,True,True,0,0.000000,True,0,0.000000,True,0,0.000000
LH_739,739,0.25000,data/raw/CAMELS_SIMBA_1000U/LH_739_hlist_0.25000.list,True,0,7436,7436,7436,7436,0.409,True,True,0,0.000000,True,0,0.000000,True,0,0.000000
LH_739,739,0.51209,data/raw/CAMELS_SIMBA_1000U/LH_739_hlist_0.51209.list,True,0,8329,8329,8329,8329,0.409,True,True,0,0.000000,True,0,0.000000,True,0,0.000000
LH_739,739,0.75065,data/raw/CAMELS_SIMBA_1000U/LH_739_hlist_0.75065.list,True,0,7352,7352,7352,7352,0.409,True,True,0,0.000000,True,0,0.000000,True,0,0.000000
LH_739,739,1.00000,data/raw/CAMELS_SIMBA_1000U/LH_739_hlist_1.00000.list,True,0,7001,7001,7001,7001,0.409,True,True,0,0.000000,True,0,0.000000,True,0,0.000000
LH_740,740,0.20000,data/raw/CAMELS_SIMBA_1000U/LH_740_hlist_0.20000.list,True,0,843,843,843,843,0.171,True,False,157,0.157000,False,657,0.438000,False,1157,0.578500
LH_740,740,0.25000,data/raw/CAMELS_SIMBA_1000U/LH_740_hlist_0.25000.list,True,0,1929,1929,1929,1929,0.171,True,True,0,0.000000,True,0,0.000000,False,71,0.035500
LH_740,740,0.51209,data/raw/CAMELS_SIMBA_1000U/LH_740_hlist_0.51209.list,True,0,5698,5698,5698,5698,0.171,True,True,0,0.000000,True,0,0.000000,True,0,0.000000
LH_740,740,0.75065,data/raw/CAMELS_SIMBA_1000U/LH_740_hlist_0.75065.list,True,0,6510,6510,6510,6510,0.171,True,True,0,0.000000,True,0,0.000000,True,0,0.000000
LH_740,740,1.00000,data/raw/CAMELS_SIMBA_1000U/LH_740_hlist_1.00000.list,True,0,7286,7286,7286,7286,0.171,True,True,0,0.000000,True,0,0.000000,True,0,0.000000
LH_741,741,0.20000,data/raw/CAMELS_SIMBA_1000U/LH_741_hlist_0.20000.list,True,0,7432,7432,7432,7432,0.3334,True,True,0,0.000000,True,0,0.000000,True,0,0.000000
LH_741,741,0.25000,data/raw/CAMELS_SIMBA_1000U/LH_741_hlist_0.25000.list,True,0,7931,7931,7931,7931,0.3334,True,True,0,0.000000,True,0,0.000000,True,0,0.000000
LH_741,741,0.51209,data/raw/CAMELS_SIMBA_1000U/LH_741_hlist_0.51209.list,True,0,6664,6664,6664,6664,0.3334,True,True,0,0.000000,True,0,0.000000,True,0,0.000000
LH_741,741,0.75065,data/raw/CAMELS_SIMBA_1000U/LH_741_hlist_0.75065.list,True,0,5639,5639,5639,5639,0.3334,True,True,0,0.000000,True,0,0.000000,True,0,0.000000
LH_741,741,1.00000,data/raw/CAMELS_SIMBA_1000U/LH_741_hlist_1.00000.list,True,0,5511,5511,5511,5511,0.3334,True,True,0,0.000000,True,0,0.000000,True,0,0.000000
LH_742,742,0.20000,data/raw/CAMELS_SIMBA_1000U/LH_742_hlist_0.20000.list,True,0,346,346,346,346,0.1026,True,False,654,0.654000,False,1154,0.769333,False,1654,0.827000
LH_742,742,0.25000,data/raw/CAMELS_SIMBA_1000U/LH_742_hlist_0.25000.list,True,0,948,948,948,948,0.1026,True,False,52,0.052000,False,552,0.368000,False,1052,0.526000
LH_742,742,0.51209,data/raw/CAMELS_SIMBA_1000U/LH_742_hlist_0.51209.list,True,0,3046,3046,3046,3046,0.1026,True,True,0,0.000000,True,0,0.000000,True,0,0.000000
LH_742,742,0.75065,data/raw/CAMELS_SIMBA_1000U/LH_742_hlist_0.75065.list,True,0,3805,3805,3805,3805,0.1026,True,True,0,0.000000,True,0,0.000000,True,0,0.000000
LH_742,742,1.00000,data/raw/CAMELS_SIMBA_1000U/LH_742_hlist_1.00000.list,True,0,4586,4586,4586,4586,0.1026,True,True,0,0.000000,True,0,0.000000,True,0,0.000000
LH_743,743,0.20000,data/raw/CAMELS_SIMBA_1000U/LH_743_hlist_0.20000.list,True,0,6418,6418,6418,6418,0.3926,True,True,0,0.000000,True,0,0.000000,True,0,0.000000
LH_743,743,0.25000,data/raw/CAMELS_SIMBA_1000U/LH_743_hlist_0.25000.list,True,0,7697,7697,7697,7697,0.3926,True,True,0,0.000000,True,0,0.000000,True,0,0.000000
LH_743,743,0.51209,data/raw/CAMELS_SIMBA_1000U/LH_743_hlist_0.51209.list,True,0,7786,7786,7786,7786,0.3926,True,True,0,0.000000,True,0,0.000000,True,0,0.000000
LH_743,743,0.75065,data/raw/CAMELS_SIMBA_1000U/LH_743_hlist_0.75065.list,True,0,6676,6676,6676,6676,0.3926,True,True,0,0.000000,True,0,0.000000,True,0,0.000000
LH_743,743,1.00000,data/raw/CAMELS_SIMBA_1000U/LH_743_hlist_1.00000.list,True,0,6448,6448,6448,6448,0.3926,True,True,0,0.000000,True,0,0.000000,True,0,0.000000
LH_744,744,0.20000,data/raw/CAMELS_SIMBA_1000U/LH_744_hlist_0.20000.list,True,0,6732,6732,6732,6732,0.2958,True,True,0,0.000000,True,0,0.000000,True,0,0.000000
LH_744,744,0.25000,data/raw/CAMELS_SIMBA_1000U/LH_744_hlist_0.25000.list,True,0,7603,7603,7603,7603,0.2958,True,True,0,0.000000,True,0,0.000000,True,0,0.000000
LH_744,744,0.51209,data/raw/CAMELS_SIMBA_1000U/LH_744_hlist_0.51209.list,True,0,7239,7239,7239,7239,0.2958,True,True,0,0.000000,True,0,0.000000,True,0,0.000000
LH_744,744,0.75065,data/raw/CAMELS_SIMBA_1000U/LH_744_hlist_0.75065.list,True,0,6269,6269,6269,6269,0.2958,True,True,0,0.000000,True,0,0.000000,True,0,0.000000
LH_744,744,1.00000,data/raw/CAMELS_SIMBA_1000U/LH_744_hlist_1.00000.list,True,0,6272,6272,6272,6272,0.2958,True,True,0,0.000000,True,0,0.000000,True,0,0.000000
LH_745,745,0.20000,data/raw/CAMELS_SIMBA_1000U/LH_745_hlist_0.20000.list,True,0,2346,2346,2346,2346,0.2194,True,True,0,0.000000,True,0,0.000000,True,0,0.000000
LH_745,745,0.25000,data/raw/CAMELS_SIMBA_1000U/LH_745_hlist_0.25000.list,True,0,4056,4056,4056,4056,0.2194,True,True,0,0.000000,True,0,0.000000,True,0,0.000000
LH_745,745,0.51209,data/raw/CAMELS_SIMBA_1000U/LH_745_hlist_0.51209.list,True,0,6873,6873,6873,6873,0.2194,True,True,0,0.000000,True,0,0.000000,True,0,0.000000
LH_745,745,0.75065,data/raw/CAMELS_SIMBA_1000U/LH_745_hlist_0.75065.list,True,0,6924,6924,6924,6924,0.2194,True,True,0,0.000000,True,0,0.000000,True,0,0.000000
LH_745,745,1.00000,data/raw/CAMELS_SIMBA_1000U/LH_745_hlist_1.00000.list,True,0,7316,7316,7316,7316,0.2194,True,True,0,0.000000,True,0,0.000000,True,0,0.000000
LH_746,746,0.20000,data/raw/CAMELS_SIMBA_1000U/LH_746_hlist_0.20000.list,True,0,4910,4910,4910,4910,0.2222,True,True,0,0.000000,True,0,0.000000,True,0,0.000000
LH_746,746,0.25000,data/raw/CAMELS_SIMBA_1000U/LH_746_hlist_0.25000.list,True,0,5977,5977,5977,5977,0.2222,True,True,0,0.000000,True,0,0.000000,True,0,0.000000
LH_746,746,0.51209,data/raw/CAMELS_SIMBA_1000U/LH_746_hlist_0.51209.list,True,0,6885,6885,6885,6885,0.2222,True,True,0,0.000000,True,0,0.000000,True,0,0.000000
LH_746,746,0.75065,data/raw/CAMELS_SIMBA_1000U/LH_746_hlist_0.75065.list,True,0,6244,6244,6244,6244,0.2222,True,True,0,0.000000,True,0,0.000000,True,0,0.000000
LH_746,746,1.00000,data/raw/CAMELS_SIMBA_1000U/LH_746_hlist_1.00000.list,True,0,6332,6332,6332,6332,0.2222,True,True,0,0.000000,True,0,0.000000,True,0,0.000000
LH_747,747,0.20000,data/raw/CAMELS_SIMBA_1000U/LH_747_hlist_0.20000.list,True,0,6672,6672,6672,6672,0.3214,True,True,0,0.000000,True,0,0.000000,True,0,0.000000
LH_747,747,0.25000,data/raw/CAMELS_SIMBA_1000U/LH_747_hlist_0.25000.list,True,0,7378,7378,7378,7378,0.3214,True,True,0,0.000000,True,0,0.000000,True,0,0.000000
LH_747,747,0.51209,data/raw/CAMELS_SIMBA_1000U/LH_747_hlist_0.51209.list,True,0,6876,6876,6876,6876,0.3214,True,True,0,0.000000,True,0,0.000000,True,0,0.000000
LH_747,747,0.75065,data/raw/CAMELS_SIMBA_1000U/LH_747_hlist_0.75065.list,True,0,5886,5886,5886,5886,0.3214,True,True,0,0.000000,True,0,0.000000,True,0,0.000000
LH_747,747,1.00000,data/raw/CAMELS_SIMBA_1000U/LH_747_hlist_1.00000.list,True,0,5932,5932,5932,5932,0.3214,True,True,0,0.000000,True,0,0.000000,True,0,0.000000
LH_748,748,0.20000,data/raw/CAMELS_SIMBA_1000U/LH_748_hlist_0.20000.list,True,0,7292,7292,7292,7292,0.4238,True,True,0,0.000000,True,0,0.000000,True,0,0.000000
LH_748,748,0.25000,data/raw/CAMELS_SIMBA_1000U/LH_748_hlist_0.25000.list,True,0,8363,8363,8363,8363,0.4238,True,True,0,0.000000,True,0,0.000000,True,0,0.000000
LH_748,748,0.51209,data/raw/CAMELS_SIMBA_1000U/LH_748_hlist_0.51209.list,True,0,7613,7613,7613,7613,0.4238,True,True,0,0.000000,True,0,0.000000,True,0,0.000000
LH_748,748,0.75065,data/raw/CAMELS_SIMBA_1000U/LH_748_hlist_0.75065.list,True,0,6322,6322,6322,6322,0.4238,True,True,0,0.000000,True,0,0.000000,True,0,0.000000
LH_748,748,1.00000,data/raw/CAMELS_SIMBA_1000U/LH_748_hlist_1.00000.list,True,0,5919,5919,5919,5919,0.4238,True,True,0,0.000000,True,0,0.000000,True,0,0.000000
LH_749,749,0.20000,data/raw/CAMELS_SIMBA_1000U/LH_749_hlist_0.20000.list,True,0,3562,3562,3562,3562,0.2646,True,True,0,0.000000,True,0,0.000000,True,0,0.000000
LH_749,749,0.25000,data/raw/CAMELS_SIMBA_1000U/LH_749_hlist_0.25000.list,True,0,5083,5083,5083,5083,0.2646,True,True,0,0.000000,True,0,0.000000,True,0,0.000000
LH_749,749,0.51209,data/raw/CAMELS_SIMBA_1000U/LH_749_hlist_0.51209.list,True,0,7370,7370,7370,7370,0.2646,True,True,0,0.000000,True,0,0.000000,True,0,0.000000
LH_749,749,0.75065,data/raw/CAMELS_SIMBA_1000U/LH_749_hlist_0.75065.list,True,0,6954,6954,6954,6954,0.2646,True,True,0,0.000000,True,0,0.000000,True,0,0.000000
LH_749,749,1.00000,data/raw/CAMELS_SIMBA_1000U/LH_749_hlist_1.00000.list,True,0,6988,6988,6988,6988,0.2646,True,True,0,0.000000,True,0,0.000000,True,0,0.000000
LH_750,750,0.20000,data/raw/CAMELS_SIMBA_1000U/LH_750_hlist_0.20000.list,True,0,5606,5606,5606,5606,0.4614,True,True,0,0.000000,True,0,0.000000,True,0,0.000000
LH_750,750,0.25000,data/raw/CAMELS_SIMBA_1000U/LH_750_hlist_0.25000.list,True,0,6918,6918,6918,6918,0.4614,True,True,0,0.000000,True,0,0.000000,True,0,0.000000
LH_750,750,0.51209,data/raw/CAMELS_SIMBA_1000U/LH_750_hlist_0.51209.list,True,0,8411,8411,8411,8411,0.4614,True,True,0,0.000000,True,0,0.000000,True,0,0.000000
LH_750,750,0.75065,data/raw/CAMELS_SIMBA_1000U/LH_750_hlist_0.75065.list,True,0,7604,7604,7604,7604,0.4614,True,True,0,0.000000,True,0,0.000000,True,0,0.000000
LH_750,750,1.00000,data/raw/CAMELS_SIMBA_1000U/LH_750_hlist_1.00000.list,True,0,7114,7114,7114,7114,0.4614,True,True,0,0.000000,True,0,0.000000,True,0,0.000000
LH_751,751,0.20000,data/raw/CAMELS_SIMBA_1000U/LH_751_hlist_0.20000.list,True,0,5848,5848,5848,5848,0.289,True,True,0,0.000000,True,0,0.000000,True,0,0.000000
LH_751,751,0.25000,data/raw/CAMELS_SIMBA_1000U/LH_751_hlist_0.25000.list,True,0,6917,6917,6917,6917,0.289,True,True,0,0.000000,True,0,0.000000,True,0,0.000000
LH_751,751,0.51209,data/raw/CAMELS_SIMBA_1000U/LH_751_hlist_0.51209.list,True,0,7233,7233,7233,7233,0.289,True,True,0,0.000000,True,0,0.000000,True,0,0.000000
LH_751,751,0.75065,data/raw/CAMELS_SIMBA_1000U/LH_751_hlist_0.75065.list,True,0,6339,6339,6339,6339,0.289,True,True,0,0.000000,True,0,0.000000,True,0,0.000000
LH_751,751,1.00000,data/raw/CAMELS_SIMBA_1000U/LH_751_hlist_1.00000.list,True,0,6372,6372,6372,6372,0.289,True,True,0,0.000000,True,0,0.000000,True,0,0.000000
LH_752,752,0.20000,data/raw/CAMELS_SIMBA_1000U/LH_752_hlist_0.20000.list,True,0,6227,6227,6227,6227,0.491,True,True,0,0.000000,True,0,0.000000,True,0,0.000000
LH_752,752,0.25000,data/raw/CAMELS_SIMBA_1000U/LH_752_hlist_0.25000.list,True,0,7635,7635,7635,7635,0.491,True,True,0,0.000000,True,0,0.000000,True,0,0.000000
LH_752,752,0.51209,data/raw/CAMELS_SIMBA_1000U/LH_752_hlist_0.51209.list,True,0,8307,8307,8307,8307,0.491,True,True,0,0.000000,True,0,0.000000,True,0,0.000000
LH_752,752,0.75065,data/raw/CAMELS_SIMBA_1000U/LH_752_hlist_0.75065.list,True,0,7210,7210,7210,7210,0.491,True,True,0,0.000000,True,0,0.000000,True,0,0.000000
LH_752,752,1.00000,data/raw/CAMELS_SIMBA_1000U/LH_752_hlist_1.00000.list,True,0,6586,6586,6586,6586,0.491,True,True,0,0.000000,True,0,0.000000,True,0,0.000000
LH_753,753,0.20000,data/raw/CAMELS_SIMBA_1000U/LH_753_hlist_0.20000.list,True,0,5721,5721,5721,5721,0.377,True,True,0,0.000000,True,0,0.000000,True,0,0.000000
LH_753,753,0.25000,data/raw/CAMELS_SIMBA_1000U/LH_753_hlist_0.25000.list,True,0,7091,7091,7091,7091,0.377,True,True,0,0.000000,True,0,0.000000,True,0,0.000000
LH_753,753,0.51209,data/raw/CAMELS_SIMBA_1000U/LH_753_hlist_0.51209.list,True,0,8404,8404,8404,8404,0.377,True,True,0,0.000000,True,0,0.000000,True,0,0.000000
LH_753,753,0.75065,data/raw/CAMELS_SIMBA_1000U/LH_753_hlist_0.75065.list,True,0,7594,7594,7594,7594,0.377,True,True,0,0.000000,True,0,0.000000,True,0,0.000000
LH_753,753,1.00000,data/raw/CAMELS_SIMBA_1000U/LH_753_hlist_1.00000.list,True,0,7380,7380,7380,7380,0.377,True,True,0,0.000000,True,0,0.000000,True,0,0.000000
LH_754,754,0.20000,data/raw/CAMELS_SIMBA_1000U/LH_754_hlist_0.20000.list,True,0,8677,8677,8677,8677,0.471,True,True,0,0.000000,True,0,0.000000,True,0,0.000000
LH_754,754,0.25000,data/raw/CAMELS_SIMBA_1000U/LH_754_hlist_0.25000.list,True,0,9061,9061,9061,9061,0.471,True,True,0,0.000000,True,0,0.000000,True,0,0.000000
LH_754,754,0.51209,data/raw/CAMELS_SIMBA_1000U/LH_754_hlist_0.51209.list,True,0,7083,7083,7083,7083,0.471,True,True,0,0.000000,True,0,0.000000,True,0,0.000000
LH_754,754,0.75065,data/raw/CAMELS_SIMBA_1000U/LH_754_hlist_0.75065.list,True,0,5783,5783,5783,5783,0.471,True,True,0,0.000000,True,0,0.000000,True,0,0.000000
LH_754,754,1.00000,data/raw/CAMELS_SIMBA_1000U/LH_754_hlist_1.00000.list,True,0,5388,5388,5388,5388,0.471,True,True,0,0.000000,True,0,0.000000,True,0,0.000000
LH_755,755,0.20000,data/raw/CAMELS_SIMBA_1000U/LH_755_hlist_0.20000.list,True,0,6658,6658,6658,6658,0.4806,True,True,0,0.000000,True,0,0.000000,True,0,0.000000
LH_755,755,0.25000,data/raw/CAMELS_SIMBA_1000U/LH_755_hlist_0.25000.list,True,0,7886,7886,7886,7886,0.4806,True,True,0,0.000000,True,0,0.000000,True,0,0.000000
LH_755,755,0.51209,data/raw/CAMELS_SIMBA_1000U/LH_755_hlist_0.51209.list,True,0,8461,8461,8461,8461,0.4806,True,True,0,0.000000,True,0,0.000000,True,0,0.000000
LH_755,755,0.75065,data/raw/CAMELS_SIMBA_1000U/LH_755_hlist_0.75065.list,True,0,7423,7423,7423,7423,0.4806,True,True,0,0.000000,True,0,0.000000,True,0,0.000000
LH_755,755,1.00000,data/raw/CAMELS_SIMBA_1000U/LH_755_hlist_1.00000.list,True,0,6848,6848,6848,6848,0.4806,True,True,0,0.000000,True,0,0.000000,True,0,0.000000
LH_756,756,0.20000,data/raw/CAMELS_SIMBA_1000U/LH_756_hlist_0.20000.list,True,0,6396,6396,6396,6396,0.3806,True,True,0,0.000000,True,0,0.000000,True,0,0.000000
LH_756,756,0.25000,data/raw/CAMELS_SIMBA_1000U/LH_756_hlist_0.25000.list,True,0,7310,7310,7310,7310,0.3806,True,True,0,0.000000,True,0,0.000000,True,0,0.000000
LH_756,756,0.51209,data/raw/CAMELS_SIMBA_1000U/LH_756_hlist_0.51209.list,True,0,7162,7162,7162,7162,0.3806,True,True,0,0.000000,True,0,0.000000,True,0,0.000000
LH_756,756,0.75065,data/raw/CAMELS_SIMBA_1000U/LH_756_hlist_0.75065.list,True,0,6229,6229,6229,6229,0.3806,True,True,0,0.000000,True,0,0.000000,True,0,0.000000
LH_756,756,1.00000,data/raw/CAMELS_SIMBA_1000U/LH_756_hlist_1.00000.list,True,0,6004,6004,6004,6004,0.3806,True,True,0,0.000000,True,0,0.000000,True,0,0.000000
LH_757,757,0.20000,data/raw/CAMELS_SIMBA_1000U/LH_757_hlist_0.20000.list,True,0,1956,1956,1956,1956,0.2422,True,True,0,0.000000,True,0,0.000000,False,44,0.022000
LH_757,757,0.25000,data/raw/CAMELS_SIMBA_1000U/LH_757_hlist_0.25000.list,True,0,3748,3748,3748,3748,0.2422,True,True,0,0.000000,True,0,0.000000,True,0,0.000000
LH_757,757,0.51209,data/raw/CAMELS_SIMBA_1000U/LH_757_hlist_0.51209.list,True,0,7018,7018,7018,7018,0.2422,True,True,0,0.000000,True,0,0.000000,True,0,0.000000
LH_757,757,0.75065,data/raw/CAMELS_SIMBA_1000U/LH_757_hlist_0.75065.list,True,0,6920,6920,6920,6920,0.2422,True,True,0,0.000000,True,0,0.000000,True,0,0.000000
LH_757,757,1.00000,data/raw/CAMELS_SIMBA_1000U/LH_757_hlist_1.00000.list,True,0,7267,7267,7267,7267,0.2422,True,True,0,0.000000,True,0,0.000000,True,0,0.000000
LH_758,758,0.20000,data/raw/CAMELS_SIMBA_1000U/LH_758_hlist_0.20000.list,True,0,5341,5341,5341,5341,0.213,True,True,0,0.000000,True,0,0.000000,True,0,0.000000
LH_758,758,0.25000,data/raw/CAMELS_SIMBA_1000U/LH_758_hlist_0.25000.list,True,0,6436,6436,6436,6436,0.213,True,True,0,0.000000,True,0,0.000000,True,0,0.000000
LH_758,758,0.51209,data/raw/CAMELS_SIMBA_1000U/LH_758_hlist_0.51209.list,True,0,6664,6664,6664,6664,0.213,True,True,0,0.000000,True,0,0.000000,True,0,0.000000
LH_758,758,0.75065,data/raw/CAMELS_SIMBA_1000U/LH_758_hlist_0.75065.list,True,0,6134,6134,6134,6134,0.213,True,True,0,0.000000,True,0,0.000000,True,0,0.000000
LH_758,758,1.00000,data/raw/CAMELS_SIMBA_1000U/LH_758_hlist_1.00000.list,True,0,6324,6324,6324,6324,0.213,True,True,0,0.000000,True,0,0.000000,True,0,0.000000
LH_759,759,0.20000,data/raw/CAMELS_SIMBA_1000U/LH_759_hlist_0.20000.list,True,0,2864,2864,2864,2864,0.1354,True,True,0,0.000000,True,0,0.000000,True,0,0.000000
LH_759,759,0.25000,data/raw/CAMELS_SIMBA_1000U/LH_759_hlist_0.25000.list,True,0,4074,4074,4074,4074,0.1354,True,True,0,0.000000,True,0,0.000000,True,0,0.000000
LH_759,759,0.51209,data/raw/CAMELS_SIMBA_1000U/LH_759_hlist_0.51209.list,True,0,4995,4995,4995,4995,0.1354,True,True,0,0.000000,True,0,0.000000,True,0,0.000000
LH_759,759,0.75065,data/raw/CAMELS_SIMBA_1000U/LH_759_hlist_0.75065.list,True,0,5010,5010,5010,5010,0.1354,True,True,0,0.000000,True,0,0.000000,True,0,0.000000
LH_759,759,1.00000,data/raw/CAMELS_SIMBA_1000U/LH_759_hlist_1.00000.list,True,0,5535,5535,5535,5535,0.1354,True,True,0,0.000000,True,0,0.000000,True,0,0.000000
LH_760,760,0.20000,data/raw/CAMELS_SIMBA_1000U/LH_760_hlist_0.20000.list,True,0,5283,5283,5283,5283,0.2494,True,True,0,0.000000,True,0,0.000000,True,0,0.000000
LH_760,760,0.25000,data/raw/CAMELS_SIMBA_1000U/LH_760_hlist_0.25000.list,True,0,6437,6437,6437,6437,0.2494,True,True,0,0.000000,True,0,0.000000,True,0,0.000000
LH_760,760,0.51209,data/raw/CAMELS_SIMBA_1000U/LH_760_hlist_0.51209.list,True,0,6565,6565,6565,6565,0.2494,True,True,0,0.000000,True,0,0.000000,True,0,0.000000
LH_760,760,0.75065,data/raw/CAMELS_SIMBA_1000U/LH_760_hlist_0.75065.list,True,0,6016,6016,6016,6016,0.2494,True,True,0,0.000000,True,0,0.000000,True,0,0.000000
LH_760,760,1.00000,data/raw/CAMELS_SIMBA_1000U/LH_760_hlist_1.00000.list,True,0,6170,6170,6170,6170,0.2494,True,True,0,0.000000,True,0,0.000000,True,0,0.000000
LH_761,761,0.20000,data/raw/CAMELS_SIMBA_1000U/LH_761_hlist_0.20000.list,True,0,3427,3427,3427,3427,0.2562,True,True,0,0.000000,True,0,0.000000,True,0,0.000000
LH_761,761,0.25000,data/raw/CAMELS_SIMBA_1000U/LH_761_hlist_0.25000.list,True,0,4908,4908,4908,4908,0.2562,True,True,0,0.000000,True,0,0.000000,True,0,0.000000
LH_761,761,0.51209,data/raw/CAMELS_SIMBA_1000U/LH_761_hlist_0.51209.list,True,0,7395,7395,7395,7395,0.2562,True,True,0,0.000000,True,0,0.000000,True,0,0.000000
LH_761,761,0.75065,data/raw/CAMELS_SIMBA_1000U/LH_761_hlist_0.75065.list,True,0,7011,7011,7011,7011,0.2562,True,True,0,0.000000,True,0,0.000000,True,0,0.000000
LH_761,761,1.00000,data/raw/CAMELS_SIMBA_1000U/LH_761_hlist_1.00000.list,True,0,7269,7269,7269,7269,0.2562,True,True,0,0.000000,True,0,0.000000,True,0,0.000000
LH_762,762,0.20000,data/raw/CAMELS_SIMBA_1000U/LH_762_hlist_0.20000.list,True,0,4646,4646,4646,4646,0.2742,True,True,0,0.000000,True,0,0.000000,True,0,0.000000
LH_762,762,0.25000,data/raw/CAMELS_SIMBA_1000U/LH_762_hlist_0.25000.list,True,0,5940,5940,5940,5940,0.2742,True,True,0,0.000000,True,0,0.000000,True,0,0.000000
LH_762,762,0.51209,data/raw/CAMELS_SIMBA_1000U/LH_762_hlist_0.51209.list,True,0,6911,6911,6911,6911,0.2742,True,True,0,0.000000,True,0,0.000000,True,0,0.000000
LH_762,762,0.75065,data/raw/CAMELS_SIMBA_1000U/LH_762_hlist_0.75065.list,True,0,6343,6343,6343,6343,0.2742,True,True,0,0.000000,True,0,0.000000,True,0,0.000000
LH_762,762,1.00000,data/raw/CAMELS_SIMBA_1000U/LH_762_hlist_1.00000.list,True,0,6442,6442,6442,6442,0.2742,True,True,0,0.000000,True,0,0.000000,True,0,0.000000
LH_763,763,0.20000,data/raw/CAMELS_SIMBA_1000U/LH_763_hlist_0.20000.list,True,0,3674,3674,3674,3674,0.2338,True,True,0,0.000000,True,0,0.000000,True,0,0.000000
LH_763,763,0.25000,data/raw/CAMELS_SIMBA_1000U/LH_763_hlist_0.25000.list,True,0,5104,5104,5104,5104,0.2338,True,True,0,0.000000,True,0,0.000000,True,0,0.000000
LH_763,763,0.51209,data/raw/CAMELS_SIMBA_1000U/LH_763_hlist_0.51209.list,True,0,6706,6706,6706,6706,0.2338,True,True,0,0.000000,True,0,0.000000,True,0,0.000000
LH_763,763,0.75065,data/raw/CAMELS_SIMBA_1000U/LH_763_hlist_0.75065.list,True,0,6510,6510,6510,6510,0.2338,True,True,0,0.000000,True,0,0.000000,True,0,0.000000
LH_763,763,1.00000,data/raw/CAMELS_SIMBA_1000U/LH_763_hlist_1.00000.list,True,0,6805,6805,6805,6805,0.2338,True,True,0,0.000000,True,0,0.000000,True,0,0.000000
LH_764,764,0.20000,data/raw/CAMELS_SIMBA_1000U/LH_764_hlist_0.20000.list,True,0,7165,7165,7165,7165,0.3798,True,True,0,0.000000,True,0,0.000000,True,0,0.000000
LH_764,764,0.25000,data/raw/CAMELS_SIMBA_1000U/LH_764_hlist_0.25000.list,True,0,8037,8037,8037,8037,0.3798,True,True,0,0.000000,True,0,0.000000,True,0,0.000000
LH_764,764,0.51209,data/raw/CAMELS_SIMBA_1000U/LH_764_hlist_0.51209.list,True,0,7457,7457,7457,7457,0.3798,True,True,0,0.000000,True,0,0.000000,True,0,0.000000
LH_764,764,0.75065,data/raw/CAMELS_SIMBA_1000U/LH_764_hlist_0.75065.list,True,0,6503,6503,6503,6503,0.3798,True,True,0,0.000000,True,0,0.000000,True,0,0.000000
LH_764,764,1.00000,data/raw/CAMELS_SIMBA_1000U/LH_764_hlist_1.00000.list,True,0,6307,6307,6307,6307,0.3798,True,True,0,0.000000,True,0,0.000000,True,0,0.000000
LH_765,765,0.20000,data/raw/CAMELS_SIMBA_1000U/LH_765_hlist_0.20000.list,True,0,2518,2518,2518,2518,0.1246,True,True,0,0.000000,True,0,0.000000,True,0,0.000000
LH_765,765,0.25000,data/raw/CAMELS_SIMBA_1000U/LH_765_hlist_0.25000.list,True,0,3714,3714,3714,3714,0.1246,True,True,0,0.000000,True,0,0.000000,True,0,0.000000
LH_765,765,0.51209,data/raw/CAMELS_SIMBA_1000U/LH_765_hlist_0.51209.list,True,0,4515,4515,4515,4515,0.1246,True,True,0,0.000000,True,0,0.000000,True,0,0.000000
LH_765,765,0.75065,data/raw/CAMELS_SIMBA_1000U/LH_765_hlist_0.75065.list,True,0,4625,4625,4625,4625,0.1246,True,True,0,0.000000,True,0,0.000000,True,0,0.000000
LH_765,765,1.00000,data/raw/CAMELS_SIMBA_1000U/LH_765_hlist_1.00000.list,True,0,5046,5046,5046,5046,0.1246,True,True,0,0.000000,True,0,0.000000,True,0,0.000000
LH_766,766,0.20000,data/raw/CAMELS_SIMBA_1000U/LH_766_hlist_0.20000.list,True,0,1137,1137,1137,1137,0.1842,True,True,0,0.000000,False,363,0.242000,False,863,0.431500
LH_766,766,0.25000,data/raw/CAMELS_SIMBA_1000U/LH_766_hlist_0.25000.list,True,0,2654,2654,2654,2654,0.1842,True,True,0,0.000000,True,0,0.000000,True,0,0.000000
LH_766,766,0.51209,data/raw/CAMELS_SIMBA_1000U/LH_766_hlist_0.51209.list,True,0,5945,5945,5945,5945,0.1842,True,True,0,0.000000,True,0,0.000000,True,0,0.000000
LH_766,766,0.75065,data/raw/CAMELS_SIMBA_1000U/LH_766_hlist_0.75065.list,True,0,6286,6286,6286,6286,0.1842,True,True,0,0.000000,True,0,0.000000,True,0,0.000000
LH_766,766,1.00000,data/raw/CAMELS_SIMBA_1000U/LH_766_hlist_1.00000.list,True,0,6833,6833,6833,6833,0.1842,True,True,0,0.000000,True,0,0.000000,True,0,0.000000
LH_767,767,0.20000,data/raw/CAMELS_SIMBA_1000U/LH_767_hlist_0.20000.list,True,0,1667,1667,1667,1667,0.159,True,True,0,0.000000,True,0,0.000000,False,333,0.166500
LH_767,767,0.25000,data/raw/CAMELS_SIMBA_1000U/LH_767_hlist_0.25000.list,True,0,2987,2987,2987,2987,0.159,True,True,0,0.000000,True,0,0.000000,True,0,0.000000
LH_767,767,0.51209,data/raw/CAMELS_SIMBA_1000U/LH_767_hlist_0.51209.list,True,0,5141,5141,5141,5141,0.159,True,True,0,0.000000,True,0,0.000000,True,0,0.000000
LH_767,767,0.75065,data/raw/CAMELS_SIMBA_1000U/LH_767_hlist_0.75065.list,True,0,5435,5435,5435,5435,0.159,True,True,0,0.000000,True,0,0.000000,True,0,0.000000
LH_767,767,1.00000,data/raw/CAMELS_SIMBA_1000U/LH_767_hlist_1.00000.list,True,0,5912,5912,5912,5912,0.159,True,True,0,0.000000,True,0,0.000000,True,0,0.000000
LH_768,768,0.20000,data/raw/CAMELS_SIMBA_1000U/LH_768_hlist_0.20000.list,True,0,5393,5393,5393,5393,0.2162,True,True,0,0.000000,True,0,0.000000,True,0,0.000000
LH_768,768,0.25000,data/raw/CAMELS_SIMBA_1000U/LH_768_hlist_0.25000.list,True,0,6475,6475,6475,6475,0.2162,True,True,0,0.000000,True,0,0.000000,True,0,0.000000
LH_768,768,0.51209,data/raw/CAMELS_SIMBA_1000U/LH_768_hlist_0.51209.list,True,0,6314,6314,6314,6314,0.2162,True,True,0,0.000000,True,0,0.000000,True,0,0.000000
LH_768,768,0.75065,data/raw/CAMELS_SIMBA_1000U/LH_768_hlist_0.75065.list,True,0,5654,5654,5654,5654,0.2162,True,True,0,0.000000,True,0,0.000000,True,0,0.000000
LH_768,768,1.00000,data/raw/CAMELS_SIMBA_1000U/LH_768_hlist_1.00000.list,True,0,5823,5823,5823,5823,0.2162,True,True,0,0.000000,True,0,0.000000,True,0,0.000000
LH_769,769,0.20000,data/raw/CAMELS_SIMBA_1000U/LH_769_hlist_0.20000.list,True,0,2276,2276,2276,2276,0.1794,True,True,0,0.000000,True,0,0.000000,True,0,0.000000
LH_769,769,0.25000,data/raw/CAMELS_SIMBA_1000U/LH_769_hlist_0.25000.list,True,0,3728,3728,3728,3728,0.1794,True,True,0,0.000000,True,0,0.000000,True,0,0.000000
LH_769,769,0.51209,data/raw/CAMELS_SIMBA_1000U/LH_769_hlist_0.51209.list,True,0,6065,6065,6065,6065,0.1794,True,True,0,0.000000,True,0,0.000000,True,0,0.000000
LH_769,769,0.75065,data/raw/CAMELS_SIMBA_1000U/LH_769_hlist_0.75065.list,True,0,6274,6274,6274,6274,0.1794,True,True,0,0.000000,True,0,0.000000,True,0,0.000000
LH_769,769,1.00000,data/raw/CAMELS_SIMBA_1000U/LH_769_hlist_1.00000.list,True,0,6759,6759,6759,6759,0.1794,True,True,0,0.000000,True,0,0.000000,True,0,0.000000
LH_770,770,0.20000,data/raw/CAMELS_SIMBA_1000U/LH_770_hlist_0.20000.list,True,0,4544,4544,4544,4544,0.2134,True,True,0,0.000000,True,0,0.000000,True,0,0.000000
LH_770,770,0.25000,data/raw/CAMELS_SIMBA_1000U/LH_770_hlist_0.25000.list,True,0,5866,5866,5866,5866,0.2134,True,True,0,0.000000,True,0,0.000000,True,0,0.000000
LH_770,770,0.51209,data/raw/CAMELS_SIMBA_1000U/LH_770_hlist_0.51209.list,True,0,6238,6238,6238,6238,0.2134,True,True,0,0.000000,True,0,0.000000,True,0,0.000000
LH_770,770,0.75065,data/raw/CAMELS_SIMBA_1000U/LH_770_hlist_0.75065.list,True,0,5703,5703,5703,5703,0.2134,True,True,0,0.000000,True,0,0.000000,True,0,0.000000
LH_770,770,1.00000,data/raw/CAMELS_SIMBA_1000U/LH_770_hlist_1.00000.list,True,0,5906,5906,5906,5906,0.2134,True,True,0,0.000000,True,0,0.000000,True,0,0.000000
LH_771,771,0.20000,data/raw/CAMELS_SIMBA_1000U/LH_771_hlist_0.20000.list,True,0,6299,6299,6299,6299,0.3778,True,True,0,0.000000,True,0,0.000000,True,0,0.000000
LH_771,771,0.25000,data/raw/CAMELS_SIMBA_1000U/LH_771_hlist_0.25000.list,True,0,7718,7718,7718,7718,0.3778,True,True,0,0.000000,True,0,0.000000,True,0,0.000000
LH_771,771,0.51209,data/raw/CAMELS_SIMBA_1000U/LH_771_hlist_0.51209.list,True,0,8082,8082,8082,8082,0.3778,True,True,0,0.000000,True,0,0.000000,True,0,0.000000
LH_771,771,0.75065,data/raw/CAMELS_SIMBA_1000U/LH_771_hlist_0.75065.list,True,0,6962,6962,6962,6962,0.3778,True,True,0,0.000000,True,0,0.000000,True,0,0.000000
LH_771,771,1.00000,data/raw/CAMELS_SIMBA_1000U/LH_771_hlist_1.00000.list,True,0,6765,6765,6765,6765,0.3778,True,True,0,0.000000,True,0,0.000000,True,0,0.000000
LH_772,772,0.20000,data/raw/CAMELS_SIMBA_1000U/LH_772_hlist_0.20000.list,True,0,5992,5992,5992,5992,0.3238,True,True,0,0.000000,True,0,0.000000,True,0,0.000000
LH_772,772,0.25000,data/raw/CAMELS_SIMBA_1000U/LH_772_hlist_0.25000.list,True,0,7010,7010,7010,7010,0.3238,True,True,0,0.000000,True,0,0.000000,True,0,0.000000
LH_772,772,0.51209,data/raw/CAMELS_SIMBA_1000U/LH_772_hlist_0.51209.list,True,0,7383,7383,7383,7383,0.3238,True,True,0,0.000000,True,0,0.000000,True,0,0.000000
LH_772,772,0.75065,data/raw/CAMELS_SIMBA_1000U/LH_772_hlist_0.75065.list,True,0,6561,6561,6561,6561,0.3238,True,True,0,0.000000,True,0,0.000000,True,0,0.000000
LH_772,772,1.00000,data/raw/CAMELS_SIMBA_1000U/LH_772_hlist_1.00000.list,True,0,6430,6430,6430,6430,0.3238,True,True,0,0.000000,True,0,0.000000,True,0,0.000000
LH_773,773,0.20000,data/raw/CAMELS_SIMBA_1000U/LH_773_hlist_0.20000.list,True,0,3332,3332,3332,3332,0.327,True,True,0,0.000000,True,0,0.000000,True,0,0.000000
LH_773,773,0.25000,data/raw/CAMELS_SIMBA_1000U/LH_773_hlist_0.25000.list,True,0,5171,5171,5171,5171,0.327,True,True,0,0.000000,True,0,0.000000,True,0,0.000000
LH_773,773,0.51209,data/raw/CAMELS_SIMBA_1000U/LH_773_hlist_0.51209.list,True,0,7936,7936,7936,7936,0.327,True,True,0,0.000000,True,0,0.000000,True,0,0.000000
LH_773,773,0.75065,data/raw/CAMELS_SIMBA_1000U/LH_773_hlist_0.75065.list,True,0,7607,7607,7607,7607,0.327,True,True,0,0.000000,True,0,0.000000,True,0,0.000000
LH_773,773,1.00000,data/raw/CAMELS_SIMBA_1000U/LH_773_hlist_1.00000.list,True,0,7629,7629,7629,7629,0.327,True,True,0,0.000000,True,0,0.000000,True,0,0.000000
LH_774,774,0.20000,data/raw/CAMELS_SIMBA_1000U/LH_774_hlist_0.20000.list,True,0,4078,4078,4078,4078,0.4034,True,True,0,0.000000,True,0,0.000000,True,0,0.000000
LH_774,774,0.25000,data/raw/CAMELS_SIMBA_1000U/LH_774_hlist_0.25000.list,True,0,5553,5553,5553,5553,0.4034,True,True,0,0.000000,True,0,0.000000,True,0,0.000000
LH_774,774,0.51209,data/raw/CAMELS_SIMBA_1000U/LH_774_hlist_0.51209.list,True,0,8374,8374,8374,8374,0.4034,True,True,0,0.000000,True,0,0.000000,True,0,0.000000
LH_774,774,0.75065,data/raw/CAMELS_SIMBA_1000U/LH_774_hlist_0.75065.list,True,0,7711,7711,7711,7711,0.4034,True,True,0,0.000000,True,0,0.000000,True,0,0.000000
LH_774,774,1.00000,data/raw/CAMELS_SIMBA_1000U/LH_774_hlist_1.00000.list,True,0,7597,7597,7597,7597,0.4034,True,True,0,0.000000,True,0,0.000000,True,0,0.000000
LH_775,775,0.20000,data/raw/CAMELS_SIMBA_1000U/LH_775_hlist_0.20000.list,True,0,1931,1931,1931,1931,0.1138,True,True,0,0.000000,True,0,0.000000,False,69,0.034500
LH_775,775,0.25000,data/raw/CAMELS_SIMBA_1000U/LH_775_hlist_0.25000.list,True,0,3004,3004,3004,3004,0.1138,True,True,0,0.000000,True,0,0.000000,True,0,0.000000
LH_775,775,0.51209,data/raw/CAMELS_SIMBA_1000U/LH_775_hlist_0.51209.list,True,0,4300,4300,4300,4300,0.1138,True,True,0,0.000000,True,0,0.000000,True,0,0.000000
LH_775,775,0.75065,data/raw/CAMELS_SIMBA_1000U/LH_775_hlist_0.75065.list,True,0,4448,4448,4448,4448,0.1138,True,True,0,0.000000,True,0,0.000000,True,0,0.000000
LH_775,775,1.00000,data/raw/CAMELS_SIMBA_1000U/LH_775_hlist_1.00000.list,True,0,4911,4911,4911,4911,0.1138,True,True,0,0.000000,True,0,0.000000,True,0,0.000000
LH_776,776,0.20000,data/raw/CAMELS_SIMBA_1000U/LH_776_hlist_0.20000.list,True,0,1109,1109,1109,1109,0.1426,True,True,0,0.000000,False,391,0.260667,False,891,0.445500
LH_776,776,0.25000,data/raw/CAMELS_SIMBA_1000U/LH_776_hlist_0.25000.list,True,0,2235,2235,2235,2235,0.1426,True,True,0,0.000000,True,0,0.000000,True,0,0.000000
LH_776,776,0.51209,data/raw/CAMELS_SIMBA_1000U/LH_776_hlist_0.51209.list,True,0,5197,5197,5197,5197,0.1426,True,True,0,0.000000,True,0,0.000000,True,0,0.000000
LH_776,776,0.75065,data/raw/CAMELS_SIMBA_1000U/LH_776_hlist_0.75065.list,True,0,5846,5846,5846,5846,0.1426,True,True,0,0.000000,True,0,0.000000,True,0,0.000000
LH_776,776,1.00000,data/raw/CAMELS_SIMBA_1000U/LH_776_hlist_1.00000.list,True,0,6503,6503,6503,6503,0.1426,True,True,0,0.000000,True,0,0.000000,True,0,0.000000
LH_777,777,0.20000,data/raw/CAMELS_SIMBA_1000U/LH_777_hlist_0.20000.list,True,0,5656,5656,5656,5656,0.243,True,True,0,0.000000,True,0,0.000000,True,0,0.000000
LH_777,777,0.25000,data/raw/CAMELS_SIMBA_1000U/LH_777_hlist_0.25000.list,True,0,6683,6683,6683,6683,0.243,True,True,0,0.000000,True,0,0.000000,True,0,0.000000
LH_777,777,0.51209,data/raw/CAMELS_SIMBA_1000U/LH_777_hlist_0.51209.list,True,0,6456,6456,6456,6456,0.243,True,True,0,0.000000,True,0,0.000000,True,0,0.000000
LH_777,777,0.75065,data/raw/CAMELS_SIMBA_1000U/LH_777_hlist_0.75065.list,True,0,6011,6011,6011,6011,0.243,True,True,0,0.000000,True,0,0.000000,True,0,0.000000
LH_777,777,1.00000,data/raw/CAMELS_SIMBA_1000U/LH_777_hlist_1.00000.list,True,0,5967,5967,5967,5967,0.243,True,True,0,0.000000,True,0,0.000000,True,0,0.000000
LH_778,778,0.20000,data/raw/CAMELS_SIMBA_1000U/LH_778_hlist_0.20000.list,True,0,3569,3569,3569,3569,0.3378,True,True,0,0.000000,True,0,0.000000,True,0,0.000000
LH_778,778,0.25000,data/raw/CAMELS_SIMBA_1000U/LH_778_hlist_0.25000.list,True,0,5186,5186,5186,5186,0.3378,True,True,0,0.000000,True,0,0.000000,True,0,0.000000
LH_778,778,0.51209,data/raw/CAMELS_SIMBA_1000U/LH_778_hlist_0.51209.list,True,0,8134,8134,8134,8134,0.3378,True,True,0,0.000000,True,0,0.000000,True,0,0.000000
LH_778,778,0.75065,data/raw/CAMELS_SIMBA_1000U/LH_778_hlist_0.75065.list,True,0,7596,7596,7596,7596,0.3378,True,True,0,0.000000,True,0,0.000000,True,0,0.000000
LH_778,778,1.00000,data/raw/CAMELS_SIMBA_1000U/LH_778_hlist_1.00000.list,True,0,7616,7616,7616,7616,0.3378,True,True,0,0.000000,True,0,0.000000,True,0,0.000000
LH_779,779,0.20000,data/raw/CAMELS_SIMBA_1000U/LH_779_hlist_0.20000.list,True,0,315,315,315,315,0.1154,True,False,685,0.685000,False,1185,0.790000,False,1685,0.842500
LH_779,779,0.25000,data/raw/CAMELS_SIMBA_1000U/LH_779_hlist_0.25000.list,True,0,1091,1091,1091,1091,0.1154,True,True,0,0.000000,False,409,0.272667,False,909,0.454500
LH_779,779,0.51209,data/raw/CAMELS_SIMBA_1000U/LH_779_hlist_0.51209.list,True,0,3807,3807,3807,3807,0.1154,True,True,0,0.000000,True,0,0.000000,True,0,0.000000
LH_779,779,0.75065,data/raw/CAMELS_SIMBA_1000U/LH_779_hlist_0.75065.list,True,0,4388,4388,4388,4388,0.1154,True,True,0,0.000000,True,0,0.000000,True,0,0.000000
LH_779,779,1.00000,data/raw/CAMELS_SIMBA_1000U/LH_779_hlist_1.00000.list,True,0,5146,5146,5146,5146,0.1154,True,True,0,0.000000,True,0,0.000000,True,0,0.000000
LH_780,780,0.20000,data/raw/CAMELS_SIMBA_1000U/LH_780_hlist_0.20000.list,True,0,3722,3722,3722,3722,0.2446,True,True,0,0.000000,True,0,0.000000,True,0,0.000000
LH_780,780,0.25000,data/raw/CAMELS_SIMBA_1000U/LH_780_hlist_0.25000.list,True,0,5412,5412,5412,5412,0.2446,True,True,0,0.000000,True,0,0.000000,True,0,0.000000
LH_780,780,0.51209,data/raw/CAMELS_SIMBA_1000U/LH_780_hlist_0.51209.list,True,0,6495,6495,6495,6495,0.2446,True,True,0,0.000000,True,0,0.000000,True,0,0.000000
LH_780,780,0.75065,data/raw/CAMELS_SIMBA_1000U/LH_780_hlist_0.75065.list,True,0,6073,6073,6073,6073,0.2446,True,True,0,0.000000,True,0,0.000000,True,0,0.000000
LH_780,780,1.00000,data/raw/CAMELS_SIMBA_1000U/LH_780_hlist_1.00000.list,True,0,6207,6207,6207,6207,0.2446,True,True,0,0.000000,True,0,0.000000,True,0,0.000000
LH_781,781,0.20000,data/raw/CAMELS_SIMBA_1000U/LH_781_hlist_0.20000.list,True,0,1439,1439,1439,1439,0.179,True,True,0,0.000000,False,61,0.040667,False,561,0.280500
LH_781,781,0.25000,data/raw/CAMELS_SIMBA_1000U/LH_781_hlist_0.25000.list,True,0,2770,2770,2770,2770,0.179,True,True,0,0.000000,True,0,0.000000,True,0,0.000000
LH_781,781,0.51209,data/raw/CAMELS_SIMBA_1000U/LH_781_hlist_0.51209.list,True,0,5761,5761,5761,5761,0.179,True,True,0,0.000000,True,0,0.000000,True,0,0.000000
LH_781,781,0.75065,data/raw/CAMELS_SIMBA_1000U/LH_781_hlist_0.75065.list,True,0,6062,6062,6062,6062,0.179,True,True,0,0.000000,True,0,0.000000,True,0,0.000000
LH_781,781,1.00000,data/raw/CAMELS_SIMBA_1000U/LH_781_hlist_1.00000.list,True,0,6551,6551,6551,6551,0.179,True,True,0,0.000000,True,0,0.000000,True,0,0.000000
LH_782,782,0.20000,data/raw/CAMELS_SIMBA_1000U/LH_782_hlist_0.20000.list,True,0,3768,3768,3768,3768,0.1946,True,True,0,0.000000,True,0,0.000000,True,0,0.000000
LH_782,782,0.25000,data/raw/CAMELS_SIMBA_1000U/LH_782_hlist_0.25000.list,True,0,5088,5088,5088,5088,0.1946,True,True,0,0.000000,True,0,0.000000,True,0,0.000000
LH_782,782,0.51209,data/raw/CAMELS_SIMBA_1000U/LH_782_hlist_0.51209.list,True,0,6528,6528,6528,6528,0.1946,True,True,0,0.000000,True,0,0.000000,True,0,0.000000
LH_782,782,0.75065,data/raw/CAMELS_SIMBA_1000U/LH_782_hlist_0.75065.list,True,0,6369,6369,6369,6369,0.1946,True,True,0,0.000000,True,0,0.000000,True,0,0.000000
LH_782,782,1.00000,data/raw/CAMELS_SIMBA_1000U/LH_782_hlist_1.00000.list,True,0,6609,6609,6609,6609,0.1946,True,True,0,0.000000,True,0,0.000000,True,0,0.000000
LH_783,783,0.20000,data/raw/CAMELS_SIMBA_1000U/LH_783_hlist_0.20000.list,True,0,568,568,568,568,0.1022,True,False,432,0.432000,False,932,0.621333,False,1432,0.716000
LH_783,783,0.25000,data/raw/CAMELS_SIMBA_1000U/LH_783_hlist_0.25000.list,True,0,1367,1367,1367,1367,0.1022,True,True,0,0.000000,False,133,0.088667,False,633,0.316500
LH_783,783,0.51209,data/raw/CAMELS_SIMBA_1000U/LH_783_hlist_0.51209.list,True,0,3593,3593,3593,3593,0.1022,True,True,0,0.000000,True,0,0.000000,True,0,0.000000
LH_783,783,0.75065,data/raw/CAMELS_SIMBA_1000U/LH_783_hlist_0.75065.list,True,0,3962,3962,3962,3962,0.1022,True,True,0,0.000000,True,0,0.000000,True,0,0.000000
LH_783,783,1.00000,data/raw/CAMELS_SIMBA_1000U/LH_783_hlist_1.00000.list,True,0,4573,4573,4573,4573,0.1022,True,True,0,0.000000,True,0,0.000000,True,0,0.000000
LH_784,784,0.20000,data/raw/CAMELS_SIMBA_1000U/LH_784_hlist_0.20000.list,True,0,5298,5298,5298,5298,0.3638,True,True,0,0.000000,True,0,0.000000,True,0,0.000000
LH_784,784,0.25000,data/raw/CAMELS_SIMBA_1000U/LH_784_hlist_0.25000.list,True,0,6824,6824,6824,6824,0.3638,True,True,0,0.000000,True,0,0.000000,True,0,0.000000
LH_784,784,0.51209,data/raw/CAMELS_SIMBA_1000U/LH_784_hlist_0.51209.list,True,0,7994,7994,7994,7994,0.3638,True,True,0,0.000000,True,0,0.000000,True,0,0.000000
LH_784,784,0.75065,data/raw/CAMELS_SIMBA_1000U/LH_784_hlist_0.75065.list,True,0,7151,7151,7151,7151,0.3638,True,True,0,0.000000,True,0,0.000000,True,0,0.000000
LH_784,784,1.00000,data/raw/CAMELS_SIMBA_1000U/LH_784_hlist_1.00000.list,True,0,7092,7092,7092,7092,0.3638,True,True,0,0.000000,True,0,0.000000,True,0,0.000000
LH_785,785,0.20000,data/raw/CAMELS_SIMBA_1000U/LH_785_hlist_0.20000.list,True,0,3087,3087,3087,3087,0.1438,True,True,0,0.000000,True,0,0.000000,True,0,0.000000
LH_785,785,0.25000,data/raw/CAMELS_SIMBA_1000U/LH_785_hlist_0.25000.list,True,0,4300,4300,4300,4300,0.1438,True,True,0,0.000000,True,0,0.000000,True,0,0.000000
LH_785,785,0.51209,data/raw/CAMELS_SIMBA_1000U/LH_785_hlist_0.51209.list,True,0,5227,5227,5227,5227,0.1438,True,True,0,0.000000,True,0,0.000000,True,0,0.000000
LH_785,785,0.75065,data/raw/CAMELS_SIMBA_1000U/LH_785_hlist_0.75065.list,True,0,5217,5217,5217,5217,0.1438,True,True,0,0.000000,True,0,0.000000,True,0,0.000000
LH_785,785,1.00000,data/raw/CAMELS_SIMBA_1000U/LH_785_hlist_1.00000.list,True,0,5631,5631,5631,5631,0.1438,True,True,0,0.000000,True,0,0.000000,True,0,0.000000
LH_786,786,0.20000,data/raw/CAMELS_SIMBA_1000U/LH_786_hlist_0.20000.list,True,0,2892,2892,2892,2892,0.2918,True,True,0,0.000000,True,0,0.000000,True,0,0.000000
LH_786,786,0.25000,data/raw/CAMELS_SIMBA_1000U/LH_786_hlist_0.25000.list,True,0,4595,4595,4595,4595,0.2918,True,True,0,0.000000,True,0,0.000000,True,0,0.000000
LH_786,786,0.51209,data/raw/CAMELS_SIMBA_1000U/LH_786_hlist_0.51209.list,True,0,7468,7468,7468,7468,0.2918,True,True,0,0.000000,True,0,0.000000,True,0,0.000000
LH_786,786,0.75065,data/raw/CAMELS_SIMBA_1000U/LH_786_hlist_0.75065.list,True,0,6971,6971,6971,6971,0.2918,True,True,0,0.000000,True,0,0.000000,True,0,0.000000
LH_786,786,1.00000,data/raw/CAMELS_SIMBA_1000U/LH_786_hlist_1.00000.list,True,0,7156,7156,7156,7156,0.2918,True,True,0,0.000000,True,0,0.000000,True,0,0.000000
LH_787,787,0.20000,data/raw/CAMELS_SIMBA_1000U/LH_787_hlist_0.20000.list,True,0,2124,2124,2124,2124,0.2246,True,True,0,0.000000,True,0,0.000000,True,0,0.000000
LH_787,787,0.25000,data/raw/CAMELS_SIMBA_1000U/LH_787_hlist_0.25000.list,True,0,3647,3647,3647,3647,0.2246,True,True,0,0.000000,True,0,0.000000,True,0,0.000000
LH_787,787,0.51209,data/raw/CAMELS_SIMBA_1000U/LH_787_hlist_0.51209.list,True,0,6803,6803,6803,6803,0.2246,True,True,0,0.000000,True,0,0.000000,True,0,0.000000
LH_787,787,0.75065,data/raw/CAMELS_SIMBA_1000U/LH_787_hlist_0.75065.list,True,0,6963,6963,6963,6963,0.2246,True,True,0,0.000000,True,0,0.000000,True,0,0.000000
LH_787,787,1.00000,data/raw/CAMELS_SIMBA_1000U/LH_787_hlist_1.00000.list,True,0,7416,7416,7416,7416,0.2246,True,True,0,0.000000,True,0,0.000000,True,0,0.000000
LH_788,788,0.20000,data/raw/CAMELS_SIMBA_1000U/LH_788_hlist_0.20000.list,True,0,2343,2343,2343,2343,0.1338,True,True,0,0.000000,True,0,0.000000,True,0,0.000000
LH_788,788,0.25000,data/raw/CAMELS_SIMBA_1000U/LH_788_hlist_0.25000.list,True,0,3781,3781,3781,3781,0.1338,True,True,0,0.000000,True,0,0.000000,True,0,0.000000
LH_788,788,0.51209,data/raw/CAMELS_SIMBA_1000U/LH_788_hlist_0.51209.list,True,0,5270,5270,5270,5270,0.1338,True,True,0,0.000000,True,0,0.000000,True,0,0.000000
LH_788,788,0.75065,data/raw/CAMELS_SIMBA_1000U/LH_788_hlist_0.75065.list,True,0,5365,5365,5365,5365,0.1338,True,True,0,0.000000,True,0,0.000000,True,0,0.000000
LH_788,788,1.00000,data/raw/CAMELS_SIMBA_1000U/LH_788_hlist_1.00000.list,True,0,5793,5793,5793,5793,0.1338,True,True,0,0.000000,True,0,0.000000,True,0,0.000000
LH_789,789,0.20000,data/raw/CAMELS_SIMBA_1000U/LH_789_hlist_0.20000.list,True,0,7141,7141,7141,7141,0.429,True,True,0,0.000000,True,0,0.000000,True,0,0.000000
LH_789,789,0.25000,data/raw/CAMELS_SIMBA_1000U/LH_789_hlist_0.25000.list,True,0,7969,7969,7969,7969,0.429,True,True,0,0.000000,True,0,0.000000,True,0,0.000000
LH_789,789,0.51209,data/raw/CAMELS_SIMBA_1000U/LH_789_hlist_0.51209.list,True,0,7457,7457,7457,7457,0.429,True,True,0,0.000000,True,0,0.000000,True,0,0.000000
LH_789,789,0.75065,data/raw/CAMELS_SIMBA_1000U/LH_789_hlist_0.75065.list,True,0,6298,6298,6298,6298,0.429,True,True,0,0.000000,True,0,0.000000,True,0,0.000000
LH_789,789,1.00000,data/raw/CAMELS_SIMBA_1000U/LH_789_hlist_1.00000.list,True,0,5970,5970,5970,5970,0.429,True,True,0,0.000000,True,0,0.000000,True,0,0.000000
LH_790,790,0.20000,data/raw/CAMELS_SIMBA_1000U/LH_790_hlist_0.20000.list,True,0,5600,5600,5600,5600,0.2734,True,True,0,0.000000,True,0,0.000000,True,0,0.000000
LH_790,790,0.25000,data/raw/CAMELS_SIMBA_1000U/LH_790_hlist_0.25000.list,True,0,6809,6809,6809,6809,0.2734,True,True,0,0.000000,True,0,0.000000,True,0,0.000000
LH_790,790,0.51209,data/raw/CAMELS_SIMBA_1000U/LH_790_hlist_0.51209.list,True,0,7237,7237,7237,7237,0.2734,True,True,0,0.000000,True,0,0.000000,True,0,0.000000
LH_790,790,0.75065,data/raw/CAMELS_SIMBA_1000U/LH_790_hlist_0.75065.list,True,0,6391,6391,6391,6391,0.2734,True,True,0,0.000000,True,0,0.000000,True,0,0.000000
LH_790,790,1.00000,data/raw/CAMELS_SIMBA_1000U/LH_790_hlist_1.00000.list,True,0,6395,6395,6395,6395,0.2734,True,True,0,0.000000,True,0,0.000000,True,0,0.000000
LH_791,791,0.20000,data/raw/CAMELS_SIMBA_1000U/LH_791_hlist_0.20000.list,True,0,5575,5575,5575,5575,0.343,True,True,0,0.000000,True,0,0.000000,True,0,0.000000
LH_791,791,0.25000,data/raw/CAMELS_SIMBA_1000U/LH_791_hlist_0.25000.list,True,0,6887,6887,6887,6887,0.343,True,True,0,0.000000,True,0,0.000000,True,0,0.000000
LH_791,791,0.51209,data/raw/CAMELS_SIMBA_1000U/LH_791_hlist_0.51209.list,True,0,7751,7751,7751,7751,0.343,True,True,0,0.000000,True,0,0.000000,True,0,0.000000
LH_791,791,0.75065,data/raw/CAMELS_SIMBA_1000U/LH_791_hlist_0.75065.list,True,0,6822,6822,6822,6822,0.343,True,True,0,0.000000,True,0,0.000000,True,0,0.000000
LH_791,791,1.00000,data/raw/CAMELS_SIMBA_1000U/LH_791_hlist_1.00000.list,True,0,6777,6777,6777,6777,0.343,True,True,0,0.000000,True,0,0.000000,True,0,0.000000
LH_792,792,0.20000,data/raw/CAMELS_SIMBA_1000U/LH_792_hlist_0.20000.list,True,0,3721,3721,3721,3721,0.2366,True,True,0,0.000000,True,0,0.000000,True,0,0.000000
LH_792,792,0.25000,data/raw/CAMELS_SIMBA_1000U/LH_792_hlist_0.25000.list,True,0,5265,5265,5265,5265,0.2366,True,True,0,0.000000,True,0,0.000000,True,0,0.000000
LH_792,792,0.51209,data/raw/CAMELS_SIMBA_1000U/LH_792_hlist_0.51209.list,True,0,6899,6899,6899,6899,0.2366,True,True,0,0.000000,True,0,0.000000,True,0,0.000000
LH_792,792,0.75065,data/raw/CAMELS_SIMBA_1000U/LH_792_hlist_0.75065.list,True,0,6652,6652,6652,6652,0.2366,True,True,0,0.000000,True,0,0.000000,True,0,0.000000
LH_792,792,1.00000,data/raw/CAMELS_SIMBA_1000U/LH_792_hlist_1.00000.list,True,0,6778,6778,6778,6778,0.2366,True,True,0,0.000000,True,0,0.000000,True,0,0.000000
LH_793,793,0.20000,data/raw/CAMELS_SIMBA_1000U/LH_793_hlist_0.20000.list,True,0,7916,7916,7916,7916,0.3706,True,True,0,0.000000,True,0,0.000000,True,0,0.000000
LH_793,793,0.25000,data/raw/CAMELS_SIMBA_1000U/LH_793_hlist_0.25000.list,True,0,8622,8622,8622,8622,0.3706,True,True,0,0.000000,True,0,0.000000,True,0,0.000000
LH_793,793,0.51209,data/raw/CAMELS_SIMBA_1000U/LH_793_hlist_0.51209.list,True,0,7813,7813,7813,7813,0.3706,True,True,0,0.000000,True,0,0.000000,True,0,0.000000
LH_793,793,0.75065,data/raw/CAMELS_SIMBA_1000U/LH_793_hlist_0.75065.list,True,0,6691,6691,6691,6691,0.3706,True,True,0,0.000000,True,0,0.000000,True,0,0.000000
LH_793,793,1.00000,data/raw/CAMELS_SIMBA_1000U/LH_793_hlist_1.00000.list,True,0,6351,6351,6351,6351,0.3706,True,True,0,0.000000,True,0,0.000000,True,0,0.000000
LH_794,794,0.20000,data/raw/CAMELS_SIMBA_1000U/LH_794_hlist_0.20000.list,True,0,8645,8645,8645,8645,0.4802,True,True,0,0.000000,True,0,0.000000,True,0,0.000000
LH_794,794,0.25000,data/raw/CAMELS_SIMBA_1000U/LH_794_hlist_0.25000.list,True,0,9267,9267,9267,9267,0.4802,True,True,0,0.000000,True,0,0.000000,True,0,0.000000
LH_794,794,0.51209,data/raw/CAMELS_SIMBA_1000U/LH_794_hlist_0.51209.list,True,0,8103,8103,8103,8103,0.4802,True,True,0,0.000000,True,0,0.000000,True,0,0.000000
LH_794,794,0.75065,data/raw/CAMELS_SIMBA_1000U/LH_794_hlist_0.75065.list,True,0,6538,6538,6538,6538,0.4802,True,True,0,0.000000,True,0,0.000000,True,0,0.000000
LH_794,794,1.00000,data/raw/CAMELS_SIMBA_1000U/LH_794_hlist_1.00000.list,True,0,6140,6140,6140,6140,0.4802,True,True,0,0.000000,True,0,0.000000,True,0,0.000000
LH_795,795,0.20000,data/raw/CAMELS_SIMBA_1000U/LH_795_hlist_0.20000.list,True,0,5275,5275,5275,5275,0.2674,True,True,0,0.000000,True,0,0.000000,True,0,0.000000
LH_795,795,0.25000,data/raw/CAMELS_SIMBA_1000U/LH_795_hlist_0.25000.list,True,0,6474,6474,6474,6474,0.2674,True,True,0,0.000000,True,0,0.000000,True,0,0.000000
LH_795,795,0.51209,data/raw/CAMELS_SIMBA_1000U/LH_795_hlist_0.51209.list,True,0,6693,6693,6693,6693,0.2674,True,True,0,0.000000,True,0,0.000000,True,0,0.000000
LH_795,795,0.75065,data/raw/CAMELS_SIMBA_1000U/LH_795_hlist_0.75065.list,True,0,6224,6224,6224,6224,0.2674,True,True,0,0.000000,True,0,0.000000,True,0,0.000000
LH_795,795,1.00000,data/raw/CAMELS_SIMBA_1000U/LH_795_hlist_1.00000.list,True,0,6251,6251,6251,6251,0.2674,True,True,0,0.000000,True,0,0.000000,True,0,0.000000
LH_796,796,0.20000,data/raw/CAMELS_SIMBA_1000U/LH_796_hlist_0.20000.list,True,0,7783,7783,7783,7783,0.3506,True,True,0,0.000000,True,0,0.000000,True,0,0.000000
LH_796,796,0.25000,data/raw/CAMELS_SIMBA_1000U/LH_796_hlist_0.25000.list,True,0,8314,8314,8314,8314,0.3506,True,True,0,0.000000,True,0,0.000000,True,0,0.000000
LH_796,796,0.51209,data/raw/CAMELS_SIMBA_1000U/LH_796_hlist_0.51209.list,True,0,6832,6832,6832,6832,0.3506,True,True,0,0.000000,True,0,0.000000,True,0,0.000000
LH_796,796,0.75065,data/raw/CAMELS_SIMBA_1000U/LH_796_hlist_0.75065.list,True,0,5828,5828,5828,5828,0.3506,True,True,0,0.000000,True,0,0.000000,True,0,0.000000
LH_796,796,1.00000,data/raw/CAMELS_SIMBA_1000U/LH_796_hlist_1.00000.list,True,0,5527,5527,5527,5527,0.3506,True,True,0,0.000000,True,0,0.000000,True,0,0.000000
LH_797,797,0.20000,data/raw/CAMELS_SIMBA_1000U/LH_797_hlist_0.20000.list,True,0,4875,4875,4875,4875,0.2326,True,True,0,0.000000,True,0,0.000000,True,0,0.000000
LH_797,797,0.25000,data/raw/CAMELS_SIMBA_1000U/LH_797_hlist_0.25000.list,True,0,6284,6284,6284,6284,0.2326,True,True,0,0.000000,True,0,0.000000,True,0,0.000000
LH_797,797,0.51209,data/raw/CAMELS_SIMBA_1000U/LH_797_hlist_0.51209.list,True,0,6580,6580,6580,6580,0.2326,True,True,0,0.000000,True,0,0.000000,True,0,0.000000
LH_797,797,0.75065,data/raw/CAMELS_SIMBA_1000U/LH_797_hlist_0.75065.list,True,0,6053,6053,6053,6053,0.2326,True,True,0,0.000000,True,0,0.000000,True,0,0.000000
LH_797,797,1.00000,data/raw/CAMELS_SIMBA_1000U/LH_797_hlist_1.00000.list,True,0,6245,6245,6245,6245,0.2326,True,True,0,0.000000,True,0,0.000000,True,0,0.000000
LH_798,798,0.20000,data/raw/CAMELS_SIMBA_1000U/LH_798_hlist_0.20000.list,True,0,3732,3732,3732,3732,0.2618,True,True,0,0.000000,True,0,0.000000,True,0,0.000000
LH_798,798,0.25000,data/raw/CAMELS_SIMBA_1000U/LH_798_hlist_0.25000.list,True,0,5245,5245,5245,5245,0.2618,True,True,0,0.000000,True,0,0.000000,True,0,0.000000
LH_798,798,0.51209,data/raw/CAMELS_SIMBA_1000U/LH_798_hlist_0.51209.list,True,0,7125,7125,7125,7125,0.2618,True,True,0,0.000000,True,0,0.000000,True,0,0.000000
LH_798,798,0.75065,data/raw/CAMELS_SIMBA_1000U/LH_798_hlist_0.75065.list,True,0,6680,6680,6680,6680,0.2618,True,True,0,0.000000,True,0,0.000000,True,0,0.000000
LH_798,798,1.00000,data/raw/CAMELS_SIMBA_1000U/LH_798_hlist_1.00000.list,True,0,6914,6914,6914,6914,0.2618,True,True,0,0.000000,True,0,0.000000,True,0,0.000000
LH_799,799,0.20000,data/raw/CAMELS_SIMBA_1000U/LH_799_hlist_0.20000.list,True,0,7542,7542,7542,7542,0.3914,True,True,0,0.000000,True,0,0.000000,True,0,0.000000
LH_799,799,0.25000,data/raw/CAMELS_SIMBA_1000U/LH_799_hlist_0.25000.list,True,0,8337,8337,8337,8337,0.3914,True,True,0,0.000000,True,0,0.000000,True,0,0.000000
LH_799,799,0.51209,data/raw/CAMELS_SIMBA_1000U/LH_799_hlist_0.51209.list,True,0,7424,7424,7424,7424,0.3914,True,True,0,0.000000,True,0,0.000000,True,0,0.000000
LH_799,799,0.75065,data/raw/CAMELS_SIMBA_1000U/LH_799_hlist_0.75065.list,True,0,6176,6176,6176,6176,0.3914,True,True,0,0.000000,True,0,0.000000,True,0,0.000000
LH_799,799,1.00000,data/raw/CAMELS_SIMBA_1000U/LH_799_hlist_1.00000.list,True,0,5849,5849,5849,5849,0.3914,True,True,0,0.000000,True,0,0.000000,True,0,0.000000
LH_800,800,0.20000,data/raw/CAMELS_SIMBA_1000U/LH_800_hlist_0.20000.list,True,0,2455,2455,2455,2455,0.215,True,True,0,0.000000,True,0,0.000000,True,0,0.000000
LH_800,800,0.25000,data/raw/CAMELS_SIMBA_1000U/LH_800_hlist_0.25000.list,True,0,3992,3992,3992,3992,0.215,True,True,0,0.000000,True,0,0.000000,True,0,0.000000
LH_800,800,0.51209,data/raw/CAMELS_SIMBA_1000U/LH_800_hlist_0.51209.list,True,0,6870,6870,6870,6870,0.215,True,True,0,0.000000,True,0,0.000000,True,0,0.000000
LH_800,800,0.75065,data/raw/CAMELS_SIMBA_1000U/LH_800_hlist_0.75065.list,True,0,6898,6898,6898,6898,0.215,True,True,0,0.000000,True,0,0.000000,True,0,0.000000
LH_800,800,1.00000,data/raw/CAMELS_SIMBA_1000U/LH_800_hlist_1.00000.list,True,0,7267,7267,7267,7267,0.215,True,True,0,0.000000,True,0,0.000000,True,0,0.000000
LH_801,801,0.20000,data/raw/CAMELS_SIMBA_1000U/LH_801_hlist_0.20000.list,True,0,6560,6560,6560,6560,0.3802,True,True,0,0.000000,True,0,0.000000,True,0,0.000000
LH_801,801,0.25000,data/raw/CAMELS_SIMBA_1000U/LH_801_hlist_0.25000.list,True,0,7732,7732,7732,7732,0.3802,True,True,0,0.000000,True,0,0.000000,True,0,0.000000
LH_801,801,0.51209,data/raw/CAMELS_SIMBA_1000U/LH_801_hlist_0.51209.list,True,0,7623,7623,7623,7623,0.3802,True,True,0,0.000000,True,0,0.000000,True,0,0.000000
LH_801,801,0.75065,data/raw/CAMELS_SIMBA_1000U/LH_801_hlist_0.75065.list,True,0,6459,6459,6459,6459,0.3802,True,True,0,0.000000,True,0,0.000000,True,0,0.000000
LH_801,801,1.00000,data/raw/CAMELS_SIMBA_1000U/LH_801_hlist_1.00000.list,True,0,6077,6077,6077,6077,0.3802,True,True,0,0.000000,True,0,0.000000,True,0,0.000000
LH_802,802,0.20000,data/raw/CAMELS_SIMBA_1000U/LH_802_hlist_0.20000.list,True,0,332,332,332,332,0.1002,True,False,668,0.668000,False,1168,0.778667,False,1668,0.834000
LH_802,802,0.25000,data/raw/CAMELS_SIMBA_1000U/LH_802_hlist_0.25000.list,True,0,899,899,899,899,0.1002,True,False,101,0.101000,False,601,0.400667,False,1101,0.550500
LH_802,802,0.51209,data/raw/CAMELS_SIMBA_1000U/LH_802_hlist_0.51209.list,True,0,3005,3005,3005,3005,0.1002,True,True,0,0.000000,True,0,0.000000,True,0,0.000000
LH_802,802,0.75065,data/raw/CAMELS_SIMBA_1000U/LH_802_hlist_0.75065.list,True,0,3715,3715,3715,3715,0.1002,True,True,0,0.000000,True,0,0.000000,True,0,0.000000
LH_802,802,1.00000,data/raw/CAMELS_SIMBA_1000U/LH_802_hlist_1.00000.list,True,0,4360,4360,4360,4360,0.1002,True,True,0,0.000000,True,0,0.000000,True,0,0.000000
LH_803,803,0.20000,data/raw/CAMELS_SIMBA_1000U/LH_803_hlist_0.20000.list,True,0,1705,1705,1705,1705,0.1674,True,True,0,0.000000,True,0,0.000000,False,295,0.147500
LH_803,803,0.25000,data/raw/CAMELS_SIMBA_1000U/LH_803_hlist_0.25000.list,True,0,3076,3076,3076,3076,0.1674,True,True,0,0.000000,True,0,0.000000,True,0,0.000000
LH_803,803,0.51209,data/raw/CAMELS_SIMBA_1000U/LH_803_hlist_0.51209.list,True,0,5693,5693,5693,5693,0.1674,True,True,0,0.000000,True,0,0.000000,True,0,0.000000
LH_803,803,0.75065,data/raw/CAMELS_SIMBA_1000U/LH_803_hlist_0.75065.list,True,0,5917,5917,5917,5917,0.1674,True,True,0,0.000000,True,0,0.000000,True,0,0.000000
LH_803,803,1.00000,data/raw/CAMELS_SIMBA_1000U/LH_803_hlist_1.00000.list,True,0,6393,6393,6393,6393,0.1674,True,True,0,0.000000,True,0,0.000000,True,0,0.000000
LH_804,804,0.20000,data/raw/CAMELS_SIMBA_1000U/LH_804_hlist_0.20000.list,True,0,3699,3699,3699,3699,0.129,True,True,0,0.000000,True,0,0.000000,True,0,0.000000
LH_804,804,0.25000,data/raw/CAMELS_SIMBA_1000U/LH_804_hlist_0.25000.list,True,0,4696,4696,4696,4696,0.129,True,True,0,0.000000,True,0,0.000000,True,0,0.000000
LH_804,804,0.51209,data/raw/CAMELS_SIMBA_1000U/LH_804_hlist_0.51209.list,True,0,4967,4967,4967,4967,0.129,True,True,0,0.000000,True,0,0.000000,True,0,0.000000
LH_804,804,0.75065,data/raw/CAMELS_SIMBA_1000U/LH_804_hlist_0.75065.list,True,0,4962,4962,4962,4962,0.129,True,True,0,0.000000,True,0,0.000000,True,0,0.000000
LH_804,804,1.00000,data/raw/CAMELS_SIMBA_1000U/LH_804_hlist_1.00000.list,True,0,5299,5299,5299,5299,0.129,True,True,0,0.000000,True,0,0.000000,True,0,0.000000
LH_805,805,0.20000,data/raw/CAMELS_SIMBA_1000U/LH_805_hlist_0.20000.list,True,0,4504,4504,4504,4504,0.413,True,True,0,0.000000,True,0,0.000000,True,0,0.000000
LH_805,805,0.25000,data/raw/CAMELS_SIMBA_1000U/LH_805_hlist_0.25000.list,True,0,6077,6077,6077,6077,0.413,True,True,0,0.000000,True,0,0.000000,True,0,0.000000
LH_805,805,0.51209,data/raw/CAMELS_SIMBA_1000U/LH_805_hlist_0.51209.list,True,0,8235,8235,8235,8235,0.413,True,True,0,0.000000,True,0,0.000000,True,0,0.000000
LH_805,805,0.75065,data/raw/CAMELS_SIMBA_1000U/LH_805_hlist_0.75065.list,True,0,7585,7585,7585,7585,0.413,True,True,0,0.000000,True,0,0.000000,True,0,0.000000
LH_805,805,1.00000,data/raw/CAMELS_SIMBA_1000U/LH_805_hlist_1.00000.list,True,0,7413,7413,7413,7413,0.413,True,True,0,0.000000,True,0,0.000000,True,0,0.000000
LH_806,806,0.20000,data/raw/CAMELS_SIMBA_1000U/LH_806_hlist_0.20000.list,True,0,8338,8338,8338,8338,0.4438,True,True,0,0.000000,True,0,0.000000,True,0,0.000000
LH_806,806,0.25000,data/raw/CAMELS_SIMBA_1000U/LH_806_hlist_0.25000.list,True,0,8943,8943,8943,8943,0.4438,True,True,0,0.000000,True,0,0.000000,True,0,0.000000
LH_806,806,0.51209,data/raw/CAMELS_SIMBA_1000U/LH_806_hlist_0.51209.list,True,0,7395,7395,7395,7395,0.4438,True,True,0,0.000000,True,0,0.000000,True,0,0.000000
LH_806,806,0.75065,data/raw/CAMELS_SIMBA_1000U/LH_806_hlist_0.75065.list,True,0,6093,6093,6093,6093,0.4438,True,True,0,0.000000,True,0,0.000000,True,0,0.000000
LH_806,806,1.00000,data/raw/CAMELS_SIMBA_1000U/LH_806_hlist_1.00000.list,True,0,5731,5731,5731,5731,0.4438,True,True,0,0.000000,True,0,0.000000,True,0,0.000000
LH_807,807,0.20000,data/raw/CAMELS_SIMBA_1000U/LH_807_hlist_0.20000.list,True,0,7042,7042,7042,7042,0.3906,True,True,0,0.000000,True,0,0.000000,True,0,0.000000
LH_807,807,0.25000,data/raw/CAMELS_SIMBA_1000U/LH_807_hlist_0.25000.list,True,0,7878,7878,7878,7878,0.3906,True,True,0,0.000000,True,0,0.000000,True,0,0.000000
LH_807,807,0.51209,data/raw/CAMELS_SIMBA_1000U/LH_807_hlist_0.51209.list,True,0,7448,7448,7448,7448,0.3906,True,True,0,0.000000,True,0,0.000000,True,0,0.000000
LH_807,807,0.75065,data/raw/CAMELS_SIMBA_1000U/LH_807_hlist_0.75065.list,True,0,6381,6381,6381,6381,0.3906,True,True,0,0.000000,True,0,0.000000,True,0,0.000000
LH_807,807,1.00000,data/raw/CAMELS_SIMBA_1000U/LH_807_hlist_1.00000.list,True,0,6043,6043,6043,6043,0.3906,True,True,0,0.000000,True,0,0.000000,True,0,0.000000
LH_808,808,0.20000,data/raw/CAMELS_SIMBA_1000U/LH_808_hlist_0.20000.list,True,0,6253,6253,6253,6253,0.4178,True,True,0,0.000000,True,0,0.000000,True,0,0.000000
LH_808,808,0.25000,data/raw/CAMELS_SIMBA_1000U/LH_808_hlist_0.25000.list,True,0,7491,7491,7491,7491,0.4178,True,True,0,0.000000,True,0,0.000000,True,0,0.000000
LH_808,808,0.51209,data/raw/CAMELS_SIMBA_1000U/LH_808_hlist_0.51209.list,True,0,7749,7749,7749,7749,0.4178,True,True,0,0.000000,True,0,0.000000,True,0,0.000000
LH_808,808,0.75065,data/raw/CAMELS_SIMBA_1000U/LH_808_hlist_0.75065.list,True,0,6890,6890,6890,6890,0.4178,True,True,0,0.000000,True,0,0.000000,True,0,0.000000
LH_808,808,1.00000,data/raw/CAMELS_SIMBA_1000U/LH_808_hlist_1.00000.list,True,0,6487,6487,6487,6487,0.4178,True,True,0,0.000000,True,0,0.000000,True,0,0.000000
LH_809,809,0.20000,data/raw/CAMELS_SIMBA_1000U/LH_809_hlist_0.20000.list,True,0,8894,8894,8894,8894,0.4974,True,True,0,0.000000,True,0,0.000000,True,0,0.000000
LH_809,809,0.25000,data/raw/CAMELS_SIMBA_1000U/LH_809_hlist_0.25000.list,True,0,9556,9556,9556,9556,0.4974,True,True,0,0.000000,True,0,0.000000,True,0,0.000000
LH_809,809,0.51209,data/raw/CAMELS_SIMBA_1000U/LH_809_hlist_0.51209.list,True,0,7880,7880,7880,7880,0.4974,True,True,0,0.000000,True,0,0.000000,True,0,0.000000
LH_809,809,0.75065,data/raw/CAMELS_SIMBA_1000U/LH_809_hlist_0.75065.list,True,0,6291,6291,6291,6291,0.4974,True,True,0,0.000000,True,0,0.000000,True,0,0.000000
LH_809,809,1.00000,data/raw/CAMELS_SIMBA_1000U/LH_809_hlist_1.00000.list,True,0,5709,5709,5709,5709,0.4974,True,True,0,0.000000,True,0,0.000000,True,0,0.000000
LH_810,810,0.20000,data/raw/CAMELS_SIMBA_1000U/LH_810_hlist_0.20000.list,True,0,6543,6543,6543,6543,0.3702,True,True,0,0.000000,True,0,0.000000,True,0,0.000000
LH_810,810,0.25000,data/raw/CAMELS_SIMBA_1000U/LH_810_hlist_0.25000.list,True,0,7668,7668,7668,7668,0.3702,True,True,0,0.000000,True,0,0.000000,True,0,0.000000
LH_810,810,0.51209,data/raw/CAMELS_SIMBA_1000U/LH_810_hlist_0.51209.list,True,0,7795,7795,7795,7795,0.3702,True,True,0,0.000000,True,0,0.000000,True,0,0.000000
LH_810,810,0.75065,data/raw/CAMELS_SIMBA_1000U/LH_810_hlist_0.75065.list,True,0,6690,6690,6690,6690,0.3702,True,True,0,0.000000,True,0,0.000000,True,0,0.000000
LH_810,810,1.00000,data/raw/CAMELS_SIMBA_1000U/LH_810_hlist_1.00000.list,True,0,6590,6590,6590,6590,0.3702,True,True,0,0.000000,True,0,0.000000,True,0,0.000000
LH_811,811,0.20000,data/raw/CAMELS_SIMBA_1000U/LH_811_hlist_0.20000.list,True,0,763,763,763,763,0.1098,True,False,237,0.237000,False,737,0.491333,False,1237,0.618500
LH_811,811,0.25000,data/raw/CAMELS_SIMBA_1000U/LH_811_hlist_0.25000.list,True,0,1738,1738,1738,1738,0.1098,True,True,0,0.000000,True,0,0.000000,False,262,0.131000
LH_811,811,0.51209,data/raw/CAMELS_SIMBA_1000U/LH_811_hlist_0.51209.list,True,0,4264,4264,4264,4264,0.1098,True,True,0,0.000000,True,0,0.000000,True,0,0.000000
LH_811,811,0.75065,data/raw/CAMELS_SIMBA_1000U/LH_811_hlist_0.75065.list,True,0,4908,4908,4908,4908,0.1098,True,True,0,0.000000,True,0,0.000000,True,0,0.000000
LH_811,811,1.00000,data/raw/CAMELS_SIMBA_1000U/LH_811_hlist_1.00000.list,True,0,5585,5585,5585,5585,0.1098,True,True,0,0.000000,True,0,0.000000,True,0,0.000000
LH_812,812,0.20000,data/raw/CAMELS_SIMBA_1000U/LH_812_hlist_0.20000.list,True,0,2119,2119,2119,2119,0.1318,True,True,0,0.000000,True,0,0.000000,True,0,0.000000
LH_812,812,0.25000,data/raw/CAMELS_SIMBA_1000U/LH_812_hlist_0.25000.list,True,0,3365,3365,3365,3365,0.1318,True,True,0,0.000000,True,0,0.000000,True,0,0.000000
LH_812,812,0.51209,data/raw/CAMELS_SIMBA_1000U/LH_812_hlist_0.51209.list,True,0,5028,5028,5028,5028,0.1318,True,True,0,0.000000,True,0,0.000000,True,0,0.000000
LH_812,812,0.75065,data/raw/CAMELS_SIMBA_1000U/LH_812_hlist_0.75065.list,True,0,5222,5222,5222,5222,0.1318,True,True,0,0.000000,True,0,0.000000,True,0,0.000000
LH_812,812,1.00000,data/raw/CAMELS_SIMBA_1000U/LH_812_hlist_1.00000.list,True,0,5617,5617,5617,5617,0.1318,True,True,0,0.000000,True,0,0.000000,True,0,0.000000
LH_813,813,0.20000,data/raw/CAMELS_SIMBA_1000U/LH_813_hlist_0.20000.list,True,0,3119,3119,3119,3119,0.1998,True,True,0,0.000000,True,0,0.000000,True,0,0.000000
LH_813,813,0.25000,data/raw/CAMELS_SIMBA_1000U/LH_813_hlist_0.25000.list,True,0,4842,4842,4842,4842,0.1998,True,True,0,0.000000,True,0,0.000000,True,0,0.000000
LH_813,813,0.51209,data/raw/CAMELS_SIMBA_1000U/LH_813_hlist_0.51209.list,True,0,6278,6278,6278,6278,0.1998,True,True,0,0.000000,True,0,0.000000,True,0,0.000000
LH_813,813,0.75065,data/raw/CAMELS_SIMBA_1000U/LH_813_hlist_0.75065.list,True,0,6002,6002,6002,6002,0.1998,True,True,0,0.000000,True,0,0.000000,True,0,0.000000
LH_813,813,1.00000,data/raw/CAMELS_SIMBA_1000U/LH_813_hlist_1.00000.list,True,0,6171,6171,6171,6171,0.1998,True,True,0,0.000000,True,0,0.000000,True,0,0.000000
LH_814,814,0.20000,data/raw/CAMELS_SIMBA_1000U/LH_814_hlist_0.20000.list,True,0,8359,8359,8359,8359,0.4442,True,True,0,0.000000,True,0,0.000000,True,0,0.000000
LH_814,814,0.25000,data/raw/CAMELS_SIMBA_1000U/LH_814_hlist_0.25000.list,True,0,9115,9115,9115,9115,0.4442,True,True,0,0.000000,True,0,0.000000,True,0,0.000000
LH_814,814,0.51209,data/raw/CAMELS_SIMBA_1000U/LH_814_hlist_0.51209.list,True,0,7951,7951,7951,7951,0.4442,True,True,0,0.000000,True,0,0.000000,True,0,0.000000
LH_814,814,0.75065,data/raw/CAMELS_SIMBA_1000U/LH_814_hlist_0.75065.list,True,0,6531,6531,6531,6531,0.4442,True,True,0,0.000000,True,0,0.000000,True,0,0.000000
LH_814,814,1.00000,data/raw/CAMELS_SIMBA_1000U/LH_814_hlist_1.00000.list,True,0,6215,6215,6215,6215,0.4442,True,True,0,0.000000,True,0,0.000000,True,0,0.000000
LH_815,815,0.20000,data/raw/CAMELS_SIMBA_1000U/LH_815_hlist_0.20000.list,True,0,6836,6836,6836,6836,0.3298,True,True,0,0.000000,True,0,0.000000,True,0,0.000000
LH_815,815,0.25000,data/raw/CAMELS_SIMBA_1000U/LH_815_hlist_0.25000.list,True,0,7701,7701,7701,7701,0.3298,True,True,0,0.000000,True,0,0.000000,True,0,0.000000
LH_815,815,0.51209,data/raw/CAMELS_SIMBA_1000U/LH_815_hlist_0.51209.list,True,0,6751,6751,6751,6751,0.3298,True,True,0,0.000000,True,0,0.000000,True,0,0.000000
LH_815,815,0.75065,data/raw/CAMELS_SIMBA_1000U/LH_815_hlist_0.75065.list,True,0,5700,5700,5700,5700,0.3298,True,True,0,0.000000,True,0,0.000000,True,0,0.000000
LH_815,815,1.00000,data/raw/CAMELS_SIMBA_1000U/LH_815_hlist_1.00000.list,True,0,5398,5398,5398,5398,0.3298,True,True,0,0.000000,True,0,0.000000,True,0,0.000000
LH_816,816,0.20000,data/raw/CAMELS_SIMBA_1000U/LH_816_hlist_0.20000.list,True,0,5714,5714,5714,5714,0.2642,True,True,0,0.000000,True,0,0.000000,True,0,0.000000
LH_816,816,0.25000,data/raw/CAMELS_SIMBA_1000U/LH_816_hlist_0.25000.list,True,0,6839,6839,6839,6839,0.2642,True,True,0,0.000000,True,0,0.000000,True,0,0.000000
LH_816,816,0.51209,data/raw/CAMELS_SIMBA_1000U/LH_816_hlist_0.51209.list,True,0,7370,7370,7370,7370,0.2642,True,True,0,0.000000,True,0,0.000000,True,0,0.000000
LH_816,816,0.75065,data/raw/CAMELS_SIMBA_1000U/LH_816_hlist_0.75065.list,True,0,6661,6661,6661,6661,0.2642,True,True,0,0.000000,True,0,0.000000,True,0,0.000000
LH_816,816,1.00000,data/raw/CAMELS_SIMBA_1000U/LH_816_hlist_1.00000.list,True,0,6574,6574,6574,6574,0.2642,True,True,0,0.000000,True,0,0.000000,True,0,0.000000
LH_817,817,0.20000,data/raw/CAMELS_SIMBA_1000U/LH_817_hlist_0.20000.list,True,0,3286,3286,3286,3286,0.1986,True,True,0,0.000000,True,0,0.000000,True,0,0.000000
LH_817,817,0.25000,data/raw/CAMELS_SIMBA_1000U/LH_817_hlist_0.25000.list,True,0,4738,4738,4738,4738,0.1986,True,True,0,0.000000,True,0,0.000000,True,0,0.000000
LH_817,817,0.51209,data/raw/CAMELS_SIMBA_1000U/LH_817_hlist_0.51209.list,True,0,6479,6479,6479,6479,0.1986,True,True,0,0.000000,True,0,0.000000,True,0,0.000000
LH_817,817,0.75065,data/raw/CAMELS_SIMBA_1000U/LH_817_hlist_0.75065.list,True,0,6494,6494,6494,6494,0.1986,True,True,0,0.000000,True,0,0.000000,True,0,0.000000
LH_817,817,1.00000,data/raw/CAMELS_SIMBA_1000U/LH_817_hlist_1.00000.list,True,0,6819,6819,6819,6819,0.1986,True,True,0,0.000000,True,0,0.000000,True,0,0.000000
LH_818,818,0.20000,data/raw/CAMELS_SIMBA_1000U/LH_818_hlist_0.20000.list,True,0,3233,3233,3233,3233,0.3998,True,True,0,0.000000,True,0,0.000000,True,0,0.000000
LH_818,818,0.25000,data/raw/CAMELS_SIMBA_1000U/LH_818_hlist_0.25000.list,True,0,4813,4813,4813,4813,0.3998,True,True,0,0.000000,True,0,0.000000,True,0,0.000000
LH_818,818,0.51209,data/raw/CAMELS_SIMBA_1000U/LH_818_hlist_0.51209.list,True,0,7878,7878,7878,7878,0.3998,True,True,0,0.000000,True,0,0.000000,True,0,0.000000
LH_818,818,0.75065,data/raw/CAMELS_SIMBA_1000U/LH_818_hlist_0.75065.list,True,0,7722,7722,7722,7722,0.3998,True,True,0,0.000000,True,0,0.000000,True,0,0.000000
LH_818,818,1.00000,data/raw/CAMELS_SIMBA_1000U/LH_818_hlist_1.00000.list,True,0,7768,7768,7768,7768,0.3998,True,True,0,0.000000,True,0,0.000000,True,0,0.000000
LH_819,819,0.20000,data/raw/CAMELS_SIMBA_1000U/LH_819_hlist_0.20000.list,True,0,4292,4292,4292,4292,0.1858,True,True,0,0.000000,True,0,0.000000,True,0,0.000000
LH_819,819,0.25000,data/raw/CAMELS_SIMBA_1000U/LH_819_hlist_0.25000.list,True,0,5526,5526,5526,5526,0.1858,True,True,0,0.000000,True,0,0.000000,True,0,0.000000
LH_819,819,0.51209,data/raw/CAMELS_SIMBA_1000U/LH_819_hlist_0.51209.list,True,0,5969,5969,5969,5969,0.1858,True,True,0,0.000000,True,0,0.000000,True,0,0.000000
LH_819,819,0.75065,data/raw/CAMELS_SIMBA_1000U/LH_819_hlist_0.75065.list,True,0,5712,5712,5712,5712,0.1858,True,True,0,0.000000,True,0,0.000000,True,0,0.000000
LH_819,819,1.00000,data/raw/CAMELS_SIMBA_1000U/LH_819_hlist_1.00000.list,True,0,6081,6081,6081,6081,0.1858,True,True,0,0.000000,True,0,0.000000,True,0,0.000000
LH_820,820,0.20000,data/raw/CAMELS_SIMBA_1000U/LH_820_hlist_0.20000.list,True,0,3208,3208,3208,3208,0.2586,True,True,0,0.000000,True,0,0.000000,True,0,0.000000
LH_820,820,0.25000,data/raw/CAMELS_SIMBA_1000U/LH_820_hlist_0.25000.list,True,0,4801,4801,4801,4801,0.2586,True,True,0,0.000000,True,0,0.000000,True,0,0.000000
LH_820,820,0.51209,data/raw/CAMELS_SIMBA_1000U/LH_820_hlist_0.51209.list,True,0,6792,6792,6792,6792,0.2586,True,True,0,0.000000,True,0,0.000000,True,0,0.000000
LH_820,820,0.75065,data/raw/CAMELS_SIMBA_1000U/LH_820_hlist_0.75065.list,True,0,6260,6260,6260,6260,0.2586,True,True,0,0.000000,True,0,0.000000,True,0,0.000000
LH_820,820,1.00000,data/raw/CAMELS_SIMBA_1000U/LH_820_hlist_1.00000.list,True,0,6457,6457,6457,6457,0.2586,True,True,0,0.000000,True,0,0.000000,True,0,0.000000
LH_821,821,0.20000,data/raw/CAMELS_SIMBA_1000U/LH_821_hlist_0.20000.list,True,0,3474,3474,3474,3474,0.2286,True,True,0,0.000000,True,0,0.000000,True,0,0.000000
LH_821,821,0.25000,data/raw/CAMELS_SIMBA_1000U/LH_821_hlist_0.25000.list,True,0,5058,5058,5058,5058,0.2286,True,True,0,0.000000,True,0,0.000000,True,0,0.000000
LH_821,821,0.51209,data/raw/CAMELS_SIMBA_1000U/LH_821_hlist_0.51209.list,True,0,6884,6884,6884,6884,0.2286,True,True,0,0.000000,True,0,0.000000,True,0,0.000000
LH_821,821,0.75065,data/raw/CAMELS_SIMBA_1000U/LH_821_hlist_0.75065.list,True,0,6549,6549,6549,6549,0.2286,True,True,0,0.000000,True,0,0.000000,True,0,0.000000
LH_821,821,1.00000,data/raw/CAMELS_SIMBA_1000U/LH_821_hlist_1.00000.list,True,0,6795,6795,6795,6795,0.2286,True,True,0,0.000000,True,0,0.000000,True,0,0.000000
LH_822,822,0.20000,data/raw/CAMELS_SIMBA_1000U/LH_822_hlist_0.20000.list,True,0,3272,3272,3272,3272,0.3646,True,True,0,0.000000,True,0,0.000000,True,0,0.000000
LH_822,822,0.25000,data/raw/CAMELS_SIMBA_1000U/LH_822_hlist_0.25000.list,True,0,5106,5106,5106,5106,0.3646,True,True,0,0.000000,True,0,0.000000,True,0,0.000000
LH_822,822,0.51209,data/raw/CAMELS_SIMBA_1000U/LH_822_hlist_0.51209.list,True,0,8424,8424,8424,8424,0.3646,True,True,0,0.000000,True,0,0.000000,True,0,0.000000
LH_822,822,0.75065,data/raw/CAMELS_SIMBA_1000U/LH_822_hlist_0.75065.list,True,0,8160,8160,8160,8160,0.3646,True,True,0,0.000000,True,0,0.000000,True,0,0.000000
LH_822,822,1.00000,data/raw/CAMELS_SIMBA_1000U/LH_822_hlist_1.00000.list,True,0,7975,7975,7975,7975,0.3646,True,True,0,0.000000,True,0,0.000000,True,0,0.000000
LH_823,823,0.20000,data/raw/CAMELS_SIMBA_1000U/LH_823_hlist_0.20000.list,True,0,3901,3901,3901,3901,0.1886,True,True,0,0.000000,True,0,0.000000,True,0,0.000000
LH_823,823,0.25000,data/raw/CAMELS_SIMBA_1000U/LH_823_hlist_0.25000.list,True,0,5077,5077,5077,5077,0.1886,True,True,0,0.000000,True,0,0.000000,True,0,0.000000
LH_823,823,0.51209,data/raw/CAMELS_SIMBA_1000U/LH_823_hlist_0.51209.list,True,0,6647,6647,6647,6647,0.1886,True,True,0,0.000000,True,0,0.000000,True,0,0.000000
LH_823,823,0.75065,data/raw/CAMELS_SIMBA_1000U/LH_823_hlist_0.75065.list,True,0,6415,6415,6415,6415,0.1886,True,True,0,0.000000,True,0,0.000000,True,0,0.000000
LH_823,823,1.00000,data/raw/CAMELS_SIMBA_1000U/LH_823_hlist_1.00000.list,True,0,6649,6649,6649,6649,0.1886,True,True,0,0.000000,True,0,0.000000,True,0,0.000000
LH_824,824,0.20000,data/raw/CAMELS_SIMBA_1000U/LH_824_hlist_0.20000.list,True,0,6494,6494,6494,6494,0.4354,True,True,0,0.000000,True,0,0.000000,True,0,0.000000
LH_824,824,0.25000,data/raw/CAMELS_SIMBA_1000U/LH_824_hlist_0.25000.list,True,0,7709,7709,7709,7709,0.4354,True,True,0,0.000000,True,0,0.000000,True,0,0.000000
LH_824,824,0.51209,data/raw/CAMELS_SIMBA_1000U/LH_824_hlist_0.51209.list,True,0,8323,8323,8323,8323,0.4354,True,True,0,0.000000,True,0,0.000000,True,0,0.000000
LH_824,824,0.75065,data/raw/CAMELS_SIMBA_1000U/LH_824_hlist_0.75065.list,True,0,7182,7182,7182,7182,0.4354,True,True,0,0.000000,True,0,0.000000,True,0,0.000000
LH_824,824,1.00000,data/raw/CAMELS_SIMBA_1000U/LH_824_hlist_1.00000.list,True,0,6722,6722,6722,6722,0.4354,True,True,0,0.000000,True,0,0.000000,True,0,0.000000
LH_825,825,0.20000,data/raw/CAMELS_SIMBA_1000U/LH_825_hlist_0.20000.list,True,0,6781,6781,6781,6781,0.3498,True,True,0,0.000000,True,0,0.000000,True,0,0.000000
LH_825,825,0.25000,data/raw/CAMELS_SIMBA_1000U/LH_825_hlist_0.25000.list,True,0,7810,7810,7810,7810,0.3498,True,True,0,0.000000,True,0,0.000000,True,0,0.000000
LH_825,825,0.51209,data/raw/CAMELS_SIMBA_1000U/LH_825_hlist_0.51209.list,True,0,7536,7536,7536,7536,0.3498,True,True,0,0.000000,True,0,0.000000,True,0,0.000000
LH_825,825,0.75065,data/raw/CAMELS_SIMBA_1000U/LH_825_hlist_0.75065.list,True,0,6784,6784,6784,6784,0.3498,True,True,0,0.000000,True,0,0.000000,True,0,0.000000
LH_825,825,1.00000,data/raw/CAMELS_SIMBA_1000U/LH_825_hlist_1.00000.list,True,0,6449,6449,6449,6449,0.3498,True,True,0,0.000000,True,0,0.000000,True,0,0.000000
LH_826,826,0.20000,data/raw/CAMELS_SIMBA_1000U/LH_826_hlist_0.20000.list,True,0,6236,6236,6236,6236,0.2966,True,True,0,0.000000,True,0,0.000000,True,0,0.000000
LH_826,826,0.25000,data/raw/CAMELS_SIMBA_1000U/LH_826_hlist_0.25000.list,True,0,7302,7302,7302,7302,0.2966,True,True,0,0.000000,True,0,0.000000,True,0,0.000000
LH_826,826,0.51209,data/raw/CAMELS_SIMBA_1000U/LH_826_hlist_0.51209.list,True,0,7291,7291,7291,7291,0.2966,True,True,0,0.000000,True,0,0.000000,True,0,0.000000
LH_826,826,0.75065,data/raw/CAMELS_SIMBA_1000U/LH_826_hlist_0.75065.list,True,0,6455,6455,6455,6455,0.2966,True,True,0,0.000000,True,0,0.000000,True,0,0.000000
LH_826,826,1.00000,data/raw/CAMELS_SIMBA_1000U/LH_826_hlist_1.00000.list,True,0,6522,6522,6522,6522,0.2966,True,True,0,0.000000,True,0,0.000000,True,0,0.000000
LH_827,827,0.20000,data/raw/CAMELS_SIMBA_1000U/LH_827_hlist_0.20000.list,True,0,6117,6117,6117,6117,0.405,True,True,0,0.000000,True,0,0.000000,True,0,0.000000
LH_827,827,0.25000,data/raw/CAMELS_SIMBA_1000U/LH_827_hlist_0.25000.list,True,0,7484,7484,7484,7484,0.405,True,True,0,0.000000,True,0,0.000000,True,0,0.000000
LH_827,827,0.51209,data/raw/CAMELS_SIMBA_1000U/LH_827_hlist_0.51209.list,True,0,8436,8436,8436,8436,0.405,True,True,0,0.000000,True,0,0.000000,True,0,0.000000
LH_827,827,0.75065,data/raw/CAMELS_SIMBA_1000U/LH_827_hlist_0.75065.list,True,0,7454,7454,7454,7454,0.405,True,True,0,0.000000,True,0,0.000000,True,0,0.000000
LH_827,827,1.00000,data/raw/CAMELS_SIMBA_1000U/LH_827_hlist_1.00000.list,True,0,7190,7190,7190,7190,0.405,True,True,0,0.000000,True,0,0.000000,True,0,0.000000
LH_828,828,0.20000,data/raw/CAMELS_SIMBA_1000U/LH_828_hlist_0.20000.list,True,0,4213,4213,4213,4213,0.1558,True,True,0,0.000000,True,0,0.000000,True,0,0.000000
LH_828,828,0.25000,data/raw/CAMELS_SIMBA_1000U/LH_828_hlist_0.25000.list,True,0,5248,5248,5248,5248,0.1558,True,True,0,0.000000,True,0,0.000000,True,0,0.000000
LH_828,828,0.51209,data/raw/CAMELS_SIMBA_1000U/LH_828_hlist_0.51209.list,True,0,5346,5346,5346,5346,0.1558,True,True,0,0.000000,True,0,0.000000,True,0,0.000000
LH_828,828,0.75065,data/raw/CAMELS_SIMBA_1000U/LH_828_hlist_0.75065.list,True,0,5273,5273,5273,5273,0.1558,True,True,0,0.000000,True,0,0.000000,True,0,0.000000
LH_828,828,1.00000,data/raw/CAMELS_SIMBA_1000U/LH_828_hlist_1.00000.list,True,0,5473,5473,5473,5473,0.1558,True,True,0,0.000000,True,0,0.000000,True,0,0.000000
LH_829,829,0.20000,data/raw/CAMELS_SIMBA_1000U/LH_829_hlist_0.20000.list,True,0,1220,1220,1220,1220,0.2218,True,True,0,0.000000,False,280,0.186667,False,780,0.390000
LH_829,829,0.25000,data/raw/CAMELS_SIMBA_1000U/LH_829_hlist_0.25000.list,True,0,2661,2661,2661,2661,0.2218,True,True,0,0.000000,True,0,0.000000,True,0,0.000000
LH_829,829,0.51209,data/raw/CAMELS_SIMBA_1000U/LH_829_hlist_0.51209.list,True,0,6787,6787,6787,6787,0.2218,True,True,0,0.000000,True,0,0.000000,True,0,0.000000
LH_829,829,0.75065,data/raw/CAMELS_SIMBA_1000U/LH_829_hlist_0.75065.list,True,0,7139,7139,7139,7139,0.2218,True,True,0,0.000000,True,0,0.000000,True,0,0.000000
LH_829,829,1.00000,data/raw/CAMELS_SIMBA_1000U/LH_829_hlist_1.00000.list,True,0,7660,7660,7660,7660,0.2218,True,True,0,0.000000,True,0,0.000000,True,0,0.000000
LH_830,830,0.20000,data/raw/CAMELS_SIMBA_1000U/LH_830_hlist_0.20000.list,True,0,1382,1382,1382,1382,0.1938,True,True,0,0.000000,False,118,0.078667,False,618,0.309000
LH_830,830,0.25000,data/raw/CAMELS_SIMBA_1000U/LH_830_hlist_0.25000.list,True,0,2872,2872,2872,2872,0.1938,True,True,0,0.000000,True,0,0.000000,True,0,0.000000
LH_830,830,0.51209,data/raw/CAMELS_SIMBA_1000U/LH_830_hlist_0.51209.list,True,0,6364,6364,6364,6364,0.1938,True,True,0,0.000000,True,0,0.000000,True,0,0.000000
LH_830,830,0.75065,data/raw/CAMELS_SIMBA_1000U/LH_830_hlist_0.75065.list,True,0,6761,6761,6761,6761,0.1938,True,True,0,0.000000,True,0,0.000000,True,0,0.000000
LH_830,830,1.00000,data/raw/CAMELS_SIMBA_1000U/LH_830_hlist_1.00000.list,True,0,7195,7195,7195,7195,0.1938,True,True,0,0.000000,True,0,0.000000,True,0,0.000000
LH_831,831,0.20000,data/raw/CAMELS_SIMBA_1000U/LH_831_hlist_0.20000.list,True,0,6473,6473,6473,6473,0.489,True,True,0,0.000000,True,0,0.000000,True,0,0.000000
LH_831,831,0.25000,data/raw/CAMELS_SIMBA_1000U/LH_831_hlist_0.25000.list,True,0,8036,8036,8036,8036,0.489,True,True,0,0.000000,True,0,0.000000,True,0,0.000000
LH_831,831,0.51209,data/raw/CAMELS_SIMBA_1000U/LH_831_hlist_0.51209.list,True,0,8986,8986,8986,8986,0.489,True,True,0,0.000000,True,0,0.000000,True,0,0.000000
LH_831,831,0.75065,data/raw/CAMELS_SIMBA_1000U/LH_831_hlist_0.75065.list,True,0,7803,7803,7803,7803,0.489,True,True,0,0.000000,True,0,0.000000,True,0,0.000000
LH_831,831,1.00000,data/raw/CAMELS_SIMBA_1000U/LH_831_hlist_1.00000.list,True,0,7326,7326,7326,7326,0.489,True,True,0,0.000000,True,0,0.000000,True,0,0.000000
LH_832,832,0.20000,data/raw/CAMELS_SIMBA_1000U/LH_832_hlist_0.20000.list,True,0,4774,4774,4774,4774,0.3134,True,True,0,0.000000,True,0,0.000000,True,0,0.000000
LH_832,832,0.25000,data/raw/CAMELS_SIMBA_1000U/LH_832_hlist_0.25000.list,True,0,6076,6076,6076,6076,0.3134,True,True,0,0.000000,True,0,0.000000,True,0,0.000000
LH_832,832,0.51209,data/raw/CAMELS_SIMBA_1000U/LH_832_hlist_0.51209.list,True,0,7771,7771,7771,7771,0.3134,True,True,0,0.000000,True,0,0.000000,True,0,0.000000
LH_832,832,0.75065,data/raw/CAMELS_SIMBA_1000U/LH_832_hlist_0.75065.list,True,0,7199,7199,7199,7199,0.3134,True,True,0,0.000000,True,0,0.000000,True,0,0.000000
LH_832,832,1.00000,data/raw/CAMELS_SIMBA_1000U/LH_832_hlist_1.00000.list,True,0,7092,7092,7092,7092,0.3134,True,True,0,0.000000,True,0,0.000000,True,0,0.000000
LH_833,833,0.20000,data/raw/CAMELS_SIMBA_1000U/LH_833_hlist_0.20000.list,True,0,4836,4836,4836,4836,0.3542,True,True,0,0.000000,True,0,0.000000,True,0,0.000000
LH_833,833,0.25000,data/raw/CAMELS_SIMBA_1000U/LH_833_hlist_0.25000.list,True,0,6328,6328,6328,6328,0.3542,True,True,0,0.000000,True,0,0.000000,True,0,0.000000
LH_833,833,0.51209,data/raw/CAMELS_SIMBA_1000U/LH_833_hlist_0.51209.list,True,0,8100,8100,8100,8100,0.3542,True,True,0,0.000000,True,0,0.000000,True,0,0.000000
LH_833,833,0.75065,data/raw/CAMELS_SIMBA_1000U/LH_833_hlist_0.75065.list,True,0,7309,7309,7309,7309,0.3542,True,True,0,0.000000,True,0,0.000000,True,0,0.000000
LH_833,833,1.00000,data/raw/CAMELS_SIMBA_1000U/LH_833_hlist_1.00000.list,True,0,7169,7169,7169,7169,0.3542,True,True,0,0.000000,True,0,0.000000,True,0,0.000000
LH_834,834,0.20000,data/raw/CAMELS_SIMBA_1000U/LH_834_hlist_0.20000.list,True,0,1270,1270,1270,1270,0.1638,True,True,0,0.000000,False,230,0.153333,False,730,0.365000
LH_834,834,0.25000,data/raw/CAMELS_SIMBA_1000U/LH_834_hlist_0.25000.list,True,0,2459,2459,2459,2459,0.1638,True,True,0,0.000000,True,0,0.000000,True,0,0.000000
LH_834,834,0.51209,data/raw/CAMELS_SIMBA_1000U/LH_834_hlist_0.51209.list,True,0,5614,5614,5614,5614,0.1638,True,True,0,0.000000,True,0,0.000000,True,0,0.000000
LH_834,834,0.75065,data/raw/CAMELS_SIMBA_1000U/LH_834_hlist_0.75065.list,True,0,5900,5900,5900,5900,0.1638,True,True,0,0.000000,True,0,0.000000,True,0,0.000000
LH_834,834,1.00000,data/raw/CAMELS_SIMBA_1000U/LH_834_hlist_1.00000.list,True,0,6432,6432,6432,6432,0.1638,True,True,0,0.000000,True,0,0.000000,True,0,0.000000
LH_835,835,0.20000,data/raw/CAMELS_SIMBA_1000U/LH_835_hlist_0.20000.list,True,0,4226,4226,4226,4226,0.1814,True,True,0,0.000000,True,0,0.000000,True,0,0.000000
LH_835,835,0.25000,data/raw/CAMELS_SIMBA_1000U/LH_835_hlist_0.25000.list,True,0,5437,5437,5437,5437,0.1814,True,True,0,0.000000,True,0,0.000000,True,0,0.000000
LH_835,835,0.51209,data/raw/CAMELS_SIMBA_1000U/LH_835_hlist_0.51209.list,True,0,6022,6022,6022,6022,0.1814,True,True,0,0.000000,True,0,0.000000,True,0,0.000000
LH_835,835,0.75065,data/raw/CAMELS_SIMBA_1000U/LH_835_hlist_0.75065.list,True,0,5776,5776,5776,5776,0.1814,True,True,0,0.000000,True,0,0.000000,True,0,0.000000
LH_835,835,1.00000,data/raw/CAMELS_SIMBA_1000U/LH_835_hlist_1.00000.list,True,0,6086,6086,6086,6086,0.1814,True,True,0,0.000000,True,0,0.000000,True,0,0.000000
LH_836,836,0.20000,data/raw/CAMELS_SIMBA_1000U/LH_836_hlist_0.20000.list,True,0,6001,6001,6001,6001,0.3242,True,True,0,0.000000,True,0,0.000000,True,0,0.000000
LH_836,836,0.25000,data/raw/CAMELS_SIMBA_1000U/LH_836_hlist_0.25000.list,True,0,7235,7235,7235,7235,0.3242,True,True,0,0.000000,True,0,0.000000,True,0,0.000000
LH_836,836,0.51209,data/raw/CAMELS_SIMBA_1000U/LH_836_hlist_0.51209.list,True,0,7374,7374,7374,7374,0.3242,True,True,0,0.000000,True,0,0.000000,True,0,0.000000
LH_836,836,0.75065,data/raw/CAMELS_SIMBA_1000U/LH_836_hlist_0.75065.list,True,0,6510,6510,6510,6510,0.3242,True,True,0,0.000000,True,0,0.000000,True,0,0.000000
LH_836,836,1.00000,data/raw/CAMELS_SIMBA_1000U/LH_836_hlist_1.00000.list,True,0,6479,6479,6479,6479,0.3242,True,True,0,0.000000,True,0,0.000000,True,0,0.000000
LH_837,837,0.20000,data/raw/CAMELS_SIMBA_1000U/LH_837_hlist_0.20000.list,True,0,5003,5003,5003,5003,0.4542,True,True,0,0.000000,True,0,0.000000,True,0,0.000000
LH_837,837,0.25000,data/raw/CAMELS_SIMBA_1000U/LH_837_hlist_0.25000.list,True,0,6655,6655,6655,6655,0.4542,True,True,0,0.000000,True,0,0.000000,True,0,0.000000
LH_837,837,0.51209,data/raw/CAMELS_SIMBA_1000U/LH_837_hlist_0.51209.list,True,0,8754,8754,8754,8754,0.4542,True,True,0,0.000000,True,0,0.000000,True,0,0.000000
LH_837,837,0.75065,data/raw/CAMELS_SIMBA_1000U/LH_837_hlist_0.75065.list,True,0,8006,8006,8006,8006,0.4542,True,True,0,0.000000,True,0,0.000000,True,0,0.000000
LH_837,837,1.00000,data/raw/CAMELS_SIMBA_1000U/LH_837_hlist_1.00000.list,True,0,7680,7680,7680,7680,0.4542,True,True,0,0.000000,True,0,0.000000,True,0,0.000000
LH_838,838,0.20000,data/raw/CAMELS_SIMBA_1000U/LH_838_hlist_0.20000.list,True,0,7189,7189,7189,7189,0.4586,True,True,0,0.000000,True,0,0.000000,True,0,0.000000
LH_838,838,0.25000,data/raw/CAMELS_SIMBA_1000U/LH_838_hlist_0.25000.list,True,0,8029,8029,8029,8029,0.4586,True,True,0,0.000000,True,0,0.000000,True,0,0.000000
LH_838,838,0.51209,data/raw/CAMELS_SIMBA_1000U/LH_838_hlist_0.51209.list,True,0,7648,7648,7648,7648,0.4586,True,True,0,0.000000,True,0,0.000000,True,0,0.000000
LH_838,838,0.75065,data/raw/CAMELS_SIMBA_1000U/LH_838_hlist_0.75065.list,True,0,6574,6574,6574,6574,0.4586,True,True,0,0.000000,True,0,0.000000,True,0,0.000000
LH_838,838,1.00000,data/raw/CAMELS_SIMBA_1000U/LH_838_hlist_1.00000.list,True,0,6204,6204,6204,6204,0.4586,True,True,0,0.000000,True,0,0.000000,True,0,0.000000
LH_839,839,0.20000,data/raw/CAMELS_SIMBA_1000U/LH_839_hlist_0.20000.list,True,0,3425,3425,3425,3425,0.1606,True,True,0,0.000000,True,0,0.000000,True,0,0.000000
LH_839,839,0.25000,data/raw/CAMELS_SIMBA_1000U/LH_839_hlist_0.25000.list,True,0,4776,4776,4776,4776,0.1606,True,True,0,0.000000,True,0,0.000000,True,0,0.000000
LH_839,839,0.51209,data/raw/CAMELS_SIMBA_1000U/LH_839_hlist_0.51209.list,True,0,5897,5897,5897,5897,0.1606,True,True,0,0.000000,True,0,0.000000,True,0,0.000000
LH_839,839,0.75065,data/raw/CAMELS_SIMBA_1000U/LH_839_hlist_0.75065.list,True,0,5810,5810,5810,5810,0.1606,True,True,0,0.000000,True,0,0.000000,True,0,0.000000
LH_839,839,1.00000,data/raw/CAMELS_SIMBA_1000U/LH_839_hlist_1.00000.list,True,0,6064,6064,6064,6064,0.1606,True,True,0,0.000000,True,0,0.000000,True,0,0.000000
LH_840,840,0.20000,data/raw/CAMELS_SIMBA_1000U/LH_840_hlist_0.20000.list,True,0,1732,1732,1732,1732,0.2394,True,True,0,0.000000,True,0,0.000000,False,268,0.134000
LH_840,840,0.25000,data/raw/CAMELS_SIMBA_1000U/LH_840_hlist_0.25000.list,True,0,3065,3065,3065,3065,0.2394,True,True,0,0.000000,True,0,0.000000,True,0,0.000000
LH_840,840,0.51209,data/raw/CAMELS_SIMBA_1000U/LH_840_hlist_0.51209.list,True,0,6606,6606,6606,6606,0.2394,True,True,0,0.000000,True,0,0.000000,True,0,0.000000
LH_840,840,0.75065,data/raw/CAMELS_SIMBA_1000U/LH_840_hlist_0.75065.list,True,0,6717,6717,6717,6717,0.2394,True,True,0,0.000000,True,0,0.000000,True,0,0.000000
LH_840,840,1.00000,data/raw/CAMELS_SIMBA_1000U/LH_840_hlist_1.00000.list,True,0,7132,7132,7132,7132,0.2394,True,True,0,0.000000,True,0,0.000000,True,0,0.000000
LH_841,841,0.20000,data/raw/CAMELS_SIMBA_1000U/LH_841_hlist_0.20000.list,True,0,4290,4290,4290,4290,0.2542,True,True,0,0.000000,True,0,0.000000,True,0,0.000000
LH_841,841,0.25000,data/raw/CAMELS_SIMBA_1000U/LH_841_hlist_0.25000.list,True,0,5669,5669,5669,5669,0.2542,True,True,0,0.000000,True,0,0.000000,True,0,0.000000
LH_841,841,0.51209,data/raw/CAMELS_SIMBA_1000U/LH_841_hlist_0.51209.list,True,0,6716,6716,6716,6716,0.2542,True,True,0,0.000000,True,0,0.000000,True,0,0.000000
LH_841,841,0.75065,data/raw/CAMELS_SIMBA_1000U/LH_841_hlist_0.75065.list,True,0,6245,6245,6245,6245,0.2542,True,True,0,0.000000,True,0,0.000000,True,0,0.000000
LH_841,841,1.00000,data/raw/CAMELS_SIMBA_1000U/LH_841_hlist_1.00000.list,True,0,6440,6440,6440,6440,0.2542,True,True,0,0.000000,True,0,0.000000,True,0,0.000000
LH_842,842,0.20000,data/raw/CAMELS_SIMBA_1000U/LH_842_hlist_0.20000.list,True,0,5381,5381,5381,5381,0.4874,True,True,0,0.000000,True,0,0.000000,True,0,0.000000
LH_842,842,0.25000,data/raw/CAMELS_SIMBA_1000U/LH_842_hlist_0.25000.list,True,0,6956,6956,6956,6956,0.4874,True,True,0,0.000000,True,0,0.000000,True,0,0.000000
LH_842,842,0.51209,data/raw/CAMELS_SIMBA_1000U/LH_842_hlist_0.51209.list,True,0,8835,8835,8835,8835,0.4874,True,True,0,0.000000,True,0,0.000000,True,0,0.000000
LH_842,842,0.75065,data/raw/CAMELS_SIMBA_1000U/LH_842_hlist_0.75065.list,True,0,7924,7924,7924,7924,0.4874,True,True,0,0.000000,True,0,0.000000,True,0,0.000000
LH_842,842,1.00000,data/raw/CAMELS_SIMBA_1000U/LH_842_hlist_1.00000.list,True,0,7340,7340,7340,7340,0.4874,True,True,0,0.000000,True,0,0.000000,True,0,0.000000
LH_843,843,0.20000,data/raw/CAMELS_SIMBA_1000U/LH_843_hlist_0.20000.list,True,0,9426,9426,9426,9426,0.485,True,True,0,0.000000,True,0,0.000000,True,0,0.000000
LH_843,843,0.25000,data/raw/CAMELS_SIMBA_1000U/LH_843_hlist_0.25000.list,True,0,9450,9450,9450,9450,0.485,True,True,0,0.000000,True,0,0.000000,True,0,0.000000
LH_843,843,0.51209,data/raw/CAMELS_SIMBA_1000U/LH_843_hlist_0.51209.list,True,0,6801,6801,6801,6801,0.485,True,True,0,0.000000,True,0,0.000000,True,0,0.000000
LH_843,843,0.75065,data/raw/CAMELS_SIMBA_1000U/LH_843_hlist_0.75065.list,True,0,5612,5612,5612,5612,0.485,True,True,0,0.000000,True,0,0.000000,True,0,0.000000
LH_843,843,1.00000,data/raw/CAMELS_SIMBA_1000U/LH_843_hlist_1.00000.list,True,0,5307,5307,5307,5307,0.485,True,True,0,0.000000,True,0,0.000000,True,0,0.000000
LH_844,844,0.20000,data/raw/CAMELS_SIMBA_1000U/LH_844_hlist_0.20000.list,True,0,4426,4426,4426,4426,0.2954,True,True,0,0.000000,True,0,0.000000,True,0,0.000000
LH_844,844,0.25000,data/raw/CAMELS_SIMBA_1000U/LH_844_hlist_0.25000.list,True,0,5891,5891,5891,5891,0.2954,True,True,0,0.000000,True,0,0.000000,True,0,0.000000
LH_844,844,0.51209,data/raw/CAMELS_SIMBA_1000U/LH_844_hlist_0.51209.list,True,0,7579,7579,7579,7579,0.2954,True,True,0,0.000000,True,0,0.000000,True,0,0.000000
LH_844,844,0.75065,data/raw/CAMELS_SIMBA_1000U/LH_844_hlist_0.75065.list,True,0,7132,7132,7132,7132,0.2954,True,True,0,0.000000,True,0,0.000000,True,0,0.000000
LH_844,844,1.00000,data/raw/CAMELS_SIMBA_1000U/LH_844_hlist_1.00000.list,True,0,7168,7168,7168,7168,0.2954,True,True,0,0.000000,True,0,0.000000,True,0,0.000000
LH_845,845,0.20000,data/raw/CAMELS_SIMBA_1000U/LH_845_hlist_0.20000.list,True,0,3208,3208,3208,3208,0.2018,True,True,0,0.000000,True,0,0.000000,True,0,0.000000
LH_845,845,0.25000,data/raw/CAMELS_SIMBA_1000U/LH_845_hlist_0.25000.list,True,0,4917,4917,4917,4917,0.2018,True,True,0,0.000000,True,0,0.000000,True,0,0.000000
LH_845,845,0.51209,data/raw/CAMELS_SIMBA_1000U/LH_845_hlist_0.51209.list,True,0,6373,6373,6373,6373,0.2018,True,True,0,0.000000,True,0,0.000000,True,0,0.000000
LH_845,845,0.75065,data/raw/CAMELS_SIMBA_1000U/LH_845_hlist_0.75065.list,True,0,6028,6028,6028,6028,0.2018,True,True,0,0.000000,True,0,0.000000,True,0,0.000000
LH_845,845,1.00000,data/raw/CAMELS_SIMBA_1000U/LH_845_hlist_1.00000.list,True,0,6334,6334,6334,6334,0.2018,True,True,0,0.000000,True,0,0.000000,True,0,0.000000
LH_846,846,0.20000,data/raw/CAMELS_SIMBA_1000U/LH_846_hlist_0.20000.list,True,0,8044,8044,8044,8044,0.4294,True,True,0,0.000000,True,0,0.000000,True,0,0.000000
LH_846,846,0.25000,data/raw/CAMELS_SIMBA_1000U/LH_846_hlist_0.25000.list,True,0,8896,8896,8896,8896,0.4294,True,True,0,0.000000,True,0,0.000000,True,0,0.000000
LH_846,846,0.51209,data/raw/CAMELS_SIMBA_1000U/LH_846_hlist_0.51209.list,True,0,7845,7845,7845,7845,0.4294,True,True,0,0.000000,True,0,0.000000,True,0,0.000000
LH_846,846,0.75065,data/raw/CAMELS_SIMBA_1000U/LH_846_hlist_0.75065.list,True,0,6377,6377,6377,6377,0.4294,True,True,0,0.000000,True,0,0.000000,True,0,0.000000
LH_846,846,1.00000,data/raw/CAMELS_SIMBA_1000U/LH_846_hlist_1.00000.list,True,0,5935,5935,5935,5935,0.4294,True,True,0,0.000000,True,0,0.000000,True,0,0.000000
LH_847,847,0.20000,data/raw/CAMELS_SIMBA_1000U/LH_847_hlist_0.20000.list,True,0,8904,8904,8904,8904,0.4846,True,True,0,0.000000,True,0,0.000000,True,0,0.000000
LH_847,847,0.25000,data/raw/CAMELS_SIMBA_1000U/LH_847_hlist_0.25000.list,True,0,9795,9795,9795,9795,0.4846,True,True,0,0.000000,True,0,0.000000,True,0,0.000000
LH_847,847,0.51209,data/raw/CAMELS_SIMBA_1000U/LH_847_hlist_0.51209.list,True,0,8342,8342,8342,8342,0.4846,True,True,0,0.000000,True,0,0.000000,True,0,0.000000
LH_847,847,0.75065,data/raw/CAMELS_SIMBA_1000U/LH_847_hlist_0.75065.list,True,0,6988,6988,6988,6988,0.4846,True,True,0,0.000000,True,0,0.000000,True,0,0.000000
LH_847,847,1.00000,data/raw/CAMELS_SIMBA_1000U/LH_847_hlist_1.00000.list,True,0,6518,6518,6518,6518,0.4846,True,True,0,0.000000,True,0,0.000000,True,0,0.000000
LH_848,848,0.20000,data/raw/CAMELS_SIMBA_1000U/LH_848_hlist_0.20000.list,True,0,4997,4997,4997,4997,0.4718,True,True,0,0.000000,True,0,0.000000,True,0,0.000000
LH_848,848,0.25000,data/raw/CAMELS_SIMBA_1000U/LH_848_hlist_0.25000.list,True,0,6705,6705,6705,6705,0.4718,True,True,0,0.000000,True,0,0.000000,True,0,0.000000
LH_848,848,0.51209,data/raw/CAMELS_SIMBA_1000U/LH_848_hlist_0.51209.list,True,0,8621,8621,8621,8621,0.4718,True,True,0,0.000000,True,0,0.000000,True,0,0.000000
LH_848,848,0.75065,data/raw/CAMELS_SIMBA_1000U/LH_848_hlist_0.75065.list,True,0,7624,7624,7624,7624,0.4718,True,True,0,0.000000,True,0,0.000000,True,0,0.000000
LH_848,848,1.00000,data/raw/CAMELS_SIMBA_1000U/LH_848_hlist_1.00000.list,True,0,7221,7221,7221,7221,0.4718,True,True,0,0.000000,True,0,0.000000,True,0,0.000000
LH_849,849,0.20000,data/raw/CAMELS_SIMBA_1000U/LH_849_hlist_0.20000.list,True,0,5509,5509,5509,5509,0.3898,True,True,0,0.000000,True,0,0.000000,True,0,0.000000
LH_849,849,0.25000,data/raw/CAMELS_SIMBA_1000U/LH_849_hlist_0.25000.list,True,0,6897,6897,6897,6897,0.3898,True,True,0,0.000000,True,0,0.000000,True,0,0.000000
LH_849,849,0.51209,data/raw/CAMELS_SIMBA_1000U/LH_849_hlist_0.51209.list,True,0,8110,8110,8110,8110,0.3898,True,True,0,0.000000,True,0,0.000000,True,0,0.000000
LH_849,849,0.75065,data/raw/CAMELS_SIMBA_1000U/LH_849_hlist_0.75065.list,True,0,7234,7234,7234,7234,0.3898,True,True,0,0.000000,True,0,0.000000,True,0,0.000000
LH_849,849,1.00000,data/raw/CAMELS_SIMBA_1000U/LH_849_hlist_1.00000.list,True,0,6946,6946,6946,6946,0.3898,True,True,0,0.000000,True,0,0.000000,True,0,0.000000
LH_850,850,0.20000,data/raw/CAMELS_SIMBA_1000U/LH_850_hlist_0.20000.list,True,0,3278,3278,3278,3278,0.1374,True,True,0,0.000000,True,0,0.000000,True,0,0.000000
LH_850,850,0.25000,data/raw/CAMELS_SIMBA_1000U/LH_850_hlist_0.25000.list,True,0,4416,4416,4416,4416,0.1374,True,True,0,0.000000,True,0,0.000000,True,0,0.000000
LH_850,850,0.51209,data/raw/CAMELS_SIMBA_1000U/LH_850_hlist_0.51209.list,True,0,5466,5466,5466,5466,0.1374,True,True,0,0.000000,True,0,0.000000,True,0,0.000000
LH_850,850,0.75065,data/raw/CAMELS_SIMBA_1000U/LH_850_hlist_0.75065.list,True,0,5410,5410,5410,5410,0.1374,True,True,0,0.000000,True,0,0.000000,True,0,0.000000
LH_850,850,1.00000,data/raw/CAMELS_SIMBA_1000U/LH_850_hlist_1.00000.list,True,0,5846,5846,5846,5846,0.1374,True,True,0,0.000000,True,0,0.000000,True,0,0.000000
LH_851,851,0.20000,data/raw/CAMELS_SIMBA_1000U/LH_851_hlist_0.20000.list,True,0,4837,4837,4837,4837,0.4482,True,True,0,0.000000,True,0,0.000000,True,0,0.000000
LH_851,851,0.25000,data/raw/CAMELS_SIMBA_1000U/LH_851_hlist_0.25000.list,True,0,6257,6257,6257,6257,0.4482,True,True,0,0.000000,True,0,0.000000,True,0,0.000000
LH_851,851,0.51209,data/raw/CAMELS_SIMBA_1000U/LH_851_hlist_0.51209.list,True,0,8832,8832,8832,8832,0.4482,True,True,0,0.000000,True,0,0.000000,True,0,0.000000
LH_851,851,0.75065,data/raw/CAMELS_SIMBA_1000U/LH_851_hlist_0.75065.list,True,0,8128,8128,8128,8128,0.4482,True,True,0,0.000000,True,0,0.000000,True,0,0.000000
LH_851,851,1.00000,data/raw/CAMELS_SIMBA_1000U/LH_851_hlist_1.00000.list,True,0,7954,7954,7954,7954,0.4482,True,True,0,0.000000,True,0,0.000000,True,0,0.000000
LH_852,852,0.20000,data/raw/CAMELS_SIMBA_1000U/LH_852_hlist_0.20000.list,True,0,5722,5722,5722,5722,0.4454,True,True,0,0.000000,True,0,0.000000,True,0,0.000000
LH_852,852,0.25000,data/raw/CAMELS_SIMBA_1000U/LH_852_hlist_0.25000.list,True,0,7216,7216,7216,7216,0.4454,True,True,0,0.000000,True,0,0.000000,True,0,0.000000
LH_852,852,0.51209,data/raw/CAMELS_SIMBA_1000U/LH_852_hlist_0.51209.list,True,0,8078,8078,8078,8078,0.4454,True,True,0,0.000000,True,0,0.000000,True,0,0.000000
LH_852,852,0.75065,data/raw/CAMELS_SIMBA_1000U/LH_852_hlist_0.75065.list,True,0,7242,7242,7242,7242,0.4454,True,True,0,0.000000,True,0,0.000000,True,0,0.000000
LH_852,852,1.00000,data/raw/CAMELS_SIMBA_1000U/LH_852_hlist_1.00000.list,True,0,7039,7039,7039,7039,0.4454,True,True,0,0.000000,True,0,0.000000,True,0,0.000000
LH_853,853,0.20000,data/raw/CAMELS_SIMBA_1000U/LH_853_hlist_0.20000.list,True,0,4513,4513,4513,4513,0.3326,True,True,0,0.000000,True,0,0.000000,True,0,0.000000
LH_853,853,0.25000,data/raw/CAMELS_SIMBA_1000U/LH_853_hlist_0.25000.list,True,0,5843,5843,5843,5843,0.3326,True,True,0,0.000000,True,0,0.000000,True,0,0.000000
LH_853,853,0.51209,data/raw/CAMELS_SIMBA_1000U/LH_853_hlist_0.51209.list,True,0,7532,7532,7532,7532,0.3326,True,True,0,0.000000,True,0,0.000000,True,0,0.000000
LH_853,853,0.75065,data/raw/CAMELS_SIMBA_1000U/LH_853_hlist_0.75065.list,True,0,6776,6776,6776,6776,0.3326,True,True,0,0.000000,True,0,0.000000,True,0,0.000000
LH_853,853,1.00000,data/raw/CAMELS_SIMBA_1000U/LH_853_hlist_1.00000.list,True,0,6877,6877,6877,6877,0.3326,True,True,0,0.000000,True,0,0.000000,True,0,0.000000
LH_854,854,0.20000,data/raw/CAMELS_SIMBA_1000U/LH_854_hlist_0.20000.list,True,0,8151,8151,8151,8151,0.4446,True,True,0,0.000000,True,0,0.000000,True,0,0.000000
LH_854,854,0.25000,data/raw/CAMELS_SIMBA_1000U/LH_854_hlist_0.25000.list,True,0,8575,8575,8575,8575,0.4446,True,True,0,0.000000,True,0,0.000000,True,0,0.000000
LH_854,854,0.51209,data/raw/CAMELS_SIMBA_1000U/LH_854_hlist_0.51209.list,True,0,7004,7004,7004,7004,0.4446,True,True,0,0.000000,True,0,0.000000,True,0,0.000000
LH_854,854,0.75065,data/raw/CAMELS_SIMBA_1000U/LH_854_hlist_0.75065.list,True,0,5902,5902,5902,5902,0.4446,True,True,0,0.000000,True,0,0.000000,True,0,0.000000
LH_854,854,1.00000,data/raw/CAMELS_SIMBA_1000U/LH_854_hlist_1.00000.list,True,0,5696,5696,5696,5696,0.4446,True,True,0,0.000000,True,0,0.000000,True,0,0.000000
LH_855,855,0.20000,data/raw/CAMELS_SIMBA_1000U/LH_855_hlist_0.20000.list,True,0,6350,6350,6350,6350,0.2974,True,True,0,0.000000,True,0,0.000000,True,0,0.000000
LH_855,855,0.25000,data/raw/CAMELS_SIMBA_1000U/LH_855_hlist_0.25000.list,True,0,7139,7139,7139,7139,0.2974,True,True,0,0.000000,True,0,0.000000,True,0,0.000000
LH_855,855,0.51209,data/raw/CAMELS_SIMBA_1000U/LH_855_hlist_0.51209.list,True,0,6999,6999,6999,6999,0.2974,True,True,0,0.000000,True,0,0.000000,True,0,0.000000
LH_855,855,0.75065,data/raw/CAMELS_SIMBA_1000U/LH_855_hlist_0.75065.list,True,0,6342,6342,6342,6342,0.2974,True,True,0,0.000000,True,0,0.000000,True,0,0.000000
LH_855,855,1.00000,data/raw/CAMELS_SIMBA_1000U/LH_855_hlist_1.00000.list,True,0,6327,6327,6327,6327,0.2974,True,True,0,0.000000,True,0,0.000000,True,0,0.000000
LH_856,856,0.20000,data/raw/CAMELS_SIMBA_1000U/LH_856_hlist_0.20000.list,True,0,2993,2993,2993,2993,0.1978,True,True,0,0.000000,True,0,0.000000,True,0,0.000000
LH_856,856,0.25000,data/raw/CAMELS_SIMBA_1000U/LH_856_hlist_0.25000.list,True,0,4322,4322,4322,4322,0.1978,True,True,0,0.000000,True,0,0.000000,True,0,0.000000
LH_856,856,0.51209,data/raw/CAMELS_SIMBA_1000U/LH_856_hlist_0.51209.list,True,0,6463,6463,6463,6463,0.1978,True,True,0,0.000000,True,0,0.000000,True,0,0.000000
LH_856,856,0.75065,data/raw/CAMELS_SIMBA_1000U/LH_856_hlist_0.75065.list,True,0,6435,6435,6435,6435,0.1978,True,True,0,0.000000,True,0,0.000000,True,0,0.000000
LH_856,856,1.00000,data/raw/CAMELS_SIMBA_1000U/LH_856_hlist_1.00000.list,True,0,6583,6583,6583,6583,0.1978,True,True,0,0.000000,True,0,0.000000,True,0,0.000000
LH_857,857,0.20000,data/raw/CAMELS_SIMBA_1000U/LH_857_hlist_0.20000.list,True,0,6242,6242,6242,6242,0.2826,True,True,0,0.000000,True,0,0.000000,True,0,0.000000
LH_857,857,0.25000,data/raw/CAMELS_SIMBA_1000U/LH_857_hlist_0.25000.list,True,0,7131,7131,7131,7131,0.2826,True,True,0,0.000000,True,0,0.000000,True,0,0.000000
LH_857,857,0.51209,data/raw/CAMELS_SIMBA_1000U/LH_857_hlist_0.51209.list,True,0,6718,6718,6718,6718,0.2826,True,True,0,0.000000,True,0,0.000000,True,0,0.000000
LH_857,857,0.75065,data/raw/CAMELS_SIMBA_1000U/LH_857_hlist_0.75065.list,True,0,5749,5749,5749,5749,0.2826,True,True,0,0.000000,True,0,0.000000,True,0,0.000000
LH_857,857,1.00000,data/raw/CAMELS_SIMBA_1000U/LH_857_hlist_1.00000.list,True,0,5797,5797,5797,5797,0.2826,True,True,0,0.000000,True,0,0.000000,True,0,0.000000
LH_858,858,0.20000,data/raw/CAMELS_SIMBA_1000U/LH_858_hlist_0.20000.list,True,0,7655,7655,7655,7655,0.4554,True,True,0,0.000000,True,0,0.000000,True,0,0.000000
LH_858,858,0.25000,data/raw/CAMELS_SIMBA_1000U/LH_858_hlist_0.25000.list,True,0,8584,8584,8584,8584,0.4554,True,True,0,0.000000,True,0,0.000000,True,0,0.000000
LH_858,858,0.51209,data/raw/CAMELS_SIMBA_1000U/LH_858_hlist_0.51209.list,True,0,8230,8230,8230,8230,0.4554,True,True,0,0.000000,True,0,0.000000,True,0,0.000000
LH_858,858,0.75065,data/raw/CAMELS_SIMBA_1000U/LH_858_hlist_0.75065.list,True,0,6978,6978,6978,6978,0.4554,True,True,0,0.000000,True,0,0.000000,True,0,0.000000
LH_858,858,1.00000,data/raw/CAMELS_SIMBA_1000U/LH_858_hlist_1.00000.list,True,0,6528,6528,6528,6528,0.4554,True,True,0,0.000000,True,0,0.000000,True,0,0.000000
LH_859,859,0.20000,data/raw/CAMELS_SIMBA_1000U/LH_859_hlist_0.20000.list,True,0,969,969,969,969,0.1282,True,False,31,0.031000,False,531,0.354000,False,1031,0.515500
LH_859,859,0.25000,data/raw/CAMELS_SIMBA_1000U/LH_859_hlist_0.25000.list,True,0,2103,2103,2103,2103,0.1282,True,True,0,0.000000,True,0,0.000000,True,0,0.000000
LH_859,859,0.51209,data/raw/CAMELS_SIMBA_1000U/LH_859_hlist_0.51209.list,True,0,4965,4965,4965,4965,0.1282,True,True,0,0.000000,True,0,0.000000,True,0,0.000000
LH_859,859,0.75065,data/raw/CAMELS_SIMBA_1000U/LH_859_hlist_0.75065.list,True,0,5300,5300,5300,5300,0.1282,True,True,0,0.000000,True,0,0.000000,True,0,0.000000
LH_859,859,1.00000,data/raw/CAMELS_SIMBA_1000U/LH_859_hlist_1.00000.list,True,0,5918,5918,5918,5918,0.1282,True,True,0,0.000000,True,0,0.000000,True,0,0.000000
LH_860,860,0.20000,data/raw/CAMELS_SIMBA_1000U/LH_860_hlist_0.20000.list,True,0,2784,2784,2784,2784,0.301,True,True,0,0.000000,True,0,0.000000,True,0,0.000000
LH_860,860,0.25000,data/raw/CAMELS_SIMBA_1000U/LH_860_hlist_0.25000.list,True,0,4606,4606,4606,4606,0.301,True,True,0,0.000000,True,0,0.000000,True,0,0.000000
LH_860,860,0.51209,data/raw/CAMELS_SIMBA_1000U/LH_860_hlist_0.51209.list,True,0,7765,7765,7765,7765,0.301,True,True,0,0.000000,True,0,0.000000,True,0,0.000000
LH_860,860,0.75065,data/raw/CAMELS_SIMBA_1000U/LH_860_hlist_0.75065.list,True,0,7631,7631,7631,7631,0.301,True,True,0,0.000000,True,0,0.000000,True,0,0.000000
LH_860,860,1.00000,data/raw/CAMELS_SIMBA_1000U/LH_860_hlist_1.00000.list,True,0,7769,7769,7769,7769,0.301,True,True,0,0.000000,True,0,0.000000,True,0,0.000000
LH_861,861,0.20000,data/raw/CAMELS_SIMBA_1000U/LH_861_hlist_0.20000.list,True,0,4528,4528,4528,4528,0.4634,True,True,0,0.000000,True,0,0.000000,True,0,0.000000
LH_861,861,0.25000,data/raw/CAMELS_SIMBA_1000U/LH_861_hlist_0.25000.list,True,0,6219,6219,6219,6219,0.4634,True,True,0,0.000000,True,0,0.000000,True,0,0.000000
LH_861,861,0.51209,data/raw/CAMELS_SIMBA_1000U/LH_861_hlist_0.51209.list,True,0,8852,8852,8852,8852,0.4634,True,True,0,0.000000,True,0,0.000000,True,0,0.000000
LH_861,861,0.75065,data/raw/CAMELS_SIMBA_1000U/LH_861_hlist_0.75065.list,True,0,8056,8056,8056,8056,0.4634,True,True,0,0.000000,True,0,0.000000,True,0,0.000000
LH_861,861,1.00000,data/raw/CAMELS_SIMBA_1000U/LH_861_hlist_1.00000.list,True,0,7738,7738,7738,7738,0.4634,True,True,0,0.000000,True,0,0.000000,True,0,0.000000
LH_862,862,0.20000,data/raw/CAMELS_SIMBA_1000U/LH_862_hlist_0.20000.list,True,0,5776,5776,5776,5776,0.4158,True,True,0,0.000000,True,0,0.000000,True,0,0.000000
LH_862,862,0.25000,data/raw/CAMELS_SIMBA_1000U/LH_862_hlist_0.25000.list,True,0,7417,7417,7417,7417,0.4158,True,True,0,0.000000,True,0,0.000000,True,0,0.000000
LH_862,862,0.51209,data/raw/CAMELS_SIMBA_1000U/LH_862_hlist_0.51209.list,True,0,8291,8291,8291,8291,0.4158,True,True,0,0.000000,True,0,0.000000,True,0,0.000000
LH_862,862,0.75065,data/raw/CAMELS_SIMBA_1000U/LH_862_hlist_0.75065.list,True,0,7276,7276,7276,7276,0.4158,True,True,0,0.000000,True,0,0.000000,True,0,0.000000
LH_862,862,1.00000,data/raw/CAMELS_SIMBA_1000U/LH_862_hlist_1.00000.list,True,0,6983,6983,6983,6983,0.4158,True,True,0,0.000000,True,0,0.000000,True,0,0.000000
LH_863,863,0.20000,data/raw/CAMELS_SIMBA_1000U/LH_863_hlist_0.20000.list,True,0,8908,8908,8908,8908,0.4894,True,True,0,0.000000,True,0,0.000000,True,0,0.000000
LH_863,863,0.25000,data/raw/CAMELS_SIMBA_1000U/LH_863_hlist_0.25000.list,True,0,9488,9488,9488,9488,0.4894,True,True,0,0.000000,True,0,0.000000,True,0,0.000000
LH_863,863,0.51209,data/raw/CAMELS_SIMBA_1000U/LH_863_hlist_0.51209.list,True,0,7759,7759,7759,7759,0.4894,True,True,0,0.000000,True,0,0.000000,True,0,0.000000
LH_863,863,0.75065,data/raw/CAMELS_SIMBA_1000U/LH_863_hlist_0.75065.list,True,0,6236,6236,6236,6236,0.4894,True,True,0,0.000000,True,0,0.000000,True,0,0.000000
LH_863,863,1.00000,data/raw/CAMELS_SIMBA_1000U/LH_863_hlist_1.00000.list,True,0,5871,5871,5871,5871,0.4894,True,True,0,0.000000,True,0,0.000000,True,0,0.000000
LH_864,864,0.20000,data/raw/CAMELS_SIMBA_1000U/LH_864_hlist_0.20000.list,True,0,1746,1746,1746,1746,0.1642,True,True,0,0.000000,True,0,0.000000,False,254,0.127000
LH_864,864,0.25000,data/raw/CAMELS_SIMBA_1000U/LH_864_hlist_0.25000.list,True,0,3260,3260,3260,3260,0.1642,True,True,0,0.000000,True,0,0.000000,True,0,0.000000
LH_864,864,0.51209,data/raw/CAMELS_SIMBA_1000U/LH_864_hlist_0.51209.list,True,0,5911,5911,5911,5911,0.1642,True,True,0,0.000000,True,0,0.000000,True,0,0.000000
LH_864,864,0.75065,data/raw/CAMELS_SIMBA_1000U/LH_864_hlist_0.75065.list,True,0,6197,6197,6197,6197,0.1642,True,True,0,0.000000,True,0,0.000000,True,0,0.000000
LH_864,864,1.00000,data/raw/CAMELS_SIMBA_1000U/LH_864_hlist_1.00000.list,True,0,6812,6812,6812,6812,0.1642,True,True,0,0.000000,True,0,0.000000,True,0,0.000000
LH_865,865,0.20000,data/raw/CAMELS_SIMBA_1000U/LH_865_hlist_0.20000.list,True,0,5482,5482,5482,5482,0.3562,True,True,0,0.000000,True,0,0.000000,True,0,0.000000
LH_865,865,0.25000,data/raw/CAMELS_SIMBA_1000U/LH_865_hlist_0.25000.list,True,0,6959,6959,6959,6959,0.3562,True,True,0,0.000000,True,0,0.000000,True,0,0.000000
LH_865,865,0.51209,data/raw/CAMELS_SIMBA_1000U/LH_865_hlist_0.51209.list,True,0,7630,7630,7630,7630,0.3562,True,True,0,0.000000,True,0,0.000000,True,0,0.000000
LH_865,865,0.75065,data/raw/CAMELS_SIMBA_1000U/LH_865_hlist_0.75065.list,True,0,6694,6694,6694,6694,0.3562,True,True,0,0.000000,True,0,0.000000,True,0,0.000000
LH_865,865,1.00000,data/raw/CAMELS_SIMBA_1000U/LH_865_hlist_1.00000.list,True,0,6604,6604,6604,6604,0.3562,True,True,0,0.000000,True,0,0.000000,True,0,0.000000
LH_866,866,0.20000,data/raw/CAMELS_SIMBA_1000U/LH_866_hlist_0.20000.list,True,0,6475,6475,6475,6475,0.3174,True,True,0,0.000000,True,0,0.000000,True,0,0.000000
LH_866,866,0.25000,data/raw/CAMELS_SIMBA_1000U/LH_866_hlist_0.25000.list,True,0,7573,7573,7573,7573,0.3174,True,True,0,0.000000,True,0,0.000000,True,0,0.000000
LH_866,866,0.51209,data/raw/CAMELS_SIMBA_1000U/LH_866_hlist_0.51209.list,True,0,7139,7139,7139,7139,0.3174,True,True,0,0.000000,True,0,0.000000,True,0,0.000000
LH_866,866,0.75065,data/raw/CAMELS_SIMBA_1000U/LH_866_hlist_0.75065.list,True,0,6250,6250,6250,6250,0.3174,True,True,0,0.000000,True,0,0.000000,True,0,0.000000
LH_866,866,1.00000,data/raw/CAMELS_SIMBA_1000U/LH_866_hlist_1.00000.list,True,0,6107,6107,6107,6107,0.3174,True,True,0,0.000000,True,0,0.000000,True,0,0.000000
LH_867,867,0.20000,data/raw/CAMELS_SIMBA_1000U/LH_867_hlist_0.20000.list,True,0,3808,3808,3808,3808,0.1994,True,True,0,0.000000,True,0,0.000000,True,0,0.000000
LH_867,867,0.25000,data/raw/CAMELS_SIMBA_1000U/LH_867_hlist_0.25000.list,True,0,5347,5347,5347,5347,0.1994,True,True,0,0.000000,True,0,0.000000,True,0,0.000000
LH_867,867,0.51209,data/raw/CAMELS_SIMBA_1000U/LH_867_hlist_0.51209.list,True,0,6207,6207,6207,6207,0.1994,True,True,0,0.000000,True,0,0.000000,True,0,0.000000
LH_867,867,0.75065,data/raw/CAMELS_SIMBA_1000U/LH_867_hlist_0.75065.list,True,0,5973,5973,5973,5973,0.1994,True,True,0,0.000000,True,0,0.000000,True,0,0.000000
LH_867,867,1.00000,data/raw/CAMELS_SIMBA_1000U/LH_867_hlist_1.00000.list,True,0,6281,6281,6281,6281,0.1994,True,True,0,0.000000,True,0,0.000000,True,0,0.000000
LH_868,868,0.20000,data/raw/CAMELS_SIMBA_1000U/LH_868_hlist_0.20000.list,True,0,3683,3683,3683,3683,0.1654,True,True,0,0.000000,True,0,0.000000,True,0,0.000000
LH_868,868,0.25000,data/raw/CAMELS_SIMBA_1000U/LH_868_hlist_0.25000.list,True,0,5092,5092,5092,5092,0.1654,True,True,0,0.000000,True,0,0.000000,True,0,0.000000
LH_868,868,0.51209,data/raw/CAMELS_SIMBA_1000U/LH_868_hlist_0.51209.list,True,0,5937,5937,5937,5937,0.1654,True,True,0,0.000000,True,0,0.000000,True,0,0.000000
LH_868,868,0.75065,data/raw/CAMELS_SIMBA_1000U/LH_868_hlist_0.75065.list,True,0,5857,5857,5857,5857,0.1654,True,True,0,0.000000,True,0,0.000000,True,0,0.000000
LH_868,868,1.00000,data/raw/CAMELS_SIMBA_1000U/LH_868_hlist_1.00000.list,True,0,6227,6227,6227,6227,0.1654,True,True,0,0.000000,True,0,0.000000,True,0,0.000000
LH_869,869,0.20000,data/raw/CAMELS_SIMBA_1000U/LH_869_hlist_0.20000.list,True,0,6942,6942,6942,6942,0.3278,True,True,0,0.000000,True,0,0.000000,True,0,0.000000
LH_869,869,0.25000,data/raw/CAMELS_SIMBA_1000U/LH_869_hlist_0.25000.list,True,0,7864,7864,7864,7864,0.3278,True,True,0,0.000000,True,0,0.000000,True,0,0.000000
LH_869,869,0.51209,data/raw/CAMELS_SIMBA_1000U/LH_869_hlist_0.51209.list,True,0,7127,7127,7127,7127,0.3278,True,True,0,0.000000,True,0,0.000000,True,0,0.000000
LH_869,869,0.75065,data/raw/CAMELS_SIMBA_1000U/LH_869_hlist_0.75065.list,True,0,5946,5946,5946,5946,0.3278,True,True,0,0.000000,True,0,0.000000,True,0,0.000000
LH_869,869,1.00000,data/raw/CAMELS_SIMBA_1000U/LH_869_hlist_1.00000.list,True,0,5894,5894,5894,5894,0.3278,True,True,0,0.000000,True,0,0.000000,True,0,0.000000
LH_870,870,0.20000,data/raw/CAMELS_SIMBA_1000U/LH_870_hlist_0.20000.list,True,0,3157,3157,3157,3157,0.2298,True,True,0,0.000000,True,0,0.000000,True,0,0.000000
LH_870,870,0.25000,data/raw/CAMELS_SIMBA_1000U/LH_870_hlist_0.25000.list,True,0,4682,4682,4682,4682,0.2298,True,True,0,0.000000,True,0,0.000000,True,0,0.000000
LH_870,870,0.51209,data/raw/CAMELS_SIMBA_1000U/LH_870_hlist_0.51209.list,True,0,7037,7037,7037,7037,0.2298,True,True,0,0.000000,True,0,0.000000,True,0,0.000000
LH_870,870,0.75065,data/raw/CAMELS_SIMBA_1000U/LH_870_hlist_0.75065.list,True,0,6695,6695,6695,6695,0.2298,True,True,0,0.000000,True,0,0.000000,True,0,0.000000
LH_870,870,1.00000,data/raw/CAMELS_SIMBA_1000U/LH_870_hlist_1.00000.list,True,0,6694,6694,6694,6694,0.2298,True,True,0,0.000000,True,0,0.000000,True,0,0.000000
LH_871,871,0.20000,data/raw/CAMELS_SIMBA_1000U/LH_871_hlist_0.20000.list,True,0,4272,4272,4272,4272,0.2482,True,True,0,0.000000,True,0,0.000000,True,0,0.000000
LH_871,871,0.25000,data/raw/CAMELS_SIMBA_1000U/LH_871_hlist_0.25000.list,True,0,5728,5728,5728,5728,0.2482,True,True,0,0.000000,True,0,0.000000,True,0,0.000000
LH_871,871,0.51209,data/raw/CAMELS_SIMBA_1000U/LH_871_hlist_0.51209.list,True,0,7118,7118,7118,7118,0.2482,True,True,0,0.000000,True,0,0.000000,True,0,0.000000
LH_871,871,0.75065,data/raw/CAMELS_SIMBA_1000U/LH_871_hlist_0.75065.list,True,0,6516,6516,6516,6516,0.2482,True,True,0,0.000000,True,0,0.000000,True,0,0.000000
LH_871,871,1.00000,data/raw/CAMELS_SIMBA_1000U/LH_871_hlist_1.00000.list,True,0,6697,6697,6697,6697,0.2482,True,True,0,0.000000,True,0,0.000000,True,0,0.000000
LH_872,872,0.20000,data/raw/CAMELS_SIMBA_1000U/LH_872_hlist_0.20000.list,True,0,7609,7609,7609,7609,0.4798,True,True,0,0.000000,True,0,0.000000,True,0,0.000000
LH_872,872,0.25000,data/raw/CAMELS_SIMBA_1000U/LH_872_hlist_0.25000.list,True,0,8732,8732,8732,8732,0.4798,True,True,0,0.000000,True,0,0.000000,True,0,0.000000
LH_872,872,0.51209,data/raw/CAMELS_SIMBA_1000U/LH_872_hlist_0.51209.list,True,0,8129,8129,8129,8129,0.4798,True,True,0,0.000000,True,0,0.000000,True,0,0.000000
LH_872,872,0.75065,data/raw/CAMELS_SIMBA_1000U/LH_872_hlist_0.75065.list,True,0,6924,6924,6924,6924,0.4798,True,True,0,0.000000,True,0,0.000000,True,0,0.000000
LH_872,872,1.00000,data/raw/CAMELS_SIMBA_1000U/LH_872_hlist_1.00000.list,True,0,6366,6366,6366,6366,0.4798,True,True,0,0.000000,True,0,0.000000,True,0,0.000000
LH_873,873,0.20000,data/raw/CAMELS_SIMBA_1000U/LH_873_hlist_0.20000.list,True,0,2880,2880,2880,2880,0.2386,True,True,0,0.000000,True,0,0.000000,True,0,0.000000
LH_873,873,0.25000,data/raw/CAMELS_SIMBA_1000U/LH_873_hlist_0.25000.list,True,0,4341,4341,4341,4341,0.2386,True,True,0,0.000000,True,0,0.000000,True,0,0.000000
LH_873,873,0.51209,data/raw/CAMELS_SIMBA_1000U/LH_873_hlist_0.51209.list,True,0,6923,6923,6923,6923,0.2386,True,True,0,0.000000,True,0,0.000000,True,0,0.000000
LH_873,873,0.75065,data/raw/CAMELS_SIMBA_1000U/LH_873_hlist_0.75065.list,True,0,6807,6807,6807,6807,0.2386,True,True,0,0.000000,True,0,0.000000,True,0,0.000000
LH_873,873,1.00000,data/raw/CAMELS_SIMBA_1000U/LH_873_hlist_1.00000.list,True,0,7069,7069,7069,7069,0.2386,True,True,0,0.000000,True,0,0.000000,True,0,0.000000
LH_874,874,0.20000,data/raw/CAMELS_SIMBA_1000U/LH_874_hlist_0.20000.list,True,0,7237,7237,7237,7237,0.4962,True,True,0,0.000000,True,0,0.000000,True,0,0.000000
LH_874,874,0.25000,data/raw/CAMELS_SIMBA_1000U/LH_874_hlist_0.25000.list,True,0,8469,8469,8469,8469,0.4962,True,True,0,0.000000,True,0,0.000000,True,0,0.000000
LH_874,874,0.51209,data/raw/CAMELS_SIMBA_1000U/LH_874_hlist_0.51209.list,True,0,8432,8432,8432,8432,0.4962,True,True,0,0.000000,True,0,0.000000,True,0,0.000000
LH_874,874,0.75065,data/raw/CAMELS_SIMBA_1000U/LH_874_hlist_0.75065.list,True,0,7052,7052,7052,7052,0.4962,True,True,0,0.000000,True,0,0.000000,True,0,0.000000
LH_874,874,1.00000,data/raw/CAMELS_SIMBA_1000U/LH_874_hlist_1.00000.list,True,0,6553,6553,6553,6553,0.4962,True,True,0,0.000000,True,0,0.000000,True,0,0.000000
LH_875,875,0.20000,data/raw/CAMELS_SIMBA_1000U/LH_875_hlist_0.20000.list,True,0,7587,7587,7587,7587,0.3546,True,True,0,0.000000,True,0,0.000000,True,0,0.000000
LH_875,875,0.25000,data/raw/CAMELS_SIMBA_1000U/LH_875_hlist_0.25000.list,True,0,8261,8261,8261,8261,0.3546,True,True,0,0.000000,True,0,0.000000,True,0,0.000000
LH_875,875,0.51209,data/raw/CAMELS_SIMBA_1000U/LH_875_hlist_0.51209.list,True,0,7354,7354,7354,7354,0.3546,True,True,0,0.000000,True,0,0.000000,True,0,0.000000
LH_875,875,0.75065,data/raw/CAMELS_SIMBA_1000U/LH_875_hlist_0.75065.list,True,0,6181,6181,6181,6181,0.3546,True,True,0,0.000000,True,0,0.000000,True,0,0.000000
LH_875,875,1.00000,data/raw/CAMELS_SIMBA_1000U/LH_875_hlist_1.00000.list,True,0,6047,6047,6047,6047,0.3546,True,True,0,0.000000,True,0,0.000000,True,0,0.000000
LH_876,876,0.20000,data/raw/CAMELS_SIMBA_1000U/LH_876_hlist_0.20000.list,True,0,6963,6963,6963,6963,0.4838,True,True,0,0.000000,True,0,0.000000,True,0,0.000000
LH_876,876,0.25000,data/raw/CAMELS_SIMBA_1000U/LH_876_hlist_0.25000.list,True,0,8329,8329,8329,8329,0.4838,True,True,0,0.000000,True,0,0.000000,True,0,0.000000
LH_876,876,0.51209,data/raw/CAMELS_SIMBA_1000U/LH_876_hlist_0.51209.list,True,0,8525,8525,8525,8525,0.4838,True,True,0,0.000000,True,0,0.000000,True,0,0.000000
LH_876,876,0.75065,data/raw/CAMELS_SIMBA_1000U/LH_876_hlist_0.75065.list,True,0,7230,7230,7230,7230,0.4838,True,True,0,0.000000,True,0,0.000000,True,0,0.000000
LH_876,876,1.00000,data/raw/CAMELS_SIMBA_1000U/LH_876_hlist_1.00000.list,True,0,6684,6684,6684,6684,0.4838,True,True,0,0.000000,True,0,0.000000,True,0,0.000000
LH_877,877,0.20000,data/raw/CAMELS_SIMBA_1000U/LH_877_hlist_0.20000.list,True,0,5598,5598,5598,5598,0.2138,True,True,0,0.000000,True,0,0.000000,True,0,0.000000
LH_877,877,0.25000,data/raw/CAMELS_SIMBA_1000U/LH_877_hlist_0.25000.list,True,0,6666,6666,6666,6666,0.2138,True,True,0,0.000000,True,0,0.000000,True,0,0.000000
LH_877,877,0.51209,data/raw/CAMELS_SIMBA_1000U/LH_877_hlist_0.51209.list,True,0,6266,6266,6266,6266,0.2138,True,True,0,0.000000,True,0,0.000000,True,0,0.000000
LH_877,877,0.75065,data/raw/CAMELS_SIMBA_1000U/LH_877_hlist_0.75065.list,True,0,5721,5721,5721,5721,0.2138,True,True,0,0.000000,True,0,0.000000,True,0,0.000000
LH_877,877,1.00000,data/raw/CAMELS_SIMBA_1000U/LH_877_hlist_1.00000.list,True,0,5809,5809,5809,5809,0.2138,True,True,0,0.000000,True,0,0.000000,True,0,0.000000
LH_878,878,0.20000,data/raw/CAMELS_SIMBA_1000U/LH_878_hlist_0.20000.list,True,0,6680,6680,6680,6680,0.3494,True,True,0,0.000000,True,0,0.000000,True,0,0.000000
LH_878,878,0.25000,data/raw/CAMELS_SIMBA_1000U/LH_878_hlist_0.25000.list,True,0,7684,7684,7684,7684,0.3494,True,True,0,0.000000,True,0,0.000000,True,0,0.000000
LH_878,878,0.51209,data/raw/CAMELS_SIMBA_1000U/LH_878_hlist_0.51209.list,True,0,7053,7053,7053,7053,0.3494,True,True,0,0.000000,True,0,0.000000,True,0,0.000000
LH_878,878,0.75065,data/raw/CAMELS_SIMBA_1000U/LH_878_hlist_0.75065.list,True,0,6055,6055,6055,6055,0.3494,True,True,0,0.000000,True,0,0.000000,True,0,0.000000
LH_878,878,1.00000,data/raw/CAMELS_SIMBA_1000U/LH_878_hlist_1.00000.list,True,0,5887,5887,5887,5887,0.3494,True,True,0,0.000000,True,0,0.000000,True,0,0.000000
LH_879,879,0.20000,data/raw/CAMELS_SIMBA_1000U/LH_879_hlist_0.20000.list,True,0,4072,4072,4072,4072,0.1782,True,True,0,0.000000,True,0,0.000000,True,0,0.000000
LH_879,879,0.25000,data/raw/CAMELS_SIMBA_1000U/LH_879_hlist_0.25000.list,True,0,5158,5158,5158,5158,0.1782,True,True,0,0.000000,True,0,0.000000,True,0,0.000000
LH_879,879,0.51209,data/raw/CAMELS_SIMBA_1000U/LH_879_hlist_0.51209.list,True,0,5833,5833,5833,5833,0.1782,True,True,0,0.000000,True,0,0.000000,True,0,0.000000
LH_879,879,0.75065,data/raw/CAMELS_SIMBA_1000U/LH_879_hlist_0.75065.list,True,0,5822,5822,5822,5822,0.1782,True,True,0,0.000000,True,0,0.000000,True,0,0.000000
LH_879,879,1.00000,data/raw/CAMELS_SIMBA_1000U/LH_879_hlist_1.00000.list,True,0,6066,6066,6066,6066,0.1782,True,True,0,0.000000,True,0,0.000000,True,0,0.000000
LH_880,880,0.20000,data/raw/CAMELS_SIMBA_1000U/LH_880_hlist_0.20000.list,True,0,1097,1097,1097,1097,0.1034,True,True,0,0.000000,False,403,0.268667,False,903,0.451500
LH_880,880,0.25000,data/raw/CAMELS_SIMBA_1000U/LH_880_hlist_0.25000.list,True,0,2291,2291,2291,2291,0.1034,True,True,0,0.000000,True,0,0.000000,True,0,0.000000
LH_880,880,0.51209,data/raw/CAMELS_SIMBA_1000U/LH_880_hlist_0.51209.list,True,0,4344,4344,4344,4344,0.1034,True,True,0,0.000000,True,0,0.000000,True,0,0.000000
LH_880,880,0.75065,data/raw/CAMELS_SIMBA_1000U/LH_880_hlist_0.75065.list,True,0,4817,4817,4817,4817,0.1034,True,True,0,0.000000,True,0,0.000000,True,0,0.000000
LH_880,880,1.00000,data/raw/CAMELS_SIMBA_1000U/LH_880_hlist_1.00000.list,True,0,5451,5451,5451,5451,0.1034,True,True,0,0.000000,True,0,0.000000,True,0,0.000000
LH_881,881,0.20000,data/raw/CAMELS_SIMBA_1000U/LH_881_hlist_0.20000.list,True,0,5572,5572,5572,5572,0.373,True,True,0,0.000000,True,0,0.000000,True,0,0.000000
LH_881,881,0.25000,data/raw/CAMELS_SIMBA_1000U/LH_881_hlist_0.25000.list,True,0,6887,6887,6887,6887,0.373,True,True,0,0.000000,True,0,0.000000,True,0,0.000000
LH_881,881,0.51209,data/raw/CAMELS_SIMBA_1000U/LH_881_hlist_0.51209.list,True,0,7691,7691,7691,7691,0.373,True,True,0,0.000000,True,0,0.000000,True,0,0.000000
LH_881,881,0.75065,data/raw/CAMELS_SIMBA_1000U/LH_881_hlist_0.75065.list,True,0,6880,6880,6880,6880,0.373,True,True,0,0.000000,True,0,0.000000,True,0,0.000000
LH_881,881,1.00000,data/raw/CAMELS_SIMBA_1000U/LH_881_hlist_1.00000.list,True,0,6779,6779,6779,6779,0.373,True,True,0,0.000000,True,0,0.000000,True,0,0.000000
LH_882,882,0.20000,data/raw/CAMELS_SIMBA_1000U/LH_882_hlist_0.20000.list,True,0,6211,6211,6211,6211,0.4982,True,True,0,0.000000,True,0,0.000000,True,0,0.000000
LH_882,882,0.25000,data/raw/CAMELS_SIMBA_1000U/LH_882_hlist_0.25000.list,True,0,7559,7559,7559,7559,0.4982,True,True,0,0.000000,True,0,0.000000,True,0,0.000000
LH_882,882,0.51209,data/raw/CAMELS_SIMBA_1000U/LH_882_hlist_0.51209.list,True,0,8523,8523,8523,8523,0.4982,True,True,0,0.000000,True,0,0.000000,True,0,0.000000
LH_882,882,0.75065,data/raw/CAMELS_SIMBA_1000U/LH_882_hlist_0.75065.list,True,0,7351,7351,7351,7351,0.4982,True,True,0,0.000000,True,0,0.000000,True,0,0.000000
LH_882,882,1.00000,data/raw/CAMELS_SIMBA_1000U/LH_882_hlist_1.00000.list,True,0,6735,6735,6735,6735,0.4982,True,True,0,0.000000,True,0,0.000000,True,0,0.000000
LH_883,883,0.20000,data/raw/CAMELS_SIMBA_1000U/LH_883_hlist_0.20000.list,True,0,7763,7763,7763,7763,0.3482,True,True,0,0.000000,True,0,0.000000,True,0,0.000000
LH_883,883,0.25000,data/raw/CAMELS_SIMBA_1000U/LH_883_hlist_0.25000.list,True,0,8251,8251,8251,8251,0.3482,True,True,0,0.000000,True,0,0.000000,True,0,0.000000
LH_883,883,0.51209,data/raw/CAMELS_SIMBA_1000U/LH_883_hlist_0.51209.list,True,0,6737,6737,6737,6737,0.3482,True,True,0,0.000000,True,0,0.000000,True,0,0.000000
LH_883,883,0.75065,data/raw/CAMELS_SIMBA_1000U/LH_883_hlist_0.75065.list,True,0,5584,5584,5584,5584,0.3482,True,True,0,0.000000,True,0,0.000000,True,0,0.000000
LH_883,883,1.00000,data/raw/CAMELS_SIMBA_1000U/LH_883_hlist_1.00000.list,True,0,5547,5547,5547,5547,0.3482,True,True,0,0.000000,True,0,0.000000,True,0,0.000000
LH_884,884,0.20000,data/raw/CAMELS_SIMBA_1000U/LH_884_hlist_0.20000.list,True,0,4947,4947,4947,4947,0.1954,True,True,0,0.000000,True,0,0.000000,True,0,0.000000
LH_884,884,0.25000,data/raw/CAMELS_SIMBA_1000U/LH_884_hlist_0.25000.list,True,0,6048,6048,6048,6048,0.1954,True,True,0,0.000000,True,0,0.000000,True,0,0.000000
LH_884,884,0.51209,data/raw/CAMELS_SIMBA_1000U/LH_884_hlist_0.51209.list,True,0,5834,5834,5834,5834,0.1954,True,True,0,0.000000,True,0,0.000000,True,0,0.000000
LH_884,884,0.75065,data/raw/CAMELS_SIMBA_1000U/LH_884_hlist_0.75065.list,True,0,5638,5638,5638,5638,0.1954,True,True,0,0.000000,True,0,0.000000,True,0,0.000000
LH_884,884,1.00000,data/raw/CAMELS_SIMBA_1000U/LH_884_hlist_1.00000.list,True,0,5807,5807,5807,5807,0.1954,True,True,0,0.000000,True,0,0.000000,True,0,0.000000
LH_885,885,0.20000,data/raw/CAMELS_SIMBA_1000U/LH_885_hlist_0.20000.list,True,0,7717,7717,7717,7717,0.3722,True,True,0,0.000000,True,0,0.000000,True,0,0.000000
LH_885,885,0.25000,data/raw/CAMELS_SIMBA_1000U/LH_885_hlist_0.25000.list,True,0,8415,8415,8415,8415,0.3722,True,True,0,0.000000,True,0,0.000000,True,0,0.000000
LH_885,885,0.51209,data/raw/CAMELS_SIMBA_1000U/LH_885_hlist_0.51209.list,True,0,7131,7131,7131,7131,0.3722,True,True,0,0.000000,True,0,0.000000,True,0,0.000000
LH_885,885,0.75065,data/raw/CAMELS_SIMBA_1000U/LH_885_hlist_0.75065.list,True,0,5906,5906,5906,5906,0.3722,True,True,0,0.000000,True,0,0.000000,True,0,0.000000
LH_885,885,1.00000,data/raw/CAMELS_SIMBA_1000U/LH_885_hlist_1.00000.list,True,0,5796,5796,5796,5796,0.3722,True,True,0,0.000000,True,0,0.000000,True,0,0.000000
LH_886,886,0.20000,data/raw/CAMELS_SIMBA_1000U/LH_886_hlist_0.20000.list,True,0,6505,6505,6505,6505,0.4058,True,True,0,0.000000,True,0,0.000000,True,0,0.000000
LH_886,886,0.25000,data/raw/CAMELS_SIMBA_1000U/LH_886_hlist_0.25000.list,True,0,7597,7597,7597,7597,0.4058,True,True,0,0.000000,True,0,0.000000,True,0,0.000000
LH_886,886,0.51209,data/raw/CAMELS_SIMBA_1000U/LH_886_hlist_0.51209.list,True,0,7740,7740,7740,7740,0.4058,True,True,0,0.000000,True,0,0.000000,True,0,0.000000
LH_886,886,0.75065,data/raw/CAMELS_SIMBA_1000U/LH_886_hlist_0.75065.list,True,0,6835,6835,6835,6835,0.4058,True,True,0,0.000000,True,0,0.000000,True,0,0.000000
LH_886,886,1.00000,data/raw/CAMELS_SIMBA_1000U/LH_886_hlist_1.00000.list,True,0,6655,6655,6655,6655,0.4058,True,True,0,0.000000,True,0,0.000000,True,0,0.000000
LH_887,887,0.20000,data/raw/CAMELS_SIMBA_1000U/LH_887_hlist_0.20000.list,True,0,4060,4060,4060,4060,0.2186,True,True,0,0.000000,True,0,0.000000,True,0,0.000000
LH_887,887,0.25000,data/raw/CAMELS_SIMBA_1000U/LH_887_hlist_0.25000.list,True,0,5528,5528,5528,5528,0.2186,True,True,0,0.000000,True,0,0.000000,True,0,0.000000
LH_887,887,0.51209,data/raw/CAMELS_SIMBA_1000U/LH_887_hlist_0.51209.list,True,0,6583,6583,6583,6583,0.2186,True,True,0,0.000000,True,0,0.000000,True,0,0.000000
LH_887,887,0.75065,data/raw/CAMELS_SIMBA_1000U/LH_887_hlist_0.75065.list,True,0,6244,6244,6244,6244,0.2186,True,True,0,0.000000,True,0,0.000000,True,0,0.000000
LH_887,887,1.00000,data/raw/CAMELS_SIMBA_1000U/LH_887_hlist_1.00000.list,True,0,6342,6342,6342,6342,0.2186,True,True,0,0.000000,True,0,0.000000,True,0,0.000000
LH_888,888,0.20000,data/raw/CAMELS_SIMBA_1000U/LH_888_hlist_0.20000.list,True,0,7175,7175,7175,7175,0.3734,True,True,0,0.000000,True,0,0.000000,True,0,0.000000
LH_888,888,0.25000,data/raw/CAMELS_SIMBA_1000U/LH_888_hlist_0.25000.list,True,0,7875,7875,7875,7875,0.3734,True,True,0,0.000000,True,0,0.000000,True,0,0.000000
LH_888,888,0.51209,data/raw/CAMELS_SIMBA_1000U/LH_888_hlist_0.51209.list,True,0,7065,7065,7065,7065,0.3734,True,True,0,0.000000,True,0,0.000000,True,0,0.000000
LH_888,888,0.75065,data/raw/CAMELS_SIMBA_1000U/LH_888_hlist_0.75065.list,True,0,5865,5865,5865,5865,0.3734,True,True,0,0.000000,True,0,0.000000,True,0,0.000000
LH_888,888,1.00000,data/raw/CAMELS_SIMBA_1000U/LH_888_hlist_1.00000.list,True,0,5644,5644,5644,5644,0.3734,True,True,0,0.000000,True,0,0.000000,True,0,0.000000
LH_889,889,0.20000,data/raw/CAMELS_SIMBA_1000U/LH_889_hlist_0.20000.list,True,0,7448,7448,7448,7448,0.3786,True,True,0,0.000000,True,0,0.000000,True,0,0.000000
LH_889,889,0.25000,data/raw/CAMELS_SIMBA_1000U/LH_889_hlist_0.25000.list,True,0,8227,8227,8227,8227,0.3786,True,True,0,0.000000,True,0,0.000000,True,0,0.000000
LH_889,889,0.51209,data/raw/CAMELS_SIMBA_1000U/LH_889_hlist_0.51209.list,True,0,7612,7612,7612,7612,0.3786,True,True,0,0.000000,True,0,0.000000,True,0,0.000000
LH_889,889,0.75065,data/raw/CAMELS_SIMBA_1000U/LH_889_hlist_0.75065.list,True,0,6341,6341,6341,6341,0.3786,True,True,0,0.000000,True,0,0.000000,True,0,0.000000
LH_889,889,1.00000,data/raw/CAMELS_SIMBA_1000U/LH_889_hlist_1.00000.list,True,0,6243,6243,6243,6243,0.3786,True,True,0,0.000000,True,0,0.000000,True,0,0.000000
LH_890,890,0.20000,data/raw/CAMELS_SIMBA_1000U/LH_890_hlist_0.20000.list,True,0,1025,1025,1025,1025,0.165,True,True,0,0.000000,False,475,0.316667,False,975,0.487500
LH_890,890,0.25000,data/raw/CAMELS_SIMBA_1000U/LH_890_hlist_0.25000.list,True,0,2151,2151,2151,2151,0.165,True,True,0,0.000000,True,0,0.000000,True,0,0.000000
LH_890,890,0.51209,data/raw/CAMELS_SIMBA_1000U/LH_890_hlist_0.51209.list,True,0,5434,5434,5434,5434,0.165,True,True,0,0.000000,True,0,0.000000,True,0,0.000000
LH_890,890,0.75065,data/raw/CAMELS_SIMBA_1000U/LH_890_hlist_0.75065.list,True,0,6030,6030,6030,6030,0.165,True,True,0,0.000000,True,0,0.000000,True,0,0.000000
LH_890,890,1.00000,data/raw/CAMELS_SIMBA_1000U/LH_890_hlist_1.00000.list,True,0,6610,6610,6610,6610,0.165,True,True,0,0.000000,True,0,0.000000,True,0,0.000000
LH_891,891,0.20000,data/raw/CAMELS_SIMBA_1000U/LH_891_hlist_0.20000.list,True,0,4011,4011,4011,4011,0.3682,True,True,0,0.000000,True,0,0.000000,True,0,0.000000
LH_891,891,0.25000,data/raw/CAMELS_SIMBA_1000U/LH_891_hlist_0.25000.list,True,0,5485,5485,5485,5485,0.3682,True,True,0,0.000000,True,0,0.000000,True,0,0.000000
LH_891,891,0.51209,data/raw/CAMELS_SIMBA_1000U/LH_891_hlist_0.51209.list,True,0,8610,8610,8610,8610,0.3682,True,True,0,0.000000,True,0,0.000000,True,0,0.000000
LH_891,891,0.75065,data/raw/CAMELS_SIMBA_1000U/LH_891_hlist_0.75065.list,True,0,8210,8210,8210,8210,0.3682,True,True,0,0.000000,True,0,0.000000,True,0,0.000000
LH_891,891,1.00000,data/raw/CAMELS_SIMBA_1000U/LH_891_hlist_1.00000.list,True,0,8171,8171,8171,8171,0.3682,True,True,0,0.000000,True,0,0.000000,True,0,0.000000
LH_892,892,0.20000,data/raw/CAMELS_SIMBA_1000U/LH_892_hlist_0.20000.list,True,0,1907,1907,1907,1907,0.1538,True,True,0,0.000000,True,0,0.000000,False,93,0.046500
LH_892,892,0.25000,data/raw/CAMELS_SIMBA_1000U/LH_892_hlist_0.25000.list,True,0,3309,3309,3309,3309,0.1538,True,True,0,0.000000,True,0,0.000000,True,0,0.000000
LH_892,892,0.51209,data/raw/CAMELS_SIMBA_1000U/LH_892_hlist_0.51209.list,True,0,5437,5437,5437,5437,0.1538,True,True,0,0.000000,True,0,0.000000,True,0,0.000000
LH_892,892,0.75065,data/raw/CAMELS_SIMBA_1000U/LH_892_hlist_0.75065.list,True,0,5476,5476,5476,5476,0.1538,True,True,0,0.000000,True,0,0.000000,True,0,0.000000
LH_892,892,1.00000,data/raw/CAMELS_SIMBA_1000U/LH_892_hlist_1.00000.list,True,0,5859,5859,5859,5859,0.1538,True,True,0,0.000000,True,0,0.000000,True,0,0.000000
LH_893,893,0.20000,data/raw/CAMELS_SIMBA_1000U/LH_893_hlist_0.20000.list,True,0,2151,2151,2151,2151,0.1258,True,True,0,0.000000,True,0,0.000000,True,0,0.000000
LH_893,893,0.25000,data/raw/CAMELS_SIMBA_1000U/LH_893_hlist_0.25000.list,True,0,3528,3528,3528,3528,0.1258,True,True,0,0.000000,True,0,0.000000,True,0,0.000000
LH_893,893,0.51209,data/raw/CAMELS_SIMBA_1000U/LH_893_hlist_0.51209.list,True,0,4701,4701,4701,4701,0.1258,True,True,0,0.000000,True,0,0.000000,True,0,0.000000
LH_893,893,0.75065,data/raw/CAMELS_SIMBA_1000U/LH_893_hlist_0.75065.list,True,0,4794,4794,4794,4794,0.1258,True,True,0,0.000000,True,0,0.000000,True,0,0.000000
LH_893,893,1.00000,data/raw/CAMELS_SIMBA_1000U/LH_893_hlist_1.00000.list,True,0,5197,5197,5197,5197,0.1258,True,True,0,0.000000,True,0,0.000000,True,0,0.000000
LH_894,894,0.20000,data/raw/CAMELS_SIMBA_1000U/LH_894_hlist_0.20000.list,True,0,5877,5877,5877,5877,0.2834,True,True,0,0.000000,True,0,0.000000,True,0,0.000000
LH_894,894,0.25000,data/raw/CAMELS_SIMBA_1000U/LH_894_hlist_0.25000.list,True,0,6842,6842,6842,6842,0.2834,True,True,0,0.000000,True,0,0.000000,True,0,0.000000
LH_894,894,0.51209,data/raw/CAMELS_SIMBA_1000U/LH_894_hlist_0.51209.list,True,0,6999,6999,6999,6999,0.2834,True,True,0,0.000000,True,0,0.000000,True,0,0.000000
LH_894,894,0.75065,data/raw/CAMELS_SIMBA_1000U/LH_894_hlist_0.75065.list,True,0,6283,6283,6283,6283,0.2834,True,True,0,0.000000,True,0,0.000000,True,0,0.000000
LH_894,894,1.00000,data/raw/CAMELS_SIMBA_1000U/LH_894_hlist_1.00000.list,True,0,6299,6299,6299,6299,0.2834,True,True,0,0.000000,True,0,0.000000,True,0,0.000000
LH_895,895,0.20000,data/raw/CAMELS_SIMBA_1000U/LH_895_hlist_0.20000.list,True,0,4972,4972,4972,4972,0.355,True,True,0,0.000000,True,0,0.000000,True,0,0.000000
LH_895,895,0.25000,data/raw/CAMELS_SIMBA_1000U/LH_895_hlist_0.25000.list,True,0,6490,6490,6490,6490,0.355,True,True,0,0.000000,True,0,0.000000,True,0,0.000000
LH_895,895,0.51209,data/raw/CAMELS_SIMBA_1000U/LH_895_hlist_0.51209.list,True,0,8049,8049,8049,8049,0.355,True,True,0,0.000000,True,0,0.000000,True,0,0.000000
LH_895,895,0.75065,data/raw/CAMELS_SIMBA_1000U/LH_895_hlist_0.75065.list,True,0,7270,7270,7270,7270,0.355,True,True,0,0.000000,True,0,0.000000,True,0,0.000000
LH_895,895,1.00000,data/raw/CAMELS_SIMBA_1000U/LH_895_hlist_1.00000.list,True,0,7057,7057,7057,7057,0.355,True,True,0,0.000000,True,0,0.000000,True,0,0.000000
LH_896,896,0.20000,data/raw/CAMELS_SIMBA_1000U/LH_896_hlist_0.20000.list,True,0,1320,1320,1320,1320,0.2142,True,True,0,0.000000,False,180,0.120000,False,680,0.340000
LH_896,896,0.25000,data/raw/CAMELS_SIMBA_1000U/LH_896_hlist_0.25000.list,True,0,2474,2474,2474,2474,0.2142,True,True,0,0.000000,True,0,0.000000,True,0,0.000000
LH_896,896,0.51209,data/raw/CAMELS_SIMBA_1000U/LH_896_hlist_0.51209.list,True,0,6397,6397,6397,6397,0.2142,True,True,0,0.000000,True,0,0.000000,True,0,0.000000
LH_896,896,0.75065,data/raw/CAMELS_SIMBA_1000U/LH_896_hlist_0.75065.list,True,0,6633,6633,6633,6633,0.2142,True,True,0,0.000000,True,0,0.000000,True,0,0.000000
LH_896,896,1.00000,data/raw/CAMELS_SIMBA_1000U/LH_896_hlist_1.00000.list,True,0,7132,7132,7132,7132,0.2142,True,True,0,0.000000,True,0,0.000000,True,0,0.000000
LH_897,897,0.20000,data/raw/CAMELS_SIMBA_1000U/LH_897_hlist_0.20000.list,True,0,770,770,770,770,0.1058,True,False,230,0.230000,False,730,0.486667,False,1230,0.615000
LH_897,897,0.25000,data/raw/CAMELS_SIMBA_1000U/LH_897_hlist_0.25000.list,True,0,1875,1875,1875,1875,0.1058,True,True,0,0.000000,True,0,0.000000,False,125,0.062500
LH_897,897,0.51209,data/raw/CAMELS_SIMBA_1000U/LH_897_hlist_0.51209.list,True,0,3676,3676,3676,3676,0.1058,True,True,0,0.000000,True,0,0.000000,True,0,0.000000
LH_897,897,0.75065,data/raw/CAMELS_SIMBA_1000U/LH_897_hlist_0.75065.list,True,0,4017,4017,4017,4017,0.1058,True,True,0,0.000000,True,0,0.000000,True,0,0.000000
LH_897,897,1.00000,data/raw/CAMELS_SIMBA_1000U/LH_897_hlist_1.00000.list,True,0,4645,4645,4645,4645,0.1058,True,True,0,0.000000,True,0,0.000000,True,0,0.000000
LH_898,898,0.20000,data/raw/CAMELS_SIMBA_1000U/LH_898_hlist_0.20000.list,True,0,3906,3906,3906,3906,0.1454,True,True,0,0.000000,True,0,0.000000,True,0,0.000000
LH_898,898,0.25000,data/raw/CAMELS_SIMBA_1000U/LH_898_hlist_0.25000.list,True,0,4923,4923,4923,4923,0.1454,True,True,0,0.000000,True,0,0.000000,True,0,0.000000
LH_898,898,0.51209,data/raw/CAMELS_SIMBA_1000U/LH_898_hlist_0.51209.list,True,0,5296,5296,5296,5296,0.1454,True,True,0,0.000000,True,0,0.000000,True,0,0.000000
LH_898,898,0.75065,data/raw/CAMELS_SIMBA_1000U/LH_898_hlist_0.75065.list,True,0,5252,5252,5252,5252,0.1454,True,True,0,0.000000,True,0,0.000000,True,0,0.000000
LH_898,898,1.00000,data/raw/CAMELS_SIMBA_1000U/LH_898_hlist_1.00000.list,True,0,5644,5644,5644,5644,0.1454,True,True,0,0.000000,True,0,0.000000,True,0,0.000000
LH_899,899,0.20000,data/raw/CAMELS_SIMBA_1000U/LH_899_hlist_0.20000.list,True,0,3352,3352,3352,3352,0.1466,True,True,0,0.000000,True,0,0.000000,True,0,0.000000
LH_899,899,0.25000,data/raw/CAMELS_SIMBA_1000U/LH_899_hlist_0.25000.list,True,0,4419,4419,4419,4419,0.1466,True,True,0,0.000000,True,0,0.000000,True,0,0.000000
LH_899,899,0.51209,data/raw/CAMELS_SIMBA_1000U/LH_899_hlist_0.51209.list,True,0,5424,5424,5424,5424,0.1466,True,True,0,0.000000,True,0,0.000000,True,0,0.000000
LH_899,899,0.75065,data/raw/CAMELS_SIMBA_1000U/LH_899_hlist_0.75065.list,True,0,5330,5330,5330,5330,0.1466,True,True,0,0.000000,True,0,0.000000,True,0,0.000000
LH_899,899,1.00000,data/raw/CAMELS_SIMBA_1000U/LH_899_hlist_1.00000.list,True,0,5757,5757,5757,5757,0.1466,True,True,0,0.000000,True,0,0.000000,True,0,0.000000
LH_900,900,0.20000,data/raw/CAMELS_SIMBA_1000U/LH_900_hlist_0.20000.list,True,0,3280,3280,3280,3280,0.1714,True,True,0,0.000000,True,0,0.000000,True,0,0.000000
LH_900,900,0.25000,data/raw/CAMELS_SIMBA_1000U/LH_900_hlist_0.25000.list,True,0,4743,4743,4743,4743,0.1714,True,True,0,0.000000,True,0,0.000000,True,0,0.000000
LH_900,900,0.51209,data/raw/CAMELS_SIMBA_1000U/LH_900_hlist_0.51209.list,True,0,5690,5690,5690,5690,0.1714,True,True,0,0.000000,True,0,0.000000,True,0,0.000000
LH_900,900,0.75065,data/raw/CAMELS_SIMBA_1000U/LH_900_hlist_0.75065.list,True,0,5516,5516,5516,5516,0.1714,True,True,0,0.000000,True,0,0.000000,True,0,0.000000
LH_900,900,1.00000,data/raw/CAMELS_SIMBA_1000U/LH_900_hlist_1.00000.list,True,0,5916,5916,5916,5916,0.1714,True,True,0,0.000000,True,0,0.000000,True,0,0.000000
LH_901,901,0.20000,data/raw/CAMELS_SIMBA_1000U/LH_901_hlist_0.20000.list,True,0,4969,4969,4969,4969,0.2406,True,True,0,0.000000,True,0,0.000000,True,0,0.000000
LH_901,901,0.25000,data/raw/CAMELS_SIMBA_1000U/LH_901_hlist_0.25000.list,True,0,6116,6116,6116,6116,0.2406,True,True,0,0.000000,True,0,0.000000,True,0,0.000000
LH_901,901,0.51209,data/raw/CAMELS_SIMBA_1000U/LH_901_hlist_0.51209.list,True,0,6576,6576,6576,6576,0.2406,True,True,0,0.000000,True,0,0.000000,True,0,0.000000
LH_901,901,0.75065,data/raw/CAMELS_SIMBA_1000U/LH_901_hlist_0.75065.list,True,0,6054,6054,6054,6054,0.2406,True,True,0,0.000000,True,0,0.000000,True,0,0.000000
LH_901,901,1.00000,data/raw/CAMELS_SIMBA_1000U/LH_901_hlist_1.00000.list,True,0,6168,6168,6168,6168,0.2406,True,True,0,0.000000,True,0,0.000000,True,0,0.000000
LH_902,902,0.20000,data/raw/CAMELS_SIMBA_1000U/LH_902_hlist_0.20000.list,True,0,2164,2164,2164,2164,0.1062,True,True,0,0.000000,True,0,0.000000,True,0,0.000000
LH_902,902,0.25000,data/raw/CAMELS_SIMBA_1000U/LH_902_hlist_0.25000.list,True,0,3207,3207,3207,3207,0.1062,True,True,0,0.000000,True,0,0.000000,True,0,0.000000
LH_902,902,0.51209,data/raw/CAMELS_SIMBA_1000U/LH_902_hlist_0.51209.list,True,0,4173,4173,4173,4173,0.1062,True,True,0,0.000000,True,0,0.000000,True,0,0.000000
LH_902,902,0.75065,data/raw/CAMELS_SIMBA_1000U/LH_902_hlist_0.75065.list,True,0,4288,4288,4288,4288,0.1062,True,True,0,0.000000,True,0,0.000000,True,0,0.000000
LH_902,902,1.00000,data/raw/CAMELS_SIMBA_1000U/LH_902_hlist_1.00000.list,True,0,4743,4743,4743,4743,0.1062,True,True,0,0.000000,True,0,0.000000,True,0,0.000000
LH_903,903,0.20000,data/raw/CAMELS_SIMBA_1000U/LH_903_hlist_0.20000.list,True,0,1566,1566,1566,1566,0.1274,True,True,0,0.000000,True,0,0.000000,False,434,0.217000
LH_903,903,0.25000,data/raw/CAMELS_SIMBA_1000U/LH_903_hlist_0.25000.list,True,0,2621,2621,2621,2621,0.1274,True,True,0,0.000000,True,0,0.000000,True,0,0.000000
LH_903,903,0.51209,data/raw/CAMELS_SIMBA_1000U/LH_903_hlist_0.51209.list,True,0,4754,4754,4754,4754,0.1274,True,True,0,0.000000,True,0,0.000000,True,0,0.000000
LH_903,903,0.75065,data/raw/CAMELS_SIMBA_1000U/LH_903_hlist_0.75065.list,True,0,5125,5125,5125,5125,0.1274,True,True,0,0.000000,True,0,0.000000,True,0,0.000000
LH_903,903,1.00000,data/raw/CAMELS_SIMBA_1000U/LH_903_hlist_1.00000.list,True,0,5672,5672,5672,5672,0.1274,True,True,0,0.000000,True,0,0.000000,True,0,0.000000
LH_904,904,0.20000,data/raw/CAMELS_SIMBA_1000U/LH_904_hlist_0.20000.list,True,0,5272,5272,5272,5272,0.3814,True,True,0,0.000000,True,0,0.000000,True,0,0.000000
LH_904,904,0.25000,data/raw/CAMELS_SIMBA_1000U/LH_904_hlist_0.25000.list,True,0,6866,6866,6866,6866,0.3814,True,True,0,0.000000,True,0,0.000000,True,0,0.000000
LH_904,904,0.51209,data/raw/CAMELS_SIMBA_1000U/LH_904_hlist_0.51209.list,True,0,7525,7525,7525,7525,0.3814,True,True,0,0.000000,True,0,0.000000,True,0,0.000000
LH_904,904,0.75065,data/raw/CAMELS_SIMBA_1000U/LH_904_hlist_0.75065.list,True,0,6414,6414,6414,6414,0.3814,True,True,0,0.000000,True,0,0.000000,True,0,0.000000
LH_904,904,1.00000,data/raw/CAMELS_SIMBA_1000U/LH_904_hlist_1.00000.list,True,0,6245,6245,6245,6245,0.3814,True,True,0,0.000000,True,0,0.000000,True,0,0.000000
LH_905,905,0.20000,data/raw/CAMELS_SIMBA_1000U/LH_905_hlist_0.20000.list,True,0,2305,2305,2305,2305,0.2582,True,True,0,0.000000,True,0,0.000000,True,0,0.000000
LH_905,905,0.25000,data/raw/CAMELS_SIMBA_1000U/LH_905_hlist_0.25000.list,True,0,3774,3774,3774,3774,0.2582,True,True,0,0.000000,True,0,0.000000,True,0,0.000000
LH_905,905,0.51209,data/raw/CAMELS_SIMBA_1000U/LH_905_hlist_0.51209.list,True,0,6898,6898,6898,6898,0.2582,True,True,0,0.000000,True,0,0.000000,True,0,0.000000
LH_905,905,0.75065,data/raw/CAMELS_SIMBA_1000U/LH_905_hlist_0.75065.list,True,0,6758,6758,6758,6758,0.2582,True,True,0,0.000000,True,0,0.000000,True,0,0.000000
LH_905,905,1.00000,data/raw/CAMELS_SIMBA_1000U/LH_905_hlist_1.00000.list,True,0,7098,7098,7098,7098,0.2582,True,True,0,0.000000,True,0,0.000000,True,0,0.000000
LH_906,906,0.20000,data/raw/CAMELS_SIMBA_1000U/LH_906_hlist_0.20000.list,True,0,4449,4449,4449,4449,0.4774,True,True,0,0.000000,True,0,0.000000,True,0,0.000000
LH_906,906,0.25000,data/raw/CAMELS_SIMBA_1000U/LH_906_hlist_0.25000.list,True,0,6327,6327,6327,6327,0.4774,True,True,0,0.000000,True,0,0.000000,True,0,0.000000
LH_906,906,0.51209,data/raw/CAMELS_SIMBA_1000U/LH_906_hlist_0.51209.list,True,0,8550,8550,8550,8550,0.4774,True,True,0,0.000000,True,0,0.000000,True,0,0.000000
LH_906,906,0.75065,data/raw/CAMELS_SIMBA_1000U/LH_906_hlist_0.75065.list,True,0,7915,7915,7915,7915,0.4774,True,True,0,0.000000,True,0,0.000000,True,0,0.000000
LH_906,906,1.00000,data/raw/CAMELS_SIMBA_1000U/LH_906_hlist_1.00000.list,True,0,7496,7496,7496,7496,0.4774,True,True,0,0.000000,True,0,0.000000,True,0,0.000000
LH_907,907,0.20000,data/raw/CAMELS_SIMBA_1000U/LH_907_hlist_0.20000.list,True,0,6548,6548,6548,6548,0.2706,True,True,0,0.000000,True,0,0.000000,True,0,0.000000
LH_907,907,0.25000,data/raw/CAMELS_SIMBA_1000U/LH_907_hlist_0.25000.list,True,0,7492,7492,7492,7492,0.2706,True,True,0,0.000000,True,0,0.000000,True,0,0.000000
LH_907,907,0.51209,data/raw/CAMELS_SIMBA_1000U/LH_907_hlist_0.51209.list,True,0,7164,7164,7164,7164,0.2706,True,True,0,0.000000,True,0,0.000000,True,0,0.000000
LH_907,907,0.75065,data/raw/CAMELS_SIMBA_1000U/LH_907_hlist_0.75065.list,True,0,6191,6191,6191,6191,0.2706,True,True,0,0.000000,True,0,0.000000,True,0,0.000000
LH_907,907,1.00000,data/raw/CAMELS_SIMBA_1000U/LH_907_hlist_1.00000.list,True,0,6180,6180,6180,6180,0.2706,True,True,0,0.000000,True,0,0.000000,True,0,0.000000
LH_908,908,0.20000,data/raw/CAMELS_SIMBA_1000U/LH_908_hlist_0.20000.list,True,0,3144,3144,3144,3144,0.2174,True,True,0,0.000000,True,0,0.000000,True,0,0.000000
LH_908,908,0.25000,data/raw/CAMELS_SIMBA_1000U/LH_908_hlist_0.25000.list,True,0,4612,4612,4612,4612,0.2174,True,True,0,0.000000,True,0,0.000000,True,0,0.000000
LH_908,908,0.51209,data/raw/CAMELS_SIMBA_1000U/LH_908_hlist_0.51209.list,True,0,6330,6330,6330,6330,0.2174,True,True,0,0.000000,True,0,0.000000,True,0,0.000000
LH_908,908,0.75065,data/raw/CAMELS_SIMBA_1000U/LH_908_hlist_0.75065.list,True,0,6191,6191,6191,6191,0.2174,True,True,0,0.000000,True,0,0.000000,True,0,0.000000
LH_908,908,1.00000,data/raw/CAMELS_SIMBA_1000U/LH_908_hlist_1.00000.list,True,0,6577,6577,6577,6577,0.2174,True,True,0,0.000000,True,0,0.000000,True,0,0.000000
LH_909,909,0.20000,data/raw/CAMELS_SIMBA_1000U/LH_909_hlist_0.20000.list,True,0,3876,3876,3876,3876,0.3274,True,True,0,0.000000,True,0,0.000000,True,0,0.000000
LH_909,909,0.25000,data/raw/CAMELS_SIMBA_1000U/LH_909_hlist_0.25000.list,True,0,5424,5424,5424,5424,0.3274,True,True,0,0.000000,True,0,0.000000,True,0,0.000000
LH_909,909,0.51209,data/raw/CAMELS_SIMBA_1000U/LH_909_hlist_0.51209.list,True,0,7948,7948,7948,7948,0.3274,True,True,0,0.000000,True,0,0.000000,True,0,0.000000
LH_909,909,0.75065,data/raw/CAMELS_SIMBA_1000U/LH_909_hlist_0.75065.list,True,0,7457,7457,7457,7457,0.3274,True,True,0,0.000000,True,0,0.000000,True,0,0.000000
LH_909,909,1.00000,data/raw/CAMELS_SIMBA_1000U/LH_909_hlist_1.00000.list,True,0,7481,7481,7481,7481,0.3274,True,True,0,0.000000,True,0,0.000000,True,0,0.000000
LH_910,910,0.20000,data/raw/CAMELS_SIMBA_1000U/LH_910_hlist_0.20000.list,True,0,4183,4183,4183,4183,0.207,True,True,0,0.000000,True,0,0.000000,True,0,0.000000
LH_910,910,0.25000,data/raw/CAMELS_SIMBA_1000U/LH_910_hlist_0.25000.list,True,0,5503,5503,5503,5503,0.207,True,True,0,0.000000,True,0,0.000000,True,0,0.000000
LH_910,910,0.51209,data/raw/CAMELS_SIMBA_1000U/LH_910_hlist_0.51209.list,True,0,6318,6318,6318,6318,0.207,True,True,0,0.000000,True,0,0.000000,True,0,0.000000
LH_910,910,0.75065,data/raw/CAMELS_SIMBA_1000U/LH_910_hlist_0.75065.list,True,0,5883,5883,5883,5883,0.207,True,True,0,0.000000,True,0,0.000000,True,0,0.000000
LH_910,910,1.00000,data/raw/CAMELS_SIMBA_1000U/LH_910_hlist_1.00000.list,True,0,6125,6125,6125,6125,0.207,True,True,0,0.000000,True,0,0.000000,True,0,0.000000
LH_911,911,0.20000,data/raw/CAMELS_SIMBA_1000U/LH_911_hlist_0.20000.list,True,0,5800,5800,5800,5800,0.3082,True,True,0,0.000000,True,0,0.000000,True,0,0.000000
LH_911,911,0.25000,data/raw/CAMELS_SIMBA_1000U/LH_911_hlist_0.25000.list,True,0,6854,6854,6854,6854,0.3082,True,True,0,0.000000,True,0,0.000000,True,0,0.000000
LH_911,911,0.51209,data/raw/CAMELS_SIMBA_1000U/LH_911_hlist_0.51209.list,True,0,7070,7070,7070,7070,0.3082,True,True,0,0.000000,True,0,0.000000,True,0,0.000000
LH_911,911,0.75065,data/raw/CAMELS_SIMBA_1000U/LH_911_hlist_0.75065.list,True,0,6066,6066,6066,6066,0.3082,True,True,0,0.000000,True,0,0.000000,True,0,0.000000
LH_911,911,1.00000,data/raw/CAMELS_SIMBA_1000U/LH_911_hlist_1.00000.list,True,0,6003,6003,6003,6003,0.3082,True,True,0,0.000000,True,0,0.000000,True,0,0.000000
LH_912,912,0.20000,data/raw/CAMELS_SIMBA_1000U/LH_912_hlist_0.20000.list,True,0,1361,1361,1361,1361,0.2066,True,True,0,0.000000,False,139,0.092667,False,639,0.319500
LH_912,912,0.25000,data/raw/CAMELS_SIMBA_1000U/LH_912_hlist_0.25000.list,True,0,2865,2865,2865,2865,0.2066,True,True,0,0.000000,True,0,0.000000,True,0,0.000000
LH_912,912,0.51209,data/raw/CAMELS_SIMBA_1000U/LH_912_hlist_0.51209.list,True,0,6364,6364,6364,6364,0.2066,True,True,0,0.000000,True,0,0.000000,True,0,0.000000
LH_912,912,0.75065,data/raw/CAMELS_SIMBA_1000U/LH_912_hlist_0.75065.list,True,0,6765,6765,6765,6765,0.2066,True,True,0,0.000000,True,0,0.000000,True,0,0.000000
LH_912,912,1.00000,data/raw/CAMELS_SIMBA_1000U/LH_912_hlist_1.00000.list,True,0,7298,7298,7298,7298,0.2066,True,True,0,0.000000,True,0,0.000000,True,0,0.000000
LH_913,913,0.20000,data/raw/CAMELS_SIMBA_1000U/LH_913_hlist_0.20000.list,True,0,3165,3165,3165,3165,0.3014,True,True,0,0.000000,True,0,0.000000,True,0,0.000000
LH_913,913,0.25000,data/raw/CAMELS_SIMBA_1000U/LH_913_hlist_0.25000.list,True,0,4874,4874,4874,4874,0.3014,True,True,0,0.000000,True,0,0.000000,True,0,0.000000
LH_913,913,0.51209,data/raw/CAMELS_SIMBA_1000U/LH_913_hlist_0.51209.list,True,0,7146,7146,7146,7146,0.3014,True,True,0,0.000000,True,0,0.000000,True,0,0.000000
LH_913,913,0.75065,data/raw/CAMELS_SIMBA_1000U/LH_913_hlist_0.75065.list,True,0,6840,6840,6840,6840,0.3014,True,True,0,0.000000,True,0,0.000000,True,0,0.000000
LH_913,913,1.00000,data/raw/CAMELS_SIMBA_1000U/LH_913_hlist_1.00000.list,True,0,6841,6841,6841,6841,0.3014,True,True,0,0.000000,True,0,0.000000,True,0,0.000000
LH_914,914,0.20000,data/raw/CAMELS_SIMBA_1000U/LH_914_hlist_0.20000.list,True,0,3423,3423,3423,3423,0.3522,True,True,0,0.000000,True,0,0.000000,True,0,0.000000
LH_914,914,0.25000,data/raw/CAMELS_SIMBA_1000U/LH_914_hlist_0.25000.list,True,0,5264,5264,5264,5264,0.3522,True,True,0,0.000000,True,0,0.000000,True,0,0.000000
LH_914,914,0.51209,data/raw/CAMELS_SIMBA_1000U/LH_914_hlist_0.51209.list,True,0,8266,8266,8266,8266,0.3522,True,True,0,0.000000,True,0,0.000000,True,0,0.000000
LH_914,914,0.75065,data/raw/CAMELS_SIMBA_1000U/LH_914_hlist_0.75065.list,True,0,7768,7768,7768,7768,0.3522,True,True,0,0.000000,True,0,0.000000,True,0,0.000000
LH_914,914,1.00000,data/raw/CAMELS_SIMBA_1000U/LH_914_hlist_1.00000.list,True,0,7664,7664,7664,7664,0.3522,True,True,0,0.000000,True,0,0.000000,True,0,0.000000
LH_915,915,0.20000,data/raw/CAMELS_SIMBA_1000U/LH_915_hlist_0.20000.list,True,0,8601,8601,8601,8601,0.475,True,True,0,0.000000,True,0,0.000000,True,0,0.000000
LH_915,915,0.25000,data/raw/CAMELS_SIMBA_1000U/LH_915_hlist_0.25000.list,True,0,9259,9259,9259,9259,0.475,True,True,0,0.000000,True,0,0.000000,True,0,0.000000
LH_915,915,0.51209,data/raw/CAMELS_SIMBA_1000U/LH_915_hlist_0.51209.list,True,0,7818,7818,7818,7818,0.475,True,True,0,0.000000,True,0,0.000000,True,0,0.000000
LH_915,915,0.75065,data/raw/CAMELS_SIMBA_1000U/LH_915_hlist_0.75065.list,True,0,6492,6492,6492,6492,0.475,True,True,0,0.000000,True,0,0.000000,True,0,0.000000
LH_915,915,1.00000,data/raw/CAMELS_SIMBA_1000U/LH_915_hlist_1.00000.list,True,0,6133,6133,6133,6133,0.475,True,True,0,0.000000,True,0,0.000000,True,0,0.000000
LH_916,916,0.20000,data/raw/CAMELS_SIMBA_1000U/LH_916_hlist_0.20000.list,True,0,8984,8984,8984,8984,0.449,True,True,0,0.000000,True,0,0.000000,True,0,0.000000
LH_916,916,0.25000,data/raw/CAMELS_SIMBA_1000U/LH_916_hlist_0.25000.list,True,0,9500,9500,9500,9500,0.449,True,True,0,0.000000,True,0,0.000000,True,0,0.000000
LH_916,916,0.51209,data/raw/CAMELS_SIMBA_1000U/LH_916_hlist_0.51209.list,True,0,7473,7473,7473,7473,0.449,True,True,0,0.000000,True,0,0.000000,True,0,0.000000
LH_916,916,0.75065,data/raw/CAMELS_SIMBA_1000U/LH_916_hlist_0.75065.list,True,0,5845,5845,5845,5845,0.449,True,True,0,0.000000,True,0,0.000000,True,0,0.000000
LH_916,916,1.00000,data/raw/CAMELS_SIMBA_1000U/LH_916_hlist_1.00000.list,True,0,5500,5500,5500,5500,0.449,True,True,0,0.000000,True,0,0.000000,True,0,0.000000
LH_917,917,0.20000,data/raw/CAMELS_SIMBA_1000U/LH_917_hlist_0.20000.list,True,0,7220,7220,7220,7220,0.4218,True,True,0,0.000000,True,0,0.000000,True,0,0.000000
LH_917,917,0.25000,data/raw/CAMELS_SIMBA_1000U/LH_917_hlist_0.25000.list,True,0,8346,8346,8346,8346,0.4218,True,True,0,0.000000,True,0,0.000000,True,0,0.000000
LH_917,917,0.51209,data/raw/CAMELS_SIMBA_1000U/LH_917_hlist_0.51209.list,True,0,7653,7653,7653,7653,0.4218,True,True,0,0.000000,True,0,0.000000,True,0,0.000000
LH_917,917,0.75065,data/raw/CAMELS_SIMBA_1000U/LH_917_hlist_0.75065.list,True,0,6298,6298,6298,6298,0.4218,True,True,0,0.000000,True,0,0.000000,True,0,0.000000
LH_917,917,1.00000,data/raw/CAMELS_SIMBA_1000U/LH_917_hlist_1.00000.list,True,0,6108,6108,6108,6108,0.4218,True,True,0,0.000000,True,0,0.000000,True,0,0.000000
LH_918,918,0.20000,data/raw/CAMELS_SIMBA_1000U/LH_918_hlist_0.20000.list,True,0,5332,5332,5332,5332,0.3314,True,True,0,0.000000,True,0,0.000000,True,0,0.000000
LH_918,918,0.25000,data/raw/CAMELS_SIMBA_1000U/LH_918_hlist_0.25000.list,True,0,6715,6715,6715,6715,0.3314,True,True,0,0.000000,True,0,0.000000,True,0,0.000000
LH_918,918,0.51209,data/raw/CAMELS_SIMBA_1000U/LH_918_hlist_0.51209.list,True,0,7563,7563,7563,7563,0.3314,True,True,0,0.000000,True,0,0.000000,True,0,0.000000
LH_918,918,0.75065,data/raw/CAMELS_SIMBA_1000U/LH_918_hlist_0.75065.list,True,0,6913,6913,6913,6913,0.3314,True,True,0,0.000000,True,0,0.000000,True,0,0.000000
LH_918,918,1.00000,data/raw/CAMELS_SIMBA_1000U/LH_918_hlist_1.00000.list,True,0,6926,6926,6926,6926,0.3314,True,True,0,0.000000,True,0,0.000000,True,0,0.000000
LH_919,919,0.20000,data/raw/CAMELS_SIMBA_1000U/LH_919_hlist_0.20000.list,True,0,3259,3259,3259,3259,0.1746,True,True,0,0.000000,True,0,0.000000,True,0,0.000000
LH_919,919,0.25000,data/raw/CAMELS_SIMBA_1000U/LH_919_hlist_0.25000.list,True,0,4625,4625,4625,4625,0.1746,True,True,0,0.000000,True,0,0.000000,True,0,0.000000
LH_919,919,0.51209,data/raw/CAMELS_SIMBA_1000U/LH_919_hlist_0.51209.list,True,0,6202,6202,6202,6202,0.1746,True,True,0,0.000000,True,0,0.000000,True,0,0.000000
LH_919,919,0.75065,data/raw/CAMELS_SIMBA_1000U/LH_919_hlist_0.75065.list,True,0,6255,6255,6255,6255,0.1746,True,True,0,0.000000,True,0,0.000000,True,0,0.000000
LH_919,919,1.00000,data/raw/CAMELS_SIMBA_1000U/LH_919_hlist_1.00000.list,True,0,6664,6664,6664,6664,0.1746,True,True,0,0.000000,True,0,0.000000,True,0,0.000000
LH_920,920,0.20000,data/raw/CAMELS_SIMBA_1000U/LH_920_hlist_0.20000.list,True,0,5921,5921,5921,5921,0.435,True,True,0,0.000000,True,0,0.000000,True,0,0.000000
LH_920,920,0.25000,data/raw/CAMELS_SIMBA_1000U/LH_920_hlist_0.25000.list,True,0,7206,7206,7206,7206,0.435,True,True,0,0.000000,True,0,0.000000,True,0,0.000000
LH_920,920,0.51209,data/raw/CAMELS_SIMBA_1000U/LH_920_hlist_0.51209.list,True,0,8359,8359,8359,8359,0.435,True,True,0,0.000000,True,0,0.000000,True,0,0.000000
LH_920,920,0.75065,data/raw/CAMELS_SIMBA_1000U/LH_920_hlist_0.75065.list,True,0,7314,7314,7314,7314,0.435,True,True,0,0.000000,True,0,0.000000,True,0,0.000000
LH_920,920,1.00000,data/raw/CAMELS_SIMBA_1000U/LH_920_hlist_1.00000.list,True,0,6895,6895,6895,6895,0.435,True,True,0,0.000000,True,0,0.000000,True,0,0.000000
LH_921,921,0.20000,data/raw/CAMELS_SIMBA_1000U/LH_921_hlist_0.20000.list,True,0,3339,3339,3339,3339,0.2598,True,True,0,0.000000,True,0,0.000000,True,0,0.000000
LH_921,921,0.25000,data/raw/CAMELS_SIMBA_1000U/LH_921_hlist_0.25000.list,True,0,4995,4995,4995,4995,0.2598,True,True,0,0.000000,True,0,0.000000,True,0,0.000000
LH_921,921,0.51209,data/raw/CAMELS_SIMBA_1000U/LH_921_hlist_0.51209.list,True,0,6908,6908,6908,6908,0.2598,True,True,0,0.000000,True,0,0.000000,True,0,0.000000
LH_921,921,0.75065,data/raw/CAMELS_SIMBA_1000U/LH_921_hlist_0.75065.list,True,0,6554,6554,6554,6554,0.2598,True,True,0,0.000000,True,0,0.000000,True,0,0.000000
LH_921,921,1.00000,data/raw/CAMELS_SIMBA_1000U/LH_921_hlist_1.00000.list,True,0,6688,6688,6688,6688,0.2598,True,True,0,0.000000,True,0,0.000000,True,0,0.000000
LH_922,922,0.20000,data/raw/CAMELS_SIMBA_1000U/LH_922_hlist_0.20000.list,True,0,6960,6960,6960,6960,0.4362,True,True,0,0.000000,True,0,0.000000,True,0,0.000000
LH_922,922,0.25000,data/raw/CAMELS_SIMBA_1000U/LH_922_hlist_0.25000.list,True,0,7998,7998,7998,7998,0.4362,True,True,0,0.000000,True,0,0.000000,True,0,0.000000
LH_922,922,0.51209,data/raw/CAMELS_SIMBA_1000U/LH_922_hlist_0.51209.list,True,0,7814,7814,7814,7814,0.4362,True,True,0,0.000000,True,0,0.000000,True,0,0.000000
LH_922,922,0.75065,data/raw/CAMELS_SIMBA_1000U/LH_922_hlist_0.75065.list,True,0,6708,6708,6708,6708,0.4362,True,True,0,0.000000,True,0,0.000000,True,0,0.000000
LH_922,922,1.00000,data/raw/CAMELS_SIMBA_1000U/LH_922_hlist_1.00000.list,True,0,6233,6233,6233,6233,0.4362,True,True,0,0.000000,True,0,0.000000,True,0,0.000000
LH_923,923,0.20000,data/raw/CAMELS_SIMBA_1000U/LH_923_hlist_0.20000.list,True,0,3659,3659,3659,3659,0.2806,True,True,0,0.000000,True,0,0.000000,True,0,0.000000
LH_923,923,0.25000,data/raw/CAMELS_SIMBA_1000U/LH_923_hlist_0.25000.list,True,0,5389,5389,5389,5389,0.2806,True,True,0,0.000000,True,0,0.000000,True,0,0.000000
LH_923,923,0.51209,data/raw/CAMELS_SIMBA_1000U/LH_923_hlist_0.51209.list,True,0,7646,7646,7646,7646,0.2806,True,True,0,0.000000,True,0,0.000000,True,0,0.000000
LH_923,923,0.75065,data/raw/CAMELS_SIMBA_1000U/LH_923_hlist_0.75065.list,True,0,7304,7304,7304,7304,0.2806,True,True,0,0.000000,True,0,0.000000,True,0,0.000000
LH_923,923,1.00000,data/raw/CAMELS_SIMBA_1000U/LH_923_hlist_1.00000.list,True,0,7460,7460,7460,7460,0.2806,True,True,0,0.000000,True,0,0.000000,True,0,0.000000
LH_924,924,0.20000,data/raw/CAMELS_SIMBA_1000U/LH_924_hlist_0.20000.list,True,0,5617,5617,5617,5617,0.3046,True,True,0,0.000000,True,0,0.000000,True,0,0.000000
LH_924,924,0.25000,data/raw/CAMELS_SIMBA_1000U/LH_924_hlist_0.25000.list,True,0,6759,6759,6759,6759,0.3046,True,True,0,0.000000,True,0,0.000000,True,0,0.000000
LH_924,924,0.51209,data/raw/CAMELS_SIMBA_1000U/LH_924_hlist_0.51209.list,True,0,7111,7111,7111,7111,0.3046,True,True,0,0.000000,True,0,0.000000,True,0,0.000000
LH_924,924,0.75065,data/raw/CAMELS_SIMBA_1000U/LH_924_hlist_0.75065.list,True,0,6295,6295,6295,6295,0.3046,True,True,0,0.000000,True,0,0.000000,True,0,0.000000
LH_924,924,1.00000,data/raw/CAMELS_SIMBA_1000U/LH_924_hlist_1.00000.list,True,0,6437,6437,6437,6437,0.3046,True,True,0,0.000000,True,0,0.000000,True,0,0.000000
LH_925,925,0.20000,data/raw/CAMELS_SIMBA_1000U/LH_925_hlist_0.20000.list,True,0,3453,3453,3453,3453,0.1574,True,True,0,0.000000,True,0,0.000000,True,0,0.000000
LH_925,925,0.25000,data/raw/CAMELS_SIMBA_1000U/LH_925_hlist_0.25000.list,True,0,4772,4772,4772,4772,0.1574,True,True,0,0.000000,True,0,0.000000,True,0,0.000000
LH_925,925,0.51209,data/raw/CAMELS_SIMBA_1000U/LH_925_hlist_0.51209.list,True,0,5649,5649,5649,5649,0.1574,True,True,0,0.000000,True,0,0.000000,True,0,0.000000
LH_925,925,0.75065,data/raw/CAMELS_SIMBA_1000U/LH_925_hlist_0.75065.list,True,0,5647,5647,5647,5647,0.1574,True,True,0,0.000000,True,0,0.000000,True,0,0.000000
LH_925,925,1.00000,data/raw/CAMELS_SIMBA_1000U/LH_925_hlist_1.00000.list,True,0,5909,5909,5909,5909,0.1574,True,True,0,0.000000,True,0,0.000000,True,0,0.000000
LH_926,926,0.20000,data/raw/CAMELS_SIMBA_1000U/LH_926_hlist_0.20000.list,True,0,8436,8436,8436,8436,0.4934,True,True,0,0.000000,True,0,0.000000,True,0,0.000000
LH_926,926,0.25000,data/raw/CAMELS_SIMBA_1000U/LH_926_hlist_0.25000.list,True,0,9329,9329,9329,9329,0.4934,True,True,0,0.000000,True,0,0.000000,True,0,0.000000
LH_926,926,0.51209,data/raw/CAMELS_SIMBA_1000U/LH_926_hlist_0.51209.list,True,0,7858,7858,7858,7858,0.4934,True,True,0,0.000000,True,0,0.000000,True,0,0.000000
LH_926,926,0.75065,data/raw/CAMELS_SIMBA_1000U/LH_926_hlist_0.75065.list,True,0,6412,6412,6412,6412,0.4934,True,True,0,0.000000,True,0,0.000000,True,0,0.000000
LH_926,926,1.00000,data/raw/CAMELS_SIMBA_1000U/LH_926_hlist_1.00000.list,True,0,5876,5876,5876,5876,0.4934,True,True,0,0.000000,True,0,0.000000,True,0,0.000000
LH_927,927,0.20000,data/raw/CAMELS_SIMBA_1000U/LH_927_hlist_0.20000.list,True,0,2416,2416,2416,2416,0.1106,True,True,0,0.000000,True,0,0.000000,True,0,0.000000
LH_927,927,0.25000,data/raw/CAMELS_SIMBA_1000U/LH_927_hlist_0.25000.list,True,0,3430,3430,3430,3430,0.1106,True,True,0,0.000000,True,0,0.000000,True,0,0.000000
LH_927,927,0.51209,data/raw/CAMELS_SIMBA_1000U/LH_927_hlist_0.51209.list,True,0,4569,4569,4569,4569,0.1106,True,True,0,0.000000,True,0,0.000000,True,0,0.000000
LH_927,927,0.75065,data/raw/CAMELS_SIMBA_1000U/LH_927_hlist_0.75065.list,True,0,4812,4812,4812,4812,0.1106,True,True,0,0.000000,True,0,0.000000,True,0,0.000000
LH_927,927,1.00000,data/raw/CAMELS_SIMBA_1000U/LH_927_hlist_1.00000.list,True,0,5337,5337,5337,5337,0.1106,True,True,0,0.000000,True,0,0.000000,True,0,0.000000
LH_928,928,0.20000,data/raw/CAMELS_SIMBA_1000U/LH_928_hlist_0.20000.list,True,0,4261,4261,4261,4261,0.463,True,True,0,0.000000,True,0,0.000000,True,0,0.000000
LH_928,928,0.25000,data/raw/CAMELS_SIMBA_1000U/LH_928_hlist_0.25000.list,True,0,5842,5842,5842,5842,0.463,True,True,0,0.000000,True,0,0.000000,True,0,0.000000
LH_928,928,0.51209,data/raw/CAMELS_SIMBA_1000U/LH_928_hlist_0.51209.list,True,0,8541,8541,8541,8541,0.463,True,True,0,0.000000,True,0,0.000000,True,0,0.000000
LH_928,928,0.75065,data/raw/CAMELS_SIMBA_1000U/LH_928_hlist_0.75065.list,True,0,7883,7883,7883,7883,0.463,True,True,0,0.000000,True,0,0.000000,True,0,0.000000
LH_928,928,1.00000,data/raw/CAMELS_SIMBA_1000U/LH_928_hlist_1.00000.list,True,0,7565,7565,7565,7565,0.463,True,True,0,0.000000,True,0,0.000000,True,0,0.000000
LH_929,929,0.20000,data/raw/CAMELS_SIMBA_1000U/LH_929_hlist_0.20000.list,True,0,6015,6015,6015,6015,0.4494,True,True,0,0.000000,True,0,0.000000,True,0,0.000000
LH_929,929,0.25000,data/raw/CAMELS_SIMBA_1000U/LH_929_hlist_0.25000.list,True,0,7530,7530,7530,7530,0.4494,True,True,0,0.000000,True,0,0.000000,True,0,0.000000
LH_929,929,0.51209,data/raw/CAMELS_SIMBA_1000U/LH_929_hlist_0.51209.list,True,0,8415,8415,8415,8415,0.4494,True,True,0,0.000000,True,0,0.000000,True,0,0.000000
LH_929,929,0.75065,data/raw/CAMELS_SIMBA_1000U/LH_929_hlist_0.75065.list,True,0,7332,7332,7332,7332,0.4494,True,True,0,0.000000,True,0,0.000000,True,0,0.000000
LH_929,929,1.00000,data/raw/CAMELS_SIMBA_1000U/LH_929_hlist_1.00000.list,True,0,6849,6849,6849,6849,0.4494,True,True,0,0.000000,True,0,0.000000,True,0,0.000000
LH_930,930,0.20000,data/raw/CAMELS_SIMBA_1000U/LH_930_hlist_0.20000.list,True,0,286,286,286,286,0.1298,True,False,714,0.714000,False,1214,0.809333,False,1714,0.857000
LH_930,930,0.25000,data/raw/CAMELS_SIMBA_1000U/LH_930_hlist_0.25000.list,True,0,1421,1421,1421,1421,0.1298,True,True,0,0.000000,False,79,0.052667,False,579,0.289500
LH_930,930,0.51209,data/raw/CAMELS_SIMBA_1000U/LH_930_hlist_0.51209.list,True,0,4095,4095,4095,4095,0.1298,True,True,0,0.000000,True,0,0.000000,True,0,0.000000
LH_930,930,0.75065,data/raw/CAMELS_SIMBA_1000U/LH_930_hlist_0.75065.list,True,0,4763,4763,4763,4763,0.1298,True,True,0,0.000000,True,0,0.000000,True,0,0.000000
LH_930,930,1.00000,data/raw/CAMELS_SIMBA_1000U/LH_930_hlist_1.00000.list,True,0,5525,5525,5525,5525,0.1298,True,True,0,0.000000,True,0,0.000000,True,0,0.000000
LH_931,931,0.20000,data/raw/CAMELS_SIMBA_1000U/LH_931_hlist_0.20000.list,True,0,3237,3237,3237,3237,0.2058,True,True,0,0.000000,True,0,0.000000,True,0,0.000000
LH_931,931,0.25000,data/raw/CAMELS_SIMBA_1000U/LH_931_hlist_0.25000.list,True,0,4740,4740,4740,4740,0.2058,True,True,0,0.000000,True,0,0.000000,True,0,0.000000
LH_931,931,0.51209,data/raw/CAMELS_SIMBA_1000U/LH_931_hlist_0.51209.list,True,0,6317,6317,6317,6317,0.2058,True,True,0,0.000000,True,0,0.000000,True,0,0.000000
LH_931,931,0.75065,data/raw/CAMELS_SIMBA_1000U/LH_931_hlist_0.75065.list,True,0,6314,6314,6314,6314,0.2058,True,True,0,0.000000,True,0,0.000000,True,0,0.000000
LH_931,931,1.00000,data/raw/CAMELS_SIMBA_1000U/LH_931_hlist_1.00000.list,True,0,6493,6493,6493,6493,0.2058,True,True,0,0.000000,True,0,0.000000,True,0,0.000000
LH_932,932,0.20000,data/raw/CAMELS_SIMBA_1000U/LH_932_hlist_0.20000.list,True,0,6194,6194,6194,6194,0.323,True,True,0,0.000000,True,0,0.000000,True,0,0.000000
LH_932,932,0.25000,data/raw/CAMELS_SIMBA_1000U/LH_932_hlist_0.25000.list,True,0,7156,7156,7156,7156,0.323,True,True,0,0.000000,True,0,0.000000,True,0,0.000000
LH_932,932,0.51209,data/raw/CAMELS_SIMBA_1000U/LH_932_hlist_0.51209.list,True,0,6824,6824,6824,6824,0.323,True,True,0,0.000000,True,0,0.000000,True,0,0.000000
LH_932,932,0.75065,data/raw/CAMELS_SIMBA_1000U/LH_932_hlist_0.75065.list,True,0,6182,6182,6182,6182,0.323,True,True,0,0.000000,True,0,0.000000,True,0,0.000000
LH_932,932,1.00000,data/raw/CAMELS_SIMBA_1000U/LH_932_hlist_1.00000.list,True,0,6111,6111,6111,6111,0.323,True,True,0,0.000000,True,0,0.000000,True,0,0.000000
LH_933,933,0.20000,data/raw/CAMELS_SIMBA_1000U/LH_933_hlist_0.20000.list,True,0,5592,5592,5592,5592,0.3198,True,True,0,0.000000,True,0,0.000000,True,0,0.000000
LH_933,933,0.25000,data/raw/CAMELS_SIMBA_1000U/LH_933_hlist_0.25000.list,True,0,6925,6925,6925,6925,0.3198,True,True,0,0.000000,True,0,0.000000,True,0,0.000000
LH_933,933,0.51209,data/raw/CAMELS_SIMBA_1000U/LH_933_hlist_0.51209.list,True,0,7479,7479,7479,7479,0.3198,True,True,0,0.000000,True,0,0.000000,True,0,0.000000
LH_933,933,0.75065,data/raw/CAMELS_SIMBA_1000U/LH_933_hlist_0.75065.list,True,0,6678,6678,6678,6678,0.3198,True,True,0,0.000000,True,0,0.000000,True,0,0.000000
LH_933,933,1.00000,data/raw/CAMELS_SIMBA_1000U/LH_933_hlist_1.00000.list,True,0,6684,6684,6684,6684,0.3198,True,True,0,0.000000,True,0,0.000000,True,0,0.000000
LH_934,934,0.20000,data/raw/CAMELS_SIMBA_1000U/LH_934_hlist_0.20000.list,True,0,3556,3556,3556,3556,0.4106,True,True,0,0.000000,True,0,0.000000,True,0,0.000000
LH_934,934,0.25000,data/raw/CAMELS_SIMBA_1000U/LH_934_hlist_0.25000.list,True,0,5132,5132,5132,5132,0.4106,True,True,0,0.000000,True,0,0.000000,True,0,0.000000
LH_934,934,0.51209,data/raw/CAMELS_SIMBA_1000U/LH_934_hlist_0.51209.list,True,0,8550,8550,8550,8550,0.4106,True,True,0,0.000000,True,0,0.000000,True,0,0.000000
LH_934,934,0.75065,data/raw/CAMELS_SIMBA_1000U/LH_934_hlist_0.75065.list,True,0,8203,8203,8203,8203,0.4106,True,True,0,0.000000,True,0,0.000000,True,0,0.000000
LH_934,934,1.00000,data/raw/CAMELS_SIMBA_1000U/LH_934_hlist_1.00000.list,True,0,8116,8116,8116,8116,0.4106,True,True,0,0.000000,True,0,0.000000,True,0,0.000000
LH_935,935,0.20000,data/raw/CAMELS_SIMBA_1000U/LH_935_hlist_0.20000.list,True,0,829,829,829,829,0.1586,True,False,171,0.171000,False,671,0.447333,False,1171,0.585500
LH_935,935,0.25000,data/raw/CAMELS_SIMBA_1000U/LH_935_hlist_0.25000.list,True,0,2058,2058,2058,2058,0.1586,True,True,0,0.000000,True,0,0.000000,True,0,0.000000
LH_935,935,0.51209,data/raw/CAMELS_SIMBA_1000U/LH_935_hlist_0.51209.list,True,0,5647,5647,5647,5647,0.1586,True,True,0,0.000000,True,0,0.000000,True,0,0.000000
LH_935,935,0.75065,data/raw/CAMELS_SIMBA_1000U/LH_935_hlist_0.75065.list,True,0,6186,6186,6186,6186,0.1586,True,True,0,0.000000,True,0,0.000000,True,0,0.000000
LH_935,935,1.00000,data/raw/CAMELS_SIMBA_1000U/LH_935_hlist_1.00000.list,True,0,6812,6812,6812,6812,0.1586,True,True,0,0.000000,True,0,0.000000,True,0,0.000000
LH_936,936,0.20000,data/raw/CAMELS_SIMBA_1000U/LH_936_hlist_0.20000.list,True,0,2855,2855,2855,2855,0.1278,True,True,0,0.000000,True,0,0.000000,True,0,0.000000
LH_936,936,0.25000,data/raw/CAMELS_SIMBA_1000U/LH_936_hlist_0.25000.list,True,0,4087,4087,4087,4087,0.1278,True,True,0,0.000000,True,0,0.000000,True,0,0.000000
LH_936,936,0.51209,data/raw/CAMELS_SIMBA_1000U/LH_936_hlist_0.51209.list,True,0,5171,5171,5171,5171,0.1278,True,True,0,0.000000,True,0,0.000000,True,0,0.000000
LH_936,936,0.75065,data/raw/CAMELS_SIMBA_1000U/LH_936_hlist_0.75065.list,True,0,5261,5261,5261,5261,0.1278,True,True,0,0.000000,True,0,0.000000,True,0,0.000000
LH_936,936,1.00000,data/raw/CAMELS_SIMBA_1000U/LH_936_hlist_1.00000.list,True,0,5766,5766,5766,5766,0.1278,True,True,0,0.000000,True,0,0.000000,True,0,0.000000
LH_937,937,0.20000,data/raw/CAMELS_SIMBA_1000U/LH_937_hlist_0.20000.list,True,0,6268,6268,6268,6268,0.2882,True,True,0,0.000000,True,0,0.000000,True,0,0.000000
LH_937,937,0.25000,data/raw/CAMELS_SIMBA_1000U/LH_937_hlist_0.25000.list,True,0,7279,7279,7279,7279,0.2882,True,True,0,0.000000,True,0,0.000000,True,0,0.000000
LH_937,937,0.51209,data/raw/CAMELS_SIMBA_1000U/LH_937_hlist_0.51209.list,True,0,7172,7172,7172,7172,0.2882,True,True,0,0.000000,True,0,0.000000,True,0,0.000000
LH_937,937,0.75065,data/raw/CAMELS_SIMBA_1000U/LH_937_hlist_0.75065.list,True,0,6445,6445,6445,6445,0.2882,True,True,0,0.000000,True,0,0.000000,True,0,0.000000
LH_937,937,1.00000,data/raw/CAMELS_SIMBA_1000U/LH_937_hlist_1.00000.list,True,0,6424,6424,6424,6424,0.2882,True,True,0,0.000000,True,0,0.000000,True,0,0.000000
LH_938,938,0.20000,data/raw/CAMELS_SIMBA_1000U/LH_938_hlist_0.20000.list,True,0,2091,2091,2091,2091,0.2698,True,True,0,0.000000,True,0,0.000000,True,0,0.000000
LH_938,938,0.25000,data/raw/CAMELS_SIMBA_1000U/LH_938_hlist_0.25000.list,True,0,3826,3826,3826,3826,0.2698,True,True,0,0.000000,True,0,0.000000,True,0,0.000000
LH_938,938,0.51209,data/raw/CAMELS_SIMBA_1000U/LH_938_hlist_0.51209.list,True,0,7314,7314,7314,7314,0.2698,True,True,0,0.000000,True,0,0.000000,True,0,0.000000
LH_938,938,0.75065,data/raw/CAMELS_SIMBA_1000U/LH_938_hlist_0.75065.list,True,0,7093,7093,7093,7093,0.2698,True,True,0,0.000000,True,0,0.000000,True,0,0.000000
LH_938,938,1.00000,data/raw/CAMELS_SIMBA_1000U/LH_938_hlist_1.00000.list,True,0,7343,7343,7343,7343,0.2698,True,True,0,0.000000,True,0,0.000000,True,0,0.000000
LH_939,939,0.20000,data/raw/CAMELS_SIMBA_1000U/LH_939_hlist_0.20000.list,True,0,4364,4364,4364,4364,0.4274,True,True,0,0.000000,True,0,0.000000,True,0,0.000000
LH_939,939,0.25000,data/raw/CAMELS_SIMBA_1000U/LH_939_hlist_0.25000.list,True,0,6080,6080,6080,6080,0.4274,True,True,0,0.000000,True,0,0.000000,True,0,0.000000
LH_939,939,0.51209,data/raw/CAMELS_SIMBA_1000U/LH_939_hlist_0.51209.list,True,0,8629,8629,8629,8629,0.4274,True,True,0,0.000000,True,0,0.000000,True,0,0.000000
LH_939,939,0.75065,data/raw/CAMELS_SIMBA_1000U/LH_939_hlist_0.75065.list,True,0,7942,7942,7942,7942,0.4274,True,True,0,0.000000,True,0,0.000000,True,0,0.000000
LH_939,939,1.00000,data/raw/CAMELS_SIMBA_1000U/LH_939_hlist_1.00000.list,True,0,7652,7652,7652,7652,0.4274,True,True,0,0.000000,True,0,0.000000,True,0,0.000000
LH_940,940,0.20000,data/raw/CAMELS_SIMBA_1000U/LH_940_hlist_0.20000.list,True,0,8429,8429,8429,8429,0.4434,True,True,0,0.000000,True,0,0.000000,True,0,0.000000
LH_940,940,0.25000,data/raw/CAMELS_SIMBA_1000U/LH_940_hlist_0.25000.list,True,0,8892,8892,8892,8892,0.4434,True,True,0,0.000000,True,0,0.000000,True,0,0.000000
LH_940,940,0.51209,data/raw/CAMELS_SIMBA_1000U/LH_940_hlist_0.51209.list,True,0,7709,7709,7709,7709,0.4434,True,True,0,0.000000,True,0,0.000000,True,0,0.000000
LH_940,940,0.75065,data/raw/CAMELS_SIMBA_1000U/LH_940_hlist_0.75065.list,True,0,6595,6595,6595,6595,0.4434,True,True,0,0.000000,True,0,0.000000,True,0,0.000000
LH_940,940,1.00000,data/raw/CAMELS_SIMBA_1000U/LH_940_hlist_1.00000.list,True,0,6126,6126,6126,6126,0.4434,True,True,0,0.000000,True,0,0.000000,True,0,0.000000
LH_941,941,0.20000,data/raw/CAMELS_SIMBA_1000U/LH_941_hlist_0.20000.list,True,0,6694,6694,6694,6694,0.4198,True,True,0,0.000000,True,0,0.000000,True,0,0.000000
LH_941,941,0.25000,data/raw/CAMELS_SIMBA_1000U/LH_941_hlist_0.25000.list,True,0,7750,7750,7750,7750,0.4198,True,True,0,0.000000,True,0,0.000000,True,0,0.000000
LH_941,941,0.51209,data/raw/CAMELS_SIMBA_1000U/LH_941_hlist_0.51209.list,True,0,7840,7840,7840,7840,0.4198,True,True,0,0.000000,True,0,0.000000,True,0,0.000000
LH_941,941,0.75065,data/raw/CAMELS_SIMBA_1000U/LH_941_hlist_0.75065.list,True,0,6598,6598,6598,6598,0.4198,True,True,0,0.000000,True,0,0.000000,True,0,0.000000
LH_941,941,1.00000,data/raw/CAMELS_SIMBA_1000U/LH_941_hlist_1.00000.list,True,0,6265,6265,6265,6265,0.4198,True,True,0,0.000000,True,0,0.000000,True,0,0.000000
LH_942,942,0.20000,data/raw/CAMELS_SIMBA_1000U/LH_942_hlist_0.20000.list,True,0,1497,1497,1497,1497,0.1206,True,True,0,0.000000,False,3,0.002000,False,503,0.251500
LH_942,942,0.25000,data/raw/CAMELS_SIMBA_1000U/LH_942_hlist_0.25000.list,True,0,2838,2838,2838,2838,0.1206,True,True,0,0.000000,True,0,0.000000,True,0,0.000000
LH_942,942,0.51209,data/raw/CAMELS_SIMBA_1000U/LH_942_hlist_0.51209.list,True,0,4316,4316,4316,4316,0.1206,True,True,0,0.000000,True,0,0.000000,True,0,0.000000
LH_942,942,0.75065,data/raw/CAMELS_SIMBA_1000U/LH_942_hlist_0.75065.list,True,0,4478,4478,4478,4478,0.1206,True,True,0,0.000000,True,0,0.000000,True,0,0.000000
LH_942,942,1.00000,data/raw/CAMELS_SIMBA_1000U/LH_942_hlist_1.00000.list,True,0,4943,4943,4943,4943,0.1206,True,True,0,0.000000,True,0,0.000000,True,0,0.000000
LH_943,943,0.20000,data/raw/CAMELS_SIMBA_1000U/LH_943_hlist_0.20000.list,True,0,769,769,769,769,0.1142,True,False,231,0.231000,False,731,0.487333,False,1231,0.615500
LH_943,943,0.25000,data/raw/CAMELS_SIMBA_1000U/LH_943_hlist_0.25000.list,True,0,1545,1545,1545,1545,0.1142,True,True,0,0.000000,True,0,0.000000,False,455,0.227500
LH_943,943,0.51209,data/raw/CAMELS_SIMBA_1000U/LH_943_hlist_0.51209.list,True,0,3836,3836,3836,3836,0.1142,True,True,0,0.000000,True,0,0.000000,True,0,0.000000
LH_943,943,0.75065,data/raw/CAMELS_SIMBA_1000U/LH_943_hlist_0.75065.list,True,0,4468,4468,4468,4468,0.1142,True,True,0,0.000000,True,0,0.000000,True,0,0.000000
LH_943,943,1.00000,data/raw/CAMELS_SIMBA_1000U/LH_943_hlist_1.00000.list,True,0,5209,5209,5209,5209,0.1142,True,True,0,0.000000,True,0,0.000000,True,0,0.000000
LH_944,944,0.20000,data/raw/CAMELS_SIMBA_1000U/LH_944_hlist_0.20000.list,True,0,6601,6601,6601,6601,0.4522,True,True,0,0.000000,True,0,0.000000,True,0,0.000000
LH_944,944,0.25000,data/raw/CAMELS_SIMBA_1000U/LH_944_hlist_0.25000.list,True,0,7978,7978,7978,7978,0.4522,True,True,0,0.000000,True,0,0.000000,True,0,0.000000
LH_944,944,0.51209,data/raw/CAMELS_SIMBA_1000U/LH_944_hlist_0.51209.list,True,0,8323,8323,8323,8323,0.4522,True,True,0,0.000000,True,0,0.000000,True,0,0.000000
LH_944,944,0.75065,data/raw/CAMELS_SIMBA_1000U/LH_944_hlist_0.75065.list,True,0,7078,7078,7078,7078,0.4522,True,True,0,0.000000,True,0,0.000000,True,0,0.000000
LH_944,944,1.00000,data/raw/CAMELS_SIMBA_1000U/LH_944_hlist_1.00000.list,True,0,6637,6637,6637,6637,0.4522,True,True,0,0.000000,True,0,0.000000,True,0,0.000000
LH_945,945,0.20000,data/raw/CAMELS_SIMBA_1000U/LH_945_hlist_0.20000.list,True,0,9134,9134,9134,9134,0.4862,True,True,0,0.000000,True,0,0.000000,True,0,0.000000
LH_945,945,0.25000,data/raw/CAMELS_SIMBA_1000U/LH_945_hlist_0.25000.list,True,0,9427,9427,9427,9427,0.4862,True,True,0,0.000000,True,0,0.000000,True,0,0.000000
LH_945,945,0.51209,data/raw/CAMELS_SIMBA_1000U/LH_945_hlist_0.51209.list,True,0,7744,7744,7744,7744,0.4862,True,True,0,0.000000,True,0,0.000000,True,0,0.000000
LH_945,945,0.75065,data/raw/CAMELS_SIMBA_1000U/LH_945_hlist_0.75065.list,True,0,6309,6309,6309,6309,0.4862,True,True,0,0.000000,True,0,0.000000,True,0,0.000000
LH_945,945,1.00000,data/raw/CAMELS_SIMBA_1000U/LH_945_hlist_1.00000.list,True,0,5942,5942,5942,5942,0.4862,True,True,0,0.000000,True,0,0.000000,True,0,0.000000
LH_946,946,0.20000,data/raw/CAMELS_SIMBA_1000U/LH_946_hlist_0.20000.list,True,0,4806,4806,4806,4806,0.2786,True,True,0,0.000000,True,0,0.000000,True,0,0.000000
LH_946,946,0.25000,data/raw/CAMELS_SIMBA_1000U/LH_946_hlist_0.25000.list,True,0,6267,6267,6267,6267,0.2786,True,True,0,0.000000,True,0,0.000000,True,0,0.000000
LH_946,946,0.51209,data/raw/CAMELS_SIMBA_1000U/LH_946_hlist_0.51209.list,True,0,7202,7202,7202,7202,0.2786,True,True,0,0.000000,True,0,0.000000,True,0,0.000000
LH_946,946,0.75065,data/raw/CAMELS_SIMBA_1000U/LH_946_hlist_0.75065.list,True,0,6310,6310,6310,6310,0.2786,True,True,0,0.000000,True,0,0.000000,True,0,0.000000
LH_946,946,1.00000,data/raw/CAMELS_SIMBA_1000U/LH_946_hlist_1.00000.list,True,0,6334,6334,6334,6334,0.2786,True,True,0,0.000000,True,0,0.000000,True,0,0.000000
LH_947,947,0.20000,data/raw/CAMELS_SIMBA_1000U/LH_947_hlist_0.20000.list,True,0,3923,3923,3923,3923,0.2546,True,True,0,0.000000,True,0,0.000000,True,0,0.000000
LH_947,947,0.25000,data/raw/CAMELS_SIMBA_1000U/LH_947_hlist_0.25000.list,True,0,5327,5327,5327,5327,0.2546,True,True,0,0.000000,True,0,0.000000,True,0,0.000000
LH_947,947,0.51209,data/raw/CAMELS_SIMBA_1000U/LH_947_hlist_0.51209.list,True,0,7297,7297,7297,7297,0.2546,True,True,0,0.000000,True,0,0.000000,True,0,0.000000
LH_947,947,0.75065,data/raw/CAMELS_SIMBA_1000U/LH_947_hlist_0.75065.list,True,0,6926,6926,6926,6926,0.2546,True,True,0,0.000000,True,0,0.000000,True,0,0.000000
LH_947,947,1.00000,data/raw/CAMELS_SIMBA_1000U/LH_947_hlist_1.00000.list,True,0,7050,7050,7050,7050,0.2546,True,True,0,0.000000,True,0,0.000000,True,0,0.000000
LH_948,948,0.20000,data/raw/CAMELS_SIMBA_1000U/LH_948_hlist_0.20000.list,True,0,4633,4633,4633,4633,0.399,True,True,0,0.000000,True,0,0.000000,True,0,0.000000
LH_948,948,0.25000,data/raw/CAMELS_SIMBA_1000U/LH_948_hlist_0.25000.list,True,0,6200,6200,6200,6200,0.399,True,True,0,0.000000,True,0,0.000000,True,0,0.000000
LH_948,948,0.51209,data/raw/CAMELS_SIMBA_1000U/LH_948_hlist_0.51209.list,True,0,8297,8297,8297,8297,0.399,True,True,0,0.000000,True,0,0.000000,True,0,0.000000
LH_948,948,0.75065,data/raw/CAMELS_SIMBA_1000U/LH_948_hlist_0.75065.list,True,0,7763,7763,7763,7763,0.399,True,True,0,0.000000,True,0,0.000000,True,0,0.000000
LH_948,948,1.00000,data/raw/CAMELS_SIMBA_1000U/LH_948_hlist_1.00000.list,True,0,7506,7506,7506,7506,0.399,True,True,0,0.000000,True,0,0.000000,True,0,0.000000
LH_949,949,0.20000,data/raw/CAMELS_SIMBA_1000U/LH_949_hlist_0.20000.list,True,0,6673,6673,6673,6673,0.291,True,True,0,0.000000,True,0,0.000000,True,0,0.000000
LH_949,949,0.25000,data/raw/CAMELS_SIMBA_1000U/LH_949_hlist_0.25000.list,True,0,7545,7545,7545,7545,0.291,True,True,0,0.000000,True,0,0.000000,True,0,0.000000
LH_949,949,0.51209,data/raw/CAMELS_SIMBA_1000U/LH_949_hlist_0.51209.list,True,0,7229,7229,7229,7229,0.291,True,True,0,0.000000,True,0,0.000000,True,0,0.000000
LH_949,949,0.75065,data/raw/CAMELS_SIMBA_1000U/LH_949_hlist_0.75065.list,True,0,6521,6521,6521,6521,0.291,True,True,0,0.000000,True,0,0.000000,True,0,0.000000
LH_949,949,1.00000,data/raw/CAMELS_SIMBA_1000U/LH_949_hlist_1.00000.list,True,0,6304,6304,6304,6304,0.291,True,True,0,0.000000,True,0,0.000000,True,0,0.000000
LH_950,950,0.20000,data/raw/CAMELS_SIMBA_1000U/LH_950_hlist_0.20000.list,True,0,4174,4174,4174,4174,0.1918,True,True,0,0.000000,True,0,0.000000,True,0,0.000000
LH_950,950,0.25000,data/raw/CAMELS_SIMBA_1000U/LH_950_hlist_0.25000.list,True,0,5467,5467,5467,5467,0.1918,True,True,0,0.000000,True,0,0.000000,True,0,0.000000
LH_950,950,0.51209,data/raw/CAMELS_SIMBA_1000U/LH_950_hlist_0.51209.list,True,0,6148,6148,6148,6148,0.1918,True,True,0,0.000000,True,0,0.000000,True,0,0.000000
LH_950,950,0.75065,data/raw/CAMELS_SIMBA_1000U/LH_950_hlist_0.75065.list,True,0,5712,5712,5712,5712,0.1918,True,True,0,0.000000,True,0,0.000000,True,0,0.000000
LH_950,950,1.00000,data/raw/CAMELS_SIMBA_1000U/LH_950_hlist_1.00000.list,True,0,5967,5967,5967,5967,0.1918,True,True,0,0.000000,True,0,0.000000,True,0,0.000000
LH_951,951,0.20000,data/raw/CAMELS_SIMBA_1000U/LH_951_hlist_0.20000.list,True,0,5405,5405,5405,5405,0.4282,True,True,0,0.000000,True,0,0.000000,True,0,0.000000
LH_951,951,0.25000,data/raw/CAMELS_SIMBA_1000U/LH_951_hlist_0.25000.list,True,0,6985,6985,6985,6985,0.4282,True,True,0,0.000000,True,0,0.000000,True,0,0.000000
LH_951,951,0.51209,data/raw/CAMELS_SIMBA_1000U/LH_951_hlist_0.51209.list,True,0,8083,8083,8083,8083,0.4282,True,True,0,0.000000,True,0,0.000000,True,0,0.000000
LH_951,951,0.75065,data/raw/CAMELS_SIMBA_1000U/LH_951_hlist_0.75065.list,True,0,7247,7247,7247,7247,0.4282,True,True,0,0.000000,True,0,0.000000,True,0,0.000000
LH_951,951,1.00000,data/raw/CAMELS_SIMBA_1000U/LH_951_hlist_1.00000.list,True,0,6878,6878,6878,6878,0.4282,True,True,0,0.000000,True,0,0.000000,True,0,0.000000
LH_952,952,0.20000,data/raw/CAMELS_SIMBA_1000U/LH_952_hlist_0.20000.list,True,0,5927,5927,5927,5927,0.2906,True,True,0,0.000000,True,0,0.000000,True,0,0.000000
LH_952,952,0.25000,data/raw/CAMELS_SIMBA_1000U/LH_952_hlist_0.25000.list,True,0,6935,6935,6935,6935,0.2906,True,True,0,0.000000,True,0,0.000000,True,0,0.000000
LH_952,952,0.51209,data/raw/CAMELS_SIMBA_1000U/LH_952_hlist_0.51209.list,True,0,6676,6676,6676,6676,0.2906,True,True,0,0.000000,True,0,0.000000,True,0,0.000000
LH_952,952,0.75065,data/raw/CAMELS_SIMBA_1000U/LH_952_hlist_0.75065.list,True,0,6023,6023,6023,6023,0.2906,True,True,0,0.000000,True,0,0.000000,True,0,0.000000
LH_952,952,1.00000,data/raw/CAMELS_SIMBA_1000U/LH_952_hlist_1.00000.list,True,0,5929,5929,5929,5929,0.2906,True,True,0,0.000000,True,0,0.000000,True,0,0.000000
LH_953,953,0.20000,data/raw/CAMELS_SIMBA_1000U/LH_953_hlist_0.20000.list,True,0,7418,7418,7418,7418,0.4466,True,True,0,0.000000,True,0,0.000000,True,0,0.000000
LH_953,953,0.25000,data/raw/CAMELS_SIMBA_1000U/LH_953_hlist_0.25000.list,True,0,8270,8270,8270,8270,0.4466,True,True,0,0.000000,True,0,0.000000,True,0,0.000000
LH_953,953,0.51209,data/raw/CAMELS_SIMBA_1000U/LH_953_hlist_0.51209.list,True,0,7451,7451,7451,7451,0.4466,True,True,0,0.000000,True,0,0.000000,True,0,0.000000
LH_953,953,0.75065,data/raw/CAMELS_SIMBA_1000U/LH_953_hlist_0.75065.list,True,0,6462,6462,6462,6462,0.4466,True,True,0,0.000000,True,0,0.000000,True,0,0.000000
LH_953,953,1.00000,data/raw/CAMELS_SIMBA_1000U/LH_953_hlist_1.00000.list,True,0,6171,6171,6171,6171,0.4466,True,True,0,0.000000,True,0,0.000000,True,0,0.000000
LH_954,954,0.20000,data/raw/CAMELS_SIMBA_1000U/LH_954_hlist_0.20000.list,True,0,3980,3980,3980,3980,0.261,True,True,0,0.000000,True,0,0.000000,True,0,0.000000
LH_954,954,0.25000,data/raw/CAMELS_SIMBA_1000U/LH_954_hlist_0.25000.list,True,0,5555,5555,5555,5555,0.261,True,True,0,0.000000,True,0,0.000000,True,0,0.000000
LH_954,954,0.51209,data/raw/CAMELS_SIMBA_1000U/LH_954_hlist_0.51209.list,True,0,7520,7520,7520,7520,0.261,True,True,0,0.000000,True,0,0.000000,True,0,0.000000
LH_954,954,0.75065,data/raw/CAMELS_SIMBA_1000U/LH_954_hlist_0.75065.list,True,0,6978,6978,6978,6978,0.261,True,True,0,0.000000,True,0,0.000000,True,0,0.000000
LH_954,954,1.00000,data/raw/CAMELS_SIMBA_1000U/LH_954_hlist_1.00000.list,True,0,7093,7093,7093,7093,0.261,True,True,0,0.000000,True,0,0.000000,True,0,0.000000
LH_955,955,0.20000,data/raw/CAMELS_SIMBA_1000U/LH_955_hlist_0.20000.list,True,0,3498,3498,3498,3498,0.1446,True,True,0,0.000000,True,0,0.000000,True,0,0.000000
LH_955,955,0.25000,data/raw/CAMELS_SIMBA_1000U/LH_955_hlist_0.25000.list,True,0,4639,4639,4639,4639,0.1446,True,True,0,0.000000,True,0,0.000000,True,0,0.000000
LH_955,955,0.51209,data/raw/CAMELS_SIMBA_1000U/LH_955_hlist_0.51209.list,True,0,5240,5240,5240,5240,0.1446,True,True,0,0.000000,True,0,0.000000,True,0,0.000000
LH_955,955,0.75065,data/raw/CAMELS_SIMBA_1000U/LH_955_hlist_0.75065.list,True,0,5190,5190,5190,5190,0.1446,True,True,0,0.000000,True,0,0.000000,True,0,0.000000
LH_955,955,1.00000,data/raw/CAMELS_SIMBA_1000U/LH_955_hlist_1.00000.list,True,0,5545,5545,5545,5545,0.1446,True,True,0,0.000000,True,0,0.000000,True,0,0.000000
LH_956,956,0.20000,data/raw/CAMELS_SIMBA_1000U/LH_956_hlist_0.20000.list,True,0,2129,2129,2129,2129,0.1482,True,True,0,0.000000,True,0,0.000000,True,0,0.000000
LH_956,956,0.25000,data/raw/CAMELS_SIMBA_1000U/LH_956_hlist_0.25000.list,True,0,3423,3423,3423,3423,0.1482,True,True,0,0.000000,True,0,0.000000,True,0,0.000000
LH_956,956,0.51209,data/raw/CAMELS_SIMBA_1000U/LH_956_hlist_0.51209.list,True,0,5846,5846,5846,5846,0.1482,True,True,0,0.000000,True,0,0.000000,True,0,0.000000
LH_956,956,0.75065,data/raw/CAMELS_SIMBA_1000U/LH_956_hlist_0.75065.list,True,0,5950,5950,5950,5950,0.1482,True,True,0,0.000000,True,0,0.000000,True,0,0.000000
LH_956,956,1.00000,data/raw/CAMELS_SIMBA_1000U/LH_956_hlist_1.00000.list,True,0,6352,6352,6352,6352,0.1482,True,True,0,0.000000,True,0,0.000000,True,0,0.000000
LH_957,957,0.20000,data/raw/CAMELS_SIMBA_1000U/LH_957_hlist_0.20000.list,True,0,6421,6421,6421,6421,0.2934,True,True,0,0.000000,True,0,0.000000,True,0,0.000000
LH_957,957,0.25000,data/raw/CAMELS_SIMBA_1000U/LH_957_hlist_0.25000.list,True,0,7256,7256,7256,7256,0.2934,True,True,0,0.000000,True,0,0.000000,True,0,0.000000
LH_957,957,0.51209,data/raw/CAMELS_SIMBA_1000U/LH_957_hlist_0.51209.list,True,0,6247,6247,6247,6247,0.2934,True,True,0,0.000000,True,0,0.000000,True,0,0.000000
LH_957,957,0.75065,data/raw/CAMELS_SIMBA_1000U/LH_957_hlist_0.75065.list,True,0,5433,5433,5433,5433,0.2934,True,True,0,0.000000,True,0,0.000000,True,0,0.000000
LH_957,957,1.00000,data/raw/CAMELS_SIMBA_1000U/LH_957_hlist_1.00000.list,True,0,5389,5389,5389,5389,0.2934,True,True,0,0.000000,True,0,0.000000,True,0,0.000000
LH_958,958,0.20000,data/raw/CAMELS_SIMBA_1000U/LH_958_hlist_0.20000.list,True,0,591,591,591,591,0.117,True,False,409,0.409000,False,909,0.606000,False,1409,0.704500
LH_958,958,0.25000,data/raw/CAMELS_SIMBA_1000U/LH_958_hlist_0.25000.list,True,0,1804,1804,1804,1804,0.117,True,True,0,0.000000,True,0,0.000000,False,196,0.098000
LH_958,958,0.51209,data/raw/CAMELS_SIMBA_1000U/LH_958_hlist_0.51209.list,True,0,4145,4145,4145,4145,0.117,True,True,0,0.000000,True,0,0.000000,True,0,0.000000
LH_958,958,0.75065,data/raw/CAMELS_SIMBA_1000U/LH_958_hlist_0.75065.list,True,0,4801,4801,4801,4801,0.117,True,True,0,0.000000,True,0,0.000000,True,0,0.000000
LH_958,958,1.00000,data/raw/CAMELS_SIMBA_1000U/LH_958_hlist_1.00000.list,True,0,5403,5403,5403,5403,0.117,True,True,0,0.000000,True,0,0.000000,True,0,0.000000
LH_959,959,0.20000,data/raw/CAMELS_SIMBA_1000U/LH_959_hlist_0.20000.list,True,0,2927,2927,2927,2927,0.2362,True,True,0,0.000000,True,0,0.000000,True,0,0.000000
LH_959,959,0.25000,data/raw/CAMELS_SIMBA_1000U/LH_959_hlist_0.25000.list,True,0,4553,4553,4553,4553,0.2362,True,True,0,0.000000,True,0,0.000000,True,0,0.000000
LH_959,959,0.51209,data/raw/CAMELS_SIMBA_1000U/LH_959_hlist_0.51209.list,True,0,7009,7009,7009,7009,0.2362,True,True,0,0.000000,True,0,0.000000,True,0,0.000000
LH_959,959,0.75065,data/raw/CAMELS_SIMBA_1000U/LH_959_hlist_0.75065.list,True,0,6939,6939,6939,6939,0.2362,True,True,0,0.000000,True,0,0.000000,True,0,0.000000
LH_959,959,1.00000,data/raw/CAMELS_SIMBA_1000U/LH_959_hlist_1.00000.list,True,0,7164,7164,7164,7164,0.2362,True,True,0,0.000000,True,0,0.000000,True,0,0.000000
LH_960,960,0.20000,data/raw/CAMELS_SIMBA_1000U/LH_960_hlist_0.20000.list,True,0,8051,8051,8051,8051,0.4914,True,True,0,0.000000,True,0,0.000000,True,0,0.000000
LH_960,960,0.25000,data/raw/CAMELS_SIMBA_1000U/LH_960_hlist_0.25000.list,True,0,8926,8926,8926,8926,0.4914,True,True,0,0.000000,True,0,0.000000,True,0,0.000000
LH_960,960,0.51209,data/raw/CAMELS_SIMBA_1000U/LH_960_hlist_0.51209.list,True,0,8077,8077,8077,8077,0.4914,True,True,0,0.000000,True,0,0.000000,True,0,0.000000
LH_960,960,0.75065,data/raw/CAMELS_SIMBA_1000U/LH_960_hlist_0.75065.list,True,0,6758,6758,6758,6758,0.4914,True,True,0,0.000000,True,0,0.000000,True,0,0.000000
LH_960,960,1.00000,data/raw/CAMELS_SIMBA_1000U/LH_960_hlist_1.00000.list,True,0,6335,6335,6335,6335,0.4914,True,True,0,0.000000,True,0,0.000000,True,0,0.000000
LH_961,961,0.20000,data/raw/CAMELS_SIMBA_1000U/LH_961_hlist_0.20000.list,True,0,8476,8476,8476,8476,0.437,True,True,0,0.000000,True,0,0.000000,True,0,0.000000
LH_961,961,0.25000,data/raw/CAMELS_SIMBA_1000U/LH_961_hlist_0.25000.list,True,0,9113,9113,9113,9113,0.437,True,True,0,0.000000,True,0,0.000000,True,0,0.000000
LH_961,961,0.51209,data/raw/CAMELS_SIMBA_1000U/LH_961_hlist_0.51209.list,True,0,7958,7958,7958,7958,0.437,True,True,0,0.000000,True,0,0.000000,True,0,0.000000
LH_961,961,0.75065,data/raw/CAMELS_SIMBA_1000U/LH_961_hlist_0.75065.list,True,0,6597,6597,6597,6597,0.437,True,True,0,0.000000,True,0,0.000000,True,0,0.000000
LH_961,961,1.00000,data/raw/CAMELS_SIMBA_1000U/LH_961_hlist_1.00000.list,True,0,6276,6276,6276,6276,0.437,True,True,0,0.000000,True,0,0.000000,True,0,0.000000
LH_962,962,0.20000,data/raw/CAMELS_SIMBA_1000U/LH_962_hlist_0.20000.list,True,0,3197,3197,3197,3197,0.2042,True,True,0,0.000000,True,0,0.000000,True,0,0.000000
LH_962,962,0.25000,data/raw/CAMELS_SIMBA_1000U/LH_962_hlist_0.25000.list,True,0,4575,4575,4575,4575,0.2042,True,True,0,0.000000,True,0,0.000000,True,0,0.000000
LH_962,962,0.51209,data/raw/CAMELS_SIMBA_1000U/LH_962_hlist_0.51209.list,True,0,6941,6941,6941,6941,0.2042,True,True,0,0.000000,True,0,0.000000,True,0,0.000000
LH_962,962,0.75065,data/raw/CAMELS_SIMBA_1000U/LH_962_hlist_0.75065.list,True,0,6605,6605,6605,6605,0.2042,True,True,0,0.000000,True,0,0.000000,True,0,0.000000
LH_962,962,1.00000,data/raw/CAMELS_SIMBA_1000U/LH_962_hlist_1.00000.list,True,0,6912,6912,6912,6912,0.2042,True,True,0,0.000000,True,0,0.000000,True,0,0.000000
LH_963,963,0.20000,data/raw/CAMELS_SIMBA_1000U/LH_963_hlist_0.20000.list,True,0,2764,2764,2764,2764,0.263,True,True,0,0.000000,True,0,0.000000,True,0,0.000000
LH_963,963,0.25000,data/raw/CAMELS_SIMBA_1000U/LH_963_hlist_0.25000.list,True,0,4320,4320,4320,4320,0.263,True,True,0,0.000000,True,0,0.000000,True,0,0.000000
LH_963,963,0.51209,data/raw/CAMELS_SIMBA_1000U/LH_963_hlist_0.51209.list,True,0,7087,7087,7087,7087,0.263,True,True,0,0.000000,True,0,0.000000,True,0,0.000000
LH_963,963,0.75065,data/raw/CAMELS_SIMBA_1000U/LH_963_hlist_0.75065.list,True,0,6969,6969,6969,6969,0.263,True,True,0,0.000000,True,0,0.000000,True,0,0.000000
LH_963,963,1.00000,data/raw/CAMELS_SIMBA_1000U/LH_963_hlist_1.00000.list,True,0,7168,7168,7168,7168,0.263,True,True,0,0.000000,True,0,0.000000,True,0,0.000000
LH_964,964,0.20000,data/raw/CAMELS_SIMBA_1000U/LH_964_hlist_0.20000.list,True,0,7760,7760,7760,7760,0.4534,True,True,0,0.000000,True,0,0.000000,True,0,0.000000
LH_964,964,0.25000,data/raw/CAMELS_SIMBA_1000U/LH_964_hlist_0.25000.list,True,0,8674,8674,8674,8674,0.4534,True,True,0,0.000000,True,0,0.000000,True,0,0.000000
LH_964,964,0.51209,data/raw/CAMELS_SIMBA_1000U/LH_964_hlist_0.51209.list,True,0,7887,7887,7887,7887,0.4534,True,True,0,0.000000,True,0,0.000000,True,0,0.000000
LH_964,964,0.75065,data/raw/CAMELS_SIMBA_1000U/LH_964_hlist_0.75065.list,True,0,6525,6525,6525,6525,0.4534,True,True,0,0.000000,True,0,0.000000,True,0,0.000000
LH_964,964,1.00000,data/raw/CAMELS_SIMBA_1000U/LH_964_hlist_1.00000.list,True,0,6142,6142,6142,6142,0.4534,True,True,0,0.000000,True,0,0.000000,True,0,0.000000
LH_965,965,0.20000,data/raw/CAMELS_SIMBA_1000U/LH_965_hlist_0.20000.list,True,0,1720,1720,1720,1720,0.177,True,True,0,0.000000,True,0,0.000000,False,280,0.140000
LH_965,965,0.25000,data/raw/CAMELS_SIMBA_1000U/LH_965_hlist_0.25000.list,True,0,2981,2981,2981,2981,0.177,True,True,0,0.000000,True,0,0.000000,True,0,0.000000
LH_965,965,0.51209,data/raw/CAMELS_SIMBA_1000U/LH_965_hlist_0.51209.list,True,0,5897,5897,5897,5897,0.177,True,True,0,0.000000,True,0,0.000000,True,0,0.000000
LH_965,965,0.75065,data/raw/CAMELS_SIMBA_1000U/LH_965_hlist_0.75065.list,True,0,6232,6232,6232,6232,0.177,True,True,0,0.000000,True,0,0.000000,True,0,0.000000
LH_965,965,1.00000,data/raw/CAMELS_SIMBA_1000U/LH_965_hlist_1.00000.list,True,0,6710,6710,6710,6710,0.177,True,True,0,0.000000,True,0,0.000000,True,0,0.000000
LH_966,966,0.20000,data/raw/CAMELS_SIMBA_1000U/LH_966_hlist_0.20000.list,True,0,2722,2722,2722,2722,0.2454,True,True,0,0.000000,True,0,0.000000,True,0,0.000000
LH_966,966,0.25000,data/raw/CAMELS_SIMBA_1000U/LH_966_hlist_0.25000.list,True,0,4362,4362,4362,4362,0.2454,True,True,0,0.000000,True,0,0.000000,True,0,0.000000
LH_966,966,0.51209,data/raw/CAMELS_SIMBA_1000U/LH_966_hlist_0.51209.list,True,0,7253,7253,7253,7253,0.2454,True,True,0,0.000000,True,0,0.000000,True,0,0.000000
LH_966,966,0.75065,data/raw/CAMELS_SIMBA_1000U/LH_966_hlist_0.75065.list,True,0,7223,7223,7223,7223,0.2454,True,True,0,0.000000,True,0,0.000000,True,0,0.000000
LH_966,966,1.00000,data/raw/CAMELS_SIMBA_1000U/LH_966_hlist_1.00000.list,True,0,7474,7474,7474,7474,0.2454,True,True,0,0.000000,True,0,0.000000,True,0,0.000000
LH_967,967,0.20000,data/raw/CAMELS_SIMBA_1000U/LH_967_hlist_0.20000.list,True,0,4283,4283,4283,4283,0.3266,True,True,0,0.000000,True,0,0.000000,True,0,0.000000
LH_967,967,0.25000,data/raw/CAMELS_SIMBA_1000U/LH_967_hlist_0.25000.list,True,0,5883,5883,5883,5883,0.3266,True,True,0,0.000000,True,0,0.000000,True,0,0.000000
LH_967,967,0.51209,data/raw/CAMELS_SIMBA_1000U/LH_967_hlist_0.51209.list,True,0,7394,7394,7394,7394,0.3266,True,True,0,0.000000,True,0,0.000000,True,0,0.000000
LH_967,967,0.75065,data/raw/CAMELS_SIMBA_1000U/LH_967_hlist_0.75065.list,True,0,6893,6893,6893,6893,0.3266,True,True,0,0.000000,True,0,0.000000,True,0,0.000000
LH_967,967,1.00000,data/raw/CAMELS_SIMBA_1000U/LH_967_hlist_1.00000.list,True,0,6695,6695,6695,6695,0.3266,True,True,0,0.000000,True,0,0.000000,True,0,0.000000
LH_968,968,0.20000,data/raw/CAMELS_SIMBA_1000U/LH_968_hlist_0.20000.list,True,0,5626,5626,5626,5626,0.3026,True,True,0,0.000000,True,0,0.000000,True,0,0.000000
LH_968,968,0.25000,data/raw/CAMELS_SIMBA_1000U/LH_968_hlist_0.25000.list,True,0,6739,6739,6739,6739,0.3026,True,True,0,0.000000,True,0,0.000000,True,0,0.000000
LH_968,968,0.51209,data/raw/CAMELS_SIMBA_1000U/LH_968_hlist_0.51209.list,True,0,7170,7170,7170,7170,0.3026,True,True,0,0.000000,True,0,0.000000,True,0,0.000000
LH_968,968,0.75065,data/raw/CAMELS_SIMBA_1000U/LH_968_hlist_0.75065.list,True,0,6397,6397,6397,6397,0.3026,True,True,0,0.000000,True,0,0.000000,True,0,0.000000
LH_968,968,1.00000,data/raw/CAMELS_SIMBA_1000U/LH_968_hlist_1.00000.list,True,0,6356,6356,6356,6356,0.3026,True,True,0,0.000000,True,0,0.000000,True,0,0.000000
LH_969,969,0.20000,data/raw/CAMELS_SIMBA_1000U/LH_969_hlist_0.20000.list,True,0,6088,6088,6088,6088,0.4858,True,True,0,0.000000,True,0,0.000000,True,0,0.000000
LH_969,969,0.25000,data/raw/CAMELS_SIMBA_1000U/LH_969_hlist_0.25000.list,True,0,7356,7356,7356,7356,0.4858,True,True,0,0.000000,True,0,0.000000,True,0,0.000000
LH_969,969,0.51209,data/raw/CAMELS_SIMBA_1000U/LH_969_hlist_0.51209.list,True,0,8848,8848,8848,8848,0.4858,True,True,0,0.000000,True,0,0.000000,True,0,0.000000
LH_969,969,0.75065,data/raw/CAMELS_SIMBA_1000U/LH_969_hlist_0.75065.list,True,0,7830,7830,7830,7830,0.4858,True,True,0,0.000000,True,0,0.000000,True,0,0.000000
LH_969,969,1.00000,data/raw/CAMELS_SIMBA_1000U/LH_969_hlist_1.00000.list,True,0,7291,7291,7291,7291,0.4858,True,True,0,0.000000,True,0,0.000000,True,0,0.000000
LH_970,970,0.20000,data/raw/CAMELS_SIMBA_1000U/LH_970_hlist_0.20000.list,True,0,1493,1493,1493,1493,0.2154,True,True,0,0.000000,False,7,0.004667,False,507,0.253500
LH_970,970,0.25000,data/raw/CAMELS_SIMBA_1000U/LH_970_hlist_0.25000.list,True,0,2957,2957,2957,2957,0.2154,True,True,0,0.000000,True,0,0.000000,True,0,0.000000
LH_970,970,0.51209,data/raw/CAMELS_SIMBA_1000U/LH_970_hlist_0.51209.list,True,0,6853,6853,6853,6853,0.2154,True,True,0,0.000000,True,0,0.000000,True,0,0.000000
LH_970,970,0.75065,data/raw/CAMELS_SIMBA_1000U/LH_970_hlist_0.75065.list,True,0,6895,6895,6895,6895,0.2154,True,True,0,0.000000,True,0,0.000000,True,0,0.000000
LH_970,970,1.00000,data/raw/CAMELS_SIMBA_1000U/LH_970_hlist_1.00000.list,True,0,7240,7240,7240,7240,0.2154,True,True,0,0.000000,True,0,0.000000,True,0,0.000000
LH_971,971,0.20000,data/raw/CAMELS_SIMBA_1000U/LH_971_hlist_0.20000.list,True,0,5530,5530,5530,5530,0.2722,True,True,0,0.000000,True,0,0.000000,True,0,0.000000
LH_971,971,0.25000,data/raw/CAMELS_SIMBA_1000U/LH_971_hlist_0.25000.list,True,0,6697,6697,6697,6697,0.2722,True,True,0,0.000000,True,0,0.000000,True,0,0.000000
LH_971,971,0.51209,data/raw/CAMELS_SIMBA_1000U/LH_971_hlist_0.51209.list,True,0,6735,6735,6735,6735,0.2722,True,True,0,0.000000,True,0,0.000000,True,0,0.000000
LH_971,971,0.75065,data/raw/CAMELS_SIMBA_1000U/LH_971_hlist_0.75065.list,True,0,6153,6153,6153,6153,0.2722,True,True,0,0.000000,True,0,0.000000,True,0,0.000000
LH_971,971,1.00000,data/raw/CAMELS_SIMBA_1000U/LH_971_hlist_1.00000.list,True,0,6151,6151,6151,6151,0.2722,True,True,0,0.000000,True,0,0.000000,True,0,0.000000
LH_972,972,0.20000,data/raw/CAMELS_SIMBA_1000U/LH_972_hlist_0.20000.list,True,0,6481,6481,6481,6481,0.4222,True,True,0,0.000000,True,0,0.000000,True,0,0.000000
LH_972,972,0.25000,data/raw/CAMELS_SIMBA_1000U/LH_972_hlist_0.25000.list,True,0,7709,7709,7709,7709,0.4222,True,True,0,0.000000,True,0,0.000000,True,0,0.000000
LH_972,972,0.51209,data/raw/CAMELS_SIMBA_1000U/LH_972_hlist_0.51209.list,True,0,8338,8338,8338,8338,0.4222,True,True,0,0.000000,True,0,0.000000,True,0,0.000000
LH_972,972,0.75065,data/raw/CAMELS_SIMBA_1000U/LH_972_hlist_0.75065.list,True,0,7204,7204,7204,7204,0.4222,True,True,0,0.000000,True,0,0.000000,True,0,0.000000
LH_972,972,1.00000,data/raw/CAMELS_SIMBA_1000U/LH_972_hlist_1.00000.list,True,0,6805,6805,6805,6805,0.4222,True,True,0,0.000000,True,0,0.000000,True,0,0.000000
LH_973,973,0.20000,data/raw/CAMELS_SIMBA_1000U/LH_973_hlist_0.20000.list,True,0,4132,4132,4132,4132,0.369,True,True,0,0.000000,True,0,0.000000,True,0,0.000000
LH_973,973,0.25000,data/raw/CAMELS_SIMBA_1000U/LH_973_hlist_0.25000.list,True,0,5899,5899,5899,5899,0.369,True,True,0,0.000000,True,0,0.000000,True,0,0.000000
LH_973,973,0.51209,data/raw/CAMELS_SIMBA_1000U/LH_973_hlist_0.51209.list,True,0,8385,8385,8385,8385,0.369,True,True,0,0.000000,True,0,0.000000,True,0,0.000000
LH_973,973,0.75065,data/raw/CAMELS_SIMBA_1000U/LH_973_hlist_0.75065.list,True,0,7788,7788,7788,7788,0.369,True,True,0,0.000000,True,0,0.000000,True,0,0.000000
LH_973,973,1.00000,data/raw/CAMELS_SIMBA_1000U/LH_973_hlist_1.00000.list,True,0,7687,7687,7687,7687,0.369,True,True,0,0.000000,True,0,0.000000,True,0,0.000000
LH_974,974,0.20000,data/raw/CAMELS_SIMBA_1000U/LH_974_hlist_0.20000.list,True,0,6042,6042,6042,6042,0.4298,True,True,0,0.000000,True,0,0.000000,True,0,0.000000
LH_974,974,0.25000,data/raw/CAMELS_SIMBA_1000U/LH_974_hlist_0.25000.list,True,0,7470,7470,7470,7470,0.4298,True,True,0,0.000000,True,0,0.000000,True,0,0.000000
LH_974,974,0.51209,data/raw/CAMELS_SIMBA_1000U/LH_974_hlist_0.51209.list,True,0,8161,8161,8161,8161,0.4298,True,True,0,0.000000,True,0,0.000000,True,0,0.000000
LH_974,974,0.75065,data/raw/CAMELS_SIMBA_1000U/LH_974_hlist_0.75065.list,True,0,7138,7138,7138,7138,0.4298,True,True,0,0.000000,True,0,0.000000,True,0,0.000000
LH_974,974,1.00000,data/raw/CAMELS_SIMBA_1000U/LH_974_hlist_1.00000.list,True,0,6960,6960,6960,6960,0.4298,True,True,0,0.000000,True,0,0.000000,True,0,0.000000
LH_975,975,0.20000,data/raw/CAMELS_SIMBA_1000U/LH_975_hlist_0.20000.list,True,0,5309,5309,5309,5309,0.2662,True,True,0,0.000000,True,0,0.000000,True,0,0.000000
LH_975,975,0.25000,data/raw/CAMELS_SIMBA_1000U/LH_975_hlist_0.25000.list,True,0,6452,6452,6452,6452,0.2662,True,True,0,0.000000,True,0,0.000000,True,0,0.000000
LH_975,975,0.51209,data/raw/CAMELS_SIMBA_1000U/LH_975_hlist_0.51209.list,True,0,6982,6982,6982,6982,0.2662,True,True,0,0.000000,True,0,0.000000,True,0,0.000000
LH_975,975,0.75065,data/raw/CAMELS_SIMBA_1000U/LH_975_hlist_0.75065.list,True,0,6249,6249,6249,6249,0.2662,True,True,0,0.000000,True,0,0.000000,True,0,0.000000
LH_975,975,1.00000,data/raw/CAMELS_SIMBA_1000U/LH_975_hlist_1.00000.list,True,0,6447,6447,6447,6447,0.2662,True,True,0,0.000000,True,0,0.000000,True,0,0.000000
LH_976,976,0.20000,data/raw/CAMELS_SIMBA_1000U/LH_976_hlist_0.20000.list,True,0,2408,2408,2408,2408,0.2522,True,True,0,0.000000,True,0,0.000000,True,0,0.000000
LH_976,976,0.25000,data/raw/CAMELS_SIMBA_1000U/LH_976_hlist_0.25000.list,True,0,4171,4171,4171,4171,0.2522,True,True,0,0.000000,True,0,0.000000,True,0,0.000000
LH_976,976,0.51209,data/raw/CAMELS_SIMBA_1000U/LH_976_hlist_0.51209.list,True,0,6860,6860,6860,6860,0.2522,True,True,0,0.000000,True,0,0.000000,True,0,0.000000
LH_976,976,0.75065,data/raw/CAMELS_SIMBA_1000U/LH_976_hlist_0.75065.list,True,0,6656,6656,6656,6656,0.2522,True,True,0,0.000000,True,0,0.000000,True,0,0.000000
LH_976,976,1.00000,data/raw/CAMELS_SIMBA_1000U/LH_976_hlist_1.00000.list,True,0,6933,6933,6933,6933,0.2522,True,True,0,0.000000,True,0,0.000000,True,0,0.000000
LH_977,977,0.20000,data/raw/CAMELS_SIMBA_1000U/LH_977_hlist_0.20000.list,True,0,507,507,507,507,0.1146,True,False,493,0.493000,False,993,0.662000,False,1493,0.746500
LH_977,977,0.25000,data/raw/CAMELS_SIMBA_1000U/LH_977_hlist_0.25000.list,True,0,1243,1243,1243,1243,0.1146,True,True,0,0.000000,False,257,0.171333,False,757,0.378500
LH_977,977,0.51209,data/raw/CAMELS_SIMBA_1000U/LH_977_hlist_0.51209.list,True,0,4147,4147,4147,4147,0.1146,True,True,0,0.000000,True,0,0.000000,True,0,0.000000
LH_977,977,0.75065,data/raw/CAMELS_SIMBA_1000U/LH_977_hlist_0.75065.list,True,0,4787,4787,4787,4787,0.1146,True,True,0,0.000000,True,0,0.000000,True,0,0.000000
LH_977,977,1.00000,data/raw/CAMELS_SIMBA_1000U/LH_977_hlist_1.00000.list,True,0,5524,5524,5524,5524,0.1146,True,True,0,0.000000,True,0,0.000000,True,0,0.000000
LH_978,978,0.20000,data/raw/CAMELS_SIMBA_1000U/LH_978_hlist_0.20000.list,True,0,4948,4948,4948,4948,0.2458,True,True,0,0.000000,True,0,0.000000,True,0,0.000000
LH_978,978,0.25000,data/raw/CAMELS_SIMBA_1000U/LH_978_hlist_0.25000.list,True,0,6185,6185,6185,6185,0.2458,True,True,0,0.000000,True,0,0.000000,True,0,0.000000
LH_978,978,0.51209,data/raw/CAMELS_SIMBA_1000U/LH_978_hlist_0.51209.list,True,0,7040,7040,7040,7040,0.2458,True,True,0,0.000000,True,0,0.000000,True,0,0.000000
LH_978,978,0.75065,data/raw/CAMELS_SIMBA_1000U/LH_978_hlist_0.75065.list,True,0,6370,6370,6370,6370,0.2458,True,True,0,0.000000,True,0,0.000000,True,0,0.000000
LH_978,978,1.00000,data/raw/CAMELS_SIMBA_1000U/LH_978_hlist_1.00000.list,True,0,6476,6476,6476,6476,0.2458,True,True,0,0.000000,True,0,0.000000,True,0,0.000000
LH_979,979,0.20000,data/raw/CAMELS_SIMBA_1000U/LH_979_hlist_0.20000.list,True,0,1885,1885,1885,1885,0.143,True,True,0,0.000000,True,0,0.000000,False,115,0.057500
LH_979,979,0.25000,data/raw/CAMELS_SIMBA_1000U/LH_979_hlist_0.25000.list,True,0,3207,3207,3207,3207,0.143,True,True,0,0.000000,True,0,0.000000,True,0,0.000000
LH_979,979,0.51209,data/raw/CAMELS_SIMBA_1000U/LH_979_hlist_0.51209.list,True,0,5156,5156,5156,5156,0.143,True,True,0,0.000000,True,0,0.000000,True,0,0.000000
LH_979,979,0.75065,data/raw/CAMELS_SIMBA_1000U/LH_979_hlist_0.75065.list,True,0,5342,5342,5342,5342,0.143,True,True,0,0.000000,True,0,0.000000,True,0,0.000000
LH_979,979,1.00000,data/raw/CAMELS_SIMBA_1000U/LH_979_hlist_1.00000.list,True,0,5819,5819,5819,5819,0.143,True,True,0,0.000000,True,0,0.000000,True,0,0.000000
LH_980,980,0.20000,data/raw/CAMELS_SIMBA_1000U/LH_980_hlist_0.20000.list,True,0,1528,1528,1528,1528,0.2054,True,True,0,0.000000,True,0,0.000000,False,472,0.236000
LH_980,980,0.25000,data/raw/CAMELS_SIMBA_1000U/LH_980_hlist_0.25000.list,True,0,2907,2907,2907,2907,0.2054,True,True,0,0.000000,True,0,0.000000,True,0,0.000000
LH_980,980,0.51209,data/raw/CAMELS_SIMBA_1000U/LH_980_hlist_0.51209.list,True,0,6834,6834,6834,6834,0.2054,True,True,0,0.000000,True,0,0.000000,True,0,0.000000
LH_980,980,0.75065,data/raw/CAMELS_SIMBA_1000U/LH_980_hlist_0.75065.list,True,0,7144,7144,7144,7144,0.2054,True,True,0,0.000000,True,0,0.000000,True,0,0.000000
LH_980,980,1.00000,data/raw/CAMELS_SIMBA_1000U/LH_980_hlist_1.00000.list,True,0,7666,7666,7666,7666,0.2054,True,True,0,0.000000,True,0,0.000000,True,0,0.000000
LH_981,981,0.20000,data/raw/CAMELS_SIMBA_1000U/LH_981_hlist_0.20000.list,True,0,1537,1537,1537,1537,0.1518,True,True,0,0.000000,True,0,0.000000,False,463,0.231500
LH_981,981,0.25000,data/raw/CAMELS_SIMBA_1000U/LH_981_hlist_0.25000.list,True,0,3050,3050,3050,3050,0.1518,True,True,0,0.000000,True,0,0.000000,True,0,0.000000
LH_981,981,0.51209,data/raw/CAMELS_SIMBA_1000U/LH_981_hlist_0.51209.list,True,0,5977,5977,5977,5977,0.1518,True,True,0,0.000000,True,0,0.000000,True,0,0.000000
LH_981,981,0.75065,data/raw/CAMELS_SIMBA_1000U/LH_981_hlist_0.75065.list,True,0,6209,6209,6209,6209,0.1518,True,True,0,0.000000,True,0,0.000000,True,0,0.000000
LH_981,981,1.00000,data/raw/CAMELS_SIMBA_1000U/LH_981_hlist_1.00000.list,True,0,6687,6687,6687,6687,0.1518,True,True,0,0.000000,True,0,0.000000,True,0,0.000000
LH_982,982,0.20000,data/raw/CAMELS_SIMBA_1000U/LH_982_hlist_0.20000.list,True,0,3675,3675,3675,3675,0.345,True,True,0,0.000000,True,0,0.000000,True,0,0.000000
LH_982,982,0.25000,data/raw/CAMELS_SIMBA_1000U/LH_982_hlist_0.25000.list,True,0,5375,5375,5375,5375,0.345,True,True,0,0.000000,True,0,0.000000,True,0,0.000000
LH_982,982,0.51209,data/raw/CAMELS_SIMBA_1000U/LH_982_hlist_0.51209.list,True,0,8386,8386,8386,8386,0.345,True,True,0,0.000000,True,0,0.000000,True,0,0.000000
LH_982,982,0.75065,data/raw/CAMELS_SIMBA_1000U/LH_982_hlist_0.75065.list,True,0,7845,7845,7845,7845,0.345,True,True,0,0.000000,True,0,0.000000,True,0,0.000000
LH_982,982,1.00000,data/raw/CAMELS_SIMBA_1000U/LH_982_hlist_1.00000.list,True,0,7911,7911,7911,7911,0.345,True,True,0,0.000000,True,0,0.000000,True,0,0.000000
LH_983,983,0.20000,data/raw/CAMELS_SIMBA_1000U/LH_983_hlist_0.20000.list,True,0,6234,6234,6234,6234,0.3066,True,True,0,0.000000,True,0,0.000000,True,0,0.000000
LH_983,983,0.25000,data/raw/CAMELS_SIMBA_1000U/LH_983_hlist_0.25000.list,True,0,7343,7343,7343,7343,0.3066,True,True,0,0.000000,True,0,0.000000,True,0,0.000000
LH_983,983,0.51209,data/raw/CAMELS_SIMBA_1000U/LH_983_hlist_0.51209.list,True,0,7169,7169,7169,7169,0.3066,True,True,0,0.000000,True,0,0.000000,True,0,0.000000
LH_983,983,0.75065,data/raw/CAMELS_SIMBA_1000U/LH_983_hlist_0.75065.list,True,0,6128,6128,6128,6128,0.3066,True,True,0,0.000000,True,0,0.000000,True,0,0.000000
LH_983,983,1.00000,data/raw/CAMELS_SIMBA_1000U/LH_983_hlist_1.00000.list,True,0,5913,5913,5913,5913,0.3066,True,True,0,0.000000,True,0,0.000000,True,0,0.000000
LH_984,984,0.20000,data/raw/CAMELS_SIMBA_1000U/LH_984_hlist_0.20000.list,True,0,3844,3844,3844,3844,0.1414,True,True,0,0.000000,True,0,0.000000,True,0,0.000000
LH_984,984,0.25000,data/raw/CAMELS_SIMBA_1000U/LH_984_hlist_0.25000.list,True,0,4835,4835,4835,4835,0.1414,True,True,0,0.000000,True,0,0.000000,True,0,0.000000
LH_984,984,0.51209,data/raw/CAMELS_SIMBA_1000U/LH_984_hlist_0.51209.list,True,0,5372,5372,5372,5372,0.1414,True,True,0,0.000000,True,0,0.000000,True,0,0.000000
LH_984,984,0.75065,data/raw/CAMELS_SIMBA_1000U/LH_984_hlist_0.75065.list,True,0,5366,5366,5366,5366,0.1414,True,True,0,0.000000,True,0,0.000000,True,0,0.000000
LH_984,984,1.00000,data/raw/CAMELS_SIMBA_1000U/LH_984_hlist_1.00000.list,True,0,5789,5789,5789,5789,0.1414,True,True,0,0.000000,True,0,0.000000,True,0,0.000000
LH_985,985,0.20000,data/raw/CAMELS_SIMBA_1000U/LH_985_hlist_0.20000.list,True,0,5032,5032,5032,5032,0.3258,True,True,0,0.000000,True,0,0.000000,True,0,0.000000
LH_985,985,0.25000,data/raw/CAMELS_SIMBA_1000U/LH_985_hlist_0.25000.list,True,0,6457,6457,6457,6457,0.3258,True,True,0,0.000000,True,0,0.000000,True,0,0.000000
LH_985,985,0.51209,data/raw/CAMELS_SIMBA_1000U/LH_985_hlist_0.51209.list,True,0,7905,7905,7905,7905,0.3258,True,True,0,0.000000,True,0,0.000000,True,0,0.000000
LH_985,985,0.75065,data/raw/CAMELS_SIMBA_1000U/LH_985_hlist_0.75065.list,True,0,7218,7218,7218,7218,0.3258,True,True,0,0.000000,True,0,0.000000,True,0,0.000000
LH_985,985,1.00000,data/raw/CAMELS_SIMBA_1000U/LH_985_hlist_1.00000.list,True,0,7185,7185,7185,7185,0.3258,True,True,0,0.000000,True,0,0.000000,True,0,0.000000
LH_986,986,0.20000,data/raw/CAMELS_SIMBA_1000U/LH_986_hlist_0.20000.list,True,0,7720,7720,7720,7720,0.4866,True,True,0,0.000000,True,0,0.000000,True,0,0.000000
LH_986,986,0.25000,data/raw/CAMELS_SIMBA_1000U/LH_986_hlist_0.25000.list,True,0,8589,8589,8589,8589,0.4866,True,True,0,0.000000,True,0,0.000000,True,0,0.000000
LH_986,986,0.51209,data/raw/CAMELS_SIMBA_1000U/LH_986_hlist_0.51209.list,True,0,7667,7667,7667,7667,0.4866,True,True,0,0.000000,True,0,0.000000,True,0,0.000000
LH_986,986,0.75065,data/raw/CAMELS_SIMBA_1000U/LH_986_hlist_0.75065.list,True,0,6359,6359,6359,6359,0.4866,True,True,0,0.000000,True,0,0.000000,True,0,0.000000
LH_986,986,1.00000,data/raw/CAMELS_SIMBA_1000U/LH_986_hlist_1.00000.list,True,0,5876,5876,5876,5876,0.4866,True,True,0,0.000000,True,0,0.000000,True,0,0.000000
LH_987,987,0.20000,data/raw/CAMELS_SIMBA_1000U/LH_987_hlist_0.20000.list,True,0,6550,6550,6550,6550,0.4038,True,True,0,0.000000,True,0,0.000000,True,0,0.000000
LH_987,987,0.25000,data/raw/CAMELS_SIMBA_1000U/LH_987_hlist_0.25000.list,True,0,7607,7607,7607,7607,0.4038,True,True,0,0.000000,True,0,0.000000,True,0,0.000000
LH_987,987,0.51209,data/raw/CAMELS_SIMBA_1000U/LH_987_hlist_0.51209.list,True,0,7499,7499,7499,7499,0.4038,True,True,0,0.000000,True,0,0.000000,True,0,0.000000
LH_987,987,0.75065,data/raw/CAMELS_SIMBA_1000U/LH_987_hlist_0.75065.list,True,0,6688,6688,6688,6688,0.4038,True,True,0,0.000000,True,0,0.000000,True,0,0.000000
LH_987,987,1.00000,data/raw/CAMELS_SIMBA_1000U/LH_987_hlist_1.00000.list,True,0,6363,6363,6363,6363,0.4038,True,True,0,0.000000,True,0,0.000000,True,0,0.000000
LH_988,988,0.20000,data/raw/CAMELS_SIMBA_1000U/LH_988_hlist_0.20000.list,True,0,4345,4345,4345,4345,0.2498,True,True,0,0.000000,True,0,0.000000,True,0,0.000000
LH_988,988,0.25000,data/raw/CAMELS_SIMBA_1000U/LH_988_hlist_0.25000.list,True,0,5837,5837,5837,5837,0.2498,True,True,0,0.000000,True,0,0.000000,True,0,0.000000
LH_988,988,0.51209,data/raw/CAMELS_SIMBA_1000U/LH_988_hlist_0.51209.list,True,0,7225,7225,7225,7225,0.2498,True,True,0,0.000000,True,0,0.000000,True,0,0.000000
LH_988,988,0.75065,data/raw/CAMELS_SIMBA_1000U/LH_988_hlist_0.75065.list,True,0,6645,6645,6645,6645,0.2498,True,True,0,0.000000,True,0,0.000000,True,0,0.000000
LH_988,988,1.00000,data/raw/CAMELS_SIMBA_1000U/LH_988_hlist_1.00000.list,True,0,6828,6828,6828,6828,0.2498,True,True,0,0.000000,True,0,0.000000,True,0,0.000000
LH_989,989,0.20000,data/raw/CAMELS_SIMBA_1000U/LH_989_hlist_0.20000.list,True,0,3653,3653,3653,3653,0.1406,True,True,0,0.000000,True,0,0.000000,True,0,0.000000
LH_989,989,0.25000,data/raw/CAMELS_SIMBA_1000U/LH_989_hlist_0.25000.list,True,0,4780,4780,4780,4780,0.1406,True,True,0,0.000000,True,0,0.000000,True,0,0.000000
LH_989,989,0.51209,data/raw/CAMELS_SIMBA_1000U/LH_989_hlist_0.51209.list,True,0,5212,5212,5212,5212,0.1406,True,True,0,0.000000,True,0,0.000000,True,0,0.000000
LH_989,989,0.75065,data/raw/CAMELS_SIMBA_1000U/LH_989_hlist_0.75065.list,True,0,5096,5096,5096,5096,0.1406,True,True,0,0.000000,True,0,0.000000,True,0,0.000000
LH_989,989,1.00000,data/raw/CAMELS_SIMBA_1000U/LH_989_hlist_1.00000.list,True,0,5406,5406,5406,5406,0.1406,True,True,0,0.000000,True,0,0.000000,True,0,0.000000
LH_990,990,0.20000,data/raw/CAMELS_SIMBA_1000U/LH_990_hlist_0.20000.list,True,0,5923,5923,5923,5923,0.3286,True,True,0,0.000000,True,0,0.000000,True,0,0.000000
LH_990,990,0.25000,data/raw/CAMELS_SIMBA_1000U/LH_990_hlist_0.25000.list,True,0,7091,7091,7091,7091,0.3286,True,True,0,0.000000,True,0,0.000000,True,0,0.000000
LH_990,990,0.51209,data/raw/CAMELS_SIMBA_1000U/LH_990_hlist_0.51209.list,True,0,7433,7433,7433,7433,0.3286,True,True,0,0.000000,True,0,0.000000,True,0,0.000000
LH_990,990,0.75065,data/raw/CAMELS_SIMBA_1000U/LH_990_hlist_0.75065.list,True,0,6742,6742,6742,6742,0.3286,True,True,0,0.000000,True,0,0.000000,True,0,0.000000
LH_990,990,1.00000,data/raw/CAMELS_SIMBA_1000U/LH_990_hlist_1.00000.list,True,0,6684,6684,6684,6684,0.3286,True,True,0,0.000000,True,0,0.000000,True,0,0.000000
LH_991,991,0.20000,data/raw/CAMELS_SIMBA_1000U/LH_991_hlist_0.20000.list,True,0,1448,1448,1448,1448,0.1502,True,True,0,0.000000,False,52,0.034667,False,552,0.276000
LH_991,991,0.25000,data/raw/CAMELS_SIMBA_1000U/LH_991_hlist_0.25000.list,True,0,2846,2846,2846,2846,0.1502,True,True,0,0.000000,True,0,0.000000,True,0,0.000000
LH_991,991,0.51209,data/raw/CAMELS_SIMBA_1000U/LH_991_hlist_0.51209.list,True,0,5671,5671,5671,5671,0.1502,True,True,0,0.000000,True,0,0.000000,True,0,0.000000
LH_991,991,0.75065,data/raw/CAMELS_SIMBA_1000U/LH_991_hlist_0.75065.list,True,0,6158,6158,6158,6158,0.1502,True,True,0,0.000000,True,0,0.000000,True,0,0.000000
LH_991,991,1.00000,data/raw/CAMELS_SIMBA_1000U/LH_991_hlist_1.00000.list,True,0,6715,6715,6715,6715,0.1502,True,True,0,0.000000,True,0,0.000000,True,0,0.000000
LH_992,992,0.20000,data/raw/CAMELS_SIMBA_1000U/LH_992_hlist_0.20000.list,True,0,4116,4116,4116,4116,0.2886,True,True,0,0.000000,True,0,0.000000,True,0,0.000000
LH_992,992,0.25000,data/raw/CAMELS_SIMBA_1000U/LH_992_hlist_0.25000.list,True,0,5781,5781,5781,5781,0.2886,True,True,0,0.000000,True,0,0.000000,True,0,0.000000
LH_992,992,0.51209,data/raw/CAMELS_SIMBA_1000U/LH_992_hlist_0.51209.list,True,0,7011,7011,7011,7011,0.2886,True,True,0,0.000000,True,0,0.000000,True,0,0.000000
LH_992,992,0.75065,data/raw/CAMELS_SIMBA_1000U/LH_992_hlist_0.75065.list,True,0,6612,6612,6612,6612,0.2886,True,True,0,0.000000,True,0,0.000000,True,0,0.000000
LH_992,992,1.00000,data/raw/CAMELS_SIMBA_1000U/LH_992_hlist_1.00000.list,True,0,6622,6622,6622,6622,0.2886,True,True,0,0.000000,True,0,0.000000,True,0,0.000000
LH_993,993,0.20000,data/raw/CAMELS_SIMBA_1000U/LH_993_hlist_0.20000.list,True,0,2980,2980,2980,2980,0.1334,True,True,0,0.000000,True,0,0.000000,True,0,0.000000
LH_993,993,0.25000,data/raw/CAMELS_SIMBA_1000U/LH_993_hlist_0.25000.list,True,0,4142,4142,4142,4142,0.1334,True,True,0,0.000000,True,0,0.000000,True,0,0.000000
LH_993,993,0.51209,data/raw/CAMELS_SIMBA_1000U/LH_993_hlist_0.51209.list,True,0,5077,5077,5077,5077,0.1334,True,True,0,0.000000,True,0,0.000000,True,0,0.000000
LH_993,993,0.75065,data/raw/CAMELS_SIMBA_1000U/LH_993_hlist_0.75065.list,True,0,5263,5263,5263,5263,0.1334,True,True,0,0.000000,True,0,0.000000,True,0,0.000000
LH_993,993,1.00000,data/raw/CAMELS_SIMBA_1000U/LH_993_hlist_1.00000.list,True,0,5603,5603,5603,5603,0.1334,True,True,0,0.000000,True,0,0.000000,True,0,0.000000
LH_994,994,0.20000,data/raw/CAMELS_SIMBA_1000U/LH_994_hlist_0.20000.list,True,0,5058,5058,5058,5058,0.2654,True,True,0,0.000000,True,0,0.000000,True,0,0.000000
LH_994,994,0.25000,data/raw/CAMELS_SIMBA_1000U/LH_994_hlist_0.25000.list,True,0,6388,6388,6388,6388,0.2654,True,True,0,0.000000,True,0,0.000000,True,0,0.000000
LH_994,994,0.51209,data/raw/CAMELS_SIMBA_1000U/LH_994_hlist_0.51209.list,True,0,7071,7071,7071,7071,0.2654,True,True,0,0.000000,True,0,0.000000,True,0,0.000000
LH_994,994,0.75065,data/raw/CAMELS_SIMBA_1000U/LH_994_hlist_0.75065.list,True,0,6473,6473,6473,6473,0.2654,True,True,0,0.000000,True,0,0.000000,True,0,0.000000
LH_994,994,1.00000,data/raw/CAMELS_SIMBA_1000U/LH_994_hlist_1.00000.list,True,0,6508,6508,6508,6508,0.2654,True,True,0,0.000000,True,0,0.000000,True,0,0.000000
LH_995,995,0.20000,data/raw/CAMELS_SIMBA_1000U/LH_995_hlist_0.20000.list,True,0,1139,1139,1139,1139,0.1254,True,True,0,0.000000,False,361,0.240667,False,861,0.430500
LH_995,995,0.25000,data/raw/CAMELS_SIMBA_1000U/LH_995_hlist_0.25000.list,True,0,2326,2326,2326,2326,0.1254,True,True,0,0.000000,True,0,0.000000,True,0,0.000000
LH_995,995,0.51209,data/raw/CAMELS_SIMBA_1000U/LH_995_hlist_0.51209.list,True,0,4369,4369,4369,4369,0.1254,True,True,0,0.000000,True,0,0.000000,True,0,0.000000
LH_995,995,0.75065,data/raw/CAMELS_SIMBA_1000U/LH_995_hlist_0.75065.list,True,0,4753,4753,4753,4753,0.1254,True,True,0,0.000000,True,0,0.000000,True,0,0.000000
LH_995,995,1.00000,data/raw/CAMELS_SIMBA_1000U/LH_995_hlist_1.00000.list,True,0,5307,5307,5307,5307,0.1254,True,True,0,0.000000,True,0,0.000000,True,0,0.000000
LH_996,996,0.20000,data/raw/CAMELS_SIMBA_1000U/LH_996_hlist_0.20000.list,True,0,2251,2251,2251,2251,0.1646,True,True,0,0.000000,True,0,0.000000,True,0,0.000000
LH_996,996,0.25000,data/raw/CAMELS_SIMBA_1000U/LH_996_hlist_0.25000.list,True,0,3659,3659,3659,3659,0.1646,True,True,0,0.000000,True,0,0.000000,True,0,0.000000
LH_996,996,0.51209,data/raw/CAMELS_SIMBA_1000U/LH_996_hlist_0.51209.list,True,0,5473,5473,5473,5473,0.1646,True,True,0,0.000000,True,0,0.000000,True,0,0.000000
LH_996,996,0.75065,data/raw/CAMELS_SIMBA_1000U/LH_996_hlist_0.75065.list,True,0,5489,5489,5489,5489,0.1646,True,True,0,0.000000,True,0,0.000000,True,0,0.000000
LH_996,996,1.00000,data/raw/CAMELS_SIMBA_1000U/LH_996_hlist_1.00000.list,True,0,5928,5928,5928,5928,0.1646,True,True,0,0.000000,True,0,0.000000,True,0,0.000000
LH_997,997,0.20000,data/raw/CAMELS_SIMBA_1000U/LH_997_hlist_0.20000.list,True,0,5480,5480,5480,5480,0.3018,True,True,0,0.000000,True,0,0.000000,True,0,0.000000
LH_997,997,0.25000,data/raw/CAMELS_SIMBA_1000U/LH_997_hlist_0.25000.list,True,0,6696,6696,6696,6696,0.3018,True,True,0,0.000000,True,0,0.000000,True,0,0.000000
LH_997,997,0.51209,data/raw/CAMELS_SIMBA_1000U/LH_997_hlist_0.51209.list,True,0,7435,7435,7435,7435,0.3018,True,True,0,0.000000,True,0,0.000000,True,0,0.000000
LH_997,997,0.75065,data/raw/CAMELS_SIMBA_1000U/LH_997_hlist_0.75065.list,True,0,6601,6601,6601,6601,0.3018,True,True,0,0.000000,True,0,0.000000,True,0,0.000000
LH_997,997,1.00000,data/raw/CAMELS_SIMBA_1000U/LH_997_hlist_1.00000.list,True,0,6529,6529,6529,6529,0.3018,True,True,0,0.000000,True,0,0.000000,True,0,0.000000
LH_998,998,0.20000,data/raw/CAMELS_SIMBA_1000U/LH_998_hlist_0.20000.list,True,0,2705,2705,2705,2705,0.297,True,True,0,0.000000,True,0,0.000000,True,0,0.000000
LH_998,998,0.25000,data/raw/CAMELS_SIMBA_1000U/LH_998_hlist_0.25000.list,True,0,4386,4386,4386,4386,0.297,True,True,0,0.000000,True,0,0.000000,True,0,0.000000
LH_998,998,0.51209,data/raw/CAMELS_SIMBA_1000U/LH_998_hlist_0.51209.list,True,0,7719,7719,7719,7719,0.297,True,True,0,0.000000,True,0,0.000000,True,0,0.000000
LH_998,998,0.75065,data/raw/CAMELS_SIMBA_1000U/LH_998_hlist_0.75065.list,True,0,7587,7587,7587,7587,0.297,True,True,0,0.000000,True,0,0.000000,True,0,0.000000
LH_998,998,1.00000,data/raw/CAMELS_SIMBA_1000U/LH_998_hlist_1.00000.list,True,0,7758,7758,7758,7758,0.297,True,True,0,0.000000,True,0,0.000000,True,0,0.000000
LH_999,999,0.20000,data/raw/CAMELS_SIMBA_1000U/LH_999_hlist_0.20000.list,True,0,2340,2340,2340,2340,0.1134,True,True,0,0.000000,True,0,0.000000,True,0,0.000000
LH_999,999,0.25000,data/raw/CAMELS_SIMBA_1000U/LH_999_hlist_0.25000.list,True,0,3416,3416,3416,3416,0.1134,True,True,0,0.000000,True,0,0.000000,True,0,0.000000
LH_999,999,0.51209,data/raw/CAMELS_SIMBA_1000U/LH_999_hlist_0.51209.list,True,0,4316,4316,4316,4316,0.1134,True,True,0,0.000000,True,0,0.000000,True,0,0.000000
LH_999,999,0.75065,data/raw/CAMELS_SIMBA_1000U/LH_999_hlist_0.75065.list,True,0,4466,4466,4466,4466,0.1134,True,True,0,0.000000,True,0,0.000000,True,0,0.000000
LH_999,999,1.00000,data/raw/CAMELS_SIMBA_1000U/LH_999_hlist_1.00000.list,True,0,4963,4963,4963,4963,0.1134,True,True,0,0.000000,True,0,0.000000,True,0,0.000000
