universe_id,target,logm_mean,logm_std,logm_min,logm_max,logm_median,x_std,y_std,z_std,position_spread,vx_mean,vy_mean,vz_mean,vx_std,vy_std,vz_std,velocity_spread,velocity_norm_mean,velocity_norm_std
LH_0,0.1462000012397766,0.27401942,0.21994804,0.0,1.0,0.23628297,0.28345707,0.2580084,0.2564984,0.26598796,0.49937195,0.41443962,0.51556724,0.15933692,0.16147488,0.20728497,0.17603225,0.8615043,0.19794407
LH_1,0.11980000138282776,0.14444596,0.15300713,0.0,1.0,0.0949819,0.321153,0.33791274,0.2197276,0.29293117,0.5183358,0.37131923,0.6242869,0.1463309,0.1329093,0.13568686,0.13830902,0.9145932,0.13149908
LH_2,0.42260000109672546,0.20506749,0.2172992,0.0,1.0,0.10952851,0.27410278,0.29762667,0.2644252,0.27871823,0.5268507,0.5277843,0.5463116,0.18517727,0.14144437,0.15592816,0.16084993,0.9558132,0.14005758
LH_3,0.23980000615119934,0.18059506,0.1878308,0.0,1.0,0.12338553,0.22809324,0.31061196,0.3046627,0.28112265,0.5582025,0.5712742,0.53645056,0.14513946,0.13853729,0.16307575,0.14891748,0.9838039,0.15717763
LH_4,0.3741999864578247,0.21883778,0.22452934,0.0,1.0,0.148463,0.2850932,0.2940868,0.28715262,0.28877756,0.56419486,0.56409556,0.5399361,0.16455561,0.18491493,0.2063928,0.18528779,1.0026753,0.16298153
LH_5,0.11739999800920486,0.27499115,0.2314948,0.0,1.0,0.20757776,0.295537,0.22991195,0.2570123,0.26082042,0.3649962,0.47966316,0.50544864,0.13591737,0.17735659,0.21308956,0.1754545,0.82516295,0.18226226
LH_6,0.12020000070333481,0.28839362,0.24000515,0.0,1.0,0.22633457,0.30891237,0.3246196,0.26306847,0.29886678,0.4546572,0.44792557,0.36443946,0.1713109,0.18670608,0.14179014,0.16660236,0.76693535,0.19049364
LH_7,0.34380000829696655,0.24450104,0.21306014,0.0,1.0,0.16096973,0.3007543,0.25772226,0.29201078,0.28349578,0.46944484,0.60464716,0.5961313,0.18556166,0.20897914,0.1953023,0.19661437,1.0087574,0.20001586
LH_8,0.4018000066280365,0.2013907,0.20315735,0.0,1.0,0.13469434,0.2612982,0.25270802,0.27274925,0.26225182,0.3540591,0.40504324,0.44488472,0.1808005,0.16176613,0.15450746,0.16569138,0.7270184,0.20375063
LH_9,0.2062000036239624,0.1924325,0.19910057,0.0,1.0,0.11178756,0.3281655,0.25366333,0.30638817,0.29607233,0.39378938,0.62059444,0.6337919,0.1583396,0.1491611,0.14826168,0.15192081,0.9921434,0.16386902
LH_10,0.16019999980926514,0.1597813,0.14475712,0.0,1.0,0.13198867,0.25892735,0.29047573,0.35218188,0.30052832,0.44266072,0.35479054,0.44104362,0.1315345,0.16373667,0.1266877,0.14065295,0.74626356,0.13998504
LH_11,0.47540000081062317,0.23487213,0.21381555,0.0,1.0,0.17934233,0.33193585,0.30759567,0.26509103,0.30154085,0.4948849,0.36356655,0.49376792,0.16549312,0.16856803,0.14486317,0.15964144,0.8191314,0.16343372
LH_12,0.2913999855518341,0.18526512,0.17324345,0.0,1.0,0.14672682,0.23523109,0.30404252,0.3531183,0.29746395,0.47344244,0.6070935,0.6445988,0.19548881,0.15176989,0.15519874,0.16748582,1.0325427,0.16556089
LH_13,0.26899999380111694,0.21873526,0.19406801,0.0,1.0,0.16770788,0.35292554,0.2645758,0.22879261,0.282098,0.5603305,0.6413136,0.55551267,0.20235506,0.14112316,0.20312919,0.18220247,1.0492903,0.18698262
LH_14,0.3946000039577484,0.23683123,0.22385216,0.0,1.0,0.18054074,0.25228977,0.29481852,0.294562,0.28055677,0.47630215,0.5496012,0.44501022,0.14207347,0.14174181,0.14630227,0.14337254,0.8760019,0.14580798
LH_15,0.1762000024318695,0.23093924,0.21449456,0.0,1.0,0.18690327,0.24342276,0.2813488,0.2927696,0.27251375,0.66547877,0.45033103,0.40406114,0.17787424,0.19817097,0.1514252,0.17582345,0.9346701,0.17075624
LH_16,0.16580000519752502,0.30423334,0.24699333,0.0,1.0,0.22227046,0.32789245,0.24794804,0.29497972,0.2902734,0.43926528,0.47610542,0.44362122,0.18598534,0.17977849,0.21436942,0.19337775,0.83068496,0.19813561
LH_17,0.2802000045776367,0.22893485,0.19429329,0.0,1.0,0.20439753,0.30601236,0.25300005,0.26537526,0.2747959,0.50256044,0.5729786,0.46110708,0.17366366,0.19385341,0.16962932,0.17904882,0.93072647,0.1541159
LH_18,0.4578000009059906,0.21112224,0.19523872,0.0,1.0,0.14965168,0.3069126,0.279378,0.29475403,0.29368153,0.530217,0.38427612,0.4943298,0.18770868,0.15438503,0.15741457,0.16650276,0.8532624,0.17015319
LH_19,0.3061999976634979,0.24090384,0.24276604,0.0,1.0,0.16947296,0.31468698,0.24729201,0.27241683,0.27813193,0.50792456,0.39375728,0.5715921,0.1788348,0.19316725,0.19921578,0.19040595,0.9034644,0.18023382
LH_20,0.13979999721050262,0.2324251,0.21774223,0.0,1.0,0.17312258,0.24302827,0.31024122,0.34435868,0.2992094,0.49153382,0.62923336,0.51862055,0.18478504,0.14353669,0.15165508,0.15999226,0.98166513,0.14348784
LH_21,0.13420000672340393,0.19066314,0.16833337,0.0,1.0,0.15600199,0.32449338,0.26818272,0.25139296,0.28135636,0.608265,0.39831567,0.3641871,0.15037301,0.14491642,0.15604195,0.15044379,0.8439858,0.13009177
LH_22,0.1738000065088272,0.24379922,0.20845015,0.0,1.0,0.21125436,0.31962678,0.33232728,0.35474014,0.33556473,0.5401491,0.4819857,0.50820863,0.13761863,0.15714502,0.18152608,0.15876323,0.90895027,0.18094723
LH_23,0.36419999599456787,0.2286997,0.21068922,0.0,1.0,0.14855927,0.28910074,0.3285602,0.25057727,0.28941274,0.6363392,0.6361029,0.563923,0.19578998,0.13407263,0.18826918,0.17271058,1.0929002,0.15775666
LH_24,0.19660000503063202,0.2548223,0.21718563,0.0,1.0,0.19833024,0.3127964,0.29125908,0.29134744,0.29846764,0.54218084,0.52750087,0.3703511,0.18797682,0.1344248,0.16387782,0.16209316,0.8743911,0.15836196
LH_25,0.32260000705718994,0.26617262,0.22330561,0.0,1.0,0.18335104,0.32404205,0.332715,0.2928509,0.316536,0.54436684,0.363618,0.57995665,0.13016537,0.13698132,0.14477463,0.1373071,0.8944272,0.14686543
LH_26,0.17980000376701355,0.23448654,0.23898533,0.0,1.0,0.15981466,0.28191704,0.22765766,0.21800555,0.24252672,0.6404812,0.43412033,0.48345643,0.13865675,0.15950578,0.19297926,0.16371393,0.94308716,0.1578046
LH_27,0.38179999589920044,0.21003123,0.20101728,0.0,1.0,0.14253092,0.26009938,0.3258381,0.30039313,0.29544353,0.27647066,0.4463335,0.5689777,0.12881626,0.1670638,0.15997256,0.15195088,0.8060677,0.14048187
LH_28,0.2669999897480011,0.24994986,0.22312489,0.0,1.0,0.19497173,0.33764002,0.3042229,0.28091252,0.30759183,0.68951005,0.39946187,0.56954384,0.15021293,0.13235897,0.16090992,0.14782728,0.9988972,0.16599254
LH_29,0.15700000524520874,0.23021717,0.21650383,0.0,1.0,0.18515491,0.2918126,0.2844794,0.31909308,0.2984617,0.47779065,0.3937825,0.4759253,0.15331468,0.15755452,0.16370718,0.15819213,0.8107128,0.16651428
LH_30,0.13699999451637268,0.21650817,0.19070435,0.0,1.0,0.18292199,0.2725848,0.19122814,0.27433416,0.24604905,0.39592934,0.4518775,0.36946723,0.16865945,0.16789612,0.16100648,0.16585404,0.7395656,0.18182518
LH_31,0.49779999256134033,0.2703964,0.22228646,0.0,1.0,0.19789398,0.28254628,0.33640727,0.2937409,0.3042315,0.51542866,0.417881,0.4898758,0.18244088,0.14972425,0.17507629,0.16908048,0.85828096,0.17313933
LH_32,0.29980000853538513,0.20603807,0.2036734,0.0,1.0,0.13215429,0.29115066,0.28957942,0.29984167,0.29352394,0.3615773,0.3690137,0.47017056,0.12092767,0.13178664,0.13511404,0.12927613,0.72366977,0.12049328
LH_33,0.47780001163482666,0.17462015,0.16672692,0.0,1.0,0.12663352,0.25642154,0.32537696,0.31707162,0.29962337,0.4868631,0.65365845,0.35722348,0.17856786,0.1367173,0.13044205,0.14857574,0.91780424,0.1309277
LH_34,0.25380000472068787,0.21421458,0.20405366,0.0,1.0,0.14557898,0.33145368,0.34955636,0.25195408,0.31098804,0.2972606,0.5091088,0.4862076,0.13378784,0.21250205,0.18616377,0.17748456,0.80327684,0.19082183
LH_35,0.272599995136261,0.22955364,0.2052802,0.0,1.0,0.17718537,0.2712674,0.30584013,0.29350677,0.29020476,0.3125901,0.5341913,0.46298206,0.15440583,0.2041188,0.17659885,0.17837448,0.8124407,0.18454893
LH_36,0.28940001130104065,0.15918547,0.16714542,0.0,1.0,0.10913013,0.2641165,0.27503267,0.31286258,0.2840039,0.486727,0.3576232,0.7223378,0.14716983,0.12229495,0.12824962,0.13257147,0.96227664,0.11685947
LH_37,0.11100000143051147,0.217144,0.18088302,0.0,1.0,0.17130281,0.29464853,0.35029715,0.26153457,0.3021601,0.50482965,0.47525048,0.58965486,0.15795027,0.21537462,0.16418658,0.17917049,0.947855,0.16814186
LH_38,0.4618000090122223,0.2709266,0.21977147,0.0,1.0,0.21898845,0.34606418,0.31480575,0.31174532,0.32420507,0.43097085,0.49202797,0.35780334,0.17123678,0.15842561,0.13984987,0.1565041,0.7776778,0.15826078
LH_39,0.31779998540878296,0.21366264,0.2037929,0.0,1.0,0.14611545,0.36712602,0.30899417,0.26817206,0.3147641,0.51680684,0.47329646,0.61366683,0.1889449,0.14594795,0.14029694,0.15839659,0.9619748,0.13774857
LH_40,0.27379998564720154,0.23558901,0.21213622,0.0,1.0,0.18370587,0.32176813,0.36148992,0.28106368,0.32144058,0.5829986,0.4225134,0.5079213,0.17391199,0.16730718,0.166959,0.16939275,0.9145487,0.16156107
LH_41,0.41940000653266907,0.24245024,0.21621212,0.0,1.0,0.17386273,0.2757989,0.27322486,0.2868645,0.27862942,0.50571626,0.48413494,0.5077386,0.13840547,0.206644,0.14256153,0.16253702,0.8920173,0.18552762
LH_42,0.11219999939203262,0.2901353,0.23316565,0.0,1.0,0.25856686,0.25334582,0.27061018,0.3331184,0.28569147,0.5229783,0.62278265,0.66963696,0.20962708,0.21098936,0.16219565,0.19427072,1.0884349,0.1996371
LH_43,0.18459999561309814,0.22976542,0.20875344,0.0,1.0,0.16981593,0.27189517,0.24767779,0.24989246,0.25648847,0.371706,0.46807185,0.48435834,0.1445151,0.1479677,0.13191247,0.14146508,0.7937502,0.14832404
LH_44,0.2962000072002411,0.2525121,0.23868078,0.0,1.0,0.19254497,0.27749255,0.34682858,0.29177445,0.30536518,0.50926906,0.58446485,0.5112349,0.15401803,0.1800958,0.18842368,0.17417915,0.9650072,0.15078393
LH_45,0.3181999921798706,0.22811006,0.2116964,0.0,1.0,0.14364828,0.24405386,0.34180707,0.29489747,0.2935861,0.49062267,0.59069806,0.5844646,0.18833937,0.16021958,0.17946756,0.17600884,0.9973919,0.1726084
LH_46,0.33500000834465027,0.22990131,0.21524593,0.0,1.0,0.15901235,0.2876189,0.29891998,0.24901468,0.27851784,0.71774375,0.6599291,0.70658517,0.14920163,0.17038877,0.1251745,0.14825498,1.2246673,0.130678
LH_47,0.4189999997615814,0.23960395,0.22126777,0.0,1.0,0.17441429,0.30681026,0.30052432,0.28631544,0.29788336,0.6337085,0.37544328,0.34540236,0.15827364,0.13891983,0.12806329,0.14175224,0.8362865,0.15238537
LH_48,0.4765999913215637,0.27522326,0.25998285,0.0,1.0,0.1905941,0.30900615,0.30329388,0.30879703,0.30703235,0.4624999,0.62472934,0.48097178,0.11987589,0.18608856,0.19364867,0.16653772,0.9441547,0.17492175
LH_49,0.22779999673366547,0.20661253,0.20875292,0.0,1.0,0.13038811,0.2485251,0.30370167,0.28033698,0.27752125,0.57213116,0.3869627,0.3536009,0.18155897,0.17618032,0.1755056,0.17774828,0.8136864,0.18662217
LH_50,0.2590000033378601,0.1956306,0.15976216,0.0,1.0,0.1688516,0.2844979,0.25882602,0.24808934,0.2638044,0.54124814,0.42803067,0.6061619,0.10534189,0.16790621,0.17160027,0.1482828,0.94562995,0.13458037
LH_51,0.2678000032901764,0.27499855,0.2377049,0.0,1.0,0.21897222,0.26536125,0.29207757,0.311939,0.28979263,0.44759095,0.4757298,0.46804664,0.1454616,0.18618183,0.1492853,0.1603096,0.8344829,0.16574453
LH_52,0.4138000011444092,0.22380938,0.19804846,0.0,1.0,0.17896,0.26232252,0.31260726,0.30861527,0.294515,0.4761887,0.54711366,0.4362759,0.15241529,0.16712302,0.16409816,0.16121215,0.8776439,0.15574242
LH_53,0.16859999299049377,0.20466287,0.1716432,0.0,1.0,0.16497457,0.36960962,0.30828997,0.24106242,0.30632067,0.5064784,0.43429625,0.48617905,0.15064593,0.15723576,0.17654467,0.16147543,0.85866594,0.15093607
LH_54,0.3846000134944916,0.2579622,0.21710454,0.0,1.0,0.18870592,0.30054227,0.3226967,0.31696177,0.31340024,0.44700631,0.4567202,0.4947856,0.17921054,0.17462064,0.18237783,0.17873633,0.84520894,0.18631451
LH_55,0.19020000100135803,0.25751153,0.21789965,0.0,1.0,0.19815807,0.34583813,0.3220534,0.2858694,0.31792033,0.4108294,0.43706712,0.5507883,0.16301513,0.16686793,0.18902528,0.17296945,0.8509487,0.170915
LH_56,0.41659998893737793,0.2810855,0.2458561,0.0,1.0,0.19517466,0.2820176,0.2547165,0.31182918,0.2828544,0.38041535,0.43884277,0.7038668,0.14131889,0.17613254,0.11538286,0.14427811,0.9356545,0.14691839
LH_57,0.3874000012874603,0.19314411,0.18221349,0.0,1.0,0.12885028,0.27823398,0.30128968,0.25795278,0.2791588,0.37724277,0.54820174,0.4613739,0.15822771,0.1097054,0.1758797,0.14793761,0.8358408,0.15836076
LH_58,0.19140000641345978,0.19081265,0.17748338,0.0,1.0,0.13967219,0.31400958,0.29720488,0.29136595,0.30086017,0.52439874,0.38809466,0.5831196,0.1648928,0.1462959,0.18279737,0.16466203,0.9035785,0.17661516
LH_59,0.4781999886035919,0.21429157,0.21505283,0.0,1.0,0.14997399,0.2756543,0.27683404,0.34039697,0.29762843,0.6403056,0.5116463,0.41185528,0.20349632,0.153472,0.15380794,0.17025875,0.95036095,0.163809
LH_60,0.42579999566078186,0.22833067,0.22340226,0.0,1.0,0.15960714,0.3114063,0.28310028,0.2675779,0.2873615,0.50975996,0.5459485,0.5712653,0.17080781,0.121793374,0.14745338,0.14668484,0.9642426,0.14229129
LH_61,0.17499999701976776,0.2217968,0.2025538,0.0,1.0,0.16716936,0.25243896,0.3139382,0.3312976,0.2992249,0.49405423,0.41662621,0.48653245,0.1529566,0.21695586,0.14974992,0.1732208,0.8463135,0.17613898
LH_62,0.23899999260902405,0.19538486,0.1904837,0.0,1.0,0.12756579,0.2626962,0.25632676,0.19570975,0.23824424,0.69108874,0.5542834,0.6731158,0.13137658,0.15547651,0.16000623,0.1489531,1.1334622,0.14218478
LH_63,0.14180000126361847,0.15509096,0.18023801,0.0,1.0,0.10154225,0.2875472,0.25702044,0.25710583,0.2672245,0.5619566,0.4044957,0.48851994,0.11418852,0.18182974,0.1597495,0.15192258,0.88078225,0.117929645
LH_64,0.17739999294281006,0.23717575,0.21911877,0.0,1.0,0.15609483,0.31216362,0.32038167,0.24611458,0.2928866,0.5079839,0.5856318,0.550917,0.16453657,0.10867161,0.18658511,0.15326442,0.9790364,0.14037552
LH_65,0.2921999990940094,0.19994135,0.21454886,0.0,1.0,0.13205326,0.3054763,0.28965333,0.2808641,0.2919979,0.46647152,0.45883793,0.38063073,0.15857123,0.14969878,0.15303978,0.15376993,0.78691465,0.15731767
LH_66,0.3041999936103821,0.3035227,0.25130117,0.0,1.0,0.26112992,0.28870848,0.23685774,0.31043094,0.27866572,0.49433616,0.59519625,0.58955157,0.2502742,0.1631295,0.1707204,0.19470803,1.0173922,0.1717701
LH_67,0.14740000665187836,0.23004952,0.2083959,0.0,1.0,0.1603024,0.24737695,0.33584857,0.21964121,0.26762226,0.4718184,0.32726878,0.33117494,0.16477966,0.20906171,0.17584947,0.18323028,0.7113305,0.1875777
LH_68,0.11900000274181366,0.24281755,0.20312716,0.0,1.0,0.19380242,0.27975568,0.21626076,0.29494047,0.2636523,0.542921,0.4630412,0.63485205,0.17904034,0.18766056,0.1958673,0.18752272,0.99210227,0.18323897
LH_69,0.241799995303154,0.19625151,0.2007676,0.0,1.0,0.13106894,0.3178234,0.33238855,0.33399674,0.32806957,0.6774557,0.557087,0.57992154,0.17215812,0.1399732,0.1425575,0.15156293,1.0757339,0.13398296
LH_70,0.3370000123977661,0.20189776,0.16998217,0.0,1.0,0.16943052,0.27733588,0.30049223,0.27239192,0.28340667,0.57047415,0.58745134,0.46085095,0.15882146,0.15458032,0.13136846,0.14825676,0.9644947,0.13802345
LH_71,0.2533999979496002,0.22677468,0.19875832,0.0,1.0,0.15488377,0.28433594,0.23624906,0.33899105,0.28652534,0.6274813,0.58388174,0.43965802,0.14122221,0.13725813,0.20403947,0.16083993,0.9919554,0.15617244
LH_72,0.2101999968290329,0.21963856,0.20763555,0.0,1.0,0.15719491,0.20398517,0.25990063,0.3258192,0.263235,0.37390235,0.36323258,0.5850847,0.15965535,0.15934941,0.16460204,0.16120227,0.8152393,0.16560717
LH_73,0.14339999854564667,0.15637241,0.16173474,0.0,1.0,0.10817048,0.26739568,0.2345254,0.19598998,0.232637,0.6747919,0.4038974,0.61128527,0.17563216,0.21320312,0.14443764,0.17775767,1.0232878,0.20541067
LH_74,0.2793999910354614,0.17309196,0.18813388,0.0,1.0,0.11406541,0.2670393,0.30339083,0.29136992,0.28726667,0.43251732,0.5044946,0.491595,0.12536566,0.14435239,0.17025648,0.1466582,0.8539461,0.13988994
LH_75,0.13779999315738678,0.20504679,0.19220456,0.0,1.0,0.13806725,0.2436506,0.2440416,0.30443063,0.26404098,0.3104398,0.44374177,0.5102486,0.13509704,0.12334111,0.108478606,0.122305594,0.76620257,0.10862103
LH_76,0.3977999985218048,0.20841374,0.2105564,0.0,1.0,0.13655478,0.30276254,0.22896767,0.3433073,0.29167917,0.51002645,0.48974776,0.5844688,0.18343818,0.21008517,0.15583692,0.18312009,0.9540268,0.1829948
LH_77,0.10180000215768814,0.19550341,0.15733764,0.0,1.0,0.17213222,0.32176548,0.252839,0.2900813,0.2882286,0.5628607,0.56817716,0.54855835,0.20279612,0.15644628,0.16250487,0.17391574,1.0029398,0.16332504
LH_78,0.19059999287128448,0.23887551,0.22316529,0.0,1.0,0.1620097,0.25059134,0.28843072,0.34738976,0.29547063,0.44779602,0.49212214,0.59641206,0.23171228,0.17595889,0.14355512,0.1837421,0.9341779,0.17602533
LH_79,0.3882000148296356,0.22194882,0.2027012,0.0,1.0,0.14553231,0.2479169,0.30450317,0.32604152,0.29282054,0.3387791,0.47264192,0.5841494,0.15193725,0.14238378,0.15603384,0.1501183,0.85197496,0.14572473
LH_80,0.4546000063419342,0.26367286,0.2441112,0.0,1.0,0.18752545,0.22679216,0.25533196,0.2852484,0.25579086,0.57046735,0.4566772,0.31819397,0.16893362,0.21762899,0.18176924,0.18944395,0.83855546,0.20248517
LH_81,0.32339999079704285,0.2595292,0.22552794,0.0,1.0,0.2248989,0.29801014,0.29802606,0.27085182,0.2889627,0.511923,0.5034901,0.53741175,0.18383577,0.15406972,0.15179905,0.16323486,0.92869437,0.14993954
LH_82,0.35740000009536743,0.20055626,0.18262552,0.0,1.0,0.14879002,0.2509118,0.28750616,0.30351034,0.28064278,0.7938763,0.38529733,0.31956774,0.12967356,0.15693043,0.1283379,0.13831396,0.9605773,0.12657532
LH_83,0.3357999920845032,0.2431858,0.21789019,0.0,1.0,0.17990369,0.24039821,0.24105564,0.2775877,0.25301385,0.48462307,0.48909593,0.594433,0.21304739,0.17595202,0.19934998,0.19611649,0.9524807,0.19050956
LH_84,0.15139999985694885,0.18863499,0.17444064,0.0,1.0,0.14058495,0.32826564,0.26805598,0.37103423,0.32245195,0.61914724,0.49810624,0.7559086,0.14834526,0.19522186,0.13575375,0.1597736,1.1232814,0.1401319
LH_85,0.25940001010894775,0.2047215,0.19819357,0.0,1.0,0.13966094,0.27637106,0.24750702,0.25851405,0.26079738,0.48887837,0.50656486,0.46051598,0.22937296,0.17632528,0.1566872,0.1874618,0.8843749,0.18390077
LH_86,0.2345999926328659,0.24080169,0.20938407,0.0,1.0,0.19385016,0.2940247,0.29062885,0.2136425,0.2660987,0.52499646,0.64081484,0.48688114,0.19187754,0.15191585,0.1638636,0.169219,0.99311197,0.15425125
LH_87,0.30059999227523804,0.2174955,0.19515361,0.0,1.0,0.14504501,0.2708724,0.36643958,0.2582855,0.29853252,0.5233249,0.51764506,0.7254943,0.16136391,0.16083881,0.15434939,0.15885071,1.0613972,0.13166022
LH_88,0.48100000619888306,0.27977473,0.25406608,0.0,1.0,0.21511135,0.31872618,0.26191017,0.23875435,0.27313024,0.50645816,0.5313629,0.5535325,0.14899187,0.18759084,0.16135292,0.16597855,0.94950217,0.16466326
LH_89,0.334199994802475,0.29113328,0.24643983,0.0,1.0,0.2345151,0.28474873,0.2909771,0.273709,0.28314492,0.48665845,0.51788545,0.5607936,0.18997358,0.17235415,0.19526148,0.18586308,0.94444674,0.17741074
LH_90,0.13300000131130219,0.2554874,0.19926997,0.0,1.0,0.2101942,0.31093982,0.26675442,0.238161,0.27195174,0.5172241,0.51736474,0.5815861,0.15721467,0.13518502,0.20961662,0.16733877,0.9661077,0.16430481
LH_91,0.28139999508857727,0.21870498,0.19256125,0.0,1.0,0.16290116,0.29398486,0.3132364,0.32666877,0.31129667,0.5081213,0.51288897,0.6640423,0.13937524,0.17187192,0.14551358,0.15225358,1.0061044,0.14173229
LH_92,0.4674000144004822,0.203851,0.18544625,0.0,1.0,0.16483617,0.284912,0.30813763,0.2906255,0.29455838,0.47779956,0.37764654,0.5655768,0.19745946,0.1774575,0.12772772,0.16754822,0.8641597,0.17552872
LH_93,0.4169999957084656,0.18980208,0.16630867,0.0,1.0,0.14450957,0.26562986,0.34359324,0.3036337,0.30428562,0.39646733,0.41646886,0.64355737,0.124327004,0.16338125,0.15732798,0.14834541,0.8885865,0.14871253
LH_94,0.28220000863075256,0.1861095,0.18525696,0.0,1.0,0.13505188,0.24915205,0.2783624,0.27252725,0.26668057,0.35808262,0.50537467,0.41605964,0.14220256,0.16303238,0.1504649,0.15189995,0.77642995,0.15274024
LH_95,0.17059999704360962,0.28639537,0.25440776,0.0,1.0,0.16208577,0.26379016,0.25133255,0.2732349,0.26278588,0.4791956,0.52240354,0.4387449,0.1728622,0.14974271,0.1459146,0.15617317,0.8638478,0.14964296
LH_96,0.35899999737739563,0.2408501,0.24341378,0.0,1.0,0.15285547,0.2874712,0.26978236,0.24471113,0.26732156,0.2905989,0.4663303,0.6508598,0.14036784,0.17938267,0.15204613,0.15726553,0.8819225,0.15080568
LH_97,0.46860000491142273,0.2709429,0.23684192,0.0,1.0,0.19440171,0.26211095,0.29901728,0.27500015,0.27870944,0.5917379,0.49561742,0.3804245,0.21572684,0.15037167,0.13134842,0.16581565,0.89412665,0.16568875
LH_98,0.31299999356269836,0.2549381,0.22433993,0.0,1.0,0.18797809,0.31714606,0.2626408,0.27504092,0.28494257,0.5816971,0.3878279,0.56452304,0.1960952,0.15279545,0.17998464,0.17629176,0.93375725,0.17251064
LH_99,0.2013999968767166,0.19201751,0.19170003,0.0,1.0,0.13765028,0.2853392,0.26165262,0.30949956,0.2854971,0.5676089,0.6456742,0.543699,0.101710804,0.1823727,0.16244727,0.1488436,1.0433884,0.1265636
LH_100,0.3386000096797943,0.19522464,0.20050135,0.0,1.0,0.13197705,0.26243332,0.24046552,0.31257498,0.27182463,0.43959576,0.43625787,0.6051527,0.14819291,0.19206688,0.16167696,0.16731226,0.90086204,0.15235834
LH_101,0.2574000060558319,0.22957931,0.21643522,0.0,1.0,0.17738652,0.35175774,0.26903018,0.2539461,0.291578,0.44723606,0.46093494,0.4919389,0.19914967,0.20025134,0.19143103,0.19694401,0.8559376,0.19560875
LH_102,0.14980000257492065,0.2660365,0.21620236,0.0,1.0,0.2034365,0.3017057,0.27323088,0.2795074,0.28481463,0.40913552,0.41914096,0.30898097,0.18711689,0.18517396,0.15333809,0.17520964,0.70400107,0.18904348
LH_103,0.16779999434947968,0.29095504,0.23884588,0.0,1.0,0.20833257,0.2896654,0.21150206,0.19994259,0.23370333,0.38580626,0.5794111,0.4280217,0.15413761,0.15681505,0.22477254,0.17857505,0.85927147,0.16819915
LH_104,0.3490000069141388,0.23929104,0.2251101,0.0,1.0,0.15346947,0.353718,0.25582394,0.2960775,0.3018731,0.5109477,0.5224977,0.58893853,0.14175041,0.1410051,0.15906145,0.1472723,0.9620067,0.14401114
LH_105,0.2754000127315521,0.30431306,0.24245206,0.0,1.0,0.24498525,0.18448511,0.27613872,0.27008668,0.24357016,0.54917973,0.46209973,0.40555713,0.20274879,0.21562825,0.16310118,0.19382608,0.8700068,0.19210391
LH_106,0.3077999949455261,0.23445922,0.22556062,0.0,1.0,0.17103685,0.27044943,0.33861926,0.26592827,0.29166567,0.46469542,0.4458772,0.50524867,0.2070099,0.22887322,0.17060629,0.20216312,0.8647087,0.21597661
LH_107,0.4185999929904938,0.20497009,0.19594067,0.0,1.0,0.14903043,0.27639547,0.24898592,0.2654952,0.26362553,0.7166927,0.58045995,0.46704656,0.12668313,0.21041454,0.15616125,0.16441964,1.0621581,0.15888381
LH_108,0.49939998984336853,0.22393894,0.21032731,0.0,1.0,0.16792035,0.28061885,0.30870914,0.28859547,0.29264113,0.44870672,0.57630634,0.48938766,0.16519268,0.16751866,0.15465519,0.16245551,0.91132593,0.14738257
LH_109,0.4253999888896942,0.21193932,0.19134812,0.0,1.0,0.14615315,0.3390329,0.3150999,0.26408964,0.30607417,0.41741285,0.38962075,0.446494,0.17041172,0.16240975,0.13662426,0.15648192,0.7561392,0.1665278
LH_110,0.3361999988555908,0.22827573,0.22874352,0.0,1.0,0.16733965,0.26696995,0.2771324,0.2522447,0.26544902,0.55357397,0.5428747,0.45419282,0.13018428,0.119348116,0.14952663,0.13301967,0.9211191,0.1119722
LH_111,0.3986000120639801,0.22137785,0.21411361,0.0,1.0,0.14522314,0.33091226,0.21773076,0.26473266,0.27112523,0.27040485,0.3488943,0.5396207,0.122366354,0.18134709,0.1865863,0.16343324,0.73192674,0.18164432
LH_112,0.33739998936653137,0.24435532,0.22672537,0.0,1.0,0.174548,0.23363306,0.28572643,0.2910236,0.27012768,0.53686106,0.45548475,0.5858017,0.20452802,0.21874516,0.16250691,0.19526,0.95947516,0.1853292
LH_113,0.31459999084472656,0.2713084,0.24836,0.0,1.0,0.19676808,0.23733331,0.29904902,0.29877666,0.27838632,0.53334814,0.5106635,0.39993754,0.22748601,0.16324665,0.15453893,0.1817572,0.87745214,0.19377014
LH_114,0.18539999425411224,0.200237,0.18533126,0.0,1.0,0.15655786,0.29118097,0.2854559,0.28612465,0.2875872,0.5346077,0.36119595,0.46435887,0.15623657,0.17605823,0.18729803,0.17319761,0.83220565,0.17267857
LH_115,0.25060001015663147,0.24943632,0.21478674,0.0,1.0,0.18803556,0.26985928,0.27601093,0.32166517,0.28917846,0.46559596,0.42262253,0.37475154,0.19418013,0.16728841,0.14187157,0.16778004,0.77191526,0.16060422
LH_116,0.1265999972820282,0.2795733,0.21970828,0.0,1.0,0.23730597,0.3614033,0.25655463,0.28145656,0.2998048,0.38977727,0.4942123,0.5183312,0.16405004,0.1778506,0.14486486,0.16225517,0.847789,0.16006963
LH_117,0.2930000126361847,0.192289,0.18367721,0.0,1.0,0.1441882,0.23949176,0.23569667,0.27136987,0.24885277,0.45477876,0.28872794,0.4480967,0.14380774,0.10435889,0.1477607,0.13197577,0.72398967,0.14220363
LH_118,0.1873999983072281,0.2194462,0.17589572,0.0,1.0,0.18871418,0.31653643,0.28485507,0.3331131,0.3115015,0.5194048,0.49046925,0.44429097,0.14407009,0.11269083,0.13476011,0.130507,0.86181986,0.12891197
LH_119,0.3686000108718872,0.25731036,0.21283853,0.0,1.0,0.19764876,0.32694566,0.31684294,0.29033625,0.31137493,0.5542693,0.49034655,0.5227768,0.18281977,0.20622723,0.16435058,0.18446589,0.94562227,0.17237248
LH_120,0.4081999957561493,0.23154905,0.20162444,0.0,1.0,0.19747981,0.27805096,0.32718816,0.25778183,0.28767362,0.4086898,0.54289293,0.4441724,0.15813325,0.14903937,0.16153185,0.15623482,0.8434648,0.14466397
LH_121,0.23180000483989716,0.15233666,0.1611675,0.0,1.0,0.118967906,0.23643771,0.28021267,0.3532656,0.28997198,0.51827353,0.51152873,0.4799663,0.15665266,0.13098879,0.13559651,0.14107932,0.8922482,0.15688887
LH_122,0.3001999855041504,0.17029251,0.16608945,0.0,1.0,0.121518046,0.23917545,0.20146719,0.2908796,0.24384077,0.518458,0.3316272,0.5391518,0.15342258,0.1552755,0.1445399,0.15107934,0.8494617,0.12812257
LH_123,0.2946000099182129,0.25617325,0.21749632,0.0,1.0,0.20568588,0.3175822,0.27904838,0.29131126,0.2959806,0.597549,0.5931564,0.4936695,0.13318981,0.18915573,0.16846684,0.16360413,1.0052693,0.15473557
LH_124,0.39419999718666077,0.28289565,0.24167453,0.0,1.0,0.20403546,0.30494794,0.3472104,0.31906733,0.32374188,0.37928298,0.5944135,0.45665133,0.119813,0.14002693,0.16072698,0.14018898,0.86228037,0.14826323
LH_125,0.41019999980926514,0.19055063,0.18534346,0.0,1.0,0.1338018,0.27369815,0.28388497,0.28759548,0.2817262,0.45747072,0.5749068,0.45886627,0.20079039,0.13940199,0.14844303,0.16287847,0.9004234,0.14621316
LH_126,0.3513999879360199,0.27156752,0.21784812,0.0,1.0,0.21696895,0.26682538,0.3176662,0.32388526,0.3027923,0.48807916,0.5281844,0.4291277,0.15573941,0.19674426,0.1733315,0.1752717,0.873599,0.17658477
LH_127,0.14419999718666077,0.28442037,0.21574348,0.0,1.0,0.26215538,0.22257127,0.2686672,0.2528691,0.24803586,0.49681666,0.4624983,0.63541794,0.23619546,0.16366751,0.15185446,0.18390583,0.9671072,0.18661799
LH_128,0.1581999957561493,0.19385959,0.16358964,0.0,1.0,0.16878673,0.32101876,0.2631671,0.25548607,0.27989066,0.44446343,0.51514024,0.4013236,0.17011079,0.19177817,0.20302086,0.18830328,0.83678705,0.17521214
LH_129,0.43299999833106995,0.23925729,0.2187543,0.0,1.0,0.18287002,0.2514753,0.30083922,0.27023527,0.27418327,0.5312465,0.6313399,0.48505268,0.18272734,0.14532718,0.11096868,0.14634107,0.9790139,0.15634581
LH_130,0.436599999666214,0.22942452,0.20252946,0.0,1.0,0.18209133,0.2817452,0.30483696,0.28186676,0.28948298,0.5816282,0.39800075,0.4182129,0.19235195,0.1287632,0.14589737,0.15567084,0.8541801,0.12976807
LH_131,0.40860000252723694,0.22388913,0.21567167,0.0,1.0,0.15769278,0.2372038,0.23930137,0.35072616,0.27574375,0.6748609,0.49307826,0.44104084,0.16589454,0.13851549,0.19883962,0.16774988,0.97771096,0.15299182
LH_132,0.1542000025510788,0.2550248,0.20858535,0.0,1.0,0.18476096,0.39705408,0.2780301,0.2719899,0.31569135,0.5139058,0.6823375,0.6277935,0.23484783,0.12071907,0.1965365,0.18403447,1.0937331,0.1894978
LH_133,0.10459999740123749,0.20944315,0.15990433,0.0,1.0,0.1985794,0.3047654,0.23154223,0.2988166,0.27837476,0.33740032,0.5503688,0.54967743,0.17374876,0.13764803,0.19920255,0.17019977,0.87874466,0.18845472
LH_134,0.32899999618530273,0.17751671,0.17593634,0.0,1.0,0.1256841,0.27730286,0.30523458,0.36005393,0.3141971,0.32398263,0.5326873,0.56532604,0.120259486,0.1332995,0.14319427,0.1322511,0.8626889,0.1296818
LH_135,0.10700000077486038,0.19930409,0.17718542,0.0,1.0,0.14639798,0.27488673,0.28953803,0.2960027,0.28680918,0.5027263,0.4258246,0.5337988,0.16678229,0.2054623,0.14671277,0.17298579,0.88255197,0.17793101
LH_136,0.20340000092983246,0.19496973,0.18339306,0.0,1.0,0.14545351,0.28621352,0.36407086,0.300018,0.31676748,0.52003235,0.49375454,0.5276945,0.11059859,0.21190141,0.20221712,0.1749057,0.9303547,0.15860343
LH_137,0.3709999918937683,0.29342428,0.24663456,0.0,1.0,0.23562907,0.30568886,0.3370528,0.3046895,0.31581035,0.5605526,0.50600606,0.4362564,0.1816253,0.1863995,0.16195151,0.1766588,0.9069266,0.17895727
LH_138,0.39739999175071716,0.18044643,0.16947514,0.0,1.0,0.14109412,0.30685374,0.33365518,0.30546817,0.3153257,0.36095718,0.7252192,0.3282749,0.15054111,0.0993586,0.113171406,0.12102369,0.8959795,0.08099645
LH_139,0.41819998621940613,0.3115901,0.24224058,0.0,1.0,0.25759372,0.27252543,0.24452643,0.34936133,0.2888044,0.51251936,0.40157372,0.48164028,0.21941055,0.18164895,0.14657512,0.18254489,0.85037935,0.18812642
LH_140,0.3725999891757965,0.24695526,0.22727393,0.0,1.0,0.17194942,0.27107313,0.29554203,0.3110816,0.2925656,0.54330766,0.4802519,0.44630554,0.17766207,0.1464177,0.17354734,0.16587572,0.8832207,0.16749807
LH_141,0.33219999074935913,0.21450597,0.1883837,0.0,1.0,0.16253933,0.2915962,0.22219747,0.28348398,0.2657592,0.48306075,0.46066368,0.5206576,0.18360956,0.11854418,0.21078733,0.17098033,0.88376486,0.16673072
LH_142,0.11779999732971191,0.18260765,0.17323102,0.0,1.0,0.13176699,0.3024131,0.28795296,0.26097748,0.2837812,0.5020788,0.42965934,0.6648716,0.12694404,0.10716324,0.109288745,0.11446533,0.95240295,0.10590464
LH_143,0.367000013589859,0.20981115,0.19039498,0.0,1.0,0.14951873,0.32162833,0.2932329,0.24106237,0.28530785,0.54251367,0.42891842,0.61473703,0.13556372,0.11381042,0.13288908,0.12742108,0.9414515,0.13730426
LH_144,0.210999995470047,0.2416502,0.2088645,0.0,1.0,0.17534177,0.27253148,0.21139339,0.26375753,0.24922746,0.61310136,0.39004567,0.60924995,0.21676,0.22934754,0.17029446,0.20546734,0.99437296,0.1975406
LH_145,0.121799997985363,0.1905638,0.17868945,0.0,1.0,0.15266114,0.2823679,0.28989944,0.26390004,0.27872244,0.57742864,0.4116535,0.4861964,0.18746594,0.16453303,0.17937073,0.17712323,0.8962914,0.1741254
LH_146,0.2897999882698059,0.213781,0.20636657,0.0,1.0,0.15861288,0.32498646,0.27442446,0.26977602,0.28972897,0.5941683,0.46000618,0.44557765,0.18128699,0.19867224,0.15550722,0.17848884,0.9129808,0.16175668
LH_147,0.35019999742507935,0.18981527,0.20475636,0.0,1.0,0.10689935,0.2703421,0.31257978,0.3064243,0.29644874,0.42236438,0.6613281,0.58652,0.1969466,0.14746457,0.14900881,0.16447334,1.0114262,0.13966699
LH_148,0.4650000035762787,0.18876,0.20352636,0.0,1.0,0.11407262,0.25167158,0.3098104,0.3369134,0.29946512,0.4639851,0.6327236,0.45404062,0.19367053,0.15513578,0.14790413,0.16557015,0.93924063,0.15182976
LH_149,0.10899999737739563,0.23257834,0.21288522,0.0,1.0,0.18333003,0.2965991,0.35226023,0.24496408,0.29794118,0.4242766,0.53263724,0.507868,0.16850993,0.1731962,0.20291035,0.18153882,0.89220124,0.15869817
LH_150,0.33660000562667847,0.24074827,0.23503986,0.0,1.0,0.12667447,0.26572928,0.29543063,0.2928131,0.2846577,0.54798317,0.47522193,0.5500902,0.14420043,0.14910166,0.14906941,0.14745717,0.933304,0.15136401
LH_151,0.4821999967098236,0.24232964,0.23470677,0.0,1.0,0.15546274,0.27764314,0.26037985,0.25504228,0.2643551,0.5995208,0.4880203,0.47797146,0.122428335,0.19863398,0.1399462,0.1536695,0.936681,0.15067692
LH_152,0.43140000104904175,0.167933,0.15976351,0.0,1.0,0.11367321,0.30395517,0.36834344,0.33125,0.3345162,0.507154,0.6944549,0.3669306,0.121414796,0.16369833,0.1480047,0.14437263,0.96077937,0.12024156
LH_153,0.15219999849796295,0.25534484,0.20739056,0.0,1.0,0.2233144,0.21955933,0.25057065,0.21591395,0.22868133,0.53132325,0.6550857,0.41180268,0.19798864,0.13573016,0.14515725,0.15962535,0.96598464,0.16306385
LH_154,0.4142000079154968,0.22296688,0.19430035,0.0,1.0,0.20205522,0.29536968,0.3167518,0.32583708,0.31265283,0.5216935,0.5330295,0.3550638,0.17169002,0.1915755,0.1983421,0.18720256,0.8663618,0.19310728
LH_155,0.2865999937057495,0.25154102,0.21845627,0.0,1.0,0.2006475,0.23213668,0.27258644,0.30030102,0.26834136,0.629743,0.5443922,0.46159145,0.110226355,0.18111041,0.1347162,0.14201766,0.97369313,0.1450057
LH_156,0.16699999570846558,0.21513924,0.18367864,0.0,1.0,0.1702908,0.29205152,0.22541654,0.28199854,0.26648888,0.65343225,0.38806397,0.6444358,0.14963959,0.16330953,0.14187682,0.15160865,1.0228246,0.12603931
LH_157,0.22020000219345093,0.2033531,0.19561815,0.0,1.0,0.1506071,0.29618987,0.36486015,0.23093632,0.29732877,0.4499208,0.53779256,0.4792425,0.20754153,0.16592292,0.21557572,0.19634672,0.89309585,0.20193973
LH_158,0.29420000314712524,0.21648228,0.20296425,0.0,1.0,0.1825269,0.20841962,0.27266037,0.2359561,0.23901205,0.7041798,0.5110972,0.571303,0.17490368,0.19545978,0.19941589,0.18992643,1.0723546,0.20517077
LH_159,0.28780001401901245,0.16880816,0.18560103,0.0,1.0,0.10954423,0.3064758,0.23197469,0.31176874,0.2834064,0.48433402,0.3885693,0.79568815,0.16152234,0.18279748,0.14034458,0.16155478,1.0358618,0.1577224
LH_160,0.3125999867916107,0.18986006,0.19732644,0.0,1.0,0.12942322,0.2609097,0.3064875,0.23851717,0.26863813,0.43359277,0.5202171,0.6159598,0.16128391,0.20723642,0.1718285,0.18011628,0.9468002,0.20022203
LH_161,0.10419999808073044,0.21195914,0.1662125,0.0,1.0,0.17758995,0.326213,0.2831851,0.2956106,0.30166957,0.51794404,0.5157722,0.40789142,0.18876474,0.22878662,0.20108819,0.20621319,0.88672465,0.20686688
LH_162,0.47380000352859497,0.20598425,0.18320464,0.0,1.0,0.15142398,0.31841806,0.32690522,0.27890897,0.30807742,0.5786184,0.44643044,0.42082116,0.15865447,0.21940206,0.15971757,0.17925803,0.8842368,0.16772977
LH_163,0.23420000076293945,0.21529509,0.235407,0.0,1.0,0.12518969,0.28021207,0.22834982,0.24581872,0.2514602,0.47615975,0.4576013,0.47250134,0.16649422,0.13349201,0.12328183,0.14108934,0.83449227,0.15409788
LH_164,0.2093999981880188,0.25854483,0.228264,0.0,1.0,0.21956304,0.33471376,0.2987374,0.25802645,0.2971592,0.5454714,0.53220594,0.5438699,0.18649192,0.1612929,0.15268622,0.16682367,0.96464896,0.17359968
LH_165,0.4214000105857849,0.20662491,0.20669915,0.0,1.0,0.15645826,0.2539724,0.31541592,0.2851741,0.28485417,0.4063887,0.5959032,0.3687421,0.17116424,0.19190279,0.12315422,0.16207375,0.8388452,0.1839913
LH_166,0.16899999976158142,0.2015864,0.18584484,0.0,1.0,0.1521171,0.28487512,0.25509456,0.29154345,0.27717105,0.57486933,0.5976363,0.4540156,0.1638332,0.17359006,0.19045646,0.1759599,0.97271675,0.20210023
LH_167,0.2549999952316284,0.2672623,0.24549201,0.0,1.0,0.18254116,0.28965607,0.25925416,0.20296404,0.25062475,0.5816154,0.390532,0.47102454,0.13976343,0.1782293,0.16873619,0.16224296,0.8751793,0.16275257
LH_168,0.11259999871253967,0.2723874,0.22634917,0.0,1.0,0.22052123,0.19707994,0.28540817,0.21489163,0.23245995,0.54622614,0.53574675,0.43412244,0.20242032,0.18487638,0.20053014,0.19594228,0.92472315,0.18466935
LH_169,0.44020000100135803,0.24444017,0.20921211,0.0,1.0,0.17373303,0.27897716,0.22667153,0.30474418,0.270131,0.3592441,0.34323424,0.41297284,0.15210138,0.15302935,0.1437739,0.14963488,0.68024385,0.14800212
LH_170,0.35580000281333923,0.24714291,0.23969352,0.0,1.0,0.17671023,0.30216753,0.30082563,0.2839173,0.2956368,0.47264045,0.60719514,0.47641128,0.17159481,0.1868262,0.13912554,0.16584885,0.9360981,0.16268909
LH_171,0.2329999953508377,0.18943357,0.20621327,0.0,1.0,0.11555734,0.2910963,0.2938887,0.29694474,0.29397655,0.46222854,0.46008313,0.4721478,0.16917534,0.12841365,0.15957184,0.15238695,0.8313013,0.1666345
LH_172,0.3901999890804291,0.255465,0.22482698,0.0,1.0,0.2006,0.29066277,0.25093672,0.28546724,0.27568892,0.45013508,0.43224406,0.3069342,0.19654147,0.16452508,0.15012611,0.17039756,0.7317388,0.19094054
LH_173,0.43779999017715454,0.25579408,0.23026566,0.0,1.0,0.1704478,0.26647478,0.25839847,0.30901226,0.27796185,0.51794016,0.37749073,0.47376424,0.20279759,0.15922043,0.17281958,0.17827918,0.83437043,0.18810754
LH_174,0.4302000105381012,0.28150713,0.25006554,0.0,1.0,0.19628209,0.2903559,0.2549596,0.3235675,0.28962767,0.48847175,0.46519902,0.5196696,0.20285073,0.2256308,0.16060571,0.19636242,0.89769256,0.19253932
LH_175,0.38499999046325684,0.33590043,0.28419653,0.0,1.0,0.26183057,0.2663593,0.3352165,0.27723056,0.29293546,0.5304307,0.48198262,0.6448414,0.1656019,0.19438963,0.17465682,0.17821611,0.9974087,0.17428851
LH_176,0.23499999940395355,0.21927106,0.20893982,0.0,1.0,0.15813237,0.24327087,0.33452418,0.28443918,0.28741142,0.4112577,0.3439206,0.4633661,0.13155887,0.1724779,0.15555446,0.1531971,0.74261606,0.14797734
LH_177,0.27140000462532043,0.23813586,0.20481816,0.0,1.0,0.18317959,0.27944398,0.30720106,0.27145395,0.28603297,0.4130317,0.430286,0.5553968,0.1250361,0.18674868,0.14723623,0.15300702,0.8449091,0.15007734
LH_178,0.22139999270439148,0.20949884,0.17614728,0.0,1.0,0.15109803,0.2589543,0.33136067,0.30066866,0.29699454,0.5325817,0.44023418,0.4835941,0.1196105,0.14491183,0.1619758,0.14216605,0.8606872,0.17908828
LH_179,0.12700000405311584,0.27272853,0.20262074,0.0,1.0,0.26136363,0.29361114,0.28527185,0.32421824,0.30103377,0.5149147,0.44092438,0.43124035,0.15195052,0.17247424,0.19800118,0.17414196,0.83787084,0.1885014
LH_180,0.46380001306533813,0.25406173,0.22847389,0.0,1.0,0.18891728,0.25081104,0.24131781,0.27105403,0.2543943,0.60259026,0.59517443,0.5780823,0.16875325,0.19893412,0.16216694,0.1766181,1.0587173,0.15809913
LH_181,0.387800008058548,0.22722358,0.21215329,0.0,1.0,0.14835572,0.22283603,0.27236605,0.27459702,0.2565997,0.3525361,0.48783427,0.35007754,0.18174458,0.16381316,0.13857302,0.16137691,0.7247316,0.19659813
LH_182,0.3937999904155731,0.23583016,0.22071804,0.0,1.0,0.1746678,0.30180252,0.29862407,0.28325042,0.294559,0.5626732,0.51519984,0.5353677,0.19418962,0.1669518,0.20072907,0.18729018,0.96710557,0.19807146
LH_183,0.4814000129699707,0.26073983,0.21228594,0.0,1.0,0.2029667,0.2621097,0.28032202,0.2810263,0.274486,0.37138775,0.41430408,0.3003645,0.1480305,0.1634019,0.13845494,0.14996244,0.66642356,0.15316053
LH_184,0.10779999941587448,0.18143567,0.1424683,0.0,1.0,0.16381383,0.35353622,0.22059307,0.26620018,0.2801098,0.34097126,0.6130867,0.48014367,0.1631954,0.16593541,0.18405117,0.17106068,0.8835295,0.1734716
LH_185,0.44179999828338623,0.22585046,0.22738728,0.0,1.0,0.14695996,0.25941187,0.29236042,0.26447985,0.27208403,0.5893239,0.535474,0.5878549,0.16190934,0.21995163,0.12214637,0.16800244,1.0214031,0.1608024
LH_186,0.24140000343322754,0.22737208,0.22476466,0.0,1.0,0.15682316,0.25873446,0.27166137,0.31996483,0.28345355,0.6262717,0.40776017,0.5983586,0.13691461,0.1571082,0.13810034,0.14404105,0.97954774,0.1396575
LH_187,0.31619998812675476,0.18205637,0.1893175,0.0,1.0,0.1270808,0.28624368,0.19412696,0.3017069,0.2606925,0.59686667,0.5466628,0.47918758,0.12655929,0.1703114,0.16901195,0.15529422,0.96977746,0.13353172
LH_188,0.28619998693466187,0.23603168,0.21287519,0.0,1.0,0.17246681,0.28050655,0.31839254,0.29359135,0.29749683,0.53867376,0.3062331,0.32875168,0.17195186,0.13637513,0.147078,0.15180166,0.7294227,0.17252848
LH_189,0.3073999881744385,0.26044345,0.2305558,0.0,1.0,0.19739121,0.27288175,0.2663514,0.36647886,0.301904,0.46336022,0.40856564,0.55598986,0.16441305,0.17639115,0.19686893,0.17922437,0.8665072,0.19188897
LH_190,0.31060001254081726,0.2415852,0.24062103,0.0,1.0,0.15287727,0.32139516,0.24864103,0.23076992,0.26693538,0.38355142,0.4199645,0.4593569,0.13421568,0.16787963,0.17120573,0.15776701,0.7655604,0.15465043
LH_191,0.13860000669956207,0.17471844,0.15837343,0.0,1.0,0.13827384,0.28124622,0.29448658,0.30137116,0.292368,0.32335538,0.51049995,0.24681768,0.16825217,0.18849392,0.10577224,0.1541728,0.68594825,0.17489868
LH_192,0.24740000069141388,0.21570872,0.20762795,0.0,1.0,0.14501578,0.26353875,0.25636345,0.2818517,0.2672513,0.5569057,0.39275908,0.5621273,0.16714476,0.17037469,0.17236876,0.16996272,0.9162766,0.16584343
LH_193,0.38420000672340393,0.27286425,0.2581901,0.0,1.0,0.19764419,0.27234077,0.3316813,0.27336633,0.2924628,0.3549796,0.5953367,0.4580849,0.15590519,0.21366361,0.15568879,0.17508586,0.86470324,0.1917399
LH_194,0.41499999165534973,0.17737421,0.16926524,0.0,1.0,0.13995664,0.30137628,0.27477032,0.29058245,0.28890967,0.5843341,0.42055535,0.6058017,0.11233831,0.15828505,0.17798209,0.14953513,0.9688333,0.12657985
LH_195,0.4697999954223633,0.19349754,0.18071654,0.0,1.0,0.13885823,0.24033466,0.26482946,0.33919066,0.28145158,0.5514391,0.280637,0.5521827,0.17882772,0.12423255,0.20268054,0.16858025,0.85845864,0.19821486
LH_196,0.4878000020980835,0.23069197,0.21154207,0.0,1.0,0.15464163,0.30276093,0.29539958,0.30072412,0.29962817,0.4729199,0.3767294,0.49402758,0.16774845,0.17807631,0.15679531,0.16754003,0.81546175,0.17058507
LH_197,0.23579999804496765,0.18772084,0.17774305,0.0,1.0,0.1339597,0.3091805,0.31654328,0.29093677,0.30555353,0.7053637,0.60474795,0.42381358,0.12865223,0.14798968,0.16518153,0.14727448,1.0456532,0.12337947
LH_198,0.21899999678134918,0.2180302,0.1835552,0.0,1.0,0.17905025,0.29515463,0.31548324,0.30376422,0.30480072,0.35362417,0.41757,0.46762353,0.12082733,0.12365155,0.17173856,0.13873917,0.7463297,0.1430439
LH_199,0.4334000051021576,0.19369116,0.18581516,0.0,1.0,0.1308835,0.31495872,0.26067472,0.2520678,0.27590042,0.5869034,0.46281487,0.35459808,0.17592514,0.09149887,0.15030502,0.13924299,0.8503182,0.15252985
LH_200,0.14499999582767487,0.20648547,0.21126921,0.0,1.0,0.1464296,0.34124327,0.29405123,0.23286939,0.28938797,0.49771908,0.6328841,0.48274595,0.1560701,0.17701685,0.18346767,0.17218487,0.97107816,0.16634415
LH_201,0.4966000020503998,0.26783037,0.24617988,0.0,1.0,0.18487616,0.29601905,0.2501367,0.33142173,0.29252586,0.4496228,0.45528108,0.44559464,0.18440469,0.20971397,0.24545692,0.21319185,0.8358723,0.21805456
LH_202,0.4726000130176544,0.2153043,0.21090454,0.0,1.0,0.1199081,0.35075545,0.2986163,0.26826784,0.30587986,0.5679174,0.5770277,0.5647755,0.20118566,0.108792,0.10815277,0.1393768,1.0098372,0.13674699
LH_203,0.4918000102043152,0.2085425,0.21041481,0.0,1.0,0.1379494,0.3072167,0.319707,0.294047,0.30699027,0.44260323,0.4622049,0.38929433,0.21241906,0.15900126,0.16527411,0.17889814,0.78381026,0.2108105
LH_204,0.1850000023841858,0.23715995,0.21930303,0.0,1.0,0.16379166,0.31804106,0.29531813,0.2825222,0.29862714,0.43283096,0.47962734,0.6365233,0.20086195,0.20999962,0.14240117,0.1844209,0.94690967,0.1750209
LH_205,0.305400013923645,0.23850755,0.23350506,0.0,1.0,0.16237353,0.2174362,0.28870592,0.31887427,0.27500546,0.47113192,0.50803876,0.5272703,0.18908359,0.14258376,0.15548466,0.162384,0.9021253,0.15655945
LH_206,0.31540000438690186,0.20284086,0.19109511,0.0,1.0,0.13735193,0.28890565,0.30507827,0.27571306,0.28989896,0.609328,0.425699,0.32432663,0.17290181,0.17486228,0.15699372,0.16825259,0.84652567,0.16186753
LH_207,0.3569999933242798,0.26586407,0.2305721,0.0,1.0,0.18836585,0.30597517,0.2335406,0.31613123,0.28521565,0.5390219,0.48004228,0.56541234,0.18374029,0.17382915,0.19292775,0.18349905,0.9568139,0.16242492
LH_208,0.2937999963760376,0.23540406,0.23795205,0.0,1.0,0.13129458,0.27357274,0.27161595,0.29073846,0.2786424,0.49380955,0.44866374,0.50097096,0.10865762,0.16000588,0.1488551,0.13917287,0.85899997,0.13343227
LH_209,0.35260000824928284,0.23493773,0.22345868,0.0,1.0,0.15567562,0.3284286,0.31727484,0.29317334,0.31295893,0.5557383,0.4132964,0.7303314,0.22252071,0.18562147,0.13542308,0.18118842,1.0418068,0.17318174
LH_210,0.4318000078201294,0.27402997,0.24026157,0.0,1.0,0.1962271,0.29858446,0.2923335,0.296037,0.29565167,0.47490352,0.57963914,0.5183217,0.19814841,0.21758771,0.17833579,0.19802397,0.95583814,0.18696679
LH_211,0.4153999984264374,0.21591407,0.19227874,0.0,1.0,0.16349742,0.28488815,0.3225526,0.31576693,0.3077359,0.48657495,0.491631,0.37973073,0.15726331,0.16131274,0.16086702,0.15981437,0.81287736,0.19624963
LH_212,0.26660001277923584,0.20236978,0.2065924,0.0,1.0,0.15164292,0.2524553,0.2666513,0.2002821,0.23979622,0.4700114,0.53905725,0.46151075,0.14992262,0.14974038,0.24153447,0.18039916,0.89079183,0.18496889
LH_213,0.45019999146461487,0.19636343,0.19634414,0.0,1.0,0.14156379,0.24302767,0.28329244,0.3108798,0.2790666,0.48461473,0.46561196,0.3996495,0.18732597,0.16147526,0.13128637,0.16002919,0.8097177,0.18472752
LH_214,0.4474000036716461,0.21080132,0.19147895,0.0,1.0,0.16578615,0.28990903,0.24616073,0.31553945,0.28386974,0.4690388,0.48703948,0.57045376,0.16224416,0.15285762,0.13863724,0.15124635,0.9152824,0.117427796
LH_215,0.40700000524520874,0.17581081,0.17678274,0.0,1.0,0.124815136,0.28888032,0.28116167,0.26981074,0.2799509,0.5769985,0.5053172,0.4526915,0.19160858,0.12522787,0.14903632,0.15529092,0.9163622,0.16760154
LH_216,0.47940000891685486,0.19157287,0.17939773,0.0,1.0,0.13832319,0.22272937,0.27237284,0.31000116,0.2683678,0.66124046,0.496309,0.43147218,0.1720393,0.1347161,0.11303354,0.13992965,0.95175606,0.1562451
LH_217,0.26260000467300415,0.27809823,0.2258275,0.0,1.0,0.20435007,0.29723254,0.30453837,0.28170022,0.29449037,0.55603,0.48489287,0.4974762,0.15407318,0.18902045,0.17444438,0.17251267,0.92601174,0.15547799
LH_218,0.4830000102519989,0.22607182,0.22662918,0.0,1.0,0.15716314,0.33086362,0.21729115,0.28147367,0.27654278,0.59391034,0.4535584,0.59523994,0.18077748,0.17265403,0.15396455,0.16913204,0.98724693,0.15586461
LH_219,0.490200012922287,0.18728037,0.170123,0.0,1.0,0.1291736,0.24908485,0.3066201,0.31980065,0.29183522,0.7423235,0.2720673,0.492456,0.15495543,0.122397095,0.15125701,0.14286985,0.95351624,0.14232211
LH_220,0.35339999198913574,0.22881596,0.19511904,0.0,1.0,0.17374492,0.295499,0.27956685,0.25313398,0.27606663,0.6276184,0.5462624,0.3298329,0.18027034,0.15285936,0.15060645,0.16124539,0.9247866,0.15624523
LH_221,0.33899998664855957,0.2063549,0.20335937,0.0,1.0,0.14612196,0.2661087,0.23155467,0.3110369,0.26956677,0.52705306,0.41178933,0.41686222,0.15337569,0.1638446,0.19776958,0.17166328,0.826535,0.16568474
LH_222,0.11020000278949738,0.26044202,0.24357109,0.0,1.0,0.18038279,0.2626245,0.29763806,0.21743697,0.2592332,0.6010417,0.36223525,0.47245085,0.17890134,0.14326984,0.21627752,0.17948292,0.8825365,0.19003326
LH_223,0.4406000077724457,0.20251621,0.2038643,0.0,1.0,0.12924676,0.2793751,0.23051271,0.23673227,0.2488734,0.6148206,0.63076186,0.4426798,0.1607192,0.16064745,0.14998195,0.15711622,1.0094066,0.16450366
LH_224,0.4374000132083893,0.23892121,0.23134474,0.0,1.0,0.14869677,0.26169106,0.29276234,0.27719826,0.27721724,0.4108849,0.46236965,0.7251365,0.19589302,0.121144876,0.12746866,0.14816885,0.97684443,0.15332498
LH_225,0.24899999797344208,0.21215573,0.20896594,0.0,1.0,0.14700533,0.21628335,0.26928154,0.337188,0.27425095,0.56724524,0.6024266,0.5448118,0.21191747,0.16677797,0.18508206,0.18792586,1.0284958,0.17515884
LH_226,0.16300000250339508,0.28009298,0.26163715,0.0,1.0,0.18828687,0.28319216,0.34481043,0.26606598,0.29802287,0.4480927,0.52008677,0.48142007,0.19405636,0.20835853,0.19209073,0.19816853,0.8857382,0.19099808
LH_227,0.3330000042915344,0.18477006,0.18206902,0.0,1.0,0.13052437,0.34448904,0.3016553,0.23401177,0.2933854,0.5294166,0.3343372,0.49594033,0.1740127,0.13956083,0.17931639,0.16429664,0.83459604,0.15290993
LH_228,0.4262000024318695,0.22931765,0.2183979,0.0,1.0,0.17547299,0.31780714,0.23349068,0.31373465,0.28834414,0.48609853,0.54772806,0.5080566,0.15782845,0.17200379,0.107161865,0.1456647,0.91584617,0.14705028
LH_229,0.11500000208616257,0.2295997,0.17945549,0.0,1.0,0.18777,0.2901057,0.24424578,0.21086334,0.24840492,0.42652413,0.6704264,0.40765026,0.13584802,0.13321982,0.18171774,0.15026186,0.9180902,0.15461956
LH_230,0.10300000011920929,0.20368153,0.20766872,0.0,1.0,0.13675609,0.2796213,0.19586645,0.23793766,0.23780848,0.4623273,0.45404527,0.58885974,0.16572148,0.20950462,0.21277,0.19599871,0.9208755,0.18781558
LH_231,0.38659998774528503,0.26674944,0.22358744,0.0,1.0,0.20401824,0.3211026,0.2831502,0.26287904,0.28904396,0.493274,0.390399,0.42698038,0.19200961,0.15446259,0.15498169,0.16715129,0.7936627,0.18135105
LH_232,0.21660000085830688,0.2269383,0.22079979,0.0,1.0,0.15477568,0.30501673,0.23852266,0.28680143,0.27678028,0.4281643,0.5285849,0.5012741,0.12831168,0.17970459,0.19865559,0.16889064,0.8801178,0.16618311
LH_233,0.22540000081062317,0.23954897,0.1916558,0.0,1.0,0.2165122,0.31875256,0.32690254,0.24396913,0.29654142,0.47913456,0.5828968,0.53277665,0.20206553,0.14188571,0.19711396,0.18035507,0.9635069,0.15703568
LH_234,0.10740000009536743,0.19663878,0.17312187,0.0,1.0,0.15204674,0.31183982,0.2626876,0.3234686,0.299332,0.34500018,0.37764832,0.43764302,0.18664773,0.1763049,0.19206698,0.18500654,0.72263193,0.1838168
LH_235,0.26499998569488525,0.2126808,0.21914779,0.0,1.0,0.14735283,0.27372447,0.34169716,0.24214305,0.2858549,0.62046695,0.6334176,0.39240983,0.21127671,0.17506962,0.18000995,0.18878543,1.0093465,0.17056681
LH_236,0.22619999945163727,0.19517018,0.17191187,0.0,1.0,0.16689466,0.3005633,0.28584749,0.23008001,0.2721636,0.40660205,0.4540896,0.5189907,0.10894574,0.15756568,0.20220046,0.15623729,0.83062315,0.16887918
LH_237,0.22100000083446503,0.23235384,0.21685357,0.0,1.0,0.16148776,0.27683413,0.28970373,0.30363008,0.290056,0.662614,0.35467735,0.4526434,0.14134818,0.17525189,0.16692828,0.1611761,0.9089964,0.14839923
LH_238,0.33180001378059387,0.26578262,0.23538223,0.0,1.0,0.19487211,0.26078355,0.28281567,0.3103293,0.28464285,0.4002122,0.425252,0.5688264,0.13816914,0.14957736,0.15329549,0.14701398,0.84193283,0.1438229
LH_239,0.4009999930858612,0.24447389,0.23689823,0.0,1.0,0.14278159,0.29986936,0.24538304,0.33218503,0.29247916,0.42031425,0.49708846,0.68495095,0.14761712,0.20427564,0.13284005,0.16157761,0.9751707,0.15207513
LH_240,0.24379999935626984,0.22196731,0.19971971,0.0,1.0,0.17099294,0.3090488,0.27983335,0.22021542,0.26969922,0.43153277,0.6417935,0.6454926,0.12769277,0.12718932,0.1875899,0.14749067,1.0260636,0.17218061
LH_241,0.1234000027179718,0.19678326,0.19192792,0.0,1.0,0.13286713,0.30403855,0.2852387,0.24626884,0.27851534,0.63367283,0.37980807,0.6586358,0.1318331,0.1499333,0.14058988,0.14078541,1.0092059,0.14396304
LH_242,0.3474000096321106,0.2486146,0.23040846,0.0,1.0,0.17070286,0.26055917,0.2862969,0.3229046,0.2899202,0.4919811,0.49506882,0.5010054,0.14410233,0.123097725,0.19208361,0.15309455,0.88896716,0.14386407
LH_243,0.412200003862381,0.1944349,0.19567136,0.0,1.0,0.12798385,0.2924923,0.22169343,0.2696842,0.26128998,0.52417123,0.5230843,0.5020156,0.15153892,0.20693333,0.15237378,0.170282,0.9314385,0.14770873
LH_244,0.18979999423027039,0.20537566,0.21080211,0.0,1.0,0.12860605,0.32182068,0.28369296,0.26150867,0.28900746,0.4851513,0.44327638,0.51963246,0.16523671,0.18317269,0.1744781,0.17429583,0.87553865,0.16313735
LH_245,0.43220001459121704,0.21049301,0.2103717,0.0,1.0,0.1293293,0.246923,0.25032315,0.33015025,0.2757988,0.5755209,0.6530707,0.5329636,0.21017468,0.16433762,0.19957353,0.19136195,1.0547495,0.20072238
LH_246,0.2313999980688095,0.20004483,0.19864684,0.0,1.0,0.13586354,0.31141362,0.28533646,0.25366038,0.28347015,0.3824176,0.4611483,0.6105913,0.14585541,0.15633048,0.13524687,0.14581092,0.88354963,0.12275024
LH_247,0.19419999420642853,0.21711151,0.2034122,0.0,1.0,0.15664767,0.25904578,0.22816981,0.29455972,0.26059178,0.491427,0.44372436,0.4606871,0.13533159,0.17437156,0.14107469,0.15025927,0.83496636,0.1485856
LH_248,0.15459999442100525,0.20932928,0.20435612,0.0,1.0,0.13962421,0.3054347,0.25102124,0.27169818,0.27605137,0.4828359,0.62396044,0.43117332,0.1376802,0.20948784,0.22343187,0.19019997,0.93928456,0.19716711
LH_249,0.4666000008583069,0.18886928,0.190194,0.0,1.0,0.122740604,0.3074387,0.31168473,0.289997,0.30304015,0.5551369,0.47107667,0.64394987,0.15389894,0.20998892,0.13852549,0.1674711,1.0028813,0.16112137
LH_250,0.12620000541210175,0.28698462,0.2252701,0.0,1.0,0.24164605,0.2829954,0.24385694,0.19867632,0.24184288,0.40799007,0.41669846,0.4467599,0.15856053,0.18402064,0.23165914,0.19141345,0.78731436,0.18026334
LH_251,0.41179999709129333,0.22981359,0.22004673,0.0,1.0,0.16014728,0.2749449,0.33146015,0.33457616,0.31366038,0.3847401,0.5426845,0.5388287,0.16162774,0.17153987,0.16235392,0.16517384,0.8914591,0.14169176
LH_252,0.36340001225471497,0.19300966,0.20546204,0.0,1.0,0.12176035,0.33247906,0.28996947,0.28359622,0.30201492,0.37590814,0.43811646,0.6029093,0.15782726,0.17940073,0.19814254,0.17845683,0.87482435,0.16670161
LH_253,0.27900001406669617,0.20815957,0.20749441,0.0,1.0,0.13999206,0.27490264,0.28916007,0.2890965,0.2843864,0.519933,0.4661209,0.5592505,0.18432267,0.19511989,0.15803066,0.17915773,0.92848784,0.1878582
LH_254,0.4002000093460083,0.22580247,0.19809705,0.0,1.0,0.17109856,0.27611744,0.28704268,0.2679782,0.27704608,0.61409503,0.514313,0.28472856,0.1479321,0.18769157,0.15507004,0.16356456,0.88053644,0.16886559
LH_255,0.3158000111579895,0.2578057,0.22082141,0.0,1.0,0.1925872,0.28856552,0.3199748,0.24149686,0.28334573,0.4783992,0.59147984,0.51336366,0.12931456,0.19215466,0.21004644,0.17717189,0.9534763,0.17579679
LH_256,0.4381999969482422,0.21990128,0.20151171,0.0,1.0,0.16384837,0.2899233,0.26489186,0.3006174,0.28514418,0.49353248,0.640723,0.32780105,0.16144313,0.19775563,0.1627342,0.17397766,0.90531814,0.18332066
LH_257,0.13580000400543213,0.21917133,0.17756358,0.0,1.0,0.1713419,0.28464624,0.28327712,0.26096657,0.27629662,0.6119532,0.5330062,0.5198708,0.16375048,0.1757104,0.18195917,0.17380668,0.9952815,0.17046992
LH_258,0.23100000619888306,0.259659,0.2321053,0.0,1.0,0.20528376,0.2822836,0.24879995,0.29901794,0.2767005,0.5169463,0.47773948,0.5649876,0.17505978,0.17439619,0.21291,0.18745531,0.9425303,0.18085045
LH_259,0.18619999289512634,0.19324514,0.17958419,0.0,1.0,0.14945573,0.31536704,0.3160966,0.27243233,0.30129865,0.55841005,0.55753005,0.60741216,0.17693576,0.11754809,0.1889693,0.16115105,1.0230603,0.16059889
LH_260,0.4025999903678894,0.2932126,0.26210523,0.0,1.0,0.21387307,0.28747922,0.30775622,0.27049884,0.28857812,0.5110061,0.40154773,0.4872536,0.15140581,0.14090973,0.15238468,0.14823341,0.8374318,0.15649997
LH_261,0.3057999908924103,0.16247803,0.16352376,0.0,1.0,0.107467785,0.20999786,0.28056723,0.27939138,0.25665215,0.44615105,0.4798969,0.39960316,0.15457264,0.12859641,0.13154641,0.13823849,0.79327905,0.13220078
LH_262,0.2766000032424927,0.20690605,0.19044401,0.0,1.0,0.1466152,0.26405674,0.24793994,0.21986972,0.24395548,0.38948172,0.5319899,0.6012086,0.13512684,0.15489419,0.1560618,0.14869429,0.9142516,0.16404884
LH_263,0.3677999973297119,0.16280214,0.16226982,0.0,1.0,0.11601076,0.29086474,0.31600198,0.26851442,0.2917937,0.4790718,0.5254616,0.6014328,0.12582886,0.15223356,0.15623575,0.14476605,0.95514786,0.1358355
LH_264,0.3625999987125397,0.23231815,0.20485759,0.0,1.0,0.1520142,0.37488136,0.30481654,0.2546693,0.31145573,0.41602027,0.4171888,0.36413437,0.21367852,0.17369905,0.13963413,0.17567058,0.7325879,0.1958458
LH_265,0.2565999925136566,0.1830378,0.19088289,0.0,1.0,0.11143574,0.2213882,0.32896888,0.2727246,0.27436057,0.6159569,0.6515231,0.4916988,0.17464235,0.121123336,0.15580326,0.15052299,1.0466362,0.1401839
LH_266,0.24779999256134033,0.23898545,0.22833449,0.0,1.0,0.17480166,0.2570208,0.33691493,0.3065521,0.30016264,0.5013062,0.63067687,0.4415354,0.18500544,0.16097252,0.14553441,0.16383745,0.95073813,0.14639375
LH_267,0.11940000206232071,0.23572126,0.20016503,0.0,1.0,0.20319235,0.22616638,0.2566781,0.30079988,0.26121476,0.5231779,0.575299,0.46644917,0.20237131,0.19017741,0.18144724,0.19133198,0.94894415,0.17834942
LH_268,0.29260000586509705,0.22674888,0.2322433,0.0,1.0,0.16413,0.348333,0.26572362,0.31236014,0.30880558,0.5889076,0.5885038,0.5703095,0.15032047,0.19703124,0.15023635,0.16586268,1.0347477,0.17800952
LH_269,0.3529999852180481,0.34121224,0.2530534,0.0,1.0,0.2672703,0.30311206,0.26195735,0.2779246,0.28099802,0.46122837,0.5318377,0.45324615,0.14891931,0.15128537,0.16190478,0.15403648,0.86638534,0.14720342
LH_270,0.11659999936819077,0.25671744,0.19741821,0.0,1.0,0.22489646,0.31287408,0.21574707,0.29341158,0.2740109,0.35744134,0.47477132,0.46465406,0.15515442,0.19544548,0.18246238,0.1776874,0.7927557,0.19020563
LH_271,0.3862000107765198,0.20607299,0.18799244,0.0,1.0,0.1416569,0.25437242,0.20328717,0.3173617,0.25834045,0.4370376,0.4715924,0.48925453,0.16813022,0.18622842,0.20197654,0.18544507,0.84726685,0.19660497
LH_272,0.2809999883174896,0.27805594,0.2536119,0.0,1.0,0.17962523,0.25434384,0.31457123,0.27026746,0.2797275,0.6263618,0.6609133,0.63321435,0.22040515,0.15058894,0.19064698,0.18721367,1.143799,0.17152753
LH_273,0.18299999833106995,0.17683129,0.17353112,0.0,1.0,0.122511044,0.28164014,0.27202094,0.30953565,0.28773224,0.43048534,0.4982559,0.44610366,0.13803653,0.18531698,0.16990592,0.16441981,0.8242115,0.18848068
LH_274,0.2750000059604645,0.28955376,0.25113106,0.0,1.0,0.19446062,0.3371122,0.31014806,0.31002054,0.3190936,0.52000386,0.5391695,0.34888065,0.14731292,0.21628134,0.15716489,0.17358637,0.86064965,0.18784875
LH_275,0.34700000286102295,0.26674458,0.24179429,0.0,1.0,0.17759955,0.33134913,0.29303536,0.3308758,0.3184201,0.4989669,0.47882232,0.55884576,0.17594682,0.1825801,0.15504017,0.17118903,0.92108697,0.17457531
LH_276,0.4458000063896179,0.1947089,0.21848802,0.0,1.0,0.13540253,0.23738071,0.30895165,0.272624,0.27298546,0.47049782,0.56777865,0.5138093,0.15485111,0.16849297,0.16145036,0.16159813,0.92640656,0.16717166
LH_277,0.36059999465942383,0.23047666,0.1971277,0.0,1.0,0.18657473,0.24238884,0.21073236,0.31252986,0.25521702,0.53224635,0.43279377,0.5308366,0.11950646,0.18225302,0.15192844,0.1512293,0.89322746,0.1584587
LH_278,0.15780000388622284,0.22210869,0.18154569,0.0,1.0,0.1722571,0.31496432,0.314576,0.2365852,0.28870848,0.60919595,0.50636965,0.38102028,0.15783949,0.18301675,0.1963297,0.179062,0.91742545,0.16730477
LH_279,0.40939998626708984,0.23171757,0.21438248,0.0,1.0,0.15712467,0.28504077,0.27507052,0.26716882,0.27576002,0.61971545,0.44538352,0.72486514,0.14421955,0.18989494,0.173302,0.16913883,1.0789065,0.17520486
LH_280,0.34139999747276306,0.2428163,0.22088699,0.0,1.0,0.16592404,0.2818452,0.31073737,0.3026245,0.2984024,0.46206865,0.4417857,0.5315758,0.1408998,0.16562083,0.13864814,0.1483896,0.8578644,0.14774899
LH_281,0.28380000591278076,0.24801466,0.2341121,0.0,1.0,0.18110618,0.26143378,0.23489365,0.33000436,0.2754439,0.28451863,0.436246,0.41234905,0.18092111,0.16717464,0.15543869,0.16784482,0.6986854,0.19486652
LH_282,0.4174000024795532,0.18849045,0.21309698,0.0,1.0,0.10816139,0.23825571,0.29561475,0.314991,0.28295383,0.53635144,0.46201906,0.43899345,0.18000866,0.16251947,0.18164788,0.17472534,0.864079,0.19755735
LH_283,0.45820000767707825,0.23999676,0.21553871,0.0,1.0,0.17687657,0.24873734,0.30161586,0.32970375,0.2933523,0.53583044,0.2731048,0.54369414,0.14173537,0.13388875,0.15253589,0.14272,0.8370583,0.13386391
LH_284,0.28299999237060547,0.27501458,0.23973426,0.0,1.0,0.18996736,0.30945075,0.26083544,0.32287118,0.2977191,0.35208476,0.573517,0.48845837,0.1550721,0.17224786,0.22525698,0.1841923,0.8710894,0.19271114
LH_285,0.32100000977516174,0.26684436,0.23526958,0.0,1.0,0.19313902,0.2822237,0.37325,0.32226723,0.32591367,0.5467463,0.49647743,0.59307885,0.1517673,0.20973217,0.17678049,0.17942666,0.98093224,0.18223068
LH_286,0.2757999897003174,0.22664076,0.22434455,0.0,1.0,0.15354368,0.3262767,0.26729923,0.3162053,0.30326042,0.42355812,0.57554114,0.46867606,0.15459484,0.18260197,0.14799756,0.16173147,0.8833976,0.17047381
LH_287,0.43059998750686646,0.28076553,0.2576721,0.0,1.0,0.20333079,0.33018443,0.2817543,0.2547803,0.28890634,0.5339058,0.49162662,0.5808632,0.20049998,0.2055419,0.1952872,0.20044303,0.9773751,0.17168896
LH_288,0.14100000262260437,0.23340577,0.20444375,0.0,1.0,0.16629003,0.26820064,0.3155821,0.24920546,0.27766272,0.52461123,0.5674255,0.52336305,0.17223121,0.20318797,0.16690385,0.18077433,0.96730214,0.18501279
LH_289,0.20739999413490295,0.2476599,0.22819294,0.0,1.0,0.17696223,0.33170724,0.22516221,0.3393219,0.29873046,0.40399617,0.4709726,0.50556624,0.21664406,0.20762962,0.15778178,0.19401848,0.8490679,0.18614161
LH_290,0.37139999866485596,0.21939106,0.21226332,0.0,1.0,0.16478953,0.2671342,0.25212964,0.23057865,0.24994749,0.5637611,0.38437426,0.57651,0.16588035,0.1637266,0.15762945,0.16241212,0.9217259,0.16590679
LH_291,0.3118000030517578,0.20418566,0.22042708,0.0,1.0,0.12189666,0.3114684,0.3006411,0.28782946,0.29997966,0.7131982,0.62892747,0.66082114,0.11088268,0.17678945,0.12406468,0.1372456,1.1763585,0.12652273
LH_292,0.4925999939441681,0.23264484,0.21931176,0.0,1.0,0.1751893,0.28471038,0.27430978,0.30639806,0.28847274,0.49204525,0.7110809,0.3714913,0.16024108,0.14390281,0.15124147,0.15179512,0.96711105,0.14037776
LH_293,0.2978000044822693,0.17608684,0.17024402,0.0,1.0,0.13353571,0.25073344,0.2983596,0.31372234,0.2876051,0.5151478,0.3946799,0.34358203,0.15664896,0.16215149,0.10981378,0.1428714,0.75789225,0.16639881
LH_294,0.2558000087738037,0.26345158,0.24474744,0.0,1.0,0.16605464,0.29793712,0.3150464,0.28396016,0.29898125,0.51388705,0.6008936,0.4582773,0.18990378,0.1641813,0.18486942,0.1796515,0.94836015,0.18160383
LH_295,0.14900000393390656,0.3031753,0.21620303,0.0,1.0,0.25367373,0.29566687,0.28906068,0.28009918,0.28827557,0.49974555,0.4651863,0.4752536,0.18643516,0.18255688,0.17673,0.18190734,0.8733322,0.16917229
LH_296,0.24420000612735748,0.22878408,0.221069,0.0,1.0,0.14852533,0.26832318,0.33181554,0.32998455,0.3100411,0.59433794,0.4367802,0.3727672,0.14222367,0.19690585,0.15929784,0.16614246,0.86062616,0.16330378
LH_297,0.16099999845027924,0.2929347,0.2299417,0.0,1.0,0.2527017,0.29106516,0.27510864,0.27259022,0.279588,0.59721136,0.5486971,0.48205876,0.19363788,0.12617746,0.13093203,0.15024912,0.9701614,0.13948925
LH_298,0.2709999978542328,0.23213753,0.21330702,0.0,1.0,0.15983944,0.2994024,0.31976008,0.26015162,0.29310468,0.51006186,0.6636507,0.5634993,0.18445536,0.16709659,0.14939812,0.16698337,1.038103,0.15727
LH_299,0.2797999978065491,0.19820409,0.19646174,0.0,1.0,0.13180494,0.25682563,0.36620256,0.27518997,0.29940605,0.40862152,0.4805365,0.6629578,0.1341289,0.14587584,0.13526408,0.13842295,0.9383683,0.12013096
LH_300,0.2614000141620636,0.20690726,0.18893711,0.0,1.0,0.14917918,0.25912353,0.27196586,0.30032647,0.27713862,0.4923097,0.4645356,0.5294258,0.17776558,0.14012761,0.15277764,0.15689029,0.8888683,0.15147397
LH_301,0.326200008392334,0.25173843,0.22252764,0.0,1.0,0.1825963,0.29508403,0.3721952,0.2767698,0.31468305,0.38567066,0.45198634,0.56727505,0.17869925,0.22954461,0.17630102,0.19484828,0.8664842,0.1993637
LH_302,0.24619999527931213,0.24797904,0.22402477,0.0,1.0,0.15819976,0.32288182,0.27114654,0.2831042,0.2923775,0.5052018,0.33029065,0.35917178,0.11873757,0.17228614,0.16741112,0.15281163,0.737933,0.14348409
LH_303,0.15940000116825104,0.24383567,0.21889098,0.0,1.0,0.20425129,0.31760448,0.3034582,0.29260132,0.30455467,0.5845653,0.39132863,0.49791858,0.16244274,0.17992331,0.16978607,0.17071737,0.89843416,0.152253
LH_304,0.19259999692440033,0.20313333,0.20149492,0.0,1.0,0.14153004,0.28699166,0.28249863,0.27864146,0.28271058,0.5277151,0.6081046,0.34132588,0.22384727,0.14668342,0.12920561,0.16657877,0.909189,0.16269843
LH_305,0.4569999873638153,0.25172463,0.22265947,0.0,1.0,0.1885353,0.28837535,0.30238664,0.32228783,0.30434993,0.55658865,0.5174358,0.49444434,0.14374465,0.16616488,0.15481299,0.15490751,0.9327358,0.15572484
LH_306,0.25099998712539673,0.17215335,0.16186813,0.0,1.0,0.13570195,0.29703283,0.25016823,0.2956384,0.2809465,0.5480468,0.6451441,0.58586264,0.1205139,0.13303205,0.21773669,0.15709423,1.0528815,0.17570421
LH_307,0.375,0.24521516,0.22737244,0.0,1.0,0.17406714,0.28614625,0.25738367,0.28288206,0.27547064,0.42459962,0.5325791,0.5082423,0.15289155,0.19144379,0.1482763,0.16420388,0.88510466,0.14435266
LH_308,0.3610000014305115,0.24017131,0.23552291,0.0,1.0,0.14648895,0.25839704,0.3190971,0.25321507,0.27690306,0.49800584,0.48669207,0.5493733,0.22731307,0.1847997,0.19413924,0.202084,0.93155783,0.20591775
LH_309,0.22259999811649323,0.18801403,0.19493134,0.0,1.0,0.13271843,0.29891804,0.35005364,0.35861275,0.33586147,0.46807176,0.564671,0.37929127,0.16559117,0.21023741,0.17970458,0.18517773,0.8687355,0.17612149
LH_310,0.19220000505447388,0.22796513,0.2022809,0.0,1.0,0.17301708,0.25156775,0.22405331,0.35081127,0.2754774,0.5501368,0.59289974,0.49984363,0.18075834,0.16597785,0.18028632,0.17567416,0.9852219,0.16151614
LH_311,0.10859999805688858,0.3453636,0.24167703,0.0,1.0,0.32674772,0.3370057,0.3466335,0.30051845,0.32805255,0.5664112,0.45998877,0.6674485,0.20450552,0.23570272,0.21013495,0.21678108,1.0439465,0.17207335
LH_312,0.1754000037908554,0.31190142,0.2253778,0.0,1.0,0.2844302,0.2970694,0.2966005,0.30625042,0.29997343,0.49447995,0.5062536,0.5334928,0.18552557,0.22487517,0.20170327,0.20403467,0.9303515,0.21339317
LH_313,0.1242000013589859,0.2366111,0.21383968,0.0,1.0,0.1703065,0.30700845,0.25594807,0.29425374,0.28573677,0.57860625,0.64538074,0.6150763,0.14316022,0.18585607,0.1440657,0.157694,1.0873528,0.15190999
LH_314,0.16140000522136688,0.22850001,0.19099557,0.0,1.0,0.2048597,0.27160057,0.24619576,0.23287149,0.2502226,0.45447454,0.4825373,0.3479515,0.19355655,0.19313218,0.16850105,0.18506329,0.79222167,0.1897397
LH_315,0.34220001101493835,0.2789132,0.26282436,0.0,1.0,0.19434318,0.26575994,0.2266969,0.31071588,0.26772425,0.5067758,0.4255973,0.54665816,0.15635248,0.17610036,0.18731305,0.17325528,0.8915861,0.18002109
LH_316,0.16339999437332153,0.2516103,0.22353654,0.0,1.0,0.17194256,0.36024278,0.35321122,0.29793012,0.33712807,0.59716654,0.41925707,0.5656014,0.18381168,0.1334686,0.17189062,0.16305695,0.9527966,0.16004696
LH_317,0.4593999981880188,0.26761305,0.22430049,0.0,1.0,0.22487965,0.31116036,0.25165042,0.2685118,0.2771075,0.56383115,0.46683028,0.57089573,0.14135624,0.18896739,0.1839916,0.17143841,0.9604125,0.17002606
LH_318,0.4997999966144562,0.31169608,0.24401715,0.0,1.0,0.2715605,0.26776195,0.30004165,0.30123052,0.28967807,0.40727225,0.6529637,0.60985696,0.15918134,0.13767281,0.15813085,0.15166168,1.0037575,0.1610169
LH_319,0.4986000061035156,0.1949238,0.19681346,0.0,1.0,0.12703681,0.33710155,0.23378722,0.37275437,0.31454775,0.4709597,0.4040555,0.64554906,0.16056208,0.1547093,0.18558982,0.16695373,0.9302963,0.1431963
LH_320,0.48820000886917114,0.25228143,0.2366181,0.0,1.0,0.16476059,0.32261083,0.2927871,0.27566853,0.29702213,0.52461725,0.48181647,0.5380239,0.18603249,0.19337007,0.21975563,0.19971941,0.9388785,0.18878499
LH_321,0.36500000953674316,0.18430841,0.2023027,0.0,1.0,0.13053337,0.29098645,0.30260375,0.25179192,0.28179404,0.45069325,0.57073444,0.3582074,0.13375455,0.16771306,0.15719555,0.15288772,0.8358581,0.17101
LH_322,0.10499999672174454,0.2863697,0.23653607,0.0,1.0,0.19816704,0.22088696,0.323557,0.2747541,0.273066,0.44227067,0.5812437,0.62181234,0.1694662,0.19480008,0.20043191,0.18823273,0.9948637,0.19282964
LH_323,0.45660001039505005,0.23568903,0.205009,0.0,1.0,0.18261659,0.29689088,0.34432587,0.2948529,0.31202322,0.5274629,0.38622224,0.5364673,0.1442849,0.14052221,0.14827143,0.14435953,0.871175,0.13705863
LH_324,0.11860000342130661,0.24520896,0.21706948,0.0,1.0,0.17750385,0.2748246,0.29300594,0.24963094,0.27248716,0.45289326,0.5888453,0.51539916,0.19264391,0.20016837,0.20889854,0.20057029,0.9501481,0.18847732
LH_325,0.11140000075101852,0.24865116,0.22054459,0.0,1.0,0.17578317,0.23407182,0.24539576,0.25255713,0.24400826,0.4333972,0.50069344,0.42419013,0.16112119,0.17858033,0.17197028,0.17055726,0.81878436,0.18836558
LH_326,0.1881999969482422,0.18590343,0.18320091,0.0,1.0,0.11905532,0.26678833,0.20113108,0.30344123,0.25712022,0.48330727,0.41590625,0.66277343,0.18296468,0.20656946,0.13706636,0.17553349,0.9551346,0.16877377
LH_327,0.15060000121593475,0.19870481,0.18650152,0.0,1.0,0.15950967,0.2870761,0.3266789,0.27764705,0.297134,0.43820345,0.63071,0.53510904,0.17867428,0.15568,0.20783797,0.18073076,0.9703891,0.18401487
LH_328,0.2529999911785126,0.22385405,0.20110983,0.0,1.0,0.16741168,0.29247853,0.30646002,0.26893893,0.28929248,0.4384718,0.65111923,0.24309812,0.21043472,0.14566265,0.13803291,0.16471009,0.85662544,0.16142122
LH_329,0.20499999821186066,0.23749802,0.22646122,0.0,1.0,0.161248,0.2706364,0.29886478,0.27242547,0.2806422,0.54528725,0.5830091,0.5173604,0.17859231,0.21850671,0.17060995,0.18923633,0.98966306,0.1849724
LH_330,0.4758000075817108,0.19294079,0.20038374,0.0,1.0,0.12319373,0.2592123,0.33588195,0.314692,0.30326208,0.5241466,0.5574324,0.51340765,0.15807258,0.16723417,0.14929765,0.15820146,0.94905066,0.15360637
LH_331,0.45899999141693115,0.23229676,0.22990134,0.0,1.0,0.1589891,0.25408253,0.26272812,0.35362783,0.29014614,0.66227114,0.47665802,0.6113675,0.142226,0.125625,0.20543513,0.15776205,1.0467994,0.14832695
LH_332,0.3353999853134155,0.21798994,0.21935512,0.0,1.0,0.15566456,0.29658502,0.23267506,0.27387628,0.2677121,0.3123212,0.5827739,0.5456522,0.12263443,0.16696121,0.1369937,0.14219646,0.8804805,0.14609203
LH_333,0.4641999900341034,0.24142334,0.20335303,0.0,1.0,0.17794865,0.25795543,0.30262658,0.34096462,0.30051556,0.4150899,0.5542479,0.48663104,0.14625522,0.118926674,0.18275176,0.1493112,0.8723269,0.15581489
LH_334,0.1597999930381775,0.16823529,0.16128038,0.0,1.0,0.12620126,0.24332638,0.2799527,0.34944376,0.29090762,0.560232,0.46595946,0.38391006,0.17475112,0.18025365,0.16997615,0.17499363,0.85841095,0.18280312
LH_335,0.22579999268054962,0.22953741,0.21377866,0.0,1.0,0.15951517,0.25923952,0.29126614,0.28385952,0.27812174,0.48376358,0.4762113,0.36402416,0.19252461,0.14539456,0.15809828,0.16533916,0.800945,0.1870975
LH_336,0.31139999628067017,0.21678469,0.22407472,0.0,1.0,0.13324942,0.25315547,0.32256058,0.25090083,0.27553895,0.4808559,0.71497315,0.6215392,0.21202971,0.14977895,0.16242395,0.1747442,1.0944403,0.15713748
LH_337,0.34860000014305115,0.204837,0.19785088,0.0,1.0,0.15266874,0.278449,0.31320012,0.27047318,0.2873741,0.620293,0.5005204,0.6090226,0.12613423,0.16513918,0.18383937,0.15837093,1.0300152,0.14912704
LH_338,0.2401999980211258,0.19662617,0.1858307,0.0,1.0,0.13202682,0.26249954,0.30873567,0.24632864,0.2725213,0.6097106,0.3326325,0.4246728,0.12607524,0.12826723,0.19374873,0.14936374,0.8436596,0.14444004
LH_339,0.13619999587535858,0.26905626,0.2334268,0.0,1.0,0.20484626,0.33069742,0.3130808,0.23984733,0.29454184,0.33357227,0.4062247,0.4973845,0.14088374,0.13853276,0.20797318,0.16246323,0.75583357,0.18624794
LH_340,0.125,0.2178961,0.19741891,0.0,1.0,0.1691121,0.3180509,0.2857675,0.24693532,0.2835846,0.46817765,0.6488201,0.39254963,0.1843736,0.1830558,0.15705131,0.1748269,0.9269984,0.16460627
LH_341,0.26339998841285706,0.2114518,0.18469562,0.0,1.0,0.16000634,0.2514962,0.19623515,0.27945843,0.2423966,0.41918248,0.47241035,0.58096004,0.13598132,0.19495475,0.13629827,0.15574479,0.8889967,0.14546645
LH_342,0.10939999669790268,0.23540913,0.21537666,0.0,1.0,0.17201683,0.30889127,0.3338512,0.2905727,0.31110504,0.55103004,0.5868801,0.54055506,0.19477248,0.18229832,0.2244341,0.20050162,1.0116115,0.19607098
LH_343,0.24699999392032623,0.20650712,0.18254404,0.0,1.0,0.14428785,0.3090542,0.32370895,0.28927535,0.30734617,0.5374135,0.71498084,0.6268126,0.12659828,0.13114618,0.10662044,0.121454954,1.1065419,0.114298165
LH_344,0.38100001215934753,0.23221445,0.24524559,0.0,1.0,0.14184451,0.2280147,0.2756208,0.2978356,0.26715705,0.5855707,0.47077054,0.4890321,0.19839032,0.18975866,0.17573303,0.18796067,0.9397629,0.16360079
LH_345,0.3393999934196472,0.23065034,0.21792379,0.0,1.0,0.17034423,0.31261685,0.27991724,0.23418468,0.27557293,0.41887975,0.4253312,0.53525233,0.13691476,0.13062932,0.16598627,0.14451014,0.82540923,0.15786855
LH_346,0.33379998803138733,0.25431302,0.22031724,0.0,1.0,0.2086243,0.23751815,0.28537807,0.38666764,0.30318797,0.52126443,0.60265195,0.52716285,0.22583808,0.17769651,0.19537596,0.19963686,0.996248,0.20260118
LH_347,0.1889999955892563,0.20382255,0.19614775,0.0,1.0,0.16490832,0.28763008,0.3309905,0.25363636,0.29075232,0.44511178,0.6358219,0.3706126,0.18965362,0.17850532,0.11701683,0.16172527,0.8887574,0.1771542
LH_348,0.3222000002861023,0.23878893,0.24517992,0.0,1.0,0.13622746,0.3206962,0.30113193,0.24531168,0.28904662,0.5747205,0.7301737,0.5495153,0.14947209,0.14735101,0.1907351,0.1625194,1.1065286,0.14646707
LH_349,0.42100000381469727,0.20703521,0.19355582,0.0,1.0,0.14722416,0.2574095,0.2714282,0.32386646,0.28423473,0.42570415,0.59181404,0.493587,0.17874333,0.16229597,0.19767427,0.1795712,0.9140014,0.1925144
LH_350,0.49380001425743103,0.21393387,0.1992927,0.0,1.0,0.17158985,0.22294928,0.28397086,0.33277705,0.2798991,0.4446973,0.45857957,0.41537595,0.17068005,0.18333718,0.17171985,0.17524569,0.80003846,0.18099341
LH_351,0.4505999982357025,0.24460082,0.23037541,0.0,1.0,0.1853345,0.2361259,0.24053116,0.2906786,0.25577855,0.44949338,0.52737474,0.5950499,0.19389609,0.13857196,0.12577946,0.15274917,0.94123673,0.1447214
LH_352,0.35100001096725464,0.27876493,0.22375181,0.0,1.0,0.22918937,0.25220403,0.2588089,0.29766226,0.26955843,0.44555992,0.5588274,0.48989525,0.19636783,0.13372305,0.17513454,0.16840847,0.89809936,0.17703402
LH_353,0.3458000123500824,0.22146006,0.2093097,0.0,1.0,0.16636753,0.29690012,0.31036612,0.26586604,0.29104412,0.57181394,0.54603934,0.43763512,0.13481008,0.1344953,0.17084189,0.14671576,0.92889106,0.13880166
LH_354,0.40059998631477356,0.20801033,0.19944434,0.0,1.0,0.14293343,0.2510099,0.27219707,0.24064352,0.25461683,0.6064073,0.69831306,0.55003834,0.16008411,0.14563787,0.15315822,0.15296006,1.0964355,0.16136096
LH_355,0.15620000660419464,0.29942155,0.22760382,0.0,1.0,0.25062057,0.31393778,0.27841207,0.2944541,0.29560134,0.39571637,0.41643304,0.35052672,0.21406227,0.14684996,0.14848602,0.1697994,0.71235776,0.18670544
LH_356,0.15299999713897705,0.23634572,0.22058164,0.0,1.0,0.17312233,0.3252231,0.27080753,0.31580555,0.30394542,0.530895,0.4245253,0.524102,0.1948631,0.17784461,0.22373733,0.198815,0.90047103,0.21345906
LH_357,0.3970000147819519,0.27731866,0.23844801,0.0,1.0,0.23036875,0.340972,0.2710038,0.27673185,0.29623592,0.5195678,0.62178105,0.5642634,0.19725095,0.17520933,0.16841586,0.18029206,1.021836,0.1696373
LH_358,0.20980000495910645,0.22979914,0.21862957,0.0,1.0,0.15402362,0.32431304,0.32492155,0.2904487,0.31322774,0.4580442,0.5546607,0.58284736,0.15252806,0.1611576,0.14608519,0.15325695,0.9515674,0.14920038
LH_359,0.24500000476837158,0.19529527,0.20801018,0.0,1.0,0.12804559,0.26519206,0.2815334,0.30145174,0.28272575,0.49987885,0.58867776,0.5653894,0.1466198,0.19719614,0.17558677,0.17313422,0.98955965,0.16754575
LH_360,0.12860000133514404,0.21358006,0.20554316,0.0,1.0,0.14279172,0.18735005,0.2625262,0.2956793,0.24851851,0.5689543,0.46892807,0.7050395,0.20165448,0.1959313,0.15458682,0.18405755,1.055614,0.17121121
LH_361,0.46540001034736633,0.19116837,0.1988297,0.0,1.0,0.12053612,0.34850827,0.31302378,0.32123813,0.32759002,0.56573236,0.41843963,0.58504826,0.1588001,0.15378392,0.12681115,0.14646505,0.9384296,0.14739141
LH_362,0.45579999685287476,0.26939788,0.24374276,0.0,1.0,0.19718784,0.3196671,0.31760046,0.4061177,0.34779513,0.62666774,0.50541526,0.42157286,0.16536751,0.19162874,0.18145305,0.1794831,0.94409716,0.17763601
LH_363,0.47859999537467957,0.21191813,0.20485765,0.0,1.0,0.15723473,0.26384264,0.3025436,0.2854417,0.28394264,0.4833246,0.7418589,0.6661914,0.20541826,0.124308,0.15591842,0.16188157,1.1337155,0.1562587
LH_364,0.3885999917984009,0.19755405,0.19202727,0.0,1.0,0.13838038,0.33453366,0.27387717,0.2694809,0.29263058,0.6606535,0.4913611,0.47360814,0.17925984,0.23835099,0.13337836,0.18366306,0.99145836,0.1610863
LH_365,0.3617999851703644,0.21818838,0.20560397,0.0,1.0,0.15321201,0.31433794,0.30295986,0.3422116,0.3198365,0.42974585,0.4496141,0.40531254,0.15388605,0.13800573,0.20450786,0.16546655,0.7808013,0.16128235
LH_366,0.35179999470710754,0.24921885,0.22587514,0.0,1.0,0.19245654,0.2696429,0.2776525,0.32785416,0.29171655,0.5126586,0.67205834,0.5719516,0.1521733,0.16368975,0.1851141,0.16699237,1.0468237,0.17317094
LH_367,0.3614000082015991,0.20754969,0.19140702,0.0,1.0,0.16814123,0.31920743,0.25001475,0.28709668,0.28543958,0.48707378,0.51780796,0.44440773,0.18456922,0.20271689,0.1343835,0.17388986,0.8738167,0.18035337
LH_368,0.4113999903202057,0.23140171,0.19500615,0.0,1.0,0.17551893,0.3219121,0.3050728,0.26528484,0.29742327,0.7114561,0.57982534,0.46678367,0.12680593,0.19716866,0.21427366,0.17941606,1.0642173,0.1690098
LH_369,0.3109999895095825,0.18328728,0.18891452,0.0,1.0,0.13249812,0.2532984,0.3078436,0.28520176,0.2821146,0.44742697,0.5510683,0.42950684,0.15943502,0.13944104,0.17613927,0.15833844,0.86006284,0.15659966
LH_370,0.14579999446868896,0.18996553,0.18320017,0.0,1.0,0.15002924,0.2891597,0.23637846,0.34757566,0.29103795,0.29460177,0.52271056,0.27339286,0.13716371,0.16342561,0.1298302,0.14347316,0.6866899,0.15998368
LH_371,0.3953999876976013,0.2559125,0.21573028,0.0,1.0,0.20763576,0.25102222,0.28080988,0.31630847,0.28271353,0.6879191,0.36173654,0.5345443,0.15194929,0.13603184,0.15112184,0.14636767,0.9648895,0.15245493
LH_372,0.2282000035047531,0.19445114,0.18191811,0.0,1.0,0.14504904,0.20982568,0.25142294,0.30499753,0.2554154,0.519459,0.40494642,0.64214,0.1420576,0.16990831,0.13641018,0.14945869,0.9440318,0.15041259
LH_373,0.1534000039100647,0.21109962,0.20734239,0.0,1.0,0.15986004,0.24309123,0.21520217,0.28005314,0.24611552,0.49478215,0.54444647,0.46390858,0.18945129,0.2014952,0.17632462,0.18909037,0.9081863,0.19804637
LH_374,0.3693999946117401,0.20880902,0.21090738,0.0,1.0,0.14297293,0.30937982,0.31259012,0.28413317,0.30203435,0.6040889,0.3492752,0.5991229,0.17465022,0.13320298,0.19918372,0.16901231,0.95346946,0.15710084
LH_375,0.40220001339912415,0.25595948,0.2345832,0.0,1.0,0.18613106,0.33547413,0.2973938,0.27745405,0.3034407,0.4653466,0.52032834,0.5577691,0.14958955,0.14923379,0.19202678,0.16361669,0.9237633,0.16303053
LH_376,0.20059999823570251,0.22321837,0.20913604,0.0,1.0,0.15388781,0.25855127,0.35716677,0.30656356,0.3074272,0.46823967,0.40377307,0.5373584,0.16694392,0.1843136,0.18983565,0.18036439,0.85171425,0.20855999
LH_377,0.18780000507831573,0.18502785,0.2160362,0.0,1.0,0.08969258,0.24181601,0.25143322,0.28080025,0.25801647,0.46552607,0.5170881,0.40627015,0.1850878,0.22059433,0.15029477,0.18532562,0.84719175,0.19215664
LH_378,0.11819999665021896,0.20457143,0.20487756,0.0,1.0,0.13741921,0.28360677,0.25738388,0.26943594,0.2701422,0.48332894,0.5804466,0.5633612,0.17398712,0.22517903,0.15024786,0.18313801,0.98435694,0.14998068
LH_379,0.2777999937534332,0.14414217,0.16743204,0.0,1.0,0.08888582,0.30534026,0.28645873,0.29901612,0.29693836,0.5011684,0.55727625,0.5878092,0.14281154,0.1462584,0.15775488,0.14894162,0.9768191,0.14051272
LH_380,0.4277999997138977,0.23849332,0.21675013,0.0,1.0,0.16222212,0.27090022,0.21388803,0.27323228,0.2526735,0.5822017,0.43130887,0.58672327,0.15618546,0.19564936,0.11970344,0.15717943,0.96122855,0.14923695
LH_381,0.4390000104904175,0.23433173,0.2139593,0.0,1.0,0.19877627,0.2585217,0.3029147,0.29908872,0.28684172,0.4583021,0.43040684,0.54666394,0.21141389,0.1316584,0.13560201,0.1595581,0.86543256,0.15992667
LH_382,0.3917999863624573,0.19998659,0.18674955,0.0,1.0,0.14585143,0.32201484,0.2798085,0.29138014,0.2977345,0.3918576,0.4180177,0.41316825,0.12272376,0.1266123,0.20132147,0.15021919,0.7409144,0.14719766
LH_383,0.3889999985694885,0.26017132,0.21560428,0.0,1.0,0.21201521,0.27839836,0.31633884,0.3236949,0.30614403,0.48286796,0.483209,0.64293665,0.15409133,0.17036383,0.16883941,0.16443153,0.96999687,0.1428313
LH_384,0.26019999384880066,0.2413705,0.21855141,0.0,1.0,0.18195605,0.34397665,0.34441733,0.25818256,0.3155255,0.57152444,0.58852315,0.44082984,0.14736499,0.17755632,0.15523885,0.16005339,0.95606714,0.17495175
LH_385,0.17020000517368317,0.29143396,0.23301266,0.0,1.0,0.24821207,0.23924343,0.3120414,0.2878232,0.27970266,0.33186832,0.47430125,0.3902657,0.17135291,0.21629724,0.17263134,0.18676049,0.74503523,0.19564225
LH_386,0.25540000200271606,0.2314919,0.22182603,0.0,1.0,0.15567243,0.30379915,0.33696187,0.27459168,0.30511758,0.558569,0.547814,0.21674222,0.14891501,0.18335068,0.13605486,0.15610684,0.84133893,0.1597799
LH_387,0.4041999876499176,0.24983688,0.23813479,0.0,1.0,0.18010059,0.35048348,0.29515687,0.22692141,0.29085392,0.5458662,0.40056905,0.53901684,0.21197143,0.19487348,0.1615144,0.18945308,0.9029612,0.20644635
LH_388,0.16259999573230743,0.21193783,0.18597616,0.0,1.0,0.16937575,0.27756542,0.26280108,0.33216116,0.29084253,0.49802467,0.58927685,0.44330844,0.15007754,0.11784257,0.1934299,0.15378334,0.91926646,0.1434323
LH_389,0.16940000653266907,0.24573259,0.23250897,0.0,1.0,0.15261868,0.36186585,0.32080758,0.23469573,0.30578974,0.4388744,0.5698451,0.32422256,0.2287296,0.19858357,0.17419532,0.20050283,0.83921003,0.20069294
LH_390,0.3441999852657318,0.1982822,0.20599803,0.0,1.0,0.11921986,0.27823117,0.31105706,0.2765886,0.2886256,0.5263105,0.4543869,0.350973,0.17057809,0.1738523,0.15530923,0.16657989,0.8121344,0.1747351
LH_391,0.21060000360012054,0.3460962,0.26087868,0.0,1.0,0.28657883,0.29972765,0.3351556,0.29823095,0.31103805,0.46162224,0.5227129,0.45801556,0.1930625,0.18487848,0.19541101,0.19111733,0.8795455,0.17927764
LH_392,0.30219998955726624,0.24018326,0.22858101,0.0,1.0,0.15712795,0.27096367,0.22498496,0.32305253,0.2730004,0.39837682,0.37538812,0.549663,0.1693952,0.14920363,0.14983286,0.1561439,0.8052431,0.16352221
LH_393,0.2502000033855438,0.23815385,0.22056744,0.0,1.0,0.16647859,0.255806,0.2524266,0.27412006,0.2607842,0.5613335,0.47931165,0.381143,0.1983435,0.20434232,0.1926152,0.19843368,0.8781784,0.19262452
LH_394,0.2078000009059906,0.21348801,0.19990544,0.0,1.0,0.1440167,0.35310668,0.23768015,0.32711715,0.305968,0.50709563,0.64076024,0.48979083,0.16241103,0.1297232,0.2062425,0.16612558,0.98366416,0.16050176
LH_395,0.46219998598098755,0.2384226,0.22090988,0.0,1.0,0.17779022,0.35582832,0.3065643,0.2939362,0.31877628,0.4994044,0.39766723,0.5709894,0.17941369,0.17273673,0.1455929,0.16591443,0.8865269,0.17569149
LH_396,0.3578000068664551,0.22457804,0.19094166,0.0,1.0,0.17507249,0.280783,0.29892367,0.32428327,0.30133,0.35915148,0.6079526,0.38748628,0.13019648,0.12988228,0.17439966,0.14482616,0.8341966,0.13074179
LH_397,0.1509999930858612,0.2804077,0.23794967,0.0,1.0,0.1871076,0.33613905,0.30990422,0.3322904,0.32611123,0.47978577,0.47507066,0.49332604,0.13116704,0.1656669,0.16902381,0.15528591,0.8647345,0.15719634
LH_398,0.13459999859333038,0.20367508,0.19842912,0.0,1.0,0.13181794,0.22106467,0.17575698,0.3086198,0.23514716,0.6327364,0.5167318,0.48955208,0.17397946,0.21253175,0.13645014,0.17432047,0.9872114,0.1627863
LH_399,0.227400004863739,0.20702845,0.20517996,0.0,1.0,0.14406112,0.279457,0.2579547,0.32259235,0.28666803,0.46819496,0.5771083,0.60362536,0.120524846,0.19477947,0.20058201,0.1719621,0.991752,0.16046973
LH_400,0.3781999945640564,0.1848471,0.17238675,0.0,1.0,0.12904799,0.2840752,0.26977298,0.25921676,0.27102163,0.5685006,0.4928973,0.5477937,0.14908943,0.14740643,0.15108821,0.1491947,0.95698965,0.13104641
LH_401,0.45980000495910645,0.22103615,0.21113162,0.0,1.0,0.1366063,0.2669827,0.33170965,0.28738323,0.2953585,0.22449039,0.48337728,0.4833618,0.11649704,0.14718537,0.24770065,0.17046101,0.7552198,0.2095754
LH_402,0.30300000309944153,0.21671546,0.22811988,0.0,1.0,0.13278076,0.2699076,0.30736056,0.27117014,0.2828128,0.42556846,0.4275302,0.36339,0.15433618,0.20277722,0.17367211,0.1769285,0.7458326,0.18648548
LH_403,0.17339999973773956,0.2380623,0.21102937,0.0,1.0,0.17386517,0.1927267,0.23539834,0.3113253,0.24648345,0.47163594,0.57649606,0.50903344,0.19420825,0.15450007,0.19390047,0.1808696,0.9378973,0.18285662
LH_404,0.29019999504089355,0.25119287,0.23679401,0.0,1.0,0.1772053,0.19418071,0.27184114,0.32722473,0.26441553,0.46188077,0.5217932,0.48371047,0.20172514,0.15731591,0.19986945,0.18630351,0.8918479,0.17197071
LH_405,0.3409999907016754,0.24235475,0.2129064,0.0,1.0,0.17559591,0.34108207,0.2652358,0.26288497,0.2897343,0.46439415,0.44383407,0.45522407,0.21203099,0.19973516,0.22144808,0.21107137,0.8411127,0.21517341
LH_406,0.2526000142097473,0.23554297,0.21663444,0.0,1.0,0.1843605,0.28628507,0.23066975,0.21347684,0.24347723,0.55066806,0.58018905,0.47383025,0.16616698,0.19969092,0.2105017,0.19211988,0.9703503,0.18598112
LH_407,0.25780001282691956,0.2403598,0.21162492,0.0,1.0,0.19196002,0.32205287,0.26557338,0.29164863,0.29309162,0.6274067,0.43358582,0.5020608,0.18516126,0.1461276,0.19787003,0.1763863,0.94524354,0.18709905
LH_408,0.358599990606308,0.21966639,0.23052205,0.0,1.0,0.12358853,0.33518082,0.27664867,0.23288475,0.2815714,0.5091887,0.5072851,0.45689186,0.18030348,0.1812341,0.2040683,0.18853529,0.89006513,0.2003612
LH_409,0.48980000615119934,0.22300817,0.20416108,0.0,1.0,0.13866033,0.27533752,0.25688958,0.29414853,0.27545854,0.365154,0.5015788,0.28821778,0.15663438,0.15282036,0.16763122,0.15902866,0.7243061,0.1391317
LH_410,0.40779998898506165,0.29820222,0.26668462,0.0,1.0,0.20361999,0.34232616,0.30679,0.31141648,0.32017756,0.43625972,0.50698,0.5088303,0.18933223,0.15741982,0.19265093,0.179801,0.8801925,0.17106335
LH_411,0.28540000319480896,0.23640852,0.22229977,0.0,1.0,0.19103393,0.28095764,0.23753013,0.25292033,0.25713602,0.35630363,0.54088,0.5591444,0.14204046,0.18351576,0.20354627,0.17636748,0.89361596,0.16994436
LH_412,0.12139999866485596,0.1868302,0.18051946,0.0,1.0,0.11787638,0.25380033,0.2831849,0.30063412,0.27920642,0.38963294,0.5732824,0.5652028,0.14831859,0.14872979,0.14948812,0.1488455,0.9219093,0.12833409
LH_413,0.27300000190734863,0.23803023,0.22891071,0.0,1.0,0.16952235,0.26090914,0.30449837,0.29772565,0.28771105,0.38203883,0.41491517,0.46044004,0.1625286,0.16877279,0.16764368,0.166315,0.76222456,0.1792519
LH_414,0.29820001125335693,0.28713495,0.23417495,0.0,1.0,0.21530437,0.2537546,0.2587069,0.2931734,0.26854494,0.408729,0.6038962,0.5187963,0.17831758,0.16527228,0.14825523,0.16394836,0.9238913,0.16857132
LH_415,0.44620001316070557,0.20731355,0.19736539,0.0,1.0,0.13745575,0.25949726,0.2620365,0.26251924,0.261351,0.2589734,0.5386165,0.28658503,0.15099457,0.16539684,0.12558088,0.1473241,0.6903274,0.16935167
LH_416,0.43380001187324524,0.25404862,0.23177701,0.0,1.0,0.1731192,0.29089347,0.29895014,0.2600315,0.28329167,0.4591319,0.55742705,0.5533011,0.16230972,0.18764701,0.1785583,0.1761717,0.93936706,0.19671692
LH_417,0.29899999499320984,0.20243713,0.19127908,0.0,1.0,0.15247217,0.2774142,0.27867106,0.25159878,0.26922798,0.27261376,0.5557211,0.5245055,0.13122793,0.20891845,0.2050381,0.18172814,0.85238165,0.18602167
LH_418,0.10379999876022339,0.25217748,0.22101803,0.0,1.0,0.1904448,0.35569337,0.23183537,0.27225357,0.28659406,0.51967055,0.5910596,0.5135044,0.16091204,0.1893932,0.14793082,0.16607869,0.97186667,0.14905258
LH_419,0.2994000017642975,0.21596318,0.20584375,0.0,1.0,0.1484209,0.26015726,0.23933668,0.31634068,0.27194485,0.52022874,0.45616826,0.45428455,0.16755387,0.17099515,0.17562613,0.17139173,0.8627009,0.17031474
LH_420,0.4625999927520752,0.20784812,0.20267604,0.0,1.0,0.11994482,0.3170697,0.3071499,0.31803018,0.31408325,0.42009103,0.5804479,0.6685254,0.17401408,0.14975037,0.14225511,0.15533985,1.0045078,0.15565643
LH_421,0.17219999432563782,0.23264512,0.19895461,0.0,1.0,0.1812146,0.28744668,0.29888716,0.28957987,0.29197124,0.61911535,0.49480474,0.49053863,0.15754052,0.19120196,0.15541199,0.16805148,0.9621795,0.16883227
LH_422,0.49900001287460327,0.22397214,0.19538535,0.0,1.0,0.166257,0.29143262,0.2893524,0.33122,0.30400166,0.5356191,0.4104987,0.50962365,0.16781893,0.11747213,0.20068176,0.16199094,0.877001,0.16798428
LH_423,0.23739999532699585,0.16570528,0.17587471,0.0,1.0,0.12134202,0.25950724,0.26731756,0.23446995,0.25376493,0.50487894,0.46542063,0.5370984,0.17083167,0.15408911,0.1442136,0.15637814,0.90222067,0.14041331
LH_424,0.2085999995470047,0.2674278,0.22411688,0.0,1.0,0.21087298,0.32830685,0.30767465,0.31969026,0.3185573,0.4769759,0.4532732,0.5086796,0.18875565,0.19872084,0.14247797,0.1766515,0.8730516,0.15785138
LH_425,0.4745999872684479,0.15755308,0.17554533,0.0,1.0,0.089791685,0.21365626,0.27561054,0.27490574,0.25472417,0.53104585,0.34515178,0.31596765,0.11914612,0.11818319,0.14505637,0.1274619,0.7287905,0.13799919
LH_426,0.3346000015735626,0.21026562,0.19289772,0.0,1.0,0.1463946,0.31475407,0.286113,0.24736224,0.2827431,0.41332757,0.5235021,0.49100503,0.12085321,0.15720929,0.16277458,0.1469457,0.85107315,0.16574155
LH_427,0.20100000500679016,0.21413654,0.18910609,0.0,1.0,0.17091201,0.34445575,0.3097815,0.20510419,0.28644714,0.36641452,0.5744284,0.43836552,0.13992694,0.13752703,0.2087239,0.16205929,0.8447994,0.15736896
LH_428,0.4941999912261963,0.2317466,0.20268986,0.0,1.0,0.19930536,0.23537722,0.3005711,0.29922843,0.27839226,0.48429793,0.4764058,0.49438694,0.17673625,0.23095728,0.12155253,0.17641537,0.8766426,0.19176897
LH_429,0.34540000557899475,0.23954284,0.20899867,0.0,1.0,0.16378236,0.245867,0.27095228,0.27658898,0.26446941,0.4267567,0.4395241,0.5156824,0.19016562,0.19212501,0.1664978,0.18292947,0.8430497,0.17690337
LH_430,0.20900000631809235,0.22135217,0.21371971,0.0,1.0,0.16314813,0.3286802,0.32438308,0.25388834,0.3023172,0.46788886,0.5199124,0.49758407,0.17580621,0.22872488,0.15603833,0.18685646,0.8977403,0.19609196
LH_431,0.36579999327659607,0.19471706,0.20140462,0.0,1.0,0.13954027,0.27980617,0.3130744,0.22166087,0.27151382,0.66835344,0.5183771,0.53206307,0.1621397,0.14902772,0.19347811,0.1682152,1.0261847,0.17714326
LH_432,0.46700000762939453,0.21959653,0.21175212,0.0,1.0,0.15637308,0.30355716,0.32103738,0.318598,0.31439748,0.6624015,0.5823788,0.573642,0.12942657,0.1549031,0.1925758,0.1589685,1.0760512,0.16416873
LH_433,0.12219999730587006,0.20156439,0.18076432,0.0,1.0,0.16278279,0.3306051,0.26899698,0.2819239,0.293842,0.4441001,0.4827286,0.5127548,0.1439643,0.21305768,0.16361718,0.17354639,0.87190664,0.16074155
LH_434,0.18700000643730164,0.24285807,0.2112034,0.0,1.0,0.20637086,0.32426456,0.31517276,0.29192272,0.31045333,0.39091083,0.36880004,0.48333603,0.18974794,0.16484715,0.15754122,0.17071211,0.7571139,0.19291262
LH_435,0.48260000348091125,0.20928541,0.19553524,0.0,1.0,0.15134144,0.2854398,0.3182382,0.33006337,0.3112471,0.400994,0.64378905,0.46336806,0.18345428,0.15848184,0.15861726,0.16685112,0.92304957,0.1479233
LH_436,0.4729999899864197,0.2473039,0.21458852,0.0,1.0,0.20073313,0.31570718,0.29062,0.29009002,0.29880574,0.6702147,0.6442582,0.49140418,0.17089719,0.1402134,0.16785122,0.15965395,1.0766562,0.15357491
LH_437,0.32019999623298645,0.19486427,0.19912422,0.0,1.0,0.1410153,0.3051703,0.26315004,0.31091052,0.29307693,0.63797367,0.32746097,0.66971534,0.1561976,0.16802727,0.17624371,0.16682285,1.0125679,0.14546199
LH_438,0.41339999437332153,0.22271654,0.20565893,0.0,1.0,0.16948384,0.24848086,0.28286788,0.33297095,0.28810653,0.46786347,0.55395216,0.5412504,0.15852702,0.17638205,0.15471898,0.16320933,0.935416,0.15455614
LH_439,0.4957999885082245,0.25810853,0.23154867,0.0,1.0,0.2194817,0.3561549,0.36966333,0.24920924,0.32500917,0.42963055,0.5762999,0.5321079,0.20347813,0.19792506,0.17552252,0.19230856,0.9344406,0.1950623
LH_440,0.13899999856948853,0.281701,0.22735688,0.0,1.0,0.20737466,0.22513036,0.25891766,0.27919906,0.25441572,0.5363231,0.5888885,0.5147461,0.23352239,0.15006326,0.14472304,0.17610288,0.9831909,0.17529312
LH_441,0.45739999413490295,0.23661293,0.22296764,0.0,1.0,0.16003463,0.31995517,0.27171052,0.28485474,0.2921735,0.27899665,0.4374993,0.31793863,0.15296416,0.1322058,0.11825939,0.13447644,0.6331962,0.15573713
LH_442,0.4733999967575073,0.17169708,0.18859313,0.0,1.0,0.11636414,0.34894043,0.3497343,0.3690055,0.35589346,0.5300164,0.4811231,0.486562,0.17074287,0.1261737,0.20510939,0.16734199,0.89690477,0.17844875
LH_443,0.36660000681877136,0.22351931,0.2008443,0.0,1.0,0.16140014,0.25732964,0.33462796,0.30038702,0.2974482,0.41429883,0.4139325,0.5446584,0.15306515,0.16214655,0.18867654,0.16796274,0.8330841,0.17585932
LH_444,0.17579999566078186,0.17771979,0.16319653,0.0,1.0,0.14876246,0.26139978,0.28624737,0.2746,0.2740824,0.48735473,0.6302287,0.40219903,0.17839004,0.12979777,0.13186997,0.14668594,0.91913605,0.1331008
LH_445,0.3149999976158142,0.20758818,0.19072838,0.0,1.0,0.16562851,0.24066018,0.26045832,0.36851278,0.2898771,0.5916034,0.74793375,0.46132398,0.16417527,0.13060214,0.18351838,0.15943192,1.0865897,0.13867696
LH_446,0.17180000245571136,0.24394813,0.21242315,0.0,1.0,0.17924312,0.25405812,0.2656031,0.30741924,0.2756935,0.5174568,0.538529,0.566497,0.23869602,0.16793592,0.18867028,0.19843407,0.97753686,0.20950043
LH_447,0.22059999406337738,0.23783903,0.19395344,0.0,1.0,0.19498438,0.30153716,0.25013614,0.32345143,0.29170826,0.53125364,0.4526337,0.40648177,0.18429509,0.18609565,0.16065428,0.177015,0.84421587,0.18450129
LH_448,0.2773999869823456,0.29584298,0.26097754,0.0,1.0,0.23468518,0.28406852,0.28832978,0.26304993,0.27848276,0.51522845,0.56451684,0.43803883,0.1743483,0.15923135,0.14046533,0.158015,0.91280556,0.13522509
LH_449,0.41620001196861267,0.24180658,0.22698094,0.0,1.0,0.15896589,0.31393057,0.24890086,0.3312889,0.29804012,0.48061535,0.66244566,0.60151964,0.2213521,0.14417776,0.16701072,0.17751354,1.0479116,0.1766613
LH_450,0.3837999999523163,0.28788176,0.24718207,0.0,1.0,0.1963811,0.26124895,0.29888964,0.30607387,0.2887375,0.62075555,0.4925884,0.46596423,0.18472727,0.1644085,0.15126635,0.16680072,0.94838697,0.17234145
LH_451,0.3598000109195709,0.1746874,0.17696731,0.0,1.0,0.12227154,0.24022682,0.24402241,0.23457445,0.23960789,0.51932484,0.5815604,0.42429057,0.20647572,0.18216905,0.13663241,0.17509238,0.92401695,0.16915095
LH_452,0.22339999675750732,0.22558567,0.20403205,0.0,1.0,0.17469676,0.20403276,0.29956758,0.35329223,0.28563082,0.45973378,0.47720745,0.47239658,0.16826256,0.17571798,0.19338182,0.1791208,0.8548516,0.16749595
LH_453,0.38260000944137573,0.17237778,0.17374992,0.0,1.0,0.10713467,0.25648862,0.25908554,0.31000376,0.27519265,0.3157798,0.4239231,0.4506497,0.14942175,0.12917379,0.116002105,0.13153256,0.7197355,0.13024151
LH_454,0.11580000072717667,0.19269943,0.18540259,0.0,1.0,0.1429972,0.27470183,0.30727926,0.27713934,0.28637347,0.5489687,0.62748826,0.62832624,0.19611703,0.16923295,0.1455179,0.17028928,1.0719465,0.17061621
LH_455,0.16820000112056732,0.19339205,0.19350772,0.0,1.0,0.13763449,0.25081822,0.29108536,0.25452644,0.26547667,0.52489305,0.44949368,0.5707557,0.12640746,0.17005274,0.1606959,0.15238537,0.91838247,0.1749653
LH_456,0.2818000018596649,0.1771379,0.17178354,0.0,1.0,0.1137422,0.24511835,0.32211813,0.25929236,0.27550963,0.57861227,0.42439622,0.562072,0.21042886,0.14596915,0.11865365,0.15835054,0.9409344,0.15854852
LH_457,0.3790000081062317,0.17286186,0.17251658,0.0,1.0,0.13724202,0.3350989,0.27034608,0.2796382,0.29502776,0.58843976,0.45995513,0.47339737,0.18831168,0.16164896,0.14746015,0.16580695,0.9186467,0.14611517
LH_458,0.23340000212192535,0.2117039,0.22863016,0.0,1.0,0.138551,0.32986608,0.22939558,0.24722888,0.26883018,0.41524532,0.56855494,0.35481194,0.14241646,0.21118478,0.14081712,0.16480611,0.82294774,0.1704194
LH_459,0.3301999866962433,0.24907953,0.21592648,0.0,1.0,0.18775353,0.27356613,0.31334823,0.2540137,0.28030932,0.61826384,0.41961873,0.6328792,0.19236344,0.16159621,0.1605448,0.17150147,1.0100639,0.1659181
LH_460,0.1469999998807907,0.24817304,0.2014696,0.0,1.0,0.20801389,0.34072417,0.24588208,0.26494852,0.2838516,0.51127917,0.56067836,0.4628151,0.20390598,0.1555253,0.18219842,0.18054323,0.9261232,0.17669815
LH_461,0.4410000145435333,0.23693678,0.2308228,0.0,1.0,0.16592479,0.2760025,0.3085827,0.22269024,0.2690918,0.47266132,0.43381283,0.60951525,0.204141,0.19891647,0.2075421,0.20353317,0.93584114,0.17784089
LH_462,0.29499998688697815,0.31851947,0.24964298,0.0,1.0,0.25479448,0.2884909,0.2290209,0.27817836,0.26523006,0.6092684,0.6046214,0.5124759,0.1516579,0.22223882,0.20349868,0.19246513,1.0385118,0.18628423
LH_463,0.3418000042438507,0.26496544,0.243573,0.0,1.0,0.19275557,0.286194,0.31322286,0.26485184,0.28808954,0.42866367,0.3515685,0.45108226,0.15731378,0.13140744,0.22269788,0.17047302,0.75453806,0.1819625
LH_464,0.21140000224113464,0.2736483,0.257327,0.0,1.0,0.1749331,0.2361548,0.28486425,0.2828053,0.26794145,0.4748434,0.42041984,0.5607825,0.17665112,0.16828734,0.22411527,0.18968457,0.8879824,0.19480078
LH_465,0.2985999882221222,0.2005276,0.19329797,0.0,1.0,0.1426663,0.331733,0.23772077,0.24682277,0.2720922,0.57277876,0.5808993,0.5133681,0.13358116,0.12286535,0.18731582,0.14792077,0.99089617,0.12336199
LH_466,0.3930000066757202,0.26449633,0.22668655,0.0,1.0,0.18024877,0.31200117,0.25353444,0.29395694,0.2864975,0.5534592,0.46471706,0.48501834,0.15763333,0.20683399,0.20135765,0.18860833,0.91606134,0.16287129
LH_467,0.23019999265670776,0.19840042,0.17750368,0.0,1.0,0.16010761,0.3195645,0.33712086,0.26417312,0.3069528,0.59180087,0.51430917,0.72281575,0.1397366,0.17470431,0.14634706,0.15359598,1.0897416,0.14537321
LH_468,0.45179998874664307,0.21965314,0.22030173,0.0,1.0,0.11589146,0.2936107,0.29730114,0.31293607,0.3012826,0.43385577,0.4057763,0.33782744,0.20121482,0.19074431,0.16429728,0.1854188,0.7354003,0.1733882
LH_469,0.4706000089645386,0.19483097,0.20398462,0.0,1.0,0.13142633,0.2572097,0.31715253,0.23346281,0.269275,0.48874786,0.5410713,0.413026,0.17591321,0.14211932,0.11155464,0.14319573,0.86481607,0.13380605
LH_470,0.3102000057697296,0.22455345,0.22099064,0.0,1.0,0.15302743,0.28514272,0.27616847,0.3193742,0.2935618,0.6501896,0.31439197,0.4039594,0.14383554,0.17047897,0.20716634,0.17382695,0.86895376,0.14953558
LH_471,0.32820001244544983,0.24313845,0.21309151,0.0,1.0,0.19832146,0.2775835,0.2841182,0.31317466,0.29162547,0.38886204,0.457221,0.41785136,0.17862134,0.19322911,0.18281557,0.18488868,0.7771277,0.18330719
LH_472,0.3601999878883362,0.24594423,0.23092155,0.0,1.0,0.18258326,0.25119433,0.26713926,0.31655756,0.27829704,0.45935997,0.56258136,0.4697918,0.18978314,0.17474256,0.19603242,0.18685271,0.90335894,0.19271156
LH_473,0.49459999799728394,0.24177724,0.21895497,0.0,1.0,0.18191518,0.2702837,0.31639397,0.31420395,0.30029386,0.4801494,0.41524082,0.5392295,0.21791853,0.14512107,0.14724898,0.1700962,0.8637894,0.19451384
LH_474,0.4713999927043915,0.21134636,0.20706712,0.0,1.0,0.15629037,0.2961769,0.28108755,0.25097504,0.27607983,0.4662424,0.44136822,0.6729861,0.13699566,0.13688011,0.13643156,0.13676912,0.9507624,0.13140137
LH_475,0.28700000047683716,0.26080456,0.23977801,0.0,1.0,0.18153936,0.31768748,0.3143792,0.3080306,0.3133658,0.5324024,0.495982,0.48907813,0.16506849,0.17030726,0.15097828,0.16211802,0.908025,0.15226652
LH_476,0.27459999918937683,0.18335791,0.16995244,0.0,1.0,0.13592598,0.22570384,0.32990098,0.31360555,0.28973678,0.52382773,0.6780494,0.48940477,0.15656064,0.15074772,0.15327932,0.15352923,1.0099933,0.15590985
LH_477,0.42660000920295715,0.21411519,0.18149847,0.0,1.0,0.17870449,0.2657967,0.2808332,0.29097256,0.27920082,0.72166663,0.35381472,0.2908725,0.17094217,0.19052045,0.12656482,0.16267584,0.88523847,0.16877538
LH_478,0.4230000078678131,0.15153384,0.15475628,0.0,1.0,0.09436266,0.3382122,0.2642387,0.23654965,0.2796668,0.6969346,0.35236263,0.5432463,0.14016081,0.13728647,0.15222926,0.1432255,0.9757633,0.120606706
LH_479,0.49540001153945923,0.13407949,0.14959441,0.0,1.0,0.09302704,0.21253738,0.23061587,0.22752954,0.22356093,0.48032293,0.45617822,0.50797045,0.14881182,0.15079509,0.14693743,0.14884812,0.86048424,0.15127566
LH_480,0.21459999680519104,0.16508442,0.16753034,0.0,1.0,0.12587976,0.29992542,0.28993687,0.2643975,0.28475326,0.41475967,0.46658757,0.53558075,0.15534098,0.15336041,0.13463037,0.14777724,0.8449311,0.1686509
LH_481,0.13099999725818634,0.20081018,0.18942572,0.0,1.0,0.14709753,0.24230894,0.26126277,0.19990729,0.23449302,0.29411945,0.5974378,0.51074994,0.11647395,0.1492224,0.18806387,0.15125342,0.8672355,0.15299621
LH_482,0.3165999948978424,0.2544938,0.2428417,0.0,1.0,0.14460862,0.26019275,0.31536707,0.26320416,0.279588,0.43818435,0.51788485,0.6622386,0.1647918,0.1743025,0.15353563,0.16420996,0.97086245,0.19315119
LH_483,0.30379998683929443,0.2379642,0.23478992,0.0,1.0,0.15437648,0.26290828,0.27922538,0.29013628,0.27742332,0.5241993,0.5502482,0.4218532,0.15445219,0.11600746,0.13157326,0.13401097,0.88928324,0.13898945
LH_484,0.22380000352859497,0.21137626,0.18086608,0.0,1.0,0.16464588,0.31754234,0.27144417,0.2995034,0.2961633,0.45800418,0.51803344,0.4393993,0.14654346,0.15064271,0.15051179,0.14923264,0.8457249,0.15089643
LH_485,0.19820000231266022,0.18760996,0.1963335,0.0,1.0,0.1336968,0.27045992,0.30949074,0.29343924,0.29112998,0.50831336,0.53294015,0.6053088,0.15144214,0.15967958,0.14374429,0.151622,0.97788894,0.1470859
LH_486,0.46459999680519104,0.27529177,0.22831796,0.0,1.0,0.21171764,0.27203244,0.30805027,0.32810643,0.30272973,0.4489066,0.44663152,0.51182497,0.18054512,0.19938076,0.18173951,0.18722178,0.85604715,0.18847659
LH_487,0.19300000369548798,0.19618349,0.16478433,0.0,1.0,0.16561383,0.22288558,0.27448782,0.2623258,0.25323305,0.5779791,0.52400005,0.4583556,0.1756097,0.2015147,0.13267586,0.1699334,0.9386548,0.16341045
LH_488,0.21979999542236328,0.22113045,0.22268969,0.0,1.0,0.13889661,0.33027512,0.28425202,0.28687796,0.30046836,0.5350853,0.51827985,0.61659926,0.18680467,0.2118203,0.16791947,0.18884814,1.0058012,0.17734097
LH_489,0.2125999927520752,0.21514697,0.19220239,0.0,1.0,0.1664511,0.31860462,0.28443864,0.2953173,0.2994535,0.61776364,0.60289395,0.6893395,0.19504578,0.14339441,0.17710155,0.17184727,1.1353879,0.14548573
LH_490,0.18379999697208405,0.26677078,0.22975165,0.0,1.0,0.20006658,0.31381536,0.26103723,0.29780295,0.29088518,0.49964234,0.49764174,0.42183986,0.20200892,0.17430513,0.17634562,0.18421988,0.8659034,0.16654623
LH_491,0.3594000041484833,0.22033323,0.23705055,0.0,1.0,0.12254624,0.2548618,0.3417935,0.30043468,0.29902998,0.40913132,0.631239,0.7253424,0.16290154,0.13787735,0.14917797,0.14998561,1.069614,0.12529743
LH_492,0.11299999803304672,0.31246892,0.23857787,0.0,1.0,0.30647156,0.27297923,0.3124303,0.35913745,0.314849,0.5045601,0.43465468,0.38393658,0.16681708,0.19279633,0.16611564,0.175243,0.8093316,0.16878417
LH_493,0.34459999203681946,0.20301588,0.20553103,0.0,1.0,0.13933396,0.2531128,0.32549572,0.23785701,0.27215517,0.46741006,0.5089491,0.40166295,0.13015684,0.20159198,0.13890405,0.15688431,0.83091384,0.15903153
LH_494,0.428600013256073,0.18748046,0.18630418,0.0,1.0,0.12710138,0.31859776,0.17218551,0.3408302,0.27720448,0.57090634,0.37800816,0.27263287,0.15656571,0.18782331,0.12703645,0.15714182,0.770178,0.1609576
LH_495,0.20020000636577606,0.1653167,0.17069088,0.0,1.0,0.11626368,0.23429675,0.29334006,0.27994525,0.269194,0.33184865,0.49118176,0.47270763,0.16921963,0.16698587,0.116032004,0.15074584,0.78724235,0.15832916
LH_496,0.27619999647140503,0.2215066,0.223818,0.0,1.0,0.14466646,0.29941383,0.26737863,0.21403745,0.26027665,0.5066113,0.4683898,0.6059756,0.14002281,0.15209477,0.15211797,0.14807852,0.94186425,0.14839582
LH_497,0.2770000100135803,0.25251794,0.22222744,0.0,1.0,0.22333762,0.25077513,0.3128677,0.22885144,0.26416472,0.47094902,0.52668864,0.57304025,0.19756444,0.17943525,0.18808934,0.188363,0.9473102,0.19177791
LH_498,0.2637999951839447,0.23841107,0.19011396,0.0,1.0,0.19379354,0.22915709,0.27709678,0.32275608,0.27633664,0.5407265,0.46123528,0.46473327,0.22075608,0.18956213,0.14025247,0.18352355,0.89007103,0.18224049
LH_499,0.23819999396800995,0.26326156,0.23870201,0.0,1.0,0.19721267,0.31222168,0.24023394,0.24540195,0.26595253,0.5037977,0.5260425,0.6017376,0.2032255,0.22215667,0.13519338,0.18685853,0.9821707,0.19207534
